Date,Open,High,Low,Close,Volume
19380103,5.65,5.75,5.59,5.63,0
19380104,5.75,5.91,5.75,5.88,0
19380105,5.84,5.97,5.83,5.85,0
19380106,5.94,6.12,5.94,6.11,0
19380107,6.10,6.12,6.02,6.06,0
19380108,6.12,6.24,6.12,6.22,0
19380110,6.22,6.39,6.22,6.35,0
19380111,6.36,6.41,6.30,6.40,0
19380112,6.39,6.42,6.32,6.34,0
19380113,6.32,6.33,6.23,6.25,0
19380114,6.25,6.29,6.19,6.26,0
19380115,6.26,6.40,6.26,6.37,0
19380117,6.33,6.34,6.23,6.24,0
19380118,6.23,6.25,6.15,6.18,0
19380119,6.19,6.20,6.06,6.12,0
19380120,6.14,6.25,6.14,6.24,0
19380121,6.19,6.24,6.11,6.12,0
19380122,6.12,6.12,6.08,6.10,0
19380124,6.10,6.12,6.06,6.09,0
19380125,6.05,6.05,5.98,6.00,0
19380126,5.90,5.90,5.71,5.77,0
19380127,5.76,5.82,5.63,5.69,0
19380128,5.68,5.71,5.55,5.64,0
19380129,5.64,5.68,5.60,5.62,0
19380131,5.63,5.73,5.63,5.71,0
19380201,5.76,5.85,5.76,5.82,0
19380202,5.78,5.83,5.72,5.74,0
19380203,5.66,5.66,5.49,5.52,0
19380204,5.54,5.65,5.47,5.63,0
19380205,5.65,5.77,5.65,5.75,0
19380207,5.71,5.73,5.62,5.64,0
19380208,5.72,5.88,5.72,5.86,0
19380209,5.84,5.91,5.80,5.82,0
19380210,5.84,5.94,5.82,5.86,0
19380211,5.86,5.91,5.82,5.84,0
19380214,5.84,5.90,5.84,5.88,0
19380215,5.87,5.91,5.80,5.81,0
19380216,5.80,5.82,5.73,5.80,0
19380217,5.83,5.99,5.83,5.95,0
19380218,5.94,5.99,5.85,5.88,0
19380219,5.92,5.98,5.92,5.97,0
19380221,5.98,6.11,5.98,6.07,0
19380223,6.15,6.25,6.15,6.23,0
19380224,6.20,6.20,6.12,6.14,0
19380225,6.14,6.23,6.09,6.17,0
19380226,6.17,6.18,6.14,6.16,0
19380228,6.11,6.11,6.00,6.05,0
19380301,6.07,6.13,6.03,6.11,0
19380302,6.11,6.11,6.04,6.05,0
19380303,6.02,6.02,5.96,5.99,0
19380304,5.95,6.02,5.92,5.93,0
19380305,5.93,5.95,5.91,5.93,0
19380307,5.90,5.90,5.79,5.80,0
19380308,5.80,5.83,5.68,5.80,0
19380309,5.79,5.86,5.75,5.80,0
19380310,5.79,5.82,5.73,5.74,0
19380311,5.71,5.71,5.62,5.64,0
19380312,5.64,5.67,5.62,5.65,0
19380314,5.71,5.78,5.71,5.74,0
19380315,5.79,5.93,5.79,5.92,0
19380316,5.81,5.81,5.61,5.66,0
19380317,5.65,5.73,5.60,5.61,0
19380318,5.59,5.59,5.38,5.43,0
19380319,5.51,5.57,5.51,5.54,0
19380321,5.53,5.63,5.52,5.53,0
19380322,5.50,5.51,5.33,5.36,0
19380323,5.33,5.33,5.18,5.25,0
19380324,5.25,5.33,5.18,5.27,0
19380325,5.24,5.24,4.96,4.98,0
19380326,4.99,5.03,4.88,4.90,0
19380328,4.90,4.99,4.86,4.93,0
19380329,4.83,4.83,4.63,4.65,0
19380330,4.63,4.72,4.55,4.59,0
19380331,4.61,4.70,4.45,4.52,0
19380401,4.65,4.76,4.65,4.74,0
19380402,4.86,4.97,4.86,4.93,0
19380404,4.94,4.97,4.86,4.92,0
19380405,4.92,5.06,4.88,5.04,0
19380406,5.00,5.00,4.90,4.93,0
19380407,4.94,4.96,4.87,4.89,0
19380408,4.99,5.14,4.99,5.12,0
19380409,5.35,5.48,5.35,5.46,0
19380411,5.40,5.42,5.27,5.29,0
19380412,5.30,5.36,5.24,5.34,0
19380413,5.32,5.43,5.32,5.37,0
19380414,5.33,5.46,5.27,5.42,0
19380416,5.53,5.67,5.53,5.64,0
19380418,5.62,5.65,5.51,5.53,0
19380419,5.47,5.47,5.36,5.37,0
19380420,5.37,5.37,5.23,5.35,0
19380421,5.38,5.42,5.34,5.40,0
19380422,5.42,5.61,5.42,5.55,0
19380423,5.55,5.58,5.50,5.51,0
19380425,5.46,5.46,5.39,5.42,0
19380426,5.38,5.38,5.28,5.29,0
19380427,5.33,5.40,5.33,5.35,0
19380428,5.32,5.32,5.17,5.19,0
19380429,5.20,5.20,5.10,5.19,0
19380430,5.17,5.18,5.14,5.15,0
19380502,5.11,5.11,5.06,5.09,0
19380503,5.14,5.25,5.14,5.23,0
19380504,5.26,5.33,5.21,5.31,0
19380505,5.31,5.38,5.27,5.29,0
19380506,5.36,5.55,5.35,5.54,0
19380507,5.52,5.56,5.49,5.52,0
19380509,5.54,5.66,5.50,5.64,0
19380510,5.60,5.65,5.53,5.54,0
19380511,5.54,5.62,5.53,5.57,0
19380512,5.53,5.59,5.50,5.53,0
19380513,5.51,5.51,5.42,5.44,0
19380514,5.44,5.46,5.42,5.45,0
19380516,5.43,5.43,5.34,5.35,0
19380517,5.33,5.39,5.30,5.38,0
19380518,5.39,5.44,5.38,5.42,0
19380519,5.44,5.45,5.34,5.36,0
19380520,5.30,5.30,5.24,5.28,0
19380521,5.26,5.26,5.20,5.21,0
19380523,5.21,5.26,5.19,5.24,0
19380524,5.22,5.25,5.14,5.15,0
19380525,5.13,5.13,5.05,5.06,0
19380526,5.03,5.06,4.91,4.92,0
19380527,4.93,4.94,4.84,4.92,0
19380528,4.96,5.01,4.96,4.98,0
19380531,4.95,4.95,4.88,4.91,0
19380601,4.94,5.09,4.93,5.07,0
19380602,5.05,5.11,5.04,5.05,0
19380603,5.03,5.03,4.97,4.99,0
19380604,5.03,5.13,5.03,5.11,0
19380606,5.11,5.21,5.11,5.16,0
19380607,5.14,5.20,5.12,5.14,0
19380608,5.12,5.16,5.11,5.15,0
19380609,5.18,5.28,5.18,5.26,0
19380610,5.24,5.26,5.18,5.19,0
19380611,5.19,5.19,5.17,5.17,0
19380613,5.11,5.11,5.03,5.04,0
19380614,5.05,5.11,5.04,5.10,0
19380615,5.10,5.17,5.10,5.12,0
19380616,5.13,5.18,5.12,5.17,0
19380617,5.16,5.18,5.10,5.12,0
19380618,5.11,5.13,5.11,5.12,0
19380620,5.24,5.41,5.24,5.39,0
19380621,5.43,5.58,5.43,5.53,0
19380622,5.55,5.71,5.52,5.68,0
19380623,5.68,5.89,5.67,5.83,0
19380624,5.82,5.97,5.82,5.90,0
19380625,5.90,6.03,5.84,6.02,0
19380627,6.02,6.07,5.92,5.95,0
19380628,5.95,6.03,5.90,5.95,0
19380629,5.95,6.21,5.95,6.20,0
19380630,6.20,6.31,6.08,6.11,0
19380701,6.17,6.32,6.16,6.30,0
19380702,6.34,6.44,6.34,6.42,0
19380705,6.43,6.43,6.27,6.33,0
19380706,6.36,6.44,6.27,6.42,0
19380707,6.41,6.51,6.34,6.39,0
19380708,6.34,6.34,6.22,6.28,0
19380709,6.30,6.34,6.27,6.32,0
19380711,6.27,6.29,6.17,6.20,0
19380712,6.23,6.39,6.19,6.36,0
19380713,6.34,6.48,6.30,6.31,0
19380714,6.31,6.35,6.23,6.25,0
19380715,6.27,6.38,6.25,6.34,0
19380716,6.36,6.43,6.36,6.40,0
19380718,6.43,6.54,6.39,6.52,0
19380719,6.58,6.71,6.58,6.69,0
19380720,6.71,6.72,6.58,6.62,0
19380721,6.62,6.69,6.56,6.62,0
19380722,6.60,6.66,6.57,6.62,0
19380723,6.64,6.75,6.64,6.74,0
19380725,6.72,6.82,6.72,6.76,0
19380726,6.70,6.70,6.62,6.66,0
19380727,6.61,6.64,6.43,6.46,0
19380728,6.49,6.60,6.46,6.58,0
19380729,6.55,6.62,6.49,6.50,0
19380730,6.54,6.57,6.51,6.54,0
19380801,6.49,6.49,6.44,6.46,0
19380802,6.47,6.57,6.45,6.55,0
19380803,6.50,6.57,6.46,6.49,0
19380804,6.51,6.56,6.48,6.53,0
19380805,6.58,6.69,6.58,6.68,0
19380806,6.71,6.78,6.71,6.75,0
19380808,6.78,6.79,6.69,6.71,0
19380809,6.70,6.70,6.59,6.67,0
19380810,6.62,6.64,6.56,6.58,0
19380811,6.56,6.58,6.40,6.42,0
19380812,6.37,6.37,6.23,6.28,0
19380813,6.28,6.29,6.25,6.26,0
19380815,6.26,6.33,6.26,6.28,0
19380816,6.31,6.41,6.31,6.37,0
19380817,6.36,6.46,6.36,6.38,0
19380818,6.35,6.39,6.33,6.37,0
19380819,6.40,6.53,6.39,6.49,0
19380820,6.48,6.50,6.47,6.48,0
19380822,6.48,6.49,6.43,6.46,0
19380823,6.48,6.62,6.48,6.61,0
19380824,6.60,6.68,6.58,6.59,0
19380825,6.62,6.66,6.58,6.64,0
19380826,6.63,6.66,6.57,6.58,0
19380827,6.53,6.53,6.48,6.51,0
19380829,6.35,6.35,6.22,6.24,0
19380830,6.29,6.36,6.29,6.34,0
19380831,6.30,6.37,6.30,6.35,0
19380901,6.32,6.32,6.24,6.27,0
19380902,6.32,6.46,6.32,6.45,0
19380903,6.47,6.51,6.47,6.50,0
19380906,6.48,6.49,6.41,6.43,0
19380907,6.46,6.54,6.44,6.53,0
19380908,6.50,6.50,6.44,6.46,0
19380909,6.39,6.39,6.29,6.32,0
19380910,6.31,6.31,6.23,6.25,0
19380912,6.26,6.36,6.25,6.34,0
19380913,6.25,6.33,5.96,5.98,0
19380914,6.00,6.12,5.83,5.94,0
19380915,6.06,6.17,6.06,6.14,0
19380916,6.04,6.04,5.97,6.01,0
19380917,5.97,5.97,5.84,5.88,0
19380919,6.02,6.09,6.02,6.04,0
19380920,6.19,6.30,6.19,6.25,0
19380921,6.24,6.33,6.21,6.29,0
19380922,6.21,6.21,6.15,6.17,0
19380923,6.06,6.06,5.95,5.97,0
19380924,6.02,6.02,5.85,5.97,0
19380926,5.87,5.87,5.70,5.79,0
19380927,5.76,5.87,5.74,5.77,0
19380928,5.88,6.07,5.77,6.03,0
19380929,6.13,6.27,6.13,6.25,0
19380930,6.34,6.46,6.34,6.43,0
19381001,6.47,6.55,6.47,6.54,0
19381003,6.52,6.62,6.50,6.58,0
19381004,6.56,6.58,6.51,6.55,0
19381005,6.58,6.76,6.58,6.75,0
19381006,6.74,6.84,6.71,6.73,0
19381007,6.73,6.79,6.69,6.75,0
19381008,6.77,6.84,6.77,6.82,0
19381010,6.79,6.82,6.73,6.78,0
19381011,6.75,6.79,6.69,6.74,0
19381013,6.84,6.96,6.84,6.95,0
19381014,6.95,6.98,6.84,6.90,0
19381015,6.94,6.99,6.93,6.96,0
19381017,6.91,6.97,6.84,6.86,0
19381018,6.89,6.97,6.79,6.95,0
19381019,6.92,6.96,6.80,6.82,0
19381020,6.86,6.94,6.84,6.93,0
19381021,6.92,6.99,6.91,6.95,0
19381022,6.94,7.04,6.94,7.03,0
19381024,7.03,7.08,7.00,7.03,0
19381025,7.04,7.09,7.01,7.04,0
19381026,7.00,7.00,6.90,6.95,0
19381027,6.97,7.04,6.94,6.99,0
19381028,6.96,6.97,6.87,6.89,0
19381029,6.87,6.89,6.84,6.87,0
19381031,6.88,6.92,6.84,6.90,0
19381101,6.88,6.93,6.84,6.87,0
19381102,6.85,6.91,6.82,6.89,0
19381103,6.91,6.95,6.88,6.91,0
19381104,6.91,6.95,6.87,6.90,0
19381105,6.92,6.94,6.91,6.92,0
19381107,6.91,7.07,6.90,7.04,0
19381109,7.11,7.24,7.11,7.22,0
19381110,7.20,7.24,7.14,7.17,0
19381112,7.18,7.23,7.18,7.22,0
19381114,7.12,7.12,7.02,7.03,0
19381115,7.02,7.02,6.92,6.99,0
19381116,6.93,6.97,6.79,6.79,0
19381117,6.81,6.88,6.80,6.87,0
19381118,6.85,6.87,6.69,6.72,0
19381119,6.73,6.76,6.73,6.74,0
19381121,6.75,6.77,6.69,6.74,0
19381122,6.70,6.70,6.65,6.68,0
19381123,6.68,6.75,6.67,6.70,0
19381125,6.70,6.75,6.69,6.71,0
19381126,6.68,6.68,6.60,6.61,0
19381128,6.55,6.55,6.43,6.47,0
19381129,6.47,6.54,6.47,6.50,0
19381130,6.57,6.67,6.57,6.66,0
19381201,6.65,6.67,6.58,6.59,0
19381202,6.57,6.57,6.49,6.53,0
19381203,6.53,6.54,6.50,6.52,0
19381205,6.48,6.50,6.44,6.48,0
19381206,6.50,6.58,6.48,6.54,0
19381207,6.54,6.61,6.54,6.56,0
19381208,6.52,6.53,6.47,6.48,0
19381209,6.45,6.48,6.42,6.44,0
19381210,6.46,6.51,6.45,6.50,0
19381212,6.50,6.55,6.49,6.51,0
19381213,6.54,6.61,6.54,6.58,0
19381214,6.62,6.74,6.62,6.72,0
19381215,6.74,6.80,6.72,6.74,0
19381216,6.78,6.80,6.72,6.74,0
19381217,6.69,6.69,6.65,6.67,0
19381219,6.62,6.69,6.59,6.62,0
19381220,6.61,6.65,6.58,6.61,0
19381221,6.61,6.62,6.55,6.57,0
19381222,6.58,6.63,6.56,6.62,0
19381223,6.65,6.71,6.65,6.69,0
19381224,6.71,6.73,6.69,6.71,0
19381227,6.69,6.70,6.63,6.65,0
19381228,6.66,6.73,6.62,6.71,0
19381229,6.79,6.87,6.79,6.85,0
19381230,6.82,6.88,6.82,6.86,0
19381231,6.88,6.91,6.87,6.89,0
19390103,6.88,6.89,6.81,6.83,0
19390104,6.85,6.92,6.83,6.90,0
19390105,6.89,6.92,6.80,6.82,0
19390106,6.83,6.85,6.80,6.82,0
19390107,6.79,6.79,6.73,6.74,0
19390109,6.71,6.71,6.62,6.67,0
19390110,6.67,6.72,6.66,6.68,0
19390111,6.62,6.62,6.55,6.56,0
19390112,6.57,6.60,6.46,6.50,0
19390113,6.47,6.49,6.41,6.43,0
19390114,6.53,6.60,6.53,6.59,0
19390116,6.58,6.60,6.56,6.58,0
19390117,6.61,6.65,6.57,6.64,0
19390118,6.62,6.65,6.61,6.63,0
19390119,6.65,6.69,6.62,6.67,0
19390120,6.66,6.68,6.63,6.64,0
19390121,6.58,6.58,6.48,6.50,0
19390123,6.34,6.34,6.20,6.22,0
19390124,6.24,6.30,6.16,6.24,0
19390125,6.24,6.25,6.15,6.21,0
19390126,6.15,6.15,5.99,6.01,0
19390127,6.08,6.19,6.08,6.18,0
19390128,6.16,6.20,6.13,6.15,0
19390130,6.23,6.34,6.23,6.33,0
19390131,6.35,6.45,6.35,6.41,0
19390201,6.36,6.36,6.29,6.31,0
19390202,6.37,6.46,6.37,6.45,0
19390203,6.43,6.45,6.38,6.40,0
19390204,6.41,6.48,6.41,6.46,0
19390206,6.50,6.55,6.48,6.49,0
19390207,6.46,6.46,6.39,6.41,0
19390208,6.45,6.51,6.45,6.50,0
19390209,6.46,6.47,6.39,6.40,0
19390210,6.43,6.43,6.37,6.42,0
19390211,6.45,6.49,6.45,6.47,0
19390214,6.45,6.45,6.41,6.43,0
19390215,6.42,6.46,6.41,6.44,0
19390216,6.46,6.52,6.45,6.49,0
19390217,6.47,6.50,6.43,6.45,0
19390218,6.49,6.52,6.49,6.51,0
19390220,6.40,6.40,6.31,6.32,0
19390221,6.37,6.38,6.34,6.36,0
19390223,6.35,6.40,6.35,6.37,0
19390224,6.44,6.54,6.44,6.52,0
19390225,6.54,6.59,6.54,6.57,0
19390227,6.58,6.60,6.54,6.57,0
19390228,6.58,6.64,6.58,6.60,0
19390301,6.61,6.63,6.58,6.60,0
19390302,6.60,6.60,6.56,6.59,0
19390303,6.62,6.69,6.62,6.68,0
19390304,6.68,6.72,6.68,6.70,0
19390306,6.68,6.71,6.63,6.65,0
19390307,6.66,6.70,6.66,6.68,0
19390308,6.70,6.80,6.69,6.79,0
19390309,6.76,6.80,6.72,6.76,0
19390310,6.76,6.82,6.76,6.80,0
19390311,6.78,6.80,6.75,6.76,0
19390313,6.75,6.75,6.68,6.71,0
19390314,6.72,6.75,6.68,6.74,0
19390315,6.66,6.66,6.53,6.55,0
19390316,6.54,6.56,6.49,6.53,0
19390317,6.44,6.44,6.30,6.34,0
19390318,6.27,6.27,6.19,6.24,0
19390320,6.22,6.28,6.17,6.20,0
19390321,6.28,6.35,6.28,6.31,0
19390322,6.21,6.21,6.05,6.10,0
19390323,6.15,6.27,6.14,6.19,0
19390324,6.23,6.31,6.23,6.26,0
19390325,6.26,6.29,6.22,6.25,0
19390327,6.24,6.31,6.21,6.22,0
19390328,6.17,6.17,6.10,6.14,0
19390329,6.16,6.22,6.14,6.18,0
19390330,6.11,6.14,5.95,5.97,0
19390331,5.91,5.96,5.68,5.70,0
19390401,5.78,5.87,5.70,5.82,0
19390403,5.86,5.98,5.76,5.84,0
19390404,5.77,5.77,5.60,5.71,0
19390405,5.71,5.78,5.66,5.73,0
19390406,5.65,5.65,5.49,5.53,0
19390408,5.40,5.40,5.26,5.28,0
19390410,5.30,5.43,5.27,5.41,0
19390411,5.41,5.43,5.24,5.40,0
19390412,5.50,5.60,5.50,5.54,0
19390413,5.54,5.67,5.54,5.59,0
19390414,5.52,5.52,5.43,5.51,0
19390415,5.62,5.76,5.62,5.73,0
19390417,5.64,5.64,5.56,5.61,0
19390418,5.59,5.59,5.50,5.52,0
19390419,5.53,5.62,5.53,5.59,0
19390420,5.63,5.71,5.63,5.66,0
19390421,5.66,5.72,5.64,5.68,0
19390422,5.67,5.68,5.65,5.67,0
19390424,5.64,5.65,5.58,5.58,0
19390425,5.59,5.64,5.58,5.59,0
19390426,5.60,5.67,5.55,5.65,0
19390427,5.66,5.72,5.65,5.71,0
19390428,5.72,5.79,5.62,5.66,0
19390429,5.65,5.67,5.63,5.65,0
19390501,5.65,5.66,5.61,5.62,0
19390502,5.65,5.73,5.65,5.69,0
19390503,5.72,5.86,5.72,5.84,0
19390504,5.84,5.88,5.79,5.82,0
19390505,5.82,5.83,5.77,5.80,0
19390506,5.80,5.83,5.80,5.82,0
19390508,5.81,5.83,5.76,5.81,0
19390509,5.84,5.93,5.84,5.91,0
19390510,5.88,5.92,5.83,5.84,0
19390511,5.83,5.85,5.80,5.84,0
19390512,5.82,5.82,5.78,5.80,0
19390513,5.80,5.83,5.80,5.81,0
19390515,5.80,5.86,5.80,5.82,0
19390516,5.77,5.77,5.65,5.66,0
19390517,5.65,5.65,5.59,5.62,0
19390518,5.61,5.67,5.60,5.63,0
19390519,5.64,5.70,5.63,5.68,0
19390520,5.71,5.74,5.71,5.73,0
19390522,5.71,5.77,5.68,5.77,0
19390523,5.77,5.79,5.72,5.74,0
19390524,5.78,5.91,5.78,5.91,0
19390525,5.90,5.99,5.90,5.92,0
19390526,5.91,5.97,5.89,5.93,0
19390527,5.94,5.99,5.94,5.97,0
19390529,5.98,6.02,5.96,6.02,0
19390531,5.97,6.03,5.96,5.99,0
19390601,5.95,5.95,5.87,5.90,0
19390602,5.91,5.96,5.91,5.93,0
19390603,5.93,5.96,5.93,5.95,0
19390605,5.94,5.96,5.91,5.94,0
19390606,5.96,6.04,5.96,6.02,0
19390607,6.01,6.07,6.00,6.02,0
19390608,6.02,6.02,5.97,6.01,0
19390609,6.02,6.12,6.02,6.09,0
19390610,6.07,6.09,6.06,6.07,0
19390612,6.06,6.06,5.98,6.02,0
19390613,6.02,6.02,5.94,5.97,0
19390614,5.97,5.97,5.90,5.95,0
19390615,5.92,5.92,5.80,5.80,0
19390616,5.80,5.85,5.78,5.82,0
19390617,5.83,5.87,5.83,5.85,0
19390619,5.86,5.92,5.86,5.89,0
19390620,5.90,5.96,5.90,5.94,0
19390621,5.94,5.96,5.91,5.94,0
19390622,5.93,5.93,5.88,5.90,0
19390623,5.91,5.96,5.89,5.93,0
19390624,5.91,5.92,5.90,5.91,0
19390626,5.87,5.87,5.78,5.79,0
19390627,5.80,5.83,5.76,5.82,0
19390628,5.80,5.80,5.70,5.70,0
19390629,5.63,5.63,5.54,5.56,0
19390630,5.58,5.62,5.53,5.60,0
19390701,5.61,5.66,5.60,5.65,0
19390703,5.66,5.68,5.64,5.67,0
19390705,5.73,5.78,5.73,5.77,0
19390706,5.77,5.79,5.74,5.76,0
19390707,5.75,5.76,5.72,5.73,0
19390708,5.73,5.73,5.72,5.73,0
19390710,5.73,5.77,5.73,5.75,0
19390711,5.79,5.84,5.79,5.82,0
19390712,5.85,5.96,5.85,5.95,0
19390713,5.96,6.04,5.96,5.99,0
19390714,5.96,5.98,5.93,5.95,0
19390715,5.96,5.98,5.95,5.97,0
19390717,6.03,6.24,6.03,6.21,0
19390718,6.22,6.30,6.22,6.26,0
19390719,6.22,6.22,6.13,6.18,0
19390720,6.16,6.19,6.09,6.10,0
19390721,6.15,6.26,6.15,6.22,0
19390722,6.26,6.31,6.26,6.29,0
19390724,6.26,6.27,6.21,6.24,0
19390725,6.25,6.31,6.18,6.20,0
19390726,6.23,6.29,6.20,6.26,0
19390727,6.23,6.28,6.20,6.26,0
19390728,6.26,6.29,6.22,6.24,0
19390729,6.23,6.24,6.22,6.23,0
19390731,6.22,6.22,6.17,6.19,0
19390801,6.18,6.21,6.15,6.19,0
19390802,6.21,6.28,6.18,6.25,0
19390803,6.24,6.30,6.21,6.23,0
19390804,6.22,6.22,6.10,6.12,0
19390805,6.14,6.17,6.13,6.15,0
19390807,6.14,6.15,6.07,6.08,0
19390808,6.08,6.14,6.08,6.10,0
19390809,6.09,6.09,6.02,6.05,0
19390810,6.00,6.00,5.90,5.93,0
19390811,5.94,6.01,5.90,5.94,0
19390812,5.96,6.01,5.96,6.00,0
19390814,5.99,6.07,5.99,6.05,0
19390815,6.09,6.15,6.09,6.11,0
19390816,6.01,6.01,5.91,5.95,0
19390817,5.95,5.97,5.90,5.94,0
19390818,5.94,5.94,5.79,5.82,0
19390819,5.81,5.81,5.76,5.79,0
19390821,5.71,5.71,5.63,5.66,0
19390822,5.68,5.80,5.68,5.77,0
19390823,5.72,5.72,5.58,5.59,0
19390824,5.59,5.62,5.46,5.57,0
19390825,5.59,5.73,5.56,5.69,0
19390826,5.79,5.86,5.79,5.84,0
19390828,5.80,5.80,5.64,5.73,0
19390829,5.82,5.91,5.82,5.89,0
19390830,5.88,5.91,5.81,5.83,0
19390831,5.80,5.80,5.70,5.74,0
19390901,5.76,5.83,5.46,5.80,0
19390902,5.84,5.99,5.84,5.91,0
19390905,6.23,6.57,6.23,6.48,0
19390906,6.43,6.55,6.34,6.43,0
19390907,6.39,6.51,6.34,6.41,0
19390908,6.43,6.62,6.42,6.51,0
19390909,6.50,6.58,6.50,6.53,0
19390911,6.50,6.73,6.50,6.67,0
19390912,6.72,6.81,6.57,6.75,0
19390913,6.76,6.84,6.62,6.68,0
19390914,6.72,6.78,6.63,6.70,0
19390915,6.68,6.77,6.64,6.70,0
19390916,6.68,6.68,6.58,6.62,0
19390918,6.51,6.51,6.38,6.39,0
19390919,6.48,6.67,6.48,6.64,0
19390920,6.62,6.75,6.60,6.63,0
19390921,6.62,6.72,6.58,6.67,0
19390922,6.66,6.72,6.59,6.62,0
19390923,6.64,6.68,6.62,6.66,0
19390925,6.65,6.69,6.61,6.63,0
19390926,6.67,6.75,6.64,6.71,0
19390927,6.73,6.79,6.67,6.71,0
19390928,6.67,6.67,6.55,6.58,0
19390929,6.58,6.58,6.49,6.55,0
19390930,6.59,6.68,6.59,6.67,0
19391002,6.64,6.64,6.56,6.59,0
19391003,6.59,6.62,6.50,6.54,0
19391004,6.54,6.59,6.47,6.55,0
19391005,6.55,6.61,6.53,6.56,0
19391006,6.54,6.66,6.51,6.55,0
19391007,6.54,6.54,6.47,6.49,0
19391009,6.50,6.54,6.47,6.51,0
19391010,6.49,6.58,6.49,6.53,0
19391011,6.54,6.59,6.53,6.57,0
19391013,6.53,6.58,6.50,6.52,0
19391014,6.51,6.51,6.48,6.50,0
19391016,6.50,6.54,6.48,6.52,0
19391017,6.55,6.71,6.55,6.69,0
19391018,6.69,6.72,6.63,6.65,0
19391019,6.64,6.68,6.61,6.64,0
19391020,6.63,6.66,6.60,6.62,0
19391021,6.62,6.67,6.62,6.66,0
19391023,6.65,6.68,6.62,6.64,0
19391024,6.64,6.69,6.61,6.66,0
19391025,6.69,6.77,6.68,6.75,0
19391026,6.75,6.77,6.67,6.68,0
19391027,6.68,6.69,6.60,6.65,0
19391028,6.65,6.67,6.62,6.63,0
19391030,6.62,6.64,6.59,6.62,0
19391031,6.61,6.61,6.53,6.55,0
19391101,6.56,6.58,6.51,6.55,0
19391102,6.56,6.58,6.51,6.56,0
19391103,6.57,6.64,6.50,6.61,0
19391104,6.60,6.64,6.58,6.59,0
19391106,6.59,6.59,6.52,6.55,0
19391108,6.55,6.55,6.49,6.51,0
19391109,6.50,6.51,6.41,6.42,0
19391110,6.44,6.46,6.39,6.45,0
19391113,6.46,6.48,6.44,6.46,0
19391114,6.47,6.53,6.47,6.50,0
19391115,6.46,6.49,6.43,6.45,0
19391116,6.46,6.54,6.45,6.53,0
19391117,6.52,6.56,6.49,6.51,0
19391118,6.52,6.55,6.52,6.54,0
19391120,6.52,6.57,6.50,6.53,0
19391121,6.51,6.53,6.46,6.48,0
19391122,6.48,6.48,6.44,6.47,0
19391124,6.45,6.46,6.36,6.37,0
19391125,6.38,6.39,6.36,6.38,0
19391127,6.39,6.41,6.36,6.39,0
19391128,6.38,6.42,6.34,6.36,0
19391129,6.35,6.38,6.28,6.29,0
19391130,6.26,6.26,6.18,6.22,0
19391201,6.23,6.28,6.22,6.27,0
19391202,6.27,6.29,6.26,6.27,0
19391204,6.28,6.28,6.24,6.26,0
19391205,6.24,6.29,6.23,6.25,0
19391206,6.26,6.36,6.26,6.35,0
19391207,6.36,6.39,6.32,6.35,0
19391208,6.33,6.33,6.28,6.30,0
19391209,6.30,6.31,6.28,6.30,0
19391211,6.27,6.28,6.22,6.23,0
19391212,6.22,6.24,6.19,6.21,0
19391213,6.23,6.32,6.23,6.31,0
19391214,6.30,6.35,6.27,6.30,0
19391215,6.29,6.34,6.28,6.32,0
19391216,6.32,6.33,6.29,6.31,0
19391218,6.31,6.33,6.28,6.30,0
19391219,6.29,6.31,6.26,6.28,0
19391220,6.30,6.34,6.28,6.31,0
19391221,6.30,6.34,6.28,6.30,0
19391222,6.31,6.35,6.30,6.33,0
19391223,6.33,6.34,6.32,6.34,0
19391226,6.33,6.34,6.28,6.30,0
19391227,6.30,6.31,6.23,6.26,0
19391228,6.28,6.35,6.26,6.32,0
19391229,6.32,6.37,6.30,6.34,0
19391230,6.35,6.38,6.34,6.36,0
19400102,6.39,6.45,6.39,6.43,0
19400103,6.47,6.53,6.47,6.51,0
19400104,6.51,6.53,6.48,6.49,0
19400105,6.50,6.52,6.45,6.46,0
19400106,6.48,6.48,6.44,6.46,0
19400108,6.46,6.51,6.46,6.47,0
19400109,6.47,6.47,6.40,6.41,0
19400110,6.41,6.44,6.39,6.43,0
19400111,6.41,6.43,6.33,6.33,0
19400112,6.30,6.31,6.20,6.21,0
19400113,6.22,6.22,6.18,6.19,0
19400115,6.20,6.24,6.12,6.18,0
19400116,6.18,6.24,6.17,6.22,0
19400117,6.22,6.27,6.21,6.23,0
19400118,6.23,6.26,6.19,6.22,0
19400119,6.23,6.27,6.22,6.24,0
19400120,6.23,6.24,6.21,6.22,0
19400122,6.22,6.22,6.17,6.20,0
19400123,6.21,6.25,6.20,6.22,0
19400124,6.25,6.32,6.25,6.31,0
19400125,6.29,6.30,6.25,6.26,0
19400126,6.24,6.28,6.23,6.25,0
19400127,6.27,6.27,6.26,6.26,0
19400129,6.28,6.30,6.25,6.27,0
19400130,6.26,6.27,6.22,6.23,0
19400131,6.23,6.24,6.21,6.22,0
19400201,6.22,6.23,6.20,6.22,0
19400202,6.22,6.26,6.21,6.23,0
19400203,6.23,6.25,6.23,6.24,0
19400205,6.25,6.25,6.21,6.22,0
19400206,6.24,6.28,6.23,6.28,0
19400207,6.29,6.34,6.29,6.32,0
19400208,6.33,6.41,6.31,6.40,0
19400209,6.39,6.45,6.39,6.41,0
19400210,6.40,6.41,6.38,6.39,0
19400213,6.39,6.43,6.38,6.39,0
19400214,6.39,6.39,6.34,6.37,0
19400215,6.36,6.40,6.36,6.37,0
19400216,6.39,6.40,6.34,6.38,0
19400217,6.39,6.43,6.39,6.40,0
19400219,6.40,6.41,6.36,6.39,0
19400220,6.41,6.43,6.37,6.42,0
19400221,6.43,6.44,6.40,6.41,0
19400223,6.40,6.40,6.35,6.37,0
19400224,6.37,6.37,6.32,6.33,0
19400226,6.35,6.35,6.31,6.34,0
19400227,6.34,6.37,6.32,6.33,0
19400228,6.32,6.36,6.32,6.34,0
19400229,6.34,6.36,6.32,6.33,0
19400301,6.31,6.32,6.29,6.30,0
19400302,6.31,6.32,6.30,6.31,0
19400304,6.31,6.33,6.30,6.32,0
19400305,6.33,6.37,6.33,6.35,0
19400306,6.37,6.42,6.37,6.40,0
19400307,6.40,6.43,6.39,6.41,0
19400308,6.40,6.42,6.38,6.39,0
19400309,6.39,6.41,6.38,6.39,0
19400311,6.41,6.44,6.39,6.42,0
19400312,6.43,6.48,6.42,6.44,0
19400313,6.43,6.46,6.40,6.43,0
19400314,6.43,6.44,6.40,6.42,0
19400315,6.41,6.42,6.33,6.34,0
19400316,6.34,6.34,6.30,6.31,0
19400318,6.32,6.34,6.29,6.31,0
19400319,6.33,6.38,6.33,6.36,0
19400320,6.37,6.41,6.37,6.39,0
19400321,6.41,6.42,6.38,6.39,0
19400323,6.39,6.40,6.38,6.39,0
19400325,6.38,6.40,6.36,6.36,0
19400326,6.35,6.37,6.32,6.34,0
19400327,6.37,6.43,6.37,6.42,0
19400328,6.42,6.45,6.39,6.41,0
19400329,6.42,6.46,6.40,6.44,0
19400330,6.46,6.49,6.46,6.48,0
19400401,6.47,6.49,6.45,6.46,0
19400402,6.47,6.50,6.47,6.48,0
19400403,6.51,6.59,6.50,6.59,0
19400404,6.60,6.67,6.59,6.63,0
19400405,6.62,6.65,6.59,6.62,0
19400406,6.63,6.68,6.63,6.67,0
19400408,6.67,6.72,6.65,6.68,0
19400409,6.66,6.69,6.57,6.62,0
19400410,6.59,6.60,6.54,6.56,0
19400411,6.57,6.63,6.56,6.58,0
19400412,6.59,6.59,6.53,6.55,0
19400413,6.54,6.57,6.53,6.56,0
19400415,6.56,6.60,6.54,6.56,0
19400416,6.53,6.55,6.43,6.47,0
19400417,6.47,6.51,6.45,6.48,0
19400418,6.47,6.48,6.40,6.42,0
19400419,6.44,6.44,6.38,6.42,0
19400420,6.41,6.46,6.41,6.45,0
19400422,6.47,6.51,6.46,6.48,0
19400423,6.50,6.54,6.49,6.53,0
19400424,6.53,6.55,6.50,6.51,0
19400425,6.51,6.54,6.50,6.52,0
19400426,6.50,6.51,6.45,6.46,0
19400427,6.46,6.48,6.45,6.47,0
19400429,6.48,6.51,6.47,6.49,0
19400430,6.53,6.56,6.52,6.53,0
19400501,6.49,6.49,6.44,6.45,0
19400502,6.46,6.51,6.46,6.49,0
19400503,6.51,6.55,6.45,6.50,0
19400504,6.50,6.51,6.48,6.49,0
19400506,6.49,6.52,6.47,6.48,0
19400507,6.48,6.52,6.46,6.50,0
19400508,6.50,6.55,6.49,6.51,0
19400509,6.51,6.54,6.50,6.52,0
19400510,6.48,6.49,6.32,6.33,0
19400511,6.35,6.39,6.31,6.36,0
19400513,6.29,6.29,5.98,5.99,0
19400514,5.92,5.92,5.53,5.54,0
19400515,5.57,5.69,5.46,5.60,0
19400516,5.60,5.70,5.53,5.66,0
19400517,5.64,5.68,5.32,5.37,0
19400518,5.33,5.33,5.19,5.27,0
19400520,5.29,5.41,5.26,5.29,0
19400521,5.22,5.22,4.79,4.95,0
19400522,4.94,5.04,4.87,4.97,0
19400523,4.99,5.12,4.90,4.98,0
19400524,5.00,5.06,4.94,4.96,0
19400525,4.98,5.04,4.94,5.01,0
19400527,5.03,5.14,5.03,5.09,0
19400528,5.01,5.01,4.82,4.99,0
19400529,4.99,5.09,4.97,5.02,0
19400531,4.99,5.08,4.99,5.04,0
19400601,5.04,5.05,5.01,5.02,0
19400603,5.00,5.03,4.94,4.96,0
19400604,4.98,5.04,4.98,5.02,0
19400605,5.03,5.03,4.91,4.95,0
19400606,4.97,5.03,4.96,5.02,0
19400607,5.04,5.13,5.04,5.09,0
19400608,5.10,5.12,5.08,5.09,0
19400610,5.02,5.02,4.84,4.91,0
19400611,5.02,5.16,5.02,5.14,0
19400612,5.22,5.44,5.22,5.40,0
19400613,5.37,5.40,5.28,5.30,0
19400614,5.33,5.47,5.29,5.43,0
19400615,5.42,5.51,5.42,5.47,0
19400617,5.49,5.50,5.30,5.46,0
19400618,5.47,5.58,5.45,5.48,0
19400619,5.46,5.52,5.44,5.50,0
19400620,5.49,5.49,5.42,5.43,0
19400621,5.42,5.46,5.40,5.44,0
19400622,5.47,5.49,5.45,5.48,0
19400624,5.50,5.56,5.49,5.55,0
19400625,5.51,5.52,5.38,5.39,0
19400626,5.40,5.40,5.32,5.36,0
19400627,5.38,5.44,5.38,5.42,0
19400628,5.48,5.60,5.48,5.49,0
19400629,5.51,5.51,5.48,5.50,0
19400701,5.47,5.47,5.43,5.44,0
19400702,5.43,5.47,5.42,5.43,0
19400703,5.45,5.48,5.41,5.45,0
19400705,5.46,5.51,5.46,5.49,0
19400706,5.50,5.51,5.49,5.50,0
19400708,5.49,5.51,5.48,5.49,0
19400709,5.49,5.53,5.48,5.49,0
19400710,5.52,5.53,5.48,5.51,0
19400711,5.51,5.55,5.50,5.52,0
19400712,5.51,5.53,5.50,5.51,0
19400713,5.52,5.52,5.51,5.51,0
19400715,5.52,5.55,5.51,5.53,0
19400716,5.53,5.62,5.53,5.59,0
19400717,5.59,5.63,5.56,5.58,0
19400718,5.58,5.60,5.57,5.59,0
19400719,5.57,5.57,5.53,5.54,0
19400720,5.55,5.55,5.53,5.54,0
19400722,5.53,5.56,5.52,5.54,0
19400723,5.55,5.56,5.52,5.55,0
19400724,5.53,5.54,5.50,5.50,0
19400725,5.51,5.54,5.49,5.53,0
19400726,5.54,5.59,5.54,5.56,0
19400727,5.57,5.58,5.57,5.58,0
19400729,5.59,5.63,5.58,5.62,0
19400730,5.65,5.78,5.65,5.77,0
19400731,5.74,5.80,5.72,5.75,0
19400801,5.73,5.77,5.71,5.73,0
19400802,5.72,5.76,5.70,5.73,0
19400803,5.75,5.76,5.74,5.75,0
19400805,5.75,5.76,5.71,5.75,0
19400806,5.74,5.74,5.68,5.70,0
19400807,5.71,5.71,5.68,5.70,0
19400808,5.70,5.72,5.69,5.70,0
19400809,5.72,5.78,5.72,5.76,0
19400810,5.79,5.83,5.78,5.81,0
19400812,5.82,5.84,5.79,5.83,0
19400813,5.78,5.78,5.60,5.62,0
19400814,5.61,5.61,5.56,5.57,0
19400815,5.61,5.65,5.61,5.62,0
19400816,5.59,5.59,5.52,5.54,0
19400817,5.57,5.60,5.57,5.59,0
19400819,5.58,5.59,5.57,5.58,0
19400820,5.62,5.67,5.62,5.65,0
19400821,5.71,5.77,5.71,5.76,0
19400822,5.78,5.85,5.78,5.82,0
19400823,5.80,5.80,5.73,5.75,0
19400824,5.76,5.77,5.76,5.77,0
19400826,5.77,5.79,5.77,5.78,0
19400827,5.80,5.81,5.78,5.79,0
19400828,5.82,5.89,5.82,5.87,0
19400829,5.84,5.87,5.83,5.84,0
19400830,5.86,5.96,5.86,5.95,0
19400831,5.96,6.00,5.96,5.99,0
19400903,5.98,6.03,5.96,5.99,0
19400904,6.00,6.12,5.96,6.12,0
19400905,6.12,6.22,6.12,6.21,0
19400906,6.21,6.21,6.15,6.16,0
19400907,6.16,6.17,6.13,6.14,0
19400909,6.05,6.05,5.97,5.98,0
19400910,6.00,6.03,5.97,5.99,0
19400911,5.96,6.04,5.94,5.95,0
19400912,5.93,5.93,5.85,5.87,0
19400913,5.89,5.91,5.85,5.88,0
19400914,5.89,5.92,5.89,5.91,0
19400916,5.95,6.00,5.95,5.97,0
19400917,5.97,6.04,5.97,6.02,0
19400918,6.03,6.08,6.00,6.07,0
19400919,6.05,6.09,6.03,6.05,0
19400920,6.04,6.07,6.02,6.06,0
19400921,6.08,6.11,6.08,6.11,0
19400923,6.14,6.25,6.14,6.24,0
19400924,6.26,6.27,6.20,6.22,0
19400925,6.22,6.23,6.18,6.21,0
19400926,6.20,6.20,6.15,6.18,0
19400927,6.13,6.13,6.05,6.07,0
19400928,6.09,6.12,6.09,6.12,0
19400930,6.11,6.15,6.10,6.12,0
19401001,6.16,6.25,6.16,6.21,0
19401002,6.21,6.26,6.19,6.25,0
19401003,6.25,6.29,6.23,6.25,0
19401004,6.24,6.24,6.19,6.21,0
19401005,6.21,6.22,6.20,6.21,0
19401007,6.20,6.23,6.17,6.18,0
19401008,6.17,6.17,6.07,6.08,0
19401009,6.08,6.08,6.03,6.05,0
19401010,6.05,6.08,6.03,6.05,0
19401011,6.08,6.14,6.08,6.11,0
19401014,6.10,6.12,6.07,6.09,0
19401015,6.12,6.16,6.06,6.15,0
19401016,6.16,6.22,6.14,6.18,0
19401017,6.19,6.22,6.15,6.21,0
19401018,6.21,6.23,6.18,6.21,0
19401019,6.21,6.22,6.19,6.20,0
19401021,6.21,6.22,6.17,6.18,0
19401022,6.18,6.23,6.16,6.21,0
19401023,6.25,6.29,6.22,6.27,0
19401024,6.28,6.28,6.22,6.23,0
19401025,6.25,6.26,6.20,6.24,0
19401026,6.27,6.32,6.27,6.31,0
19401028,6.32,6.32,6.25,6.29,0
19401029,6.29,6.34,6.28,6.31,0
19401030,6.32,6.38,6.31,6.36,0
19401031,6.39,6.48,6.39,6.46,0
19401101,6.47,6.53,6.45,6.46,0
19401102,6.47,6.50,6.44,6.49,0
19401104,6.51,6.55,6.45,6.52,0
19401106,6.45,6.45,6.28,6.30,0
19401107,6.38,6.67,6.37,6.66,0
19401108,6.63,6.67,6.53,6.57,0
19401109,6.60,6.69,6.60,6.67,0
19401112,6.69,6.71,6.61,6.65,0
19401113,6.64,6.65,6.56,6.60,0
19401114,6.60,6.66,6.58,6.62,0
19401115,6.62,6.64,6.54,6.55,0
19401116,6.53,6.53,6.46,6.49,0
19401118,6.49,6.53,6.47,6.49,0
19401119,6.51,6.52,6.45,6.49,0
19401120,6.44,6.44,6.32,6.34,0
19401122,6.37,6.43,6.33,6.35,0
19401123,6.36,6.36,6.33,6.35,0
19401125,6.33,6.40,6.33,6.36,0
19401126,6.35,6.38,6.31,6.34,0
19401127,6.31,6.31,6.20,6.23,0
19401128,6.22,6.25,6.18,6.23,0
19401129,6.25,6.28,6.22,6.24,0
19401130,6.23,6.28,6.23,6.27,0
19401202,6.28,6.33,6.26,6.28,0
19401203,6.26,6.28,6.23,6.26,0
19401204,6.26,6.28,6.23,6.26,0
19401205,6.26,6.26,6.20,6.22,0
19401206,6.23,6.27,6.20,6.24,0
19401207,6.25,6.29,6.25,6.28,0
19401209,6.28,6.33,6.26,6.29,0
19401210,6.30,6.33,6.26,6.30,0
19401211,6.29,6.35,6.28,6.31,0
19401212,6.33,6.36,6.30,6.34,0
19401213,6.34,6.39,6.32,6.36,0
19401214,6.36,6.37,6.34,6.35,0
19401216,6.36,6.36,6.28,6.30,0
19401217,6.31,6.31,6.26,6.28,0
19401218,6.28,6.29,6.22,6.22,0
19401219,6.23,6.23,6.17,6.20,0
19401220,6.21,6.25,6.17,6.21,0
19401221,6.23,6.25,6.21,6.23,0
19401223,6.22,6.24,6.17,6.20,0
19401224,6.19,6.25,6.18,6.22,0
19401226,6.21,6.25,6.18,6.21,0
19401227,6.22,6.28,6.21,6.25,0
19401228,6.26,6.32,6.25,6.29,0
19401230,6.30,6.38,6.30,6.33,0
19401231,6.34,6.38,6.31,6.34,0
19410102,6.31,6.34,6.27,6.28,0
19410103,6.36,6.44,6.34,6.43,0
19410104,6.41,6.47,6.41,6.43,0
19410106,6.43,6.49,6.43,6.45,0
19410107,6.44,6.48,6.42,6.45,0
19410108,6.47,6.50,6.44,6.47,0
19410109,6.49,6.53,6.47,6.50,0
19410110,6.51,6.56,6.50,6.53,0
19410111,6.53,6.53,6.51,6.52,0
19410113,6.52,6.54,6.49,6.50,0
19410114,6.51,6.51,6.46,6.47,0
19410115,6.46,6.46,6.41,6.42,0
19410116,6.42,6.42,6.34,6.34,0
19410117,6.35,6.37,6.30,6.33,0
19410118,6.31,6.35,6.31,6.32,0
19410120,6.34,6.34,6.29,6.31,0
19410121,6.30,6.31,6.23,6.25,0
19410122,6.26,6.30,6.25,6.29,0
19410123,6.30,6.32,6.25,6.28,0
19410124,6.29,6.32,6.26,6.30,0
19410125,6.32,6.33,6.32,6.33,0
19410127,6.33,6.35,6.30,6.33,0
19410128,6.31,6.33,6.28,6.29,0
19410129,6.26,6.26,6.16,6.17,0
19410130,6.15,6.15,6.05,6.06,0
19410131,6.08,6.12,6.07,6.08,0
19410201,6.08,6.08,5.99,6.04,0
19410203,6.05,6.07,6.01,6.02,0
19410204,6.03,6.06,6.02,6.03,0
19410205,6.07,6.16,6.07,6.14,0
19410206,6.14,6.19,6.14,6.16,0
19410207,6.16,6.16,6.11,6.15,0
19410208,6.16,6.19,6.16,6.17,0
19410210,6.17,6.19,6.13,6.15,0
19410211,6.11,6.11,6.04,6.04,0
19410213,6.01,6.01,5.94,5.96,0
19410214,5.92,5.92,5.77,5.78,0
19410215,5.78,5.83,5.78,5.82,0
19410217,5.83,5.88,5.83,5.85,0
19410218,5.85,5.88,5.82,5.84,0
19410219,5.83,5.83,5.77,5.79,0
19410220,5.84,5.92,5.84,5.90,0
19410221,5.91,5.94,5.89,5.92,0
19410224,5.92,5.99,5.92,5.98,0
19410225,6.00,6.05,6.00,6.03,0
19410226,6.05,6.07,6.03,6.05,0
19410227,6.02,6.02,5.97,6.00,0
19410228,6.03,6.07,6.01,6.03,0
19410301,6.03,6.03,6.01,6.02,0
19410303,5.98,5.98,5.93,5.94,0
19410304,5.96,5.99,5.95,5.98,0
19410305,5.98,5.98,5.93,5.94,0
19410306,5.99,6.07,5.99,6.06,0
19410307,6.03,6.07,6.02,6.03,0
19410308,6.04,6.05,6.03,6.04,0
19410310,6.05,6.16,6.05,6.16,0
19410311,6.12,6.15,6.10,6.11,0
19410312,6.12,6.15,6.09,6.11,0
19410313,6.11,6.12,6.07,6.08,0
19410314,6.08,6.10,6.07,6.09,0
19410315,6.10,6.14,6.09,6.13,0
19410317,6.12,6.15,6.11,6.12,0
19410318,6.13,6.16,6.11,6.15,0
19410319,6.13,6.15,6.10,6.12,0
19410320,6.12,6.13,6.11,6.12,0
19410321,6.11,6.11,6.06,6.07,0
19410322,6.08,6.08,6.05,6.05,0
19410324,6.04,6.08,6.04,6.07,0
19410325,6.08,6.11,6.06,6.09,0
19410326,6.08,6.10,6.07,6.08,0
19410327,6.10,6.15,6.10,6.13,0
19410328,6.12,6.14,6.08,6.09,0
19410329,6.09,6.09,6.06,6.08,0
19410331,6.09,6.12,6.08,6.10,0
19410401,6.09,6.12,6.09,6.11,0
19410402,6.13,6.15,6.10,6.14,0
19410403,6.18,6.24,6.18,6.23,0
19410404,6.23,6.26,6.20,6.22,0
19410405,6.22,6.22,6.19,6.20,0
19410407,6.19,6.19,6.16,6.17,0
19410408,6.13,6.13,6.03,6.04,0
19410409,6.00,6.00,5.95,5.96,0
19410410,5.97,5.99,5.94,5.95,0
19410412,5.94,5.94,5.89,5.90,0
19410414,5.90,5.93,5.87,5.91,0
19410415,5.91,5.95,5.88,5.90,0
19410416,5.90,5.92,5.86,5.90,0
19410417,5.89,5.90,5.85,5.87,0
19410418,5.85,5.85,5.77,5.79,0
19410419,5.78,5.79,5.76,5.78,0
19410421,5.78,5.78,5.74,5.77,0
19410422,5.75,5.80,5.72,5.74,0
19410423,5.77,5.82,5.74,5.81,0
19410424,5.80,5.86,5.80,5.84,0
19410425,5.83,5.84,5.79,5.80,0
19410426,5.80,5.80,5.79,5.79,0
19410428,5.80,5.82,5.78,5.81,0
19410429,5.82,5.86,5.81,5.83,0
19410430,5.81,5.81,5.74,5.75,0
19410501,5.75,5.75,5.72,5.74,0
19410502,5.75,5.79,5.75,5.76,0
19410503,5.78,5.79,5.76,5.78,0
19410505,5.76,5.79,5.74,5.77,0
19410506,5.82,5.90,5.82,5.87,0
19410507,5.87,5.89,5.84,5.86,0
19410508,5.87,5.87,5.83,5.85,0
19410509,5.84,5.87,5.84,5.85,0
19410510,5.89,5.95,5.89,5.94,0
19410512,5.94,5.96,5.91,5.92,0
19410513,5.92,5.96,5.91,5.92,0
19410514,5.89,5.90,5.87,5.88,0
19410515,5.84,5.87,5.77,5.78,0
19410516,5.78,5.82,5.77,5.80,0
19410517,5.81,5.83,5.81,5.82,0
19410519,5.83,5.84,5.82,5.83,0
19410520,5.86,5.94,5.86,5.93,0
19410521,5.92,5.96,5.90,5.93,0
19410522,5.91,5.92,5.85,5.86,0
19410523,5.87,5.89,5.84,5.86,0
19410524,5.88,5.88,5.86,5.87,0
19410526,5.83,5.83,5.79,5.80,0
19410527,5.83,5.85,5.80,5.84,0
19410528,5.83,5.85,5.81,5.84,0
19410529,5.83,5.87,5.82,5.83,0
19410531,5.83,5.83,5.80,5.82,0
19410602,5.81,5.84,5.79,5.83,0
19410603,5.84,5.92,5.84,5.90,0
19410604,5.88,5.90,5.85,5.89,0
19410605,5.90,5.94,5.89,5.92,0
19410606,5.92,5.93,5.90,5.91,0
19410607,5.93,5.97,5.93,5.96,0
19410609,5.96,6.03,5.96,6.02,0
19410610,6.06,6.16,6.06,6.12,0
19410611,6.11,6.15,6.09,6.13,0
19410612,6.12,6.18,6.12,6.16,0
19410613,6.18,6.18,6.12,6.15,0
19410614,6.15,6.15,6.13,6.14,0
19410616,6.13,6.16,6.12,6.13,0
19410617,6.13,6.19,6.13,6.18,0
19410618,6.18,6.23,6.18,6.19,0
19410619,6.18,6.19,6.13,6.18,0
19410620,6.16,6.16,6.09,6.10,0
19410621,6.11,6.14,6.11,6.12,0
19410623,6.20,6.28,6.20,6.23,0
19410624,6.22,6.22,6.17,6.18,0
19410625,6.19,6.21,6.17,6.20,0
19410626,6.20,6.23,6.20,6.23,0
19410627,6.22,6.22,6.18,6.20,0
19410628,6.20,6.21,6.18,6.19,0
19410630,6.19,6.20,6.16,6.18,0
19410701,6.17,6.18,6.14,6.16,0
19410702,6.17,6.22,6.17,6.21,0
19410703,6.20,6.24,6.19,6.22,0
19410705,6.21,6.23,6.21,6.23,0
19410707,6.25,6.34,6.25,6.34,0
19410708,6.39,6.48,6.38,6.46,0
19410709,6.46,6.52,6.43,6.46,0
19410710,6.47,6.51,6.44,6.48,0
19410711,6.46,6.50,6.44,6.46,0
19410712,6.48,6.48,6.46,6.47,0
19410714,6.48,6.49,6.45,6.48,0
19410715,6.49,6.53,6.46,6.50,0
19410716,6.49,6.51,6.46,6.47,0
19410717,6.47,6.47,6.42,6.43,0
19410718,6.42,6.47,6.42,6.46,0
19410719,6.48,6.50,6.48,6.50,0
19410721,6.52,6.60,6.50,6.59,0
19410722,6.58,6.66,6.57,6.59,0
19410723,6.59,6.60,6.55,6.57,0
19410724,6.57,6.57,6.52,6.54,0
19410725,6.55,6.56,6.51,6.53,0
19410726,6.53,6.57,6.52,6.56,0
19410728,6.54,6.62,6.54,6.61,0
19410729,6.64,6.66,6.59,6.60,0
19410730,6.58,6.58,6.53,6.57,0
19410731,6.58,6.60,6.55,6.57,0
19410801,6.56,6.56,6.50,6.54,0
19410802,6.53,6.54,6.52,6.53,0
19410804,6.55,6.57,6.52,6.55,0
19410805,6.56,6.58,6.53,6.56,0
19410806,6.56,6.58,6.53,6.56,0
19410807,6.55,6.57,6.53,6.55,0
19410808,6.51,6.52,6.47,6.48,0
19410809,6.47,6.47,6.42,6.43,0
19410811,6.45,6.46,6.41,6.43,0
19410812,6.44,6.45,6.40,6.43,0
19410813,6.41,6.42,6.39,6.40,0
19410814,6.41,6.45,6.41,6.43,0
19410815,6.42,6.42,6.35,6.36,0
19410816,6.38,6.39,6.38,6.39,0
19410818,6.41,6.45,6.41,6.43,0
19410819,6.44,6.45,6.42,6.44,0
19410820,6.45,6.49,6.44,6.47,0
19410821,6.46,6.48,6.45,6.46,0
19410822,6.46,6.46,6.43,6.45,0
19410823,6.46,6.47,6.46,6.46,0
19410825,6.47,6.49,6.45,6.47,0
19410826,6.50,6.54,6.50,6.52,0
19410827,6.50,6.54,6.50,6.53,0
19410828,6.53,6.57,6.53,6.55,0
19410829,6.57,6.57,6.54,6.55,0
19410830,6.55,6.57,6.55,6.56,0
19410902,6.56,6.60,6.56,6.59,0
19410903,6.57,6.58,6.53,6.55,0
19410904,6.55,6.55,6.52,6.53,0
19410905,6.53,6.53,6.50,6.51,0
19410906,6.51,6.53,6.51,6.52,0
19410908,6.52,6.55,6.50,6.53,0
19410909,6.52,6.56,6.50,6.51,0
19410910,6.51,6.51,6.46,6.46,0
19410911,6.50,6.55,6.49,6.54,0
19410912,6.54,6.56,6.53,6.54,0
19410913,6.55,6.56,6.54,6.55,0
19410915,6.55,6.56,6.54,6.55,0
19410916,6.57,6.59,6.56,6.58,0
19410917,6.60,6.71,6.60,6.70,0
19410918,6.68,6.71,6.64,6.65,0
19410919,6.63,6.63,6.58,6.59,0
19410920,6.58,6.58,6.56,6.57,0
19410922,6.58,6.61,6.57,6.59,0
19410923,6.59,6.64,6.59,6.61,0
19410924,6.60,6.63,6.57,6.57,0
19410925,6.55,6.55,6.43,6.49,0
19410926,6.50,6.52,6.46,6.47,0
19410927,6.49,6.51,6.49,6.50,0
19410929,6.50,6.52,6.49,6.50,0
19410930,6.54,6.58,6.54,6.55,0
19411001,6.53,6.54,6.51,6.53,0
19411002,6.55,6.56,6.51,6.51,0
19411003,6.52,6.52,6.49,6.51,0
19411004,6.51,6.53,6.51,6.51,0
19411006,6.52,6.53,6.50,6.51,0
19411007,6.50,6.51,6.42,6.43,0
19411008,6.43,6.44,6.40,6.42,0
19411009,6.42,6.42,6.32,6.33,0
19411010,6.34,6.37,6.31,6.34,0
19411011,6.33,6.35,6.33,6.34,0
19411014,6.34,6.35,6.29,6.30,0
19411015,6.31,6.31,6.25,6.26,0
19411016,6.25,6.25,6.17,6.18,0
19411017,6.17,6.22,6.14,6.20,0
19411018,6.23,6.28,6.23,6.26,0
19411020,6.27,6.30,6.24,6.27,0
19411021,6.28,6.34,6.25,6.33,0
19411022,6.33,6.33,6.29,6.30,0
19411023,6.32,6.32,6.27,6.31,0
19411024,6.31,6.37,6.31,6.34,0
19411025,6.34,6.34,6.31,6.32,0
19411027,6.28,6.28,6.23,6.25,0
19411028,6.23,6.27,6.21,6.24,0
19411029,6.24,6.26,6.20,6.22,0
19411030,6.24,6.25,6.19,6.23,0
19411031,6.22,6.22,6.13,6.15,0
19411101,6.17,6.19,6.16,6.18,0
19411103,6.17,6.23,6.17,6.21,0
19411105,6.21,6.28,6.20,6.26,0
19411106,6.26,6.26,6.19,6.21,0
19411107,6.22,6.22,6.15,6.19,0
19411108,6.19,6.21,6.17,6.19,0
19411110,6.19,6.20,6.14,6.15,0
19411112,6.10,6.10,5.99,6.01,0
19411113,5.97,6.01,5.94,5.98,0
19411114,5.99,6.07,5.99,6.04,0
19411115,6.05,6.07,6.04,6.05,0
19411117,6.06,6.07,6.00,6.03,0
19411118,6.03,6.06,5.98,6.02,0
19411119,6.03,6.09,6.01,6.07,0
19411121,6.08,6.12,6.05,6.10,0
19411122,6.12,6.13,6.10,6.11,0
19411124,6.11,6.16,6.10,6.12,0
19411125,6.10,6.12,6.05,6.09,0
19411126,6.10,6.10,6.02,6.04,0
19411127,6.01,6.05,5.97,6.00,0
19411128,5.99,6.00,5.91,5.94,0
19411129,5.96,5.96,5.92,5.93,0
19411201,5.95,5.98,5.89,5.92,0
19411202,5.94,6.05,5.94,6.04,0
19411203,6.05,6.12,6.03,6.11,0
19411204,6.13,6.17,6.09,6.12,0
19411205,6.11,6.11,6.05,6.08,0
19411206,6.09,6.14,6.08,6.13,0
19411208,6.02,6.02,5.81,5.86,0
19411209,5.84,5.85,5.58,5.67,0
19411210,5.69,5.71,5.56,5.67,0
19411211,5.67,5.81,5.64,5.77,0
19411212,5.72,5.77,5.65,5.71,0
19411213,5.70,5.76,5.68,5.71,0
19411215,5.69,5.75,5.66,5.71,0
19411216,5.72,5.78,5.67,5.70,0
19411217,5.69,5.70,5.58,5.61,0
19411218,5.62,5.64,5.51,5.56,0
19411219,5.56,5.62,5.53,5.57,0
19411220,5.59,5.61,5.55,5.56,0
19411222,5.57,5.62,5.49,5.51,0
19411223,5.51,5.54,5.46,5.50,0
19411224,5.49,5.55,5.45,5.51,0
19411226,5.51,5.57,5.47,5.53,0
19411227,5.52,5.59,5.48,5.55,0
19411229,5.49,5.56,5.44,5.50,0
19411230,5.55,5.78,5.55,5.74,0
19411231,5.72,5.76,5.65,5.71,0
19420102,5.75,5.86,5.71,5.84,0
19420103,5.86,5.91,5.86,5.90,0
19420105,5.96,6.01,5.92,5.97,0
19420106,5.96,6.00,5.91,5.95,0
19420107,5.96,5.96,5.89,5.92,0
19420108,5.90,5.90,5.82,5.84,0
19420109,5.85,5.87,5.79,5.82,0
19420110,5.80,5.82,5.76,5.78,0
19420112,5.80,5.85,5.78,5.81,0
19420113,5.85,5.94,5.85,5.93,0
19420114,5.92,5.97,5.90,5.93,0
19420115,5.94,5.96,5.92,5.94,0
19420116,5.96,5.96,5.88,5.89,0
19420117,5.88,5.88,5.85,5.86,0
19420119,5.88,5.92,5.85,5.89,0
19420120,5.89,5.92,5.86,5.88,0
19420121,5.84,5.84,5.77,5.79,0
19420122,5.80,5.80,5.76,5.79,0
19420123,5.80,5.82,5.77,5.81,0
19420124,5.82,5.85,5.82,5.84,0
19420126,5.83,5.91,5.83,5.90,0
19420127,5.91,5.93,5.89,5.91,0
19420128,5.90,5.91,5.84,5.87,0
19420129,5.87,5.88,5.84,5.86,0
19420130,5.84,5.86,5.80,5.82,0
19420131,5.80,5.80,5.78,5.79,0
19420202,5.79,5.82,5.79,5.81,0
19420203,5.82,5.86,5.82,5.85,0
19420204,5.86,5.91,5.85,5.89,0
19420205,5.90,5.92,5.87,5.88,0
19420206,5.86,5.87,5.80,5.82,0
19420207,5.82,5.82,5.80,5.82,0
19420209,5.78,5.78,5.73,5.74,0
19420210,5.72,5.72,5.63,5.67,0
19420211,5.67,5.69,5.63,5.65,0
19420213,5.65,5.68,5.63,5.67,0
19420214,5.68,5.71,5.68,5.71,0
19420216,5.68,5.72,5.65,5.68,0
19420217,5.67,5.67,5.57,5.58,0
19420218,5.57,5.59,5.53,5.57,0
19420219,5.57,5.61,5.55,5.59,0
19420220,5.59,5.59,5.55,5.57,0
19420221,5.57,5.60,5.55,5.59,0
19420224,5.57,5.64,5.57,5.60,0
19420225,5.58,5.60,5.55,5.56,0
19420226,5.59,5.61,5.57,5.60,0
19420227,5.63,5.66,5.63,5.64,0
19420228,5.63,5.66,5.63,5.64,0
19420302,5.61,5.61,5.54,5.57,0
19420303,5.59,5.67,5.57,5.65,0
19420304,5.64,5.64,5.58,5.59,0
19420305,5.56,5.56,5.49,5.51,0
19420306,5.47,5.47,5.36,5.36,0
19420307,5.39,5.43,5.37,5.41,0
19420309,5.40,5.43,5.36,5.39,0
19420310,5.38,5.39,5.34,5.35,0
19420311,5.34,5.34,5.24,5.24,0
19420312,5.24,5.30,5.20,5.24,0
19420313,5.25,5.32,5.24,5.28,0
19420314,5.28,5.28,5.26,5.27,0
19420316,5.28,5.34,5.27,5.34,0
19420317,5.36,5.46,5.36,5.45,0
19420318,5.44,5.45,5.38,5.39,0
19420319,5.40,5.42,5.37,5.39,0
19420320,5.36,5.36,5.31,5.33,0
19420321,5.34,5.35,5.32,5.34,0
19420323,5.34,5.38,5.34,5.36,0
19420324,5.36,5.42,5.34,5.40,0
19420325,5.39,5.40,5.36,5.36,0
19420326,5.36,5.36,5.32,5.34,0
19420327,5.34,5.34,5.28,5.29,0
19420328,5.29,5.30,5.28,5.29,0
19420330,5.30,5.32,5.28,5.30,0
19420331,5.29,5.30,5.25,5.26,0
19420401,5.26,5.30,5.25,5.29,0
19420402,5.29,5.35,5.29,5.33,0
19420404,5.32,5.34,5.32,5.33,0
19420406,5.32,5.40,5.32,5.39,0
19420407,5.39,5.41,5.35,5.36,0
19420408,5.38,5.38,5.32,5.33,0
19420409,5.30,5.30,5.24,5.25,0
19420410,5.24,5.27,5.22,5.24,0
19420411,5.24,5.24,5.22,5.23,0
19420413,5.24,5.25,5.22,5.23,0
19420414,5.21,5.21,5.14,5.14,0
19420415,5.12,5.17,5.10,5.13,0
19420416,5.15,5.17,5.12,5.14,0
19420417,5.14,5.14,5.05,5.06,0
19420418,5.07,5.12,5.07,5.10,0
19420420,5.10,5.13,5.08,5.12,0
19420421,5.12,5.16,5.12,5.13,0
19420422,5.13,5.14,5.10,5.12,0
19420423,5.08,5.08,4.97,4.99,0
19420424,5.00,5.00,4.93,4.96,0
19420425,4.96,4.99,4.95,4.97,0
19420427,4.97,5.01,4.94,4.95,0
19420428,4.95,4.95,4.89,4.91,0
19420429,4.91,5.03,4.89,5.00,0
19420430,4.99,5.05,4.99,5.03,0
19420501,5.05,5.09,5.03,5.07,0
19420502,5.08,5.11,5.08,5.09,0
19420504,5.09,5.13,5.08,5.11,0
19420505,5.09,5.14,5.08,5.12,0
19420506,5.15,5.16,5.09,5.12,0
19420507,5.14,5.20,5.14,5.18,0
19420508,5.18,5.22,5.17,5.18,0
19420509,5.20,5.25,5.20,5.22,0
19420511,5.23,5.27,5.22,5.26,0
19420512,5.25,5.26,5.20,5.22,0
19420513,5.18,5.18,5.12,5.13,0
19420514,5.12,5.13,5.08,5.12,0
19420515,5.14,5.19,5.14,5.18,0
19420516,5.20,5.23,5.20,5.22,0
19420518,5.21,5.24,5.19,5.22,0
19420519,5.24,5.24,5.18,5.20,0
19420520,5.18,5.20,5.14,5.18,0
19420521,5.18,5.29,5.18,5.27,0
19420522,5.29,5.30,5.24,5.26,0
19420523,5.25,5.26,5.24,5.26,0
19420525,5.25,5.26,5.22,5.24,0
19420526,5.24,5.29,5.24,5.25,0
19420527,5.27,5.37,5.26,5.36,0
19420528,5.38,5.40,5.35,5.37,0
19420529,5.36,5.37,5.33,5.35,0
19420601,5.36,5.40,5.36,5.38,0
19420602,5.38,5.39,5.35,5.37,0
19420603,5.37,5.42,5.35,5.41,0
19420604,5.42,5.50,5.42,5.49,0
19420605,5.46,5.54,5.46,5.50,0
19420606,5.51,5.53,5.50,5.52,0
19420608,5.52,5.58,5.52,5.56,0
19420609,5.54,5.58,5.50,5.51,0
19420610,5.52,5.52,5.45,5.48,0
19420611,5.49,5.51,5.46,5.50,0
19420612,5.49,5.49,5.44,5.46,0
19420613,5.48,5.50,5.47,5.49,0
19420615,5.49,5.51,5.49,5.50,0
19420616,5.50,5.53,5.50,5.51,0
19420617,5.52,5.61,5.52,5.60,0
19420618,5.61,5.62,5.56,5.58,0
19420619,5.56,5.56,5.50,5.52,0
19420620,5.51,5.51,5.49,5.50,0
19420622,5.46,5.46,5.38,5.42,0
19420623,5.41,5.44,5.41,5.42,0
19420624,5.41,5.42,5.38,5.39,0
19420625,5.40,5.42,5.36,5.40,0
19420626,5.42,5.44,5.39,5.41,0
19420627,5.41,5.43,5.40,5.42,0
19420629,5.41,5.46,5.41,5.44,0
19420630,5.45,5.46,5.43,5.45,0
19420701,5.44,5.44,5.39,5.41,0
19420702,5.44,5.50,5.42,5.49,0
19420703,5.50,5.56,5.50,5.54,0
19420706,5.54,5.62,5.54,5.60,0
19420707,5.60,5.62,5.56,5.59,0
19420708,5.62,5.73,5.60,5.73,0
19420709,5.74,5.81,5.72,5.79,0
19420710,5.79,5.79,5.73,5.78,0
19420711,5.76,5.77,5.75,5.76,0
19420713,5.76,5.76,5.71,5.73,0
19420714,5.77,5.81,5.72,5.79,0
19420715,5.79,5.83,5.78,5.80,0
19420716,5.79,5.81,5.75,5.79,0
19420717,5.79,5.79,5.72,5.73,0
19420718,5.71,5.72,5.70,5.71,0
19420720,5.73,5.76,5.72,5.75,0
19420721,5.74,5.77,5.73,5.76,0
19420722,5.76,5.79,5.73,5.74,0
19420723,5.73,5.73,5.65,5.66,0
19420724,5.68,5.68,5.63,5.67,0
19420725,5.66,5.68,5.66,5.67,0
19420727,5.66,5.68,5.65,5.67,0
19420728,5.67,5.67,5.65,5.66,0
19420729,5.62,5.62,5.56,5.57,0
19420730,5.60,5.61,5.56,5.58,0
19420731,5.61,5.66,5.61,5.62,0
19420801,5.61,5.63,5.61,5.62,0
19420803,5.62,5.64,5.61,5.63,0
19420804,5.64,5.65,5.60,5.62,0
19420805,5.58,5.58,5.54,5.56,0
19420806,5.56,5.57,5.54,5.56,0
19420807,5.56,5.59,5.54,5.58,0
19420808,5.58,5.58,5.56,5.57,0
19420810,5.57,5.58,5.56,5.57,0
19420811,5.57,5.60,5.57,5.59,0
19420812,5.58,5.60,5.56,5.59,0
19420813,5.59,5.62,5.58,5.61,0
19420814,5.62,5.66,5.62,5.63,0
19420815,5.64,5.66,5.64,5.65,0
19420817,5.67,5.69,5.65,5.68,0
19420818,5.70,5.74,5.70,5.73,0
19420819,5.74,5.76,5.69,5.73,0
19420820,5.73,5.73,5.69,5.71,0
19420821,5.71,5.73,5.69,5.72,0
19420822,5.71,5.73,5.71,5.72,0
19420824,5.73,5.75,5.71,5.73,0
19420825,5.71,5.71,5.67,5.68,0
19420826,5.65,5.65,5.59,5.61,0
19420827,5.62,5.65,5.62,5.64,0
19420828,5.64,5.67,5.64,5.65,0
19420829,5.65,5.67,5.65,5.66,0
19420831,5.67,5.69,5.65,5.66,0
19420901,5.66,5.67,5.63,5.66,0
19420902,5.65,5.68,5.65,5.67,0
19420903,5.67,5.67,5.65,5.66,0
19420904,5.65,5.67,5.64,5.65,0
19420905,5.65,5.67,5.65,5.66,0
19420908,5.66,5.71,5.66,5.70,0
19420909,5.69,5.70,5.66,5.67,0
19420910,5.67,5.67,5.63,5.63,0
19420911,5.63,5.63,5.59,5.61,0
19420912,5.61,5.62,5.61,5.61,0
19420914,5.61,5.62,5.60,5.61,0
19420915,5.63,5.65,5.63,5.64,0
19420916,5.63,5.66,5.62,5.65,0
19420917,5.64,5.65,5.63,5.64,0
19420918,5.65,5.69,5.65,5.69,0
19420919,5.69,5.69,5.68,5.68,0
19420921,5.67,5.69,5.67,5.68,0
19420922,5.69,5.71,5.68,5.70,0
19420923,5.71,5.75,5.71,5.75,0
19420924,5.78,5.83,5.77,5.82,0
19420925,5.83,5.86,5.82,5.84,0
19420926,5.84,5.84,5.82,5.83,0
19420928,5.82,5.86,5.82,5.84,0
19420929,5.83,5.84,5.80,5.81,0
19420930,5.82,5.82,5.79,5.81,0
19421001,5.83,5.87,5.83,5.86,0
19421002,5.88,5.96,5.88,5.94,0
19421003,5.93,5.97,5.93,5.96,0
19421005,5.96,6.01,5.95,5.99,0
19421006,6.01,6.03,5.98,5.99,0
19421007,6.00,6.03,5.99,6.02,0
19421008,6.02,6.12,6.02,6.11,0
19421009,6.12,6.18,6.11,6.13,0
19421010,6.13,6.18,6.13,6.18,0
19421013,6.20,6.25,6.19,6.20,0
19421014,6.20,6.22,6.15,6.19,0
19421015,6.18,6.18,6.10,6.11,0
19421016,6.12,6.15,6.09,6.14,0
19421017,6.14,6.14,6.12,6.13,0
19421019,6.12,6.15,6.11,6.14,0
19421020,6.17,6.23,6.17,6.22,0
19421021,6.22,6.26,6.18,6.21,0
19421022,6.22,6.22,6.17,6.21,0
19421023,6.19,6.22,6.17,6.19,0
19421024,6.19,6.21,6.18,6.20,0
19421026,6.21,6.24,6.19,6.22,0
19421027,6.23,6.23,6.14,6.17,0
19421028,6.16,6.16,6.09,6.11,0
19421029,6.11,6.12,6.08,6.11,0
19421030,6.12,6.15,6.11,6.14,0
19421031,6.16,6.19,6.16,6.18,0
19421102,6.19,6.24,6.18,6.22,0
19421104,6.20,6.25,6.18,6.20,0
19421105,6.20,6.23,6.17,6.21,0
19421106,6.22,6.30,6.22,6.29,0
19421107,6.30,6.35,6.30,6.33,0
19421109,6.34,6.41,6.32,6.36,0
19421110,6.36,6.36,6.30,6.31,0
19421112,6.31,6.36,6.28,6.32,0
19421113,6.29,6.31,6.26,6.28,0
19421114,6.28,6.29,6.26,6.28,0
19421116,6.25,6.26,6.21,6.22,0
19421117,6.21,6.24,6.14,6.14,0
19421118,6.16,6.20,6.14,6.17,0
19421119,6.16,6.18,6.14,6.16,0
19421120,6.18,6.24,6.18,6.22,0
19421121,6.22,6.24,6.22,6.23,0
19421123,6.20,6.20,6.12,6.15,0
19421124,6.16,6.16,6.11,6.14,0
19421125,6.11,6.14,6.08,6.11,0
19421127,6.08,6.14,6.08,6.13,0
19421128,6.12,6.14,6.11,6.13,0
19421130,6.12,6.12,6.07,6.10,0
19421201,6.08,6.12,6.07,6.09,0
19421202,6.08,6.13,6.07,6.11,0
19421203,6.13,6.17,6.11,6.13,0
19421204,6.14,6.15,6.10,6.13,0
19421205,6.12,6.15,6.12,6.14,0
19421207,6.12,6.14,6.09,6.11,0
19421208,6.10,6.16,6.10,6.14,0
19421209,6.14,6.17,6.12,6.14,0
19421210,6.14,6.17,6.12,6.15,0
19421211,6.16,6.20,6.12,6.15,0
19421212,6.16,6.18,6.15,6.17,0
19421214,6.18,6.20,6.15,6.18,0
19421215,6.17,6.21,6.16,6.20,0
19421216,6.20,6.26,6.20,6.25,0
19421217,6.28,6.38,6.25,6.36,0
19421218,6.34,6.40,6.32,6.35,0
19421219,6.38,6.38,6.35,6.37,0
19421221,6.36,6.39,6.32,6.35,0
19421222,6.36,6.39,6.33,6.35,0
19421223,6.33,6.39,6.32,6.37,0
19421224,6.38,6.41,6.35,6.39,0
19421226,6.39,6.42,6.38,6.41,0
19421228,6.40,6.41,6.32,6.33,0
19421229,6.34,6.37,6.28,6.33,0
19421230,6.34,6.42,6.33,6.41,0
19421231,6.42,6.46,6.40,6.41,0
19430102,6.44,6.47,6.44,6.46,0
19430104,6.49,6.54,6.48,6.51,0
19430105,6.53,6.54,6.48,6.50,0
19430106,6.49,6.52,6.47,6.49,0
19430107,6.51,6.53,6.47,6.50,0
19430108,6.51,6.53,6.49,6.51,0
19430109,6.50,6.52,6.50,6.52,0
19430111,6.50,6.55,6.50,6.53,0
19430112,6.51,6.54,6.48,6.51,0
19430113,6.51,6.54,6.50,6.52,0
19430114,6.53,6.57,6.52,6.56,0
19430115,6.57,6.62,6.57,6.61,0
19430116,6.62,6.63,6.61,6.62,0
19430118,6.63,6.64,6.61,6.63,0
19430119,6.62,6.62,6.55,6.56,0
19430120,6.56,6.58,6.52,6.57,0
19430121,6.60,6.68,6.60,6.67,0
19430122,6.65,6.71,6.63,6.66,0
19430123,6.67,6.69,6.66,6.68,0
19430125,6.67,6.76,6.66,6.74,0
19430126,6.74,6.79,6.74,6.77,0
19430127,6.78,6.79,6.70,6.77,0
19430128,6.76,6.79,6.72,6.77,0
19430129,6.78,6.84,6.76,6.83,0
19430130,6.84,6.86,6.83,6.85,0
19430201,6.86,6.90,6.83,6.88,0
19430202,6.88,6.91,6.86,6.88,0
19430203,6.84,6.85,6.78,6.83,0
19430204,6.85,6.85,6.80,6.82,0
19430205,6.83,6.88,6.81,6.87,0
19430206,6.87,6.89,6.85,6.87,0
19430208,6.88,6.89,6.84,6.86,0
19430209,6.88,6.93,6.86,6.91,0
19430210,6.92,6.99,6.91,6.96,0
19430211,6.96,6.99,6.94,6.97,0
19430213,6.96,7.02,6.96,7.00,0
19430215,7.03,7.09,7.03,7.06,0
19430216,7.07,7.08,7.01,7.05,0
19430217,7.05,7.08,7.03,7.06,0
19430218,7.03,7.03,6.94,6.96,0
19430219,6.97,6.98,6.89,6.95,0
19430220,6.97,7.04,6.96,7.03,0
19430223,7.02,7.09,6.99,7.08,0
19430224,7.07,7.13,7.05,7.11,0
19430225,7.14,7.18,7.12,7.16,0
19430226,7.18,7.19,7.13,7.16,0
19430227,7.16,7.19,7.15,7.17,0
19430301,7.16,7.19,7.10,7.12,0
19430302,7.10,7.10,7.03,7.07,0
19430303,7.08,7.17,7.08,7.16,0
19430304,7.15,7.22,7.15,7.17,0
19430305,7.19,7.22,7.16,7.20,0
19430306,7.21,7.24,7.20,7.21,0
19430308,7.18,7.21,7.15,7.17,0
19430309,7.17,7.17,7.08,7.13,0
19430310,7.13,7.13,7.06,7.10,0
19430311,7.10,7.18,7.09,7.17,0
19430312,7.18,7.24,7.17,7.20,0
19430313,7.20,7.22,7.20,7.20,0
19430315,7.20,7.21,7.16,7.19,0
19430316,7.19,7.20,7.15,7.17,0
19430317,7.16,7.16,7.08,7.12,0
19430318,7.09,7.12,7.07,7.10,0
19430319,7.10,7.12,7.07,7.08,0
19430320,7.09,7.09,7.05,7.07,0
19430322,7.09,7.12,7.07,7.11,0
19430323,7.10,7.15,7.10,7.12,0
19430324,7.11,7.16,7.09,7.14,0
19430325,7.17,7.30,7.17,7.29,0
19430326,7.30,7.38,7.30,7.35,0
19430327,7.33,7.38,7.33,7.37,0
19430329,7.40,7.49,7.40,7.47,0
19430330,7.50,7.55,7.46,7.54,0
19430331,7.54,7.55,7.49,7.53,0
19430401,7.53,7.55,7.49,7.53,0
19430402,7.55,7.55,7.48,7.51,0
19430403,7.53,7.54,7.50,7.52,0
19430405,7.48,7.57,7.48,7.53,0
19430406,7.61,7.67,7.59,7.64,0
19430407,7.64,7.64,7.55,7.60,0
19430408,7.56,7.60,7.51,7.53,0
19430409,7.39,7.39,7.22,7.23,0
19430410,7.25,7.29,7.21,7.26,0
19430412,7.26,7.33,7.22,7.24,0
19430413,7.24,7.25,7.15,7.23,0
19430414,7.26,7.34,7.26,7.32,0
19430415,7.34,7.41,7.34,7.37,0
19430416,7.37,7.38,7.31,7.35,0
19430417,7.36,7.40,7.36,7.39,0
19430419,7.39,7.42,7.36,7.38,0
19430420,7.37,7.38,7.33,7.36,0
19430421,7.38,7.45,7.38,7.42,0
19430422,7.43,7.48,7.42,7.44,0
19430424,7.44,7.46,7.42,7.44,0
19430426,7.44,7.47,7.42,7.44,0
19430427,7.43,7.46,7.41,7.44,0
19430428,7.46,7.47,7.41,7.44,0
19430429,7.45,7.53,7.45,7.51,0
19430430,7.49,7.55,7.48,7.51,0
19430501,7.51,7.57,7.50,7.55,0
19430503,7.59,7.68,7.58,7.66,0
19430504,7.64,7.71,7.63,7.68,0
19430505,7.72,7.75,7.68,7.72,0
19430506,7.72,7.76,7.70,7.75,0
19430507,7.74,7.74,7.63,7.65,0
19430508,7.66,7.74,7.66,7.72,0
19430510,7.73,7.79,7.72,7.75,0
19430511,7.73,7.74,7.67,7.72,0
19430512,7.70,7.73,7.67,7.69,0
19430513,7.73,7.75,7.69,7.71,0
19430514,7.63,7.63,7.53,7.57,0
19430515,7.56,7.60,7.55,7.59,0
19430517,7.60,7.60,7.54,7.58,0
19430518,7.58,7.66,7.57,7.64,0
19430519,7.66,7.73,7.65,7.71,0
19430520,7.71,7.76,7.68,7.69,0
19430521,7.69,7.71,7.65,7.69,0
19430522,7.69,7.70,7.67,7.68,0
19430524,7.67,7.69,7.65,7.67,0
19430525,7.67,7.70,7.63,7.69,0
19430526,7.68,7.77,7.68,7.75,0
19430527,7.75,7.80,7.73,7.76,0
19430528,7.76,7.80,7.73,7.78,0
19430529,7.78,7.83,7.78,7.82,0
19430601,7.85,7.89,7.83,7.87,0
19430602,7.87,7.92,7.84,7.87,0
19430603,7.88,7.92,7.83,7.90,0
19430604,7.89,7.90,7.84,7.86,0
19430605,7.89,7.93,7.89,7.92,0
19430607,7.91,7.91,7.82,7.84,0
19430608,7.81,7.82,7.75,7.79,0
19430609,7.81,7.83,7.76,7.82,0
19430610,7.82,7.87,7.80,7.83,0
19430611,7.81,7.82,7.77,7.79,0
19430612,7.81,7.82,7.78,7.80,0
19430614,7.76,7.76,7.65,7.66,0
19430615,7.67,7.70,7.63,7.69,0
19430616,7.68,7.75,7.68,7.70,0
19430617,7.71,7.74,7.70,7.71,0
19430618,7.72,7.73,7.69,7.71,0
19430619,7.71,7.73,7.69,7.71,0
19430621,7.71,7.71,7.64,7.67,0
19430622,7.67,7.70,7.63,7.68,0
19430623,7.62,7.68,7.62,7.66,0
19430624,7.64,7.71,7.63,7.70,0
19430625,7.79,7.88,7.79,7.86,0
19430626,7.87,7.91,7.87,7.89,0
19430628,7.92,7.97,7.90,7.93,0
19430629,7.92,7.94,7.88,7.91,0
19430630,7.90,7.96,7.90,7.95,0
19430701,7.94,7.97,7.92,7.95,0
19430702,7.94,7.97,7.92,7.95,0
19430703,7.96,7.98,7.94,7.96,0
19430706,7.95,7.99,7.94,7.96,0
19430707,7.96,7.96,7.91,7.94,0
19430708,7.94,7.97,7.93,7.95,0
19430709,7.95,7.99,7.93,7.98,0
19430710,7.99,8.01,7.97,7.99,0
19430712,8.01,8.04,7.99,8.03,0
19430713,8.04,8.09,8.03,8.08,0
19430714,8.10,8.15,8.09,8.12,0
19430715,8.13,8.16,8.07,8.08,0
19430716,8.06,8.11,8.04,8.06,0
19430717,8.08,8.09,8.06,8.07,0
19430719,8.06,8.09,8.04,8.06,0
19430720,8.05,8.06,7.99,8.01,0
19430721,8.03,8.05,8.00,8.03,0
19430722,8.03,8.05,8.01,8.03,0
19430723,8.03,8.05,8.01,8.03,0
19430724,8.01,8.03,8.00,8.02,0
19430726,7.99,7.99,7.88,7.90,0
19430727,7.83,7.83,7.64,7.65,0
19430728,7.69,7.71,7.57,7.62,0
19430729,7.69,7.78,7.69,7.75,0
19430730,7.72,7.74,7.58,7.60,0
19430731,7.54,7.54,7.47,7.49,0
19430802,7.47,7.49,7.35,7.36,0
19430803,7.43,7.54,7.43,7.52,0
19430804,7.52,7.59,7.52,7.56,0
19430805,7.54,7.55,7.51,7.53,0
19430806,7.52,7.52,7.44,7.46,0
19430807,7.46,7.46,7.42,7.44,0
19430809,7.45,7.49,7.42,7.43,0
19430810,7.45,7.52,7.45,7.50,0
19430811,7.53,7.58,7.53,7.56,0
19430812,7.53,7.55,7.50,7.51,0
19430813,7.53,7.59,7.53,7.58,0
19430814,7.60,7.60,7.57,7.58,0
19430816,7.57,7.59,7.54,7.56,0
19430817,7.59,7.63,7.58,7.61,0
19430818,7.58,7.65,7.58,7.63,0
19430819,7.64,7.65,7.61,7.62,0
19430820,7.64,7.64,7.55,7.56,0
19430821,7.52,7.52,7.49,7.50,0
19430823,7.46,7.46,7.38,7.42,0
19430824,7.45,7.50,7.45,7.48,0
19430825,7.47,7.51,7.47,7.49,0
19430826,7.50,7.52,7.49,7.52,0
19430827,7.49,7.49,7.45,7.46,0
19430828,7.47,7.48,7.46,7.47,0
19430830,7.47,7.48,7.44,7.46,0
19430831,7.51,7.56,7.51,7.54,0
19430901,7.55,7.59,7.55,7.57,0
19430902,7.57,7.59,7.55,7.57,0
19430903,7.55,7.57,7.52,7.55,0
19430904,7.56,7.58,7.56,7.57,0
19430907,7.55,7.58,7.55,7.57,0
19430908,7.56,7.57,7.50,7.53,0
19430909,7.56,7.63,7.56,7.61,0
19430910,7.61,7.64,7.59,7.62,0
19430911,7.61,7.62,7.61,7.61,0
19430913,7.62,7.62,7.59,7.61,0
19430914,7.61,7.62,7.57,7.59,0
19430915,7.60,7.63,7.58,7.60,0
19430916,7.60,7.65,7.60,7.65,0
19430917,7.66,7.73,7.66,7.72,0
19430918,7.74,7.80,7.74,7.79,0
19430920,7.78,7.84,7.78,7.80,0
19430921,7.83,7.83,7.78,7.81,0
19430922,7.81,7.82,7.76,7.79,0
19430923,7.76,7.77,7.69,7.72,0
19430924,7.72,7.74,7.70,7.72,0
19430925,7.71,7.71,7.70,7.71,0
19430927,7.69,7.69,7.63,7.65,0
19430928,7.64,7.67,7.62,7.64,0
19430929,7.63,7.67,7.62,7.66,0
19430930,7.68,7.72,7.67,7.70,0
19431001,7.69,7.72,7.68,7.70,0
19431002,7.70,7.71,7.68,7.70,0
19431004,7.69,7.69,7.64,7.66,0
19431005,7.64,7.65,7.61,7.62,0
19431006,7.61,7.61,7.53,7.54,0
19431007,7.49,7.49,7.41,7.43,0
19431008,7.44,7.49,7.44,7.46,0
19431009,7.49,7.51,7.49,7.51,0
19431011,7.47,7.48,7.43,7.45,0
19431013,7.45,7.47,7.42,7.45,0
19431014,7.45,7.50,7.44,7.48,0
19431015,7.50,7.55,7.50,7.53,0
19431016,7.53,7.56,7.53,7.55,0
19431018,7.54,7.56,7.52,7.54,0
19431019,7.56,7.59,7.54,7.58,0
19431020,7.59,7.62,7.58,7.60,0
19431021,7.57,7.57,7.51,7.53,0
19431022,7.54,7.57,7.54,7.56,0
19431023,7.56,7.57,7.55,7.56,0
19431025,7.56,7.58,7.53,7.55,0
19431026,7.55,7.60,7.55,7.58,0
19431027,7.58,7.64,7.58,7.62,0
19431028,7.62,7.64,7.59,7.60,0
19431029,7.61,7.61,7.55,7.57,0
19431030,7.57,7.58,7.56,7.57,0
19431101,7.56,7.59,7.54,7.57,0
19431103,7.54,7.57,7.47,7.48,0
19431104,7.47,7.51,7.41,7.42,0
19431105,7.40,7.42,7.34,7.36,0
19431106,7.38,7.38,7.36,7.37,0
19431108,7.33,7.33,7.12,7.15,0
19431109,7.16,7.20,7.12,7.17,0
19431110,7.21,7.28,7.21,7.24,0
19431112,7.19,7.21,7.13,7.16,0
19431113,7.16,7.16,7.13,7.14,0
19431115,7.15,7.16,7.11,7.14,0
19431116,7.12,7.14,7.08,7.10,0
19431117,7.12,7.12,7.04,7.06,0
19431118,7.04,7.10,7.04,7.08,0
19431119,7.09,7.18,7.09,7.17,0
19431120,7.18,7.21,7.18,7.20,0
19431122,7.20,7.21,7.17,7.19,0
19431123,7.17,7.18,7.15,7.16,0
19431124,7.14,7.17,7.10,7.12,0
19431126,7.11,7.12,7.05,7.07,0
19431127,7.05,7.07,7.03,7.05,0
19431129,7.03,7.03,6.96,6.96,0
19431130,7.00,7.02,6.94,6.98,0
19431201,7.00,7.08,7.00,7.05,0
19431202,7.05,7.12,7.05,7.11,0
19431203,7.10,7.13,7.08,7.11,0
19431204,7.12,7.13,7.10,7.12,0
19431206,7.11,7.17,7.10,7.14,0
19431207,7.15,7.21,7.14,7.20,0
19431208,7.23,7.30,7.23,7.28,0
19431209,7.25,7.28,7.21,7.23,0
19431210,7.22,7.29,7.21,7.27,0
19431211,7.27,7.30,7.26,7.29,0
19431213,7.29,7.32,7.24,7.26,0
19431214,7.27,7.27,7.22,7.24,0
19431215,7.24,7.25,7.21,7.24,0
19431216,7.21,7.29,7.21,7.27,0
19431217,7.30,7.33,7.28,7.31,0
19431218,7.31,7.35,7.31,7.34,0
19431220,7.34,7.38,7.33,7.36,0
19431221,7.35,7.37,7.32,7.34,0
19431222,7.31,7.35,7.30,7.33,0
19431223,7.33,7.35,7.30,7.32,0
19431224,7.33,7.35,7.32,7.33,0
19431227,7.33,7.35,7.30,7.32,0
19431228,7.31,7.31,7.24,7.25,0
19431229,7.27,7.30,7.22,7.25,0
19431230,7.32,7.39,7.32,7.38,0
19431231,7.39,7.41,7.35,7.37,0
19440103,7.36,7.39,7.34,7.36,0
19440104,7.39,7.46,7.39,7.46,0
19440105,7.49,7.56,7.49,7.54,0
19440106,7.53,7.54,7.50,7.51,0
19440107,7.52,7.53,7.48,7.50,0
19440108,7.52,7.53,7.50,7.52,0
19440110,7.51,7.51,7.47,7.49,0
19440111,7.51,7.56,7.51,7.54,0
19440112,7.52,7.54,7.48,7.49,0
19440113,7.50,7.50,7.46,7.47,0
19440114,7.46,7.51,7.45,7.51,0
19440115,7.53,7.56,7.53,7.55,0
19440117,7.55,7.56,7.52,7.54,0
19440118,7.53,7.54,7.50,7.52,0
19440119,7.53,7.55,7.50,7.53,0
19440120,7.51,7.55,7.51,7.53,0
19440121,7.55,7.56,7.52,7.54,0
19440122,7.55,7.57,7.54,7.56,0
19440124,7.55,7.57,7.52,7.54,0
19440125,7.54,7.55,7.52,7.54,0
19440126,7.52,7.52,7.46,7.46,0
19440127,7.46,7.48,7.44,7.45,0
19440128,7.47,7.51,7.47,7.50,0
19440129,7.50,7.51,7.48,7.50,0
19440131,7.51,7.55,7.49,7.53,0
19440201,7.50,7.53,7.50,7.51,0
19440202,7.52,7.52,7.48,7.50,0
19440203,7.49,7.49,7.42,7.43,0
19440204,7.42,7.42,7.36,7.37,0
19440205,7.39,7.41,7.38,7.39,0
19440207,7.40,7.40,7.34,7.35,0
19440208,7.38,7.43,7.38,7.42,0
19440209,7.43,7.44,7.41,7.42,0
19440210,7.45,7.48,7.43,7.48,0
19440211,7.49,7.51,7.46,7.47,0
19440214,7.47,7.49,7.46,7.47,0
19440215,7.48,7.54,7.48,7.53,0
19440216,7.52,7.55,7.49,7.51,0
19440217,7.53,7.58,7.51,7.56,0
19440218,7.53,7.54,7.49,7.51,0
19440219,7.52,7.52,7.50,7.51,0
19440221,7.51,7.52,7.49,7.50,0
19440223,7.52,7.57,7.51,7.56,0
19440224,7.57,7.60,7.56,7.58,0
19440225,7.58,7.59,7.55,7.58,0
19440226,7.58,7.59,7.58,7.58,0
19440228,7.58,7.60,7.57,7.59,0
19440229,7.57,7.58,7.53,7.55,0
19440301,7.57,7.60,7.55,7.58,0
19440302,7.57,7.60,7.57,7.59,0
19440303,7.61,7.62,7.59,7.60,0
19440304,7.59,7.61,7.59,7.61,0
19440306,7.61,7.64,7.61,7.63,0
19440307,7.63,7.70,7.63,7.68,0
19440308,7.68,7.76,7.68,7.75,0
19440309,7.74,7.75,7.71,7.73,0
19440310,7.70,7.76,7.69,7.74,0
19440311,7.75,7.78,7.75,7.77,0
19440313,7.80,7.86,7.80,7.83,0
19440314,7.84,7.84,7.80,7.83,0
19440315,7.85,7.88,7.83,7.87,0
19440316,7.86,7.90,7.85,7.87,0
19440317,7.89,7.91,7.86,7.89,0
19440318,7.88,7.88,7.84,7.85,0
19440320,7.84,7.84,7.80,7.82,0
19440321,7.84,7.87,7.82,7.86,0
19440322,7.86,7.89,7.83,7.84,0
19440323,7.82,7.83,7.75,7.76,0
19440324,7.76,7.80,7.76,7.78,0
19440325,7.78,7.79,7.77,7.77,0
19440327,7.77,7.80,7.76,7.77,0
19440328,7.76,7.78,7.67,7.69,0
19440329,7.70,7.71,7.65,7.67,0
19440330,7.68,7.75,7.68,7.73,0
19440331,7.71,7.75,7.71,7.72,0
19440401,7.74,7.75,7.73,7.74,0
19440403,7.73,7.73,7.67,7.69,0
19440404,7.69,7.72,7.68,7.70,0
19440405,7.70,7.72,7.69,7.71,0
19440406,7.71,7.76,7.71,7.75,0
19440408,7.75,7.78,7.75,7.77,0
19440410,7.76,7.78,7.74,7.76,0
19440411,7.78,7.79,7.75,7.76,0
19440412,7.75,7.77,7.71,7.71,0
19440413,7.71,7.71,7.68,7.70,0
19440414,7.70,7.72,7.69,7.70,0
19440415,7.70,7.72,7.70,7.72,0
19440417,7.72,7.72,7.68,7.70,0
19440418,7.66,7.66,7.56,7.56,0
19440419,7.57,7.58,7.52,7.54,0
19440420,7.57,7.62,7.57,7.60,0
19440421,7.61,7.63,7.60,7.61,0
19440422,7.61,7.62,7.60,7.61,0
19440424,7.60,7.60,7.53,7.53,0
19440425,7.54,7.57,7.53,7.55,0
19440426,7.57,7.61,7.57,7.59,0
19440427,7.61,7.65,7.61,7.63,0
19440428,7.66,7.69,7.65,7.67,0
19440429,7.67,7.68,7.67,7.67,0
19440501,7.68,7.73,7.68,7.73,0
19440502,7.72,7.75,7.71,7.73,0
19440503,7.75,7.80,7.74,7.78,0
19440504,7.76,7.78,7.75,7.77,0
19440505,7.76,7.83,7.76,7.82,0
19440506,7.83,7.84,7.81,7.83,0
19440508,7.84,7.85,7.81,7.83,0
19440509,7.82,7.84,7.80,7.82,0
19440510,7.82,7.84,7.80,7.82,0
19440511,7.83,7.84,7.81,7.83,0
19440512,7.79,7.83,7.76,7.78,0
19440513,7.76,7.77,7.75,7.76,0
19440515,7.77,7.79,7.76,7.77,0
19440516,7.79,7.81,7.77,7.78,0
19440517,7.80,7.84,7.80,7.83,0
19440518,7.84,7.87,7.82,7.85,0
19440519,7.86,7.88,7.84,7.87,0
19440520,7.87,7.88,7.86,7.87,0
19440522,7.88,7.89,7.86,7.88,0
19440523,7.88,7.92,7.86,7.90,0
19440524,7.91,7.96,7.91,7.94,0
19440525,7.93,7.95,7.90,7.93,0
19440526,7.91,7.95,7.90,7.94,0
19440527,7.95,7.97,7.94,7.96,0
19440529,7.96,7.99,7.95,7.98,0
19440531,7.99,8.04,7.98,8.03,0
19440601,8.01,8.05,8.00,8.01,0
19440602,8.00,8.02,7.98,8.00,0
19440603,8.00,8.02,7.99,8.01,0
19440605,8.00,8.01,7.95,7.96,0
19440606,7.98,8.06,7.94,8.02,0
19440607,8.02,8.05,7.99,8.01,0
19440608,7.99,8.02,7.96,7.98,0
19440609,7.98,8.01,7.97,8.00,0
19440610,8.02,8.05,8.02,8.04,0
19440612,8.12,8.19,8.12,8.18,0
19440613,8.18,8.27,8.18,8.24,0
19440614,8.26,8.29,8.22,8.26,0
19440615,8.25,8.33,8.24,8.30,0
19440616,8.30,8.40,8.30,8.37,0
19440617,8.37,8.41,8.37,8.39,0
19440619,8.40,8.49,8.40,8.45,0
19440620,8.46,8.50,8.42,8.47,0
19440621,8.49,8.52,8.42,8.45,0
19440622,8.45,8.47,8.41,8.44,0
19440623,8.44,8.45,8.41,8.43,0
19440624,8.44,8.44,8.41,8.44,0
19440626,8.45,8.51,8.45,8.49,0
19440627,8.49,8.54,8.47,8.51,0
19440628,8.50,8.50,8.44,8.47,0
19440629,8.45,8.48,8.42,8.47,0
19440630,8.47,8.51,8.47,8.49,0
19440701,8.50,8.52,8.48,8.50,0
19440703,8.54,8.60,8.53,8.58,0
19440705,8.61,8.67,8.61,8.63,0
19440706,8.63,8.66,8.57,8.60,0
19440707,8.60,8.63,8.58,8.62,0
19440708,8.64,8.68,8.64,8.67,0
19440710,8.67,8.72,8.67,8.70,0
19440711,8.71,8.72,8.65,8.69,0
19440712,8.69,8.73,8.66,8.70,0
19440713,8.69,8.71,8.65,8.67,0
19440714,8.67,8.71,8.65,8.68,0
19440715,8.68,8.70,8.68,8.69,0
19440717,8.67,8.67,8.57,8.60,0
19440718,8.57,8.57,8.50,8.52,0
19440719,8.53,8.61,8.53,8.58,0
19440720,8.55,8.59,8.50,8.51,0
19440721,8.46,8.46,8.38,8.40,0
19440722,8.39,8.39,8.31,8.32,0
19440724,8.34,8.38,8.32,8.35,0
19440725,8.37,8.43,8.37,8.42,0
19440726,8.41,8.46,8.39,8.40,0
19440727,8.39,8.42,8.37,8.40,0
19440728,8.39,8.39,8.34,8.36,0
19440729,8.36,8.37,8.35,8.36,0
19440731,8.37,8.39,8.36,8.37,0
19440801,8.40,8.44,8.39,8.42,0
19440802,8.42,8.46,8.42,8.44,0
19440803,8.41,8.43,8.37,8.39,0
19440804,8.37,8.38,8.30,8.31,0
19440805,8.35,8.35,8.31,8.33,0
19440807,8.34,8.38,8.33,8.35,0
19440808,8.34,8.36,8.30,8.32,0
19440809,8.37,8.39,8.34,8.36,0
19440810,8.39,8.44,8.39,8.43,0
19440811,8.44,8.49,8.44,8.47,0
19440812,8.46,8.48,8.46,8.48,0
19440814,8.47,8.50,8.46,8.48,0
19440815,8.50,8.50,8.45,8.48,0
19440816,8.48,8.53,8.47,8.52,0
19440817,8.52,8.58,8.52,8.58,0
19440818,8.59,8.64,8.59,8.62,0
19440821,8.61,8.63,8.57,8.58,0
19440822,8.56,8.56,8.51,8.52,0
19440823,8.53,8.56,8.52,8.54,0
19440824,8.53,8.53,8.47,8.49,0
19440825,8.48,8.49,8.44,8.47,0
19440828,8.48,8.49,8.45,8.47,0
19440829,8.49,8.52,8.48,8.50,0
19440830,8.51,8.54,8.50,8.52,0
19440831,8.51,8.51,8.48,8.49,0
19440901,8.51,8.54,8.49,8.52,0
19440905,8.50,8.52,8.46,8.47,0
19440906,8.38,8.38,8.26,8.27,0
19440907,8.27,8.27,8.18,8.24,0
19440908,8.24,8.28,8.21,8.23,0
19440909,8.25,8.25,8.21,8.23,0
19440911,8.24,8.30,8.24,8.28,0
19440912,8.30,8.34,8.30,8.32,0
19440913,8.30,8.31,8.24,8.24,0
19440914,8.22,8.22,8.18,8.20,0
19440915,8.23,8.28,8.23,8.27,0
19440916,8.30,8.32,8.30,8.31,0
19440918,8.31,8.33,8.29,8.33,0
19440919,8.36,8.42,8.36,8.40,0
19440920,8.40,8.44,8.39,8.42,0
19440921,8.42,8.43,8.38,8.39,0
19440922,8.40,8.43,8.39,8.41,0
19440923,8.43,8.45,8.42,8.44,0
19440925,8.45,8.51,8.45,8.49,0
19440926,8.49,8.51,8.46,8.47,0
19440927,8.49,8.50,8.46,8.48,0
19440928,8.46,8.47,8.43,8.45,0
19440929,8.47,8.50,8.45,8.49,0
19440930,8.49,8.53,8.49,8.52,0
19441002,8.52,8.55,8.50,8.53,0
19441003,8.53,8.55,8.51,8.53,0
19441004,8.52,8.60,8.52,8.58,0
19441005,8.60,8.66,8.59,8.64,0
19441006,8.64,8.67,8.63,8.65,0
19441007,8.67,8.68,8.65,8.68,0
19441009,8.65,8.65,8.60,8.60,0
19441010,8.62,8.65,8.60,8.63,0
19441011,8.66,8.70,8.65,8.69,0
19441013,8.70,8.72,8.68,8.70,0
19441014,8.70,8.71,8.69,8.69,0
19441016,8.68,8.69,8.65,8.65,0
19441017,8.67,8.70,8.66,8.69,0
19441018,8.71,8.76,8.71,8.74,0
19441019,8.74,8.75,8.69,8.72,0
19441020,8.74,8.74,8.70,8.71,0
19441021,8.71,8.72,8.71,8.72,0
19441023,8.67,8.68,8.55,8.57,0
19441024,8.59,8.61,8.55,8.59,0
19441025,8.60,8.62,8.56,8.59,0
19441026,8.56,8.58,8.51,8.53,0
19441027,8.52,8.55,8.48,8.54,0
19441028,8.56,8.58,8.56,8.57,0
19441030,8.57,8.57,8.53,8.55,0
19441031,8.55,8.60,8.55,8.57,0
19441101,8.59,8.62,8.58,8.60,0
19441102,8.61,8.67,8.61,8.65,0
19441103,8.67,8.68,8.63,8.65,0
19441104,8.66,8.68,8.65,8.67,0
19441106,8.67,8.72,8.65,8.70,0
19441108,8.71,8.71,8.65,8.69,0
19441109,8.69,8.72,8.66,8.71,0
19441110,8.70,8.74,8.69,8.72,0
19441113,8.71,8.72,8.63,8.65,0
19441114,8.62,8.62,8.53,8.54,0
19441115,8.52,8.54,8.50,8.52,0
19441116,8.53,8.56,8.51,8.53,0
19441117,8.52,8.54,8.49,8.52,0
19441118,8.53,8.56,8.52,8.54,0
19441120,8.54,8.58,8.53,8.56,0
19441121,8.58,8.64,8.58,8.62,0
19441122,8.64,8.67,8.62,8.63,0
19441124,8.61,8.62,8.57,8.59,0
19441125,8.58,8.61,8.57,8.60,0
19441127,8.60,8.64,8.58,8.62,0
19441128,8.60,8.63,8.59,8.61,0
19441129,8.62,8.68,8.61,8.66,0
19441130,8.68,8.70,8.64,8.65,0
19441201,8.63,8.65,8.61,8.63,0
19441202,8.64,8.67,8.63,8.65,0
19441204,8.67,8.72,8.65,8.71,0
19441205,8.73,8.78,8.72,8.75,0
19441206,8.74,8.77,8.70,8.75,0
19441207,8.75,8.79,8.74,8.77,0
19441208,8.77,8.86,8.76,8.84,0
19441209,8.86,8.90,8.86,8.88,0
19441211,8.88,8.93,8.85,8.90,0
19441212,8.90,8.92,8.86,8.88,0
19441213,8.89,8.90,8.84,8.86,0
19441214,8.87,8.90,8.85,8.89,0
19441215,8.89,9.00,8.89,8.98,0
19441216,8.98,9.02,8.97,8.99,0
19441218,8.97,8.97,8.91,8.93,0
19441219,8.95,8.98,8.91,8.96,0
19441220,8.95,8.95,8.88,8.90,0
19441221,8.90,8.90,8.86,8.88,0
19441222,8.88,8.92,8.87,8.89,0
19441223,8.90,8.93,8.90,8.91,0
19441226,8.87,8.87,8.81,8.83,0
19441227,8.84,8.84,8.75,8.79,0
19441228,8.78,8.90,8.77,8.88,0
19441229,8.93,9.04,8.93,9.01,0
19441230,9.00,9.04,9.00,9.01,0
19450102,9.02,9.06,8.98,9.04,0
19450103,9.07,9.16,9.07,9.14,0
19450104,9.15,9.19,9.12,9.16,0
19450105,9.16,9.20,9.12,9.14,0
19450106,9.14,9.14,9.10,9.12,0
19450108,9.15,9.23,9.15,9.22,0
19450109,9.22,9.27,9.20,9.23,0
19450110,9.26,9.32,9.22,9.30,0
19450111,9.28,9.34,9.26,9.29,0
19450112,9.29,9.31,9.24,9.27,0
19450113,9.26,9.29,9.25,9.28,0
19450115,9.26,9.26,9.18,9.21,0
19450116,9.22,9.23,9.17,9.20,0
19450117,9.22,9.31,9.22,9.27,0
19450118,9.27,9.28,9.19,9.23,0
19450119,9.19,9.19,9.12,9.14,0
19450120,9.12,9.12,9.07,9.08,0
19450122,9.07,9.07,8.99,9.05,0
19450123,9.02,9.08,8.97,8.99,0
19450124,9.02,9.06,8.96,9.02,0
19450125,9.02,9.09,9.02,9.07,0
19450126,9.11,9.18,9.11,9.16,0
19450127,9.17,9.22,9.17,9.20,0
19450129,9.22,9.23,9.17,9.22,0
19450130,9.20,9.23,9.15,9.16,0
19450131,9.16,9.19,9.11,9.17,0
19450201,9.19,9.22,9.16,9.20,0
19450202,9.22,9.28,9.19,9.27,0
19450203,9.28,9.31,9.27,9.30,0
19450205,9.30,9.36,9.29,9.34,0
19450206,9.35,9.38,9.34,9.36,0
19450207,9.37,9.41,9.35,9.38,0
19450208,9.39,9.42,9.36,9.38,0
19450209,9.37,9.37,9.30,9.33,0
19450210,9.34,9.36,9.32,9.34,0
19450213,9.40,9.49,9.40,9.48,0
19450214,9.49,9.57,9.49,9.53,0
19450215,9.53,9.61,9.53,9.60,0
19450216,9.59,9.62,9.55,9.59,0
19450217,9.60,9.62,9.59,9.60,0
19450219,9.62,9.69,9.60,9.66,0
19450220,9.67,9.72,9.65,9.70,0
19450221,9.68,9.71,9.59,9.69,0
19450223,9.71,9.72,9.64,9.67,0
19450224,9.66,9.67,9.63,9.64,0
19450226,9.64,9.65,9.57,9.62,0
19450227,9.65,9.71,9.63,9.70,0
19450228,9.72,9.80,9.72,9.77,0
19450301,9.77,9.81,9.75,9.79,0
19450302,9.77,9.77,9.70,9.73,0
19450303,9.74,9.74,9.71,9.73,0
19450305,9.71,9.79,9.71,9.78,0
19450306,9.78,9.87,9.77,9.83,0
19450307,9.83,9.88,9.81,9.83,0
19450308,9.80,9.80,9.62,9.66,0
19450309,9.58,9.58,9.43,9.45,0
19450310,9.47,9.54,9.46,9.52,0
19450312,9.54,9.60,9.54,9.57,0
19450313,9.60,9.61,9.53,9.57,0
19450314,9.58,9.62,9.56,9.59,0
19450315,9.59,9.66,9.59,9.63,0
19450316,9.62,9.67,9.62,9.65,0
19450317,9.65,9.65,9.63,9.65,0
19450319,9.65,9.66,9.57,9.60,0
19450320,9.54,9.54,9.45,9.47,0
19450321,9.43,9.43,9.30,9.38,0
19450322,9.39,9.41,9.35,9.37,0
19450323,9.39,9.44,9.37,9.42,0
19450324,9.39,9.39,9.32,9.34,0
19450326,9.25,9.25,9.14,9.18,0
19450327,9.21,9.28,9.17,9.23,0
19450328,9.26,9.33,9.26,9.31,0
19450329,9.31,9.36,9.30,9.33,0
19450331,9.34,9.37,9.33,9.36,0
19450402,9.36,9.46,9.36,9.45,0
19450403,9.44,9.51,9.44,9.46,0
19450404,9.46,9.48,9.43,9.45,0
19450405,9.44,9.46,9.37,9.38,0
19450406,9.40,9.46,9.38,9.45,0
19450407,9.49,9.52,9.49,9.50,0
19450409,9.50,9.52,9.47,9.48,0
19450410,9.49,9.54,9.46,9.52,0
19450411,9.57,9.66,9.57,9.66,0
19450412,9.62,9.69,9.62,9.65,0
19450413,9.67,9.77,9.62,9.76,0
19450416,9.85,9.98,9.85,9.96,0
19450417,9.96,10.04,9.94,9.97,0
19450418,9.99,10.10,9.98,10.07,0
19450419,10.01,10.06,9.95,9.97,0
19450420,9.99,10.02,9.94,9.96,0
19450421,9.98,10.01,9.97,10.01,0
19450423,10.03,10.09,10.02,10.06,0
19450424,10.07,10.13,10.05,10.11,0
19450425,10.12,10.13,10.05,10.09,0
19450426,10.11,10.11,10.00,10.07,0
19450427,10.07,10.14,10.07,10.12,0
19450428,10.13,10.19,10.13,10.18,0
19450430,10.17,10.24,10.13,10.21,0
19450501,10.20,10.25,10.15,10.18,0
19450502,10.18,10.20,10.14,10.17,0
19450503,10.19,10.25,10.18,10.24,0
19450504,10.25,10.30,10.22,10.28,0
19450505,10.27,10.31,10.27,10.30,0
19450507,10.30,10.34,10.24,10.29,0
19450508,10.32,10.36,10.26,10.31,0
19450509,10.28,10.30,10.20,10.21,0
19450510,10.17,10.17,10.05,10.08,0
19450511,10.07,10.11,10.04,10.08,0
19450512,10.11,10.16,10.11,10.16,0
19450514,10.12,10.14,10.07,10.09,0
19450515,10.10,10.15,10.07,10.12,0
19450516,10.11,10.17,10.09,10.13,0
19450517,10.15,10.23,10.13,10.19,0
19450518,10.20,10.28,10.20,10.26,0
19450519,10.26,10.30,10.26,10.28,0
19450521,10.26,10.28,10.20,10.23,0
19450522,10.23,10.27,10.20,10.22,0
19450523,10.22,10.22,10.11,10.15,0
19450524,10.16,10.18,10.11,10.15,0
19450525,10.17,10.24,10.17,10.21,0
19450526,10.21,10.29,10.21,10.27,0
19450528,10.28,10.42,10.28,10.38,0
19450529,10.38,10.47,10.38,10.44,0
19450531,10.42,10.44,10.35,10.37,0
19450601,10.40,10.42,10.35,10.39,0
19450602,10.42,10.44,10.39,10.41,0
19450604,10.40,10.43,10.36,10.40,0
19450605,10.39,10.43,10.36,10.39,0
19450606,10.39,10.40,10.30,10.35,0
19450607,10.36,10.38,10.32,10.35,0
19450608,10.36,10.38,10.31,10.33,0
19450609,10.33,10.34,10.32,10.34,0
19450611,10.34,10.36,10.29,10.30,0
19450612,10.32,10.35,10.30,10.33,0
19450613,10.35,10.40,10.34,10.38,0
19450614,10.40,10.45,10.38,10.42,0
19450615,10.42,10.49,10.41,10.46,0
19450616,10.48,10.50,10.46,10.48,0
19450618,10.49,10.50,10.44,10.45,0
19450619,10.45,10.50,10.43,10.47,0
19450620,10.48,10.54,10.46,10.52,0
19450621,10.55,10.62,10.54,10.57,0
19450622,10.60,10.64,10.56,10.59,0
19450623,10.59,10.63,10.59,10.61,0
19450625,10.61,10.66,10.61,10.64,0
19450626,10.64,10.70,10.62,10.66,0
19450627,10.65,10.68,10.62,10.64,0
19450628,10.60,10.60,10.40,10.43,0
19450629,10.41,10.41,10.27,10.31,0
19450630,10.34,10.40,10.34,10.38,0
19450702,10.39,10.48,10.39,10.43,0
19450703,10.44,10.47,10.41,10.43,0
19450705,10.38,10.38,10.29,10.31,0
19450706,10.32,10.38,10.27,10.35,0
19450709,10.32,10.46,10.32,10.44,0
19450710,10.45,10.53,10.45,10.48,0
19450711,10.49,10.51,10.42,10.45,0
19450712,10.46,10.50,10.39,10.48,0
19450713,10.47,10.50,10.43,10.46,0
19450716,10.44,10.46,10.36,10.38,0
19450717,10.33,10.33,10.15,10.15,0
19450718,10.16,10.20,10.05,10.12,0
19450719,10.14,10.22,10.14,10.19,0
19450720,10.21,10.23,10.16,10.19,0
19450723,10.14,10.16,10.08,10.09,0
19450724,10.11,10.13,10.07,10.11,0
19450725,10.13,10.22,10.13,10.21,0
19450726,10.13,10.13,9.99,10.00,0
19450727,10.05,10.08,10.00,10.05,0
19450730,10.08,10.19,10.08,10.16,0
19450731,10.16,10.23,10.16,10.20,0
19450801,10.23,10.25,10.19,10.22,0
19450802,10.19,10.21,10.14,10.18,0
19450803,10.19,10.23,10.17,10.22,0
19450806,10.24,10.29,10.22,10.25,0
19450807,10.20,10.20,10.09,10.11,0
19450808,10.12,10.19,10.10,10.14,0
19450809,10.13,10.32,10.09,10.30,0
19450810,10.27,10.39,10.24,10.30,0
19450813,10.24,10.24,10.10,10.18,0
19450814,10.21,10.27,10.20,10.25,0
19450817,10.22,10.30,10.16,10.19,0
19450820,10.12,10.14,10.01,10.04,0
19450821,10.06,10.11,10.01,10.08,0
19450822,10.09,10.18,10.09,10.15,0
19450823,10.20,10.38,10.20,10.36,0
19450824,10.36,10.51,10.35,10.50,0
19450827,10.54,10.68,10.54,10.65,0
19450828,10.67,10.73,10.64,10.69,0
19450829,10.69,10.71,10.63,10.68,0
19450830,10.70,10.73,10.66,10.72,0
19450831,10.48,10.59,10.48,10.58,0
19450904,10.86,10.89,10.80,10.83,0
19450905,10.82,10.87,10.78,10.85,0
19450906,10.88,11.00,10.88,10.99,0
19450907,10.95,11.05,10.94,10.99,0
19450908,10.98,11.03,10.98,11.01,0
19450910,11.03,11.08,11.00,11.03,0
19450911,11.05,11.11,11.01,11.10,0
19450912,11.07,11.17,11.07,11.15,0
19450913,11.18,11.19,11.12,11.15,0
19450914,11.15,11.15,11.06,11.09,0
19450915,10.95,10.95,10.87,10.88,0
19450917,10.87,10.87,10.76,10.85,0
19450918,10.92,11.08,10.92,11.07,0
19450919,11.10,11.21,11.10,11.17,0
19450920,11.18,11.25,11.13,11.22,0
19450921,11.19,11.23,11.11,11.16,0
19450922,11.16,11.16,11.12,11.14,0
19450924,11.14,11.16,11.09,11.14,0
19450925,11.16,11.22,11.13,11.15,0
19450926,11.18,11.18,11.09,11.15,0
19450927,11.14,11.16,11.06,11.11,0
19450928,11.16,11.26,11.16,11.24,0
19450929,11.27,11.34,11.27,11.32,0
19451001,11.35,11.47,11.35,11.44,0
19451002,11.42,11.52,11.40,11.45,0
19451003,11.46,11.48,11.36,11.43,0
19451004,11.44,11.47,11.38,11.43,0
19451005,11.44,11.52,11.41,11.48,0
19451006,11.51,11.55,11.51,11.54,0
19451008,11.53,11.60,11.52,11.57,0
19451009,11.61,11.64,11.53,11.60,0
19451010,11.61,11.68,11.58,11.65,0
19451011,11.66,11.66,11.58,11.63,0
19451015,11.66,11.69,11.62,11.64,0
19451016,11.64,11.67,11.57,11.64,0
19451017,11.66,11.73,11.62,11.70,0
19451018,11.70,11.79,11.67,11.74,0
19451019,11.74,11.79,11.64,11.65,0
19451020,11.67,11.70,11.64,11.69,0
19451022,11.65,11.75,11.63,11.74,0
19451023,11.71,11.73,11.56,11.65,0
19451024,11.59,11.59,11.43,11.47,0
19451025,11.48,11.57,11.46,11.53,0
19451026,11.53,11.63,11.51,11.59,0
19451029,11.58,11.61,11.48,11.50,0
19451030,11.52,11.54,11.43,11.52,0
19451031,11.56,11.72,11.52,11.71,0
19451101,11.75,11.89,11.75,11.87,0
19451102,11.87,11.91,11.79,11.86,0
19451103,11.86,11.88,11.83,11.86,0
19451105,11.86,11.93,11.83,11.92,0
19451107,11.94,12.11,11.94,12.06,0
19451108,12.04,12.09,11.97,12.02,0
19451109,12.05,12.10,11.99,12.04,0
19451110,12.05,12.06,12.01,12.04,0
19451113,12.05,12.12,11.97,12.00,0
19451114,11.99,11.99,11.87,11.94,0
19451115,11.95,12.06,11.94,12.03,0
19451116,12.06,12.18,12.05,12.12,0
19451117,12.11,12.15,12.10,12.13,0
19451119,12.16,12.18,12.03,12.11,0
19451120,12.14,12.21,12.08,12.17,0
19451121,12.12,12.12,11.97,12.00,0
19451123,11.97,11.97,11.85,11.88,0
19451124,11.83,11.83,11.76,11.80,0
19451126,11.83,11.97,11.83,11.95,0
19451127,11.99,12.12,11.99,12.10,0
19451128,12.06,12.13,12.01,12.04,0
19451129,12.04,12.05,11.97,12.02,0
19451130,12.03,12.15,12.03,12.13,0
19451201,12.15,12.22,12.15,12.20,0
19451203,12.23,12.35,12.21,12.31,0
19451204,12.33,12.36,12.24,12.30,0
19451205,12.29,12.33,12.21,12.29,0
19451206,12.32,12.41,12.29,12.36,0
19451207,12.37,12.43,12.33,12.39,0
19451208,12.42,12.49,12.42,12.47,0
19451210,12.46,12.56,12.44,12.49,0
19451211,12.45,12.51,12.37,12.47,0
19451212,12.37,12.37,12.23,12.28,0
19451213,12.25,12.29,12.18,12.22,0
19451214,12.25,12.27,12.19,12.24,0
19451215,12.23,12.28,12.23,12.26,0
19451217,12.14,12.14,11.95,11.98,0
19451218,12.06,12.14,11.99,12.10,0
19451219,12.12,12.15,12.07,12.10,0
19451220,12.07,12.07,11.99,12.02,0
19451221,12.04,12.05,11.92,12.02,0
19451222,12.10,12.17,12.10,12.15,0
19451226,12.25,12.37,12.25,12.32,0
19451227,12.26,12.33,12.21,12.23,0
19451228,12.25,12.29,12.21,12.26,0
19451229,12.27,12.33,12.26,12.29,0
19451231,12.29,12.33,12.25,12.30,0
19460102,12.28,12.28,12.19,12.22,0
19460103,12.26,12.28,12.13,12.23,0
19460104,12.23,12.26,12.17,12.21,0
19460105,12.22,12.27,12.21,12.26,0
19460107,12.24,12.30,12.21,12.26,0
19460108,12.36,12.55,12.36,12.53,0
19460109,12.58,12.79,12.58,12.72,0
19460110,12.68,12.84,12.68,12.80,0
19460111,12.80,12.90,12.76,12.85,0
19460112,12.82,12.82,12.71,12.80,0
19460114,12.88,13.03,12.88,12.99,0
19460115,12.94,13.07,12.93,13.01,0
19460116,12.98,13.07,12.90,13.03,0
19460117,13.02,13.10,12.96,13.00,0
19460118,13.05,13.07,12.88,12.97,0
19460119,12.88,12.88,12.77,12.83,0
19460121,12.67,12.67,12.50,12.57,0
19460122,12.61,12.70,12.55,12.66,0
19460123,12.72,12.85,12.70,12.81,0
19460124,12.77,12.90,12.76,12.85,0
19460125,12.86,12.86,12.74,12.82,0
19460126,12.80,12.86,12.78,12.83,0
19460128,13.04,13.26,13.04,13.20,0
19460129,13.19,13.31,13.13,13.24,0
19460130,13.19,13.27,13.07,13.16,0
19460131,13.17,13.20,13.06,13.17,0
19460201,13.15,13.24,13.08,13.22,0
19460202,13.20,13.28,13.20,13.27,0
19460204,13.28,13.31,13.16,13.20,0
19460205,13.21,13.28,13.13,13.26,0
19460206,13.24,13.28,13.15,13.17,0
19460207,13.20,13.21,13.07,13.17,0
19460208,13.20,13.23,13.11,13.16,0
19460209,13.11,13.11,12.99,13.04,0
19460211,13.02,13.04,12.90,12.94,0
19460213,12.89,12.89,12.69,12.75,0
19460214,12.76,12.92,12.75,12.83,0
19460215,12.95,13.12,12.95,13.08,0
19460216,13.18,13.29,13.18,13.22,0
19460218,13.20,13.20,12.99,13.04,0
19460219,12.83,12.83,12.48,12.56,0
19460220,12.49,12.49,12.24,12.32,0
19460221,12.41,12.62,12.41,12.57,0
19460225,12.43,12.43,11.98,12.00,0
19460226,12.01,12.06,11.81,11.93,0
19460227,12.06,12.21,12.06,12.17,0
19460228,12.20,12.30,12.14,12.26,0
19460301,12.26,12.29,12.18,12.21,0
19460302,12.16,12.16,12.10,12.13,0
19460304,12.14,12.16,12.02,12.13,0
19460305,12.15,12.30,12.15,12.26,0
19460306,12.21,12.24,12.14,12.20,0
19460307,12.23,12.34,12.23,12.31,0
19460308,12.31,12.46,12.31,12.41,0
19460309,12.39,12.45,12.38,12.44,0
19460311,12.44,12.45,12.30,12.34,0
19460312,12.33,12.39,12.29,12.37,0
19460313,12.34,12.34,12.08,12.18,0
19460314,12.16,12.25,12.09,12.13,0
19460315,12.16,12.30,12.14,12.27,0
19460316,12.29,12.39,12.29,12.38,0
19460318,12.40,12.51,12.40,12.47,0
19460319,12.47,12.53,12.37,12.39,0
19460320,12.39,12.51,12.36,12.48,0
19460321,12.49,12.59,12.47,12.57,0
19460322,12.54,12.63,12.48,12.57,0
19460323,12.58,12.65,12.58,12.63,0
19460325,12.68,12.85,12.68,12.83,0
19460326,12.83,12.91,12.79,12.83,0
19460327,12.82,12.82,12.69,12.75,0
19460328,12.77,12.78,12.68,12.73,0
19460329,12.72,12.86,12.72,12.81,0
19460330,12.83,12.86,12.81,12.84,0
19460401,12.87,12.88,12.79,12.83,0
19460402,12.80,12.87,12.79,12.84,0
19460403,12.84,13.07,12.84,13.06,0
19460404,13.10,13.26,13.10,13.20,0
19460405,13.22,13.25,13.10,13.17,0
19460406,13.12,13.19,13.12,13.17,0
19460408,13.20,13.27,13.16,13.23,0
19460409,13.24,13.45,13.24,13.41,0
19460410,13.37,13.42,13.32,13.37,0
19460411,13.40,13.40,13.29,13.34,0
19460412,13.33,13.40,13.29,13.34,0
19460413,13.28,13.28,13.23,13.25,0
19460415,13.23,13.26,13.14,13.23,0
19460416,13.30,13.45,13.30,13.41,0
19460417,13.40,13.49,13.33,13.39,0
19460418,13.40,13.48,13.37,13.43,0
19460420,13.45,13.48,13.41,13.43,0
19460422,13.43,13.48,13.38,13.42,0
19460423,13.44,13.45,13.31,13.39,0
19460424,13.34,13.39,13.24,13.26,0
19460425,13.24,13.24,13.08,13.18,0
19460426,13.21,13.24,13.11,13.21,0
19460427,13.24,13.35,13.24,13.32,0
19460429,13.31,13.37,13.25,13.31,0
19460430,13.30,13.37,13.25,13.34,0
19460501,13.36,13.36,13.27,13.30,0
19460502,13.28,13.33,13.21,13.24,0
19460503,13.19,13.19,13.08,13.13,0
19460504,13.11,13.11,13.06,13.09,0
19460506,13.07,13.07,12.89,12.99,0
19460507,12.99,13.20,12.93,13.16,0
19460508,13.09,13.19,13.02,13.14,0
19460509,13.12,13.15,13.01,13.12,0
19460510,13.14,13.37,13.14,13.33,0
19460511,13.37,13.44,13.37,13.41,0
19460513,13.42,13.44,13.32,13.37,0
19460514,13.32,13.33,13.23,13.28,0
19460515,13.28,13.29,13.12,13.18,0
19460516,13.19,13.28,13.15,13.26,0
19460517,13.21,13.26,13.16,13.23,0
19460518,13.21,13.21,13.15,13.18,0
19460520,13.18,13.28,13.13,13.26,0
19460521,13.28,13.37,13.25,13.29,0
19460522,13.34,13.41,13.31,13.38,0
19460523,13.36,13.44,13.31,13.36,0
19460524,13.39,13.40,13.26,13.36,0
19460527,13.40,13.52,13.40,13.46,0
19460528,13.52,13.70,13.51,13.66,0
19460529,13.65,13.76,13.56,13.70,0
19460531,13.66,13.71,13.57,13.65,0
19460603,13.61,13.62,13.52,13.56,0
19460604,13.57,13.57,13.41,13.47,0
19460605,13.41,13.50,13.37,13.40,0
19460606,13.41,13.42,13.31,13.39,0
19460607,13.37,13.43,13.30,13.40,0
19460610,13.38,13.46,13.36,13.42,0
19460611,13.38,13.41,13.26,13.28,0
19460612,13.31,13.33,13.21,13.31,0
19460613,13.30,13.43,13.30,13.38,0
19460614,13.39,13.45,13.34,13.38,0
19460617,13.41,13.46,13.37,13.39,0
19460618,13.36,13.36,13.19,13.21,0
19460619,13.21,13.21,13.10,13.13,0
19460620,13.17,13.17,12.82,12.84,0
19460621,12.82,13.00,12.72,12.98,0
19460624,12.98,13.08,12.96,13.01,0
19460625,12.99,13.01,12.89,12.92,0
19460626,12.93,12.96,12.80,12.90,0
19460627,12.96,13.14,12.96,13.10,0
19460628,13.09,13.18,13.04,13.13,0
19460701,13.16,13.34,13.16,13.21,0
19460702,13.19,13.25,13.14,13.20,0
19460703,13.14,13.20,13.13,13.17,0
19460705,13.16,13.17,13.12,13.13,0
19460708,13.09,13.13,13.07,13.08,0
19460709,13.10,13.18,13.07,13.15,0
19460710,13.16,13.21,13.12,13.17,0
19460711,13.18,13.18,13.08,13.10,0
19460712,13.10,13.10,12.93,13.02,0
19460715,13.00,13.01,12.76,12.79,0
19460716,12.82,12.85,12.73,12.80,0
19460717,12.79,12.91,12.79,12.88,0
19460718,12.88,12.96,12.83,12.86,0
19460719,12.86,12.88,12.79,12.81,0
19460722,12.81,12.85,12.74,12.78,0
19460723,12.69,12.69,12.37,12.39,0
19460724,12.39,12.47,12.34,12.41,0
19460725,12.42,12.56,12.41,12.47,0
19460726,12.47,12.60,12.47,12.55,0
19460729,12.55,12.65,12.55,12.59,0
19460730,12.58,12.70,12.58,12.66,0
19460731,12.66,12.84,12.63,12.80,0
19460801,12.80,12.88,12.78,12.84,0
19460802,12.82,12.88,12.78,12.85,0
19460805,12.83,12.84,12.74,12.77,0
19460806,12.76,12.78,12.68,12.73,0
19460807,12.76,12.86,12.74,12.86,0
19460808,12.85,12.94,12.85,12.91,0
19460809,12.90,12.93,12.84,12.87,0
19460812,12.91,12.92,12.86,12.89,0
19460813,12.93,13.03,12.92,13.00,0
19460814,13.01,13.04,12.95,12.98,0
19460815,12.92,12.92,12.82,12.83,0
19460816,12.77,12.77,12.69,12.72,0
19460819,12.73,12.77,12.62,12.70,0
19460820,12.70,12.79,12.70,12.78,0
19460821,12.74,12.81,12.63,12.65,0
19460822,12.61,12.61,12.38,12.53,0
19460823,12.48,12.60,12.48,12.54,0
19460826,12.51,12.59,12.44,12.46,0
19460827,12.36,12.36,12.01,12.07,0
19460828,12.00,12.02,11.77,11.94,0
19460829,11.93,12.09,11.91,11.96,0
19460830,11.96,11.96,11.77,11.88,0
19460903,11.67,11.67,11.01,11.08,0
19460904,11.15,11.17,10.84,11.03,0
19460905,11.21,11.45,11.21,11.41,0
19460906,11.38,11.41,11.20,11.30,0
19460909,11.05,11.05,10.62,10.71,0
19460910,10.71,10.76,10.37,10.41,0
19460911,10.47,10.81,10.47,10.74,0
19460912,10.74,10.82,10.61,10.72,0
19460913,10.82,10.96,10.77,10.93,0
19460916,10.92,11.11,10.90,10.99,0
19460917,10.96,10.98,10.81,10.91,0
19460918,10.84,10.84,10.52,10.56,0
19460919,10.47,10.47,10.16,10.23,0
19460920,10.24,10.55,10.22,10.49,0
19460923,10.45,10.63,10.26,10.29,0
19460924,10.37,10.57,10.22,10.51,0
19460925,10.56,10.80,10.56,10.78,0
19460926,10.78,10.93,10.69,10.90,0
19460927,10.85,10.86,10.75,10.79,0
19460930,10.75,10.75,10.56,10.68,0
19461001,10.71,10.71,10.58,10.65,0
19461002,10.67,10.78,10.66,10.74,0
19461003,10.77,10.79,10.67,10.70,0
19461004,10.66,10.66,10.53,10.58,0
19461005,10.54,10.54,10.48,10.50,0
19461007,10.51,10.56,10.43,10.50,0
19461008,10.48,10.54,10.36,10.38,0
19461009,10.29,10.29,10.06,10.09,0
19461010,10.12,10.27,10.03,10.24,0
19461011,10.30,10.49,10.30,10.45,0
19461014,10.39,10.55,10.36,10.51,0
19461015,10.76,10.97,10.76,10.93,0
19461016,10.98,11.06,10.87,10.89,0
19461017,10.84,10.84,10.65,10.72,0
19461018,10.70,10.75,10.61,10.70,0
19461019,10.69,10.69,10.65,10.67,0
19461021,10.68,10.76,10.64,10.72,0
19461022,10.67,10.70,10.56,10.63,0
19461023,10.59,10.59,10.43,10.55,0
19461024,10.61,10.62,10.51,10.56,0
19461025,10.58,10.58,10.44,10.51,0
19461026,10.51,10.51,10.48,10.50,0
19461028,10.44,10.44,10.29,10.29,0
19461029,10.31,10.34,10.18,10.19,0
19461030,10.24,10.31,10.01,10.24,0
19461031,10.33,10.64,10.33,10.61,0
19461101,10.63,10.80,10.63,10.77,0
19461102,10.81,10.87,10.79,10.85,0
19461104,10.87,11.04,10.87,10.96,0
19461106,10.83,10.87,10.46,10.49,0
19461107,10.53,10.64,10.45,10.57,0
19461108,10.55,10.68,10.55,10.62,0
19461109,10.69,10.77,10.69,10.75,0
19461112,10.74,10.85,10.65,10.68,0
19461113,10.63,10.63,10.48,10.59,0
19461114,10.58,10.68,10.54,10.65,0
19461115,10.61,10.65,10.48,10.53,0
19461116,10.55,10.55,10.51,10.53,0
19461118,10.50,10.50,10.38,10.43,0
19461119,10.42,10.45,10.32,10.42,0
19461120,10.41,10.41,10.30,10.34,0
19461121,10.28,10.28,10.13,10.16,0
19461122,10.14,10.16,10.03,10.11,0
19461123,10.17,10.28,10.17,10.25,0
19461125,10.23,10.29,10.19,10.24,0
19461126,10.24,10.39,10.24,10.34,0
19461127,10.35,10.47,10.35,10.41,0
19461129,10.41,10.53,10.40,10.50,0
19461130,10.50,10.55,10.47,10.50,0
19461202,10.43,10.43,10.28,10.33,0
19461203,10.33,10.40,10.25,10.37,0
19461204,10.40,10.58,10.36,10.53,0
19461205,10.50,10.52,10.39,10.48,0
19461206,10.50,10.55,10.45,10.52,0
19461207,10.56,10.63,10.56,10.60,0
19461209,10.81,11.01,10.81,10.96,0
19461210,10.96,11.04,10.89,10.96,0
19461211,10.98,11.03,10.91,10.99,0
19461212,10.96,10.96,10.80,10.84,0
19461213,10.86,10.89,10.78,10.86,0
19461214,10.87,10.94,10.85,10.92,0
19461216,10.89,10.97,10.87,10.91,0
19461217,10.89,10.92,10.83,10.87,0
19461218,10.87,10.94,10.82,10.89,0
19461219,10.94,11.11,10.94,11.06,0
19461220,11.06,11.14,11.03,11.10,0
19461221,11.11,11.14,11.09,11.13,0
19461223,11.09,11.11,11.01,11.03,0
19461224,11.03,11.03,10.96,11.01,0
19461226,10.99,10.99,10.85,10.89,0
19461227,10.85,10.91,10.76,10.88,0
19461228,10.89,10.92,10.86,10.90,0
19461230,10.84,10.91,10.80,10.86,0
19461231,10.89,11.00,10.87,10.96,0
19470102,10.94,10.97,10.87,10.89,0
19470103,10.91,10.95,10.80,10.93,0
19470104,10.96,10.98,10.94,10.96,0
19470106,10.98,11.10,10.98,11.06,0
19470107,11.04,11.09,10.96,10.98,0
19470108,11.01,11.07,10.95,11.04,0
19470109,11.05,11.11,11.04,11.07,0
19470110,10.99,11.01,10.88,10.93,0
19470111,10.88,10.88,10.76,10.77,0
19470113,10.74,10.74,10.52,10.61,0
19470114,10.66,10.70,10.59,10.66,0
19470115,10.62,10.68,10.57,10.60,0
19470116,10.61,10.62,10.49,10.60,0
19470117,10.68,10.82,10.68,10.81,0
19470118,10.89,10.98,10.89,10.92,0
19470120,10.87,10.87,10.76,10.78,0
19470121,10.78,10.78,10.69,10.75,0
19470122,10.78,10.82,10.73,10.80,0
19470123,10.83,10.93,10.81,10.91,0
19470124,10.90,10.94,10.86,10.92,0
19470125,10.91,10.92,10.88,10.90,0
19470127,10.90,11.04,10.88,11.02,0
19470128,11.03,11.13,11.02,11.11,0
19470129,11.15,11.27,11.11,11.24,0
19470130,11.24,11.30,11.19,11.21,0
19470131,11.21,11.31,11.20,11.26,0
19470201,11.29,11.34,11.26,11.31,0
19470203,11.29,11.39,11.28,11.36,0
19470204,11.36,11.44,11.32,11.38,0
19470205,11.43,11.49,11.38,11.45,0
19470206,11.45,11.45,11.35,11.41,0
19470207,11.46,11.62,11.44,11.60,0
19470208,11.60,11.68,11.60,11.65,0
19470210,11.61,11.63,11.52,11.55,0
19470211,11.59,11.64,11.47,11.61,0
19470213,11.59,11.59,11.43,11.46,0
19470214,11.45,11.45,11.35,11.42,0
19470215,11.42,11.42,11.39,11.41,0
19470217,11.38,11.46,11.35,11.43,0
19470218,11.46,11.50,11.40,11.44,0
19470219,11.37,11.37,11.24,11.30,0
19470220,11.33,11.37,11.22,11.32,0
19470221,11.31,11.41,11.31,11.38,0
19470224,11.35,11.36,11.27,11.29,0
19470225,11.28,11.30,11.12,11.15,0
19470226,11.14,11.14,10.97,11.03,0
19470227,11.09,11.19,11.09,11.16,0
19470228,11.12,11.17,11.06,11.12,0
19470301,11.11,11.15,11.09,11.13,0
19470303,11.10,11.13,11.05,11.11,0
19470304,11.09,11.14,11.03,11.11,0
19470305,11.16,11.27,11.13,11.24,0
19470306,11.25,11.32,11.21,11.29,0
19470307,11.19,11.19,10.92,10.94,0
19470308,10.96,10.96,10.87,10.89,0
19470310,10.87,10.90,10.80,10.83,0
19470311,10.83,10.83,10.70,10.74,0
19470312,10.75,10.86,10.73,10.81,0
19470313,10.80,10.84,10.76,10.78,0
19470314,10.76,10.76,10.63,10.67,0
19470315,10.68,10.68,10.64,10.67,0
19470317,10.64,10.75,10.64,10.70,0
19470318,10.74,10.86,10.73,10.84,0
19470319,10.85,10.96,10.85,10.89,0
19470320,10.91,10.93,10.85,10.89,0
19470321,10.93,11.03,10.93,11.02,0
19470322,11.01,11.04,11.01,11.03,0
19470324,10.98,10.99,10.91,10.92,0
19470325,10.92,10.95,10.84,10.86,0
19470326,10.90,11.03,10.86,11.01,0
19470327,11.04,11.16,11.04,11.14,0
19470328,11.12,11.15,11.06,11.09,0
19470329,11.09,11.09,11.05,11.07,0
19470331,11.05,11.06,10.96,10.97,0
19470401,11.00,11.03,10.94,11.02,0
19470402,11.03,11.08,10.99,11.01,0
19470403,11.03,11.03,10.93,10.99,0
19470405,10.96,10.99,10.96,10.98,0
19470407,10.95,10.95,10.86,10.89,0
19470408,10.87,10.87,10.70,10.74,0
19470409,10.72,10.75,10.67,10.73,0
19470410,10.70,10.79,10.70,10.74,0
19470411,10.70,10.75,10.63,10.66,0
19470412,10.61,10.61,10.53,10.55,0
19470414,10.47,10.47,10.21,10.24,0
19470415,10.25,10.33,10.17,10.25,0
19470416,10.27,10.40,10.25,10.36,0
19470417,10.36,10.40,10.31,10.34,0
19470418,10.29,10.33,10.19,10.21,0
19470419,10.29,10.41,10.26,10.40,0
19470421,10.46,10.60,10.46,10.48,0
19470422,10.47,10.58,10.46,10.56,0
19470423,10.57,10.62,10.51,10.57,0
19470424,10.55,10.58,10.49,10.51,0
19470425,10.52,10.53,10.42,10.44,0
19470426,10.43,10.46,10.43,10.45,0
19470428,10.44,10.49,10.41,10.43,0
19470429,10.47,10.50,10.37,10.45,0
19470430,10.47,10.61,10.47,10.58,0
19470501,10.59,10.71,10.59,10.66,0
19470502,10.64,10.80,10.64,10.74,0
19470503,10.75,10.79,10.74,10.78,0
19470505,10.77,10.84,10.75,10.79,0
19470506,10.74,10.74,10.61,10.67,0
19470507,10.69,10.70,10.64,10.66,0
19470508,10.67,10.69,10.59,10.61,0
19470509,10.64,10.68,10.57,10.63,0
19470510,10.64,10.65,10.63,10.65,0
19470512,10.63,10.63,10.51,10.51,0
19470513,10.40,10.40,10.27,10.29,0
19470514,10.29,10.29,10.21,10.26,0
19470515,10.30,10.38,10.30,10.36,0
19470516,10.33,10.33,10.12,10.15,0
19470517,10.06,10.06,9.96,9.97,0
19470519,9.99,10.07,9.88,10.02,0
19470520,10.06,10.13,10.03,10.06,0
19470521,10.11,10.27,10.08,10.25,0
19470522,10.27,10.38,10.27,10.33,0
19470523,10.31,10.38,10.28,10.34,0
19470524,10.34,10.35,10.33,10.34,0
19470526,10.34,10.35,10.27,10.29,0
19470527,10.29,10.30,10.18,10.28,0
19470528,10.35,10.49,10.35,10.44,0
19470529,10.45,10.55,10.45,10.53,0
19470602,10.46,10.46,10.38,10.42,0
19470603,10.42,10.59,10.42,10.56,0
19470604,10.54,10.60,10.47,10.49,0
19470605,10.50,10.54,10.46,10.49,0
19470606,10.51,10.59,10.46,10.57,0
19470609,10.53,10.56,10.47,10.51,0
19470610,10.54,10.64,10.49,10.62,0
19470611,10.67,10.87,10.67,10.86,0
19470612,10.87,10.90,10.77,10.81,0
19470613,10.82,10.96,10.79,10.93,0
19470616,10.94,11.04,10.86,10.96,0
19470617,10.96,10.98,10.87,10.91,0
19470618,10.92,11.01,10.88,10.92,0
19470619,10.97,11.09,10.94,11.05,0
19470620,11.04,11.13,11.01,11.06,0
19470623,11.06,11.17,11.05,11.12,0
19470624,11.09,11.10,10.88,10.91,0
19470625,10.92,11.03,10.89,11.00,0
19470626,10.98,11.08,10.97,11.04,0
19470627,11.04,11.08,10.99,11.04,0
19470630,11.07,11.13,11.02,11.11,0
19470701,11.12,11.30,11.12,11.29,0
19470702,11.30,11.36,11.24,11.28,0
19470703,11.29,11.42,11.25,11.40,0
19470707,11.39,11.45,11.32,11.41,0
19470708,11.41,11.52,11.38,11.45,0
19470709,11.41,11.45,11.31,11.35,0
19470710,11.40,11.49,11.34,11.46,0
19470711,11.49,11.65,11.49,11.61,0
19470714,11.62,11.78,11.61,11.67,0
19470715,11.67,11.70,11.58,11.65,0
19470716,11.64,11.69,11.56,11.65,0
19470717,11.63,11.65,11.50,11.52,0
19470718,11.55,11.62,11.47,11.60,0
19470721,11.63,11.65,11.53,11.56,0
19470722,11.59,11.65,11.55,11.62,0
19470723,11.61,11.71,11.61,11.68,0
19470724,11.69,11.83,11.69,11.80,0
19470725,11.80,11.86,11.72,11.78,0
19470728,11.76,11.84,11.66,11.67,0
19470729,11.60,11.62,11.38,11.42,0
19470730,11.44,11.46,11.30,11.37,0
19470731,11.42,11.57,11.42,11.55,0
19470801,11.54,11.61,11.49,11.58,0
19470804,11.52,11.52,11.42,11.45,0
19470805,11.45,11.55,11.43,11.49,0
19470806,11.49,11.52,11.42,11.45,0
19470807,11.49,11.50,11.40,11.47,0
19470808,11.43,11.43,11.29,11.31,0
19470811,11.31,11.32,11.19,11.24,0
19470812,11.27,11.38,11.27,11.32,0
19470813,11.39,11.44,11.35,11.38,0
19470814,11.34,11.38,11.27,11.35,0
19470815,11.37,11.47,11.33,11.43,0
19470818,11.41,11.44,11.35,11.38,0
19470819,11.38,11.40,11.31,11.35,0
19470820,11.35,11.36,11.28,11.30,0
19470821,11.31,11.35,11.27,11.33,0
19470822,11.32,11.38,11.32,11.35,0
19470825,11.32,11.32,11.16,11.19,0
19470826,11.18,11.21,11.11,11.19,0
19470827,11.19,11.22,11.15,11.20,0
19470828,11.20,11.24,11.15,11.18,0
19470829,11.18,11.28,11.18,11.26,0
19470902,11.24,11.35,11.22,11.29,0
19470903,11.31,11.33,11.24,11.27,0
19470904,11.22,11.22,11.09,11.13,0
19470905,11.12,11.12,11.01,11.10,0
19470908,11.04,11.04,10.90,10.93,0
19470909,10.94,11.00,10.87,10.95,0
19470910,11.00,11.08,10.96,11.05,0
19470911,11.06,11.12,11.01,11.06,0
19470912,11.05,11.08,10.97,11.03,0
19470915,11.02,11.03,10.96,10.99,0
19470916,11.00,11.11,10.96,11.09,0
19470917,11.13,11.28,11.13,11.24,0
19470918,11.22,11.26,11.16,11.20,0
19470919,11.21,11.22,11.12,11.19,0
19470922,11.19,11.23,11.14,11.18,0
19470923,11.12,11.12,10.96,10.99,0
19470924,11.02,11.06,10.97,11.04,0
19470925,11.04,11.07,10.95,10.98,0
19470926,10.96,10.98,10.91,10.94,0
19470929,10.95,11.04,10.94,11.01,0
19470930,11.03,11.15,11.00,11.13,0
19471001,11.14,11.22,11.09,11.17,0
19471002,11.16,11.21,11.12,11.18,0
19471003,11.18,11.29,11.16,11.24,0
19471004,11.26,11.30,11.24,11.25,0
19471006,11.22,11.30,11.20,11.27,0
19471007,11.28,11.30,11.23,11.27,0
19471008,11.26,11.29,11.15,11.18,0
19471009,11.18,11.28,11.16,11.26,0
19471010,11.26,11.34,11.23,11.28,0
19471011,11.29,11.31,11.28,11.30,0
19471014,11.34,11.50,11.34,11.48,0
19471015,11.47,11.57,11.44,11.51,0
19471016,11.48,11.56,11.44,11.49,0
19471017,11.50,11.56,11.44,11.50,0
19471018,11.54,11.59,11.54,11.59,0
19471020,11.60,11.72,11.60,11.66,0
19471021,11.66,11.70,11.57,11.64,0
19471022,11.64,11.69,11.57,11.59,0
19471023,11.59,11.65,11.55,11.60,0
19471024,11.58,11.58,11.39,11.45,0
19471025,11.46,11.49,11.45,11.47,0
19471027,11.44,11.50,11.38,11.48,0
19471028,11.50,11.55,11.46,11.49,0
19471029,11.46,11.56,11.42,11.45,0
19471030,11.44,11.44,11.25,11.34,0
19471031,11.38,11.45,11.32,11.41,0
19471101,11.42,11.47,11.42,11.45,0
19471103,11.42,11.49,11.39,11.44,0
19471105,11.40,11.45,11.33,11.35,0
19471106,11.34,11.37,11.26,11.35,0
19471107,11.36,11.39,11.31,11.33,0
19471108,11.35,11.36,11.32,11.35,0
19471110,11.33,11.41,11.32,11.38,0
19471112,11.41,11.44,11.31,11.34,0
19471113,11.29,11.29,11.20,11.23,0
19471114,11.24,11.31,11.23,11.25,0
19471115,11.24,11.27,11.23,11.25,0
19471117,11.25,11.29,11.20,11.25,0
19471118,11.26,11.36,11.24,11.34,0
19471119,11.31,11.39,11.31,11.37,0
19471120,11.39,11.45,11.29,11.42,0
19471121,11.40,11.45,11.34,11.36,0
19471122,11.38,11.38,11.35,11.36,0
19471124,11.32,11.37,11.25,11.30,0
19471125,11.31,11.33,11.24,11.27,0
19471126,11.25,11.32,11.21,11.22,0
19471128,11.20,11.22,11.10,11.11,0
19471129,11.13,11.14,11.09,11.12,0
19471201,11.11,11.21,11.09,11.18,0
19471202,11.18,11.26,11.16,11.20,0
19471203,11.15,11.15,11.07,11.10,0
19471204,11.08,11.09,10.99,11.03,0
19471205,11.02,11.02,10.82,10.86,0
19471206,10.86,10.86,10.83,10.85,0
19471208,10.91,11.01,10.87,10.97,0
19471209,10.96,11.04,10.91,11.01,0
19471210,11.02,11.06,10.98,11.02,0
19471211,11.03,11.05,10.96,11.02,0
19471212,11.04,11.13,11.00,11.10,0
19471213,11.13,11.19,11.13,11.18,0
19471215,11.21,11.29,11.17,11.23,0
19471216,11.24,11.28,11.19,11.22,0
19471217,11.22,11.26,11.17,11.24,0
19471218,11.23,11.27,11.18,11.21,0
19471219,11.20,11.27,11.15,11.24,0
19471220,11.29,11.36,11.28,11.35,0
19471222,11.37,11.40,11.29,11.31,0
19471223,11.32,11.39,11.29,11.35,0
19471224,11.34,11.39,11.28,11.35,0
19471226,11.34,11.34,11.23,11.25,0
19471227,11.25,11.26,11.22,11.24,0
19471229,11.23,11.27,11.15,11.20,0
19471230,11.20,11.35,11.19,11.33,0
19471231,11.36,11.43,11.33,11.39,0
19480102,11.44,11.45,11.36,11.42,0
19480105,11.41,11.46,11.29,11.32,0
19480106,11.30,11.33,11.20,11.28,0
19480107,11.29,11.37,11.26,11.34,0
19480108,11.34,11.42,11.32,11.40,0
19480109,11.37,11.42,11.31,11.34,0
19480110,11.35,11.38,11.34,11.36,0
19480112,11.35,11.37,11.25,11.29,0
19480113,11.24,11.24,11.11,11.12,0
19480114,11.13,11.18,11.06,11.12,0
19480115,11.14,11.14,11.04,11.07,0
19480116,11.05,11.09,11.00,11.06,0
19480117,11.06,11.08,11.03,11.06,0
19480119,11.01,11.02,10.88,10.94,0
19480120,10.99,10.99,10.90,10.94,0
19480121,10.93,10.98,10.80,10.82,0
19480122,10.79,10.79,10.67,10.73,0
19480123,10.69,10.73,10.64,10.67,0
19480124,10.70,10.70,10.66,10.68,0
19480126,10.68,10.72,10.62,10.65,0
19480127,10.65,10.74,10.63,10.66,0
19480128,10.69,10.80,10.69,10.77,0
19480129,10.83,10.93,10.83,10.89,0
19480130,10.89,10.97,10.84,10.91,0
19480131,10.90,10.93,10.89,10.92,0
19480201,10.94,10.94,10.94,10.94,0
19480203,10.93,10.93,10.84,10.87,0
19480204,10.81,10.81,10.63,10.67,0
19480205,10.63,10.63,10.49,10.55,0
19480206,10.57,10.61,10.49,10.55,0
19480207,10.57,10.63,10.57,10.62,0
19480208,10.63,10.63,10.63,10.63,0
19480210,10.52,10.52,10.30,10.32,0
19480211,10.31,10.36,10.22,10.31,0
19480213,10.25,10.34,10.21,10.29,0
19480214,10.29,10.29,10.27,10.28,0
19480215,10.43,10.43,10.43,10.43,0
19480216,10.34,10.47,10.34,10.43,0
19480218,10.43,10.46,10.38,10.44,0
19480219,10.42,10.48,10.38,10.41,0
19480220,10.40,10.40,10.31,10.37,0
19480221,10.36,10.39,10.35,10.38,0
19480223,10.40,10.40,10.40,10.40,0
19480225,10.41,10.48,10.40,10.45,0
19480226,10.43,10.45,10.36,10.38,0
19480227,10.39,10.39,10.28,10.34,0
19480228,10.36,10.40,10.36,10.39,0
19480301,10.41,10.47,10.41,10.45,0
19480302,10.47,10.53,10.45,10.51,0
19480303,10.53,10.56,10.48,10.52,0
19480304,10.48,10.50,10.43,10.45,0
19480305,10.45,10.49,10.40,10.47,0
19480306,10.49,10.52,10.49,10.51,0
19480308,10.49,10.51,10.40,10.42,0
19480309,10.40,10.40,10.30,10.35,0
19480310,10.35,10.41,10.30,10.40,0
19480311,10.40,10.45,10.35,10.38,0
19480312,10.39,10.41,10.35,10.38,0
19480313,10.41,10.45,10.41,10.44,0
19480315,10.43,10.47,10.40,10.43,0
19480316,10.38,10.38,10.24,10.27,0
19480317,10.29,10.37,10.27,10.35,0
19480318,10.36,10.47,10.35,10.41,0
19480319,10.44,10.63,10.42,10.62,0
19480320,10.74,10.90,10.74,10.89,0
19480322,10.86,11.00,10.86,10.90,0
19480323,10.91,10.95,10.85,10.90,0
19480324,10.88,10.95,10.84,10.89,0
19480325,10.91,10.97,10.88,10.94,0
19480327,10.92,10.94,10.88,10.91,0
19480329,10.92,10.94,10.83,10.90,0
19480330,10.93,11.04,10.90,11.02,0
19480331,11.07,11.20,11.07,11.18,0
19480401,11.19,11.24,11.11,11.21,0
19480402,11.25,11.28,11.15,11.23,0
19480403,11.21,11.25,11.19,11.23,0
19480405,11.23,11.27,11.20,11.25,0
19480406,11.26,11.35,11.25,11.32,0
19480407,11.31,11.34,11.25,11.29,0
19480408,11.28,11.35,11.26,11.31,0
19480409,11.31,11.37,11.28,11.33,0
19480410,11.31,11.34,11.30,11.34,0
19480412,11.34,11.39,11.27,11.32,0
19480413,11.31,11.36,11.27,11.33,0
19480414,11.34,11.37,11.29,11.32,0
19480415,11.32,11.43,11.28,11.39,0
19480416,11.40,11.49,11.38,11.43,0
19480417,11.43,11.44,11.40,11.42,0
19480419,11.41,11.48,11.38,11.46,0
19480420,11.47,11.52,11.40,11.45,0
19480421,11.46,11.53,11.39,11.51,0
19480422,11.51,11.63,11.48,11.61,0
19480423,11.63,11.73,11.62,11.68,0
19480424,11.70,11.70,11.64,11.67,0
19480426,11.61,11.61,11.48,11.50,0
19480427,11.53,11.57,11.45,11.51,0
19480428,11.52,11.59,11.47,11.52,0
19480429,11.51,11.54,11.40,11.49,0
19480430,11.47,11.52,11.40,11.46,0
19480501,11.44,11.45,11.40,11.43,0
19480503,11.49,11.58,11.44,11.54,0
19480504,11.51,11.60,11.49,11.54,0
19480505,11.50,11.54,11.45,11.47,0
19480506,11.51,11.59,11.47,11.56,0
19480507,11.59,11.69,11.59,11.63,0
19480508,11.64,11.67,11.63,11.65,0
19480510,11.67,11.73,11.62,11.70,0
19480511,11.67,11.76,11.63,11.73,0
19480512,11.73,11.77,11.65,11.74,0
19480513,11.78,11.87,11.74,11.83,0
19480514,11.89,12.14,11.89,12.12,0
19480515,12.19,12.31,12.19,12.24,0
19480517,12.27,12.32,12.16,12.28,0
19480518,12.24,12.27,12.10,12.12,0
19480519,12.12,12.18,12.05,12.10,0
19480520,12.10,12.21,12.05,12.17,0
19480521,12.17,12.30,12.16,12.20,0
19480522,12.20,12.24,12.20,12.22,0
19480524,12.24,12.29,12.17,12.23,0
19480525,12.22,12.29,12.14,12.22,0
19480526,12.24,12.36,12.20,12.33,0
19480527,12.33,12.41,12.29,12.33,0
19480528,12.36,12.38,12.25,12.33,0
19480601,12.34,12.42,12.31,12.37,0
19480602,12.38,12.44,12.32,12.38,0
19480603,12.37,12.42,12.31,12.35,0
19480604,12.32,12.33,12.22,12.26,0
19480607,12.23,12.26,12.14,12.22,0
19480608,12.30,12.45,12.30,12.43,0
19480609,12.45,12.54,12.43,12.48,0
19480610,12.49,12.53,12.39,12.48,0
19480611,12.49,12.56,12.42,12.52,0
19480614,12.54,12.64,12.48,12.53,0
19480615,12.58,12.64,12.49,12.60,0
19480616,12.62,12.62,12.48,12.56,0
19480617,12.55,12.60,12.47,12.54,0
19480618,12.55,12.55,12.45,12.52,0
19480621,12.53,12.55,12.38,12.40,0
19480622,12.37,12.41,12.29,12.37,0
19480623,12.43,12.54,12.41,12.50,0
19480624,12.45,12.53,12.41,12.47,0
19480625,12.48,12.50,12.36,12.42,0
19480628,12.38,12.38,12.18,12.26,0
19480629,12.28,12.36,12.25,12.32,0
19480630,12.29,12.38,12.24,12.35,0
19480701,12.35,12.38,12.29,12.32,0
19480702,12.36,12.46,12.33,12.43,0
19480706,12.40,12.48,12.36,12.43,0
19480707,12.42,12.45,12.34,12.39,0
19480708,12.37,12.44,12.34,12.40,0
19480709,12.41,12.51,12.38,12.48,0
19480712,12.46,12.51,12.42,12.45,0
19480713,12.45,12.46,12.36,12.38,0
19480714,12.37,12.42,12.31,12.39,0
19480715,12.35,12.35,12.15,12.15,0
19480716,12.10,12.14,11.93,11.98,0
19480719,11.82,11.82,11.49,11.59,0
19480720,11.62,11.82,11.62,11.77,0
19480721,11.81,11.97,11.80,11.86,0
19480722,11.89,11.99,11.88,11.95,0
19480723,11.99,12.07,11.96,11.99,0
19480726,11.96,11.99,11.85,11.88,0
19480727,11.88,12.03,11.86,12.01,0
19480728,11.98,12.04,11.90,11.93,0
19480729,11.93,11.94,11.81,11.83,0
19480730,11.76,11.76,11.60,11.68,0
19480802,11.70,11.78,11.65,11.68,0
19480803,11.72,11.76,11.67,11.72,0
19480804,11.76,11.91,11.75,11.90,0
19480805,11.87,11.96,11.83,11.86,0
19480806,11.87,11.91,11.80,11.88,0
19480809,11.80,11.85,11.74,11.76,0
19480810,11.74,11.74,11.59,11.60,0
19480811,11.58,11.58,11.42,11.54,0
19480812,11.55,11.61,11.50,11.57,0
19480813,11.56,11.62,11.53,11.56,0
19480816,11.55,11.62,11.54,11.59,0
19480817,11.64,11.75,11.64,11.73,0
19480818,11.74,11.80,11.71,11.73,0
19480819,11.74,11.78,11.69,11.77,0
19480820,11.83,11.91,11.82,11.89,0
19480823,11.85,11.85,11.71,11.74,0
19480824,11.74,11.82,11.74,11.79,0
19480825,11.79,11.81,11.74,11.77,0
19480826,11.80,11.84,11.77,11.81,0
19480827,11.81,11.89,11.81,11.86,0
19480830,11.84,11.89,11.75,11.76,0
19480831,11.78,11.81,11.72,11.75,0
19480901,11.77,11.92,11.75,11.89,0
19480902,11.90,11.98,11.87,11.95,0
19480903,11.97,12.00,11.91,11.97,0
19480907,11.96,12.05,11.92,12.03,0
19480908,11.96,11.96,11.80,11.82,0
19480909,11.79,11.79,11.60,11.63,0
19480910,11.62,11.69,11.54,11.65,0
19480913,11.62,11.62,11.52,11.55,0
19480914,11.56,11.67,11.56,11.64,0
19480915,11.62,11.68,11.58,11.62,0
19480916,11.61,11.64,11.56,11.62,0
19480917,11.61,11.61,11.54,11.57,0
19480920,11.52,11.52,11.33,11.36,0
19480921,11.36,11.46,11.32,11.44,0
19480922,11.43,11.49,11.39,11.46,0
19480923,11.46,11.46,11.40,11.44,0
19480924,11.44,11.49,11.42,11.47,0
19480927,11.31,11.31,11.15,11.17,0
19480928,11.20,11.31,11.18,11.29,0
19480929,11.34,11.46,11.34,11.43,0
19480930,11.43,11.47,11.36,11.39,0
19481001,11.41,11.53,11.41,11.52,0
19481002,11.55,11.58,11.55,11.58,0
19481004,11.59,11.68,11.58,11.65,0
19481005,11.66,11.67,11.58,11.63,0
19481006,11.61,11.68,11.59,11.64,0
19481007,11.65,11.74,11.65,11.71,0
19481008,11.71,11.75,11.66,11.68,0
19481009,11.68,11.70,11.66,11.68,0
19481011,11.66,11.70,11.64,11.68,0
19481013,11.73,11.85,11.72,11.82,0
19481014,11.81,11.92,11.80,11.86,0
19481015,11.83,11.88,11.79,11.84,0
19481016,11.83,11.87,11.83,11.86,0
19481018,11.87,11.95,11.85,11.89,0
19481019,11.90,11.98,11.89,11.96,0
19481020,11.98,12.03,11.94,12.00,0
19481021,12.02,12.06,11.96,12.01,0
19481022,12.00,12.22,12.00,12.20,0
19481023,12.21,12.27,12.21,12.24,0
19481025,12.22,12.24,12.11,12.17,0
19481026,12.16,12.25,12.13,12.18,0
19481027,12.19,12.22,12.08,12.16,0
19481028,12.19,12.21,12.05,12.08,0
19481029,12.07,12.13,12.03,12.11,0
19481030,12.12,12.15,12.11,12.14,0
19481101,12.18,12.30,12.17,12.26,0
19481103,11.73,11.73,11.52,11.69,0
19481104,11.74,11.93,11.74,11.84,0
19481105,11.70,11.70,11.30,11.32,0
19481106,11.35,11.45,11.35,11.38,0
19481108,11.42,11.48,11.33,11.37,0
19481109,11.28,11.31,10.99,11.01,0
19481110,11.03,11.09,10.92,11.00,0
19481112,11.01,11.14,11.00,11.03,0
19481113,11.06,11.11,11.05,11.08,0
19481115,11.10,11.24,11.10,11.20,0
19481116,11.18,11.27,11.14,11.19,0
19481117,11.17,11.21,11.10,11.16,0
19481118,11.19,11.24,11.15,11.19,0
19481119,11.17,11.29,11.16,11.23,0
19481120,11.22,11.26,11.22,11.24,0
19481122,11.22,11.25,11.12,11.15,0
19481123,11.14,11.17,11.07,11.14,0
19481124,11.09,11.09,10.91,10.93,0
19481126,10.95,10.99,10.88,10.93,0
19481127,10.95,10.95,10.91,10.93,0
19481129,10.90,10.94,10.82,10.84,0
19481130,10.86,10.89,10.76,10.81,0
19481201,10.91,11.05,10.91,11.00,0
19481202,10.97,11.07,10.97,10.99,0
19481203,11.00,11.11,10.97,11.09,0
19481204,11.11,11.18,11.11,11.18,0
19481206,11.15,11.21,11.12,11.16,0
19481207,11.14,11.20,11.09,11.17,0
19481208,11.16,11.18,11.07,11.14,0
19481209,11.14,11.18,11.09,11.11,0
19481210,11.11,11.17,11.08,11.15,0
19481211,11.16,11.23,11.16,11.23,0
19481213,11.24,11.30,11.19,11.23,0
19481214,11.21,11.23,11.12,11.17,0
19481215,11.13,11.18,11.09,11.11,0
19481216,11.12,11.15,11.06,11.10,0
19481217,11.12,11.19,11.09,11.13,0
19481218,11.14,11.14,11.10,11.12,0
19481220,11.06,11.17,11.01,11.12,0
19481221,11.11,11.15,11.05,11.09,0
19481222,11.09,11.12,11.04,11.09,0
19481223,11.08,11.14,11.04,11.09,0
19481224,11.11,11.19,11.07,11.16,0
19481227,11.12,11.18,11.07,11.12,0
19481228,11.12,11.12,10.99,11.04,0
19481229,11.08,11.21,11.07,11.18,0
19481230,11.16,11.26,11.13,11.18,0
19481231,11.16,11.20,11.09,11.12,0
19490103,11.06,11.06,10.90,10.94,0
19490104,10.96,11.02,10.93,10.99,0
19490105,10.98,11.13,10.98,11.08,0
19490106,11.14,11.35,11.14,11.33,0
19490107,11.36,11.48,11.36,11.41,0
19490108,11.40,11.43,11.39,11.41,0
19490110,11.38,11.38,11.28,11.33,0
19490111,11.30,11.33,11.25,11.32,0
19490112,11.30,11.36,11.26,11.29,0
19490113,11.26,11.29,11.21,11.23,0
19490114,11.20,11.20,11.08,11.12,0
19490115,11.13,11.17,11.13,11.15,0
19490117,11.15,11.23,11.08,11.21,0
19490118,11.18,11.28,11.18,11.21,0
19490119,11.22,11.27,11.17,11.25,0
19490120,11.27,11.32,11.22,11.29,0
19490121,11.29,11.32,11.24,11.27,0
19490122,11.27,11.30,11.27,11.29,0
19490124,11.28,11.33,11.21,11.24,0
19490125,11.22,11.24,11.12,11.15,0
19490126,11.11,11.21,11.06,11.12,0
19490127,11.11,11.14,11.03,11.09,0
19490128,11.09,11.09,10.99,11.05,0
19490129,11.03,11.07,11.02,11.07,0
19490131,11.08,11.09,11.02,11.06,0
19490201,11.06,11.15,11.05,11.14,0
19490202,11.15,11.18,11.10,11.14,0
19490203,11.13,11.17,11.09,11.12,0
19490204,11.09,11.10,10.94,10.95,0
19490205,10.87,10.87,10.77,10.77,0
19490207,10.78,10.85,10.67,10.70,0
19490208,10.70,10.70,10.61,10.66,0
19490209,10.65,10.75,10.65,10.71,0
19490210,10.70,10.71,10.55,10.56,0
19490211,10.58,10.60,10.49,10.55,0
19490214,10.56,10.64,10.54,10.58,0
19490215,10.58,10.63,10.53,10.61,0
19490216,10.61,10.70,10.60,10.66,0
19490217,10.65,10.78,10.65,10.73,0
19490218,10.71,10.76,10.66,10.70,0
19490219,10.69,10.69,10.66,10.67,0
19490221,10.68,10.69,10.62,10.66,0
19490223,10.61,10.64,10.54,10.55,0
19490224,10.50,10.50,10.40,10.42,0
19490225,10.41,10.44,10.36,10.39,0
19490226,10.40,10.44,10.40,10.43,0
19490228,10.46,10.57,10.46,10.55,0
19490301,10.56,10.64,10.56,10.62,0
19490302,10.61,10.61,10.55,10.58,0
19490303,10.57,10.60,10.53,10.57,0
19490304,10.59,10.60,10.51,10.58,0
19490305,10.60,10.68,10.58,10.68,0
19490307,10.66,10.72,10.63,10.71,0
19490308,10.70,10.76,10.68,10.73,0
19490309,10.72,10.73,10.67,10.70,0
19490310,10.72,10.74,10.67,10.71,0
19490311,10.75,10.83,10.75,10.81,0
19490312,10.81,10.84,10.81,10.84,0
19490314,10.84,10.88,10.80,10.84,0
19490315,10.82,10.82,10.74,10.77,0
19490316,10.76,10.76,10.69,10.73,0
19490317,10.71,10.78,10.70,10.76,0
19490318,10.73,10.76,10.70,10.73,0
19490319,10.71,10.71,10.68,10.70,0
19490321,10.71,10.74,10.66,10.68,0
19490322,10.65,10.67,10.57,10.60,0
19490323,10.64,10.75,10.62,10.73,0
19490324,10.73,10.80,10.72,10.74,0
19490325,10.72,10.72,10.65,10.68,0
19490326,10.68,10.69,10.66,10.68,0
19490328,10.69,10.75,10.67,10.70,0
19490329,10.81,10.94,10.81,10.91,0
19490330,10.89,10.94,10.85,10.90,0
19490331,10.87,10.87,10.77,10.79,0
19490401,10.74,10.74,10.68,10.70,0
19490402,10.70,10.74,10.70,10.74,0
19490404,10.74,10.79,10.70,10.72,0
19490405,10.68,10.75,10.64,10.70,0
19490406,10.69,10.72,10.64,10.67,0
19490407,10.72,10.73,10.64,10.68,0
19490408,10.68,10.72,10.64,10.70,0
19490409,10.71,10.73,10.71,10.73,0
19490411,10.73,10.74,10.67,10.71,0
19490412,10.71,10.76,10.65,10.73,0
19490413,10.74,10.78,10.45,10.72,0
19490414,10.71,10.74,10.68,10.70,0
19490416,10.71,10.74,10.71,10.74,0
19490418,10.74,10.78,10.71,10.75,0
19490419,10.73,10.76,10.68,10.71,0
19490420,10.74,10.74,10.65,10.67,0
19490421,10.63,10.63,10.49,10.49,0
19490422,10.46,10.50,10.43,10.48,0
19490423,10.48,10.52,10.48,10.50,0
19490425,10.47,10.51,10.43,10.46,0
19490426,10.47,10.53,10.44,10.51,0
19490427,10.48,10.54,10.46,10.51,0
19490428,10.50,10.50,10.43,10.45,0
19490429,10.45,10.49,10.43,10.46,0
19490430,10.48,10.49,10.46,10.48,0
19490502,10.49,10.54,10.47,10.51,0
19490503,10.53,10.58,10.49,10.55,0
19490504,10.58,10.70,10.58,10.67,0
19490505,10.68,10.72,10.64,10.66,0
19490506,10.64,10.64,10.55,10.60,0
19490507,10.59,10.60,10.57,10.59,0
19490509,10.58,10.60,10.53,10.56,0
19490510,10.57,10.57,10.49,10.52,0
19490511,10.54,10.58,10.50,10.54,0
19490512,10.52,10.57,10.51,10.55,0
19490513,10.54,10.59,10.52,10.55,0
19490514,10.55,10.57,10.55,10.57,0
19490516,10.56,10.63,10.56,10.60,0
19490517,10.61,10.63,10.55,10.58,0
19490518,10.57,10.59,10.52,10.54,0
19490519,10.53,10.54,10.46,10.48,0
19490520,10.46,10.47,10.39,10.43,0
19490521,10.42,10.42,10.40,10.42,0
19490523,10.38,10.38,10.30,10.31,0
19490524,10.30,10.31,10.23,10.25,0
19490525,10.28,10.32,10.23,10.30,0
19490526,10.28,10.34,10.26,10.29,0
19490527,10.28,10.29,10.22,10.25,0
19490531,10.21,10.21,10.00,10.02,0
19490601,10.01,10.01,9.89,9.99,0
19490602,9.97,10.03,9.95,9.98,0
19490603,9.97,9.98,9.89,9.92,0
19490606,9.87,9.88,9.70,9.75,0
19490607,9.76,9.80,9.71,9.76,0
19490608,9.79,9.86,9.77,9.82,0
19490609,9.83,9.86,9.79,9.82,0
19490610,9.79,9.79,9.71,9.73,0
19490613,9.68,9.68,9.51,9.55,0
19490614,9.59,9.64,9.53,9.61,0
19490615,9.64,9.80,9.64,9.79,0
19490616,9.79,9.81,9.73,9.75,0
19490617,9.77,9.79,9.71,9.76,0
19490620,9.80,9.91,9.78,9.90,0
19490621,9.89,9.96,9.87,9.90,0
19490622,9.88,9.89,9.85,9.87,0
19490623,9.86,9.95,9.86,9.92,0
19490624,9.92,9.96,9.90,9.93,0
19490627,9.94,9.98,9.89,9.92,0
19490628,9.88,9.88,9.77,9.83,0
19490629,9.84,9.92,9.80,9.89,0
19490630,9.91,9.98,9.90,9.94,0
19490701,9.96,10.03,9.93,10.01,0
19490705,10.01,10.09,10.00,10.06,0
19490706,10.09,10.19,10.07,10.19,0
19490707,10.16,10.20,10.13,10.18,0
19490708,10.18,10.21,10.14,10.17,0
19490711,10.18,10.20,10.13,10.17,0
19490712,10.18,10.25,10.16,10.24,0
19490713,10.27,10.36,10.26,10.35,0
19490714,10.34,10.38,10.29,10.36,0
19490715,10.34,10.35,10.28,10.33,0
19490718,10.33,10.38,10.31,10.36,0
19490719,10.38,10.47,10.37,10.45,0
19490720,10.45,10.50,10.43,10.47,0
19490721,10.47,10.47,10.40,10.42,0
19490722,10.42,10.44,10.38,10.41,0
19490725,10.41,10.50,10.39,10.44,0
19490726,10.45,10.54,10.43,10.52,0
19490727,10.51,10.55,10.48,10.52,0
19490728,10.52,10.53,10.46,10.50,0
19490729,10.52,10.54,10.46,10.50,0
19490801,10.50,10.57,10.49,10.55,0
19490802,10.53,10.59,10.51,10.58,0
19490803,10.59,10.61,10.54,10.57,0
19490804,10.56,10.57,10.52,10.55,0
19490805,10.58,10.72,10.56,10.70,0
19490808,10.73,10.85,10.73,10.81,0
19490809,10.77,10.77,10.67,10.71,0
19490810,10.69,10.78,10.67,10.76,0
19490811,10.75,10.78,10.69,10.72,0
19490812,10.71,10.71,10.62,10.66,0
19490815,10.63,10.66,10.59,10.61,0
19490816,10.58,10.66,10.56,10.64,0
19490817,10.66,10.77,10.65,10.75,0
19490818,10.76,10.82,10.74,10.78,0
19490819,10.76,10.78,10.69,10.71,0
19490822,10.72,10.73,10.66,10.68,0
19490823,10.64,10.64,10.53,10.54,0
19490824,10.52,10.56,10.49,10.54,0
19490825,10.56,10.60,10.54,10.57,0
19490826,10.59,10.64,10.56,10.61,0
19490829,10.57,10.57,10.47,10.49,0
19490830,10.50,10.57,10.49,10.55,0
19490831,10.56,10.58,10.50,10.56,0
19490901,10.57,10.66,10.55,10.62,0
19490902,10.61,10.63,10.58,10.60,0
19490906,10.60,10.63,10.56,10.59,0
19490907,10.60,10.68,10.58,10.66,0
19490908,10.65,10.72,10.65,10.68,0
19490909,10.69,10.71,10.64,10.66,0
19490912,10.68,10.77,10.68,10.74,0
19490913,10.78,10.91,10.78,10.89,0
19490914,10.90,10.95,10.86,10.88,0
19490915,10.83,10.83,10.73,10.80,0
19490916,10.82,10.86,10.77,10.83,0
19490919,10.79,10.79,10.68,10.75,0
19490920,10.67,10.67,10.48,10.50,0
19490921,10.53,10.67,10.51,10.65,0
19490922,10.66,10.74,10.65,10.71,0
19490923,10.72,10.77,10.69,10.75,0
19490926,10.74,10.80,10.70,10.72,0
19490927,10.69,10.69,10.57,10.64,0
19490928,10.65,10.77,10.65,10.72,0
19490929,10.71,10.84,10.69,10.78,0
19490930,10.74,10.79,10.70,10.74,0
19491001,10.71,10.71,10.68,10.70,0
19491003,10.71,10.77,10.65,10.75,0
19491004,10.77,10.87,10.77,10.85,0
19491005,10.83,10.90,10.82,10.87,0
19491006,10.88,10.94,10.85,10.91,0
19491007,10.92,10.93,10.83,10.91,0
19491008,10.91,10.93,10.90,10.92,0
19491010,10.91,10.91,10.85,10.89,0
19491011,10.90,11.01,10.88,10.99,0
19491013,10.98,11.05,10.96,10.98,0
19491014,10.96,10.99,10.88,10.94,0
19491015,10.92,10.94,10.91,10.92,0
19491017,10.89,10.89,10.76,10.81,0
19491018,10.80,10.91,10.80,10.88,0
19491019,10.89,10.96,10.87,10.94,0
19491020,10.94,10.98,10.88,10.92,0
19491021,10.90,10.93,10.85,10.88,0
19491022,10.88,10.90,10.87,10.88,0
19491024,10.87,10.91,10.83,10.89,0
19491025,10.87,10.96,10.86,10.94,0
19491026,10.93,11.03,10.91,11.01,0
19491027,11.00,11.11,10.99,11.07,0
19491028,11.03,11.09,10.98,11.02,0
19491029,11.04,11.06,11.01,11.05,0
19491031,11.04,11.08,10.97,10.99,0
19491101,11.00,11.12,10.98,11.09,0
19491102,11.08,11.21,11.08,11.18,0
19491103,11.20,11.20,11.09,11.15,0
19491104,11.15,11.15,11.05,11.09,0
19491105,11.09,11.11,11.07,11.10,0
19491107,11.08,11.12,11.02,11.05,0
19491109,11.08,11.16,11.03,11.06,0
19491110,11.04,11.07,10.99,11.03,0
19491112,11.01,11.04,11.00,11.02,0
19491114,11.02,11.05,10.92,10.95,0
19491115,10.71,10.83,10.70,10.76,0
19491116,10.73,10.86,10.72,10.81,0
19491117,10.78,10.92,10.78,10.89,0
19491118,10.92,11.05,10.92,11.01,0
19491119,11.02,11.06,11.02,11.04,0
19491121,11.03,11.04,10.92,10.96,0
19491122,10.96,11.04,10.92,11.01,0
19491123,11.01,11.09,10.98,11.04,0
19491125,11.01,11.06,10.94,10.97,0
19491126,10.97,11.02,10.96,10.99,0
19491128,10.98,11.00,10.90,10.93,0
19491129,10.94,10.96,10.85,10.91,0
19491130,10.93,10.98,10.88,10.93,0
19491201,10.93,11.01,10.90,10.99,0
19491202,11.02,11.11,10.98,11.07,0
19491203,11.11,11.18,11.11,11.16,0
19491205,11.14,11.21,11.10,11.16,0
19491206,11.15,11.18,11.10,11.14,0
19491207,11.19,11.19,11.07,11.16,0
19491208,11.14,11.21,11.11,11.16,0
19491209,11.16,11.19,11.10,11.15,0
19491210,11.15,11.18,11.14,11.17,0
19491212,11.16,11.27,11.15,11.25,0
19491213,11.26,11.31,11.20,11.29,0
19491214,11.27,11.34,11.23,11.31,0
19491215,11.28,11.34,11.21,11.31,0
19491216,11.31,11.37,11.24,11.30,0
19491217,11.27,11.30,11.23,11.28,0
19491219,11.23,11.30,11.20,11.24,0
19491220,11.25,11.26,11.17,11.20,0
19491221,11.21,11.23,11.13,11.17,0
19491222,11.15,11.29,11.15,11.27,0
19491223,11.24,11.31,11.21,11.27,0
19491227,11.26,11.30,11.19,11.22,0
19491228,11.20,11.31,11.18,11.27,0
19491229,11.30,11.34,11.25,11.28,0
19491230,11.29,11.37,11.27,11.35,0
19491231,11.35,11.36,11.32,11.33,0
19500103,11.27,11.27,11.27,11.27,0
19500104,11.39,11.39,11.39,11.39,0
19500105,11.45,11.45,11.45,11.45,0
19500106,11.48,11.48,11.48,11.48,0
19500107,11.56,11.56,11.56,11.56,0
19500109,11.55,11.55,11.55,11.55,0
19500110,11.52,11.52,11.52,11.52,0
19500111,11.56,11.56,11.56,11.56,0
19500112,11.33,11.33,11.33,11.33,0
19500113,11.27,11.27,11.27,11.27,0
19500114,11.26,11.26,11.26,11.26,0
19500116,11.31,11.31,11.31,11.31,0
19500117,11.40,11.40,11.40,11.40,0
19500118,11.39,11.39,11.39,11.39,0
19500119,11.41,11.41,11.41,11.41,0
19500120,11.43,11.43,11.43,11.43,0
19500121,11.45,11.45,11.45,11.45,0
19500123,11.44,11.44,11.44,11.44,0
19500124,11.40,11.40,11.40,11.40,0
19500125,11.32,11.32,11.32,11.32,0
19500126,11.31,11.31,11.31,11.31,0
19500127,11.37,11.37,11.37,11.37,0
19500128,11.43,11.43,11.43,11.43,0
19500130,11.51,11.51,11.51,11.51,0
19500131,11.53,11.53,11.53,11.53,0
19500201,11.53,11.53,11.53,11.53,0
19500202,11.65,11.65,11.65,11.65,0
19500203,11.69,11.69,11.69,11.69,0
19500204,11.73,11.73,11.73,11.73,0
19500206,11.71,11.71,11.71,11.71,0
19500207,11.65,11.65,11.65,11.65,0
19500208,11.63,11.63,11.63,11.63,0
19500209,11.68,11.68,11.68,11.68,0
19500210,11.65,11.65,11.65,11.65,0
19500211,11.63,11.63,11.63,11.63,0
19500214,11.53,11.53,11.53,11.53,0
19500215,11.53,11.53,11.53,11.53,0
19500216,11.49,11.49,11.49,11.49,0
19500217,11.59,11.59,11.59,11.59,0
19500218,11.65,11.65,11.65,11.65,0
19500220,11.63,11.63,11.63,11.63,0
19500221,11.61,11.61,11.61,11.61,0
19500223,11.63,11.63,11.63,11.63,0
19500224,11.68,11.68,11.68,11.68,0
19500225,11.67,11.67,11.67,11.67,0
19500227,11.68,11.68,11.68,11.68,0
19500228,11.64,11.64,11.64,11.64,0
19500301,11.65,11.65,11.65,11.65,0
19500302,11.65,11.65,11.65,11.65,0
19500303,11.69,11.69,11.69,11.69,0
19500304,11.71,11.71,11.71,11.71,0
19500306,11.71,11.71,11.71,11.71,0
19500307,11.63,11.63,11.63,11.63,0
19500308,11.62,11.62,11.62,11.62,0
19500309,11.54,11.54,11.54,11.54,0
19500310,11.55,11.55,11.55,11.55,0
19500311,11.59,11.59,11.59,11.59,0
19500313,11.57,11.57,11.57,11.57,0
19500314,11.66,11.66,11.66,11.66,0
19500315,11.79,11.79,11.79,11.79,0
19500316,11.82,11.82,11.82,11.82,0
19500317,11.79,11.79,11.79,11.79,0
19500318,11.82,11.82,11.82,11.82,0
19500320,11.79,11.79,11.79,11.79,0
19500321,11.79,11.79,11.79,11.79,0
19500322,11.86,11.86,11.86,11.86,0
19500323,11.87,11.87,11.87,11.87,0
19500324,11.87,11.87,11.87,11.87,0
19500325,11.90,11.90,11.90,11.90,0
19500327,11.80,11.80,11.80,11.80,0
19500328,11.85,11.85,11.85,11.85,0
19500329,11.79,11.79,11.79,11.79,0
19500330,11.69,11.69,11.69,11.69,0
19500331,11.69,11.69,11.69,11.69,0
19500401,11.72,11.72,11.72,11.72,0
19500403,11.85,11.85,11.85,11.85,0
19500404,11.86,11.86,11.86,11.86,0
19500405,11.91,11.91,11.91,11.91,0
19500406,12.02,12.02,12.02,12.02,0
19500408,12.04,12.04,12.04,12.04,0
19500410,12.06,12.06,12.06,12.06,0
19500411,11.99,11.99,11.99,11.99,0
19500412,12.12,12.12,12.12,12.12,0
19500413,12.15,12.15,12.15,12.15,0
19500414,12.14,12.14,12.14,12.14,0
19500415,12.07,12.07,12.07,12.07,0
19500417,12.08,12.08,12.08,12.08,0
19500418,12.18,12.18,12.18,12.18,0
19500419,12.20,12.20,12.20,12.20,0
19500420,12.12,12.12,12.12,12.12,0
19500421,12.14,12.14,12.14,12.14,0
19500422,12.13,12.13,12.13,12.13,0
19500424,12.05,12.05,12.05,12.05,0
19500425,12.05,12.05,12.05,12.05,0
19500426,12.00,12.00,12.00,12.00,0
19500427,12.07,12.07,12.07,12.07,0
19500428,12.13,12.13,12.13,12.13,0
19500429,12.21,12.21,12.21,12.21,0
19500501,12.31,12.31,12.31,12.31,0
19500502,12.24,12.24,12.24,12.24,0
19500503,12.34,12.34,12.34,12.34,0
19500504,12.24,12.24,12.24,12.24,0
19500505,12.31,12.31,12.31,12.31,0
19500506,12.38,12.38,12.38,12.38,0
19500508,12.34,12.34,12.34,12.34,0
19500509,12.34,12.34,12.34,12.34,0
19500510,12.36,12.36,12.36,12.36,0
19500511,12.36,12.36,12.36,12.36,0
19500512,12.28,12.28,12.28,12.28,0
19500513,12.30,12.30,12.30,12.30,0
19500515,12.34,12.34,12.34,12.34,0
19500516,12.46,12.46,12.46,12.46,0
19500517,12.51,12.51,12.51,12.51,0
19500518,12.54,12.54,12.54,12.54,0
19500519,12.62,12.62,12.62,12.62,0
19500520,12.64,12.64,12.64,12.64,0
19500522,12.56,12.56,12.56,12.56,0
19500523,12.64,12.64,12.64,12.64,0
19500524,12.63,12.63,12.63,12.63,0
19500525,12.63,12.63,12.63,12.63,0
19500526,12.61,12.61,12.61,12.61,0
19500527,12.60,12.60,12.60,12.60,0
19500529,12.65,12.65,12.65,12.65,0
19500531,12.69,12.69,12.69,12.69,0
19500601,12.68,12.68,12.68,12.68,0
19500602,12.69,12.69,12.69,12.69,0
19500605,12.56,12.56,12.56,12.56,0
19500606,12.75,12.75,12.75,12.75,0
19500607,12.79,12.79,12.79,12.79,0
19500608,12.93,12.93,12.93,12.93,0
19500609,13.01,13.01,13.01,13.01,0
19500612,13.10,13.10,13.10,13.10,0
19500613,13.00,13.00,13.00,13.00,0
19500614,12.82,12.82,12.82,12.82,0
19500615,12.79,12.79,12.79,12.79,0
19500616,12.81,12.81,12.81,12.81,0
19500619,12.78,12.78,12.78,12.78,0
19500620,12.72,12.72,12.72,12.72,0
19500621,12.83,12.83,12.83,12.83,0
19500622,12.94,12.94,12.94,12.94,0
19500623,12.93,12.93,12.93,12.93,0
19500626,12.23,12.23,12.23,12.23,0
19500627,12.10,12.10,12.10,12.10,0
19500628,12.23,12.23,12.23,12.23,0
19500629,11.78,11.78,11.78,11.78,0
19500630,11.95,11.95,11.95,11.95,0
19500703,11.91,11.91,11.91,11.91,0
19500705,12.03,12.03,12.03,12.03,0
19500706,12.10,12.10,12.10,12.10,0
19500707,11.93,11.93,11.93,11.93,0
19500710,11.88,11.88,11.88,11.88,0
19500711,11.70,11.70,11.70,11.70,0
19500712,11.39,11.39,11.39,11.39,0
19500713,11.27,11.27,11.27,11.27,0
19500714,11.39,11.39,11.39,11.39,0
19500717,11.26,11.26,11.26,11.26,0
19500718,11.52,11.52,11.52,11.52,0
19500719,11.72,11.72,11.72,11.72,0
19500720,11.89,11.89,11.89,11.89,0
19500721,11.88,11.88,11.88,11.88,0
19500724,11.80,11.80,11.80,11.80,0
19500725,11.63,11.63,11.63,11.63,0
19500726,11.66,11.66,11.66,11.66,0
19500727,11.82,11.82,11.82,11.82,0
19500728,11.95,11.95,11.95,11.95,0
19500731,12.05,12.05,12.05,12.05,0
19500801,12.17,12.17,12.17,12.17,0
19500802,12.12,12.12,12.12,12.12,0
19500803,12.15,12.15,12.15,12.15,0
19500804,12.25,12.25,12.25,12.25,0
19500807,12.43,12.43,12.43,12.43,0
19500808,12.46,12.46,12.46,12.46,0
19500809,12.57,12.57,12.57,12.57,0
19500810,12.48,12.48,12.48,12.48,0
19500811,12.34,12.34,12.34,12.34,0
19500814,12.35,12.35,12.35,12.35,0
19500815,12.37,12.37,12.37,12.37,0
19500816,12.38,12.38,12.38,12.38,0
19500817,12.52,12.52,12.52,12.52,0
19500818,12.61,12.61,12.61,12.61,0
19500821,12.63,12.63,12.63,12.63,0
19500822,12.61,12.61,12.61,12.61,0
19500823,12.71,12.71,12.71,12.71,0
19500824,12.69,12.69,12.69,12.69,0
19500825,12.52,12.52,12.52,12.52,0
19500828,12.51,12.51,12.51,12.51,0
19500829,12.52,12.52,12.52,12.52,0
19500830,12.44,12.44,12.44,12.44,0
19500831,12.44,12.44,12.44,12.44,0
19500901,12.52,12.52,12.52,12.52,0
19500905,12.61,12.61,12.61,12.61,0
19500906,12.52,12.52,12.52,12.52,0
19500907,12.55,12.55,12.55,12.55,0
19500908,12.66,12.66,12.66,12.66,0
19500911,12.56,12.56,12.56,12.56,0
19500912,12.74,12.74,12.74,12.74,0
19500913,12.89,12.89,12.89,12.89,0
19500914,12.95,12.95,12.95,12.95,0
19500915,13.02,13.02,13.02,13.02,0
19500918,13.08,13.08,13.08,13.08,0
19500919,13.04,13.04,13.04,13.04,0
19500920,12.97,12.97,12.97,12.97,0
19500921,13.07,13.07,13.07,13.07,0
19500922,13.12,13.12,13.12,13.12,0
19500925,13.11,13.11,13.11,13.11,0
19500926,12.92,12.92,12.92,12.92,0
19500927,13.10,13.10,13.10,13.10,0
19500928,13.11,13.11,13.11,13.11,0
19500929,13.13,13.13,13.13,13.13,0
19501002,13.29,13.29,13.29,13.29,0
19501003,13.27,13.27,13.27,13.27,0
19501004,13.50,13.50,13.50,13.50,0
19501005,13.43,13.43,13.43,13.43,0
19501006,13.58,13.58,13.58,13.58,0
19501007,13.61,13.61,13.61,13.61,0
19501009,13.50,13.50,13.50,13.50,0
19501010,13.35,13.35,13.35,13.35,0
19501011,13.40,13.40,13.40,13.40,0
19501013,13.40,13.40,13.40,13.40,0
19501014,13.30,13.30,13.30,13.30,0
19501016,13.30,13.30,13.30,13.30,0
19501017,13.42,13.42,13.42,13.42,0
19501018,13.51,13.51,13.51,13.51,0
19501019,13.51,13.51,13.51,13.51,0
19501020,13.47,13.47,13.47,13.47,0
19501021,13.51,13.51,13.51,13.51,0
19501023,13.47,13.47,13.47,13.47,0
19501024,13.55,13.55,13.55,13.55,0
19501025,13.53,13.53,13.53,13.53,0
19501026,13.23,13.23,13.23,13.23,0
19501027,13.34,13.34,13.34,13.34,0
19501028,13.36,13.36,13.36,13.36,0
19501030,13.23,13.23,13.23,13.23,0
19501031,13.18,13.18,13.18,13.18,0
19501101,13.20,13.20,13.20,13.20,0
19501102,13.31,13.31,13.31,13.31,0
19501103,13.39,13.39,13.39,13.39,0
19501104,13.35,13.35,13.35,13.35,0
19501106,13.06,13.06,13.06,13.06,0
19501108,13.20,13.20,13.20,13.20,0
19501109,13.36,13.36,13.36,13.36,0
19501110,13.46,13.46,13.46,13.46,0
19501113,13.50,13.50,13.50,13.50,0
19501114,13.40,13.40,13.40,13.40,0
19501115,13.37,13.37,13.37,13.37,0
19501116,13.31,13.31,13.31,13.31,0
19501117,13.40,13.40,13.40,13.40,0
19501118,13.46,13.46,13.46,13.46,0
19501120,13.45,13.45,13.45,13.45,0
19501121,13.41,13.41,13.41,13.41,0
19501122,13.60,13.60,13.60,13.60,0
19501124,13.71,13.71,13.71,13.71,0
19501125,13.68,13.68,13.68,13.68,0
19501127,13.62,13.62,13.62,13.62,0
19501128,13.20,13.20,13.20,13.20,0
19501129,13.07,13.07,13.07,13.07,0
19501130,13.16,13.16,13.16,13.16,0
19501201,13.27,13.27,13.27,13.27,0
19501202,13.18,13.18,13.18,13.18,0
19501204,12.82,12.82,12.82,12.82,0
19501205,13.03,13.03,13.03,13.03,0
19501206,13.12,13.12,13.12,13.12,0
19501207,13.09,13.09,13.09,13.09,0
19501208,13.09,13.09,13.09,13.09,0
19501209,13.16,13.16,13.16,13.16,0
19501211,13.30,13.30,13.30,13.30,0
19501212,13.28,13.28,13.28,13.28,0
19501213,13.27,13.27,13.27,13.27,0
19501214,13.11,13.11,13.11,13.11,0
19501215,13.04,13.04,13.04,13.04,0
19501216,13.25,13.25,13.25,13.25,0
19501218,13.39,13.39,13.39,13.39,0
19501219,13.46,13.46,13.46,13.46,0
19501220,13.47,13.47,13.47,13.47,0
19501221,13.48,13.48,13.48,13.48,0
19501222,13.54,13.54,13.54,13.54,0
19501226,13.44,13.44,13.44,13.44,0
19501227,13.69,13.69,13.69,13.69,0
19501228,13.75,13.75,13.75,13.75,0
19501229,13.78,13.78,13.78,13.78,0
19501230,13.77,13.77,13.77,13.77,0
19510102,14.01,14.01,14.01,14.01,0
19510103,13.96,13.96,13.96,13.96,0
19510104,14.08,14.08,14.08,14.08,0
19510105,14.08,14.08,14.08,14.08,0
19510106,14.08,14.08,14.08,14.08,0
19510108,14.16,14.16,14.16,14.16,0
19510109,14.24,14.24,14.24,14.24,0
19510110,14.06,14.06,14.06,14.06,0
19510111,14.29,14.29,14.29,14.29,0
19510112,14.23,14.23,14.23,14.23,0
19510113,14.23,14.23,14.23,14.23,0
19510115,14.36,14.36,14.36,14.36,0
19510116,14.47,14.47,14.47,14.47,0
19510117,14.53,14.53,14.53,14.53,0
19510118,14.43,14.43,14.43,14.43,0
19510119,14.40,14.40,14.40,14.40,0
19510120,14.43,14.43,14.43,14.43,0
19510122,14.28,14.28,14.28,14.28,0
19510123,14.33,14.33,14.33,14.33,0
19510124,14.26,14.26,14.26,14.26,0
19510125,14.18,14.18,14.18,14.18,0
19510126,14.33,14.33,14.33,14.33,0
19510127,14.51,14.51,14.51,14.51,0
19510129,14.61,14.61,14.61,14.61,0
19510130,14.65,14.65,14.65,14.65,0
19510131,14.60,14.60,14.60,14.60,0
19510201,14.67,14.67,14.67,14.67,0
19510202,14.80,14.80,14.80,14.80,0
19510203,14.88,14.88,14.88,14.88,0
19510205,14.96,14.96,14.96,14.96,0
19510206,14.90,14.90,14.90,14.90,0
19510207,14.82,14.82,14.82,14.82,0
19510208,14.88,14.88,14.88,14.88,0
19510209,14.94,14.94,14.94,14.94,0
19510210,14.96,14.96,14.96,14.96,0
19510213,14.94,14.94,14.94,14.94,0
19510214,14.90,14.90,14.90,14.90,0
19510215,14.82,14.82,14.82,14.82,0
19510216,14.91,14.91,14.91,14.91,0
19510217,14.92,14.92,14.92,14.92,0
19510219,14.70,14.70,14.70,14.70,0
19510220,14.68,14.68,14.68,14.68,0
19510221,14.72,14.72,14.72,14.72,0
19510223,14.76,14.76,14.76,14.76,0
19510224,14.79,14.79,14.79,14.79,0
19510226,14.77,14.77,14.77,14.77,0
19510227,14.65,14.65,14.65,14.65,0
19510228,14.68,14.68,14.68,14.68,0
19510301,14.71,14.71,14.71,14.71,0
19510302,14.77,14.77,14.77,14.77,0
19510303,14.77,14.77,14.77,14.77,0
19510305,14.67,14.67,14.67,14.67,0
19510306,14.67,14.67,14.67,14.67,0
19510307,14.72,14.72,14.72,14.72,0
19510308,14.78,14.78,14.78,14.78,0
19510309,14.78,14.78,14.78,14.78,0
19510310,14.75,14.75,14.75,14.75,0
19510312,14.61,14.61,14.61,14.61,0
19510313,14.41,14.41,14.41,14.41,0
19510314,14.30,14.30,14.30,14.30,0
19510315,14.33,14.33,14.33,14.33,0
19510316,14.56,14.56,14.56,14.56,0
19510317,14.59,14.59,14.59,14.59,0
19510319,14.51,14.51,14.51,14.51,0
19510320,14.48,14.48,14.48,14.48,0
19510321,14.56,14.56,14.56,14.56,0
19510322,14.62,14.62,14.62,14.62,0
19510324,14.45,14.45,14.45,14.45,0
19510326,14.49,14.49,14.49,14.49,0
19510327,14.47,14.47,14.47,14.47,0
19510328,14.30,14.30,14.30,14.30,0
19510329,14.35,14.35,14.35,14.35,0
19510330,14.45,14.45,14.45,14.45,0
19510331,14.40,14.40,14.40,14.40,0
19510402,14.34,14.34,14.34,14.34,0
19510403,14.30,14.30,14.30,14.30,0
19510404,14.40,14.40,14.40,14.40,0
19510405,14.59,14.59,14.59,14.59,0
19510406,14.61,14.61,14.61,14.61,0
19510407,14.58,14.58,14.58,14.58,0
19510409,14.58,14.58,14.58,14.58,0
19510410,14.56,14.56,14.56,14.56,0
19510411,14.55,14.55,14.55,14.55,0
19510412,14.68,14.68,14.68,14.68,0
19510413,14.86,14.86,14.86,14.86,0
19510414,14.93,14.93,14.93,14.93,0
19510416,14.82,14.82,14.82,14.82,0
19510417,14.86,14.86,14.86,14.86,0
19510418,14.88,14.88,14.88,14.88,0
19510419,14.82,14.82,14.82,14.82,0
19510420,14.82,14.82,14.82,14.82,0
19510421,14.83,14.83,14.83,14.83,0
19510423,14.82,14.82,14.82,14.82,0
19510424,14.76,14.76,14.76,14.76,0
19510425,14.77,14.77,14.77,14.77,0
19510426,14.90,14.90,14.90,14.90,0
19510427,15.05,15.05,15.05,15.05,0
19510428,15.08,15.08,15.08,15.08,0
19510430,15.08,15.08,15.08,15.08,0
19510501,15.14,15.14,15.14,15.14,0
19510502,15.20,15.20,15.20,15.20,0
19510503,15.33,15.33,15.33,15.33,0
19510504,15.30,15.30,15.30,15.30,0
19510505,15.25,15.25,15.25,15.25,0
19510507,15.21,15.21,15.21,15.21,0
19510508,15.20,15.20,15.20,15.20,0
19510509,15.21,15.21,15.21,15.21,0
19510510,15.13,15.13,15.13,15.13,0
19510511,15.01,15.01,15.01,15.01,0
19510512,14.93,14.93,14.93,14.93,0
19510514,14.90,14.90,14.90,14.90,0
19510515,14.62,14.62,14.62,14.62,0
19510516,14.57,14.57,14.57,14.57,0
19510517,14.72,14.72,14.72,14.72,0
19510518,14.45,14.45,14.45,14.45,0
19510519,14.48,14.48,14.48,14.48,0
19510521,14.42,14.42,14.42,14.42,0
19510522,14.35,14.35,14.35,14.35,0
19510523,14.21,14.21,14.21,14.21,0
19510524,14.14,14.14,14.14,14.14,0
19510525,14.12,14.12,14.12,14.12,0
19510526,14.16,14.16,14.16,14.16,0
19510528,14.24,14.24,14.24,14.24,0
19510529,14.34,14.34,14.34,14.34,0
19510531,14.45,14.45,14.45,14.45,0
19510601,14.43,14.43,14.43,14.43,0
19510604,14.26,14.26,14.26,14.26,0
19510605,14.32,14.32,14.32,14.32,0
19510606,14.42,14.42,14.42,14.42,0
19510607,14.48,14.48,14.48,14.48,0
19510608,14.43,14.43,14.43,14.43,0
19510611,14.51,14.51,14.51,14.51,0
19510612,14.45,14.45,14.45,14.45,0
19510613,14.47,14.47,14.47,14.47,0
19510614,14.66,14.66,14.66,14.66,0
19510615,14.80,14.80,14.80,14.80,0
19510618,14.80,14.80,14.80,14.80,0
19510619,14.78,14.78,14.78,14.78,0
19510620,14.71,14.71,14.71,14.71,0
19510621,14.62,14.62,14.62,14.62,0
19510622,14.46,14.46,14.46,14.46,0
19510625,14.29,14.29,14.29,14.29,0
19510626,14.30,14.30,14.30,14.30,0
19510627,14.34,14.34,14.34,14.34,0
19510628,14.16,14.16,14.16,14.16,0
19510629,14.07,14.07,14.07,14.07,0
19510702,14.16,14.16,14.16,14.16,0
19510703,14.25,14.25,14.25,14.25,0
19510705,14.52,14.52,14.52,14.52,0
19510706,14.52,14.52,14.52,14.52,0
19510709,14.58,14.58,14.58,14.58,0
19510710,14.51,14.51,14.51,14.51,0
19510711,14.55,14.55,14.55,14.55,0
19510712,14.63,14.63,14.63,14.63,0
19510713,14.75,14.75,14.75,14.75,0
19510716,14.58,14.58,14.58,14.58,0
19510717,14.71,14.71,14.71,14.71,0
19510718,14.68,14.68,14.68,14.68,0
19510719,14.65,14.65,14.65,14.65,0
19510720,14.68,14.68,14.68,14.68,0
19510723,14.82,14.82,14.82,14.82,0
19510724,15.05,15.05,15.05,15.05,0
19510725,14.97,14.97,14.97,14.97,0
19510726,15.07,15.07,15.07,15.07,0
19510727,15.11,15.11,15.11,15.11,0
19510730,15.18,15.18,15.18,15.18,0
19510731,15.02,15.02,15.02,15.02,0
19510801,15.09,15.09,15.09,15.09,0
19510802,15.30,15.30,15.30,15.30,0
19510803,15.32,15.32,15.32,15.32,0
19510806,15.43,15.43,15.43,15.43,0
19510807,15.44,15.44,15.44,15.44,0
19510808,15.37,15.37,15.37,15.37,0
19510809,15.31,15.31,15.31,15.31,0
19510810,15.28,15.28,15.28,15.28,0
19510813,15.29,15.29,15.29,15.29,0
19510814,15.22,15.22,15.22,15.22,0
19510815,15.28,15.28,15.28,15.28,0
19510816,15.33,15.33,15.33,15.33,0
19510817,15.38,15.38,15.38,15.38,0
19510820,15.37,15.37,15.37,15.37,0
19510821,15.30,15.30,15.30,15.30,0
19510822,15.25,15.25,15.25,15.25,0
19510823,15.35,15.35,15.35,15.35,0
19510824,15.33,15.33,15.33,15.33,0
19510827,15.31,15.31,15.31,15.31,0
19510828,15.35,15.35,15.35,15.35,0
19510829,15.47,15.47,15.47,15.47,0
19510830,15.57,15.57,15.57,15.57,0
19510831,15.60,15.60,15.60,15.60,0
19510904,15.60,15.60,15.60,15.60,0
19510905,15.69,15.69,15.69,15.69,0
19510906,15.72,15.72,15.72,15.72,0
19510907,15.76,15.76,15.76,15.76,0
19510910,15.82,15.82,15.82,15.82,0
19510911,15.74,15.74,15.74,15.74,0
19510912,15.81,15.81,15.81,15.81,0
19510913,15.88,15.88,15.88,15.88,0
19510914,15.87,15.87,15.87,15.87,0
19510917,15.82,15.82,15.82,15.82,0
19510918,15.80,15.80,15.80,15.80,0
19510919,15.80,15.80,15.80,15.80,0
19510920,15.79,15.79,15.79,15.79,0
19510921,15.67,15.67,15.67,15.67,0
19510924,15.60,15.60,15.60,15.60,0
19510925,15.66,15.66,15.66,15.66,0
19510926,15.67,15.67,15.67,15.67,0
19510927,15.58,15.58,15.58,15.58,0
19510928,15.57,15.57,15.57,15.57,0
19511001,15.71,15.71,15.71,15.71,0
19511002,15.83,15.83,15.83,15.83,0
19511003,15.93,15.93,15.93,15.93,0
19511004,15.88,15.88,15.88,15.88,0
19511005,15.92,15.92,15.92,15.92,0
19511006,15.91,15.91,15.91,15.91,0
19511008,15.90,15.90,15.90,15.90,0
19511009,15.83,15.83,15.83,15.83,0
19511010,15.80,15.80,15.80,15.80,0
19511011,15.86,15.86,15.86,15.86,0
19511013,15.93,15.93,15.93,15.93,0
19511015,15.96,15.96,15.96,15.96,0
19511016,15.91,15.91,15.91,15.91,0
19511017,15.86,15.86,15.86,15.86,0
19511018,15.84,15.84,15.84,15.84,0
19511019,15.61,15.61,15.61,15.61,0
19511020,15.48,15.48,15.48,15.48,0
19511022,15.22,15.22,15.22,15.22,0
19511023,15.28,15.28,15.28,15.28,0
19511024,15.41,15.41,15.41,15.41,0
19511025,15.36,15.36,15.36,15.36,0
19511026,15.26,15.26,15.26,15.26,0
19511027,15.02,15.02,15.02,15.02,0
19511029,15.18,15.18,15.18,15.18,0
19511030,15.16,15.16,15.16,15.16,0
19511031,15.35,15.35,15.35,15.35,0
19511101,15.45,15.45,15.45,15.45,0
19511102,15.34,15.34,15.34,15.34,0
19511103,15.21,15.21,15.21,15.21,0
19511105,15.26,15.26,15.26,15.26,0
19511107,15.04,15.04,15.04,15.04,0
19511108,15.03,15.03,15.03,15.03,0
19511109,15.22,15.22,15.22,15.22,0
19511110,15.31,15.31,15.31,15.31,0
19511113,15.24,15.24,15.24,15.24,0
19511114,15.28,15.28,15.28,15.28,0
19511115,15.27,15.27,15.27,15.27,0
19511116,15.26,15.26,15.26,15.26,0
19511117,15.27,15.27,15.27,15.27,0
19511119,15.20,15.20,15.20,15.20,0
19511120,15.16,15.16,15.16,15.16,0
19511121,15.14,15.14,15.14,15.14,0
19511123,14.98,14.98,14.98,14.98,0
19511124,14.91,14.91,14.91,14.91,0
19511126,14.99,14.99,14.99,14.99,0
19511127,15.15,15.15,15.15,15.15,0
19511128,15.12,15.12,15.12,15.12,0
19511129,15.15,15.15,15.15,15.15,0
19511130,15.29,15.29,15.29,15.29,0
19511201,15.33,15.33,15.33,15.33,0
19511203,15.38,15.38,15.38,15.38,0
19511204,15.47,15.47,15.47,15.47,0
19511205,15.42,15.42,15.42,15.42,0
19511206,15.60,15.60,15.60,15.60,0
19511207,15.62,15.62,15.62,15.62,0
19511208,15.64,15.64,15.64,15.64,0
19511210,15.65,15.65,15.65,15.65,0
19511211,15.57,15.57,15.57,15.57,0
19511212,15.62,15.62,15.62,15.62,0
19511213,15.63,15.63,15.63,15.63,0
19511214,15.62,15.62,15.62,15.62,0
19511215,15.61,15.61,15.61,15.61,0
19511217,15.64,15.64,15.64,15.64,0
19511218,15.69,15.69,15.69,15.69,0
19511219,15.75,15.75,15.75,15.75,0
19511220,15.75,15.75,15.75,15.75,0
19511221,15.71,15.71,15.71,15.71,0
19511222,15.72,15.72,15.72,15.72,0
19511224,15.72,15.72,15.72,15.72,0
19511226,15.66,15.66,15.66,15.66,0
19511227,15.80,15.80,15.80,15.80,0
19511228,15.82,15.82,15.82,15.82,0
19511229,15.82,15.82,15.82,15.82,0
19511231,15.88,15.88,15.88,15.88,0
19520102,15.89,15.89,15.89,15.89,0
19520103,15.94,15.94,15.94,15.94,0
19520104,15.96,15.96,15.96,15.96,0
19520105,15.97,15.97,15.97,15.97,0
19520107,15.94,15.94,15.94,15.94,0
19520108,15.88,15.88,15.88,15.88,0
19520109,15.82,15.82,15.82,15.82,0
19520110,15.89,15.89,15.89,15.89,0
19520111,15.97,15.97,15.97,15.97,0
19520112,16.02,16.02,16.02,16.02,0
19520114,16.08,16.08,16.08,16.08,0
19520115,16.01,16.01,16.01,16.01,0
19520116,16.02,16.02,16.02,16.02,0
19520117,16.09,16.09,16.09,16.09,0
19520118,16.12,16.12,16.12,16.12,0
19520119,16.16,16.16,16.16,16.16,0
19520121,16.25,16.25,16.25,16.25,0
19520122,16.37,16.37,16.37,16.37,0
19520123,16.29,16.29,16.29,16.29,0
19520124,16.30,16.30,16.30,16.30,0
19520125,16.28,16.28,16.28,16.28,0
19520126,16.30,16.30,16.30,16.30,0
19520128,16.31,16.31,16.31,16.31,0
19520129,16.28,16.28,16.28,16.28,0
19520130,16.05,16.05,16.05,16.05,0
19520131,15.99,15.99,15.99,15.99,0
19520201,16.09,16.09,16.09,16.09,0
19520202,16.15,16.15,16.15,16.15,0
19520204,15.96,15.96,15.96,15.96,0
19520205,15.95,15.95,15.95,15.95,0
19520206,15.99,15.99,15.99,15.99,0
19520207,15.94,15.94,15.94,15.94,0
19520208,16.02,16.02,16.02,16.02,0
19520209,16.02,16.02,16.02,16.02,0
19520211,15.92,15.92,15.92,15.92,0
19520213,15.79,15.79,15.79,15.79,0
19520214,15.75,15.75,15.75,15.75,0
19520215,15.74,15.74,15.74,15.74,0
19520216,15.72,15.72,15.72,15.72,0
19520218,15.65,15.65,15.65,15.65,0
19520219,15.39,15.39,15.39,15.39,0
19520220,15.21,15.21,15.21,15.21,0
19520221,15.25,15.25,15.25,15.25,0
19520223,15.38,15.38,15.38,15.38,0
19520225,15.29,15.29,15.29,15.29,0
19520226,15.23,15.23,15.23,15.23,0
19520227,15.25,15.25,15.25,15.25,0
19520228,15.31,15.31,15.31,15.31,0
19520229,15.29,15.29,15.29,15.29,0
19520301,15.30,15.30,15.30,15.30,0
19520303,15.30,15.30,15.30,15.30,0
19520304,15.55,15.55,15.55,15.55,0
19520305,15.56,15.56,15.56,15.56,0
19520306,15.55,15.55,15.55,15.55,0
19520307,15.56,15.56,15.56,15.56,0
19520308,15.59,15.59,15.59,15.59,0
19520310,15.47,15.47,15.47,15.47,0
19520311,15.48,15.48,15.48,15.48,0
19520312,15.55,15.55,15.55,15.55,0
19520313,15.56,15.56,15.56,15.56,0
19520314,15.55,15.55,15.55,15.55,0
19520315,15.60,15.60,15.60,15.60,0
19520317,15.65,15.65,15.65,15.65,0
19520318,15.61,15.61,15.61,15.61,0
19520319,15.58,15.58,15.58,15.58,0
19520320,15.62,15.62,15.62,15.62,0
19520321,15.64,15.64,15.64,15.64,0
19520322,15.64,15.64,15.64,15.64,0
19520324,15.63,15.63,15.63,15.63,0
19520325,15.53,15.53,15.53,15.53,0
19520326,15.52,15.52,15.52,15.52,0
19520327,15.65,15.65,15.65,15.65,0
19520328,15.77,15.77,15.77,15.77,0
19520329,15.87,15.87,15.87,15.87,0
19520331,15.88,15.88,15.88,15.88,0
19520401,15.76,15.76,15.76,15.76,0
19520402,15.71,15.71,15.71,15.71,0
19520403,15.71,15.71,15.71,15.71,0
19520404,15.64,15.64,15.64,15.64,0
19520405,15.62,15.62,15.62,15.62,0
19520407,15.48,15.48,15.48,15.48,0
19520408,15.55,15.55,15.55,15.55,0
19520409,15.56,15.56,15.56,15.56,0
19520410,15.67,15.67,15.67,15.67,0
19520412,15.69,15.69,15.69,15.69,0
19520414,15.56,15.56,15.56,15.56,0
19520415,15.36,15.36,15.36,15.36,0
19520416,15.31,15.31,15.31,15.31,0
19520417,15.19,15.19,15.19,15.19,0
19520418,15.24,15.24,15.24,15.24,0
19520419,15.25,15.25,15.25,15.25,0
19520421,15.36,15.36,15.36,15.36,0
19520422,15.28,15.28,15.28,15.28,0
19520423,15.21,15.21,15.21,15.21,0
19520424,15.18,15.18,15.18,15.18,0
19520425,15.24,15.24,15.24,15.24,0
19520426,15.26,15.26,15.26,15.26,0
19520428,15.24,15.24,15.24,15.24,0
19520429,15.20,15.20,15.20,15.20,0
19520430,15.08,15.08,15.08,15.08,0
19520501,14.98,14.98,14.98,14.98,0
19520502,15.23,15.23,15.23,15.23,0
19520503,15.24,15.24,15.24,15.24,0
19520505,15.28,15.28,15.28,15.28,0
19520506,15.28,15.28,15.28,15.28,0
19520507,15.37,15.37,15.37,15.37,0
19520508,15.39,15.39,15.39,15.39,0
19520509,15.38,15.38,15.38,15.38,0
19520510,15.35,15.35,15.35,15.35,0
19520512,15.31,15.31,15.31,15.31,0
19520513,15.32,15.32,15.32,15.32,0
19520514,15.26,15.26,15.26,15.26,0
19520515,15.20,15.20,15.20,15.20,0
19520516,15.17,15.17,15.17,15.17,0
19520517,15.16,15.16,15.16,15.16,0
19520519,15.19,15.19,15.19,15.19,0
19520520,15.27,15.27,15.27,15.27,0
19520521,15.29,15.29,15.29,15.29,0
19520522,15.37,15.37,15.37,15.37,0
19520523,15.35,15.35,15.35,15.35,0
19520524,15.35,15.35,15.35,15.35,0
19520526,15.37,15.37,15.37,15.37,0
19520527,15.33,15.33,15.33,15.33,0
19520528,15.30,15.30,15.30,15.30,0
19520529,15.31,15.31,15.31,15.31,0
19520602,15.27,15.27,15.27,15.27,0
19520603,15.25,15.25,15.25,15.25,0
19520604,15.35,15.35,15.35,15.35,0
19520605,15.44,15.44,15.44,15.44,0
19520606,15.54,15.54,15.54,15.54,0
19520609,15.61,15.61,15.61,15.61,0
19520610,15.51,15.51,15.51,15.51,0
19520611,15.56,15.56,15.56,15.56,0
19520612,15.55,15.55,15.55,15.55,0
19520613,15.59,15.59,15.59,15.59,0
19520616,15.54,15.54,15.54,15.54,0
19520617,15.55,15.55,15.55,15.55,0
19520618,15.61,15.61,15.61,15.61,0
19520619,15.66,15.66,15.66,15.66,0
19520620,15.70,15.70,15.70,15.70,0
19520623,15.68,15.68,15.68,15.68,0
19520624,15.70,15.70,15.70,15.70,0
19520625,15.73,15.73,15.73,15.73,0
19520626,15.78,15.78,15.78,15.78,0
19520627,15.83,15.83,15.83,15.83,0
19520630,15.91,15.91,15.91,15.91,0
19520701,16.00,16.00,16.00,16.00,0
19520702,15.96,15.96,15.96,15.96,0
19520703,15.95,15.95,15.95,15.95,0
19520707,15.89,15.89,15.89,15.89,0
19520708,15.88,15.88,15.88,15.88,0
19520709,15.81,15.81,15.81,15.81,0
19520710,15.78,15.78,15.78,15.78,0
19520711,15.88,15.88,15.88,15.88,0
19520714,15.91,15.91,15.91,15.91,0
19520715,15.99,15.99,15.99,15.99,0
19520716,15.98,15.98,15.98,15.98,0
19520717,15.91,15.91,15.91,15.91,0
19520718,15.77,15.77,15.77,15.77,0
19520721,15.83,15.83,15.83,15.83,0
19520722,15.86,15.86,15.86,15.86,0
19520723,15.92,15.92,15.92,15.92,0
19520724,16.00,16.00,16.00,16.00,0
19520725,15.95,15.95,15.95,15.95,0
19520728,15.97,15.97,15.97,15.97,0
19520729,16.00,16.00,16.00,16.00,0
19520730,16.06,16.06,16.06,16.06,0
19520731,16.08,16.08,16.08,16.08,0
19520801,16.11,16.11,16.11,16.11,0
19520804,16.09,16.09,16.09,16.09,0
19520805,16.10,16.10,16.10,16.10,0
19520806,16.08,16.08,16.08,16.08,0
19520807,16.13,16.13,16.13,16.13,0
19520808,16.14,16.14,16.14,16.14,0
19520811,16.12,16.12,16.12,16.12,0
19520812,15.98,15.98,15.98,15.98,0
19520813,15.96,15.96,15.96,15.96,0
19520814,15.95,15.95,15.95,15.95,0
19520815,15.90,15.90,15.90,15.90,0
19520818,15.73,15.73,15.73,15.73,0
19520819,15.69,15.69,15.69,15.69,0
19520820,15.72,15.72,15.72,15.72,0
19520821,15.74,15.74,15.74,15.74,0
19520822,15.74,15.74,15.74,15.74,0
19520825,15.66,15.66,15.66,15.66,0
19520826,15.63,15.63,15.63,15.63,0
19520827,15.69,15.69,15.69,15.69,0
19520828,15.71,15.71,15.71,15.71,0
19520829,15.74,15.74,15.74,15.74,0
19520902,15.81,15.81,15.81,15.81,0
19520903,15.87,15.87,15.87,15.87,0
19520904,15.86,15.86,15.86,15.86,0
19520905,15.84,15.84,15.84,15.84,0
19520908,15.77,15.77,15.77,15.77,0
19520909,15.61,15.61,15.61,15.61,0
19520910,15.49,15.49,15.49,15.49,0
19520911,15.51,15.51,15.51,15.51,0
19520912,15.50,15.50,15.50,15.50,0
19520915,15.33,15.33,15.33,15.33,0
19520916,15.38,15.38,15.38,15.38,0
19520917,15.40,15.40,15.40,15.40,0
19520918,15.35,15.35,15.35,15.35,0
19520919,15.38,15.38,15.38,15.38,0
19520922,15.39,15.39,15.39,15.39,0
19520923,15.46,15.46,15.46,15.46,0
19520924,15.51,15.51,15.51,15.51,0
19520925,15.52,15.52,15.52,15.52,0
19520926,15.46,15.46,15.46,15.46,0
19520929,15.43,15.43,15.43,15.43,0
19520930,15.33,15.33,15.33,15.33,0
19521001,15.29,15.29,15.29,15.29,0
19521002,15.31,15.31,15.31,15.31,0
19521003,15.29,15.29,15.29,15.29,0
19521006,15.25,15.25,15.25,15.25,0
19521007,15.22,15.22,15.22,15.22,0
19521008,15.33,15.33,15.33,15.33,0
19521009,15.32,15.32,15.32,15.32,0
19521010,15.30,15.30,15.30,15.30,0
19521014,15.25,15.25,15.25,15.25,0
19521015,14.99,14.99,14.99,14.99,0
19521016,14.89,14.89,14.89,14.89,0
19521017,15.07,15.07,15.07,15.07,0
19521020,15.02,15.02,15.02,15.02,0
19521021,14.98,14.98,14.98,14.98,0
19521022,14.80,14.80,14.80,14.80,0
19521023,14.84,14.84,14.84,14.84,0
19521024,14.94,14.94,14.94,14.94,0
19521027,14.97,14.97,14.97,14.97,0
19521028,14.99,14.99,14.99,14.99,0
19521029,15.00,15.00,15.00,15.00,0
19521030,14.99,14.99,14.99,14.99,0
19521031,15.22,15.22,15.22,15.22,0
19521103,15.26,15.26,15.26,15.26,0
19521105,15.30,15.30,15.30,15.30,0
19521106,15.36,15.36,15.36,15.36,0
19521107,15.36,15.36,15.36,15.36,0
19521110,15.35,15.35,15.35,15.35,0
19521112,15.27,15.27,15.27,15.27,0
19521113,15.30,15.30,15.30,15.30,0
19521114,15.32,15.32,15.32,15.32,0
19521117,15.35,15.35,15.35,15.35,0
19521118,15.57,15.57,15.57,15.57,0
19521119,15.67,15.67,15.67,15.67,0
19521120,15.63,15.63,15.63,15.63,0
19521121,15.62,15.62,15.62,15.62,0
19521124,15.71,15.71,15.71,15.71,0
19521125,15.67,15.67,15.67,15.67,0
19521126,15.76,15.76,15.76,15.76,0
19521128,15.84,15.84,15.84,15.84,0
19521201,15.85,15.85,15.85,15.85,0
19521202,15.88,15.88,15.88,15.88,0
19521203,15.86,15.86,15.86,15.86,0
19521204,15.79,15.79,15.79,15.79,0
19521205,15.79,15.79,15.79,15.79,0
19521208,15.88,15.88,15.88,15.88,0
19521209,15.98,15.98,15.98,15.98,0
19521210,16.00,16.00,16.00,16.00,0
19521211,15.99,15.99,15.99,15.99,0
19521212,16.03,16.03,16.03,16.03,0
19521215,16.02,16.02,16.02,16.02,0
19521216,16.04,16.04,16.04,16.04,0
19521217,16.02,16.02,16.02,16.02,0
19521218,16.00,16.00,16.00,16.00,0
19521219,16.07,16.07,16.07,16.07,0
19521222,16.16,16.16,16.16,16.16,0
19521223,16.09,16.09,16.09,16.09,0
19521224,16.10,16.10,16.10,16.10,0
19521226,16.11,16.11,16.11,16.11,0
19521229,16.20,16.20,16.20,16.20,0
19521230,16.31,16.31,16.31,16.31,0
19521231,16.30,16.30,16.30,16.30,0
19530102,16.28,16.28,16.28,16.28,0
19530105,16.35,16.35,16.35,16.35,0
19530106,16.24,16.24,16.24,16.24,0
19530107,16.17,16.17,16.17,16.17,0
19530108,16.15,16.15,16.15,16.15,0
19530109,15.99,15.99,15.99,15.99,0
19530112,15.86,15.86,15.86,15.86,0
19530113,15.95,15.95,15.95,15.95,0
19530114,15.99,15.99,15.99,15.99,0
19530115,16.02,16.02,16.02,16.02,0
19530116,15.95,15.95,15.95,15.95,0
19530119,15.94,15.94,15.94,15.94,0
19530120,16.02,16.02,16.02,16.02,0
19530121,15.99,15.99,15.99,15.99,0
19530122,16.01,16.01,16.01,16.01,0
19530123,15.98,15.98,15.98,15.98,0
19530126,15.95,15.95,15.95,15.95,0
19530127,15.96,15.96,15.96,15.96,0
19530128,16.01,16.01,16.01,16.01,0
19530129,16.05,16.05,16.05,16.05,0
19530130,16.16,16.16,16.16,16.16,0
19530202,16.24,16.24,16.24,16.24,0
19530203,16.26,16.26,16.26,16.26,0
19530204,16.19,16.19,16.19,16.19,0
19530205,16.02,16.02,16.02,16.02,0
19530206,16.24,16.24,16.24,16.24,0
19530209,15.74,15.74,15.74,15.74,0
19530210,15.69,15.69,15.69,15.69,0
19530211,15.71,15.71,15.71,15.71,0
19530213,15.77,15.77,15.77,15.77,0
19530216,15.71,15.71,15.71,15.71,0
19530217,15.62,15.62,15.62,15.62,0
19530218,15.60,15.60,15.60,15.60,0
19530219,15.66,15.66,15.66,15.66,0
19530220,15.69,15.69,15.69,15.69,0
19530224,15.77,15.77,15.77,15.77,0
19530225,15.86,15.86,15.86,15.86,0
19530226,15.89,15.89,15.89,15.89,0
19530227,15.86,15.86,15.86,15.86,0
19530302,15.87,15.87,15.87,15.87,0
19530303,15.92,15.92,15.92,15.92,0
19530304,15.78,15.78,15.78,15.78,0
19530305,15.79,15.79,15.79,15.79,0
19530306,15.82,15.82,15.82,15.82,0
19530309,15.81,15.81,15.81,15.81,0
19530310,15.86,15.86,15.86,15.86,0
19530311,15.98,15.98,15.98,15.98,0
19530312,15.99,15.99,15.99,15.99,0
19530313,16.02,16.02,16.02,16.02,0
19530316,16.04,16.04,16.04,16.04,0
19530317,16.11,16.11,16.11,16.11,0
19530318,16.05,16.05,16.05,16.05,0
19530319,16.04,16.04,16.04,16.04,0
19530320,16.02,16.02,16.02,16.02,0
19530323,15.92,15.92,15.92,15.92,0
19530324,16.01,16.01,16.01,16.01,0
19530325,15.96,15.96,15.96,15.96,0
19530326,15.87,15.87,15.87,15.87,0
19530327,15.90,15.90,15.90,15.90,0
19530330,15.66,15.66,15.66,15.66,0
19530331,15.47,15.47,15.47,15.47,0
19530401,15.44,15.44,15.44,15.44,0
19530402,15.43,15.43,15.43,15.43,0
19530406,15.05,15.05,15.05,15.05,0
19530407,15.11,15.11,15.11,15.11,0
19530408,15.24,15.24,15.24,15.24,0
19530409,15.21,15.21,15.21,15.21,0
19530410,15.17,15.17,15.17,15.17,0
19530413,15.14,15.14,15.14,15.14,0
19530414,15.20,15.20,15.20,15.20,0
19530415,15.26,15.26,15.26,15.26,0
19530416,15.23,15.23,15.23,15.23,0
19530417,15.05,15.05,15.05,15.05,0
19530420,15.11,15.11,15.11,15.11,0
19530421,15.08,15.08,15.08,15.08,0
19530422,14.95,14.95,14.95,14.95,0
19530423,14.78,14.78,14.78,14.78,0
19530424,14.79,14.79,14.79,14.79,0
19530427,14.87,14.87,14.87,14.87,0
19530428,14.98,14.98,14.98,14.98,0
19530429,15.08,15.08,15.08,15.08,0
19530430,15.04,15.04,15.04,15.04,0
19530501,15.11,15.11,15.11,15.11,0
19530504,15.27,15.27,15.27,15.27,0
19530505,15.29,15.29,15.29,15.29,0
19530506,15.27,15.27,15.27,15.27,0
19530507,15.21,15.21,15.21,15.21,0
19530508,15.21,15.21,15.21,15.21,0
19530511,15.21,15.21,15.21,15.21,0
19530512,15.11,15.11,15.11,15.11,0
19530513,15.09,15.09,15.09,15.09,0
19530514,15.18,15.18,15.18,15.18,0
19530515,15.17,15.17,15.17,15.17,0
19530518,15.11,15.11,15.11,15.11,0
19530519,15.08,15.08,15.08,15.08,0
19530520,15.22,15.22,15.22,15.22,0
19530521,15.30,15.30,15.30,15.30,0
19530522,15.28,15.28,15.28,15.28,0
19530525,15.26,15.26,15.26,15.26,0
19530526,15.18,15.18,15.18,15.18,0
19530527,15.04,15.04,15.04,15.04,0
19530528,14.93,14.93,14.93,14.93,0
19530529,14.98,14.98,14.98,14.98,0
19530601,14.74,14.74,14.74,14.74,0
19530602,14.78,14.78,14.78,14.78,0
19530603,14.76,14.76,14.76,14.76,0
19530604,14.66,14.66,14.66,14.66,0
19530605,14.70,14.70,14.70,14.70,0
19530608,14.65,14.65,14.65,14.65,0
19530609,14.40,14.40,14.40,14.40,0
19530610,14.36,14.36,14.36,14.36,0
19530611,14.49,14.49,14.49,14.49,0
19530612,14.53,14.53,14.53,14.53,0
19530615,14.41,14.41,14.41,14.41,0
19530616,14.37,14.37,14.37,14.37,0
19530617,14.55,14.55,14.55,14.55,0
19530618,14.54,14.54,14.54,14.54,0
19530619,14.54,14.54,14.54,14.54,0
19530622,14.61,14.61,14.61,14.61,0
19530623,14.71,14.71,14.71,14.71,0
19530624,14.69,14.69,14.69,14.69,0
19530625,14.75,14.75,14.75,14.75,0
19530626,14.76,14.76,14.76,14.76,0
19530629,14.72,14.72,14.72,14.72,0
19530630,14.72,14.72,14.72,14.72,0
19530701,14.78,14.78,14.78,14.78,0
19530702,14.82,14.82,14.82,14.82,0
19530703,14.85,14.85,14.85,14.85,0
19530706,14.86,14.86,14.86,14.86,0
19530707,14.94,14.94,14.94,14.94,0
19530708,14.93,14.93,14.93,14.93,0
19530709,14.89,14.89,14.89,14.89,0
19530710,14.88,14.88,14.88,14.88,0
19530713,14.73,14.73,14.73,14.73,0
19530714,14.67,14.67,14.67,14.67,0
19530715,14.72,14.72,14.72,14.72,0
19530716,14.73,14.73,14.73,14.73,0
19530717,14.84,14.84,14.84,14.84,0
19530720,14.76,14.76,14.76,14.76,0
19530721,14.72,14.72,14.72,14.72,0
19530722,14.74,14.74,14.74,14.74,0
19530723,14.76,14.76,14.76,14.76,0
19530724,14.76,14.76,14.76,14.76,0
19530727,14.66,14.66,14.66,14.66,0
19530728,14.69,14.69,14.69,14.69,0
19530729,14.78,14.78,14.78,14.78,0
19530730,14.91,14.91,14.91,14.91,0
19530731,15.07,15.07,15.07,15.07,0
19530803,15.13,15.13,15.13,15.13,0
19530804,15.09,15.09,15.09,15.09,0
19530805,15.03,15.03,15.03,15.03,0
19530806,15.10,15.10,15.10,15.10,0
19530807,15.09,15.09,15.09,15.09,0
19530810,15.07,15.07,15.07,15.07,0
19530811,15.05,15.05,15.05,15.05,0
19530812,15.09,15.09,15.09,15.09,0
19530813,15.05,15.05,15.05,15.05,0
19530814,14.99,14.99,14.99,14.99,0
19530817,14.95,14.95,14.95,14.95,0
19530818,14.89,14.89,14.89,14.89,0
19530819,14.80,14.80,14.80,14.80,0
19530820,14.78,14.78,14.78,14.78,0
19530821,14.82,14.82,14.82,14.82,0
19530824,14.66,14.66,14.66,14.66,0
19530825,14.56,14.56,14.56,14.56,0
19530826,14.52,14.52,14.52,14.52,0
19530827,14.47,14.47,14.47,14.47,0
19530828,14.44,14.44,14.44,14.44,0
19530831,14.19,14.19,14.19,14.19,0
19530901,14.25,14.25,14.25,14.25,0
19530902,14.33,14.33,14.33,14.33,0
19530903,14.30,14.30,14.30,14.30,0
19530904,14.34,14.34,14.34,14.34,0
19530908,14.36,14.36,14.36,14.36,0
19530909,14.38,14.38,14.38,14.38,0
19530910,14.24,14.24,14.24,14.24,0
19530911,14.07,14.07,14.07,14.07,0
19530914,13.81,13.81,13.81,13.81,0
19530915,13.93,13.93,13.93,13.93,0
19530916,13.99,13.99,13.99,13.99,0
19530917,14.03,14.03,14.03,14.03,0
19530918,13.95,13.95,13.95,13.95,0
19530921,13.91,13.91,13.91,13.91,0
19530922,14.10,14.10,14.10,14.10,0
19530923,14.12,14.12,14.12,14.12,0
19530924,14.13,14.13,14.13,14.13,0
19530925,14.16,14.16,14.16,14.16,0
19530928,14.25,14.25,14.25,14.25,0
19530929,14.28,14.28,14.28,14.28,0
19530930,14.19,14.19,14.19,14.19,0
19531001,14.28,14.28,14.28,14.28,0
19531002,14.34,14.34,14.34,14.34,0
19531005,14.27,14.27,14.27,14.27,0
19531006,14.21,14.21,14.21,14.21,0
19531007,14.33,14.33,14.33,14.33,0
19531008,14.35,14.35,14.35,14.35,0
19531009,14.38,14.38,14.38,14.38,0
19531013,14.32,14.32,14.32,14.32,0
19531014,14.39,14.39,14.39,14.39,0
19531015,14.55,14.55,14.55,14.55,0
19531016,14.66,14.66,14.66,14.66,0
19531019,14.68,14.68,14.68,14.68,0
19531020,14.68,14.68,14.68,14.68,0
19531021,14.69,14.69,14.69,14.69,0
19531022,14.76,14.76,14.76,14.76,0
19531023,14.79,14.79,14.79,14.79,0
19531026,14.76,14.76,14.76,14.76,0
19531027,14.73,14.73,14.73,14.73,0
19531028,14.75,14.75,14.75,14.75,0
19531029,14.93,14.93,14.93,14.93,0
19531030,14.90,14.90,14.90,14.90,0
19531102,14.97,14.97,14.97,14.97,0
19531104,14.88,14.88,14.88,14.88,0
19531105,14.96,14.96,14.96,14.96,0
19531106,14.94,14.94,14.94,14.94,0
19531109,14.97,14.97,14.97,14.97,0
19531110,14.79,14.79,14.79,14.79,0
19531112,14.85,14.85,14.85,14.85,0
19531113,14.89,14.89,14.89,14.89,0
19531116,14.80,14.80,14.80,14.80,0
19531117,14.72,14.72,14.72,14.72,0
19531118,14.74,14.74,14.74,14.74,0
19531119,14.81,14.81,14.81,14.81,0
19531120,14.83,14.83,14.83,14.83,0
19531123,14.78,14.78,14.78,14.78,0
19531124,14.87,14.87,14.87,14.87,0
19531125,14.88,14.88,14.88,14.88,0
19531127,14.96,14.96,14.96,14.96,0
19531130,15.02,15.02,15.02,15.02,0
19531201,15.03,15.03,15.03,15.03,0
19531202,15.13,15.13,15.13,15.13,0
19531203,15.15,15.15,15.15,15.15,0
19531204,15.15,15.15,15.15,15.15,0
19531207,15.13,15.13,15.13,15.13,0
19531208,15.08,15.08,15.08,15.08,0
19531209,15.06,15.06,15.06,15.06,0
19531210,15.03,15.03,15.03,15.03,0
19531211,15.01,15.01,15.01,15.01,0
19531214,14.97,14.97,14.97,14.97,0
19531215,14.98,14.98,14.98,14.98,0
19531216,15.13,15.13,15.13,15.13,0
19531217,15.12,15.12,15.12,15.12,0
19531218,15.15,15.15,15.15,15.15,0
19531221,15.12,15.12,15.12,15.12,0
19531222,15.01,15.01,15.01,15.01,0
19531223,14.97,14.97,14.97,14.97,0
19531224,15.03,15.03,15.03,15.03,0
19531228,14.98,14.98,14.98,14.98,0
19531229,14.88,14.88,14.88,14.88,0
19531230,15.01,15.01,15.01,15.01,0
19531231,15.04,15.04,15.04,15.04,0
19540104,15.12,15.12,15.12,15.12,0
19540105,15.21,15.21,15.21,15.21,0
19540106,15.24,15.24,15.24,15.24,0
19540107,15.19,15.19,15.19,15.19,0
19540108,15.11,15.11,15.11,15.11,0
19540111,15.03,15.03,15.03,15.03,0
19540112,15.11,15.11,15.11,15.11,0
19540113,15.20,15.20,15.20,15.20,0
19540114,15.27,15.27,15.27,15.27,0
19540115,15.42,15.42,15.42,15.42,0
19540118,15.42,15.42,15.42,15.42,0
19540119,15.57,15.57,15.57,15.57,0
19540120,15.61,15.61,15.61,15.61,0
19540121,15.64,15.64,15.64,15.64,0
19540122,15.68,15.68,15.68,15.68,0
19540125,15.72,15.72,15.72,15.72,0
19540126,15.82,15.82,15.82,15.82,0
19540127,15.77,15.77,15.77,15.77,0
19540128,15.78,15.78,15.78,15.78,0
19540129,15.82,15.82,15.82,15.82,0
19540201,15.76,15.76,15.76,15.76,0
19540202,15.72,15.72,15.72,15.72,0
19540203,15.78,15.78,15.78,15.78,0
19540204,15.89,15.89,15.89,15.89,0
19540205,15.95,15.95,15.95,15.95,0
19540208,15.91,15.91,15.91,15.91,0
19540209,15.88,15.88,15.88,15.88,0
19540210,15.86,15.86,15.86,15.86,0
19540211,15.81,15.81,15.81,15.81,0
19540212,15.85,15.85,15.85,15.85,0
19540215,15.80,15.80,15.80,15.80,0
19540216,15.66,15.66,15.66,15.66,0
19540217,15.69,15.69,15.69,15.69,0
19540218,15.69,15.69,15.69,15.69,0
19540219,15.73,15.73,15.73,15.73,0
19540223,15.68,15.68,15.68,15.68,0
19540224,15.68,15.68,15.68,15.68,0
19540225,15.73,15.73,15.73,15.73,0
19540226,15.87,15.87,15.87,15.87,0
19540301,15.93,15.93,15.93,15.93,0
19540302,15.98,15.98,15.98,15.98,0
19540303,15.98,15.98,15.98,15.98,0
19540304,16.03,16.03,16.03,16.03,0
19540305,16.10,16.10,16.10,16.10,0
19540308,16.06,16.06,16.06,16.06,0
19540309,16.09,16.09,16.09,16.09,0
19540310,16.13,16.13,16.13,16.13,0
19540311,16.21,16.21,16.21,16.21,0
19540312,16.21,16.21,16.21,16.21,0
19540315,16.13,16.13,16.13,16.13,0
19540316,16.13,16.13,16.13,16.13,0
19540317,16.17,16.17,16.17,16.17,0
19540318,16.23,16.23,16.23,16.23,0
19540319,16.28,16.28,16.28,16.28,0
19540322,16.27,16.27,16.27,16.27,0
19540323,16.16,16.16,16.16,16.16,0
19540324,16.08,16.08,16.08,16.08,0
19540325,16.05,16.05,16.05,16.05,0
19540326,16.13,16.13,16.13,16.13,0
19540329,16.20,16.20,16.20,16.20,0
19540330,16.21,16.21,16.21,16.21,0
19540331,16.37,16.37,16.37,16.37,0
19540401,16.51,16.51,16.51,16.51,0
19540402,16.53,16.53,16.53,16.53,0
19540405,16.56,16.56,16.56,16.56,0
19540406,16.41,16.41,16.41,16.41,0
19540407,16.47,16.47,16.47,16.47,0
19540408,16.64,16.64,16.64,16.64,0
19540409,16.64,16.64,16.64,16.64,0
19540412,16.75,16.75,16.75,16.75,0
19540413,16.80,16.80,16.80,16.80,0
19540414,16.93,16.93,16.93,16.93,0
19540415,16.98,16.98,16.98,16.98,0
19540419,16.87,16.87,16.87,16.87,0
19540420,16.87,16.87,16.87,16.87,0
19540421,16.80,16.80,16.80,16.80,0
19540422,16.83,16.83,16.83,16.83,0
19540423,16.89,16.89,16.89,16.89,0
19540426,16.95,16.95,16.95,16.95,0
19540427,16.85,16.85,16.85,16.85,0
19540428,16.88,16.88,16.88,16.88,0
19540429,17.13,17.13,17.13,17.13,0
19540430,17.18,17.18,17.18,17.18,0
19540503,17.15,17.15,17.15,17.15,0
19540504,17.20,17.20,17.20,17.20,0
19540505,17.20,17.20,17.20,17.20,0
19540506,17.34,17.34,17.34,17.34,0
19540507,17.43,17.43,17.43,17.43,0
19540510,17.41,17.41,17.41,17.41,0
19540511,17.33,17.33,17.33,17.33,0
19540512,17.47,17.47,17.47,17.47,0
19540513,17.37,17.37,17.37,17.37,0
19540514,17.52,17.52,17.52,17.52,0
19540517,17.54,17.54,17.54,17.54,0
19540518,17.55,17.55,17.55,17.55,0
19540519,17.47,17.47,17.47,17.47,0
19540520,17.53,17.53,17.53,17.53,0
19540521,17.64,17.64,17.64,17.64,0
19540524,17.64,17.64,17.64,17.64,0
19540525,17.60,17.60,17.60,17.60,0
19540526,17.75,17.75,17.75,17.75,0
19540527,17.68,17.68,17.68,17.68,0
19540528,17.76,17.76,17.76,17.76,0
19540601,17.77,17.77,17.77,17.77,0
19540602,17.75,17.75,17.75,17.75,0
19540603,17.74,17.74,17.74,17.74,0
19540604,17.71,17.71,17.71,17.71,0
19540607,17.65,17.65,17.65,17.65,0
19540608,17.25,17.25,17.25,17.25,0
19540609,17.14,17.14,17.14,17.14,0
19540610,17.25,17.25,17.25,17.25,0
19540611,17.40,17.40,17.40,17.40,0
19540614,17.42,17.42,17.42,17.42,0
19540615,17.55,17.55,17.55,17.55,0
19540616,17.68,17.68,17.68,17.68,0
19540617,17.63,17.63,17.63,17.63,0
19540618,17.68,17.68,17.68,17.68,0
19540621,17.70,17.70,17.70,17.70,0
19540622,17.71,17.71,17.71,17.71,0
19540623,17.74,17.74,17.74,17.74,0
19540624,17.82,17.82,17.82,17.82,0
19540625,17.78,17.78,17.78,17.78,0
19540628,17.83,17.83,17.83,17.83,0
19540629,17.93,17.93,17.93,17.93,0
19540630,17.79,17.79,17.79,17.79,0
19540701,17.79,17.79,17.79,17.79,0
19540702,18.02,18.02,18.02,18.02,0
19540706,18.23,18.23,18.23,18.23,0
19540707,18.24,18.24,18.24,18.24,0
19540708,18.24,18.24,18.24,18.24,0
19540709,18.36,18.36,18.36,18.36,0
19540712,18.35,18.35,18.35,18.35,0
19540713,18.29,18.29,18.29,18.29,0
19540714,18.34,18.34,18.34,18.34,0
19540715,18.40,18.40,18.40,18.40,0
19540716,18.32,18.32,18.32,18.32,0
19540719,18.27,18.27,18.27,18.27,0
19540720,18.18,18.18,18.18,18.18,0
19540721,18.30,18.30,18.30,18.30,0
19540722,18.45,18.45,18.45,18.45,0
19540723,18.47,18.47,18.47,18.47,0
19540726,18.49,18.49,18.49,18.49,0
19540727,18.60,18.60,18.60,18.60,0
19540728,18.64,18.64,18.64,18.64,0
19540729,18.71,18.71,18.71,18.71,0
19540730,18.82,18.82,18.82,18.82,0
19540802,18.89,18.89,18.89,18.89,0
19540803,18.86,18.86,18.86,18.86,0
19540804,18.84,18.84,18.84,18.84,0
19540805,18.76,18.76,18.76,18.76,0
19540806,18.52,18.52,18.52,18.52,0
19540809,18.37,18.37,18.37,18.37,0
19540810,18.52,18.52,18.52,18.52,0
19540811,18.73,18.73,18.73,18.73,0
19540812,18.66,18.66,18.66,18.66,0
19540813,18.74,18.74,18.74,18.74,0
19540816,18.94,18.94,18.94,18.94,0
19540817,18.98,18.98,18.98,18.98,0
19540818,18.96,18.96,18.96,18.96,0
19540819,19.01,19.01,19.01,19.01,0
19540820,19.04,19.04,19.04,19.04,0
19540823,18.91,18.91,18.91,18.91,0
19540824,18.83,18.83,18.83,18.83,0
19540825,18.70,18.70,18.70,18.70,0
19540826,18.65,18.65,18.65,18.65,0
19540827,18.71,18.71,18.71,18.71,0
19540830,18.52,18.52,18.52,18.52,0
19540831,18.20,18.20,18.20,18.20,0
19540901,18.33,18.33,18.33,18.33,0
19540902,18.47,18.47,18.47,18.47,0
19540903,18.61,18.61,18.61,18.61,0
19540907,18.71,18.71,18.71,18.71,0
19540908,18.72,18.72,18.72,18.72,0
19540909,18.76,18.76,18.76,18.76,0
19540910,18.82,18.82,18.82,18.82,0
19540913,19.00,19.00,19.00,19.00,0
19540914,19.09,19.09,19.09,19.09,0
19540915,19.10,19.10,19.10,19.10,0
19540916,19.20,19.20,19.20,19.20,0
19540917,19.36,19.36,19.36,19.36,0
19540920,19.27,19.27,19.27,19.27,0
19540921,19.41,19.41,19.41,19.41,0
19540922,19.54,19.54,19.54,19.54,0
19540923,19.65,19.65,19.65,19.65,0
19540924,19.78,19.78,19.78,19.78,0
19540927,19.86,19.86,19.86,19.86,0
19540928,19.96,19.96,19.96,19.96,0
19540929,19.85,19.85,19.85,19.85,0
19540930,19.73,19.73,19.73,19.73,0
19541001,19.72,19.72,19.72,19.72,0
19541004,19.83,19.83,19.83,19.83,0
19541005,19.93,19.93,19.93,19.93,0
19541006,20.01,20.01,20.01,20.01,0
19541007,19.97,19.97,19.97,19.97,0
19541008,19.96,19.96,19.96,19.96,0
19541011,19.80,19.80,19.80,19.80,0
19541012,19.72,19.72,19.72,19.72,0
19541013,19.71,19.71,19.71,19.71,0
19541014,19.48,19.48,19.48,19.48,0
19541015,19.37,19.37,19.37,19.37,0
19541018,19.45,19.45,19.45,19.45,0
19541019,19.50,19.50,19.50,19.50,0
19541020,19.66,19.66,19.66,19.66,0
19541021,19.63,19.63,19.63,19.63,0
19541022,19.64,19.64,19.64,19.64,0
19541025,19.53,19.53,19.53,19.53,0
19541026,19.52,19.52,19.52,19.52,0
19541027,19.57,19.57,19.57,19.57,0
19541028,19.48,19.48,19.48,19.48,0
19541029,19.36,19.36,19.36,19.36,0
19541101,19.43,19.43,19.43,19.43,0
19541103,19.83,19.83,19.83,19.83,0
19541104,20.06,20.06,20.06,20.06,0
19541105,20.00,20.00,20.00,20.00,0
19541108,20.19,20.19,20.19,20.19,0
19541109,20.27,20.27,20.27,20.27,0
19541110,20.29,20.29,20.29,20.29,0
19541111,20.46,20.46,20.46,20.46,0
19541112,20.51,20.51,20.51,20.51,0
19541115,20.47,20.47,20.47,20.47,0
19541116,20.53,20.53,20.53,20.53,0
19541117,20.57,20.57,20.57,20.57,0
19541118,20.45,20.45,20.45,20.45,0
19541119,20.46,20.46,20.46,20.46,0
19541122,20.54,20.54,20.54,20.54,0
19541123,20.81,20.81,20.81,20.81,0
19541124,20.93,20.93,20.93,20.93,0
19541126,21.13,21.13,21.13,21.13,0
19541129,21.13,21.13,21.13,21.13,0
19541130,20.95,20.95,20.95,20.95,0
19541201,20.79,20.79,20.79,20.79,0
19541202,20.91,20.91,20.91,20.91,0
19541203,21.10,21.10,21.10,21.10,0
19541206,21.27,21.27,21.27,21.27,0
19541207,21.37,21.37,21.37,21.37,0
19541208,21.33,21.33,21.33,21.33,0
19541209,21.23,21.23,21.23,21.23,0
19541210,21.15,21.15,21.15,21.15,0
19541213,21.17,21.17,21.17,21.17,0
19541214,21.02,21.02,21.02,21.02,0
19541215,21.15,21.15,21.15,21.15,0
19541216,21.38,21.38,21.38,21.38,0
19541217,21.98,21.98,21.98,21.98,0
19541220,21.62,21.62,21.62,21.62,0
19541221,21.66,21.66,21.66,21.66,0
19541222,21.63,21.63,21.63,21.63,0
19541223,21.65,21.65,21.65,21.65,0
19541227,21.47,21.47,21.47,21.47,0
19541228,21.69,21.69,21.69,21.69,0
19541229,21.88,21.88,21.88,21.88,0
19541230,21.88,21.88,21.88,21.88,0
19541231,22.03,22.03,22.03,22.03,0
19550103,22.50,22.50,22.50,22.50,0
19550104,22.29,22.29,22.29,22.29,0
19550105,21.74,21.74,21.74,21.74,0
19550106,21.44,21.44,21.44,21.44,0
19550107,21.61,21.61,21.61,21.61,0
19550110,21.89,21.89,21.89,21.89,0
19550111,21.82,21.82,21.82,21.82,0
19550112,21.75,21.75,21.75,21.75,0
19550113,21.66,21.66,21.66,21.66,0
19550114,21.57,21.57,21.57,21.57,0
19550117,21.13,21.13,21.13,21.13,0
19550118,21.26,21.26,21.26,21.26,0
19550119,21.36,21.36,21.36,21.36,0
19550120,21.46,21.46,21.46,21.46,0
19550121,21.64,21.64,21.64,21.64,0
19550124,21.69,21.69,21.69,21.69,0
19550125,21.68,21.68,21.68,21.68,0
19550126,21.94,21.94,21.94,21.94,0
19550127,21.96,21.96,21.96,21.96,0
19550128,22.08,22.08,22.08,22.08,0
19550131,22.35,22.35,22.35,22.35,0
19550201,22.40,22.40,22.40,22.40,0
19550202,22.33,22.33,22.33,22.33,0
19550203,22.22,22.22,22.22,22.22,0
19550204,22.53,22.53,22.53,22.53,0
19550207,22.53,22.53,22.53,22.53,0
19550208,22.22,22.22,22.22,22.22,0
19550209,22.39,22.39,22.39,22.39,0
19550210,22.59,22.59,22.59,22.59,0
19550211,22.63,22.63,22.63,22.63,0
19550214,22.47,22.47,22.47,22.47,0
19550215,22.46,22.46,22.46,22.46,0
19550216,22.39,22.39,22.39,22.39,0
19550217,22.43,22.43,22.43,22.43,0
19550218,22.45,22.45,22.45,22.45,0
19550221,22.42,22.42,22.42,22.42,0
19550223,22.40,22.40,22.40,22.40,0
19550224,22.28,22.28,22.28,22.28,0
19550225,22.24,22.24,22.24,22.24,0
19550228,22.35,22.35,22.35,22.35,0
19550301,22.39,22.39,22.39,22.39,0
19550302,22.58,22.58,22.58,22.58,0
19550303,22.66,22.66,22.66,22.66,0
19550304,22.80,22.80,22.80,22.80,0
19550307,22.65,22.65,22.65,22.65,0
19550308,22.22,22.22,22.22,22.22,0
19550309,22.00,22.00,22.00,22.00,0
19550310,22.14,22.14,22.14,22.14,0
19550311,21.75,21.75,21.75,21.75,0
19550314,21.22,21.22,21.22,21.22,0
19550315,21.68,21.68,21.68,21.68,0
19550316,21.84,21.84,21.84,21.84,0
19550317,21.92,21.92,21.92,21.92,0
19550318,21.95,21.95,21.95,21.95,0
19550321,21.81,21.81,21.81,21.81,0
19550322,21.93,21.93,21.93,21.93,0
19550323,22.22,22.22,22.22,22.22,0
19550324,22.39,22.39,22.39,22.39,0
19550325,22.40,22.40,22.40,22.40,0
19550328,22.32,22.32,22.32,22.32,0
19550329,22.33,22.33,22.33,22.33,0
19550330,22.12,22.12,22.12,22.12,0
19550331,22.16,22.16,22.16,22.16,0
19550401,22.38,22.38,22.38,22.38,0
19550404,22.30,22.30,22.30,22.30,0
19550405,22.39,22.39,22.39,22.39,0
19550406,22.50,22.50,22.50,22.50,0
19550407,22.60,22.60,22.60,22.60,0
19550411,22.66,22.66,22.66,22.66,0
19550412,22.79,22.79,22.79,22.79,0
19550413,22.81,22.81,22.81,22.81,0
19550414,22.86,22.86,22.86,22.86,0
19550415,22.95,22.95,22.95,22.95,0
19550418,23.14,23.14,23.14,23.14,0
19550419,23.10,23.10,23.10,23.10,0
19550420,23.14,23.14,23.14,23.14,0
19550421,23.16,23.16,23.16,23.16,0
19550422,22.96,22.96,22.96,22.96,0
19550425,23.02,23.02,23.02,23.02,0
19550426,23.14,23.14,23.14,23.14,0
19550427,23.01,23.01,23.01,23.01,0
19550428,22.75,22.75,22.75,22.75,0
19550429,22.92,22.92,22.92,22.92,0
19550502,22.96,22.96,22.96,22.96,0
19550503,22.75,22.75,22.75,22.75,0
19550504,22.71,22.71,22.71,22.71,0
19550505,22.82,22.82,22.82,22.82,0
19550506,22.85,22.85,22.85,22.85,0
19550509,22.87,22.87,22.87,22.87,0
19550510,22.82,22.82,22.82,22.82,0
19550511,22.56,22.56,22.56,22.56,0
19550512,22.42,22.42,22.42,22.42,0
19550513,22.56,22.56,22.56,22.56,0
19550516,22.31,22.31,22.31,22.31,0
19550517,22.27,22.27,22.27,22.27,0
19550518,22.46,22.46,22.46,22.46,0
19550519,22.58,22.58,22.58,22.58,0
19550520,22.73,22.73,22.73,22.73,0
19550523,22.57,22.57,22.57,22.57,0
19550524,22.55,22.55,22.55,22.55,0
19550525,22.63,22.63,22.63,22.63,0
19550526,22.78,22.78,22.78,22.78,0
19550527,22.82,22.82,22.82,22.82,0
19550531,22.80,22.80,22.80,22.80,0
19550601,22.83,22.83,22.83,22.83,0
19550602,22.86,22.86,22.86,22.86,0
19550603,23.07,23.07,23.07,23.07,0
19550606,23.86,23.86,23.86,23.86,0
19550607,24.02,24.02,24.02,24.02,0
19550608,23.57,23.57,23.57,23.57,0
19550609,23.44,23.44,23.44,23.44,0
19550610,23.58,23.58,23.58,23.58,0
19550613,23.80,23.80,23.80,23.80,0
19550614,23.82,23.82,23.82,23.82,0
19550615,23.95,23.95,23.95,23.95,0
19550616,23.99,23.99,23.99,23.99,0
19550617,24.07,24.07,24.07,24.07,0
19550620,24.09,24.09,24.09,24.09,0
19550621,24.31,24.31,24.31,24.31,0
19550622,24.36,24.36,24.36,24.36,0
19550623,24.44,24.44,24.44,24.44,0
19550624,24.56,24.56,24.56,24.56,0
19550627,24.58,24.58,24.58,24.58,0
19550628,24.44,24.44,24.44,24.44,0
19550629,24.45,24.45,24.45,24.45,0
19550630,24.59,24.59,24.59,24.59,0
19550701,24.68,24.68,24.68,24.68,0
19550705,24.98,24.98,24.98,24.98,0
19550706,25.86,25.86,25.86,25.86,0
19550707,25.50,25.50,25.50,25.50,0
19550708,25.53,25.53,25.53,25.53,0
19550711,25.59,25.59,25.59,25.59,0
19550712,25.59,25.59,25.59,25.59,0
19550713,25.28,25.28,25.28,25.28,0
19550714,25.28,25.28,25.28,25.28,0
19550715,25.37,25.37,25.37,25.37,0
19550718,25.34,25.34,25.34,25.34,0
19550719,25.18,25.18,25.18,25.18,0
19550720,25.25,25.25,25.25,25.25,0
19550721,25.50,25.50,25.50,25.50,0
19550722,25.71,25.71,25.71,25.71,0
19550725,25.99,25.99,25.99,25.99,0
19550726,26.04,26.04,26.04,26.04,0
19550727,26.15,26.15,26.15,26.15,0
19550728,25.99,25.99,25.99,25.99,0
19550729,26.00,26.00,26.00,26.00,0
19550801,25.64,25.64,25.64,25.64,0
19550802,25.69,25.69,25.69,25.69,0
19550803,25.73,25.73,25.73,25.73,0
19550804,25.29,25.29,25.29,25.29,0
19550805,25.40,25.40,25.40,25.40,0
19550808,25.25,25.25,25.25,25.25,0
19550809,24.91,24.91,24.91,24.91,0
19550810,24.90,24.90,24.90,24.90,0
19550811,25.13,25.13,25.13,25.13,0
19550812,25.17,25.17,25.17,25.17,0
19550815,25.14,25.14,25.14,25.14,0
19550816,24.95,24.95,24.95,24.95,0
19550817,24.97,24.97,24.97,24.97,0
19550818,24.93,24.93,24.93,24.93,0
19550819,25.04,25.04,25.04,25.04,0
19550822,25.01,25.01,25.01,25.01,0
19550823,25.34,25.34,25.34,25.34,0
19550824,25.37,25.37,25.37,25.37,0
19550825,25.48,25.48,25.48,25.48,0
19550826,25.59,25.59,25.59,25.59,0
19550829,25.57,25.57,25.57,25.57,0
19550830,25.54,25.54,25.54,25.54,0
19550831,25.69,25.69,25.69,25.69,0
19550901,25.80,25.80,25.80,25.80,0
19550902,25.93,25.93,25.93,25.93,0
19550906,26.08,26.08,26.08,26.08,0
19550907,26.07,26.07,26.07,26.07,0
19550908,26.09,26.09,26.09,26.09,0
19550909,26.09,26.09,26.09,26.09,0
19550912,26.26,26.26,26.26,26.26,0
19550913,26.62,26.62,26.62,26.62,0
19550914,26.73,26.73,26.73,26.73,0
19550915,26.58,26.58,26.58,26.58,0
19550916,26.78,26.78,26.78,26.78,0
19550919,26.82,26.82,26.82,26.82,0
19550920,26.80,26.80,26.80,26.80,0
19550921,26.94,26.94,26.94,26.94,0
19550922,26.94,26.94,26.94,26.94,0
19550923,27.08,27.08,27.08,27.08,0
19550926,25.28,25.28,25.28,25.28,0
19550927,25.85,25.85,25.85,25.85,0
19550928,26.28,26.28,26.28,26.28,0
19550929,26.11,26.11,26.11,26.11,0
19550930,25.89,25.89,25.89,25.89,0
19551003,25.19,25.19,25.19,25.19,0
19551004,25.38,25.38,25.38,25.38,0
19551005,25.48,25.48,25.48,25.48,0
19551006,25.30,25.30,25.30,25.30,0
19551007,25.11,25.11,25.11,25.11,0
19551010,24.38,24.38,24.38,24.38,0
19551011,24.16,24.16,24.16,24.16,0
19551012,24.59,24.59,24.59,24.59,0
19551013,24.50,24.50,24.50,24.50,0
19551014,24.40,24.40,24.40,24.40,0
19551017,24.47,24.47,24.47,24.47,0
19551018,24.65,24.65,24.65,24.65,0
19551019,24.89,24.89,24.89,24.89,0
19551020,25.19,25.19,25.19,25.19,0
19551021,25.19,25.19,25.19,25.19,0
19551024,25.38,25.38,25.38,25.38,0
19551025,25.20,25.20,25.20,25.20,0
19551026,25.00,25.00,25.00,25.00,0
19551027,25.02,25.02,25.02,25.02,0
19551028,25.04,25.04,25.04,25.04,0
19551031,25.02,25.02,25.02,25.02,0
19551101,24.98,24.98,24.98,24.98,0
19551102,25.02,25.02,25.02,25.02,0
19551103,25.54,25.54,25.54,25.54,0
19551104,25.96,25.96,25.96,25.96,0
19551107,26.07,26.07,26.07,26.07,0
19551109,26.33,26.33,26.33,26.33,0
19551110,26.39,26.39,26.39,26.39,0
19551111,26.70,26.70,26.70,26.70,0
19551114,27.38,27.38,27.38,27.38,0
19551115,27.26,27.26,27.26,27.26,0
19551116,27.08,27.08,27.08,27.08,0
19551117,26.88,26.88,26.88,26.88,0
19551118,26.85,26.85,26.85,26.85,0
19551121,26.66,26.66,26.66,26.66,0
19551122,26.91,26.91,26.91,26.91,0
19551123,26.94,26.94,26.94,26.94,0
19551125,26.91,26.91,26.91,26.91,0
19551128,26.73,26.73,26.73,26.73,0
19551129,26.84,26.84,26.84,26.84,0
19551130,26.80,26.80,26.80,26.80,0
19551201,26.70,26.70,26.70,26.70,0
19551202,26.75,26.75,26.75,26.75,0
19551205,26.90,26.90,26.90,26.90,0
19551206,26.89,26.89,26.89,26.89,0
19551207,26.80,26.80,26.80,26.80,0
19551208,26.96,26.96,26.96,26.96,0
19551209,26.99,26.99,26.99,26.99,0
19551212,26.71,26.71,26.71,26.71,0
19551213,26.73,26.73,26.73,26.73,0
19551214,26.50,26.50,26.50,26.50,0
19551215,26.49,26.49,26.49,26.49,0
19551216,26.52,26.52,26.52,26.52,0
19551219,26.46,26.46,26.46,26.46,0
19551220,26.41,26.41,26.41,26.41,0
19551221,26.93,26.93,26.93,26.93,0
19551222,26.67,26.67,26.67,26.67,0
19551223,26.72,26.72,26.72,26.72,0
19551227,26.55,26.55,26.55,26.55,0
19551228,26.45,26.45,26.45,26.45,0
19551229,26.50,26.50,26.50,26.50,0
19551230,26.69,26.69,26.69,26.69,0
19560103,26.50,26.50,26.50,26.50,0
19560104,26.41,26.41,26.41,26.41,0
19560105,26.38,26.38,26.38,26.38,0
19560106,26.50,26.50,26.50,26.50,0
19560109,26.13,26.13,26.13,26.13,0
19560110,25.92,25.92,25.92,25.92,0
19560111,26.05,26.05,26.05,26.05,0
19560112,26.27,26.27,26.27,26.27,0
19560113,26.22,26.22,26.22,26.22,0
19560116,25.91,25.91,25.91,25.91,0
19560117,26.11,26.11,26.11,26.11,0
19560118,25.93,25.93,25.93,25.93,0
19560119,25.67,25.67,25.67,25.67,0
19560120,25.38,25.38,25.38,25.38,0
19560123,25.31,25.31,25.31,25.31,0
19560124,25.63,25.63,25.63,25.63,0
19560125,25.67,25.67,25.67,25.67,0
19560126,25.52,25.52,25.52,25.52,0
19560127,25.46,25.46,25.46,25.46,0
19560130,25.55,25.55,25.55,25.55,0
19560131,25.73,25.73,25.73,25.73,0
19560201,25.86,25.86,25.86,25.86,0
19560202,25.97,25.97,25.97,25.97,0
19560203,26.30,26.30,26.30,26.30,0
19560206,26.32,26.32,26.32,26.32,0
19560207,26.20,26.20,26.20,26.20,0
19560208,25.94,25.94,25.94,25.94,0
19560209,25.65,25.65,25.65,25.65,0
19560210,25.64,25.64,25.64,25.64,0
19560213,25.60,25.60,25.60,25.60,0
19560214,25.51,25.51,25.51,25.51,0
19560215,25.87,25.87,25.87,25.87,0
19560216,25.75,25.75,25.75,25.75,0
19560217,26.16,26.16,26.16,26.16,0
19560220,26.12,26.12,26.12,26.12,0
19560221,26.18,26.18,26.18,26.18,0
19560223,26.41,26.41,26.41,26.41,0
19560224,26.63,26.63,26.63,26.63,0
19560227,26.60,26.60,26.60,26.60,0
19560228,26.70,26.70,26.70,26.70,0
19560229,26.64,26.64,26.64,26.64,0
19560301,26.76,26.76,26.76,26.76,0
19560302,26.92,26.92,26.92,26.92,0
19560305,27.07,27.07,27.07,27.07,0
19560306,27.06,27.06,27.06,27.06,0
19560307,27.04,27.04,27.04,27.04,0
19560308,27.11,27.11,27.11,27.11,0
19560309,27.45,27.45,27.45,27.45,0
19560312,27.70,27.70,27.70,27.70,0
19560313,27.66,27.66,27.66,27.66,0
19560314,27.94,27.94,27.94,27.94,0
19560315,28.21,28.21,28.21,28.21,0
19560316,28.30,28.30,28.30,28.30,0
19560319,28.57,28.57,28.57,28.57,0
19560320,28.73,28.73,28.73,28.73,0
19560321,28.36,28.36,28.36,28.36,0
19560322,28.65,28.65,28.65,28.65,0
19560323,28.71,28.71,28.71,28.71,0
19560326,28.59,28.59,28.59,28.59,0
19560327,28.37,28.37,28.37,28.37,0
19560328,28.53,28.53,28.53,28.53,0
19560329,28.51,28.51,28.51,28.51,0
19560402,28.64,28.64,28.64,28.64,0
19560403,28.54,28.54,28.54,28.54,0
19560404,28.70,28.70,28.70,28.70,0
19560405,28.57,28.57,28.57,28.57,0
19560406,28.73,28.73,28.73,28.73,0
19560409,28.59,28.59,28.59,28.59,0
19560410,28.19,28.19,28.19,28.19,0
19560411,28.42,28.42,28.42,28.42,0
19560412,28.25,28.25,28.25,28.25,0
19560413,28.21,28.21,28.21,28.21,0
19560416,28.21,28.21,28.21,28.21,0
19560417,28.20,28.20,28.20,28.20,0
19560418,28.09,28.09,28.09,28.09,0
19560419,27.99,27.99,27.99,27.99,0
19560420,28.10,28.10,28.10,28.10,0
19560423,28.04,28.04,28.04,28.04,0
19560424,27.81,27.81,27.81,27.81,0
19560425,27.71,27.71,27.71,27.71,0
19560426,27.95,27.95,27.95,27.95,0
19560427,28.24,28.24,28.24,28.24,0
19560430,28.47,28.47,28.47,28.47,0
19560501,28.34,28.34,28.34,28.34,0
19560502,28.35,28.35,28.35,28.35,0
19560503,28.45,28.45,28.45,28.45,0
19560504,28.55,28.55,28.55,28.55,0
19560507,28.38,28.38,28.38,28.38,0
19560508,28.26,28.26,28.26,28.26,0
19560509,28.22,28.22,28.22,28.22,0
19560510,27.76,27.76,27.76,27.76,0
19560511,27.74,27.74,27.74,27.74,0
19560514,27.59,27.59,27.59,27.59,0
19560515,27.30,27.30,27.30,27.30,0
19560516,27.11,27.11,27.11,27.11,0
19560517,27.44,27.44,27.44,27.44,0
19560518,27.31,27.31,27.31,27.31,0
19560521,27.08,27.08,27.08,27.08,0
19560522,26.65,26.65,26.65,26.65,0
19560523,26.51,26.51,26.51,26.51,0
19560524,26.26,26.26,26.26,26.26,0
19560525,26.27,26.27,26.27,26.27,0
19560528,25.97,25.97,25.97,25.97,0
19560529,26.57,26.57,26.57,26.57,0
19560531,26.62,26.62,26.62,26.62,0
19560601,26.84,26.84,26.84,26.84,0
19560604,27.00,27.00,27.00,27.00,0
19560605,27.01,27.01,27.01,27.01,0
19560606,26.88,26.88,26.88,26.88,0
19560607,27.09,27.09,27.09,27.09,0
19560608,26.59,26.59,26.59,26.59,0
19560611,26.93,26.93,26.93,26.93,0
19560612,27.31,27.31,27.31,27.31,0
19560613,27.34,27.34,27.34,27.34,0
19560614,27.28,27.28,27.28,27.28,0
19560615,27.32,27.32,27.32,27.32,0
19560618,27.20,27.20,27.20,27.20,0
19560619,27.23,27.23,27.23,27.23,0
19560620,27.34,27.34,27.34,27.34,0
19560621,27.53,27.53,27.53,27.53,0
19560622,27.45,27.45,27.45,27.45,0
19560625,27.35,27.35,27.35,27.35,0
19560626,27.53,27.53,27.53,27.53,0
19560627,27.74,27.74,27.74,27.74,0
19560628,27.77,27.77,27.77,27.77,0
19560629,27.68,27.68,27.68,27.68,0
19560702,27.66,27.66,27.66,27.66,0
19560703,27.89,27.89,27.89,27.89,0
19560705,28.17,28.17,28.17,28.17,0
19560706,28.32,28.32,28.32,28.32,0
19560709,28.44,28.44,28.44,28.44,0
19560710,28.61,28.61,28.61,28.61,0
19560711,28.70,28.70,28.70,28.70,0
19560712,28.64,28.64,28.64,28.64,0
19560713,28.72,28.72,28.72,28.72,0
19560716,28.97,28.97,28.97,28.97,0
19560717,29.07,29.07,29.07,29.07,0
19560718,29.07,29.07,29.07,29.07,0
19560719,29.08,29.08,29.08,29.08,0
19560720,29.10,29.10,29.10,29.10,0
19560723,29.09,29.09,29.09,29.09,0
19560724,29.09,29.09,29.09,29.09,0
19560725,29.15,29.15,29.15,29.15,0
19560726,29.18,29.18,29.18,29.18,0
19560727,28.94,28.94,28.94,28.94,0
19560730,28.90,28.90,28.90,28.90,0
19560731,29.13,29.13,29.13,29.13,0
19560801,29.26,29.26,29.26,29.26,0
19560802,29.28,29.28,29.28,29.28,0
19560803,29.28,29.28,29.28,29.28,0
19560806,28.88,28.88,28.88,28.88,0
19560807,29.00,29.00,29.00,29.00,0
19560808,29.11,29.11,29.11,29.11,0
19560809,29.09,29.09,29.09,29.09,0
19560810,28.96,28.96,28.96,28.96,0
19560813,28.66,28.66,28.66,28.66,0
19560814,28.32,28.32,28.32,28.32,0
19560815,28.90,28.90,28.90,28.90,0
19560816,28.84,28.84,28.84,28.84,0
19560817,28.80,28.80,28.80,28.80,0
19560820,28.47,28.47,28.47,28.47,0
19560821,28.26,28.26,28.26,28.26,0
19560822,27.98,27.98,27.98,27.98,0
19560823,28.32,28.32,28.32,28.32,0
19560824,28.29,28.29,28.29,28.29,0
19560827,28.12,28.12,28.12,28.12,0
19560828,28.07,28.07,28.07,28.07,0
19560829,27.95,27.95,27.95,27.95,0
19560830,27.70,27.70,27.70,27.70,0
19560831,28.04,28.04,28.04,28.04,0
19560904,28.26,28.26,28.26,28.26,0
19560905,28.34,28.34,28.34,28.34,0
19560906,28.39,28.39,28.39,28.39,0
19560907,28.22,28.22,28.22,28.22,0
19560910,28.07,28.07,28.07,28.07,0
19560911,27.97,27.97,27.97,27.97,0
19560912,27.77,27.77,27.77,27.77,0
19560913,27.21,27.21,27.21,27.21,0
19560914,27.87,27.87,27.87,27.87,0
19560917,27.81,27.81,27.81,27.81,0
19560918,27.62,27.62,27.62,27.62,0
19560919,27.30,27.30,27.30,27.30,0
19560920,27.28,27.28,27.28,27.28,0
19560921,27.50,27.50,27.50,27.50,0
19560924,27.40,27.40,27.40,27.40,0
19560925,27.02,27.02,27.02,27.02,0
19560926,27.06,27.06,27.06,27.06,0
19560927,26.93,26.93,26.93,26.93,0
19560928,26.78,26.78,26.78,26.78,0
19561001,26.40,26.40,26.40,26.40,0
19561002,26.88,26.88,26.88,26.88,0
19561003,27.33,27.33,27.33,27.33,0
19561004,27.34,27.34,27.34,27.34,0
19561005,27.43,27.43,27.43,27.43,0
19561008,27.43,27.43,27.43,27.43,0
19561009,27.29,27.29,27.29,27.29,0
19561010,27.67,27.67,27.67,27.67,0
19561011,27.65,27.65,27.65,27.65,0
19561012,27.77,27.77,27.77,27.77,0
19561015,27.68,27.68,27.68,27.68,0
19561016,27.54,27.54,27.54,27.54,0
19561017,27.33,27.33,27.33,27.33,0
19561018,27.38,27.38,27.38,27.38,0
19561019,27.32,27.32,27.32,27.32,0
19561022,27.32,27.32,27.32,27.32,0
19561023,27.25,27.25,27.25,27.25,0
19561024,27.14,27.14,27.14,27.14,0
19561025,27.09,27.09,27.09,27.09,0
19561026,27.34,27.34,27.34,27.34,0
19561029,27.42,27.42,27.42,27.42,0
19561030,27.40,27.40,27.40,27.40,0
19561031,26.94,26.94,26.94,26.94,0
19561101,27.49,27.49,27.49,27.49,0
19561102,27.77,27.77,27.77,27.77,0
19561105,28.13,28.13,28.13,28.13,0
19561107,27.85,27.85,27.85,27.85,0
19561108,27.62,27.62,27.62,27.62,0
19561109,27.39,27.39,27.39,27.39,0
19561112,27.48,27.48,27.48,27.48,0
19561113,27.35,27.35,27.35,27.35,0
19561114,27.20,27.20,27.20,27.20,0
19561115,27.03,27.03,27.03,27.03,0
19561116,27.04,27.04,27.04,27.04,0
19561119,26.78,26.78,26.78,26.78,0
19561120,26.54,26.54,26.54,26.54,0
19561121,26.41,26.41,26.41,26.41,0
19561123,26.69,26.69,26.69,26.69,0
19561126,26.53,26.53,26.53,26.53,0
19561127,26.56,26.56,26.56,26.56,0
19561128,26.27,26.27,26.27,26.27,0
19561129,26.25,26.25,26.25,26.25,0
19561130,26.66,26.66,26.66,26.66,0
19561203,27.19,27.19,27.19,27.19,0
19561204,27.11,27.11,27.11,27.11,0
19561205,27.44,27.44,27.44,27.44,0
19561206,27.69,27.69,27.69,27.69,0
19561207,27.82,27.82,27.82,27.82,0
19561210,27.68,27.68,27.68,27.68,0
19561211,27.49,27.49,27.49,27.49,0
19561212,27.29,27.29,27.29,27.29,0
19561213,27.51,27.51,27.51,27.51,0
19561214,27.53,27.53,27.53,27.53,0
19561217,27.53,27.53,27.53,27.53,0
19561218,27.53,27.53,27.53,27.53,0
19561219,27.47,27.47,27.47,27.47,0
19561220,27.26,27.26,27.26,27.26,0
19561221,27.44,27.44,27.44,27.44,0
19561226,27.45,27.45,27.45,27.45,0
19561227,27.43,27.43,27.43,27.43,0
19561228,27.55,27.55,27.55,27.55,0
19561231,27.62,27.62,27.62,27.62,0
19570102,27.34,27.34,27.34,27.34,0
19570103,27.58,27.58,27.58,27.58,0
19570104,27.62,27.62,27.62,27.62,0
19570107,27.48,27.48,27.48,27.48,0
19570108,27.38,27.38,27.38,27.38,0
19570109,27.32,27.32,27.32,27.32,0
19570110,27.39,27.39,27.39,27.39,0
19570111,27.34,27.34,27.34,27.34,0
19570114,27.15,27.15,27.15,27.15,0
19570115,26.75,26.75,26.75,26.75,0
19570116,26.78,26.78,26.78,26.78,0
19570117,26.78,26.78,26.78,26.78,0
19570118,26.43,26.43,26.43,26.43,0
19570121,26.29,26.29,26.29,26.29,0
19570122,26.37,26.37,26.37,26.37,0
19570123,26.57,26.57,26.57,26.57,0
19570124,26.67,26.67,26.67,26.67,0
19570125,26.55,26.55,26.55,26.55,0
19570128,26.35,26.35,26.35,26.35,0
19570129,26.49,26.49,26.49,26.49,0
19570130,26.61,26.61,26.61,26.61,0
19570131,26.50,26.50,26.50,26.50,0
19570201,26.44,26.44,26.44,26.44,0
19570204,26.39,26.39,26.39,26.39,0
19570205,26.01,26.01,26.01,26.01,0
19570206,25.97,25.97,25.97,25.97,0
19570207,25.85,25.85,25.85,25.85,0
19570208,25.67,25.67,25.67,25.67,0
19570211,25.23,25.23,25.23,25.23,0
19570212,25.12,25.12,25.12,25.12,0
19570213,25.51,25.51,25.51,25.51,0
19570214,25.48,25.48,25.48,25.48,0
19570215,25.79,25.79,25.79,25.79,0
19570218,25.77,25.77,25.77,25.77,0
19570219,25.78,25.78,25.78,25.78,0
19570220,25.87,25.87,25.87,25.87,0
19570221,25.78,25.78,25.78,25.78,0
19570225,25.72,25.72,25.72,25.72,0
19570226,25.77,25.77,25.77,25.77,0
19570227,25.74,25.74,25.74,25.74,0
19570228,25.66,25.66,25.66,25.66,0
19570301,25.94,25.94,25.94,25.94,0
19570304,26.13,26.13,26.13,26.13,0
19570305,26.23,26.23,26.23,26.23,0
19570306,26.24,26.24,26.24,26.24,0
19570307,26.23,26.23,26.23,26.23,0
19570308,26.14,26.14,26.14,26.14,0
19570311,25.97,25.97,25.97,25.97,0
19570312,25.96,25.96,25.96,25.96,0
19570313,26.13,26.13,26.13,26.13,0
19570314,26.15,26.15,26.15,26.15,0
19570315,26.14,26.14,26.14,26.14,0
19570318,26.02,26.02,26.02,26.02,0
19570319,26.14,26.14,26.14,26.14,0
19570320,26.17,26.17,26.17,26.17,0
19570321,26.18,26.18,26.18,26.18,0
19570322,26.15,26.15,26.15,26.15,0
19570325,26.05,26.05,26.05,26.05,0
19570326,26.07,26.07,26.07,26.07,0
19570327,26.18,26.18,26.18,26.18,0
19570328,26.23,26.23,26.23,26.23,0
19570329,26.19,26.19,26.19,26.19,0
19570401,26.21,26.21,26.21,26.21,0
19570402,26.38,26.38,26.38,26.38,0
19570403,26.45,26.45,26.45,26.45,0
19570404,26.39,26.39,26.39,26.39,0
19570405,26.42,26.42,26.42,26.42,0
19570408,26.36,26.36,26.36,26.36,0
19570409,26.60,26.60,26.60,26.60,0
19570410,26.72,26.72,26.72,26.72,0
19570411,26.72,26.72,26.72,26.72,0
19570412,26.72,26.72,26.72,26.72,0
19570415,26.70,26.70,26.70,26.70,0
19570416,26.75,26.75,26.75,26.75,0
19570417,26.78,26.78,26.78,26.78,0
19570418,26.98,26.98,26.98,26.98,0
19570422,27.02,27.02,27.02,27.02,0
19570423,27.13,27.13,27.13,27.13,0
19570424,27.17,27.17,27.17,27.17,0
19570425,27.08,27.08,27.08,27.08,0
19570426,27.04,27.04,27.04,27.04,0
19570429,27.18,27.18,27.18,27.18,0
19570430,27.19,27.19,27.19,27.19,0
19570501,27.36,27.36,27.36,27.36,0
19570502,27.58,27.58,27.58,27.58,0
19570503,27.55,27.55,27.55,27.55,0
19570506,27.51,27.51,27.51,27.51,0
19570507,27.43,27.43,27.43,27.43,0
19570508,27.54,27.54,27.54,27.54,0
19570509,27.57,27.57,27.57,27.57,0
19570510,27.70,27.70,27.70,27.70,0
19570513,27.88,27.88,27.88,27.88,0
19570514,27.75,27.75,27.75,27.75,0
19570515,27.85,27.85,27.85,27.85,0
19570516,27.97,27.97,27.97,27.97,0
19570517,28.05,28.05,28.05,28.05,0
19570520,28.17,28.17,28.17,28.17,0
19570521,28.16,28.16,28.16,28.16,0
19570522,28.04,28.04,28.04,28.04,0
19570523,28.05,28.05,28.05,28.05,0
19570524,28.09,28.09,28.09,28.09,0
19570527,27.83,27.83,27.83,27.83,0
19570528,27.78,27.78,27.78,27.78,0
19570529,28.03,28.03,28.03,28.03,0
19570531,28.23,28.23,28.23,28.23,0
19570603,28.19,28.19,28.19,28.19,0
19570604,28.14,28.14,28.14,28.14,0
19570605,28.14,28.14,28.14,28.14,0
19570606,28.45,28.45,28.45,28.45,0
19570607,28.48,28.48,28.48,28.48,0
19570610,28.52,28.52,28.52,28.52,0
19570611,28.54,28.54,28.54,28.54,0
19570612,28.61,28.61,28.61,28.61,0
19570613,28.66,28.66,28.66,28.66,0
19570614,28.67,28.67,28.67,28.67,0
19570617,28.73,28.73,28.73,28.73,0
19570618,28.61,28.61,28.61,28.61,0
19570619,28.42,28.42,28.42,28.42,0
19570620,28.25,28.25,28.25,28.25,0
19570621,28.08,28.08,28.08,28.08,0
19570624,27.86,27.86,27.86,27.86,0
19570625,28.09,28.09,28.09,28.09,0
19570626,28.05,28.05,28.05,28.05,0
19570627,28.15,28.15,28.15,28.15,0
19570628,28.22,28.22,28.22,28.22,0
19570701,28.26,28.26,28.26,28.26,0
19570702,28.54,28.54,28.54,28.54,0
19570703,28.87,28.87,28.87,28.87,0
19570705,29.01,29.01,29.01,29.01,0
19570708,29.14,29.14,29.14,29.14,0
19570709,29.14,29.14,29.14,29.14,0
19570710,29.20,29.20,29.20,29.20,0
19570711,29.12,29.12,29.12,29.12,0
19570712,29.25,29.25,29.25,29.25,0
19570715,29.28,29.28,29.28,29.28,0
19570716,29.14,29.14,29.14,29.14,0
19570717,28.96,28.96,28.96,28.96,0
19570718,28.93,28.93,28.93,28.93,0
19570719,28.96,28.96,28.96,28.96,0
19570722,28.90,28.90,28.90,28.90,0
19570723,28.95,28.95,28.95,28.95,0
19570724,28.98,28.98,28.98,28.98,0
19570725,28.99,28.99,28.99,28.99,0
19570726,28.89,28.89,28.89,28.89,0
19570729,28.58,28.58,28.58,28.58,0
19570730,28.58,28.58,28.58,28.58,0
19570731,28.58,28.58,28.58,28.58,0
19570801,28.51,28.51,28.51,28.51,0
19570802,28.44,28.44,28.44,28.44,0
19570805,28.19,28.19,28.19,28.19,0
19570806,27.84,27.84,27.84,27.84,0
19570807,28.06,28.06,28.06,28.06,0
19570808,27.98,27.98,27.98,27.98,0
19570809,28.00,28.00,28.00,28.00,0
19570812,27.64,27.64,27.64,27.64,0
19570813,27.63,27.63,27.63,27.63,0
19570814,27.29,27.29,27.29,27.29,0
19570815,27.30,27.30,27.30,27.30,0
19570816,27.35,27.35,27.35,27.35,0
19570819,26.80,26.80,26.80,26.80,0
19570820,27.03,27.03,27.03,27.03,0
19570821,27.15,27.15,27.15,27.15,0
19570822,26.96,26.96,26.96,26.96,0
19570823,26.57,26.57,26.57,26.57,0
19570826,26.20,26.20,26.20,26.20,0
19570827,26.64,26.64,26.64,26.64,0
19570828,26.65,26.65,26.65,26.65,0
19570829,26.55,26.55,26.55,26.55,0
19570830,27.00,27.00,27.00,27.00,0
19570903,27.14,27.14,27.14,27.14,0
19570904,26.91,26.91,26.91,26.91,0
19570905,26.77,26.77,26.77,26.77,0
19570906,26.69,26.69,26.69,26.69,0
19570909,26.45,26.45,26.45,26.45,0
19570910,26.21,26.21,26.21,26.21,0
19570911,26.44,26.44,26.44,26.44,0
19570912,26.78,26.78,26.78,26.78,0
19570913,26.77,26.77,26.77,26.77,0
19570916,26.64,26.64,26.64,26.64,0
19570917,26.67,26.67,26.67,26.67,0
19570918,26.70,26.70,26.70,26.70,0
19570919,26.53,26.53,26.53,26.53,0
19570920,26.11,26.11,26.11,26.11,0
19570923,25.51,25.51,25.51,25.51,0
19570924,25.69,25.69,25.69,25.69,0
19570925,25.69,25.69,25.69,25.69,0
19570926,25.45,25.45,25.45,25.45,0
19570927,25.43,25.43,25.43,25.43,0
19570930,25.36,25.36,25.36,25.36,0
19571001,25.56,25.56,25.56,25.56,0
19571002,25.77,25.77,25.77,25.77,0
19571003,25.79,25.79,25.79,25.79,0
19571004,25.59,25.59,25.59,25.59,0
19571007,25.25,25.25,25.25,25.25,0
19571008,25.09,25.09,25.09,25.09,0
19571009,25.11,25.11,25.11,25.11,0
19571010,24.50,24.50,24.50,24.50,0
19571011,24.49,24.49,24.49,24.49,0
19571014,24.67,24.67,24.67,24.67,0
19571015,24.93,24.93,24.93,24.93,0
19571016,24.72,24.72,24.72,24.72,0
19571017,24.32,24.32,24.32,24.32,0
19571018,24.13,24.13,24.13,24.13,0
19571021,23.42,23.42,23.42,23.42,0
19571022,23.32,23.32,23.32,23.32,0
19571023,24.37,24.37,24.37,24.37,0
19571024,24.36,24.36,24.36,24.36,0
19571025,24.29,24.29,24.29,24.29,0
19571028,24.19,24.19,24.19,24.19,0
19571029,24.35,24.35,24.35,24.35,0
19571030,24.55,24.55,24.55,24.55,0
19571031,24.58,24.58,24.58,24.58,0
19571101,24.21,24.21,24.21,24.21,0
19571104,24.17,24.17,24.17,24.17,0
19571106,24.20,24.20,24.20,24.20,0
19571107,24.35,24.35,24.35,24.35,0
19571108,24.06,24.06,24.06,24.06,0
19571111,24.06,24.06,24.06,24.06,0
19571112,23.71,23.71,23.71,23.71,0
19571113,23.68,23.68,23.68,23.68,0
19571114,23.62,23.62,23.62,23.62,0
19571115,24.18,24.18,24.18,24.18,0
19571118,23.98,23.98,23.98,23.98,0
19571119,23.84,23.84,23.84,23.84,0
19571120,23.91,23.91,23.91,23.91,0
19571121,24.25,24.25,24.25,24.25,0
19571122,24.48,24.48,24.48,24.48,0
19571125,24.67,24.67,24.67,24.67,0
19571126,24.02,24.02,24.02,24.02,0
19571127,24.71,24.71,24.71,24.71,0
19571129,25.00,25.00,25.00,25.00,0
19571202,24.78,24.78,24.78,24.78,0
19571203,24.79,24.79,24.79,24.79,0
19571204,24.89,24.89,24.89,24.89,0
19571205,24.88,24.88,24.88,24.88,0
19571206,24.76,24.76,24.76,24.76,0
19571209,24.52,24.52,24.52,24.52,0
19571210,24.31,24.31,24.31,24.31,0
19571211,24.28,24.28,24.28,24.28,0
19571212,24.31,24.31,24.31,24.31,0
19571213,24.42,24.42,24.42,24.42,0
19571216,24.05,24.05,24.05,24.05,0
19571217,23.63,23.63,23.63,23.63,0
19571218,23.61,23.61,23.61,23.61,0
19571219,23.86,23.86,23.86,23.86,0
19571220,23.67,23.67,23.67,23.67,0
19571223,23.68,23.68,23.68,23.68,0
19571224,23.70,23.70,23.70,23.70,0
19571226,23.94,23.94,23.94,23.94,0
19571227,23.86,23.86,23.86,23.86,0
19571230,23.74,23.74,23.74,23.74,0
19571231,23.99,23.99,23.99,23.99,0
19580102,24.19,24.19,24.19,24.19,0
19580103,24.51,24.51,24.51,24.51,0
19580106,24.39,24.39,24.39,24.39,0
19580107,24.58,24.58,24.58,24.58,0
19580108,24.58,24.58,24.58,24.58,0
19580109,24.43,24.43,24.43,24.43,0
19580110,24.20,24.20,24.20,24.20,0
19580113,24.27,24.27,24.27,24.27,0
19580114,24.38,24.38,24.38,24.38,0
19580115,24.57,24.57,24.57,24.57,0
19580116,24.61,24.61,24.61,24.61,0
19580117,24.63,24.63,24.63,24.63,0
19580120,24.77,24.77,24.77,24.77,0
19580121,24.74,24.74,24.74,24.74,0
19580122,24.68,24.68,24.68,24.68,0
19580123,24.77,24.77,24.77,24.77,0
19580124,24.98,24.98,24.98,24.98,0
19580127,24.91,24.91,24.91,24.91,0
19580128,24.93,24.93,24.93,24.93,0
19580129,25.08,25.08,25.08,25.08,0
19580130,24.95,24.95,24.95,24.95,0
19580131,24.96,24.96,24.96,24.96,0
19580203,25.16,25.16,25.16,25.16,0
19580204,25.41,25.41,25.41,25.41,0
19580205,25.25,25.25,25.25,25.25,0
19580206,25.19,25.19,25.19,25.19,0
19580207,24.97,24.97,24.97,24.97,0
19580210,24.82,24.82,24.82,24.82,0
19580211,24.59,24.59,24.59,24.59,0
19580212,24.48,24.48,24.48,24.48,0
19580213,24.49,24.49,24.49,24.49,0
19580214,24.72,24.72,24.72,24.72,0
19580217,24.59,24.59,24.59,24.59,0
19580218,24.62,24.62,24.62,24.62,0
19580219,24.61,24.61,24.61,24.61,0
19580220,24.46,24.46,24.46,24.46,0
19580221,24.44,24.44,24.44,24.44,0
19580224,24.30,24.30,24.30,24.30,0
19580225,24.27,24.27,24.27,24.27,0
19580226,24.46,24.46,24.46,24.46,0
19580227,24.31,24.31,24.31,24.31,0
19580228,24.40,24.40,24.40,24.40,0
19580303,24.57,24.57,24.57,24.57,0
19580304,24.70,24.70,24.70,24.70,0
19580305,24.77,24.77,24.77,24.77,0
19580306,25.09,25.09,25.09,25.09,0
19580307,25.13,25.13,25.13,25.13,0
19580310,25.21,25.21,25.21,25.21,0
19580311,25.39,25.39,25.39,25.39,0
19580312,25.32,25.32,25.32,25.32,0
19580313,25.35,25.35,25.35,25.35,0
19580314,25.27,25.27,25.27,25.27,0
19580317,25.10,25.10,25.10,25.10,0
19580318,25.00,25.00,25.00,25.00,0
19580319,25.12,25.12,25.12,25.12,0
19580320,25.13,25.13,25.13,25.13,0
19580321,25.31,25.31,25.31,25.31,0
19580324,25.41,25.41,25.41,25.41,0
19580325,25.32,25.32,25.32,25.32,0
19580326,25.23,25.23,25.23,25.23,0
19580327,25.16,25.16,25.16,25.16,0
19580328,25.17,25.17,25.17,25.17,0
19580331,25.11,25.11,25.11,25.11,0
19580401,25.01,25.01,25.01,25.01,0
19580402,24.81,24.81,24.81,24.81,0
19580403,24.73,24.73,24.73,24.73,0
19580407,24.64,24.64,24.64,24.64,0
19580408,24.70,24.70,24.70,24.70,0
19580409,24.83,24.83,24.83,24.83,0
19580410,24.86,24.86,24.86,24.86,0
19580411,24.88,24.88,24.88,24.88,0
19580414,25.03,25.03,25.03,25.03,0
19580415,25.28,25.28,25.28,25.28,0
19580416,25.08,25.08,25.08,25.08,0
19580417,25.17,25.17,25.17,25.17,0
19580418,25.44,25.44,25.44,25.44,0
19580421,25.57,25.57,25.57,25.57,0
19580422,25.49,25.49,25.49,25.49,0
19580423,25.49,25.49,25.49,25.49,0
19580424,25.69,25.69,25.69,25.69,0
19580425,25.82,25.82,25.82,25.82,0
19580428,25.73,25.73,25.73,25.73,0
19580429,25.60,25.60,25.60,25.60,0
19580430,25.86,25.86,25.86,25.86,0
19580501,25.92,25.92,25.92,25.92,0
19580502,26.00,26.00,26.00,26.00,0
19580505,26.06,26.06,26.06,26.06,0
19580506,26.19,26.19,26.19,26.19,0
19580507,26.14,26.14,26.14,26.14,0
19580508,26.17,26.17,26.17,26.17,0
19580509,26.23,26.23,26.23,26.23,0
19580512,26.02,26.02,26.02,26.02,0
19580513,25.95,25.95,25.95,25.95,0
19580514,25.65,25.65,25.65,25.65,0
19580515,25.77,25.77,25.77,25.77,0
19580516,25.78,25.78,25.78,25.78,0
19580519,25.71,25.71,25.71,25.71,0
19580520,25.93,25.93,25.93,25.93,0
19580521,25.89,25.89,25.89,25.89,0
19580522,26.02,26.02,26.02,26.02,0
19580523,26.07,26.07,26.07,26.07,0
19580526,26.06,26.06,26.06,26.06,0
19580527,26.02,26.02,26.02,26.02,0
19580528,26.06,26.06,26.06,26.06,0
19580529,26.20,26.20,26.20,26.20,0
19580602,26.32,26.32,26.32,26.32,0
19580603,26.41,26.41,26.41,26.41,0
19580604,26.43,26.43,26.43,26.43,0
19580605,26.46,26.46,26.46,26.46,0
19580606,26.51,26.51,26.51,26.51,0
19580609,26.47,26.47,26.47,26.47,0
19580610,26.41,26.41,26.41,26.41,0
19580611,26.41,26.41,26.41,26.41,0
19580612,26.57,26.57,26.57,26.57,0
19580613,26.73,26.73,26.73,26.73,0
19580616,26.82,26.82,26.82,26.82,0
19580617,26.67,26.67,26.67,26.67,0
19580618,26.91,26.91,26.91,26.91,0
19580619,26.47,26.47,26.47,26.47,0
19580620,26.61,26.61,26.61,26.61,0
19580623,26.52,26.52,26.52,26.52,0
19580624,26.41,26.41,26.41,26.41,0
19580625,26.47,26.47,26.47,26.47,0
19580626,26.60,26.60,26.60,26.60,0
19580627,26.63,26.63,26.63,26.63,0
19580630,26.83,26.83,26.83,26.83,0
19580701,26.85,26.85,26.85,26.85,0
19580702,26.87,26.87,26.87,26.87,0
19580703,26.96,26.96,26.96,26.96,0
19580707,27.05,27.05,27.05,27.05,0
19580708,26.91,26.91,26.91,26.91,0
19580709,26.82,26.82,26.82,26.82,0
19580710,26.92,26.92,26.92,26.92,0
19580711,27.09,27.09,27.09,27.09,0
19580714,26.75,26.75,26.75,26.75,0
19580715,26.73,26.73,26.73,26.73,0
19580716,26.81,26.81,26.81,26.81,0
19580717,26.98,26.98,26.98,26.98,0
19580718,27.11,27.11,27.11,27.11,0
19580721,27.44,27.44,27.44,27.44,0
19580722,27.49,27.49,27.49,27.49,0
19580723,27.48,27.48,27.48,27.48,0
19580724,27.62,27.62,27.62,27.62,0
19580725,27.81,27.81,27.81,27.81,0
19580728,27.91,27.91,27.91,27.91,0
19580729,27.80,27.80,27.80,27.80,0
19580730,27.87,27.87,27.87,27.87,0
19580731,27.93,27.93,27.93,27.93,0
19580801,28.11,28.11,28.11,28.11,0
19580804,28.37,28.37,28.37,28.37,0
19580805,28.25,28.25,28.25,28.25,0
19580806,28.08,28.08,28.08,28.08,0
19580807,28.26,28.26,28.26,28.26,0
19580808,28.42,28.42,28.42,28.42,0
19580811,28.49,28.49,28.49,28.49,0
19580812,28.23,28.23,28.23,28.23,0
19580813,28.27,28.27,28.27,28.27,0
19580814,28.33,28.33,28.33,28.33,0
19580815,28.09,28.09,28.09,28.09,0
19580818,27.92,27.92,27.92,27.92,0
19580819,27.96,27.96,27.96,27.96,0
19580820,27.97,27.97,27.97,27.97,0
19580821,28.15,28.15,28.15,28.15,0
19580822,28.21,28.21,28.21,28.21,0
19580825,28.21,28.21,28.21,28.21,0
19580826,28.30,28.30,28.30,28.30,0
19580827,28.31,28.31,28.31,28.31,0
19580828,28.16,28.16,28.16,28.16,0
19580829,28.21,28.21,28.21,28.21,0
19580902,28.35,28.35,28.35,28.35,0
19580903,28.46,28.46,28.46,28.46,0
19580904,28.41,28.41,28.41,28.41,0
19580905,28.33,28.33,28.33,28.33,0
19580908,28.42,28.42,28.42,28.42,0
19580909,28.61,28.61,28.61,28.61,0
19580910,28.52,28.52,28.52,28.52,0
19580911,28.71,28.71,28.71,28.71,0
19580912,28.65,28.65,28.65,28.65,0
19580915,28.90,28.90,28.90,28.90,0
19580916,29.12,29.12,29.12,29.12,0
19580917,29.12,29.12,29.12,29.12,0
19580918,29.14,29.14,29.14,29.14,0
19580919,29.15,29.15,29.15,29.15,0
19580922,29.03,29.03,29.03,29.03,0
19580923,29.24,29.24,29.24,29.24,0
19580924,29.36,29.36,29.36,29.36,0
19580925,29.24,29.24,29.24,29.24,0
19580926,29.29,29.29,29.29,29.29,0
19580929,29.41,29.41,29.41,29.41,0
19580930,29.52,29.52,29.52,29.52,0
19581001,29.47,29.47,29.47,29.47,0
19581002,29.58,29.58,29.58,29.58,0
19581003,29.69,29.69,29.69,29.69,0
19581006,30.10,30.10,30.10,30.10,0
19581007,30.10,30.10,30.10,30.10,0
19581008,30.09,30.09,30.09,30.09,0
19581009,30.08,30.08,30.08,30.08,0
19581010,30.28,30.28,30.28,30.28,0
19581013,30.41,30.41,30.41,30.41,0
19581014,30.20,30.20,30.20,30.20,0
19581015,29.80,29.80,29.80,29.80,0
19581016,30.00,30.00,30.00,30.00,0
19581017,30.31,30.31,30.31,30.31,0
19581020,30.19,30.19,30.19,30.19,0
19581021,30.19,30.19,30.19,30.19,0
19581022,30.07,30.07,30.07,30.07,0
19581023,30.01,30.01,30.01,30.01,0
19581024,29.91,29.91,29.91,29.91,0
19581027,29.68,29.68,29.68,29.68,0
19581028,29.77,29.77,29.77,29.77,0
19581029,30.06,30.06,30.06,30.06,0
19581030,30.17,30.17,30.17,30.17,0
19581031,30.20,30.20,30.20,30.20,0
19581103,30.34,30.34,30.34,30.34,0
19581105,30.61,30.61,30.61,30.61,0
19581106,30.86,30.86,30.86,30.86,0
19581107,30.74,30.74,30.74,30.74,0
19581110,30.92,30.92,30.92,30.92,0
19581111,31.16,31.16,31.16,31.16,0
19581112,31.20,31.20,31.20,31.20,0
19581113,31.07,31.07,31.07,31.07,0
19581114,31.21,31.21,31.21,31.21,0
19581117,31.30,31.30,31.30,31.30,0
19581118,31.23,31.23,31.23,31.23,0
19581119,31.27,31.27,31.27,31.27,0
19581120,31.27,31.27,31.27,31.27,0
19581121,30.97,30.97,30.97,30.97,0
19581124,30.57,30.57,30.57,30.57,0
19581125,29.98,29.98,29.98,29.98,0
19581126,30.49,30.49,30.49,30.49,0
19581128,30.83,30.83,30.83,30.83,0
19581201,30.95,30.95,30.95,30.95,0
19581202,30.81,30.81,30.81,30.81,0
19581203,30.85,30.85,30.85,30.85,0
19581204,30.86,30.86,30.86,30.86,0
19581205,30.81,30.81,30.81,30.81,0
19581208,30.80,30.80,30.80,30.80,0
19581209,31.01,31.01,31.01,31.01,0
19581210,31.39,31.39,31.39,31.39,0
19581211,31.32,31.32,31.32,31.32,0
19581212,31.24,31.24,31.24,31.24,0
19581215,31.32,31.32,31.32,31.32,0
19581216,31.44,31.44,31.44,31.44,0
19581217,31.64,31.64,31.64,31.64,0
19581218,31.77,31.77,31.77,31.77,0
19581219,31.72,31.72,31.72,31.72,0
19581222,31.51,31.51,31.51,31.51,0
19581223,31.34,31.34,31.34,31.34,0
19581224,31.74,31.74,31.74,31.74,0
19581229,32.10,32.10,32.10,32.10,0
19581230,32.21,32.21,32.21,32.21,0
19581231,32.38,32.38,32.38,32.38,0
19590102,32.51,32.51,32.51,32.51,0
19590105,32.64,32.64,32.64,32.64,0
19590106,32.60,32.60,32.60,32.60,0
19590107,32.19,32.19,32.19,32.19,0
19590108,32.49,32.49,32.49,32.49,0
19590109,32.71,32.71,32.71,32.71,0
19590112,32.72,32.72,32.72,32.72,0
19590113,32.54,32.54,32.54,32.54,0
19590114,32.63,32.63,32.63,32.63,0
19590115,32.75,32.75,32.75,32.75,0
19590116,32.74,32.74,32.74,32.74,0
19590119,32.67,32.67,32.67,32.67,0
19590120,32.69,32.69,32.69,32.69,0
19590121,32.88,32.88,32.88,32.88,0
19590122,32.84,32.84,32.84,32.84,0
19590123,32.86,32.86,32.86,32.86,0
19590126,32.73,32.73,32.73,32.73,0
19590127,32.73,32.73,32.73,32.73,0
19590128,32.37,32.37,32.37,32.37,0
19590129,32.40,32.40,32.40,32.40,0
19590130,32.54,32.54,32.54,32.54,0
19590202,32.40,32.40,32.40,32.40,0
19590203,32.45,32.45,32.45,32.45,0
19590204,32.32,32.32,32.32,32.32,0
19590205,32.17,32.17,32.17,32.17,0
19590206,31.91,31.91,31.91,31.91,0
19590209,31.45,31.45,31.45,31.45,0
19590210,31.89,31.89,31.89,31.89,0
19590211,31.91,31.91,31.91,31.91,0
19590212,31.70,31.70,31.70,31.70,0
19590213,31.95,31.95,31.95,31.95,0
19590216,32.00,32.00,32.00,32.00,0
19590217,31.88,31.88,31.88,31.88,0
19590218,31.88,31.88,31.88,31.88,0
19590219,32.59,32.59,32.59,32.59,0
19590220,32.60,32.60,32.60,32.60,0
19590224,32.58,32.58,32.58,32.58,0
19590225,32.44,32.44,32.44,32.44,0
19590226,32.50,32.50,32.50,32.50,0
19590227,32.54,32.54,32.54,32.54,0
19590302,32.73,32.73,32.73,32.73,0
19590303,33.04,33.04,33.04,33.04,0
19590304,33.10,33.10,33.10,33.10,0
19590305,33.15,33.15,33.15,33.15,0
19590306,33.02,33.02,33.02,33.02,0
19590309,32.99,32.99,32.99,32.99,0
19590310,33.08,33.08,33.08,33.08,0
19590311,33.11,33.11,33.11,33.11,0
19590312,33.25,33.25,33.25,33.25,0
19590313,33.30,33.30,33.30,33.30,0
19590316,32.94,32.94,32.94,32.94,0
19590317,33.21,33.21,33.21,33.21,0
19590318,33.14,33.14,33.14,33.14,0
19590319,33.11,33.11,33.11,33.11,0
19590320,33.14,33.14,33.14,33.14,0
19590323,32.83,32.83,32.83,32.83,0
19590324,32.89,32.89,32.89,32.89,0
19590325,32.84,32.84,32.84,32.84,0
19590326,32.77,32.77,32.77,32.77,0
19590330,32.59,32.59,32.59,32.59,0
19590331,32.59,32.59,32.59,32.59,0
19590401,32.74,32.74,32.74,32.74,0
19590402,32.92,32.92,32.92,32.92,0
19590403,33.18,33.18,33.18,33.18,0
19590406,33.27,33.27,33.27,33.27,0
19590407,33.21,33.21,33.21,33.21,0
19590408,33.05,33.05,33.05,33.05,0
19590409,33.03,33.03,33.03,33.03,0
19590410,33.06,33.06,33.06,33.06,0
19590413,33.18,33.18,33.18,33.18,0
19590414,33.35,33.35,33.35,33.35,0
19590415,33.50,33.50,33.50,33.50,0
19590416,33.77,33.77,33.77,33.77,0
19590417,34.06,34.06,34.06,34.06,0
19590420,34.21,34.21,34.21,34.21,0
19590421,34.18,34.18,34.18,34.18,0
19590422,33.96,33.96,33.96,33.96,0
19590423,33.88,33.88,33.88,33.88,0
19590424,34.09,34.09,34.09,34.09,0
19590427,34.20,34.20,34.20,34.20,0
19590428,34.07,34.07,34.07,34.07,0
19590429,33.94,33.94,33.94,33.94,0
19590430,33.88,33.88,33.88,33.88,0
19590501,33.92,33.92,33.92,33.92,0
19590504,33.92,33.92,33.92,33.92,0
19590505,33.98,33.98,33.98,33.98,0
19590506,33.90,33.90,33.90,33.90,0
19590507,33.47,33.47,33.47,33.47,0
19590508,33.73,33.73,33.73,33.73,0
19590511,34.11,34.11,34.11,34.11,0
19590512,34.11,34.11,34.11,34.11,0
19590513,34.12,34.12,34.12,34.12,0
19590514,34.35,34.35,34.35,34.35,0
19590515,34.23,34.23,34.23,34.23,0
19590518,34.23,34.23,34.23,34.23,0
19590519,34.33,34.33,34.33,34.33,0
19590520,34.19,34.19,34.19,34.19,0
19590521,34.23,34.23,34.23,34.23,0
19590522,34.34,34.34,34.34,34.34,0
19590525,34.25,34.25,34.25,34.25,0
19590526,34.20,34.20,34.20,34.20,0
19590527,34.26,34.26,34.26,34.26,0
19590528,34.38,34.38,34.38,34.38,0
19590529,34.55,34.55,34.55,34.55,0
19590601,34.52,34.52,34.52,34.52,0
19590602,34.29,34.29,34.29,34.29,0
19590603,34.30,34.30,34.30,34.30,0
19590604,33.94,33.94,33.94,33.94,0
19590605,33.87,33.87,33.87,33.87,0
19590608,33.43,33.43,33.43,33.43,0
19590609,33.19,33.19,33.19,33.19,0
19590610,33.69,33.69,33.69,33.69,0
19590611,33.72,33.72,33.72,33.72,0
19590612,33.75,33.75,33.75,33.75,0
19590615,33.57,33.57,33.57,33.57,0
19590616,33.32,33.32,33.32,33.32,0
19590617,33.63,33.63,33.63,33.63,0
19590618,33.61,33.61,33.61,33.61,0
19590619,33.66,33.66,33.66,33.66,0
19590622,33.66,33.66,33.66,33.66,0
19590623,33.66,33.66,33.66,33.66,0
19590624,33.83,33.83,33.83,33.83,0
19590625,34.02,34.02,34.02,34.02,0
19590626,34.17,34.17,34.17,34.17,0
19590629,34.40,34.40,34.40,34.40,0
19590630,34.46,34.46,34.46,34.46,0
19590701,34.75,34.75,34.75,34.75,0
19590702,34.94,34.94,34.94,34.94,0
19590706,35.16,35.16,35.16,35.16,0
19590707,35.37,35.37,35.37,35.37,0
19590708,35.38,35.38,35.38,35.38,0
19590709,35.35,35.35,35.35,35.35,0
19590710,35.32,35.32,35.32,35.32,0
19590713,35.02,35.02,35.02,35.02,0
19590714,35.11,35.11,35.11,35.11,0
19590715,35.13,35.13,35.13,35.13,0
19590716,35.03,35.03,35.03,35.03,0
19590717,34.90,34.90,34.90,34.90,0
19590720,34.73,34.73,34.73,34.73,0
19590721,35.03,35.03,35.03,35.03,0
19590722,35.15,35.15,35.15,35.15,0
19590723,35.19,35.19,35.19,35.19,0
19590724,35.18,35.18,35.18,35.18,0
19590727,35.40,35.40,35.40,35.40,0
19590728,35.58,35.58,35.58,35.58,0
19590729,35.75,35.75,35.75,35.75,0
19590730,35.68,35.68,35.68,35.68,0
19590731,35.69,35.69,35.69,35.69,0
19590803,35.81,35.81,35.81,35.81,0
19590804,35.75,35.75,35.75,35.75,0
19590805,35.57,35.57,35.57,35.57,0
19590806,35.54,35.54,35.54,35.54,0
19590807,35.32,35.32,35.32,35.32,0
19590810,34.58,34.58,34.58,34.58,0
19590811,35.04,35.04,35.04,35.04,0
19590812,34.96,34.96,34.96,34.96,0
19590813,34.90,34.90,34.90,34.90,0
19590814,34.98,34.98,34.98,34.98,0
19590817,34.92,34.92,34.92,34.92,0
19590818,34.59,34.59,34.59,34.59,0
19590819,34.39,34.39,34.39,34.39,0
19590820,34.90,34.90,34.90,34.90,0
19590821,34.87,34.87,34.87,34.87,0
19590824,34.75,34.75,34.75,34.75,0
19590825,34.82,34.82,34.82,34.82,0
19590826,34.87,34.87,34.87,34.87,0
19590827,35.17,35.17,35.17,35.17,0
19590828,35.18,35.18,35.18,35.18,0
19590831,35.18,35.18,35.18,35.18,0
19590901,34.75,34.75,34.75,34.75,0
19590902,34.78,34.78,34.78,34.78,0
19590903,34.40,34.40,34.40,34.40,0
19590904,34.56,34.56,34.56,34.56,0
19590908,34.07,34.07,34.07,34.07,0
19590909,33.83,33.83,33.83,33.83,0
19590910,33.65,33.65,33.65,33.65,0
19590911,33.90,33.90,33.90,33.90,0
19590914,33.66,33.66,33.66,33.66,0
19590915,33.47,33.47,33.47,33.47,0
19590916,33.50,33.50,33.50,33.50,0
19590917,33.32,33.32,33.32,33.32,0
19590918,33.19,33.19,33.19,33.19,0
19590921,32.65,32.65,32.65,32.65,0
19590922,32.57,32.57,32.57,32.57,0
19590923,32.97,32.97,32.97,32.97,0
19590924,33.54,33.54,33.54,33.54,0
19590925,33.51,33.51,33.51,33.51,0
19590928,33.76,33.76,33.76,33.76,0
19590929,33.98,33.98,33.98,33.98,0
19590930,33.61,33.61,33.61,33.61,0
19591001,33.64,33.64,33.64,33.64,0
19591002,33.80,33.80,33.80,33.80,0
19591005,33.76,33.76,33.76,33.76,0
19591006,33.73,33.73,33.73,33.73,0
19591007,33.65,33.65,33.65,33.65,0
19591008,33.57,33.57,33.57,33.57,0
19591009,33.69,33.69,33.69,33.69,0
19591012,33.88,33.88,33.88,33.88,0
19591013,33.78,33.78,33.78,33.78,0
19591014,33.52,33.52,33.52,33.52,0
19591015,33.61,33.61,33.61,33.61,0
19591016,33.89,33.89,33.89,33.89,0
19591019,33.70,33.70,33.70,33.70,0
19591020,33.49,33.49,33.49,33.49,0
19591021,33.43,33.43,33.43,33.43,0
19591022,33.11,33.11,33.11,33.11,0
19591023,33.44,33.44,33.44,33.44,0
19591026,33.66,33.66,33.66,33.66,0
19591027,33.95,33.95,33.95,33.95,0
19591028,33.98,33.98,33.98,33.98,0
19591029,33.95,33.95,33.95,33.95,0
19591030,34.01,34.01,34.01,34.01,0
19591102,33.95,33.95,33.95,33.95,0
19591104,33.86,33.86,33.86,33.86,0
19591105,33.90,33.90,33.90,33.90,0
19591106,34.07,34.07,34.07,34.07,0
19591109,34.01,34.01,34.01,34.01,0
19591110,34.00,34.00,34.00,34.00,0
19591111,34.01,34.01,34.01,34.01,0
19591112,33.82,33.82,33.82,33.82,0
19591113,33.63,33.63,33.63,33.63,0
19591116,33.26,33.26,33.26,33.26,0
19591117,33.35,33.35,33.35,33.35,0
19591118,33.72,33.72,33.72,33.72,0
19591119,33.69,33.69,33.69,33.69,0
19591120,33.71,33.71,33.71,33.71,0
19591123,33.77,33.77,33.77,33.77,0
19591124,33.94,33.94,33.94,33.94,0
19591125,33.99,33.99,33.99,33.99,0
19591127,34.14,34.14,34.14,34.14,0
19591130,34.49,34.49,34.49,34.49,0
19591201,34.74,34.74,34.74,34.74,0
19591202,34.68,34.68,34.68,34.68,0
19591203,34.76,34.76,34.76,34.76,0
19591204,34.83,34.83,34.83,34.83,0
19591207,34.90,34.90,34.90,34.90,0
19591208,35.12,35.12,35.12,35.12,0
19591209,34.91,34.91,34.91,34.91,0
19591210,34.94,34.94,34.94,34.94,0
19591211,34.86,34.86,34.86,34.86,0
19591214,34.95,34.95,34.95,34.95,0
19591215,34.87,34.87,34.87,34.87,0
19591216,34.91,34.91,34.91,34.91,0
19591217,34.85,34.85,34.85,34.85,0
19591218,35.02,35.02,35.02,35.02,0
19591221,35.06,35.06,35.06,35.06,0
19591222,35.02,35.02,35.02,35.02,0
19591223,34.91,34.91,34.91,34.91,0
19591224,34.94,34.94,34.94,34.94,0
19591228,34.93,34.93,34.93,34.93,0
19591229,35.12,35.12,35.12,35.12,0
19591230,35.40,35.40,35.40,35.40,0
19591231,35.47,35.47,35.47,35.47,0
19600104,35.48,35.48,35.48,35.48,0
19600105,35.77,35.77,35.77,35.77,0
19600106,35.61,35.61,35.61,35.61,0
19600107,35.35,35.35,35.35,35.35,0
19600108,35.24,35.24,35.24,35.24,0
19600111,34.80,34.80,34.80,34.80,0
19600112,34.59,34.59,34.59,34.59,0
19600113,34.39,34.39,34.39,34.39,0
19600114,34.58,34.58,34.58,34.58,0
19600115,34.57,34.57,34.57,34.57,0
19600118,34.27,34.27,34.27,34.27,0
19600119,33.91,33.91,33.91,33.91,0
19600120,33.79,33.79,33.79,33.79,0
19600121,33.87,33.87,33.87,33.87,0
19600122,33.97,33.97,33.97,33.97,0
19600125,33.61,33.61,33.61,33.61,0
19600126,33.66,33.66,33.66,33.66,0
19600127,33.57,33.57,33.57,33.57,0
19600128,33.22,33.22,33.22,33.22,0
19600129,32.91,32.91,32.91,32.91,0
19600201,33.12,33.12,33.12,33.12,0
19600202,33.63,33.63,33.63,33.63,0
19600203,33.33,33.33,33.33,33.33,0
19600204,33.30,33.30,33.30,33.30,0
19600205,33.13,33.13,33.13,33.13,0
19600208,32.74,32.74,32.74,32.74,0
19600209,33.04,33.04,33.04,33.04,0
19600210,32.84,32.84,32.84,32.84,0
19600211,32.65,32.65,32.65,32.65,0
19600212,32.81,32.81,32.81,32.81,0
19600215,32.64,32.64,32.64,32.64,0
19600216,32.38,32.38,32.38,32.38,0
19600217,32.56,32.56,32.56,32.56,0
19600218,33.01,33.01,33.01,33.01,0
19600219,33.27,33.27,33.27,33.27,0
19600223,33.09,33.09,33.09,33.09,0
19600224,32.97,32.97,32.97,32.97,0
19600225,33.08,33.08,33.08,33.08,0
19600226,33.22,33.22,33.22,33.22,0
19600229,33.19,33.19,33.19,33.19,0
19600301,33.13,33.13,33.13,33.13,0
19600302,32.90,32.90,32.90,32.90,0
19600303,32.40,32.40,32.40,32.40,0
19600304,32.27,32.27,32.27,32.27,0
19600307,31.95,31.95,31.95,31.95,0
19600308,31.62,31.62,31.62,31.62,0
19600309,31.96,31.96,31.96,31.96,0
19600310,31.83,31.83,31.83,31.83,0
19600311,32.07,32.07,32.07,32.07,0
19600314,32.12,32.12,32.12,32.12,0
19600315,32.37,32.37,32.37,32.37,0
19600316,32.54,32.54,32.54,32.54,0
19600317,32.49,32.49,32.49,32.49,0
19600318,32.52,32.52,32.52,32.52,0
19600321,32.56,32.56,32.56,32.56,0
19600322,32.69,32.69,32.69,32.69,0
19600323,32.95,32.95,32.95,32.95,0
19600324,33.09,33.09,33.09,33.09,0
19600325,33.09,33.09,33.09,33.09,0
19600328,33.02,33.02,33.02,33.02,0
19600329,32.97,32.97,32.97,32.97,0
19600330,32.90,32.90,32.90,32.90,0
19600331,32.71,32.71,32.71,32.71,0
19600401,32.76,32.76,32.76,32.76,0
19600404,32.82,32.82,32.82,32.82,0
19600405,32.72,32.72,32.72,32.72,0
19600406,33.39,33.39,33.39,33.39,0
19600407,33.40,33.40,33.40,33.40,0
19600408,33.32,33.32,33.32,33.32,0
19600411,33.19,33.19,33.19,33.19,0
19600412,33.27,33.27,33.27,33.27,0
19600413,33.26,33.26,33.26,33.26,0
19600414,33.34,33.34,33.34,33.34,0
19600418,33.43,33.43,33.43,33.43,0
19600419,33.16,33.16,33.16,33.16,0
19600420,32.75,32.75,32.75,32.75,0
19600421,32.84,32.84,32.84,32.84,0
19600422,32.74,32.74,32.74,32.74,0
19600425,32.41,32.41,32.41,32.41,0
19600426,32.51,32.51,32.51,32.51,0
19600427,32.51,32.51,32.51,32.51,0
19600428,32.23,32.23,32.23,32.23,0
19600429,32.11,32.11,32.11,32.11,0
19600502,31.97,31.97,31.97,31.97,0
19600503,32.38,32.38,32.38,32.38,0
19600504,32.50,32.50,32.50,32.50,0
19600505,32.40,32.40,32.40,32.40,0
19600506,32.33,32.33,32.33,32.33,0
19600509,32.36,32.36,32.36,32.36,0
19600510,32.13,32.13,32.13,32.13,0
19600511,32.22,32.22,32.22,32.22,0
19600512,32.38,32.38,32.38,32.38,0
19600513,32.65,32.65,32.65,32.65,0
19600516,32.62,32.62,32.62,32.62,0
19600517,32.74,32.74,32.74,32.74,0
19600518,32.73,32.73,32.73,32.73,0
19600519,32.87,32.87,32.87,32.87,0
19600520,32.90,32.90,32.90,32.90,0
19600523,32.91,32.91,32.91,32.91,0
19600524,32.88,32.88,32.88,32.88,0
19600525,32.86,32.86,32.86,32.86,0
19600526,32.88,32.88,32.88,32.88,0
19600527,32.90,32.90,32.90,32.90,0
19600531,32.95,32.95,32.95,32.95,0
19600601,32.98,32.98,32.98,32.98,0
19600602,33.12,33.12,33.12,33.12,0
19600603,33.18,33.18,33.18,33.18,0
19600606,33.57,33.57,33.57,33.57,0
19600607,33.89,33.89,33.89,33.89,0
19600608,34.16,34.16,34.16,34.16,0
19600609,34.22,34.22,34.22,34.22,0
19600610,34.20,34.20,34.20,34.20,0
19600613,34.22,34.22,34.22,34.22,0
19600614,34.17,34.17,34.17,34.17,0
19600615,33.96,33.96,33.96,33.96,0
19600616,33.92,33.92,33.92,33.92,0
19600617,33.88,33.88,33.88,33.88,0
19600620,33.72,33.72,33.72,33.72,0
19600621,33.69,33.69,33.69,33.69,0
19600622,33.79,33.79,33.79,33.79,0
19600623,33.97,33.97,33.97,33.97,0
19600624,34.02,34.02,34.02,34.02,0
19600627,33.81,33.81,33.81,33.81,0
19600628,33.58,33.58,33.58,33.58,0
19600629,33.58,33.58,33.58,33.58,0
19600630,33.57,33.57,33.57,33.57,0
19600701,33.65,33.65,33.65,33.65,0
19600705,33.62,33.62,33.62,33.62,0
19600706,33.58,33.58,33.58,33.58,0
19600707,33.75,33.75,33.75,33.75,0
19600708,33.83,33.83,33.83,33.83,0
19600711,33.53,33.53,33.53,33.53,0
19600712,33.16,33.16,33.16,33.16,0
19600713,33.08,33.08,33.08,33.08,0
19600714,33.09,33.09,33.09,33.09,0
19600715,33.04,33.04,33.04,33.04,0
19600718,32.84,32.84,32.84,32.84,0
19600719,32.84,32.84,32.84,32.84,0
19600720,32.78,32.78,32.78,32.78,0
19600721,32.48,32.48,32.48,32.48,0
19600722,32.25,32.25,32.25,32.25,0
19600725,31.93,31.93,31.93,31.93,0
19600726,32.13,32.13,32.13,32.13,0
19600727,31.93,31.93,31.93,31.93,0
19600728,32.16,32.16,32.16,32.16,0
19600729,32.71,32.71,32.71,32.71,0
19600801,32.73,32.73,32.73,32.73,0
19600802,32.44,32.44,32.44,32.44,0
19600803,32.25,32.25,32.25,32.25,0
19600804,32.34,32.34,32.34,32.34,0
19600805,32.67,32.67,32.67,32.67,0
19600808,32.71,32.71,32.71,32.71,0
19600809,32.90,32.90,32.90,32.90,0
19600810,33.03,33.03,33.03,33.03,0
19600811,33.16,33.16,33.16,33.16,0
19600812,33.38,33.38,33.38,33.38,0
19600815,33.35,33.35,33.35,33.35,0
19600816,33.41,33.41,33.41,33.41,0
19600817,33.48,33.48,33.48,33.48,0
19600818,33.47,33.47,33.47,33.47,0
19600819,33.58,33.58,33.58,33.58,0
19600822,33.69,33.69,33.69,33.69,0
19600823,34.02,34.02,34.02,34.02,0
19600824,34.20,34.20,34.20,34.20,0
19600825,34.04,34.04,34.04,34.04,0
19600826,33.92,33.92,33.92,33.92,0
19600829,33.83,33.83,33.83,33.83,0
19600830,33.47,33.47,33.47,33.47,0
19600831,33.54,33.54,33.54,33.54,0
19600901,33.62,33.62,33.62,33.62,0
19600902,33.56,33.56,33.56,33.56,0
19600906,33.26,33.26,33.26,33.26,0
19600907,32.85,32.85,32.85,32.85,0
19600908,32.82,32.82,32.82,32.82,0
19600909,33.03,33.03,33.03,33.03,0
19600912,32.80,32.80,32.80,32.80,0
19600913,32.87,32.87,32.87,32.87,0
19600914,32.64,32.64,32.64,32.64,0
19600915,32.51,32.51,32.51,32.51,0
19600916,32.44,32.44,32.44,32.44,0
19600919,31.70,31.70,31.70,31.70,0
19600920,31.79,31.79,31.79,31.79,0
19600921,32.12,32.12,32.12,32.12,0
19600922,32.00,32.00,32.00,32.00,0
19600923,31.72,31.72,31.72,31.72,0
19600926,31.23,31.23,31.23,31.23,0
19600927,31.16,31.16,31.16,31.16,0
19600928,30.88,30.88,30.88,30.88,0
19600929,30.97,30.97,30.97,30.97,0
19600930,31.49,31.49,31.49,31.49,0
19601003,31.40,31.40,31.40,31.40,0
19601004,31.18,31.18,31.18,31.18,0
19601005,31.41,31.41,31.41,31.41,0
19601006,31.61,31.61,31.61,31.61,0
19601007,31.79,31.79,31.79,31.79,0
19601010,31.85,31.85,31.85,31.85,0
19601011,31.90,31.90,31.90,31.90,0
19601012,31.86,31.86,31.86,31.86,0
19601013,32.10,32.10,32.10,32.10,0
19601014,32.27,32.27,32.27,32.27,0
19601017,32.13,32.13,32.13,32.13,0
19601018,31.97,31.97,31.97,31.97,0
19601019,31.91,31.91,31.91,31.91,0
19601020,31.68,31.68,31.68,31.68,0
19601021,31.60,31.60,31.60,31.60,0
19601024,31.00,31.00,31.00,31.00,0
19601025,30.70,30.70,30.70,30.70,0
19601026,31.20,31.20,31.20,31.20,0
19601027,31.53,31.53,31.53,31.53,0
19601028,31.41,31.41,31.41,31.41,0
19601031,31.39,31.39,31.39,31.39,0
19601101,31.72,31.72,31.72,31.72,0
19601102,31.88,31.88,31.88,31.88,0
19601103,32.00,32.00,32.00,32.00,0
19601104,32.28,32.28,32.28,32.28,0
19601107,32.40,32.40,32.40,32.40,0
19601109,32.54,32.54,32.54,32.54,0
19601110,33.17,33.17,33.17,33.17,0
19601111,32.84,32.84,32.84,32.84,0
19601114,32.68,32.68,32.68,32.68,0
19601115,32.81,32.81,32.81,32.81,0
19601116,32.74,32.74,32.74,32.74,0
19601117,32.65,32.65,32.65,32.65,0
19601118,32.81,32.81,32.81,32.81,0
19601121,32.87,32.87,32.87,32.87,0
19601122,32.75,32.75,32.75,32.75,0
19601123,32.80,32.80,32.80,32.80,0
19601125,32.99,32.99,32.99,32.99,0
19601128,32.93,32.93,32.93,32.93,0
19601129,32.81,32.81,32.81,32.81,0
19601130,32.64,32.64,32.64,32.64,0
19601201,32.49,32.49,32.49,32.49,0
19601202,32.55,32.55,32.55,32.55,0
19601205,32.50,32.50,32.50,32.50,0
19601206,32.59,32.59,32.59,32.59,0
19601207,32.91,32.91,32.91,32.91,0
19601208,32.99,32.99,32.99,32.99,0
19601209,33.28,33.28,33.28,33.28,0
19601212,33.40,33.40,33.40,33.40,0
19601213,33.41,33.41,33.41,33.41,0
19601214,33.39,33.39,33.39,33.39,0
19601215,33.30,33.30,33.30,33.30,0
19601216,33.60,33.60,33.60,33.60,0
19601219,33.56,33.56,33.56,33.56,0
19601220,33.53,33.53,33.53,33.53,0
19601221,33.80,33.80,33.80,33.80,0
19601222,33.71,33.71,33.71,33.71,0
19601223,33.73,33.73,33.73,33.73,0
19601227,33.78,33.78,33.78,33.78,0
19601228,33.93,33.93,33.93,33.93,0
19601229,34.09,34.09,34.09,34.09,0
19601230,34.12,34.12,34.12,34.12,0
19610103,33.81,33.81,33.81,33.81,0
19610104,34.28,34.28,34.28,34.28,0
19610105,34.41,34.41,34.41,34.41,0
19610106,34.32,34.32,34.32,34.32,0
19610109,34.56,34.56,34.56,34.56,0
19610110,34.66,34.66,34.66,34.66,0
19610111,34.77,34.77,34.77,34.77,0
19610112,34.88,34.88,34.88,34.88,0
19610113,35.05,35.05,35.05,35.05,0
19610116,35.05,35.05,35.05,35.05,0
19610117,35.09,35.09,35.09,35.09,0
19610118,35.12,35.12,35.12,35.12,0
19610119,35.18,35.18,35.18,35.18,0
19610120,35.30,35.30,35.30,35.30,0
19610123,35.50,35.50,35.50,35.50,0
19610124,35.60,35.60,35.60,35.60,0
19610125,35.65,35.65,35.65,35.65,0
19610126,35.71,35.71,35.71,35.71,0
19610127,36.08,36.08,36.08,36.08,0
19610130,36.52,36.52,36.52,36.52,0
19610131,36.41,36.41,36.41,36.41,0
19610201,36.49,36.49,36.49,36.49,0
19610202,36.73,36.73,36.73,36.73,0
19610203,36.69,36.69,36.69,36.69,0
19610206,36.43,36.43,36.43,36.43,0
19610207,36.37,36.37,36.37,36.37,0
19610208,36.71,36.71,36.71,36.71,0
19610209,36.60,36.60,36.60,36.60,0
19610210,36.30,36.30,36.30,36.30,0
19610213,36.09,36.09,36.09,36.09,0
19610214,36.26,36.26,36.26,36.26,0
19610215,36.57,36.57,36.57,36.57,0
19610216,36.80,36.80,36.80,36.80,0
19610217,36.69,36.69,36.69,36.69,0
19610220,36.82,36.82,36.82,36.82,0
19610221,36.85,36.85,36.85,36.85,0
19610223,37.00,37.00,37.00,37.00,0
19610224,37.15,37.15,37.15,37.15,0
19610227,37.43,37.43,37.43,37.43,0
19610228,37.52,37.52,37.52,37.52,0
19610301,37.52,37.52,37.52,37.52,0
19610302,37.77,37.77,37.77,37.77,0
19610303,37.84,37.84,37.84,37.84,0
19610306,37.91,37.91,37.91,37.91,0
19610307,37.57,37.57,37.57,37.57,0
19610308,37.56,37.56,37.56,37.56,0
19610309,37.60,37.60,37.60,37.60,0
19610310,37.60,37.60,37.60,37.60,0
19610313,37.71,37.71,37.71,37.71,0
19610314,37.55,37.55,37.55,37.55,0
19610315,37.67,37.67,37.67,37.67,0
19610316,38.06,38.06,38.06,38.06,0
19610317,37.94,37.94,37.94,37.94,0
19610320,38.45,38.45,38.45,38.45,0
19610321,38.39,38.39,38.39,38.39,0
19610322,38.37,38.37,38.37,38.37,0
19610323,38.28,38.28,38.28,38.28,0
19610324,38.22,38.22,38.22,38.22,0
19610327,38.19,38.19,38.19,38.19,0
19610328,38.21,38.21,38.21,38.21,0
19610329,38.55,38.55,38.55,38.55,0
19610330,38.63,38.63,38.63,38.63,0
19610403,38.96,38.96,38.96,38.96,0
19610404,39.00,39.00,39.00,39.00,0
19610405,38.89,38.89,38.89,38.89,0
19610406,38.98,38.98,38.98,38.98,0
19610407,39.20,39.20,39.20,39.20,0
19610410,39.54,39.54,39.54,39.54,0
19610411,39.60,39.60,39.60,39.60,0
19610412,39.43,39.43,39.43,39.43,0
19610413,39.41,39.41,39.41,39.41,0
19610414,39.48,39.48,39.48,39.48,0
19610417,40.86,40.86,40.86,40.86,0
19610418,39.39,39.39,39.39,39.39,0
19610419,39.17,39.17,39.17,39.17,0
19610420,39.18,39.18,39.18,39.18,0
19610421,39.16,39.16,39.16,39.16,0
19610424,38.35,38.35,38.35,38.35,0
19610425,38.89,38.89,38.89,38.89,0
19610426,39.05,39.05,39.05,39.05,0
19610427,39.00,39.00,39.00,39.00,0
19610428,38.92,38.92,38.92,38.92,0
19610501,38.84,38.84,38.84,38.84,0
19610502,39.13,39.13,39.13,39.13,0
19610503,39.46,39.46,39.46,39.46,0
19610504,39.62,39.62,39.62,39.62,0
19610505,39.67,39.67,39.67,39.67,0
19610508,39.62,39.62,39.62,39.62,0
19610509,39.66,39.66,39.66,39.66,0
19610510,39.63,39.63,39.63,39.63,0
19610511,39.62,39.62,39.62,39.62,0
19610512,39.70,39.70,39.70,39.70,0
19610515,39.90,39.90,39.90,39.90,0
19610516,40.06,40.06,40.06,40.06,0
19610517,40.25,40.25,40.25,40.25,0
19610518,40.02,40.02,40.02,40.02,0
19610519,40.19,40.19,40.19,40.19,0
19610522,39.95,39.95,39.95,39.95,0
19610523,39.85,39.85,39.85,39.85,0
19610524,39.61,39.61,39.61,39.61,0
19610525,39.47,39.47,39.47,39.47,0
19610526,39.73,39.73,39.73,39.73,0
19610531,39.81,39.81,39.81,39.81,0
19610601,39.82,39.82,39.82,39.82,0
19610602,39.93,39.93,39.93,39.93,0
19610605,40.15,40.15,40.15,40.15,0
19610606,40.04,40.04,40.04,40.04,0
19610607,39.30,39.30,39.30,39.30,0
19610608,39.92,39.92,39.92,39.92,0
19610609,39.92,39.92,39.92,39.92,0
19610612,39.62,39.62,39.62,39.62,0
19610613,39.42,39.42,39.42,39.42,0
19610614,39.54,39.54,39.54,39.54,0
19610615,39.37,39.37,39.37,39.37,0
19610616,39.07,39.07,39.07,39.07,0
19610619,38.72,38.72,38.72,38.72,0
19610620,39.07,39.07,39.07,39.07,0
19610621,39.07,39.07,39.07,39.07,0
19610622,38.93,38.93,38.93,38.93,0
19610623,39.09,39.09,39.09,39.09,0
19610626,38.69,38.69,38.69,38.69,0
19610627,38.70,38.70,38.70,38.70,0
19610628,38.77,38.77,38.77,38.77,0
19610629,38.74,38.74,38.74,38.74,0
19610630,38.82,38.82,38.82,38.82,0
19610703,39.17,39.17,39.17,39.17,0
19610705,39.43,39.43,39.43,39.43,0
19610706,39.54,39.54,39.54,39.54,0
19610707,39.52,39.52,39.52,39.52,0
19610710,39.50,39.50,39.50,39.50,0
19610711,39.49,39.49,39.49,39.49,0
19610712,39.28,39.28,39.28,39.28,0
19610713,39.01,39.01,39.01,39.01,0
19610714,39.27,39.27,39.27,39.27,0
19610717,38.98,38.98,38.98,38.98,0
19610718,38.76,38.76,38.76,38.76,0
19610719,38.94,38.94,38.94,38.94,0
19610720,38.95,38.95,38.95,38.95,0
19610721,39.05,39.05,39.05,39.05,0
19610724,39.06,39.06,39.06,39.06,0
19610725,39.29,39.29,39.29,39.29,0
19610726,39.66,39.66,39.66,39.66,0
19610727,40.13,40.13,40.13,40.13,0
19610728,40.20,40.20,40.20,40.20,0
19610731,40.24,40.24,40.24,40.24,0
19610801,40.61,40.61,40.61,40.61,0
19610802,40.36,40.36,40.36,40.36,0
19610803,40.58,40.58,40.58,40.58,0
19610804,40.82,40.82,40.82,40.82,0
19610807,40.82,40.82,40.82,40.82,0
19610808,40.92,40.92,40.92,40.92,0
19610809,40.88,40.88,40.88,40.88,0
19610810,41.01,41.01,41.01,41.01,0
19610811,41.09,41.09,41.09,41.09,0
19610814,40.89,40.89,40.89,40.89,0
19610815,40.80,40.80,40.80,40.80,0
19610816,40.91,40.91,40.91,40.91,0
19610817,41.15,41.15,41.15,41.15,0
19610818,41.27,41.27,41.27,41.27,0
19610821,41.36,41.36,41.36,41.36,0
19610822,41.37,41.37,41.37,41.37,0
19610823,41.10,41.10,41.10,41.10,0
19610824,40.87,40.87,40.87,40.87,0
19610825,40.93,40.93,40.93,40.93,0
19610828,40.95,40.95,40.95,40.95,0
19610829,40.87,40.87,40.87,40.87,0
19610830,41.03,41.03,41.03,41.03,0
19610831,41.20,41.20,41.20,41.20,0
19610901,41.28,41.28,41.28,41.28,0
19610905,41.15,41.15,41.15,41.15,0
19610906,41.46,41.46,41.46,41.46,0
19610907,41.40,41.40,41.40,41.40,0
19610908,41.12,41.12,41.12,41.12,0
19610911,40.77,40.77,40.77,40.77,0
19610912,41.19,41.19,41.19,41.19,0
19610913,41.22,41.22,41.22,41.22,0
19610914,40.94,40.94,40.94,40.94,0
19610915,41.02,41.02,41.02,41.02,0
19610918,40.76,40.76,40.76,40.76,0
19610919,40.08,40.08,40.08,40.08,0
19610920,40.62,40.62,40.62,40.62,0
19610921,40.65,40.65,40.65,40.65,0
19610922,40.49,40.49,40.49,40.49,0
19610925,39.92,39.92,39.92,39.92,0
19610926,39.94,39.94,39.94,39.94,0
19610927,40.36,40.36,40.36,40.36,0
19610928,40.44,40.44,40.44,40.44,0
19610929,40.54,40.54,40.54,40.54,0
19611002,40.57,40.57,40.57,40.57,0
19611003,40.55,40.55,40.55,40.55,0
19611004,40.83,40.83,40.83,40.83,0
19611005,41.20,41.20,41.20,41.20,0
19611006,40.72,40.72,40.72,40.72,0
19611009,41.32,41.32,41.32,41.32,0
19611010,41.43,41.43,41.43,41.43,0
19611011,41.47,41.47,41.47,41.47,0
19611012,41.47,41.47,41.47,41.47,0
19611013,41.41,41.41,41.41,41.41,0
19611016,41.30,41.30,41.30,41.30,0
19611017,41.32,41.32,41.32,41.32,0
19611018,41.53,41.53,41.53,41.53,0
19611019,41.69,41.69,41.69,41.69,0
19611020,41.42,41.42,41.42,41.42,0
19611023,41.47,41.47,41.47,41.47,0
19611024,41.42,41.42,41.42,41.42,0
19611025,41.65,41.65,41.65,41.65,0
19611026,41.73,41.73,41.73,41.73,0
19611027,41.67,41.67,41.67,41.67,0
19611030,41.72,41.72,41.72,41.72,0
19611031,41.85,41.85,41.85,41.85,0
19611101,41.93,41.93,41.93,41.93,0
19611102,42.17,42.17,42.17,42.17,0
19611103,42.40,42.40,42.40,42.40,0
19611106,42.73,42.73,42.73,42.73,0
19611108,43.27,43.27,43.27,43.27,0
19611109,43.21,43.21,43.21,43.21,0
19611110,43.40,43.40,43.40,43.40,0
19611113,43.53,43.53,43.53,43.53,0
19611114,43.78,43.78,43.78,43.78,0
19611115,43.80,43.80,43.80,43.80,0
19611116,43.77,43.77,43.77,43.77,0
19611117,43.78,43.78,43.78,43.78,0
19611120,43.85,43.85,43.85,43.85,0
19611121,43.89,43.89,43.89,43.89,0
19611122,43.85,43.85,43.85,43.85,0
19611124,43.95,43.95,43.95,43.95,0
19611127,43.96,43.96,43.96,43.96,0
19611128,43.91,43.91,43.91,43.91,0
19611129,43.89,43.89,43.89,43.89,0
19611130,43.66,43.66,43.66,43.66,0
19611201,43.95,43.95,43.95,43.95,0
19611204,44.10,44.10,44.10,44.10,0
19611205,44.06,44.06,44.06,44.06,0
19611206,44.10,44.10,44.10,44.10,0
19611207,43.93,43.93,43.93,43.93,0
19611208,44.15,44.15,44.15,44.15,0
19611211,44.37,44.37,44.37,44.37,0
19611212,44.53,44.53,44.53,44.53,0
19611213,44.48,44.48,44.48,44.48,0
19611214,44.15,44.15,44.15,44.15,0
19611215,44.17,44.17,44.17,44.17,0
19611218,44.03,44.03,44.03,44.03,0
19611219,43.73,43.73,43.73,43.73,0
19611220,43.65,43.65,43.65,43.65,0
19611221,43.50,43.50,43.50,43.50,0
19611222,43.54,43.54,43.54,43.54,0
19611226,43.62,43.62,43.62,43.62,0
19611227,44.01,44.01,44.01,44.01,0
19611228,44.04,44.04,44.04,44.04,0
19611229,43.97,43.97,43.97,43.97,0
19620102,43.97,44.22,43.45,43.61,0
19620103,43.61,43.93,43.25,43.72,0
19620104,43.72,44.02,43.30,43.42,0
19620105,43.42,43.54,42.63,42.82,0
19620108,42.82,42.93,41.91,42.49,0
19620109,42.49,42.99,42.32,42.51,0
19620110,42.52,42.78,42.19,42.40,0
19620111,42.41,42.76,42.16,42.66,0
19620112,42.66,43.15,42.58,42.81,0
19620115,42.81,43.03,42.47,42.73,0
19620116,42.73,42.82,42.24,42.48,0
19620117,42.49,42.64,41.91,42.03,0
19620118,42.03,42.28,41.68,42.07,0
19620119,42.08,43.12,41.92,42.30,0
19620122,42.30,42.68,42.12,42.34,0
19620123,42.34,42.44,41.84,42.02,0
19620124,42.03,42.27,41.57,42.09,0
19620125,42.10,42.50,41.91,42.07,0
19620126,42.07,42.27,41.75,41.94,0
19620129,41.94,42.17,41.58,41.80,0
19620130,41.80,42.27,41.63,41.97,0
19620131,41.97,42.54,41.94,42.39,0
19620201,42.39,42.89,42.22,42.65,0
19620202,42.65,43.12,42.50,42.99,0
19620205,42.99,43.30,42.76,43.04,0
19620206,43.04,43.31,42.75,43.09,0
19620207,43.09,43.53,42.98,43.38,0
19620208,43.38,43.71,43.22,43.48,0
19620209,43.48,43.64,43.09,43.42,0
19620212,43.43,43.63,43.22,43.41,0
19620213,43.42,43.68,43.18,43.41,0
19620214,43.42,43.63,43.16,43.40,0
19620215,43.40,43.80,43.29,43.60,0
19620216,43.60,43.84,43.31,43.51,0
19620219,43.52,43.74,43.23,43.41,0
19620220,43.41,43.72,43.24,43.56,0
19620221,43.57,43.76,43.23,43.36,0
19620223,43.36,43.52,43.00,43.26,0
19620226,43.27,43.37,42.82,43.02,0
19620227,43.02,43.37,42.85,43.10,0
19620228,43.11,43.44,42.91,43.15,0
19620301,43.16,43.55,43.03,43.30,0
19620302,43.28,43.28,43.03,43.28,0
19620305,43.29,43.48,42.97,43.19,0
19620306,43.20,43.34,42.86,43.06,0
19620307,43.06,43.24,42.81,43.01,0
19620308,43.01,43.43,42.83,43.32,0
19620309,43.32,43.64,43.20,43.46,0
19620312,43.47,43.68,43.22,43.45,0
19620313,43.46,43.74,43.25,43.58,0
19620314,43.59,43.99,43.51,43.78,0
19620315,43.78,44.11,43.58,43.88,0
19620316,43.88,44.05,43.64,43.80,0
19620319,43.81,44.04,43.56,43.75,0
19620320,43.76,43.90,43.48,43.64,0
19620321,43.64,43.81,43.34,43.55,0
19620322,43.55,43.76,43.33,43.49,0
19620323,43.49,43.73,43.32,43.52,0
19620326,43.53,43.64,43.08,43.18,0
19620327,43.18,43.38,42.89,43.07,0
19620328,43.07,43.46,42.97,43.28,0
19620329,43.28,43.57,43.14,43.27,0
19620330,43.27,43.32,42.74,42.99,0
19620402,42.99,43.16,42.73,42.88,0
19620403,42.88,42.98,42.36,42.54,0
19620404,42.54,42.79,42.24,42.34,0
19620405,42.35,42.72,42.12,42.61,0
19620406,42.61,42.93,42.41,42.57,0
19620409,42.57,42.68,42.11,42.24,0
19620410,42.25,42.55,42.02,42.40,0
19620411,42.41,42.84,42.21,42.31,0
19620412,42.32,42.33,41.74,42.00,0
19620413,42.01,42.14,41.47,42.01,0
19620416,42.01,42.19,41.58,41.82,0
19620417,41.83,42.20,41.60,42.01,0
19620418,42.02,42.52,41.97,42.25,0
19620419,42.25,42.64,42.13,42.45,0
19620423,42.45,42.71,42.19,42.41,0
19620424,42.42,42.65,42.19,42.38,0
19620425,42.38,42.45,41.80,41.91,0
19620426,41.92,42.08,41.43,41.51,0
19620427,41.52,41.86,40.86,41.05,0
19620430,41.05,41.43,40.22,40.40,0
19620501,40.40,40.84,39.48,40.69,0
19620502,40.69,41.29,40.60,40.87,0
19620503,40.87,41.46,40.76,41.21,0
19620504,41.21,41.38,40.76,41.03,0
19620507,41.04,41.23,40.68,40.90,0
19620508,40.90,40.97,40.20,40.38,0
19620509,40.38,40.38,39.67,39.82,0
19620510,39.82,39.90,39.03,39.39,0
19620511,39.40,39.73,38.70,38.83,0
19620514,38.83,39.24,37.88,39.11,0
19620515,39.30,40.21,39.30,39.85,0
19620516,39.85,40.22,39.56,39.84,0
19620517,39.84,39.93,39.29,39.63,0
19620518,39.64,39.77,39.24,39.57,0
19620521,39.57,39.69,39.20,39.43,0
19620522,39.44,39.50,38.61,38.66,0
19620523,38.66,38.71,37.77,37.90,0
19620524,37.90,38.33,37.44,37.60,0
19620525,37.60,37.83,36.60,36.89,0
19620528,36.70,36.70,34.38,34.43,0
19620529,34.43,36.16,32.96,36.03,0
19620531,36.48,37.74,36.48,37.00,0
19620601,37.00,37.21,36.31,36.85,0
19620604,36.69,36.69,35.46,35.54,0
19620605,35.55,36.26,34.96,35.73,0
19620606,35.78,36.73,35.78,36.24,0
19620607,36.25,36.56,36.01,36.25,0
19620608,36.26,36.61,36.10,36.29,0
19620611,36.29,36.37,35.71,35.90,0
19620612,35.80,35.80,34.92,34.98,0
19620613,34.99,35.27,34.30,34.47,0
19620614,34.47,34.78,33.61,33.74,0
19620615,33.75,34.76,33.33,34.72,0
19620618,34.72,35.12,34.15,34.62,0
19620619,34.63,34.72,34.16,34.50,0
19620620,34.51,34.74,33.96,34.03,0
19620621,34.04,34.04,33.24,33.30,0
19620622,33.30,33.42,32.61,32.74,0
19620625,32.74,32.91,31.91,32.60,0
19620626,32.60,33.30,32.38,32.52,0
19620627,32.52,32.84,32.18,32.70,0
19620628,32.94,33.97,32.94,33.82,0
19620629,33.83,34.49,33.70,34.04,0
19620702,34.04,34.83,33.87,34.73,0
19620703,34.73,35.28,34.55,35.13,0
19620705,35.13,35.51,34.92,35.33,0
19620706,35.28,35.28,34.60,34.94,0
19620709,34.94,35.29,34.55,35.17,0
19620710,35.45,36.30,35.45,35.58,0
19620711,35.59,36.05,35.32,35.91,0
19620712,35.92,36.50,35.83,36.10,0
19620713,36.11,36.20,35.61,35.98,0
19620716,35.99,36.16,35.58,35.99,0
19620717,35.99,36.07,35.27,35.34,0
19620718,35.34,35.36,34.77,34.98,0
19620719,34.98,35.45,34.83,35.12,0
19620720,35.12,35.54,35.03,35.37,0
19620723,35.37,35.69,35.20,35.36,0
19620724,35.37,35.45,34.95,35.09,0
19620725,35.09,35.29,34.73,35.16,0
19620726,35.16,35.61,34.97,35.35,0
19620727,35.36,35.73,35.23,35.62,0
19620730,35.63,36.11,35.55,36.02,0
19620731,36.02,36.49,35.97,36.27,0
19620801,36.28,36.32,35.83,35.98,0
19620802,35.98,36.26,35.75,36.12,0
19620803,36.13,36.34,35.91,36.22,0
19620806,36.22,36.36,35.86,35.99,0
19620807,35.99,36.03,35.57,35.75,0
19620808,35.75,35.93,35.38,35.84,0
19620809,35.85,36.08,35.65,35.89,0
19620810,35.89,36.06,35.63,35.88,0
19620813,35.88,36.10,35.67,35.93,0
19620814,35.93,36.43,35.80,36.32,0
19620815,36.32,36.86,36.30,36.58,0
19620816,36.58,36.86,36.32,36.57,0
19620817,36.57,36.95,36.44,36.80,0
19620820,36.81,37.25,36.74,37.03,0
19620821,37.04,37.22,36.74,36.88,0
19620822,36.88,37.39,36.75,37.30,0
19620823,37.30,37.64,37.10,37.25,0
19620824,37.25,37.39,36.93,37.18,0
19620827,37.18,37.41,36.97,37.16,0
19620828,37.17,37.20,36.61,36.69,0
19620829,36.70,36.80,36.31,36.61,0
19620830,36.62,36.87,36.45,36.63,0
19620831,36.63,36.99,36.49,36.91,0
19620904,36.91,37.14,36.49,36.56,0
19620905,36.56,36.70,36.18,36.29,0
19620906,36.29,36.59,36.04,36.44,0
19620907,36.45,36.78,36.28,36.46,0
19620910,36.46,36.62,36.15,36.51,0
19620911,36.51,36.81,36.34,36.60,0
19620912,36.60,36.89,36.48,36.76,0
19620913,36.76,36.97,36.52,36.67,0
19620914,36.68,36.95,36.49,36.80,0
19620917,36.80,37.13,36.65,36.92,0
19620918,36.92,37.21,36.73,36.89,0
19620919,36.89,37.04,36.62,36.84,0
19620920,36.85,37.06,36.46,36.59,0
19620921,36.59,36.66,35.90,36.06,0
19620924,35.92,35.92,35.20,35.40,0
19620925,35.41,35.77,35.09,35.61,0
19620926,35.62,35.82,34.97,35.11,0
19620927,35.11,35.36,34.73,34.88,0
19620928,34.88,35.38,34.77,35.19,0
19621001,35.20,35.22,34.56,34.71,0
19621002,34.71,35.32,34.60,35.09,0
19621003,35.09,35.48,34.93,35.13,0
19621004,35.14,35.56,34.97,35.47,0
19621005,35.48,35.85,35.38,35.71,0
19621008,35.71,35.92,35.47,35.71,0
19621009,35.72,35.92,35.49,35.80,0
19621010,35.80,36.19,35.65,35.83,0
19621011,35.83,35.97,35.54,35.71,0
19621012,35.71,35.81,35.47,35.65,0
19621015,35.65,36.00,35.47,35.85,0
19621016,35.86,36.08,35.61,35.74,0
19621017,35.74,35.84,35.30,35.62,0
19621018,35.63,35.71,35.18,35.28,0
19621019,35.28,35.41,34.66,34.81,0
19621022,34.75,34.75,34.06,34.42,0
19621023,34.43,34.57,33.35,33.51,0
19621024,33.51,34.73,32.92,34.59,0
19621025,34.56,34.56,33.72,34.26,0
19621026,34.27,34.44,33.88,34.17,0
19621029,34.68,35.33,34.68,34.92,0
19621030,34.92,35.62,34.79,35.43,0
19621031,35.44,35.73,35.22,35.42,0
19621101,35.43,35.92,35.04,35.80,0
19621102,35.81,36.48,35.59,36.20,0
19621105,36.20,36.80,36.17,36.58,0
19621107,36.59,37.06,36.22,36.81,0
19621108,36.81,37.07,36.43,36.57,0
19621109,36.57,36.99,36.31,36.86,0
19621112,36.87,37.63,36.75,37.37,0
19621113,37.38,37.67,37.04,37.30,0
19621114,37.30,37.90,37.12,37.74,0
19621115,37.74,38.06,37.48,37.62,0
19621116,37.63,37.93,37.31,37.74,0
19621119,37.75,37.91,37.31,37.53,0
19621120,37.54,38.05,37.38,37.93,0
19621121,37.94,38.40,37.77,38.16,0
19621123,38.17,38.93,38.07,38.62,0
19621126,38.63,39.00,38.26,38.52,0
19621127,38.52,38.95,38.28,38.75,0
19621128,38.76,39.23,38.62,39.00,0
19621129,39.00,39.38,38.73,39.19,0
19621130,39.19,39.42,38.79,39.10,0
19621203,39.10,39.22,38.48,38.90,0
19621204,38.90,39.52,38.80,39.34,0
19621205,39.34,39.89,39.18,39.19,0
19621206,39.19,39.80,39.12,39.53,0
19621207,39.53,39.85,39.23,39.62,0
19621210,39.62,39.80,38.93,39.12,0
19621211,39.13,39.32,38.78,39.16,0
19621212,39.16,39.69,39.04,39.36,0
19621213,39.36,39.64,39.02,39.23,0
19621214,39.23,39.49,38.94,39.33,0
19621217,39.33,39.57,39.06,39.21,0
19621218,39.21,39.39,38.84,39.02,0
19621219,39.02,39.49,38.80,39.34,0
19621220,39.35,39.79,39.26,39.50,0
19621221,39.50,39.70,39.15,39.39,0
19621224,39.39,39.64,39.11,39.39,0
19621226,39.39,39.83,39.35,39.64,0
19621227,39.64,39.89,39.42,39.58,0
19621228,39.59,39.79,39.34,39.61,0
19621231,39.61,39.91,39.43,39.70,0
19630102,39.70,39.88,39.20,39.44,0
19630103,39.44,40.19,39.42,40.08,0
19630104,40.08,40.54,39.98,40.34,0
19630107,40.33,40.62,40.05,40.33,0
19630108,40.33,40.87,40.25,40.72,0
19630109,40.71,41.01,40.45,40.62,0
19630110,40.62,40.97,40.45,40.69,0
19630111,40.69,40.93,40.44,40.77,0
19630114,40.77,41.18,40.62,40.99,0
19630115,40.99,41.25,40.75,40.93,0
19630116,40.93,41.02,40.50,40.65,0
19630117,40.65,41.11,40.45,40.94,0
19630118,40.94,41.29,40.77,40.97,0
19630121,40.97,41.18,40.62,41.03,0
19630122,41.02,41.35,40.87,41.12,0
19630123,41.12,41.42,40.99,41.23,0
19630124,41.23,41.53,41.05,41.31,0
19630125,41.31,41.61,41.08,41.42,0
19630128,41.41,41.84,41.32,41.62,0
19630129,41.61,41.83,41.35,41.61,0
19630130,41.60,41.67,41.18,41.36,0
19630131,41.36,41.74,41.15,41.58,0
19630201,41.65,41.65,41.65,41.65,0
19630204,41.64,41.86,41.38,41.56,0
19630205,41.55,41.67,41.06,41.52,0
19630206,41.51,41.92,41.37,41.69,0
19630207,41.69,41.95,41.38,41.55,0
19630208,41.54,41.72,41.22,41.54,0
19630211,41.54,41.69,41.12,41.28,0
19630212,41.28,41.44,40.90,41.32,0
19630213,41.32,41.76,41.15,41.52,0
19630214,41.52,41.90,41.38,41.65,0
19630215,41.64,41.89,41.40,41.68,0
19630218,41.68,42.02,41.48,41.74,0
19630219,41.74,41.84,41.37,41.54,0
19630220,41.54,41.59,41.06,41.31,0
19630221,41.30,41.55,41.01,41.36,0
19630225,41.36,41.46,40.93,41.07,0
19630226,41.06,41.32,40.81,41.07,0
19630227,41.07,41.24,40.69,40.78,0
19630228,40.78,40.86,40.19,40.33,0
19630301,40.32,40.61,40.02,40.20,0
19630304,40.20,40.81,40.06,40.59,0
19630305,40.59,40.93,40.39,40.60,0
19630306,40.59,40.80,40.33,40.66,0
19630307,40.66,41.13,40.64,40.92,0
19630308,40.91,41.22,40.77,40.96,0
19630311,40.96,41.29,40.82,41.07,0
19630312,41.07,41.35,40.91,41.17,0
19630313,41.16,41.54,41.08,41.31,0
19630314,41.31,41.50,40.98,41.12,0
19630315,41.11,41.50,40.98,41.32,0
19630318,41.32,41.47,40.96,41.12,0
19630319,41.11,41.26,40.85,41.03,0
19630320,41.02,41.45,40.92,41.32,0
19630321,41.32,41.51,41.10,41.26,0
19630322,41.26,41.62,41.15,41.47,0
19630325,41.47,41.72,41.30,41.48,0
19630326,41.47,41.80,41.35,41.59,0
19630327,41.59,41.92,41.47,41.77,0
19630328,41.76,41.97,41.54,41.70,0
19630329,41.70,41.90,41.48,41.69,0
19630401,41.69,42.07,41.48,41.86,0
19630402,41.86,42.18,41.65,41.85,0
19630403,41.85,42.30,41.72,42.18,0
19630404,42.17,42.65,42.12,42.48,0
19630405,42.48,42.86,42.23,42.75,0
19630408,42.74,43.14,42.60,42.89,0
19630409,42.89,43.09,42.58,42.85,0
19630410,42.84,43.12,42.35,42.74,0
19630411,42.74,43.23,42.54,43.04,0
19630415,43.04,43.53,42.92,43.24,0
19630416,43.23,43.56,42.97,43.27,0
19630417,43.26,43.41,42.84,43.12,0
19630418,43.12,43.38,42.90,43.10,0
19630419,43.10,43.46,42.92,43.31,0
19630422,43.31,43.68,43.17,43.35,0
19630423,43.35,43.68,43.13,43.49,0
19630424,43.49,43.86,43.37,43.61,0
19630425,43.61,43.83,43.31,43.63,0
19630426,43.63,43.85,43.30,43.59,0
19630429,43.59,43.80,43.31,43.56,0
19630430,43.55,43.88,43.31,43.65,0
19630501,43.64,44.04,43.52,43.75,0
19630502,43.75,44.08,43.61,43.87,0
19630503,43.87,44.08,43.62,43.78,0
19630506,43.78,43.95,43.33,43.47,0
19630507,43.46,43.70,43.15,43.41,0
19630508,43.40,43.90,43.27,43.76,0
19630509,43.76,44.21,43.66,43.97,0
19630510,43.97,44.25,43.74,44.07,0
19630513,44.07,44.30,43.81,44.04,0
19630514,44.04,44.20,43.69,43.87,0
19630515,43.87,44.22,43.66,44.01,0
19630516,44.00,44.24,43.68,43.89,0
19630517,43.89,44.12,43.62,43.91,0
19630520,43.91,44.03,43.47,43.70,0
19630521,43.70,44.04,43.49,43.81,0
19630522,43.81,44.15,43.61,43.81,0
19630523,43.80,44.05,43.59,43.78,0
19630524,43.78,43.99,43.50,43.73,0
19630527,43.72,43.88,43.39,43.63,0
19630528,43.63,43.96,43.43,43.71,0
19630529,43.71,44.11,43.62,43.91,0
19630531,43.91,44.41,43.87,44.20,0
19630603,44.20,44.47,43.94,44.13,0
19630604,44.12,44.37,43.82,44.13,0
19630605,44.13,44.42,43.80,44.02,0
19630606,44.02,44.28,43.76,44.05,0
19630607,44.05,44.30,43.75,43.94,0
19630610,43.94,44.00,43.41,43.64,0
19630611,43.64,43.93,43.42,43.70,0
19630612,43.69,44.18,43.62,43.93,0
19630613,43.93,44.20,43.66,43.82,0
19630614,43.81,44.04,43.59,43.83,0
19630617,43.78,44.30,43.78,43.93,0
19630618,43.93,43.93,43.43,43.67,0
19630619,43.67,43.95,43.50,43.72,0
19630620,43.71,43.88,43.23,43.66,0
19630621,43.66,44.01,43.52,43.81,0
19630624,43.81,44.07,43.55,43.77,0
19630625,43.77,43.97,43.49,43.67,0
19630626,43.67,43.71,43.13,43.28,0
19630627,43.27,43.52,42.88,43.06,0
19630628,43.06,43.44,42.97,43.24,0
19630701,43.24,43.34,42.75,42.92,0
19630702,42.92,43.46,42.84,43.29,0
19630703,43.29,43.80,43.27,43.59,0
19630705,43.59,43.92,43.49,43.76,0
19630708,43.76,43.84,43.29,43.46,0
19630709,43.46,43.86,43.34,43.64,0
19630710,43.64,43.81,43.34,43.55,0
19630711,43.54,43.80,43.31,43.46,0
19630712,43.46,43.69,43.21,43.38,0
19630715,43.38,43.44,42.96,43.11,0
19630716,43.10,43.30,42.89,43.07,0
19630717,43.06,43.31,42.78,42.93,0
19630718,42.93,43.14,42.56,42.66,0
19630719,42.65,42.78,42.28,42.56,0
19630722,42.56,42.72,42.06,42.28,0
19630723,42.28,42.70,42.12,42.28,0
19630724,42.28,42.67,42.19,42.51,0
19630725,42.51,42.91,42.35,42.50,0
19630726,42.49,42.80,42.35,42.67,0
19630729,42.66,42.93,42.53,42.75,0
19630730,42.74,43.23,42.69,43.10,0
19630731,43.09,43.46,42.89,43.03,0
19630801,43.02,43.23,42.72,42.98,0
19630802,42.98,43.29,42.85,43.12,0
19630805,43.12,43.54,43.06,43.38,0
19630806,43.37,43.80,43.29,43.66,0
19630807,43.66,43.88,43.36,43.53,0
19630808,43.52,43.74,43.29,43.56,0
19630809,43.56,43.95,43.44,43.84,0
19630812,43.84,44.16,43.66,43.91,0
19630813,43.91,44.22,43.74,44.03,0
19630814,44.03,44.36,43.78,44.20,0
19630815,44.20,44.60,44.04,44.39,0
19630816,44.39,44.74,44.18,44.46,0
19630819,44.45,44.72,44.24,44.42,0
19630820,44.42,44.71,44.16,44.38,0
19630821,44.38,44.59,44.14,44.32,0
19630822,44.32,44.64,44.11,44.47,0
19630823,44.47,44.84,44.34,44.61,0
19630826,44.60,44.94,44.49,44.70,0
19630827,44.69,44.77,44.30,44.45,0
19630828,44.45,44.99,44.43,44.77,0
19630829,44.77,45.09,44.64,44.84,0
19630830,44.84,45.18,44.67,45.05,0
19630903,45.05,45.41,44.92,45.15,0
19630904,45.14,45.47,44.93,45.13,0
19630905,45.13,45.47,44.82,45.35,0
19630906,45.35,45.66,45.04,45.25,0
19630909,45.25,45.49,44.88,45.08,0
19630910,45.08,45.51,44.88,45.34,0
19630911,45.33,45.83,45.23,45.46,0
19630912,45.46,45.71,45.16,45.43,0
19630913,45.42,45.70,45.22,45.44,0
19630916,45.43,45.72,45.20,45.37,0
19630917,45.37,45.72,45.20,45.40,0
19630918,45.40,45.59,45.02,45.20,0
19630919,45.19,45.61,45.08,45.45,0
19630920,45.45,45.76,45.27,45.50,0
19630923,45.50,45.64,45.08,45.29,0
19630924,45.28,45.73,45.05,45.49,0
19630925,45.49,45.84,45.05,45.24,0
19630926,45.23,45.35,44.69,44.85,0
19630927,44.85,45.05,44.43,44.76,0
19630930,44.76,44.91,44.23,44.49,0
19631001,44.49,45.08,44.41,44.81,0
19631002,44.80,45.08,44.62,44.85,0
19631003,44.85,45.35,44.73,45.18,0
19631004,45.18,45.40,44.95,45.19,0
19631007,45.19,45.45,44.90,45.09,0
19631008,45.09,45.36,44.80,45.03,0
19631009,44.64,44.64,44.40,44.57,0
19631010,44.57,44.97,44.40,44.77,0
19631011,44.77,45.09,44.56,44.81,0
19631014,44.81,44.91,44.55,44.83,0
19631015,44.83,45.13,44.63,44.89,0
19631016,44.88,45.38,44.69,45.24,0
19631017,45.23,45.73,45.15,45.41,0
19631018,45.41,45.71,45.16,45.45,0
19631021,45.45,45.78,45.27,45.48,0
19631022,45.48,45.58,44.92,45.22,0
19631023,45.22,45.58,44.99,45.24,0
19631024,45.24,45.69,45.08,45.41,0
19631025,45.41,46.11,45.27,45.86,0
19631028,45.86,46.56,45.69,46.15,0
19631029,46.14,46.58,45.83,46.13,0
19631030,46.13,46.21,45.49,45.72,0
19631031,45.72,46.06,45.38,45.85,0
19631101,45.84,46.11,45.51,45.73,0
19631104,45.73,46.00,45.27,45.49,0
19631106,45.49,45.50,44.80,45.09,0
19631107,45.09,45.50,44.95,45.24,0
19631108,45.24,45.61,45.08,45.43,0
19631111,44.90,44.90,44.22,44.48,0
19631112,44.47,44.96,44.22,44.52,0
19631113,45.13,45.61,45.13,45.37,0
19631114,45.37,45.52,44.96,45.16,0
19631115,45.16,45.31,44.62,44.78,0
19631118,44.78,44.89,44.21,44.46,0
19631119,44.46,44.94,44.20,44.50,0
19631120,44.50,45.26,44.24,44.91,0
19631121,44.90,45.09,44.18,44.32,0
19631122,44.32,44.66,42.99,43.07,0
19631126,44.18,45.01,44.18,44.78,0
19631127,44.78,45.03,44.40,44.70,0
19631129,44.70,45.45,44.57,45.30,0
19631202,45.30,45.83,45.17,45.57,0
19631203,45.56,45.78,45.24,45.54,0
19631204,45.53,45.88,45.28,45.65,0
19631205,45.64,46.12,45.43,45.94,0
19631206,45.94,46.15,45.53,45.76,0
19631209,45.76,46.01,45.49,45.73,0
19631210,45.73,46.05,45.38,45.75,0
19631211,45.75,45.98,45.49,45.69,0
19631212,45.69,45.94,45.49,45.69,0
19631213,45.69,45.99,45.55,45.78,0
19631216,45.78,46.15,45.61,45.93,0
19631217,45.92,46.41,45.78,46.20,0
19631218,46.19,46.48,45.89,46.13,0
19631219,46.12,46.30,45.78,45.98,0
19631220,45.98,46.19,45.64,45.90,0
19631223,45.90,46.01,45.41,45.61,0
19631224,45.61,46.02,45.38,45.70,0
19631226,45.70,46.11,45.56,45.92,0
19631227,45.91,46.28,45.77,45.99,0
19631230,45.98,46.29,45.79,46.06,0
19631231,46.06,46.55,45.96,46.34,0
19640102,46.35,46.82,46.23,46.60,0
19640103,46.61,46.99,46.40,46.65,0
19640106,46.66,47.05,46.46,46.77,0
19640107,46.77,47.13,46.52,46.79,0
19640108,46.80,47.20,46.61,46.99,0
19640109,47.00,47.39,46.75,47.17,0
19640110,47.18,47.42,46.84,47.15,0
19640113,47.16,47.45,46.88,47.15,0
19640114,47.16,47.55,46.95,47.24,0
19640115,47.25,47.69,47.01,47.42,0
19640116,47.43,47.79,47.07,47.38,0
19640117,47.39,47.72,47.06,47.39,0
19640120,47.40,47.79,47.07,47.31,0
19640121,47.32,47.68,46.98,47.45,0
19640122,47.45,48.08,47.35,47.71,0
19640123,47.72,48.08,47.49,47.76,0
19640124,47.76,48.05,47.45,47.78,0
19640127,47.78,48.20,47.49,47.77,0
19640128,47.77,48.07,47.50,47.79,0
19640129,47.80,47.96,47.32,47.50,0
19640130,47.51,47.87,47.28,47.56,0
19640131,47.56,47.98,47.37,47.77,0
19640203,47.78,48.10,47.47,47.74,0
19640204,47.75,47.96,47.43,47.69,0
19640205,47.70,47.95,47.38,47.62,0
19640206,47.63,47.95,47.46,47.74,0
19640207,47.75,48.11,47.58,47.91,0
19640210,47.91,48.28,47.70,47.83,0
19640211,47.84,48.21,47.69,48.02,0
19640212,48.02,48.37,47.91,48.17,0
19640213,48.18,48.41,47.89,48.15,0
19640214,48.16,48.35,47.85,48.13,0
19640217,48.14,48.42,47.87,48.13,0
19640218,48.14,48.41,47.85,48.15,0
19640219,48.15,48.47,47.94,48.20,0
19640220,48.21,48.49,47.97,48.26,0
19640224,48.27,48.60,48.05,48.30,0
19640225,48.31,48.70,48.01,48.31,0
19640226,48.32,48.60,48.10,48.44,0
19640227,48.45,48.71,48.14,48.29,0
19640228,48.30,48.57,48.04,48.41,0
19640302,48.42,48.78,48.23,48.53,0
19640303,48.53,48.96,48.36,48.69,0
19640304,48.70,49.00,48.38,48.61,0
19640305,48.61,48.84,48.31,48.61,0
19640306,48.62,48.95,48.49,48.77,0
19640309,48.78,49.14,48.56,48.79,0
19640310,48.80,49.16,48.57,48.97,0
19640311,48.97,49.49,48.89,49.20,0
19640312,49.21,49.49,48.96,49.29,0
19640313,49.30,49.62,49.09,49.33,0
19640316,49.34,49.63,49.08,49.34,0
19640317,49.35,49.67,49.12,49.46,0
19640318,49.47,49.83,49.21,49.51,0
19640319,49.52,49.81,49.24,49.47,0
19640320,49.48,49.51,49.24,49.24,0
19640323,49.25,49.51,48.96,49.26,0
19640324,49.27,49.52,49.00,49.18,0
19640325,49.19,49.52,48.80,49.30,0
19640326,49.31,49.69,49.12,49.45,0
19640330,49.45,49.75,49.18,49.42,0
19640331,49.43,49.66,49.08,49.33,0
19640401,49.34,49.72,49.15,49.50,0
19640402,49.51,50.04,49.44,49.80,0
19640403,49.81,50.23,49.65,49.96,0
19640406,49.97,50.29,49.72,50.02,0
19640407,50.03,50.29,49.65,49.85,0
19640408,49.86,50.13,49.56,49.87,0
19640409,49.88,50.18,49.63,49.84,0
19640410,49.85,50.20,49.69,49.95,0
19640413,49.96,50.24,49.69,49.91,0
19640414,49.92,50.29,49.72,50.05,0
19640415,50.06,50.38,49.84,50.12,0
19640416,50.13,50.47,49.91,50.20,0
19640417,50.21,50.70,50.08,50.43,0
19640420,50.44,50.75,50.16,50.41,0
19640421,50.42,50.72,50.14,50.44,0
19640422,50.45,50.69,50.15,50.42,0
19640423,50.43,50.88,50.18,50.36,0
19640424,50.37,50.52,49.79,49.98,0
19640427,49.98,50.15,49.45,49.73,0
19640428,49.74,50.31,49.61,50.09,0
19640429,50.10,50.53,49.71,49.97,0
19640430,49.98,50.22,49.59,49.83,0
19640501,49.84,50.47,49.84,50.28,0
19640504,50.29,50.82,50.10,50.48,0
19640505,50.49,50.95,50.19,50.75,0
19640506,50.76,51.19,50.54,50.87,0
19640507,50.88,51.29,50.63,50.94,0
19640508,49.87,49.87,49.24,49.37,0
19640511,50.60,51.18,50.60,50.80,0
19640512,50.81,51.38,50.66,50.97,0
19640513,50.98,51.29,50.66,50.86,0
19640514,50.87,51.06,50.49,50.80,0
19640515,50.81,51.18,50.58,50.96,0
19640518,50.97,51.20,50.54,50.73,0
19640519,50.74,50.94,50.26,50.48,0
19640520,50.48,50.94,50.35,50.71,0
19640521,50.72,51.24,50.53,50.90,0
19640522,50.91,51.04,50.54,50.77,0
19640525,50.78,51.05,50.45,50.68,0
19640526,50.69,50.92,50.41,50.58,0
19640527,50.59,50.80,50.20,50.51,0
19640528,50.51,50.82,50.27,50.58,0
19640601,50.59,50.88,50.25,50.43,0
19640602,50.44,50.75,50.05,50.18,0
19640603,50.19,50.45,49.92,50.06,0
19640604,50.07,50.23,49.41,49.55,0
19640605,49.56,50.05,49.45,49.78,0
19640608,49.79,50.05,49.42,49.55,0
19640609,49.56,50.03,49.25,49.87,0
19640610,49.88,50.32,49.81,50.07,0
19640611,50.08,50.52,49.95,50.26,0
19640612,50.27,50.47,49.93,50.19,0
19640615,50.20,50.66,50.07,50.43,0
19640616,50.44,50.91,50.37,50.71,0
19640617,50.72,51.18,50.61,50.98,0
19640618,50.99,51.33,50.75,50.98,0
19640619,50.99,51.27,50.73,51.05,0
19640622,51.06,51.47,50.91,51.20,0
19640623,51.21,51.41,50.82,50.99,0
19640624,51.00,51.43,50.77,51.19,0
19640625,51.20,51.62,51.00,51.29,0
19640626,51.30,51.66,51.08,51.46,0
19640629,51.47,51.87,51.24,51.58,0
19640630,51.59,51.86,51.30,51.62,0
19640701,51.63,52.15,51.48,52.00,0
19640702,52.01,52.45,51.89,52.22,0
19640706,52.23,52.72,52.08,52.47,0
19640707,52.47,52.82,52.23,52.56,0
19640708,52.57,52.85,52.23,52.57,0
19640709,52.58,52.91,52.34,52.65,0
19640710,52.66,53.14,52.43,52.74,0
19640713,52.75,53.07,52.48,52.72,0
19640714,52.73,52.98,52.36,52.57,0
19640715,52.58,52.97,52.37,52.76,0
19640716,52.77,53.17,52.59,52.96,0
19640717,52.97,53.41,52.80,53.20,0
19640720,53.21,53.42,52.85,53.04,0
19640721,53.05,53.21,52.62,52.92,0
19640722,52.94,53.20,52.57,52.92,0
19640723,52.93,53.18,52.64,52.91,0
19640724,52.92,53.20,52.66,52.90,0
19640727,52.91,53.14,52.51,52.67,0
19640728,52.68,52.82,52.25,52.54,0
19640729,52.55,52.83,52.30,52.59,0
19640730,52.60,52.97,52.42,52.71,0
19640731,52.72,53.02,52.48,52.77,0
19640803,52.78,52.98,52.45,52.67,0
19640804,52.68,52.69,51.84,52.02,0
19640805,52.03,52.31,51.29,52.11,0
19640806,52.12,52.35,51.56,51.65,0
19640807,51.65,52.20,51.56,51.98,0
19640810,51.99,52.23,51.72,51.94,0
19640811,51.95,52.25,51.74,51.94,0
19640812,51.95,52.44,51.85,52.21,0
19640813,52.22,52.66,52.10,52.37,0
19640814,52.38,52.65,52.14,52.34,0
19640817,52.35,52.67,52.14,52.36,0
19640818,52.37,52.64,52.15,52.40,0
19640819,52.40,52.66,52.14,52.35,0
19640820,52.36,52.52,51.91,52.12,0
19640821,52.13,52.44,51.94,52.21,0
19640824,52.22,52.48,51.95,52.12,0
19640825,52.13,52.27,51.68,51.83,0
19640826,51.84,52.03,51.55,51.77,0
19640827,51.77,52.17,51.62,52.02,0
19640828,52.03,52.40,51.92,52.21,0
19640831,52.22,52.53,51.88,52.12,0
19640901,52.13,52.55,51.96,52.35,0
19640902,52.36,52.73,52.21,52.44,0
19640903,52.45,52.78,52.28,52.61,0
19640904,52.62,52.92,52.46,52.75,0
19640908,52.76,53.06,52.57,52.83,0
19640909,52.84,53.25,52.63,52.95,0
19640910,52.96,53.25,52.68,53.00,0
19640911,53.01,53.48,52.81,53.23,0
19640914,53.24,53.52,52.88,53.09,0
19640915,53.10,53.40,52.76,52.96,0
19640916,52.97,53.30,52.70,53.12,0
19640917,53.13,53.73,53.09,53.48,0
19640918,53.49,53.81,53.01,53.30,0
19640921,53.31,53.84,53.26,53.55,0
19640922,53.56,53.93,53.35,53.58,0
19640923,53.59,53.90,53.31,53.60,0
19640924,53.61,53.94,53.32,53.67,0
19640925,53.68,54.08,53.40,53.81,0
19640928,53.82,54.16,53.55,53.87,0
19640929,53.88,54.21,53.60,53.85,0
19640930,53.86,54.13,53.62,53.82,0
19641001,53.83,54.06,53.55,53.77,0
19641002,53.78,54.14,53.54,53.96,0
19641005,53.97,54.54,53.87,54.21,0
19641006,54.22,54.54,53.98,54.25,0
19641007,54.26,54.56,54.03,54.27,0
19641008,54.28,54.66,54.07,54.43,0
19641009,54.44,54.80,54.24,54.56,0
19641012,54.57,54.80,54.35,54.58,0
19641013,54.59,54.80,54.20,54.41,0
19641014,54.42,54.63,54.13,54.31,0
19641015,54.32,54.45,53.59,53.98,0
19641016,53.99,54.53,53.89,54.36,0
19641019,54.37,54.71,54.14,54.43,0
19641020,54.44,54.85,54.21,54.60,0
19641021,54.61,54.91,54.35,54.56,0
19641022,54.57,54.79,54.19,54.47,0
19641023,54.48,54.79,54.24,54.61,0
19641026,54.62,54.98,54.30,54.53,0
19641027,54.54,54.80,54.29,54.54,0
19641028,54.55,54.79,54.18,54.35,0
19641029,54.36,54.66,54.15,54.39,0
19641030,54.40,54.71,54.19,54.48,0
19641102,54.49,54.93,54.27,54.70,0
19641104,54.70,55.17,54.46,54.68,0
19641105,54.69,55.00,54.42,54.70,0
19641106,54.71,54.96,54.38,54.76,0
19641109,54.77,55.08,54.58,54.74,0
19641110,54.75,54.98,54.30,54.53,0
19641111,54.54,54.83,54.31,54.69,0
19641112,54.70,55.05,54.49,54.77,0
19641113,54.78,55.10,54.51,54.80,0
19641116,54.81,55.27,54.59,55.09,0
19641117,55.10,55.68,54.99,55.34,0
19641118,55.35,55.85,55.16,55.48,0
19641119,55.49,55.71,55.09,55.46,0
19641120,55.47,55.87,55.18,55.53,0
19641123,55.55,55.74,55.03,55.37,0
19641124,55.38,55.45,54.83,55.20,0
19641125,55.21,55.50,54.81,55.02,0
19641127,55.03,55.19,54.46,54.85,0
19641130,54.87,55.03,54.18,54.39,0
19641201,54.40,54.49,53.72,53.84,0
19641202,53.85,54.29,53.57,54.00,0
19641203,54.01,54.62,53.96,54.26,0
19641204,54.38,54.38,54.38,54.38,0
19641207,54.39,54.83,54.19,54.38,0
19641208,54.39,54.64,53.98,54.18,0
19641209,54.19,54.34,53.70,53.84,0
19641210,53.85,54.17,53.54,53.84,0
19641211,53.85,54.24,53.62,53.99,0
19641214,54.00,54.33,53.64,53.86,0
19641215,53.87,54.09,53.36,53.73,0
19641216,53.73,54.20,53.59,53.95,0
19641217,53.96,54.40,53.82,54.19,0
19641218,54.20,54.68,54.09,54.45,0
19641221,54.46,54.86,54.34,54.52,0
19641222,54.52,54.85,54.24,54.49,0
19641223,54.50,54.78,54.15,54.39,0
19641224,54.40,54.68,54.13,54.40,0
19641228,54.41,54.69,54.12,54.35,0
19641229,54.37,54.55,53.92,54.20,0
19641230,54.21,54.74,54.09,54.52,0
19641231,54.53,55.10,54.46,54.83,0
19650104,54.84,55.10,54.21,54.51,0
19650105,54.53,55.04,54.39,54.79,0
19650106,54.80,55.29,54.69,54.97,0
19650107,54.99,55.47,54.84,55.23,0
19650108,55.25,55.63,55.02,55.32,0
19650111,55.34,55.63,55.04,55.36,0
19650112,55.38,55.76,55.20,55.52,0
19650113,55.53,55.96,55.37,55.68,0
19650114,55.70,56.05,55.42,55.70,0
19650115,55.72,56.16,55.57,55.96,0
19650118,55.98,56.59,55.84,56.16,0
19650119,56.18,56.57,55.96,56.27,0
19650120,56.29,56.60,56.05,56.27,0
19650121,56.29,56.49,55.92,56.24,0
19650122,56.26,56.67,56.05,56.40,0
19650125,56.42,56.77,56.20,56.50,0
19650126,56.52,56.90,56.29,56.57,0
19650127,56.59,57.07,56.44,56.78,0
19650128,56.80,57.22,56.58,56.96,0
19650129,56.98,57.45,56.79,57.03,0
19650201,57.05,57.35,56.72,57.07,0
19650202,57.09,57.32,56.73,57.07,0
19650203,57.09,57.39,56.77,57.14,0
19650204,57.16,57.44,56.79,57.12,0
19650205,57.14,57.41,56.70,56.96,0
19650208,56.79,56.79,56.10,56.76,0
19650209,56.77,57.23,56.61,56.96,0
19650210,56.98,57.28,56.30,56.47,0
19650211,56.49,56.77,55.80,55.89,0
19650212,55.91,56.53,55.91,56.32,0
19650215,56.34,56.79,56.07,56.28,0
19650216,56.30,56.45,55.81,56.04,0
19650217,56.05,56.44,55.78,56.12,0
19650218,56.14,56.60,55.94,56.32,0
19650219,56.34,56.75,56.12,56.45,0
19650223,56.47,56.99,56.35,56.75,0
19650224,56.77,57.48,56.63,57.12,0
19650225,57.14,57.48,56.83,57.16,0
19650226,57.17,57.59,56.92,57.33,0
19650301,57.35,57.67,57.01,57.23,0
19650302,57.25,57.60,56.98,57.35,0
19650303,57.37,57.65,57.02,57.27,0
19650304,57.29,57.60,56.88,57.11,0
19650305,57.13,57.31,56.49,57.01,0
19650308,57.03,57.35,56.71,57.05,0
19650309,57.07,57.36,56.74,56.98,0
19650310,57.00,57.25,56.68,56.90,0
19650311,56.92,57.41,56.68,57.16,0
19650312,57.18,57.67,56.98,57.38,0
19650315,57.40,57.87,57.15,57.42,0
19650316,57.44,57.69,57.07,57.37,0
19650317,57.39,57.64,57.06,57.32,0
19650318,57.34,57.64,56.99,57.20,0
19650319,57.22,57.59,56.97,57.24,0
19650322,57.26,57.59,56.97,57.25,0
19650323,57.27,57.61,57.02,57.34,0
19650324,57.36,57.77,57.19,57.46,0
19650325,57.48,57.75,57.13,57.32,0
19650326,57.34,57.48,56.76,56.91,0
19650329,56.94,57.24,56.57,56.82,0
19650330,56.84,57.17,56.62,56.95,0
19650331,56.98,57.27,56.73,56.95,0
19650401,56.97,57.35,56.78,57.07,0
19650402,57.09,57.47,56.94,57.23,0
19650405,57.25,57.62,56.99,57.25,0
19650406,57.27,57.52,56.98,57.25,0
19650407,57.27,57.52,57.03,57.31,0
19650408,57.33,57.86,57.19,57.65,0
19650409,57.67,58.22,57.55,58.02,0
19650412,58.04,58.57,57.87,58.29,0
19650413,58.31,58.67,58.04,58.38,0
19650414,58.40,58.80,58.18,58.53,0
19650415,58.55,58.81,58.09,58.49,0
19650419,58.51,59.01,58.34,58.75,0
19650420,58.77,59.14,58.44,58.74,0
19650421,58.76,59.00,58.25,58.65,0
19650422,58.67,59.22,58.55,58.99,0
19650423,59.01,59.43,58.81,59.08,0
19650426,59.10,59.37,58.71,59.10,0
19650427,59.13,59.62,59.01,59.23,0
19650428,59.25,59.54,58.89,59.22,0
19650429,59.24,59.53,58.89,59.19,0
19650430,59.22,59.55,58.93,59.34,0
19650503,59.36,59.74,59.03,59.44,0
19650504,59.46,59.90,59.18,59.64,0
19650505,59.66,60.26,59.42,59.80,0
19650506,59.82,60.39,59.61,59.96,0
19650507,59.98,60.23,59.59,59.93,0
19650510,59.95,60.20,59.53,59.83,0
19650511,59.85,60.06,59.44,59.78,0
19650512,59.80,60.30,59.63,60.06,0
19650513,60.08,60.57,59.91,60.30,0
19650514,60.32,60.58,59.89,60.21,0
19650517,60.23,60.46,59.65,59.85,0
19650518,59.88,60.08,59.43,59.82,0
19650519,59.84,60.30,59.65,59.98,0
19650520,60.01,60.13,59.38,59.68,0
19650521,59.70,59.85,59.18,59.41,0
19650524,59.43,59.52,58.76,58.99,0
19650525,59.01,59.59,58.83,59.35,0
19650526,59.37,59.79,59.00,59.17,0
19650527,59.19,59.23,58.48,58.88,0
19650528,58.91,59.47,58.73,59.29,0
19650601,59.31,59.57,58.95,59.52,0
19650602,58.97,58.97,57.88,58.44,0
19650603,58.47,59.11,58.12,58.34,0
19650604,58.36,58.73,57.99,58.50,0
19650607,58.52,58.75,57.80,58.37,0
19650608,58.39,58.53,57.62,57.75,0
19650609,57.77,58.06,56.98,57.17,0
19650610,57.19,57.72,56.56,56.98,0
19650611,57.00,57.64,56.85,57.27,0
19650614,57.28,57.66,56.29,56.54,0
19650615,56.56,57.13,55.88,56.88,0
19650616,56.96,57.78,56.96,57.38,0
19650617,57.40,58.09,57.25,57.76,0
19650618,57.78,58.03,57.22,57.52,0
19650621,57.54,57.74,56.99,57.34,0
19650622,57.36,57.80,57.16,57.47,0
19650623,57.49,57.75,57.02,57.12,0
19650624,57.15,57.19,56.22,56.40,0
19650625,56.42,56.60,55.77,56.08,0
19650628,56.10,56.29,54.95,55.11,0
19650629,55.13,56.10,54.55,55.68,0
19650630,56.08,57.20,56.08,56.85,0
19650701,56.88,57.23,56.50,57.12,0
19650702,57.14,57.76,56.90,57.60,0
19650706,57.62,57.94,57.22,57.51,0
19650707,57.53,57.63,57.05,57.31,0
19650708,57.33,57.96,57.07,57.82,0
19650709,57.84,58.33,57.65,58.05,0
19650712,58.08,58.33,57.76,58.06,0
19650713,58.08,58.30,57.70,58.02,0
19650714,58.04,58.47,57.76,58.23,0
19650715,58.25,58.65,57.95,58.15,0
19650716,58.17,58.45,57.85,58.15,0
19650719,58.17,58.40,57.84,58.13,0
19650720,58.15,58.30,57.30,57.41,0
19650721,57.43,57.63,56.90,57.11,0
19650722,57.13,57.39,56.76,56.98,0
19650723,57.00,57.45,56.81,57.15,0
19650726,57.17,57.44,56.77,57.16,0
19650727,57.18,57.54,56.86,57.05,0
19650728,57.08,57.52,56.69,57.18,0
19650729,57.20,57.87,57.04,57.65,0
19650730,57.67,58.32,57.64,58.06,0
19650802,58.08,58.50,57.82,58.19,0
19650803,58.21,58.48,57.79,58.24,0
19650804,58.26,58.71,58.10,58.49,0
19650805,58.51,58.84,58.26,58.51,0
19650806,58.53,58.95,58.28,58.72,0
19650809,58.74,59.06,58.37,58.60,0
19650810,58.62,58.93,58.34,58.63,0
19650811,58.65,59.06,58.49,58.83,0
19650812,58.85,59.27,58.66,59.02,0
19650813,59.04,59.56,58.84,59.30,0
19650816,59.33,59.78,59.12,59.40,0
19650817,59.42,59.79,59.15,59.53,0
19650818,59.55,59.92,59.27,59.52,0
19650819,59.54,59.88,59.20,59.41,0
19650820,59.43,59.67,59.03,59.36,0
19650823,59.38,59.66,59.06,59.29,0
19650824,59.31,59.74,59.08,59.41,0
19650825,59.44,59.82,59.18,59.51,0
19650826,59.53,60.01,59.25,59.75,0
19650827,59.77,60.19,59.55,59.82,0
19650830,59.84,60.14,59.54,59.84,0
19650831,59.87,60.26,59.57,59.84,0
19650901,59.86,60.18,59.53,59.86,0
19650902,59.88,60.42,59.75,60.21,0
19650903,60.23,60.76,60.15,60.52,0
19650907,60.54,61.03,60.33,60.74,0
19650908,60.77,61.26,60.47,60.97,0
19650909,60.99,61.55,60.78,61.15,0
19650910,61.17,61.84,60.84,61.33,0
19650913,61.36,61.90,61.12,61.53,0
19650914,61.56,61.99,61.08,61.32,0
19650915,61.34,61.98,61.12,61.68,0
19650916,62.04,62.04,62.04,62.04,0
19650917,62.07,62.38,61.58,62.09,0
19650920,62.11,62.54,61.74,62.13,0
19650921,62.15,62.55,61.70,61.97,0
19650922,61.99,62.58,61.74,62.27,0
19650923,62.30,62.68,61.75,62.05,0
19650924,62.07,62.49,61.56,62.18,0
19650927,62.64,62.64,62.64,62.64,0
19650928,62.66,62.99,62.09,62.51,0
19650929,62.53,63.00,61.93,62.25,0
19650930,62.27,62.75,61.92,62.23,0
19651001,62.25,62.61,61.80,62.21,0
19651004,62.23,62.69,61.94,62.36,0
19651005,62.38,63.03,62.27,62.76,0
19651006,62.78,63.00,62.17,62.72,0
19651007,62.75,63.13,62.43,62.70,0
19651008,62.72,63.30,62.60,62.98,0
19651011,63.01,63.69,62.92,63.37,0
19651012,63.39,63.79,63.02,63.38,0
19651013,63.40,63.72,62.97,63.39,0
19651014,63.42,63.81,62.98,63.31,0
19651015,63.34,63.96,63.04,63.47,0
19651018,63.49,64.12,63.27,63.70,0
19651019,63.72,64.26,63.49,63.81,0
19651020,63.83,64.15,63.36,63.82,0
19651021,63.84,64.35,63.59,63.95,0
19651022,63.98,64.53,63.70,64.00,0
19651025,64.03,64.54,63.58,63.81,0
19651026,63.83,64.50,63.62,64.20,0
19651027,64.23,64.92,64.05,64.44,0
19651028,64.47,64.77,63.83,64.26,0
19651029,64.28,64.79,64.02,64.43,0
19651101,64.45,64.80,63.97,64.32,0
19651103,64.34,64.73,63.92,64.40,0
19651104,64.42,64.95,64.14,64.53,0
19651105,64.55,64.87,64.08,64.49,0
19651108,64.51,64.93,63.99,64.41,0
19651109,64.44,64.73,63.91,64.23,0
19651110,64.25,64.58,63.85,64.18,0
19651111,64.21,64.58,63.84,64.40,0
19651112,64.43,65.10,64.23,64.73,0
19651115,64.76,65.28,64.40,64.81,0
19651116,64.84,65.19,64.33,64.68,0
19651117,64.71,65.32,64.31,64.84,0
19651118,64.86,65.10,64.25,64.60,0
19651119,64.62,65.08,64.28,64.64,0
19651122,64.66,64.83,63.90,64.24,0
19651123,64.26,64.69,63.92,64.36,0
19651124,64.39,64.89,63.94,64.50,0
19651126,64.52,65.02,64.14,64.58,0
19651129,64.61,65.01,64.15,64.45,0
19651130,64.47,64.71,63.78,64.34,0
19651201,64.36,64.82,63.95,64.28,0
19651202,64.31,64.62,63.74,64.11,0
19651203,64.13,64.54,63.65,64.17,0
19651206,64.15,64.15,62.74,63.72,0
19651207,63.74,64.73,63.64,64.30,0
19651208,64.33,64.93,63.94,64.25,0
19651209,64.27,64.82,63.98,64.47,0
19651210,64.50,65.00,64.20,64.66,0
19651213,64.69,65.15,64.31,64.71,0
19651214,64.73,65.27,64.40,64.77,0
19651215,64.79,65.35,64.38,64.89,0
19651216,64.92,65.57,64.57,64.99,0
19651217,65.01,65.46,64.58,64.98,0
19651220,65.01,65.20,64.31,64.70,0
19651221,64.73,65.39,64.44,64.98,0
19651222,65.01,65.76,64.67,65.20,0
19651223,65.23,65.65,64.73,65.16,0
19651227,65.18,65.55,64.54,64.71,0
19651228,64.73,65.17,64.10,64.74,0
19651229,64.77,65.37,64.49,64.96,0
19651230,64.99,65.60,64.78,65.26,0
19651231,65.29,65.89,65.02,65.45,0
19660103,65.46,65.78,64.90,65.29,0
19660104,65.30,65.91,64.95,65.36,0
19660105,65.37,66.13,65.18,65.79,0
19660106,65.80,66.37,65.56,65.95,0
19660107,65.96,66.38,65.55,66.02,0
19660110,66.03,66.60,65.76,66.17,0
19660111,66.18,66.69,65.84,66.24,0
19660112,66.25,66.66,65.82,66.10,0
19660113,66.11,66.68,65.75,66.23,0
19660114,66.24,66.80,65.97,66.34,0
19660117,66.36,67.04,66.07,66.55,0
19660118,66.56,67.18,66.18,66.69,0
19660119,66.70,67.18,66.14,66.52,0
19660120,66.53,66.99,65.95,66.30,0
19660121,66.31,66.74,65.77,66.39,0
19660124,66.40,67.07,66.12,66.57,0
19660125,66.59,67.19,66.25,66.69,0
19660126,66.70,67.18,66.22,66.59,0
19660127,66.61,67.06,66.17,66.58,0
19660128,66.60,66.94,66.01,66.34,0
19660131,66.36,66.68,65.75,66.05,0
19660201,66.06,66.41,65.16,65.55,0
19660202,65.56,66.10,64.97,65.83,0
19660203,65.84,66.65,65.54,65.93,0
19660204,65.94,66.69,65.71,66.38,0
19660207,66.39,67.07,66.10,66.62,0
19660208,66.64,67.14,65.92,66.61,0
19660209,66.62,67.45,66.44,66.98,0
19660210,67.00,67.45,66.47,66.83,0
19660211,66.85,67.34,66.44,66.83,0
19660214,66.85,67.27,66.38,66.65,0
19660215,66.66,67.03,66.05,66.41,0
19660216,66.42,66.83,66.03,66.41,0
19660217,66.43,66.72,65.68,66.07,0
19660218,66.08,66.42,65.47,65.91,0
19660221,65.92,66.22,65.16,65.53,0
19660223,65.55,65.79,64.92,65.27,0
19660224,65.28,65.52,64.55,64.86,0
19660225,64.87,65.58,64.55,65.05,0
19660228,65.06,65.64,64.72,65.12,0
19660301,65.14,65.44,64.09,64.31,0
19660302,64.32,64.74,63.35,63.67,0
19660303,63.68,64.31,63.05,63.91,0
19660304,63.92,64.48,63.39,63.76,0
19660307,63.77,63.88,62.65,62.92,0
19660308,62.93,63.62,62.31,63.03,0
19660309,63.04,63.78,62.88,63.60,0
19660310,63.61,64.46,63.18,63.61,0
19660311,63.63,64.11,63.15,63.55,0
19660314,63.56,63.61,62.64,62.84,0
19660315,62.86,63.11,62.03,62.50,0
19660316,62.51,63.37,62.33,62.88,0
19660317,62.89,63.42,62.60,63.11,0
19660318,63.13,63.88,62.88,63.38,0
19660321,63.40,64.26,63.30,63.88,0
19660322,63.89,64.66,63.75,64.08,0
19660323,64.09,64.33,63.54,63.85,0
19660324,63.87,64.35,63.54,63.98,0
19660325,63.99,64.60,63.76,64.17,0
19660328,64.19,64.81,63.91,64.24,0
19660329,64.26,64.56,63.55,64.00,0
19660330,64.02,64.23,63.33,63.67,0
19660331,63.68,64.34,63.46,64.00,0
19660401,64.02,64.83,63.82,64.53,0
19660404,64.54,65.54,64.53,65.13,0
19660405,65.14,66.06,64.93,65.54,0
19660406,65.55,66.12,65.16,65.73,0
19660407,65.74,66.36,65.33,65.89,0
19660411,65.90,66.50,65.41,65.92,0
19660412,65.93,66.45,65.31,65.69,0
19660413,65.70,66.68,65.19,65.77,0
19660414,65.78,66.69,65.48,66.02,0
19660415,66.03,66.67,65.61,66.12,0
19660418,66.13,66.56,65.48,65.84,0
19660419,65.85,66.38,65.36,65.84,0
19660420,65.86,66.71,65.69,66.22,0
19660421,66.24,66.91,66.02,66.48,0
19660422,66.50,66.82,65.91,66.39,0
19660425,66.40,66.83,65.78,66.27,0
19660426,66.28,66.78,65.84,66.21,0
19660427,66.23,66.59,65.59,66.06,0
19660428,66.08,66.19,64.98,65.62,0
19660429,65.64,66.16,65.23,65.59,0
19660502,65.60,66.10,65.14,65.48,0
19660503,65.50,65.64,64.46,64.74,0
19660504,64.75,64.94,63.81,64.42,0
19660505,64.44,64.71,63.15,63.38,0
19660506,63.40,63.82,62.18,63.33,0
19660509,63.34,63.43,61.96,62.25,0
19660510,62.26,63.39,62.12,62.81,0
19660511,62.82,63.76,62.65,62.93,0
19660512,62.94,63.13,61.85,62.22,0
19660513,62.23,62.29,61.18,61.69,0
19660516,61.70,62.11,60.57,60.93,0
19660517,60.95,61.40,60.06,60.38,0
19660518,60.46,61.85,60.46,61.47,0
19660519,61.48,62.36,61.07,61.41,0
19660520,61.42,61.98,60.84,61.72,0
19660523,61.73,62.80,61.63,62.29,0
19660524,62.30,63.39,62.30,62.72,0
19660525,62.73,63.24,62.21,62.95,0
19660526,62.96,63.54,62.58,62.96,0
19660527,62.97,63.23,62.51,63.16,0
19660531,63.17,63.40,62.07,62.30,0
19660601,62.32,62.69,61.70,62.30,0
19660602,62.31,62.85,61.91,62.21,0
19660603,62.22,62.65,61.84,62.29,0
19660606,62.31,62.47,61.56,61.84,0
19660607,61.85,61.94,61.01,61.43,0
19660608,61.44,61.88,61.06,61.51,0
19660609,61.53,62.29,61.26,61.94,0
19660610,61.95,63.02,61.82,62.63,0
19660613,62.65,63.48,62.47,62.93,0
19660614,62.94,63.48,62.35,63.12,0
19660615,63.13,63.62,62.59,62.88,0
19660616,62.90,63.22,62.28,62.71,0
19660617,62.72,63.18,62.30,62.75,0
19660620,62.76,63.14,62.28,62.74,0
19660621,62.75,63.33,62.46,62.92,0
19660622,62.93,63.42,62.53,63.03,0
19660623,63.05,63.69,62.51,62.79,0
19660624,62.81,63.40,62.21,62.87,0
19660627,62.88,63.41,62.29,62.52,0
19660628,62.53,62.78,61.74,62.23,0
19660629,62.24,62.47,61.41,61.66,0
19660630,61.67,62.04,60.86,61.58,0
19660701,61.59,62.57,61.59,62.23,0
19660705,62.24,62.82,61.86,62.39,0
19660706,62.40,63.54,62.22,63.31,0
19660707,63.32,64.02,63.03,63.55,0
19660708,63.56,64.05,63.18,63.73,0
19660711,63.75,64.17,63.28,63.63,0
19660712,63.64,63.88,62.91,63.23,0
19660713,63.24,63.37,62.48,62.82,0
19660714,62.83,63.59,62.50,63.21,0
19660715,63.22,63.85,62.95,63.41,0
19660718,63.43,63.80,62.95,63.36,0
19660719,63.37,63.51,62.47,62.89,0
19660720,62.91,63.13,62.13,62.31,0
19660721,62.32,62.85,61.78,62.33,0
19660722,62.34,62.77,61.91,62.26,0
19660725,62.27,62.39,60.93,61.12,0
19660726,61.14,61.75,60.57,61.04,0
19660727,61.05,61.88,60.91,61.34,0
19660728,61.36,61.84,60.88,61.12,0
19660729,61.13,61.52,60.64,61.01,0
19660801,60.95,60.95,59.84,60.08,0
19660802,60.09,60.62,59.70,60.10,0
19660803,60.12,61.12,60.09,60.72,0
19660804,60.73,61.74,60.67,61.30,0
19660805,61.31,61.87,60.95,61.36,0
19660808,61.38,61.60,60.62,61.19,0
19660809,61.20,61.65,60.69,61.02,0
19660810,61.03,61.28,60.44,60.75,0
19660811,60.76,61.07,60.20,60.70,0
19660812,60.71,61.34,60.38,60.82,0
19660815,60.83,61.21,60.26,60.52,0
19660816,60.51,60.51,59.45,59.72,0
19660817,59.73,59.93,58.93,59.40,0
19660818,59.41,59.56,58.26,58.67,0
19660819,58.68,59.13,58.01,58.28,0
19660822,58.30,58.49,56.80,57.29,0
19660823,57.30,58.03,56.43,57.20,0
19660824,57.22,58.33,57.08,57.92,0
19660825,57.93,58.46,57.00,57.19,0
19660826,57.05,57.05,55.77,55.99,0
19660829,55.88,55.88,54.37,54.63,0
19660830,54.64,56.05,54.18,55.61,0
19660831,55.71,57.24,55.71,56.53,0
19660901,56.55,57.57,56.22,56.99,0
19660902,57.00,57.37,55.95,56.79,0
19660906,56.80,57.35,56.17,56.47,0
19660907,56.48,56.70,55.61,56.05,0
19660908,56.06,56.48,55.08,55.82,0
19660909,55.84,56.49,55.38,56.01,0
19660912,56.16,57.53,56.16,57.21,0
19660913,57.23,58.14,57.04,57.53,0
19660914,57.54,58.35,57.10,58.13,0
19660915,58.15,59.23,57.95,58.84,0
19660916,58.86,59.39,58.30,58.79,0
19660919,58.80,59.18,58.09,58.51,0
19660920,58.52,58.75,57.77,58.12,0
19660921,58.13,58.21,57.01,57.15,0
19660922,57.16,57.68,56.50,57.33,0
19660923,57.34,57.70,56.76,57.15,0
19660926,57.16,57.65,56.58,57.30,0
19660927,57.31,58.22,57.09,57.49,0
19660928,57.50,57.69,56.47,56.77,0
19660929,56.78,56.91,55.85,56.19,0
19660930,56.20,56.78,55.57,56.39,0
19661003,56.40,56.71,55.04,55.18,0
19661004,55.19,55.82,54.46,55.34,0
19661005,55.35,56.09,54.77,55.05,0
19661006,55.06,55.35,54.16,54.59,0
19661007,54.60,55.05,53.65,53.97,0
19661010,53.98,55.29,53.30,54.96,0
19661011,54.97,56.21,54.74,55.25,0
19661012,55.27,57.00,54.87,56.84,0
19661013,56.85,57.89,56.24,56.74,0
19661014,56.75,57.42,56.10,56.54,0
19661017,56.55,57.88,56.46,57.19,0
19661018,57.20,58.39,57.11,58.10,0
19661019,58.11,58.60,57.27,57.64,0
19661020,57.66,58.33,57.07,57.50,0
19661021,57.51,58.09,57.01,57.77,0
19661024,57.78,58.53,57.44,57.95,0
19661025,57.97,58.56,57.33,58.32,0
19661026,58.33,59.36,58.19,58.84,0
19661027,58.85,59.69,58.63,59.33,0
19661028,59.34,59.84,58.79,59.35,0
19661031,59.36,59.79,58.70,59.33,0
19661101,59.34,60.07,59.04,59.80,0
19661102,59.81,60.45,59.43,59.86,0
19661103,59.87,60.22,59.21,59.64,0
19661104,59.65,60.13,58.97,59.83,0
19661107,59.85,60.34,59.37,59.79,0
19661109,59.80,60.67,59.60,60.28,0
19661110,60.29,61.07,60.01,60.67,0
19661111,60.69,61.03,60.23,60.72,0
19661114,60.73,60.91,59.90,60.31,0
19661115,60.33,60.84,59.92,60.56,0
19661116,60.58,61.55,60.47,61.08,0
19661117,61.09,61.41,60.26,60.67,0
19661118,60.68,60.87,59.93,60.28,0
19661121,60.17,60.17,59.00,59.43,0
19661122,59.44,59.61,58.55,59.13,0
19661123,59.14,60.02,58.93,59.54,0
19661125,59.55,60.41,59.27,60.03,0
19661128,60.04,60.44,59.38,59.94,0
19661129,59.95,60.28,59.38,59.73,0
19661130,59.75,60.10,59.15,59.77,0
19661201,59.78,60.22,59.20,59.51,0
19661202,59.52,60.42,59.08,59.56,0
19661205,59.57,60.08,59.18,59.65,0
19661206,59.66,60.45,59.45,60.11,0
19661207,60.12,61.13,59.94,60.78,0
19661208,60.79,61.54,60.51,61.04,0
19661209,61.05,61.52,60.51,61.12,0
19661212,61.13,62.17,60.98,61.77,0
19661213,61.78,62.44,61.25,61.58,0
19661214,61.60,62.06,61.03,61.53,0
19661215,61.54,61.73,60.47,60.80,0
19661216,60.81,61.23,60.29,60.77,0
19661219,60.78,61.14,60.02,60.55,0
19661220,60.56,60.87,59.84,60.33,0
19661221,60.34,61.05,59.94,60.66,0
19661222,60.67,61.38,60.38,60.90,0
19661223,60.91,61.31,60.38,60.75,0
19661227,60.76,61.04,60.08,60.41,0
19661228,60.42,60.92,59.89,60.13,0
19661229,60.15,60.50,59.57,59.97,0
19661230,59.98,60.55,59.45,59.95,0
19670103,59.97,60.93,59.42,60.01,0
19670104,60.03,60.50,59.32,60.16,0
19670105,60.18,61.21,60.14,60.96,0
19670106,60.99,61.88,60.78,61.42,0
19670109,61.44,62.29,61.14,61.91,0
19670110,61.94,62.48,61.49,61.94,0
19670111,61.96,62.79,60.88,62.45,0
19670112,62.47,63.47,62.20,62.80,0
19670113,62.83,63.57,62.22,63.29,0
19670116,63.31,63.88,62.71,63.15,0
19670117,63.17,64.30,62.96,63.87,0
19670118,63.89,64.73,63.64,64.30,0
19670119,64.33,64.94,63.86,64.35,0
19670120,64.37,64.86,63.81,64.56,0
19670123,64.58,66.16,64.26,64.82,0
19670124,64.85,65.31,64.02,64.94,0
19670125,64.96,65.34,64.18,64.47,0
19670126,64.49,65.10,63.75,64.46,0
19670127,64.48,65.20,64.13,64.75,0
19670130,64.77,65.66,64.53,65.14,0
19670131,65.17,65.77,64.72,65.13,0
19670201,65.16,65.48,64.46,65.02,0
19670202,65.04,65.71,64.62,65.27,0
19670203,65.29,66.23,65.13,65.77,0
19670206,65.79,66.26,65.23,65.66,0
19670207,65.68,65.94,65.15,65.51,0
19670208,65.53,66.51,65.30,66.11,0
19670209,66.14,66.78,65.58,65.86,0
19670210,65.89,66.51,65.46,66.09,0
19670213,66.11,66.54,65.60,66.08,0
19670214,66.10,66.98,65.78,66.55,0
19670215,66.57,67.20,66.16,66.65,0
19670216,66.67,67.07,66.04,66.36,0
19670217,66.39,66.79,65.92,66.41,0
19670220,66.43,66.61,65.50,66.06,0
19670221,66.09,66.55,65.63,66.04,0
19670223,66.07,66.56,65.54,66.15,0
19670224,66.17,66.71,65.65,66.14,0
19670227,66.17,66.32,64.86,65.45,0
19670228,65.47,66.08,64.83,65.72,0
19670301,65.74,66.94,65.66,66.42,0
19670302,66.44,67.33,66.22,66.81,0
19670303,66.83,67.47,66.34,66.93,0
19670306,66.96,67.56,66.33,66.81,0
19670307,66.84,67.32,66.26,66.88,0
19670308,66.91,67.62,66.55,66.99,0
19670309,67.02,67.60,66.58,67.21,0
19670310,67.24,68.64,67.18,67.51,0
19670313,67.54,67.93,66.81,67.19,0
19670314,67.21,67.70,66.56,67.15,0
19670315,67.17,68.12,66.91,67.81,0
19670316,67.84,68.96,67.76,68.52,0
19670317,68.55,69.12,68.02,68.67,0
19670320,68.70,69.17,68.01,68.66,0
19670321,68.68,69.33,68.17,68.53,0
19670322,68.56,69.09,67.92,68.75,0
19670323,68.77,69.73,68.61,69.30,0
19670327,69.32,69.92,68.75,69.27,0
19670328,69.30,69.87,68.81,69.33,0
19670329,69.35,69.76,68.79,69.21,0
19670330,69.24,69.69,68.73,69.22,0
19670331,69.24,69.59,68.52,68.86,0
19670403,68.89,69.02,67.79,68.15,0
19670404,68.18,68.71,67.58,68.16,0
19670405,68.19,69.02,67.96,68.62,0
19670406,68.65,69.38,68.38,68.76,0
19670407,68.79,69.30,68.04,68.35,0
19670410,68.34,68.34,67.22,67.52,0
19670411,67.54,68.38,67.30,68.03,0
19670412,68.06,68.56,67.66,67.98,0
19670413,68.00,68.83,67.78,68.53,0
19670414,68.55,69.79,68.40,69.29,0
19670417,69.32,70.35,69.13,69.81,0
19670418,69.84,70.79,69.55,70.44,0
19670419,70.47,71.14,70.00,70.53,0
19670420,70.56,71.07,70.00,70.69,0
19670421,70.71,71.32,70.23,70.86,0
19670424,70.88,71.77,70.48,71.13,0
19670425,71.16,71.89,70.69,71.53,0
19670426,71.56,72.24,71.05,71.49,0
19670427,71.52,72.46,71.05,72.12,0
19670428,72.15,72.89,71.78,72.31,0
19670501,72.33,72.79,71.62,72.20,0
19670502,72.23,72.67,71.63,72.10,0
19670503,72.12,72.75,71.56,72.31,0
19670504,72.34,73.11,71.95,72.65,0
19670505,72.68,73.31,72.16,72.77,0
19670508,72.80,73.40,72.24,72.91,0
19670509,72.93,73.45,71.93,72.18,0
19670510,72.20,72.55,71.36,72.01,0
19670511,72.04,72.83,71.69,72.35,0
19670512,72.38,72.92,71.75,72.17,0
19670515,72.19,72.40,71.26,71.60,0
19670516,71.63,72.51,71.22,71.96,0
19670517,71.98,72.46,71.37,71.71,0
19670518,71.73,72.14,71.11,71.54,0
19670519,71.57,71.82,70.69,71.21,0
19670522,71.24,71.49,70.28,70.93,0
19670523,70.96,71.27,70.11,70.61,0
19670524,70.64,70.74,69.44,69.83,0
19670525,69.86,71.14,69.75,70.64,0
19670526,70.66,71.06,70.00,70.50,0
19670529,70.53,70.71,69.71,70.15,0
19670531,70.10,70.10,68.79,69.08,0
19670601,69.11,70.41,68.90,70.00,0
19670602,70.03,70.55,69.28,69.68,0
19670605,69.53,69.53,67.69,68.65,0
19670606,68.72,70.36,68.72,70.08,0
19670607,70.10,71.28,69.86,70.63,0
19670608,70.66,71.33,70.14,71.04,0
19670609,71.07,71.74,70.58,71.19,0
19670612,71.22,72.07,70.88,71.59,0
19670613,71.62,72.58,71.31,72.07,0
19670614,72.10,72.56,71.47,71.93,0
19670615,71.95,72.62,71.45,72.02,0
19670616,72.05,72.67,71.65,72.09,0
19670619,72.09,72.09,72.09,72.09,0
19670620,72.10,72.10,72.10,72.10,0
19670621,71.91,71.91,71.91,71.91,0
19670622,71.75,71.75,71.75,71.75,0
19670623,71.80,71.80,71.80,71.80,0
19670626,71.55,71.55,71.55,71.55,0
19670627,71.31,71.31,71.31,71.31,0
19670628,71.35,71.35,71.35,71.35,0
19670629,71.01,71.01,71.01,71.01,0
19670630,70.88,70.88,70.88,70.88,0
19670703,70.90,71.44,70.50,71.11,0
19670705,71.14,71.92,70.87,71.49,0
19670706,71.52,72.05,70.96,71.49,0
19670707,71.52,72.27,71.08,71.81,0
19670710,71.83,72.70,71.38,72.12,0
19670711,72.14,73.01,71.78,72.48,0
19670712,72.51,72.99,71.83,72.45,0
19670713,72.47,73.08,72.02,72.49,0
19670714,72.52,73.25,72.08,72.77,0
19670717,72.80,73.42,72.29,72.80,0
19670718,72.83,73.85,72.48,73.42,0
19670719,73.45,74.16,72.92,73.56,0
19670720,73.59,74.25,73.09,73.75,0
19670721,73.78,74.62,73.30,73.93,0
19670724,73.96,74.46,73.07,73.71,0
19670725,73.74,74.39,73.19,73.36,0
19670726,73.38,74.54,73.29,74.03,0
19670727,74.06,74.95,73.62,74.28,0
19670728,74.31,75.01,73.86,74.42,0
19670731,74.45,75.26,74.07,74.66,0
19670801,74.69,75.55,74.25,75.17,0
19670802,75.20,76.20,74.94,75.53,0
19670803,75.56,76.01,74.48,75.46,0
19670804,75.49,76.18,75.09,75.62,0
19670807,75.65,76.13,75.01,75.45,0
19670808,75.48,76.04,75.06,75.57,0
19670809,75.60,76.22,75.14,75.67,0
19670810,75.70,76.40,75.12,75.50,0
19670811,75.53,75.89,74.81,75.23,0
19670814,75.26,75.46,74.37,74.86,0
19670815,74.89,75.60,74.52,74.99,0
19670816,75.02,75.32,74.35,74.84,0
19670817,74.87,75.49,74.52,74.94,0
19670818,74.96,75.57,74.59,75.08,0
19670821,75.11,75.46,74.33,74.69,0
19670822,74.72,75.09,74.01,74.32,0
19670823,74.34,74.67,73.58,74.24,0
19670824,74.27,74.80,73.60,73.86,0
19670825,73.89,74.12,73.05,73.58,0
19670828,73.61,74.09,73.06,73.56,0
19670829,73.58,74.33,73.21,73.78,0
19670830,73.80,74.43,73.45,73.95,0
19670831,73.98,74.87,73.80,74.44,0
19670901,74.47,74.92,73.96,74.50,0
19670905,74.53,75.34,74.27,74.95,0
19670906,74.98,75.65,74.59,75.12,0
19670907,75.15,75.59,74.60,75.10,0
19670908,75.13,75.70,74.63,75.15,0
19670911,75.18,75.90,74.80,75.33,0
19670912,75.36,76.11,74.93,75.72,0
19670913,75.74,77.04,75.59,76.54,0
19670914,76.57,77.70,76.25,76.74,0
19670915,76.77,77.36,76.19,76.82,0
19670918,76.85,77.68,76.42,77.06,0
19670919,77.09,77.75,76.54,76.80,0
19670920,76.83,77.37,76.21,76.80,0
19670921,76.83,77.93,76.46,77.33,0
19670922,77.36,78.04,76.84,77.56,0
19670925,77.59,78.63,77.38,78.06,0
19670926,78.09,78.58,77.14,77.42,0
19670927,77.45,78.08,76.85,77.48,0
19670928,77.51,78.15,77.03,77.51,0
19670929,77.54,78.00,76.95,77.47,0
19671002,77.50,77.94,76.79,77.19,0
19671003,77.22,77.95,76.77,77.49,0
19671004,77.52,78.17,76.95,77.34,0
19671005,77.37,78.03,76.94,77.56,0
19671006,77.59,78.53,77.33,78.07,0
19671009,78.10,78.89,77.65,78.30,0
19671010,78.33,78.84,77.42,77.79,0
19671011,77.82,78.22,76.91,77.44,0
19671012,77.47,77.74,76.63,76.97,0
19671013,77.00,77.76,76.53,77.21,0
19671016,77.24,77.68,76.31,76.63,0
19671017,76.66,77.20,75.81,76.46,0
19671018,76.49,77.15,75.96,76.69,0
19671019,76.72,77.70,76.41,76.87,0
19671020,76.90,77.45,76.25,76.86,0
19671023,76.89,77.14,75.71,76.55,0
19671024,76.58,77.40,75.84,76.14,0
19671025,76.17,76.79,75.41,76.25,0
19671026,76.28,77.12,75.86,76.62,0
19671027,76.65,77.34,76.14,76.67,0
19671030,76.70,77.27,76.04,76.56,0
19671031,76.59,76.96,75.38,75.39,0
19671101,75.42,76.15,74.73,74.94,0
19671102,74.97,75.76,74.27,74.67,0
19671103,74.70,75.15,73.88,74.25,0
19671106,74.28,74.64,73.15,74.03,0
19671108,74.06,75.35,73.51,73.79,0
19671109,73.82,74.72,73.39,74.18,0
19671110,74.21,75.22,73.97,74.71,0
19671113,74.74,75.57,74.13,74.55,0
19671114,74.58,75.00,73.64,74.11,0
19671115,74.14,74.83,73.36,74.44,0
19671116,74.46,75.70,74.25,75.15,0
19671117,75.18,76.00,74.70,75.35,0
19671120,75.03,75.03,73.17,74.43,0
19671121,74.46,76.14,74.45,75.64,0
19671122,75.67,76.74,75.35,76.12,0
19671124,76.15,76.81,75.41,76.35,0
19671127,76.38,77.11,75.91,76.60,0
19671128,76.63,77.37,76.14,76.89,0
19671129,76.92,77.75,76.40,76.91,0
19671130,76.94,77.32,76.14,76.55,0
19671201,76.58,77.36,76.10,76.99,0
19671204,77.02,77.98,76.69,77.51,0
19671205,77.54,78.50,77.07,77.65,0
19671206,77.68,78.44,76.76,78.01,0
19671207,78.04,78.88,77.55,77.95,0
19671208,77.98,78.57,77.37,77.89,0
19671211,77.92,78.39,77.17,77.68,0
19671212,77.71,78.25,77.07,77.62,0
19671213,77.65,78.46,77.30,77.92,0
19671214,77.95,78.78,77.55,78.06,0
19671215,78.09,78.69,77.31,77.73,0
19671218,77.76,78.46,77.06,77.55,0
19671219,77.58,78.10,76.95,77.46,0
19671220,77.50,78.41,77.12,77.92,0
19671221,77.95,78.85,77.58,78.14,0
19671222,78.17,78.77,77.54,78.02,0
19671226,78.06,78.73,77.57,78.10,0
19671227,78.14,79.09,77.77,78.67,0
19671228,78.70,79.31,77.88,78.68,0
19671229,78.72,79.54,78.68,79.19,0
19680102,79.22,79.93,78.27,78.92,0
19680103,78.95,79.64,78.08,78.59,0
19680104,78.62,79.08,77.50,78.37,0
19680105,78.40,79.47,78.08,78.87,0
19680108,78.90,80.10,78.57,79.46,0
19680109,79.49,80.50,78.89,79.39,0
19680110,79.42,80.05,78.73,79.44,0
19680111,79.47,80.54,78.94,79.55,0
19680112,79.58,80.26,78.96,79.66,0
19680115,79.69,80.30,78.98,79.45,0
19680116,79.47,79.88,78.57,78.98,0
19680117,79.01,79.50,78.15,78.86,0
19680118,78.89,79.73,78.37,78.83,0
19680119,78.86,79.40,78.06,78.59,0
19680122,78.62,78.75,77.22,77.62,0
19680123,77.65,78.17,76.70,77.34,0
19680124,77.37,77.75,76.37,76.97,0
19680125,77.00,77.78,76.00,77.11,0
19680126,77.13,77.99,76.70,77.26,0
19680129,77.29,78.06,76.67,77.20,0
19680130,77.23,77.53,76.27,76.85,0
19680131,76.88,77.19,75.54,76.34,0
19680201,76.37,77.12,75.82,76.64,0
19680202,76.67,77.39,75.95,76.43,0
19680205,76.45,76.83,75.60,76.12,0
19680206,76.15,76.69,75.56,76.18,0
19680207,76.20,76.90,75.86,76.34,0
19680208,76.37,76.65,75.16,75.40,0
19680209,75.43,75.52,74.05,74.57,0
19680213,74.60,75.10,72.00,73.94,0
19680214,73.97,75.24,73.63,74.86,0
19680215,75.02,75.02,75.02,75.02,0
19680216,75.05,75.31,74.20,74.77,0
19680219,74.79,75.55,74.34,75.08,0
19680220,75.11,75.97,74.81,75.89,0
19680221,75.92,76.44,75.33,75.92,0
19680223,75.94,76.41,75.14,75.65,0
19680226,75.68,75.84,74.67,75.09,0
19680227,75.12,75.73,74.60,75.41,0
19680228,75.44,75.99,74.75,75.06,0
19680229,75.09,75.22,74.13,74.49,0
19680301,74.52,74.90,73.87,74.31,0
19680304,74.34,74.52,73.01,73.35,0
19680305,73.37,74.04,72.60,73.21,0
19680306,73.23,74.94,73.17,74.52,0
19680307,74.55,75.15,73.86,74.42,0
19680308,74.44,74.84,73.72,74.39,0
19680311,74.41,75.69,74.23,75.33,0
19680312,75.36,75.91,74.74,75.44,0
19680313,75.47,75.88,74.78,75.31,0
19680314,75.10,75.10,73.48,73.90,0
19680315,73.93,75.13,73.34,74.58,0
19680318,74.62,76.28,74.62,75.02,0
19680319,75.05,75.44,74.23,74.55,0
19680320,74.58,75.13,74.15,74.57,0
19680321,74.60,75.02,73.82,74.05,0
19680322,74.08,74.76,73.39,74.16,0
19680325,74.19,74.57,73.54,74.11,0
19680326,74.14,75.12,73.94,74.64,0
19680327,74.67,75.74,74.63,75.28,0
19680328,75.31,75.93,74.80,75.23,0
19680329,75.26,76.40,74.96,75.79,0
19680401,76.59,78.64,76.59,77.74,0
19680402,77.77,78.58,76.85,77.90,0
19680403,77.93,80.03,77.60,78.63,0
19680404,78.66,79.60,77.95,78.97,0
19680405,79.00,79.57,78.02,78.54,0
19680408,78.57,80.39,78.42,79.97,0
19680410,80.00,81.82,79.82,80.61,0
19680411,80.64,81.70,79.91,81.36,0
19680415,81.39,82.09,80.38,81.44,0
19680416,81.47,82.28,80.74,81.50,0
19680417,81.53,82.19,80.80,81.69,0
19680418,81.72,82.63,81.14,81.95,0
19680419,81.98,81.98,80.35,80.94,0
19680422,80.97,81.16,79.60,80.53,0
19680423,80.86,82.38,80.86,81.66,0
19680424,81.69,82.69,81.14,81.94,0
19680425,81.97,82.44,80.92,81.72,0
19680426,81.75,82.77,81.41,82.25,0
19680429,82.28,83.46,81.94,82.92,0
19680430,82.95,83.12,81.78,82.52,0
19680501,82.55,83.53,82.03,82.99,0
19680502,83.02,84.04,82.64,83.54,0
19680503,83.58,84.93,83.06,83.64,0
19680506,83.67,84.05,82.49,83.40,0
19680507,83.44,84.49,83.02,83.90,0
19680508,83.94,84.65,83.38,83.94,0
19680509,83.98,84.45,82.93,83.53,0
19680510,83.57,84.34,83.03,83.66,0
19680513,83.69,84.20,82.86,83.43,0
19680514,83.46,84.02,82.73,83.40,0
19680515,83.43,84.00,82.75,83.39,0
19680516,83.42,83.95,82.56,83.02,0
19680517,83.06,83.23,81.79,82.46,0
19680520,82.49,82.93,81.56,82.11,0
19680521,82.14,83.05,81.69,82.55,0
19680522,82.58,83.64,82.19,82.79,0
19680523,82.83,83.35,82.14,82.65,0
19680524,82.68,83.33,82.03,82.83,0
19680527,82.86,83.43,82.13,82.73,0
19680528,82.76,83.79,82.27,83.30,0
19680529,83.33,84.29,82.81,83.59,0
19680531,83.62,84.88,83.40,84.27,0
19680603,84.33,85.96,84.33,85.42,0
19680604,85.45,86.54,84.88,85.79,0
19680605,85.82,86.46,84.86,85.40,0
19680606,85.43,86.89,85.10,86.08,0
19680607,86.12,87.18,85.77,86.65,0
19680610,86.68,87.52,85.95,86.80,0
19680611,86.83,87.68,86.26,87.05,0
19680613,87.08,88.09,86.13,86.73,0
19680614,86.77,87.25,85.68,86.66,0
19680617,86.70,87.19,85.24,85.84,0
19680618,85.87,86.69,85.27,85.75,0
19680620,85.78,87.17,85.38,87.09,0
19680621,87.12,87.19,85.66,86.39,0
19680624,86.43,87.13,85.57,86.19,0
19680625,86.23,86.84,85.28,85.96,0
19680627,86.00,86.80,85.16,85.91,0
19680628,85.94,86.50,85.02,85.60,0
19680701,85.63,86.28,84.94,85.48,0
19680702,85.51,86.54,84.82,85.80,0
19680703,85.84,87.23,85.72,86.84,0
19680708,86.88,88.47,86.72,87.77,0
19680709,87.80,88.65,87.15,88.05,0
19680711,88.08,89.32,87.38,88.22,0
19680712,88.26,88.99,87.39,88.21,0
19680715,88.25,88.95,87.47,88.18,0
19680716,88.21,88.61,87.10,87.73,0
19680718,87.76,88.58,86.72,87.54,0
19680719,87.57,87.90,86.16,86.73,0
19680722,86.76,87.12,85.08,85.79,0
19680723,85.82,86.34,84.58,85.72,0
19680725,85.75,86.49,84.21,84.65,0
19680726,84.69,85.72,84.06,85.03,0
19680729,85.06,85.44,83.81,84.47,0
19680730,84.50,85.34,83.80,84.58,0
19680801,84.61,85.55,83.78,84.21,0
19680802,84.25,84.41,82.96,83.68,0
19680805,83.72,84.48,83.13,83.91,0
19680806,83.94,84.78,83.57,84.29,0
19680808,84.32,85.25,83.74,84.14,0
19680809,84.17,84.62,83.36,84.14,0
19680812,84.18,85.46,83.93,85.05,0
19680813,85.08,86.11,84.79,85.53,0
19680815,85.56,86.28,84.65,85.17,0
19680816,85.20,86.19,84.81,85.73,0
19680819,85.76,86.60,85.31,86.04,0
19680820,86.07,86.64,85.27,86.04,0
19680822,86.07,86.61,84.99,85.85,0
19680823,85.88,86.64,85.02,85.87,0
19680826,85.91,86.76,85.56,86.12,0
19680827,86.16,86.74,85.48,86.05,0
19680829,86.08,86.67,85.29,86.02,0
19680830,86.05,86.73,85.58,86.16,0
19680903,86.19,87.09,85.71,86.59,0
19680904,86.63,87.65,86.30,87.24,0
19680905,87.27,88.42,86.93,87.90,0
19680906,87.93,88.93,87.49,88.33,0
19680909,88.37,89.15,87.73,88.40,0
19680910,88.43,88.94,87.46,88.00,0
19680912,88.03,88.61,87.13,87.85,0
19680913,87.88,88.76,87.33,88.18,0
19680916,88.21,89.22,87.75,88.55,0
19680917,88.58,89.40,88.06,88.81,0
19680919,88.84,89.75,88.27,88.92,0
19680920,88.96,89.64,88.28,89.02,0
19680923,89.05,90.07,88.65,89.56,0
19680924,89.60,90.45,89.03,89.91,0
19680926,89.94,90.85,89.06,89.74,0
19680927,89.77,90.40,88.90,89.73,0
19680930,89.77,90.63,89.24,90.08,0
19681001,90.12,90.92,89.35,90.28,0
19681003,90.32,91.44,89.86,90.64,0
19681004,90.67,91.67,90.17,91.10,0
19681007,91.14,91.75,90.45,91.13,0
19681008,91.17,91.83,90.41,91.20,0
19681010,91.24,91.73,90.25,90.84,0
19681011,90.88,91.42,90.09,90.78,0
19681014,90.82,91.57,90.20,90.94,0
19681015,90.98,91.80,90.40,91.16,0
19681017,91.45,92.50,91.45,91.62,0
19681018,91.66,92.83,91.25,92.37,0
19681021,92.41,93.26,91.77,92.56,0
19681022,92.60,93.03,91.58,92.23,0
19681024,92.26,92.78,91.01,91.62,0
19681025,91.66,92.51,91.04,91.97,0
19681028,92.01,92.62,91.09,91.75,0
19681029,91.78,92.31,90.68,91.25,0
19681031,91.29,92.41,90.52,91.39,0
19681101,91.42,92.21,90.49,91.11,0
19681104,91.15,91.71,90.08,91.19,0
19681106,91.22,92.38,90.65,91.37,0
19681107,91.41,92.47,90.56,91.61,0
19681108,91.65,92.61,91.17,92.05,0
19681112,92.08,93.26,91.69,92.68,0
19681113,92.72,93.73,92.24,93.17,0
19681114,93.20,93.98,92.50,93.27,0
19681115,93.30,94.40,92.78,93.82,0
19681118,93.86,94.71,93.21,93.98,0
19681119,94.02,94.83,93.25,94.21,0
19681121,94.25,94.81,93.11,94.10,0
19681122,94.14,94.96,93.46,94.43,0
19681125,94.47,95.35,93.73,94.63,0
19681126,94.67,95.96,94.34,95.36,0
19681127,95.40,96.55,94.80,95.84,0
19681129,95.88,97.07,95.49,96.43,0
19681202,96.47,97.36,95.38,96.24,0
19681203,96.28,96.83,95.30,96.19,0
19681205,96.23,97.02,95.06,95.92,0
19681206,95.96,97.06,95.23,96.19,0
19681209,96.23,96.98,95.30,95.99,0
19681210,96.03,96.62,95.15,95.79,0
19681212,95.83,96.75,94.88,95.76,0
19681213,95.80,96.86,95.12,96.03,0
19681216,96.07,96.80,95.02,95.64,0
19681217,95.68,96.17,94.57,95.29,0
19681219,95.33,96.23,93.93,95.61,0
19681220,95.64,96.55,94.53,95.08,0
19681223,95.12,95.42,93.57,94.11,0
19681224,94.15,94.81,93.39,93.99,0
19681226,94.03,94.92,93.36,94.13,0
19681227,94.17,94.81,93.32,93.80,0
19681230,93.84,94.06,92.36,93.00,0
19681231,93.04,93.76,92.30,93.09,0
19690102,93.13,94.01,92.54,93.19,0
19690103,93.22,94.07,92.54,93.28,0
19690106,93.31,93.65,91.47,91.95,0
19690107,91.99,92.17,89.90,90.86,0
19690108,90.90,91.71,89.93,90.52,0
19690109,90.56,91.72,90.15,90.94,0
19690110,90.97,91.80,90.16,90.71,0
19690113,90.75,91.12,86.88,90.31,0
19690114,90.34,91.41,89.08,90.96,0
19690115,91.00,92.21,90.68,91.44,0
19690116,91.47,92.94,91.16,91.98,0
19690117,92.01,92.81,91.24,91.88,0
19690120,91.91,92.43,90.98,91.61,0
19690121,91.64,92.28,90.91,91.59,0
19690122,91.62,92.45,91.11,91.94,0
19690123,91.98,93.08,91.61,92.38,0
19690124,92.42,93.14,91.77,92.37,0
19690127,92.41,93.10,91.74,92.43,0
19690128,92.46,93.28,91.70,92.47,0
19690129,92.51,93.32,91.86,92.60,0
19690130,92.64,93.38,91.93,92.67,0
19690131,92.71,93.69,92.28,93.12,0
19690203,93.16,93.83,92.28,93.05,0
19690204,93.09,93.72,92.42,93.11,0
19690205,93.15,93.98,92.55,93.41,0
19690206,93.44,94.44,92.85,93.75,0
19690207,93.79,94.40,92.84,93.78,0
19690211,93.81,94.79,93.30,93.92,0
19690212,93.96,94.58,93.35,93.94,0
19690213,93.98,94.64,93.28,94.05,0
19690214,94.09,94.69,93.33,94.00,0
19690217,94.03,94.42,92.61,92.97,0
19690218,92.86,92.86,91.32,92.06,0
19690219,92.10,92.71,91.10,91.42,0
19690220,91.46,91.80,90.22,90.67,0
19690224,90.71,90.96,89.17,89.63,0
19690225,89.66,90.62,88.66,89.10,0
19690226,89.14,90.15,88.57,89.56,0
19690227,89.60,90.10,88.73,89.32,0
19690228,89.35,90.15,88.80,89.34,0
19690303,89.38,90.24,88.90,89.61,0
19690304,89.64,90.90,89.45,90.50,0
19690305,90.53,91.59,90.19,90.89,0
19690306,90.92,91.12,89.47,90.00,0
19690307,90.04,90.43,88.78,89.99,0
19690310,90.03,90.78,89.32,90.34,0
19690311,90.37,91.42,90.00,90.68,0
19690312,90.71,91.21,89.83,90.47,0
19690313,90.50,90.78,89.38,89.90,0
19690314,89.93,90.22,89.03,89.58,0
19690317,89.61,90.26,88.75,89.84,0
19690318,89.88,90.94,89.49,90.10,0
19690319,90.13,91.24,89.71,90.79,0
19690320,90.83,91.91,90.54,91.40,0
19690321,91.44,91.92,90.56,91.25,0
19690324,91.28,91.77,90.57,91.17,0
19690325,91.20,91.93,90.63,91.35,0
19690326,91.38,92.48,91.00,92.05,0
19690327,92.09,93.39,91.76,92.74,0
19690328,92.78,93.92,92.44,93.15,0
19690401,93.19,94.05,92.58,93.11,0
19690402,93.15,93.36,92.40,92.56,0
19690403,92.59,93.07,91.76,92.50,0
19690407,92.49,92.49,91.07,91.81,0
19690408,91.85,93.12,91.35,92.08,0
19690409,92.12,93.31,91.88,92.93,0
19690410,92.96,94.07,92.70,93.45,0
19690411,93.49,94.16,92.95,93.58,0
19690414,93.62,94.31,93.04,93.54,0
19690415,93.58,94.12,92.83,93.54,0
19690416,93.58,93.81,92.32,92.75,0
19690417,92.79,93.51,92.20,92.93,0
19690418,92.97,94.17,92.52,93.39,0
19690421,93.43,93.83,92.38,92.80,0
19690422,92.84,93.51,91.88,93.04,0
19690423,93.08,93.99,92.50,93.09,0
19690424,93.13,94.06,92.59,93.57,0
19690425,93.60,94.55,93.18,94.02,0
19690428,94.06,94.92,93.36,94.34,0
19690429,94.38,95.57,93.90,95.08,0
19690430,95.12,96.76,94.86,95.96,0
19690501,96.00,96.83,95.11,95.83,0
19690502,95.87,96.90,95.38,96.32,0
19690505,96.36,97.36,95.88,96.70,0
19690506,96.74,97.79,96.25,97.19,0
19690507,97.23,97.91,96.28,97.06,0
19690508,97.10,98.09,96.57,97.50,0
19690509,97.53,98.38,96.84,97.49,0
19690512,97.53,98.08,96.66,97.38,0
19690513,97.42,98.36,96.88,97.84,0
19690514,97.88,99.18,97.62,98.64,0
19690515,98.68,99.17,97.67,98.39,0
19690516,98.43,99.12,97.81,98.51,0
19690519,98.55,98.75,97.23,97.65,0
19690520,97.69,97.87,96.38,96.82,0
19690521,96.86,97.78,96.24,97.26,0
19690522,97.30,98.41,96.79,97.42,0
19690523,97.46,98.13,96.70,97.45,0
19690526,97.49,98.00,96.76,97.28,0
19690527,97.32,97.62,96.16,96.58,0
19690528,96.62,96.94,95.43,96.33,0
19690529,96.37,97.31,95.90,96.56,0
19690602,96.59,96.87,95.61,96.11,0
19690603,96.15,96.77,95.36,95.86,0
19690604,95.90,96.66,95.38,95.86,0
19690605,95.90,96.70,95.39,96.06,0
19690606,96.10,96.70,95.09,95.50,0
19690609,95.54,95.58,94.06,94.68,0
19690610,94.72,95.24,93.61,93.98,0
19690611,94.02,94.30,92.71,92.74,0
19690612,92.78,93.46,91.76,92.04,0
19690613,92.08,93.25,91.45,92.44,0
19690616,92.48,93.41,91.78,92.17,0
19690617,92.21,92.57,90.86,91.86,0
19690618,91.90,93.07,91.43,91.77,0
19690619,91.80,92.34,90.68,91.27,0
19690620,91.31,92.22,90.41,90.77,0
19690623,90.81,91.28,89.44,90.39,0
19690624,90.49,92.13,90.49,91.45,0
19690625,91.49,92.41,90.78,91.20,0
19690626,91.24,92.08,90.26,91.46,0
19690627,91.50,92.35,90.94,91.58,0
19690630,91.61,92.85,91.13,91.97,0
19690701,92.01,92.90,91.46,92.36,0
19690702,92.39,93.73,92.14,93.20,0
19690703,93.24,94.48,92.94,93.87,0
19690707,93.91,94.59,92.82,93.37,0
19690708,93.36,93.36,91.63,92.08,0
19690709,92.12,92.33,90.89,91.41,0
19690710,91.45,91.60,89.70,90.03,0
19690711,90.07,91.27,89.53,90.44,0
19690714,90.48,90.86,88.99,89.33,0
19690715,89.36,89.79,88.00,89.07,0
19690716,89.11,90.61,89.09,89.99,0
19690717,90.03,91.48,89.93,90.58,0
19690718,90.62,90.69,89.12,89.85,0
19690722,89.89,90.36,88.18,88.53,0
19690723,88.57,89.01,87.20,88.19,0
19690724,88.23,88.94,87.44,87.92,0
19690725,87.96,88.41,86.77,87.26,0
19690728,87.15,87.15,85.18,85.54,0
19690729,85.58,86.86,84.48,84.88,0
19690730,84.92,86.19,83.55,85.34,0
19690731,85.41,87.72,85.41,87.18,0
19690801,87.31,89.46,87.31,88.78,0
19690804,88.81,89.72,87.69,88.36,0
19690805,88.39,89.37,87.58,88.79,0
19690806,88.83,90.11,88.46,89.31,0
19690807,89.35,90.16,88.64,89.42,0
19690808,89.45,90.06,88.79,89.41,0
19690811,89.44,89.73,88.33,88.89,0
19690812,88.93,89.21,87.81,88.23,0
19690813,88.27,88.87,87.17,88.34,0
19690814,88.37,89.49,88.01,88.98,0
19690815,89.02,90.13,88.62,89.65,0
19690818,89.69,90.64,89.22,90.23,0
19690819,90.27,90.85,89.68,90.75,0
19690820,90.78,91.33,90.00,90.78,0
19690821,90.82,91.58,90.33,91.09,0
19690822,91.12,92.16,90.70,91.67,0
19690825,91.71,91.91,90.37,90.76,0
19690826,90.80,90.90,89.58,90.20,0
19690827,90.23,91.06,89.72,90.42,0
19690828,90.45,91.31,90.02,90.84,0
19690829,90.87,91.47,90.46,91.47,0
19690902,91.50,92.27,90.87,91.53,0
19690903,91.57,92.12,90.46,91.03,0
19690904,91.07,91.28,89.81,90.33,0
19690905,90.36,90.66,89.30,89.83,0
19690908,89.86,89.98,88.62,88.96,0
19690909,89.00,90.19,88.11,89.65,0
19690910,89.69,91.58,89.54,91.20,0
19690911,91.23,92.02,90.05,90.53,0
19690912,90.57,91.36,89.65,90.48,0
19690915,90.52,91.94,90.14,91.23,0
19690916,91.27,92.10,90.49,91.35,0
19690917,91.39,92.11,90.51,91.20,0
19690918,91.24,91.98,90.56,91.38,0
19690919,91.41,92.40,90.89,91.69,0
19690922,91.73,92.64,91.14,92.16,0
19690923,92.19,93.15,91.45,92.19,0
19690924,92.23,92.78,91.38,92.11,0
19690925,92.15,92.55,90.97,91.44,0
19690926,91.48,91.92,90.28,90.89,0
19690929,90.93,91.21,89.44,90.20,0
19690930,90.24,90.86,89.41,89.96,0
19691001,90.00,90.38,89.03,89.42,0
19691002,89.46,90.53,88.63,90.15,0
19691003,90.19,91.30,89.62,90.14,0
19691006,90.18,90.95,89.51,90.36,0
19691007,90.40,91.03,89.64,90.12,0
19691008,90.16,90.61,89.14,89.75,0
19691009,89.79,90.64,88.90,90.14,0
19691010,90.18,91.30,89.76,90.69,0
19691013,90.73,91.99,90.38,91.69,0
19691014,91.73,93.65,91.50,92.84,0
19691015,92.88,93.72,91.86,92.90,0
19691016,92.94,94.71,92.29,93.57,0
19691017,93.61,94.46,92.65,93.50,0
19691020,93.54,94.43,92.60,93.74,0
19691021,93.78,95.12,93.19,94.50,0
19691022,94.54,95.91,93.92,95.15,0
19691023,95.19,95.73,93.86,94.83,0
19691024,94.87,96.20,94.39,95.51,0
19691027,95.55,96.20,94.94,95.41,0
19691028,95.45,96.01,94.52,95.14,0
19691029,95.19,95.44,93.82,94.36,0
19691030,94.40,95.04,93.23,94.51,0
19691031,94.55,95.63,93.97,94.74,0
19691103,94.78,95.46,93.87,94.81,0
19691104,94.85,95.50,93.57,94.91,0
19691105,94.95,96.10,94.50,95.37,0
19691106,95.41,96.06,94.59,95.44,0
19691107,95.48,96.79,95.00,96.05,0
19691110,96.09,97.04,95.50,96.16,0
19691111,96.20,96.65,95.34,95.95,0
19691112,95.99,96.63,95.22,95.81,0
19691113,95.86,96.30,94.53,95.39,0
19691114,95.44,95.45,94.40,95.09,0
19691117,95.13,95.42,93.91,94.49,0
19691118,94.53,95.11,93.70,94.51,0
19691119,94.55,95.10,93.54,94.07,0
19691120,94.11,94.14,92.36,93.14,0
19691121,93.17,93.60,92.15,92.59,0
19691124,92.63,92.74,90.97,91.57,0
19691125,91.61,92.53,90.77,91.32,0
19691126,91.36,92.25,90.67,91.68,0
19691128,91.72,92.84,91.34,92.25,0
19691201,92.29,92.94,91.28,91.71,0
19691202,91.75,92.06,90.50,91.19,0
19691203,91.23,91.62,89.85,90.24,0
19691204,90.28,91.07,89.01,90.58,0
19691205,90.61,91.56,89.82,90.40,0
19691208,90.44,90.75,89.02,89.56,0
19691209,89.60,90.53,88.70,89.31,0
19691210,89.35,90.01,88.15,89.28,0
19691211,89.32,90.20,88.59,89.36,0
19691212,89.40,90.53,88.93,89.68,0
19691215,89.72,90.32,88.88,89.45,0
19691216,89.49,90.00,88.20,88.68,0
19691217,88.72,89.31,87.95,88.21,0
19691218,88.24,90.17,87.67,89.64,0
19691219,89.68,91.39,89.40,90.44,0
19691222,90.48,91.12,89.21,89.69,0
19691223,89.72,90.27,88.56,89.38,0
19691224,89.42,91.06,89.12,90.36,0
19691226,90.40,91.51,90.16,91.10,0
19691229,91.14,91.73,89.92,90.50,0
19691230,90.54,91.49,89.77,90.89,0
19691231,90.93,92.26,90.48,91.39,0
19700102,91.40,92.87,91.13,92.33,0
19700105,92.34,93.58,91.88,92.80,0
19700106,92.81,93.16,91.49,92.18,0
19700107,92.19,92.74,91.30,92.00,0
19700108,92.01,92.84,91.37,92.06,0
19700109,92.07,92.64,91.22,91.79,0
19700112,91.80,92.07,90.61,91.11,0
19700113,91.12,92.02,90.41,91.34,0
19700114,91.35,91.83,90.32,91.08,0
19700115,91.09,91.79,90.18,91.12,0
19700116,91.13,91.94,89.82,90.38,0
19700119,90.19,90.19,88.62,89.13,0
19700120,89.14,89.93,88.13,89.32,0
19700121,89.33,90.10,88.70,89.45,0
19700122,89.46,90.30,88.71,89.55,0
19700123,89.56,89.97,88.27,88.89,0
19700126,88.76,88.76,87.03,87.71,0
19700127,87.72,88.09,86.48,87.17,0
19700128,87.18,87.80,86.01,86.36,0
19700129,86.37,86.67,84.61,85.28,0
19700130,85.28,85.92,84.02,84.62,0
19700202,84.63,86.36,84.37,85.36,0
19700203,85.37,87.15,84.26,86.38,0
19700204,86.39,87.28,85.22,85.86,0
19700205,85.88,86.25,84.59,85.54,0
19700206,85.55,86.52,84.88,85.97,0
19700209,85.99,87.50,85.82,86.66,0
19700210,86.67,87.06,85.25,85.77,0
19700211,85.78,87.05,84.98,86.61,0
19700212,86.63,87.22,85.62,86.42,0
19700213,86.43,87.00,85.41,86.24,0
19700216,86.25,87.01,85.51,86.18,0
19700217,86.19,86.80,85.29,86.09,0
19700218,86.10,87.80,85.92,87.17,0
19700219,87.18,88.43,86.68,87.50,0
19700220,87.51,88.48,86.62,87.78,0
19700224,87.79,88.67,87.04,87.75,0
19700225,87.76,89.56,86.88,89.11,0
19700226,89.13,89.41,87.41,88.68,0
19700227,88.69,90.11,88.21,89.29,0
19700302,89.30,90.59,88.72,89.51,0
19700303,89.52,90.48,88.77,90.04,0
19700304,90.05,90.87,89.14,89.86,0
19700305,89.87,90.82,89.21,89.83,0
19700306,89.84,90.20,88.68,89.28,0
19700309,89.28,89.28,87.80,88.36,0
19700310,88.38,89.28,87.76,88.62,0
19700311,88.63,89.46,87.99,88.57,0
19700312,88.58,88.98,87.57,88.22,0
19700313,88.23,89.33,87.19,87.76,0
19700316,87.77,87.88,86.30,86.82,0
19700317,86.83,87.78,86.28,87.21,0
19700318,87.22,88.21,86.86,87.47,0
19700319,87.48,88.14,86.82,87.36,0
19700320,87.38,87.72,86.39,87.02,0
19700323,87.03,87.61,86.16,86.96,0
19700324,86.97,88.41,86.88,87.96,0
19700325,88.10,91.06,88.10,89.76,0
19700326,89.77,90.65,89.18,89.92,0
19700330,89.93,90.42,88.92,89.64,0
19700331,89.65,90.19,88.87,89.65,0
19700401,89.66,90.65,89.33,90.10,0
19700402,90.11,90.74,89.32,89.83,0
19700403,89.84,90.21,88.86,89.44,0
19700406,89.45,89.67,88.21,88.83,0
19700407,88.84,89.39,88.02,88.60,0
19700408,88.61,89.18,87.92,88.58,0
19700409,88.59,89.42,88.06,88.63,0
19700410,88.64,89.25,87.93,88.35,0
19700413,88.36,88.79,87.27,87.76,0
19700414,87.77,87.86,86.14,87.02,0
19700415,87.03,87.85,86.67,86.87,0
19700416,86.88,87.28,85.66,86.03,0
19700417,86.04,86.52,84.91,85.83,0
19700420,85.84,86.53,85.16,86.00,0
19700421,86.01,86.72,85.17,85.56,0
19700422,85.57,85.70,84.03,84.46,0
19700423,84.47,84.50,82.80,83.23,0
19700424,83.25,83.83,82.16,82.97,0
19700427,82.98,83.30,81.29,81.67,0
19700428,81.68,82.38,80.08,80.49,0
19700429,80.50,83.47,79.54,82.04,0
19700430,82.05,82.82,81.00,81.76,0
19700501,81.77,82.58,80.52,81.69,0
19700504,81.54,81.54,79.11,79.63,0
19700505,79.64,80.10,78.28,78.86,0
19700506,78.87,81.19,78.50,79.75,0
19700507,79.76,80.89,79.17,80.12,0
19700508,80.13,80.45,79.00,79.74,0
19700511,79.75,80.03,78.59,78.90,0
19700512,78.91,79.47,77.37,78.16,0
19700513,78.07,78.07,76.23,76.84,0
19700514,76.85,76.96,74.34,75.76,0
19700515,75.77,77.76,74.92,77.23,0
19700518,77.25,78.03,76.41,77.31,0
19700519,77.31,77.56,75.56,75.81,0
19700520,75.71,75.71,73.60,73.87,0
19700521,73.87,73.87,71.28,72.51,0
19700522,72.52,73.79,71.78,72.61,0
19700525,72.53,72.53,70.28,70.61,0
19700526,70.62,71.54,68.97,69.65,0
19700527,69.74,73.61,69.74,73.16,0
19700528,73.17,75.85,72.99,75.02,0
19700529,75.03,77.35,73.94,76.98,0
19700601,76.99,78.85,76.28,78.29,0
19700602,78.30,79.19,76.96,78.30,0
19700603,78.31,79.69,77.43,78.99,0
19700604,79.00,79.91,77.46,77.83,0
19700605,77.84,77.96,75.72,76.65,0
19700608,76.66,77.86,75.78,76.78,0
19700609,76.79,80.48,76.07,76.75,0
19700610,76.75,77.13,75.42,75.98,0
19700611,75.99,76.03,74.46,74.95,0
19700612,74.96,75.35,73.75,74.39,0
19700615,74.40,75.80,74.19,75.10,0
19700616,75.11,77.31,74.74,76.69,0
19700617,76.70,78.61,76.18,76.55,0
19700618,76.56,77.74,75.54,77.08,0
19700619,77.08,78.64,76.88,77.63,0
19700622,77.64,78.02,76.19,77.22,0
19700623,77.23,77.43,75.10,75.34,0
19700624,75.35,76.02,73.98,74.55,0
19700625,74.56,75.53,73.89,74.61,0
19700626,74.62,75.29,73.69,74.07,0
19700629,74.08,74.47,72.94,73.49,0
19700630,73.50,74.51,72.86,73.33,0
19700701,73.34,74.29,72.72,73.56,0
19700702,73.57,74.56,73.06,73.55,0
19700706,73.56,73.76,72.01,72.41,0
19700707,72.42,72.96,71.32,71.86,0
19700708,71.87,73.96,71.63,73.66,0
19700709,73.67,75.45,73.55,74.74,0
19700710,74.75,75.91,74.17,75.14,0
19700713,75.15,76.08,74.52,75.25,0
19700714,75.26,75.75,74.48,75.13,0
19700715,75.14,76.41,74.78,75.96,0
19700716,75.97,77.84,75.86,77.09,0
19700717,77.13,79.00,77.13,78.46,0
19700720,78.47,79.51,77.81,78.57,0
19700721,78.58,78.73,77.17,77.76,0
19700722,77.77,79.00,77.00,77.82,0
19700723,77.83,79.33,77.26,78.81,0
19700724,78.82,79.31,77.77,78.64,0
19700727,78.65,79.11,77.89,78.48,0
19700728,78.49,79.20,77.79,78.61,0
19700729,78.62,79.67,78.12,78.89,0
19700730,78.90,79.53,78.22,78.93,0
19700731,78.94,79.91,78.31,78.92,0
19700803,78.93,79.12,77.43,77.89,0
19700804,77.90,78.45,76.99,78.07,0
19700805,78.08,78.76,77.48,78.07,0
19700806,78.08,78.59,77.28,77.98,0
19700807,77.99,79.01,77.36,78.19,0
19700810,78.20,78.33,76.62,77.11,0
19700811,77.12,77.25,76.07,76.73,0
19700812,76.75,77.17,75.96,76.34,0
19700813,76.35,76.62,75.04,75.68,0
19700814,75.69,76.68,75.32,76.12,0
19700817,76.13,76.74,75.46,76.28,0
19700818,76.29,77.77,76.26,77.17,0
19700819,77.18,78.58,76.99,77.95,0
19700820,77.96,79.00,77.29,78.85,0
19700821,78.86,80.64,78.47,80.28,0
19700824,80.46,82.70,80.46,82.06,0
19700825,82.07,82.90,80.75,82.20,0
19700826,82.21,83.37,81.69,82.31,0
19700827,82.31,83.02,81.22,82.18,0
19700828,82.19,83.60,81.80,82.98,0
19700831,83.00,83.47,82.07,82.65,0
19700901,82.66,82.94,81.56,82.08,0
19700902,82.09,82.50,81.08,82.10,0
19700903,82.11,83.81,82.03,83.26,0
19700904,83.27,84.62,82.97,84.02,0
19700908,84.03,84.90,82.66,84.24,0
19700909,84.25,85.01,83.10,84.00,0
19700910,84.01,84.20,82.83,83.52,0
19700911,83.53,84.43,83.03,83.75,0
19700914,83.76,84.38,82.65,83.30,0
19700915,83.31,83.35,81.97,82.59,0
19700916,82.60,83.83,81.84,83.04,0
19700917,83.05,84.37,82.77,83.56,0
19700918,83.57,84.80,83.04,83.90,0
19700921,83.91,84.45,82.80,83.19,0
19700922,83.20,83.54,82.10,83.15,0
19700923,83.16,84.47,82.82,83.21,0
19700924,83.22,83.56,82.12,82.97,0
19700925,82.98,84.95,82.73,84.17,0
19700928,84.18,85.94,83.96,85.28,0
19700929,85.29,85.96,84.47,85.24,0
19700930,85.25,86.40,84.15,85.70,0
19701001,85.71,86.11,84.85,85.73,0
19701002,85.74,87.00,85.47,86.59,0
19701005,86.60,88.46,86.45,87.94,0
19701006,87.95,89.25,87.51,88.33,0
19701007,88.34,88.97,87.02,88.38,0
19701008,88.40,88.88,87.03,87.44,0
19701009,87.45,87.76,86.02,86.56,0
19701012,86.55,86.55,85.05,85.65,0
19701013,85.66,86.20,84.71,85.55,0
19701014,85.56,86.34,84.91,85.69,0
19701015,85.70,86.81,85.33,86.17,0
19701016,86.18,86.75,85.35,85.81,0
19701019,85.82,85.83,84.32,84.67,0
19701020,84.68,85.74,84.14,85.18,0
19701021,85.19,86.29,84.75,85.21,0
19701022,85.22,85.61,84.31,84.93,0
19701023,84.94,85.88,84.46,85.34,0
19701026,85.35,85.85,84.45,84.88,0
19701027,84.89,85.32,84.09,84.70,0
19701028,84.71,85.41,83.86,85.03,0
19701029,85.04,85.72,84.42,84.97,0
19701030,84.98,85.42,84.12,84.86,0
19701102,84.88,85.63,84.27,85.14,0
19701103,85.15,86.44,84.84,85.88,0
19701104,85.89,86.95,85.48,86.06,0
19701105,86.07,86.48,85.19,85.77,0
19701106,85.78,86.43,85.22,85.91,0
19701109,85.92,86.99,85.51,86.38,0
19701110,86.39,87.43,85.89,86.51,0
19701111,86.52,88.00,86.42,86.77,0
19701112,86.78,87.30,85.53,85.88,0
19701113,85.89,86.08,84.64,85.09,0
19701116,85.11,85.49,84.05,84.97,0
19701117,84.98,85.93,84.55,85.22,0
19701118,85.23,85.29,84.15,84.53,0
19701119,84.55,85.25,83.97,84.67,0
19701120,84.68,85.85,84.25,85.51,0
19701123,85.52,86.74,85.26,86.05,0
19701124,86.06,87.02,85.39,86.61,0
19701125,86.62,87.56,86.18,86.94,0
19701127,86.95,88.09,86.52,87.81,0
19701130,87.82,89.53,87.68,89.12,0
19701201,89.13,90.57,88.01,89.40,0
19701202,89.42,90.81,88.65,90.45,0
19701203,90.46,91.88,90.08,90.89,0
19701204,90.90,91.91,90.10,91.47,0
19701207,91.48,92.44,90.77,91.98,0
19701208,91.99,92.53,90.89,91.51,0
19701209,91.52,92.09,90.51,91.59,0
19701210,91.60,92.96,91.06,91.99,0
19701211,92.00,93.04,91.51,92.35,0
19701214,92.36,92.92,91.36,91.89,0
19701215,91.90,92.44,91.01,91.76,0
19701216,91.77,92.34,90.86,91.83,0
19701217,91.84,92.75,91.42,92.17,0
19701218,92.18,92.93,91.55,92.37,0
19701221,92.38,92.94,91.50,92.09,0
19701222,92.11,93.03,91.50,92.21,0
19701223,92.22,93.06,91.51,92.28,0
19701224,92.29,93.30,92.00,92.81,0
19701228,92.83,93.73,92.49,93.32,0
19701229,93.33,94.65,92.96,94.34,0
19701230,94.36,95.29,93.86,94.55,0
19701231,94.56,95.10,93.63,94.44,0
19710104,94.44,94.49,92.90,93.42,0
19710105,93.43,94.58,92.95,94.09,0
19710106,94.10,95.33,93.79,94.66,0
19710107,94.67,95.60,94.05,94.70,0
19710108,94.70,95.36,93.90,94.51,0
19710111,94.51,95.00,93.28,94.30,0
19710112,94.30,95.64,93.94,95.06,0
19710113,95.07,96.03,94.20,94.90,0
19710114,94.91,95.73,94.00,95.15,0
19710115,95.16,96.33,94.59,95.39,0
19710118,95.40,96.51,94.99,95.79,0
19710119,95.80,96.69,95.22,96.15,0
19710120,96.16,96.95,95.45,96.18,0
19710121,96.19,97.12,95.54,96.61,0
19710122,96.61,97.98,96.38,97.32,0
19710125,97.32,98.40,96.58,97.73,0
19710126,97.74,98.85,97.13,98.06,0
19710127,98.06,98.26,96.39,97.34,0
19710128,97.35,98.26,96.56,97.68,0
19710129,97.68,99.00,97.25,98.37,0
19710201,98.38,99.58,97.86,98.93,0
19710202,98.94,99.73,98.09,98.95,0
19710203,98.95,99.73,98.08,99.16,0
19710204,99.16,99.81,98.20,99.15,0
19710205,100.00,100.00,100.00,100.00,0
19710208,100.80,100.80,100.80,100.80,0
19710209,100.80,100.80,100.80,100.80,0
19710210,100.70,100.70,100.70,100.70,0
19710211,101.50,101.50,101.50,101.50,0
19710212,102.10,102.10,102.10,102.10,0
19710216,102.20,102.20,102.20,102.20,0
19710217,101.70,101.70,101.70,101.70,0
19710218,101.40,101.40,101.40,101.40,0
19710219,100.70,100.70,100.70,100.70,0
19710222,99.70,99.70,99.70,99.70,0
19710223,99.70,99.70,99.70,99.70,0
19710224,100.60,100.60,100.60,100.60,0
19710225,101.20,101.20,101.20,101.20,0
19710226,101.30,101.30,101.30,101.30,0
19710301,101.80,101.80,101.80,101.80,0
19710302,101.80,101.80,101.80,101.80,0
19710303,102.10,102.10,102.10,102.10,0
19710304,102.80,102.80,102.80,102.80,0
19710305,103.00,103.00,103.00,103.00,0
19710308,104.20,104.20,104.20,104.20,0
19710309,104.40,104.40,104.40,104.40,0
19710310,104.10,104.10,104.10,104.10,0
19710311,104.30,104.30,104.30,104.30,0
19710312,104.50,104.50,104.50,104.50,0
19710315,105.10,105.10,105.10,105.10,0
19710316,105.60,105.60,105.60,105.60,0
19710317,105.50,105.50,105.50,105.50,0
19710318,105.90,105.90,105.90,105.90,0
19710319,105.80,105.80,105.80,105.80,0
19710322,105.40,105.40,105.40,105.40,0
19710323,105.10,105.10,105.10,105.10,0
19710324,104.70,104.70,104.70,104.70,0
19710325,104.60,104.60,104.60,104.60,0
19710326,105.10,105.10,105.10,105.10,0
19710329,105.20,105.20,105.20,105.20,0
19710330,105.40,105.40,105.40,105.40,0
19710331,106.00,106.00,106.00,106.00,0
19710401,106.30,106.30,106.30,106.30,0
19710402,106.90,106.90,106.90,106.90,0
19710405,107.20,107.20,107.20,107.20,0
19710406,107.60,107.60,107.60,107.60,0
19710407,108.10,108.10,108.10,108.10,0
19710408,108.40,108.40,108.40,108.40,0
19710412,108.90,108.90,108.90,108.90,0
19710413,108.90,108.90,108.90,108.90,0
19710414,109.10,109.10,109.10,109.10,0
19710415,109.70,109.70,109.70,109.70,0
19710416,110.00,110.00,110.00,110.00,0
19710419,110.20,110.20,110.20,110.20,0
19710420,109.50,109.50,109.50,109.50,0
19710421,109.50,109.50,109.50,109.50,0
19710422,110.00,110.00,110.00,110.00,0
19710423,110.70,110.70,110.70,110.70,0
19710426,111.10,111.10,111.10,111.10,0
19710427,111.70,111.70,111.70,111.70,0
19710428,112.40,112.40,112.40,112.40,0
19710429,112.50,112.50,112.50,112.50,0
19710430,112.30,112.30,112.30,112.30,0
19710503,111.30,111.30,111.30,111.30,0
19710504,111.80,111.80,111.80,111.80,0
19710505,111.70,111.70,111.70,111.70,0
19710506,111.10,111.10,111.10,111.10,0
19710507,110.70,110.70,110.70,110.70,0
19710510,110.10,110.10,110.10,110.10,0
19710511,110.30,110.30,110.30,110.30,0
19710512,110.40,110.40,110.40,110.40,0
19710513,110.60,110.60,110.60,110.60,0
19710514,110.70,110.70,110.70,110.70,0
19710517,109.10,109.10,109.10,109.10,0
19710518,108.40,108.40,108.40,108.40,0
19710519,108.30,108.30,108.30,108.30,0
19710520,108.70,108.70,108.70,108.70,0
19710521,108.80,108.80,108.80,108.80,0
19710524,108.40,108.40,108.40,108.40,0
19710525,107.50,107.50,107.50,107.50,0
19710526,107.50,107.50,107.50,107.50,0
19710527,107.60,107.60,107.60,107.60,0
19710528,108.30,108.30,108.30,108.30,0
19710601,108.90,108.90,108.90,108.90,0
19710602,109.60,109.60,109.60,109.60,0
19710603,110.20,110.20,110.20,110.20,0
19710604,110.70,110.70,110.70,110.70,0
19710607,110.80,110.80,110.80,110.80,0
19710608,110.00,110.00,110.00,110.00,0
19710609,109.80,109.80,109.80,109.80,0
19710610,110.10,110.10,110.10,110.10,0
19710611,110.20,110.20,110.20,110.20,0
19710614,109.60,109.60,109.60,109.60,0
19710615,109.40,109.40,109.40,109.40,0
19710616,109.40,109.40,109.40,109.40,0
19710617,109.40,109.40,109.40,109.40,0
19710618,108.20,108.20,108.20,108.20,0
19710621,106.50,106.50,106.50,106.50,0
19710622,105.50,105.50,105.50,105.50,0
19710623,106.00,106.00,106.00,106.00,0
19710624,106.40,106.40,106.40,106.40,0
19710625,106.60,106.60,106.60,106.60,0
19710628,106.40,106.40,106.40,106.40,0
19710629,107.20,107.20,107.20,107.20,0
19710630,107.80,107.80,107.80,107.80,0
19710701,108.50,108.50,108.50,108.50,0
19710702,108.80,108.80,108.80,108.80,0
19710706,109.20,109.20,109.20,109.20,0
19710707,110.00,110.00,110.00,110.00,0
19710708,110.40,110.40,110.40,110.40,0
19710709,110.90,110.90,110.90,110.90,0
19710712,111.20,111.20,111.20,111.20,0
19710713,110.80,110.80,110.80,110.80,0
19710714,110.30,110.30,110.30,110.30,0
19710715,110.30,110.30,110.30,110.30,0
19710716,110.00,110.00,110.00,110.00,0
19710719,109.40,109.40,109.40,109.40,0
19710720,109.80,109.80,109.80,109.80,0
19710721,109.70,109.70,109.70,109.70,0
19710722,109.50,109.50,109.50,109.50,0
19710723,109.60,109.60,109.60,109.60,0
19710726,109.30,109.30,109.30,109.30,0
19710727,108.60,108.60,108.60,108.60,0
19710728,107.40,107.40,107.40,107.40,0
19710729,105.80,105.80,105.80,105.80,0
19710730,105.30,105.30,105.30,105.30,0
19710802,105.60,105.60,105.60,105.60,0
19710803,104.40,104.40,104.40,104.40,0
19710804,103.30,103.30,103.30,103.30,0
19710805,103.10,103.10,103.10,103.10,0
19710806,103.80,103.80,103.80,103.80,0
19710809,103.20,103.20,103.20,103.20,0
19710810,103.00,103.00,103.00,103.00,0
19710811,104.10,104.10,104.10,104.10,0
19710812,105.20,105.20,105.20,105.20,0
19710813,105.40,105.40,105.40,105.40,0
19710816,107.90,107.90,107.90,107.90,0
19710817,108.90,108.90,108.90,108.90,0
19710818,108.40,108.40,108.40,108.40,0
19710819,108.00,108.00,108.00,108.00,0
19710820,107.90,107.90,107.90,107.90,0
19710823,108.30,108.30,108.30,108.30,0
19710824,108.60,108.60,108.60,108.60,0
19710825,108.80,108.80,108.80,108.80,0
19710826,109.00,109.00,109.00,109.00,0
19710827,109.30,109.30,109.30,109.30,0
19710830,108.70,108.70,108.70,108.70,0
19710831,108.40,108.40,108.40,108.40,0
19710901,108.60,108.60,108.60,108.60,0
19710902,109.00,109.00,109.00,109.00,0
19710903,110.00,110.00,110.00,110.00,0
19710907,110.50,110.50,110.50,110.50,0
19710908,110.60,110.60,110.60,110.60,0
19710909,110.60,110.60,110.60,110.60,0
19710910,110.40,110.40,110.40,110.40,0
19710913,110.20,110.20,110.20,110.20,0
19710914,109.80,109.80,109.80,109.80,0
19710915,109.80,109.80,109.80,109.80,0
19710916,109.80,109.80,109.80,109.80,0
19710917,110.10,110.10,110.10,110.10,0
19710920,110.00,110.00,110.00,110.00,0
19710921,109.80,109.80,109.80,109.80,0
19710922,109.00,109.00,109.00,109.00,0
19710923,108.80,108.80,108.80,108.80,0
19710924,108.90,108.90,108.90,108.90,0
19710927,108.20,108.20,108.20,108.20,0
19710928,108.40,108.40,108.40,108.40,0
19710929,108.60,108.60,108.60,108.60,0
19710930,109.00,109.00,109.00,109.00,0
19711001,109.60,109.60,109.60,109.60,0
19711004,110.00,110.00,110.00,110.00,0
19711005,110.00,110.00,110.00,110.00,0
19711006,110.70,110.70,110.70,110.70,0
19711007,111.00,111.00,111.00,111.00,0
19711008,110.70,110.70,110.70,110.70,0
19711011,110.70,110.70,110.70,110.70,0
19711012,110.90,110.90,110.90,110.90,0
19711013,110.70,110.70,110.70,110.70,0
19711014,109.90,109.90,109.90,109.90,0
19711015,109.60,109.60,109.60,109.60,0
19711018,109.10,109.10,109.10,109.10,0
19711019,108.00,108.00,108.00,108.00,0
19711020,106.60,106.60,106.60,106.60,0
19711021,106.60,106.60,106.60,106.60,0
19711022,106.80,106.80,106.80,106.80,0
19711025,106.30,106.30,106.30,106.30,0
19711026,105.70,105.70,105.70,105.70,0
19711027,104.30,104.30,104.30,104.30,0
19711028,104.50,104.50,104.50,104.50,0
19711029,105.10,105.10,105.10,105.10,0
19711101,103.70,103.70,103.70,103.70,0
19711102,103.50,103.50,103.50,103.50,0
19711103,105.00,105.00,105.00,105.00,0
19711104,105.60,105.60,105.60,105.60,0
19711105,105.50,105.50,105.50,105.50,0
19711108,105.40,105.40,105.40,105.40,0
19711109,105.70,105.70,105.70,105.70,0
19711110,104.90,104.90,104.90,104.90,0
19711111,103.70,103.70,103.70,103.70,0
19711112,103.90,103.90,103.90,103.90,0
19711115,103.40,103.40,103.40,103.40,0
19711116,103.70,103.70,103.70,103.70,0
19711117,103.60,103.60,103.60,103.60,0
19711118,103.40,103.40,103.40,103.40,0
19711119,102.90,102.90,102.90,102.90,0
19711122,101.80,101.80,101.80,101.80,0
19711123,100.30,100.30,100.30,100.30,0
19711124,100.40,100.40,100.40,100.40,0
19711126,101.60,101.60,101.60,101.60,0
19711129,103.80,103.80,103.80,103.80,0
19711130,104.00,104.00,104.00,104.00,0
19711201,105.80,105.80,105.80,105.80,0
19711202,106.10,106.10,106.10,106.10,0
19711203,107.30,107.30,107.30,107.30,0
19711206,106.90,106.90,106.90,106.90,0
19711207,107.30,107.30,107.30,107.30,0
19711208,107.70,107.70,107.70,107.70,0
19711209,108.00,108.00,108.00,108.00,0
19711210,108.80,108.80,108.80,108.80,0
19711213,109.20,109.20,109.20,109.20,0
19711214,109.10,109.10,109.10,109.10,0
19711215,109.40,109.40,109.40,109.40,0
19711216,110.00,110.00,110.00,110.00,0
19711217,110.50,110.50,110.50,110.50,0
19711220,111.50,111.50,111.50,111.50,0
19711221,111.70,111.70,111.70,111.70,0
19711222,112.00,112.00,112.00,112.00,0
19711223,111.90,111.90,111.90,111.90,0
19711227,111.70,111.70,111.70,111.70,0
19711228,111.90,111.90,111.90,111.90,0
19711229,112.60,112.60,112.60,112.60,0
19711230,113.00,113.00,113.00,113.00,0
19711231,114.10,114.10,114.10,114.10,0
19720103,113.60,113.60,113.60,113.60,0
19720104,113.90,113.90,113.90,113.90,0
19720105,114.80,114.80,114.80,114.80,0
19720106,115.70,115.70,115.70,115.70,0
19720107,116.10,116.10,116.10,116.10,0
19720110,116.10,116.10,116.10,116.10,0
19720111,116.60,116.60,116.60,116.60,0
19720112,116.90,116.90,116.90,116.90,0
19720113,116.40,116.40,116.40,116.40,0
19720114,116.70,116.70,116.70,116.70,0
19720117,116.90,116.90,116.90,116.90,0
19720118,117.70,117.70,117.70,117.70,0
19720119,117.40,117.40,117.40,117.40,0
19720120,117.30,117.30,117.30,117.30,0
19720121,117.20,117.20,117.20,117.20,0
19720124,116.50,116.50,116.50,116.50,0
19720125,116.30,116.30,116.30,116.30,0
19720126,116.40,116.40,116.40,116.40,0
19720127,117.40,117.40,117.40,117.40,0
19720128,118.40,118.40,118.40,118.40,0
19720131,118.90,118.90,118.90,118.90,0
19720201,119.60,119.60,119.60,119.60,0
19720202,120.50,120.50,120.50,120.50,0
19720203,120.70,120.70,120.70,120.70,0
19720204,121.20,121.20,121.20,121.20,0
19720207,121.10,121.10,121.10,121.10,0
19720208,121.30,121.30,121.30,121.30,0
19720209,122.20,122.20,122.20,122.20,0
19720210,122.70,122.70,122.70,122.70,0
19720211,122.90,122.90,122.90,122.90,0
19720214,122.30,122.30,122.30,122.30,0
19720215,122.60,122.60,122.60,122.60,0
19720216,123.30,123.30,123.30,123.30,0
19720217,123.40,123.40,123.40,123.40,0
19720218,123.40,123.40,123.40,123.40,0
19720222,123.30,123.30,123.30,123.30,0
19720223,123.60,123.60,123.60,123.60,0
19720224,124.00,124.00,124.00,124.00,0
19720225,124.80,124.80,124.80,124.80,0
19720228,124.90,124.90,124.90,124.90,0
19720229,125.40,125.40,125.40,125.40,0
19720301,126.30,126.30,126.30,126.30,0
19720302,126.60,126.60,126.60,126.60,0
19720303,127.20,127.20,127.20,127.20,0
19720306,127.90,127.90,127.90,127.90,0
19720307,127.80,127.80,127.80,127.80,0
19720308,128.40,128.40,128.40,128.40,0
19720309,128.90,128.90,128.90,128.90,0
19720310,128.60,128.60,128.60,128.60,0
19720313,127.30,127.30,127.30,127.30,0
19720314,127.70,127.70,127.70,127.70,0
19720315,128.10,128.10,128.10,128.10,0
19720316,127.80,127.80,127.80,127.80,0
19720317,128.00,128.00,128.00,128.00,0
19720320,127.50,127.50,127.50,127.50,0
19720321,125.70,125.70,125.70,125.70,0
19720322,126.40,126.40,126.40,126.40,0
19720323,127.40,127.40,127.40,127.40,0
19720324,127.60,127.60,127.60,127.60,0
19720327,127.60,127.60,127.60,127.60,0
19720328,127.70,127.70,127.70,127.70,0
19720329,127.50,127.50,127.50,127.50,0
19720330,128.10,128.10,128.10,128.10,0
19720403,128.10,128.10,128.10,128.10,0
19720404,128.80,128.80,128.80,128.80,0
19720405,130.00,130.00,130.00,130.00,0
19720406,130.90,130.90,130.90,130.90,0
19720407,131.80,131.80,131.80,131.80,0
19720410,131.80,131.80,131.80,131.80,0
19720411,132.50,132.50,132.50,132.50,0
19720412,133.20,133.20,133.20,133.20,0
19720413,115.20,115.20,115.20,115.20,0
19720414,133.90,133.90,133.90,133.90,0
19720417,133.70,133.70,133.70,133.70,0
19720418,134.10,134.10,134.10,134.10,0
19720419,132.70,132.70,132.70,132.70,0
19720420,132.90,132.90,132.90,132.90,0
19720421,133.00,133.00,133.00,133.00,0
19720424,131.90,131.90,131.90,131.90,0
19720425,130.80,130.80,130.80,130.80,0
19720426,130.90,130.90,130.90,130.90,0
19720427,131.00,131.00,131.00,131.00,0
19720428,131.30,131.30,131.30,131.30,0
19720501,130.20,130.20,130.20,130.20,0
19720502,129.30,129.30,129.30,129.30,0
19720503,128.80,128.80,128.80,128.80,0
19720504,128.90,128.90,128.90,128.90,0
19720505,129.40,129.40,129.40,129.40,0
19720508,128.60,128.60,128.60,128.60,0
19720509,125.80,125.80,125.80,125.80,0
19720510,126.80,126.80,126.80,126.80,0
19720511,127.90,127.90,127.90,127.90,0
19720512,129.40,129.40,129.40,129.40,0
19720515,130.30,130.30,130.30,130.30,0
19720516,130.40,130.40,130.40,130.40,0
19720517,129.80,129.80,129.80,129.80,0
19720518,130.80,130.80,130.80,130.80,0
19720519,132.20,132.20,132.20,132.20,0
19720522,132.40,132.40,132.40,132.40,0
19720523,132.50,132.50,132.50,132.50,0
19720524,133.50,133.50,133.50,133.50,0
19720525,133.80,133.80,133.80,133.80,0
19720526,133.90,133.90,133.90,133.90,0
19720530,133.40,133.40,133.40,133.40,0
19720531,132.50,132.50,132.50,132.50,0
19720601,133.10,133.10,133.10,133.10,0
19720602,133.50,133.50,133.50,133.50,0
19720605,132.70,132.70,132.70,132.70,0
19720606,132.00,132.00,132.00,132.00,0
19720607,131.00,131.00,131.00,131.00,0
19720608,131.10,131.10,131.10,131.10,0
19720609,130.60,130.60,130.60,130.60,0
19720612,130.40,130.40,130.40,130.40,0
19720613,130.80,130.80,130.80,130.80,0
19720614,131.40,131.40,131.40,131.40,0
19720615,131.30,131.30,131.30,131.30,0
19720616,131.30,131.30,131.30,131.30,0
19720619,130.80,130.80,130.80,130.80,0
19720620,131.10,131.10,131.10,131.10,0
19720621,131.40,131.40,131.40,131.40,0
19720622,130.80,130.80,130.80,130.80,0
19720623,130.20,130.20,130.20,130.20,0
19720626,129.30,129.30,129.30,129.30,0
19720627,129.80,129.80,129.80,129.80,0
19720628,129.60,129.60,129.60,129.60,0
19720629,129.40,129.40,129.40,129.40,0
19720630,130.10,130.10,130.10,130.10,0
19720703,130.60,130.60,130.60,130.60,0
19720705,131.30,131.30,131.30,131.30,0
19720706,131.90,131.90,131.90,131.90,0
19720707,131.50,131.50,131.50,131.50,0
19720710,130.90,130.90,130.90,130.90,0
19720711,130.50,130.50,130.50,130.50,0
19720712,130.10,130.10,130.10,130.10,0
19720713,129.00,129.00,129.00,129.00,0
19720714,129.40,129.40,129.40,129.40,0
19720717,128.40,128.40,128.40,128.40,0
19720718,127.50,127.50,127.50,127.50,0
19720719,127.80,127.80,127.80,127.80,0
19720720,127.10,127.10,127.10,127.10,0
19720721,127.60,127.60,127.60,127.60,0
19720724,128.80,128.80,128.80,128.80,0
19720725,128.50,128.50,128.50,128.50,0
19720726,128.60,128.60,128.60,128.60,0
19720727,128.40,128.40,128.40,128.40,0
19720728,128.10,128.10,128.10,128.10,0
19720731,127.80,127.80,127.80,127.80,0
19720801,128.40,128.40,128.40,128.40,0
19720802,129.40,129.40,129.40,129.40,0
19720803,130.30,130.30,130.30,130.30,0
19720804,130.90,130.90,130.90,130.90,0
19720807,131.00,131.00,131.00,131.00,0
19720808,130.60,130.60,130.60,130.60,0
19720809,130.80,130.80,130.80,130.80,0
19720810,130.80,130.80,130.80,130.80,0
19720811,131.70,131.70,131.70,131.70,0
19720814,131.70,131.70,131.70,131.70,0
19720815,131.50,131.50,131.50,131.50,0
19720816,131.50,131.50,131.50,131.50,0
19720817,130.80,130.80,130.80,130.80,0
19720818,131.40,131.40,131.40,131.40,0
19720821,131.30,131.30,131.30,131.30,0
19720822,131.30,131.30,131.30,131.30,0
19720823,131.10,131.10,131.10,131.10,0
19720824,130.40,130.40,130.40,130.40,0
19720825,130.30,130.30,130.30,130.30,0
19720828,129.80,129.80,129.80,129.80,0
19720829,129.40,129.40,129.40,129.40,0
19720830,129.80,129.80,129.80,129.80,0
19720831,129.90,129.90,129.90,129.90,0
19720901,130.70,130.70,130.70,130.70,0
19720905,130.30,130.30,130.30,130.30,0
19720906,129.60,129.60,129.60,129.60,0
19720907,129.20,129.20,129.20,129.20,0
19720908,129.10,129.10,129.10,129.10,0
19720911,128.30,128.30,128.30,128.30,0
19720912,127.20,127.20,127.20,127.20,0
19720913,127.50,127.50,127.50,127.50,0
19720914,127.60,127.60,127.60,127.60,0
19720915,127.70,127.70,127.70,127.70,0
19720918,127.60,127.60,127.60,127.60,0
19720919,127.40,127.40,127.40,127.40,0
19720920,127.50,127.50,127.50,127.50,0
19720921,127.30,127.30,127.30,127.30,0
19720922,127.50,127.50,127.50,127.50,0
19720925,126.80,126.80,126.80,126.80,0
19720926,127.10,127.10,127.10,127.10,0
19720927,128.60,128.60,128.60,128.60,0
19720928,129.10,129.10,129.10,129.10,0
19720929,129.60,129.60,129.60,129.60,0
19721002,129.30,129.30,129.30,129.30,0
19721003,129.50,129.50,129.50,129.50,0
19721004,129.30,129.30,129.30,129.30,0
19721005,128.00,128.00,128.00,128.00,0
19721006,128.10,128.10,128.10,128.10,0
19721009,128.50,128.50,128.50,128.50,0
19721010,129.00,129.00,129.00,129.00,0
19721011,128.60,128.60,128.60,128.60,0
19721012,127.90,127.90,127.90,127.90,0
19721013,127.20,127.20,127.20,127.20,0
19721016,125.90,125.90,125.90,125.90,0
19721017,126.40,126.40,126.40,126.40,0
19721018,127.10,127.10,127.10,127.10,0
19721019,126.90,126.90,126.90,126.90,0
19721020,128.00,128.00,128.00,128.00,0
19721023,128.70,128.70,128.70,128.70,0
19721024,128.90,128.90,128.90,128.90,0
19721025,128.90,128.90,128.90,128.90,0
19721026,129.40,129.40,129.40,129.40,0
19721027,129.50,129.50,129.50,129.50,0
19721030,129.50,129.50,129.50,129.50,0
19721031,130.20,130.20,130.20,130.20,0
19721101,131.60,131.60,131.60,131.60,0
19721102,132.10,132.10,132.10,132.10,0
19721103,133.30,133.30,133.30,133.30,0
19721106,133.60,133.60,133.60,133.60,0
19721108,133.10,133.10,133.10,133.10,0
19721109,132.80,132.80,132.80,132.80,0
19721110,133.10,133.10,133.10,133.10,0
19721113,132.80,132.80,132.80,132.80,0
19721114,132.90,132.90,132.90,132.90,0
19721115,132.40,132.40,132.40,132.40,0
19721116,132.30,132.30,132.30,132.30,0
19721117,132.30,132.30,132.30,132.30,0
19721120,132.10,132.10,132.10,132.10,0
19721121,132.20,132.20,132.20,132.20,0
19721122,132.50,132.50,132.50,132.50,0
19721124,133.00,133.00,133.00,133.00,0
19721127,132.60,132.60,132.60,132.60,0
19721128,132.70,132.70,132.70,132.70,0
19721129,132.70,132.70,132.70,132.70,0
19721130,133.00,133.00,133.00,133.00,0
19721201,133.90,133.90,133.90,133.90,0
19721204,134.10,134.10,134.10,134.10,0
19721205,134.30,134.30,134.30,134.30,0
19721206,134.70,134.70,134.70,134.70,0
19721207,135.10,135.10,135.10,135.10,0
19721208,135.10,135.10,135.10,135.10,0
19721211,134.80,134.80,134.80,134.80,0
19721212,134.30,134.30,134.30,134.30,0
19721213,133.70,133.70,133.70,133.70,0
19721214,133.30,133.30,133.30,133.30,0
19721215,133.50,133.50,133.50,133.50,0
19721218,132.50,132.50,132.50,132.50,0
19721219,132.40,132.40,132.40,132.40,0
19721220,131.90,131.90,131.90,131.90,0
19721221,131.10,131.10,131.10,131.10,0
19721222,131.30,131.30,131.30,131.30,0
19721226,131.20,131.20,131.20,131.20,0
19721227,131.90,131.90,131.90,131.90,0
19721229,133.70,133.70,133.70,133.70,0
19730102,134.60,134.60,134.60,134.60,0
19730103,135.40,135.40,135.40,135.40,0
19730104,135.40,135.40,135.40,135.40,0
19730105,135.90,135.90,135.90,135.90,0
19730108,136.00,136.00,136.00,136.00,0
19730109,136.00,136.00,136.00,136.00,0
19730110,136.10,136.10,136.10,136.10,0
19730111,136.80,136.80,136.80,136.80,0
19730112,136.00,136.00,136.00,136.00,0
19730115,134.60,134.60,134.60,134.60,0
19730116,134.00,134.00,134.00,134.00,0
19730117,134.10,134.10,134.10,134.10,0
19730118,134.30,134.30,134.30,134.30,0
19730119,133.90,133.90,133.90,133.90,0
19730122,133.10,133.10,133.10,133.10,0
19730123,132.40,132.40,132.40,132.40,0
19730124,130.50,130.50,130.50,130.50,0
19730126,129.80,129.80,129.80,129.80,0
19730129,128.50,128.50,128.50,128.50,0
19730130,128.20,128.20,128.20,128.20,0
19730131,128.40,128.40,128.40,128.40,0
19730201,126.90,126.90,126.90,126.90,0
19730202,126.50,126.50,126.50,126.50,0
19730205,126.00,126.00,126.00,126.00,0
19730206,126.30,126.30,126.30,126.30,0
19730207,125.00,125.00,125.00,125.00,0
19730208,124.00,124.00,124.00,124.00,0
19730209,125.90,125.90,125.90,125.90,0
19730212,126.90,126.90,126.90,126.90,0
19730213,127.20,127.20,127.20,127.20,0
19730214,125.40,125.40,125.40,125.40,0
19730215,124.40,124.40,124.40,124.40,0
19730216,124.60,124.60,124.60,124.60,0
19730220,125.00,125.00,125.00,125.00,0
19730221,123.90,123.90,123.90,123.90,0
19730222,123.70,123.70,123.70,123.70,0
19730223,122.30,122.30,122.30,122.30,0
19730226,121.30,121.30,121.30,121.30,0
19730227,119.80,119.80,119.80,119.80,0
19730228,120.40,120.40,120.40,120.40,0
19730301,119.50,119.50,119.50,119.50,0
19730302,120.10,120.10,120.10,120.10,0
19730305,120.60,120.60,120.60,120.60,0
19730306,122.00,122.00,122.00,122.00,0
19730307,122.30,122.30,122.30,122.30,0
19730308,122.10,122.10,122.10,122.10,0
19730309,122.00,122.00,122.00,122.00,0
19730312,121.90,121.90,121.90,121.90,0
19730313,122.10,122.10,122.10,122.10,0
19730314,122.10,122.10,122.10,122.10,0
19730315,121.60,121.60,121.60,121.60,0
19730316,121.20,121.20,121.20,121.20,0
19730319,119.90,119.90,119.90,119.90,0
19730320,119.30,119.30,119.30,119.30,0
19730321,117.90,117.90,117.90,117.90,0
19730322,115.70,115.70,115.70,115.70,0
19730323,115.50,115.50,115.50,115.50,0
19730326,115.50,115.50,115.50,115.50,0
19730327,116.90,116.90,116.90,116.90,0
19730328,117.10,117.10,117.10,117.10,0
19730329,118.20,118.20,118.20,118.20,0
19730330,117.50,117.50,117.50,117.50,0
19730402,115.80,115.80,115.80,115.80,0
19730403,114.50,114.50,114.50,114.50,0
19730404,112.90,112.90,112.90,112.90,0
19730405,112.00,112.00,112.00,112.00,0
19730406,113.30,113.30,113.30,113.30,0
19730409,114.00,114.00,114.00,114.00,0
19730410,114.80,114.80,114.80,114.80,0
19730411,115.30,115.30,115.30,115.30,0
19730412,115.60,115.60,115.60,115.60,0
19730413,115.20,115.20,115.20,115.20,0
19730416,114.60,114.60,114.60,114.60,0
19730417,113.60,113.60,113.60,113.60,0
19730418,113.70,113.70,113.70,113.70,0
19730419,114.10,114.10,114.10,114.10,0
19730423,113.00,113.00,113.00,113.00,0
19730424,111.20,111.20,111.20,111.20,0
19730425,109.40,109.40,109.40,109.40,0
19730426,109.70,109.70,109.70,109.70,0
19730427,108.40,108.40,108.40,108.40,0
19730430,107.80,107.80,107.80,107.80,0
19730501,108.00,108.00,108.00,108.00,0
19730502,109.10,109.10,109.10,109.10,0
19730503,109.80,109.80,109.80,109.80,0
19730504,110.90,110.90,110.90,110.90,0
19730507,110.50,110.50,110.50,110.50,0
19730508,110.70,110.70,110.70,110.70,0
19730509,110.50,110.50,110.50,110.50,0
19730510,110.30,110.30,110.30,110.30,0
19730511,109.10,109.10,109.10,109.10,0
19730514,106.50,106.50,106.50,106.50,0
19730515,106.10,106.10,106.10,106.10,0
19730516,106.10,106.10,106.10,106.10,0
19730517,105.20,105.20,105.20,105.20,0
19730518,102.90,102.90,102.90,102.90,0
19730521,100.80,100.80,100.80,100.80,0
19730522,101.60,101.60,101.60,101.60,0
19730523,102.10,102.10,102.10,102.10,0
19730524,104.30,104.30,104.30,104.30,0
19730525,105.20,105.20,105.20,105.20,0
19730529,104.80,104.80,104.80,104.80,0
19730530,103.20,103.20,103.20,103.20,0
19730531,102.60,102.60,102.60,102.60,0
19730601,102.30,102.30,102.30,102.30,0
19730604,100.80,100.80,100.80,100.80,0
19730605,101.70,101.70,101.70,101.70,0
19730606,101.70,101.70,101.70,101.70,0
19730607,102.60,102.60,102.60,102.60,0
19730608,103.70,103.70,103.70,103.70,0
19730611,103.00,103.00,103.00,103.00,0
19730612,104.80,104.80,104.80,104.80,0
19730613,104.30,104.30,104.30,104.30,0
19730614,103.60,103.60,103.60,103.60,0
19730615,102.30,102.30,102.30,102.30,0
19730618,100.80,100.80,100.80,100.80,0
19730619,101.00,101.00,101.00,101.00,0
19730620,101.20,101.20,101.20,101.20,0
19730621,100.40,100.40,100.40,100.40,0
19730622,101.00,101.00,101.00,101.00,0
19730625,99.40,99.40,99.40,99.40,0
19730626,100.00,100.00,100.00,100.00,0
19730627,100.20,100.20,100.20,100.20,0
19730628,101.20,101.20,101.20,101.20,0
19730629,101.00,101.00,101.00,101.00,0
19730702,100.10,100.10,100.10,100.10,0
19730703,99.40,99.40,99.40,99.40,0
19730705,99.40,99.40,99.40,99.40,0
19730706,99.50,99.50,99.50,99.50,0
19730709,100.00,100.00,100.00,100.00,0
19730710,101.20,101.20,101.20,101.20,0
19730711,102.70,102.70,102.70,102.70,0
19730712,103.20,103.20,103.20,103.20,0
19730713,103.00,103.00,103.00,103.00,0
19730716,104.00,104.00,104.00,104.00,0
19730717,104.60,104.60,104.60,104.60,0
19730718,105.80,105.80,105.80,105.80,0
19730719,106.50,106.50,106.50,106.50,0
19730720,107.70,107.70,107.70,107.70,0
19730723,107.80,107.80,107.80,107.80,0
19730724,108.30,108.30,108.30,108.30,0
19730725,109.20,109.20,109.20,109.20,0
19730726,109.20,109.20,109.20,109.20,0
19730727,109.40,109.40,109.40,109.40,0
19730730,108.90,108.90,108.90,108.90,0
19730731,108.60,108.60,108.60,108.60,0
19730801,107.10,107.10,107.10,107.10,0
19730802,107.00,107.00,107.00,107.00,0
19730803,106.80,106.80,106.80,106.80,0
19730806,107.20,107.20,107.20,107.20,0
19730807,107.30,107.30,107.30,107.30,0
19730808,106.10,106.10,106.10,106.10,0
19730809,106.10,106.10,106.10,106.10,0
19730810,105.30,105.30,105.30,105.30,0
19730813,104.30,104.30,104.30,104.30,0
19730814,103.60,103.60,103.60,103.60,0
19730815,103.30,103.30,103.30,103.30,0
19730816,103.30,103.30,103.30,103.30,0
19730817,103.70,103.70,103.70,103.70,0
19730820,102.70,102.70,102.70,102.70,0
19730821,102.10,102.10,102.10,102.10,0
19730822,101.30,101.30,101.30,101.30,0
19730823,102.50,102.50,102.50,102.50,0
19730824,102.40,102.40,102.40,102.40,0
19730827,102.90,102.90,102.90,102.90,0
19730828,103.00,103.00,103.00,103.00,0
19730829,103.80,103.80,103.80,103.80,0
19730830,104.00,104.00,104.00,104.00,0
19730831,104.90,104.90,104.90,104.90,0
19730904,105.50,105.50,105.50,105.50,0
19730905,106.00,106.00,106.00,106.00,0
19730906,106.40,106.40,106.40,106.40,0
19730907,107.00,107.00,107.00,107.00,0
19730910,106.30,106.30,106.30,106.30,0
19730911,105.80,105.80,105.80,105.80,0
19730912,105.30,105.30,105.30,105.30,0
19730913,105.60,105.60,105.60,105.60,0
19730914,106.10,106.10,106.10,106.10,0
19730917,106.30,106.30,106.30,106.30,0
19730918,106.30,106.30,106.30,106.30,0
19730919,107.90,107.90,107.90,107.90,0
19730920,108.80,108.80,108.80,108.80,0
19730921,109.50,109.50,109.50,109.50,0
19730924,109.70,109.70,109.70,109.70,0
19730925,109.80,109.80,109.80,109.80,0
19730926,110.60,110.60,110.60,110.60,0
19730927,111.30,111.30,111.30,111.30,0
19730928,111.20,111.20,111.20,111.20,0
19731001,111.00,111.00,111.00,111.00,0
19731002,111.80,111.80,111.80,111.80,0
19731003,112.10,112.10,112.10,112.10,0
19731004,111.50,111.50,111.50,111.50,0
19731005,112.60,112.60,112.60,112.60,0
19731008,113.20,113.20,113.20,113.20,0
19731009,113.10,113.10,113.10,113.10,0
19731010,112.20,112.20,112.20,112.20,0
19731011,113.60,113.60,113.60,113.60,0
19731012,114.10,114.10,114.10,114.10,0
19731015,113.10,113.10,113.10,113.10,0
19731016,113.10,113.10,113.10,113.10,0
19731017,112.70,112.70,112.70,112.70,0
19731018,112.80,112.80,112.80,112.80,0
19731019,113.30,113.30,113.30,113.30,0
19731022,112.30,112.30,112.30,112.30,0
19731023,111.80,111.80,111.80,111.80,0
19731024,112.10,112.10,112.10,112.10,0
19731025,112.30,112.30,112.30,112.30,0
19731026,112.80,112.80,112.80,112.80,0
19731029,112.10,112.10,112.10,112.10,0
19731030,110.60,110.60,110.60,110.60,0
19731031,110.20,110.20,110.20,110.20,0
19731101,109.60,109.60,109.60,109.60,0
19731102,108.90,108.90,108.90,108.90,0
19731105,107.10,107.10,107.10,107.10,0
19731106,106.30,106.30,106.30,106.30,0
19731107,106.70,106.70,106.70,106.70,0
19731108,107.30,107.30,107.30,107.30,0
19731109,105.80,105.80,105.80,105.80,0
19731112,105.10,105.10,105.10,105.10,0
19731113,104.70,104.70,104.70,104.70,0
19731114,102.00,102.00,102.00,102.00,0
19731115,101.60,101.60,101.60,101.60,0
19731116,101.40,101.40,101.40,101.40,0
19731119,99.00,99.00,99.00,99.00,0
19731120,96.60,96.60,96.60,96.60,0
19731121,97.30,97.30,97.30,97.30,0
19731123,97.30,97.30,97.30,97.30,0
19731126,94.10,94.10,94.10,94.10,0
19731127,93.10,93.10,93.10,93.10,0
19731128,94.90,94.90,94.90,94.90,0
19731129,94.60,94.60,94.60,94.60,0
19731130,93.50,93.50,93.50,93.50,0
19731203,92.00,92.00,92.00,92.00,0
19731204,91.60,91.60,91.60,91.60,0
19731205,89.70,89.70,89.70,89.70,0
19731206,91.30,91.30,91.30,91.30,0
19731207,92.30,92.30,92.30,92.30,0
19731210,93.50,93.50,93.50,93.50,0
19731211,92.20,92.20,92.20,92.20,0
19731212,90.80,90.80,90.80,90.80,0
19731213,89.10,89.10,89.10,89.10,0
19731214,89.60,89.60,89.60,89.60,0
19731217,89.10,89.10,89.10,89.10,0
19731218,90.60,90.60,90.60,90.60,0
19731219,90.20,90.20,90.20,90.20,0
19731220,90.30,90.30,90.30,90.30,0
19731221,89.50,89.50,89.50,89.50,0
19731224,88.70,88.70,88.70,88.70,0
19731226,90.20,90.20,90.20,90.20,0
19731227,91.30,91.30,91.30,91.30,0
19731228,91.70,91.70,91.70,91.70,0
19731231,92.20,92.20,92.20,92.20,0
19740102,92.50,92.50,92.50,92.50,0
19740103,94.20,94.20,94.20,94.20,0
19740104,94.10,94.10,94.10,94.10,0
19740107,94.50,94.50,94.50,94.50,0
19740108,94.00,94.00,94.00,94.00,0
19740109,92.20,92.20,92.20,92.20,0
19740110,91.40,91.40,91.40,91.40,0
19740111,92.20,92.20,92.20,92.20,0
19740114,92.40,92.40,92.40,92.40,0
19740115,93.10,93.10,93.10,93.10,0
19740116,94.50,94.50,94.50,94.50,0
19740117,95.90,95.90,95.90,95.90,0
19740118,95.30,95.30,95.30,95.30,0
19740121,94.50,94.50,94.50,94.50,0
19740122,95.30,95.30,95.30,95.30,0
19740123,95.80,95.80,95.80,95.80,0
19740124,95.60,95.60,95.60,95.60,0
19740125,95.40,95.40,95.40,95.40,0
19740128,95.00,95.00,95.00,95.00,0
19740129,94.60,94.60,94.60,94.60,0
19740130,95.20,95.20,95.20,95.20,0
19740131,94.90,94.90,94.90,94.90,0
19740201,94.10,94.10,94.10,94.10,0
19740204,92.90,92.90,92.90,92.90,0
19740205,92.50,92.50,92.50,92.50,0
19740206,92.70,92.70,92.70,92.70,0
19740207,92.80,92.80,92.80,92.80,0
19740208,92.20,92.20,92.20,92.20,0
19740211,91.10,91.10,91.10,91.10,0
19740212,90.50,90.50,90.50,90.50,0
19740213,90.10,90.10,90.10,90.10,0
19740214,90.20,90.20,90.20,90.20,0
19740215,91.00,91.00,91.00,91.00,0
19740219,90.80,90.80,90.80,90.80,0
19740220,91.60,91.60,91.60,91.60,0
19740221,92.20,92.20,92.20,92.20,0
19740222,92.90,92.90,92.90,92.90,0
19740225,92.70,92.70,92.70,92.70,0
19740226,93.10,93.10,93.10,93.10,0
19740227,94.10,94.10,94.10,94.10,0
19740228,94.30,94.30,94.30,94.30,0
19740301,94.10,94.10,94.10,94.10,0
19740304,93.80,93.80,93.80,93.80,0
19740305,94.70,94.70,94.70,94.70,0
19740306,95.10,95.10,95.10,95.10,0
19740307,94.50,94.50,94.50,94.50,0
19740308,95.20,95.20,95.20,95.20,0
19740311,95.90,95.90,95.90,95.90,0
19740312,95.80,95.80,95.80,95.80,0
19740313,96.30,96.30,96.30,96.30,0
19740314,96.10,96.10,96.10,96.10,0
19740315,96.50,96.50,96.50,96.50,0
19740318,95.40,95.40,95.40,95.40,0
19740319,94.80,94.80,94.80,94.80,0
19740320,94.90,94.90,94.90,94.90,0
19740321,95.40,95.40,95.40,95.40,0
19740322,95.40,95.40,95.40,95.40,0
19740325,95.30,95.30,95.30,95.30,0
19740326,95.30,95.30,95.30,95.30,0
19740327,94.20,94.20,94.20,94.20,0
19740328,92.90,92.90,92.90,92.90,0
19740329,92.30,92.30,92.30,92.30,0
19740401,91.90,91.90,91.90,91.90,0
19740402,92.00,92.00,92.00,92.00,0
19740403,92.10,92.10,92.10,92.10,0
19740404,91.90,91.90,91.90,91.90,0
19740405,90.70,90.70,90.70,90.70,0
19740408,89.90,89.90,89.90,89.90,0
19740409,90.20,90.20,90.20,90.20,0
19740410,89.90,89.90,89.90,89.90,0
19740411,89.80,89.80,89.80,89.80,0
19740415,89.40,89.40,89.40,89.40,0
19740416,90.30,90.30,90.30,90.30,0
19740417,90.70,90.70,90.70,90.70,0
19740418,90.90,90.90,90.90,90.90,0
19740419,90.30,90.30,90.30,90.30,0
19740422,90.30,90.30,90.30,90.30,0
19740423,88.50,88.50,88.50,88.50,0
19740424,86.90,86.90,86.90,86.90,0
19740425,86.00,86.00,86.00,86.00,0
19740426,86.20,86.20,86.20,86.20,0
19740429,86.50,86.50,86.50,86.50,0
19740430,86.90,86.90,86.90,86.90,0
19740501,87.60,87.60,87.60,87.60,0
19740502,88.00,88.00,88.00,88.00,0
19740503,87.50,87.50,87.50,87.50,0
19740506,87.30,87.30,87.30,87.30,0
19740507,86.70,86.70,86.70,86.70,0
19740508,85.70,85.70,85.70,85.70,0
19740509,85.80,85.80,85.80,85.80,0
19740510,84.30,84.30,84.30,84.30,0
19740513,83.20,83.20,83.20,83.20,0
19740514,83.20,83.20,83.20,83.20,0
19740515,83.50,83.50,83.50,83.50,0
19740516,83.50,83.50,83.50,83.50,0
19740517,81.90,81.90,81.90,81.90,0
19740520,81.40,81.40,81.40,81.40,0
19740521,81.30,81.30,81.30,81.30,0
19740522,80.70,80.70,80.70,80.70,0
19740523,80.60,80.60,80.60,80.60,0
19740524,81.40,81.40,81.40,81.40,0
19740528,81.10,81.10,81.10,81.10,0
19740529,79.80,79.80,79.80,79.80,0
19740530,80.10,80.10,80.10,80.10,0
19740531,80.20,80.20,80.20,80.20,0
19740603,81.10,81.10,81.10,81.10,0
19740604,81.80,81.80,81.80,81.80,0
19740605,82.20,82.20,82.20,82.20,0
19740606,83.20,83.20,83.20,83.20,0
19740607,83.70,83.70,83.70,83.70,0
19740610,83.90,83.90,83.90,83.90,0
19740611,83.30,83.30,83.30,83.30,0
19740612,83.10,83.10,83.10,83.10,0
19740613,83.20,83.20,83.20,83.20,0
19740614,82.80,82.80,82.80,82.80,0
19740617,81.50,81.50,81.50,81.50,0
19740618,81.30,81.30,81.30,81.30,0
19740619,80.70,80.70,80.70,80.70,0
19740620,79.80,79.80,79.80,79.80,0
19740621,79.10,79.10,79.10,79.10,0
19740624,78.90,78.90,78.90,78.90,0
19740625,79.30,79.30,79.30,79.30,0
19740626,78.30,78.30,78.30,78.30,0
19740627,76.80,76.80,76.80,76.80,0
19740628,76.00,76.00,76.00,76.00,0
19740701,75.40,75.40,75.40,75.40,0
19740702,73.80,73.80,73.80,73.80,0
19740703,73.70,73.70,73.70,73.70,0
19740705,73.60,73.60,73.60,73.60,0
19740708,71.00,71.00,71.00,71.00,0
19740709,70.60,70.60,70.60,70.60,0
19740710,69.80,69.80,69.80,69.80,0
19740711,69.60,69.60,69.60,69.60,0
19740712,71.70,71.70,71.70,71.70,0
19740715,72.00,72.00,72.00,72.00,0
19740716,71.60,71.60,71.60,71.60,0
19740717,72.70,72.70,72.70,72.70,0
19740718,72.80,72.80,72.80,72.80,0
19740719,73.40,73.40,73.40,73.40,0
19740722,73.40,73.40,73.40,73.40,0
19740723,74.40,74.40,74.40,74.40,0
19740724,74.60,74.60,74.60,74.60,0
19740725,73.50,73.50,73.50,73.50,0
19740726,72.80,72.80,72.80,72.80,0
19740729,71.50,71.50,71.50,71.50,0
19740730,71.30,71.30,71.30,71.30,0
19740731,70.00,70.00,70.00,70.00,0
19740801,69.60,69.60,69.60,69.60,0
19740802,69.40,69.40,69.40,69.40,0
19740805,69.70,69.70,69.70,69.70,0
19740806,70.50,70.50,70.50,70.50,0
19740807,71.70,71.70,71.70,71.70,0
19740808,70.70,70.70,70.70,70.70,0
19740809,70.70,70.70,70.70,70.70,0
19740812,70.40,70.40,70.40,70.40,0
19740813,68.80,68.80,68.80,68.80,0
19740814,67.30,67.30,67.30,67.30,0
19740815,66.90,66.90,66.90,66.90,0
19740816,65.90,65.90,65.90,65.90,0
19740819,65.10,65.10,65.10,65.10,0
19740820,65.70,65.70,65.70,65.70,0
19740821,64.90,64.90,64.90,64.90,0
19740822,63.60,63.60,63.60,63.60,0
19740823,62.60,62.60,62.60,62.60,0
19740826,62.90,62.90,62.90,62.90,0
19740827,63.30,63.30,63.30,63.30,0
19740828,62.40,62.40,62.40,62.40,0
19740829,61.40,61.40,61.40,61.40,0
19740830,62.40,62.40,62.40,62.40,0
19740903,60.90,60.90,60.90,60.90,0
19740904,58.90,58.90,58.90,58.90,0
19740905,60.20,60.20,60.20,60.20,0
19740906,60.70,60.70,60.70,60.70,0
19740909,59.40,59.40,59.40,59.40,0
19740910,59.00,59.00,59.00,59.00,0
19740911,58.70,58.70,58.70,58.70,0
19740912,57.70,57.70,57.70,57.70,0
19740913,56.70,56.70,56.70,56.70,0
19740916,57.20,57.20,57.20,57.20,0
19740917,57.70,57.70,57.70,57.70,0
19740918,58.10,58.10,58.10,58.10,0
19740919,59.50,59.50,59.50,59.50,0
19740920,59.90,59.90,59.90,59.90,0
19740923,59.70,59.70,59.70,59.70,0
19740924,58.80,58.80,58.80,58.80,0
19740925,58.80,58.80,58.80,58.80,0
19740926,57.90,57.90,57.90,57.90,0
19740927,57.10,57.10,57.10,57.10,0
19740930,55.70,55.70,55.70,55.70,0
19741001,55.50,55.50,55.50,55.50,0
19741002,55.70,55.70,55.70,55.70,0
19741003,54.90,54.90,54.90,54.90,0
19741004,55.20,55.20,55.20,55.20,0
19741007,56.60,56.60,56.60,56.60,0
19741008,56.10,56.10,56.10,56.10,0
19741009,57.60,57.60,57.60,57.60,0
19741010,58.50,58.50,58.50,58.50,0
19741011,60.40,60.40,60.40,60.40,0
19741014,61.70,61.70,61.70,61.70,0
19741015,61.40,61.40,61.40,61.40,0
19741016,61.20,61.20,61.20,61.20,0
19741017,62.00,62.00,62.00,62.00,0
19741018,62.80,62.80,62.80,62.80,0
19741021,63.80,63.80,63.80,63.80,0
19741022,64.10,64.10,64.10,64.10,0
19741023,63.40,63.40,63.40,63.40,0
19741024,62.60,62.60,62.60,62.60,0
19741025,62.90,62.90,62.90,62.90,0
19741028,62.50,62.50,62.50,62.50,0
19741029,63.70,63.70,63.70,63.70,0
19741030,64.90,64.90,64.90,64.90,0
19741031,65.20,65.20,65.20,65.20,0
19741101,65.10,65.10,65.10,65.10,0
19741104,64.60,64.60,64.60,64.60,0
19741105,66.00,66.00,66.00,66.00,0
19741106,66.10,66.10,66.10,66.10,0
19741107,66.60,66.60,66.60,66.60,0
19741108,66.50,66.50,66.50,66.50,0
19741111,66.70,66.70,66.70,66.70,0
19741112,65.40,65.40,65.40,65.40,0
19741113,65.00,65.00,65.00,65.00,0
19741114,65.00,65.00,65.00,65.00,0
19741115,64.40,64.40,64.40,64.40,0
19741118,62.10,62.10,62.10,62.10,0
19741119,60.90,60.90,60.90,60.90,0
19741120,60.80,60.80,60.80,60.80,0
19741121,61.50,61.50,61.50,61.50,0
19741122,62.10,62.10,62.10,62.10,0
19741125,61.70,61.70,61.70,61.70,0
19741126,62.60,62.60,62.60,62.60,0
19741127,62.80,62.80,62.80,62.80,0
19741129,62.90,62.90,62.90,62.90,0
19741202,61.70,61.70,61.70,61.70,0
19741203,60.50,60.50,60.50,60.50,0
19741204,60.40,60.40,60.40,60.40,0
19741205,58.90,58.90,58.90,58.90,0
19741206,58.20,58.20,58.20,58.20,0
19741209,57.90,57.90,57.90,57.90,0
19741210,58.80,58.80,58.80,58.80,0
19741211,59.30,59.30,59.30,59.30,0
19741212,59.40,59.40,59.40,59.40,0
19741213,59.20,59.20,59.20,59.20,0
19741216,58.80,58.80,58.80,58.80,0
19741217,59.20,59.20,59.20,59.20,0
19741218,59.60,59.60,59.60,59.60,0
19741219,59.50,59.50,59.50,59.50,0
19741220,58.70,58.70,58.70,58.70,0
19741223,57.90,57.90,57.90,57.90,0
19741224,58.30,58.30,58.30,58.30,0
19741226,58.90,58.90,58.90,58.90,0
19741227,58.70,58.70,58.70,58.70,0
19741230,58.80,58.80,58.80,58.80,0
19741231,59.80,59.80,59.80,59.80,0
19750102,60.70,60.70,60.70,60.70,0
19750103,61.20,61.20,61.20,61.20,0
19750106,61.70,61.70,61.70,61.70,0
19750107,61.90,61.90,61.90,61.90,0
19750108,61.50,61.50,61.50,61.50,0
19750109,62.40,62.40,62.40,62.40,0
19750110,63.70,63.70,63.70,63.70,0
19750113,63.30,63.30,63.30,63.30,0
19750114,63.10,63.10,63.10,63.10,0
19750115,63.90,63.90,63.90,63.90,0
19750116,64.80,64.80,64.80,64.80,0
19750117,64.40,64.40,64.40,64.40,0
19750120,64.40,64.40,64.40,64.40,0
19750121,64.20,64.20,64.20,64.20,0
19750122,64.10,64.10,64.10,64.10,0
19750123,64.50,64.50,64.50,64.50,0
19750124,65.40,65.40,65.40,65.40,0
19750127,67.00,67.00,67.00,67.00,0
19750128,67.90,67.90,67.90,67.90,0
19750129,69.10,69.10,69.10,69.10,0
19750130,69.00,69.00,69.00,69.00,0
19750131,69.80,69.80,69.80,69.80,0
19750203,70.70,70.70,70.70,70.70,0
19750204,70.10,70.10,70.10,70.10,0
19750205,71.10,71.10,71.10,71.10,0
19750206,71.50,71.50,71.50,71.50,0
19750207,71.10,71.10,71.10,71.10,0
19750210,70.80,70.80,70.80,70.80,0
19750211,70.80,70.80,70.80,70.80,0
19750212,71.60,71.60,71.60,71.60,0
19750213,72.90,72.90,72.90,72.90,0
19750214,73.30,73.30,73.30,73.30,0
19750218,72.50,72.50,72.50,72.50,0
19750219,72.90,72.90,72.90,72.90,0
19750220,73.60,73.60,73.60,73.60,0
19750221,73.80,73.80,73.80,73.80,0
19750224,73.10,73.10,73.10,73.10,0
19750225,72.10,72.10,72.10,72.10,0
19750226,72.20,72.20,72.20,72.20,0
19750227,72.50,72.50,72.50,72.50,0
19750303,73.80,73.80,73.80,73.80,0
19750304,74.20,74.20,74.20,74.20,0
19750305,73.90,73.90,73.90,73.90,0
19750306,74.00,74.00,74.00,74.00,0
19750307,74.40,74.40,74.40,74.40,0
19750310,74.90,74.90,74.90,74.90,0
19750311,75.00,75.00,75.00,75.00,0
19750312,74.10,74.10,74.10,74.10,0
19750313,74.70,74.70,74.70,74.70,0
19750314,76.10,76.10,76.10,76.10,0
19750317,76.30,76.30,76.30,76.30,0
19750318,76.20,76.20,76.20,76.20,0
19750319,75.70,75.70,75.70,75.70,0
19750320,75.80,75.80,75.80,75.80,0
19750321,75.90,75.90,75.90,75.90,0
19750324,74.40,74.40,74.40,74.40,0
19750325,74.30,74.30,74.30,74.30,0
19750326,75.60,75.60,75.60,75.60,0
19750327,76.20,76.20,76.20,76.20,0
19750331,75.70,75.70,75.70,75.70,0
19750401,75.40,75.40,75.40,75.40,0
19750402,75.60,75.60,75.60,75.60,0
19750403,74.90,74.90,74.90,74.90,0
19750404,74.70,74.70,74.70,74.70,0
19750407,74.30,74.30,74.30,74.30,0
19750408,74.50,74.50,74.50,74.50,0
19750409,75.40,75.40,75.40,75.40,0
19750410,75.80,75.80,75.80,75.80,0
19750411,76.30,76.30,76.30,76.30,0
19750414,77.30,77.30,77.30,77.30,0
19750415,77.50,77.50,77.50,77.50,0
19750416,78.00,78.00,78.00,78.00,0
19750417,78.30,78.30,78.30,78.30,0
19750418,78.10,78.10,78.10,78.10,0
19750421,79.10,79.10,79.10,79.10,0
19750422,78.50,78.50,78.50,78.50,0
19750423,78.20,78.20,78.20,78.20,0
19750424,78.10,78.10,78.10,78.10,0
19750425,78.60,78.60,78.60,78.60,0
19750428,78.30,78.30,78.30,78.30,0
19750429,77.80,77.80,77.80,77.80,0
19750430,78.50,78.50,78.50,78.50,0
19750501,79.30,79.30,79.30,79.30,0
19750502,80.30,80.30,80.30,80.30,0
19750505,81.10,81.10,81.10,81.10,0
19750506,80.80,80.80,80.80,80.80,0
19750507,81.30,81.30,81.30,81.30,0
19750508,82.10,82.10,82.10,82.10,0
19750509,82.80,82.80,82.80,82.80,0
19750512,82.30,82.30,82.30,82.30,0
19750513,82.30,82.30,82.30,82.30,0
19750514,82.90,82.90,82.90,82.90,0
19750515,82.80,82.80,82.80,82.80,0
19750516,82.40,82.40,82.40,82.40,0
19750519,82.00,82.00,82.00,82.00,0
19750520,81.80,81.80,81.80,81.80,0
19750521,80.90,80.90,80.90,80.90,0
19750522,81.60,81.60,81.60,81.60,0
19750523,82.60,82.60,82.60,82.60,0
19750527,82.50,82.50,82.50,82.50,0
19750528,82.00,82.00,82.00,82.00,0
19750529,81.80,81.80,81.80,81.80,0
19750530,80.10,80.10,80.10,80.10,0
19750602,83.90,83.90,83.90,83.90,0
19750603,84.10,84.10,84.10,84.10,0
19750604,84.10,84.10,84.10,84.10,0
19750605,84.20,84.20,84.20,84.20,0
19750606,84.80,84.80,84.80,84.80,0
19750609,84.00,84.00,84.00,84.00,0
19750610,83.40,83.40,83.40,83.40,0
19750611,83.60,83.60,83.60,83.60,0
19750612,82.90,82.90,82.90,82.90,0
19750613,83.40,83.40,83.40,83.40,0
19750616,84.00,84.00,84.00,84.00,0
19750617,83.40,83.40,83.40,83.40,0
19750618,83.50,83.50,83.50,83.50,0
19750619,84.60,84.60,84.60,84.60,0
19750620,85.20,85.20,85.20,85.20,0
19750623,85.80,85.80,85.80,85.80,0
19750624,86.20,86.20,86.20,86.20,0
19750625,86.30,86.30,86.30,86.30,0
19750626,86.40,86.40,86.40,86.40,0
19750627,86.50,86.50,86.50,86.50,0
19750630,87.00,87.00,87.00,87.00,0
19750701,86.30,86.30,86.30,86.30,0
19750702,85.60,85.60,85.60,85.60,0
19750703,86.20,86.20,86.20,86.20,0
19750707,85.60,85.60,85.60,85.60,0
19750708,85.40,85.40,85.40,85.40,0
19750709,86.50,86.50,86.50,86.50,0
19750710,86.80,86.80,86.80,86.80,0
19750711,87.20,87.20,87.20,87.20,0
19750714,87.60,87.60,87.60,87.60,0
19750715,88.00,88.00,88.00,88.00,0
19750716,87.40,87.40,87.40,87.40,0
19750717,87.10,87.10,87.10,87.10,0
19750718,87.00,87.00,87.00,87.00,0
19750721,86.80,86.80,86.80,86.80,0
19750722,85.70,85.70,85.70,85.70,0
19750723,84.60,84.60,84.60,84.60,0
19750724,84.10,84.10,84.10,84.10,0
19750725,83.60,83.60,83.60,83.60,0
19750728,83.10,83.10,83.10,83.10,0
19750729,82.70,82.70,82.70,82.70,0
19750730,83.00,83.00,83.00,83.00,0
19750731,83.20,83.20,83.20,83.20,0
19750801,81.80,81.80,81.80,81.80,0
19750804,81.00,81.00,81.00,81.00,0
19750805,80.20,80.20,80.20,80.20,0
19750806,80.20,80.20,80.20,80.20,0
19750807,79.60,79.60,79.60,79.60,0
19750808,79.60,79.60,79.60,79.60,0
19750811,79.40,79.40,79.40,79.40,0
19750812,79.60,79.60,79.60,79.60,0
19750813,79.10,79.10,79.10,79.10,0
19750814,78.40,78.40,78.40,78.40,0
19750815,78.60,78.60,78.60,78.60,0
19750818,78.00,78.00,78.00,78.00,0
19750819,76.60,76.60,76.60,76.60,0
19750820,75.50,75.50,75.50,75.50,0
19750821,75.90,75.90,75.90,75.90,0
19750822,76.40,76.40,76.40,76.40,0
19750825,76.80,76.80,76.80,76.80,0
19750826,76.20,76.20,76.20,76.20,0
19750827,76.60,76.60,76.60,76.60,0
19750828,78.10,78.10,78.10,78.10,0
19750829,79.00,79.00,79.00,79.00,0
19750902,77.90,77.90,77.90,77.90,0
19750903,78.10,78.10,78.10,78.10,0
19750904,78.10,78.10,78.10,78.10,0
19750905,77.80,77.80,77.80,77.80,0
19750908,77.50,77.50,77.50,77.50,0
19750909,76.60,76.60,76.60,76.60,0
19750910,75.20,75.20,75.20,75.20,0
19750911,74.80,74.80,74.80,74.80,0
19750912,74.70,74.70,74.70,74.70,0
19750915,74.50,74.50,74.50,74.50,0
19750916,73.80,73.80,73.80,73.80,0
19750917,73.90,73.90,73.90,73.90,0
19750918,74.80,74.80,74.80,74.80,0
19750919,76.40,76.40,76.40,76.40,0
19750922,75.90,75.90,75.90,75.90,0
19750923,75.90,75.90,75.90,75.90,0
19750924,76.40,76.40,76.40,76.40,0
19750925,76.10,76.10,76.10,76.10,0
19750926,76.10,76.10,76.10,76.10,0
19750929,75.40,75.40,75.40,75.40,0
19750930,74.30,74.30,74.30,74.30,0
19751001,73.80,73.80,73.80,73.80,0
19751002,74.20,74.20,74.20,74.20,0
19751003,75.50,75.50,75.50,75.50,0
19751006,76.00,76.00,76.00,76.00,0
19751007,75.90,75.90,75.90,75.90,0
19751008,76.60,76.60,76.60,76.60,0
19751009,76.90,76.90,76.90,76.90,0
19751010,77.00,77.00,77.00,77.00,0
19751013,77.70,77.70,77.70,77.70,0
19751014,78.20,78.20,78.20,78.20,0
19751015,78.20,78.20,78.20,78.20,0
19751016,78.20,78.20,78.20,78.20,0
19751017,77.60,77.60,77.60,77.60,0
19751020,78.10,78.10,78.10,78.10,0
19751021,78.40,78.40,78.40,78.40,0
19751022,78.90,78.90,78.90,78.90,0
19751023,79.10,79.10,79.10,79.10,0
19751024,78.60,78.60,78.60,78.60,0
19751027,78.30,78.30,78.30,78.30,0
19751028,78.70,78.70,78.70,78.70,0
19751029,77.60,77.60,77.60,77.60,0
19751030,77.40,77.40,77.40,77.40,0
19751031,77.00,77.00,77.00,77.00,0
19751103,76.60,76.60,76.60,76.60,0
19751104,76.90,76.90,76.90,76.90,0
19751105,77.30,77.30,77.30,77.30,0
19751106,77.40,77.40,77.40,77.40,0
19751107,77.20,77.20,77.20,77.20,0
19751110,77.50,77.50,77.50,77.50,0
19751111,78.00,78.00,78.00,78.00,0
19751112,79.30,79.30,79.30,79.30,0
19751113,79.20,79.20,79.20,79.20,0
19751114,79.00,79.00,79.00,79.00,0
19751117,79.10,79.10,79.10,79.10,0
19751118,78.60,78.60,78.60,78.60,0
19751119,77.90,77.90,77.90,77.90,0
19751120,77.70,77.70,77.70,77.70,0
19751121,77.70,77.70,77.70,77.70,0
19751124,77.90,77.90,77.90,77.90,0
19751125,78.20,78.20,78.20,78.20,0
19751126,78.60,78.60,78.60,78.60,0
19751128,78.80,78.80,78.80,78.80,0
19751201,78.70,78.70,78.70,78.70,0
19751202,77.30,77.30,77.30,77.30,0
19751203,75.70,75.70,75.70,75.70,0
19751204,75.20,75.20,75.20,75.20,0
19751205,74.70,74.70,74.70,74.70,0
19751208,74.90,74.90,74.90,74.90,0
19751209,74.50,74.50,74.50,74.50,0
19751210,75.30,75.30,75.30,75.30,0
19751211,75.10,75.10,75.10,75.10,0
19751212,74.90,74.90,74.90,74.90,0
19751215,74.50,74.50,74.50,74.50,0
19751216,75.20,75.20,75.20,75.20,0
19751217,75.80,75.80,75.80,75.80,0
19751218,76.10,76.10,76.10,76.10,0
19751219,75.90,75.90,75.90,75.90,0
19751222,75.60,75.60,75.60,75.60,0
19751223,75.90,75.90,75.90,75.90,0
19751224,71.20,71.20,71.20,71.20,0
19751226,77.10,77.10,77.10,77.10,0
19751229,76.90,76.90,76.90,76.90,0
19751230,76.70,76.70,76.70,76.70,0
19751231,77.60,77.60,77.60,77.60,0
19760102,78.10,78.10,78.10,78.10,0
19760105,78.80,78.80,78.80,78.80,0
19760106,80.30,80.30,80.30,80.30,0
19760107,81.00,81.00,81.00,81.00,0
19760108,81.60,81.60,81.60,81.60,0
19760109,82.30,82.30,82.30,82.30,0
19760112,82.70,82.70,82.70,82.70,0
19760113,82.40,82.40,82.40,82.40,0
19760114,83.60,83.60,83.60,83.60,0
19760115,83.70,83.70,83.70,83.70,0
19760116,84.30,84.30,84.30,84.30,0
19760119,84.70,84.70,84.70,84.70,0
19760120,84.90,84.90,84.90,84.90,0
19760121,84.90,84.90,84.90,84.90,0
19760122,84.60,84.60,84.60,84.60,0
19760123,85.30,85.30,85.30,85.30,0
19760126,85.10,85.10,85.10,85.10,0
19760127,84.80,84.80,84.80,84.80,0
19760128,84.60,84.60,84.60,84.60,0
19760129,86.10,86.10,86.10,86.10,0
19760130,87.10,87.10,87.10,87.10,0
19760202,87.30,87.30,87.30,87.30,0
19760203,87.40,87.40,87.40,87.40,0
19760204,88.40,88.40,88.40,88.40,0
19760205,88.00,88.00,88.00,88.00,0
19760206,87.30,87.30,87.30,87.30,0
19760209,87.80,87.80,87.80,87.80,0
19760210,87.90,87.90,87.90,87.90,0
19760211,88.70,88.70,88.70,88.70,0
19760212,88.90,88.90,88.90,88.90,0
19760213,89.00,89.00,89.00,89.00,0
19760217,88.80,88.80,88.80,88.80,0
19760218,89.20,89.20,89.20,89.20,0
19760219,90.10,90.10,90.10,90.10,0
19760220,91.00,91.00,91.00,91.00,0
19760223,91.30,91.30,91.30,91.30,0
19760224,91.70,91.70,91.70,91.70,0
19760225,92.10,92.10,92.10,92.10,0
19760226,91.40,91.40,91.40,91.40,0
19760227,90.30,90.30,90.30,90.30,0
19760301,90.30,90.30,90.30,90.30,0
19760302,90.50,90.50,90.50,90.50,0
19760303,90.20,90.20,90.20,90.20,0
19760304,89.60,89.60,89.60,89.60,0
19760305,89.50,89.50,89.50,89.50,0
19760308,90.00,90.00,90.00,90.00,0
19760309,90.00,90.00,90.00,90.00,0
19760310,90.20,90.20,90.20,90.20,0
19760311,91.20,91.20,91.20,91.20,0
19760312,91.00,91.00,91.00,91.00,0
19760315,89.70,89.70,89.70,89.70,0
19760316,89.90,89.90,89.90,89.90,0
19760317,90.10,90.10,90.10,90.10,0
19760318,89.60,89.60,89.60,89.60,0
19760319,89.50,89.50,89.50,89.50,0
19760322,89.70,89.70,89.70,89.70,0
19760323,90.40,90.40,90.40,90.40,0
19760324,90.90,90.90,90.90,90.90,0
19760325,90.70,90.70,90.70,90.70,0
19760326,90.90,90.90,90.90,90.90,0
19760329,90.70,90.70,90.70,90.70,0
19760330,90.50,90.50,90.50,90.50,0
19760331,90.60,90.60,90.60,90.60,0
19760401,90.40,90.40,90.40,90.40,0
19760402,90.60,90.60,90.60,90.60,0
19760405,91.40,91.40,91.40,91.40,0
19760406,91.60,91.60,91.60,91.60,0
19760407,90.80,90.80,90.80,90.80,0
19760408,90.00,90.00,90.00,90.00,0
19760409,88.90,88.90,88.90,88.90,0
19760412,88.60,88.60,88.60,88.60,0
19760413,88.70,88.70,88.70,88.70,0
19760414,88.80,88.80,88.80,88.80,0
19760415,89.20,89.20,89.20,89.20,0
19760419,89.60,89.60,89.60,89.60,0
19760420,90.60,90.60,90.60,90.60,0
19760421,90.80,90.80,90.80,90.80,0
19760422,91.00,91.00,91.00,91.00,0
19760423,90.60,90.60,90.60,90.60,0
19760426,90.60,90.60,90.60,90.60,0
19760427,90.00,90.00,90.00,90.00,0
19760428,90.30,90.30,90.30,90.30,0
19760429,90.60,90.60,90.60,90.60,0
19760430,90.10,90.10,90.10,90.10,0
19760503,89.10,89.10,89.10,89.10,0
19760504,89.20,89.20,89.20,89.20,0
19760505,89.20,89.20,89.20,89.20,0
19760506,89.40,89.40,89.40,89.40,0
19760507,90.00,90.00,90.00,90.00,0
19760510,90.60,90.60,90.60,90.60,0
19760511,90.60,90.60,90.60,90.60,0
19760512,90.60,90.60,90.60,90.60,0
19760513,90.20,90.20,90.20,90.20,0
19760514,89.80,89.80,89.80,89.80,0
19760517,89.50,89.50,89.50,89.50,0
19760518,89.50,89.50,89.50,89.50,0
19760519,89.30,89.30,89.30,89.30,0
19760520,89.50,89.50,89.50,89.50,0
19760521,89.40,89.40,89.40,89.40,0
19760524,88.10,88.10,88.10,88.10,0
19760525,87.80,87.80,87.80,87.80,0
19760526,88.10,88.10,88.10,88.10,0
19760527,87.80,87.80,87.80,87.80,0
19760528,88.00,88.00,88.00,88.00,0
19760601,87.80,87.80,87.80,87.80,0
19760602,88.20,88.20,88.20,88.20,0
19760603,88.30,88.30,88.30,88.30,0
19760604,87.80,87.80,87.80,87.80,0
19760607,87.20,87.20,87.20,87.20,0
19760608,87.10,87.10,87.10,87.10,0
19760609,86.90,86.90,86.90,86.90,0
19760610,87.30,87.30,87.30,87.30,0
19760611,87.70,87.70,87.70,87.70,0
19760614,88.40,88.40,88.40,88.40,0
19760615,88.40,88.40,88.40,88.40,0
19760616,88.90,88.90,88.90,88.90,0
19760617,89.70,89.70,89.70,89.70,0
19760618,90.10,90.10,90.10,90.10,0
19760621,90.10,90.10,90.10,90.10,0
19760622,89.50,89.50,89.50,89.50,0
19760623,89.20,89.20,89.20,89.20,0
19760624,89.80,89.80,89.80,89.80,0
19760625,90.10,90.10,90.10,90.10,0
19760628,89.90,89.90,89.90,89.90,0
19760629,90.10,90.10,90.10,90.10,0
19760630,90.30,90.30,90.30,90.30,0
19760701,90.30,90.30,90.30,90.30,0
19760702,90.90,90.90,90.90,90.90,0
19760706,90.60,90.60,90.60,90.60,0
19760707,90.60,90.60,90.60,90.60,0
19760708,90.80,90.80,90.80,90.80,0
19760709,91.50,91.50,91.50,91.50,0
19760712,91.90,91.90,91.90,91.90,0
19760713,92.00,92.00,92.00,92.00,0
19760714,92.40,92.40,92.40,92.40,0
19760715,92.50,92.50,92.50,92.50,0
19760716,92.40,92.40,92.40,92.40,0
19760719,92.10,92.10,92.10,92.10,0
19760720,91.70,91.70,91.70,91.70,0
19760721,91.50,91.50,91.50,91.50,0
19760722,91.70,91.70,91.70,91.70,0
19760723,91.60,91.60,91.60,91.60,0
19760726,91.50,91.50,91.50,91.50,0
19760727,91.30,91.30,91.30,91.30,0
19760728,91.00,91.00,91.00,91.00,0
19760729,90.80,90.80,90.80,90.80,0
19760730,91.30,91.30,91.30,91.30,0
19760802,91.30,91.30,91.30,91.30,0
19760803,92.00,92.00,92.00,92.00,0
19760804,91.90,91.90,91.90,91.90,0
19760805,91.50,91.50,91.50,91.50,0
19760806,91.60,91.60,91.60,91.60,0
19760809,91.30,91.30,91.30,91.30,0
19760810,91.90,91.90,91.90,91.90,0
19760811,91.80,91.80,91.80,91.80,0
19760812,91.90,91.90,91.90,91.90,0
19760813,91.80,91.80,91.80,91.80,0
19760816,91.80,91.80,91.80,91.80,0
19760817,92.00,92.00,92.00,92.00,0
19760818,91.80,91.80,91.80,91.80,0
19760819,90.70,90.70,90.70,90.70,0
19760820,90.20,90.20,90.20,90.20,0
19760823,89.60,89.60,89.60,89.60,0
19760824,89.10,89.10,89.10,89.10,0
19760825,89.60,89.60,89.60,89.60,0
19760826,89.20,89.20,89.20,89.20,0
19760827,89.10,89.10,89.10,89.10,0
19760830,89.30,89.30,89.30,89.30,0
19760831,89.70,89.70,89.70,89.70,0
19760901,90.60,90.60,90.60,90.60,0
19760902,90.70,90.70,90.70,90.70,0
19760903,91.00,91.00,91.00,91.00,0
19760907,91.20,91.20,91.20,91.20,0
19760908,91.30,91.30,91.30,91.30,0
19760909,90.90,90.90,90.90,90.90,0
19760910,91.20,91.20,91.20,91.20,0
19760913,91.00,91.00,91.00,91.00,0
19760914,90.50,90.50,90.50,90.50,0
19760915,90.60,90.60,90.60,90.60,0
19760916,91.00,91.00,91.00,91.00,0
19760917,91.60,91.60,91.60,91.60,0
19760920,91.90,91.90,91.90,91.90,0
19760921,92.40,92.40,92.40,92.40,0
19760922,92.40,92.40,92.40,92.40,0
19760923,92.30,92.30,92.30,92.30,0
19760924,92.30,92.30,92.30,92.30,0
19760927,92.40,92.40,92.40,92.40,0
19760928,91.60,91.60,91.60,91.60,0
19760929,91.30,91.30,91.30,91.30,0
19760930,91.30,91.30,91.30,91.30,0
19761001,90.40,90.40,90.40,90.40,0
19761004,90.50,90.50,90.50,90.50,0
19761005,89.80,89.80,89.80,89.80,0
19761006,89.00,89.00,89.00,89.00,0
19761007,89.60,89.60,89.60,89.60,0
19761008,89.40,89.40,89.40,89.40,0
19761011,89.00,89.00,89.00,89.00,0
19761012,88.80,88.80,88.80,88.80,0
19761013,89.30,89.30,89.30,89.30,0
19761014,88.70,88.70,88.70,88.70,0
19761015,89.10,89.10,89.10,89.10,0
19761018,89.50,89.50,89.50,89.50,0
19761019,89.40,89.40,89.40,89.40,0
19761020,89.60,89.60,89.60,89.60,0
19761021,89.50,89.50,89.50,89.50,0
19761022,89.30,89.30,89.30,89.30,0
19761025,89.40,89.40,89.40,89.40,0
19761026,89.40,89.40,89.40,89.40,0
19761027,89.60,89.60,89.60,89.60,0
19761028,89.80,89.80,89.80,89.80,0
19761029,90.30,90.30,90.30,90.30,0
19761101,90.40,90.40,90.40,90.40,0
19761103,89.40,89.40,89.40,89.40,0
19761104,90.10,90.10,90.10,90.10,0
19761105,89.50,89.50,89.50,89.50,0
19761108,88.70,88.70,88.70,88.70,0
19761109,88.10,88.10,88.10,88.10,0
19761110,87.80,87.80,87.80,87.80,0
19761111,88.10,88.10,88.10,88.10,0
19761112,88.10,88.10,88.10,88.10,0
19761115,88.10,88.10,88.10,88.10,0
19761116,88.50,88.50,88.50,88.50,0
19761117,89.00,89.00,89.00,89.00,0
19761118,89.80,89.80,89.80,89.80,0
19761119,90.00,90.00,90.00,90.00,0
19761122,90.50,90.50,90.50,90.50,0
19761123,90.20,90.20,90.20,90.20,0
19761124,90.70,90.70,90.70,90.70,0
19761126,91.40,91.40,91.40,91.40,0
19761129,91.10,91.10,91.10,91.10,0
19761130,91.10,91.10,91.10,91.10,0
19761201,91.80,91.80,91.80,91.80,0
19761202,91.80,91.80,91.80,91.80,0
19761203,92.30,92.30,92.30,92.30,0
19761206,92.60,92.60,92.60,92.60,0
19761207,93.00,93.00,93.00,93.00,0
19761208,93.40,93.40,93.40,93.40,0
19761209,94.10,94.10,94.10,94.10,0
19761210,94.60,94.60,94.60,94.60,0
19761213,94.60,94.60,94.60,94.60,0
19761214,94.60,94.60,94.60,94.60,0
19761215,94.90,94.90,94.90,94.90,0
19761216,94.90,94.90,94.90,94.90,0
19761217,94.60,94.60,94.60,94.60,0
19761220,94.50,94.50,94.50,94.50,0
19761221,94.70,94.70,94.70,94.70,0
19761222,95.20,95.20,95.20,95.20,0
19761223,95.20,95.20,95.20,95.20,0
19761227,95.70,95.70,95.70,95.70,0
19761228,96.20,96.20,96.20,96.20,0
19761229,96.30,96.30,96.30,96.30,0
19761230,97.10,97.10,97.10,97.10,0
19761231,97.90,97.90,97.90,97.90,0
19770103,97.70,97.70,97.70,97.70,0
19770104,97.20,97.20,97.20,97.20,0
19770105,96.90,96.90,96.90,96.90,0
19770106,97.30,97.30,97.30,97.30,0
19770107,97.50,97.50,97.50,97.50,0
19770110,97.30,97.30,97.30,97.30,0
19770111,96.40,96.40,96.40,96.40,0
19770112,96.00,96.00,96.00,96.00,0
19770113,96.80,96.80,96.80,96.80,0
19770114,97.20,97.20,97.20,97.20,0
19770117,97.10,97.10,97.10,97.10,0
19770118,97.10,97.10,97.10,97.10,0
19770119,97.60,97.60,97.60,97.60,0
19770120,97.10,97.10,97.10,97.10,0
19770121,97.30,97.30,97.30,97.30,0
19770124,97.40,97.40,97.40,97.40,0
19770125,97.10,97.10,97.10,97.10,0
19770126,96.50,96.50,96.50,96.50,0
19770127,96.00,96.00,96.00,96.00,0
19770128,95.70,95.70,95.70,95.70,0
19770131,95.50,95.50,95.50,95.50,0
19770201,96.30,96.30,96.30,96.30,0
19770202,96.50,96.50,96.50,96.50,0
19770203,96.30,96.30,96.30,96.30,0
19770204,96.70,96.70,96.70,96.70,0
19770207,96.60,96.60,96.60,96.60,0
19770208,96.60,96.60,96.60,96.60,0
19770209,96.00,96.00,96.00,96.00,0
19770210,96.30,96.30,96.30,96.30,0
19770211,96.10,96.10,96.10,96.10,0
19770214,96.10,96.10,96.10,96.10,0
19770215,96.40,96.40,96.40,96.40,0
19770216,96.60,96.60,96.60,96.60,0
19770217,96.60,96.60,96.60,96.60,0
19770218,96.40,96.40,96.40,96.40,0
19770222,96.10,96.10,96.10,96.10,0
19770223,95.80,95.80,95.80,95.80,0
19770224,94.80,94.80,94.80,94.80,0
19770225,94.90,94.90,94.90,94.90,0
19770228,94.60,94.60,94.60,94.60,0
19770301,95.10,95.10,95.10,95.10,0
19770302,95.20,95.20,95.20,95.20,0
19770303,95.50,95.50,95.50,95.50,0
19770304,96.10,96.10,96.10,96.10,0
19770307,96.20,96.20,96.20,96.20,0
19770308,96.20,96.20,96.20,96.20,0
19770309,95.80,95.80,95.80,95.80,0
19770310,95.80,95.80,95.80,95.80,0
19770311,96.10,96.10,96.10,96.10,0
19770314,96.20,96.20,96.20,96.20,0
19770315,96.40,96.40,96.40,96.40,0
19770316,96.60,96.60,96.60,96.60,0
19770317,96.40,96.40,96.40,96.40,0
19770318,96.40,96.40,96.40,96.40,0
19770321,96.30,96.30,96.30,96.30,0
19770322,96.10,96.10,96.10,96.10,0
19770323,95.80,95.80,95.80,95.80,0
19770324,95.50,95.50,95.50,95.50,0
19770325,95.30,95.30,95.30,95.30,0
19770328,94.80,94.80,94.80,94.80,0
19770329,94.90,94.90,94.90,94.90,0
19770330,94.20,94.20,94.20,94.20,0
19770331,94.10,94.10,94.10,94.10,0
19770401,94.50,94.50,94.50,94.50,0
19770404,93.90,93.90,93.90,93.90,0
19770405,93.70,93.70,93.70,93.70,0
19770406,93.90,93.90,93.90,93.90,0
19770407,94.00,94.00,94.00,94.00,0
19770411,94.40,94.40,94.40,94.40,0
19770412,95.10,95.10,95.10,95.10,0
19770413,95.10,95.10,95.10,95.10,0
19770414,96.00,96.00,96.00,96.00,0
19770415,96.30,96.30,96.30,96.30,0
19770418,96.20,96.20,96.20,96.20,0
19770419,96.10,96.10,96.10,96.10,0
19770420,96.40,96.40,96.40,96.40,0
19770421,95.90,95.90,95.90,95.90,0
19770422,95.10,95.10,95.10,95.10,0
19770425,94.30,94.30,94.30,94.30,0
19770426,94.10,94.10,94.10,94.10,0
19770427,94.80,94.80,94.80,94.80,0
19770428,95.10,95.10,95.10,95.10,0
19770429,95.50,95.50,95.50,95.50,0
19770502,95.80,95.80,95.80,95.80,0
19770503,96.20,96.20,96.20,96.20,0
19770504,96.60,96.60,96.60,96.60,0
19770505,96.90,96.90,96.90,96.90,0
19770506,96.90,96.90,96.90,96.90,0
19770509,96.80,96.80,96.80,96.80,0
19770510,97.20,97.20,97.20,97.20,0
19770511,96.90,96.90,96.90,96.90,0
19770512,97.00,97.00,97.00,97.00,0
19770513,97.40,97.40,97.40,97.40,0
19770516,97.80,97.80,97.80,97.80,0
19770517,97.90,97.90,97.90,97.90,0
19770518,98.50,98.50,98.50,98.50,0
19770519,98.40,98.40,98.40,98.40,0
19770520,98.00,98.00,98.00,98.00,0
19770523,97.10,97.10,97.10,97.10,0
19770524,96.70,96.70,96.70,96.70,0
19770525,96.20,96.20,96.20,96.20,0
19770526,96.20,96.20,96.20,96.20,0
19770527,95.90,95.90,95.90,95.90,0
19770531,95.60,95.60,95.60,95.60,0
19770601,95.90,95.90,95.90,95.90,0
19770602,95.80,95.80,95.80,95.80,0
19770603,96.20,96.20,96.20,96.20,0
19770606,96.10,96.10,96.10,96.10,0
19770607,96.20,96.20,96.20,96.20,0
19770608,96.60,96.60,96.60,96.60,0
19770609,96.60,96.60,96.60,96.60,0
19770610,97.10,97.10,97.10,97.10,0
19770613,97.30,97.30,97.30,97.30,0
19770614,97.70,97.70,97.70,97.70,0
19770615,97.70,97.70,97.70,97.70,0
19770616,98.20,98.20,98.20,98.20,0
19770617,98.60,98.60,98.60,98.60,0
19770620,98.70,98.70,98.70,98.70,0
19770621,98.80,98.80,98.80,98.80,0
19770622,98.80,98.80,98.80,98.80,0
19770623,99.20,99.20,99.20,99.20,0
19770624,99.70,99.70,99.70,99.70,0
19770627,99.60,99.60,99.60,99.60,0
19770628,99.30,99.30,99.30,99.30,0
19770629,99.30,99.30,99.30,99.30,0
19770630,99.70,99.70,99.70,99.70,0
19770701,99.90,99.90,99.90,99.90,0
19770705,100.10,100.10,100.10,100.10,0
19770706,100.00,100.00,100.00,100.00,0
19770707,100.30,100.30,100.30,100.30,0
19770708,100.80,100.80,100.80,100.80,0
19770711,100.80,100.80,100.80,100.80,0
19770712,100.80,100.80,100.80,100.80,0
19770713,100.90,100.90,100.90,100.90,0
19770715,101.40,101.40,101.40,101.40,0
19770718,102.00,102.00,102.00,102.00,0
19770719,102.40,102.40,102.40,102.40,0
19770720,102.40,102.40,102.40,102.40,0
19770721,102.70,102.70,102.70,102.70,0
19770722,103.10,103.10,103.10,103.10,0
19770725,103.00,103.00,103.00,103.00,0
19770726,102.40,102.40,102.40,102.40,0
19770727,101.30,101.30,101.30,101.30,0
19770728,100.70,100.70,100.70,100.70,0
19770729,100.60,100.60,100.60,100.60,0
19770801,100.80,100.80,100.80,100.80,0
19770802,100.40,100.40,100.40,100.40,0
19770803,100.00,100.00,100.00,100.00,0
19770804,100.40,100.40,100.40,100.40,0
19770805,100.90,100.90,100.90,100.90,0
19770808,100.60,100.60,100.60,100.60,0
19770809,100.50,100.50,100.50,100.50,0
19770810,100.80,100.80,100.80,100.80,0
19770811,100.90,100.90,100.90,100.90,0
19770812,100.80,100.80,100.80,100.80,0
19770815,100.90,100.90,100.90,100.90,0
19770816,100.60,100.60,100.60,100.60,0
19770817,100.70,100.70,100.70,100.70,0
19770818,100.90,100.90,100.90,100.90,0
19770819,100.80,100.80,100.80,100.80,0
19770822,100.10,100.10,100.10,100.10,0
19770823,100.90,100.90,100.90,100.90,0
19770824,100.80,100.80,100.80,100.80,0
19770825,100.10,100.10,100.10,100.10,0
19770826,99.90,99.90,99.90,99.90,0
19770829,100.40,100.40,100.40,100.40,0
19770830,100.10,100.10,100.10,100.10,0
19770831,100.10,100.10,100.10,100.10,0
19770901,100.40,100.40,100.40,100.40,0
19770902,100.80,100.80,100.80,100.80,0
19770906,100.80,100.80,100.80,100.80,0
19770907,101.20,101.20,101.20,101.20,0
19770908,101.30,101.30,101.30,101.30,0
19770909,100.90,100.90,100.90,100.90,0
19770912,100.60,100.60,100.60,100.60,0
19770913,100.50,100.50,100.50,100.50,0
19770914,100.60,100.60,100.60,100.60,0
19770915,101.00,101.00,101.00,101.00,0
19770916,100.70,100.70,100.70,100.70,0
19770919,100.30,100.30,100.30,100.30,0
19770920,100.20,100.20,100.20,100.20,0
19770921,99.80,99.80,99.80,99.80,0
19770922,99.50,99.50,99.50,99.50,0
19770923,99.60,99.60,99.60,99.60,0
19770926,99.70,99.70,99.70,99.70,0
19770927,99.70,99.70,99.70,99.70,0
19770928,100.00,100.00,100.00,100.00,0
19770929,100.30,100.30,100.30,100.30,0
19770930,100.80,100.80,100.80,100.80,0
19771003,101.20,101.20,101.20,101.20,0
19771004,100.80,100.80,100.80,100.80,0
19771005,100.80,100.80,100.80,100.80,0
19771006,101.30,101.30,101.30,101.30,0
19771007,101.60,101.60,101.60,101.60,0
19771010,101.70,101.70,101.70,101.70,0
19771011,101.20,101.20,101.20,101.20,0
19771012,99.80,99.80,99.80,99.80,0
19771013,99.00,99.00,99.00,99.00,0
19771014,99.10,99.10,99.10,99.10,0
19771017,99.10,99.10,99.10,99.10,0
19771018,99.30,99.30,99.30,99.30,0
19771019,98.40,98.40,98.40,98.40,0
19771020,98.60,98.60,98.60,98.60,0
19771021,98.50,98.50,98.50,98.50,0
19771024,97.90,97.90,97.90,97.90,0
19771025,96.80,96.80,96.80,96.80,0
19771026,96.90,96.90,96.90,96.90,0
19771027,97.10,97.10,97.10,97.10,0
19771028,97.50,97.50,97.50,97.50,0
19771031,97.50,97.50,97.50,97.50,0
19771101,96.70,96.70,96.70,96.70,0
19771102,96.50,96.50,96.50,96.50,0
19771103,96.50,96.50,96.50,96.50,0
19771104,97.20,97.20,97.20,97.20,0
19771107,97.80,97.80,97.80,97.80,0
19771108,98.20,98.20,98.20,98.20,0
19771109,98.70,98.70,98.70,98.70,0
19771110,100.00,100.00,100.00,100.00,0
19771111,100.90,100.90,100.90,100.90,0
19771114,101.00,101.00,101.00,101.00,0
19771115,101.50,101.50,101.50,101.50,0
19771116,101.60,101.60,101.60,101.60,0
19771117,101.90,101.90,101.90,101.90,0
19771118,102.20,102.20,102.20,102.20,0
19771121,102.30,102.30,102.30,102.30,0
19771122,102.90,102.90,102.90,102.90,0
19771123,103.70,103.70,103.70,103.70,0
19771125,104.30,104.30,104.30,104.30,0
19771128,104.10,104.10,104.10,104.10,0
19771129,103.20,103.20,103.20,103.20,0
19771130,103.10,103.10,103.10,103.10,0
19771201,103.70,103.70,103.70,103.70,0
19771202,104.10,104.10,104.10,104.10,0
19771205,104.10,104.10,104.10,104.10,0
19771206,103.00,103.00,103.00,103.00,0
19771207,102.80,102.80,102.80,102.80,0
19771208,103.10,103.10,103.10,103.10,0
19771209,103.60,103.60,103.60,103.60,0
19771212,103.90,103.90,103.90,103.90,0
19771213,104.80,104.80,104.80,104.80,0
19771214,104.00,104.00,104.00,104.00,0
19771215,103.90,103.90,103.90,103.90,0
19771216,104.10,104.10,104.10,104.10,0
19771219,103.30,103.30,103.30,103.30,0
19771220,102.50,102.50,102.50,102.50,0
19771221,103.00,103.00,103.00,103.00,0
19771222,103.40,103.40,103.40,103.40,0
19771223,103.90,103.90,103.90,103.90,0
19771227,104.00,104.00,104.00,104.00,0
19771228,104.00,104.00,104.00,104.00,0
19771229,104.40,104.40,104.40,104.40,0
19771230,105.10,105.10,105.10,105.10,0
19780103,104.00,104.00,104.00,104.00,0
19780104,103.70,103.70,103.70,103.70,0
19780105,103.20,103.20,103.20,103.20,0
19780106,101.70,101.70,101.70,101.70,0
19780109,100.20,100.20,100.20,100.20,0
19780110,99.60,99.60,99.60,99.60,0
19780111,99.10,99.10,99.10,99.10,0
19780112,99.50,99.50,99.50,99.50,0
19780113,99.80,99.80,99.80,99.80,0
19780116,99.40,99.40,99.40,99.40,0
19780117,100.00,100.00,100.00,100.00,0
19780118,100.40,100.40,100.40,100.40,0
19780119,100.60,100.60,100.60,100.60,0
19780120,100.60,100.60,100.60,100.60,0
19780123,100.30,100.30,100.30,100.30,0
19780124,100.50,100.50,100.50,100.50,0
19780125,100.90,100.90,100.90,100.90,0
19780126,100.50,100.50,100.50,100.50,0
19780127,100.60,100.60,100.60,100.60,0
19780130,101.00,101.00,101.00,101.00,0
19780131,100.80,100.80,100.80,100.80,0
19780201,101.50,101.50,101.50,101.50,0
19780202,101.90,101.90,101.90,101.90,0
19780203,102.20,102.20,102.20,102.20,0
19780206,102.30,102.30,102.30,102.30,0
19780207,102.80,102.80,102.80,102.80,0
19780208,103.20,103.20,103.20,103.20,0
19780209,103.20,103.20,103.20,103.20,0
19780210,103.60,103.60,103.60,103.60,0
19780213,103.30,103.30,103.30,103.30,0
19780214,102.80,102.80,102.80,102.80,0
19780215,102.60,102.60,102.60,102.60,0
19780216,102.20,102.20,102.20,102.20,0
19780217,102.30,102.30,102.30,102.30,0
19780221,102.00,102.00,102.00,102.00,0
19780222,102.10,102.10,102.10,102.10,0
19780223,102.20,102.20,102.20,102.20,0
19780224,102.70,102.70,102.70,102.70,0
19780227,102.20,102.20,102.20,102.20,0
19780228,101.50,101.50,101.50,101.50,0
19780301,101.50,101.50,101.50,101.50,0
19780302,101.70,101.70,101.70,101.70,0
19780303,101.90,101.90,101.90,101.90,0
19780306,101.70,101.70,101.70,101.70,0
19780307,102.00,102.00,102.00,102.00,0
19780308,102.40,102.40,102.40,102.40,0
19780309,102.80,102.80,102.80,102.80,0
19780310,103.40,103.40,103.40,103.40,0
19780313,103.50,103.50,103.50,103.50,0
19780314,103.70,103.70,103.70,103.70,0
19780315,103.80,103.80,103.80,103.80,0
19780316,104.40,104.40,104.40,104.40,0
19780317,104.90,104.90,104.90,104.90,0
19780320,105.40,105.40,105.40,105.40,0
19780321,105.20,105.20,105.20,105.20,0
19780322,105.20,105.20,105.20,105.20,0
19780323,105.40,105.40,105.40,105.40,0
19780327,105.30,105.30,105.30,105.30,0
19780328,105.70,105.70,105.70,105.70,0
19780329,106.10,106.10,106.10,106.10,0
19780330,106.20,106.20,106.20,106.20,0
19780331,106.20,106.20,106.20,106.20,0
19780403,105.90,105.90,105.90,105.90,0
19780404,106.20,106.20,106.20,106.20,0
19780405,106.90,106.90,106.90,106.90,0
19780406,107.50,107.50,107.50,107.50,0
19780407,108.20,108.20,108.20,108.20,0
19780410,108.50,108.50,108.50,108.50,0
19780411,108.40,108.40,108.40,108.40,0
19780412,108.90,108.90,108.90,108.90,0
19780413,110.00,110.00,110.00,110.00,0
19780414,111.30,111.30,111.30,111.30,0
19780417,111.90,111.90,111.90,111.90,0
19780418,111.40,111.40,111.40,111.40,0
19780419,111.60,111.60,111.60,111.60,0
19780420,112.90,112.90,112.90,112.90,0
19780421,113.30,113.30,113.30,113.30,0
19780424,113.60,113.60,113.60,113.60,0
19780425,114.30,114.30,114.30,114.30,0
19780426,114.70,114.70,114.70,114.70,0
19780427,114.60,114.60,114.60,114.60,0
19780428,115.20,115.20,115.20,115.20,0
19780501,116.00,116.00,116.00,116.00,0
19780502,116.10,116.10,116.10,116.10,0
19780503,116.20,116.20,116.20,116.20,0
19780504,116.50,116.50,116.50,116.50,0
19780505,117.30,117.30,117.30,117.30,0
19780508,117.10,117.10,117.10,117.10,0
19780509,117.10,117.10,117.10,117.10,0
19780510,117.60,117.60,117.60,117.60,0
19780511,118.30,118.30,118.30,118.30,0
19780512,119.40,119.40,119.40,119.40,0
19780515,119.80,119.80,119.80,119.80,0
19780516,120.80,120.80,120.80,120.80,0
19780517,121.80,121.80,121.80,121.80,0
19780518,121.70,121.70,121.70,121.70,0
19780519,121.60,121.60,121.60,121.60,0
19780522,121.90,121.90,121.90,121.90,0
19780523,121.00,121.00,121.00,121.00,0
19780524,119.80,119.80,119.80,119.80,0
19780525,119.80,119.80,119.80,119.80,0
19780526,119.90,119.90,119.90,119.90,0
19780530,120.00,120.00,120.00,120.00,0
19780531,120.20,120.20,120.20,120.20,0
19780601,120.30,120.30,120.30,120.30,0
19780602,121.00,121.00,121.00,121.00,0
19780605,122.10,122.10,122.10,122.10,0
19780606,122.80,122.80,122.80,122.80,0
19780607,123.10,123.10,123.10,123.10,0
19780608,124.00,124.00,124.00,124.00,0
19780609,124.40,124.40,124.40,124.40,0
19780612,124.30,124.30,124.30,124.30,0
19780613,124.20,124.20,124.20,124.20,0
19780614,124.50,124.50,124.50,124.50,0
19780615,124.20,124.20,124.20,124.20,0
19780616,123.70,123.70,123.70,123.70,0
19780619,122.90,122.90,122.90,122.90,0
19780620,122.00,122.00,122.00,122.00,0
19780621,120.60,120.60,120.60,120.60,0
19780622,120.70,120.70,120.70,120.70,0
19780623,120.70,120.70,120.70,120.70,0
19780626,119.50,119.50,119.50,119.50,0
19780627,119.20,119.20,119.20,119.20,0
19780628,119.50,119.50,119.50,119.50,0
19780629,120.00,120.00,120.00,120.00,0
19780630,120.30,120.30,120.30,120.30,0
19780703,120.10,120.10,120.10,120.10,0
19780705,119.20,119.20,119.20,119.20,0
19780706,118.80,118.80,118.80,118.80,0
19780707,119.20,119.20,119.20,119.20,0
19780710,119.40,119.40,119.40,119.40,0
19780711,119.80,119.80,119.80,119.80,0
19780712,120.30,120.30,120.30,120.30,0
19780713,120.40,120.40,120.40,120.40,0
19780714,121.60,121.60,121.60,121.60,0
19780717,122.40,122.40,122.40,122.40,0
19780718,122.10,122.10,122.10,122.10,0
19780719,122.80,122.80,122.80,122.80,0
19780720,123.80,123.80,123.80,123.80,0
19780721,123.60,123.60,123.60,123.60,0
19780724,123.60,123.60,123.60,123.60,0
19780725,123.80,123.80,123.80,123.80,0
19780726,124.50,124.50,124.50,124.50,0
19780727,125.10,125.10,125.10,125.10,0
19780728,125.60,125.60,125.60,125.60,0
19780731,126.30,126.30,126.30,126.30,0
19780801,126.80,126.80,126.80,126.80,0
19780802,128.20,128.20,128.20,128.20,0
19780803,129.00,129.00,129.00,129.00,0
19780804,129.70,129.70,129.70,129.70,0
19780807,130.20,130.20,130.20,130.20,0
19780808,130.50,130.50,130.50,130.50,0
19780809,131.60,131.60,131.60,131.60,0
19780810,131.60,131.60,131.60,131.60,0
19780811,132.00,132.00,132.00,132.00,0
19780814,132.10,132.10,132.10,132.10,0
19780815,131.90,131.90,131.90,131.90,0
19780816,132.80,132.80,132.80,132.80,0
19780817,134.10,134.10,134.10,134.10,0
19780818,134.70,134.70,134.70,134.70,0
19780821,133.80,133.80,133.80,133.80,0
19780822,133.90,133.90,133.90,133.90,0
19780823,134.70,134.70,134.70,134.70,0
19780824,135.30,135.30,135.30,135.30,0
19780825,135.80,135.80,135.80,135.80,0
19780828,135.20,135.20,135.20,135.20,0
19780829,134.60,134.60,134.60,134.60,0
19780830,134.80,134.80,134.80,134.80,0
19780831,135.00,135.00,135.00,135.00,0
19780901,135.40,135.40,135.40,135.40,0
19780905,135.50,135.50,135.50,135.50,0
19780906,136.50,136.50,136.50,136.50,0
19780907,137.10,137.10,137.10,137.10,0
19780908,138.40,138.40,138.40,138.40,0
19780911,138.90,138.90,138.90,138.90,0
19780912,139.20,139.20,139.20,139.20,0
19780913,139.30,139.30,139.30,139.30,0
19780914,138.30,138.30,138.30,138.30,0
19780915,137.40,137.40,137.40,137.40,0
19780918,135.60,135.60,135.60,135.60,0
19780919,134.10,134.10,134.10,134.10,0
19780920,132.70,132.70,132.70,132.70,0
19780921,132.10,132.10,132.10,132.10,0
19780922,132.30,132.30,132.30,132.30,0
19780925,132.10,132.10,132.10,132.10,0
19780926,132.90,132.90,132.90,132.90,0
19780927,132.00,132.00,132.00,132.00,0
19780928,132.10,132.10,132.10,132.10,0
19780929,132.90,132.90,132.90,132.90,0
19781002,133.30,133.30,133.30,133.30,0
19781003,133.10,133.10,133.10,133.10,0
19781004,133.10,133.10,133.10,133.10,0
19781005,133.50,133.50,133.50,133.50,0
19781006,134.00,134.00,134.00,134.00,0
19781009,134.60,134.60,134.60,134.60,0
19781010,134.90,134.90,134.90,134.90,0
19781011,135.30,135.30,135.30,135.30,0
19781012,135.60,135.60,135.60,135.60,0
19781013,135.60,135.60,135.60,135.60,0
19781016,133.90,133.90,133.90,133.90,0
19781017,131.00,131.00,131.00,131.00,0
19781018,128.90,128.90,128.90,128.90,0
19781019,127.20,127.20,127.20,127.20,0
19781020,123.80,123.80,123.80,123.80,0
19781023,121.90,121.90,121.90,121.90,0
19781024,121.10,121.10,121.10,121.10,0
19781025,121.20,121.20,121.20,121.20,0
19781026,118.00,118.00,118.00,118.00,0
19781027,115.30,115.30,115.30,115.30,0
19781030,112.40,112.40,112.40,112.40,0
19781031,111.10,111.10,111.10,111.10,0
19781101,114.60,114.60,114.60,114.60,0
19781102,114.60,114.60,114.60,114.60,0
19781103,115.50,115.50,115.50,115.50,0
19781106,115.10,115.10,115.10,115.10,0
19781107,112.80,112.80,112.80,112.80,0
19781108,113.00,113.00,113.00,113.00,0
19781109,113.90,113.90,113.90,113.90,0
19781110,114.80,114.80,114.80,114.80,0
19781113,113.00,113.00,113.00,113.00,0
19781114,110.90,110.90,110.90,110.90,0
19781115,111.40,111.40,111.40,111.40,0
19781116,112.20,112.20,112.20,112.20,0
19781117,113.70,113.70,113.70,113.70,0
19781120,114.50,114.50,114.50,114.50,0
19781121,114.60,114.60,114.60,114.60,0
19781122,115.40,115.40,115.40,115.40,0
19781124,116.20,116.20,116.20,116.20,0
19781127,116.00,116.00,116.00,116.00,0
19781128,115.60,115.60,115.60,115.60,0
19781129,114.10,114.10,114.10,114.10,0
19781130,114.70,114.70,114.70,114.70,0
19781201,116.20,116.20,116.20,116.20,0
19781204,116.60,116.60,116.60,116.60,0
19781205,117.70,117.70,117.70,117.70,0
19781206,118.40,118.40,118.40,118.40,0
19781207,118.60,118.60,118.60,118.60,0
19781208,118.80,118.80,118.80,118.80,0
19781211,119.10,119.10,119.10,119.10,0
19781212,118.50,118.50,118.50,118.50,0
19781213,118.10,118.10,118.10,118.10,0
19781214,118.10,118.10,118.10,118.10,0
19781215,117.40,117.40,117.40,117.40,0
19781218,114.30,114.30,114.30,114.30,0
19781219,114.70,114.70,114.70,114.70,0
19781220,115.30,115.30,115.30,115.30,0
19781221,115.80,115.80,115.80,115.80,0
19781222,116.90,116.90,116.90,116.90,0
19781226,117.70,117.70,117.70,117.70,0
19781227,117.30,117.30,117.30,117.30,0
19781228,117.30,117.30,117.30,117.30,0
19781229,118.00,118.00,118.00,118.00,0
19790102,117.80,117.80,117.80,117.80,0
19790103,119.10,119.10,119.10,119.10,0
19790104,120.70,120.70,120.70,120.70,0
19790105,122.10,122.10,122.10,122.10,0
19790108,121.90,121.90,121.90,121.90,0
19790109,122.70,122.70,122.70,122.70,0
19790110,122.30,122.30,122.30,122.30,0
19790111,122.80,122.80,122.80,122.80,0
19790112,123.70,123.70,123.70,123.70,0
19790115,124.50,124.50,124.50,124.50,0
19790116,123.70,123.70,123.70,123.70,0
19790117,123.60,123.60,123.60,123.60,0
19790118,124.30,124.30,124.30,124.30,0
19790119,124.60,124.60,124.60,124.60,0
19790122,124.70,124.70,124.70,124.70,0
19790123,125.50,125.50,125.50,125.50,0
19790124,125.30,125.30,125.30,125.30,0
19790125,126.40,126.40,126.40,126.40,0
19790126,127.00,127.00,127.00,127.00,0
19790129,126.80,126.80,126.80,126.80,0
19790130,126.50,126.50,126.50,126.50,0
19790131,125.80,125.80,125.80,125.80,0
19790201,125.80,125.80,125.80,125.80,0
19790202,125.80,125.80,125.80,125.80,0
19790205,124.30,124.30,124.30,124.30,0
19790206,124.30,124.30,124.30,124.30,0
19790207,122.80,122.80,122.80,122.80,0
19790208,123.40,123.40,123.40,123.40,0
19790209,123.80,123.80,123.80,123.80,0
19790212,124.10,124.10,124.10,124.10,0
19790213,124.90,124.90,124.90,124.90,0
19790214,124.60,124.60,124.60,124.60,0
19790215,124.90,124.90,124.90,124.90,0
19790216,125.60,125.60,125.60,125.60,0
19790220,125.80,125.80,125.80,125.80,0
19790221,125.80,125.80,125.80,125.80,0
19790222,125.40,125.40,125.40,125.40,0
19790223,125.00,125.00,125.00,125.00,0
19790226,124.90,124.90,124.90,124.90,0
19790227,122.60,122.60,122.60,122.60,0
19790228,122.60,122.60,122.60,122.60,0
19790301,123.30,123.30,123.30,123.30,0
19790302,123.70,123.70,123.70,123.70,0
19790305,124.70,124.70,124.70,124.70,0
19790306,124.40,124.40,124.40,124.40,0
19790307,125.60,125.60,125.60,125.60,0
19790308,127.10,127.10,127.10,127.10,0
19790309,127.30,127.30,127.30,127.30,0
19790312,127.20,127.20,127.20,127.20,0
19790313,127.70,127.70,127.70,127.70,0
19790314,127.60,127.60,127.60,127.60,0
19790315,127.80,127.80,127.80,127.80,0
19790316,128.60,128.60,128.60,128.60,0
19790319,129.10,129.10,129.10,129.10,0
19790320,128.80,128.80,128.80,128.80,0
19790321,129.40,129.40,129.40,129.40,0
19790322,130.10,130.10,130.10,130.10,0
19790323,130.60,130.60,130.60,130.60,0
19790326,130.10,130.10,130.10,130.10,0
19790327,130.80,130.80,130.80,130.80,0
19790328,130.90,130.90,130.90,130.90,0
19790329,131.30,131.30,131.30,131.30,0
19790330,131.80,131.80,131.80,131.80,0
19790402,131.40,131.40,131.40,131.40,0
19790403,132.30,132.30,132.30,132.30,0
19790404,132.80,132.80,132.80,132.80,0
19790405,133.40,133.40,133.40,133.40,0
19790406,133.80,133.80,133.80,133.80,0
19790409,133.70,133.70,133.70,133.70,0
19790410,134.20,134.20,134.20,134.20,0
19790411,133.60,133.60,133.60,133.60,0
19790412,133.50,133.50,133.50,133.50,0
19790416,132.50,132.50,132.50,132.50,0
19790417,132.30,132.30,132.30,132.30,0
19790418,132.90,132.90,132.90,132.90,0
19790419,133.20,133.20,133.20,133.20,0
19790420,133.70,133.70,133.70,133.70,0
19790423,133.90,133.90,133.90,133.90,0
19790424,134.30,134.30,134.30,134.30,0
19790425,134.80,134.80,134.80,134.80,0
19790426,134.60,134.60,134.60,134.60,0
19790427,134.40,134.40,134.40,134.40,0
19790430,133.80,133.80,133.80,133.80,0
19790501,133.80,133.80,133.80,133.80,0
19790502,134.00,134.00,134.00,134.00,0
19790503,134.20,134.20,134.20,134.20,0
19790504,133.80,133.80,133.80,133.80,0
19790507,130.60,130.60,130.60,130.60,0
19790508,129.60,129.60,129.60,129.60,0
19790509,130.30,130.30,130.30,130.30,0
19790510,129.70,129.70,129.70,129.70,0
19790511,129.70,129.70,129.70,129.70,0
19790514,129.00,129.00,129.00,129.00,0
19790515,129.00,129.00,129.00,129.00,0
19790516,129.40,129.40,129.40,129.40,0
19790517,130.40,130.40,130.40,130.40,0
19790518,131.00,131.00,131.00,131.00,0
19790521,131.20,131.20,131.20,131.20,0
19790522,131.90,131.90,131.90,131.90,0
19790523,132.10,132.10,132.10,132.10,0
19790524,132.10,132.10,132.10,132.10,0
19790525,132.70,132.70,132.70,132.70,0
19790529,132.50,132.50,132.50,132.50,0
19790530,131.40,131.40,131.40,131.40,0
19790531,131.40,131.40,131.40,131.40,0
19790601,131.80,131.80,131.80,131.80,0
19790604,131.90,131.90,131.90,131.90,0
19790605,133.00,133.00,133.00,133.00,0
19790606,133.60,133.60,133.60,133.60,0
19790607,134.60,134.60,134.60,134.60,0
19790608,135.00,135.00,135.00,135.00,0
19790611,135.00,135.00,135.00,135.00,0
19790612,135.90,135.90,135.90,135.90,0
19790613,136.00,136.00,136.00,136.00,0
19790614,136.00,136.00,136.00,136.00,0
19790615,136.30,136.30,136.30,136.30,0
19790618,135.90,135.90,135.90,135.90,0
19790619,136.10,136.10,136.10,136.10,0
19790620,136.40,136.40,136.40,136.40,0
19790621,136.70,136.70,136.70,136.70,0
19790622,137.20,137.20,137.20,137.20,0
19790625,136.90,136.90,136.90,136.90,0
19790626,136.50,136.50,136.50,136.50,0
19790627,137.40,137.40,137.40,137.40,0
19790628,138.10,138.10,138.10,138.10,0
19790629,138.10,138.10,138.10,138.10,0
19790702,137.00,137.00,137.00,137.00,0
19790703,137.00,137.00,137.00,137.00,0
19790705,137.80,137.80,137.80,137.80,0
19790706,138.60,138.60,138.60,138.60,0
19790709,139.10,139.10,139.10,139.10,0
19790710,139.00,139.00,139.00,139.00,0
19790711,138.90,138.90,138.90,138.90,0
19790712,138.70,138.70,138.70,138.70,0
19790713,138.50,138.50,138.50,138.50,0
19790716,138.90,138.90,138.90,138.90,0
19790717,137.90,137.90,137.90,137.90,0
19790718,137.30,137.30,137.30,137.30,0
19790719,137.60,137.60,137.60,137.60,0
19790720,138.00,138.00,138.00,138.00,0
19790723,137.60,137.60,137.60,137.60,0
19790724,138.00,138.00,138.00,138.00,0
19790725,139.00,139.00,139.00,139.00,0
19790726,139.50,139.50,139.50,139.50,0
19790727,140.00,140.00,140.00,140.00,0
19790730,140.50,140.50,140.50,140.50,0
19790731,141.30,141.30,141.30,141.30,0
19790801,141.90,141.90,141.90,141.90,0
19790802,142.50,142.50,142.50,142.50,0
19790803,142.60,142.60,142.60,142.60,0
19790806,142.40,142.40,142.40,142.40,0
19790807,143.30,143.30,143.30,143.30,0
19790808,144.10,144.10,144.10,144.10,0
19790809,144.30,144.30,144.30,144.30,0
19790810,145.10,145.10,145.10,145.10,0
19790813,146.10,146.10,146.10,146.10,0
19790814,146.30,146.30,146.30,146.30,0
19790815,147.10,147.10,147.10,147.10,0
19790816,147.40,147.40,147.40,147.40,0
19790817,147.80,147.80,147.80,147.80,0
19790820,147.90,147.90,147.90,147.90,0
19790821,148.00,148.00,148.00,148.00,0
19790822,148.80,148.80,148.80,148.80,0
19790823,149.10,149.10,149.10,149.10,0
19790824,149.40,149.40,149.40,149.40,0
19790827,149.50,149.50,149.50,149.50,0
19790828,149.50,149.50,149.50,149.50,0
19790829,150.00,150.00,150.00,150.00,0
19790830,150.10,150.10,150.10,150.10,0
19790831,150.40,150.40,150.40,150.40,0
19790904,148.50,148.50,148.50,148.50,0
19790905,146.00,146.00,146.00,146.00,0
19790906,146.90,146.90,146.90,146.90,0
19790907,148.10,148.10,148.10,148.10,0
19790910,148.90,148.90,148.90,148.90,0
19790911,148.40,148.40,148.40,148.40,0
19790912,148.70,148.70,148.70,148.70,0
19790913,149.30,149.30,149.30,149.30,0
19790914,150.60,150.60,150.60,150.60,0
19790917,150.50,150.50,150.50,150.50,0
19790918,149.20,149.20,149.20,149.20,0
19790919,149.40,149.40,149.40,149.40,0
19790920,150.20,150.20,150.20,150.20,0
19790921,150.60,150.60,150.60,150.60,0
19790924,150.10,150.10,150.10,150.10,0
19790925,149.30,149.30,149.30,149.30,0
19790926,149.90,149.90,149.90,149.90,0
19790927,150.40,150.40,150.40,150.40,0
19790928,150.00,150.00,150.00,150.00,0
19791001,149.60,149.60,149.60,149.60,0
19791002,150.00,150.00,150.00,150.00,0
19791003,150.50,150.50,150.50,150.50,0
19791004,151.40,151.40,151.40,151.40,0
19791005,152.30,152.30,152.30,152.30,0
19791008,151.00,151.00,151.00,151.00,0
19791009,145.20,145.20,145.20,145.20,0
19791010,139.30,139.30,139.30,139.30,0
19791011,140.10,140.10,140.10,140.10,0
19791012,140.70,140.70,140.70,140.70,0
19791015,138.40,138.40,138.40,138.40,0
19791016,138.30,138.30,138.30,138.30,0
19791017,139.00,139.00,139.00,139.00,0
19791018,139.50,139.50,139.50,139.50,0
19791019,136.60,136.60,136.60,136.60,0
19791022,133.20,133.20,133.20,133.20,0
19791023,132.60,132.60,132.60,132.60,0
19791024,133.00,133.00,133.00,133.00,0
19791025,132.70,132.70,132.70,132.70,0
19791026,133.80,133.80,133.80,133.80,0
19791029,133.90,133.90,133.90,133.90,0
19791030,135.50,135.50,135.50,135.50,0
19791031,135.50,135.50,135.50,135.50,0
19791101,136.40,136.40,136.40,136.40,0
19791102,136.90,136.90,136.90,136.90,0
19791105,136.10,136.10,136.10,136.10,0
19791106,135.70,135.70,135.70,135.70,0
19791107,134.10,134.10,134.10,134.10,0
19791108,134.80,134.80,134.80,134.80,0
19791109,135.90,135.90,135.90,135.90,0
19791112,137.10,137.10,137.10,137.10,0
19791113,137.10,137.10,137.10,137.10,0
19791114,137.80,137.80,137.80,137.80,0
19791115,138.90,138.90,138.90,138.90,0
19791116,139.10,139.10,139.10,139.10,0
19791119,140.00,140.00,140.00,140.00,0
19791120,139.50,139.50,139.50,139.50,0
19791121,138.90,138.90,138.90,138.90,0
19791123,139.90,139.90,139.90,139.90,0
19791126,141.90,141.90,141.90,141.90,0
19791127,142.60,142.60,142.60,142.60,0
19791128,143.50,143.50,143.50,143.50,0
19791129,144.20,144.20,144.20,144.20,0
19791130,144.30,144.30,144.30,144.30,0
19791203,143.90,143.90,143.90,143.90,0
19791204,144.80,144.80,144.80,144.80,0
19791205,145.90,145.90,145.90,145.90,0
19791206,147.00,147.00,147.00,147.00,0
19791207,147.50,147.50,147.50,147.50,0
19791210,148.00,148.00,148.00,148.00,0
19791211,147.80,147.80,147.80,147.80,0
19791212,148.50,148.50,148.50,148.50,0
19791213,149.00,149.00,149.00,149.00,0
19791214,150.00,150.00,150.00,150.00,0
19791217,150.60,150.60,150.60,150.60,0
19791218,149.70,149.70,149.70,149.70,0
19791219,149.60,149.60,149.60,149.60,0
19791220,150.30,150.30,150.30,150.30,0
19791221,150.20,150.20,150.20,150.20,0
19791224,150.00,150.00,150.00,150.00,0
19791226,150.00,150.00,150.00,150.00,0
19791227,150.20,150.20,150.20,150.20,0
19791228,150.80,150.80,150.80,150.80,0
19791231,151.10,151.10,151.10,151.10,0
19800102,148.20,148.20,148.20,148.20,0
19800103,146.00,146.00,146.00,146.00,0
19800104,148.00,148.00,148.00,148.00,0
19800107,148.60,148.60,148.60,148.60,0
19800108,150.70,150.70,150.70,150.70,0
19800109,151.60,151.60,151.60,151.60,0
19800110,153.10,153.10,153.10,153.10,0
19800111,153.90,153.90,153.90,153.90,0
19800114,154.40,154.40,154.40,154.40,0
19800115,155.00,155.00,155.00,155.00,0
19800116,156.00,156.00,156.00,156.00,0
19800117,155.80,155.80,155.80,155.80,0
19800118,156.10,156.10,156.10,156.10,0
19800121,157.40,157.40,157.40,157.40,0
19800122,156.90,156.90,156.90,156.90,0
19800123,158.50,158.50,158.50,158.50,0
19800124,159.20,159.20,159.20,159.20,0
19800125,159.70,159.70,159.70,159.70,0
19800128,160.70,160.70,160.70,160.70,0
19800129,160.30,160.30,160.30,160.30,0
19800130,161.30,161.30,161.30,161.30,0
19800131,161.80,161.80,161.80,161.80,0
19800201,162.30,162.30,162.30,162.30,0
19800204,162.00,162.00,162.00,162.00,0
19800205,162.20,162.20,162.20,162.20,0
19800206,163.00,163.00,163.00,163.00,0
19800207,163.80,163.80,163.80,163.80,0
19800208,165.30,165.30,165.30,165.30,0
19800211,164.50,164.50,164.50,164.50,0
19800212,164.60,164.60,164.60,164.60,0
19800213,165.00,165.00,165.00,165.00,0
19800214,163.50,163.50,163.50,163.50,0
19800215,162.60,162.60,162.60,162.60,0
19800219,161.10,161.10,161.10,161.10,0
19800220,162.10,162.10,162.10,162.10,0
19800221,161.30,161.30,161.30,161.30,0
19800222,160.10,160.10,160.10,160.10,0
19800225,158.00,158.00,158.00,158.00,0
19800226,158.50,158.50,158.50,158.50,0
19800227,157.70,157.70,157.70,157.70,0
19800228,157.50,157.50,157.50,157.50,0
19800229,158.00,158.00,158.00,158.00,0
19800303,156.90,156.90,156.90,156.90,0
19800304,155.40,155.40,155.40,155.40,0
19800305,152.90,152.90,152.90,152.90,0
19800306,148.60,148.60,148.60,148.60,0
19800307,146.20,146.20,146.20,146.20,0
19800310,143.80,143.80,143.80,143.80,0
19800311,144.60,144.60,144.60,144.60,0
19800312,144.60,144.60,144.60,144.60,0
19800313,145.00,145.00,145.00,145.00,0
19800314,144.40,144.40,144.40,144.40,0
19800317,139.70,139.70,139.70,139.70,0
19800318,138.90,138.90,138.90,138.90,0
19800319,140.00,140.00,140.00,140.00,0
19800320,139.60,139.60,139.60,139.60,0
19800321,138.80,138.80,138.80,138.80,0
19800324,134.60,134.60,134.60,134.60,0
19800325,132.50,132.50,132.50,132.50,0
19800326,132.20,132.20,132.20,132.20,0
19800327,124.10,124.10,124.10,124.10,0
19800328,129.30,129.30,129.30,129.30,0
19800331,131.00,131.00,131.00,131.00,0
19800401,133.10,133.10,133.10,133.10,0
19800402,135.80,135.80,135.80,135.80,0
19800403,136.00,136.00,136.00,136.00,0
19800407,133.40,133.40,133.40,133.40,0
19800408,133.50,133.50,133.50,133.50,0
19800409,136.00,136.00,136.00,136.00,0
19800410,137.30,137.30,137.30,137.30,0
19800411,137.80,137.80,137.80,137.80,0
19800414,136.70,136.70,136.70,136.70,0
19800415,136.40,136.40,136.40,136.40,0
19800416,135.80,135.80,135.80,135.80,0
19800417,134.60,134.60,134.60,134.60,0
19800418,134.70,134.70,134.70,134.70,0
19800421,133.10,133.10,133.10,133.10,0
19800422,135.70,135.70,135.70,135.70,0
19800423,136.90,136.90,136.90,136.90,0
19800424,138.70,138.70,138.70,138.70,0
19800425,137.90,137.90,137.90,137.90,0
19800428,138.50,138.50,138.50,138.50,0
19800429,139.40,139.40,139.40,139.40,0
19800430,140.00,140.00,140.00,140.00,0
19800501,139.70,139.70,139.70,139.70,0
19800502,140.30,140.30,140.30,140.30,0
19800505,141.00,141.00,141.00,141.00,0
19800506,142.20,142.20,142.20,142.20,0
19800507,143.60,143.60,143.60,143.60,0
19800508,143.30,143.30,143.30,143.30,0
19800509,143.10,143.10,143.10,143.10,0
19800512,143.00,143.00,143.00,143.00,0
19800513,144.10,144.10,144.10,144.10,0
19800514,145.70,145.70,145.70,145.70,0
19800515,146.60,146.60,146.60,146.60,0
19800516,147.20,147.20,147.20,147.20,0
19800519,147.20,147.20,147.20,147.20,0
19800520,146.90,146.90,146.90,146.90,0
19800521,146.80,146.80,146.80,146.80,0
19800522,148.00,148.00,148.00,148.00,0
19800523,149.50,149.50,149.50,149.50,0
19800527,150.10,150.10,150.10,150.10,0
19800528,150.70,150.70,150.70,150.70,0
19800529,150.10,150.10,150.10,150.10,0
19800530,150.40,150.40,150.40,150.40,0
19800602,150.20,150.20,150.20,150.20,0
19800603,149.90,149.90,149.90,149.90,0
19800604,151.20,151.20,151.20,151.20,0
19800605,152.20,152.20,152.20,152.20,0
19800606,152.70,152.70,152.70,152.70,0
19800609,153.00,153.00,153.00,153.00,0
19800610,154.10,154.10,154.10,154.10,0
19800611,155.20,155.20,155.20,155.20,0
19800612,155.30,155.30,155.30,155.30,0
19800613,156.60,156.60,156.60,156.60,0
19800616,156.80,156.80,156.80,156.80,0
19800617,157.00,157.00,157.00,157.00,0
19800618,157.20,157.20,157.20,157.20,0
19800619,156.70,156.70,156.70,156.70,0
19800620,156.50,156.50,156.50,156.50,0
19800623,157.00,157.00,157.00,157.00,0
19800624,157.70,157.70,157.70,157.70,0
19800625,158.70,158.70,158.70,158.70,0
19800626,159.00,159.00,159.00,159.00,0
19800627,159.20,159.20,159.20,159.20,0
19800630,157.80,157.80,157.80,157.80,0
19800701,158.20,158.20,158.20,158.20,0
19800702,159.20,159.20,159.20,159.20,0
19800703,160.90,160.90,160.90,160.90,0
19800707,163.60,163.60,163.60,163.60,0
19800708,163.60,163.60,163.60,163.60,0
19800709,164.10,164.10,164.10,164.10,0
19800710,163.80,163.80,163.80,163.80,0
19800711,164.80,164.80,164.80,164.80,0
19800714,166.50,166.50,166.50,166.50,0
19800715,167.10,167.10,167.10,167.10,0
19800716,167.10,167.10,167.10,167.10,0
19800717,168.70,168.70,168.70,168.70,0
19800718,170.00,170.00,170.00,170.00,0
19800721,170.50,170.50,170.50,170.50,0
19800722,169.80,169.80,169.80,169.80,0
19800723,169.80,169.80,169.80,169.80,0
19800724,169.90,169.90,169.90,169.90,0
19800725,169.60,169.60,169.60,169.60,0
19800728,170.00,170.00,170.00,170.00,0
19800729,171.10,171.10,171.10,171.10,0
19800730,172.30,172.30,172.30,172.30,0
19800731,171.80,171.80,171.80,171.80,0
19800801,172.50,172.50,172.50,172.50,0
19800804,171.90,171.90,171.90,171.90,0
19800805,172.50,172.50,172.50,172.50,0
19800806,173.40,173.40,173.40,173.40,0
19800807,175.20,175.20,175.20,175.20,0
19800808,175.90,175.90,175.90,175.90,0
19800811,177.10,177.10,177.10,177.10,0
19800812,176.60,176.60,176.60,176.60,0
19800813,177.00,177.00,177.00,177.00,0
19800814,178.80,178.80,178.80,178.80,0
19800815,179.90,179.90,179.90,179.90,0
19800818,177.20,177.20,177.20,177.20,0
19800819,176.30,176.30,176.30,176.30,0
19800820,177.70,177.70,177.70,177.70,0
19800821,179.90,179.90,179.90,179.90,0
19800822,181.70,181.70,181.70,181.70,0
19800825,181.60,181.60,181.60,181.60,0
19800826,182.40,182.40,182.40,182.40,0
19800827,182.10,182.10,182.10,182.10,0
19800828,181.00,181.00,181.00,181.00,0
19800829,181.50,181.50,181.50,181.50,0
19800902,182.30,182.30,182.30,182.30,0
19800903,184.50,184.50,184.50,184.50,0
19800904,185.10,185.10,185.10,185.10,0
19800905,185.60,185.60,185.60,185.60,0
19800908,184.40,184.40,184.40,184.40,0
19800909,184.80,184.80,184.80,184.80,0
19800910,186.30,186.30,186.30,186.30,0
19800911,188.20,188.20,188.20,188.20,0
19800912,189.60,189.60,189.60,189.60,0
19800915,189.60,189.60,189.60,189.60,0
19800916,191.30,191.30,191.30,191.30,0
19800917,193.90,193.90,193.90,193.90,0
19800918,193.60,193.60,193.60,193.60,0
19800919,195.30,195.30,195.30,195.30,0
19800922,195.90,195.90,195.90,195.90,0
19800923,195.10,195.10,195.10,195.10,0
19800924,195.20,195.20,195.20,195.20,0
19800925,194.10,194.10,194.10,194.10,0
19800926,190.80,190.80,190.80,190.80,0
19800929,185.80,185.80,185.80,185.80,0
19800930,187.80,187.80,187.80,187.80,0
19801001,189.60,189.60,189.60,189.60,0
19801002,190.80,190.80,190.80,190.80,0
19801003,193.40,193.40,193.40,193.40,0
19801006,196.00,196.00,196.00,196.00,0
19801007,196.20,196.20,196.20,196.20,0
19801008,197.20,197.20,197.20,197.20,0
19801009,197.50,197.50,197.50,197.50,0
19801010,197.80,197.80,197.80,197.80,0
19801013,198.90,198.90,198.90,198.90,0
19801014,199.00,199.00,199.00,199.00,0
19801015,199.40,199.40,199.40,199.40,0
19801016,197.90,197.90,197.90,197.90,0
19801017,197.20,197.20,197.20,197.20,0
19801020,197.10,197.10,197.10,197.10,0
19801021,196.50,196.50,196.50,196.50,0
19801022,197.90,197.90,197.90,197.90,0
19801023,195.80,195.80,195.80,195.80,0
19801024,196.20,196.20,196.20,196.20,0
19801027,194.40,194.40,194.40,194.40,0
19801028,193.80,193.80,193.80,193.80,0
19801029,194.50,194.50,194.50,194.50,0
19801030,192.50,192.50,192.50,192.50,0
19801031,192.80,192.80,192.80,192.80,0
19801103,193.10,193.10,193.10,193.10,0
19801105,196.00,196.00,196.00,196.00,0
19801106,194.00,194.00,194.00,194.00,0
19801107,193.50,193.50,193.50,193.50,0
19801110,193.10,193.10,193.10,193.10,0
19801111,195.00,195.00,195.00,195.00,0
19801112,197.80,197.80,197.80,197.80,0
19801113,200.30,200.30,200.30,200.30,0
19801114,201.80,201.80,201.80,201.80,0
19801117,201.60,201.60,201.60,201.60,0
19801118,203.80,203.80,203.80,203.80,0
19801119,205.00,205.00,205.00,205.00,0
19801120,206.50,206.50,206.50,206.50,0
19801121,206.10,206.10,206.10,206.10,0
19801124,204.20,204.20,204.20,204.20,0
19801125,205.40,205.40,205.40,205.40,0
19801126,207.10,207.10,207.10,207.10,0
19801128,208.10,208.10,208.10,208.10,0
19801201,204.90,204.90,204.90,204.90,0
19801202,203.70,203.70,203.70,203.70,0
19801203,204.90,204.90,204.90,204.90,0
19801204,206.20,206.20,206.20,206.20,0
19801205,203.00,203.00,203.00,203.00,0
19801208,195.90,195.90,195.90,195.90,0
19801209,195.10,195.10,195.10,195.10,0
19801210,193.60,193.60,193.60,193.60,0
19801211,188.80,188.80,188.80,188.80,0
19801212,191.20,191.20,191.20,191.20,0
19801215,191.80,191.80,191.80,191.80,0
19801216,191.90,191.90,191.90,191.90,0
19801217,194.00,194.00,194.00,194.00,0
19801218,196.00,196.00,196.00,196.00,0
19801219,197.90,197.90,197.90,197.90,0
19801222,199.80,199.80,199.80,199.80,0
19801223,199.90,199.90,199.90,199.90,0
19801224,200.10,200.10,200.10,200.10,0
19801226,201.30,201.30,201.30,201.30,0
19801229,199.80,199.80,199.80,199.80,0
19801230,200.50,200.50,200.50,200.50,0
19801231,202.30,202.30,202.30,202.30,0
19810102,203.60,203.60,203.60,203.60,0
19810105,204.20,204.20,204.20,204.20,0
19810106,204.10,204.10,204.10,204.10,0
19810107,197.40,197.40,197.40,197.40,0
19810108,195.90,195.90,195.90,195.90,0
19810109,197.70,197.70,197.70,197.70,0
19810112,198.40,198.40,198.40,198.40,0
19810113,198.10,198.10,198.10,198.10,0
19810114,199.10,199.10,199.10,199.10,0
19810115,199.90,199.90,199.90,199.90,0
19810116,201.10,201.10,201.10,201.10,0
19810119,201.60,201.60,201.60,201.60,0
19810120,198.70,198.70,198.70,198.70,0
19810121,198.10,198.10,198.10,198.10,0
19810122,197.10,197.10,197.10,197.10,0
19810123,197.50,197.50,197.50,197.50,0
19810126,196.10,196.10,196.10,196.10,0
19810127,197.20,197.20,197.20,197.20,0
19810128,197.40,197.40,197.40,197.40,0
19810129,197.90,197.90,197.90,197.90,0
19810130,197.80,197.80,197.80,197.80,0
19810202,193.10,193.10,193.10,193.10,0
19810203,193.60,193.60,193.60,193.60,0
19810204,194.60,194.60,194.60,194.60,0
19810205,196.30,196.30,196.30,196.30,0
19810206,197.90,197.90,197.90,197.90,0
19810209,196.90,196.90,196.90,196.90,0
19810210,196.70,196.70,196.70,196.70,0
19810211,195.80,195.80,195.80,195.80,0
19810212,194.60,194.60,194.60,194.60,0
19810213,193.90,193.90,193.90,193.90,0
19810217,194.00,194.00,194.00,194.00,0
19810218,194.70,194.70,194.70,194.70,0
19810219,192.70,192.70,192.70,192.70,0
19810220,192.30,192.30,192.30,192.30,0
19810223,193.10,193.10,193.10,193.10,0
19810224,193.90,193.90,193.90,193.90,0
19810225,194.00,194.00,194.00,194.00,0
19810226,196.10,196.10,196.10,196.10,0
19810227,198.00,198.00,198.00,198.00,0
19810302,199.10,199.10,199.10,199.10,0
19810303,198.40,198.40,198.40,198.40,0
19810304,198.80,198.80,198.80,198.80,0
19810305,199.10,199.10,199.10,199.10,0
19810306,199.90,199.90,199.90,199.90,0
19810309,200.10,200.10,200.10,200.10,0
19810310,199.00,199.00,199.00,199.00,0
19810311,198.20,198.20,198.20,198.20,0
19810312,200.70,200.70,200.70,200.70,0
19810313,202.20,202.20,202.20,202.20,0
19810316,203.40,203.40,203.40,203.40,0
19810317,203.20,203.20,203.20,203.20,0
19810318,204.00,204.00,204.00,204.00,0
19810319,204.40,204.40,204.40,204.40,0
19810320,206.30,206.30,206.30,206.30,0
19810323,207.60,207.60,207.60,207.60,0
19810324,207.70,207.70,207.70,207.70,0
19810325,209.30,209.30,209.30,209.30,0
19810326,209.50,209.50,209.50,209.50,0
19810327,208.80,208.80,208.80,208.80,0
19810330,209.00,209.00,209.00,209.00,0
19810331,210.20,210.20,210.20,210.20,0
19810401,211.30,211.30,211.30,211.30,0
19810402,212.00,212.00,212.00,212.00,0
19810403,212.60,212.60,212.60,212.60,0
19810406,211.30,211.30,211.30,211.30,0
19810407,211.80,211.80,211.80,211.80,0
19810408,212.80,212.80,212.80,212.80,0
19810409,213.90,213.90,213.90,213.90,0
19810410,215.10,215.10,215.10,215.10,0
19810413,214.30,214.30,214.30,214.30,0
19810414,213.40,213.40,213.40,213.40,0
19810415,215.00,215.00,215.00,215.00,0
19810416,216.60,216.60,216.60,216.60,0
19810420,217.60,217.60,217.60,217.60,0
19810421,216.70,216.70,216.70,216.70,0
19810422,217.20,217.20,217.20,217.20,0
19810423,218.00,218.00,218.00,218.00,0
19810424,219.60,219.60,219.60,219.60,0
19810427,219.90,219.90,219.90,219.90,0
19810428,217.60,217.60,217.60,217.60,0
19810429,216.20,216.20,216.20,216.20,0
19810430,216.70,216.70,216.70,216.70,0
19810501,216.70,216.70,216.70,216.70,0
19810504,213.30,213.30,213.30,213.30,0
19810505,211.60,211.60,211.60,211.60,0
19810506,212.00,212.00,212.00,212.00,0
19810507,213.70,213.70,213.70,213.70,0
19810508,214.80,214.80,214.80,214.80,0
19810511,212.80,212.80,212.80,212.80,0
19810512,213.10,213.10,213.10,213.10,0
19810513,213.80,213.80,213.80,213.80,0
19810514,215.20,215.20,215.20,215.20,0
19810515,216.50,216.50,216.50,216.50,0
19810518,216.90,216.90,216.90,216.90,0
19810519,216.10,216.10,216.10,216.10,0
19810520,217.60,217.60,217.60,217.60,0
19810521,218.40,218.40,218.40,218.40,0
19810522,219.20,219.20,219.20,219.20,0
19810526,220.20,220.20,220.20,220.20,0
19810527,222.20,222.20,222.20,222.20,0
19810528,223.30,223.30,223.30,223.30,0
19810529,223.50,223.50,223.50,223.50,0
19810601,223.00,223.00,223.00,223.00,0
19810602,219.60,219.60,219.60,219.60,0
19810603,218.90,218.90,218.90,218.90,0
19810604,219.70,219.70,219.70,219.70,0
19810605,221.30,221.30,221.30,221.30,0
19810608,220.80,220.80,220.80,220.80,0
19810609,220.00,220.00,220.00,220.00,0
19810610,220.40,220.40,220.40,220.40,0
19810611,222.30,222.30,222.30,222.30,0
19810612,222.80,222.80,222.80,222.80,0
19810615,223.00,223.00,223.00,223.00,0
19810616,220.60,220.60,220.60,220.60,0
19810617,220.60,220.60,220.60,220.60,0
19810618,218.70,218.70,218.70,218.70,0
19810619,219.60,219.60,219.60,219.60,0
19810622,218.60,218.60,218.60,218.60,0
19810623,219.20,219.20,219.20,219.20,0
19810624,218.80,218.80,218.80,218.80,0
19810625,219.30,219.30,219.30,219.30,0
19810626,219.80,219.80,219.80,219.80,0
19810629,218.20,218.20,218.20,218.20,0
19810630,215.80,215.80,215.80,215.80,0
19810701,214.60,214.60,214.60,214.60,0
19810702,212.80,212.80,212.80,212.80,0
19810706,209.10,209.10,209.10,209.10,0
19810707,208.00,208.00,208.00,208.00,0
19810708,208.40,208.40,208.40,208.40,0
19810709,210.00,210.00,210.00,210.00,0
19810710,210.50,210.50,210.50,210.50,0
19810713,210.90,210.90,210.90,210.90,0
19810714,209.90,209.90,209.90,209.90,0
19810715,210.80,210.80,210.80,210.80,0
19810716,212.00,212.00,212.00,212.00,0
19810717,212.80,212.80,212.80,212.80,0
19810720,209.30,209.30,209.30,209.30,0
19810721,207.20,207.20,207.20,207.20,0
19810722,206.20,206.20,206.20,206.20,0
19810723,206.40,206.40,206.40,206.40,0
19810724,208.00,208.00,208.00,208.00,0
19810727,209.40,209.40,209.40,209.40,0
19810728,208.90,208.90,208.90,208.90,0
19810729,208.90,208.90,208.90,208.90,0
19810730,210.00,210.00,210.00,210.00,0
19810731,211.60,211.60,211.60,211.60,0
19810803,210.40,210.40,210.40,210.40,0
19810804,210.10,210.10,210.10,210.10,0
19810805,211.00,211.00,211.00,211.00,0
19810806,211.70,211.70,211.70,211.70,0
19810807,211.40,211.40,211.40,211.40,0
19810810,210.80,210.80,210.80,210.80,0
19810811,211.70,211.70,211.70,211.70,0
19810812,211.90,211.90,211.90,211.90,0
19810813,212.40,212.40,212.40,212.40,0
19810814,212.10,212.10,212.10,212.10,0
19810817,209.60,209.60,209.60,209.60,0
19810818,207.00,207.00,207.00,207.00,0
19810819,207.20,207.20,207.20,207.20,0
19810820,208.00,208.00,208.00,208.00,0
19810821,206.80,206.80,206.80,206.80,0
19810824,200.80,200.80,200.80,200.80,0
19810825,197.80,197.80,197.80,197.80,0
19810826,197.80,197.80,197.80,197.80,0
19810827,196.80,196.80,196.80,196.80,0
19810828,197.60,197.60,197.60,197.60,0
19810831,195.80,195.80,195.80,195.80,0
19810901,195.20,195.20,195.20,195.20,0
19810902,195.40,195.40,195.40,195.40,0
19810903,192.00,192.00,192.00,192.00,0
19810904,189.60,189.60,189.60,189.60,0
19810908,184.80,184.80,184.80,184.80,0
19810909,184.80,184.80,184.80,184.80,0
19810910,187.60,187.60,187.60,187.60,0
19810911,189.80,189.80,189.80,189.80,0
19810914,189.60,189.60,189.60,189.60,0
19810915,189.60,189.60,189.60,189.60,0
19810916,187.80,187.80,187.80,187.80,0
19810917,185.70,185.70,185.70,185.70,0
19810918,184.30,184.30,184.30,184.30,0
19810921,184.40,184.40,184.40,184.40,0
19810922,183.30,183.30,183.30,183.30,0
19810923,180.00,180.00,180.00,180.00,0
19810924,180.40,180.40,180.40,180.40,0
19810925,175.10,175.10,175.10,175.10,0
19810928,175.00,175.00,175.00,175.00,0
19810929,178.50,178.50,178.50,178.50,0
19810930,180.00,180.00,180.00,180.00,0
19811001,181.10,181.10,181.10,181.10,0
19811002,184.40,184.40,184.40,184.40,0
19811005,185.90,185.90,185.90,185.90,0
19811006,185.90,185.90,185.90,185.90,0
19811007,188.80,188.80,188.80,188.80,0
19811008,191.00,191.00,191.00,191.00,0
19811009,191.30,191.30,191.30,191.30,0
19811012,191.30,191.30,191.30,191.30,0
19811013,191.90,191.90,191.90,191.90,0
19811014,189.40,189.40,189.40,189.40,0
19811015,189.90,189.90,189.90,189.90,0
19811016,190.20,190.20,190.20,190.20,0
19811019,189.80,189.80,189.80,189.80,0
19811020,191.20,191.20,191.20,191.20,0
19811021,192.40,192.40,192.40,192.40,0
19811022,192.40,192.40,192.40,192.40,0
19811023,191.90,191.90,191.90,191.90,0
19811026,191.00,191.00,191.00,191.00,0
19811027,192.60,192.60,192.60,192.60,0
19811028,193.80,193.80,193.80,193.80,0
19811029,193.10,193.10,193.10,193.10,0
19811030,195.20,195.20,195.20,195.20,0
19811102,197.30,197.30,197.30,197.30,0
19811103,198.80,198.80,198.80,198.80,0
19811104,199.70,199.70,199.70,199.70,0
19811105,200.00,200.00,200.00,200.00,0
19811106,200.00,200.00,200.00,200.00,0
19811109,199.90,199.90,199.90,199.90,0
19811110,199.90,199.90,199.90,199.90,0
19811111,200.10,200.10,200.10,200.10,0
19811112,201.00,201.00,201.00,201.00,0
19811113,200.20,200.20,200.20,200.20,0
19811116,197.20,197.20,197.20,197.20,0
19811117,197.70,197.70,197.70,197.70,0
19811118,197.60,197.60,197.60,197.60,0
19811119,197.30,197.30,197.30,197.30,0
19811120,198.60,198.60,198.60,198.60,0
19811123,198.00,198.00,198.00,198.00,0
19811124,199.00,199.00,199.00,199.00,0
19811125,200.00,200.00,200.00,200.00,0
19811127,201.00,201.00,201.00,201.00,0
19811130,201.40,201.40,201.40,201.40,0
19811201,201.10,201.10,201.10,201.10,0
19811202,200.40,200.40,200.40,200.40,0
19811203,199.90,199.90,199.90,199.90,0
19811204,200.90,200.90,200.90,200.90,0
19811207,199.70,199.70,199.70,199.70,0
19811208,198.10,198.10,198.10,198.10,0
19811209,198.30,198.30,198.30,198.30,0
19811210,198.90,198.90,198.90,198.90,0
19811211,198.60,198.60,198.60,198.60,0
19811214,195.70,195.70,195.70,195.70,0
19811215,195.20,195.20,195.20,195.20,0
19811216,195.10,195.10,195.10,195.10,0
19811217,195.70,195.70,195.70,195.70,0
19811218,197.00,197.00,197.00,197.00,0
19811221,196.40,196.40,196.40,196.40,0
19811222,195.60,195.60,195.60,195.60,0
19811223,195.40,195.40,195.40,195.40,0
19811224,195.70,195.70,195.70,195.70,0
19811228,195.10,195.10,195.10,195.10,0
19811229,193.90,193.90,193.90,193.90,0
19811230,194.70,194.70,194.70,194.70,0
19811231,195.80,195.80,195.80,195.80,0
19820104,195.50,195.50,195.50,195.50,0
19820105,192.30,192.30,192.30,192.30,0
19820106,191.10,191.10,191.10,191.10,0
19820107,191.00,191.00,191.00,191.00,0
19820108,192.10,192.10,192.10,192.10,0
19820111,188.80,188.80,188.80,188.80,0
19820112,187.30,187.30,187.30,187.30,0
19820113,185.70,185.70,185.70,185.70,0
19820114,185.90,185.90,185.90,185.90,0
19820115,187.30,187.30,187.30,187.30,0
19820118,187.20,187.20,187.20,187.20,0
19820119,186.20,186.20,186.20,186.20,0
19820120,185.70,185.70,185.70,185.70,0
19820121,186.40,186.40,186.40,186.40,0
19820122,185.80,185.80,185.80,185.80,0
19820125,183.50,183.50,183.50,183.50,0
19820126,183.40,183.40,183.40,183.40,0
19820127,183.60,183.60,183.60,183.60,0
19820128,186.20,186.20,186.20,186.20,0
19820129,188.40,188.40,188.40,188.40,0
19820201,186.80,186.80,186.80,186.80,0
19820202,187.50,187.50,187.50,187.50,0
19820203,187.40,187.40,187.40,187.40,0
19820204,187.10,187.10,187.10,187.10,0
19820205,188.20,188.20,188.20,188.20,0
19820208,184.60,184.60,184.60,184.60,0
19820209,182.50,182.50,182.50,182.50,0
19820210,183.00,183.00,183.00,183.00,0
19820211,182.30,182.30,182.30,182.30,0
19820212,182.50,182.50,182.50,182.50,0
19820216,180.70,180.70,180.70,180.70,0
19820217,181.30,181.30,181.30,181.30,0
19820218,181.40,181.40,181.40,181.40,0
19820219,180.60,180.60,180.60,180.60,0
19820222,179.10,179.10,179.10,179.10,0
19820223,177.50,177.50,177.50,177.50,0
19820224,178.60,178.60,178.60,178.60,0
19820225,179.40,179.40,179.40,179.40,0
19820226,179.40,179.40,179.40,179.40,0
19820301,180.10,180.10,180.10,180.10,0
19820302,180.10,180.10,180.10,180.10,0
19820303,178.00,178.00,178.00,178.00,0
19820304,176.30,176.30,176.30,176.30,0
19820305,174.00,174.00,174.00,174.00,0
19820308,171.00,171.00,171.00,171.00,0
19820309,169.70,169.70,169.70,169.70,0
19820310,170.40,170.40,170.40,170.40,0
19820311,170.10,170.10,170.10,170.10,0
19820312,168.20,168.20,168.20,168.20,0
19820315,167.90,167.90,167.90,167.90,0
19820316,168.30,168.30,168.30,168.30,0
19820317,168.20,168.20,168.20,168.20,0
19820318,170.10,170.10,170.10,170.10,0
19820319,171.80,171.80,171.80,171.80,0
19820322,173.80,173.80,173.80,173.80,0
19820323,174.90,174.90,174.90,174.90,0
19820324,174.80,174.80,174.80,174.80,0
19820325,175.80,175.80,175.80,175.80,0
19820326,175.20,175.20,175.20,175.20,0
19820329,175.50,175.50,175.50,175.50,0
19820330,175.40,175.40,175.40,175.40,0
19820331,175.60,175.60,175.60,175.60,0
19820401,177.30,177.30,177.30,177.30,0
19820402,178.60,178.60,178.60,178.60,0
19820405,178.20,178.20,178.20,178.20,0
19820406,178.70,178.70,178.70,178.70,0
19820407,179.90,179.90,179.90,179.90,0
19820408,181.10,181.10,181.10,181.10,0
19820412,180.90,180.90,180.90,180.90,0
19820413,180.80,180.80,180.80,180.80,0
19820414,180.40,180.40,180.40,180.40,0
19820415,181.10,181.10,181.10,181.10,0
19820416,182.30,182.30,182.30,182.30,0
19820419,182.40,182.40,182.40,182.40,0
19820420,181.90,181.90,181.90,181.90,0
19820421,182.30,182.30,182.30,182.30,0
19820422,183.70,183.70,183.70,183.70,0
19820423,184.90,184.90,184.90,184.90,0
19820426,185.80,185.80,185.80,185.80,0
19820427,184.70,184.70,184.70,184.70,0
19820428,184.90,184.90,184.90,184.90,0
19820429,184.10,184.10,184.10,184.10,0
19820430,184.70,184.70,184.70,184.70,0
19820503,185.00,185.00,185.00,185.00,0
19820504,185.90,185.90,185.90,185.90,0
19820505,185.90,185.90,185.90,185.90,0
19820506,187.30,187.30,187.30,187.30,0
19820507,188.10,188.10,188.10,188.10,0
19820510,187.60,187.60,187.60,187.60,0
19820511,188.20,188.20,188.20,188.20,0
19820512,188.10,188.10,188.10,188.10,0
19820513,187.70,187.70,187.70,187.70,0
19820514,188.20,188.20,188.20,188.20,0
19820517,186.90,186.90,186.90,186.90,0
19820518,185.80,185.80,185.80,185.80,0
19820519,183.90,183.90,183.90,183.90,0
19820520,182.70,182.70,182.70,182.70,0
19820521,182.40,182.40,182.40,182.40,0
19820524,181.70,181.70,181.70,181.70,0
19820525,181.10,181.10,181.10,181.10,0
19820526,178.80,178.80,178.80,178.80,0
19820527,178.40,178.40,178.40,178.40,0
19820528,178.50,178.50,178.50,178.50,0
19820601,177.40,177.40,177.40,177.40,0
19820602,177.80,177.80,177.80,177.80,0
19820603,177.10,177.10,177.10,177.10,0
19820604,174.80,174.80,174.80,174.80,0
19820607,173.90,173.90,173.90,173.90,0
19820608,173.30,173.30,173.30,173.30,0
19820609,170.90,170.90,170.90,170.90,0
19820610,171.40,171.40,171.40,171.40,0
19820611,173.60,173.60,173.60,173.60,0
19820614,172.10,172.10,172.10,172.10,0
19820615,171.20,171.20,171.20,171.20,0
19820616,171.40,171.40,171.40,171.40,0
19820617,169.90,169.90,169.90,169.90,0
19820618,168.50,168.50,168.50,168.50,0
19820621,168.00,168.00,168.00,168.00,0
19820622,169.10,169.10,169.10,169.10,0
19820623,170.90,170.90,170.90,170.90,0
19820624,171.10,171.10,171.10,171.10,0
19820625,170.50,170.50,170.50,170.50,0
19820628,171.10,171.10,171.10,171.10,0
19820629,170.50,170.50,170.50,170.50,0
19820630,171.30,171.30,171.30,171.30,0
19820701,170.60,170.60,170.60,170.60,0
19820702,170.10,170.10,170.10,170.10,0
19820706,169.20,169.20,169.20,169.20,0
19820707,168.10,168.10,168.10,168.10,0
19820708,166.80,166.80,166.80,166.80,0
19820709,168.10,168.10,168.10,168.10,0
19820712,168.90,168.90,168.90,168.90,0
19820713,169.40,169.40,169.40,169.40,0
19820714,169.20,169.20,169.20,169.20,0
19820715,169.60,169.60,169.60,169.60,0
19820716,170.20,170.20,170.20,170.20,0
19820719,170.10,170.10,170.10,170.10,0
19820720,170.80,170.80,170.80,170.80,0
19820721,171.50,171.50,171.50,171.50,0
19820722,172.10,172.10,172.10,172.10,0
19820723,172.10,172.10,172.10,172.10,0
19820726,171.40,171.40,171.40,171.40,0
19820727,170.70,170.70,170.70,170.70,0
19820728,168.40,168.40,168.40,168.40,0
19820729,167.60,167.60,167.60,167.60,0
19820730,167.40,167.40,167.40,167.40,0
19820802,168.40,168.40,168.40,168.40,0
19820803,168.00,168.00,168.00,168.00,0
19820804,166.60,166.60,166.60,166.60,0
19820805,165.10,165.10,165.10,165.10,0
19820806,163.30,163.30,163.30,163.30,0
19820809,161.40,161.40,161.40,161.40,0
19820810,161.30,161.30,161.30,161.30,0
19820811,160.80,160.80,160.80,160.80,0
19820812,159.80,159.80,159.80,159.80,0
19820813,159.70,159.70,159.70,159.70,0
19820816,159.70,159.70,159.70,159.70,0
19820817,162.30,162.30,162.30,162.30,0
19820818,165.00,165.00,165.00,165.00,0
19820819,164.90,164.90,164.90,164.90,0
19820820,167.00,167.00,167.00,167.00,0
19820823,169.90,169.90,169.90,169.90,0
19820824,172.20,172.20,172.20,172.20,0
19820825,174.90,174.90,174.90,174.90,0
19820826,178.20,178.20,178.20,178.20,0
19820827,177.60,177.60,177.60,177.60,0
19820830,179.00,179.00,179.00,179.00,0
19820831,179.00,179.00,179.00,179.00,0
19820901,177.30,177.30,177.30,177.30,0
19820902,177.30,177.30,177.30,177.30,0
19820903,177.30,177.30,177.30,177.30,0
19820907,177.30,177.30,177.30,177.30,0
19820908,181.80,181.80,181.80,181.80,0
19820909,182.80,182.80,182.80,182.80,0
19820910,182.50,182.50,182.50,182.50,0
19820913,182.90,182.90,182.90,182.90,0
19820914,184.60,184.60,184.60,184.60,0
19820915,186.30,186.30,186.30,186.30,0
19820916,186.80,186.80,186.80,186.80,0
19820917,186.60,186.60,186.60,186.60,0
19820920,186.00,186.00,186.00,186.00,0
19820921,187.90,187.90,187.90,187.90,0
19820922,188.60,188.60,188.60,188.60,0
19820923,188.10,188.10,188.10,188.10,0
19820924,188.60,188.60,188.60,188.60,0
19820927,188.60,188.60,188.60,188.60,0
19820928,189.00,189.00,189.00,189.00,0
19820929,188.30,188.30,188.30,188.30,0
19820930,187.60,187.60,187.60,187.60,0
19821001,188.70,188.70,188.70,188.70,0
19821004,188.00,188.00,188.00,188.00,0
19821005,188.80,188.80,188.80,188.80,0
19821006,192.00,192.00,192.00,192.00,0
19821007,195.60,195.60,195.60,195.60,0
19821008,198.90,198.90,198.90,198.90,0
19821011,202.30,202.30,202.30,202.30,0
19821012,202.20,202.20,202.20,202.20,0
19821013,205.20,205.20,205.20,205.20,0
19821014,204.90,204.90,204.90,204.90,0
19821015,204.50,204.50,204.50,204.50,0
19821018,206.60,206.60,206.60,206.60,0
19821019,207.50,207.50,207.50,207.50,0
19821020,210.70,210.70,210.70,210.70,0
19821021,214.30,214.30,214.30,214.30,0
19821022,216.80,216.80,216.80,216.80,0
19821025,216.80,216.80,216.80,216.80,0
19821026,209.90,209.90,209.90,209.90,0
19821027,212.20,212.20,212.20,212.20,0
19821028,211.90,211.90,211.90,211.90,0
19821029,212.60,212.60,212.60,212.60,0
19821101,214.50,214.50,214.50,214.50,0
19821102,217.60,217.60,217.60,217.60,0
19821103,222.80,222.80,222.80,222.80,0
19821104,225.00,225.00,225.00,225.00,0
19821105,227.00,227.00,227.00,227.00,0
19821108,226.70,226.70,226.70,226.70,0
19821109,230.20,230.20,230.20,230.20,0
19821110,230.40,230.40,230.40,230.40,0
19821111,231.50,231.50,231.50,231.50,0
19821112,232.60,232.60,232.60,232.60,0
19821115,229.30,229.30,229.30,229.30,0
19821116,225.00,225.00,225.00,225.00,0
19821117,227.80,227.80,227.80,227.80,0
19821118,229.30,229.30,229.30,229.30,0
19821119,229.40,229.40,229.40,229.40,0
19821122,225.80,225.80,225.80,225.80,0
19821123,225.20,225.20,225.20,225.20,0
19821124,226.90,226.90,226.90,226.90,0
19821126,228.60,228.60,228.60,228.60,0
19821129,228.40,228.40,228.40,228.40,0
19821130,232.30,232.30,232.30,232.30,0
19821201,235.60,235.60,235.60,235.60,0
19821202,236.20,236.20,236.20,236.20,0
19821203,237.20,237.20,237.20,237.20,0
19821206,239.30,239.30,239.30,239.30,0
19821207,240.60,240.60,240.60,240.60,0
19821208,240.70,240.70,240.70,240.70,0
19821209,237.20,237.20,237.20,237.20,0
19821210,233.90,233.90,233.90,233.90,0
19821213,233.30,233.30,233.30,233.30,0
19821214,231.30,231.30,231.30,231.30,0
19821215,225.70,225.70,225.70,225.70,0
19821216,225.60,225.60,225.60,225.60,0
19821217,228.90,228.90,228.90,228.90,0
19821220,227.90,227.90,227.90,227.90,0
19821221,228.50,228.50,228.50,228.50,0
19821222,231.00,231.00,231.00,231.00,0
19821223,232.30,232.30,232.30,232.30,0
19821227,233.20,233.20,233.20,233.20,0
19821228,232.20,232.20,232.20,232.20,0
19821229,232.30,232.30,232.30,232.30,0
19821230,231.30,231.30,231.30,231.30,0
19821231,232.40,232.40,232.40,232.40,0
19830103,230.60,230.60,230.60,230.60,0
19830104,231.60,231.60,231.60,231.60,0
19830105,232.70,232.70,232.70,232.70,0
19830106,236.60,236.60,236.60,236.60,0
19830107,238.60,238.60,238.60,238.60,0
19830110,240.90,240.90,240.90,240.90,0
19830111,240.90,240.90,240.90,240.90,0
19830112,242.90,242.90,242.90,242.90,0
19830113,243.50,243.50,243.50,243.50,0
19830114,245.60,245.60,245.60,245.60,0
19830117,247.10,247.10,247.10,247.10,0
19830118,246.70,246.70,246.70,246.70,0
19830119,245.20,245.20,245.20,245.20,0
19830120,246.00,246.00,246.00,246.00,0
19830121,244.00,244.00,244.00,244.00,0
19830124,246.70,246.70,246.70,246.70,0
19830125,239.20,239.20,239.20,239.20,0
19830126,241.40,241.40,241.40,241.40,0
19830127,245.40,245.40,245.40,245.40,0
19830128,246.90,246.90,246.90,246.90,0
19830131,248.40,248.40,248.40,248.40,0
19830201,248.10,248.10,248.10,248.10,0
19830202,248.30,248.30,248.30,248.30,0
19830203,249.40,249.40,249.40,249.40,0
19830204,251.60,251.60,251.60,251.60,0
19830207,252.00,252.00,252.00,252.00,0
19830208,251.10,251.10,251.10,251.10,0
19830209,251.40,251.40,251.40,251.40,0
19830210,254.80,254.80,254.80,254.80,0
19830211,256.60,256.60,256.60,256.60,0
19830214,258.70,258.70,258.70,258.70,0
19830215,259.10,259.10,259.10,259.10,0
19830216,259.10,259.10,259.10,259.10,0
19830217,259.00,259.00,259.00,259.00,0
19830218,261.30,261.30,261.30,261.30,0
19830222,259.10,259.10,259.10,259.10,0
19830223,260.00,260.00,260.00,260.00,0
19830224,262.30,262.30,262.30,262.30,0
19830225,262.40,262.40,262.40,262.40,0
19830228,260.70,260.70,260.70,260.70,0
19830301,261.80,261.80,261.80,261.80,0
19830302,263.40,263.40,263.40,263.40,0
19830303,265.20,265.20,265.20,265.20,0
19830304,265.90,265.90,265.90,265.90,0
19830307,265.40,265.40,265.40,265.40,0
19830308,263.20,263.20,263.20,263.20,0
19830309,265.10,265.10,265.10,265.10,0
19830310,266.10,266.10,266.10,266.10,0
19830311,266.20,266.20,266.20,266.20,0
19830314,264.30,264.30,264.30,264.30,0
19830315,264.30,264.30,264.30,264.30,0
19830316,264.70,264.70,264.70,264.70,0
19830317,264.00,264.00,264.00,264.00,0
19830318,265.00,265.00,265.00,265.00,0
19830321,266.30,266.30,266.30,266.30,0
19830322,267.50,267.50,267.50,267.50,0
19830323,269.30,269.30,269.30,269.30,0
19830324,270.40,270.40,270.40,270.40,0
19830325,270.90,270.90,270.90,270.90,0
19830328,269.10,269.10,269.10,269.10,0
19830329,268.80,268.80,268.80,268.80,0
19830330,270.80,270.80,270.80,270.80,0
19830331,270.80,270.80,270.80,270.80,0
19830404,268.70,268.70,268.70,268.70,0
19830405,268.80,268.80,268.80,268.80,0
19830406,266.50,266.50,266.50,266.50,0
19830407,266.70,266.70,266.70,266.70,0
19830408,268.10,268.10,268.10,268.10,0
19830411,270.80,270.80,270.80,270.80,0
19830412,272.70,272.70,272.70,272.70,0
19830413,275.90,275.90,275.90,275.90,0
19830414,278.80,278.80,278.80,278.80,0
19830415,281.60,281.60,281.60,281.60,0
19830418,282.80,282.80,282.80,282.80,0
19830419,281.90,281.90,281.90,281.90,0
19830420,284.80,284.80,284.80,284.80,0
19830421,286.80,286.80,286.80,286.80,0
19830422,288.50,288.50,288.50,288.50,0
19830425,286.60,286.60,286.60,286.60,0
19830426,288.10,288.10,288.10,288.10,0
19830427,288.90,288.90,288.90,288.90,0
19830428,290.80,290.80,290.80,290.80,0
19830429,293.10,293.10,293.10,293.10,0
19830502,290.50,290.50,290.50,290.50,0
19830503,289.60,289.60,289.60,289.60,0
19830504,293.20,293.20,293.20,293.20,0
19830505,297.30,297.30,297.30,297.30,0
19830506,301.60,301.60,301.60,301.60,0
19830509,302.60,302.60,302.60,302.60,0
19830510,304.40,304.40,304.40,304.40,0
19830511,302.90,302.90,302.90,302.90,0
19830512,302.10,302.10,302.10,302.10,0
19830513,303.90,303.90,303.90,303.90,0
19830516,299.60,299.60,299.60,299.60,0
19830517,301.00,301.00,301.00,301.00,0
19830518,303.50,303.50,303.50,303.50,0
19830519,302.80,302.80,302.80,302.80,0
19830520,303.60,303.60,303.60,303.60,0
19830523,303.90,303.90,303.90,303.90,0
19830524,307.40,307.40,307.40,307.40,0
19830525,309.20,309.20,309.20,309.20,0
19830526,311.40,311.40,311.40,311.40,0
19830527,312.00,312.00,312.00,312.00,0
19830531,308.70,308.70,308.70,308.70,0
19830601,307.90,307.90,307.90,307.90,0
19830602,310.40,310.40,310.40,310.40,0
19830603,313.90,313.90,313.90,313.90,0
19830606,315.50,315.50,315.50,315.50,0
19830607,314.20,314.20,314.20,314.20,0
19830608,312.50,312.50,312.50,312.50,0
19830609,312.70,312.70,312.70,312.70,0
19830610,315.20,315.20,315.20,315.20,0
19830613,318.00,318.00,318.00,318.00,0
19830614,320.00,320.00,320.00,320.00,0
19830615,322.00,322.00,322.00,322.00,0
19830616,326.50,326.50,326.50,326.50,0
19830617,326.10,326.10,326.10,326.10,0
19830620,324.60,324.60,324.60,324.60,0
19830621,326.00,326.00,326.00,326.00,0
19830622,328.20,328.20,328.20,328.20,0
19830623,327.30,327.30,327.30,327.30,0
19830624,328.90,328.90,328.90,328.90,0
19830627,324.30,324.30,324.30,324.30,0
19830628,315.90,315.90,315.90,315.90,0
19830629,316.20,316.20,316.20,316.20,0
19830630,318.70,318.70,318.70,318.70,0
19830701,318.70,318.70,318.70,318.70,0
19830705,317.10,317.10,317.10,317.10,0
19830706,319.10,319.10,319.10,319.10,0
19830707,320.00,320.00,320.00,320.00,0
19830708,319.50,319.50,319.50,319.50,0
19830711,320.40,320.40,320.40,320.40,0
19830712,316.90,316.90,316.90,316.90,0
19830713,314.60,314.60,314.60,314.60,0
19830714,315.50,315.50,315.50,315.50,0
19830715,312.90,312.90,312.90,312.90,0
19830718,310.30,310.30,310.30,310.30,0
19830719,311.20,311.20,311.20,311.20,0
19830720,316.80,316.80,316.80,316.80,0
19830721,316.80,316.80,316.80,316.80,0
19830722,320.70,320.70,320.70,320.70,0
19830725,320.80,320.80,320.80,320.80,0
19830726,320.40,320.40,320.40,320.40,0
19830727,315.00,315.00,315.00,315.00,0
19830728,308.50,308.50,308.50,308.50,0
19830729,304.00,304.00,304.00,304.00,0
19830801,302.10,302.10,302.10,302.10,0
19830802,303.20,303.20,303.20,303.20,0
19830803,303.90,303.90,303.90,303.90,0
19830804,299.70,299.70,299.70,299.70,0
19830805,300.20,300.20,300.20,300.20,0
19830808,294.90,294.90,294.90,294.90,0
19830809,294.30,294.30,294.30,294.30,0
19830810,296.60,296.60,296.60,296.60,0
19830811,297.60,297.60,297.60,297.60,0
19830812,299.60,299.60,299.60,299.60,0
19830815,301.80,301.80,301.80,301.80,0
19830816,299.90,299.90,299.90,299.90,0
19830817,300.80,300.80,300.80,300.80,0
19830818,299.80,299.80,299.80,299.80,0
19830819,299.10,299.10,299.10,299.10,0
19830822,298.80,298.80,298.80,298.80,0
19830823,293.70,293.70,293.70,293.70,0
19830824,290.90,290.90,290.90,290.90,0
19830825,289.50,289.50,289.50,289.50,0
19830826,290.30,290.30,290.30,290.30,0
19830829,289.40,289.40,289.40,289.40,0
19830830,289.90,289.90,289.90,289.90,0
19830831,292.40,292.40,292.40,292.40,0
19830901,294.40,294.40,294.40,294.40,0
19830902,297.90,297.90,297.90,297.90,0
19830906,301.20,301.20,301.20,301.20,0
19830907,300.80,300.80,300.80,300.80,0
19830908,301.80,301.80,301.80,301.80,0
19830909,302.20,302.20,302.20,302.20,0
19830912,300.80,300.80,300.80,300.80,0
19830913,297.90,297.90,297.90,297.90,0
19830914,298.30,298.30,298.30,298.30,0
19830915,297.20,297.20,297.20,297.20,0
19830916,298.30,298.30,298.30,298.30,0
19830919,301.80,301.80,301.80,301.80,0
19830920,303.40,303.40,303.40,303.40,0
19830921,303.30,303.30,303.30,303.30,0
19830922,304.60,304.60,304.60,304.60,0
19830923,303.60,303.60,303.60,303.60,0
19830926,303.80,303.80,303.80,303.80,0
19830927,300.80,300.80,300.80,300.80,0
19830928,299.80,299.80,299.80,299.80,0
19830929,299.30,299.30,299.30,299.30,0
19830930,296.60,296.60,296.60,296.60,0
19831003,294.60,294.60,294.60,294.60,0
19831004,294.80,294.80,294.80,294.80,0
19831005,294.60,294.60,294.60,294.60,0
19831006,295.80,295.80,295.80,295.80,0
19831007,297.40,297.40,297.40,297.40,0
19831010,297.40,297.40,297.40,297.40,0
19831011,295.40,295.40,295.40,295.40,0
19831012,291.60,291.60,291.60,291.60,0
19831013,290.40,290.40,290.40,290.40,0
19831014,290.00,290.00,290.00,290.00,0
19831017,289.70,289.70,289.70,289.70,0
19831018,283.60,283.60,283.60,283.60,0
19831019,279.90,279.90,279.90,279.90,0
19831020,281.30,281.30,281.30,281.30,0
19831021,279.50,279.50,279.50,279.50,0
19831024,276.80,276.80,276.80,276.80,0
19831025,278.60,278.60,278.60,278.60,0
19831026,277.90,277.90,277.90,277.90,0
19831027,277.50,277.50,277.50,277.50,0
19831028,276.10,276.10,276.10,276.10,0
19831031,274.50,274.50,274.50,274.50,0
19831101,273.00,273.00,273.00,273.00,0
19831102,275.20,275.20,275.20,275.20,0
19831103,274.90,274.90,274.90,274.90,0
19831104,273.20,273.20,273.20,273.20,0
19831107,271.10,271.10,271.10,271.10,0
19831108,269.60,269.60,269.60,269.60,0
19831109,271.00,271.00,271.00,271.00,0
19831110,273.10,273.10,273.10,273.10,0
19831111,277.10,277.10,277.10,277.10,0
19831114,279.50,279.50,279.50,279.50,0
19831115,278.90,278.90,278.90,278.90,0
19831116,279.90,279.90,279.90,279.90,0
19831117,281.30,281.30,281.30,281.30,0
19831118,281.30,281.30,281.30,281.30,0
19831121,283.00,283.00,283.00,283.00,0
19831122,284.50,284.50,284.50,284.50,0
19831123,284.70,284.70,284.70,284.70,0
19831125,285.50,285.50,285.50,285.50,0
19831128,284.50,284.50,284.50,284.50,0
19831129,285.60,285.60,285.60,285.60,0
19831130,285.70,285.70,285.70,285.70,0
19831201,286.10,286.10,286.10,286.10,0
19831202,283.90,283.90,283.90,283.90,0
19831205,282.50,282.50,282.50,282.50,0
19831206,282.00,282.00,282.00,282.00,0
19831207,282.10,282.10,282.10,282.10,0
19831208,280.60,280.60,280.60,280.60,0
19831209,280.50,280.50,280.50,280.50,0
19831212,279.90,279.90,279.90,279.90,0
19831213,278.90,278.90,278.90,278.90,0
19831214,276.40,276.40,276.40,276.40,0
19831215,275.40,275.40,275.40,275.40,0
19831216,276.00,276.00,276.00,276.00,0
19831219,275.60,275.60,275.60,275.60,0
19831220,274.50,274.50,274.50,274.50,0
19831221,275.60,275.60,275.60,275.60,0
19831222,276.20,276.20,276.20,276.20,0
19831223,276.50,276.50,276.50,276.50,0
19831227,276.70,276.70,276.70,276.70,0
19831228,276.60,276.60,276.60,276.60,0
19831229,277.10,277.10,277.10,277.10,0
19831230,278.60,278.60,278.60,278.60,0
19840103,277.60,277.60,277.60,277.60,0
19840104,281.00,281.00,281.00,281.00,0
19840105,284.40,284.40,284.40,284.40,0
19840106,287.90,287.90,287.90,287.90,0
19840109,287.30,287.30,287.30,287.30,0
19840110,287.60,287.60,287.60,287.60,0
19840111,287.70,287.70,287.70,287.70,0
19840112,287.60,287.60,287.60,287.60,0
19840113,286.90,286.90,286.90,286.90,0
19840116,286.30,286.30,286.30,286.30,0
19840117,286.90,286.90,286.90,286.90,0
19840118,287.20,287.20,287.20,287.20,0
19840119,286.40,286.40,286.40,286.40,0
19840120,284.40,284.40,284.40,284.40,0
19840123,280.20,280.20,280.20,280.20,0
19840124,278.80,278.80,278.80,278.80,0
19840125,277.40,277.40,277.40,277.40,0
19840126,275.60,275.60,275.60,275.60,0
19840127,273.20,273.20,273.20,273.20,0
19840130,269.20,269.20,269.20,269.20,0
19840131,268.40,268.40,268.40,268.40,0
19840201,266.40,266.40,266.40,266.40,0
19840202,266.20,266.20,266.20,266.20,0
19840203,264.00,264.00,264.00,264.00,0
19840206,258.60,258.60,258.60,258.60,0
19840207,257.80,257.80,257.80,257.80,0
19840208,254.00,254.00,254.00,254.00,0
19840209,251.70,251.70,251.70,251.70,0
19840210,254.00,254.00,254.00,254.00,0
19840213,250.60,250.60,250.60,250.60,0
19840214,252.40,252.40,252.40,252.40,0
19840215,252.70,252.70,252.70,252.70,0
19840216,251.80,251.80,251.80,251.80,0
19840217,251.30,251.30,251.30,251.30,0
19840221,250.00,250.00,250.00,250.00,0
19840222,249.20,249.20,249.20,249.20,0
19840223,247.10,247.10,247.10,247.10,0
19840224,251.40,251.40,251.40,251.40,0
19840227,254.30,254.30,254.30,254.30,0
19840228,251.60,251.60,251.60,251.60,0
19840229,251.10,251.10,251.10,251.10,0
19840301,253.50,253.50,253.50,253.50,0
19840302,255.50,255.50,255.50,255.50,0
19840305,253.90,253.90,253.90,253.90,0
19840306,252.20,252.20,252.20,252.20,0
19840307,249.20,249.20,249.20,249.20,0
19840308,249.70,249.70,249.70,249.70,0
19840309,249.00,249.00,249.00,249.00,0
19840312,249.70,249.70,249.70,249.70,0
19840313,250.70,250.70,250.70,250.70,0
19840314,250.30,250.30,250.30,250.30,0
19840315,251.10,251.10,251.10,251.10,0
19840316,253.40,253.40,253.40,253.40,0
19840319,251.60,251.60,251.60,251.60,0
19840320,252.70,252.70,252.70,252.70,0
19840321,252.50,252.50,252.50,252.50,0
19840322,250.80,250.80,250.80,250.80,0
19840323,250.00,250.00,250.00,250.00,0
19840326,249.30,249.30,249.30,249.30,0
19840327,249.10,249.10,249.10,249.10,0
19840328,251.00,251.00,251.00,251.00,0
19840329,251.60,251.60,251.60,251.60,0
19840330,250.80,250.80,250.80,250.80,0
19840402,249.80,249.80,249.80,249.80,0
19840403,248.90,248.90,248.90,248.90,0
19840404,248.50,248.50,248.50,248.50,0
19840405,245.70,245.70,245.70,245.70,0
19840406,243.90,243.90,243.90,243.90,0
19840409,242.80,242.80,242.80,242.80,0
19840410,243.40,243.40,243.40,243.40,0
19840411,241.80,241.80,241.80,241.80,0
19840412,242.60,242.60,242.60,242.60,0
19840413,244.00,244.00,244.00,244.00,0
19840416,243.90,243.90,243.90,243.90,0
19840417,245.60,245.60,245.60,245.60,0
19840418,245.50,245.50,245.50,245.50,0
19840419,245.50,245.50,245.50,245.50,0
19840423,243.90,243.90,243.90,243.90,0
19840424,244.10,244.10,244.10,244.10,0
19840425,243.90,243.90,243.90,243.90,0
19840426,245.90,245.90,245.90,245.90,0
19840427,246.90,246.90,246.90,246.90,0
19840430,247.40,247.40,247.40,247.40,0
19840501,250.30,250.30,250.30,250.30,0
19840502,253.00,253.00,253.00,253.00,0
19840503,252.60,252.60,252.60,252.60,0
19840504,250.90,250.90,250.90,250.90,0
19840507,251.40,251.40,251.40,251.40,0
19840508,252.40,252.40,252.40,252.40,0
19840509,252.60,252.60,252.60,252.60,0
19840510,252.90,252.90,252.90,252.90,0
19840511,250.60,250.60,250.60,250.60,0
19840514,248.90,248.90,248.90,248.90,0
19840515,249.00,249.00,249.00,249.00,0
19840516,248.70,248.70,248.70,248.70,0
19840517,246.10,246.10,246.10,246.10,0
19840518,244.60,244.60,244.60,244.60,0
19840521,243.10,243.10,243.10,243.10,0
19840522,240.80,240.80,240.80,240.80,0
19840523,239.60,239.60,239.60,239.60,0
19840524,235.40,235.40,235.40,235.40,0
19840525,235.20,235.20,235.20,235.20,0
19840529,232.60,232.60,232.60,232.60,0
19840530,231.90,231.90,231.90,231.90,0
19840531,232.80,232.80,232.80,232.80,0
19840601,235.90,235.90,235.90,235.90,0
19840604,238.80,238.80,238.80,238.80,0
19840605,238.40,238.40,238.40,238.40,0
19840606,239.50,239.50,239.50,239.50,0
19840607,239.90,239.90,239.90,239.90,0
19840608,240.40,240.40,240.40,240.40,0
19840611,238.10,238.10,238.10,238.10,0
19840612,237.00,237.00,237.00,237.00,0
19840613,237.80,237.80,237.80,237.80,0
19840614,235.60,235.60,235.60,235.60,0
19840615,235.60,235.60,235.60,235.60,0
19840618,236.80,236.80,236.80,236.80,0
19840619,237.90,237.90,237.90,237.90,0
19840620,238.40,238.40,238.40,238.40,0
19840621,239.80,239.80,239.80,239.80,0
19840622,241.10,241.10,241.10,241.10,0
19840625,240.90,240.90,240.90,240.90,0
19840626,238.90,238.90,238.90,238.90,0
19840627,237.20,237.20,237.20,237.20,0
19840628,238.30,238.30,238.30,238.30,0
19840629,239.40,239.40,239.40,239.40,0
19840702,237.90,237.90,237.90,237.90,0
19840703,238.30,238.30,238.30,238.30,0
19840705,237.80,237.80,237.80,237.80,0
19840706,236.70,236.70,236.70,236.70,0
19840709,237.00,237.00,237.00,237.00,0
19840710,236.30,236.30,236.30,236.30,0
19840711,234.80,234.80,234.80,234.80,0
19840712,234.20,234.20,234.20,234.20,0
19840713,234.70,234.70,234.70,234.70,0
19840716,233.70,233.70,233.70,233.70,0
19840717,233.50,233.50,233.50,233.50,0
19840718,232.20,232.20,232.20,232.20,0
19840719,230.90,230.90,230.90,230.90,0
19840720,229.40,229.40,229.40,229.40,0
19840723,227.10,227.10,227.10,227.10,0
19840724,225.70,225.70,225.70,225.70,0
19840725,225.30,225.30,225.30,225.30,0
19840726,227.10,227.10,227.10,227.10,0
19840727,229.30,229.30,229.30,229.30,0
19840730,228.90,228.90,228.90,228.90,0
19840731,229.70,229.70,229.70,229.70,0
19840801,233.40,233.40,233.40,233.40,0
19840802,238.90,238.90,238.90,238.90,0
19840803,246.20,246.20,246.20,246.20,0
19840806,249.30,249.30,249.30,249.30,0
19840807,249.10,249.10,249.10,249.10,0
19840808,248.00,248.00,248.00,248.00,0
19840809,250.30,250.30,250.30,250.30,0
19840810,252.40,252.40,252.40,252.40,0
19840813,251.40,251.40,251.40,251.40,0
19840814,250.80,250.80,250.80,250.80,0
19840815,249.70,249.70,249.70,249.70,0
19840816,250.30,250.30,250.30,250.30,0
19840817,250.40,250.40,250.40,250.40,0
19840820,250.20,250.20,250.20,250.20,0
19840821,253.30,253.30,253.30,253.30,0
19840822,253.90,253.90,253.90,253.90,0
19840823,254.10,254.10,254.10,254.10,0
19840824,254.80,254.80,254.80,254.80,0
19840827,253.30,253.30,253.30,253.30,0
19840828,254.40,254.40,254.40,254.40,0
19840829,254.80,254.80,254.80,254.80,0
19840830,254.60,254.60,254.60,254.60,0
19840831,254.60,254.60,254.60,254.60,0
19840904,251.40,251.40,251.40,251.40,0
19840905,250.60,250.60,250.60,250.60,0
19840906,252.20,252.20,252.20,252.20,0
19840907,251.70,251.70,251.70,251.70,0
19840910,250.50,250.50,250.50,250.50,0
19840911,251.80,251.80,251.80,251.80,0
19840912,251.40,251.40,251.40,251.40,0
19840913,253.30,253.30,253.30,253.30,0
19840914,255.60,255.60,255.60,255.60,0
19840917,255.40,255.40,255.40,255.40,0
19840918,254.00,254.00,254.00,254.00,0
19840919,253.00,253.00,253.00,253.00,0
19840920,253.10,253.10,253.10,253.10,0
19840921,252.70,252.70,252.70,252.70,0
19840924,250.80,250.80,250.80,250.80,0
19840925,250.00,250.00,250.00,250.00,0
19840926,250.20,250.20,250.20,250.20,0
19840927,250.30,250.30,250.30,250.30,0
19840928,249.90,249.90,249.90,249.90,0
19841001,247.90,247.90,247.90,247.90,0
19841002,246.10,246.10,246.10,246.10,0
19841003,244.80,244.80,244.80,244.80,0
19841004,245.20,245.20,245.20,245.20,0
19841005,245.50,245.50,245.50,245.50,0
19841008,244.60,244.60,244.60,244.60,0
19841009,244.10,244.10,244.10,244.10,0
19841010,243.30,243.30,243.30,243.30,0
19841011,244.20,244.70,244.20,244.70,58459800
19841012,245.50,246.20,245.50,246.20,54739800
19841015,246.80,247.70,246.80,247.70,57492600
19841016,247.80,247.90,247.10,247.30,53419200
19841017,247.10,247.10,246.80,247.10,60143100
19841018,247.50,249.80,247.30,249.80,60198900
19841019,252.20,252.20,251.20,251.20,81477300
19841022,250.70,251.10,250.50,250.60,49736400
19841023,251.10,251.10,250.50,250.60,55065300
19841024,250.70,250.80,250.40,250.80,58924800
19841025,250.30,250.30,249.00,249.00,59436300
19841026,247.70,247.70,247.30,247.40,49187700
19841029,247.00,247.00,246.40,246.50,41952300
19841030,246.90,247.50,246.90,247.50,52591500
19841031,247.50,247.60,247.00,247.00,54749100
19841101,247.10,248.00,247.10,248.00,51931200
19841102,248.00,248.40,248.00,248.00,55893000
19841105,247.80,248.40,247.60,248.40,52126500
19841106,249.20,250.50,249.20,250.50,63714300
19841107,250.50,250.50,249.80,249.80,57846000
19841108,249.40,249.60,249.40,249.50,56376600
19841109,250.00,250.30,249.50,249.50,59231700
19841112,249.20,249.30,248.80,249.30,47643900
19841113,249.30,249.30,247.80,247.80,51298800
19841114,247.20,247.20,246.80,247.00,52684500
19841115,246.50,246.50,246.00,246.00,55223400
19841116,246.10,246.10,245.10,245.10,55381500
19841119,244.20,244.20,242.90,242.90,49169100
19841120,242.90,243.30,242.80,243.20,54498000
19841121,242.70,243.00,242.40,243.00,56385900
19841123,244.20,245.30,244.20,245.30,40799100
19841126,245.80,245.80,244.90,244.90,47895000
19841127,244.60,252.30,244.60,252.30,53893500
19841128,246.00,250.70,245.20,250.70,55586100
19841129,244.30,244.30,243.50,243.50,56571900
19841130,242.90,242.90,242.40,242.40,53465700
19841203,241.90,246.90,240.70,240.90,49011000
19841204,241.10,241.20,240.80,240.80,57594900
19841205,240.30,240.30,238.70,238.70,61659000
19841206,238.40,239.00,238.40,238.90,56330100
19841207,239.60,239.60,239.30,239.30,54265500
19841210,238.20,250.20,237.70,250.20,54646800
19841211,238.60,238.80,238.50,238.80,58710900
19841212,238.90,238.90,238.40,238.50,58552800
19841213,238.10,238.40,238.10,238.10,55995300
19841214,238.00,239.00,238.00,239.00,58562100
19841217,238.70,238.70,238.30,238.50,59036400
19841218,240.40,243.30,240.40,243.30,81570300
19841219,245.30,245.40,244.90,245.40,79961400
19841220,244.90,244.90,244.40,244.50,66615900
19841221,244.30,244.80,243.70,244.80,63863100
19841224,245.10,245.80,245.10,245.80,36121200
19841226,246.00,246.60,245.80,246.60,44249400
19841227,246.10,246.10,245.40,245.40,56144100
19841228,245.30,245.90,245.30,245.90,65667300
19841231,246.20,247.10,246.20,247.10,74511600
19850102,247.10,247.10,245.90,245.90,44835300
19850103,246.00,246.70,246.00,246.40,48592500
19850104,246.10,246.10,245.80,246.10,51894000
19850107,246.00,246.20,245.90,245.90,49476000
19850108,246.10,246.40,246.00,246.00,60310500
19850109,246.10,247.30,246.10,247.30,62003100
19850110,247.90,250.70,247.90,250.70,75878700
19850111,251.70,252.20,251.60,252.20,66513600
19850114,252.70,255.50,252.70,255.50,68187600
19850115,257.30,258.00,257.30,257.80,84425400
19850116,259.10,260.20,259.10,260.20,83486100
19850117,260.60,261.20,260.50,261.20,80900700
19850118,262.10,263.10,262.00,263.10,72800400
19850121,263.90,266.40,263.90,266.40,79487100
19850122,268.40,269.00,268.40,268.40,99789000
19850123,268.80,270.70,268.80,270.70,93837000
19850124,272.00,272.90,272.00,272.30,100998000
19850125,272.60,274.00,272.50,274.00,80454300
19850128,275.00,275.60,274.60,275.00,84388200
19850129,274.80,276.20,274.80,276.20,82137600
19850130,278.70,278.80,278.40,278.60,101091000
19850131,278.20,278.90,278.20,278.70,85829700
19850201,277.90,278.50,277.90,278.40,79356900
19850204,278.80,280.80,278.80,280.80,82249200
19850205,281.80,282.70,281.80,282.60,92023500
19850206,283.80,284.70,283.80,284.50,95139000
19850207,285.50,287.10,285.50,287.10,102513900
19850208,287.80,288.40,287.60,288.40,96162000
19850211,288.60,288.60,287.10,287.40,89233500
19850212,286.30,286.80,286.30,286.60,83021100
19850213,286.70,288.30,286.40,288.30,105369000
19850214,289.10,289.30,288.40,288.40,115599000
19850215,288.10,288.40,287.70,287.70,75804300
19850219,286.60,287.10,286.60,286.90,63156300
19850220,286.70,287.60,286.70,287.30,77887500
19850221,287.20,287.20,286.90,287.00,78250200
19850222,286.90,286.90,286.00,286.20,74065200
19850225,284.70,284.70,283.50,284.00,81998100
19850226,284.00,285.00,283.70,285.00,77124900
19850227,285.30,285.30,284.10,284.10,79263900
19850228,283.70,284.20,283.70,284.20,72633000
19850301,285.10,287.20,285.10,287.20,85653000
19850304,287.60,287.80,287.00,287.10,69126900
19850305,287.30,287.50,286.60,287.10,72698100
19850306,286.90,287.50,285.40,285.50,72205200
19850307,283.90,285.40,282.80,283.20,72902700
19850308,282.40,283.20,282.20,282.40,72623700
19850311,281.90,282.40,280.90,281.20,64132800
19850312,280.90,281.50,280.60,281.40,66076500
19850313,281.00,281.50,278.00,278.20,74604600
19850314,277.00,278.20,276.90,277.50,67555200
19850315,277.50,278.30,277.40,278.00,64104900
19850318,278.30,278.50,277.10,277.10,63881700
19850319,277.20,279.00,277.10,278.90,79719600
19850320,279.00,279.40,278.20,278.80,81207600
19850321,279.10,279.40,278.70,279.00,72447000
19850322,279.30,279.60,278.70,278.90,78036300
19850325,277.70,278.90,276.10,276.30,59808300
19850326,276.30,276.40,275.60,276.20,65964900
19850327,277.10,277.80,276.20,277.60,72270300
19850328,278.30,278.60,277.60,278.20,73125900
19850329,278.30,279.20,278.20,279.20,70373100
19850401,279.50,280.40,279.20,280.30,62496000
19850402,280.90,281.10,279.60,279.70,68131800
19850403,279.30,279.80,277.50,277.90,71647200
19850404,277.40,278.00,276.80,277.40,62635500
19850408,277.00,277.90,276.30,276.50,59036400
19850409,276.40,276.80,276.20,276.60,62700600
19850410,277.70,279.00,276.60,278.80,72484200
19850411,280.10,280.70,278.80,280.10,75934500
19850412,280.40,280.70,280.10,280.60,65741700
19850415,280.70,281.20,280.60,281.10,60552300
19850416,281.60,282.30,281.10,282.30,70345200
19850417,282.90,283.40,282.30,283.30,68634000
19850418,283.90,284.00,283.00,283.10,70410300
19850419,282.70,283.10,282.30,282.80,70280100
19850422,282.40,282.80,281.20,281.80,59492100
19850423,281.40,282.60,281.30,282.60,72279600
19850424,283.10,283.40,282.60,283.10,60022200
19850425,283.10,284.00,282.90,284.00,63723600
19850426,284.70,284.80,284.00,284.10,63081900
19850429,283.60,284.10,282.00,282.10,68010900
19850430,281.10,282.10,279.80,280.60,73358400
19850501,280.50,280.70,279.50,279.60,61398600
19850502,279.30,279.60,278.80,279.00,61221900
19850503,279.30,280.30,279.00,280.30,60998700
19850506,280.40,280.50,279.70,279.90,55158300
19850507,280.20,281.10,279.90,280.90,65974200
19850508,280.90,281.10,280.50,281.10,71470500
19850509,281.90,283.30,281.00,283.30,75088200
19850510,285.30,287.50,283.30,287.50,88824300
19850513,288.00,288.20,287.50,288.10,68243400
19850514,288.40,288.60,287.10,287.70,79189500
19850515,287.80,289.00,287.60,288.50,72819000
19850516,288.70,289.80,288.30,289.80,69117600
19850517,290.10,291.70,289.70,291.70,72865500
19850520,294.00,294.70,294.00,294.50,87057300
19850521,293.90,294.80,293.80,293.90,79301100
19850522,293.30,294.20,292.60,293.00,73079400
19850523,292.90,293.10,291.90,292.20,77720100
19850524,291.80,292.20,291.60,292.10,56069700
19850528,292.10,292.60,290.70,290.90,60859200
19850529,290.70,291.00,290.30,290.60,69006000
19850530,290.60,290.90,289.50,289.90,71619300
19850531,289.90,290.80,289.80,290.80,79059300
19850603,291.40,291.80,290.40,290.60,68252700
19850604,290.30,291.10,290.10,291.00,67229700
19850605,291.70,291.90,291.00,291.80,82881600
19850606,291.10,291.90,290.90,291.90,75878700
19850607,291.90,292.20,290.90,291.00,73618800
19850610,290.50,291.10,290.10,290.70,60003600
19850611,291.30,291.40,290.30,290.50,75702000
19850612,290.10,290.70,289.60,289.70,69619800
19850613,288.80,289.70,286.70,286.90,74567400
19850614,286.90,288.00,286.80,288.00,69573300
19850617,287.50,288.10,286.90,287.40,56041800
19850618,287.90,288.10,287.30,287.90,76883100
19850619,288.30,288.70,287.90,288.20,74660400
19850620,287.80,288.30,287.00,287.40,71507700
19850621,287.50,288.70,287.20,288.70,78073500
19850624,288.40,290.10,288.20,290.00,61045200
19850625,291.10,292.80,290.00,292.30,85950600
19850626,293.00,293.40,292.30,293.40,84630000
19850627,294.40,295.40,293.40,295.30,84964800
19850628,295.60,296.20,295.30,296.20,80714700
19850701,295.90,296.50,295.50,296.50,63732900
19850702,297.00,297.30,296.40,296.90,75097500
19850703,297.00,297.40,296.80,297.30,72391200
19850705,297.80,298.70,297.30,298.60,40613100
19850708,298.30,298.70,297.50,297.80,59120100
19850709,297.70,298.00,296.70,297.20,69954600
19850710,297.60,298.50,297.10,298.50,71749500
19850711,299.50,300.50,298.50,300.50,81635400
19850712,301.20,302.40,300.50,302.40,73144500
19850715,302.00,303.20,301.80,303.00,64328100
19850716,303.70,305.20,303.00,305.20,78705900
19850717,307.10,307.90,305.20,307.80,105834000
19850718,307.20,307.90,306.70,306.90,87745500
19850719,306.80,307.80,306.70,307.80,79710300
19850722,306.90,307.80,306.30,306.80,64886100
19850723,307.40,307.90,306.10,306.20,88656900
19850724,305.00,305.40,302.90,303.70,87224700
19850725,303.70,304.60,303.60,304.40,82425900
19850726,304.50,304.60,304.20,304.60,78361800
19850729,303.60,304.70,300.90,300.90,70996200
19850730,300.60,300.90,300.10,300.60,71814600
19850731,301.00,301.30,300.10,301.30,77450400
19850801,302.60,304.10,301.20,304.00,83718600
19850802,304.30,304.60,304.00,304.50,73060800
19850805,303.20,304.50,301.80,302.10,70233600
19850806,302.10,302.40,300.20,300.20,74446500
19850807,298.60,300.20,298.00,298.20,72930600
19850808,298.40,298.70,297.80,298.70,72251700
19850809,299.10,299.20,298.60,299.10,66653100
19850812,298.60,299.30,298.30,298.30,59854800
19850813,298.20,298.40,296.80,297.00,74883600
19850814,297.10,297.70,296.90,297.60,67890000
19850815,298.20,298.30,297.30,297.60,76306500
19850816,297.00,297.70,296.40,296.50,67852800
19850819,296.20,296.50,295.60,295.60,61045200
19850820,296.10,296.40,295.60,296.40,71042700
19850821,296.90,297.70,296.40,297.70,76864500
19850822,297.80,297.90,296.70,296.90,72707400
19850823,296.80,296.90,296.50,296.70,65332500
19850826,296.20,296.80,296.00,296.30,55056000
19850827,295.80,296.30,295.60,296.00,63184200
19850828,296.40,297.00,295.10,297.00,69117600
19850829,297.10,297.30,296.90,297.30,66894900
19850830,297.20,297.70,297.00,297.70,60152400
19850903,297.30,297.70,296.20,296.60,60515100
19850904,296.30,296.70,295.40,295.60,71991300
19850905,295.20,295.70,295.00,295.30,65871900
19850906,295.50,296.20,295.30,296.20,64932600
19850909,295.70,296.30,295.60,296.10,59864100
19850910,296.20,296.30,294.30,294.50,71758800
19850911,293.40,294.50,291.10,291.40,66569400
19850912,290.10,291.40,289.60,289.90,66541500
19850913,289.30,289.90,286.90,287.20,66932100
19850916,286.40,287.20,285.20,285.40,44863200
19850917,285.00,285.40,280.80,281.10,69229200
19850918,279.90,281.10,279.50,281.00,77515500
19850919,281.70,283.60,281.00,283.60,75683400
19850920,284.90,285.00,283.60,284.40,70884600
19850923,285.90,286.20,284.30,286.10,67192500
19850924,285.50,286.10,283.90,284.10,66150900
19850925,283.30,284.10,281.50,281.80,53344800
19850926,280.30,281.80,279.50,280.20,59259600
19850930,280.50,280.70,279.80,280.30,62440200
19851001,280.60,281.80,280.30,281.80,71219400
19851002,282.10,282.50,281.00,281.20,76557600
19851003,280.70,281.50,280.50,281.40,68494500
19851004,280.60,281.40,280.10,280.50,68773500
19851007,279.30,280.50,278.00,278.30,59817600
19851008,277.30,278.30,276.60,277.00,67006500
19851009,277.90,278.50,277.00,278.30,72633000
19851010,277.90,279.40,277.80,279.40,72000600
19851011,279.90,281.80,279.40,281.80,73572300
19851014,282.50,284.30,281.80,284.30,57250800
19851015,285.30,285.40,284.30,285.00,79682400
19851016,285.70,286.70,284.90,286.70,81430800
19851017,287.40,288.60,286.70,288.30,88787100
19851018,288.60,288.70,288.00,288.40,84109200
19851021,288.30,288.50,287.70,287.70,66402000
19851022,287.80,288.70,287.50,288.50,73349100
19851023,289.30,289.80,288.50,289.80,94023000
19851024,290.40,290.90,289.80,290.60,88749900
19851025,290.00,290.70,289.20,289.50,77115600
19851028,288.70,289.50,288.60,289.20,61128900
19851029,290.00,291.20,289.20,291.10,75981000
19851030,291.80,292.30,291.10,292.30,91158600
19851031,292.80,292.80,292.00,292.50,79012800
19851101,293.00,294.20,292.50,294.10,83783700
19851104,294.70,295.10,294.00,294.20,70066200
19851105,295.30,295.30,295.10,295.30,81542400
19851106,296.30,296.80,295.30,296.70,86955000
19851107,297.40,297.60,296.70,297.50,82435200
19851108,298.00,300.10,297.50,300.00,80686800
19851111,300.50,302.40,300.00,302.30,74762700
19851112,303.50,304.60,302.30,304.40,100719000
19851113,304.00,304.60,303.60,303.90,86685300
19851114,303.80,305.20,303.50,305.20,91177200
19851115,305.80,306.50,305.20,306.20,88601100
19851118,306.10,306.30,305.80,306.10,76455300
19851119,307.00,307.30,306.10,306.90,94674000
19851120,307.10,307.30,306.80,307.00,90768000
19851121,308.10,309.30,307.00,309.30,111507000
19851122,310.20,310.90,309.20,310.80,96906000
19851125,310.10,311.00,309.40,309.80,77589900
19851126,309.60,310.70,309.50,310.50,87075900
19851127,311.60,313.00,310.40,313.00,96069000
19851129,313.70,314.00,313.20,314.00,53558700
19851202,313.90,314.40,312.70,313.00,79756800
19851203,312.70,313.20,312.30,313.10,78622200
19851204,313.90,316.70,313.10,316.70,108996000
19851205,318.20,319.60,316.80,318.20,131595000
19851206,316.60,318.20,316.40,316.60,103044000
19851209,316.80,317.10,316.40,316.90,97464000
19851210,316.80,317.50,316.60,317.30,103974000
19851211,317.70,318.90,317.30,318.90,117645000
19851212,320.40,320.70,318.90,320.60,109089000
19851213,322.10,324.10,320.60,324.00,122481000
19851216,324.70,325.60,324.00,325.20,107229000
19851217,323.90,325.20,323.10,323.30,112530000
19851218,323.20,323.40,322.20,322.50,107043000
19851219,322.40,322.70,322.20,322.70,106857000
19851220,322.80,323.30,322.50,323.10,107694000
19851223,322.50,323.20,321.10,321.60,92451300
19851224,320.40,321.60,319.70,320.20,59780400
19851226,320.20,320.30,319.70,320.30,50127000
19851227,321.80,322.80,320.80,322.80,69666300
19851230,323.00,323.20,322.20,323.10,86322600
19851231,323.60,324.90,323.20,324.90,104811000
19860102,325.00,325.60,324.80,325.00,70503300
19860103,325.20,325.70,324.80,325.70,82937400
19860106,325.50,326.20,325.30,326.00,92293200
19860107,327.50,329.80,326.00,329.70,118575000
19860108,331.20,331.70,328.10,328.10,130200000
19860109,325.50,327.90,322.10,323.00,111042000
19860110,324.40,324.80,323.00,324.40,91605000
19860113,323.80,324.30,323.60,324.20,83225700
19860114,325.20,325.60,324.20,324.80,95697000
19860115,325.90,328.20,324.70,328.20,110391000
19860116,328.90,330.10,328.60,330.00,115227000
19860117,330.30,331.10,330.00,330.70,104904000
19860120,329.10,330.70,329.00,329.50,83169900
19860121,329.50,330.00,328.00,328.50,102951000
19860122,328.50,329.00,326.70,326.80,100068000
19860123,325.90,326.80,325.70,326.70,103323000
19860124,327.60,328.90,326.70,328.90,110019000
19860127,329.40,330.30,328.80,330.20,102765000
19860128,331.40,332.70,330.20,332.60,107322000
19860129,334.80,335.80,332.70,334.70,122853000
19860130,334.90,335.30,334.20,334.30,101370000
19860131,334.40,335.80,333.90,335.80,101649000
19860203,336.10,337.50,335.80,337.50,100068000
19860204,338.60,339.20,337.20,337.90,116529000
19860205,338.20,338.90,337.70,338.90,97929000
19860206,339.70,340.90,338.80,340.80,111321000
19860207,340.10,342.20,339.70,342.20,103323000
19860210,343.20,344.10,342.20,344.00,99882000
19860211,344.40,345.30,344.20,344.90,105369000
19860212,345.50,346.30,344.90,346.30,113646000
19860213,346.90,348.00,346.30,347.90,119598000
19860214,348.80,350.20,347.90,350.20,113832000
19860218,350.80,352.40,350.20,352.40,117180000
19860219,353.20,353.30,352.00,352.10,127317000
19860220,352.10,353.20,351.60,353.10,136431000
19860221,355.65,355.65,355.65,355.65,136431000
19860224,355.70,356.30,355.30,355.30,118947000
19860225,355.40,355.60,354.00,354.90,110577000
19860226,355.00,355.60,354.60,355.30,115506000
19860227,355.90,358.10,355.30,358.10,115971000
19860228,359.50,359.80,359.20,359.50,121458000
19860303,360.00,360.50,359.50,359.80,111228000
19860304,360.90,362.10,359.80,362.00,125550000
19860305,360.00,361.00,359.10,359.80,109182000
19860306,360.90,361.70,359.80,361.50,111879000
19860307,362.40,362.50,361.50,362.20,116808000
19860310,363.20,364.00,362.30,363.90,104997000
19860311,365.30,367.50,363.90,367.40,125364000
19860312,368.90,370.30,367.30,369.70,144057000
19860313,369.30,370.40,368.70,370.40,130293000
19860314,371.10,371.90,370.40,371.80,141546000
19860317,370.20,371.90,369.20,370.00,120435000
19860318,371.00,371.50,370.00,371.50,129735000
19860319,372.40,372.70,371.50,371.70,127317000
19860320,372.70,372.80,371.70,372.70,140802000
19860321,373.10,373.60,372.20,372.60,123597000
19860324,372.30,372.60,370.20,370.70,101928000
19860325,369.80,370.80,368.90,369.30,102300000
19860326,369.70,370.60,369.20,370.60,118203000
19860327,372.30,373.50,370.60,373.30,126852000
19860331,373.90,374.70,373.20,374.70,102114000
19860401,375.80,375.80,373.90,374.20,116529000
19860402,372.40,374.20,372.10,374.10,111507000
19860403,375.10,376.10,374.10,374.50,110670000
19860404,373.80,374.60,372.10,372.20,103881000
19860407,370.00,372.30,368.00,369.10,99882000
19860408,370.80,373.10,369.10,373.10,109647000
19860409,374.60,375.20,373.10,374.20,121830000
19860410,374.70,377.20,374.20,377.20,119505000
19860411,379.20,379.30,377.20,378.90,120621000
19860414,379.40,380.80,378.90,380.80,109833000
19860415,381.10,381.70,380.30,381.70,116343000
19860416,384.60,387.70,381.80,387.60,138477000
19860417,388.80,390.10,387.70,390.00,145080000
19860418,390.10,390.80,390.00,390.10,134571000
19860421,390.40,391.30,390.00,391.00,120063000
19860422,392.20,392.40,390.20,390.50,135222000
19860423,389.40,390.50,388.30,389.10,116250000
19860424,390.00,391.60,389.10,391.50,133083000
19860425,392.30,392.50,391.50,392.30,123969000
19860428,392.50,393.00,390.70,391.40,102486000
19860429,391.50,392.00,388.80,389.20,115599000
19860430,387.30,389.30,383.10,383.20,112530000
19860501,383.20,383.20,381.50,381.70,106299000
19860502,383.00,383.80,381.70,383.20,95418000
19860505,384.30,386.10,383.20,386.00,92246700
19860506,386.80,387.20,386.00,386.30,100905000
19860507,385.80,386.30,384.00,385.30,107880000
19860508,386.50,387.50,385.40,387.40,102765000
19860509,387.30,389.10,386.80,389.10,107787000
19860512,388.70,389.20,387.80,388.10,94395000
19860513,387.30,388.20,386.00,386.70,100068000
19860514,387.50,387.70,386.00,387.30,104067000
19860515,387.50,387.60,385.40,385.60,100440000
19860516,384.70,386.10,384.20,384.70,96534000
19860519,384.20,385.00,383.60,383.70,86238900
19860520,383.50,385.30,383.20,385.30,108438000
19860521,386.60,386.70,385.20,386.10,127875000
19860522,386.80,389.70,386.00,389.60,133827000
19860523,390.90,392.00,389.60,391.90,107043000
19860527,393.30,394.90,391.90,394.90,103974000
19860528,396.60,397.20,395.00,397.20,122295000
19860529,396.90,398.10,396.40,398.00,121272000
19860530,398.80,400.40,398.00,400.20,123690000
19860602,400.70,401.30,399.30,399.40,102858000
19860603,398.60,399.50,398.30,399.50,111879000
19860604,400.00,400.80,398.50,399.10,114111000
19860605,399.40,400.00,399.10,400.00,116808000
19860606,400.60,400.80,400.00,400.30,112158000
19860609,398.80,400.40,394.60,394.70,106950000
19860610,392.90,394.80,391.80,392.80,111414000
19860611,393.70,395.50,392.80,395.40,116157000
19860612,396.20,396.90,395.50,396.50,120993000
19860613,398.20,399.70,396.60,399.60,129549000
19860616,399.60,400.50,398.20,398.50,110112000
19860617,398.90,399.40,396.20,396.30,110763000
19860618,394.80,396.40,393.90,395.20,116622000
19860619,395.90,397.00,395.20,396.40,103509000
19860620,396.00,396.90,395.90,396.90,118668000
19860623,396.90,397.50,396.50,396.80,105555000
19860624,397.70,399.00,396.80,398.90,104997000
19860625,401.50,402.60,399.60,402.20,115506000
19860626,402.20,402.90,402.00,402.90,128619000
19860627,403.10,403.60,402.90,403.60,119505000
19860630,404.20,405.50,403.50,405.50,112809000
19860701,407.00,407.80,405.50,407.60,123504000
19860702,408.30,409.60,407.60,409.50,126759000
19860703,410.00,411.20,409.50,411.20,96720000
19860707,409.00,411.30,400.90,401.00,104253000
19860708,394.20,400.90,389.80,390.70,127596000
19860709,391.40,393.50,390.60,393.40,111786000
19860710,393.20,394.70,390.90,392.00,99789000
19860711,392.40,392.90,391.30,391.60,97278000
19860714,388.10,391.60,384.60,384.80,100998000
19860715,382.90,384.80,378.20,378.70,123411000
19860716,380.00,380.80,378.70,379.70,107694000
19860717,380.90,381.70,379.70,381.60,104346000
19860718,380.40,381.80,379.60,381.10,103137000
19860721,380.00,381.20,379.30,379.50,76036800
19860722,379.50,380.40,379.10,379.90,89140500
19860723,379.70,380.50,379.70,379.90,94488000
19860724,380.10,380.70,378.70,378.70,105555000
19860725,379.10,379.90,378.70,379.80,88387200
19860728,379.80,380.10,374.60,374.80,82890900
19860729,372.90,374.80,371.90,372.00,90879600
19860730,370.70,372.10,369.10,370.80,95883000
19860731,371.50,371.60,370.80,371.40,91735200
19860801,372.50,372.70,370.60,370.70,92414100
19860804,367.90,370.60,365.70,366.70,75720600
19860805,366.90,367.60,366.60,366.80,94767000
19860806,365.90,367.00,364.40,364.70,87178200
19860807,364.90,365.60,364.40,365.10,94488000
19860808,365.90,366.40,365.10,365.80,93093000
19860811,367.70,370.00,365.90,369.90,87559500
19860812,371.50,373.40,369.90,373.30,102858000
19860813,374.60,377.10,373.30,376.90,112809000
19860814,377.90,379.50,377.90,379.50,103044000
19860815,379.40,380.30,379.40,380.20,91856100
19860818,379.10,380.50,378.70,379.30,79422000
19860819,378.70,379.40,378.30,378.80,103602000
19860820,379.20,381.00,378.80,380.90,105927000
19860821,381.60,382.30,380.80,381.20,104067000
19860822,381.00,381.70,380.60,381.50,94209000
19860825,379.80,381.60,379.20,379.30,69564000
19860826,380.10,380.50,379.10,380.50,91921200
19860827,381.60,381.70,380.50,381.70,95790000
19860828,381.70,382.50,381.30,382.40,97650000
19860829,383.00,383.20,382.30,382.90,76492500
19860902,382.80,384.00,380.00,380.10,90749400
19860903,379.00,380.20,378.20,378.90,90210000
19860904,379.20,381.20,378.90,381.00,95325000
19860905,380.60,381.50,378.20,378.40,103602000
19860908,374.80,378.40,371.70,372.00,90433200
19860909,372.10,372.70,369.30,369.60,111693000
19860910,368.10,369.60,366.60,366.80,107508000
19860911,362.80,366.80,353.30,353.30,128433000
19860912,346.50,353.20,346.30,346.80,130014000
19860915,347.40,347.70,345.20,345.90,95697000
19860916,342.70,345.90,342.30,343.70,97557000
19860917,345.40,347.40,343.70,346.90,97836000
19860918,348.10,349.30,346.90,348.60,92962800
19860919,348.30,349.50,347.80,349.40,96720000
19860922,350.40,352.60,349.40,352.60,82797900
19860923,353.60,353.80,352.50,353.40,101835000
19860924,354.40,354.70,353.40,354.50,91242300
19860925,354.50,354.80,350.30,351.50,95325000
19860926,351.00,351.90,350.20,351.60,78668700
19860929,348.90,351.60,347.10,347.80,76604100
19860930,349.10,350.70,347.80,350.70,93744000
19861001,352.50,352.90,351.20,352.30,94860000
19861002,352.20,352.70,351.60,352.60,85178700
19861003,353.50,354.00,352.20,352.80,91372500
19861006,353.00,353.20,352.60,353.20,70168500
19861007,352.40,353.70,352.10,352.40,80054400
19861008,351.90,352.90,351.40,352.90,83737200
19861009,353.60,353.90,352.80,353.10,87308400
19861010,353.10,353.70,352.60,353.50,77738700
19861013,353.40,354.10,353.10,354.10,42342900
19861014,354.20,354.60,353.50,353.80,85783200
19861015,354.50,355.70,353.70,355.70,95790000
19861016,356.30,356.70,355.60,356.40,59361900
19861017,355.70,356.60,355.30,355.70,85541400
19861020,354.10,355.80,353.10,353.50,72967800
19861021,353.00,353.80,352.40,353.10,82351500
19861022,353.60,354.00,353.10,353.90,91242300
19861023,354.80,356.20,353.90,356.20,114576000
19861024,356.60,356.90,356.20,356.70,106485000
19861027,356.10,356.90,355.70,356.60,87336300
19861028,357.10,357.80,356.50,357.20,95232000
19861029,357.30,358.50,356.90,358.50,98673000
19861030,360.80,361.20,358.50,361.10,114855000
19861031,361.40,361.60,360.00,360.80,99231000
19861103,361.00,361.10,360.60,361.10,103416000
19861104,361.20,362.00,360.60,361.90,130479000
19861105,362.10,362.50,362.10,362.10,155496000
19861106,362.00,362.30,360.60,361.20,104439000
19861107,361.00,361.20,360.20,361.00,92367600
19861110,359.60,361.10,359.30,360.00,93744000
19861111,360.80,361.40,360.00,361.30,90516900
19861112,361.40,362.00,360.70,361.20,100440000
19861113,360.60,361.20,358.00,358.00,107229000
19861114,358.10,358.60,357.50,358.50,95046000
19861117,357.30,358.70,356.90,357.10,84918300
19861118,356.80,357.30,352.50,352.60,110112000
19861119,350.60,352.60,349.10,349.80,103416000
19861120,351.00,352.20,349.80,352.20,106485000
19861121,353.20,354.70,352.20,354.70,99324000
19861124,355.90,356.60,354.60,356.10,90079800
19861125,356.20,357.00,356.00,357.00,105834000
19861126,357.40,358.20,356.90,358.20,98580000
19861128,358.60,359.60,358.10,359.60,57613500
19861201,357.40,359.60,356.80,357.90,90981900
19861202,359.30,360.70,357.90,360.70,121737000
19861203,361.80,363.40,360.70,363.00,124992000
19861204,364.00,364.50,363.10,364.10,119040000
19861205,364.50,364.70,362.60,363.00,123969000
19861208,362.00,363.00,360.20,361.00,102858000
19861209,360.10,361.10,358.90,359.00,108159000
19861210,358.40,359.10,358.20,359.10,107136000
19861211,358.90,359.40,357.10,357.70,115134000
19861212,356.70,357.70,355.60,355.90,100812000
19861215,353.60,355.90,352.50,353.00,107229000
19861216,353.50,354.10,352.80,353.80,132339000
19861217,353.60,353.90,352.00,352.30,118482000
19861218,351.90,352.20,351.10,351.40,123690000
19861219,351.60,352.20,351.00,352.20,119970000
19861222,351.30,352.20,350.40,351.30,111414000
19861223,350.60,351.60,348.30,348.80,137733000
19861224,349.00,349.60,349.00,349.60,76371600
19861226,349.70,350.00,349.50,349.90,40957200
19861229,349.10,350.10,347.80,348.00,94860000
19861230,347.40,348.10,347.00,347.30,117552000
19861231,347.90,348.90,347.20,348.80,130851000
19870102,351.30,353.20,348.80,353.20,58794600
19870105,356.20,361.30,353.30,361.20,102858000
19870106,364.20,366.00,361.20,366.00,128247000
19870107,368.20,372.50,360.00,372.40,143685000
19870108,375.30,377.60,372.50,377.50,146847000
19870109,377.80,380.80,377.50,380.70,133734000
19870112,382.00,385.50,380.70,385.50,142197000
19870113,385.50,386.60,384.90,386.40,133362000
19870114,387.30,390.00,386.40,390.00,160332000
19870115,392.00,393.60,389.90,392.60,176235000
19870116,389.90,392.70,389.00,389.90,145266000
19870119,388.60,392.60,388.40,392.60,124620000
19870120,393.50,394.60,391.70,392.10,170004000
19870121,389.90,392.00,389.20,389.60,145545000
19870122,389.00,393.20,388.60,393.20,151218000
19870123,394.80,396.20,392.00,392.20,243567000
19870126,388.70,392.20,387.60,388.00,107601000
19870127,389.70,391.10,387.90,390.80,121737000
19870128,390.80,392.10,390.70,392.00,142197000
19870129,393.00,393.30,390.50,391.00,140151000
19870130,390.10,392.10,389.80,392.10,143499000
19870202,393.80,397.20,392.00,397.20,138663000
19870203,398.60,399.40,397.20,399.40,160053000
19870204,399.90,403.20,399.30,403.10,165633000
19870205,405.30,406.30,403.10,405.60,173352000
19870206,406.60,407.30,405.70,406.90,155589000
19870209,406.40,407.00,405.30,405.80,129363000
19870210,404.80,406.00,402.60,403.50,133176000
19870211,404.60,408.30,403.50,408.30,139035000
19870212,409.60,410.20,408.30,409.20,156240000
19870213,409.20,412.60,408.90,412.50,143685000
19870217,414.80,418.20,412.50,418.20,159960000
19870218,418.80,418.80,416.30,417.10,181722000
19870219,417.30,417.40,415.70,417.00,151776000
19870220,416.40,417.30,416.10,417.20,144801000
19870223,414.20,417.30,413.10,415.20,130293000
19870224,415.00,417.60,414.90,417.40,123876000
19870225,419.40,421.10,417.40,421.00,146940000
19870226,421.40,423.30,420.60,422.90,144522000
19870227,423.90,425.00,422.80,425.00,138942000
19870302,425.00,426.40,423.80,423.90,125178000
19870303,423.40,424.00,422.90,423.60,130107000
19870304,425.40,426.80,423.50,426.70,144801000
19870305,429.00,429.80,426.80,429.00,158472000
19870306,428.30,429.60,428.20,429.50,138198000
19870309,426.80,429.50,425.90,426.80,110577000
19870310,427.90,429.40,426.50,429.40,131409000
19870311,431.40,431.90,429.50,431.40,144894000
19870312,431.30,432.60,431.00,432.50,145452000
19870313,432.50,433.50,431.70,432.00,147219000
19870316,430.30,432.10,430.10,430.90,122109000
19870317,432.40,434.80,430.90,434.80,143127000
19870318,436.30,437.30,434.50,434.90,149637000
19870319,435.30,437.10,435.10,437.00,140430000
19870320,439.10,439.90,437.00,439.60,160797000
19870323,439.60,440.00,438.00,438.00,136059000
19870324,437.10,438.30,436.40,438.10,153543000
19870325,436.50,438.20,436.40,437.50,142290000
19870326,438.20,439.30,437.50,438.70,145173000
19870327,439.40,439.70,436.60,436.60,141732000
19870330,427.90,436.80,426.90,427.10,131781000
19870331,427.80,430.10,427.10,430.10,130665000
19870401,426.30,429.90,424.60,428.30,133269000
19870402,431.10,432.10,430.40,432.10,139686000
19870403,433.30,437.40,432.10,437.40,158565000
19870406,438.10,439.20,436.80,437.60,140151000
19870407,437.50,437.90,434.00,434.00,157263000
19870408,434.60,435.40,433.90,434.90,142941000
19870409,433.90,435.30,431.10,432.00,147684000
19870410,431.10,432.10,430.30,430.90,137919000
19870413,427.80,430.90,423.70,423.70,125457000
19870414,417.10,423.60,412.50,413.20,153822000
19870415,415.60,416.50,413.20,416.00,135687000
19870416,418.70,420.20,416.30,419.50,129270000
19870420,418.80,420.30,417.60,417.70,102579000
19870421,414.50,418.60,414.20,418.60,121737000
19870422,419.90,420.10,418.00,418.20,123969000
19870423,417.70,418.50,416.20,417.40,128433000
19870424,415.90,417.40,412.40,412.60,121551000
19870427,407.90,412.70,407.40,409.70,128061000
19870428,412.20,412.50,409.70,411.90,121086000
19870429,414.10,414.80,412.00,414.20,131130000
19870430,415.60,417.90,414.20,417.80,134850000
19870501,418.60,418.90,417.40,418.40,171399000
19870504,418.60,418.80,417.20,418.50,113646000
19870505,420.50,422.50,418.50,422.40,135129000
19870506,422.70,423.40,421.70,422.40,161820000
19870507,422.80,423.10,422.30,422.60,141174000
19870508,423.30,423.50,422.50,423.20,127317000
19870511,424.60,424.80,422.20,422.20,127131000
19870512,420.50,420.60,419.70,420.50,131409000
19870513,421.40,422.00,420.50,421.90,126573000
19870514,422.20,423.00,421.90,422.70,128805000
19870515,421.70,422.70,418.80,418.90,135501000
19870518,415.20,415.20,412.00,413.50,120342000
19870519,413.70,414.20,407.70,408.20,136803000
19870520,404.70,407.20,404.50,406.60,135408000
19870521,408.30,408.90,406.60,408.50,127503000
19870522,408.40,409.10,407.10,407.40,104811000
19870526,409.30,411.50,407.40,411.40,104904000
19870527,411.90,412.90,411.40,412.60,112995000
19870528,413.40,414.40,412.60,414.40,121737000
19870529,416.60,416.80,414.40,416.50,124434000
19870601,415.50,416.50,414.70,415.00,123783000
19870602,414.30,415.10,413.50,413.60,121086000
19870603,415.30,416.10,415.30,415.90,131130000
19870604,415.90,417.50,415.80,417.40,141360000
19870605,417.50,418.30,417.20,417.80,163866000
19870608,417.80,419.40,417.30,419.40,108810000
19870609,420.90,421.70,420.40,421.70,129549000
19870610,423.20,424.30,422.60,422.80,160611000
19870611,423.40,423.80,422.40,423.40,141918000
19870612,425.00,425.70,424.40,425.40,149916000
19870615,426.50,426.70,424.80,425.40,144615000
19870616,425.20,427.60,424.90,427.50,158658000
19870617,427.90,428.80,427.50,428.40,159030000
19870618,428.10,429.00,427.40,429.00,147405000
19870619,429.30,429.60,428.50,429.10,142848000
19870622,429.40,429.90,428.90,429.30,123411000
19870623,429.30,429.90,427.50,428.00,143499000
19870624,428.40,428.50,426.90,427.30,130479000
19870625,427.90,428.20,427.00,427.20,139314000
19870626,426.50,427.20,425.50,426.70,135501000
19870629,426.60,427.10,426.20,426.50,114576000
19870630,426.10,426.80,423.90,424.70,134292000
19870701,424.50,425.00,424.20,424.50,198834000
19870702,425.40,426.20,425.10,425.90,172980000
19870706,425.90,426.90,424.90,425.10,129642000
19870707,425.40,425.80,424.20,424.60,181815000
19870708,424.10,425.20,423.70,424.90,181257000
19870709,425.80,426.50,425.00,425.60,142383000
19870710,425.30,426.10,425.00,426.00,122667000
19870713,425.50,426.80,425.10,426.50,118389000
19870714,428.30,431.10,427.50,431.10,148986000
19870715,430.90,432.10,430.00,431.20,143127000
19870716,431.80,433.30,431.20,433.20,147498000
19870717,434.10,434.50,433.20,434.10,142197000
19870720,432.80,433.10,431.40,431.60,121179000
19870721,431.40,431.80,429.20,429.40,145266000
19870722,429.20,429.90,428.50,429.30,143313000
19870723,428.70,429.50,426.90,427.60,142662000
19870724,428.60,429.20,427.60,429.10,136989000
19870727,428.60,429.30,428.40,428.90,104160000
19870728,429.90,430.00,428.90,430.00,117087000
19870729,430.30,431.20,430.00,431.20,126480000
19870730,432.60,433.70,431.20,433.60,143406000
19870731,434.00,434.90,433.50,434.90,132618000
19870803,433.30,435.00,433.00,433.10,124155000
19870804,432.40,433.30,431.20,432.80,130572000
19870805,434.50,436.30,432.70,436.30,141174000
19870806,437.10,440.80,436.80,440.80,139221000
19870807,442.80,444.40,442.80,443.60,153729000
19870810,443.80,446.30,443.50,446.30,121644000
19870811,448.10,449.40,447.80,449.40,172422000
19870812,448.80,450.30,448.60,449.20,160053000
19870813,450.70,451.80,450.00,451.60,148986000
19870814,450.40,451.60,450.00,451.60,137361000
19870817,451.40,452.10,450.80,451.70,117459000
19870818,449.90,450.00,446.10,446.80,137175000
19870819,446.60,448.00,446.10,448.00,124713000
19870820,449.80,452.80,448.80,452.80,147126000
19870821,454.20,455.20,453.70,455.20,154566000
19870824,453.80,454.20,453.40,453.80,134292000
19870825,454.50,455.60,453.80,455.10,134478000
19870826,455.10,455.80,454.80,455.30,140709000
19870827,455.80,455.80,454.30,455.80,129921000
19870828,453.80,455.00,453.00,453.30,143127000
19870831,452.80,455.00,452.20,455.00,123597000
19870901,455.50,456.30,452.50,452.50,161634000
19870902,450.20,452.50,448.10,448.90,135315000
19870903,450.40,450.80,447.20,448.40,136803000
19870904,447.40,449.00,446.30,446.50,122388000
19870908,442.50,443.00,436.00,437.60,135315000
19870909,438.90,439.30,437.60,439.20,124899000
19870910,442.00,443.50,442.00,443.50,147219000
19870911,443.90,446.20,443.50,446.20,147126000
19870914,445.70,445.80,444.90,445.50,121179000
19870915,443.30,443.60,441.70,441.90,126015000
19870916,441.60,442.60,440.80,440.90,131874000
19870917,440.50,441.50,439.80,440.80,143778000
19870918,440.80,441.90,440.60,440.90,140802000
19870921,441.50,441.70,436.00,436.00,143127000
19870922,435.00,437.90,434.90,437.90,146196000
19870923,439.60,440.70,439.60,440.70,156519000
19870924,441.90,442.40,440.90,441.20,112716000
19870925,440.90,441.90,440.70,441.90,120714000
19870928,443.40,444.00,441.90,442.30,127410000
19870929,442.40,443.10,441.40,442.20,144243000
19870930,441.50,444.30,441.50,444.30,151125000
19871001,446.20,448.50,445.30,448.50,153264000
19871002,449.70,451.60,448.50,451.60,151869000
19871005,452.50,453.70,451.60,453.60,135501000
19871006,451.80,451.90,447.50,447.50,147405000
19871007,444.90,445.50,443.20,444.60,141360000
19871008,444.50,445.50,439.00,440.00,146754000
19871009,440.70,441.00,438.20,438.40,135129000
19871012,434.40,434.40,431.40,433.00,109554000
19871013,434.30,435.40,432.50,434.80,122574000
19871014,432.40,432.80,427.60,428.30,135408000
19871015,424.40,426.30,422.40,422.50,148614000
19871016,418.40,418.60,406.20,406.30,182187000
19871019,394.50,404.80,360.20,360.20,207297000
19871020,351.40,351.40,326.60,327.80,264213000
19871021,343.70,352.30,343.70,351.90,267933000
19871022,339.90,341.80,335.70,336.10,232314000
19871023,330.20,331.10,328.00,328.50,164610000
19871026,312.80,312.80,298.90,298.90,177165000
19871027,304.40,306.90,296.10,296.30,192789000
19871028,289.50,293.30,288.50,291.90,188046000
19871029,297.10,307.20,296.90,307.10,191487000
19871030,320.40,323.40,306.20,323.30,193533000
19871102,325.40,328.50,324.20,328.30,128340000
19871103,324.20,324.30,317.60,320.70,129456000
19871104,317.90,321.10,316.10,320.10,114948000
19871105,322.80,326.40,322.10,326.20,131130000
19871106,327.40,328.80,326.20,326.40,131632200
19871109,321.10,321.40,319.10,320.40,107415000
19871110,314.90,316.00,314.60,315.20,129781500
19871111,319.10,319.50,317.20,317.80,112251000
19871112,323.40,324.80,322.80,324.00,140216100
19871113,323.20,324.10,322.60,323.00,111776700
19871116,325.20,325.70,321.70,322.40,103955400
19871117,318.50,320.00,315.90,316.80,117951900
19871118,317.40,318.80,315.80,318.20,117319500
19871119,318.10,318.50,313.90,313.90,119021400
19871120,311.10,313.90,309.70,312.50,117263700
19871123,312.20,313.10,311.80,313.10,87485100
19871124,315.60,317.50,315.10,316.70,119895600
19871125,317.30,317.80,316.30,317.80,105322500
19871127,317.20,317.80,316.30,316.50,60245400
19871130,307.30,307.30,301.60,305.20,137128500
19871201,306.40,307.30,304.60,305.20,104020500
19871202,304.50,305.60,304.20,305.20,101444400
19871203,303.40,303.90,298.60,298.80,120369900
19871204,295.80,295.80,291.90,292.90,126972900
19871207,293.70,294.90,292.90,294.80,110046900
19871208,295.30,298.00,294.80,298.00,128088900
19871209,299.40,302.00,298.00,302.00,76752900
19871210,298.60,302.70,298.50,300.80,139518600
19871211,301.30,302.60,300.70,302.60,109767900
19871214,305.50,309.50,304.60,309.40,134822100
19871215,312.20,312.70,309.30,312.70,142522500
19871216,312.00,319.40,311.90,319.30,138802500
19871217,320.80,321.50,319.20,319.50,155133300
19871218,321.80,327.00,320.00,326.90,138607200
19871221,327.90,328.70,326.80,328.70,132831900
19871222,326.30,327.70,325.40,327.30,138588600
19871223,329.10,331.60,328.30,331.50,152594400
19871224,332.20,333.20,331.30,333.20,76269300
19871228,326.50,326.50,324.50,325.60,107433600
19871229,325.10,325.70,324.10,325.50,111674400
19871230,328.40,329.80,328.40,329.70,142215600
19871231,327.70,330.50,327.20,330.50,149172000
19880104,335.10,338.60,334.50,338.50,103062600
19880105,344.20,345.80,343.50,344.10,139025700
19880106,345.00,346.80,344.10,346.70,126089400
19880107,345.80,349.70,344.80,349.70,127447200
19880108,347.60,348.30,338.40,338.50,133975800
19880111,333.20,336.30,332.50,336.20,119737500
19880112,332.70,333.00,329.00,332.00,111925500
19880113,330.30,333.40,329.80,332.70,107573100
19880114,334.50,334.90,333.70,334.20,94404300
19880115,340.60,341.50,340.00,340.10,124768800
19880118,340.40,340.60,339.50,340.50,84620700
19880119,339.60,341.10,338.90,340.40,99789000
19880120,338.10,340.00,333.10,333.70,124155000
19880121,332.50,334.80,332.10,334.30,115840800
19880122,336.50,337.60,335.30,337.60,138718800
19880125,338.50,340.80,337.60,340.50,99379800
19880126,339.70,340.60,339.10,339.20,95706300
19880127,340.60,340.80,339.30,339.80,105499200
19880128,341.40,342.50,339.80,342.40,115013100
19880129,343.80,344.70,342.40,344.70,125940600
19880201,346.20,347.60,345.70,346.20,109386600
19880202,345.50,347.20,345.10,347.20,105564300
19880203,347.50,348.00,343.70,343.70,121225500
19880204,344.60,345.20,343.50,344.70,113004300
19880205,346.60,346.70,344.70,345.80,112650900
19880208,343.70,345.80,343.50,344.50,111665100
19880209,344.40,345.10,343.80,345.00,99705300
19880210,346.50,349.50,345.00,349.30,119830500
19880211,349.90,351.60,349.30,351.00,129177000
19880212,352.30,353.30,352.30,353.30,104904000
19880216,352.80,354.80,352.60,354.70,97705800
19880217,356.50,356.80,354.70,355.30,123104100
19880218,354.90,356.30,354.80,355.60,123141300
19880219,355.70,357.20,355.40,357.10,119700300
19880222,357.40,360.10,357.10,360.00,120165300
19880223,360.80,361.10,359.80,361.10,120202500
19880224,361.50,363.40,360.90,363.10,123652800
19880225,364.80,366.50,363.00,363.60,143229300
19880226,362.70,363.70,362.40,363.40,104215800
19880229,363.70,367.00,363.40,367.00,116138400
19880301,367.40,368.00,366.70,367.30,127251900
19880302,369.50,370.60,369.20,370.40,135854400
19880303,371.40,372.70,370.30,372.00,134115300
19880304,371.90,373.40,370.40,373.40,131334600
19880307,373.70,374.60,372.90,374.50,113441400
19880308,375.70,377.60,374.50,376.90,148009500
19880309,379.70,380.70,378.90,380.30,147563100
19880310,381.70,382.00,376.70,376.80,149013900
19880311,375.50,377.00,373.20,375.50,117738000
19880314,376.40,376.70,375.50,376.70,100542300
19880315,376.90,377.10,375.60,376.60,121299900
19880316,377.00,378.60,376.20,378.50,131929800
19880317,380.40,380.90,378.60,380.70,149776500
19880318,381.70,382.60,380.70,381.60,175881600
19880321,378.60,379.60,377.70,378.60,113339100
19880322,379.10,379.90,378.60,379.80,113134500
19880323,380.10,380.40,379.00,380.10,136840200
19880324,377.60,379.10,374.60,375.60,138486300
19880325,375.90,376.00,372.20,372.50,108326400
19880328,369.00,370.50,368.70,370.40,101407200
19880329,372.00,373.40,371.40,373.00,109953900
19880330,373.70,374.30,371.80,371.80,112985700
19880331,371.40,374.60,370.60,374.60,115812900
19880404,373.70,374.60,371.50,371.90,88470900
19880405,373.00,373.40,371.60,373.40,110316600
19880406,373.80,377.70,373.30,377.70,127977300
19880407,378.40,379.80,377.70,378.90,124173600
19880408,379.80,381.90,378.90,381.80,125038500
19880411,381.90,383.20,381.60,382.50,114250500
19880412,382.60,383.50,382.30,383.40,114743400
19880413,382.90,384.30,382.00,383.40,121104600
19880414,378.80,380.00,374.50,374.50,132106500
19880415,371.40,374.50,369.80,373.90,121058100
19880418,372.50,375.10,372.30,375.10,94869300
19880419,377.00,379.10,376.10,376.90,119542200
19880420,374.70,375.90,373.90,374.20,124192200
19880421,375.10,375.80,372.80,373.20,132459900
19880422,373.10,374.10,373.00,374.00,115654800
19880425,374.40,375.60,374.10,375.30,97752300
19880426,377.00,378.00,376.30,377.80,116928900
19880427,378.70,378.90,377.80,378.70,113804100
19880428,378.70,379.20,377.90,378.80,119793300
19880429,377.70,379.20,377.00,379.20,112846200
19880502,379.00,379.80,378.70,379.70,90963300
19880503,380.70,382.70,379.70,382.20,121885800
19880504,382.20,383.10,381.50,381.60,124815300
19880505,379.90,380.50,379.20,379.50,112753200
19880506,380.20,380.60,379.20,379.40,114148200
19880509,377.70,378.40,375.70,376.30,93864900
19880510,375.40,376.50,374.30,375.40,107256900
19880511,369.80,369.90,368.40,369.20,110437500
19880512,369.80,370.30,369.20,370.20,95538900
19880513,372.20,372.50,371.20,372.50,96803700
19880516,372.70,373.40,372.00,373.40,91363200
19880517,374.20,376.20,372.30,372.30,115822200
19880518,371.40,372.30,366.40,367.00,131939100
19880519,363.20,367.00,362.80,366.30,134654700
19880520,365.90,367.30,365.70,366.00,161457300
19880523,364.20,366.00,362.40,363.30,112195200
19880524,363.80,365.20,363.30,365.20,102048900
19880525,366.10,366.40,365.10,365.70,107926500
19880526,366.20,367.30,365.50,367.30,88043100
19880527,366.50,367.30,366.20,366.70,81756300
19880531,367.70,370.40,366.50,370.30,98952000
19880601,372.70,375.00,372.70,374.80,127205400
19880602,374.70,375.70,373.90,374.70,116947500
19880603,375.20,377.10,374.70,376.90,111014100
19880606,378.00,379.40,376.80,379.30,102272100
19880607,379.80,380.40,378.80,379.30,130897500
19880608,380.40,383.40,379.30,383.40,144894000
19880609,383.90,384.70,382.90,384.60,133269000
19880610,384.80,386.80,384.40,386.30,135147600
19880613,385.80,386.90,385.60,386.80,119477100
19880614,389.40,389.70,387.80,388.50,162619800
19880615,387.60,389.10,387.60,389.10,149469600
19880616,387.70,389.10,386.50,387.10,135854400
19880617,387.80,387.90,386.50,386.90,136152000
19880620,385.40,386.70,385.00,386.00,102021000
19880621,386.50,387.80,385.90,387.80,143647800
19880622,390.00,390.60,387.80,390.50,161773500
19880623,390.40,391.10,390.30,391.00,152547900
19880624,390.70,391.80,390.60,391.60,128777100
19880627,390.30,391.60,388.90,389.00,95594700
19880628,389.70,391.70,388.50,391.70,122043900
19880629,392.80,392.90,390.80,391.70,137500500
19880630,391.80,394.80,391.60,394.70,130190700
19880701,394.20,395.10,394.00,394.70,109163400
19880705,394.40,396.10,393.70,396.10,101388600
19880706,396.90,397.50,395.10,395.50,137305200
19880707,394.90,395.60,393.70,395.40,130934700
19880708,394.80,395.40,393.90,394.30,117775200
19880711,394.30,394.80,393.90,394.20,99147300
19880712,394.10,394.70,392.00,393.50,123643500
19880713,393.60,394.20,392.40,393.60,123429600
19880714,393.80,394.70,393.30,394.70,128609700
19880715,394.00,395.00,393.80,395.00,126833400
19880718,395.00,395.20,393.50,394.80,114083100
19880719,393.30,394.80,390.70,391.30,139481400
19880720,391.00,392.00,390.70,391.60,131474100
19880721,389.50,391.60,388.70,388.90,123466800
19880722,387.80,388.90,386.20,387.40,188994600
19880725,387.00,387.40,386.30,387.10,90172800
19880726,386.30,387.10,385.50,385.80,103406700
19880727,385.60,386.30,383.10,383.30,117152100
19880728,382.40,384.10,382.10,384.10,108121800
19880729,385.30,387.30,384.10,387.30,112371900
19880801,387.60,388.50,387.30,388.00,98552100
19880802,387.80,388.80,386.80,387.80,115757100
19880803,387.60,388.50,387.20,388.50,114985200
19880804,388.80,389.50,388.40,388.90,106624500
19880805,388.20,388.90,387.40,387.70,98821800
19880808,387.90,388.50,387.60,387.70,95287800
19880809,385.20,387.90,383.30,384.20,118872600
19880810,382.30,384.30,378.50,378.50,127093800
19880811,378.80,379.50,378.10,379.10,123587700
19880812,378.50,379.20,378.30,379.00,101556000
19880815,377.40,379.00,373.90,374.10,104718000
19880816,373.50,376.20,372.20,375.70,119895600
19880817,377.00,377.10,375.10,376.20,115180500
19880818,376.50,377.80,376.20,377.20,107666100
19880819,377.70,378.10,376.80,377.40,110093400
19880822,376.00,377.50,373.50,373.70,90842400
19880823,373.30,373.90,372.60,373.50,102402300
19880824,374.50,376.20,373.20,376.00,102365100
19880825,374.10,374.10,374.00,374.00,95594700
19880826,374.30,374.60,373.90,374.40,85197300
19880829,375.50,376.40,374.40,376.20,77645700
19880830,375.80,376.60,375.70,376.50,87931500
19880831,376.60,377.50,375.10,376.60,108940200
19880901,374.20,376.60,372.20,373.00,98933400
19880902,374.70,376.70,373.00,376.50,89596200
19880906,377.00,377.60,376.30,377.30,80900700
19880907,378.00,378.30,376.90,378.00,109572600
19880908,377.70,379.70,377.00,379.70,108456600
19880909,378.50,381.80,378.50,381.60,116073300
19880912,382.10,382.90,381.60,382.10,76734300
19880913,381.20,382.40,381.00,382.40,92181600
19880914,383.50,384.50,382.40,383.90,121885800
19880915,383.60,384.00,382.60,382.70,105768900
19880916,382.90,384.00,382.40,383.90,105545700
19880919,382.50,384.00,381.50,383.40,92851200
19880920,383.60,384.10,383.00,384.10,106633800
19880921,384.30,385.00,384.00,384.90,92953500
19880922,384.60,385.60,384.10,384.90,124861800
19880923,384.30,385.20,384.00,385.00,131474100
19880926,384.20,385.10,382.60,382.80,86257500
19880927,382.50,382.90,382.10,382.20,96506100
19880928,383.00,383.40,382.00,383.30,103899600
19880929,384.50,386.10,383.30,386.10,112985700
19880930,386.60,388.40,386.10,387.70,125959200
19881003,384.70,387.70,383.40,384.50,99919200
19881004,384.90,385.10,383.90,384.20,98784600
19881005,383.60,384.60,383.10,384.50,122574000
19881006,384.50,385.40,384.00,385.20,115515300
19881007,384.40,385.70,384.10,385.70,144075600
19881010,385.80,386.30,384.40,385.50,90051900
19881011,385.60,386.00,384.00,385.30,112520700
19881012,382.60,385.30,381.80,382.60,110130600
19881013,383.50,383.70,381.80,383.50,104513400
19881014,385.10,385.30,383.50,384.60,110781600
19881017,384.90,385.30,384.40,385.00,92674500
19881018,385.20,386.30,384.50,386.30,123066900
19881019,387.70,388.20,385.40,385.80,132580800
19881020,386.60,388.60,385.70,388.60,123392400
19881021,387.90,388.60,387.70,388.60,129009600
19881024,387.50,388.90,387.10,387.20,101955900
19881025,386.60,387.40,385.70,386.10,103853100
19881026,385.00,386.20,384.30,385.20,102681300
19881027,382.30,385.20,380.70,381.80,114073800
19881028,382.40,382.90,381.80,382.80,98589300
19881031,381.60,382.90,381.20,382.50,91028400
19881101,382.70,383.00,381.60,382.40,102625500
19881102,381.40,382.40,380.80,381.80,113032200
19881103,381.70,383.10,381.60,382.80,108940200
19881104,382.00,382.80,380.70,381.00,98226600
19881107,378.50,381.10,376.30,376.50,94320600
19881108,377.90,379.10,376.50,378.80,105322500
19881109,378.20,378.80,376.90,377.70,102672000
19881110,377.40,378.50,377.40,378.40,98328900
19881111,376.10,378.40,373.60,373.80,102002400
19881114,371.80,374.00,371.60,372.40,93716100
19881115,373.40,373.60,371.50,372.10,104048400
19881116,370.00,372.30,367.60,367.80,119030700
19881117,368.40,368.80,366.90,367.40,130339500
19881118,366.80,367.90,366.70,367.60,96013200
19881121,365.30,367.60,364.10,365.10,104094900
19881122,365.20,365.40,364.00,365.40,108884400
19881123,365.80,367.90,365.40,367.80,96403800
19881125,366.10,367.70,365.70,366.40,46555800
19881128,366.40,366.70,364.80,366.10,87234000
19881129,366.40,368.20,365.90,368.20,97482600
19881130,369.20,371.50,368.10,371.50,116566200
19881201,372.10,374.00,371.20,373.90,114641100
19881202,373.10,374.40,372.50,373.90,116268600
19881205,374.90,376.10,373.90,375.60,110363100
19881206,375.70,377.00,374.70,377.00,107935800
19881207,377.00,377.20,376.10,376.40,113906400
19881208,375.20,376.40,374.90,375.20,102179100
19881209,375.00,375.60,374.80,375.20,105610800
19881212,375.20,375.60,374.00,374.20,92274600
19881213,373.40,374.20,372.50,373.00,106150200
19881214,372.90,373.60,372.50,372.80,109498200
19881215,373.30,373.50,372.50,373.00,103806600
19881216,373.10,375.80,372.90,375.80,123820200
19881219,375.60,376.50,375.50,376.40,121997400
19881220,377.30,377.50,376.00,376.10,128805000
19881221,376.10,376.30,374.90,375.60,127791300
19881222,375.70,376.80,375.10,376.50,142420200
19881223,376.70,377.40,376.50,377.30,72270300
19881227,377.70,377.80,376.40,376.60,75125400
19881228,376.50,376.80,375.60,376.80,97789500
19881229,377.30,379.10,376.70,379.10,112660200
19881230,379.60,381.40,378.90,381.40,127354200
19890103,378.90,381.40,376.90,378.60,87103800
19890104,379.30,382.90,378.60,382.80,112781100
19890105,383.50,384.90,382.70,383.80,125587200
19890106,384.40,384.80,383.80,384.70,114994500
19890109,384.90,385.80,384.60,385.30,102234900
19890110,385.50,385.60,384.00,384.60,105573600
19890111,384.50,385.40,383.90,385.30,107666100
19890112,385.80,387.50,385.30,387.00,125949900
19890113,387.20,387.40,386.50,387.10,114259800
19890116,387.00,388.10,386.70,387.40,97798800
19890117,386.80,387.40,385.70,386.10,128116800
19890118,386.00,389.00,385.50,388.90,130683600
19890119,390.80,391.90,388.90,391.10,150939000
19890120,391.10,392.10,390.80,391.70,141425100
19890123,391.80,392.20,389.90,390.00,106038600
19890124,390.10,392.20,389.80,392.00,123308700
19890125,393.10,394.10,392.00,394.00,113078700
19890126,393.90,397.10,393.40,397.10,131762400
19890127,397.00,398.90,396.20,398.00,163866000
19890130,398.50,399.20,397.90,399.20,115264200
19890131,399.40,401.40,398.50,401.30,127456500
19890201,401.80,403.20,401.50,403.20,142187700
19890202,403.70,406.20,403.30,405.20,152324700
19890203,405.40,406.40,404.60,406.40,133315500
19890206,406.40,406.60,404.90,406.00,119309700
19890207,406.80,409.70,405.90,409.20,145926300
19890208,409.70,410.10,407.80,408.00,142038900
19890209,406.50,408.30,405.90,406.40,136412400
19890210,403.70,405.60,402.10,402.40,123438900
19890213,400.60,402.00,400.30,401.30,106475700
19890214,402.70,403.00,401.70,402.00,123578400
19890215,402.50,404.20,401.90,404.20,114557400
19890216,405.20,405.90,404.30,405.70,138802500
19890217,405.80,407.80,405.50,407.20,106159500
19890221,406.80,407.50,405.90,406.40,107163900
19890222,405.00,406.00,401.40,402.50,120453600
19890223,401.20,403.10,400.90,403.10,108679800
19890224,402.90,403.10,399.70,400.00,114306300
19890227,398.40,399.70,398.20,398.90,101742000
19890228,399.20,400.40,399.00,399.70,113655300
19890301,401.00,401.50,399.40,399.80,119718900
19890302,400.50,402.60,400.00,402.50,120425700
19890303,402.80,404.00,402.50,404.00,126470700
19890306,405.20,406.30,404.50,406.30,113655300
19890307,405.60,406.50,404.90,406.20,126414900
19890308,406.00,407.40,405.70,406.40,139630200
19890309,406.50,406.60,405.50,405.70,132115800
19890310,404.30,405.90,404.20,405.90,124034100
19890313,406.60,407.00,405.80,406.60,110093400
19890314,406.80,407.20,405.70,406.00,127977300
19890315,406.50,407.50,406.20,407.00,131343900
19890316,407.40,409.80,407.00,409.50,140132400
19890317,403.80,407.90,402.00,402.20,129595500
19890320,400.50,401.80,397.80,398.50,111451200
19890321,400.60,401.80,399.30,401.80,115068900
19890322,401.00,401.60,399.70,400.60,126833400
19890323,401.10,401.40,400.10,400.90,138737400
19890327,400.40,401.00,400.10,400.60,91921200
19890328,401.70,402.90,401.10,402.60,104671500
19890329,403.20,403.70,402.30,403.70,114352800
19890330,403.20,404.60,402.50,404.60,107517300
19890331,405.60,406.80,404.80,406.70,116259300
19890403,407.00,408.40,406.80,407.70,113952900
19890404,407.00,407.60,406.50,407.20,129818700
19890405,407.40,408.30,407.00,408.30,112297500
19890406,407.90,408.40,407.00,408.20,106057200
19890407,408.70,410.80,408.10,410.70,124229400
19890410,411.20,411.40,410.40,411.10,102151200
19890411,412.10,413.70,411.50,413.50,123941100
19890412,414.60,416.10,414.00,415.70,150009000
19890413,415.30,415.90,413.30,413.90,132980700
19890414,415.90,417.70,414.70,417.70,134524500
19890417,417.60,418.20,417.20,417.80,107154600
19890418,419.70,420.80,418.70,420.70,142736400
19890419,421.00,422.40,420.60,421.90,144159300
19890420,421.60,422.30,419.60,421.50,131157900
19890421,422.40,423.80,421.60,423.80,139007100
19890424,423.00,423.60,422.60,423.20,91298100
19890425,423.70,424.00,421.90,422.70,114994500
19890426,422.50,423.40,422.50,423.40,127093800
19890427,424.20,426.30,423.60,426.20,127791300
19890428,426.30,427.60,425.60,427.60,120193200
19890501,425.90,427.50,425.80,427.50,108549600
19890502,427.60,428.70,427.40,428.00,131111400
19890503,428.70,429.00,428.10,428.80,132515700
19890504,429.00,430.10,428.70,429.20,136133400
19890505,430.60,432.30,429.90,430.70,145145100
19890508,430.50,430.80,428.10,429.30,119997900
19890509,429.80,430.30,427.80,429.00,126154500
19890510,428.90,429.70,428.50,429.60,120583800
19890511,430.30,430.90,429.60,430.60,134840700
19890512,434.30,434.90,432.00,434.80,154714800
19890515,435.30,436.40,435.10,436.20,124303800
19890516,435.80,436.20,434.60,435.70,133417800
19890517,436.40,438.80,436.00,438.50,158090700
19890518,438.50,439.80,438.40,439.80,152008500
19890519,441.10,442.20,440.10,442.10,169222800
19890522,442.60,443.20,441.00,441.80,115887300
19890523,441.10,441.60,440.10,440.20,131092800
19890524,439.90,441.50,439.30,441.50,113794800
19890525,442.50,443.40,441.60,442.90,120118800
19890526,443.60,445.20,443.00,445.20,108800700
19890530,445.90,446.20,443.10,444.20,108000900
19890531,444.40,446.20,443.80,446.20,115143300
19890601,446.80,448.30,446.10,448.30,126359100
19890602,449.80,451.70,448.50,451.60,152334000
19890605,451.40,452.00,447.70,447.80,128088900
19890606,447.80,448.80,446.60,448.00,132757500
19890607,451.70,453.30,448.90,453.20,149004600
19890608,454.10,454.60,453.50,454.00,145042800
19890609,452.70,453.70,452.30,453.70,130609200
19890612,453.00,453.60,451.50,453.40,116770800
19890613,451.60,452.80,449.50,450.70,136663500
19890614,451.00,451.60,449.80,450.60,122406600
19890615,449.70,450.40,446.30,447.10,127875000
19890616,446.30,447.20,445.30,447.20,122862300
19890619,446.90,447.40,444.90,446.10,101918700
19890620,446.60,446.90,444.60,444.60,127475100
19890621,444.70,445.20,443.70,443.90,126852000
19890622,443.70,445.30,443.50,445.30,123494700
19890623,446.50,448.40,445.70,448.40,142429500
19890626,448.60,449.00,447.20,447.30,101881500
19890627,447.90,449.20,447.60,448.60,110688600
19890628,447.60,448.20,444.00,444.90,118565700
19890629,441.90,444.20,437.50,437.90,132087900
19890630,436.10,437.90,431.70,435.30,127503000
19890703,434.50,436.10,434.40,436.00,49476000
19890705,435.50,437.10,435.00,436.90,87903600
19890706,437.90,439.60,437.00,439.60,109786500
19890707,440.00,443.10,439.80,442.40,111888300
19890710,442.50,443.10,442.20,442.70,104848200
19890711,444.30,444.90,443.30,444.50,132190200
19890712,444.50,446.80,444.30,446.80,136951800
19890713,446.50,448.00,446.40,447.90,121002300
19890714,448.50,449.00,446.80,448.90,119830500
19890717,449.00,450.00,448.20,449.90,100337700
19890718,449.20,449.50,447.30,447.90,122648400
19890719,448.90,451.20,448.40,451.20,148688400
19890720,451.60,452.00,449.20,449.20,154956600
19890721,448.20,449.80,447.80,449.30,134626800
19890724,448.00,448.90,445.90,446.00,100495800
19890725,447.30,448.50,445.90,446.50,118714500
19890726,446.60,449.10,446.20,449.10,115757100
19890727,450.50,452.60,449.80,452.50,130432500
19890728,452.60,453.00,451.80,452.80,119877000
19890731,452.30,453.80,451.90,453.80,104067000
19890801,455.20,455.40,453.20,453.30,127298400
19890802,453.00,454.10,452.40,454.10,121067400
19890803,455.00,457.20,454.50,456.90,135789300
19890804,456.60,457.80,455.40,457.40,124313100
19890807,458.50,461.80,457.90,461.70,125782500
19890808,462.50,463.40,461.50,463.30,149051100
19890809,463.10,463.90,462.40,462.40,144791700
19890810,461.50,464.00,461.00,463.60,125019900
19890811,465.70,466.10,462.10,462.50,129511800
19890814,461.20,462.00,459.80,460.00,134533800
19890815,460.90,461.00,459.90,460.90,124145700
19890816,462.00,462.20,460.20,460.80,120202500
19890817,461.20,461.40,459.70,460.80,126777600
19890818,461.40,462.10,460.70,462.00,125103600
19890821,462.10,462.50,458.30,458.30,101016600
19890822,457.10,458.40,456.50,458.40,110697900
19890823,459.60,461.70,458.80,461.70,129911700
19890824,463.00,466.00,462.00,465.90,134673300
19890825,466.50,467.20,466.00,466.80,117858900
19890828,466.20,467.20,465.50,467.20,93223200
19890829,467.70,467.90,465.90,466.60,119607300
19890830,466.80,468.50,466.60,468.30,113181000
19890831,469.00,469.40,468.40,469.30,109516800
19890901,469.90,471.50,469.60,471.30,105517800
19890905,472.20,472.40,471.10,471.40,112660200
19890906,469.70,471.10,467.60,469.30,126879900
19890907,470.30,470.70,469.30,469.70,124620000
19890908,470.00,471.50,468.40,471.30,120955800
19890911,470.90,471.30,469.40,470.40,105545700
19890912,470.70,472.10,470.40,471.90,140485800
19890913,473.40,474.60,471.80,471.80,148744200
19890914,471.10,471.80,468.70,468.80,132087900
19890915,469.70,470.10,467.10,467.60,121755600
19890918,467.10,467.40,466.00,466.90,97696500
19890919,467.10,467.70,466.70,467.10,127140300
19890920,467.30,467.60,466.20,466.70,127456500
19890921,467.10,468.40,466.50,467.00,128916600
19890922,467.10,468.20,466.50,468.10,138467700
19890925,467.60,468.50,466.20,466.70,100523700
19890926,466.90,468.40,466.70,467.80,114743400
19890927,465.80,467.80,464.90,467.80,114557400
19890928,468.90,471.20,468.20,471.10,123810900
19890929,471.80,473.30,471.40,472.90,126833400
19891002,472.80,475.20,472.40,475.20,101323500
19891003,476.00,477.30,475.40,477.30,140616000
19891004,477.60,479.50,477.40,479.30,152854800
19891005,479.90,481.50,478.60,480.70,140513700
19891006,482.30,483.90,481.60,483.60,145070700
19891009,483.50,485.80,482.70,485.70,78371100
19891010,487.00,487.50,483.20,484.10,127372800
19891011,483.10,483.60,480.70,482.20,123699300
19891012,482.70,483.40,482.10,482.20,121792800
19891013,482.50,482.70,467.30,467.30,155970300
19891016,448.90,463.10,447.10,461.00,225841200
19891017,460.20,460.80,456.30,459.90,150167100
19891018,458.70,463.30,457.90,463.30,137314500
19891019,465.80,470.80,463.80,470.80,161317800
19891020,470.90,471.30,468.80,470.70,147088800
19891023,470.70,471.10,467.10,467.20,108977400
19891024,464.80,466.60,458.70,461.70,141806400
19891025,462.90,464.30,462.10,462.90,122871600
19891026,461.90,462.10,458.10,458.20,119718900
19891027,457.00,458.40,451.80,452.80,123494700
19891030,453.70,454.30,450.80,451.40,93995100
19891031,452.90,455.80,451.80,455.60,119058600
19891101,456.20,457.30,455.60,456.60,110316600
19891102,454.70,456.00,452.20,453.10,126480000
19891103,452.80,454.00,452.10,453.00,102737100
19891106,452.80,453.00,448.00,448.00,103304400
19891107,447.00,449.40,446.80,449.40,121411500
19891108,452.50,454.50,450.30,454.10,128247000
19891109,454.70,454.90,453.50,454.10,117914700
19891110,455.20,456.40,454.60,456.20,101416500
19891113,456.80,456.90,454.80,455.90,101556000
19891114,456.00,456.40,453.10,454.00,115106100
19891115,454.80,455.90,453.10,455.80,123699300
19891116,456.50,456.70,454.30,455.30,136375200
19891117,455.00,457.10,454.80,456.70,112892700
19891120,457.20,457.80,454.00,455.70,106875600
19891121,455.70,456.10,453.10,454.10,115533900
19891122,454.00,455.50,453.80,455.10,129986100
19891124,456.30,456.70,455.50,456.60,49913100
19891127,457.50,457.70,455.80,456.20,100607400
19891128,456.30,457.10,456.00,456.70,116566200
19891129,456.20,456.60,455.00,455.80,113469300
19891130,455.10,456.70,454.90,456.10,120528000
19891201,456.60,457.90,456.40,457.10,128777100
19891204,457.50,458.30,457.00,458.30,105815400
19891205,459.00,459.40,457.80,458.60,122778600
19891206,458.30,458.80,456.10,456.70,133873500
19891207,456.60,457.40,455.60,456.30,133901400
19891208,456.70,457.00,455.90,456.20,119170200
19891211,454.60,455.80,451.10,452.40,124052700
19891212,451.80,452.50,449.60,450.40,140002200
19891213,450.50,451.50,450.10,451.10,171733800
19891214,449.40,451.10,446.80,447.50,134161800
19891215,446.30,448.00,441.70,443.80,134282700
19891218,443.60,443.90,434.90,436.00,136431000
19891219,434.30,435.70,431.80,434.40,152175900
19891220,435.70,436.90,434.60,436.90,141759900
19891221,438.20,441.10,437.30,441.10,152780400
19891222,441.80,445.10,441.20,444.60,102513900
19891226,444.90,445.60,444.40,445.30,69275700
19891227,446.30,448.80,445.80,448.80,107238300
19891228,448.60,450.00,448.20,450.00,119942100
19891229,450.90,454.80,450.10,454.80,152622300
19900102,452.90,459.30,452.70,459.30,102969600
19900103,461.10,461.60,460.00,460.90,141973800
19900104,460.40,460.80,456.90,459.40,137593500
19900105,457.90,459.40,457.80,458.20,127623900
19900108,457.10,458.70,456.50,458.70,107415000
19900109,459.20,459.60,456.60,456.80,121950900
19900110,455.10,456.30,450.60,450.70,133817700
19900111,451.70,452.50,448.80,448.90,123690000
19900112,442.70,446.60,439.30,439.70,133455000
19900115,438.20,439.40,436.40,436.60,100495800
19900116,432.90,440.20,432.10,440.20,137258700
19900117,440.50,442.50,438.50,438.70,129409500
19900118,436.20,437.80,435.60,437.50,126786900
19900119,440.50,441.20,439.20,440.90,141518100
19900122,439.70,440.70,431.70,431.90,121355700
19900123,432.50,433.80,428.90,430.40,131539200
19900124,419.90,427.20,419.80,425.70,151989900
19900125,428.30,429.00,425.10,425.20,121365000
19900126,424.20,425.90,419.50,421.30,126796200
19900129,422.80,422.90,416.50,418.10,110288700
19900130,416.20,417.50,410.00,410.70,148948800
19900131,412.20,415.90,411.30,415.80,137640000
19900201,416.80,417.90,416.20,417.80,125987100
19900202,418.80,423.30,417.60,422.20,125568600
19900205,422.90,424.80,422.40,424.70,100765500
19900206,425.00,425.20,422.20,424.00,111321000
19900207,422.00,426.90,421.80,426.80,138849000
19900208,428.80,430.20,427.10,427.30,130227900
19900209,428.70,429.10,427.50,428.80,116556900
19900212,428.80,428.80,425.80,426.40,105117900
19900213,425.30,427.00,423.90,425.80,118323900
19900214,426.80,427.20,425.50,426.60,129772200
19900215,426.30,429.70,425.90,429.60,141713400
19900216,430.00,430.90,428.90,429.00,111804600
19900220,425.40,427.90,421.80,423.80,100700400
19900221,418.90,421.90,418.40,421.50,111693000
19900222,422.60,425.10,422.20,422.80,125429100
19900223,421.10,421.50,418.10,419.50,109014600
19900226,419.50,421.00,418.70,421.00,106578000
19900227,422.10,423.50,421.40,422.60,121690500
19900228,423.30,425.80,422.60,425.80,120342000
19900301,425.30,427.70,424.50,427.20,124843200
19900302,428.20,431.00,427.60,431.00,123104100
19900305,430.80,431.20,429.40,430.20,103230000
19900306,429.30,432.60,428.60,432.30,129409500
19900307,433.10,433.50,432.10,432.50,155821500
19900308,433.60,436.60,432.60,436.50,135528900
19900309,437.00,437.10,435.40,436.80,125661600
19900312,435.30,436.60,435.00,436.60,96571200
19900313,436.10,437.00,434.60,434.60,114966600
19900314,435.70,436.40,434.50,436.20,113627400
19900315,436.70,438.40,436.30,438.10,119672400
19900316,440.40,443.10,439.60,442.20,163717200
19900319,440.40,442.90,439.00,442.90,120342000
19900320,443.20,443.30,439.70,440.10,132264600
19900321,439.60,440.90,439.20,439.30,121904400
19900322,439.20,439.30,433.20,434.50,135984600
19900323,436.10,437.80,435.20,437.30,121588200
19900326,438.80,440.00,438.10,438.80,89540400
19900327,437.70,439.70,437.00,439.50,99426300
19900328,437.00,439.20,435.70,436.70,123001800
19900329,436.20,436.70,434.60,435.40,115496700
19900330,434.70,436.00,433.20,435.50,117765900
19900402,431.60,434.10,430.80,433.20,103583400
19900403,434.70,437.70,434.00,437.70,125317500
19900404,438.20,438.30,434.90,435.40,128693400
19900405,433.42,433.42,433.42,433.42,124843200
19900406,433.00,433.90,430.60,430.90,127010100
19900409,430.60,431.20,429.90,430.20,104504100
19900410,430.00,432.10,429.90,431.90,120435000
19900411,432.60,433.80,432.30,433.50,124452600
19900412,435.10,436.80,434.30,436.30,131511300
19900416,438.40,438.50,436.20,436.70,115924500
19900417,434.00,435.90,433.50,435.40,126898500
19900418,435.50,436.10,431.30,431.50,139267500
19900419,430.20,431.00,428.90,429.00,135445200
19900420,429.70,429.80,424.90,425.80,139797600
19900423,423.40,425.30,418.20,420.10,117170700
19900424,421.70,422.30,418.70,419.20,117914700
19900425,420.00,420.70,419.20,420.60,113190300
19900426,421.70,422.00,419.40,421.10,107814900
19900427,420.60,421.40,417.50,418.00,107889300
19900430,417.50,420.10,417.00,420.10,98384700
19900501,422.00,422.20,420.70,421.90,115440900
19900502,422.80,423.60,422.30,423.60,133231800
19900503,425.00,426.60,424.40,425.40,149590500
19900504,427.40,428.60,425.70,428.60,127233300
19900507,429.30,431.60,429.10,431.20,114101700
19900508,431.10,431.90,430.70,431.80,124471200
19900509,431.40,431.90,430.50,431.30,136365900
19900510,431.80,433.50,431.10,433.20,132515700
19900511,434.50,438.20,433.80,438.10,155830800
19900514,440.20,443.10,438.80,441.60,164768100
19900515,441.00,442.60,440.00,442.50,150966900
19900516,442.30,442.90,440.40,442.90,141815700
19900517,445.00,445.70,443.40,445.70,159411300
19900518,446.00,448.50,445.00,448.30,178011300
19900521,448.90,452.90,448.40,452.90,157607100
19900522,455.20,455.60,452.20,453.90,176848800
19900523,453.80,456.90,453.20,456.90,175528200
19900524,457.50,458.90,457.10,458.30,162126900
19900525,454.60,456.20,453.00,453.70,141536700
19900529,454.10,457.60,453.70,457.50,124620000
19900530,459.40,459.80,457.70,458.80,157495500
19900531,458.20,460.00,457.50,459.00,146251800
19900601,459.50,462.50,459.50,462.10,156295800
19900604,462.80,465.60,460.50,465.60,132218100
19900605,467.20,467.60,464.00,464.60,161317800
19900606,463.40,465.20,463.20,465.00,145563600
19900607,465.80,466.60,462.40,464.10,140467200
19900608,463.10,463.70,459.30,460.90,128247000
19900611,459.40,462.80,458.50,462.80,104364600
19900612,464.70,466.60,463.00,466.60,151859700
19900613,467.40,469.40,467.00,468.90,152101500
19900614,467.80,468.50,465.80,467.10,144308100
19900615,466.80,468.30,466.20,467.60,156705000
19900618,465.70,467.00,460.50,460.80,146614500
19900619,459.80,461.00,458.70,460.50,132971400
19900620,462.00,462.30,459.60,460.80,137723700
19900621,460.30,461.30,459.20,461.30,134189700
19900622,462.70,462.90,459.30,459.30,155812200
19900625,459.10,459.70,455.50,455.60,105610800
19900626,457.60,458.10,455.20,455.40,122406600
19900627,454.30,457.10,453.20,456.90,127828500
19900628,458.40,460.50,457.50,460.40,138402600
19900629,461.10,462.50,460.70,462.30,147693300
19900702,461.60,462.40,461.30,462.00,106159500
19900703,461.20,461.80,460.80,461.80,121848600
19900705,460.00,461.40,458.30,459.20,90916800
19900706,458.70,460.70,457.60,460.50,94302000
19900709,461.30,462.20,460.60,461.70,110205000
19900710,461.90,462.70,460.70,461.00,132311100
19900711,460.50,463.90,460.30,463.90,147897900
19900712,464.90,467.20,463.30,467.20,142941000
19900713,467.60,470.30,467.00,468.40,149348700
19900716,468.70,470.10,468.10,469.60,128405100
19900717,469.50,470.00,463.90,464.50,156063300
19900718,463.20,464.20,459.80,460.80,147860700
19900719,457.20,458.90,455.30,458.20,169780800
19900720,459.60,459.70,455.10,455.30,162359400
19900723,451.80,454.60,441.30,444.60,157058400
19900724,444.50,445.80,438.20,442.60,149265000
19900725,444.40,445.80,442.90,445.50,131688000
19900726,446.00,447.00,444.40,445.40,126535800
19900727,444.20,445.40,442.20,442.60,113274000
19900730,439.30,441.90,436.90,439.40,112009200
19900731,439.30,440.00,436.80,438.20,125689500
19900801,437.70,438.60,435.10,435.90,119951400
19900802,430.20,433.40,427.40,428.90,136282200
19900803,423.50,428.30,408.10,417.50,188948100
19900806,403.70,414.60,399.50,400.00,162573300
19900807,401.10,406.60,401.10,402.10,153887100
19900808,404.10,408.00,402.90,407.70,134710500
19900809,409.70,413.20,408.50,413.00,120834900
19900810,412.60,413.00,406.30,408.00,104187900
19900813,404.80,408.50,404.10,408.30,81505200
19900814,409.30,410.60,408.50,410.30,99965700
19900815,412.80,413.30,410.90,411.50,97873200
19900816,408.60,410.60,402.30,402.30,106857000
19900817,396.40,400.50,389.70,393.50,136663500
19900820,393.60,394.00,388.40,388.60,107387100
19900821,380.60,386.70,375.80,379.70,154835700
19900822,381.60,382.90,374.80,374.80,135873000
19900823,363.80,372.40,359.70,360.20,188566800
19900824,365.20,367.30,362.20,367.30,149804400
19900827,377.50,382.20,370.00,381.30,120342000
19900828,381.30,383.30,380.60,382.90,109554000
19900829,381.60,383.50,380.50,381.80,109805100
19900830,381.50,383.10,378.50,378.70,98859000
19900831,378.30,381.30,377.30,381.20,74260500
19900904,379.00,381.70,378.60,381.70,72670200
19900905,383.00,383.20,381.20,382.40,82816500
19900906,380.70,381.90,377.70,378.80,91818900
19900907,376.80,380.60,376.60,380.40,95938800
19900910,383.90,385.20,381.50,381.70,89521800
19900911,380.60,381.70,378.10,379.50,93065100
19900912,380.20,381.10,378.30,380.30,91577100
19900913,380.30,381.60,375.80,376.20,98254500
19900914,374.10,375.30,372.70,374.40,96245700
19900917,373.60,374.70,372.70,374.10,87438600
19900918,372.10,373.20,370.20,372.20,107015100
19900919,373.20,373.80,371.60,371.70,112409100
19900920,369.60,370.80,364.20,364.40,100365600
19900921,362.90,364.20,360.40,362.30,115543200
19900924,358.20,361.10,351.10,352.20,106791900
19900925,353.30,354.80,351.60,354.80,102234900
19900926,353.90,355.00,349.10,350.00,110400300
19900927,351.30,352.50,340.30,341.20,142550400
19900928,334.60,344.50,334.60,344.50,146484300
19901001,349.00,354.70,346.30,354.70,115673400
19901002,360.20,360.90,356.30,356.40,126303300
19901003,355.10,356.20,351.20,351.50,98607900
19901004,350.10,350.70,348.00,349.90,97640700
19901005,344.40,349.80,343.20,347.40,101965200
19901008,349.80,350.30,347.40,348.10,69666300
19901009,344.90,346.60,338.60,339.10,101909400
19901010,336.00,337.90,333.00,333.30,112567200
19901011,331.50,334.00,324.30,325.60,130990500
19901012,326.50,327.90,323.00,327.60,123066900
19901015,329.50,330.10,325.90,329.50,96924600
19901016,328.50,329.70,325.00,325.40,108930900
19901017,325.10,328.00,324.10,326.80,113255400
19901018,328.80,334.00,327.40,334.00,129539700
19901019,338.40,338.80,335.80,337.40,147972300
19901022,338.00,342.10,336.70,341.10,106643100
19901023,340.40,342.60,340.00,341.10,111674400
19901024,339.60,341.10,338.90,341.00,117858900
19901025,341.70,342.20,338.40,339.70,97082700
19901026,337.70,338.70,334.20,334.40,94395000
19901029,334.50,335.40,330.40,330.80,85773900
19901030,330.00,330.30,327.00,329.80,101379300
19901031,330.40,331.50,328.90,329.80,110465400
19901101,328.60,330.60,327.80,330.60,100393500
19901102,331.60,336.60,331.00,336.50,104764500
19901105,339.00,340.80,337.10,340.80,92070000
19901106,341.70,342.70,340.20,340.50,102978900
19901107,339.30,340.20,336.20,336.80,102114000
19901108,335.90,338.30,335.50,336.40,99426300
19901109,338.70,342.00,337.40,342.00,105415500
19901112,344.80,351.50,343.30,351.50,110949000
19901113,351.90,353.50,350.60,352.90,114734100
19901114,353.10,356.90,352.10,356.90,121653300
19901115,355.50,356.30,353.60,354.50,109712100
19901116,351.90,354.00,349.10,350.90,122732100
19901119,352.60,353.30,351.10,352.70,100681800
19901120,352.10,353.40,348.00,348.30,117812400
19901121,348.30,348.80,346.50,348.80,108503100
19901123,348.80,349.70,348.50,349.00,64560600
19901126,346.20,348.90,345.50,348.90,78798900
19901127,350.00,354.10,349.60,354.10,106578000
19901128,354.80,356.90,354.30,355.10,119588700
19901129,353.90,355.80,353.20,355.80,106196700
19901130,354.10,359.10,353.90,359.10,122090400
19901203,361.10,362.20,359.80,361.30,115143300
19901204,360.60,364.20,360.50,364.10,116110500
19901205,364.90,371.00,364.00,370.90,137714400
19901206,377.40,378.00,371.20,372.30,176179200
19901207,371.70,372.00,369.10,371.50,115859400
19901210,370.40,371.60,369.80,371.50,103462500
19901211,369.80,370.90,367.80,368.00,119691000
19901212,368.30,370.40,367.00,370.40,113739000
19901213,370.80,371.70,370.10,371.50,113478600
19901214,369.70,370.70,367.00,368.80,111135000
19901217,364.70,367.40,364.60,365.70,104039100
19901218,366.70,370.20,366.10,370.20,122741400
19901219,370.70,371.60,370.20,371.20,135975300
19901220,369.00,372.60,368.00,372.30,155682000
19901221,372.20,373.80,371.60,373.60,137277300
19901224,371.90,373.20,371.70,372.40,41115300
19901226,372.70,373.30,371.70,372.40,67304100
19901227,372.20,372.90,370.30,371.10,95529600
19901228,369.60,371.30,369.40,371.20,123066900
19901231,370.30,373.80,369.80,373.80,119849100
19910102,373.00,373.50,371.80,372.20,85578600
19910103,371.20,371.80,367.40,367.50,100802700
19910104,366.50,367.90,365.90,367.20,96561900
19910107,363.50,365.80,360.10,360.20,101797800
19910108,359.10,360.50,358.20,359.00,103908900
19910109,362.40,365.00,357.10,357.50,135575400
19910110,358.90,361.90,358.30,361.90,102430200
19910111,362.10,362.20,360.50,361.80,100114500
19910114,355.20,358.70,353.00,355.80,94683300
19910115,354.90,357.40,354.50,357.30,95390100
19910116,358.60,365.20,357.60,365.20,113608800
19910117,379.10,380.20,371.60,375.80,197485500
19910118,373.10,377.10,371.80,377.00,128953800
19910121,374.50,379.80,374.40,379.70,90172800
19910122,380.10,381.60,378.30,379.00,121997400
19910123,379.00,384.10,378.20,383.90,124471200
19910124,386.70,391.80,384.90,391.30,164200800
19910125,391.80,395.10,391.10,394.30,147674700
19910128,394.50,397.60,393.60,396.80,119505000
19910129,396.00,400.70,395.70,400.60,141415800
19910130,401.90,408.50,400.40,408.50,188473800
19910131,409.80,414.20,408.60,414.20,164851800
19910201,415.10,418.90,413.50,417.70,156444600
19910204,418.80,424.90,417.50,424.80,172924200
19910205,427.20,432.20,425.40,432.20,193914300
19910206,432.30,439.30,430.40,439.20,204218700
19910207,439.10,442.50,433.30,435.00,228408000
19910208,434.10,437.00,433.10,436.80,156416700
19910211,444.10,444.20,444.10,444.10,171901200
19910212,443.60,445.40,442.50,444.00,186688200
19910213,443.80,448.00,442.80,448.00,164219400
19910214,449.40,450.30,443.10,444.30,178253100
19910215,447.90,449.10,445.40,448.70,144177900
19910219,448.20,450.30,447.50,450.30,123587700
19910220,447.30,449.50,445.80,446.00,132283200
19910221,447.20,447.70,446.20,446.40,132813300
19910222,447.80,453.00,446.40,449.00,164619300
19910225,453.60,454.20,451.10,451.10,138811800
19910226,448.40,449.70,446.40,447.70,121327800
19910227,447.00,451.00,446.80,450.80,150585600
19910228,452.80,453.50,450.30,453.10,159457800
19910301,450.60,456.70,450.30,456.70,149292900
19910304,458.10,461.40,457.20,461.10,139304700
19910305,463.60,473.50,461.90,473.10,209138400
19910306,478.00,478.50,473.70,473.80,263264400
19910307,474.70,476.20,472.40,475.74,178457700
19910308,478.20,478.80,475.10,475.11,174756300
19910311,473.00,474.00,466.60,467.15,149962500
19910312,465.60,467.16,461.17,461.40,151134300
19910313,461.33,468.32,461.12,468.18,151543500
19910314,471.01,472.53,466.74,467.79,185451300
19910315,466.98,468.55,464.28,466.29,146679600
19910318,465.75,468.03,463.54,466.27,128609700
19910319,460.17,464.36,459.04,462.81,138886200
19910320,462.21,466.12,461.88,466.09,150139200
19910321,468.31,469.41,464.25,464.60,192435600
19910322,464.31,464.78,463.04,464.15,156314400
19910325,465.30,469.10,464.76,468.49,138170100
19910326,470.28,478.64,469.10,478.57,178532100
19910327,481.38,482.95,479.36,482.37,180773400
19910328,482.34,483.32,481.77,482.30,171399000
19910401,480.18,481.63,479.12,480.86,117356700
19910402,483.65,491.22,481.85,491.20,185655900
19910403,493.33,496.37,492.29,495.05,213723300
19910404,494.64,499.50,494.34,497.57,200982300
19910405,498.58,499.24,494.01,495.79,186241800
19910408,494.47,495.77,493.89,495.65,138504900
19910409,497.44,497.44,491.97,492.46,158537100
19910410,492.73,493.81,488.79,490.76,160611000
19910411,494.91,499.49,492.44,499.31,184056300
19910412,501.40,502.29,498.51,501.62,172840500
19910415,500.02,501.28,497.78,500.84,156054000
19910416,501.18,506.81,500.36,506.75,207808500
19910417,509.62,512.68,508.04,511.31,248830800
19910418,509.36,510.60,506.46,506.62,237642900
19910419,503.28,505.45,500.51,501.19,202749300
19910422,497.71,500.12,493.07,494.38,142699200
19910423,497.73,498.36,494.38,496.08,150241500
19910424,496.42,498.64,496.11,498.45,147153900
19910425,497.70,498.79,495.86,496.03,157709400
19910426,493.14,495.28,492.30,494.64,138756000
19910429,495.28,496.05,487.70,487.74,130479000
19910430,487.38,487.49,479.63,484.72,187367100
19910501,481.94,487.86,481.46,487.85,172226700
19910502,490.64,492.33,488.93,491.13,162554700
19910503,490.57,492.13,489.77,492.10,132162300
19910506,490.78,491.63,489.29,491.48,111209400
19910507,493.69,494.05,491.37,491.51,145944900
19910508,490.28,493.17,489.92,492.51,147414300
19910509,494.98,497.94,493.52,497.81,167046600
19910510,498.97,500.02,493.17,493.42,147265500
19910513,494.29,495.40,491.60,493.93,117180000
19910514,491.85,492.78,488.09,488.79,144177900
19910515,486.12,487.54,476.58,478.08,173668200
19910516,481.36,482.73,479.15,481.77,143471100
19910517,480.18,481.51,478.44,481.38,135966000
19910520,480.52,481.87,479.32,480.10,116612700
19910521,481.96,484.65,480.72,483.60,154807800
19910522,485.92,487.94,484.54,487.29,150427500
19910523,489.13,489.96,488.03,489.60,158890500
19910524,490.93,492.78,490.00,492.67,119040000
19910528,494.51,497.17,493.38,497.17,117486900
19910529,497.76,500.24,497.16,499.05,137295900
19910530,499.30,503.72,498.93,503.19,140067300
19910531,504.23,506.12,501.98,506.11,146363400
19910603,505.84,507.46,504.38,507.10,132208800
19910604,505.53,507.25,504.32,507.25,146149500
19910605,506.82,508.04,504.76,505.20,147228300
19910606,505.53,505.92,502.63,502.94,150222900
19910607,500.58,501.79,496.91,498.54,135612600
19910610,498.40,498.88,495.47,495.85,105843300
19910611,497.16,498.73,495.88,496.62,130497600
19910612,493.63,495.62,489.05,491.05,145926300
19910613,490.27,491.70,489.91,491.14,118761000
19910614,493.95,495.21,491.98,495.07,125550000
19910617,494.76,495.99,494.18,494.32,108438000
19910618,494.20,494.68,490.83,491.59,135240600
19910619,487.57,490.33,484.32,485.36,140271900
19910620,483.78,486.30,482.66,485.88,133845600
19910621,487.37,487.67,485.31,485.82,140550900
19910624,482.79,484.71,475.14,475.23,115431600
19910625,477.19,478.12,472.98,473.30,119997900
19910626,472.40,473.79,470.92,473.08,126926400
19910627,474.42,476.28,473.79,476.24,129186300
19910628,475.75,476.43,470.97,475.92,149106900
19910701,478.06,481.56,476.97,481.31,113394900
19910702,480.78,480.92,478.62,478.78,126982200
19910703,475.15,477.03,473.18,474.32,116268600
19910705,474.17,475.08,473.21,474.05,52321800
19910708,471.83,479.52,471.24,479.51,113264700
19910709,481.59,485.11,480.87,483.64,140876400
19910710,484.40,489.29,484.40,487.17,159597300
19910711,486.75,488.50,486.21,488.37,130227900
19910712,490.12,492.71,488.13,492.71,144587100
19910715,493.64,496.33,493.08,496.19,128293500
19910716,496.70,497.39,493.60,493.60,145963500
19910717,492.95,493.56,491.31,493.42,149674200
19910718,494.16,496.95,493.86,496.80,159708900
19910719,497.63,498.67,496.32,497.55,164610000
19910722,497.44,497.56,494.41,494.99,118956300
19910723,494.44,495.98,489.65,489.65,134571000
19910724,487.90,490.25,487.42,487.42,136942500
19910725,487.90,490.51,487.58,490.28,125308200
19910726,490.62,492.97,490.48,492.69,115840800
19910729,492.35,493.51,490.98,493.35,113153100
19910730,495.06,498.27,494.22,498.27,141601800
19910731,499.62,502.13,498.34,502.04,149097600
19910801,502.27,504.30,501.73,504.15,148893000
19910802,506.52,507.25,504.33,505.67,138095700
19910805,504.29,505.01,502.50,502.61,108893700
19910806,502.66,505.39,501.49,505.20,139239600
19910807,506.78,507.65,505.60,507.46,164861100
19910808,508.45,510.24,507.88,509.39,150278700
19910809,509.15,509.90,507.59,508.31,130925400
19910812,507.64,510.23,507.23,510.00,106085100
19910813,511.52,515.19,510.91,514.40,155142600
19910814,516.23,517.93,515.30,517.68,101118900
19910815,517.77,518.40,515.32,515.67,148316400
19910816,514.73,515.81,510.89,512.47,125643000
19910819,489.36,504.97,487.08,497.64,150278700
19910820,502.28,504.00,499.10,502.05,135249900
19910821,510.67,517.97,505.51,517.97,179257500
19910822,517.85,519.14,516.34,518.30,146437800
19910823,519.21,521.40,516.26,521.06,160071600
19910826,520.43,521.47,519.34,521.38,104420400
19910827,522.20,522.22,519.29,521.75,129893100
19910828,522.45,526.29,521.89,526.29,154063800
19910829,527.03,527.71,525.34,526.39,147684000
19910830,525.64,526.50,523.63,525.68,120342000
19910903,526.30,526.53,520.87,520.91,124926900
19910904,520.70,521.60,517.30,517.92,143285100
19910905,517.87,518.76,516.41,516.93,155700600
19910906,516.86,518.29,516.44,516.94,138876900
19910909,516.48,518.07,516.34,518.07,98440500
19910910,516.45,518.25,511.05,511.28,136505400
19910911,511.90,514.80,511.35,514.76,141174000
19910912,518.36,521.13,516.76,521.13,160704000
19910913,520.29,521.57,516.15,516.71,154965900
19910916,516.31,516.99,514.11,515.68,127940100
19910917,516.08,516.17,513.89,515.17,155272800
19910918,514.23,518.72,513.82,518.55,123922500
19910919,519.74,523.47,519.17,522.67,189673500
19910920,525.07,528.17,523.98,527.19,210654300
19910923,526.26,526.46,524.12,524.69,147739800
19910924,525.50,526.54,523.06,526.47,167167500
19910925,526.50,528.42,526.01,527.82,165651600
19910926,525.23,528.29,524.98,526.94,160276200
19910927,529.14,529.21,523.96,524.48,156519000
19910930,524.62,526.88,522.38,526.88,131157900
19911001,527.14,528.85,525.88,528.51,151292400
19911002,528.46,529.21,526.14,526.33,167037300
19911003,524.53,525.75,519.81,520.51,166814100
19911004,520.34,522.65,519.92,520.40,140643900
19911007,517.94,519.63,515.94,516.20,124480500
19911008,515.73,517.25,514.81,517.25,147832800
19911009,516.43,517.23,513.80,513.81,153822000
19911010,514.48,516.41,513.21,515.94,155124000
19911011,517.97,519.16,517.16,519.05,134859300
19911014,521.02,525.66,519.79,525.66,108884400
19911015,526.76,534.11,526.64,534.11,165474900
19911016,535.22,540.94,525.66,540.94,207696900
19911017,538.16,539.88,535.31,536.27,210961200
19911018,537.28,539.15,536.92,538.90,197280900
19911021,538.31,538.95,535.78,536.96,147070200
19911022,539.36,539.49,536.87,537.14,167520900
19911023,537.89,538.42,534.14,535.17,185776800
19911024,533.96,535.43,527.63,528.75,185404800
19911025,526.81,528.40,524.93,525.13,161773500
19911028,526.57,529.41,526.57,529.41,135696300
19911029,531.10,534.53,529.87,534.51,169585500
19911030,537.55,541.35,535.61,541.32,188408700
19911031,541.79,543.01,540.96,542.98,212523600
19911101,542.17,543.61,539.89,540.93,191040600
19911104,539.07,540.74,536.65,537.50,143964000
19911105,537.83,540.37,537.25,538.82,164591400
19911106,539.27,540.70,537.81,539.48,177797400
19911107,540.18,545.49,540.07,545.28,200954400
19911108,549.04,549.26,546.38,548.08,196629900
19911111,549.17,551.16,548.62,550.71,142875900
19911112,553.44,555.99,551.91,555.68,199596600
19911113,551.83,556.22,550.95,556.17,193895700
19911114,557.71,558.16,553.00,554.84,205092900
19911115,551.63,554.52,531.22,531.29,237596400
19911118,529.94,535.08,525.56,534.73,211249500
19911119,529.36,533.41,516.39,523.47,204255900
19911120,526.83,527.92,524.20,526.12,160806300
19911121,526.97,530.46,526.16,530.33,175686300
19911122,530.25,530.89,524.07,526.46,155384400
19911125,523.92,526.58,522.88,522.88,132357600
19911126,523.25,525.19,517.98,522.23,160694700
19911127,522.10,522.81,521.35,522.78,125001300
19911129,522.00,524.26,521.71,523.90,61668300
19911202,519.48,530.91,518.63,530.91,135696300
19911203,531.45,533.60,530.94,533.34,154733400
19911204,533.75,536.08,533.20,535.28,155579700
19911205,535.68,536.70,533.21,534.03,158685900
19911206,532.48,537.53,531.63,536.30,159801900
19911209,537.28,538.81,534.90,535.35,144512700
19911210,534.96,535.93,531.78,534.23,146586600
19911211,534.95,536.72,529.22,531.64,162229200
19911212,533.35,536.08,532.39,536.02,156305100
19911213,539.01,541.06,536.90,540.90,166191000
19911216,541.13,543.92,540.45,543.73,138012000
19911217,543.03,544.04,539.59,539.70,177741600
19911218,538.05,540.21,537.25,539.84,164405400
19911219,536.06,538.16,533.70,534.53,162359400
19911220,538.26,539.84,535.68,535.76,176011800
19911223,535.88,543.94,535.36,543.90,171417600
19911224,545.42,550.90,544.22,549.56,124108500
19911226,551.43,559.69,549.83,559.30,123950400
19911227,562.05,566.54,560.14,565.71,151934100
19911230,568.41,579.75,566.86,579.75,208394400
19911231,584.77,586.35,578.40,586.34,239437800
19920102,580.04,586.45,576.13,586.45,168683400
19920103,589.18,592.83,587.33,592.65,199206000
19920106,595.08,598.01,593.13,597.90,221079600
19920107,595.36,602.50,594.33,602.29,243892500
19920108,601.08,610.68,598.53,610.32,293070900
19920109,614.43,621.03,611.57,619.80,304872600
19920110,618.71,619.26,610.56,615.70,241269900
19920113,614.14,617.63,613.10,617.63,197067000
19920114,618.23,625.76,617.97,625.75,249295800
19920115,627.92,631.34,625.12,630.82,272750400
19920116,631.80,632.99,625.44,627.34,281101800
19920117,628.17,629.48,625.12,626.85,262715700
19920120,625.12,626.98,619.26,619.38,195011700
19920121,608.96,611.71,604.87,604.87,246859200
19920122,608.47,620.69,605.81,620.68,233588100
19920123,624.73,626.85,620.83,622.86,255164100
19920124,623.27,625.86,621.54,624.68,224074200
19920127,625.38,625.80,621.00,621.00,182698500
19920128,622.44,623.33,619.05,621.29,298492800
19920129,621.90,626.32,616.28,616.31,230863200
19920130,615.83,621.37,615.47,621.37,201066000
19920131,621.61,622.37,619.12,620.21,210328800
19920203,620.57,623.83,619.77,623.43,180987300
19920204,626.11,631.29,624.43,631.00,210319500
19920205,633.39,637.94,632.29,636.97,251202300
19920206,638.96,640.75,636.25,637.67,227115300
19920207,639.24,640.16,631.56,634.95,221386500
19920210,633.62,634.88,632.21,634.13,178188000
19920211,634.46,635.12,631.83,633.37,199326900
19920212,635.31,644.92,633.63,644.92,235708500
19920213,646.09,646.09,638.33,639.10,201810000
19920214,637.47,638.78,635.87,636.43,191849700
19920218,636.21,637.25,626.40,626.41,203391000
19920219,621.59,625.02,619.18,622.41,231049200
19920220,626.32,632.58,623.83,632.23,229793700
19920221,633.30,633.99,628.16,629.75,229570500
19920224,628.93,630.60,624.32,624.93,160815600
19920225,623.55,625.81,617.08,621.40,180885000
19920226,626.42,632.55,623.02,632.40,209333700
19920227,636.06,636.38,633.86,633.95,191152200
19920228,636.34,636.54,631.29,633.47,190315200
19920302,634.04,635.47,632.40,635.47,164554200
19920303,634.95,637.21,634.08,634.25,190231500
19920304,632.03,635.31,630.29,630.29,198052800
19920305,627.78,630.26,620.99,621.97,206385600
19920306,620.61,621.89,613.95,615.95,179555100
19920309,617.18,618.04,615.47,615.82,150771600
19920310,618.69,624.21,617.33,623.46,186520800
19920311,622.88,623.52,616.52,617.14,178699500
19920312,616.10,617.75,612.25,615.92,176262900
19920313,619.30,619.80,616.90,618.62,154017300
19920316,618.11,618.95,615.27,617.94,130990500
19920317,620.21,623.44,619.14,623.27,161606100
19920318,625.51,626.27,624.04,624.94,166721100
19920319,627.01,627.35,625.34,625.96,176672100
19920320,625.82,626.63,623.66,624.28,178095000
19920323,623.17,624.03,621.72,621.83,138439800
19920324,622.87,623.92,617.36,618.68,173835600
19920325,616.65,620.04,616.54,619.48,178513500
19920326,619.80,621.73,614.95,615.40,163215000
19920327,612.78,614.63,602.53,604.67,189682800
19920330,605.03,606.56,601.58,602.07,143415300
19920331,600.35,605.16,599.60,603.77,178606500
19920401,598.62,602.34,597.66,602.09,167558100
19920402,601.73,603.17,593.42,593.82,181015200
19920403,592.83,593.98,587.93,590.01,180354900
19920406,592.68,596.39,590.88,596.29,142401600
19920407,596.15,597.97,581.48,581.61,195355800
19920408,574.89,579.60,567.15,573.68,226427100
19920409,575.88,586.75,575.44,586.75,184837500
19920410,590.59,592.24,584.09,584.24,162945300
19920413,584.03,588.15,583.70,588.15,119058600
19920414,592.34,597.79,590.10,594.81,181908000
19920415,599.64,600.61,596.25,600.03,203270100
19920416,598.23,600.21,591.60,591.81,184586400
19920420,586.50,590.69,575.11,577.20,165586500
19920421,576.64,579.04,573.07,575.05,187655400
19920422,575.16,579.13,574.54,578.23,184967700
19920423,580.67,581.09,571.99,576.05,187748400
19920424,576.41,576.86,571.99,572.89,154352100
19920427,571.24,572.40,566.94,566.94,150790200
19920428,566.01,566.97,557.06,560.33,174356400
19920429,563.03,569.97,561.78,569.94,167753400
19920430,571.88,578.69,571.24,578.68,167511600
19920501,579.73,580.97,575.39,578.14,136979700
19920504,581.28,584.36,579.20,583.54,134133900
19920505,584.44,588.90,583.84,588.07,158044200
19920506,589.86,591.21,588.71,589.36,159420600
19920507,589.41,590.17,586.33,587.16,158360400
19920508,587.03,588.38,584.92,585.76,143880300
19920511,586.45,588.14,585.92,587.13,131195100
19920512,586.72,588.41,582.53,583.96,150976200
19920513,583.29,584.76,582.14,582.38,159727500
19920514,580.58,582.85,574.72,576.46,172217400
19920515,572.60,575.21,571.01,574.43,132887700
19920518,576.82,578.43,575.80,576.53,120295500
19920519,576.53,578.28,575.04,578.05,145703100
19920520,578.98,580.42,578.02,580.29,149013900
19920521,579.12,580.55,577.38,579.10,163549800
19920522,579.64,581.17,578.96,580.30,116119800
19920526,579.58,580.43,575.27,575.65,117868200
19920527,576.28,577.77,575.67,577.35,128656200
19920528,576.51,580.64,576.10,580.49,142476000
19920529,583.24,585.96,581.34,585.31,175425900
19920601,583.67,588.38,582.13,588.37,131660100
19920602,589.20,590.25,587.64,589.18,153412800
19920603,588.17,591.07,587.97,589.93,159829800
19920604,589.77,590.56,588.14,588.26,156351600
19920605,588.21,589.47,584.23,585.43,156602700
19920608,584.71,585.37,581.50,582.01,120016500
19920609,581.33,583.04,572.24,573.80,169464600
19920610,573.25,574.69,569.59,569.71,146037900
19920611,567.69,569.75,566.79,567.68,148939500
19920612,570.17,571.64,569.21,569.52,139044300
19920615,568.48,570.72,567.98,569.01,123094800
19920616,569.06,569.61,564.06,564.07,151757400
19920617,562.18,563.91,552.86,553.24,177230100
19920618,552.18,553.46,548.55,549.17,174709800
19920619,551.42,554.30,550.80,554.20,165140100
19920622,552.40,553.21,546.01,549.73,140606700
19920623,553.20,554.95,551.63,553.36,154073100
19920624,552.62,553.90,551.15,551.39,141666900
19920625,552.09,552.86,546.23,548.20,159234600
19920626,547.19,548.22,545.95,547.84,139602300
19920629,550.92,558.81,549.03,558.80,148353600
19920630,559.67,563.98,559.32,563.60,181526700
19920701,563.73,569.05,563.24,568.99,173054400
19920702,570.02,571.19,562.83,563.35,181024500
19920706,560.73,563.33,560.18,563.17,125336100
19920707,564.34,565.01,556.96,557.41,162201300
19920708,556.09,557.62,553.76,557.57,150334500
19920709,560.41,564.75,558.64,564.75,163531200
19920710,566.66,568.57,564.58,567.80,140904300
19920713,568.56,571.08,567.71,570.22,123624900
19920714,571.17,575.38,570.64,575.21,155496000
19920715,575.84,577.14,575.02,575.47,157523400
19920716,573.39,576.19,572.41,576.19,160601700
19920717,571.55,574.56,567.74,570.52,136496100
19920720,560.85,567.38,560.76,564.28,109581900
19920721,566.31,569.29,565.77,568.63,144447600
19920722,566.17,567.34,563.61,563.88,156565500
19920723,564.86,565.73,563.50,565.24,153040800
19920724,564.34,566.34,562.63,565.61,156044700
19920727,565.96,565.96,564.15,564.73,119160900
19920728,566.25,571.65,565.68,571.63,161178300
19920729,574.56,577.56,572.73,577.49,196174200
19920730,576.66,578.86,575.95,578.80,156937500
19920731,579.62,581.01,577.88,580.83,156974700
19920803,579.62,582.63,579.57,582.36,131409000
19920804,583.84,583.84,580.35,581.32,156695700
19920805,579.12,580.93,576.26,576.87,152315400
19920806,575.23,576.13,572.98,574.02,145851900
19920807,573.15,576.73,572.47,573.74,139202400
19920810,573.44,574.30,572.18,573.14,112018500
19920811,573.71,574.58,570.03,571.60,134980200
19920812,572.46,573.06,570.80,570.85,134059500
19920813,571.87,572.44,570.57,570.99,133157400
19920814,571.00,573.18,571.00,573.18,135454500
19920817,573.42,573.61,571.67,572.47,123280800
19920818,571.08,572.45,570.15,570.87,130516200
19920819,571.32,571.68,567.61,567.61,145210200
19920820,567.92,568.56,565.98,567.86,144605700
19920821,570.11,570.66,562.42,563.70,155589000
19920824,559.27,561.89,554.94,555.39,128767800
19920825,554.64,555.03,550.36,554.22,141741300
19920826,555.03,559.04,554.93,558.80,135659100
19920827,562.56,564.27,561.11,563.27,144605700
19920828,562.81,563.90,562.31,563.56,118212300
19920831,562.87,564.08,561.36,563.12,124182900
19920901,562.51,565.64,562.36,565.61,145889100
19920902,566.49,571.47,565.74,571.25,158406900
19920903,572.48,575.79,572.22,574.88,173445000
19920904,573.36,574.76,572.65,573.44,113813400
19920908,572.72,573.04,569.51,571.17,115208400
19920909,571.56,575.04,571.00,574.89,158369700
19920910,575.68,581.27,575.13,581.24,186874200
19920911,582.21,584.01,581.36,583.01,175146900
19920914,587.99,594.21,586.15,594.21,211110000
19920915,590.45,592.53,586.39,587.86,170199300
19920916,583.40,588.03,582.16,585.89,168804300
19920917,587.77,589.21,586.70,587.82,170338800
19920918,587.53,589.13,586.51,589.12,185460600
19920921,588.24,588.90,586.59,588.58,148297800
19920922,588.44,588.86,582.27,583.00,190575600
19920923,581.93,583.43,580.34,582.96,179713200
19920924,584.47,586.04,583.55,585.93,168041700
19920925,585.47,586.56,574.74,577.20,184595700
19920928,574.99,575.63,573.14,575.34,115654800
19920929,575.10,577.78,574.70,577.63,147739800
19920930,578.54,583.29,578.08,583.27,174030900
19921001,581.08,582.48,577.83,578.33,172170900
19921002,576.60,578.19,571.41,571.63,158062800
19921005,565.66,569.21,551.72,565.21,208031700
19921006,566.08,571.30,565.62,570.55,181852200
19921007,572.23,573.79,568.85,569.20,145563600
19921008,571.76,574.56,570.46,573.88,184000500
19921009,571.74,574.15,569.50,570.52,158323200
19921012,571.40,573.95,570.84,573.84,118900500
19921013,574.52,577.74,574.16,576.44,155830800
19921014,575.04,578.33,574.74,576.22,163391700
19921015,576.02,578.69,573.89,578.64,161615400
19921016,577.66,582.61,577.62,582.61,170961900
19921019,583.11,590.73,582.34,590.67,184260900
19921020,593.87,595.75,591.39,592.70,216094800
19921021,594.25,597.37,593.14,597.15,206506500
19921022,596.47,597.71,594.89,597.12,213667500
19921023,598.25,599.09,596.74,597.30,213193200
19921026,596.62,599.00,595.82,598.92,156984000
19921027,598.50,600.44,595.10,596.95,188390100
19921028,596.81,601.54,596.12,601.39,193998000
19921029,603.26,606.37,602.64,605.82,196667100
19921030,605.99,606.58,602.43,605.17,179564400
19921102,603.76,607.59,603.62,607.57,166795500
19921103,606.69,608.31,603.60,604.58,174254100
19921104,604.44,606.31,603.31,605.52,176262900
19921105,605.94,614.16,605.39,614.08,221758500
19921106,614.05,616.97,612.70,616.82,213109500
19921109,616.84,622.48,616.01,622.05,228249900
19921110,624.10,628.15,622.73,627.76,243808800
19921111,629.18,635.11,628.26,634.92,254113200
19921112,636.02,637.09,633.34,634.37,241307100
19921113,634.05,637.16,633.06,637.16,187367100
19921116,635.63,637.54,633.47,634.01,174914400
19921117,632.80,634.15,626.55,627.07,208617600
19921118,627.12,635.06,627.12,634.86,216931800
19921119,636.65,639.84,635.84,638.57,240172500
19921120,639.07,642.96,638.67,642.60,230677200
19921123,638.37,642.16,636.64,638.84,193570200
19921124,639.89,646.50,639.81,645.94,227775600
19921125,647.31,648.33,646.24,648.33,206711100
19921127,648.81,650.64,648.57,649.49,87354900
19921130,650.74,652.75,648.84,652.73,202554000
19921201,650.58,654.27,650.27,653.95,220521600
19921202,653.90,654.69,651.37,652.91,226157400
19921203,652.26,656.81,651.39,656.36,222297900
19921204,658.06,661.92,656.85,661.60,242832300
19921207,662.84,666.55,661.80,666.53,210431100
19921208,667.38,667.98,664.63,667.12,255471000
19921209,664.86,667.69,662.40,663.92,250979100
19921210,662.04,662.96,656.43,658.93,224455500
19921211,656.26,657.45,654.62,655.79,198248100
19921214,656.39,657.09,654.66,654.73,180885000
19921215,652.77,653.89,648.75,650.75,231504900
19921216,651.22,652.79,648.98,649.63,240191100
19921217,651.49,658.52,650.27,658.46,230584200
19921218,659.87,662.29,659.42,661.29,226975800
19921221,660.78,662.63,660.01,662.46,188706300
19921222,663.74,664.13,658.43,660.84,230361000
19921223,662.12,662.97,660.69,662.96,235187700
19921224,663.18,665.98,662.77,665.88,98821800
19921228,665.66,666.39,663.87,666.25,133985100
19921229,667.30,671.18,666.91,669.01,185730300
19921230,670.26,671.86,668.57,671.85,179936400
19921231,673.00,676.95,672.10,676.95,188966700
19930104,675.31,676.78,671.42,671.80,175649100
19930105,670.52,674.35,670.51,674.34,213342000
19930106,678.44,681.89,676.73,681.85,251118600
19930107,681.56,685.30,677.82,678.21,276144900
19930108,677.19,677.86,672.68,677.21,216522600
19930111,677.46,682.44,676.20,682.40,182038200
19930112,681.44,682.90,677.09,679.45,217406100
19930113,679.21,686.97,677.62,686.78,227571000
19930114,690.32,695.81,688.20,695.70,266872800
19930115,692.46,699.23,691.68,697.15,274759200
19930118,694.69,698.29,694.45,698.13,223888200
19930119,698.38,699.67,695.74,696.81,258437700
19930120,696.82,699.19,695.94,697.44,252327600
19930121,696.48,701.08,695.58,700.77,261636900
19930122,700.59,703.71,700.37,701.63,274089600
19930125,703.66,708.50,702.00,706.95,246068700
19930126,709.88,711.03,706.36,707.16,275596200
19930127,705.82,707.02,694.96,697.90,261999600
19930128,695.39,697.67,692.94,694.67,248505300
19930129,696.96,697.18,693.84,696.34,220363500
19930201,697.98,702.14,696.77,701.77,198964200
19930202,702.25,705.13,700.98,705.12,236294400
19930203,707.68,709.34,706.03,708.67,271308900
19930204,710.03,711.28,706.74,708.85,264733800
19930205,706.83,708.25,696.76,700.98,272685300
19930208,701.45,702.23,697.60,698.44,206525100
19930209,697.41,700.73,691.30,692.21,257591400
19930210,695.01,696.35,692.51,695.02,241251300
19930211,696.99,697.53,695.28,695.88,219266100
19930212,696.04,696.64,690.40,690.54,199578000
19930216,683.04,689.17,663.42,665.39,282459600
19930217,662.95,665.88,655.72,659.43,256233600
19930218,668.00,669.00,657.22,662.45,277716600
19930219,664.79,666.17,661.18,663.61,226269000
19930222,661.40,663.50,652.19,652.42,258019200
19930223,651.78,654.90,647.79,651.40,251955600
19930224,651.32,662.66,649.37,662.46,261255600
19930225,661.03,667.20,659.12,667.07,241232700
19930226,667.61,670.94,666.49,670.77,202116900
19930301,670.88,672.94,668.90,669.51,173017200
19930302,669.28,677.87,668.74,677.72,192584400
19930303,678.43,683.92,678.43,683.92,220763400
19930304,679.70,683.29,677.60,680.73,215806500
19930305,678.80,683.35,678.66,681.37,199243200
19930308,682.93,687.72,681.72,687.23,204544200
19930309,689.32,690.43,687.39,688.96,216011100
19930310,688.57,693.04,688.08,692.87,228036000
19930311,693.81,695.99,693.45,694.28,229775100
19930312,687.79,692.90,686.89,692.78,268119000
19930315,693.89,695.56,693.12,695.21,174449400
19930316,697.05,697.41,695.07,695.47,213221100
19930317,693.38,694.94,686.63,687.40,227933700
19930318,689.38,690.04,687.25,687.41,215490300
19930319,687.98,689.82,682.72,682.72,219145200
19930322,677.71,681.62,674.49,676.62,198117900
19930323,679.15,679.80,674.80,675.04,210319500
19930324,674.90,676.56,671.68,674.36,226296900
19930325,675.67,681.46,675.31,681.01,203949000
19930326,682.94,683.74,680.01,681.54,190194300
19930329,681.28,684.11,680.74,680.76,180866400
19930330,682.55,686.25,682.01,686.25,113060100
19930331,689.48,692.56,687.80,690.13,239865600
19930401,690.82,691.15,685.95,686.64,229421700
19930402,677.85,683.90,669.83,669.85,259711800
19930405,669.74,671.69,667.31,670.71,177481200
19930406,672.60,673.63,663.91,664.14,202302900
19930407,664.85,669.08,664.00,668.88,197662200
19930408,668.18,669.35,665.30,666.33,205418400
19930412,670.31,673.67,668.27,673.12,199159500
19930413,676.37,678.06,673.41,673.83,238963500
19930414,672.86,674.25,672.21,673.94,226092300
19930415,671.26,673.13,668.40,670.32,229663500
19930416,669.44,671.08,666.18,666.78,210905400
19930419,664.20,667.22,660.08,663.03,207250500
19930420,663.71,664.17,657.84,661.97,233727600
19930421,663.11,664.59,660.22,664.04,231049200
19930422,663.35,668.53,662.35,663.51,245315400
19930423,661.47,664.08,657.80,658.41,226352700
19930426,656.79,658.33,645.76,645.87,197457600
19930427,645.98,652.65,644.71,652.52,220214700
19930428,655.54,658.17,654.04,658.16,205074300
19930429,657.61,658.79,654.38,658.45,190612800
19930430,660.68,664.92,659.68,661.42,211072800
19930503,662.75,666.74,661.43,666.71,188166900
19930504,671.42,678.34,669.38,678.16,249956100
19930505,678.78,683.81,676.62,683.26,268946700
19930506,683.76,684.38,679.03,680.04,242004600
19930507,680.32,682.44,679.42,681.44,210282300
19930510,682.48,684.20,682.22,682.82,191998500
19930511,681.03,683.32,680.21,683.06,207641100
19930512,681.80,683.00,680.62,681.69,229124100
19930513,677.91,680.86,674.23,675.64,244152900
19930514,674.81,676.38,673.73,676.37,213128100
19930517,678.46,678.69,675.73,677.96,195207000
19930518,680.30,680.95,678.01,680.78,258270300
19930519,681.76,690.46,678.89,690.43,296028300
19930520,693.88,697.90,691.63,697.43,319203900
19930521,695.96,696.87,692.48,694.29,258707400
19930524,692.55,696.32,691.28,694.69,190854600
19930525,692.93,695.08,692.72,695.04,234890100
19930526,695.74,704.09,694.79,704.09,272852700
19930527,706.37,707.05,703.57,704.59,258344700
19930528,701.17,704.01,695.11,700.53,219247500
19930601,700.96,706.24,700.07,704.28,220205400
19930602,705.16,706.52,702.95,705.86,255117600
19930603,704.82,706.63,702.68,706.22,241874400
19930604,703.32,704.57,701.05,702.01,234248400
19930607,701.91,703.69,694.45,694.61,230509800
19930608,691.46,693.14,686.15,687.74,243948300
19930609,687.00,691.39,686.35,689.24,244636500
19930610,689.10,689.51,685.69,688.05,225320400
19930611,693.63,693.63,690.25,693.19,218745300
19930614,694.71,697.46,694.15,696.41,193839900
19930615,698.96,699.52,696.13,697.34,220214700
19930616,697.95,698.27,693.18,696.25,223107000
19930617,696.38,697.17,694.40,695.94,228259200
19930618,696.13,697.47,689.59,689.59,232425600
19930621,688.57,690.76,687.06,688.74,193877100
19930622,688.66,689.90,685.98,686.77,240098100
19930623,686.68,687.46,683.97,684.79,241753500
19930624,683.30,689.13,682.89,688.72,211249500
19930625,689.95,695.69,689.66,694.81,204004800
19930628,697.72,702.84,696.21,702.84,211119300
19930629,703.57,704.43,699.87,701.07,233476500
19930630,703.66,705.42,702.13,703.95,247287000
19930701,702.01,704.42,700.76,703.59,209984700
19930702,702.39,704.66,701.69,704.49,169762200
19930706,705.50,705.92,700.88,702.22,185414100
19930707,697.61,700.19,697.37,698.79,219489300
19930708,698.93,702.75,698.31,702.71,236843100
19930709,701.70,705.96,701.50,705.81,198768900
19930712,706.84,707.93,704.96,707.67,188343600
19930713,707.69,709.08,707.13,708.47,238572900
19930714,708.77,713.96,707.87,712.49,270220800
19930715,710.34,712.18,708.09,708.69,279204600
19930716,705.43,707.94,698.85,699.73,263078400
19930719,699.39,699.64,694.53,695.83,222846600
19930720,697.86,701.96,695.66,701.90,243334500
19930721,700.06,701.45,698.61,700.08,238014900
19930722,700.83,701.39,694.74,695.52,238842600
19930723,697.59,700.64,696.54,700.24,220949400
19930726,702.25,705.41,700.53,704.54,210319500
19930727,703.86,704.99,699.82,701.00,252485700
19930728,701.77,705.69,701.60,705.59,246766200
19930729,706.72,708.65,706.29,707.24,255936000
19930730,703.33,706.54,702.37,704.70,238731000
19930802,706.38,708.12,705.06,707.66,208645500
19930803,709.27,709.86,707.87,709.01,230193600
19930804,708.96,713.97,708.44,713.79,235643400
19930805,715.30,715.83,713.81,715.50,250932600
19930806,716.61,718.36,715.91,718.08,233532300
19930809,717.54,720.95,717.41,718.49,219647400
19930810,718.74,718.90,716.14,717.08,242599800
19930811,718.42,718.81,717.65,718.77,271374000
19930812,721.47,721.51,715.08,717.12,252299700
19930813,717.68,718.28,716.55,718.26,217238700
19930816,721.18,727.00,720.00,726.89,228408000
19930817,727.31,731.02,727.10,731.01,254382900
19930818,736.35,737.29,732.98,734.83,216857400
19930819,732.66,734.37,730.01,730.48,268928100
19930820,729.92,731.35,729.04,730.96,242153400
19930823,729.94,731.24,729.36,730.86,211044900
19930824,731.94,735.49,730.66,735.14,263543400
19930825,735.76,737.45,732.41,733.66,304323900
19930826,730.46,732.97,727.61,731.39,270118500
19930827,731.54,734.09,730.88,734.07,230026200
19930830,735.59,738.42,734.69,737.38,209315100
19930831,739.50,742.91,738.42,742.84,251007000
19930901,743.65,746.41,742.21,746.15,261664800
19930902,748.24,749.40,747.19,748.65,274145400
19930903,747.86,749.72,746.69,749.71,203391000
19930907,749.18,749.54,738.42,739.35,227124600
19930908,734.62,737.54,724.48,730.73,285993600
19930909,732.19,737.89,731.63,737.71,246915000
19930910,740.39,744.63,739.23,744.31,236406000
19930913,744.21,745.42,740.08,740.32,214206900
19930914,734.27,737.41,729.68,732.64,248077500
19930915,731.23,739.62,730.48,739.55,265477800
19930916,739.35,740.65,738.07,739.80,204739500
19930917,739.15,741.60,736.83,740.11,244748100
19930920,742.29,744.41,739.88,740.21,212830500
19930921,740.32,741.55,730.15,733.56,264873300
19930922,737.89,745.54,735.72,745.54,269104800
19930923,748.44,752.40,746.55,752.26,310657200
19930924,752.56,754.67,751.78,754.65,288290700
19930927,757.95,760.00,756.45,759.95,247900800
19930928,760.00,763.68,759.21,763.66,263562000
19930929,765.58,766.57,762.22,763.17,317427600
19930930,760.27,763.02,759.90,762.78,284775300
19931001,761.62,763.53,761.15,763.23,269718600
19931004,763.55,765.50,762.88,764.84,220875000
19931005,766.42,767.45,759.67,762.27,284979900
19931006,764.38,767.36,763.11,764.77,277084200
19931007,764.90,765.54,761.27,762.49,273596700
19931008,763.53,765.07,758.90,764.27,261702000
19931011,766.44,767.84,764.47,767.65,233541600
19931012,772.18,772.82,770.23,772.46,294168300
19931013,775.24,779.01,774.20,778.97,386284800
19931014,782.27,785.95,780.28,785.41,355957500
19931015,788.13,791.20,785.55,787.42,342984000
19931018,788.11,789.22,782.60,782.91,319659600
19931019,781.17,782.33,767.77,768.71,352209600
19931020,770.98,772.09,766.96,768.25,313326300
19931021,768.88,771.33,765.75,771.28,314870100
19931022,774.19,776.82,771.26,772.68,336418200
19931025,774.12,774.36,767.79,769.75,264547800
19931026,768.37,770.48,763.06,765.46,275187000
19931027,767.35,772.08,765.93,771.88,280999500
19931028,772.50,776.79,770.87,773.49,290290200
19931029,774.78,779.58,773.75,779.26,283333800
19931101,780.37,784.03,779.30,783.77,254010900
19931102,783.78,785.66,779.80,785.66,301933800
19931103,783.95,786.10,771.65,772.95,324393300
19931104,770.01,772.56,756.59,757.26,304928400
19931105,757.26,762.99,748.59,762.99,310322400
19931108,763.95,768.03,761.34,766.21,235885200
19931109,773.05,774.42,769.47,769.84,294596100
19931110,770.75,776.77,770.01,776.50,282580500
19931111,779.26,780.86,777.45,778.98,296428200
19931112,779.72,780.71,777.96,779.32,286207500
19931115,778.76,780.02,772.15,772.45,252160200
19931116,771.79,772.77,767.16,771.69,290801700
19931117,769.98,773.28,761.28,762.36,334474500
19931118,759.84,763.31,753.58,754.34,346015800
19931119,752.18,755.32,750.22,751.56,363732300
19931122,746.27,749.38,737.67,738.13,280990200
19931123,742.95,746.87,740.18,746.82,259981500
19931124,750.94,753.19,748.09,753.18,223544100
19931126,753.77,755.02,753.60,754.87,74669700
19931129,756.40,756.40,751.39,751.54,226110900
19931130,751.01,755.11,748.68,754.39,265831200
19931201,759.90,764.24,757.40,763.81,301208400
19931202,765.41,766.73,762.27,766.73,278190900
19931203,768.73,772.24,768.57,772.22,304919100
19931206,767.51,771.44,765.61,771.09,272173800
19931207,770.88,771.93,767.77,769.35,277921200
19931208,766.16,768.13,765.99,767.89,272899200
19931209,764.42,766.40,760.51,761.49,281594700
19931210,760.36,761.84,758.10,760.74,286672500
19931213,759.78,760.95,757.31,759.72,251109300
19931214,758.86,760.18,750.96,751.47,283538400
19931215,751.26,753.12,750.30,752.97,267468000
19931216,754.82,756.34,753.20,755.53,266882100
19931217,758.71,760.12,757.17,759.23,288885900
19931220,759.65,760.58,758.60,760.15,247547400
19931221,758.28,774.04,754.63,755.63,270816000
19931222,752.45,756.70,752.34,756.07,280543800
19931223,757.62,759.18,756.88,758.70,228826500
19931227,758.75,761.09,758.15,761.06,169771500
19931228,761.00,764.57,760.25,764.56,230277300
19931229,764.10,768.48,763.60,768.48,247742700
19931230,768.64,771.28,767.70,771.08,244301700
19931231,771.42,776.87,770.29,776.80,236080500
19940103,774.11,777.29,768.41,770.76,235308600
19940104,771.43,774.78,771.02,774.28,277698000
19940105,775.23,778.21,773.69,778.05,325388400
19940106,780.36,781.21,778.25,780.41,324765300
19940107,779.29,783.39,778.20,782.94,306955800
19940110,783.05,787.49,782.92,786.69,291415500
19940111,785.93,787.32,784.34,785.52,299394900
19940112,788.20,788.43,782.68,786.87,299962200
19940113,784.36,787.85,783.97,787.81,269802300
19940114,789.99,793.14,788.78,792.31,278683800
19940117,791.68,792.74,790.83,792.18,226408500
19940118,791.94,793.17,791.26,793.02,297079200
19940119,789.64,792.08,787.32,789.28,314219100
19940120,790.32,793.03,789.84,793.03,316358100
19940121,794.31,794.65,792.59,794.28,324969900
19940124,793.89,794.42,789.88,790.65,282608400
19940125,789.98,791.21,783.53,786.39,327685500
19940126,785.13,789.50,784.87,788.80,294335700
19940127,789.13,793.32,788.46,792.88,292475700
19940128,795.03,796.54,793.60,796.53,323165700
19940131,797.77,800.63,797.20,800.47,306825600
19940201,798.42,799.99,794.92,797.24,315967500
19940202,796.96,799.69,796.72,799.57,311503500
19940203,798.44,798.91,794.85,797.79,308406600
19940204,797.24,797.83,777.18,777.28,349707900
19940207,770.64,779.32,767.30,779.20,344118600
19940208,780.27,783.08,777.77,782.70,288244200
19940209,783.48,787.52,783.12,786.53,307076700
19940210,788.15,788.48,782.72,783.42,315539700
19940211,781.03,783.13,778.33,781.39,193616700
19940214,783.61,785.88,782.16,785.45,262734300
19940215,786.38,790.58,785.62,790.12,275875200
19940216,792.64,793.46,790.25,792.62,314805000
19940217,796.14,796.21,788.69,790.24,329973300
19940218,791.47,792.36,784.91,788.85,279585900
19940222,787.41,791.21,785.81,791.15,244841100
19940223,792.64,793.12,788.51,789.11,274787100
19940224,780.76,786.18,777.69,779.44,324523500
19940225,781.71,783.80,779.83,783.78,265654500
19940228,788.24,792.93,785.62,792.50,267421500
19940301,792.10,793.42,783.58,788.64,285798300
19940302,773.01,783.52,772.03,783.47,303775200
19940303,784.60,786.97,783.79,784.58,296074800
19940304,786.90,790.88,785.36,790.55,295907400
19940307,793.63,795.71,792.06,795.05,282013200
19940308,794.09,795.36,790.36,792.12,283333800
19940309,792.96,794.76,789.29,793.05,294717000
19940310,793.87,795.04,787.01,789.09,303914700
19940311,786.66,789.69,786.30,789.20,259702500
19940314,790.47,793.24,789.71,792.80,246915000
19940315,794.46,795.65,792.44,793.52,281864400
19940316,794.81,799.02,794.46,798.99,314349300
19940317,800.39,804.31,800.06,803.85,301571100
19940318,799.21,804.43,799.19,803.93,289648500
19940321,800.16,803.39,797.12,797.30,243241500
19940322,795.91,797.49,794.86,796.34,283863900
19940323,798.88,799.29,796.28,797.51,310759500
19940324,793.65,796.85,783.28,786.68,347355000
19940325,785.81,787.69,783.38,783.45,261599700
19940328,780.01,784.64,767.46,772.50,279855600
19940329,770.41,773.41,755.29,755.29,287890800
19940330,746.13,753.27,741.80,744.91,370316700
19940331,743.92,747.70,731.85,743.46,384973500
19940404,723.06,737.13,721.61,727.41,291759600
19940405,739.55,751.08,731.95,750.95,307653300
19940406,751.55,752.45,745.39,750.72,273252600
19940407,750.97,755.30,750.46,755.17,264761700
19940408,753.23,755.35,746.09,748.71,250002600
19940411,747.50,749.45,746.27,748.11,221498100
19940412,746.17,747.83,738.02,739.22,270406800
19940413,740.48,741.59,723.95,727.38,319324800
19940414,727.38,730.70,721.57,727.31,291183000
19940415,728.22,729.98,726.88,727.97,259395600
19940418,731.12,731.28,719.72,720.45,229319400
19940419,722.35,723.25,709.10,712.85,305216700
19940420,716.32,717.72,703.40,705.52,311866200
19940421,709.62,718.74,707.11,718.74,317343900
19940422,721.84,724.23,720.07,722.56,297172200
19940425,723.85,731.11,723.56,730.80,221609700
19940426,733.53,734.38,731.31,734.21,265552200
19940428,736.03,736.22,730.96,731.69,287081700
19940429,729.73,734.37,728.59,733.84,245343300
19940502,733.97,740.94,732.72,740.68,236294400
19940503,741.85,742.46,736.25,739.37,280934400
19940504,739.38,741.46,737.43,740.30,259302600
19940505,741.36,742.43,739.92,740.55,256094100
19940506,732.19,737.40,730.02,732.86,232044300
19940509,729.96,731.73,722.49,722.96,208171200
19940510,727.40,729.33,724.08,725.00,279037200
19940511,724.54,725.59,716.61,717.00,290420400
19940512,721.17,722.16,718.98,719.61,251760300
19940513,717.32,720.14,713.25,716.92,296418900
19940516,715.23,716.96,711.09,711.91,217210800
19940517,708.41,712.14,703.84,711.52,295898100
19940518,715.50,722.58,714.62,721.90,284105700
19940519,723.26,728.95,722.52,727.31,312247500
19940520,727.21,727.33,725.06,726.70,263766600
19940523,727.60,728.11,723.02,724.95,214551000
19940524,727.89,732.02,726.58,731.47,260000100
19940525,729.06,732.90,727.51,732.07,254987400
19940526,733.87,734.43,730.14,731.64,257349600
19940527,730.51,733.59,729.37,733.14,191133600
19940531,730.83,735.42,730.50,735.19,199419900
19940601,733.18,735.99,730.57,735.52,279316200
19940602,737.65,739.73,735.63,739.50,276972600
19940603,738.60,743.69,729.74,742.38,259470000
19940606,743.29,744.94,741.94,743.43,268184100
19940607,742.47,742.67,738.95,739.30,237661500
19940608,737.96,740.33,728.70,729.79,303245100
19940609,730.11,730.43,727.19,728.88,263264400
19940610,730.06,734.51,729.84,734.25,236508300
19940613,733.13,734.54,731.64,731.70,198192300
19940614,733.89,736.40,733.52,735.98,261227700
19940615,738.00,738.39,734.45,735.84,246710400
19940616,733.45,735.74,733.21,734.97,237494100
19940617,735.45,735.78,728.84,729.35,258977100
19940620,726.45,726.45,718.27,718.85,217778100
19940621,716.42,716.42,706.02,708.79,275754300
19940622,710.52,714.67,710.52,712.74,245241000
19940623,712.91,714.01,700.24,700.85,288588300
19940624,699.78,699.78,693.30,693.79,262687800
19940627,694.16,702.93,690.95,702.68,224343900
19940628,704.13,706.99,698.40,702.05,241883700
19940629,702.58,707.96,702.51,704.01,249463200
19940630,705.75,707.49,702.19,705.96,262055400
19940701,706.29,706.98,703.44,706.85,187739100
19940705,706.73,707.02,703.26,703.59,186093000
19940706,702.47,702.47,699.41,701.00,244636500
19940707,701.48,706.56,700.86,706.53,249779400
19940708,705.60,709.17,703.64,707.46,239205300
19940711,708.46,709.48,703.05,706.83,209863800
19940712,707.32,709.83,703.50,709.59,232128000
19940713,710.88,719.53,710.88,719.35,318208800
19940714,720.35,725.19,720.35,721.56,326718300
19940715,721.64,721.64,719.69,721.36,198852600
19940718,722.30,722.64,720.15,722.62,231895500
19940719,722.70,723.01,719.08,719.32,279427800
19940720,719.57,719.57,711.08,712.77,276795900
19940721,713.32,715.03,710.55,715.03,276647100
19940722,716.76,717.13,713.93,716.68,273159600
19940725,716.66,716.88,714.65,716.88,201475200
19940726,717.10,717.10,714.43,715.66,249751500
19940727,715.80,716.36,712.01,712.13,251732400
19940728,712.06,714.31,711.87,712.43,248486700
19940729,713.93,722.23,713.93,722.16,279753300
19940801,722.84,724.91,722.67,724.85,250783800
19940802,725.33,728.14,723.65,724.80,288076800
19940803,725.28,725.41,723.50,723.69,265422000
19940804,724.41,724.80,719.80,720.18,252150900
19940805,718.66,718.91,715.91,718.67,214746300
19940808,717.73,720.48,717.05,720.47,206283300
19940809,720.46,722.61,719.75,722.61,248542500
19940810,722.87,728.28,722.87,728.20,303579900
19940811,727.64,731.76,724.92,728.20,299246100
19940812,729.43,731.89,728.75,731.61,241297800
19940815,732.11,733.42,730.67,732.89,226538700
19940816,733.39,735.91,730.30,735.51,274870800
19940817,737.01,742.73,737.01,742.66,311838300
19940818,742.27,744.71,740.16,742.17,311810400
19940819,743.46,743.83,739.60,742.43,263106300
19940822,741.76,742.83,740.52,742.29,236917500
19940823,743.32,749.54,743.13,747.98,309885300
19940824,748.13,751.84,747.72,751.72,300836400
19940825,752.19,756.54,751.57,754.80,286709700
19940826,756.50,764.57,756.50,762.94,294633300
19940829,763.44,765.97,762.91,763.21,264147900
19940830,762.70,766.63,761.15,766.46,274480200
19940831,765.73,767.60,764.55,765.62,301310700
19940901,763.00,763.00,757.43,758.95,299311200
19940902,759.52,761.20,758.14,759.23,219907800
19940906,759.01,759.65,757.52,759.48,172189500
19940907,760.51,765.12,760.07,764.28,263906100
19940908,764.74,769.44,764.70,769.30,281845800
19940909,766.21,766.21,761.47,763.73,257991300
19940912,763.56,763.71,759.06,760.01,207762000
19940913,761.86,765.97,761.86,765.83,263217900
19940914,766.28,768.64,765.05,768.61,272545800
19940915,768.41,778.66,768.41,778.66,277353900
19940916,777.73,779.58,773.90,777.91,300669000
19940919,778.13,779.09,776.45,776.72,243232200
19940920,775.82,775.82,766.74,766.74,284235900
19940921,767.13,767.24,758.08,760.71,299766900
19940922,761.80,763.13,758.83,760.44,286988700
19940923,759.88,762.24,756.82,757.46,298557900
19940926,756.95,756.95,752.49,755.63,232927800
19940927,755.14,756.18,753.32,755.37,254559600
19940928,756.12,761.25,756.12,760.01,279223200
19940929,759.70,760.13,756.31,759.34,264361800
19940930,760.34,765.21,759.54,764.29,286533000
19941003,764.47,764.48,760.33,760.88,227747700
19941004,761.04,761.20,747.24,747.30,309550500
19941005,746.19,746.46,737.62,746.28,323370300
19941006,747.95,749.09,743.68,744.19,251295300
19941007,745.23,750.11,745.23,749.96,255805800
19941010,751.33,756.92,751.33,756.81,214141800
19941011,758.37,766.18,758.37,765.57,341858700
19941012,765.32,767.88,764.80,767.00,308360100
19941013,770.10,774.74,767.52,767.89,346871400
19941014,768.35,768.84,764.73,767.08,277251600
19941017,767.07,767.93,765.05,765.78,270044100
19941018,766.74,767.42,763.56,764.81,287184000
19941019,765.45,771.19,764.21,770.62,319771200
19941020,771.83,772.54,765.49,768.24,331247400
19941021,767.44,767.44,763.39,765.38,329433900
19941024,766.22,767.19,760.50,761.21,264101400
19941025,757.23,758.37,754.47,758.26,272127300
19941026,759.07,763.24,759.07,763.24,295368000
19941027,763.78,767.49,763.78,767.47,292950000
19941028,767.78,776.15,766.97,776.15,352005000
19941031,775.87,778.81,774.50,777.49,291313200
19941101,776.25,776.25,770.95,772.19,296446800
19941102,772.26,776.86,771.19,771.82,334818600
19941103,772.61,773.53,770.88,772.10,289592700
19941104,772.70,773.51,766.08,766.08,261218400
19941107,766.22,766.22,762.01,762.31,228938100
19941108,762.61,767.64,762.61,767.54,277753800
19941109,770.77,774.40,765.88,767.25,289332300
19941110,766.50,768.76,763.98,764.38,249007500
19941111,763.94,765.13,761.47,762.12,254141100
19941114,763.61,768.18,763.61,768.14,245352600
19941115,768.73,771.78,766.86,769.02,297925500
19941116,769.73,770.90,768.42,769.64,288086100
19941117,770.35,771.06,763.85,765.84,326616000
19941118,766.57,767.41,762.96,764.67,282534000
19941121,767.03,768.00,757.58,757.74,280999500
19941122,756.57,756.57,741.20,741.21,328987500
19941123,738.33,738.33,728.78,736.70,322300800
19941125,737.22,742.57,737.22,742.52,91688700
19941128,743.08,746.21,742.96,745.73,222549000
19941129,746.47,751.70,745.88,751.48,283752300
19941130,751.44,754.29,748.74,750.32,302910300
19941201,748.83,749.20,739.94,740.61,256428900
19941202,741.99,745.12,739.28,745.02,241753500
19941205,745.53,747.81,744.73,745.71,230193600
19941206,744.61,745.25,740.27,741.23,266305500
19941207,740.24,740.24,733.59,734.27,253192500
19941208,734.74,735.69,718.08,719.12,308527500
19941209,719.26,719.42,710.94,719.05,310778100
19941212,719.24,720.99,712.48,719.12,242627700
19941213,719.92,720.61,718.02,719.49,245510700
19941214,719.10,725.67,719.10,725.67,305514300
19941215,727.04,730.70,727.04,730.68,318962100
19941216,730.83,732.02,729.06,729.07,298957800
19941219,728.75,729.16,726.66,727.89,260474400
19941220,729.57,730.73,726.26,728.51,302715000
19941221,729.72,737.13,729.72,737.12,325128000
19941222,737.26,739.52,737.26,739.34,333572400
19941223,739.03,743.17,739.00,742.19,201372900
19941227,743.60,746.20,743.60,746.19,213044400
19941228,746.39,746.55,740.79,742.46,242971800
19941229,742.97,749.67,742.68,749.53,270592800
19941230,749.26,751.98,746.87,751.96,309225000
19950103,751.31,751.31,743.53,743.58,231337500
19950104,744.77,746.42,740.47,745.84,270025500
19950105,746.87,748.50,745.13,745.66,276684300
19950106,746.27,750.73,745.76,749.69,291015600
19950109,750.19,752.84,750.10,752.09,248393700
19950110,754.27,759.22,754.27,756.52,328764300
19950111,758.14,760.05,751.70,755.74,306453600
19950112,755.66,757.05,754.65,756.51,281073900
19950113,758.36,762.32,757.28,762.16,291675900
19950116,762.30,769.13,762.19,768.16,280274100
19950117,769.17,772.16,768.40,772.14,313716900
19950118,773.01,774.31,769.18,772.38,323946900
19950119,772.34,772.34,768.32,768.55,308601900
19950120,767.99,768.12,759.32,762.05,318218100
19950123,759.32,759.58,753.81,759.51,257070600
19950124,760.52,763.33,759.82,763.20,277446900
19950125,759.69,763.34,757.19,760.98,291183000
19950126,761.05,762.32,757.56,757.56,274405800
19950127,758.86,760.42,756.85,758.91,287723400
19950130,759.63,760.57,751.49,751.83,241307100
19950131,752.85,755.80,751.05,755.20,280329900
19950201,756.68,762.33,756.68,758.31,288234900
19950202,758.16,763.66,758.16,763.64,273661800
19950203,766.51,773.94,766.51,772.06,353260500
19950206,772.82,779.11,772.82,778.85,277586400
19950207,779.79,780.93,776.97,778.97,298502100
19950208,780.19,784.03,779.23,783.77,324960600
19950209,785.04,787.89,784.97,785.44,354720600
19950210,786.41,790.82,786.41,790.43,334223400
19950213,789.70,792.09,788.72,789.42,279334800
19950214,790.14,791.50,788.67,790.62,321082500
19950215,790.76,795.63,789.74,795.63,355529700
19950216,796.02,796.02,790.98,793.31,319910700
19950217,791.99,791.99,786.83,786.97,273894300
19950221,787.73,788.25,784.15,784.62,253536600
19950222,783.96,788.26,783.51,787.93,281046000
19950223,789.26,794.50,789.26,791.35,331991400
19950224,790.80,791.80,787.12,791.08,296242200
19950227,789.55,790.81,783.73,784.50,253201800
19950228,785.53,794.01,784.72,793.73,300715500
19950301,794.33,795.29,791.87,791.87,312954300
19950302,792.40,793.69,790.72,793.68,276526200
19950303,793.21,798.80,792.23,798.79,291638700
19950306,796.53,797.79,791.70,797.77,246552300
19950307,797.87,798.31,790.35,791.33,313186800
19950308,793.05,795.81,791.51,795.81,291229500
19950309,796.48,797.93,793.32,796.24,297107100
19950310,795.96,802.22,795.78,802.22,307197600
19950313,802.22,804.62,801.37,802.31,261395100
19950314,804.46,809.18,804.46,808.24,322868100
19950315,807.98,808.69,804.84,807.38,312024300
19950316,807.18,809.59,806.80,809.34,316339500
19950317,811.03,811.23,807.34,808.33,293275500
19950320,808.35,810.66,807.40,810.49,257991300
19950321,811.06,814.21,808.88,809.78,312619500
19950322,808.65,809.43,806.70,809.10,293080200
19950323,809.30,813.33,808.90,811.39,326234700
19950324,812.96,818.67,812.87,818.66,374687700
19950327,817.88,822.66,817.29,822.63,293163900
19950328,822.91,826.17,821.57,826.14,325723200
19950329,826.10,829.92,817.24,819.16,381653400
19950330,820.65,822.24,811.23,816.86,337887600
19950331,813.24,817.23,806.50,817.21,323500500
19950403,816.06,818.28,812.25,818.05,254745600
19950404,817.06,820.48,813.58,813.72,340045200
19950405,813.68,816.32,810.89,816.32,324467700
19950406,816.93,818.16,813.52,813.80,323937600
19950407,814.84,816.19,811.56,814.69,308257800
19950410,814.44,821.36,813.90,821.26,279855600
19950411,824.12,825.74,821.69,824.83,330754500
19950412,825.49,828.56,823.69,828.53,321017400
19950413,829.06,832.90,828.86,832.64,334641900
19950417,835.15,839.50,829.91,830.82,340845000
19950418,833.37,834.45,825.01,825.74,350684400
19950419,825.07,825.23,812.75,816.55,422182800
19950420,817.89,819.10,813.95,819.01,380239800
19950421,821.39,823.67,820.43,823.44,366894300
19950424,823.25,829.48,821.53,828.91,296391000
19950425,829.62,832.07,828.69,831.28,349205700
19950426,830.47,836.91,829.17,836.91,364941300
19950427,837.15,842.62,837.15,840.95,388321500
19950428,841.66,844.42,837.45,843.98,349521900
19950501,844.72,846.42,841.63,841.63,293563800
19950502,841.93,842.82,839.43,841.79,324095700
19950503,842.75,850.27,842.75,850.26,370893300
19950504,851.50,856.79,846.07,846.75,391530000
19950505,849.07,850.79,842.57,843.53,308657700
19950508,843.48,849.84,842.76,849.29,297748800
19950509,850.42,851.89,845.36,848.17,355027500
19950510,850.48,851.99,845.75,847.62,353427900
19950511,847.12,853.84,846.13,853.83,363360300
19950512,853.74,859.88,852.52,858.94,376250100
19950515,859.74,863.39,857.98,863.06,325537200
19950516,863.39,868.86,862.56,868.25,355353000
19950517,869.50,874.51,869.50,871.93,375822300
19950518,872.53,874.44,864.05,864.06,361007400
19950519,862.28,864.83,858.66,864.57,313586700
19950522,865.57,871.58,865.42,871.18,320050200
19950523,872.01,879.66,872.01,879.64,385875600
19950524,882.90,885.92,875.99,877.98,408465300
19950525,877.74,878.76,871.65,877.32,354850800
19950526,876.26,876.26,870.04,871.87,281529600
19950530,872.77,873.70,857.74,858.70,297934800
19950531,859.17,864.58,851.72,864.58,349819500
19950601,865.67,870.21,864.21,868.82,329610600
19950602,867.12,875.12,863.84,872.97,327332100
19950605,875.25,884.18,875.25,882.85,346285500
19950606,882.83,885.83,879.40,879.40,360375000
19950607,880.41,883.06,878.32,881.58,351930600
19950608,882.18,886.30,882.18,886.13,352060800
19950609,885.72,885.79,880.48,884.38,355818000
19950612,885.55,889.33,885.55,887.98,328066800
19950613,890.51,894.23,890.05,894.23,374771400
19950614,892.26,896.28,891.02,895.72,391948500
19950615,896.33,903.86,896.33,902.68,383420400
19950616,904.37,908.65,904.14,908.65,374985300
19950619,909.90,922.09,909.84,922.09,378510000
19950620,924.11,929.85,924.01,929.83,413375700
19950621,931.61,933.75,926.00,929.19,423410400
19950622,941.17,941.17,931.26,940.09,440894400
19950623,938.65,940.10,936.73,938.87,415951800
19950626,938.33,939.14,926.79,926.98,358031400
19950627,925.19,928.62,918.89,919.56,388265700
19950628,918.08,921.99,913.02,920.52,367647600
19950629,921.04,927.78,919.88,926.81,342798000
19950630,928.02,934.03,928.02,933.45,373990200
19950703,933.99,935.33,931.99,934.53,121616100
19950705,937.05,943.48,937.05,941.82,344397600
19950706,943.32,953.00,942.59,952.93,395752200
19950707,952.90,969.77,952.64,969.76,476346000
19950710,970.41,977.84,970.11,976.63,425307600
19950711,975.39,975.53,970.20,970.22,412687500
19950712,975.90,988.71,975.77,988.63,478457100
19950713,989.27,999.59,988.25,994.15,492993000
19950714,988.96,999.33,984.29,999.33,403248000
19950717,1000.73,1007.18,1000.73,1005.89,433770600
19950718,1005.65,1006.65,987.24,988.53,449794500
19950719,988.53,988.53,936.97,952.87,556056300
19950720,955.97,961.55,952.06,960.57,447171900
19950721,959.25,967.51,957.95,961.77,435881700
19950724,964.12,978.71,964.12,978.57,375803700
19950725,984.01,994.73,983.64,993.75,464934900
19950726,996.77,1002.57,996.77,1000.18,450027000
19950727,1002.43,1011.84,1002.43,1010.66,472923600
19950728,1009.99,1010.99,1003.28,1005.28,426460800
19950731,1006.43,1023.03,995.76,1001.21,358580100
19950801,1001.57,1001.72,986.17,991.11,405777600
19950802,995.11,1001.33,983.53,983.75,452286900
19950803,980.17,982.98,970.81,982.70,420267000
19950804,983.80,991.46,983.80,991.09,352339800
19950807,992.78,997.16,992.78,995.22,337078500
19950808,997.31,999.69,995.05,997.12,375413100
19950809,1003.40,1005.93,1002.67,1005.10,443135700
19950810,1005.86,1007.04,998.88,1000.61,420601800
19950811,1004.08,1006.54,999.52,1004.11,349456800
19950814,1004.19,1012.44,1003.35,1012.44,345327600
19950815,1014.59,1015.83,1007.18,1012.37,394729200
19950816,1016.19,1025.76,1015.64,1025.75,438997200
19950817,1026.39,1030.51,1023.92,1029.24,462042600
19950818,1032.63,1034.13,1028.48,1031.28,437602200
19950821,1033.02,1035.19,1017.74,1019.70,407321400
19950822,1021.48,1025.56,1016.39,1025.29,433407900
19950823,1027.33,1029.46,1024.65,1028.19,400653300
19950824,1028.26,1029.23,1019.20,1020.93,417997800
19950825,1021.53,1022.73,1019.07,1019.97,356524800
19950828,1020.70,1021.49,1008.00,1008.15,369944700
19950829,1007.86,1007.99,989.48,1003.64,437695200
19950830,1006.96,1012.74,1006.96,1012.61,373711200
19950831,1013.88,1020.64,1013.65,1020.11,349512600
19950901,1019.42,1020.60,1016.93,1019.47,271978500
19950905,1021.73,1039.30,1021.73,1039.30,359910000
19950906,1040.67,1046.33,1040.67,1044.28,431566500
19950907,1048.48,1053.98,1047.75,1051.08,455569800
19950908,1052.58,1060.04,1048.13,1060.03,432078000
19950911,1060.47,1068.17,1060.47,1066.56,410911200
19950912,1068.70,1070.23,1064.12,1065.00,435174900
19950913,1065.34,1069.82,1062.90,1067.40,463995600
19950914,1068.23,1069.63,1063.72,1066.96,450687300
19950915,1062.94,1062.94,1047.70,1051.10,483786000
19950918,1052.00,1052.16,1041.68,1050.18,378491400
19950919,1049.01,1060.66,1049.01,1060.32,434012400
19950920,1063.42,1066.95,1063.42,1065.09,478782600
19950921,1062.73,1063.80,1054.63,1058.51,436811700
19950922,1055.68,1055.68,1048.04,1053.39,408307200
19950925,1053.53,1053.91,1042.64,1046.15,290783100
19950926,1048.04,1052.88,1038.04,1038.05,396803100
19950927,1035.00,1035.00,1008.44,1026.54,486882900
19950928,1028.49,1047.06,1028.49,1047.05,417030600
19950929,1047.79,1051.40,1040.24,1043.54,431129400
19951002,1041.39,1043.04,1027.16,1027.57,366196800
19951003,1027.99,1028.66,1012.25,1020.45,424080000
19951004,1017.04,1017.04,1001.71,1002.27,359342700
19951005,1002.07,1014.21,1000.03,1014.20,424600800
19951006,1017.94,1022.81,1011.40,1012.04,418509300
19951009,1006.81,1006.81,982.36,984.74,375320100
19951010,978.64,984.46,959.36,983.47,495392400
19951011,992.63,1001.58,990.87,1001.57,422424600
19951012,1003.58,1015.64,1003.58,1015.63,392236800
19951013,1020.33,1024.32,1018.16,1018.38,395752200
19951016,1018.33,1021.45,1016.51,1018.13,303161400
19951017,1021.53,1035.44,1018.74,1035.44,404196600
19951018,1045.32,1050.65,1042.78,1045.37,506431500
19951019,1042.80,1047.82,1039.40,1046.97,437927700
19951020,1046.64,1048.01,1036.86,1039.53,398067900
19951023,1035.28,1038.05,1031.27,1036.92,342751500
19951024,1039.53,1042.13,1038.18,1039.24,414491700
19951025,1040.10,1040.93,1026.44,1026.47,424173000
19951026,1026.20,1027.53,1007.44,1017.57,445488600
19951027,1016.41,1025.56,1012.54,1025.55,409497600
19951030,1028.17,1040.15,1028.17,1039.69,387242700
19951031,1043.57,1046.03,1035.93,1036.06,436969800
19951101,1037.30,1040.61,1034.39,1040.50,406596000
19951102,1042.11,1057.33,1041.96,1057.32,464442000
19951103,1059.15,1065.66,1056.54,1065.66,420285600
19951106,1065.63,1067.80,1061.45,1062.14,363406800
19951107,1058.99,1058.99,1038.63,1043.90,482697900
19951108,1046.00,1053.77,1044.97,1047.94,443526300
19951109,1057.03,1065.64,1057.03,1065.59,444716700
19951110,1063.72,1068.81,1060.93,1063.87,440020200
19951113,1063.21,1065.78,1057.34,1058.46,368261400
19951114,1054.14,1054.76,1040.62,1040.62,415942500
19951115,1044.16,1045.94,1033.21,1041.85,427232700
19951116,1038.33,1048.94,1037.17,1044.48,457950600
19951117,1045.27,1046.93,1042.23,1045.03,444521400
19951120,1048.07,1049.89,1029.47,1029.47,407442300
19951121,1029.24,1029.24,1016.58,1024.99,500256300
19951122,1027.36,1031.26,1021.24,1021.24,389632800
19951124,1022.84,1030.18,1022.84,1030.17,126573000
19951127,1034.00,1037.82,1029.07,1029.32,408474600
19951128,1030.65,1050.06,1029.51,1050.05,462284400
19951129,1052.68,1057.58,1049.55,1057.57,496992000
19951130,1056.77,1061.88,1056.01,1059.20,504952800
19951201,1060.66,1060.83,1053.25,1055.31,460424400
19951204,1057.95,1072.30,1056.93,1069.79,469677900
19951205,1071.24,1074.85,1064.14,1065.89,527663400
19951206,1067.86,1069.80,1055.47,1061.73,527933100
19951207,1061.89,1061.89,1048.27,1053.17,456843900
19951208,1056.43,1062.44,1052.29,1062.41,423996300
19951211,1064.68,1065.73,1061.48,1061.50,394096800
19951212,1061.98,1061.98,1051.75,1052.07,431389800
19951213,1054.46,1058.60,1053.02,1056.54,450231600
19951214,1057.03,1058.34,1038.17,1038.19,526101000
19951215,1041.11,1041.76,1028.22,1030.48,541101900
19951218,1029.12,1029.12,1001.53,1002.56,536275200
19951219,1005.43,1026.41,1004.73,1026.41,524826900
19951220,1032.51,1036.28,1025.03,1025.27,528137700
19951221,1030.24,1040.65,1030.24,1040.64,495504000
19951222,1041.48,1046.89,1041.48,1046.89,391158000
19951226,1047.56,1049.63,1045.57,1049.37,309476100
19951227,1049.90,1051.27,1046.05,1048.13,357417600
19951228,1044.38,1044.38,1039.56,1042.22,418193100
19951229,1042.26,1052.18,1040.25,1052.13,503976300
19960102,1052.83,1058.88,1048.47,1058.65,371646600
19960103,1056.36,1058.92,1045.32,1046.26,471091500
19960104,1047.20,1047.64,1021.57,1029.82,585872100
19960105,1022.41,1033.47,1017.69,1033.47,509760900
19960108,1034.94,1035.62,1031.34,1032.37,132701700
19960109,1031.61,1031.61,997.66,998.81,507584700
19960110,991.93,1003.24,987.98,990.21,561180600
19960111,999.92,1011.10,998.29,1011.10,477276000
19960112,1013.26,1014.91,1001.92,1008.23,451329000
19960115,1009.96,1010.24,988.57,988.57,393073800
19960116,994.31,995.88,977.79,995.87,522520500
19960117,987.28,1006.24,986.32,998.30,570731700
19960118,1003.37,1007.43,999.47,1007.24,499186800
19960119,1009.60,1019.52,1009.05,1018.45,531141600
19960122,1019.72,1029.47,1019.14,1029.44,450519900
19960123,1029.53,1031.61,1027.29,1028.04,496499100
19960124,1032.69,1043.46,1032.69,1043.46,551490000
19960125,1045.17,1046.00,1035.25,1035.95,542013300
19960126,1034.71,1040.97,1032.26,1040.96,477657300
19960129,1042.53,1044.49,1039.87,1042.51,403973400
19960130,1045.35,1052.30,1045.35,1051.30,504236700
19960131,1052.21,1059.81,1048.14,1059.79,521888100
19960201,1058.26,1069.46,1057.82,1069.46,542255100
19960202,1071.65,1076.32,1069.90,1072.11,521971800
19960205,1072.95,1083.36,1070.80,1083.34,476197200
19960206,1084.08,1090.60,1084.00,1089.08,548225700
19960207,1088.87,1089.98,1081.26,1084.88,568825200
19960208,1084.93,1093.51,1080.65,1093.17,517619400
19960209,1093.39,1098.85,1089.97,1094.60,513964500
19960212,1094.84,1098.94,1094.66,1095.38,459457200
19960213,1084.45,1093.76,1079.94,1087.22,488482500
19960214,1089.60,1093.44,1083.83,1088.03,479777700
19960215,1087.59,1092.26,1086.67,1090.54,459196800
19960216,1091.39,1092.01,1085.62,1090.71,427502400
19960220,1085.52,1088.95,1080.03,1083.24,427502400
19960221,1085.12,1096.94,1084.96,1096.85,451803300
19960222,1100.17,1117.53,1100.17,1117.11,596260200
19960223,1118.60,1121.89,1109.15,1117.79,542673600
19960226,1116.53,1119.10,1111.09,1113.05,440634000
19960227,1114.13,1115.39,1105.17,1106.17,478447800
19960228,1109.60,1114.92,1106.67,1107.55,505399200
19960229,1102.17,1105.46,1098.09,1100.05,495903900
19960301,1098.94,1100.29,1082.97,1086.08,546068100
19960304,1088.91,1091.77,1083.26,1084.88,441173400
19960305,1084.24,1096.82,1083.24,1096.81,457467000
19960306,1096.89,1099.07,1091.82,1091.82,495262200
19960307,1092.77,1095.37,1090.48,1093.12,473704800
19960308,1080.82,1081.30,1057.87,1063.73,542785200
19960311,1065.00,1080.64,1064.64,1080.50,425828400
19960312,1078.72,1078.72,1066.04,1073.05,427186200
19960313,1079.91,1089.03,1077.99,1088.64,448576200
19960314,1090.87,1096.45,1090.87,1091.07,476969100
19960315,1092.69,1099.66,1089.84,1099.59,478410600
19960318,1102.78,1114.43,1102.78,1114.42,463865400
19960319,1118.02,1119.84,1110.28,1112.50,484148700
19960320,1110.74,1111.75,1099.42,1101.82,492546600
19960321,1102.64,1104.10,1098.76,1099.79,464293200
19960322,1101.82,1103.40,1096.23,1102.22,442335900
19960325,1104.31,1107.09,1087.03,1087.09,443340300
19960326,1085.12,1090.17,1079.90,1088.35,506496600
19960327,1091.34,1098.76,1089.71,1093.88,465483600
19960328,1091.09,1096.72,1089.77,1094.83,449385300
19960329,1097.68,1105.34,1097.68,1101.40,478103700
19960401,1105.77,1107.29,1102.94,1106.57,431408400
19960402,1107.98,1111.43,1106.85,1111.29,457736700
19960403,1109.71,1115.90,1106.63,1115.85,492667500
19960404,1116.05,1119.35,1114.73,1118.21,468617700
19960408,1106.32,1106.67,1093.66,1105.66,481461000
19960409,1111.26,1115.14,1107.34,1109.15,522353100
19960410,1108.98,1117.69,1105.10,1105.28,517368300
19960411,1105.15,1108.70,1092.44,1097.14,496899000
19960412,1098.61,1101.68,1096.19,1100.94,449896800
19960415,1102.80,1110.49,1102.69,1110.44,429529800
19960416,1118.32,1124.92,1117.59,1124.92,570945600
19960417,1124.35,1126.53,1118.28,1120.87,537354000
19960418,1124.81,1142.86,1124.81,1136.30,536907600
19960419,1141.99,1143.31,1137.70,1138.70,551601600
19960422,1143.08,1153.52,1143.08,1153.50,541808700
19960423,1155.31,1166.77,1153.45,1166.76,604676700
19960424,1171.44,1176.85,1170.32,1176.83,677616600
19960425,1177.99,1184.19,1174.35,1184.17,670334700
19960426,1184.78,1188.89,1183.09,1186.89,598269000
19960429,1186.67,1188.86,1184.05,1188.20,515201400
19960430,1189.40,1190.87,1185.58,1190.52,562454700
19960501,1190.48,1200.19,1190.15,1199.66,608471100
19960502,1199.76,1199.76,1178.24,1178.33,601663500
19960503,1184.44,1193.47,1181.49,1184.60,655854600
19960506,1186.83,1189.85,1179.05,1186.31,632539500
19960507,1188.43,1189.69,1181.30,1182.67,750045000
19960508,1180.74,1183.44,1163.21,1183.43,703935600
19960509,1184.85,1189.84,1184.79,1187.82,591210300
19960510,1193.16,1202.78,1193.16,1202.76,563598600
19960513,1204.33,1221.87,1204.03,1221.87,553601100
19960514,1226.07,1234.96,1226.07,1234.49,641886000
19960515,1236.27,1242.92,1233.41,1233.56,639830700
19960516,1228.97,1239.31,1225.39,1239.31,577483500
19960517,1242.10,1243.30,1240.74,1241.88,586513800
19960520,1246.00,1249.26,1243.27,1248.11,548448900
19960521,1250.48,1252.81,1244.42,1244.42,642146400
19960522,1243.45,1248.43,1240.79,1247.38,644862000
19960523,1249.19,1252.37,1245.52,1248.65,704893500
19960524,1249.90,1251.73,1247.16,1247.80,567560400
19960528,1249.60,1251.23,1235.86,1236.30,598110900
19960529,1237.01,1238.44,1222.96,1225.63,591573000
19960530,1226.88,1235.47,1222.95,1233.48,562677900
19960531,1238.97,1243.74,1235.56,1243.43,565151700
19960603,1242.54,1243.35,1238.12,1238.73,488408100
19960604,1242.06,1244.86,1240.20,1243.68,600510300
19960605,1242.73,1249.85,1241.85,1249.15,604444200
19960606,1252.00,1254.12,1232.52,1232.52,626717700
19960607,1222.10,1229.78,1206.53,1229.76,558911400
19960610,1231.50,1233.55,1229.14,1230.04,443117100
19960611,1233.45,1237.40,1230.06,1230.76,515499000
19960612,1235.85,1240.78,1234.62,1235.47,505901400
19960613,1236.24,1236.76,1222.02,1225.65,524957100
19960614,1225.15,1225.57,1213.18,1213.18,474188400
19960617,1215.30,1217.13,1207.03,1207.64,416788800
19960618,1207.26,1207.26,1182.48,1183.08,577855500
19960619,1185.33,1187.95,1177.71,1179.27,558567300
19960620,1181.40,1182.39,1152.79,1167.34,622941900
19960621,1174.31,1176.11,1171.16,1175.44,502302300
19960624,1177.93,1185.39,1176.42,1182.90,465437100
19960625,1185.45,1186.33,1172.46,1172.58,514903800
19960626,1171.37,1171.37,1147.75,1153.29,562966200
19960627,1153.70,1166.18,1148.33,1166.01,526389300
19960628,1171.61,1185.04,1171.61,1185.02,584756100
19960701,1185.64,1198.04,1185.64,1197.45,466720500
19960702,1196.90,1196.90,1191.14,1191.15,481395900
19960703,1191.30,1191.40,1180.89,1181.60,464367600
19960705,1172.81,1172.81,1158.34,1158.35,201066000
19960708,1157.69,1160.98,1148.36,1148.82,415152000
19960709,1154.78,1157.15,1152.28,1153.59,452817000
19960710,1153.24,1154.08,1132.63,1141.19,500349300
19960711,1141.19,1141.22,1094.22,1106.36,646284900
19960712,1111.72,1113.33,1095.36,1103.49,503632200
19960715,1102.52,1103.50,1059.36,1060.19,545919300
19960716,1056.15,1065.33,1008.44,1053.47,815916900
19960717,1070.77,1087.66,1053.47,1086.65,652060200
19960718,1093.74,1109.86,1086.65,1109.82,595516200
19960719,1106.85,1109.82,1092.24,1097.68,494397300
19960722,1096.28,1097.70,1067.85,1081.39,389772300
19960723,1084.61,1085.73,1047.89,1049.07,556177200
19960724,1030.50,1049.06,1017.64,1042.37,630586500
19960725,1049.79,1062.40,1041.89,1062.39,503967000
19960726,1065.84,1079.63,1062.39,1079.44,440020200
19960729,1079.21,1082.14,1066.30,1066.47,388535400
19960730,1072.47,1075.57,1063.20,1071.95,389177100
19960731,1073.66,1082.12,1070.99,1080.59,447534600
19960801,1081.34,1098.92,1080.41,1098.85,465595200
19960802,1109.02,1125.98,1098.85,1124.92,536833200
19960805,1127.91,1129.23,1120.04,1120.53,366633900
19960806,1118.10,1128.89,1113.87,1128.87,418537200
19960807,1132.88,1141.40,1128.18,1141.11,496750200
19960808,1139.15,1141.12,1136.26,1137.51,437193000
19960809,1134.10,1141.30,1132.04,1137.27,425354100
19960812,1136.69,1139.80,1130.16,1138.27,341068200
19960813,1135.46,1138.28,1123.92,1126.15,376873200
19960814,1127.94,1133.76,1126.15,1133.51,398616600
19960815,1132.04,1136.04,1129.63,1134.69,425707500
19960816,1135.77,1137.77,1132.47,1133.65,391297500
19960819,1133.92,1135.11,1128.99,1130.91,325658100
19960820,1132.00,1132.79,1124.59,1124.67,377738100
19960821,1122.17,1128.81,1118.62,1126.84,387382200
19960822,1129.98,1143.96,1126.82,1143.96,460396500
19960823,1142.83,1146.82,1140.42,1143.05,403917600
19960826,1144.36,1144.36,1137.29,1139.22,392543700
19960827,1141.71,1149.04,1141.71,1149.02,456750900
19960828,1150.11,1153.90,1150.11,1153.88,429213600
19960829,1152.86,1152.86,1143.76,1145.03,390590700
19960830,1147.71,1148.49,1139.00,1141.50,313047300
19960903,1133.30,1142.36,1123.14,1142.29,366894300
19960904,1143.64,1145.81,1140.54,1143.82,409032600
19960905,1139.35,1139.35,1125.66,1125.66,429632100
19960906,1128.76,1141.56,1128.76,1139.39,438048600
19960909,1140.79,1149.15,1140.79,1148.71,406419300
19960910,1149.16,1150.85,1144.37,1149.43,445590900
19960911,1145.77,1154.39,1143.90,1153.95,452928600
19960912,1156.28,1166.79,1151.66,1165.81,505455000
19960913,1175.85,1188.68,1175.85,1188.67,593860800
19960916,1190.04,1199.59,1190.04,1193.96,535233600
19960917,1204.04,1205.28,1187.50,1203.31,587964600
19960918,1201.18,1213.39,1196.91,1205.71,514224900
19960919,1204.67,1213.13,1203.36,1212.09,523850400
19960920,1213.80,1221.03,1210.19,1219.69,549220800
19960923,1216.69,1216.69,1207.80,1211.47,340640400
19960924,1210.96,1220.51,1210.76,1215.27,542580600
19960925,1219.66,1224.66,1219.66,1224.66,579008700
19960926,1228.29,1237.26,1222.72,1227.98,671292600
19960927,1229.69,1231.58,1226.59,1230.05,522232200
19960930,1229.14,1233.96,1226.09,1226.92,487589700
19961001,1223.73,1227.44,1214.60,1221.51,504552900
19961002,1224.01,1236.13,1221.51,1236.11,536228700
19961003,1237.25,1239.11,1232.95,1233.09,535112700
19961004,1240.12,1247.57,1240.12,1247.56,523338900
19961007,1247.14,1252.59,1246.90,1250.87,447023100
19961008,1253.41,1256.72,1239.85,1240.15,522446100
19961009,1247.55,1249.57,1235.47,1237.98,526603200
19961010,1235.13,1243.14,1232.64,1236.97,538572300
19961011,1241.97,1248.50,1241.97,1248.27,489933300
19961014,1250.67,1256.81,1250.67,1256.36,407721300
19961015,1267.56,1269.62,1252.54,1258.10,531234600
19961016,1256.73,1256.73,1244.94,1250.99,508477500
19961017,1253.58,1255.66,1241.96,1241.96,539530200
19961018,1242.92,1243.33,1238.24,1242.48,507668400
19961021,1241.95,1253.32,1233.85,1236.41,454900200
19961022,1233.17,1236.41,1215.48,1220.00,558362700
19961023,1219.02,1228.33,1215.08,1227.88,511323300
19961024,1230.92,1235.67,1226.61,1227.00,503836800
19961025,1227.13,1230.37,1222.38,1222.60,513053100
19961028,1225.39,1229.63,1215.72,1215.89,467325000
19961029,1219.94,1222.13,1202.36,1203.05,510979200
19961030,1206.00,1208.05,1203.05,1206.23,499893600
19961031,1209.04,1221.61,1206.23,1221.51,527654100
19961101,1223.72,1224.82,1218.27,1221.78,506310600
19961104,1223.47,1224.12,1218.23,1220.48,406056600
19961105,1223.10,1231.74,1223.10,1229.07,528128400
19961106,1230.80,1245.50,1228.62,1245.49,578404200
19961107,1245.65,1256.79,1243.63,1254.14,605616000
19961108,1254.32,1257.62,1248.72,1257.51,505557300
19961111,1258.24,1262.77,1256.43,1262.67,404698800
19961112,1267.38,1268.60,1255.59,1256.53,551871300
19961113,1259.73,1261.90,1254.33,1260.72,534703500
19961114,1260.95,1270.90,1256.89,1270.36,560148300
19961115,1273.06,1274.76,1257.55,1261.80,570108600
19961118,1263.08,1263.29,1250.21,1254.57,458434200
19961119,1253.86,1262.94,1252.97,1262.62,509137800
19961120,1264.77,1272.46,1261.76,1264.94,519795600
19961121,1267.75,1268.62,1256.01,1258.08,529979100
19961122,1262.86,1274.66,1262.86,1274.36,622393200
19961125,1275.41,1281.22,1272.45,1280.37,579222600
19961126,1281.70,1283.88,1271.54,1281.20,583500600
19961127,1281.98,1287.42,1279.15,1287.32,458759700
19961129,1287.97,1293.75,1287.32,1292.61,192603000
19961202,1294.78,1299.82,1287.01,1299.82,479377800
19961203,1303.68,1313.38,1299.35,1300.37,633441600
19961204,1300.92,1303.27,1288.63,1297.02,582570600
19961205,1299.55,1303.43,1296.73,1300.12,560241300
19961206,1275.90,1293.87,1258.89,1287.68,599422200
19961209,1296.18,1316.31,1287.65,1316.27,533829300
19961210,1325.15,1328.95,1312.28,1312.55,629163600
19961211,1300.85,1312.55,1291.51,1309.12,584942100
19961212,1320.55,1324.38,1298.28,1298.33,540571800
19961213,1291.40,1298.39,1281.43,1284.91,514903800
19961216,1289.72,1292.24,1257.78,1260.98,481740000
19961217,1255.28,1266.62,1251.03,1266.32,570303900
19961218,1274.51,1285.71,1266.38,1285.38,574368000
19961219,1292.83,1296.93,1285.38,1295.86,600473100
19961220,1303.03,1304.56,1286.76,1288.56,584625900
19961223,1290.68,1291.28,1276.93,1279.52,449822400
19961224,1280.56,1287.63,1277.81,1287.63,242962500
19961226,1289.74,1294.66,1287.57,1294.57,357640800
19961227,1296.18,1297.15,1291.06,1291.38,362960400
19961230,1295.18,1297.01,1287.70,1287.75,520455900
19961231,1289.24,1291.88,1285.45,1291.03,619389300
19970102,1292.65,1293.63,1272.34,1280.70,457885500
19970103,1288.02,1310.84,1280.70,1310.68,482800200
19970106,1314.34,1321.47,1310.63,1316.40,546970200
19970107,1316.91,1327.82,1312.08,1327.73,537298200
19970108,1329.60,1330.77,1319.94,1320.35,619835700
19970109,1325.23,1327.24,1320.33,1326.20,578413500
19970110,1317.38,1332.02,1311.78,1332.02,613362900
19970113,1335.45,1337.77,1328.71,1330.91,569243700
19970114,1337.38,1349.01,1330.91,1346.36,585035100
19970115,1347.70,1347.84,1333.41,1333.53,633488100
19970116,1340.14,1347.39,1333.53,1340.46,663062100
19970117,1340.61,1350.53,1339.80,1349.05,626001600
19970120,1351.14,1365.62,1349.05,1364.28,550913400
19970121,1363.44,1377.49,1360.61,1376.97,634120500
19970122,1377.85,1388.06,1373.30,1388.06,670334700
19970123,1393.15,1400.53,1378.23,1378.37,739684800
19970124,1375.60,1379.95,1360.48,1363.83,670929900
19970127,1367.41,1368.00,1352.18,1352.81,500135400
19970128,1365.91,1370.69,1349.28,1354.37,612832800
19970129,1359.32,1360.76,1349.54,1355.17,557311800
19970130,1362.05,1371.03,1360.63,1371.02,607885200
19970131,1374.98,1381.97,1374.98,1379.85,631646700
19970203,1383.97,1384.51,1374.57,1376.05,499912200
19970204,1376.70,1377.78,1362.81,1373.75,563728800
19970205,1373.95,1375.05,1339.64,1348.44,632827800
19970206,1351.11,1351.71,1340.54,1346.40,579845700
19970207,1354.91,1360.53,1346.29,1357.71,599208300
19970210,1360.46,1362.21,1335.34,1335.34,585435000
19970211,1342.11,1342.71,1319.69,1331.51,605411400
19970212,1337.48,1358.97,1336.57,1358.96,622383900
19970213,1364.52,1373.75,1358.95,1370.81,679281300
19970214,1370.25,1373.04,1364.24,1367.19,546105300
19970218,1369.16,1370.32,1358.05,1365.79,524250300
19970219,1366.34,1370.43,1362.37,1365.58,572973000
19970220,1362.62,1365.62,1345.62,1347.40,566993100
19970221,1346.46,1347.77,1332.05,1334.32,569876100
19970224,1328.40,1345.34,1325.16,1345.08,533875800
19970225,1349.81,1355.67,1342.68,1347.69,651818400
19970226,1350.17,1351.97,1333.24,1340.55,596074200
19970227,1339.62,1340.95,1312.59,1312.66,626355000
19970228,1310.97,1313.90,1296.88,1309.00,638798400
19970303,1306.21,1311.96,1301.83,1311.18,494741400
19970304,1316.20,1330.04,1316.20,1317.37,555303000
19970305,1322.38,1329.28,1320.73,1329.09,613893000
19970306,1331.46,1332.34,1314.90,1315.43,596511300
19970307,1319.74,1324.23,1308.96,1311.80,591786900
19970310,1312.72,1322.72,1306.79,1322.72,523264500
19970311,1323.91,1326.08,1314.42,1316.76,533606100
19970312,1314.97,1314.97,1300.77,1304.13,524724600
19970313,1302.48,1307.66,1291.70,1293.28,514727100
19970314,1299.73,1303.00,1291.86,1292.97,548607000
19970317,1289.36,1292.97,1265.17,1279.43,540190500
19970318,1282.60,1283.01,1264.52,1269.34,502451100
19970319,1264.35,1264.35,1239.76,1249.29,655426800
19970320,1252.53,1262.66,1243.04,1259.26,587815800
19970321,1263.61,1267.28,1253.71,1254.07,531141600
19970324,1251.07,1251.07,1230.96,1242.64,553322100
19970325,1247.11,1253.87,1241.52,1248.06,505966500
19970326,1252.87,1269.08,1248.06,1269.08,550197300
19970327,1274.83,1277.36,1241.24,1249.51,539353500
19970331,1246.35,1246.35,1220.40,1221.70,542785200
19970401,1211.28,1222.26,1206.72,1216.93,557479200
19970402,1217.44,1217.44,1199.41,1201.00,542422500
19970403,1199.12,1213.77,1196.22,1213.76,539855700
19970404,1208.65,1236.73,1206.51,1236.73,620905200
19970407,1245.83,1256.12,1245.83,1251.35,528491100
19970408,1253.05,1257.40,1245.57,1257.37,485878500
19970409,1263.95,1267.41,1248.44,1249.43,524557200
19970410,1248.31,1248.31,1235.57,1235.77,484316100
19970411,1224.35,1224.35,1206.90,1206.90,496610700
19970414,1209.04,1216.42,1199.68,1216.41,438253200
19970415,1221.95,1228.50,1205.93,1212.88,532006500
19970416,1209.33,1215.44,1202.77,1210.27,535224300
19970417,1214.10,1224.14,1210.27,1217.07,558567300
19970418,1232.46,1233.01,1217.07,1222.57,534712800
19970421,1221.98,1223.42,1202.60,1203.95,508096200
19970422,1205.23,1212.74,1194.16,1212.74,576079200
19970423,1214.64,1228.33,1213.04,1227.14,543417600
19970424,1238.00,1242.16,1227.93,1228.10,545742600
19970425,1224.42,1228.27,1209.19,1209.29,462479700
19970428,1211.87,1220.08,1203.97,1217.03,421290000
19970429,1233.25,1242.64,1233.25,1242.63,533280600
19970430,1238.95,1263.99,1237.81,1260.76,611065800
19970501,1263.93,1273.00,1260.94,1270.50,572526600
19970502,1275.51,1305.38,1275.51,1305.33,672938700
19970505,1311.70,1339.86,1311.70,1339.24,776680200
19970506,1334.45,1334.45,1324.25,1328.30,689976300
19970507,1321.83,1333.56,1319.75,1322.91,567960300
19970508,1317.76,1337.74,1316.05,1330.83,576646500
19970509,1338.80,1343.01,1325.61,1335.05,506673300
19970512,1339.05,1345.11,1339.05,1344.19,492630300
19970513,1343.83,1346.22,1332.10,1333.59,538107300
19970514,1337.34,1339.98,1328.07,1335.55,569606400
19970515,1335.56,1353.98,1334.92,1353.58,553722000
19970516,1347.53,1347.53,1339.94,1340.73,523366800
19970519,1343.32,1344.91,1335.95,1341.24,419485800
19970520,1342.17,1363.89,1338.42,1363.88,494704200
19970521,1373.15,1380.90,1373.15,1373.75,609047700
19970522,1376.18,1378.26,1366.76,1372.60,512764800
19970523,1377.73,1389.75,1377.73,1389.72,501679200
19970527,1388.00,1409.39,1386.83,1409.21,589657200
19970528,1411.65,1414.26,1403.73,1410.18,601561200
19970529,1412.49,1414.25,1401.85,1403.04,568657800
19970530,1355.80,1403.25,1352.65,1400.32,663806100
19970602,1407.07,1408.49,1394.72,1404.79,516354600
19970603,1397.49,1397.49,1384.67,1384.91,545361300
19970604,1387.46,1392.99,1375.45,1379.67,552624600
19970605,1385.74,1393.79,1385.74,1390.05,521683500
19970606,1390.13,1405.29,1387.63,1404.84,544989300
19970609,1410.69,1416.77,1410.69,1412.04,519739800
19970610,1410.31,1415.66,1398.22,1401.69,618440700
19970611,1401.14,1408.01,1394.44,1407.85,580041000
19970612,1404.53,1414.63,1399.67,1411.32,586113900
19970613,1411.71,1426.73,1410.76,1423.03,552299100
19970616,1423.74,1432.00,1421.74,1431.95,465065100
19970617,1429.64,1445.60,1426.26,1443.11,575446800
19970618,1433.47,1433.47,1428.84,1432.43,547156200
19970619,1433.36,1448.45,1432.43,1447.14,606118200
19970620,1447.45,1453.39,1444.42,1447.10,569401800
19970623,1444.84,1451.07,1433.33,1434.32,515136300
19970624,1443.93,1452.68,1443.93,1452.43,585974400
19970625,1453.88,1467.29,1439.10,1446.24,625769100
19970626,1442.50,1447.82,1435.10,1436.38,570034200
19970627,1441.29,1444.95,1436.38,1438.15,510086400
19970630,1439.47,1448.68,1432.07,1442.07,592428600
19970701,1442.65,1444.12,1432.42,1438.25,547797900
19970702,1443.24,1455.80,1437.15,1455.61,578822700
19970703,1464.07,1469.36,1464.07,1467.61,345736800
19970707,1472.61,1477.25,1466.57,1470.74,507882300
19970708,1471.45,1485.16,1469.94,1485.10,590912700
19970709,1491.84,1494.89,1483.21,1486.63,658319100
19970710,1485.67,1491.97,1476.21,1490.93,592707600
19970711,1489.71,1503.31,1485.31,1502.62,605857800
19970714,1506.97,1523.88,1506.97,1523.88,630149400
19970715,1534.57,1543.19,1523.88,1542.11,676044900
19970716,1561.41,1581.45,1561.41,1580.63,777666000
19970717,1581.25,1582.63,1564.57,1568.85,698327700
19970718,1559.50,1559.50,1535.74,1547.99,621751500
19970721,1548.10,1549.23,1530.23,1536.23,498210300
19970722,1539.00,1564.01,1538.55,1563.86,602602800
19970723,1571.33,1578.03,1562.37,1567.65,644750400
19970724,1565.87,1571.03,1553.23,1569.13,690153000
19970725,1571.69,1576.95,1561.42,1569.58,619938000
19970728,1573.09,1574.13,1560.51,1563.53,548235000
19970729,1560.47,1572.32,1557.56,1572.32,588039000
19970730,1573.13,1589.81,1570.79,1588.05,674203500
19970731,1591.56,1595.76,1585.09,1593.81,630251700
19970801,1594.67,1599.03,1580.50,1594.33,543138600
19970804,1593.09,1605.74,1593.09,1605.45,551769000
19970805,1610.21,1621.77,1587.25,1621.53,680639100
19970806,1623.24,1635.03,1617.21,1630.44,725725500
19970807,1637.14,1638.26,1623.80,1624.18,695137800
19970808,1612.37,1614.86,1586.60,1598.52,643234500
19970811,1599.16,1601.09,1570.50,1586.74,571001400
19970812,1592.65,1601.15,1575.89,1576.24,592856400
19970813,1594.25,1597.48,1571.59,1583.40,602984100
19970814,1587.12,1591.57,1577.95,1586.69,535568400
19970815,1583.27,1583.27,1561.85,1562.03,502423200
19970818,1563.45,1569.53,1545.13,1569.52,507408000
19970819,1579.38,1600.72,1579.38,1600.71,608238600
19970820,1603.29,1628.81,1599.11,1628.70,663582900
19970821,1626.88,1628.80,1605.82,1607.36,654375900
19970822,1581.68,1607.36,1574.77,1598.69,584765400
19970825,1601.11,1610.90,1596.38,1601.57,527998200
19970826,1596.04,1601.94,1591.04,1591.30,618301200
19970827,1593.73,1598.25,1583.12,1595.54,590949900
19970828,1586.10,1586.10,1572.09,1581.32,617547900
19970829,1580.00,1591.32,1578.97,1587.32,463363200
19970902,1595.07,1618.38,1595.07,1618.09,543008400
19970903,1619.96,1629.40,1616.40,1618.24,606843600
19970904,1618.00,1625.99,1616.55,1624.63,622886100
19970905,1633.01,1639.90,1633.01,1635.77,599273400
19970908,1641.72,1648.70,1641.72,1645.35,602677200
19970909,1646.59,1659.37,1645.04,1656.22,661611300
19970910,1655.67,1655.67,1639.16,1639.25,673506000
19970911,1635.31,1640.89,1620.52,1639.86,658477200
19970912,1642.98,1649.89,1633.65,1649.33,642592800
19970915,1649.76,1654.74,1634.76,1634.92,617120100
19970916,1643.79,1669.18,1643.79,1668.60,693156900
19970917,1673.66,1675.69,1662.53,1666.47,716118600
19970918,1671.57,1680.18,1667.71,1670.02,667963200
19970919,1668.87,1680.37,1666.91,1680.36,632269800
19970922,1684.31,1697.32,1684.31,1689.45,654459600
19970923,1691.98,1697.36,1686.38,1697.36,702345300
19970924,1700.69,1702.49,1686.52,1687.41,729566400
19970925,1685.78,1688.81,1675.56,1678.89,681187800
19970926,1686.00,1689.18,1677.69,1682.24,631265400
19970929,1685.30,1695.53,1680.62,1694.98,591061500
19970930,1691.18,1694.01,1685.51,1685.69,725148900
19971001,1690.79,1696.63,1680.76,1690.30,902732400
19971002,1693.34,1702.93,1692.11,1702.41,655631400
19971003,1718.17,1726.59,1706.23,1715.87,711673200
19971006,1722.39,1724.47,1716.60,1721.91,665368500
19971007,1725.85,1739.86,1725.85,1737.27,722889000
19971008,1739.91,1741.81,1727.58,1741.77,731361300
19971009,1734.99,1748.78,1731.34,1745.85,725948700
19971010,1739.20,1745.85,1736.11,1739.03,657528600
19971013,1744.88,1747.85,1739.03,1742.12,607401600
19971014,1744.83,1747.05,1723.28,1732.79,696839700
19971015,1715.30,1732.79,1713.91,1723.37,759010200
19971016,1730.85,1732.53,1691.92,1699.66,775461900
19971017,1699.66,1699.66,1645.87,1666.85,857301900
19971020,1675.16,1686.45,1666.78,1685.45,635803800
19971021,1699.76,1712.90,1699.76,1712.54,734086200
19971022,1716.49,1717.30,1704.83,1708.08,720666300
19971023,1708.08,1708.08,1662.99,1671.25,761558400
19971024,1686.07,1691.60,1642.69,1650.92,870703200
19971027,1650.92,1650.92,1531.56,1532.75,842914800
19971028,1484.72,1603.22,1465.84,1603.02,1297350000
19971029,1614.59,1626.24,1596.94,1602.75,837558000
19971030,1572.89,1596.22,1564.65,1570.41,701322300
19971031,1594.12,1599.71,1570.41,1593.61,660309300
19971103,1609.62,1630.16,1609.62,1629.98,597766800
19971104,1627.24,1634.49,1622.21,1631.15,586913700
19971105,1639.94,1644.42,1634.12,1637.33,646815000
19971106,1638.14,1638.14,1622.36,1623.44,585425700
19971107,1597.27,1623.43,1587.31,1602.40,626076000
19971110,1609.77,1616.82,1589.76,1590.72,548458200
19971111,1594.45,1596.18,1580.52,1584.86,527830800
19971112,1584.86,1584.86,1540.59,1541.71,656849700
19971113,1554.79,1559.25,1508.41,1559.25,718564500
19971114,1565.68,1585.44,1565.68,1583.51,656012700
19971117,1601.95,1631.46,1583.47,1614.11,607178400
19971118,1614.67,1616.42,1600.20,1600.44,534945300
19971119,1596.29,1603.11,1594.05,1601.22,513899400
19971120,1607.66,1627.48,1607.66,1626.56,639830700
19971121,1636.58,1654.43,1616.39,1620.75,631563000
19971124,1612.94,1620.75,1584.56,1586.99,517749600
19971125,1593.30,1596.56,1580.27,1589.04,597060000
19971126,1593.57,1597.79,1591.55,1594.50,481330800
19971128,1595.84,1604.24,1595.84,1600.55,195234900
19971201,1608.56,1630.72,1608.56,1630.72,567876600
19971202,1625.48,1625.48,1605.12,1606.37,604834800
19971203,1603.99,1615.14,1591.05,1615.13,667637700
19971204,1621.72,1624.64,1610.68,1613.42,646461600
19971205,1608.03,1633.91,1606.92,1633.90,616794600
19971208,1639.39,1652.84,1639.00,1651.54,590010600
19971209,1636.97,1636.97,1619.83,1620.55,745934400
19971210,1611.88,1621.19,1585.15,1596.61,689715900
19971211,1577.55,1596.60,1550.76,1558.54,766078200
19971212,1564.06,1567.82,1533.62,1536.58,707199900
19971215,1540.41,1542.72,1515.69,1536.56,737090100
19971216,1541.25,1561.18,1539.07,1553.00,729984900
19971217,1563.53,1568.54,1546.56,1547.37,704437800
19971218,1548.67,1549.55,1516.41,1523.19,688590600
19971219,1506.86,1525.88,1486.51,1524.74,738922200
19971222,1533.46,1544.45,1526.82,1532.06,583203000
19971223,1531.60,1533.11,1509.25,1509.91,571299000
19971224,1516.66,1518.21,1497.67,1499.53,290318100
19971226,1501.15,1511.38,1501.15,1511.38,190371000
19971229,1521.79,1537.49,1521.79,1537.45,599933700
19971230,1539.55,1565.48,1539.55,1565.03,705274800
19971231,1565.87,1580.73,1560.94,1570.35,739777800
19980102,1574.10,1581.53,1563.77,1581.53,403750200
19980105,1585.77,1602.51,1582.99,1594.12,633850800
19980106,1588.07,1594.12,1576.26,1580.14,591201000
19980107,1574.01,1580.14,1547.52,1561.70,642946200
19980108,1555.91,1566.56,1550.70,1555.54,599896500
19980109,1555.54,1555.66,1497.37,1503.22,756517800
19980112,1482.01,1507.72,1465.61,1507.58,649446900
19980113,1519.62,1542.18,1519.62,1541.63,690087900
19980114,1549.80,1550.71,1535.98,1548.76,643262400
19980115,1545.82,1554.85,1541.29,1547.06,613288500
19980116,1557.69,1564.96,1557.69,1562.88,652143900
19980120,1567.80,1590.14,1567.80,1590.14,665405700
19980121,1583.40,1590.48,1578.43,1587.92,666670500
19980122,1577.88,1585.05,1573.28,1576.51,614265000
19980123,1582.52,1584.95,1568.18,1575.93,602072700
19980126,1578.33,1579.31,1556.91,1561.46,547063200
19980127,1562.23,1580.04,1559.26,1578.90,632911500
19980128,1586.49,1611.50,1586.49,1610.82,723177300
19980129,1609.08,1629.54,1608.35,1619.49,770012100
19980130,1624.53,1628.20,1615.42,1619.36,678444300
19980202,1640.06,1653.94,1640.06,1652.89,751551600
19980203,1654.23,1666.54,1649.31,1666.34,710650200
19980204,1663.46,1681.17,1661.11,1680.44,763018500
19980205,1692.22,1701.20,1675.10,1676.90,805370700
19980206,1675.51,1694.56,1675.40,1694.35,701052600
19980209,1699.92,1701.58,1686.21,1690.43,640416600
19980210,1692.29,1713.54,1692.11,1709.04,777070800
19980211,1708.99,1714.15,1703.78,1708.55,706883700
19980212,1702.89,1714.62,1692.37,1714.34,715690800
19980213,1709.40,1715.11,1707.60,1710.42,635357400
19980217,1721.02,1723.40,1700.91,1703.43,643532100
19980218,1702.79,1715.74,1701.36,1715.73,639356400
19980219,1723.90,1730.88,1717.47,1727.01,687149100
19980220,1731.84,1731.84,1713.84,1728.13,693556800
19980223,1744.21,1751.76,1735.57,1751.76,680490300
19980224,1755.75,1757.96,1738.71,1738.71,720675600
19980225,1746.84,1766.66,1746.73,1766.48,785905800
19980226,1766.71,1777.13,1763.86,1777.11,727892400
19980227,1778.02,1783.74,1769.99,1770.51,759028800
19980302,1778.72,1781.07,1756.94,1758.54,694737900
19980303,1748.96,1757.18,1741.15,1757.14,728301600
19980304,1750.48,1762.32,1748.57,1759.70,680016000
19980305,1714.59,1714.59,1708.48,1711.92,813061800
19980306,1722.59,1753.49,1722.59,1753.49,736113600
19980309,1747.94,1747.94,1725.16,1725.16,687586200
19980310,1741.58,1748.66,1741.58,1748.51,743925600
19980311,1756.03,1763.40,1756.03,1756.85,779758500
19980312,1763.71,1766.23,1749.78,1764.06,703219500
19980313,1775.01,1780.90,1768.62,1771.66,699629700
19980316,1779.41,1788.40,1779.41,1788.18,641895300
19980317,1787.94,1788.81,1769.93,1779.30,743944200
19980318,1772.74,1788.74,1768.78,1788.28,704121600
19980319,1789.55,1799.98,1789.55,1799.98,734039700
19980320,1803.28,1807.03,1788.86,1789.16,703377600
19980323,1784.95,1798.32,1783.19,1792.51,680304300
19980324,1796.84,1813.45,1796.84,1812.44,747543300
19980325,1837.62,1840.83,1812.76,1824.51,810634500
19980326,1822.24,1832.60,1816.02,1828.54,674315100
19980327,1837.11,1839.76,1818.48,1823.62,686730600
19980330,1823.79,1826.63,1814.41,1818.70,609875400
19980331,1823.48,1839.77,1818.61,1835.68,782130000
19980401,1838.15,1848.95,1826.12,1847.66,777089400
19980402,1847.96,1858.21,1845.72,1852.96,853823700
19980403,1857.35,1865.80,1850.63,1855.40,802664400
19980406,1859.24,1861.12,1828.72,1829.14,707795100
19980407,1823.54,1823.54,1788.74,1798.71,722126400
19980408,1801.11,1816.33,1798.35,1807.01,669228000
19980409,1814.51,1821.75,1814.44,1820.24,702931200
19980413,1824.07,1826.98,1810.26,1824.95,587620500
19980414,1825.40,1844.76,1825.40,1843.03,723251700
19980415,1852.89,1866.92,1852.89,1863.26,838813500
19980416,1857.27,1863.34,1849.10,1858.24,794991900
19980417,1854.50,1866.83,1849.58,1866.60,755094900
19980420,1869.01,1888.00,1869.01,1887.14,752118900
19980421,1894.99,1904.18,1882.70,1903.87,872870100
19980422,1907.46,1931.83,1907.46,1917.61,954226500
19980423,1913.14,1913.14,1880.17,1881.39,829104300
19980424,1878.57,1891.73,1860.26,1868.96,749812500
19980427,1868.96,1868.96,1804.14,1820.31,740624100
19980428,1842.49,1848.89,1820.30,1831.77,727464600
19980429,1837.17,1854.23,1837.17,1851.64,737248200
19980430,1868.12,1874.46,1868.12,1868.41,783106500
19980501,1871.81,1875.52,1864.44,1873.44,720378000
19980504,1880.12,1890.80,1873.43,1878.86,716881200
19980505,1876.26,1876.26,1862.92,1864.91,713654100
19980506,1872.59,1874.11,1855.60,1856.68,700122600
19980507,1858.41,1859.57,1835.09,1835.14,666131100
19980508,1832.17,1864.71,1832.17,1864.37,668149200
19980511,1870.01,1877.65,1847.98,1848.07,672957300
19980512,1847.44,1860.16,1839.21,1860.16,684331200
19980513,1869.85,1871.77,1866.18,1866.18,728971200
19980514,1857.77,1878.50,1854.21,1865.36,689418300
19980515,1869.36,1870.75,1844.72,1846.77,703052100
19980518,1838.53,1850.63,1822.56,1831.62,637914900
19980519,1840.62,1849.55,1840.62,1845.87,630577200
19980520,1850.16,1852.27,1827.49,1831.75,627182700
19980521,1834.49,1840.76,1817.89,1820.99,634148400
19980522,1810.82,1834.24,1801.62,1805.00,592735500
19980526,1813.53,1817.92,1777.68,1778.09,628921800
19980527,1759.63,1781.30,1742.05,1781.10,738317700
19980528,1782.75,1796.73,1775.43,1794.62,599738400
19980529,1800.33,1803.07,1778.09,1778.87,617743200
19980601,1770.37,1779.34,1741.10,1746.82,600361500
19980602,1757.92,1764.84,1746.82,1761.79,651995100
19980603,1771.19,1774.58,1742.01,1742.31,676110000
19980604,1753.33,1769.95,1753.33,1769.95,674436000
19980605,1772.90,1782.92,1766.31,1782.92,632018700
19980608,1783.47,1791.54,1778.54,1787.77,567383700
19980609,1787.66,1801.04,1786.91,1800.76,659453700
19980610,1791.25,1797.20,1773.25,1773.25,657937800
19980611,1776.61,1779.88,1747.51,1749.75,667935300
19980612,1748.46,1748.46,1715.71,1745.05,693445200
19980615,1726.57,1745.05,1715.04,1715.75,584997900
19980616,1728.74,1753.31,1715.75,1753.12,632790600
19980617,1762.19,1787.06,1762.19,1776.40,772634700
19980618,1776.35,1778.45,1767.95,1772.70,671181000
19980619,1783.63,1785.25,1773.90,1781.29,662801700
19980622,1782.56,1807.56,1777.23,1805.82,600696300
19980623,1813.24,1844.58,1806.35,1844.57,751244700
19980624,1858.36,1878.56,1837.16,1877.76,862472700
19980625,1886.33,1894.71,1860.40,1863.25,779879400
19980626,1865.35,1872.23,1862.75,1869.53,571605900
19980629,1880.59,1891.67,1880.59,1891.08,613130400
19980630,1882.73,1898.62,1878.87,1894.74,801846000
19980701,1904.24,1914.46,1893.06,1914.46,797344800
19980702,1908.75,1908.96,1891.10,1894.00,737796900
19980706,1898.63,1909.87,1893.31,1909.47,643383300
19980707,1912.26,1912.26,1897.34,1908.11,749998500
19980708,1909.41,1935.90,1906.61,1935.39,782892600
19980709,1935.55,1951.07,1931.99,1939.82,785701200
19980710,1938.96,1943.89,1925.12,1943.04,659937300
19980713,1948.32,1965.72,1946.63,1965.53,722563500
19980714,1972.69,1979.64,1963.62,1968.41,784882800
19980715,1974.56,1994.99,1926.44,1994.54,855879000
19980716,2000.90,2004.92,1982.48,2000.56,841482600
19980717,2005.58,2010.61,1994.40,2008.76,742437600
19980720,2013.48,2022.40,2006.33,2014.25,671515800
19980721,2018.46,2028.18,1977.62,1979.14,794424600
19980722,1969.10,1980.42,1950.77,1969.75,770737500
19980723,1970.83,1981.05,1935.22,1935.22,807240000
19980724,1947.86,1974.33,1909.56,1930.99,749217300
19980727,1916.31,1933.30,1887.48,1933.26,665489400
19980728,1931.83,1937.93,1893.34,1896.53,746827200
19980729,1908.27,1915.04,1878.16,1881.49,679402200
19980730,1897.03,1919.64,1890.14,1919.58,687772200
19980731,1920.09,1920.66,1871.72,1872.39,688702200
19980803,1869.72,1870.65,1849.87,1851.10,609280200
19980804,1863.77,1869.82,1784.40,1785.64,850940700
19980805,1790.15,1804.60,1750.81,1788.20,839269200
19980806,1777.88,1829.51,1776.82,1829.51,727520400
19980807,1842.48,1864.90,1838.06,1846.77,754099800
19980810,1847.21,1850.10,1834.88,1839.21,508719300
19980811,1801.67,1801.67,1775.24,1792.70,681615600
19980812,1809.67,1826.49,1809.67,1825.53,663685200
19980813,1820.53,1831.49,1802.44,1802.54,591889200
19980814,1815.74,1818.00,1782.37,1790.19,622263000
19980817,1784.91,1818.12,1778.55,1818.04,582589200
19980818,1826.88,1858.22,1826.88,1855.12,699201900
19980819,1872.38,1874.31,1840.77,1842.69,684108000
19980820,1835.12,1843.20,1828.93,1832.45,605978700
19980821,1816.48,1816.48,1767.11,1797.61,730180200
19980824,1803.77,1815.24,1787.95,1790.82,547063200
19980825,1807.12,1818.03,1786.75,1798.17,639877200
19980826,1776.91,1783.49,1762.42,1768.13,637849800
19980827,1742.13,1742.13,1673.61,1686.41,892111800
19980828,1690.07,1699.21,1624.00,1639.68,842152200
19980831,1646.75,1655.19,1498.73,1499.25,933515400
19980901,1509.01,1577.51,1475.49,1575.09,1170572400
19980902,1590.02,1627.09,1590.02,1592.85,872619000
19980903,1572.44,1594.55,1552.27,1571.86,699592500
19980904,1586.33,1593.92,1543.86,1566.52,579771300
19980908,1566.52,1660.92,1566.52,1660.86,725706900
19980909,1658.50,1680.71,1624.55,1624.55,646508100
19980910,1624.54,1624.54,1568.23,1585.33,709515600
19980911,1599.80,1642.08,1585.28,1641.64,657249600
19980914,1660.31,1677.90,1641.64,1665.69,638649600
19980915,1658.65,1678.24,1651.91,1678.11,618291900
19980916,1684.03,1693.80,1672.32,1689.91,666624000
19980917,1646.19,1689.91,1637.05,1646.25,635813100
19980918,1658.08,1664.62,1644.46,1663.77,601858800
19980921,1630.11,1680.43,1615.33,1680.43,510263100
19980922,1693.53,1702.94,1680.43,1697.80,702317400
19980923,1711.67,1760.35,1697.81,1760.27,867485400
19980924,1753.19,1768.36,1713.77,1720.34,757094400
19980925,1705.49,1744.06,1697.64,1743.59,651213900
19980928,1757.90,1769.71,1725.65,1739.22,647912400
19980929,1745.40,1750.10,1719.95,1734.05,726990300
19980930,1716.71,1734.05,1686.10,1693.84,686116800
19981001,1663.30,1693.84,1606.61,1612.33,796972800
19981002,1609.45,1623.42,1569.06,1614.98,810448500
19981005,1591.17,1614.98,1511.15,1536.69,815777400
19981006,1570.50,1577.87,1500.60,1510.89,825077400
19981007,1504.58,1523.03,1449.06,1462.61,874413900
19981008,1420.94,1462.60,1343.87,1419.12,1124844300
19981009,1447.34,1493.54,1419.11,1492.49,830331900
19981012,1528.49,1560.25,1492.49,1546.08,711282600
19981013,1541.13,1547.05,1504.70,1509.45,617092200
19981014,1502.18,1553.00,1496.59,1540.97,697546500
19981015,1541.80,1611.43,1538.59,1611.01,782753100
19981016,1625.24,1634.74,1611.02,1620.95,908693700
19981019,1618.14,1649.54,1613.85,1648.73,782055600
19981020,1661.83,1688.16,1638.53,1639.19,1011226200
19981021,1657.75,1675.40,1635.59,1674.75,773276400
19981022,1672.03,1702.73,1659.67,1702.64,831420000
19981023,1699.19,1710.65,1690.31,1693.86,768803100
19981026,1706.18,1725.34,1693.86,1724.98,758480100
19981027,1740.84,1769.04,1717.22,1717.63,898296300
19981028,1710.28,1738.37,1708.40,1737.35,728952600
19981029,1734.96,1758.14,1729.29,1757.19,836665200
19981030,1768.70,1781.63,1766.05,1771.39,855609300
19981102,1783.71,1801.27,1771.40,1800.91,826909500
19981103,1798.28,1800.92,1779.38,1788.43,826770000
19981104,1807.88,1828.44,1788.21,1823.57,976918500
19981105,1812.69,1838.50,1808.08,1837.10,854604900
19981106,1834.80,1857.95,1833.75,1856.56,871995900
19981109,1857.65,1867.50,1843.98,1861.05,786528900
19981110,1859.23,1875.57,1847.01,1865.62,846746400
19981111,1888.22,1892.54,1859.36,1862.11,869875500
19981112,1853.24,1862.11,1843.54,1851.06,747999000
19981113,1843.67,1859.97,1842.52,1847.99,748036200
19981116,1868.44,1877.85,1844.07,1861.68,701387400
19981117,1857.60,1887.53,1845.81,1878.52,765808500
19981118,1878.26,1898.24,1848.19,1897.44,836172300
19981119,1904.00,1930.34,1897.42,1919.68,912962400
19981120,1935.65,1936.10,1915.75,1928.21,810067200
19981123,1937.82,1977.81,1928.20,1977.42,884467200
19981124,1972.91,1988.45,1965.38,1965.88,927033300
19981125,1973.64,1985.21,1957.98,1985.21,758452200
19981127,1994.91,2016.52,1985.21,2016.44,477024900
19981130,2023.66,2025.04,1949.54,1949.54,1029063600
19981201,1928.51,2003.88,1924.15,2003.75,954226500
19981202,1995.96,2005.79,1973.20,1995.21,913622700
19981203,1995.29,2012.79,1954.31,1954.33,967655700
19981204,1984.39,2003.16,1975.06,2003.16,828239400
19981207,2009.98,2040.88,2007.35,2040.64,753978900
19981208,2042.60,2060.98,2018.15,2034.75,854567700
19981209,2045.16,2052.71,2031.88,2050.42,795847500
19981210,2051.59,2058.37,2015.72,2015.96,809741700
19981211,2012.87,2035.03,2004.99,2029.31,728506200
19981214,2013.43,2029.36,1962.06,1966.92,690469200
19981215,1984.91,2012.65,1981.26,2012.60,713021700
19981216,2023.32,2027.19,1996.84,2009.36,782111400
19981217,2014.78,2043.89,2014.78,2043.88,736206600
19981218,2057.77,2086.14,2055.83,2086.14,838422900
19981221,2107.24,2143.81,2104.19,2138.03,891293400
19981222,2144.22,2144.61,2105.54,2120.98,843268200
19981223,2149.28,2172.57,2134.26,2172.54,897719700
19981224,2171.30,2171.30,2162.67,2163.04,412575900
19981228,2178.24,2190.11,2163.04,2180.30,801548400
19981229,2184.43,2186.15,2161.83,2181.77,847397400
19981230,2181.34,2196.64,2160.93,2166.95,855386100
19981231,2169.38,2200.63,2165.74,2192.69,824565900
19990104,2207.54,2233.57,2192.68,2208.05,871093800
19990105,2207.75,2251.77,2206.49,2251.27,881965500
19990106,2286.13,2320.95,2286.13,2320.86,1164964500
19990107,2293.27,2333.70,2284.24,2326.09,1116837000
19990108,2363.80,2369.55,2314.95,2344.41,1196621700
19990111,2373.97,2384.72,2348.24,2384.59,1061064900
19990112,2395.90,2396.30,2320.21,2320.75,1029789000
19990113,2222.28,2353.33,2205.69,2316.81,1111787100
19990114,2337.31,2338.29,2276.36,2276.82,941411100
19990115,2292.30,2348.72,2276.82,2348.20,931078800
19990119,2390.93,2408.43,2348.20,2408.17,983465700
19990120,2451.43,2474.38,2414.81,2415.49,1191311400
19990121,2403.52,2403.52,2335.75,2344.72,1007989800
19990122,2309.34,2365.11,2303.82,2338.88,943708200
19990125,2363.48,2369.69,2328.74,2369.31,809992800
19990126,2388.97,2434.37,2384.63,2433.41,958048800
19990127,2455.25,2464.12,2406.78,2407.14,962066400
19990128,2442.52,2477.47,2407.14,2477.34,942917700
19990129,2486.28,2506.68,2454.71,2505.89,983121600
19990201,2522.38,2533.44,2500.35,2510.09,890112300
19990202,2512.12,2512.12,2442.93,2463.42,896250300
19990203,2453.23,2493.58,2448.55,2493.41,983019300
19990204,2496.49,2496.52,2409.99,2410.07,1022246700
19990205,2419.93,2421.43,2346.82,2373.62,942778200
19990208,2405.31,2414.98,2358.05,2404.92,820055400
19990209,2403.95,2403.95,2310.64,2310.79,846095400
19990210,2304.25,2338.15,2289.90,2309.50,851526600
19990211,2339.02,2405.76,2326.19,2405.55,894436800
19990212,2375.99,2379.00,2319.74,2321.89,778930800
19990216,2361.22,2368.41,2300.52,2313.87,761893200
19990217,2277.58,2304.72,2242.27,2248.91,839585400
19990218,2269.03,2273.08,2224.21,2260.55,799716300
19990219,2276.61,2291.41,2260.55,2283.60,756536400
19990222,2293.33,2342.41,2275.60,2342.01,784464300
19990223,2360.68,2386.48,2342.01,2376.35,848262300
19990224,2389.75,2405.29,2338.90,2339.38,865913700
19990225,2329.39,2339.38,2286.91,2326.82,798591000
19990226,2320.49,2326.82,2277.18,2288.03,838088100
19990301,2286.83,2300.82,2264.32,2295.18,716844000
19990302,2303.62,2317.57,2257.07,2259.03,831438600
19990303,2274.04,2280.97,2235.19,2265.20,803873400
19990304,2286.29,2311.18,2250.63,2292.89,827169900
19990305,2329.58,2339.21,2292.89,2337.11,799056000
19990308,2357.32,2398.19,2353.74,2397.62,902797500
19990309,2396.52,2433.37,2385.52,2392.94,960597000
19990310,2407.10,2408.95,2378.81,2406.00,871103100
19990311,2419.12,2437.39,2391.55,2412.25,961229400
19990312,2411.48,2412.25,2362.87,2381.53,854121300
19990315,2392.54,2431.45,2375.83,2431.44,791876400
19990316,2437.98,2450.01,2423.81,2439.27,908805300
19990317,2440.22,2441.72,2419.85,2428.97,794517600
19990318,2425.36,2463.01,2423.54,2462.96,871809900
19990319,2480.39,2480.63,2420.21,2421.27,981038400
19990322,2428.39,2430.85,2395.29,2395.94,813006000
19990323,2388.04,2395.94,2319.96,2322.84,907680000
19990324,2326.63,2365.35,2305.64,2365.28,796563600
19990325,2399.72,2434.89,2399.72,2434.80,873725700
19990326,2425.05,2445.72,2410.46,2419.17,772960200
19990329,2442.59,2492.84,2419.17,2492.84,814866000
19990330,2492.17,2506.79,2477.62,2480.29,833382300
19990331,2508.34,2520.63,2458.77,2461.40,1024116000
19990401,2493.07,2502.46,2460.24,2493.37,789272400
19990405,2523.98,2560.10,2515.70,2560.06,909465600
19990406,2555.48,2582.37,2544.04,2563.17,1036010700
19990407,2594.78,2596.25,2511.39,2544.43,1183657500
19990408,2553.45,2573.97,2514.27,2573.39,1065668400
19990409,2574.98,2599.20,2561.51,2593.05,1014983400
19990412,2530.99,2606.24,2526.84,2598.81,1063296900
19990413,2626.85,2632.51,2575.05,2583.50,1247781000
19990414,2621.52,2628.19,2507.28,2507.28,1317056700
19990415,2535.19,2536.34,2443.02,2521.77,1147582800
19990416,2528.51,2528.51,2476.93,2484.04,955175100
19990419,2501.71,2501.71,2341.35,2345.61,1116920700
19990420,2355.26,2409.78,2329.87,2409.64,1063678200
19990421,2428.89,2489.84,2404.71,2489.08,1046510400
19990422,2551.13,2561.79,2525.26,2561.61,1032727800
19990423,2563.87,2603.10,2538.00,2590.69,976193100
19990426,2617.09,2661.51,2615.73,2652.05,976937100
19990427,2671.57,2677.76,2602.13,2602.41,1052769300
19990428,2601.13,2610.91,2544.90,2550.37,930762600
19990429,2544.93,2553.10,2500.75,2528.44,935254500
19990430,2565.87,2578.06,2488.40,2542.86,924847800
19990503,2546.33,2549.10,2512.37,2535.58,805389300
19990504,2535.81,2557.21,2482.49,2485.12,857208900
19990505,2498.15,2534.45,2430.65,2534.45,966018900
19990506,2532.41,2546.36,2464.57,2472.28,845965200
19990507,2499.53,2507.72,2462.27,2503.62,806356500
19990510,2516.84,2536.11,2500.74,2526.39,772950900
19990511,2553.02,2574.37,2542.42,2566.68,887861700
19990512,2584.57,2610.33,2548.24,2606.54,960225000
19990513,2621.74,2632.74,2581.75,2582.00,994690800
19990514,2549.33,2558.59,2519.53,2527.86,870805500
19990517,2517.26,2561.85,2494.51,2561.84,732542400
19990518,2569.59,2576.43,2543.32,2558.36,801753000
19990519,2568.44,2577.93,2540.38,2577.40,896845500
19990520,2585.46,2587.33,2542.23,2542.23,934436100
19990521,2551.42,2553.76,2509.24,2520.14,827076900
19990524,2529.30,2529.30,2444.89,2453.66,855488400
19990525,2454.63,2466.17,2379.61,2380.90,975114300
19990526,2407.86,2427.18,2339.12,2427.18,1022460600
19990527,2421.10,2440.08,2400.94,2419.15,775982700
19990528,2427.83,2470.64,2412.11,2470.52,633860100
19990601,2467.51,2470.53,2411.97,2412.03,691622400
19990602,2411.32,2436.57,2364.59,2432.41,832889400
19990603,2440.75,2444.04,2402.29,2403.32,761958300
19990604,2419.46,2478.34,2419.46,2478.34,823691700
19990607,2490.83,2528.05,2478.34,2524.21,813536100
19990608,2526.11,2534.48,2472.05,2474.56,788379600
19990609,2495.12,2519.57,2491.71,2519.35,782799600
19990610,2504.24,2523.49,2468.58,2484.62,740661300
19990611,2495.59,2506.19,2442.87,2447.88,702261600
19990614,2453.23,2456.17,2397.12,2398.31,776987100
19990615,2403.47,2434.52,2397.40,2414.67,778428600
19990616,2465.01,2517.85,2414.66,2517.83,954672900
19990617,2500.35,2549.99,2494.28,2544.15,829913400
19990618,2524.81,2564.44,2524.81,2563.44,909642300
19990621,2578.20,2630.28,2563.44,2630.28,840608400
19990622,2618.34,2642.36,2580.26,2580.26,932101800
19990623,2569.40,2598.13,2557.46,2598.12,884030100
19990624,2596.71,2598.13,2550.14,2553.99,847908900
19990625,2573.00,2587.15,2542.36,2552.65,714137700
19990628,2568.47,2602.45,2554.95,2602.44,708567000
19990629,2602.98,2642.11,2594.32,2642.11,885536700
19990630,2639.79,2696.87,2621.06,2686.12,1235095800
19990701,2692.96,2711.76,2658.26,2706.18,1016573700
19990702,2712.90,2741.02,2711.88,2741.02,790518600
19990706,2760.01,2787.17,2733.63,2736.78,1056126600
19990707,2742.33,2748.82,2724.37,2743.04,961387500
19990708,2744.48,2775.52,2731.12,2771.86,974993400
19990709,2785.34,2793.26,2767.37,2793.07,862277400
19990712,2805.08,2812.35,2774.77,2790.44,912674100
19990713,2768.82,2782.25,2755.84,2778.23,925712700
19990714,2796.62,2818.14,2771.21,2818.13,996113700
19990715,2828.61,2840.03,2813.52,2839.37,1040967600
19990716,2851.52,2871.90,2839.37,2864.48,979252800
19990719,2874.61,2874.92,2829.89,2830.29,879733500
19990720,2806.37,2806.37,2728.81,2732.18,1005599700
19990721,2742.83,2769.60,2728.37,2761.77,947744400
19990722,2749.05,2749.05,2679.35,2684.44,965916600
19990723,2700.86,2708.87,2668.43,2692.40,857497200
19990726,2656.30,2666.66,2619.08,2619.19,784780500
19990727,2658.26,2685.04,2650.18,2679.33,927693600
19990728,2684.04,2709.76,2660.62,2705.84,897338400
19990729,2663.96,2705.84,2627.80,2640.01,852810000
19990730,2657.83,2676.45,2631.87,2638.49,815851800
19990802,2638.31,2670.81,2617.22,2623.63,701424600
19990803,2647.81,2649.21,2564.25,2587.99,942555000
19990804,2590.20,2604.11,2538.88,2540.00,896678100
19990805,2539.24,2565.83,2474.41,2565.83,1085412300
19990806,2552.03,2592.33,2535.63,2547.97,756768900
19990809,2562.05,2563.72,2517.46,2518.98,695835300
19990810,2513.14,2521.65,2442.22,2490.11,909753900
19990811,2532.54,2565.15,2490.11,2564.98,847657800
19990812,2567.21,2586.10,2548.51,2549.49,852596100
19990813,2590.17,2637.82,2590.17,2637.81,868824600
19990816,2644.67,2661.15,2623.05,2645.28,726860100
19990817,2674.47,2680.00,2631.34,2671.23,835502700
19990818,2671.13,2683.15,2657.39,2657.73,972119700
19990819,2637.74,2657.74,2612.28,2621.43,807500400
19990820,2635.05,2648.41,2620.21,2648.33,739480200
19990823,2670.70,2719.91,2648.33,2719.57,851535900
19990824,2708.80,2777.00,2708.06,2752.37,959908800
19990825,2772.82,2810.10,2750.72,2805.60,963433500
19990826,2808.42,2819.90,2774.11,2774.62,1023055800
19990827,2792.47,2795.18,2752.48,2758.90,749663700
19990830,2763.83,2769.07,2703.10,2712.69,740224200
19990831,2717.26,2739.90,2671.67,2739.35,902648700
19990901,2752.33,2768.55,2739.11,2750.80,854976900
19990902,2716.15,2750.82,2698.18,2734.24,777628800
19990903,2793.66,2843.11,2734.24,2843.11,846681300
19990907,2840.12,2860.16,2833.02,2837.26,847443900
19990908,2824.02,2851.12,2806.60,2808.74,935533500
19990909,2826.60,2852.04,2807.95,2852.02,957872100
19990910,2880.73,2897.53,2855.28,2887.06,1050369900
19990913,2879.78,2883.36,2844.76,2844.77,915529200
19990914,2843.53,2870.26,2837.93,2868.29,942090000
19990915,2887.23,2888.90,2813.25,2814.17,984916500
19990916,2820.84,2820.84,2756.03,2806.72,893088300
19990917,2825.86,2869.65,2824.19,2869.62,934705800
19990920,2877.53,2890.72,2858.79,2886.15,747106200
19990921,2863.56,2863.56,2819.69,2821.10,963396300
19990922,2832.10,2858.19,2802.18,2858.16,957788400
19990923,2879.90,2880.10,2741.94,2749.83,1088685900
19990924,2728.23,2746.78,2684.70,2740.41,1071360000
19990927,2781.42,2794.16,2758.96,2761.75,876348300
19990928,2752.24,2763.75,2694.74,2756.25,1026162000
19990929,2756.25,2772.43,2728.90,2730.27,1042632300
19990930,2744.35,2765.41,2717.89,2746.16,1125830100
19991001,2729.04,2739.77,2698.01,2736.85,905457300
19991004,2751.54,2795.99,2747.69,2795.97,850633800
19991005,2795.97,2833.96,2765.37,2799.67,1109731800
19991006,2822.60,2857.43,2822.60,2857.21,1088146500
19991007,2874.75,2886.20,2847.18,2860.70,1131707700
19991008,2861.72,2886.59,2825.86,2886.57,962577900
19991011,2890.73,2920.73,2890.54,2915.95,812131800
19991012,2921.41,2923.32,2869.44,2872.43,933803700
19991013,2834.94,2864.22,2787.86,2801.27,934389600
19991014,2816.02,2821.69,2766.46,2806.84,944405700
19991015,2748.10,2763.04,2704.28,2731.83,999508200
19991018,2726.30,2730.49,2632.01,2689.15,927535500
19991019,2725.57,2729.30,2674.90,2688.18,1016592300
19991020,2745.62,2788.13,2728.00,2788.13,979941000
19991021,2727.74,2805.07,2724.74,2801.95,1044594600
19991022,2827.23,2843.60,2807.54,2816.52,1093029000
19991025,2813.29,2832.66,2793.54,2815.95,867866700
19991026,2851.99,2859.92,2811.20,2811.47,992700600
19991027,2811.94,2812.50,2768.87,2802.52,1000066200
19991028,2832.81,2875.48,2830.08,2875.22,1161718800
19991029,2919.37,2978.63,2919.37,2966.43,1340483400
19991101,2970.93,2997.90,2967.63,2967.65,1000754400
19991102,2984.43,3014.84,2971.68,2981.63,1161142200
19991103,3021.53,3040.94,3011.94,3028.51,1245316500
19991104,3067.08,3077.41,3030.31,3055.95,1269087300
19991105,3100.13,3118.06,3081.46,3102.29,1252077600
19991108,3072.04,3148.20,3068.86,3143.97,1209744000
19991109,3172.99,3174.81,3099.22,3125.04,1367490600
19991110,3126.09,3186.57,3122.04,3155.96,1332922500
19991111,3186.41,3201.38,3169.04,3197.29,1286041200
19991112,3220.98,3222.99,3124.77,3221.15,1310435100
19991115,3230.26,3236.35,3214.58,3219.54,1193506200
19991116,3242.92,3295.52,3235.20,3295.52,1382891400
19991117,3308.88,3324.24,3268.85,3269.39,1536964500
19991118,3301.49,3347.11,3288.68,3347.11,1481415600
19991119,3351.75,3373.00,3335.63,3369.25,1322785500
19991122,3399.06,3400.23,3357.68,3392.56,1278526800
19991123,3408.68,3411.23,3320.67,3342.87,1354368300
19991124,3351.66,3420.50,3328.03,3420.50,1200211500
19991126,3455.14,3469.35,3444.13,3447.81,679625400
19991129,3458.13,3468.32,3421.36,3421.37,1435687500
19991130,3424.61,3424.61,3326.53,3336.16,1440272400
19991201,3341.10,3375.80,3321.57,3353.71,1333908300
19991202,3371.85,3452.78,3371.85,3452.78,1356098100
19991203,3507.30,3553.56,3507.30,3520.63,1431325800
19991206,3531.24,3570.91,3507.72,3546.01,1277103900
19991207,3573.30,3589.06,3532.41,3586.92,1455078000
19991208,3588.82,3625.47,3579.51,3586.08,1559256600
19991209,3643.57,3647.55,3514.91,3594.17,1662440100
19991210,3633.55,3636.65,3560.91,3620.24,1482457200
19991213,3624.67,3668.16,3597.98,3658.17,1472059800
19991214,3669.21,3669.85,3571.26,3571.66,1484661300
19991215,3546.73,3621.98,3503.70,3621.95,1532909700
19991216,3669.23,3715.25,3666.23,3715.06,1330188300
19991217,3792.23,3796.80,3742.68,3753.06,1462620300
19991220,3782.06,3801.93,3747.79,3783.87,1231738500
19991221,3798.25,3911.17,3785.78,3911.15,1382891400
19991222,3935.49,3948.48,3878.06,3937.30,1370420100
19991223,3966.46,4001.63,3958.17,3969.44,1183592400
19991227,4001.90,4001.90,3902.35,3975.38,1073824500
19991228,3977.88,4022.51,3943.04,3972.11,1150530900
19991229,3990.54,4041.54,3987.88,4041.46,1077339900
19991230,4079.03,4090.61,4026.19,4036.87,1029658800
19991231,4056.99,4082.37,4032.33,4069.31,709571400
20000103,4186.19,4192.19,3989.71,4131.15,1404365100
20000104,4020.00,4073.25,3898.23,3901.69,1406011200
20000105,3854.35,3924.21,3734.87,3877.54,1614173100
20000106,3834.44,3868.76,3715.62,3727.13,1486437600
20000107,3711.09,3882.67,3711.09,3882.62,1520484900
20000110,4002.23,4072.36,3958.83,4049.67,1573290300
20000111,4031.38,4066.66,3904.82,3921.19,1575847800
20000112,3950.95,3950.98,3834.53,3850.02,1419087000
20000113,3915.14,3957.47,3858.22,3957.21,1373582100
20000114,4045.72,4091.95,4045.72,4064.27,1540665900
20000118,4059.65,4148.00,4053.21,4130.81,1474263900
20000119,4116.27,4164.65,4084.73,4151.29,1536555300
20000120,4205.06,4227.35,4143.61,4189.51,1721709000
20000121,4236.65,4238.00,4168.30,4235.40,1789022400
20000124,4290.38,4303.15,4095.31,4096.08,1849816500
20000125,4124.75,4167.63,4028.51,4167.41,1621575900
20000126,4174.72,4174.72,4069.91,4069.91,1596810000
20000127,4120.50,4140.09,3973.59,4039.56,1672567800
20000128,4010.14,4048.31,3856.23,3887.07,1503224100
20000131,3873.84,3940.46,3748.03,3940.35,1402095900
20000201,3961.07,4053.16,3911.84,4051.98,1300363200
20000202,4059.03,4125.75,4051.44,4073.96,1420928400
20000203,4134.65,4211.06,4085.53,4210.98,1601766900
20000204,4242.15,4294.84,4229.20,4244.14,1628848500
20000207,4274.03,4321.96,4244.74,4321.77,1511752200
20000208,4370.01,4428.48,4370.01,4427.50,1833197400
20000209,4460.18,4460.76,4362.74,4363.24,1651298700
20000210,4390.16,4485.67,4357.69,4485.63,1686638700
20000211,4489.33,4489.79,4360.54,4395.45,1616888700
20000214,4434.38,4435.96,4355.54,4418.55,1488790500
20000215,4415.52,4440.62,4291.10,4420.77,1589304900
20000216,4427.19,4477.64,4413.66,4427.65,1657380900
20000217,4483.01,4553.14,4444.75,4548.92,1867849200
20000218,4563.72,4564.45,4404.61,4411.74,1765521300
20000222,4432.83,4443.94,4291.01,4382.12,1648229700
20000223,4406.88,4567.97,4401.38,4550.33,1760304000
20000224,4583.89,4620.03,4495.20,4617.65,1807966500
20000225,4618.83,4662.93,4576.19,4590.50,1697715000
20000228,4575.07,4626.72,4466.42,4577.85,1672205100
20000229,4646.64,4698.46,4637.17,4696.69,1942621200
20000301,4732.82,4796.90,4732.82,4784.08,2076076200
20000302,4816.81,4829.01,4705.45,4754.51,1987484400
20000303,4846.01,4914.79,4813.82,4914.79,1986972900
20000306,4935.65,4980.15,4887.88,4904.85,1874489400
20000307,4991.97,5006.78,4829.88,4847.84,2005461300
20000308,4920.86,4923.14,4722.14,4897.26,1878720900
20000309,4913.08,5047.96,4857.57,5046.86,1866333300
20000310,5060.34,5132.52,5039.35,5048.62,1852718100
20000313,4879.03,5027.73,4839.26,4907.24,1614731100
20000314,4997.31,5013.49,4706.61,4706.63,1839372600
20000315,4758.44,4758.44,4553.92,4582.62,1802154000
20000316,4658.44,4717.76,4455.10,4717.39,1898604300
20000317,4702.03,4805.94,4702.03,4798.13,1573122900
20000320,4812.14,4822.70,4610.00,4610.00,1432069800
20000321,4589.52,4712.24,4467.53,4711.68,1630578300
20000322,4750.54,4900.42,4736.90,4864.75,1645644300
20000323,4874.17,4975.66,4865.10,4940.61,1594168800
20000324,4986.54,5078.86,4902.83,4963.03,1570742100
20000327,4994.42,5022.23,4946.61,4958.56,1283753400
20000328,4939.05,4952.93,4833.89,4833.89,1385783700
20000329,4860.02,4860.02,4641.01,4644.67,1616591100
20000330,4540.44,4683.88,4355.69,4457.89,1791049800
20000331,4550.21,4606.48,4381.38,4572.83,1969833000
20000403,4494.89,4572.84,4193.10,4223.68,1618125600
20000404,4283.45,4283.45,3649.11,4148.89,2686863000
20000405,4025.90,4286.88,4009.09,4169.22,1811361000
20000406,4266.80,4324.09,4196.51,4267.56,1624198500
20000407,4354.13,4446.45,4323.18,4446.45,1453989900
20000410,4475.20,4475.20,4188.17,4188.20,1344910200
20000411,4094.61,4182.96,4009.52,4055.90,1561832700
20000412,4050.32,4077.92,3769.17,3769.63,1786613700
20000413,3839.56,3914.68,3676.67,3676.78,1814895000
20000414,3597.44,3615.64,3265.98,3321.29,2376875400
20000417,3232.94,3539.77,3227.04,3539.16,2309031900
20000418,3596.15,3794.97,3563.83,3793.57,2002029600
20000419,3832.65,3851.56,3698.33,3706.41,1637051100
20000420,3735.08,3751.33,3599.68,3643.88,1323138900
20000424,3466.69,3496.82,3345.25,3482.48,1432860300
20000425,3592.73,3711.57,3583.92,3711.23,1509306300
20000426,3728.99,3777.08,3629.36,3630.09,1481331900
20000427,3519.13,3774.11,3513.76,3774.03,1440346800
20000428,3830.61,3873.85,3810.06,3860.66,1472850300
20000501,3930.18,3982.38,3899.71,3958.08,1395567300
20000502,3927.92,3948.63,3784.54,3785.45,1337377200
20000503,3755.30,3759.21,3592.79,3707.31,1376446500
20000504,3723.27,3762.47,3679.43,3720.24,1197700500
20000505,3694.28,3818.40,3694.28,3816.82,1113479700
20000508,3758.46,3765.22,3669.11,3669.38,1062720300
20000509,3704.85,3708.74,3540.82,3585.01,1352945400
20000510,3525.02,3531.48,3367.06,3384.73,1469502300
20000511,3450.06,3502.53,3389.87,3499.58,1274313900
20000512,3546.24,3619.69,3523.20,3529.06,1134637200
20000515,3533.21,3607.77,3445.13,3607.65,1074903300
20000516,3674.89,3729.12,3626.99,3717.57,1390601100
20000517,3649.54,3690.82,3616.27,3644.96,1141463400
20000518,3660.24,3663.84,3538.71,3538.71,1170507300
20000519,3480.63,3506.18,3381.73,3390.40,1271244900
20000522,3390.95,3390.95,3172.65,3364.21,1502396400
20000523,3346.66,3389.60,3163.97,3164.55,1237309200
20000524,3155.14,3276.19,3042.66,3270.61,1941821400
20000525,3308.51,3365.84,3194.59,3205.35,1452511200
20000526,3215.28,3256.63,3150.78,3205.11,994579200
20000530,3286.54,3460.24,3286.54,3459.48,1355344800
20000531,3428.25,3501.51,3399.62,3400.91,1426368900
20000601,3471.95,3583.27,3459.85,3582.50,1469623200
20000602,3728.95,3814.50,3728.95,3813.38,1769985300
20000605,3773.24,3875.66,3765.60,3821.76,1354042800
20000606,3825.98,3884.01,3749.18,3756.37,1490845800
20000607,3766.55,3839.37,3725.87,3839.26,1331034600
20000608,3886.04,3890.02,3797.41,3825.56,1301302500
20000609,3892.75,3893.67,3847.71,3874.84,1179909600
20000612,3892.05,3892.05,3767.88,3767.91,1191330000
20000613,3743.91,3851.43,3695.35,3851.06,1300874700
20000614,3875.04,3883.34,3797.00,3797.41,1302279000
20000615,3802.19,3849.94,3763.74,3845.74,1326765900
20000616,3877.07,3883.15,3822.34,3860.56,1396106700
20000619,3818.65,3990.79,3818.65,3989.83,1312602000
20000620,4003.09,4050.58,3982.23,4013.36,1575903600
20000621,3965.37,4073.16,3961.30,4064.01,1433967000
20000622,4073.73,4073.73,3936.84,3936.84,1524772200
20000623,3950.05,3957.68,3830.23,3845.34,1250812800
20000626,3884.65,3935.12,3852.41,3912.12,1224772800
20000627,3904.40,3945.75,3858.95,3858.96,1372698600
20000628,3877.77,3974.48,3872.17,3940.34,1543920900
20000629,3900.29,3929.10,3838.85,3877.23,1442420700
20000630,3889.51,3967.49,3889.33,3966.11,1921742700
20000703,3950.59,3995.85,3942.93,3991.93,558753300
20000705,3949.76,3950.19,3859.20,3863.10,1248618000
20000706,3872.91,3961.10,3820.34,3960.57,1378706400
20000707,3978.38,4054.05,3960.81,4023.20,1382426400
20000710,3993.62,4028.54,3976.20,3980.29,1298233500
20000711,3970.42,4029.30,3936.75,3956.42,1594485000
20000712,4024.59,4103.65,4001.73,4099.59,1651661400
20000713,4128.81,4193.24,4111.16,4174.86,1749850800
20000714,4221.80,4252.22,4174.60,4246.18,1561107300
20000717,4243.55,4289.06,4215.86,4274.67,1473585000
20000718,4233.49,4237.85,4161.89,4177.17,1396832100
20000719,4154.37,4159.39,4047.43,4055.63,1344138300
20000720,4106.63,4184.56,4106.63,4184.56,1599488400
20000721,4154.00,4163.34,4093.76,4094.45,1437724200
20000724,4109.65,4125.80,3976.51,3981.57,1358441700
20000725,4015.41,4034.80,3955.36,4029.57,1368030000
20000726,3998.03,4002.70,3906.55,3987.72,1631926800
20000727,3938.14,3954.96,3841.62,3842.23,1665723000
20000728,3855.10,3867.80,3642.28,3663.00,1645551300
20000731,3692.43,3767.89,3615.79,3766.99,1406699400
20000801,3760.95,3766.92,3682.45,3685.52,1247557800
20000802,3684.12,3753.95,3651.81,3658.46,1373442600
20000803,3554.68,3761.07,3521.14,3759.88,1700839800
20000804,3812.31,3846.98,3751.22,3787.36,1338130500
20000807,3819.38,3870.26,3795.61,3862.99,1227302400
20000808,3850.87,3893.05,3839.58,3848.55,1359278700
20000809,3915.26,3936.46,3849.77,3853.50,1411414500
20000810,3843.58,3847.29,3759.99,3759.99,1255193100
20000811,3741.62,3789.98,3686.86,3789.47,1239931800
20000814,3804.69,3850.27,3767.37,3849.69,1145815800
20000815,3846.83,3888.92,3831.96,3851.66,1258866600
20000816,3878.58,3914.84,3844.17,3861.20,1303283400
20000817,3858.88,3947.05,3857.75,3940.87,1339544100
20000818,3958.70,3980.26,3925.95,3930.34,1346565600
20000821,3966.23,3985.62,3917.94,3953.15,1180476900
20000822,3970.16,4011.15,3957.85,3958.21,1314266700
20000823,3935.51,4011.76,3902.11,4011.01,1359464700
20000824,4020.99,4055.44,4004.77,4053.28,1438663500
20000825,4049.84,4083.12,4025.59,4042.68,1195812600
20000828,4049.18,4097.33,4048.01,4070.59,1276899300
20000829,4074.21,4093.88,4056.26,4082.17,1385207100
20000830,4076.50,4115.99,4065.82,4103.81,1429428600
20000831,4127.19,4208.73,4127.19,4206.35,1769929500
20000901,4252.15,4259.87,4192.89,4234.33,1369834200
20000905,4205.94,4206.51,4143.18,4143.18,1551351600
20000906,4136.84,4136.84,4013.34,4013.34,1634186700
20000907,4047.02,4105.54,4035.12,4098.35,1520187300
20000908,4081.96,4081.96,3977.47,3978.41,1402951500
20000911,3961.16,4008.46,3880.69,3896.35,1379813100
20000912,3925.42,3958.36,3834.34,3849.51,1484875200
20000913,3794.92,3895.81,3794.29,3893.89,1540591500
20000914,3963.10,3984.33,3897.18,3913.86,1580516400
20000915,3905.09,3905.09,3806.88,3835.23,1653112200
20000918,3838.63,3862.32,3702.54,3726.52,1500992100
20000919,3766.04,3865.85,3740.65,3865.64,1587882000
20000920,3863.08,3913.87,3795.08,3897.44,1675897200
20000921,3864.60,3892.40,3813.12,3828.87,1502889300
20000922,3616.16,3803.76,3614.66,3803.76,2012836200
20000925,3852.53,3868.11,3737.50,3741.22,1650452400
20000926,3762.65,3795.79,3677.73,3689.10,1698087000
20000927,3740.62,3750.61,3622.66,3656.30,1811826000
20000928,3638.94,3778.38,3626.55,3778.32,1861348500
20000929,3749.27,3751.33,3670.31,3672.82,1876786500
20001002,3714.48,3714.48,3559.84,3568.90,1673274600
20001003,3624.93,3639.29,3454.65,3455.83,1821721200
20001004,3440.60,3532.43,3382.53,3523.10,1980276900
20001005,3499.96,3549.01,3459.58,3472.10,1741852800
20001006,3477.70,3505.81,3314.91,3361.01,1739741700
20001009,3352.15,3376.92,3233.19,3355.56,1337126100
20001010,3326.89,3383.40,3229.01,3240.54,1743219900
20001011,3152.33,3258.24,3103.53,3168.49,2176618500
20001012,3241.26,3249.11,3071.25,3074.68,1979653800
20001013,3054.55,3316.97,3054.55,3316.77,1925797500
20001016,3315.48,3339.85,3262.37,3290.28,1663398000
20001017,3335.40,3348.61,3173.68,3213.96,1801214700
20001018,3106.95,3257.81,3026.11,3171.56,2343525600
20001019,3330.25,3423.45,3314.89,3418.60,2179427100
20001020,3402.96,3535.11,3401.88,3483.14,2019485700
20001023,3483.38,3523.69,3432.44,3468.69,1571802300
20001024,3495.45,3526.71,3401.05,3419.79,1749199800
20001025,3347.24,3376.33,3210.74,3229.57,2018964900
20001026,3245.40,3286.29,3081.36,3272.18,2132015700
20001027,3320.69,3362.26,3231.63,3278.36,1825952700
20001030,3243.88,3279.72,3149.24,3191.40,1619539200
20001031,3223.44,3379.08,3223.44,3369.63,1996170600
20001101,3316.51,3396.72,3289.46,3333.39,1882673400
20001102,3387.28,3433.16,3370.02,3429.02,2071035600
20001103,3447.32,3468.59,3401.77,3451.58,1716966000
20001106,3469.35,3480.01,3412.98,3416.21,1495923600
20001107,3399.28,3435.13,3360.26,3415.79,1581111600
20001108,3426.29,3429.12,3231.28,3231.70,1560540000
20001109,3174.90,3230.00,3087.06,3200.35,1806776100
20001110,3122.11,3141.35,3028.92,3028.99,1655334900
20001113,2956.09,3063.31,2859.39,2966.72,1904946900
20001114,3069.81,3145.30,3059.88,3138.27,1660338300
20001115,3137.61,3208.95,3104.57,3165.49,1586524200
20001116,3121.80,3175.63,3031.76,3031.88,1417050300
20001117,3044.45,3090.97,2967.17,3027.19,1637590500
20001120,2943.11,2949.50,2860.49,2875.64,1596149700
20001121,2892.03,2921.80,2845.17,2871.45,1626923400
20001122,2828.14,2872.64,2754.14,2755.34,1753170900
20001124,2823.48,2904.46,2820.91,2904.38,726888000
20001127,2979.93,2998.75,2874.71,2880.49,1587110100
20001128,2873.73,2891.40,2734.46,2734.98,1785572100
20001129,2748.18,2770.18,2642.89,2706.93,1911819600
20001130,2599.04,2641.75,2523.04,2597.93,2544731100
20001201,2644.09,2749.06,2604.27,2645.29,2066432100
20001204,2662.56,2671.18,2567.18,2615.75,1730246400
20001205,2702.72,2889.80,2694.41,2889.80,2301443100
20001206,2878.87,2916.20,2781.24,2796.50,2146700400
20001207,2748.29,2794.53,2707.96,2752.66,1633833300
20001208,2857.93,2929.95,2844.93,2917.43,2165644500
20001211,2936.60,3028.75,2901.48,3015.10,2276416800
20001212,2994.06,3002.53,2930.99,2931.77,1784697900
20001213,2996.57,3001.72,2814.13,2822.77,1899292500
20001214,2820.48,2847.37,2727.26,2728.51,1646695200
20001215,2688.66,2697.93,2596.03,2653.27,2576741700
20001218,2698.72,2726.20,2597.47,2624.52,1921370700
20001219,2617.06,2696.61,2509.76,2511.71,2154996000
20001220,2410.96,2432.83,2312.51,2332.78,2655289500
20001221,2310.21,2423.71,2288.16,2340.12,2498882100
20001222,2397.67,2517.93,2397.67,2517.02,2078931300
20001226,2518.29,2548.75,2436.19,2493.52,1449591000
20001227,2471.33,2539.52,2450.22,2539.35,1862464500
20001228,2517.90,2571.52,2514.56,2557.76,2038680900
20001229,2552.68,2577.02,2456.54,2470.52,2354536800
20010102,2474.16,2474.16,2273.07,2291.86,1784604900
20010103,2254.56,2618.03,2251.71,2616.69,2964840000
20010104,2593.96,2644.80,2549.83,2566.83,2427932400
20010105,2573.11,2574.62,2395.39,2407.65,1957343100
20010108,2388.72,2397.06,2299.65,2395.92,1721048700
20010109,2424.69,2474.16,2406.08,2441.30,1836870900
20010110,2392.71,2525.28,2376.49,2524.18,2297425500
20010111,2495.59,2661.93,2495.01,2640.57,2643655200
20010112,2639.56,2699.87,2589.63,2626.50,2342530500
20010116,2631.49,2638.22,2576.95,2618.55,1928764200
20010117,2710.53,2756.63,2668.48,2682.78,2621846700
20010118,2696.74,2769.98,2661.26,2768.49,2379600300
20010119,2838.36,2841.25,2752.06,2770.38,2508386700
20010122,2759.10,2789.63,2722.96,2757.91,1894540200
20010123,2759.26,2845.39,2736.28,2840.39,2118977100
20010124,2850.74,2892.36,2828.32,2859.15,2387607600
20010125,2836.35,2849.56,2753.37,2754.28,2137279500
20010126,2705.39,2785.62,2686.65,2781.30,2109984000
20010129,2757.29,2840.02,2742.50,2838.34,1832220900
20010130,2845.01,2861.71,2817.13,2838.35,1928438700
20010131,2848.11,2872.47,2772.35,2772.73,2117898300
20010201,2771.57,2796.89,2742.44,2782.79,1651921800
20010202,2782.93,2791.58,2660.11,2660.50,1587417000
20010205,2639.65,2656.02,2596.73,2643.21,1533346800
20010206,2641.91,2705.59,2640.23,2664.49,1663695600
20010207,2615.94,2636.07,2554.76,2607.82,1912935600
20010208,2625.78,2651.84,2562.02,2562.06,1722694800
20010209,2542.24,2542.62,2455.87,2470.97,1750176300
20010212,2458.65,2508.27,2435.36,2489.66,1628634600
20010213,2510.84,2554.65,2427.47,2427.72,1607551500
20010214,2437.68,2493.11,2388.40,2491.40,1848235500
20010215,2536.63,2593.09,2536.63,2552.91,1959444900
20010216,2444.60,2457.65,2397.43,2425.38,1759746000
20010220,2439.57,2442.99,2317.77,2318.35,1746856200
20010221,2281.79,2353.51,2257.15,2268.94,1878358200
20010222,2272.13,2291.69,2185.91,2244.96,2309627100
20010223,2221.27,2264.68,2156.29,2262.51,2081256300
20010226,2287.88,2309.73,2238.64,2308.50,1617325800
20010227,2286.64,2300.18,2206.72,2207.82,1681942200
20010228,2223.88,2238.06,2127.50,2151.83,1936911000
20010301,2126.30,2184.41,2071.03,2183.37,2098898400
20010302,2111.23,2197.85,2091.55,2117.63,2207913000
20010305,2142.75,2163.09,2127.96,2142.92,1391047500
20010306,2204.30,2243.78,2202.70,2204.43,1847333400
20010307,2241.23,2243.75,2202.14,2223.92,1650201300
20010308,2211.30,2219.87,2161.41,2168.73,1636000200
20010309,2124.11,2124.11,2041.78,2052.78,1824771600
20010312,2001.68,2004.09,1922.78,1923.38,1999332600
20010313,1948.70,2015.35,1932.63,2014.78,1949670600
20010314,1948.56,2028.53,1933.40,1972.09,1996914600
20010315,2023.79,2030.73,1939.38,1940.71,1826306100
20010316,1914.58,1940.71,1877.69,1890.91,1955111100
20010319,1901.45,1953.08,1867.58,1951.18,1650350100
20010320,1964.45,1974.14,1857.41,1857.44,1875345000
20010321,1862.74,1896.21,1820.75,1830.23,1961546700
20010322,1845.34,1898.10,1794.21,1897.70,2329436100
20010323,1938.91,1952.92,1891.99,1928.68,2124640800
20010326,1957.71,1960.68,1909.42,1918.49,1599246600
20010327,1922.70,1979.75,1907.16,1972.26,1814811300
20010328,1925.30,1925.30,1852.96,1854.13,1927201800
20010329,1838.44,1876.74,1802.76,1820.57,1933516500
20010330,1830.42,1855.58,1794.30,1840.26,1989316500
20010402,1835.22,1852.49,1769.66,1782.97,1718965500
20010403,1758.18,1759.01,1660.92,1673.00,2393271300
20010404,1668.37,1698.21,1619.58,1638.80,2292887100
20010405,1709.91,1785.73,1706.10,1785.00,2169690000
20010406,1756.11,1756.11,1700.20,1720.36,1707219600
20010409,1739.66,1757.38,1710.76,1745.71,1347411900
20010410,1771.68,1868.10,1771.68,1852.03,2049217800
20010411,1929.93,1948.08,1884.95,1898.95,2205969300
20010412,1881.19,1961.57,1868.76,1961.43,1769604000
20010416,1934.70,1946.92,1891.88,1909.57,1461876300
20010417,1872.35,1941.57,1869.34,1923.22,1767539400
20010418,2005.06,2129.31,1995.91,2079.44,2971954500
20010419,2100.88,2182.14,2082.24,2182.14,2593649100
20010420,2171.90,2202.86,2135.32,2163.41,2366310600
20010423,2118.36,2118.77,2046.84,2059.32,1716435900
20010424,2055.32,2095.89,2012.37,2016.61,1844496900
20010425,2013.42,2066.97,2000.83,2059.80,1840414200
20010426,2086.04,2095.83,2032.38,2034.88,1886784000
20010427,2070.24,2082.65,2046.71,2075.68,1675488000
20010430,2113.11,2159.08,2097.58,2116.24,1885277400
20010501,2116.24,2168.42,2088.61,2168.24,1787943600
20010502,2205.25,2232.66,2175.13,2220.60,2403250200
20010503,2183.07,2183.07,2129.07,2146.20,1870118400
20010504,2102.61,2191.93,2089.23,2191.53,1913112300
20010507,2194.04,2215.37,2166.51,2173.57,1627128000
20010508,2209.01,2210.45,2165.37,2198.77,1759820400
20010509,2162.30,2189.03,2141.43,2156.63,1667973600
20010510,2195.52,2197.03,2128.69,2128.86,1619771700
20010511,2130.74,2140.37,2097.36,2107.43,1330764900
20010514,2105.36,2105.38,2052.41,2081.92,1244842200
20010515,2086.98,2125.32,2077.50,2085.58,1590876600
20010516,2067.60,2171.22,2057.99,2166.43,1933079400
20010517,2170.01,2216.36,2167.72,2193.69,2003508300
20010518,2182.56,2205.65,2172.48,2198.89,1667136600
20010521,2201.45,2305.73,2198.14,2305.59,2149676400
20010522,2319.18,2328.05,2291.91,2313.83,2152764000
20010523,2299.75,2299.75,2243.46,2243.46,1754714700
20010524,2250.04,2282.19,2226.26,2282.02,1734050100
20010525,2281.18,2282.43,2242.86,2251.03,1288431300
20010529,2239.92,2239.92,2170.58,2175.54,1507585800
20010530,2136.95,2137.67,2077.98,2084.50,1851843900
20010531,2092.53,2140.07,2092.48,2110.50,1704755100
20010601,2131.12,2157.80,2101.26,2149.44,1446429000
20010604,2164.70,2174.16,2136.63,2155.93,1227925500
20010605,2167.31,2244.23,2167.24,2233.66,1715943000
20010606,2239.86,2247.30,2206.89,2217.74,1647904200
20010607,2208.03,2264.58,2205.85,2264.00,1544283600
20010608,2263.75,2263.75,2202.27,2215.10,1337088900
20010611,2205.41,2205.41,2150.75,2170.78,1319325900
20010612,2133.56,2184.20,2105.26,2169.95,1593610800
20010613,2175.62,2187.16,2121.38,2121.66,1438514700
20010614,2100.74,2101.05,2043.36,2044.07,1640296800
20010615,2017.80,2048.32,1992.39,2028.43,1961686200
20010618,2035.34,2046.63,1987.17,1988.63,1458026100
20010619,2046.04,2057.19,1978.25,1992.66,1842004500
20010620,1974.11,2032.67,1973.70,2031.24,1963006800
20010621,2026.30,2077.43,2014.33,2058.64,2027865000
20010622,2062.00,2074.83,2028.07,2034.84,1594559400
20010625,2054.34,2060.06,2026.40,2050.87,1378008900
20010626,2022.86,2068.15,2017.34,2064.62,1541363400
20010627,2068.29,2084.41,2048.88,2074.74,1596252000
20010628,2096.88,2157.32,2096.88,2125.64,1816252800
20010629,2129.89,2180.11,2118.11,2160.54,1926615900
20010702,2156.76,2181.05,2140.65,2148.72,1407480600
20010703,2137.10,2148.18,2123.75,2140.80,807639900
20010705,2122.89,2130.96,2079.83,2080.11,1200332400
20010706,2060.73,2060.73,2001.82,2004.16,1340520600
20010709,2010.97,2038.17,2000.08,2026.71,1301655900
20010710,2043.61,2045.12,1960.15,1962.79,1547492100
20010711,1954.72,1975.79,1934.67,1972.04,1646369700
20010712,2033.22,2080.13,2031.84,2075.74,1756481700
20010713,2068.22,2105.15,2055.56,2084.79,1452436800
20010716,2078.53,2091.68,2025.41,2029.12,1385095500
20010717,2017.47,2067.44,2006.80,2067.32,1576991700
20010718,2035.09,2056.06,2003.95,2016.17,1616451600
20010719,2042.32,2079.33,2027.11,2046.59,1772784600
20010720,2015.23,2035.52,2009.56,2029.37,1527171600
20010723,2043.84,2047.85,1987.51,1988.56,1261582200
20010724,1980.37,1994.03,1939.28,1959.24,1489395000
20010725,1962.68,1984.98,1942.58,1984.32,1558205700
20010726,1980.03,2025.88,1963.21,2022.96,1641812700
20010727,2020.58,2039.15,2009.94,2029.07,1472934000
20010730,2034.11,2039.01,2009.94,2017.83,1244553900
20010731,2023.97,2057.10,2014.06,2027.12,1508264700
20010801,2051.56,2078.36,2045.13,2068.38,1659324600
20010802,2092.52,2103.16,2061.75,2087.38,1558614900
20010803,2079.15,2079.15,2047.62,2066.33,1157961600
20010806,2047.86,2053.60,2032.51,2034.26,1029091500
20010807,2026.84,2043.48,2013.75,2027.79,1225758600
20010808,2015.75,2038.64,1958.67,1966.36,1545371700
20010809,1962.48,1971.61,1941.24,1963.32,1355149500
20010810,1957.34,1967.03,1915.99,1956.47,1276601700
20010813,1963.04,1986.33,1951.46,1982.25,1066747200
20010814,1990.83,1998.59,1961.53,1964.53,1145629800
20010815,1964.20,1975.18,1918.74,1918.89,1361454900
20010816,1899.90,1930.46,1879.07,1930.32,1500824700
20010817,1895.42,1903.73,1862.76,1867.01,1210404300
20010820,1866.29,1881.62,1854.96,1881.35,1084184700
20010821,1883.44,1893.39,1831.28,1831.30,1233142800
20010822,1851.75,1860.02,1817.70,1860.01,1442002200
20010823,1857.52,1883.48,1842.51,1842.97,1354349700
20010824,1863.32,1916.83,1857.73,1916.80,1390954500
20010827,1912.70,1933.94,1897.63,1912.41,1111619700
20010828,1912.67,1916.28,1864.72,1864.98,1333564200
20010829,1875.44,1879.76,1833.65,1843.17,1364031000
20010830,1817.19,1833.29,1777.11,1791.68,1613373300
20010831,1784.26,1817.72,1782.10,1805.43,1146578400
20010904,1802.29,1836.19,1770.76,1770.78,1429019400
20010905,1771.75,1782.50,1715.86,1759.01,1814039400
20010906,1736.20,1753.83,1702.92,1705.64,1755654000
20010907,1694.02,1724.57,1676.42,1687.70,1592866800
20010910,1673.78,1702.12,1669.94,1695.38,1500062100
20010917,1613.83,1629.10,1579.28,1579.55,2096796600
20010918,1591.77,1605.06,1548.85,1555.08,1734431400
20010919,1560.52,1568.22,1451.31,1527.80,2291547900
20010920,1494.94,1513.24,1467.10,1470.93,2608333800
20010921,1395.79,1454.04,1387.06,1423.19,2406979500
20010924,1459.47,1507.51,1459.47,1499.41,1908629700
20010925,1505.52,1528.33,1480.69,1501.64,2029222800
20010926,1514.76,1516.12,1458.34,1464.04,1637376600
20010927,1456.80,1465.70,1418.15,1460.71,1900073700
20010928,1472.56,1499.58,1466.78,1498.80,1966354800
20011001,1491.45,1491.45,1458.41,1480.45,1399780200
20011002,1479.01,1504.24,1473.13,1492.32,1659798900
20011003,1479.27,1595.48,1473.22,1580.81,2523369000
20011004,1602.60,1641.56,1581.08,1597.34,2379479400
20011005,1586.40,1608.76,1548.81,1605.30,1707833400
20011008,1582.93,1621.11,1574.65,1605.95,1318293600
20011009,1604.11,1607.20,1565.97,1570.19,1420509900
20011010,1563.96,1626.99,1558.81,1626.26,1727484300
20011011,1649.55,1701.48,1649.55,1701.47,2355634200
20011012,1690.21,1707.43,1651.24,1703.40,2032952100
20011015,1684.04,1698.24,1663.78,1696.31,1475175300
20011016,1704.75,1722.85,1690.54,1722.07,1714278300
20011017,1752.94,1754.01,1646.34,1646.34,2131941300
20011018,1648.69,1668.00,1634.72,1652.72,1668299100
20011019,1644.49,1675.20,1628.24,1671.31,1479732300
20011022,1666.08,1708.09,1660.22,1708.08,1423671900
20011023,1720.54,1739.47,1695.22,1704.44,1710725700
20011024,1707.52,1736.17,1697.69,1731.54,1762350000
20011025,1708.49,1775.51,1683.61,1775.47,2101446600
20011026,1763.78,1792.87,1763.00,1768.96,1859256000
20011029,1763.42,1767.97,1699.40,1699.52,1543028100
20011030,1682.30,1686.68,1646.30,1667.41,1654060800
20011031,1690.12,1721.69,1677.71,1690.20,1764777300
20011101,1705.52,1746.65,1683.99,1746.30,1659966300
20011102,1741.37,1759.65,1726.61,1745.73,1528789800
20011105,1768.29,1801.55,1768.29,1793.65,1612852500
20011106,1786.92,1835.49,1777.91,1835.08,1809324300
20011107,1821.04,1868.31,1820.28,1837.53,1921203300
20011108,1855.68,1888.39,1816.56,1827.77,2139669600
20011109,1824.73,1838.38,1809.29,1828.48,1417654800
20011112,1826.25,1848.00,1782.48,1840.13,1482857100
20011113,1871.47,1893.92,1867.27,1892.11,2035770000
20011114,1910.45,1922.45,1875.27,1903.19,2023298700
20011115,1891.36,1922.12,1882.84,1900.57,1883761500
20011116,1903.48,1908.21,1882.53,1898.58,1594150200
20011119,1912.48,1934.70,1905.36,1934.42,1790157000
20011120,1926.47,1930.21,1877.79,1880.51,1849379400
20011121,1873.60,1884.49,1853.67,1875.05,1467158700
20011123,1878.91,1905.58,1873.64,1903.20,529932600
20011126,1914.53,1941.31,1906.89,1941.23,1612740900
20011127,1931.59,1965.09,1902.89,1935.97,1987800600
20011128,1921.60,1940.64,1887.97,1887.97,1771789500
20011129,1898.63,1933.46,1889.29,1933.26,1820121600
20011130,1929.29,1941.94,1916.73,1930.58,1703620500
20011203,1915.13,1925.35,1898.98,1904.90,1391986800
20011204,1917.66,1963.22,1913.92,1963.10,1775025900
20011205,1980.30,2056.81,1980.30,2046.84,2583075000
20011206,2045.22,2065.69,2037.64,2054.27,2057597100
20011207,2043.68,2046.99,2002.34,2021.26,1782549600
20011210,2007.67,2036.54,1989.68,1992.12,1561916400
20011211,2009.93,2032.63,1995.09,2001.93,1827636000
20011212,2007.48,2022.76,1975.65,2011.38,1762619700
20011213,1979.84,1985.79,1945.29,1946.51,1949112600
20011214,1945.18,1965.74,1934.60,1953.17,1767018600
20011217,1951.45,1994.48,1951.45,1987.45,1712055600
20011218,1998.36,2010.91,1989.81,2004.76,1722378600
20011219,1981.65,2007.76,1971.07,1982.89,1785460500
20011220,1969.00,1972.32,1918.50,1918.54,1900092300
20011221,1941.55,1954.47,1931.87,1945.83,2194493100
20011224,1946.84,1953.90,1942.07,1944.48,524873400
20011226,1948.77,1983.84,1948.77,1960.70,1048435500
20011227,1967.32,1982.73,1962.12,1976.42,1154185800
20011228,1985.71,2002.72,1982.37,1987.26,1235309700
20011231,1984.31,1989.17,1950.40,1950.40,1315801200
20020102,1965.18,1979.26,1936.56,1979.25,1411433100
20020103,1987.06,2044.56,1987.06,2044.27,2054955900
20020104,2061.83,2077.89,2033.56,2059.38,2051217300
20020107,2075.24,2081.09,2036.86,2037.10,1972632300
20020108,2039.42,2060.23,2027.34,2055.74,1742513100
20020109,2074.32,2098.88,2034.09,2044.89,2158948500
20020110,2045.13,2055.89,2026.05,2047.24,1638325200
20020111,2049.50,2058.77,2018.68,2022.46,1511742900
20020114,2012.59,2018.42,1979.94,1990.74,1675534500
20020115,1994.88,2011.25,1977.28,2000.91,1557889500
20020116,1976.42,1981.81,1944.32,1944.44,1783061100
20020117,1968.70,1985.83,1954.06,1985.82,1760592300
20020118,1943.56,1964.74,1922.70,1930.34,1574499300
20020122,1946.87,1947.41,1882.14,1882.53,1690014600
20020123,1889.53,1925.15,1879.24,1922.38,1740141600
20020124,1937.67,1959.93,1936.34,1942.58,1774319100
20020125,1929.15,1951.79,1923.06,1937.70,1539438300
20020128,1951.12,1958.96,1925.43,1943.91,1378334400
20020129,1947.09,1959.05,1883.49,1892.99,1744103400
20020130,1897.73,1913.66,1851.49,1913.44,1922282100
20020131,1924.56,1935.17,1906.90,1934.06,1677282900
20020201,1928.83,1942.15,1901.21,1911.24,1590300000
20020204,1907.58,1907.58,1849.13,1855.53,1654497900
20020205,1844.62,1867.94,1828.67,1838.52,1959389100
20020206,1853.13,1853.13,1805.01,1812.71,1958096400
20020207,1809.43,1824.07,1781.73,1782.11,1858419000
20020208,1794.05,1818.88,1772.15,1818.88,1669080300
20020211,1816.94,1846.93,1815.38,1846.66,1455291900
20020212,1829.53,1852.22,1817.13,1834.22,1508162400
20020213,1844.79,1862.42,1844.12,1859.16,1488688200
20020214,1863.47,1877.74,1840.78,1843.37,1561851300
20020215,1844.89,1847.07,1801.67,1805.20,1510989600
20020219,1790.94,1791.01,1745.05,1750.61,1626728100
20020220,1762.43,1777.18,1729.20,1775.57,1783935300
20020221,1763.82,1769.37,1716.24,1716.24,1705387500
20020222,1718.70,1736.48,1696.55,1724.54,1710586200
20020225,1731.43,1776.61,1730.92,1769.88,1550170500
20020226,1777.54,1788.75,1750.36,1766.86,1553592900
20020227,1783.29,1793.73,1741.48,1751.88,1695799200
20020228,1759.33,1773.20,1728.65,1731.49,1800135900
20020301,1745.49,1802.89,1742.08,1802.74,1769343600
20020304,1799.68,1859.72,1789.72,1859.32,2136795900
20020305,1854.71,1886.15,1849.75,1866.29,1929424500
20020306,1859.28,1891.83,1841.31,1890.40,1773584400
20020307,1903.24,1910.70,1865.06,1881.63,1765316700
20020308,1908.09,1935.09,1908.09,1929.67,1915260600
20020311,1919.73,1946.23,1905.93,1929.49,1640473500
20020312,1888.68,1899.01,1879.42,1897.12,1627639500
20020313,1879.97,1886.27,1858.45,1862.03,1547743200
20020314,1863.10,1873.01,1851.38,1854.14,1387680900
20020315,1854.34,1871.39,1845.93,1868.30,1579884000
20020318,1882.73,1893.26,1861.11,1877.06,1438886700
20020319,1881.13,1891.51,1873.17,1880.87,1415106600
20020320,1860.28,1861.79,1832.87,1832.87,1445815200
20020321,1835.21,1870.16,1825.99,1868.83,1489478700
20020322,1865.18,1873.32,1848.15,1851.39,1399612800
20020325,1855.65,1863.05,1812.42,1812.49,1329258300
20020326,1808.87,1843.96,1807.47,1824.17,1545818100
20020327,1817.22,1832.01,1811.64,1826.75,1510533900
20020328,1836.25,1852.85,1833.33,1845.35,1548357000
20020329,1857.88,1875.57,1857.88,1858.25,1548357000
20020401,1834.59,1865.37,1817.25,1862.62,1445954700
20020402,1836.03,1839.37,1804.40,1804.40,1582153200
20020403,1809.59,1813.36,1770.61,1784.35,1584896700
20020404,1776.53,1800.83,1770.16,1789.75,1610453100
20020405,1796.92,1803.21,1769.95,1770.03,1402533000
20020408,1741.10,1786.40,1733.84,1785.87,1487256000
20020409,1789.14,1795.62,1742.40,1742.57,1546366800
20020410,1751.57,1772.00,1733.69,1767.07,1827840600
20020411,1757.01,1762.28,1724.15,1725.25,1587640200
20020412,1738.96,1756.33,1728.52,1756.19,1425206400
20020415,1761.95,1769.04,1740.61,1753.78,1234323900
20020416,1779.29,1816.91,1779.29,1816.79,1666085700
20020417,1829.58,1832.01,1804.65,1810.67,1795885800
20020418,1806.28,1818.79,1778.10,1802.43,1735510200
20020419,1816.35,1816.62,1795.27,1796.83,1563925200
20020422,1779.18,1779.18,1747.65,1758.68,1583901600
20020423,1757.92,1762.94,1723.93,1730.29,1820847000
20020424,1739.13,1746.52,1711.11,1713.34,1788603900
20020425,1705.80,1724.01,1697.27,1713.70,1833736800
20020426,1722.83,1728.52,1663.78,1663.89,1761224700
20020429,1668.52,1678.56,1640.97,1656.93,1713571500
20020430,1655.02,1697.03,1652.93,1688.23,1945197300
20020501,1683.76,1687.56,1643.24,1677.53,2035872300
20020502,1673.72,1695.07,1640.80,1644.82,1916116200
20020503,1643.17,1643.87,1605.97,1613.03,1851583500
20020506,1611.05,1622.83,1577.93,1578.48,1651754400
20020507,1589.58,1594.57,1560.29,1573.82,1989390900
20020508,1625.73,1696.35,1625.73,1696.29,2235013200
20020509,1684.44,1692.58,1650.46,1650.49,1663267800
20020510,1657.18,1657.45,1599.64,1600.85,1710390900
20020513,1611.26,1653.10,1602.60,1652.54,1533365400
20020514,1694.15,1722.66,1691.42,1719.05,2420901600
20020515,1705.45,1759.33,1694.34,1725.56,2107473000
20020516,1723.69,1734.71,1713.81,1730.44,1529533800
20020517,1745.17,1754.22,1723.06,1741.39,1533486300
20020520,1726.78,1726.89,1696.11,1701.59,1329249000
20020521,1708.57,1717.93,1660.22,1664.18,1544618400
20020522,1654.34,1676.64,1643.96,1673.45,1613298900
20020523,1678.42,1697.77,1651.89,1697.63,1639190100
20020524,1680.66,1681.10,1658.78,1661.49,1126127700
20020528,1670.35,1671.35,1632.75,1652.17,1226902500
20020529,1639.27,1644.29,1624.31,1624.39,1319577000
20020530,1613.42,1637.65,1607.30,1631.92,1474840500
20020531,1641.10,1651.47,1615.62,1615.73,1564659900
20020603,1613.50,1621.50,1561.17,1562.56,1509501600
20020604,1559.25,1587.79,1548.31,1578.12,1749702000
20020605,1580.06,1595.42,1563.55,1595.25,1518615600
20020606,1583.65,1584.06,1550.72,1554.88,1516141800
20020607,1500.15,1549.17,1495.81,1535.48,1963918200
20020610,1536.98,1551.80,1526.96,1530.69,1411981800
20020611,1542.16,1547.50,1496.66,1497.18,1578247200
20020612,1491.36,1519.16,1474.56,1519.12,1913307600
20020613,1512.23,1526.41,1495.64,1496.86,1457226300
20020614,1471.97,1507.01,1445.44,1504.74,1699788900
20020617,1519.65,1555.07,1519.26,1553.29,1480411200
20020618,1544.19,1567.99,1542.77,1542.96,1478476800
20020619,1531.05,1538.36,1496.08,1496.83,1605831000
20020620,1494.80,1503.01,1461.59,1464.75,1589807100
20020621,1456.61,1480.05,1435.85,1440.96,1825497000
20020624,1429.56,1476.56,1414.69,1460.34,1907067300
20020625,1472.19,1475.58,1419.25,1423.99,1749032400
20020626,1379.87,1436.57,1375.53,1429.33,1917418200
20020627,1446.37,1459.41,1412.96,1459.20,1806608700
20020628,1454.98,1486.25,1454.71,1463.21,2394973200
20020701,1457.04,1459.84,1402.51,1403.80,2158204500
20020702,1395.37,1396.25,1356.03,1357.82,2531971500
20020703,1348.61,1380.38,1336.06,1380.17,2474785800
20020705,1401.03,1448.66,1401.03,1448.36,1042492800
20020708,1439.85,1452.56,1401.28,1405.61,1588579500
20020709,1405.37,1415.31,1379.57,1381.12,1584924600
20020710,1396.67,1396.95,1345.22,1346.01,1717077600
20020711,1339.65,1375.58,1323.59,1374.43,2137446900
20020712,1391.30,1402.45,1363.11,1373.50,1868686200
20020715,1365.79,1382.70,1315.30,1382.62,1969461000
20020716,1371.91,1407.59,1364.88,1375.26,2212711800
20020717,1408.10,1426.28,1370.21,1397.25,2174702700
20020718,1390.41,1395.29,1356.80,1356.95,1713394800
20020719,1336.39,1350.21,1309.94,1319.15,2229024000
20020722,1309.84,1332.10,1272.46,1282.65,1873401300
20020723,1287.59,1295.59,1228.88,1229.05,2082167700
20020724,1203.88,1290.40,1192.42,1290.23,2016044700
20020725,1277.16,1289.72,1220.93,1240.08,2188485300
20020726,1250.72,1264.67,1234.46,1262.12,1573132200
20020729,1286.81,1335.25,1286.54,1335.25,1808078100
20020730,1322.99,1354.48,1313.49,1344.19,1607291100
20020731,1331.82,1335.79,1307.01,1328.26,1518969000
20020801,1322.47,1326.10,1276.88,1280.00,1440439800
20020802,1279.10,1282.06,1235.57,1247.92,1320404700
20020805,1243.38,1247.84,1205.68,1206.01,1243149600
20020806,1224.80,1279.57,1224.80,1259.55,1427652300
20020807,1290.23,1298.12,1243.49,1280.90,1434878400
20020808,1278.34,1316.52,1263.31,1316.52,1416390000
20020809,1301.83,1322.07,1290.77,1306.12,1221787500
20020812,1293.88,1311.43,1286.91,1306.84,980424600
20020813,1300.73,1324.43,1268.99,1269.28,1460713800
20020814,1273.94,1334.31,1265.19,1334.29,1515239700
20020815,1339.60,1350.92,1322.11,1345.01,1527850500
20020816,1333.26,1368.69,1325.99,1361.01,1291937400
20020819,1362.29,1397.06,1359.14,1394.54,1385225700
20020820,1384.47,1389.84,1370.98,1376.59,1298549700
20020821,1389.56,1410.88,1378.09,1409.10,1402932900
20020822,1410.75,1426.76,1398.83,1422.95,1538294400
20020823,1411.75,1411.75,1377.64,1380.62,1270221900
20020826,1387.20,1394.24,1360.43,1391.74,1173064800
20020827,1395.04,1396.40,1346.21,1347.78,1332094800
20020828,1339.42,1340.01,1312.25,1314.38,1256895000
20020829,1304.21,1345.37,1295.79,1335.76,1334726700
20020830,1326.05,1337.92,1314.69,1314.85,1013532600
20020903,1302.67,1302.67,1263.23,1263.84,1296661800
20020904,1268.65,1294.65,1261.00,1292.31,1388964300
20020905,1274.76,1274.76,1251.00,1251.03,1413869700
20020906,1280.27,1304.02,1280.27,1295.30,1227953400
20020909,1286.75,1310.33,1270.73,1304.60,1160212200
20020910,1306.13,1322.43,1299.53,1320.09,1340585700
20020911,1328.35,1347.27,1314.96,1315.45,1000373100
20020912,1305.72,1305.72,1279.09,1279.68,1109266800
20020913,1272.94,1292.36,1270.59,1291.40,1176942900
20020916,1286.85,1292.73,1267.69,1275.88,1020516900
20020917,1292.91,1298.50,1258.85,1259.94,1395306900
20020918,1244.52,1263.90,1233.08,1252.13,1460983500
20020919,1233.94,1242.91,1216.19,1216.45,1414650900
20020920,1229.47,1232.96,1216.24,1221.09,1670280000
20020923,1209.13,1209.72,1177.41,1184.93,1342296900
20020924,1170.95,1200.45,1169.04,1182.14,1549398600
20020925,1195.60,1227.23,1184.12,1222.29,1573225200
20020926,1231.85,1239.62,1206.91,1221.61,1547668800
20020927,1213.77,1235.08,1198.12,1199.15,1343347800
20020930,1187.48,1190.74,1160.07,1172.06,1565097000
20021001,1180.26,1214.01,1160.71,1213.72,1588309800
20021002,1208.03,1222.72,1183.76,1187.30,1640241000
20021003,1183.11,1197.96,1164.51,1165.56,1532007600
20021004,1174.58,1175.75,1135.27,1139.90,1475937900
20021007,1135.79,1145.79,1113.36,1119.40,1311160500
20021008,1129.82,1144.13,1109.64,1129.22,1708400700
20021009,1117.14,1135.89,1112.08,1114.11,1632828900
20021010,1116.76,1165.83,1108.49,1163.37,1709284200
20021011,1179.90,1220.12,1179.90,1210.47,1781312700
20021014,1198.50,1221.60,1193.42,1220.53,1119943200
20021015,1259.87,1282.74,1259.87,1282.44,1868965200
20021016,1239.54,1253.61,1229.06,1232.42,1474254600
20021017,1272.26,1283.21,1263.46,1272.29,1695148200
20021018,1270.13,1288.08,1253.44,1287.86,1549352100
20021021,1276.76,1312.53,1267.76,1309.67,1462862100
20021022,1285.54,1307.60,1280.66,1292.80,1602706200
20021023,1288.24,1320.25,1279.46,1320.23,1486437600
20021024,1325.08,1330.99,1296.54,1298.71,1807975800
20021025,1297.33,1331.33,1297.17,1331.13,1367137200
20021028,1345.72,1346.21,1310.63,1315.87,1521656700
20021029,1313.14,1318.93,1279.19,1300.54,1486521300
20021030,1307.49,1334.63,1300.55,1326.73,1558242900
20021031,1330.73,1347.58,1323.09,1329.75,1638362400
20021101,1320.95,1360.83,1313.72,1360.70,1713869100
20021104,1394.57,1420.03,1388.68,1396.54,2206406400
20021105,1386.87,1401.37,1379.33,1401.17,1585445400
20021106,1408.22,1419.04,1386.52,1418.99,2036160600
20021107,1397.54,1400.08,1371.47,1376.71,1635702600
20021108,1376.37,1389.77,1354.28,1359.28,1491217800
20021111,1355.10,1355.10,1319.07,1319.19,1178700600
20021112,1328.08,1367.97,1328.08,1349.56,1450474500
20021113,1342.22,1371.74,1334.13,1361.33,1768283400
20021114,1378.94,1411.63,1378.94,1411.52,1633275300
20021115,1396.11,1413.53,1386.14,1411.14,1581827700
20021118,1422.54,1425.42,1393.66,1393.69,1642659000
20021119,1387.11,1394.93,1367.76,1374.51,1506906900
20021120,1375.69,1419.64,1375.41,1419.35,1647374100
20021121,1431.13,1468.72,1430.08,1467.55,2270808900
20021122,1453.05,1475.35,1449.50,1468.74,1822948800
20021125,1470.64,1486.94,1461.13,1481.90,1815732000
20021126,1473.23,1478.73,1441.12,1444.43,1792733100
20021127,1463.27,1491.45,1462.62,1487.94,1613085000
20021129,1495.81,1497.44,1478.72,1478.78,782883300
20021202,1507.94,1521.44,1474.59,1484.76,1790761500
20021203,1474.69,1474.69,1445.23,1448.96,1535904300
20021204,1427.05,1444.18,1412.92,1430.35,1754045100
20021205,1444.74,1445.95,1410.58,1410.75,1359976200
20021206,1395.18,1430.39,1391.10,1422.44,1422714000
20021209,1411.40,1411.40,1367.07,1367.14,1392042600
20021210,1374.56,1397.84,1373.89,1390.76,1367332500
20021211,1382.10,1407.15,1377.71,1396.59,1324208400
20021212,1407.02,1411.69,1388.51,1399.55,1309644600
20021213,1387.71,1387.71,1362.42,1362.42,1275411300
20021216,1367.74,1400.49,1367.31,1400.33,1307775300
20021217,1396.33,1408.16,1385.37,1392.05,1243177500
20021218,1380.63,1380.63,1355.55,1361.51,1422528000
20021219,1358.61,1384.58,1346.18,1354.10,1538722200
20021220,1364.19,1370.79,1358.80,1363.11,1852671600
20021223,1359.92,1384.29,1358.29,1381.69,1109545800
20021224,1375.96,1382.93,1372.38,1372.47,487208400
20021226,1375.14,1392.58,1363.61,1367.89,755448300
20021227,1363.64,1369.21,1346.65,1348.31,748612800
20021230,1349.43,1353.38,1329.64,1339.54,1001219400
20021231,1336.83,1345.11,1327.19,1335.51,1085096100
20030102,1346.93,1384.91,1336.98,1384.85,1197412200
20030103,1382.36,1389.44,1374.61,1387.08,1069118700
20030106,1390.19,1428.65,1390.09,1421.32,1457951700
20030107,1424.26,1442.26,1416.23,1431.57,1632856800
20030108,1423.29,1424.12,1399.06,1401.07,1355019300
20030109,1414.47,1445.09,1414.47,1438.46,1567970700
20030110,1423.62,1457.45,1418.79,1447.72,1536657600
20030113,1461.73,1467.35,1436.98,1446.04,1279717200
20030114,1445.07,1461.12,1442.63,1460.99,1236286200
20030115,1461.04,1463.99,1435.29,1438.80,1407164400
20030116,1440.56,1449.13,1420.11,1423.75,1270891500
20030117,1401.37,1401.37,1376.18,1376.19,1333471200
20030121,1380.43,1386.71,1364.25,1364.25,1260531300
20030122,1361.01,1379.61,1358.23,1359.48,1374093600
20030123,1377.50,1393.67,1365.11,1388.27,1456854300
20030124,1382.35,1382.35,1340.22,1342.14,1458565500
20030127,1329.81,1349.83,1320.32,1325.27,1339479000
20030128,1335.43,1346.50,1321.44,1342.18,1308193800
20030129,1335.90,1363.31,1320.35,1358.06,1402058700
20030130,1360.55,1363.08,1322.06,1322.35,1344900900
20030131,1308.10,1331.04,1303.64,1320.91,1445973300
20030203,1324.74,1335.76,1318.00,1323.79,1168591500
20030204,1310.48,1310.48,1292.20,1306.15,1272379500
20030205,1314.67,1332.82,1299.35,1301.50,1271430900
20030206,1298.70,1310.51,1291.47,1301.73,1133967600
20030207,1310.92,1314.52,1278.54,1282.47,1142830500
20030210,1286.51,1298.57,1275.19,1296.68,1131289200
20030211,1301.54,1315.04,1285.77,1295.46,1205456700
20030212,1292.08,1301.11,1278.74,1278.97,1144895100
20030213,1280.92,1281.32,1261.79,1277.44,1218709200
20030214,1283.41,1310.37,1279.66,1310.17,1223331300
20030218,1319.99,1346.92,1319.52,1346.54,1212654900
20030219,1343.37,1344.59,1322.12,1334.32,1097121000
20030220,1339.70,1344.29,1329.09,1331.23,1227981300
20030221,1331.33,1352.07,1316.04,1349.02,1248469200
20030224,1342.50,1343.09,1321.44,1322.38,1136906400
20030225,1307.39,1331.35,1291.96,1328.98,1298242800
20030226,1323.01,1331.47,1302.83,1303.68,1122593700
20030227,1312.13,1331.79,1305.56,1323.94,1151442300
20030228,1327.87,1342.73,1325.15,1337.52,1259564100
20030303,1344.21,1353.31,1316.85,1320.29,1165745700
20030304,1320.28,1321.89,1307.27,1307.77,1136301900
20030305,1305.28,1317.69,1302.05,1314.40,1265348700
20030306,1306.07,1312.61,1299.81,1302.89,1173948300
20030307,1285.30,1310.53,1280.72,1305.29,1335517200
20030310,1295.46,1299.55,1277.18,1278.37,1041572100
20030311,1280.73,1288.99,1269.48,1271.47,1164118200
20030312,1266.99,1279.59,1253.22,1279.24,1426248000
20030313,1297.74,1340.78,1290.59,1340.77,1663844400
20030314,1344.26,1352.84,1329.97,1340.33,1498276500
20030317,1329.95,1392.41,1326.28,1392.27,1754454300
20030318,1392.00,1400.55,1378.83,1400.55,1517964600
20030319,1396.27,1401.24,1378.57,1397.07,1576043100
20030320,1385.66,1411.41,1371.90,1402.77,1484968200
20030321,1422.06,1425.73,1403.15,1421.75,1777741500
20030324,1390.04,1392.40,1368.37,1369.78,1225163400
20030325,1374.21,1400.14,1369.32,1391.01,1336633200
20030326,1390.27,1397.94,1383.35,1387.45,1319223600
20030327,1375.90,1392.46,1369.31,1384.25,1340409000
20030328,1375.26,1384.82,1367.89,1369.60,1269338400
20030331,1351.61,1357.00,1336.61,1341.17,1484540400
20030401,1347.54,1356.37,1338.23,1348.30,1313262300
20030402,1374.71,1400.86,1374.71,1396.72,1497011700
20030403,1404.99,1412.08,1389.95,1396.58,1344324300
20030404,1400.97,1400.97,1378.22,1383.51,1271124000
20030407,1425.23,1430.11,1389.51,1389.51,1409954400
20030408,1388.53,1392.52,1376.60,1382.94,1220876100
20030409,1385.28,1393.37,1356.60,1356.74,1220160000
20030410,1359.43,1368.11,1351.10,1365.61,1148931300
20030411,1379.48,1387.33,1353.74,1358.85,1150940100
20030414,1361.35,1386.50,1359.32,1384.95,1091485200
20030415,1381.67,1394.03,1376.03,1391.01,1205187000
20030416,1411.70,1418.52,1391.99,1394.72,1442988000
20030417,1395.62,1425.50,1393.13,1425.50,1528920000
20030421,1425.96,1432.08,1413.71,1424.37,1182188100
20030422,1417.00,1452.34,1414.40,1451.36,1501308300
20030423,1453.95,1468.08,1447.65,1466.16,1690758600
20030424,1453.23,1465.92,1448.05,1457.23,1545232200
20030425,1451.13,1452.17,1432.02,1434.54,1409628900
20030428,1437.86,1465.40,1436.35,1462.24,1374307500
20030429,1468.03,1482.49,1459.48,1471.30,1553658000
20030430,1467.84,1472.69,1459.04,1464.31,1505883900
20030501,1463.00,1478.85,1451.32,1472.56,1370689800
20030502,1470.09,1504.22,1469.84,1502.88,1698291600
20030505,1508.31,1519.70,1502.66,1504.04,1796787900
20030506,1503.42,1531.82,1503.31,1523.71,1989939600
20030507,1513.48,1523.91,1503.06,1506.76,1792779600
20030508,1492.49,1504.04,1486.91,1489.69,1505670000
20030509,1500.65,1520.15,1500.10,1520.15,1437026700
20030512,1518.52,1544.41,1512.72,1541.40,1671154200
20030513,1533.14,1548.59,1529.56,1539.68,1726293900
20030514,1545.88,1549.94,1526.14,1534.90,1689614700
20030515,1541.43,1552.98,1536.03,1551.38,1843380900
20030516,1544.84,1550.44,1534.35,1538.53,1658608500
20030519,1530.38,1536.04,1492.46,1492.77,1566315300
20030520,1498.05,1505.18,1480.13,1491.09,1580767500
20030521,1488.27,1490.82,1478.15,1489.87,1477732800
20030522,1493.39,1512.80,1489.08,1507.55,1658999100
20030523,1506.64,1514.49,1501.38,1510.09,1347356100
20030527,1504.87,1558.28,1504.22,1556.69,1797466800
20030528,1560.11,1571.85,1553.70,1563.24,1899311100
20030529,1565.38,1591.26,1564.14,1574.95,2072858400
20030530,1583.23,1599.92,1582.52,1595.91,2152633800
20030602,1612.10,1620.79,1586.48,1590.75,2341302900
20030603,1589.72,1603.74,1584.70,1603.56,1923128400
20030604,1604.84,1638.57,1603.17,1634.65,2339610300
20030605,1620.79,1646.01,1613.99,1646.01,2277644400
20030606,1670.03,1684.06,1625.18,1627.42,2755227300
20030609,1623.00,1625.61,1597.32,1603.97,1726731000
20030610,1611.17,1627.77,1606.08,1627.67,1666234500
20030611,1625.00,1647.57,1612.22,1646.02,1796946000
20030612,1653.05,1661.12,1640.12,1653.62,1665351000
20030613,1656.61,1660.43,1624.12,1626.49,1686220200
20030616,1633.80,1667.77,1629.59,1666.58,1778680800
20030617,1673.10,1674.09,1656.57,1668.44,1830825900
20030618,1663.03,1685.04,1653.25,1677.14,1936334400
20030619,1677.05,1686.10,1646.79,1648.64,1820679600
20030620,1657.31,1660.47,1638.93,1644.72,1643412300
20030623,1642.33,1643.21,1601.45,1610.75,1576294200
20030624,1605.69,1622.47,1598.25,1605.61,1506144300
20030625,1608.50,1629.97,1600.28,1602.66,1454166600
20030626,1611.31,1636.15,1606.47,1634.01,1451599800
20030627,1636.03,1653.74,1621.25,1625.26,1445164200
20030630,1634.86,1643.68,1621.44,1622.80,1667322600
20030701,1617.30,1641.77,1598.92,1640.13,1591992600
20030702,1648.13,1678.77,1648.13,1678.73,1735984500
20030703,1665.95,1683.77,1660.95,1663.46,878766300
20030707,1685.41,1721.25,1685.41,1720.71,1707833400
20030708,1715.99,1747.44,1713.76,1746.46,1877195700
20030709,1743.66,1758.18,1735.30,1747.46,1965666600
20030710,1731.35,1735.13,1707.49,1715.86,1612434000
20030711,1720.98,1737.41,1720.98,1733.93,1410698400
20030714,1757.43,1776.10,1748.88,1754.82,1835057400
20030715,1769.95,1771.78,1742.10,1753.21,1781535900
20030716,1766.35,1767.90,1734.14,1747.97,1786120800
20030717,1727.76,1729.59,1693.47,1698.02,1778792400
20030718,1709.09,1714.84,1688.82,1708.50,1490687700
20030721,1706.15,1706.29,1675.18,1681.41,1357158300
20030722,1695.02,1710.34,1686.15,1706.10,1627239600
20030723,1710.82,1720.04,1695.20,1719.18,1706531400
20030724,1732.19,1740.80,1700.29,1701.42,1768153200
20030725,1703.58,1730.91,1685.89,1730.70,1476821400
20030728,1734.68,1740.59,1726.24,1735.36,1428312600
20030729,1740.27,1744.60,1713.21,1731.37,1584534000
20030730,1731.57,1733.40,1717.07,1720.91,1407796800
20030731,1735.47,1757.37,1728.34,1735.02,1728377100
20030801,1731.63,1733.14,1714.01,1715.62,1380157200
20030804,1714.84,1723.27,1687.77,1714.06,1463271300
20030805,1710.69,1711.11,1671.04,1673.50,1621343400
20030806,1664.26,1675.46,1648.42,1652.68,1731911100
20030807,1651.46,1658.43,1641.74,1652.18,1523377200
20030808,1659.06,1662.78,1640.88,1644.03,1242786900
20030811,1646.95,1668.06,1646.59,1661.51,1119515400
20030812,1666.61,1687.48,1660.66,1687.01,1236751200
20030813,1693.36,1695.83,1681.31,1686.61,1347756000
20030814,1688.13,1700.34,1681.52,1700.34,1219760100
20030815,1697.75,1705.33,1693.88,1702.01,654673500
20030818,1707.17,1739.59,1706.93,1739.49,1372968300
20030819,1747.00,1761.63,1737.37,1761.11,1603682700
20030820,1749.08,1768.52,1747.01,1760.54,1401286800
20030821,1771.39,1783.64,1762.97,1777.55,1601897100
20030822,1804.81,1812.49,1765.30,1765.32,1585836000
20030825,1763.78,1768.12,1752.12,1764.31,1039591200
20030826,1756.08,1771.22,1737.15,1770.65,1286059800
20030827,1767.78,1783.12,1764.63,1782.13,1255248900
20030828,1787.77,1800.65,1772.98,1800.18,1363854300
20030829,1796.10,1813.82,1794.83,1810.45,1121747400
20030902,1817.92,1841.48,1804.30,1841.48,1649615400
20030903,1852.47,1863.55,1846.51,1852.90,2169801600
20030904,1853.12,1870.00,1848.95,1868.97,1754519400
20030905,1861.29,1879.70,1850.69,1858.24,1815397200
20030908,1863.88,1888.65,1863.88,1888.62,1890634200
20030909,1883.00,1886.27,1867.81,1873.43,2064748800
20030910,1859.21,1859.21,1823.81,1823.81,1861488000
20030911,1830.44,1852.60,1819.42,1846.09,1625686500
20030912,1833.97,1855.04,1821.98,1855.03,1593806100
20030915,1857.12,1861.81,1843.79,1845.70,1361473500
20030916,1848.41,1887.87,1848.41,1887.25,1663556100
20030917,1884.18,1894.74,1876.24,1883.10,1770534000
20030918,1880.91,1910.51,1874.30,1909.55,1870239300
20030919,1913.74,1913.74,1895.93,1905.70,1753050000
20030922,1881.42,1881.42,1866.88,1874.62,1599674400
20030923,1877.44,1901.73,1875.15,1901.72,1737984000
20030924,1903.81,1904.13,1843.43,1843.70,2053412100
20030925,1849.39,1856.22,1817.20,1817.24,1890745800
20030926,1816.75,1821.57,1792.06,1792.07,1712622900
20030929,1801.55,1824.59,1786.57,1824.56,1550244900
20030930,1812.81,1812.81,1783.46,1786.94,1733743200
20031001,1797.07,1832.25,1796.09,1832.25,1694218200
20031002,1828.94,1842.55,1823.64,1836.22,1491803700
20031003,1864.54,1891.62,1864.54,1880.57,1873559400
20031006,1884.64,1894.22,1876.00,1893.46,1279503300
20031007,1882.92,1907.88,1878.59,1907.85,1711460400
20031008,1913.64,1914.33,1888.53,1893.78,1675739100
20031009,1916.95,1936.93,1899.21,1911.90,1937617800
20031010,1915.52,1921.14,1905.49,1915.31,1362440700
20031013,1924.06,1940.97,1921.96,1933.53,1393818900
20031014,1929.52,1943.33,1922.82,1943.19,1634279700
20031015,1966.38,1966.87,1933.03,1939.10,1875986700
20031016,1931.99,1951.76,1930.28,1950.14,1642259100
20031017,1947.20,1949.69,1910.24,1912.36,1624849500
20031020,1913.79,1925.16,1905.39,1925.14,1429772700
20031021,1929.31,1952.48,1922.78,1940.90,1614238200
20031022,1923.33,1923.33,1897.36,1898.07,1591657800
20031023,1879.12,1893.20,1874.11,1885.51,1801493700
20031024,1863.32,1866.43,1841.62,1865.59,1820047200
20031027,1876.03,1890.66,1873.62,1882.91,1412372400
20031028,1893.28,1932.26,1892.43,1932.26,1930921800
20031029,1925.61,1937.37,1923.56,1936.56,1830351600
20031030,1955.59,1957.53,1929.77,1932.69,2007721200
20031031,1938.22,1942.68,1928.67,1932.21,1704876000
20031103,1941.31,1969.26,1941.31,1967.70,1943169900
20031104,1961.45,1971.38,1953.64,1957.96,1936250700
20031105,1957.00,1966.15,1938.22,1959.37,1876870200
20031106,1971.27,1977.91,1953.34,1976.37,1991901900
20031107,1986.56,1992.27,1968.81,1970.74,1820316900
20031110,1972.10,1973.08,1939.73,1941.64,1627639500
20031111,1938.85,1944.01,1923.50,1930.75,1523163300
20031112,1935.97,1973.11,1935.86,1973.11,1708586700
20031113,1964.43,1970.40,1956.41,1967.35,1740829800
20031114,1966.87,1977.79,1930.26,1930.26,1701648900
20031117,1919.01,1919.23,1890.72,1909.61,1730823000
20031118,1919.45,1926.00,1881.75,1881.75,1765800300
20031119,1886.18,1903.43,1880.31,1899.65,1672149300
20031120,1886.63,1916.55,1880.91,1881.92,1673163000
20031121,1891.84,1896.41,1878.07,1893.88,1508078700
20031124,1907.29,1947.14,1907.29,1947.14,1665648600
20031125,1948.36,1956.20,1942.02,1943.04,1707805500
20031126,1954.28,1960.31,1930.63,1953.31,1418054700
20031128,1950.21,1963.06,1950.21,1960.26,654534000
20031201,1972.97,1989.82,1968.54,1989.82,1711218600
20031202,1986.80,1996.08,1978.23,1980.07,1676566800
20031203,1989.14,2000.92,1960.13,1960.25,2084678700
20031204,1966.92,1971.25,1942.67,1968.80,1966233900
20031205,1949.26,1960.39,1935.58,1937.82,1549305600
20031208,1937.48,1948.94,1926.94,1948.85,1472868900
20031209,1955.50,1956.97,1906.84,1908.32,1686582900
20031210,1912.24,1916.00,1887.46,1904.65,1810068300
20031211,1904.48,1945.92,1903.93,1942.32,1681021500
20031212,1947.26,1949.02,1931.10,1949.00,1355103000
20031215,1978.77,1979.78,1918.26,1918.26,1688415000
20031216,1918.06,1927.09,1901.66,1924.29,1684629900
20031217,1922.21,1926.00,1910.24,1921.33,1396246200
20031218,1924.62,1957.68,1924.62,1956.18,1594094400
20031219,1963.28,1963.28,1939.56,1951.02,1715450100
20031222,1946.19,1958.74,1941.62,1955.80,1193738700
20031223,1954.03,1974.78,1952.44,1974.78,1228530000
20031224,1969.71,1974.31,1964.88,1969.23,597645900
20031226,1970.37,1979.74,1970.37,1973.14,493653300
20031229,1976.93,2006.48,1976.93,2006.48,1314285300
20031230,2003.98,2010.13,1997.82,2009.88,1436171100
20031231,2010.64,2015.23,1996.62,2003.37,1651410300
20040102,2011.08,2022.37,1999.77,2006.68,1550105400
20040105,2020.78,2047.36,2020.78,2047.36,2197506300
20040106,2044.55,2061.54,2039.63,2057.37,2114094600
20040107,2056.75,2078.09,2047.02,2077.68,2133680400
20040108,2089.60,2100.25,2078.05,2100.25,2496073500
20040109,2083.64,2113.33,2077.09,2086.92,2308966800
20040112,2093.54,2112.52,2085.15,2111.78,2124129300
20040113,2113.11,2114.91,2080.29,2096.44,2218701000
20040114,2104.29,2111.73,2094.32,2111.13,1952972100
20040115,2101.86,2121.61,2088.10,2109.08,2079098700
20040116,2126.12,2140.47,2119.35,2140.46,2431382700
20040120,2149.03,2149.85,2130.20,2147.98,2393996700
20040121,2139.33,2150.11,2120.20,2142.45,2252329800
20040122,2146.32,2152.12,2119.01,2119.01,2188634100
20040123,2124.76,2138.41,2108.45,2123.87,2096136300
20040126,2120.56,2153.83,2115.34,2153.83,1809826500
20040127,2148.05,2152.75,2116.04,2116.04,2000671800
20040128,2125.02,2128.00,2073.15,2077.37,2157181500
20040129,2085.54,2087.33,2041.07,2068.23,2453116800
20040130,2068.36,2078.88,2058.54,2066.15,1795997400
20040202,2072.13,2085.49,2053.79,2063.15,1781582400
20040203,2061.28,2071.44,2057.33,2066.21,1715701200
20040204,2042.83,2044.68,2013.92,2014.14,2108849400
20040205,2024.48,2031.39,2012.79,2019.56,1819107900
20040206,2025.96,2064.01,2025.91,2064.01,1725624300
20040209,2069.29,2074.27,2060.44,2060.57,1623175500
20040210,2061.10,2075.33,2060.44,2075.33,1540786800
20040211,2072.90,2089.66,2064.77,2089.66,2032701000
20040212,2084.02,2091.22,2072.06,2073.61,1802051700
20040213,2080.17,2085.71,2049.76,2053.56,1690758600
20040217,2068.42,2084.72,2068.01,2080.35,1504795800
20040218,2084.23,2088.51,2072.19,2076.47,1656553200
20040219,2091.71,2094.92,2045.96,2045.96,1920952200
20040220,2052.13,2052.36,2022.79,2037.93,1780326900
20040223,2044.41,2045.10,1999.59,2007.52,1816596900
20040224,2000.75,2018.07,1991.05,2005.44,1924560600
20040225,2010.59,2024.20,2007.73,2022.98,1587640200
20040226,2018.91,2037.17,2012.83,2032.57,1630141200
20040227,2036.67,2044.77,2018.83,2029.82,1740755400
20040301,2036.92,2057.80,2032.64,2057.80,1579065600
20040302,2056.38,2064.40,2039.65,2039.65,1740913500
20040303,2037.11,2039.31,2020.29,2033.36,1687810500
20040304,2034.73,2055.12,2031.84,2055.11,1673135100
20040305,2037.33,2069.02,2034.18,2047.63,1902063900
20040308,2052.07,2058.25,2008.78,2008.78,1901161800
20040309,2008.75,2011.83,1987.29,1995.16,1958068500
20040310,1997.11,2007.25,1963.13,1964.15,2008632600
20040311,1953.59,1982.58,1943.89,1943.89,2037974100
20040312,1961.00,1984.73,1959.49,1984.73,1587630900
20040315,1977.78,1977.78,1939.20,1939.20,1602659700
20040316,1952.78,1961.99,1927.69,1943.09,1826185200
20040317,1956.52,1980.31,1956.52,1976.76,1561256100
20040318,1971.26,1972.31,1947.56,1962.44,1560316800
20040319,1964.97,1970.15,1940.47,1940.47,1530482400
20040322,1929.02,1929.28,1897.63,1909.90,1843483200
20040323,1923.23,1928.61,1898.94,1901.80,1706717400
20040324,1908.04,1922.51,1896.91,1909.48,1710679200
20040325,1923.22,1967.17,1923.22,1967.17,1830816600
20040326,1963.52,1976.76,1960.02,1960.02,1469232600
20040329,1975.43,1996.23,1975.43,1992.57,1586580000
20040330,1985.67,2000.68,1981.44,2000.63,1486651500
20040331,2001.09,2004.00,1985.04,1994.22,1731157800
20040401,1996.45,2019.09,1996.45,2015.01,1705089900
20040402,2046.05,2057.17,2037.19,2057.17,2030878200
20040405,2055.99,2079.12,2054.34,2079.12,1614759000
20040406,2064.13,2068.27,2053.32,2059.90,1684323000
20040407,2055.61,2060.44,2038.74,2050.24,1650712800
20040408,2074.58,2075.33,2046.10,2052.88,1575550200
20040412,2057.64,2069.45,2057.64,2065.48,1396264800
20040413,2072.95,2073.42,2026.20,2030.08,1816513200
20040414,2018.36,2040.15,2013.98,2024.85,1703946000
20040415,2026.52,2031.84,1989.21,2002.17,1819089300
20040416,2002.43,2007.17,1982.14,1995.74,1739490600
20040419,1995.37,2020.45,1991.14,2020.43,1555731900
20040420,2022.62,2032.41,1978.63,1978.63,1787218200
20040421,1987.22,1995.91,1973.25,1995.63,1910192100
20040422,1992.65,2035.39,1991.47,2032.91,1997519100
20040423,2045.92,2051.75,2034.48,2049.77,1792389000
20040426,2052.25,2059.08,2031.75,2036.77,1606742400
20040427,2040.53,2053.57,2027.64,2032.53,1833597300
20040428,2026.44,2026.44,1985.54,1989.54,1894800600
20040429,1987.48,1998.50,1946.10,1958.78,2205095100
20040430,1962.49,1965.89,1919.39,1920.15,2022498900
20040503,1928.72,1954.62,1926.09,1938.72,1797215700
20040504,1942.37,1969.97,1933.60,1950.48,1727502900
20040505,1954.99,1967.33,1948.51,1957.26,1475593800
20040506,1945.87,1949.55,1923.30,1937.74,1628216100
20040507,1931.86,1957.24,1917.96,1917.96,1522493700
20040510,1904.73,1907.98,1880.32,1896.07,1762935900
20040511,1909.50,1931.48,1909.50,1931.35,1530054600
20040512,1924.32,1927.23,1878.77,1925.59,1755635400
20040513,1918.63,1937.87,1914.10,1926.03,1449516600
20040514,1922.47,1927.25,1897.57,1904.25,1419514800
20040517,1881.06,1887.74,1865.40,1876.64,1421867700
20040518,1892.29,1903.39,1890.95,1897.82,1334643000
20040519,1917.58,1936.04,1898.16,1898.17,1706512800
20040520,1902.78,1912.02,1890.18,1896.59,1433037000
20040521,1910.04,1918.08,1899.85,1912.09,1280256600
20040524,1924.87,1934.41,1915.56,1922.98,1322534400
20040525,1920.94,1966.68,1913.73,1964.65,1646658000
20040526,1961.16,1976.16,1957.58,1976.15,1479657900
20040527,1982.77,1991.87,1969.04,1984.50,1526371800
20040528,1985.54,1990.81,1976.70,1986.74,1146866700
20040601,1978.52,1991.29,1972.71,1990.77,1356897900
20040602,1995.18,1998.32,1978.71,1988.98,1413711600
20040603,1983.86,1983.86,1960.26,1960.26,1419803100
20040604,1982.65,1995.50,1978.04,1978.62,1318368000
20040607,1991.67,2020.62,1991.42,2020.62,1381329000
20040608,2010.72,2023.54,2008.30,2023.53,1362254700
20040609,2015.04,2019.22,1989.99,1990.61,1413786000
20040610,1996.80,2000.99,1988.89,1999.87,1251445200
20040614,1987.75,1987.83,1963.48,1969.99,1304445900
20040615,1982.41,2006.58,1982.41,1995.60,1420370400
20040616,1997.10,2002.07,1990.57,1998.23,1258410900
20040617,1993.69,1993.93,1976.25,1983.67,1348425600
20040618,1977.77,2000.41,1973.91,1986.73,1578926100
20040621,1990.82,1995.06,1972.43,1974.38,1267590000
20040622,1975.51,1994.87,1964.53,1994.15,1544627700
20040623,1992.05,2023.23,1990.78,2020.98,1677310800
20040624,2020.11,2032.21,2013.78,2015.57,1567691700
20040625,2016.74,2033.87,2015.57,2025.47,1834053000
20040628,2038.98,2039.93,2013.73,2019.82,1498304400
20040629,2017.35,2037.60,2017.35,2034.93,1470822900
20040630,2038.34,2055.65,2031.88,2047.79,1631368800
20040701,2045.53,2045.53,2006.67,2015.55,1617558300
20040702,2014.09,2014.74,1996.61,2006.66,1116213900
20040706,1994.70,1995.40,1958.69,1963.43,1792621500
20040707,1961.22,1976.92,1960.78,1966.08,1638948300
20040708,1951.79,1964.48,1934.57,1935.32,1663909500
20040709,1946.49,1961.11,1940.22,1946.33,1291537500
20040712,1936.17,1941.24,1921.40,1936.92,1398720000
20040713,1940.31,1945.17,1930.59,1931.66,1394683800
20040714,1913.73,1937.68,1908.98,1914.88,1359474000
20040715,1920.14,1925.76,1910.13,1912.71,1553044200
20040716,1926.19,1926.19,1882.93,1883.15,1952442000
20040719,1889.06,1893.80,1870.14,1883.83,1650396600
20040720,1886.69,1917.07,1885.80,1917.07,1514263200
20040721,1933.02,1933.03,1874.37,1874.37,1962067500
20040722,1872.43,1892.98,1853.58,1889.06,1827050100
20040723,1874.46,1874.46,1846.55,1849.09,1579056300
20040726,1852.42,1860.12,1829.06,1839.02,1550365800
20040727,1844.28,1872.17,1843.04,1869.10,1645542000
20040728,1861.37,1869.00,1832.12,1858.26,1718063400
20040729,1871.54,1885.01,1867.62,1881.06,1584115500
20040730,1878.54,1896.31,1876.31,1887.36,1401807600
20040802,1874.93,1893.13,1869.66,1892.09,1426592100
20040803,1887.14,1887.57,1859.17,1859.42,1389866400
20040804,1850.78,1864.80,1842.20,1855.06,1543232700
20040805,1856.99,1859.77,1820.21,1821.63,1464433800
20040806,1805.95,1806.28,1775.57,1776.89,1573801800
20040809,1782.35,1787.44,1774.48,1774.64,1175045700
20040810,1782.30,1808.70,1782.26,1808.70,1365667800
20040811,1778.43,1786.65,1760.50,1782.42,1668661800
20040812,1770.68,1774.68,1751.95,1752.49,1518373800
20040813,1762.46,1768.63,1750.82,1757.22,1253407500
20040816,1759.58,1789.49,1759.58,1782.84,1199448900
20040817,1792.26,1804.59,1791.95,1795.25,1292960400
20040818,1787.66,1831.37,1784.60,1831.37,1464796500
20040819,1825.91,1829.13,1811.68,1819.89,1317558900
20040820,1819.54,1843.12,1815.92,1838.02,1248664500
20040823,1843.79,1848.12,1835.11,1838.70,1138933800
20040824,1846.93,1850.29,1828.51,1836.89,1210013700
20040825,1836.72,1861.79,1830.30,1860.72,1228195200
20040826,1855.77,1860.39,1848.88,1852.92,1100961900
20040827,1855.03,1866.25,1854.77,1862.09,940295100
20040830,1855.78,1855.78,1836.49,1836.49,937105200
20040831,1837.54,1842.15,1819.62,1838.10,1207986300
20040901,1833.37,1859.44,1833.33,1850.41,1326505500
20040902,1848.03,1876.24,1846.95,1873.43,1124156100
20040903,1857.61,1867.46,1840.94,1844.48,1157487300
20040907,1856.00,1865.43,1847.48,1858.56,1228251000
20040908,1855.25,1870.04,1850.05,1850.64,1341562200
20040909,1858.51,1875.39,1849.37,1869.65,1547324700
20040910,1870.33,1895.78,1863.46,1894.31,1494184500
20040913,1900.17,1919.21,1897.73,1910.38,1619204400
20040914,1909.20,1917.74,1901.77,1915.40,1403611800
20040915,1908.38,1908.38,1892.08,1896.52,1465215000
20040916,1898.83,1914.38,1898.36,1904.08,1232715000
20040917,1907.01,1911.00,1896.67,1910.09,1525544100
20040920,1903.02,1921.50,1900.24,1908.07,1455952200
20040921,1913.13,1925.85,1909.43,1921.18,1424350800
20040922,1910.23,1910.23,1884.85,1885.71,1477109700
20040923,1887.02,1894.67,1883.32,1886.43,1299033300
20040924,1888.89,1897.42,1879.48,1879.48,1264883700
20040927,1871.16,1871.94,1858.88,1859.88,1224614700
20040928,1865.88,1873.86,1852.59,1869.87,1429391400
20040929,1870.61,1894.06,1869.95,1893.94,1522670400
20040930,1892.60,1902.25,1887.68,1896.84,1540656600
20041001,1909.59,1942.23,1908.57,1942.20,1692879000
20041004,1954.59,1965.76,1950.17,1952.40,1725122100
20041005,1950.23,1960.90,1946.86,1955.50,1589928000
20041006,1953.91,1971.04,1947.24,1971.03,1788269100
20041007,1967.37,1970.26,1948.03,1948.52,1613522100
20041008,1940.67,1949.34,1917.72,1919.97,1552114200
20041011,1924.41,1930.66,1920.76,1928.76,1091652600
20041012,1913.70,1929.98,1904.11,1925.17,1402802700
20041013,1944.96,1948.01,1914.46,1920.53,1651791600
20041014,1920.58,1921.82,1900.77,1903.02,1478969700
20041015,1907.93,1923.92,1899.33,1911.50,1532900400
20041018,1909.78,1936.52,1904.50,1936.52,1399650000
20041019,1944.41,1952.85,1922.60,1922.90,1593396900
20041020,1920.06,1934.32,1910.83,1932.97,1534937100
20041021,1940.11,1957.48,1933.00,1953.62,1865580000
20041022,1952.36,1952.54,1914.39,1915.14,1616302800
20041025,1911.08,1920.71,1905.91,1914.04,1491561900
20041026,1915.15,1928.80,1905.49,1928.79,1685671500
20041027,1928.00,1971.28,1926.25,1969.99,1930605600
20041028,1963.36,1980.36,1959.57,1975.74,1694292600
20041029,1974.55,1984.18,1963.83,1974.99,1525153500
20041101,1975.48,1983.91,1969.32,1979.87,1416222600
20041102,1981.47,2002.93,1978.64,1984.79,1715924400
20041103,2014.45,2020.03,1992.70,2004.33,1820382000
20041104,1998.15,2023.72,1992.07,2023.63,1695845700
20041105,2035.04,2046.92,2025.63,2038.94,1775342100
20041108,2038.22,2044.53,2033.79,2039.25,1496621100
20041109,2039.03,2049.77,2034.41,2043.33,1573746000
20041110,2039.58,2047.25,2032.37,2034.56,1723717800
20041111,2041.34,2061.40,2039.74,2061.27,1641226800
20041112,2065.32,2085.34,2056.41,2085.34,1864008300
20041115,2082.59,2094.13,2078.84,2094.09,1756081800
20041116,2087.07,2087.30,2073.35,2078.62,1768004400
20041117,2090.94,2112.18,2090.72,2099.68,2067734100
20041118,2096.19,2105.39,2089.48,2104.28,1781349900
20041119,2100.45,2102.60,2070.63,2070.63,1891350300
20041122,2066.34,2085.19,2052.80,2085.19,1765102800
20041123,2082.47,2092.02,2068.98,2084.28,1913586600
20041124,2091.79,2103.80,2090.20,2102.54,1523498100
20041126,2101.81,2110.38,2101.81,2101.97,621016800
20041129,2110.91,2117.89,2090.35,2106.87,1715226900
20041130,2104.67,2107.45,2096.81,2096.81,1747246800
20041201,2104.58,2138.32,2104.58,2138.23,2121925200
20041202,2133.95,2156.14,2131.65,2143.57,2233497300
20041203,2153.29,2164.63,2145.72,2147.96,2242164900
20041206,2145.43,2157.43,2138.21,2151.25,1999732500
20041207,2154.13,2161.30,2114.65,2114.66,2484513600
20041208,2118.14,2130.76,2110.57,2126.11,2223499800
20041209,2109.55,2134.23,2097.86,2129.01,2124259500
20041210,2121.15,2134.60,2120.33,2128.07,1669201200
20041213,2141.20,2148.50,2132.19,2148.50,1926011400
20041214,2145.05,2163.50,2145.05,2159.84,2072663100
20041215,2159.68,2171.27,2151.31,2162.55,2173958700
20041216,2159.96,2164.80,2138.81,2146.15,2228484600
20041217,2142.71,2150.85,2135.05,2135.20,2253464400
20041220,2142.21,2154.48,2124.22,2127.85,1852057800
20041221,2134.75,2151.71,2133.34,2150.91,1834759800
20041222,2145.99,2163.48,2145.18,2157.03,1676566800
20041223,2153.31,2168.78,2153.31,2160.62,1330616100
20041227,2168.82,2171.94,2147.59,2154.22,1375191000
20041228,2156.75,2177.19,2156.53,2177.19,1476421500
20041229,2170.99,2182.33,2170.99,2177.00,1398608400
20041230,2177.47,2182.37,2176.40,2178.34,1304920200
20041231,2178.98,2185.56,2174.63,2175.44,1270807800
20050103,2184.75,2191.60,2148.72,2152.15,2039610900
20050104,2158.31,2159.64,2100.56,2107.86,2502127800
20050105,2102.90,2116.75,2091.24,2091.24,2209103400
20050106,2098.51,2103.90,2088.03,2090.00,2022024600
20050107,2099.95,2103.39,2076.69,2088.61,2038476300
20050110,2087.62,2111.43,2086.66,2097.04,1951391100
20050111,2089.07,2090.62,2072.62,2079.62,2055523200
20050112,2089.70,2093.44,2066.79,2092.53,2099633100
20050113,2093.54,2094.80,2067.94,2070.56,1963797300
20050114,2079.47,2088.58,2075.47,2087.91,1938919800
20050118,2081.86,2106.19,2078.04,2106.04,1844971200
20050119,2105.74,2105.84,2072.20,2073.59,2062461000
20050120,2056.38,2065.59,2045.88,2045.88,2075164800
20050121,2053.15,2058.00,2032.88,2034.27,1900706100
20050124,2040.13,2043.97,2008.68,2008.70,1985252400
20050125,2022.08,2037.18,2017.58,2019.95,1863375900
20050126,2034.69,2049.34,2028.19,2046.09,1957715100
20050127,2042.77,2053.94,2036.09,2047.15,1958784600
20050128,2052.54,2055.13,2024.36,2035.83,1951279500
20050131,2053.47,2063.18,2053.47,2062.41,1696134000
20050201,2063.27,2071.52,2058.66,2068.70,1771250100
20050202,2074.06,2079.58,2064.20,2075.06,1827961500
20050203,2065.44,2066.93,2049.25,2057.64,1825357500
20050204,2056.47,2086.72,2056.29,2086.66,1805604300
20050207,2086.55,2091.17,2075.41,2082.03,1579567800
20050208,2082.11,2095.64,2080.42,2086.68,1807510800
20050209,2088.52,2089.38,2051.00,2052.55,1821693300
20050210,2058.53,2059.65,2040.04,2053.10,1939515000
20050211,2048.96,2081.48,2039.72,2076.66,2012175900
20050214,2076.75,2085.12,2074.81,2082.91,1524865200
20050215,2083.64,2103.45,2081.46,2089.21,1926578700
20050216,2082.46,2093.37,2079.37,2087.43,1734515100
20050217,2088.67,2093.68,2061.34,2061.34,1813927800
20050218,2065.15,2068.89,2056.20,2058.62,1501168800
20050222,2046.18,2064.67,2030.17,2030.32,1912284600
20050223,2039.55,2040.84,2024.64,2031.25,1746958500
20050224,2028.43,2051.81,2023.00,2051.70,1889648400
20050225,2050.49,2065.40,2047.23,2065.40,1647216000
20050228,2058.28,2066.53,2038.77,2051.72,1981030200
20050301,2057.47,2073.74,2057.19,2071.25,1805297400
20050302,2060.30,2084.15,2057.22,2067.50,1864157100
20050303,2073.33,2074.71,2047.92,2058.40,1763168400
20050304,2071.15,2078.14,2064.93,2070.61,1701146700
20050307,2073.90,2100.57,2073.82,2090.21,1812746700
20050308,2087.11,2095.74,2072.59,2073.55,1577931000
20050309,2070.85,2079.37,2060.23,2061.29,1762833600
20050310,2065.09,2067.21,2042.02,2059.72,1697984700
20050311,2063.56,2069.40,2036.41,2041.60,1666643700
20050314,2043.64,2051.04,2037.41,2051.04,1588179600
20050315,2057.17,2059.07,2034.41,2034.98,1710074700
20050316,2028.29,2037.96,2011.67,2015.75,1831811700
20050317,2016.91,2023.67,2010.52,2016.42,1622961600
20050318,2018.41,2020.40,1999.98,2007.79,1959491400
20050321,2008.16,2011.39,1993.76,2007.51,1498230000
20050322,2007.72,2017.66,1988.86,1989.34,1679533500
20050323,1985.49,1999.43,1985.22,1990.22,1619269500
20050324,1997.48,2008.63,1991.06,1991.06,1579074900
20050328,1998.76,2005.49,1992.52,1992.52,1383486600
20050329,1990.27,2002.65,1968.58,1973.88,1671991200
20050330,1980.07,2005.67,1980.07,2005.67,1630857300
20050331,2005.71,2006.62,1994.80,1999.23,1568882100
20050401,2009.09,2014.73,1982.19,1984.81,1738811700
20050404,1983.81,1995.80,1972.07,1991.07,1478058300
20050405,1994.38,2002.35,1991.88,1999.32,1532184300
20050406,2004.25,2017.08,1996.91,1999.14,1624152000
20050407,1999.61,2018.79,1998.14,2018.79,1594271100
20050408,2018.42,2021.82,1999.33,1999.35,1410196200
20050411,2004.16,2006.24,1991.21,1992.12,1285715700
20050412,1988.33,2007.24,1970.01,2005.40,1796639100
20050413,2000.46,2001.30,1972.10,1974.37,1586068500
20050414,1974.18,1975.42,1946.58,1946.71,1794955800
20050415,1932.96,1940.15,1906.71,1908.15,2152596600
20050418,1906.43,1921.69,1904.27,1912.92,1711534800
20050419,1922.82,1933.21,1918.15,1932.36,1667331900
20050420,1944.64,1945.60,1912.35,1913.76,1864603500
20050421,1931.85,1962.41,1928.52,1962.41,1814885700
20050422,1953.58,1953.77,1921.38,1932.19,1676538900
20050425,1942.02,1954.87,1938.45,1950.78,1341450600
20050426,1943.75,1958.58,1927.44,1927.44,1553137200
20050427,1919.42,1937.15,1913.14,1930.43,1640715300
20050428,1922.03,1927.31,1904.08,1904.18,1731046200
20050429,1917.64,1921.77,1889.83,1921.65,1896781500
20050502,1923.23,1933.42,1916.03,1928.65,1439407500
20050503,1924.78,1944.53,1924.78,1933.07,1737370200
20050504,1937.79,1963.26,1935.24,1962.23,1746372600
20050505,1960.38,1969.29,1951.49,1961.80,1599488400
20050506,1972.66,1973.50,1960.76,1967.35,1405341600
20050509,1967.74,1979.67,1960.27,1979.67,1340139300
20050510,1968.08,1971.25,1957.29,1962.77,1483833600
20050511,1966.06,1972.52,1943.89,1971.55,1596028800
20050512,1970.80,1982.20,1956.45,1963.88,1658589900
20050513,1978.28,1990.00,1964.77,1976.78,1747451400
20050516,1976.38,1994.47,1973.67,1994.43,1292969700
20050517,1986.16,2004.15,1980.94,2004.15,1414074300
20050518,2008.63,2034.30,2007.20,2030.65,1820828400
20050519,2032.09,2042.68,2030.05,2042.58,1581539400
20050520,2040.63,2046.42,2033.35,2046.42,1388229600
20050523,2046.09,2062.95,2046.09,2056.65,1506720900
20050524,2052.28,2062.52,2049.77,2061.62,1577224200
20050525,2055.78,2055.78,2041.95,2050.12,1388490000
20050526,2057.99,2072.54,2057.80,2071.24,1484707800
20050527,2068.53,2076.80,2064.99,2075.73,1150735500
20050531,2073.92,2076.01,2065.02,2068.22,1468228200
20050601,2067.23,2095.54,2067.23,2087.86,1655130300
20050602,2081.82,2097.80,2081.82,2097.80,1624356600
20050603,2094.18,2095.99,2069.17,2071.43,1523247000
20050606,2072.36,2078.61,2066.36,2075.76,1373749500
20050607,2079.06,2095.96,2067.14,2067.16,1717272900
20050608,2073.21,2074.61,2057.58,2060.18,1490362200
20050609,2059.58,2077.47,2052.96,2076.91,1550003100
20050610,2076.25,2076.25,2055.94,2063.00,1347923400
20050613,2059.96,2078.26,2058.72,2068.96,1331880900
20050614,2068.04,2074.78,2064.08,2069.04,1307440500
20050615,2076.73,2079.13,2053.39,2074.92,1555583100
20050616,2076.27,2089.51,2073.29,2089.15,1667508600
20050617,2098.33,2098.53,2085.24,2090.11,1853750400
20050620,2081.05,2096.77,2076.42,2088.13,1309542300
20050621,2087.63,2095.69,2083.59,2091.07,1448456400
20050622,2097.05,2102.75,2083.76,2092.03,1551649200
20050623,2093.91,2106.57,2070.57,2070.66,1868816400
20050624,2070.33,2071.52,2050.76,2053.27,2000430000
20050627,2050.30,2054.47,2039.69,2045.20,1346919000
20050628,2051.77,2072.58,2050.98,2069.89,1473306000
20050629,2074.44,2076.02,2066.45,2068.89,1525534800
20050630,2072.05,2076.16,2056.24,2056.96,1610295000
20050701,2060.97,2064.81,2053.06,2057.37,1093866000
20050705,2052.10,2079.60,2052.10,2078.75,1339479000
20050706,2076.90,2084.76,2068.42,2068.65,1480634400
20050707,2050.71,2076.43,2050.30,2075.66,1504609800
20050708,2077.90,2113.91,2076.53,2112.88,1567310400
20050711,2115.98,2135.69,2115.57,2135.43,1646844000
20050712,2132.51,2149.78,2128.82,2143.15,1541493600
20050713,2142.60,2146.56,2136.37,2144.11,1432200000
20050714,2156.56,2164.18,2148.61,2152.82,1741248300
20050715,2152.70,2160.64,2145.18,2156.78,1427512800
20050718,2151.84,2153.52,2144.78,2144.87,1215761100
20050719,2156.77,2173.87,2154.36,2173.18,1518383100
20050720,2158.97,2191.09,2158.09,2188.57,1820075100
20050721,2191.77,2193.19,2171.98,2178.60,1892438400
20050722,2176.14,2182.64,2165.44,2179.74,1544134800
20050725,2179.04,2186.46,2165.93,2166.74,1416408600
20050726,2170.60,2181.14,2167.09,2175.99,1536211200
20050727,2178.73,2187.15,2167.88,2186.22,1627565100
20050728,2188.29,2198.52,2183.27,2198.44,1565999100
20050729,2195.47,2201.39,2184.43,2184.83,1500973500
20050801,2191.49,2201.87,2189.08,2195.38,1388192400
20050802,2197.79,2219.00,2197.79,2218.15,1613568600
20050803,2211.09,2219.91,2209.40,2216.81,1629769200
20050804,2208.33,2209.37,2190.30,2191.32,1479983400
20050805,2189.42,2195.10,2175.91,2177.91,1368718200
20050808,2182.99,2185.56,2163.50,2164.39,1330839300
20050809,2170.44,2181.27,2167.88,2174.19,1358237100
20050810,2178.07,2185.91,2152.82,2157.81,1690442400
20050811,2158.30,2174.55,2156.97,2174.55,1471343700
20050812,2158.94,2161.07,2144.60,2156.90,1442811300
20050815,2153.71,2173.66,2147.85,2167.04,1283827800
20050816,2160.97,2161.46,2136.49,2137.06,1432497600
20050817,2139.36,2153.04,2137.18,2145.15,1411749300
20050818,2139.40,2146.49,2133.08,2136.08,1294355400
20050819,2138.74,2143.92,2134.99,2135.56,1120901100
20050822,2140.95,2151.84,2129.46,2141.41,1257034500
20050823,2142.29,2145.71,2131.02,2137.25,1247381100
20050824,2133.17,2156.13,2127.30,2128.91,1598279400
20050825,2131.30,2138.46,2129.46,2134.37,1216049400
20050826,2132.97,2133.17,2118.04,2120.77,1172850900
20050829,2112.44,2139.40,2112.25,2137.65,1179760800
20050830,2130.88,2132.21,2118.27,2129.76,1335852000
20050831,2130.81,2152.09,2124.08,2152.09,1517555400
20050901,2150.03,2157.32,2142.32,2147.90,1509687600
20050902,2150.52,2152.22,2139.28,2141.07,1051318500
20050906,2147.31,2167.10,2147.31,2166.86,1304966700
20050907,2164.14,2172.39,2158.61,2172.03,1377162600
20050908,2165.72,2173.85,2161.29,2166.03,1467605100
20050909,2168.90,2177.23,2164.41,2175.51,1504312200
20050912,2176.47,2186.83,2175.23,2182.83,1602892200
20050913,2177.95,2185.89,2167.83,2171.75,1603850100
20050914,2173.62,2174.01,2149.19,2149.33,1579372500
20050915,2153.75,2155.75,2142.73,2146.15,1622533800
20050916,2153.75,2160.83,2146.79,2160.35,2110197900
20050919,2157.37,2159.49,2139.89,2145.26,1491850200
20050920,2149.44,2162.14,2127.48,2131.33,1716473100
20050921,2129.65,2129.96,2106.64,2106.64,1648304100
20050922,2104.39,2114.59,2093.06,2110.78,1574424900
20050923,2105.37,2121.05,2099.95,2116.84,1491831600
20050926,2127.90,2132.60,2112.27,2121.46,1397241300
20050927,2123.65,2125.90,2109.05,2116.42,1542553800
20050928,2122.19,2127.49,2109.75,2115.40,1584580500
20050929,2114.97,2141.43,2107.70,2141.22,1675413600
20050930,2140.17,2151.69,2138.23,2151.69,1498202100
20051003,2152.70,2162.79,2152.59,2155.43,1668810600
20051004,2156.26,2167.00,2139.00,2139.36,1864929000
20051005,2139.16,2139.60,2103.02,2103.02,1789227000
20051006,2104.92,2110.83,2069.04,2084.08,1959844800
20051007,2091.12,2097.42,2082.44,2090.35,1343645400
20051010,2091.68,2093.23,2078.11,2078.92,1282665300
20051011,2084.38,2085.61,2058.19,2061.09,1722322800
20051012,2055.44,2064.66,2032.79,2037.47,1873717500
20051013,2033.86,2051.23,2025.58,2047.22,1653158700
20051014,2054.50,2064.95,2042.54,2064.83,1446549900
20051017,2065.54,2071.25,2054.19,2070.30,1177407900
20051018,2069.32,2072.50,2055.96,2056.00,1358478900
20051019,2048.66,2091.24,2042.03,2091.24,1760769000
20051020,2088.04,2096.43,2058.52,2068.11,1672074900
20051021,2083.84,2091.44,2074.20,2082.21,1646751000
20051024,2089.51,2115.88,2083.98,2115.83,1442867100
20051025,2109.55,2116.42,2094.79,2109.45,1487181600
20051026,2104.02,2121.36,2098.15,2100.05,1703760000
20051027,2095.85,2098.04,2063.81,2063.81,1598298000
20051028,2073.85,2089.88,2064.92,2089.88,1754500800
20051031,2094.37,2125.73,2094.37,2120.30,1738876800
20051101,2109.89,2121.25,2108.86,2114.05,1770003900
20051102,2110.95,2144.56,2110.87,2144.31,2021159700
20051103,2157.30,2169.98,2153.20,2160.22,2182012500
20051104,2165.10,2172.68,2156.60,2169.43,1580637300
20051107,2174.25,2182.09,2165.82,2178.24,1507641600
20051108,2172.37,2180.79,2166.25,2172.07,1487414100
20051109,2171.23,2182.90,2166.16,2175.81,1482587400
20051110,2175.02,2196.75,2162.65,2196.68,1802367900
20051111,2198.26,2205.36,2198.26,2202.47,1353057000
20051114,2203.79,2206.88,2197.12,2200.95,1288384800
20051115,2199.39,2204.69,2181.92,2186.74,1566873300
20051116,2189.46,2191.19,2176.54,2187.93,1601236800
20051117,2195.48,2220.46,2194.66,2220.46,1683169800
20051118,2232.36,2234.30,2218.81,2227.07,1854280500
20051121,2226.62,2242.30,2219.25,2241.67,1545557700
20051122,2235.30,2257.77,2232.74,2253.56,1726600800
20051123,2251.37,2269.30,2250.40,2259.98,1474710300
20051125,2262.43,2264.13,2256.45,2263.01,590940600
20051128,2263.55,2264.06,2239.34,2239.37,1450223400
20051129,2247.70,2253.25,2232.54,2232.71,1630792200
20051130,2232.50,2243.41,2230.19,2232.82,1744754400
20051201,2244.85,2269.39,2244.71,2267.17,1869690600
20051202,2266.17,2273.61,2261.13,2273.37,1635414300
20051205,2269.07,2269.48,2250.84,2257.64,1543725600
20051206,2267.76,2278.16,2259.37,2260.76,1663026000
20051207,2263.29,2264.91,2244.62,2252.01,1612182900
20051208,2254.80,2261.61,2233.74,2246.46,1774774800
20051209,2247.28,2258.66,2241.03,2256.73,1542470100
20051212,2263.97,2266.13,2253.43,2260.95,1561730400
20051213,2256.60,2271.85,2254.91,2265.00,1742801400
20051214,2261.93,2270.43,2254.43,2262.59,1558875300
20051215,2266.05,2267.55,2247.32,2260.62,1678305900
20051216,2262.08,2263.88,2251.66,2252.48,2133866400
20051219,2254.63,2256.03,2221.79,2222.74,1623342900
20051220,2223.56,2231.02,2213.52,2222.41,1583715600
20051221,2227.53,2241.93,2225.18,2231.65,1515927900
20051222,2233.79,2247.09,2232.57,2246.49,1393958400
20051223,2249.40,2254.71,2245.58,2249.41,909884100
20051227,2253.05,2259.67,2226.62,2226.88,1162965000
20051228,2230.36,2233.54,2221.40,2228.93,1136032200
20051229,2229.60,2232.88,2216.98,2218.15,1102375500
20051230,2209.03,2209.97,2200.51,2205.32,1194166500
20060103,2216.53,2249.67,2189.90,2243.74,1858419000
20060104,2246.96,2265.28,2246.07,2263.46,1755430800
20060105,2264.92,2277.56,2264.50,2276.87,1759327500
20060106,2289.21,2306.72,2281.01,2305.62,2077285200
20060109,2306.17,2322.62,2303.12,2318.68,1812700200
20060110,2306.22,2320.32,2303.92,2320.32,1839688800
20060111,2321.40,2332.91,2316.49,2331.36,2213958000
20060112,2327.16,2330.31,2313.22,2316.68,1870657800
20060113,2317.74,2321.70,2308.15,2317.04,1659501300
20060117,2302.56,2305.87,2294.05,2302.68,1583101800
20060118,2265.50,2285.93,2264.08,2279.63,2117517000
20060119,2291.68,2311.71,2289.82,2301.81,2146579500
20060120,2300.36,2300.73,2245.20,2247.70,2183770200
20060123,2255.31,2256.24,2241.02,2248.47,1769306400
20060124,2256.12,2269.43,2256.03,2265.25,1922747100
20060125,2275.30,2275.30,2253.06,2260.64,2034951600
20060126,2274.85,2284.07,2264.85,2283.00,2236575600
20060127,2293.37,2314.36,2289.47,2304.23,2168471700
20060130,2306.24,2313.98,2304.75,2306.78,1767678900
20060131,2306.78,2311.83,2292.95,2305.82,2079387000
20060201,2294.11,2311.57,2292.23,2310.56,2115387300
20060202,2306.57,2308.05,2277.30,2281.57,2146281900
20060203,2268.42,2274.62,2255.99,2262.58,2073918600
20060206,2263.12,2265.81,2249.75,2258.80,1645662900
20060207,2255.93,2265.54,2239.51,2244.96,1968977400
20060208,2260.22,2268.72,2246.98,2266.98,2029046100
20060209,2273.77,2284.52,2254.26,2255.87,2158818300
20060210,2255.77,2266.43,2235.40,2261.87,1876488900
20060213,2252.04,2254.31,2232.67,2239.81,1545660000
20060214,2243.54,2266.82,2237.47,2262.16,1678929000
20060215,2259.04,2277.12,2255.10,2276.42,1658236500
20060216,2281.87,2294.62,2278.06,2294.62,1804637100
20060217,2291.73,2291.76,2279.62,2282.36,1812235200
20060221,2283.52,2284.82,2256.75,2262.96,1624877400
20060222,2264.68,2287.99,2259.16,2283.16,1696422300
20060223,2279.59,2293.74,2271.82,2279.32,1631406000
20060224,2278.27,2287.86,2272.78,2287.04,1473101400
20060227,2291.48,2313.53,2291.24,2307.17,1594410600
20060228,2300.96,2305.62,2276.74,2281.38,1972120800
20060301,2288.14,2315.95,2285.63,2314.63,2037090600
20060302,2305.53,2316.92,2299.76,2311.11,1942863000
20060303,2299.10,2324.91,2297.09,2302.60,2221807200
20060306,2306.65,2309.51,2281.37,2286.03,1964420400
20060307,2280.08,2280.08,2259.63,2268.37,1774728300
20060308,2260.87,2275.12,2248.64,2267.46,1938157200
20060309,2272.26,2279.28,2249.56,2249.72,1820530800
20060310,2251.81,2266.99,2239.54,2262.04,1630011000
20060313,2269.43,2280.20,2263.67,2267.03,1534081500
20060314,2264.25,2296.91,2264.24,2295.89,1777927500
20060315,2301.16,2312.49,2293.06,2311.84,1944183600
20060316,2319.11,2323.79,2299.55,2299.56,2180143200
20060317,2306.16,2310.84,2294.50,2306.48,2362311600
20060320,2311.92,2317.12,2305.59,2314.11,1807752600
20060321,2312.89,2332.95,2292.55,2294.23,2195199900
20060322,2283.38,2305.43,2282.37,2303.35,1968084600
20060323,2300.16,2305.16,2287.89,2300.14,1826287500
20060324,2304.74,2316.14,2300.37,2312.82,1793077200
20060327,2312.47,2319.92,2310.02,2315.58,1720704600
20060328,2315.61,2327.83,2299.56,2304.46,1857684300
20060329,2309.93,2344.66,2308.40,2337.78,2209029000
20060330,2340.23,2353.13,2330.84,2340.82,2009553300
20060331,2345.53,2348.88,2334.54,2339.79,1722006600
20060403,2352.24,2357.53,2334.60,2336.74,1816252800
20060404,2337.95,2350.70,2332.66,2345.36,1936557600
20060405,2349.82,2361.90,2341.65,2359.75,1885519200
20060406,2358.91,2366.56,2347.63,2361.16,1991929800
20060407,2367.32,2375.45,2336.71,2339.02,1862194800
20060410,2340.38,2343.59,2326.47,2333.27,1712083500
20060411,2337.87,2339.79,2302.18,2310.35,1951865400
20060412,2309.38,2318.05,2308.33,2314.67,1428954300
20060413,2314.32,2333.03,2310.12,2326.11,1410791400
20060417,2325.56,2332.66,2299.41,2311.15,1651838100
20060418,2318.27,2357.46,2318.27,2356.13,2095104000
20060419,2358.87,2370.92,2350.04,2370.87,1932251700
20060420,2368.74,2375.54,2354.07,2362.55,1976361600
20060421,2371.64,2371.64,2333.50,2342.86,2163254400
20060424,2338.78,2338.78,2324.28,2333.37,1867560900
20060425,2338.54,2338.54,2321.63,2330.30,2140655400
20060426,2333.57,2342.87,2327.73,2333.62,1938333900
20060427,2324.62,2361.88,2315.12,2344.95,2393410800
20060428,2321.61,2337.28,2317.47,2322.57,2326636800
20060501,2329.79,2334.68,2300.25,2304.79,1930791600
20060502,2311.73,2313.92,2302.80,2309.84,1925788200
20060503,2311.20,2312.60,2295.03,2303.97,1978351800
20060504,2307.37,2326.82,2307.37,2323.89,1910322300
20060505,2335.96,2344.37,2332.67,2342.57,1850011800
20060508,2342.40,2352.56,2339.46,2344.99,1605421800
20060509,2339.71,2343.62,2334.16,2338.25,1716063900
20060510,2332.82,2338.25,2314.45,2320.74,1873271100
20060511,2319.08,2319.60,2270.51,2272.70,2275496100
20060512,2263.97,2264.18,2243.32,2243.78,2129244300
20060515,2234.01,2245.17,2220.50,2238.52,1866231000
20060516,2239.00,2243.74,2222.80,2229.12,1856856600
20060517,2214.89,2222.37,2193.87,2195.80,2174154000
20060518,2205.37,2212.95,2180.28,2180.32,1881055200
20060519,2183.34,2198.65,2164.54,2193.87,2338373400
20060522,2178.14,2184.57,2156.66,2172.86,2111062800
20060523,2188.37,2199.56,2158.76,2158.76,1982527500
20060524,2159.83,2179.84,2135.81,2169.16,2415228600
20060525,2182.42,2198.58,2174.24,2198.24,1886932800
20060526,2205.89,2210.49,2196.70,2210.37,1432851000
20060530,2202.57,2202.57,2164.74,2164.74,1598353800
20060531,2171.46,2185.33,2165.79,2178.87,1970725800
20060601,2179.82,2219.86,2177.80,2219.86,1933228200
20060602,2229.84,2233.87,2203.73,2219.40,1798043400
20060605,2212.35,2219.40,2169.39,2169.62,1611922500
20060606,2174.28,2176.47,2144.20,2162.78,1943272200
20060607,2166.58,2184.43,2150.68,2151.80,1779899100
20060608,2141.59,2151.80,2100.42,2145.32,2741733000
20060609,2151.91,2163.21,2133.47,2135.06,1631908200
20060612,2137.47,2138.67,2091.32,2091.32,1755579600
20060613,2089.87,2108.36,2067.74,2072.47,2412885000
20060614,2075.55,2091.93,2065.11,2086.00,1943830200
20060615,2098.37,2147.90,2086.00,2144.14,2047385700
20060616,2140.51,2144.14,2122.78,2129.95,2258179500
20060619,2136.60,2138.77,2104.37,2110.41,1563869400
20060620,2110.91,2126.72,2103.77,2107.06,1462053000
20060621,2109.22,2152.56,2107.06,2141.20,1725010500
20060622,2138.97,2141.20,2113.59,2122.98,1529571000
20060623,2120.30,2137.42,2110.81,2121.47,1501494300
20060626,2126.46,2135.71,2121.47,2133.66,1295434200
20060627,2134.58,2139.42,2098.76,2100.25,1662998100
20060628,2105.93,2112.62,2090.78,2111.84,1479918300
20060629,2121.50,2174.37,2111.84,2174.37,2013812700
20060630,2181.47,2183.48,2164.66,2172.09,2286721200
20060703,2177.90,2190.43,2172.09,2190.42,733026000
20060705,2174.68,2190.42,2147.12,2153.34,1475882100
20060706,2156.30,2168.54,2148.21,2155.09,1474133700
20060707,2146.88,2155.09,2126.63,2130.06,1636679100
20060710,2135.96,2142.36,2109.17,2116.92,1452464700
20060711,2110.41,2129.47,2095.68,2128.86,1833495000
20060712,2121.71,2128.86,2090.23,2090.24,1652163600
20060713,2076.38,2090.24,2054.10,2054.11,1880497200
20060714,2053.87,2056.53,2027.11,2037.35,1655362800
20060717,2034.76,2050.64,2028.30,2037.72,1399538400
20060718,2043.18,2052.53,2012.78,2043.22,1857098400
20060719,2037.68,2086.07,2037.10,2080.71,2143408200
20060720,2083.83,2084.24,2038.71,2039.42,1814848500
20060721,2035.26,2035.78,2014.06,2020.39,2182607700
20060724,2030.49,2061.84,2030.49,2061.84,1837559100
20060725,2060.37,2080.11,2055.34,2073.89,1779750300
20060726,2066.46,2083.96,2053.63,2070.46,1928178300
20060727,2082.57,2093.13,2052.02,2054.47,1971693000
20060728,2065.28,2094.95,2065.06,2094.13,1677059700
20060731,2087.86,2098.24,2082.62,2091.47,1471511100
20060801,2080.34,2080.34,2052.75,2061.99,1546655100
20060802,2069.90,2089.00,2069.58,2078.81,1632828900
20060803,2064.56,2099.81,2060.90,2092.34,1691474700
20060804,2107.83,2119.01,2068.80,2085.05,1703797200
20060807,2079.45,2079.45,2064.93,2072.50,1328198100
20060808,2079.52,2083.89,2054.12,2060.85,1757179200
20060809,2085.56,2097.76,2056.77,2060.28,1928875800
20060810,2052.98,2076.35,2048.22,2071.74,1609197600
20060811,2066.23,2066.23,2049.84,2057.71,1323882900
20060814,2073.01,2092.65,2067.68,2069.04,1376511600
20060815,2092.49,2115.01,2089.60,2115.01,1632763800
20060816,2127.06,2149.54,2120.11,2149.54,2301526800
20060817,2144.30,2168.11,2141.56,2157.61,1784688600
20060818,2157.13,2165.47,2138.45,2163.95,1565924700
20060821,2151.90,2153.53,2140.81,2147.75,1222020000
20060822,2145.31,2162.67,2140.62,2150.02,1447024200
20060823,2152.90,2160.11,2126.75,2134.65,1355177400
20060824,2142.34,2144.33,2122.64,2137.11,1306054800
20060825,2132.16,2152.91,2129.25,2140.29,1192734300
20060828,2140.52,2164.22,2139.57,2160.70,1240489800
20060829,2161.96,2173.87,2145.22,2172.30,1470320700
20060830,2175.07,2188.55,2167.48,2185.73,1506627900
20060831,2189.16,2193.34,2181.77,2183.75,1581195300
20060901,2194.56,2198.58,2182.92,2193.15,1232752200
20060905,2192.93,2207.55,2184.41,2205.70,1611187800
20060906,2189.70,2190.26,2167.62,2167.84,1671284400
20060907,2160.05,2174.80,2149.36,2155.29,1717886700
20060908,2160.02,2168.43,2154.55,2165.79,1355214600
20060911,2152.12,2180.38,2147.43,2173.25,1575680400
20060912,2174.61,2217.28,2174.61,2215.82,1867430700
20060913,2214.80,2229.17,2211.13,2227.66,1730292900
20060914,2221.73,2230.97,2218.86,2228.73,1698738000
20060915,2243.28,2247.15,2227.72,2235.59,2283959100
20060918,2232.99,2247.47,2228.52,2235.75,1780206000
20060919,2239.86,2239.86,2202.92,2222.37,1934325600
20060920,2242.11,2257.28,2242.11,2252.88,2013394200
20060921,2257.54,2261.47,2232.88,2237.75,1853592300
20060922,2233.55,2233.55,2210.12,2218.92,1531282200
20060925,2227.37,2253.45,2212.02,2249.07,1705489800
20060926,2247.72,2261.78,2243.66,2261.34,1870360200
20060927,2256.16,2271.00,2254.37,2263.38,1896363000
20060928,2266.92,2273.12,2252.90,2270.02,1678891800
20060929,2273.30,2273.30,2257.98,2258.42,1685271600
20061002,2257.00,2262.66,2235.67,2237.60,1645328100
20061003,2233.01,2251.86,2224.21,2243.64,1810524000
20061004,2239.87,2290.98,2239.26,2290.95,2036960400
20061005,2289.53,2306.35,2287.61,2306.34,1777313700
20061006,2296.14,2306.28,2289.99,2299.99,1555397100
20061009,2297.82,2317.41,2295.25,2311.77,1381310400
20061010,2314.12,2319.06,2302.24,2315.42,1637134800
20061011,2304.66,2322.07,2292.29,2308.27,1855908000
20061012,2318.28,2346.29,2318.28,2346.17,1863682800
20061013,2344.70,2360.23,2341.39,2357.29,1804692900
20061016,2359.18,2368.11,2358.01,2363.84,1695966600
20061017,2354.07,2354.07,2329.80,2344.95,1977133500
20061018,2355.41,2362.09,2330.49,2337.14,1981597500
20061019,2332.54,2345.24,2324.42,2340.93,1860641700
20061020,2340.93,2349.36,2329.12,2342.30,1787525100
20061023,2338.14,2364.20,2330.61,2355.56,1695836400
20061024,2352.49,2356.03,2335.90,2344.84,1726898400
20061025,2346.77,2359.76,2338.64,2356.59,1953725400
20061026,2361.09,2379.29,2347.87,2379.10,2175772200
20061027,2375.16,2377.34,2347.07,2350.62,2110123500
20061030,2347.21,2371.06,2341.03,2363.77,1603487400
20061031,2368.75,2374.63,2355.95,2366.71,1787599500
20061101,2373.49,2375.53,2330.57,2334.35,1885128600
20061102,2324.48,2339.12,2320.84,2334.02,1755198300
20061103,2339.04,2343.98,2316.82,2330.79,1701946500
20061106,2341.65,2371.81,2341.65,2365.95,1759792500
20061107,2366.01,2391.34,2363.63,2375.87,1942556100
20061108,2363.91,2393.47,2358.43,2384.93,1930698600
20061109,2399.28,2401.33,2370.60,2376.01,2213623200
20061110,2378.26,2389.72,2373.62,2389.72,1562827800
20061113,2389.52,2408.90,2387.87,2406.37,1600353300
20061114,2408.05,2430.83,2394.62,2430.65,1791524100
20061115,2430.13,2452.56,2429.67,2442.75,1956599100
20061116,2447.09,2453.35,2438.04,2449.06,1896111900
20061117,2439.62,2445.86,2431.79,2445.86,1611132000
20061120,2441.15,2457.13,2437.84,2452.72,1578656400
20061121,2454.64,2456.60,2445.04,2454.84,1544051100
20061122,2463.21,2467.20,2450.63,2465.98,1463001600
20061124,2449.73,2468.41,2449.32,2460.26,633804300
20061127,2454.16,2454.63,2405.88,2405.91,1813779000
20061128,2397.32,2414.08,2390.10,2412.61,1821525900
20061129,2422.90,2436.61,2414.80,2432.23,1770189900
20061130,2430.75,2441.35,2419.23,2431.77,1984806000
20061201,2430.75,2434.38,2392.95,2413.21,1897683600
20061204,2420.91,2455.66,2420.60,2448.38,1817712900
20061205,2455.70,2459.51,2445.13,2452.37,1851258000
20061206,2447.54,2451.86,2436.47,2445.86,1756770000
20061207,2449.63,2454.90,2427.68,2427.68,1907457900
20061208,2423.66,2447.03,2416.77,2437.36,1711758000
20061211,2437.36,2453.22,2429.97,2442.86,1686406200
20061212,2443.03,2444.72,2419.32,2431.60,1792612200
20061213,2444.12,2444.12,2423.87,2432.40,1657659900
20061214,2435.75,2461.31,2435.75,2453.85,1757244300
20061215,2467.36,2470.02,2455.24,2457.20,2161924500
20061218,2462.42,2470.95,2428.65,2435.57,1800805500
20061219,2420.08,2437.33,2408.85,2429.55,1823469600
20061220,2432.00,2443.34,2426.40,2427.61,1627062900
20061221,2430.13,2433.12,2408.99,2415.85,1611578400
20061222,2415.98,2416.49,2400.72,2401.17,1215072900
20061226,2398.22,2414.21,2397.67,2413.51,945066000
20061227,2418.78,2432.73,2418.78,2431.22,1131121800
20061228,2425.32,2432.48,2420.90,2425.57,1150902900
20061229,2423.03,2437.37,2413.42,2415.29,1314945600
20070103,2429.72,2454.62,2394.65,2423.15,2264810400
20070104,2423.82,2460.51,2413.75,2453.42,1956915300
20070105,2445.07,2445.07,2420.59,2434.25,1916134800
20070108,2435.25,2445.62,2421.12,2438.20,1772226600
20070109,2443.26,2449.87,2423.56,2443.83,1994068800
20070110,2434.04,2461.34,2427.89,2459.33,2115015300
20070111,2464.88,2489.46,2463.38,2484.85,2265731100
20070112,2481.72,2502.82,2481.54,2502.82,2023503300
20070116,2504.56,2508.92,2493.91,2497.78,1989781500
20070117,2487.88,2496.92,2475.83,2479.41,2114708400
20070118,2475.33,2475.80,2438.11,2443.21,2284247400
20070119,2437.62,2453.79,2435.67,2451.31,1895237700
20070122,2454.50,2454.65,2422.91,2431.07,1767799800
20070123,2428.26,2447.03,2425.98,2431.40,1861023000
20070124,2443.01,2466.28,2440.82,2466.28,2047897200
20070125,2469.27,2470.51,2430.56,2434.24,2048120400
20070126,2441.10,2443.43,2418.61,2435.49,1922384400
20070129,2434.63,2451.83,2431.31,2441.09,1781322000
20070130,2446.65,2451.00,2437.41,2448.63,1645728000
20070131,2443.33,2471.20,2433.76,2463.92,2033640300
20070201,2474.08,2481.37,2458.71,2468.37,2018137200
20070202,2474.18,2478.40,2466.56,2475.87,1745396100
20070205,2475.03,2481.57,2466.17,2470.60,1744038300
20070206,2475.78,2478.24,2454.60,2471.49,1965750300
20070207,2483.73,2495.27,2475.57,2490.50,2044521300
20070208,2484.50,2492.40,2477.71,2488.66,1856168400
20070209,2491.64,2496.52,2453.43,2459.82,2033528700
20070212,2460.62,2460.62,2444.67,2450.37,1711432500
20070213,2485.37,2485.37,2452.17,2459.88,1693892700
20070214,2468.04,2494.51,2468.04,2488.37,2021429400
20070215,2489.84,2498.37,2485.51,2497.10,1813193100
20070216,2491.48,2497.91,2482.65,2496.31,1755309900
20070220,2491.75,2514.22,2479.91,2513.04,2013998700
20070221,2503.54,2518.41,2500.96,2518.41,1871578500
20070222,2523.36,2531.41,2509.06,2524.93,1721392800
20070223,2522.53,2522.84,2506.95,2515.10,1871364600
20070226,2525.04,2525.98,2492.54,2504.52,1778606400
20070227,2468.74,2470.91,2402.36,2407.86,2824763400
20070228,2411.88,2431.86,2395.35,2416.14,2437018500
20070301,2377.17,2419.14,2359.43,2404.21,2520997500
20070302,2389.86,2401.26,2368.00,2368.00,2188094700
20070305,2368.00,2377.84,2340.39,2340.67,2131262400
20070306,2361.27,2390.13,2361.27,2385.13,1972929900
20070307,2382.64,2388.78,2371.91,2374.63,1822176900
20070308,2396.55,2402.20,2382.00,2387.73,1850616300
20070309,2403.12,2404.80,2375.57,2387.55,1743796500
20070312,2385.13,2404.02,2384.38,2402.29,1523321400
20070313,2388.86,2395.98,2350.57,2350.57,2078550000
20070314,2350.93,2371.74,2331.57,2371.74,2097735900
20070315,2371.02,2382.62,2367.74,2378.70,1572099900
20070316,2376.82,2385.32,2364.36,2372.65,1889434500
20070319,2384.65,2399.80,2381.55,2394.40,1535402100
20070320,2394.82,2412.63,2393.18,2408.21,1638604200
20070321,2415.54,2455.91,2405.38,2455.91,2007628200
20070322,2457.06,2457.37,2442.51,2451.74,1755179700
20070323,2451.83,2459.96,2447.81,2448.92,1520057100
20070326,2451.60,2455.62,2428.00,2455.62,1690619100
20070327,2448.91,2450.03,2435.18,2437.42,1588495800
20070328,2427.18,2434.32,2413.09,2417.10,1737528300
20070329,2432.50,2433.04,2396.83,2417.87,1791245100
20070330,2419.90,2432.20,2403.01,2421.63,1858651500
20070402,2425.36,2427.93,2409.04,2422.26,1659278100
20070403,2432.30,2456.16,2432.30,2450.33,1796787900
20070404,2451.93,2461.49,2448.68,2458.68,1797969000
20070405,2457.64,2471.34,2455.60,2471.34,1430154000
20070409,2478.02,2478.67,2464.57,2469.17,1594838400
20070410,2468.12,2479.46,2468.03,2477.61,1706112900
20070411,2477.76,2478.51,2452.05,2459.31,1820912100
20070412,2455.72,2480.40,2448.71,2480.32,1772115000
20070413,2479.68,2491.93,2468.23,2491.93,1705917600
20070416,2500.55,2519.03,2500.55,2518.33,1654851300
20070417,2519.12,2522.07,2510.60,2516.95,1767855600
20070418,2507.34,2518.21,2499.64,2510.50,1903486800
20070419,2497.22,2515.95,2490.34,2505.35,1965015600
20070420,2525.23,2532.24,2515.24,2526.38,1938371100
20070423,2525.77,2531.39,2518.47,2523.66,1793532900
20070424,2528.38,2529.48,2509.26,2524.54,2065167300
20070425,2533.54,2551.38,2523.84,2547.88,2459031600
20070426,2551.49,2560.63,2544.12,2554.46,2237663700
20070427,2554.48,2562.99,2550.10,2557.21,1932688800
20070430,2558.05,2558.75,2525.09,2525.09,1935060300
20070501,2529.95,2532.37,2510.57,2531.53,2187127500
20070502,2531.96,2562.78,2531.96,2557.84,1928029500
20070503,2560.85,2569.80,2555.84,2565.46,1987540200
20070504,2574.50,2577.96,2561.73,2572.14,2059140900
20070507,2572.63,2580.06,2569.22,2570.95,1536639000
20070508,2563.17,2571.75,2551.14,2571.75,1764907500
20070509,2557.62,2579.98,2555.71,2576.34,1956924600
20070510,2564.80,2570.73,2533.12,2533.74,2080977300
20070511,2541.65,2562.45,2539.66,2562.22,1604761500
20070514,2564.05,2568.92,2537.91,2546.43,1805548500
20070515,2544.66,2557.78,2523.83,2525.29,2034616800
20070516,2532.71,2547.41,2519.35,2547.41,1916776500
20070517,2544.32,2547.71,2535.47,2539.37,1790147700
20070518,2548.07,2559.03,2540.66,2558.45,1857144900
20070521,2560.92,2587.87,2560.85,2578.79,1836024600
20070522,2580.04,2593.03,2573.95,2588.02,1807873500
20070523,2592.62,2600.93,2576.23,2577.05,1870285800
20070524,2577.21,2585.73,2531.28,2537.91,2186290500
20070525,2547.40,2560.03,2544.46,2557.18,1450521000
20070529,2561.04,2576.36,2558.39,2572.06,1535430000
20070530,2556.16,2592.59,2551.67,2592.59,1831309500
20070531,2599.47,2607.89,2594.29,2604.52,2126770500
20070601,2614.01,2626.39,2608.68,2613.91,1748427900
20070604,2606.05,2619.75,2604.85,2618.29,1810914600
20070605,2611.15,2613.31,2595.01,2611.23,2030013300
20070606,2599.56,2599.56,2578.81,2587.17,2011989900
20070607,2577.37,2585.73,2541.37,2541.37,2526103200
20070608,2541.13,2573.74,2534.97,2573.54,1774560900
20070611,2569.63,2584.82,2566.84,2572.14,1501931400
20070612,2560.40,2576.88,2547.99,2549.77,1903905300
20070613,2558.47,2582.31,2556.72,2582.31,1940547300
20070614,2584.13,2604.76,2583.92,2599.40,1800684600
20070615,2625.33,2630.51,2620.72,2626.71,2251297500
20070618,2631.34,2631.45,2617.65,2626.60,1596921600
20070619,2620.31,2631.30,2612.41,2626.76,1740848400
20070620,2632.20,2634.60,2599.62,2599.96,2597731800
20070621,2597.64,2618.54,2586.05,2616.96,2383255200
20070622,2610.36,2612.75,2583.24,2588.96,3013525500
20070625,2590.59,2605.87,2568.50,2577.08,1896279300
20070626,2589.22,2590.88,2566.34,2574.15,1953306900
20070627,2563.83,2605.91,2560.45,2605.35,1878841800
20070628,2606.13,2624.60,2604.60,2608.37,1788771300
20070629,2619.93,2626.56,2590.09,2603.23,2016630600
20070702,2617.38,2632.30,2614.84,2632.30,1724071200
20070703,2636.71,2644.95,2635.00,2644.95,1012881600
20070705,2646.30,2658.01,2637.78,2656.64,1575912900
20070706,2656.30,2667.97,2649.05,2666.51,1485312300
20070709,2668.99,2672.59,2660.64,2670.02,1762536000
20070710,2657.87,2662.55,2637.65,2639.15,2073286200
20070711,2637.12,2652.34,2631.88,2651.79,1873261800
20070712,2662.76,2701.73,2662.52,2701.73,2014705500
20070713,2696.96,2707.63,2694.09,2707.00,1608146700
20070716,2703.39,2712.12,2693.71,2697.33,1628485800
20070717,2702.10,2719.93,2701.56,2712.29,2007581700
20070718,2695.28,2699.87,2674.26,2699.49,2099363400
20070719,2716.65,2724.74,2710.84,2720.04,2025075000
20070720,2709.99,2710.32,2674.63,2687.60,2172405600
20070723,2698.49,2705.03,2688.40,2690.58,1891694400
20070724,2673.70,2682.39,2634.03,2639.86,2290841100
20070725,2660.18,2665.81,2628.14,2648.16,2308492500
20070726,2620.75,2632.46,2563.81,2599.34,3154690200
20070727,2599.87,2608.99,2562.06,2562.24,2515919700
20070730,2568.13,2592.00,2552.31,2583.28,2131290300
20070731,2606.32,2607.45,2545.89,2546.27,2593890900
20070801,2538.50,2557.11,2515.81,2553.87,2708411100
20070802,2557.59,2579.28,2553.13,2575.98,2284982100
20070803,2572.91,2575.58,2511.12,2511.25,2329119900
20070806,2524.87,2547.33,2491.96,2547.33,2618470800
20070807,2532.78,2577.81,2523.43,2561.60,2514747900
20070808,2582.60,2627.75,2582.60,2612.98,3294887700
20070809,2573.03,2615.92,2556.49,2556.49,3341908500
20070810,2529.54,2569.25,2503.15,2544.88,2978390100
20070813,2566.60,2572.51,2541.35,2542.24,2003917500
20070814,2549.26,2552.49,2499.12,2499.12,1844059800
20070815,2492.76,2520.38,2457.88,2458.83,2101679100
20070816,2440.90,2460.50,2386.68,2451.07,3050046600
20070817,2510.37,2524.96,2466.36,2505.03,2399716200
20070820,2511.07,2516.31,2487.43,2508.59,1540489200
20070821,2502.31,2529.65,2500.65,2521.30,1559684400
20070822,2542.99,2554.89,2533.74,2552.80,1661965800
20070823,2562.40,2565.35,2530.57,2541.70,1509278400
20070824,2539.64,2576.68,2534.63,2576.68,1511119800
20070827,2570.40,2573.83,2557.48,2561.25,1222047900
20070828,2546.38,2548.06,2500.55,2500.63,1453404000
20070829,2518.82,2563.15,2512.60,2563.15,1534239600
20070830,2545.08,2587.86,2542.48,2565.30,1585566300
20070831,2596.18,2603.11,2579.79,2596.36,1429075200
20070904,2596.37,2644.45,2596.37,2630.24,1732673700
20070905,2618.28,2621.54,2596.70,2605.95,1787292600
20070906,2615.74,2620.88,2595.52,2614.32,1669554600
20070907,2581.48,2584.28,2556.59,2565.70,1773063600
20070910,2581.78,2588.87,2536.92,2559.11,1647429900
20070911,2573.28,2598.93,2572.86,2597.47,1621668900
20070912,2592.83,2612.17,2590.37,2592.07,1756370100
20070913,2607.12,2612.70,2589.40,2601.06,1549854300
20070914,2582.14,2603.62,2577.73,2602.17,1475519400
20070917,2594.04,2596.09,2575.36,2581.65,1309235400
20070918,2592.96,2651.65,2583.13,2651.65,1937766600
20070919,2665.88,2683.02,2654.89,2666.48,2030943300
20070920,2659.58,2669.42,2648.07,2654.29,1628857800
20070921,2670.75,2678.68,2666.32,2671.22,2109519000
20070924,2676.41,2692.15,2660.52,2667.95,1719523500
20070925,2658.53,2683.91,2656.33,2683.45,1777127700
20070926,2696.53,2709.23,2689.59,2699.03,1845129300
20070927,2711.82,2712.79,2702.02,2709.59,1622915100
20070928,2709.64,2716.75,2692.02,2701.50,1794797700
20071001,2704.25,2743.53,2704.25,2740.99,1780094400
20071002,2740.64,2747.11,2732.68,2747.11,1618627800
20071003,2734.32,2746.13,2721.23,2729.42,1721513700
20071004,2735.38,2735.52,2718.05,2733.57,1576833600
20071005,2754.67,2784.92,2749.85,2780.32,1871959800
20071008,2777.72,2787.37,2771.60,2787.37,1391847300
20071009,2793.95,2806.40,2784.52,2803.90,1734561600
20071010,2805.43,2813.66,2795.98,2811.61,1782465900
20071011,2824.55,2834.00,2757.76,2772.20,2333081700
20071012,2779.79,2806.17,2778.29,2805.67,1820744700
20071015,2809.16,2811.65,2764.67,2780.05,1829421600
20071016,2770.03,2781.80,2759.42,2763.90,1895823600
20071017,2801.65,2803.96,2755.26,2792.66,2232074400
20071018,2778.31,2803.26,2770.11,2799.31,1834899300
20071019,2799.32,2799.32,2725.15,2725.15,2205634500
20071022,2705.86,2755.47,2698.13,2753.92,1821600300
20071023,2775.52,2799.26,2758.53,2799.26,2172266100
20071024,2775.33,2781.96,2720.30,2774.76,2547902400
20071025,2777.59,2787.29,2733.08,2750.86,2560624800
20071026,2806.52,2810.31,2776.53,2804.18,2402822400
20071029,2815.15,2825.37,2805.25,2817.43,1873698900
20071030,2807.32,2828.82,2803.66,2816.71,1973394900
20071031,2827.80,2861.51,2815.66,2859.12,2357112900
20071101,2835.00,2835.62,2793.16,2794.83,2351421300
20071102,2812.79,2817.03,2773.82,2810.37,2256226500
20071105,2782.80,2807.51,2771.90,2795.17,1946108700
20071106,2809.81,2825.47,2780.22,2825.17,2308408800
20071107,2798.45,2810.18,2748.31,2748.76,2316797400
20071108,2748.39,2753.05,2648.03,2696.00,3219483300
20071109,2648.96,2668.79,2624.42,2627.93,2748884700
20071112,2619.40,2643.00,2583.00,2584.12,2623288200
20071113,2613.37,2673.64,2613.37,2673.64,2476385400
20071114,2698.03,2698.35,2636.32,2644.32,2250841800
20071115,2636.27,2652.64,2601.38,2618.51,2129216400
20071116,2631.81,2640.03,2596.59,2637.24,2339582400
20071119,2622.43,2628.14,2583.26,2593.37,2034849300
20071120,2603.53,2633.82,2554.32,2596.81,2424854100
20071121,2570.53,2597.16,2542.70,2562.14,1892298900
20071123,2578.99,2601.55,2567.58,2596.60,748026900
20071126,2599.82,2613.68,2539.81,2540.99,1878042000
20071127,2557.98,2585.92,2546.37,2580.80,2015244900
20071128,2607.33,2667.92,2606.86,2662.90,2342279400
20071129,2653.36,2675.21,2648.49,2668.12,2006168100
20071130,2693.61,2696.24,2642.25,2660.96,2391346200
20071203,2654.90,2667.82,2636.96,2637.12,1855080300
20071204,2620.34,2636.01,2613.83,2619.83,1901608200
20071205,2648.96,2671.72,2647.40,2666.36,2100721200
20071206,2665.87,2709.10,2664.71,2709.03,1832732400
20071207,2710.33,2711.96,2695.96,2706.15,1725215100
20071210,2710.73,2727.84,2706.59,2718.95,1652182200
20071211,2723.09,2734.82,2650.22,2652.35,2041536000
20071212,2703.26,2712.59,2638.82,2671.13,2150067000
20071213,2651.45,2670.33,2641.57,2668.49,1993696800
20071214,2647.67,2671.87,2634.75,2635.74,1769222700
20071217,2623.23,2626.37,2574.46,2574.46,1741992300
20071218,2597.59,2604.37,2553.99,2596.03,1843808700
20071219,2593.33,2609.73,2583.32,2601.01,1707405600
20071220,2628.12,2640.87,2605.21,2640.86,1823237100
20071221,2676.85,2691.99,2671.59,2691.99,2333184000
20071224,2694.35,2715.77,2694.35,2713.50,724116600
20071226,2702.82,2727.55,2698.48,2724.40,1154901900
20071227,2715.02,2717.12,2675.88,2676.79,2162082600
20071228,2693.36,2697.77,2661.79,2674.46,1245130500
20071231,2663.78,2668.61,2646.09,2652.28,1352731500
20080102,2653.90,2661.50,2597.81,2609.62,1931321700
20080103,2611.96,2624.27,2592.17,2602.67,1832286000
20080104,2571.08,2571.08,2502.67,2504.64,2340168300
20080107,2514.14,2521.62,2471.23,2499.46,2418093000
20080108,2506.97,2527.41,2440.51,2440.51,2386826400
20080109,2443.85,2474.55,2407.38,2474.55,2623678800
20080110,2452.12,2503.55,2446.80,2488.52,2455572000
20080111,2471.86,2473.95,2428.85,2439.93,2190605700
20080114,2470.87,2483.12,2455.34,2478.30,1984833900
20080115,2449.04,2455.29,2412.47,2417.59,2222811600
20080116,2390.56,2429.58,2361.22,2394.59,3159516900
20080117,2405.74,2416.51,2343.64,2346.89,2590914900
20080118,2365.56,2384.21,2323.29,2340.02,2781964800
20080122,2221.20,2318.60,2221.20,2292.27,2940129900
20080123,2226.77,2320.12,2202.54,2316.40,3394732500
20080124,2328.86,2361.88,2326.37,2360.91,2723877000
20080125,2402.80,2408.22,2322.56,2326.20,2417451300
20080128,2324.85,2349.90,2306.63,2349.90,1891489800
20080129,2360.42,2362.11,2332.00,2358.06,2008837200
20080130,2346.36,2396.00,2343.87,2349.00,2435530500
20080131,2317.11,2403.46,2313.52,2389.86,2616480600
20080201,2392.58,2419.23,2374.50,2413.36,2845967400
20080204,2413.41,2413.41,2382.09,2382.85,1907374200
20080205,2344.81,2359.42,2309.57,2309.57,2326692600
20080206,2327.17,2338.27,2277.27,2278.75,2196678600
20080207,2259.62,2318.52,2252.64,2293.03,2740114800
20080208,2290.50,2318.66,2280.27,2304.85,2073276900
20080211,2310.75,2326.23,2294.41,2320.06,1927211100
20080212,2333.31,2349.55,2305.83,2320.04,2030682900
20080213,2347.22,2373.92,2338.90,2373.92,2022443100
20080214,2376.22,2376.22,2328.59,2332.54,2108849400
20080215,2320.58,2329.16,2305.81,2321.80,1859572200
20080219,2348.98,2352.79,2300.10,2306.20,1849481700
20080220,2292.82,2331.70,2291.24,2327.10,2100107400
20080221,2344.08,2353.79,2294.77,2299.78,2118112200
20080222,2306.61,2308.76,2265.36,2303.35,2161738500
20080225,2303.40,2333.71,2294.37,2327.48,2002178400
20080226,2314.41,2361.10,2311.32,2344.99,2105194500
20080227,2329.15,2363.52,2326.34,2353.78,2061382200
20080228,2342.56,2352.87,2324.47,2331.57,1889797200
20080229,2309.06,2311.23,2264.97,2271.48,2236984800
20080303,2271.26,2275.75,2240.30,2258.60,1994915100
20080304,2244.21,2266.37,2221.09,2260.28,2483081400
20080305,2266.49,2290.01,2254.20,2272.81,2054453700
20080306,2265.66,2272.20,2219.33,2220.50,2013533700
20080307,2204.48,2242.50,2186.92,2212.49,2219891400
20080310,2211.13,2216.88,2168.66,2169.34,1953939300
20080311,2209.64,2255.76,2192.50,2255.76,2349217200
20080312,2259.97,2282.61,2241.37,2243.87,1931740200
20080313,2219.28,2272.55,2199.37,2263.61,2249874600
20080314,2271.21,2277.11,2191.75,2212.49,2368998300
20080317,2166.93,2200.53,2155.41,2177.01,2174535300
20080318,2215.61,2268.26,2206.81,2268.26,2242815900
20080319,2272.12,2280.89,2209.96,2209.96,2106840600
20080320,2220.50,2258.11,2208.12,2258.11,2570966400
20080324,2268.20,2336.70,2268.20,2326.75,2150718000
20080325,2329.15,2346.78,2312.06,2341.05,1952125800
20080326,2328.62,2331.17,2306.49,2324.36,1781145300
20080327,2315.04,2315.90,2280.47,2280.83,1896056100
20080328,2291.32,2304.71,2256.87,2261.17,1660766100
20080331,2265.14,2289.70,2260.59,2279.10,1663174800
20080401,2306.51,2362.75,2305.39,2362.75,2008911600
20080402,2363.41,2381.21,2347.78,2361.39,1856912400
20080403,2347.90,2373.99,2339.37,2363.30,1853936400
20080404,2366.90,2391.92,2351.76,2370.98,1839130800
20080407,2386.62,2390.04,2359.54,2364.83,1608918600
20080408,2353.58,2359.39,2337.84,2348.76,1520819700
20080409,2351.93,2353.54,2311.45,2322.12,1787506500
20080410,2326.78,2363.90,2324.38,2351.70,2007870000
20080411,2327.70,2328.45,2286.18,2290.24,1769362200
20080414,2287.02,2296.73,2274.90,2275.82,1512840300
20080415,2287.42,2291.12,2266.29,2286.04,1752817500
20080416,2313.41,2352.21,2313.41,2350.11,1979756100
20080417,2347.32,2348.31,2327.65,2341.83,1654749000
20080418,2394.52,2412.78,2383.24,2402.97,2037555600
20080421,2393.07,2410.97,2389.82,2408.04,1489190400
20080422,2397.12,2397.16,2361.66,2376.93,1805762400
20080423,2391.63,2412.53,2382.77,2405.21,2028869400
20080424,2408.25,2447.28,2383.76,2428.91,2173558800
20080425,2424.67,2427.09,2391.14,2422.92,1819321800
20080428,2422.62,2437.00,2416.89,2424.39,1603952400
20080429,2420.00,2435.37,2412.10,2426.10,1645197900
20080430,2434.20,2451.18,2406.37,2412.80,1978472700
20080501,2416.49,2480.71,2416.49,2480.71,2180636100
20080502,2499.13,2499.13,2461.46,2476.99,2119944300
20080505,2475.31,2486.05,2458.12,2464.12,1939152300
20080506,2455.11,2488.83,2445.37,2483.31,1950451800
20080507,2483.03,2496.64,2435.76,2438.49,2082093300
20080508,2450.01,2462.51,2436.61,2451.24,1889546100
20080509,2432.55,2455.33,2429.03,2445.52,1591704300
20080512,2454.64,2490.22,2446.36,2488.49,1645476900
20080513,2491.02,2498.07,2472.58,2495.12,1762582500
20080514,2503.28,2528.39,2493.58,2496.70,1980221100
20080515,2496.43,2535.18,2492.95,2533.73,2023977600
20080516,2537.40,2537.40,2504.17,2528.85,2126063700
20080519,2530.82,2551.47,2505.60,2516.09,2110718700
20080520,2505.86,2506.18,2479.37,2492.26,1851639300
20080521,2497.38,2508.89,2444.99,2448.27,2014798500
20080522,2454.74,2474.53,2448.84,2464.58,1796834400
20080523,2454.13,2456.00,2430.36,2444.66,1612685100
20080527,2450.52,2482.08,2448.58,2481.24,1620720300
20080528,2491.50,2493.37,2465.59,2486.70,1667257500
20080529,2486.09,2522.13,2485.91,2508.32,1819173000
20080530,2519.13,2530.15,2510.64,2522.65,2002615500
20080602,2514.82,2516.37,2471.40,2491.53,1834666800
20080603,2500.50,2513.88,2460.56,2480.48,1997677200
20080604,2473.03,2518.71,2471.52,2503.13,2002764300
20080605,2509.49,2549.93,2504.57,2549.93,2096926800
20080606,2528.52,2529.97,2474.56,2474.56,2038783200
20080609,2483.22,2485.00,2429.30,2459.46,1938705900
20080610,2436.75,2466.28,2432.47,2448.93,1935729900
20080611,2444.93,2446.28,2394.01,2394.01,1921203300
20080612,2414.46,2432.87,2388.49,2404.35,2117275200
20080613,2423.05,2454.50,2417.01,2454.50,1958626500
20080616,2443.12,2479.95,2441.24,2474.78,1740699600
20080617,2481.20,2483.18,2456.78,2457.73,1672186500
20080618,2444.96,2449.17,2422.96,2429.71,1888551000
20080619,2427.16,2469.14,2412.37,2462.06,2133922200
20080620,2441.96,2441.96,2394.26,2406.09,2390397600
20080623,2416.55,2419.68,2384.56,2385.74,1782093900
20080624,2375.80,2394.86,2352.10,2368.28,2042205600
20080625,2376.82,2421.25,2376.29,2401.26,2003192100
20080626,2365.86,2366.15,2321.37,2321.37,2139781200
20080627,2319.62,2329.93,2290.59,2315.62,3165292200
20080630,2312.41,2325.49,2292.98,2292.98,1949652000
20080701,2274.24,2306.90,2255.79,2304.97,2468117700
20080702,2311.57,2317.20,2251.30,2251.46,2209959000
20080703,2261.74,2262.96,2227.80,2245.37,1324013100
20080707,2263.68,2276.54,2214.15,2243.32,2198510700
20080708,2244.89,2294.43,2233.99,2294.43,2290013400
20080709,2290.62,2296.03,2234.59,2234.88,2125570800
20080710,2239.95,2267.66,2223.04,2257.85,2139818400
20080711,2233.37,2265.86,2203.25,2239.08,2176367400
20080714,2262.86,2266.43,2207.00,2212.87,1858130700
20080715,2197.17,2249.12,2167.29,2215.71,2602521300
20080716,2219.27,2284.85,2205.71,2284.85,2255268600
20080717,2296.57,2320.77,2274.27,2312.30,2390723100
20080718,2286.91,2293.17,2269.55,2282.78,2069994000
20080721,2290.75,2300.32,2270.28,2279.53,1729251300
20080722,2256.32,2303.96,2252.84,2303.96,2334588300
20080723,2305.11,2350.09,2300.20,2325.87,2539067400
20080724,2329.21,2329.21,2278.90,2280.11,2324925600
20080725,2294.68,2312.60,2282.62,2310.53,1901970900
20080728,2307.18,2317.75,2258.62,2264.22,1796043900
20080729,2274.61,2320.17,2274.37,2319.62,2114903700
20080730,2329.01,2342.87,2299.98,2329.72,2121274200
20080731,2311.33,2353.38,2309.63,2325.55,2154354300
20080801,2326.83,2328.95,2286.40,2310.96,2150290200
20080804,2309.75,2309.75,2280.92,2285.56,1869486000
20080805,2308.13,2349.83,2303.62,2349.83,2161998900
20080806,2349.16,2385.77,2333.53,2378.37,2072700300
20080807,2362.79,2386.43,2351.32,2355.73,2035881600
20080808,2356.84,2416.39,2352.04,2414.10,2036355900
20080811,2407.55,2461.64,2402.53,2439.95,2113183200
20080812,2434.26,2447.15,2421.09,2430.61,1908927300
20080813,2424.32,2443.43,2404.03,2428.62,1855805700
20080814,2414.40,2461.14,2414.40,2453.66,1707321900
20080815,2463.10,2473.20,2441.05,2452.52,1620227400
20080818,2456.96,2456.96,2404.40,2416.98,1518327300
20080819,2404.95,2410.96,2376.66,2384.36,1596140400
20080820,2396.58,2408.67,2372.34,2389.08,1624217100
20080821,2371.54,2387.72,2360.38,2380.37,1453059900
20080822,2390.34,2417.62,2390.34,2414.71,1270296300
20080825,2399.73,2399.73,2362.20,2365.59,2201235600
20080826,2364.31,2377.04,2345.79,2361.97,1168991400
20080827,2362.86,2395.02,2358.92,2382.46,1432851000
20080828,2390.11,2412.84,2388.55,2411.63,1471892400
20080829,2388.66,2393.49,2360.90,2367.52,1449897900
20080902,2402.11,2413.11,2338.37,2349.24,1869839400
20080903,2346.81,2357.42,2320.90,2333.73,1917790200
20080904,2315.17,2317.32,2259.04,2259.04,2169057600
20080905,2241.62,2264.35,2216.99,2255.87,2102757900
20080908,2296.17,2303.88,2236.97,2269.76,2386659000
20080909,2269.92,2285.54,2209.81,2209.81,2409248700
20080910,2232.21,2247.62,2209.59,2228.70,2092834800
20080911,2199.03,2259.25,2191.53,2258.22,2110793100
20080912,2239.25,2268.83,2228.00,2261.27,1835438700
20080915,2202.28,2244.88,2179.91,2179.91,2508972600
20080916,2149.65,2214.29,2145.17,2207.90,2964495900
20080917,2177.58,2183.25,2098.85,2098.85,2884869300
20080918,2137.42,2201.71,2070.22,2199.10,3596579700
20080919,2303.90,2318.43,2239.73,2273.90,3625353900
20080922,2265.77,2266.45,2178.98,2178.98,1749478800
20080923,2190.71,2209.62,2151.77,2153.33,1835987400
20080924,2167.55,2179.93,2147.36,2155.68,1690898100
20080925,2172.26,2210.74,2167.06,2186.57,1717086900
20080926,2144.06,2187.53,2136.85,2183.34,1812756000
20080929,2147.16,2152.69,1983.73,1983.73,2611533000
20080930,2033.69,2094.31,2015.93,2082.33,2209903200
20081001,2075.10,2083.20,2046.06,2069.40,1766376900
20081002,2052.51,2056.43,1975.00,1976.72,2021587500
20081003,2005.92,2046.81,1947.19,1947.39,2326376400
20081006,1905.01,1905.01,1777.02,1862.96,3257092500
20081007,1867.97,1886.35,1754.88,1754.88,2628003300
20081008,1710.96,1806.89,1706.86,1740.33,3269945100
20081009,1766.25,1787.41,1634.88,1645.12,2438748300
20081010,1590.77,1690.77,1542.45,1649.51,3872603700
20081013,1715.74,1844.25,1715.74,1844.25,2479091700
20081014,1894.87,1896.95,1752.89,1779.01,2708950500
20081015,1754.62,1761.23,1628.33,1628.33,2362367400
20081016,1644.55,1717.72,1565.72,1717.71,3097867200
20081017,1678.78,1782.58,1670.28,1711.29,2521257900
20081020,1735.13,1770.05,1698.01,1770.03,1880227500
20081021,1741.84,1768.54,1695.12,1696.68,1952823300
20081022,1671.23,1678.71,1587.22,1615.75,2381553300
20081023,1621.11,1645.50,1533.55,1603.91,2887371000
20081024,1493.79,1584.27,1493.79,1552.03,2503504200
20081027,1528.12,1574.54,1503.81,1505.90,2068719900
20081028,1552.24,1649.47,1504.13,1649.47,2583112200
20081029,1643.98,1705.51,1622.01,1657.21,2556309600
20081030,1698.43,1712.56,1658.45,1698.52,2329110600
20081031,1684.71,1742.54,1673.32,1720.95,2266521600
20081103,1718.89,1738.53,1713.39,1726.33,1646918400
20081104,1761.09,1785.84,1739.81,1780.12,2144905500
20081105,1759.68,1764.43,1679.19,1681.64,1945941300
20081106,1659.57,1676.92,1603.87,1608.70,2202128400
20081107,1629.69,1654.25,1615.51,1647.40,1754193900
20081110,1680.67,1680.67,1603.33,1616.74,1557657000
20081111,1598.59,1612.42,1563.95,1580.90,1775444400
20081112,1555.17,1562.78,1499.21,1499.21,1972409100
20081113,1503.06,1596.70,1428.54,1596.70,2798881500
20081114,1560.59,1587.76,1513.09,1516.85,2086687500
20081117,1494.74,1526.96,1481.70,1482.05,1703332200
20081118,1488.93,1498.42,1429.92,1483.27,2184783900
20081119,1479.13,1493.05,1386.42,1386.42,2206778400
20081120,1373.77,1414.43,1314.90,1316.12,2927314500
20081121,1346.77,1384.35,1295.48,1384.35,2856290400
20081124,1397.19,1480.41,1397.19,1472.02,2374866600
20081125,1472.02,1486.22,1430.40,1464.73,2285484300
20081126,1441.21,1532.10,1441.21,1532.10,1841418600
20081128,1517.95,1535.57,1512.41,1535.57,732449400
20081201,1496.24,1496.24,1398.07,1398.07,1771157100
20081202,1423.85,1450.83,1399.88,1449.80,1912758900
20081203,1416.03,1493.06,1414.04,1492.38,2083339500
20081204,1465.77,1500.95,1426.41,1445.56,1878702300
20081205,1426.93,1510.18,1404.82,1509.31,2025279600
20081208,1541.44,1583.81,1536.71,1571.74,2130453300
20081209,1546.54,1602.92,1538.25,1547.34,2089217100
20081210,1563.66,1584.16,1542.08,1565.48,1818708000
20081211,1548.47,1568.61,1501.70,1507.88,1876916700
20081212,1482.55,1543.04,1478.03,1540.72,1739007000
20081215,1544.16,1544.16,1491.36,1508.34,1560437700
20081216,1526.06,1589.89,1526.00,1589.89,2028292800
20081217,1568.88,1598.33,1560.05,1579.31,1963574100
20081218,1583.17,1591.70,1535.38,1552.37,1945857600
20081219,1572.75,1593.35,1557.05,1564.32,2465839200
20081222,1562.17,1563.79,1503.66,1532.35,1515267600
20081223,1539.37,1548.44,1512.54,1521.54,1237876500
20081224,1525.15,1527.23,1516.15,1524.90,456620700
20081226,1531.20,1532.13,1518.97,1530.24,551266800
20081229,1529.54,1530.92,1493.45,1510.32,1103203200
20081230,1521.18,1550.70,1517.26,1550.70,1277987400
20081231,1550.87,1586.81,1548.88,1577.03,1414734600
20090102,1578.87,1636.03,1571.98,1632.21,1337721300
20090105,1621.48,1640.46,1604.63,1628.03,1689419400
20090106,1642.37,1665.63,1636.25,1652.38,1988005200
20090107,1621.63,1625.37,1588.20,1599.06,1878758100
20090108,1590.25,1617.01,1584.28,1617.01,1830388800
20090109,1617.05,1617.26,1569.87,1571.59,1773872700
20090112,1573.45,1573.46,1528.00,1538.79,1640138700
20090113,1537.42,1557.95,1527.47,1546.46,1827980100
20090114,1521.71,1528.65,1485.26,1489.64,1785581400
20090115,1489.46,1521.58,1456.72,1511.84,2332319100
20090116,1532.47,1538.82,1490.35,1529.33,2078615100
20090120,1520.76,1521.85,1440.86,1440.86,1850337300
20090121,1466.40,1507.52,1444.90,1507.07,1971674400
20090122,1470.85,1492.47,1444.08,1465.49,2126156700
20090123,1440.78,1495.27,1434.08,1477.29,2056081200
20090126,1479.98,1514.38,1470.81,1489.46,1688322000
20090127,1494.12,1513.21,1488.81,1504.90,1659222300
20090128,1530.48,1568.33,1530.03,1558.34,1973692500
20090129,1537.47,1537.84,1505.70,1507.84,1796853000
20090130,1519.46,1523.45,1472.51,1476.42,1910768700
20090202,1460.85,1502.72,1460.51,1494.43,1847984400
20090203,1499.59,1521.21,1479.42,1516.30,1906351200
20090204,1517.19,1549.64,1508.87,1515.05,2043256500
20090205,1498.59,1554.37,1495.52,1546.24,2335927500
20090206,1547.00,1594.26,1545.85,1591.71,2222262900
20090209,1590.74,1598.23,1576.10,1591.56,1773454200
20090210,1578.02,1598.50,1520.56,1524.73,2272334100
20090211,1531.58,1542.84,1509.35,1530.50,2079898500
20090212,1510.17,1542.51,1495.34,1541.71,2258272500
20090213,1539.72,1552.57,1530.05,1534.36,1850876700
20090217,1489.12,1492.82,1467.79,1470.66,2171894100
20090218,1480.65,1487.92,1454.46,1467.97,1887630300
20090219,1478.55,1485.14,1442.53,1442.82,1851630000
20090220,1427.03,1454.39,1416.96,1441.23,2349217200
20090223,1452.58,1452.58,1386.68,1387.72,1839298200
20090224,1399.37,1445.07,1395.11,1441.83,2175883800
20090225,1428.76,1453.66,1404.54,1425.43,2181203400
20090226,1436.85,1444.83,1391.47,1391.47,2140850700
20090227,1376.56,1401.97,1372.42,1377.84,2225750400
20090302,1356.13,1372.00,1322.13,1322.85,1890792300
20090303,1341.42,1346.88,1312.98,1321.01,2175158400
20090304,1340.38,1370.29,1333.88,1353.74,2143817400
20090305,1332.38,1342.86,1298.33,1299.59,2163031200
20090306,1310.59,1320.51,1268.54,1293.85,2272752600
20090309,1284.84,1316.15,1265.52,1268.64,1894530900
20090310,1288.95,1358.28,1288.95,1358.28,2194548900
20090311,1364.80,1385.29,1352.60,1371.64,2017216500
20090312,1367.78,1427.55,1355.05,1426.10,2225276100
20090313,1430.94,1433.98,1408.26,1431.50,1880618100
20090316,1445.27,1445.27,1402.48,1404.02,1952497800
20090317,1409.67,1462.11,1405.32,1462.11,1928103900
20090318,1454.44,1507.40,1448.67,1491.22,2571403500
20090319,1509.06,1509.06,1475.49,1483.48,2160864300
20090320,1488.15,1501.78,1448.78,1457.27,2226857100
20090323,1491.26,1555.77,1482.15,1555.77,2020508700
20090324,1535.68,1546.21,1515.63,1516.52,1868862900
20090325,1527.59,1554.25,1487.94,1528.95,2260997400
20090326,1549.40,1587.00,1545.21,1587.00,2357596500
20090327,1564.12,1569.21,1543.43,1545.20,1926653100
20090330,1516.79,1517.06,1484.98,1501.80,1878786000
20090331,1518.70,1554.47,1518.01,1528.59,2006391300
20090401,1504.87,1553.03,1498.54,1551.60,2098619400
20090402,1579.97,1623.34,1576.82,1602.63,2635248000
20090403,1609.05,1621.87,1593.05,1621.87,1965443400
20090406,1602.24,1607.60,1580.65,1606.71,1858223700
20090407,1585.58,1588.00,1559.46,1561.61,1724871000
20090408,1576.93,1595.97,1567.22,1590.66,1709247000
20090409,1618.83,1652.54,1616.25,1652.54,2013868500
20090413,1641.61,1660.83,1630.54,1653.31,1696812900
20090414,1637.50,1651.28,1618.04,1625.72,2095894500
20090415,1613.56,1627.72,1599.11,1626.80,1899618000
20090416,1645.52,1676.17,1628.08,1670.44,2223276600
20090417,1665.60,1682.24,1653.84,1673.07,2249149200
20090420,1641.35,1643.32,1606.86,1608.21,2847520500
20090421,1599.03,1643.85,1598.93,1643.85,2253380700
20090422,1630.14,1679.82,1624.73,1646.12,2471456400
20090423,1651.47,1654.85,1625.88,1652.21,2291055000
20090424,1666.43,1702.87,1657.49,1694.29,2368849500
20090427,1672.87,1700.53,1670.49,1679.41,2049441000
20090428,1668.26,1690.06,1661.40,1673.81,1934781300
20090429,1688.66,1726.69,1687.29,1711.94,2218719600
20090430,1732.47,1753.61,1710.07,1717.30,2670309000
20090501,1719.29,1728.10,1703.52,1719.20,2014314900
20090504,1733.71,1763.56,1729.31,1763.56,2348064000
20090505,1757.26,1759.42,1735.37,1754.12,2360609700
20090506,1768.69,1770.29,1730.97,1759.10,2758854300
20090507,1772.10,1773.13,1702.54,1716.24,3068404800
20090508,1733.50,1747.41,1711.01,1739.00,2981868300
20090511,1713.65,1747.97,1705.87,1731.24,2365408500
20090512,1742.86,1743.52,1695.87,1715.92,2301889500
20090513,1696.80,1697.76,1664.19,1664.19,2191461300
20090514,1672.48,1701.22,1667.94,1689.21,2011236600
20090515,1687.49,1703.45,1676.56,1680.14,1913475000
20090518,1696.82,1732.36,1689.55,1732.36,1881622500
20090519,1727.00,1750.05,1719.92,1734.54,1931042700
20090520,1743.60,1767.47,1722.32,1727.84,2103455400
20090521,1709.83,1719.58,1677.77,1695.25,2052147300
20090522,1702.06,1711.98,1682.24,1692.01,1506153600
20090526,1677.72,1751.47,1677.54,1750.43,1948954500
20090527,1745.56,1768.22,1728.96,1731.08,1969833000
20090528,1744.23,1754.95,1714.48,1751.79,2035853700
20090529,1756.26,1774.33,1742.99,1774.33,2292738300
20090601,1796.09,1833.18,1792.80,1828.68,2418316200
20090602,1821.22,1846.65,1815.83,1836.80,2428871700
20090603,1825.60,1828.09,1806.51,1825.92,2089663500
20090604,1829.84,1850.04,1825.62,1850.02,2296021200
20090605,1864.02,1865.95,1834.63,1849.42,2148848700
20090608,1836.87,1857.80,1818.59,1842.40,1834871400
20090609,1850.48,1869.52,1846.26,1860.13,1990544100
20090610,1872.01,1872.70,1827.61,1853.08,2183519100
20090611,1854.75,1879.92,1854.75,1862.37,2291389800
20090612,1852.43,1858.80,1833.39,1858.80,1872610800
20090615,1837.94,1838.33,1803.07,1816.38,2003871000
20090616,1825.20,1831.18,1795.55,1796.18,2071761000
20090617,1799.22,1824.20,1785.34,1808.06,2346557400
20090618,1809.04,1816.60,1795.74,1807.72,1923081900
20090619,1824.99,1837.58,1817.07,1827.47,2663910600
20090622,1809.53,1810.58,1765.85,1766.19,2156642100
20090623,1771.42,1777.58,1753.78,1764.92,2001806400
20090624,1780.88,1807.08,1780.25,1792.34,2000030100
20090625,1783.19,1829.67,1779.18,1829.54,2072021400
20090626,1819.16,1840.98,1816.84,1838.22,3710644200
20090629,1842.09,1854.09,1825.03,1844.06,1842748500
20090630,1845.47,1854.69,1824.95,1835.04,1901831400
20090701,1846.12,1861.62,1843.79,1845.72,1833076500
20090702,1823.69,1823.91,1795.95,1796.52,1788455100
20090706,1783.50,1793.42,1770.11,1787.40,1832592900
20090707,1787.44,1788.97,1745.38,1746.17,1885333200
20090708,1756.00,1757.67,1727.05,1747.17,2294793600
20090709,1756.97,1763.63,1747.44,1752.55,1737500400
20090710,1744.61,1764.11,1738.26,1756.03,1541949300
20090713,1761.03,1793.21,1736.95,1793.21,1766451300
20090714,1790.70,1800.73,1782.85,1799.73,1726926300
20090715,1827.61,1863.29,1824.31,1862.90,2365306200
20090716,1856.05,1887.89,1854.70,1885.03,1927638900
20090717,1880.31,1887.34,1873.81,1886.61,1745386800
20090720,1896.99,1909.89,1890.00,1909.29,1903105500
20090721,1917.39,1917.46,1892.17,1916.20,2050863900
20090722,1908.83,1934.61,1907.25,1926.38,2144896200
20090723,1924.96,1979.34,1924.77,1973.60,2809929900
20090724,1942.86,1966.08,1937.87,1965.96,2076615600
20090727,1964.62,1971.38,1946.95,1967.89,1991771700
20090728,1957.26,1978.43,1947.89,1975.51,2052370500
20090729,1965.32,1970.65,1953.36,1967.76,1927564500
20090730,1986.21,2009.81,1980.08,1984.30,2348873100
20090731,1980.72,1995.01,1977.72,1978.50,2037053400
20090803,1998.35,2008.61,1985.88,2008.61,2004819600
20090804,1996.38,2015.59,1993.74,2011.31,2078559300
20090805,2014.45,2014.45,1980.68,1993.05,2188801500
20090806,1999.21,2004.37,1967.68,1973.16,2239812000
20090807,1997.00,2012.33,1984.50,2000.25,2161301400
20090810,1991.44,1999.55,1979.39,1992.24,1715571000
20090811,1985.06,1986.85,1962.08,1969.73,1781442900
20090812,1970.95,2015.26,1970.25,1998.72,1990376700
20090813,2009.27,2013.43,1986.87,2009.35,1938464100
20090814,2005.79,2006.73,1969.68,1985.52,1788771300
20090817,1949.23,1949.23,1929.64,1930.84,1789496700
20090818,1940.55,1958.71,1935.33,1955.92,1626960600
20090819,1933.39,1972.32,1931.91,1969.24,1839307500
20090820,1967.57,1992.22,1965.69,1989.22,1821377100
20090821,2000.15,2021.86,1994.33,2020.90,2101000200
20090824,2026.11,2036.03,2012.00,2017.98,1903124100
20090825,2025.59,2040.59,2019.17,2024.23,1801391400
20090826,2021.30,2034.31,2013.52,2024.43,1894930800
20090827,2021.31,2029.27,1993.03,2027.73,1990702200
20090828,2050.53,2059.40,2017.58,2028.77,2176367400
20090831,2011.14,2013.65,1997.53,2009.06,2098275300
20090901,2001.30,2034.78,1965.48,1968.89,2584070100
20090902,1960.07,1976.35,1958.51,1967.07,1836126900
20090903,1975.85,1983.37,1958.04,1983.20,1723708500
20090904,1986.98,2018.92,1982.05,2018.78,1601599500
20090908,2034.74,2038.63,2023.03,2037.77,1894577400
20090909,2038.92,2066.34,2033.47,2060.39,2319354900
20090910,2059.48,2084.02,2055.49,2084.02,2279736900
20090911,2083.34,2088.83,2070.13,2080.90,2155786500
20090914,2066.15,2091.78,2065.80,2091.78,2006568000
20090915,2090.33,2106.93,2086.16,2102.64,2206880700
20090916,2110.06,2133.15,2102.86,2133.15,2517584400
20090917,2129.42,2140.60,2118.50,2126.75,2432675400
20090918,2134.85,2138.82,2120.70,2132.86,2811399300
20090921,2121.34,2142.41,2118.48,2138.04,2240239800
20090922,2150.02,2150.68,2137.39,2146.30,2316146400
20090923,2152.43,2167.70,2130.34,2131.42,2495422500
20090924,2140.06,2142.49,2097.10,2107.61,2424770400
20090925,2095.84,2106.99,2085.35,2090.92,2198454900
20090928,2101.92,2140.04,2101.43,2130.74,1757727900
20090929,2131.67,2141.40,2116.63,2124.04,1918562100
20090930,2131.30,2137.87,2092.30,2122.42,2455813800
20091001,2111.77,2112.90,2057.48,2057.48,2518598100
20091002,2040.84,2063.79,2040.84,2048.11,2276742300
20091005,2056.52,2074.78,2049.04,2068.15,2005312500
20091006,2080.40,2111.13,2079.49,2103.57,2244508500
20091007,2099.06,2110.33,2095.94,2110.33,2065446300
20091008,2124.69,2139.65,2116.06,2123.93,2201263500
20091009,2120.00,2139.38,2118.09,2139.28,1801270500
20091012,2145.63,2155.92,2128.39,2139.14,1659380400
20091013,2138.70,2146.35,2128.44,2139.89,1878702300
20091014,2165.83,2173.95,2157.48,2172.23,2184216600
20091015,2164.33,2173.29,2158.29,2173.29,1990283700
20091016,2164.73,2164.73,2142.88,2156.80,2055253500
20091019,2162.41,2180.11,2150.42,2176.32,1832509200
20091020,2180.43,2181.16,2151.77,2163.47,1962839400
20091021,2160.78,2190.64,2148.41,2150.73,2386082400
20091022,2146.72,2169.17,2130.70,2165.29,2106663900
20091023,2186.64,2190.48,2149.35,2154.47,2270985600
20091026,2158.81,2183.61,2136.92,2141.85,2154075300
20091027,2144.15,2148.88,2110.91,2116.09,2217696600
20091028,2103.36,2111.84,2057.40,2059.61,2575700100
20091029,2077.04,2101.33,2071.30,2097.55,2140274100
20091030,2091.56,2095.09,2040.21,2045.11,2427560400
20091102,2047.42,2069.49,2024.27,2049.20,2239737600
20091103,2034.09,2057.32,2031.25,2057.32,1916776500
20091104,2067.56,2081.10,2053.00,2055.52,2062293600
20091105,2078.83,2105.32,2075.61,2105.32,2055011700
20091106,2089.49,2117.62,2088.24,2112.44,1701109500
20091109,2128.46,2154.06,2128.15,2154.06,1864371000
20091110,2147.24,2160.64,2141.27,2151.08,1857433200
20091111,2166.53,2177.91,2155.25,2166.90,1722164700
20091112,2166.98,2179.19,2145.83,2149.02,2057504100
20091113,2156.68,2172.05,2145.92,2167.88,1744884600
20091116,2177.31,2205.32,2177.00,2197.85,1957668600
20091117,2190.12,2203.78,2185.55,2203.78,1755133200
20091118,2199.87,2200.15,2180.17,2193.14,1850904600
20091119,2176.37,2176.51,2141.59,2156.82,2054091000
20091120,2145.07,2150.08,2137.06,2146.04,1825366800
20091123,2168.95,2189.50,2168.77,2176.01,1711358100
20091124,2174.69,2175.15,2155.22,2169.18,1728395700
20091125,2174.00,2178.62,2170.06,2176.05,1300707300
20091127,2115.96,2155.41,2113.99,2138.44,903950700
20091130,2135.93,2146.93,2120.70,2144.60,1847026500
20091201,2162.23,2182.24,2162.23,2175.81,2000709000
20091202,2178.51,2198.55,2177.82,2185.03,1924095600
20091203,2190.42,2203.75,2172.04,2173.14,1861543800
20091204,2203.75,2214.39,2169.66,2194.35,2144533500
20091207,2191.35,2201.42,2183.13,2189.61,1747451400
20091208,2174.72,2187.19,2160.43,2172.99,1843074000
20091209,2170.02,2185.70,2155.96,2183.73,1772775300
20091210,2194.90,2202.84,2187.08,2190.86,1810124100
20091211,2200.96,2202.40,2179.51,2190.31,1631619900
20091214,2202.31,2212.56,2193.20,2212.10,1712957700
20091215,2203.54,2217.63,2197.76,2201.05,1810672800
20091216,2210.35,2220.46,2203.33,2206.91,1880869200
20091217,2193.50,2198.51,2178.05,2180.05,1771501200
20091218,2197.57,2213.18,2190.69,2211.69,2649021300
20091221,2224.04,2242.22,2224.04,2237.66,1682211900
20091222,2242.61,2253.73,2241.33,2252.67,1603506000
20091223,2257.21,2271.33,2253.67,2269.64,1472097000
20091224,2273.95,2285.89,2273.40,2285.69,588364500
20091228,2290.04,2295.80,2280.56,2291.08,1145880900
20091229,2293.94,2294.75,2286.57,2288.40,1095270300
20091230,2284.56,2293.02,2280.16,2291.28,1220783100
20091231,2292.92,2293.59,2269.11,2269.15,1151172600
20100104,2294.41,2311.15,2294.41,2308.42,1796183400
20100105,2307.27,2313.73,2295.62,2308.71,2202109800
20100106,2307.71,2314.07,2295.68,2301.09,2095606200
20100107,2298.09,2301.30,2285.22,2300.05,2111146500
20100108,2292.24,2317.60,2290.61,2317.17,1995212700
20100111,2324.78,2326.28,2302.21,2312.41,1932437700
20100112,2297.28,2298.85,2272.70,2282.31,2202537600
20100113,2289.46,2313.03,2274.12,2307.90,2156065500
20100114,2303.31,2322.56,2303.29,2316.74,2096378100
20100115,2316.98,2322.54,2279.20,2287.99,2453126100
20100119,2291.02,2320.40,2290.68,2320.40,1902119700
20100120,2304.31,2304.47,2268.68,2291.25,2187257700
20100121,2298.23,2308.98,2259.82,2265.70,2676354000
20100122,2255.76,2262.27,2200.37,2205.29,2620386600
20100125,2220.29,2223.22,2201.17,2210.80,1984945500
20100126,2203.44,2227.89,2195.44,2203.73,2195971800
20100127,2200.30,2225.67,2192.59,2221.41,2318378400
20100128,2220.31,2220.87,2166.90,2179.00,2631565200
20100129,2198.26,2202.84,2140.34,2147.35,2874239400
20100201,2155.81,2171.20,2152.26,2171.20,2077750200
20100202,2171.66,2193.66,2161.47,2190.06,2295677100
20100203,2181.01,2194.53,2176.75,2190.91,2142115500
20100204,2176.39,2178.25,2125.43,2125.43,2605292700
20100205,2131.92,2142.27,2100.17,2141.12,2614323000
20100208,2140.10,2152.64,2125.11,2126.05,1893740400
20100209,2153.10,2166.16,2132.58,2150.87,2135670600
20100210,2147.46,2156.36,2131.08,2147.87,1915744200
20100211,2145.09,2179.54,2134.14,2177.41,1991371800
20100212,2157.69,2184.57,2151.99,2183.53,2079647400
20100216,2200.38,2214.19,2189.18,2214.19,1927750500
20100217,2222.87,2226.32,2212.78,2226.29,1956282900
20100218,2223.22,2243.50,2221.14,2241.71,1931442600
20100219,2233.33,2249.80,2228.93,2243.87,2014993800
20100222,2250.92,2251.68,2235.65,2242.03,1837949700
20100223,2238.01,2239.80,2205.70,2213.44,2149146300
20100224,2222.40,2241.69,2221.28,2235.90,2004903300
20100225,2208.62,2236.21,2198.73,2234.22,2139492900
20100226,2234.44,2242.83,2222.23,2238.26,2123589900
20100301,2247.40,2274.02,2247.33,2273.57,2329594200
20100302,2279.07,2292.49,2275.35,2280.79,2633639100
20100303,2284.82,2293.32,2275.25,2280.68,2421264300
20100304,2282.57,2293.16,2273.63,2292.31,2032998600
20100305,2304.01,2327.03,2301.10,2326.35,2243048400
20100308,2326.25,2335.43,2326.11,2332.21,2150448300
20100309,2325.78,2353.07,2325.74,2340.68,2436934800
20100310,2340.95,2361.66,2340.69,2358.95,2375908200
20100311,2351.11,2368.46,2347.53,2368.46,2098814700
20100312,2376.07,2376.28,2358.08,2367.66,1951865400
20100315,2361.92,2367.40,2345.99,2362.21,1819238100
20100316,2367.32,2378.84,2360.67,2378.01,2047748400
20100317,2381.65,2400.09,2381.47,2389.09,2121711300
20100318,2387.54,2393.87,2383.26,2391.28,2020945800
20100319,2391.20,2396.92,2364.53,2374.41,2841856800
20100322,2360.35,2401.21,2358.00,2395.40,2276760900
20100323,2397.90,2416.51,2390.04,2415.24,2292663900
20100324,2406.72,2408.64,2396.92,2398.76,2265573000
20100325,2415.24,2432.25,2397.36,2397.41,2515529100
20100326,2406.73,2412.92,2384.69,2395.13,2202174900
20100329,2403.77,2411.18,2398.40,2404.36,1830100500
20100330,2406.69,2417.36,2395.80,2410.69,1996961100
20100331,2402.98,2415.44,2395.34,2397.96,2202881700
20100401,2411.68,2423.43,2383.77,2402.58,2176451100
20100405,2409.48,2429.61,2403.88,2429.53,1981216200
20100406,2420.33,2443.50,2417.77,2436.81,2064962700
20100407,2433.10,2442.27,2418.73,2431.16,2775910500
20100408,2423.99,2441.12,2413.74,2436.81,2258877000
20100409,2441.31,2454.11,2432.94,2454.05,2060442900
20100412,2455.40,2463.17,2450.15,2457.87,2010334500
20100413,2454.95,2467.94,2445.26,2465.99,2478840600
20100414,2481.80,2504.86,2480.43,2504.86,2923241100
20100415,2503.41,2517.82,2502.51,2515.69,2641813800
20100416,2505.38,2510.06,2467.68,2481.26,2753683500
20100419,2477.80,2487.67,2451.72,2480.11,2067994500
20100420,2492.72,2501.25,2480.70,2500.31,2006103000
20100421,2506.61,2510.50,2490.19,2504.61,2525787000
20100422,2483.52,2521.02,2468.26,2519.07,2604781200
20100423,2514.85,2530.15,2507.60,2530.15,2340819300
20100426,2529.85,2535.28,2521.51,2522.95,2316667200
20100427,2512.58,2525.70,2466.53,2471.47,2664273300
20100428,2483.03,2484.15,2456.63,2471.73,2562326700
20100429,2487.33,2513.69,2483.50,2511.92,2854765200
20100430,2509.99,2514.37,2461.09,2461.19,2642250900
20100503,2472.32,2503.00,2472.32,2498.74,2230484100
20100504,2465.55,2465.55,2411.28,2424.25,2838908700
20100505,2395.21,2421.05,2382.07,2402.29,2828576400
20100506,2391.21,2407.79,2185.75,2319.64,4234848000
20100507,2308.71,2330.65,2228.06,2265.64,3931779600
20100510,2365.97,2379.87,2349.40,2374.67,2670774000
20100511,2347.70,2405.26,2345.50,2375.31,2370421200
20100512,2388.64,2426.47,2384.69,2425.02,2187267000
20100513,2416.36,2434.29,2387.59,2394.36,2208982500
20100514,2373.88,2374.53,2323.63,2346.85,2467308600
20100517,2352.77,2364.65,2304.28,2354.23,2264066400
20100518,2372.84,2374.91,2309.22,2317.26,2315988300
20100519,2307.78,2324.99,2270.62,2298.37,2460928800
20100520,2245.56,2253.04,2203.50,2204.01,3180990600
20100521,2169.58,2243.00,2165.79,2229.04,3152393100
20100524,2220.60,2244.67,2212.37,2213.55,1999518600
20100525,2157.45,2211.94,2140.53,2210.95,2740133400
20100526,2226.24,2257.33,2190.44,2195.88,2861889000
20100527,2244.82,2278.37,2239.72,2277.68,2239644600
20100528,2275.19,2277.10,2241.52,2257.04,2013998700
20100601,2244.79,2277.39,2220.89,2222.33,2016063300
20100602,2234.59,2281.07,2221.07,2281.07,2036830200
20100603,2285.76,2307.47,2274.88,2303.03,2091616500
20100604,2257.05,2278.58,2212.30,2219.17,2178506400
20100607,2226.60,2232.89,2172.25,2173.90,2098703100
20100608,2176.07,2183.10,2139.46,2170.57,2507819400
20100609,2184.78,2208.65,2152.67,2158.85,2162305800
20100610,2188.71,2219.65,2185.98,2218.71,2034691200
20100611,2199.40,2243.60,2196.91,2243.60,1745721600
20100614,2263.66,2278.96,2242.00,2243.96,1815276300
20100615,2256.48,2307.98,2256.44,2305.88,2128825800
20100616,2293.56,2317.75,2290.26,2305.93,1800852000
20100617,2316.59,2318.27,2288.59,2307.16,1694162400
20100618,2308.94,2321.99,2301.48,2309.80,1894623900
20100621,2341.11,2341.11,2277.73,2289.09,1776951000
20100622,2296.83,2313.72,2259.59,2261.80,1799038500
20100623,2264.41,2271.74,2236.99,2254.23,1794388500
20100624,2246.20,2247.42,2213.50,2217.42,1919854800
20100625,2224.73,2240.88,2205.92,2223.48,3292525500
20100628,2227.43,2241.64,2208.37,2220.65,1745368200
20100629,2183.92,2185.30,2122.67,2135.18,2629193700
20100630,2134.03,2153.36,2105.26,2109.24,2066050800
20100701,2110.75,2117.94,2061.14,2101.36,2526875100
20100702,2105.50,2110.66,2077.71,2091.79,1555257600
20100706,2122.28,2136.30,2077.77,2093.88,2020917900
20100707,2099.66,2159.79,2098.11,2159.47,2045535000
20100708,2174.96,2181.30,2150.19,2175.40,1891647900
20100709,2174.20,2196.95,2170.76,2196.45,1481127300
20100712,2194.12,2213.39,2183.52,2198.36,1644212100
20100713,2221.25,2248.16,2212.97,2242.03,2118986400
20100714,2246.99,2260.33,2235.15,2249.84,2058099300
20100715,2247.76,2253.33,2218.92,2249.08,1870788000
20100716,2231.71,2236.66,2177.51,2179.05,2041489500
20100719,2185.81,2201.29,2171.20,2198.23,1613633700
20100720,2165.35,2222.61,2159.95,2222.49,1797941100
20100721,2236.13,2236.37,2183.22,2187.33,2066487900
20100722,2216.04,2251.42,2216.04,2245.89,2058294600
20100723,2234.34,2269.47,2227.50,2269.47,2241858000
20100726,2271.62,2296.43,2262.96,2296.43,2012780400
20100727,2306.62,2307.60,2280.72,2288.25,1920812700
20100728,2284.62,2292.24,2257.76,2264.56,1719123600
20100729,2279.07,2282.94,2228.52,2251.69,2161868700
20100730,2227.29,2264.81,2218.61,2254.70,1988907300
20100802,2283.32,2299.24,2274.27,2295.36,1816476000
20100803,2291.75,2295.03,2272.33,2283.52,1857237900
20100804,2291.09,2305.07,2283.21,2303.57,1880441400
20100805,2291.22,2298.86,2281.68,2293.06,1650099000
20100806,2267.42,2291.15,2253.92,2288.47,1745265900
20100809,2298.81,2309.43,2289.03,2305.69,1501559400
20100810,2280.06,2290.51,2261.50,2277.17,1896818700
20100811,2236.93,2236.93,2204.94,2208.63,2115247800
20100812,2164.64,2197.97,2163.07,2190.27,2036402400
20100813,2183.09,2190.27,2173.48,2173.48,1492687200
20100816,2161.31,2193.84,2155.66,2181.87,1513686600
20100817,2197.09,2225.08,2193.42,2209.44,1615289100
20100818,2205.30,2228.90,2196.11,2215.70,1538740800
20100819,2204.80,2211.73,2168.74,2178.95,1948164000
20100820,2172.26,2182.67,2159.54,2179.76,1765605000
20100823,2188.39,2200.52,2159.44,2159.63,1549287000
20100824,2131.00,2144.20,2113.71,2123.76,1991734500
20100825,2109.15,2148.35,2102.26,2141.54,1878116400
20100826,2148.49,2154.32,2116.82,2118.69,1678194300
20100827,2134.16,2154.99,2099.29,2153.63,1985131500
20100830,2145.76,2154.47,2119.93,2119.97,1474236000
20100831,2109.76,2128.90,2101.52,2114.03,1938222300
20100901,2142.75,2177.50,2141.95,2176.84,1984592100
20100902,2178.99,2200.01,2173.71,2200.01,1562948700
20100903,2227.96,2235.57,2213.56,2233.75,1532444700
20100907,2227.26,2231.28,2206.62,2208.89,1567273200
20100908,2216.07,2237.42,2215.90,2228.87,1876935300
20100909,2251.09,2251.98,2229.80,2236.20,1587184500
20100910,2239.08,2246.60,2229.12,2242.48,1573997100
20100913,2263.80,2289.49,2263.69,2285.71,1801995900
20100914,2281.31,2302.57,2274.57,2289.77,1933497900
20100915,2283.17,2304.60,2276.32,2301.32,1922430900
20100916,2297.51,2304.95,2288.71,2303.25,1682630400
20100917,2318.42,2320.37,2301.82,2315.61,2262206400
20100920,2322.80,2358.90,2317.89,2355.83,1850253600
20100921,2355.27,2366.76,2341.82,2349.35,1976343000
20100922,2339.91,2355.91,2323.55,2334.55,2018295300
20100923,2316.71,2353.79,2316.11,2327.08,1788492300
20100924,2356.26,2381.22,2353.50,2381.22,1853843400
20100927,2379.73,2386.01,2368.65,2369.77,1742001600
20100928,2373.13,2383.67,2339.50,2379.59,1976928900
20100929,2372.37,2382.15,2366.19,2376.56,1932474900
20100930,2390.96,2400.06,2354.22,2368.62,2249019000
20101001,2386.82,2389.45,2359.32,2370.75,1797364500
20101004,2362.25,2370.87,2332.46,2344.52,1768841400
20101005,2368.52,2402.42,2366.06,2399.83,2049227100
20101006,2395.16,2399.13,2368.43,2380.66,1956534000
20101007,2391.63,2392.74,2368.25,2383.67,1717003200
20101008,2384.76,2406.67,2370.53,2401.91,1860911400
20101011,2403.46,2413.03,2397.57,2402.33,1432190700
20101012,2397.70,2421.79,2379.39,2417.92,1823655600
20101013,2432.55,2452.54,2426.52,2441.23,2133838500
20101014,2441.21,2445.85,2422.07,2435.38,1873522200
20101015,2461.70,2468.77,2438.03,2468.77,2076513300
20101018,2470.12,2480.95,2462.55,2480.66,1603980300
20101019,2442.21,2480.95,2422.14,2436.95,2084911200
20101020,2443.20,2469.72,2441.07,2457.39,1875596100
20101021,2470.72,2482.14,2436.34,2459.67,1985996400
20101022,2461.60,2479.39,2459.43,2479.39,1532807400
20101025,2491.62,2507.03,2490.11,2490.85,1624077600
20101026,2476.51,2503.03,2470.12,2497.29,1780345500
20101027,2484.09,2505.35,2478.01,2503.26,1872313200
20101028,2516.16,2516.20,2489.76,2507.37,1858456200
20101029,2505.99,2517.50,2505.86,2507.41,1923891000
20101101,2520.45,2532.37,2491.46,2504.84,1771454700
20101102,2525.94,2534.88,2518.29,2533.52,1780931400
20101103,2532.83,2541.42,2511.31,2540.27,1851081300
20101104,2569.27,2579.62,2564.05,2577.34,2317606500
20101105,2577.63,2582.18,2568.78,2578.98,1946350500
20101108,2570.86,2583.30,2566.78,2580.05,1673376900
20101109,2587.08,2592.94,2552.93,2562.98,2006354100
20101110,2564.31,2578.78,2545.47,2578.78,1859004900
20101111,2534.24,2559.99,2524.12,2555.52,2380781400
20101112,2540.47,2552.24,2506.40,2518.21,2038364700
20101115,2529.02,2534.56,2512.35,2513.82,1722555300
20101116,2494.21,2503.29,2459.79,2469.84,2077703700
20101117,2471.27,2486.16,2467.19,2476.01,1689121800
20101118,2504.41,2526.83,2502.50,2514.40,1903393800
20101119,2510.79,2520.94,2499.92,2518.12,1710893100
20101122,2509.39,2532.02,2501.30,2532.02,1721030100
20101123,2504.21,2510.09,2483.19,2494.95,1759801800
20101124,2519.89,2545.41,2519.89,2543.12,1520215200
20101126,2525.91,2541.49,2522.40,2534.56,580301400
20101129,2522.24,2531.03,2496.83,2525.22,1565431800
20101130,2497.12,2510.71,2488.61,2498.23,2155256400
20101201,2535.19,2558.29,2535.19,2549.43,1962244200
20101202,2553.68,2580.59,2551.82,2579.35,1895460900
20101203,2569.02,2593.68,2567.88,2591.46,1683672000
20101206,2591.28,2599.19,2584.09,2594.92,1503837900
20101207,2623.15,2623.60,2597.45,2598.49,1772849700
20101208,2604.57,2612.37,2592.89,2609.16,1640017800
20101209,2623.15,2624.84,2606.24,2616.67,1790231400
20101210,2623.28,2639.41,2615.43,2637.54,1615158900
20101213,2645.35,2645.79,2624.56,2624.91,1706856900
20101214,2631.34,2636.85,2621.05,2627.72,1723541100
20101215,2625.81,2643.11,2613.15,2617.22,1733501400
20101216,2620.56,2639.68,2613.72,2637.31,1613819700
20101217,2643.35,2651.35,2637.08,2642.97,2252301900
20101220,2651.98,2658.80,2634.56,2649.56,1588393500
20101221,2658.94,2669.01,2655.95,2667.61,1532221500
20101222,2669.00,2675.26,2666.63,2671.48,1501057200
20101223,2667.42,2671.63,2661.17,2665.60,1181369700
20101227,2657.09,2670.57,2645.38,2667.27,1020303000
20101228,2671.85,2673.02,2658.21,2662.88,1051086000
20101229,2667.18,2671.23,2664.51,2666.93,1043599500
20101230,2665.68,2671.11,2661.83,2662.98,999145500
20101231,2660.58,2662.39,2649.04,2652.87,954738000
20110103,2676.65,2704.86,2676.34,2691.52,1785283800
20110104,2699.86,2700.88,2663.64,2681.25,1874359200
20110105,2673.91,2702.20,2671.89,2702.20,1916497500
20110106,2704.38,2712.35,2697.73,2709.89,1948805700
20110107,2712.75,2715.96,2676.36,2703.17,1837884600
20110110,2691.47,2712.32,2682.25,2707.80,1738049100
20110111,2719.60,2722.75,2706.58,2716.83,1760583000
20110112,2731.45,2737.33,2722.32,2737.33,1742782800
20110113,2734.93,2742.42,2727.14,2735.29,1789227000
20110114,2732.48,2755.30,2729.62,2755.30,1878795300
20110118,2744.80,2766.17,2744.26,2765.85,1878776700
20110119,2762.81,2764.35,2717.79,2725.36,1981764900
20110120,2712.40,2714.10,2686.59,2704.29,2160622500
20110121,2716.92,2722.74,2688.53,2689.54,1782772800
20110124,2693.03,2719.73,2687.97,2717.55,1740309000
20110125,2704.25,2719.34,2697.51,2719.25,1800591600
20110126,2724.52,2746.03,2717.63,2739.50,1889211300
20110127,2745.16,2763.64,2740.30,2755.28,1879111500
20110128,2755.28,2755.28,2679.57,2686.89,2205160200
20110131,2693.30,2706.30,2676.87,2700.08,1815648300
20110201,2717.61,2755.97,2716.64,2751.19,2098070700
20110202,2744.68,2758.51,2743.76,2749.56,1882878000
20110203,2746.74,2757.54,2725.78,2753.88,1805371800
20110204,2755.85,2769.70,2747.86,2769.30,1819740300
20110207,2773.26,2796.50,2772.81,2783.99,1644323700
20110208,2782.41,2797.05,2776.35,2797.05,1676799300
20110209,2791.13,2798.91,2780.89,2789.07,1795662600
20110210,2764.76,2791.43,2762.34,2790.45,2322712200
20110211,2783.16,2810.56,2778.21,2809.44,1922031000
20110214,2810.19,2819.87,2808.27,2817.18,1827245400
20110215,2809.02,2813.13,2798.83,2804.35,1865784600
20110216,2814.91,2828.19,2811.52,2825.56,2117591400
20110217,2816.12,2835.20,2815.08,2831.58,1803567600
20110218,2833.35,2840.51,2823.65,2833.95,1961797800
20110222,2795.44,2808.18,2752.75,2756.42,2103753000
20110223,2755.20,2761.70,2705.54,2722.99,2305609500
20110224,2726.59,2745.29,2707.63,2737.90,1920719700
20110225,2752.16,2781.12,2751.81,2781.05,1737072600
20110228,2791.28,2798.43,2767.61,2782.27,1868835000
20110301,2791.08,2791.23,2730.72,2737.41,2057959800
20110302,2735.05,2763.95,2734.08,2748.07,1847817000
20110303,2774.48,2802.32,2774.48,2798.74,1851053400
20110304,2797.64,2798.07,2768.12,2784.67,1765047000
20110307,2793.19,2794.82,2724.51,2745.63,2036672100
20110308,2745.23,2775.41,2729.85,2765.77,1707052200
20110309,2756.34,2761.77,2737.68,2751.72,1856931000
20110310,2719.29,2721.21,2695.08,2701.02,2197896900
20110311,2689.65,2724.61,2689.41,2715.61,1722183300
20110314,2695.49,2715.22,2682.09,2700.97,1657325100
20110315,2619.40,2680.57,2618.50,2667.33,2194641900
20110316,2652.92,2669.27,2603.50,2616.82,2414280000
20110317,2656.08,2660.50,2634.18,2636.05,1854754800
20110318,2665.54,2665.56,2639.76,2643.67,1847817000
20110321,2675.47,2699.70,2674.99,2691.65,1628485800
20110322,2692.13,2695.46,2679.41,2683.87,1541409900
20110323,2677.56,2704.30,2660.17,2698.30,1646053500
20110324,2715.88,2740.39,2703.42,2736.42,1817387400
20110325,2746.34,2762.55,2740.17,2743.06,1727540100
20110328,2752.33,2754.63,2730.68,2730.68,1552411800
20110329,2727.83,2756.89,2720.19,2756.89,1516978800
20110330,2772.36,2779.95,2763.77,2776.79,1691121300
20110331,2774.23,2783.98,2769.52,2781.07,1763670600
20110401,2796.67,2802.63,2779.71,2789.60,1943811600
20110404,2796.26,2799.73,2778.87,2789.19,1586505600
20110405,2787.78,2806.20,2785.27,2791.19,1817703600
20110406,2808.11,2815.55,2786.80,2799.82,1856977500
20110407,2799.59,2813.22,2781.13,2796.14,1680417000
20110408,2806.29,2808.56,2772.40,2780.42,1535253300
20110411,2789.49,2792.95,2760.84,2771.51,1909466700
20110412,2755.89,2760.60,2737.07,2744.79,1691307300
20110413,2762.69,2772.05,2744.85,2761.52,1622794200
20110414,2743.12,2762.18,2733.68,2760.22,1597414500
20110415,2752.87,2769.29,2743.75,2764.65,1660096500
20110418,2731.22,2737.46,2706.50,2735.38,1661193900
20110419,2741.35,2746.18,2727.12,2744.97,1558652100
20110420,2788.84,2802.99,2785.98,2802.51,1947857100
20110421,2820.77,2820.77,2808.55,2820.16,1947857100
20110425,2820.28,2826.26,2813.20,2825.88,1376958000
20110426,2832.48,2856.61,2829.00,2847.54,1913698200
20110427,2853.88,2870.80,2842.61,2869.88,1926383400
20110428,2862.82,2874.59,2859.62,2872.53,1844775900
20110429,2869.74,2876.83,2863.04,2873.54,2283754500
20110502,2881.28,2887.75,2859.84,2864.08,1918245900
20110503,2859.30,2861.95,2825.50,2841.62,2059373400
20110504,2842.92,2848.16,2808.79,2828.23,2054909400
20110505,2812.83,2845.85,2804.82,2814.72,2071751700
20110506,2840.71,2859.25,2818.65,2827.56,1900678200
20110509,2828.24,2850.39,2823.67,2843.25,1533672300
20110510,2851.91,2873.64,2850.01,2871.89,1876740000
20110511,2867.16,2874.61,2829.68,2845.06,2100656100
20110512,2833.67,2865.86,2819.37,2863.04,2054974500
20110513,2859.70,2861.51,2827.51,2828.47,1782856500
20110516,2815.90,2828.14,2779.54,2782.31,1921398600
20110517,2769.17,2783.61,2759.29,2783.21,2065009200
20110518,2782.65,2817.15,2780.83,2815.00,1743889500
20110519,2824.05,2828.41,2805.12,2823.31,1630652700
20110520,2815.96,2821.44,2796.27,2803.32,1655530200
20110523,2761.96,2770.51,2750.64,2758.90,1669982400
20110524,2766.70,2767.50,2744.01,2746.16,1744094100
20110525,2739.99,2771.38,2739.85,2761.38,1761894300
20110526,2756.31,2787.33,2756.06,2782.92,1771092000
20110527,2789.02,2801.15,2788.29,2796.86,1526427600
20110531,2824.25,2835.34,2808.60,2835.30,2278583700
20110601,2829.39,2834.05,2767.63,2769.19,2097010500
20110602,2773.76,2784.57,2759.17,2773.31,1784697900
20110603,2740.49,2762.56,2730.63,2732.78,1800852000
20110606,2728.31,2736.66,2702.20,2702.56,1746679500
20110607,2712.79,2723.32,2701.17,2701.56,1717989000
20110608,2693.69,2698.08,2671.09,2675.38,1943067600
20110609,2678.52,2696.69,2670.02,2684.87,1585612800
20110610,2675.10,2676.72,2641.64,2643.73,1833960000
20110613,2649.30,2657.77,2629.61,2639.69,1717756500
20110614,2662.73,2685.65,2662.73,2678.72,1582209000
20110615,2653.17,2669.75,2625.86,2631.46,1843659900
20110616,2631.98,2642.65,2599.88,2623.70,1821172500
20110617,2646.29,2648.54,2608.99,2616.48,2226131700
20110620,2608.05,2636.55,2607.74,2629.66,1512040500
20110621,2640.33,2688.50,2634.04,2687.26,1750715700
20110622,2677.18,2693.23,2668.35,2669.19,1504154100
20110623,2638.60,2688.07,2627.47,2686.75,1916218500
20110624,2681.10,2682.41,2647.46,2652.89,2643869100
20110627,2653.07,2697.34,2647.55,2688.28,1590988200
20110628,2694.26,2729.94,2692.45,2729.31,1564808700
20110629,2736.76,2746.62,2722.26,2740.49,1678175700
20110630,2749.37,2776.56,2749.11,2773.52,1728990900
20110701,2775.08,2818.19,2769.06,2816.03,1531133400
20110705,2817.87,2828.53,2810.00,2825.77,1447656600
20110706,2821.42,2838.85,2812.80,2834.02,1524725700
20110707,2856.25,2878.94,2853.90,2872.66,1742550300
20110708,2841.29,2860.02,2831.16,2859.81,1499271600
20110711,2828.10,2841.12,2795.54,2802.62,1642305600
20110712,2798.75,2807.57,2780.16,2781.91,1874331300
20110713,2800.88,2825.86,2789.57,2796.92,1753524300
20110714,2804.82,2817.38,2755.90,2762.67,1810245000
20110715,2787.33,2790.16,2768.28,2789.80,1678073400
20110718,2777.61,2783.76,2743.79,2765.11,1629564600
20110719,2790.98,2828.65,2790.98,2826.52,1750966800
20110720,2839.39,2839.65,2808.18,2814.23,1733213100
20110721,2818.79,2847.41,2807.71,2834.43,2124259500
20110722,2834.46,2862.72,2830.58,2858.83,1548654600
20110725,2832.11,2859.40,2828.91,2842.80,1500313200
20110726,2842.74,2851.72,2832.27,2839.96,1618181400
20110727,2823.62,2823.86,2761.00,2764.79,2201747100
20110728,2765.61,2800.11,2757.85,2766.25,1922328600
20110729,2736.67,2780.58,2724.99,2756.38,2140125300
20110801,2791.45,2796.24,2716.30,2744.61,2055104700
20110802,2728.29,2745.78,2668.68,2669.24,2210842500
20110803,2673.97,2695.37,2621.67,2693.07,2419218300
20110804,2648.38,2653.79,2556.38,2556.39,3043880700
20110805,2580.30,2592.04,2464.87,2532.41,3487639500
20110808,2447.30,2489.39,2357.69,2357.69,3708830700
20110809,2402.13,2483.66,2331.65,2482.52,3536836500
20110810,2425.55,2461.28,2378.08,2381.05,3159219300
20110811,2415.54,2516.39,2399.56,2492.68,2914750200
20110812,2507.01,2524.09,2481.50,2507.98,2076197100
20110815,2522.04,2555.20,2514.52,2555.20,1809640500
20110816,2526.48,2546.74,2494.55,2523.45,1929164100
20110817,2527.79,2549.11,2488.09,2511.48,1779387600
20110818,2436.38,2437.01,2362.97,2380.43,2581289400
20110819,2353.32,2415.18,2338.66,2341.84,2218329000
20110822,2396.88,2397.34,2337.28,2345.38,1820223900
20110823,2360.95,2446.06,2349.08,2446.06,1996961100
20110824,2437.48,2470.80,2420.48,2467.69,1756435200
20110825,2470.96,2482.90,2415.24,2419.63,1663983900
20110826,2408.79,2486.04,2385.27,2479.85,1722480900
20110829,2510.99,2562.58,2510.13,2562.11,1502424300
20110830,2547.07,2589.53,2534.68,2576.11,1740774000
20110831,2589.75,2611.58,2557.74,2579.46,1855805700
20110901,2583.34,2604.50,2543.56,2546.04,1620469200
20110902,2497.28,2512.78,2469.35,2480.33,1461522900
20110906,2417.61,2477.77,2414.31,2473.83,1615568100
20110907,2511.50,2548.94,2507.52,2548.94,1666076400
20110908,2533.81,2568.45,2520.80,2529.14,1841390700
20110909,2508.12,2518.40,2452.93,2467.99,1910396700
20110912,2442.86,2495.36,2438.40,2495.09,1841725500
20110913,2502.59,2537.40,2494.07,2532.15,1796192700
20110914,2548.45,2600.78,2519.80,2572.55,2161106100
20110915,2595.45,2608.95,2569.78,2607.07,1829988900
20110916,2607.12,2627.28,2600.96,2622.31,2514468900
20110919,2584.35,2627.34,2564.46,2612.83,1759346100
20110920,2623.89,2643.37,2589.52,2590.24,1780940700
20110921,2601.06,2613.29,2537.46,2538.19,2019987900
20110922,2466.06,2494.31,2420.23,2455.67,2714976900
20110923,2438.63,2490.72,2438.28,2483.23,1836936000
20110926,2496.98,2518.91,2446.12,2516.69,1843920300
20110927,2560.78,2590.94,2532.65,2546.83,1948926600
20110928,2557.86,2569.79,2491.07,2491.58,1794258300
20110929,2535.52,2538.97,2433.58,2480.76,2130044100
20110930,2444.77,2468.98,2415.07,2415.40,1898474100
20111003,2401.33,2430.88,2335.23,2335.83,2369351700
20111004,2312.68,2406.67,2298.89,2404.82,2828074200
20111005,2398.37,2466.50,2380.96,2460.51,2299332000
20111006,2459.05,2507.44,2446.72,2506.82,2091700200
20111007,2509.61,2512.14,2468.60,2479.35,1938957000
20111010,2522.72,2566.05,2519.78,2566.05,1464517500
20111011,2554.70,2587.28,2551.94,2583.03,1545102000
20111012,2606.61,2629.49,2602.31,2604.73,1829486700
20111013,2595.05,2625.22,2588.71,2620.24,1557954600
20111014,2655.23,2667.85,2636.00,2667.85,1547845500
20111017,2653.32,2658.25,2606.91,2614.92,1557945300
20111018,2614.05,2667.57,2586.31,2657.43,1796471700
20111019,2642.89,2651.88,2597.77,2604.04,1841567400
20111020,2605.42,2606.39,2557.17,2598.62,1897367400
20111021,2630.30,2646.92,2611.11,2637.46,1878553500
20111024,2644.83,2703.07,2643.94,2699.44,1752538500
20111025,2685.86,2685.88,2633.94,2638.42,1653326100
20111026,2660.42,2666.29,2598.74,2650.67,1970344500
20111027,2720.59,2753.37,2694.27,2738.63,2613932400
20111028,2724.03,2742.27,2723.03,2737.15,1709832900
20111031,2705.89,2716.70,2684.13,2684.41,1648480800
20111101,2607.31,2638.60,2597.16,2606.96,2133624600
20111102,2637.56,2648.46,2613.74,2639.98,1787264700
20111103,2666.21,2699.84,2628.22,2697.97,1958803200
20111104,2678.16,2693.67,2655.12,2686.15,1795597500
20111107,2683.38,2697.02,2649.06,2695.25,1592811000
20111108,2712.08,2730.39,2680.93,2727.49,1720751100
20111109,2662.56,2672.34,2617.93,2621.65,1994068800
20111110,2652.01,2652.40,2601.79,2625.15,1759922700
20111111,2653.53,2684.67,2649.85,2678.75,1490455200
20111114,2671.11,2682.13,2647.48,2657.22,1303590300
20111115,2647.91,2695.87,2644.00,2686.20,1587472800
20111116,2661.09,2688.86,2637.91,2639.61,1813527900
20111117,2637.37,2637.48,2576.22,2587.99,2043507600
20111118,2595.02,2595.84,2567.15,2572.50,1632484800
20111121,2535.34,2539.87,2500.89,2523.14,1905123600
20111122,2517.64,2534.40,2499.19,2521.28,1666615800
20111123,2501.18,2503.38,2460.08,2460.08,1588226100
20111125,2453.03,2477.03,2441.48,2441.51,643327500
20111128,2509.63,2531.32,2507.72,2527.34,1512235800
20111129,2529.11,2542.46,2508.27,2515.51,1509901500
20111130,2586.39,2620.34,2582.49,2620.34,2270092800
20111201,2615.67,2636.08,2611.48,2626.20,1698979800
20111202,2650.80,2659.23,2625.07,2626.93,1546338900
20111205,2666.47,2674.53,2641.59,2655.76,1568593800
20111206,2655.02,2663.63,2639.18,2649.56,1386750900
20111207,2638.61,2660.24,2612.80,2649.21,1541949300
20111208,2633.30,2645.92,2592.55,2596.38,1716445200
20111209,2603.18,2653.46,2603.18,2646.85,1548180300
20111212,2617.32,2617.32,2591.42,2612.26,1462518000
20111213,2629.67,2639.74,2568.44,2579.27,1629657600
20111214,2566.21,2568.44,2525.88,2539.31,1668382800
20111215,2565.93,2565.94,2536.58,2541.01,1626012000
20111216,2554.62,2585.42,2548.00,2555.33,2478161700
20111219,2564.07,2570.65,2518.01,2523.14,1450902300
20111220,2567.25,2604.52,2566.87,2603.73,1707219600
20111221,2589.77,2590.61,2544.66,2577.97,1723950300
20111222,2584.33,2601.99,2581.92,2599.45,1409517300
20111223,2607.43,2618.84,2599.89,2618.64,893674200
20111227,2613.51,2633.34,2610.77,2625.20,879398700
20111228,2626.19,2626.34,2586.85,2589.98,995034900
20111229,2596.33,2614.87,2593.04,2613.74,940583400
20111230,2610.23,2616.46,2604.60,2605.15,982814700
20120103,2657.39,2665.90,2641.98,2648.72,1522270500
20120104,2639.90,2653.18,2627.23,2648.36,1553592900
20120105,2642.57,2673.56,2631.23,2669.86,1707861300
20120106,2671.17,2682.12,2658.83,2674.22,1565273700
20120109,2682.98,2683.78,2662.96,2676.56,1644314400
20120110,2704.42,2712.50,2694.33,2702.50,1682835000
20120111,2695.77,2714.29,2690.73,2710.76,1580683800
20120112,2716.87,2726.43,2697.32,2724.70,1552681500
20120113,2707.41,2712.93,2689.58,2710.67,1540042800
20120117,2736.34,2742.73,2721.03,2728.08,1547715300
20120118,2731.16,2769.71,2730.05,2769.71,1831114200
20120119,2779.74,2793.35,2777.17,2788.33,1822753500
20120120,2776.04,2787.20,2775.87,2786.70,1813183800
20120123,2786.21,2804.99,2769.82,2784.17,1537234200
20120124,2771.58,2788.38,2766.34,2786.64,1507241700
20120125,2803.23,2822.79,2788.95,2818.31,1783777200
20120126,2828.78,2834.30,2794.78,2805.28,1859042100
20120127,2797.66,2821.55,2797.24,2816.55,1587835500
20120130,2790.40,2816.85,2782.44,2811.94,1552142100
20120131,2825.76,2830.45,2798.77,2813.84,1661491500
20120201,2830.10,2855.73,2825.19,2848.27,1976919600
20120202,2854.10,2868.23,2849.40,2859.68,1779489900
20120203,2888.95,2908.13,2885.84,2905.66,2002187700
20120206,2892.52,2903.03,2887.33,2901.99,1566575700
20120207,2895.91,2910.27,2885.17,2904.08,1659659400
20120208,2906.59,2918.26,2892.71,2915.86,1842469500
20120209,2922.46,2930.68,2904.51,2927.23,2002373700
20120210,2902.00,2910.98,2895.10,2903.88,1662505200
20120213,2926.21,2933.93,2913.89,2931.39,1506581400
20120214,2921.70,2932.08,2911.60,2931.83,1749915900
20120215,2943.42,2958.19,2911.33,2915.83,1896251400
20120216,2915.67,2961.38,2912.72,2959.85,1809063900
20120217,2958.22,2962.78,2941.55,2951.78,1835727000
20120221,2957.30,2965.05,2934.07,2948.57,1694032200
20120222,2942.77,2950.37,2929.68,2933.17,1586868300
20120223,2933.16,2958.42,2922.96,2956.98,1644602700
20120224,2963.13,2970.88,2958.82,2963.75,1528157400
20120227,2945.87,2976.08,2933.30,2966.16,1640194500
20120228,2969.25,2988.59,2966.61,2986.76,1685615700
20120229,2991.67,3000.11,2961.77,2966.89,2018276700
20120301,2979.11,2996.37,2974.59,2988.97,1770431700
20120302,2986.08,2995.97,2968.00,2976.19,1632270900
20120305,2969.73,2973.93,2940.52,2950.48,1561497900
20120306,2917.52,2921.77,2900.28,2910.32,1739769600
20120307,2922.57,2940.28,2920.54,2935.69,1478104800
20120308,2954.40,2976.05,2945.73,2970.42,1506358200
20120309,2975.09,2993.98,2973.96,2988.34,1469920800
20120312,2989.05,2994.10,2973.65,2983.66,1247743800
20120313,3003.71,3039.89,2996.46,3039.88,1590207000
20120314,3042.21,3051.37,3024.73,3040.73,1545939000
20120315,3048.58,3059.81,3037.82,3056.37,1560112200
20120316,3058.49,3060.82,3047.69,3055.26,1942407300
20120319,3057.24,3087.10,3050.89,3078.32,1440012000
20120320,3060.93,3078.72,3050.82,3074.15,1402979400
20120321,3077.44,3090.08,3069.09,3075.32,1443732000
20120322,3055.00,3068.50,3050.70,3063.32,1418064000
20120323,3066.37,3070.93,3044.67,3067.92,1328914200
20120326,3090.52,3122.57,3090.05,3122.57,1513593600
20120327,3124.06,3134.17,3119.03,3120.35,1546087800
20120328,3123.84,3130.56,3086.93,3104.96,1642082400
20120329,3087.25,3099.80,3069.81,3095.36,1633228800
20120330,3110.97,3111.55,3079.05,3091.57,1704810900
20120402,3085.94,3123.03,3079.78,3119.70,1644435300
20120403,3119.65,3128.25,3097.41,3113.57,1678603500
20120404,3085.46,3086.35,3052.58,3068.09,1686229500
20120405,3061.75,3083.38,3061.14,3080.50,1439677200
20120409,3037.28,3058.76,3032.22,3047.08,1275160200
20120410,3044.67,3055.20,2987.00,2991.22,1816848000
20120411,3020.15,3030.51,3008.75,3016.46,1433027700
20120412,3023.11,3059.26,3020.44,3055.55,1376716200
20120413,3045.08,3045.42,3010.77,3011.33,1379980500
20120416,3027.57,3027.57,2975.87,2988.40,1482717600
20120417,3002.02,3052.76,2999.49,3042.82,1446215100
20120418,3031.82,3045.04,3023.91,3031.45,1487507100
20120419,3028.20,3058.72,2994.94,3007.56,1851741600
20120420,3023.73,3034.69,2999.01,3000.45,1800368400
20120423,2969.00,2973.38,2946.04,2970.45,1643644800
20120424,2967.37,2979.08,2950.38,2961.60,1572481200
20120425,3013.65,3031.41,3010.57,3029.63,1600836900
20120426,3029.62,3056.77,3027.79,3050.61,1640064300
20120427,3060.34,3076.44,3043.30,3069.20,1653307500
20120430,3060.06,3063.66,3043.25,3046.36,1518848100
20120501,3044.79,3085.40,3041.62,3050.44,1724433900
20120502,3035.07,3061.47,3028.94,3059.85,1697426700
20120503,3061.13,3061.33,3016.20,3024.30,1738290900
20120504,3001.15,3001.48,2956.34,2956.34,1807929300
20120507,2940.41,2970.20,2939.21,2957.76,1618599900
20120508,2939.36,2952.65,2900.06,2946.27,2023531200
20120509,2912.41,2948.77,2900.18,2934.71,1903793700
20120510,2950.21,2950.21,2923.14,2933.64,1863859500
20120511,2919.35,2960.38,2918.74,2933.82,1613903400
20120514,2907.78,2924.89,2898.90,2902.58,1565617800
20120515,2902.30,2930.68,2889.39,2893.76,1698375300
20120516,2904.67,2913.90,2872.25,2874.04,1798527000
20120517,2874.71,2879.22,2813.69,2813.69,1875791400
20120518,2814.43,2827.28,2774.45,2778.79,2503978500
20120521,2782.55,2848.83,2774.76,2847.21,1739490600
20120522,2853.87,2867.34,2823.22,2839.08,1731520500
20120523,2832.17,2855.35,2795.50,2850.12,1794565200
20120524,2856.55,2858.24,2817.62,2839.38,1627769700
20120525,2839.74,2846.31,2829.76,2837.53,1192892400
20120529,2853.27,2882.83,2846.68,2870.99,1311699900
20120530,2847.27,2847.27,2825.64,2837.36,1554067200
20120531,2837.37,2842.43,2801.96,2827.34,2027520900
20120601,2810.13,2810.13,2747.24,2747.48,1828724100
20120604,2747.61,2769.93,2726.68,2760.01,1632847500
20120605,2749.35,2781.97,2749.34,2778.11,1511808000
20120606,2796.23,2844.72,2796.23,2844.72,1637776500
20120607,2872.05,2873.59,2827.82,2831.02,1539494100
20120608,2823.82,2860.94,2814.80,2858.42,1292941800
20120611,2882.49,2882.96,2806.90,2809.73,1376604600
20120612,2815.84,2843.67,2802.38,2843.07,1482708300
20120613,2838.12,2853.17,2810.59,2818.61,1489934400
20120614,2820.63,2842.31,2807.55,2836.33,1519034100
20120615,2839.40,2874.38,2837.94,2872.80,1878693000
20120618,2872.49,2903.03,2853.86,2895.33,1475156700
20120619,2909.87,2940.23,2908.45,2929.76,1706996400
20120620,2932.96,2942.28,2910.00,2930.45,1453664400
20120621,2929.15,2930.93,2857.10,2859.09,1694646000
20120622,2866.17,2894.35,2863.93,2892.42,3295929300
20120625,2863.89,2863.89,2829.23,2836.16,1408419900
20120626,2845.40,2862.15,2832.02,2854.06,1509538800
20120627,2862.13,2882.40,2860.13,2875.32,1551779400
20120628,2853.89,2855.74,2818.19,2849.49,1670140500
20120629,2902.44,2935.13,2895.60,2935.05,1879706700
20120702,2938.41,2951.23,2925.71,2951.23,1716073200
20120703,2950.81,2976.08,2948.40,2976.08,938676900
20120705,2970.37,2987.94,2958.30,2976.12,1324310700
20120706,2955.20,2957.50,2921.37,2937.33,1336800600
20120709,2934.49,2942.99,2919.04,2931.77,1353615000
20120710,2945.35,2953.47,2891.42,2902.33,1604928900
20120711,2898.77,2905.51,2866.53,2887.98,1520661600
20120712,2867.08,2876.32,2837.72,2866.19,1599097800
20120713,2874.06,2913.28,2873.39,2908.47,1277466600
20120716,2903.03,2910.20,2888.01,2896.94,1315457100
20120717,2911.46,2916.61,2871.65,2910.04,1649968800
20120718,2904.24,2951.30,2902.95,2942.60,1689847200
20120719,2961.71,2976.22,2952.42,2965.90,1614405600
20120720,2957.02,2957.02,2925.30,2925.30,1683690600
20120723,2877.51,2898.05,2852.88,2890.15,1494640200
20120724,2894.95,2896.56,2847.22,2862.99,1626021300
20120725,2856.78,2870.22,2839.76,2854.24,1659259500
20120726,2896.68,2905.57,2876.01,2893.25,1842813600
20120727,2906.50,2961.87,2900.98,2958.09,1955427300
20120730,2959.07,2970.30,2939.04,2945.84,1380110700
20120731,2945.08,2959.62,2938.41,2939.52,1675339200
20120801,2956.72,2958.28,2917.78,2920.21,1601952900
20120802,2900.46,2934.65,2890.85,2909.77,1695036600
20120803,2951.28,2977.41,2945.81,2967.90,1609095300
20120806,2978.16,3000.24,2974.23,2989.91,1421281800
20120807,3002.66,3028.61,3002.09,3015.86,1766293200
20120808,3003.77,3018.90,3002.41,3011.25,1743359400
20120809,3009.86,3022.69,3007.30,3018.64,1560512100
20120810,3008.83,3020.86,3003.38,3020.86,1447507800
20120813,3018.27,3023.03,2999.12,3022.52,1258643400
20120814,3032.67,3034.16,3009.93,3016.98,1458081900
20120815,3013.33,3032.06,3013.33,3030.93,1429158900
20120816,3037.18,3067.44,3033.28,3062.39,1801809900
20120817,3067.11,3076.72,3060.15,3076.59,1525795200
20120820,3072.66,3076.21,3059.90,3076.21,1349941500
20120821,3085.25,3100.54,3058.74,3067.26,1464024600
20120822,3059.94,3080.73,3053.43,3073.67,1356990900
20120823,3065.82,3070.34,3045.52,3053.40,1286989800
20120824,3045.22,3076.80,3042.22,3069.79,1255258200
20120827,3083.62,3085.81,3068.13,3073.19,1286682900
20120828,3069.40,3083.19,3063.65,3077.14,1269208200
20120829,3078.05,3087.24,3067.62,3081.19,1193097000
20120830,3066.73,3067.54,3045.92,3048.71,1131475200
20120831,3069.64,3078.52,3040.59,3066.96,1297126800
20120904,3063.25,3082.26,3040.24,3075.06,1400542800
20120905,3072.58,3082.75,3062.54,3069.27,1390377900
20120906,3087.94,3135.81,3087.67,3135.81,1784577000
20120907,3133.22,3139.61,3128.17,3136.42,1618795200
20120910,3131.34,3133.89,3102.76,3104.02,1465094100
20120911,3105.02,3117.86,3099.10,3104.53,1475212500
20120912,3115.33,3120.12,3098.82,3114.31,1570900200
20120913,3117.66,3167.63,3112.62,3155.83,1739146500
20120914,3166.24,3195.67,3164.26,3183.95,1845789600
20120917,3183.40,3183.40,3168.63,3178.67,1381412700
20120918,3173.62,3179.37,3169.41,3177.80,1587696000
20120919,3179.04,3189.35,3170.29,3182.62,1721355600
20120920,3166.84,3178.45,3156.46,3175.96,1682490900
20120921,3194.86,3196.93,3178.09,3179.96,2349412500
20120924,3155.35,3167.74,3150.71,3160.78,1585519800
20120925,3170.37,3176.30,3117.73,3117.73,1837187100
20120926,3113.40,3114.54,3080.28,3093.70,1616349300
20120927,3105.87,3142.02,3098.46,3136.60,1573374000
20120928,3125.31,3132.51,3109.91,3116.23,1734115200
20121001,3130.31,3146.99,3103.89,3113.53,1635098100
20121002,3127.73,3131.64,3101.64,3120.04,1496900100
20121003,3130.85,3142.36,3115.04,3135.23,1584766500
20121004,3142.38,3153.48,3132.56,3149.46,1474226700
20121005,3161.21,3171.46,3130.76,3136.19,1495384200
20121008,3121.33,3125.49,3107.57,3112.35,1103221800
20121009,3108.01,3108.01,3062.52,3065.02,1530538200
20121010,3066.25,3071.57,3046.78,3051.78,1663742100
20121011,3075.89,3078.08,3047.14,3049.41,1483368600
20121012,3049.08,3061.77,3039.58,3044.11,1418101200
20121015,3053.21,3066.31,3037.27,3064.18,1453999200
20121016,3073.21,3102.97,3070.25,3101.17,1615344900
20121017,3091.38,3112.45,3088.05,3104.12,1646955600
20121018,3097.77,3102.56,3065.24,3072.87,1900259700
20121019,3066.56,3066.56,3000.27,3005.62,2069789400
20121022,3005.92,3020.61,2995.78,3016.96,1538340900
20121023,2989.44,3006.59,2974.07,2990.46,1702681200
20121024,3011.82,3012.95,2978.73,2981.70,1829310000
20121025,3005.04,3007.71,2975.98,2986.12,1788073800
20121026,2986.05,2999.14,2961.16,2987.95,1710921000
20121031,2986.85,2989.70,2964.94,2977.23,1680305400
20121101,2987.54,3021.94,2984.22,3020.06,1748530200
20121102,3033.85,3033.85,2981.69,2982.13,1706168700
20121105,2983.03,3004.81,2975.85,2999.66,1391475300
20121106,3003.71,3024.44,2998.93,3011.93,1657659900
20121107,2976.46,2977.81,2926.79,2937.29,1915511700
20121108,2942.09,2949.70,2895.58,2895.58,1745070600
20121109,2892.57,2931.11,2889.81,2904.87,1676399400
20121112,2916.38,2920.01,2896.55,2904.26,1282693200
20121113,2880.77,2909.00,2877.06,2883.89,1689121800
20121114,2896.81,2900.10,2842.86,2846.81,1959128700
20121115,2847.84,2855.64,2826.75,2836.94,1869579000
20121116,2838.90,2859.57,2810.80,2853.13,2034588900
20121119,2886.00,2916.07,2884.75,2916.07,1643533200
20121120,2910.73,2919.95,2893.44,2916.68,1477537500
20121121,2919.14,2928.17,2912.42,2926.55,1329955800
20121123,2943.62,2967.19,2940.68,2966.85,737257500
20121126,2961.02,2976.93,2951.73,2976.78,1526790300
20121127,2974.56,2985.18,2965.13,2967.79,1639887600
20121128,2952.02,2992.17,2935.88,2991.78,1604761500
20121129,3005.41,3017.18,2996.36,3012.03,1635349200
20121130,3013.25,3014.25,2999.72,3010.24,2040643200
20121203,3029.21,3030.28,2999.57,3002.20,1550616900
20121204,3000.44,3002.88,2980.93,2996.69,1657036800
20121205,2993.20,2994.73,2958.26,2973.70,1674762600
20121206,2967.99,2996.49,2962.13,2989.27,1593517800
20121207,2999.69,3003.27,2968.83,2978.04,1500620100
20121210,2973.19,2997.64,2971.56,2986.96,1421439900
20121211,3005.43,3033.14,3003.82,3022.30,1787329800
20121212,3033.93,3035.14,3008.49,3013.81,1633284600
20121213,3007.83,3026.51,2982.63,2992.16,1705610700
20121214,2976.95,2985.33,2963.80,2971.33,1661891400
20121217,2975.50,3011.22,2973.54,3010.60,1777620600
20121218,3020.82,3056.65,3016.40,3054.53,1880580900
20121219,3059.03,3061.82,3044.36,3044.36,1797941100
20121220,3050.30,3053.53,3034.15,3050.39,1572806700
20121221,2998.60,3022.19,2995.13,3021.01,2644073700
20121224,3013.89,3016.18,3008.53,3012.60,571233900
20121226,3013.13,3018.65,2983.35,2990.16,985046700
20121227,2989.87,2993.66,2951.04,2985.91,1248794700
20121228,2965.12,2985.47,2959.37,2960.31,1063482900
20121231,2955.45,3021.41,2953.69,3019.51,1448223900
20130102,3091.33,3112.65,3083.49,3112.26,1963509000
20130103,3108.49,3118.18,3092.28,3100.57,1645560600
20130104,3100.89,3108.44,3090.81,3101.66,1622980200
20130107,3089.17,3102.35,3083.88,3098.81,1583362200
20130108,3098.46,3103.39,3076.60,3091.81,1622273400
20130109,3099.65,3111.22,3096.34,3105.81,1611234300
20130110,3125.64,3127.72,3098.47,3121.76,1631443200
20130111,3122.12,3126.59,3114.10,3125.64,1648518000
20130114,3113.65,3123.48,3104.08,3117.50,1744726500
20130115,3101.06,3112.29,3093.32,3110.78,1723169100
20130116,3110.72,3124.65,3106.79,3117.54,1573913400
20130117,3130.49,3144.05,3125.79,3136.00,1642854300
20130118,3127.91,3134.73,3119.20,3134.71,1729865100
20130122,3135.63,3143.18,3121.54,3143.18,1665378900
20130123,3155.82,3161.06,3149.74,3153.67,1579316700
20130124,3125.67,3153.56,3124.45,3130.38,1903700700
20130125,3140.65,3156.20,3135.86,3149.71,1785832500
20130128,3152.17,3161.83,3144.89,3154.30,1800098700
20130129,3149.62,3156.94,3133.11,3153.66,1907123100
20130130,3157.43,3164.06,3135.83,3142.31,1873345500
20130131,3140.67,3154.18,3136.82,3142.13,2037481200
20130201,3162.94,3183.14,3154.91,3179.10,1872024900
20130204,3161.72,3169.63,3130.57,3131.17,1743517500
20130205,3140.90,3178.52,3136.82,3171.58,1999574400
20130206,3159.38,3174.82,3157.35,3168.48,1862548200
20130207,3167.44,3170.42,3135.98,3165.13,1819042800
20130208,3178.06,3196.89,3177.18,3193.87,1689326400
20130211,3192.53,3194.01,3182.19,3192.00,1442774100
20130212,3190.73,3196.92,3184.84,3186.49,1661724000
20130213,3195.34,3205.52,3187.06,3196.88,1694878500
20130214,3182.74,3202.33,3182.39,3198.66,1790157000
20130215,3202.84,3206.21,3184.03,3192.03,1728563100
20130219,3197.46,3213.60,3194.92,3213.59,1714771200
20130220,3211.99,3213.25,3163.95,3164.41,1861674000
20130221,3154.88,3155.19,3118.62,3131.49,1908945900
20130222,3149.09,3161.82,3139.55,3161.82,1470795000
20130225,3180.59,3186.25,3116.25,3116.25,1795820700
20130226,3126.23,3135.57,3105.36,3129.65,1718407500
20130227,3129.72,3177.80,3127.27,3162.26,1606351800
20130228,3161.43,3182.60,3159.72,3160.19,1880952900
20130301,3143.54,3171.50,3129.40,3169.74,1739332500
20130304,3159.46,3182.27,3154.79,3182.03,1598009700
20130305,3200.38,3227.31,3200.27,3224.13,1759104300
20130306,3233.31,3233.44,3217.67,3222.37,1640538600
20130307,3224.50,3235.10,3221.47,3232.09,1558345200
20130308,3245.85,3248.70,3227.89,3244.37,1498881000
20130311,3237.74,3252.87,3233.67,3252.87,1514505000
20130312,3244.85,3249.78,3229.92,3242.32,1556578200
20130313,3243.04,3251.45,3230.62,3245.12,1466870400
20130314,3253.00,3258.93,3250.24,3258.93,1536034500
20130315,3260.13,3260.13,3242.66,3249.07,2143863900
20130318,3215.71,3249.37,3211.10,3237.59,1441974300
20130319,3246.70,3252.60,3205.42,3229.10,1572332400
20130320,3251.91,3257.99,3240.90,3254.19,1487181600
20130321,3228.17,3237.57,3215.69,3222.60,1573801800
20130322,3235.30,3247.94,3230.86,3245.00,1563664800
20130325,3255.85,3263.63,3222.48,3235.30,1549389300
20130326,3249.95,3252.93,3239.92,3252.48,1343385000
20130327,3229.47,3258.26,3227.11,3256.52,1320720900
20130328,3257.32,3270.30,3253.21,3267.52,1522224000
20130329,3257.32,3270.30,3253.21,3267.52,1522224000
20130401,3268.63,3270.23,3230.57,3239.17,1377664800
20130402,3252.55,3267.93,3245.41,3254.86,1470144000
20130403,3257.38,3260.15,3210.39,3218.60,1686936300
20130404,3219.11,3226.24,3206.02,3224.98,1372419600
20130405,3174.00,3206.21,3168.88,3203.86,1482503700
20130408,3207.15,3222.26,3195.57,3222.25,1230873600
20130409,3229.81,3249.95,3215.02,3237.86,1393260900
20130410,3246.06,3299.16,3245.80,3297.25,1645979100
20130411,3289.59,3306.95,3287.74,3300.16,1701128100
20130412,3292.39,3296.50,3271.02,3294.95,1368197400
20130415,3277.58,3283.40,3213.46,3216.49,1654767600
20130416,3239.55,3265.84,3231.48,3264.63,1409322000
20130417,3236.25,3236.98,3186.08,3204.67,1769538900
20130418,3212.24,3212.97,3154.96,3166.36,1642380000
20130419,3169.32,3210.03,3168.33,3206.06,1617130500
20130422,3217.40,3241.16,3198.74,3233.55,1514356200
20130423,3252.80,3275.89,3241.52,3269.33,1566836100
20130424,3262.21,3277.12,3255.44,3269.65,1616888700
20130425,3279.82,3301.28,3279.29,3289.99,1871373900
20130426,3284.07,3287.48,3268.03,3279.26,1601432100
20130429,3290.31,3315.34,3289.42,3307.02,1482522300
20130430,3308.05,3328.79,3298.58,3328.79,1845371100
20130501,3325.35,3330.02,3296.51,3299.13,1752678000
20130502,3306.15,3344.90,3305.81,3340.62,1634456400
20130503,3371.41,3388.12,3370.30,3378.63,1623380100
20130506,3382.33,3396.21,3381.44,3392.97,1395381300
20130507,3398.84,3402.24,3381.04,3396.63,1590114000
20130508,3394.89,3413.27,3389.80,3413.27,1633452000
20130509,3408.94,3428.54,3403.43,3409.17,1698384600
20130510,3414.84,3436.60,3411.59,3436.58,1571448900
20130513,3429.53,3447.10,3426.67,3438.79,1502424300
20130514,3439.72,3468.67,3439.72,3462.61,1693083600
20130515,3455.68,3475.48,3452.31,3471.62,1714836300
20130516,3473.16,3485.96,3462.24,3465.24,1809556800
20130517,3483.41,3499.21,3473.04,3498.97,1700607300
20130520,3490.47,3509.41,3488.13,3496.43,1623091800
20130521,3495.46,3512.15,3486.88,3502.12,1652405400
20130522,3503.48,3532.04,3446.96,3463.30,2026776900
20130523,3426.07,3467.13,3422.51,3459.42,1693223100
20130524,3438.28,3459.47,3429.31,3459.14,1347765300
20130528,3497.90,3514.80,3475.39,3488.89,1625705100
20130529,3471.67,3479.53,3450.40,3467.52,1669024500
20130530,3473.21,3503.82,3473.04,3491.30,1615707600
20130531,3478.22,3500.67,3455.84,3455.91,1830491100
20130603,3460.76,3465.84,3419.39,3465.37,1910313000
20130604,3467.02,3482.75,3430.02,3445.26,1740625200
20130605,3432.85,3446.15,3397.91,3401.48,1686917700
20130606,3404.41,3424.05,3378.24,3424.05,1676511000
20130607,3437.84,3471.73,3429.43,3469.22,1531533300
20130610,3475.68,3484.81,3465.54,3473.77,1447563600
20130611,3436.62,3466.57,3426.57,3436.95,1451144100
20130612,3458.14,3459.18,3395.91,3400.43,1516086000
20130613,3398.54,3451.03,3387.61,3445.36,1473808200
20130614,3442.31,3448.40,3419.32,3423.56,1355967900
20130617,3449.97,3468.56,3436.34,3452.13,1471101900
20130618,3456.29,3488.31,3456.09,3482.18,1557833700
20130619,3483.59,3485.45,3443.20,3443.20,1533756000
20130620,3405.14,3412.94,3355.93,3364.64,1898595000
20130621,3367.81,3377.30,3326.86,3357.25,2717367000
20130624,3326.38,3344.66,3294.95,3320.76,1888792800
20130625,3350.59,3358.31,3327.69,3347.89,1541270400
20130626,3375.70,3383.70,3365.48,3376.22,1554290400
20130627,3395.79,3412.79,3395.41,3401.86,1571514000
20130628,3389.30,3422.20,3382.75,3403.25,3376281300
20130701,3430.48,3454.43,3430.31,3434.49,1475677500
20130702,3430.69,3453.29,3415.23,3433.40,1567226700
20130703,3420.27,3455.42,3417.88,3443.67,870461400
20130705,3468.48,3479.46,3441.78,3479.38,1166592000
20130708,3493.81,3495.51,3475.39,3484.83,1415199600
20130709,3501.25,3508.81,3484.79,3504.26,1519173600
20130710,3502.11,3522.99,3502.00,3520.76,1457626200
20130711,3557.79,3579.29,3552.52,3578.30,1622115300
20130712,3579.58,3600.08,3576.57,3600.08,1502712600
20130715,3601.09,3609.59,3591.54,3607.49,1347690900
20130716,3611.00,3611.35,3589.65,3598.50,1479202200
20130717,3608.13,3615.79,3600.69,3610.00,1454836200
20130718,3610.03,3624.54,3607.09,3611.28,1599032700
20130719,3581.90,3589.05,3578.57,3587.61,1660477800
20130722,3599.87,3601.92,3587.46,3600.39,1401519300
20130723,3606.70,3606.70,3576.96,3579.27,1506925500
20130724,3605.26,3606.28,3573.53,3579.60,1726693800
20130725,3589.46,3606.19,3579.20,3605.19,2049692100
20130726,3584.85,3613.33,3581.26,3613.16,1670335800
20130729,3604.29,3618.85,3592.80,3599.14,1437519600
20130730,3612.36,3629.12,3606.33,3616.47,1640129400
20130731,3627.66,3649.35,3624.77,3626.37,1806413400
20130801,3654.18,3678.50,3653.74,3675.74,1732859700
20130802,3671.11,3689.59,3663.88,3689.59,1565441100
20130805,3682.67,3694.19,3681.34,3692.95,1368829800
20130806,3685.39,3690.32,3654.67,3665.77,1343106000
20130807,3658.53,3663.20,3633.59,3654.01,1543595400
20130808,3672.21,3675.71,3649.64,3669.12,1583743500
20130809,3664.27,3677.83,3649.69,3660.11,1438310100
20130812,3645.78,3673.51,3645.39,3669.95,1322850600
20130813,3675.37,3691.06,3648.82,3684.44,1529598900
20130814,3683.97,3686.55,3668.74,3669.27,1478114100
20130815,3625.36,3626.77,3600.96,3606.12,1620534300
20130816,3603.78,3621.46,3598.65,3602.78,1413999900
20130819,3601.88,3623.48,3589.03,3589.09,1284376500
20130820,3596.77,3625.26,3593.14,3613.59,1216700400
20130821,3603.68,3630.23,3589.02,3599.79,1337814300
20130822,3614.14,3639.21,3613.93,3638.71,862482000
20130823,3659.21,3660.66,3643.86,3657.79,1394897700
20130826,3661.81,3684.22,3652.26,3657.57,1305933900
20130827,3616.06,3629.95,3573.57,3578.52,1525237200
20130828,3579.11,3607.36,3578.80,3593.35,1274704500
20130829,3587.07,3635.84,3587.07,3620.30,1250757000
20130830,3621.59,3621.78,3581.05,3589.87,1235337600
20130903,3622.64,3637.06,3593.62,3612.61,1514793300
20130904,3619.05,3651.78,3612.22,3649.04,1726061400
20130905,3652.44,3665.01,3651.17,3658.78,1441667400
20130906,3672.82,3677.07,3618.77,3660.01,1531998300
20130909,3675.12,3708.42,3675.12,3706.18,1547789700
20130910,3724.67,3729.38,3716.44,3729.02,1713590100
20130911,3710.79,3726.59,3704.22,3725.01,1601813400
20130912,3724.53,3731.84,3713.08,3715.97,1538089800
20130913,3723.27,3724.73,3701.88,3722.18,1357976700
20130916,3755.00,3756.24,3712.47,3717.85,1434525000
20130917,3725.31,3747.08,3724.26,3745.70,1245084000
20130918,3751.29,3790.70,3737.69,3783.64,1700802600
20130919,3794.70,3798.16,3781.59,3789.39,1651661400
20130920,3796.28,3798.76,3774.12,3774.73,2521481100
20130923,3786.84,3787.14,3745.54,3765.29,1607616600
20130924,3771.60,3789.85,3753.04,3768.25,1684183500
20130925,3772.59,3782.92,3754.94,3761.10,1694264700
20130926,3774.95,3795.72,3772.80,3787.43,1690702800
20130927,3767.89,3788.35,3762.67,3781.59,1580739600
20130930,3737.60,3780.97,3734.74,3771.48,1763056800
20131001,3774.18,3817.98,3774.18,3817.98,1714287600
20131002,3793.11,3819.28,3788.45,3815.02,1667471400
20131003,3809.90,3816.96,3753.17,3774.34,1752436200
20131004,3774.72,3812.86,3773.40,3807.76,1441128000
20131007,3776.64,3800.08,3769.75,3770.38,1372670700
20131008,3772.22,3772.49,3694.15,3694.83,1941449400
20131009,3701.62,3702.15,3650.03,3677.78,2085711000
20131010,3721.58,3764.72,3721.11,3760.75,1769241300
20131011,3753.22,3794.37,3751.38,3791.87,1627825500
20131014,3767.49,3816.41,3766.28,3815.28,1353298800
20131015,3810.72,3824.44,3789.68,3794.01,1623370800
20131016,3815.00,3840.48,3814.15,3839.43,1621920000
20131017,3822.85,3863.49,3821.43,3863.15,1836880200
20131018,3893.36,3914.93,3882.06,3914.28,1807073700
20131021,3922.65,3931.45,3909.91,3920.05,1557257100
20131022,3935.54,3947.67,3904.06,3929.57,1758165000
20131023,3907.30,3911.64,3887.66,3907.07,1780977900
20131024,3911.61,3932.60,3907.54,3928.96,1910545500
20131025,3955.98,3961.10,3927.50,3943.36,2069975400
20131028,3942.56,3947.58,3927.09,3940.13,1771473300
20131029,3954.34,3957.12,3934.94,3952.34,1764563400
20131030,3962.40,3966.71,3919.14,3930.62,1788390000
20131031,3924.34,3945.04,3909.26,3919.71,1989874500
20131101,3932.45,3938.48,3904.20,3922.04,1812997800
20131104,3932.60,3937.50,3919.46,3936.59,1690628400
20131105,3925.06,3947.27,3909.63,3939.86,1799205900
20131106,3952.18,3955.97,3920.91,3931.95,1878748800
20131107,3935.81,3938.33,3855.07,3857.33,2142087600
20131108,3871.24,3919.23,3869.12,3919.23,1843018200
20131111,3913.64,3925.34,3904.72,3919.79,1483666200
20131112,3907.82,3922.28,3902.67,3919.92,1652479800
20131113,3899.38,3965.58,3899.31,3965.58,1699314600
20131114,3956.47,3975.89,3949.01,3972.74,1827775500
20131115,3978.27,3985.97,3969.22,3985.97,1766209500
20131118,3990.06,3994.97,3942.84,3949.07,1701779100
20131119,3945.97,3960.44,3923.47,3931.55,1625491200
20131120,3940.98,3952.08,3911.61,3921.27,1600678800
20131121,3938.11,3970.91,3936.82,3969.16,1566352500
20131122,3977.31,3991.66,3973.00,3991.65,1609160400
20131125,4004.37,4007.09,3987.16,3994.57,1670056800
20131126,3996.70,4026.99,3989.49,4017.75,1774142400
20131127,4026.92,4045.81,4023.65,4044.75,1373628600
20131129,4057.16,4069.70,4055.45,4059.89,793755000
20131202,4065.66,4068.49,4040.88,4045.26,1562753400
20131203,4038.99,4050.08,4022.12,4037.20,1743759300
20131204,4020.33,4051.74,4004.76,4038.00,1754882100
20131205,4037.99,4043.71,4025.26,4033.16,1749283500
20131206,4069.86,4069.86,4042.35,4062.52,1606230900
20131209,4073.75,4081.78,4063.49,4068.75,1596921600
20131210,4061.17,4074.01,4056.49,4060.49,1734319800
20131211,4061.67,4065.08,3998.92,4003.81,1788873600
20131212,4004.75,4013.55,3993.57,3998.40,1760741100
20131213,4015.53,4017.45,3992.29,4000.97,1502266200
20131216,4019.37,4043.00,4019.14,4029.52,1807761900
20131217,4028.88,4034.69,4011.58,4023.68,1730850900
20131218,4024.67,4070.38,3979.59,4070.06,2025846900
20131219,4059.34,4063.70,4045.41,4058.14,1686136500
20131220,4064.89,4111.93,4064.73,4104.74,3264690600
20131223,4136.15,4149.31,4127.72,4148.90,1654842000
20131224,4150.64,4155.62,4147.15,4155.42,746111100
20131226,4164.21,4169.97,4158.59,4167.18,1098023100
20131227,4173.36,4175.36,4153.64,4156.59,1167168600
20131230,4153.58,4158.73,4142.18,4154.20,1255007100
20131231,4161.51,4177.73,4160.77,4176.59,1303060200
20140102,4160.03,4160.96,4131.79,4143.07,1617102600
20140103,4148.56,4152.96,4124.96,4131.91,1550756400
20140106,4137.03,4139.78,4103.75,4113.68,2132341200
20140107,4128.57,4158.18,4126.48,4153.18,2118744600
20140108,4154.28,4171.75,4145.00,4165.61,2181054600
20140109,4179.04,4182.74,4142.70,4156.19,2059736100
20140110,4168.94,4174.68,4142.21,4174.67,1993055100
20140113,4167.41,4179.47,4097.99,4113.31,2159683200
20140114,4129.60,4183.84,4125.81,4183.02,1891787400
20140115,4196.53,4218.80,4195.98,4214.88,1954739100
20140116,4209.59,4219.28,4204.15,4218.69,1865440500
20140117,4207.82,4217.24,4187.31,4197.58,1999844100
20140121,4222.98,4227.93,4193.17,4225.76,1891647900
20140122,4234.58,4246.55,4225.52,4243.00,1885026300
20140123,4224.36,4224.44,4192.28,4218.88,2038541400
20140124,4194.97,4197.93,4128.17,4128.17,2315207100
20140127,4132.22,4136.46,4052.63,4083.61,2230400400
20140128,4067.86,4099.81,4067.69,4097.96,1944797400
20140129,4060.61,4091.27,4044.76,4051.43,2075620500
20140130,4098.81,4135.84,4094.17,4123.12,2016621300
20140131,4068.63,4124.93,4067.61,4103.88,2139530100
20140203,4105.06,4113.55,3989.95,3996.96,2433837900
20140204,4019.44,4044.20,4004.58,4031.52,2021224800
20140205,4015.50,4026.28,3968.19,4011.55,2016574800
20140206,4022.66,4064.06,4022.17,4057.12,1806711000
20140207,4081.82,4126.51,4069.93,4125.86,1911940500
20140210,4125.12,4148.30,4122.61,4148.17,1685132100
20140211,4154.65,4198.52,4153.10,4191.05,1854373500
20140212,4196.85,4212.61,4190.39,4201.29,1893377700
20140213,4171.58,4240.67,4170.47,4240.67,2092490700
20140214,4237.00,4250.91,4225.75,4244.03,1749804300
20140218,4253.71,4277.33,4243.56,4272.78,1754175300
20140219,4260.74,4274.29,4232.38,4237.95,1819749600
20140220,4241.46,4272.34,4226.75,4267.55,1853285400
20140221,4282.17,4284.85,4261.63,4263.41,1988572500
20140224,4273.32,4311.12,4272.11,4292.97,2010009000
20140225,4298.48,4307.51,4275.80,4287.59,1987549500
20140226,4300.45,4316.82,4278.54,4292.06,1960691100
20140227,4291.47,4322.46,4284.78,4318.93,1905718800
20140228,4323.52,4342.59,4275.61,4308.12,2434488900
20140303,4261.42,4284.15,4239.65,4277.30,1932075000
20140304,4327.85,4357.21,4327.53,4351.97,2304400500
20140305,4352.76,4362.50,4344.15,4357.97,2060861400
20140306,4368.81,4371.71,4341.00,4352.12,1986721800
20140307,4370.98,4371.39,4319.15,4336.22,2023270800
20140310,4332.62,4339.93,4307.84,4334.45,1963797300
20140311,4342.93,4354.43,4295.47,4307.19,2304335400
20140312,4288.60,4323.33,4270.22,4323.33,1982648400
20140313,4338.26,4339.90,4242.94,4260.42,2216748000
20140314,4250.45,4272.34,4241.94,4245.40,2043107700
20140317,4274.22,4301.28,4273.01,4279.95,1683681300
20140318,4286.23,4334.66,4284.11,4333.31,1825487700
20140319,4331.46,4334.30,4283.53,4307.60,1853257500
20140320,4297.99,4329.61,4287.41,4319.29,1717961100
20140321,4339.90,4344.39,4268.34,4276.79,3018538200
20140324,4289.49,4289.49,4190.61,4226.39,2264224500
20140325,4252.65,4274.32,4203.64,4234.27,2111806800
20140326,4254.98,4263.07,4173.58,4173.58,2283577800
20140327,4169.35,4186.12,4131.81,4151.23,2111704500
20140328,4163.18,4203.49,4144.69,4155.76,1887751200
20140331,4185.62,4212.97,4180.54,4198.99,1944490500
20140401,4219.87,4268.20,4218.77,4268.04,2002410900
20140402,4281.61,4286.09,4258.86,4276.46,2034003000
20140403,4282.18,4284.69,4216.57,4237.74,1922654100
20140404,4263.94,4267.06,4118.71,4127.73,2437781100
20140407,4110.92,4133.68,4052.14,4079.75,2375852400
20140408,4085.18,4120.24,4066.11,4112.99,2044977000
20140409,4129.63,4185.19,4121.17,4183.90,1820530800
20140410,4181.21,4182.61,4042.76,4054.11,2251725300
20140411,4015.07,4067.22,3991.64,3999.73,2105966400
20140414,4038.06,4050.79,3986.50,4022.69,1758146400
20140415,4032.63,4054.80,3946.03,4034.16,2244192300
20140416,4066.82,4086.28,4038.81,4086.22,1732692300
20140417,4080.30,4110.46,4064.70,4095.52,1817889600
20140421,4105.36,4121.55,4081.91,4121.55,1436329200
20140422,4132.06,4170.72,4131.61,4161.46,1744614900
20140423,4160.90,4161.44,4125.41,4126.97,1669126800
20140424,4174.61,4177.16,4107.52,4148.34,1981709100
20140425,4125.16,4126.98,4068.10,4075.56,1941040200
20140428,4091.81,4111.59,4014.17,4074.40,2183937600
20140429,4089.51,4111.45,4070.24,4103.54,1777453200
20140430,4085.19,4116.14,4070.62,4114.56,2000802000
20140501,4121.25,4149.56,4105.61,4127.45,1931647200
20140502,4138.63,4145.06,4115.89,4123.90,1715654700
20140505,4099.25,4138.34,4086.35,4138.06,1451888100
20140506,4128.22,4132.46,4080.76,4080.76,1721067300
20140507,4085.49,4091.03,4021.05,4067.67,2312007900
20140508,4053.28,4109.20,4039.91,4051.50,2243104200
20140509,4043.44,4071.87,4025.24,4071.87,1837828800
20140512,4092.84,4146.54,4092.09,4143.86,1748418600
20140513,4144.90,4155.13,4128.01,4130.16,1788836400
20140514,4122.08,4132.33,4093.83,4100.63,1640919900
20140515,4096.53,4098.25,4035.96,4069.29,1937217900
20140516,4070.35,4091.16,4044.27,4090.59,1619195100
20140519,4080.33,4128.47,4075.70,4125.81,1489302000
20140520,4121.11,4124.86,4080.61,4096.89,1672056300
20140521,4105.96,4133.61,4103.61,4131.54,1584255000
20140522,4136.09,4164.85,4131.48,4154.34,1707303300
20140523,4159.78,4186.58,4148.30,4185.81,1429047300
20140527,4206.44,4237.07,4204.72,4237.07,1685466900
20140528,4234.96,4238.17,4216.89,4225.07,1660180200
20140529,4238.04,4247.95,4228.96,4247.95,1594020000
20140530,4251.49,4252.08,4221.95,4242.62,1770403800
20140602,4247.96,4247.96,4207.61,4237.20,1517118300
20140603,4222.04,4240.35,4215.80,4234.08,1598335200
20140604,4222.21,4256.19,4216.23,4251.64,1497383700
20140605,4259.12,4299.50,4241.68,4296.23,1791877500
20140606,4312.76,4322.51,4305.74,4321.40,1503484500
20140609,4324.35,4346.74,4320.28,4336.24,1658245800
20140610,4329.20,4338.87,4319.93,4338.00,1662021600
20140611,4322.92,4338.21,4315.49,4331.93,1653967800
20140612,4323.11,4328.35,4284.53,4297.63,1774616700
20140613,4315.31,4317.67,4288.41,4310.65,1631740800
20140616,4303.93,4326.90,4296.26,4321.10,1557861600
20140617,4316.01,4346.12,4311.15,4337.23,1687354800
20140618,4341.18,4365.10,4320.54,4362.84,1730413800
20140619,4370.14,4372.18,4339.61,4359.33,1716277800
20140620,4365.37,4368.80,4354.03,4368.04,2530883400
20140623,4368.95,4371.81,4358.68,4368.68,1593024900
20140624,4367.90,4399.87,4342.90,4350.35,1873671000
20140625,4341.82,4383.55,4339.41,4379.76,1602222600
20140626,4379.44,4379.80,4347.45,4379.05,1445285100
20140627,4371.80,4398.85,4371.60,4397.93,3687384900
20140630,4398.37,4417.46,4396.59,4408.18,1718742300
20140701,4424.71,4471.60,4424.43,4458.65,1806571500
20140702,4457.86,4466.92,4450.88,4457.73,1487516400
20140703,4472.89,4485.93,4463.85,4485.93,931608900
20140707,4477.74,4478.02,4447.60,4451.53,1572992700
20140708,4442.87,4443.56,4372.04,4391.46,2066292600
20140709,4403.03,4421.93,4388.01,4419.03,1615372800
20140710,4352.03,4415.85,4351.04,4396.20,1565115600
20140711,4401.05,4417.16,4389.29,4415.49,1405462500
20140714,4441.39,4451.60,4432.95,4440.42,1469083800
20140715,4444.91,4451.93,4389.70,4416.39,1647987900
20140716,4446.17,4448.87,4419.71,4425.97,1915186200
20140717,4411.52,4425.38,4352.23,4363.45,1911373200
20140718,4379.94,4434.44,4378.22,4432.15,1695929400
20140721,4421.20,4432.41,4404.51,4424.70,1448772600
20140722,4444.94,4464.13,4443.35,4456.02,1603729200
20140723,4468.16,4480.73,4457.94,4473.70,1776123300
20140724,4481.61,4485.50,4465.94,4472.11,1799633700
20140725,4448.06,4457.95,4430.43,4449.56,1591629900
20140728,4451.12,4455.39,4413.91,4444.91,1658422500
20140729,4456.07,4470.97,4441.03,4442.70,1944453300
20140730,4468.44,4476.06,4444.51,4462.90,1741359900
20140731,4421.29,4430.80,4367.15,4369.77,2114243400
20140801,4363.39,4385.05,4324.02,4352.64,1906816200
20140804,4365.62,4395.38,4343.03,4383.89,1559982000
20140805,4364.59,4383.02,4333.58,4352.84,1782047400
20140806,4326.28,4378.99,4325.04,4355.05,1691958300
20140807,4373.24,4379.70,4321.89,4334.97,1735686900
20140808,4340.88,4373.11,4327.87,4370.90,1635925800
20140811,4387.38,4415.78,4384.15,4401.33,1430228400
20140812,4394.69,4407.08,4371.84,4389.25,1451004600
20140813,4407.86,4434.31,4403.64,4434.12,1498871700
20140814,4438.13,4453.00,4433.94,4453.00,1441332600
20140815,4479.64,4482.47,4427.13,4464.93,1673497800
20140818,4490.53,4509.15,4486.44,4508.31,1461123000
20140819,4514.26,4528.91,4513.92,4527.51,1447600800
20140820,4517.75,4533.01,4515.73,4526.48,1397129700
20140821,4526.72,4534.00,4513.81,4532.10,1322208900
20140822,4534.87,4547.24,4521.77,4538.55,1219983300
20140825,4563.72,4571.14,4547.78,4557.35,1287696600
20140826,4563.81,4575.59,4556.78,4570.64,1366746600
20140827,4574.35,4575.81,4561.84,4569.62,1292207100
20140828,4552.55,4565.96,4546.62,4557.69,1217909400
20140829,4571.76,4580.27,4553.78,4580.27,1258131900
20140902,4592.42,4598.64,4576.81,4598.19,1728944400
20140903,4610.14,4610.14,4565.38,4572.56,1764628500
20140904,4581.52,4603.15,4553.31,4562.29,1607691000
20140905,4560.63,4583.00,4542.74,4582.90,1526901900
20140908,4579.06,4600.40,4570.23,4592.28,1553295300
20140909,4588.83,4599.03,4544.44,4552.28,1819591500
20140910,4554.15,4587.10,4544.84,4586.52,1682044500
20140911,4567.64,4591.81,4559.75,4591.81,1585510500
20140912,4588.77,4590.08,4555.68,4567.60,1659278100
20140915,4567.45,4567.47,4506.73,4518.90,1804683600
20140916,4502.11,4558.24,4499.87,4552.76,1747795500
20140917,4553.96,4582.40,4539.36,4562.19,1670940300
20140918,4575.74,4593.98,4572.62,4593.43,1650601200
20140919,4606.13,4610.57,4563.44,4579.79,2955995700
20140922,4568.45,4568.87,4513.12,4527.69,1749813600
20140923,4511.32,4536.03,4508.42,4508.69,1718388900
20140924,4514.92,4557.27,4500.13,4555.22,1641691800
20140925,4540.82,4546.93,4466.64,4466.75,1803837300
20140926,4476.48,4515.74,4475.48,4512.19,1522856400
20140929,4465.84,4515.24,4464.44,4505.85,1616107500
20140930,4512.64,4522.06,4483.91,4493.39,2046353400
20141001,4486.65,4486.79,4409.30,4422.09,2150745900
20141002,4421.25,4441.95,4367.74,4430.19,2013915000
20141003,4456.81,4488.07,4445.72,4475.62,1653205200
20141006,4492.40,4496.26,4444.10,4454.80,1700263200
20141007,4433.91,4441.76,4385.15,4385.20,1963564800
20141008,4385.70,4473.73,4355.34,4468.59,2280015900
20141009,4458.29,4464.13,4377.28,4378.34,2105724600
20141010,4354.63,4380.51,4276.24,4276.24,2572147500
20141013,4274.90,4303.82,4212.86,4213.66,2295081900
20141014,4246.23,4281.34,4212.82,4227.17,2321391600
20141015,4154.10,4231.54,4116.60,4215.32,2844628200
20141016,4133.25,4246.01,4131.65,4217.39,2410504200
20141017,4275.09,4296.11,4241.67,4258.44,2101865100
20141020,4254.16,4316.87,4248.22,4316.07,1597154100
20141021,4359.17,4419.48,4356.10,4419.48,1857749400
20141022,4429.16,4435.86,4381.28,4382.85,1829328600
20141023,4427.44,4475.55,4421.56,4452.79,1815713400
20141024,4459.46,4486.26,4445.85,4483.72,1631499000
20141027,4469.02,4489.60,4450.29,4485.93,1474589400
20141028,4505.73,4564.29,4505.11,4564.29,1829235600
20141029,4551.37,4564.44,4517.02,4549.23,2031166500
20141030,4532.10,4575.50,4521.79,4566.14,1892512800
20141031,4639.45,4641.51,4616.58,4630.74,2254654800
20141103,4633.71,4654.19,4627.42,4638.91,1890690000
20141104,4623.77,4635.95,4594.92,4623.64,1803567600
20141105,4649.47,4650.39,4607.73,4620.72,1861739100
20141106,4616.78,4639.17,4604.76,4638.47,1847742600
20141107,4636.89,4638.80,4606.81,4632.53,1840311900
20141110,4635.10,4653.38,4626.49,4651.62,1701909300
20141111,4649.19,4661.23,4640.24,4660.56,1547231700
20141112,4644.63,4678.58,4643.78,4675.14,1648945800
20141113,4681.56,4703.10,4664.27,4680.14,1727549400
20141114,4679.85,4688.74,4664.31,4688.54,1618153500
20141117,4678.44,4689.53,4655.19,4671.00,1576415100
20141118,4674.84,4709.83,4674.30,4702.44,1539856800
20141119,4694.78,4696.20,4655.72,4675.71,1526650800
20141120,4655.20,4702.97,4653.32,4701.87,1550616900
20141121,4751.01,4751.60,4700.73,4712.97,1724536200
20141124,4725.17,4755.02,4723.62,4754.89,1458360900
20141125,4762.39,4774.52,4749.92,4758.25,1599730200
20141126,4760.23,4788.00,4757.49,4787.32,1267524900
20141128,4797.10,4810.86,4786.72,4791.63,928698000
20141201,4777.73,4782.07,4724.62,4727.35,1761048000
20141202,4732.97,4761.63,4729.76,4755.81,1710428100
20141203,4761.31,4781.37,4745.14,4774.47,1613094300
20141204,4772.00,4785.41,4753.71,4769.44,1603403700
20141205,4776.57,4788.98,4769.64,4780.76,1643403000
20141208,4769.76,4793.24,4722.91,4740.69,1829096100
20141209,4685.20,4768.41,4674.38,4766.47,1813806900
20141210,4754.42,4766.64,4679.24,4684.03,1721253300
20141211,4704.65,4759.88,4699.43,4708.16,1741936500
20141212,4665.35,4707.92,4653.60,4653.60,1756649100
20141215,4679.67,4690.58,4592.43,4605.16,1993557300
20141216,4572.79,4645.19,4547.31,4547.83,2075453100
20141217,4556.90,4651.90,4550.70,4644.31,2120334900
20141218,4712.39,4748.40,4697.09,4748.40,2020201800
20141219,4752.60,4782.13,4738.29,4765.38,3057765600
20141222,4759.04,4781.93,4757.81,4781.42,1599665100
20141223,4798.03,4798.06,4761.39,4765.42,1479462600
20141224,4770.12,4787.57,4768.67,4773.47,678667500
20141226,4788.06,4814.95,4787.85,4806.86,865104600
20141229,4801.26,4813.72,4798.90,4806.91,1141798200
20141230,4793.61,4803.89,4772.88,4777.44,1180356000
20141231,4790.53,4806.43,4734.11,4736.05,1409508000
20150102,4760.24,4777.01,4698.11,4726.81,1334689500
20150105,4700.34,4702.77,4641.46,4652.57,1668857100
20150106,4666.85,4667.33,4567.60,4592.74,2015607600
20150107,4626.84,4652.72,4613.90,4650.47,1820893500
20150108,4689.54,4741.38,4688.02,4736.19,1958068500
20150109,4744.47,4744.71,4681.24,4704.07,1595721900
20150112,4714.07,4715.81,4650.65,4664.71,1731622800
20150113,4708.74,4751.34,4624.28,4661.50,2010827400
20150114,4610.76,4655.37,4595.98,4639.32,1928643300
20150115,4657.46,4663.96,4567.39,4570.82,1837921800
20150116,4566.38,4635.82,4563.11,4634.39,1832583600
20150120,4655.84,4665.65,4601.10,4654.85,1706587200
20150121,4641.95,4692.46,4629.59,4667.42,1718100600
20150122,4690.93,4752.60,4644.57,4750.40,1856791500
20150123,4748.19,4771.18,4737.95,4757.88,1538061900
20150126,4752.36,4774.18,4734.20,4771.76,1597284300
20150127,4698.23,4721.88,4659.83,4681.50,1817368800
20150128,4740.69,4742.06,4637.48,4637.99,1970372400
20150129,4635.73,4688.41,4601.76,4683.41,1962960300
20150130,4671.21,4703.81,4631.10,4635.24,2105733900
20150202,4650.60,4676.69,4580.46,4676.69,1865998500
20150203,4693.25,4727.74,4670.82,4727.74,2002773600
20150204,4699.81,4744.33,4697.79,4716.70,2058052800
20150205,4729.65,4767.38,4722.80,4765.10,1894028700
20150206,4768.85,4787.19,4731.22,4744.40,1891675800
20150209,4723.73,4749.47,4719.61,4726.01,1538852400
20150210,4754.62,4793.27,4737.12,4787.65,1649568900
20150211,4788.37,4810.36,4780.13,4801.18,1668075900
20150212,4828.08,4857.61,4823.57,4857.61,1930187100
20150213,4869.73,4893.84,4860.12,4893.84,1806283200
20150217,4889.98,4901.89,4880.64,4899.27,1628885700
20150218,4890.84,4907.50,4885.60,4906.36,1566864000
20150219,4901.51,4929.53,4900.63,4924.70,1481387700
20150220,4919.78,4957.02,4905.59,4955.97,1637860200
20150223,4953.10,4960.97,4939.56,4960.97,1632010500
20150224,4956.21,4971.18,4945.14,4968.12,1706447700
20150225,4960.36,4984.24,4956.00,4967.14,1719160800
20150226,4969.27,4989.11,4955.51,4987.89,1772161500
20150227,4985.03,4989.25,4960.88,4963.53,1818698700
20150302,4973.43,5008.57,4972.01,5008.10,1795932300
20150303,4990.70,4996.66,4956.07,4979.90,1877577000
20150304,4961.24,4973.32,4938.90,4967.14,1697091900
20150305,4979.95,4993.52,4963.10,4982.81,1603506000
20150306,4967.24,4982.93,4918.62,4927.37,1783944600
20150309,4936.08,4950.47,4920.82,4942.44,1577754300
20150310,4899.51,4903.44,4859.80,4859.80,1744689300
20150311,4866.94,4876.09,4846.79,4849.94,1716798600
20150312,4853.98,4895.80,4853.20,4893.29,1725252300
20150313,4885.54,4904.47,4842.80,4871.76,1721811300
20150316,4897.27,4929.94,4889.09,4929.51,1593536400
20150317,4912.65,4944.91,4907.02,4937.43,1603664100
20150318,4926.83,5001.57,4907.72,4982.83,1844720100
20150319,4982.02,5000.02,4979.94,4992.38,1557722100
20150320,5033.47,5042.03,5020.14,5026.42,2627873100
20150323,5020.60,5031.39,5010.97,5010.97,1496258400
20150324,5010.10,5032.12,4994.73,4994.73,1498853100
20150325,5002.83,5006.72,4876.52,4876.52,2064153600
20150326,4835.71,4889.12,4826.20,4863.36,1864612800
20150327,4863.74,4899.24,4859.71,4891.22,1561144500
20150330,4921.78,4948.38,4921.20,4947.44,1654023600
20150331,4925.91,4940.72,4899.37,4900.88,1709023800
20150401,4894.36,4899.28,4845.02,4880.23,1743712800
20150402,4885.41,4901.20,4873.04,4886.94,1454213100
20150406,4855.94,4929.60,4852.99,4917.32,1615930800
20150407,4917.50,4948.77,4910.23,4910.23,1462834200
20150408,4914.15,4956.68,4914.15,4950.76,1594215300
20150409,4950.84,4975.86,4928.21,4974.56,1608667500
20150410,4977.03,4996.08,4970.10,4995.98,1389643200
20150413,5001.56,5023.99,4986.09,4988.25,1436096700
20150414,4989.24,4996.29,4952.24,4977.29,1461364800
20150415,4993.15,5021.19,4989.47,5011.02,1669842900
20150416,4999.13,5015.96,4996.05,5007.79,1546450500
20150417,4965.83,4973.88,4912.40,4931.81,1846226700
20150420,4957.97,5000.07,4953.05,4993.81,1531096200
20150421,5022.45,5028.04,5009.54,5014.10,1600771800
20150422,5026.57,5040.62,4992.97,5035.17,1577633400
20150423,5020.22,5072.94,5019.97,5056.06,1728516600
20150424,5096.34,5100.32,5081.27,5092.08,1762489500
20150427,5104.36,5119.64,5053.55,5060.25,2020397100
20150428,5063.26,5075.27,5007.02,5055.42,1890225000
20150429,5029.25,5053.60,5000.18,5023.64,1740309000
20150430,4996.99,5015.58,4921.55,4941.42,2110439700
20150501,4966.32,5005.39,4962.75,5005.39,1724592000
20150504,5018.35,5043.55,5013.09,5016.93,1551426000
20150505,5000.20,5008.19,4934.34,4939.33,1924625700
20150506,4956.70,4964.50,4888.19,4917.94,1994496600
20150507,4917.75,4957.09,4915.37,4945.54,1899952800
20150508,4991.63,5014.21,4989.57,5003.55,1840246800
20150511,5003.26,5017.19,4992.02,4993.57,1610192700
20150512,4966.44,4995.36,4931.90,4976.19,1586459100
20150513,4991.42,5012.68,4977.51,4981.69,1555201800
20150514,5016.68,5051.68,4999.82,5050.79,1620032100
20150515,5059.15,5062.54,5034.86,5048.29,1550551800
20150518,5040.92,5084.48,5037.72,5078.44,1528799100
20150519,5080.44,5087.19,5062.81,5070.03,1628411400
20150520,5072.44,5097.50,5050.34,5071.74,1661751900
20150521,5065.94,5098.22,5063.23,5090.79,1565813100
20150522,5085.39,5103.82,5085.26,5089.37,1436775600
20150526,5076.91,5080.91,5016.80,5032.75,1610713500
20150527,5047.86,5111.54,5039.62,5106.59,1682881500
20150528,5096.34,5106.65,5080.26,5097.98,1619520600
20150529,5093.10,5099.30,5057.97,5071.31,1882478100
20150601,5094.94,5098.88,5046.04,5082.93,1768971600
20150602,5063.47,5100.02,5048.20,5076.52,1608667500
20150603,5098.48,5114.60,5085.27,5099.23,1722992400
20150604,5078.22,5100.98,5046.29,5059.12,1686982800
20150605,5057.04,5074.97,5025.58,5068.46,1713887700
20150608,5066.65,5068.54,5014.13,5021.63,1592355300
20150609,5013.13,5027.01,4975.09,5013.87,1631536200
20150610,5029.41,5086.62,5024.37,5076.69,1667471400
20150611,5088.26,5101.16,5075.58,5082.51,1510273500
20150612,5060.24,5067.90,5043.41,5051.10,1328877000
20150615,5011.79,5035.15,4986.01,5029.97,1664960400
20150616,5023.58,5063.02,5022.56,5055.55,1538982600
20150617,5067.68,5079.99,5042.34,5064.88,1592922600
20150618,5082.06,5143.27,5082.06,5132.95,1746465600
20150619,5139.77,5139.77,5113.94,5117.00,2295528300
20150622,5147.87,5162.11,5142.79,5153.97,1506572100
20150623,5161.68,5163.31,5139.35,5160.09,1500592200
20150624,5151.38,5164.32,5121.78,5122.41,1514784000
20150625,5139.48,5141.61,5102.19,5112.19,1501726800
20150626,5113.26,5121.44,5060.87,5080.51,3574743300
20150629,5021.21,5050.99,4956.23,4958.47,1883789400
20150630,5000.15,5008.72,4968.26,4986.87,1892019900
20150701,5029.05,5038.40,4994.58,5013.12,1687540800
20150702,5024.30,5027.18,4990.77,5009.21,1386453300
20150706,4963.79,5020.61,4961.07,4991.94,1619595000
20150707,4993.76,5001.95,4902.42,4997.46,1982834400
20150708,4953.98,4965.33,4901.71,4909.76,1796313600
20150709,4976.15,4980.94,4920.56,4922.40,1731288000
20150710,4981.24,5008.04,4966.66,4997.70,1478913900
20150713,5037.27,5074.78,5036.98,5071.51,1575550200
20150714,5077.12,5116.52,5075.17,5104.89,1564873800
20150715,5111.11,5125.32,5088.17,5098.94,1572955500
20150716,5138.18,5163.18,5128.85,5163.18,1695882900
20150717,5196.11,5210.14,5183.27,5210.14,1724638500
20150720,5223.18,5231.84,5201.56,5218.86,1687187400
20150721,5219.20,5228.97,5196.43,5208.12,1650350100
20150722,5146.03,5184.74,5146.03,5171.77,1893228900
20150723,5180.33,5196.89,5137.67,5146.41,1863078300
20150724,5166.91,5167.00,5084.51,5088.63,1864073400
20150727,5055.92,5072.70,5032.77,5039.78,1806543600
20150728,5063.44,5097.67,5025.63,5089.21,1883352300
20150729,5097.86,5117.79,5083.20,5111.73,1758025500
20150730,5100.30,5135.63,5070.64,5128.79,1774886400
20150731,5148.18,5154.56,5122.42,5129.26,1791514800
20150803,5134.34,5142.75,5082.91,5115.38,1664774400
20150804,5110.96,5125.76,5092.54,5105.55,1692321000
20150805,5132.26,5175.13,5132.26,5139.94,1898585700
20150806,5146.04,5149.61,5035.48,5056.44,2130583500
20150807,5043.97,5055.27,5006.15,5043.54,1867774800
20150810,5081.72,5112.47,5081.20,5101.80,1659984900
20150811,5069.38,5088.17,5013.57,5036.79,1778476200
20150812,4994.52,5055.69,4946.20,5044.39,1943197800
20150813,5050.94,5071.40,5030.01,5033.56,1518076200
20150814,5025.92,5051.85,5012.63,5048.24,1383495900
20150817,5032.34,5092.69,5022.72,5091.70,1405034700
20150818,5082.17,5084.90,5055.11,5059.35,1396432200
20150819,5039.03,5060.78,4993.01,5019.05,1660440600
20150820,4973.50,4986.31,4877.49,4877.49,1940910000
20150821,4801.04,4855.72,4713.04,4713.04,2574742200
20150824,4298.74,4694.90,4293.79,4526.25,3263221200
20150825,4687.27,4689.41,4506.36,4506.49,2429904000
20150826,4633.51,4703.97,4530.13,4697.54,2447443800
20150827,4761.05,4818.71,4721.79,4812.71,2203058400
20150828,4792.11,4836.65,4788.55,4828.32,1800982200
20150831,4798.68,4824.61,4763.43,4776.51,1710279300
20150901,4673.61,4722.06,4615.03,4636.10,2095987500
20150902,4704.42,4749.98,4659.64,4749.98,1794044400
20150903,4763.10,4799.60,4722.05,4733.50,1677087600
20150904,4670.35,4712.33,4657.88,4683.92,1464489600
20150908,4769.72,4814.91,4754.91,4811.93,1642008000
20150909,4856.27,4862.68,4746.95,4756.53,1826287500
20150910,4749.96,4825.19,4746.64,4796.25,1716566100
20150911,4770.73,4822.34,4763.15,4822.34,1568156700
20150914,4832.00,4832.00,4791.12,4805.76,1364998200
20150915,4819.32,4872.35,4802.87,4860.52,1476337800
20150916,4860.43,4893.44,4848.32,4889.24,1549733400
20150917,4884.11,4960.76,4880.76,4893.95,1759104300
20150918,4828.71,4878.68,4819.29,4827.23,3043099500
20150921,4851.98,4881.31,4796.13,4828.96,1880022900
20150922,4762.29,4776.12,4716.98,4756.72,1899878400
20150923,4764.69,4780.52,4735.25,4752.74,1493886900
20150924,4717.89,4746.21,4670.15,4734.48,1856112600
20150925,4782.41,4784.98,4659.51,4686.50,1906992900
20150928,4665.06,4665.06,4529.55,4543.97,2220477300
20150929,4551.04,4595.96,4487.35,4520.87,2132908500
20150930,4574.38,4620.16,4559.18,4620.16,2230465500
20151001,4624.46,4628.18,4559.21,4627.08,1984610700
20151002,4566.13,4707.78,4552.38,4707.78,2030487600
20151005,4742.13,4785.90,4740.51,4781.26,1864947600
20151006,4767.63,4783.14,4711.88,4748.36,1939068600
20151007,4775.05,4791.15,4728.85,4791.15,1999397700
20151008,4775.06,4818.97,4738.00,4810.79,1845333900
20151009,4817.28,4840.97,4804.76,4830.47,1677961800
20151012,4839.79,4846.55,4818.50,4838.64,1249752600
20151013,4809.24,4858.11,4793.99,4796.61,1455505800
20151014,4801.35,4820.01,4771.80,4782.85,1769287800
20151015,4799.43,4870.10,4795.36,4870.10,1806897000
20151016,4872.36,4886.74,4851.28,4886.69,1725419700
20151019,4873.54,4915.35,4865.86,4905.47,1506525600
20151020,4900.02,4909.37,4866.64,4880.97,1591881000
20151021,4903.98,4904.60,4836.47,4839.68,1762712700
20151022,4875.96,4926.99,4862.19,4920.05,2005117200
20151023,5024.38,5048.46,4999.75,5031.86,2025791100
20151026,5030.80,5045.14,5012.79,5034.70,1635581700
20151027,5018.99,5039.92,5009.09,5030.15,1847761200
20151028,5040.38,5095.69,5020.05,5095.69,1991250900
20151029,5071.04,5084.55,5066.90,5074.27,1793328300
20151030,5079.76,5085.16,5053.75,5053.75,1875242700
20151102,5065.64,5130.51,5061.55,5127.15,1756007400
20151103,5114.31,5163.41,5109.89,5145.13,1886625900
20151104,5155.62,5161.94,5122.81,5142.48,1949382300
20151105,5144.15,5154.68,5098.73,5127.74,1910675700
20151106,5124.04,5147.12,5093.36,5147.12,1921779900
20151109,5128.94,5133.33,5066.10,5095.30,1721216100
20151110,5068.55,5086.84,5051.30,5083.24,1772691600
20151111,5098.13,5111.14,5066.99,5067.02,1555276200
20151112,5043.10,5062.43,5004.46,5005.08,1693464900
20151113,4980.86,4988.74,4925.51,4927.88,1860976500
20151116,4916.14,4984.90,4908.98,4984.62,1691846700
20151117,4991.71,5022.25,4976.08,4986.02,1731390300
20151118,5004.60,5078.60,5002.06,5075.20,1876172700
20151119,5078.68,5092.44,5067.33,5073.64,1668522300
20151120,5096.96,5112.31,5094.38,5104.92,1642965900
20151123,5106.72,5127.98,5085.45,5102.48,1551500400
20151124,5070.66,5110.75,5050.56,5102.81,1819935600
20151125,5106.87,5124.04,5101.30,5116.14,1431549000
20151127,5121.93,5134.32,5108.62,5127.52,727008900
20151130,5139.58,5141.36,5098.70,5108.67,2087431500
20151201,5129.64,5156.31,5120.56,5156.31,1893080100
20151202,5158.82,5176.63,5117.29,5123.22,1916116200
20151203,5143.16,5144.60,5011.87,5037.53,1941933000
20151204,5050.93,5147.00,5043.80,5142.27,1764665700
20151207,5139.46,5139.46,5082.24,5101.81,1816001700
20151208,5050.52,5111.66,5045.86,5098.24,1740448500
20151209,5077.21,5105.96,5000.17,5022.87,1863208500
20151210,5026.98,5075.62,5019.80,5045.49,1624263600
20151211,4979.77,4995.91,4928.67,4932.82,1939003500
20151214,4933.47,4953.24,4871.63,4952.23,2060935800
20151215,4991.21,5026.47,4987.16,4995.36,1910880300
20151216,5033.48,5077.39,4993.09,5071.13,1894047300
20151217,5087.17,5088.53,5002.55,5002.55,1764414600
20151218,4982.58,4996.02,4921.33,4923.08,3501645300
20151221,4957.53,4968.92,4928.93,4968.92,1556262000
20151222,4988.68,5007.67,4964.13,5001.11,1447703100
20151223,5025.55,5046.02,5020.44,5045.93,1480085700
20151224,5046.19,5063.21,5043.66,5048.49,657398400
20151228,5032.29,5040.99,4999.07,5040.99,1218904500
20151229,5066.52,5116.98,5066.06,5107.94,1286627100
20151230,5101.18,5101.87,5065.85,5065.85,1160202900
20151231,5047.04,5058.05,5007.41,5007.41,1336856400
20160104,4897.65,4903.09,4847.11,4903.09,2063130600
20160105,4917.84,4926.64,4872.74,4891.43,1792463400
20160106,4813.76,4866.04,4805.02,4835.76,2016816600
20160107,4736.40,4787.97,4689.23,4689.43,2373908700
20160108,4722.02,4741.96,4638.40,4643.63,2128537500
20160111,4673.44,4682.26,4574.03,4637.99,2223732300
20160112,4681.54,4714.35,4618.16,4685.92,1997147100
20160113,4706.02,4713.23,4517.84,4526.06,2355876000
20160114,4545.37,4650.50,4470.59,4615.00,2385970800
20160115,4464.37,4519.99,4420.61,4488.42,2621325900
20160119,4548.05,4550.11,4430.90,4476.95,2226931500
20160120,4405.22,4514.69,4313.46,4471.69,2979840900
20160121,4480.70,4536.90,4433.46,4472.06,2276407500
20160122,4557.39,4591.18,4540.27,4591.18,2002606200
20160125,4574.59,4590.44,4514.94,4518.49,1886858400
20160126,4537.04,4576.84,4505.24,4567.57,1842497400
20160127,4548.87,4568.84,4450.87,4468.17,1967610300
20160128,4533.81,4533.81,4447.65,4506.57,2159748300
20160129,4512.09,4613.95,4511.37,4613.95,2434321500
20160201,4587.59,4636.87,4565.69,4620.37,1844506200
20160202,4588.69,4589.90,4503.16,4516.95,2032217400
20160203,4543.82,4547.19,4424.97,4504.24,2293556700
20160204,4492.48,4545.52,4464.16,4509.56,2046864900
20160205,4491.48,4493.07,4350.45,4363.14,2315030400
20160208,4288.02,4301.53,4212.93,4283.75,2512925100
20160209,4224.87,4329.61,4222.68,4268.76,2293184700
20160210,4318.28,4369.62,4280.77,4283.59,2276993400
20160211,4218.81,4293.06,4209.81,4266.84,2615466900
20160212,4307.29,4340.10,4274.39,4337.51,1844366700
20160216,4397.95,4435.96,4376.72,4435.96,1969665600
20160217,4471.66,4540.78,4463.55,4534.06,2135689200
20160218,4548.10,4548.10,4482.77,4487.54,1818959100
20160219,4464.67,4512.98,4455.10,4504.43,1770506100
20160222,4548.31,4576.47,4546.55,4570.61,1668438600
20160223,4550.05,4557.64,4500.94,4503.58,1653307500
20160224,4453.93,4547.64,4425.72,4542.61,1839707400
20160225,4554.73,4582.21,4517.02,4582.21,1551091200
20160226,4615.14,4618.81,4580.80,4590.47,1687875600
20160229,4585.30,4619.90,4557.95,4557.95,1920691800
20160301,4596.01,4689.60,4583.60,4689.60,1934539500
20160302,4683.80,4703.42,4665.93,4703.42,1778634300
20160303,4698.38,4707.42,4674.56,4707.42,1800749700
20160304,4715.76,4746.61,4687.94,4717.02,2019243900
20160307,4690.88,4730.86,4674.86,4708.25,1938482700
20160308,4676.22,4695.01,4643.25,4648.82,1853545800
20160309,4666.42,4676.46,4642.42,4674.38,1664281500
20160310,4691.20,4716.08,4607.99,4662.16,1800917100
20160311,4712.38,4748.65,4701.02,4748.47,1675664700
20160314,4733.39,4762.27,4731.53,4750.28,1502043000
20160315,4731.14,4734.57,4712.32,4728.67,1573950600
20160316,4717.88,4774.79,4716.45,4763.97,1656385800
20160317,4752.62,4788.09,4738.10,4774.99,1773686700
20160318,4784.63,4804.48,4772.43,4795.65,2631007200
20160321,4787.31,4814.83,4785.43,4808.87,1496583900
20160322,4783.60,4835.60,4782.12,4821.66,1484466000
20160323,4813.87,4816.62,4765.97,4768.86,1611345900
20160324,4743.36,4773.50,4734.83,4773.50,1479620700
20160328,4785.25,4787.18,4760.10,4766.79,1284330000
20160329,4756.55,4849.31,4749.80,4846.62,1680035700
20160330,4875.46,4899.02,4859.36,4869.29,1597572600
20160331,4869.57,4891.28,4864.44,4869.85,1650071100
20160401,4842.55,4917.03,4832.31,4914.54,1685392500
20160404,4911.21,4917.75,4885.17,4891.80,1586328900
20160405,4855.90,4872.67,4838.70,4843.93,1605189300
20160406,4849.58,4921.51,4849.28,4920.72,1638446100
20160407,4893.57,4901.38,4831.51,4848.37,1775314200
20160408,4883.99,4892.53,4835.38,4850.69,1477611900
20160411,4873.39,4897.55,4833.40,4833.40,1437352200
20160412,4838.82,4879.56,4808.98,4872.09,1636130400
20160413,4904.79,4951.83,4903.60,4947.42,1800898500
20160414,4947.65,4961.24,4931.81,4945.89,1530603300
20160415,4938.83,4950.37,4925.47,4938.22,1566854700
20160418,4919.36,4960.70,4915.75,4960.02,1555201800
20160419,4968.30,4968.30,4915.56,4940.33,1696552500
20160420,4941.99,4969.32,4928.41,4948.13,1656646200
20160421,4949.12,4966.59,4932.65,4947.39,1635116700
20160422,4898.24,4921.47,4872.26,4906.23,1877604900
20160425,4891.48,4904.74,4878.64,4894.35,1471511100
20160426,4903.81,4914.99,4875.42,4888.31,1697268600
20160427,4855.38,4872.90,4826.48,4863.14,1803065400
20160428,4857.60,4889.08,4796.60,4805.29,2010102000
20160429,4805.79,4807.51,4741.27,4775.36,2210107800
20160502,4786.55,4821.54,4768.40,4817.59,1748827800
20160503,4780.88,4791.37,4749.76,4763.22,1845436200
20160504,4735.28,4751.60,4713.93,4725.64,1814244000
20160505,4742.42,4744.55,4709.75,4717.09,1756165500
20160506,4695.90,4736.16,4684.28,4736.16,1730544000
20160509,4736.35,4771.93,4735.31,4750.21,1511343000
20160510,4768.91,4811.28,4758.29,4809.88,1636911600
20160511,4799.30,4812.15,4760.53,4760.69,1728972300
20160512,4778.19,4779.43,4710.18,4735.48,1795318500
20160513,4731.07,4759.21,4708.33,4717.68,1579167900
20160516,4728.86,4791.25,4725.15,4775.46,1619604300
20160517,4768.85,4775.71,4703.39,4715.73,1790463900
20160518,4705.78,4762.26,4704.52,4739.12,1798713000
20160519,4717.36,4735.03,4678.38,4712.53,1679477700
20160520,4729.44,4781.67,4729.00,4769.56,1832583600
20160523,4771.57,4792.64,4764.01,4765.78,1734552300
20160524,4792.85,4865.99,4792.69,4861.06,1806320400
20160525,4877.18,4905.43,4872.49,4894.89,1659510600
20160526,4897.78,4909.35,4887.41,4901.77,1493812500
20160527,4904.05,4933.50,4902.50,4933.50,1399668600
20160531,4938.48,4951.36,4923.03,4948.05,2125375500
20160601,4928.97,4958.98,4923.20,4952.25,1671293700
20160602,4941.25,4971.36,4924.48,4971.36,1608016500
20160603,4958.10,4958.48,4909.21,4942.52,1578991200
20160606,4950.46,4980.14,4944.87,4968.71,1547371200
20160607,4972.13,4979.38,4960.32,4961.75,1625416800
20160608,4970.01,4979.66,4956.98,4974.64,1574155200
20160609,4954.15,4965.42,4940.56,4958.62,1518076200
20160610,4915.15,4917.80,4880.61,4894.55,1694646000
20160613,4868.51,4894.85,4844.95,4848.44,1756119000
20160614,4836.67,4863.01,4811.93,4843.55,1785330300
20160615,4855.08,4868.16,4830.39,4834.93,1676046000
20160616,4809.69,4847.84,4779.33,4844.92,1722146100
20160617,4835.02,4835.02,4792.51,4800.34,2453544600
20160620,4856.69,4882.12,4834.55,4837.21,1654990800
20160621,4845.08,4852.19,4826.59,4843.76,1579214400
20160622,4846.68,4875.93,4830.01,4833.32,1564464600
20160623,4872.19,4910.04,4859.64,4910.04,1616870100
20160624,4715.79,4798.09,4698.42,4707.35,4102267200
20160627,4664.43,4664.89,4574.25,4594.44,2473474500
20160628,4643.93,4692.97,4643.93,4691.87,1928903700
20160629,4732.93,4787.59,4732.34,4779.25,1968391500
20160630,4793.75,4843.11,4774.52,4842.67,2019197400
20160701,4837.18,4879.83,4837.18,4862.57,1622970900
20160705,4837.06,4839.00,4797.29,4822.90,1572016200
20160706,4799.32,4861.05,4786.01,4859.16,1744763700
20160707,4867.47,4888.98,4853.68,4876.81,1555676100
20160708,4906.66,4958.99,4901.58,4956.76,1810951800
20160711,4976.54,5002.49,4976.54,4988.64,1598158500
20160712,5017.99,5032.09,5009.68,5022.82,1735640400
20160713,5036.32,5036.32,5002.82,5005.73,1535262600
20160714,5041.96,5045.17,5025.18,5034.06,1526288100
20160715,5041.19,5044.81,5018.53,5029.59,1497579000
20160718,5034.99,5063.53,5030.15,5055.78,1474580100
20160719,5038.22,5052.13,5028.24,5036.37,1576108200
20160720,5061.60,5098.23,5053.99,5089.93,1745916900
20160721,5093.97,5102.75,5061.16,5073.90,1748688300
20160722,5078.12,5103.52,5064.23,5100.16,1524270000
20160725,5096.99,5100.61,5082.66,5097.63,1646676600
20160726,5095.61,5122.19,5084.19,5110.05,1895395800
20160727,5143.84,5151.06,5120.86,5139.81,1973692500
20160728,5144.82,5160.13,5130.76,5154.98,1814346300
20160729,5162.15,5175.81,5140.26,5162.13,1927555200
20160801,5167.42,5199.13,5158.98,5184.20,1735928700
20160802,5177.53,5181.02,5109.80,5137.73,1992069300
20160803,5133.24,5159.74,5128.44,5159.74,1775807100
20160804,5158.02,5173.97,5145.39,5166.25,1794900000
20160805,5190.71,5227.23,5186.25,5221.12,1876479600
20160808,5223.54,5228.27,5202.21,5213.14,1510738500
20160809,5216.21,5238.54,5215.08,5225.13,1547817600
20160810,5227.95,5227.95,5193.83,5204.58,1535653200
20160811,5222.15,5235.29,5211.28,5228.40,1405853100
20160812,5219.66,5233.28,5215.69,5232.89,1396506600
20160815,5242.18,5271.34,5241.40,5262.02,1425848100
20160816,5247.96,5248.23,5226.78,5227.11,1579502700
20160817,5228.44,5230.08,5197.23,5228.66,1625537700
20160818,5226.45,5242.88,5221.93,5240.15,1542944400
20160819,5229.87,5245.79,5217.84,5238.38,1518448200
20160822,5231.46,5252.13,5224.65,5244.60,1450995300
20160823,5265.78,5275.67,5257.95,5260.08,1438756500
20160824,5254.42,5262.90,5205.67,5217.69,1594745400
20160825,5207.61,5230.56,5201.64,5212.20,1406057700
20160826,5219.05,5253.19,5191.87,5218.92,1479685800
20160829,5223.80,5245.11,5222.64,5232.33,1317475200
20160830,5229.88,5241.62,5205.64,5222.99,1451748600
20160831,5216.42,5219.89,5191.25,5213.22,1638446100
20160901,5218.28,5229.94,5189.39,5227.21,1481043600
20160902,5249.67,5263.36,5231.05,5249.90,1371006000
20160906,5260.00,5274.86,5244.00,5274.78,1653484200
20160907,5274.23,5287.54,5261.92,5283.93,1746967800
20160908,5269.96,5271.00,5248.41,5259.48,1711004700
20160909,5217.95,5225.74,5125.91,5125.91,2054081700
20160912,5098.03,5217.82,5098.03,5211.89,1867077300
20160913,5181.14,5194.69,5131.32,5155.25,1926457800
20160914,5160.21,5201.32,5159.61,5173.77,1769492400
20160915,5178.10,5254.75,5176.35,5249.69,1814374200
20160916,5238.71,5248.60,5219.03,5244.57,2802889800
20160919,5263.55,5281.06,5223.10,5235.03,1665741600
20160920,5256.19,5265.18,5235.43,5241.35,1576526700
20160921,5263.65,5299.38,5233.95,5295.18,1859711700
20160922,5323.26,5342.86,5321.06,5339.52,1750353000
20160923,5327.43,5329.58,5301.70,5305.75,1638036900
20160926,5275.73,5282.26,5255.09,5257.49,1552653600
20160927,5254.18,5306.78,5251.54,5305.71,1628485800
20160928,5312.73,5320.56,5284.84,5318.55,1660487100
20160929,5311.31,5316.99,5254.57,5269.15,1805288100
20160930,5288.87,5325.88,5277.92,5312.00,1915614000
20161003,5300.29,5308.43,5282.04,5300.87,1491775800
20161004,5313.49,5323.56,5271.75,5289.66,1589360700
20161005,5305.28,5330.81,5304.17,5316.02,1630606200
20161006,5306.59,5315.72,5281.52,5306.85,1538238600
20161007,5314.92,5315.65,5266.81,5292.40,1531384500
20161010,5318.46,5340.51,5317.73,5328.67,1268659500
20161011,5321.82,5321.82,5227.45,5246.79,1694162400
20161012,5247.91,5257.09,5228.80,5239.02,1456324200
20161013,5200.30,5228.26,5169.81,5214.58,1613838300
20161014,5241.26,5258.88,5213.37,5214.16,1482866400
20161017,5213.69,5219.98,5196.14,5199.82,1324571100
20161018,5255.32,5264.27,5239.51,5243.84,1371219900
20161019,5240.33,5253.83,5234.29,5246.41,1438672800
20161020,5238.20,5252.10,5216.05,5241.83,1619892600
20161021,5238.65,5259.04,5225.90,5257.40,1534007100
20161024,5290.31,5311.40,5289.37,5309.83,1424732100
20161025,5306.47,5310.19,5278.71,5283.40,1468925700
20161026,5256.40,5280.85,5237.08,5250.27,1605087000
20161027,5272.19,5273.50,5211.75,5215.97,1784381700
20161028,5203.70,5232.24,5179.00,5190.10,1763252100
20161031,5205.09,5206.54,5186.56,5189.13,1587751800
20161101,5199.77,5201.00,5112.36,5153.58,1747144500
20161102,5147.28,5156.70,5097.67,5105.57,1958459100
20161103,5104.70,5114.95,5053.59,5058.41,1960179600
20161104,5034.41,5087.44,5034.41,5046.37,1874070900
20161107,5128.99,5169.41,5122.77,5166.17,1780308300
20161108,5154.99,5214.11,5145.30,5193.49,1614573000
20161109,5143.86,5258.96,5143.86,5251.07,2626840800
20161110,5283.48,5302.02,5146.89,5208.80,2775454800
20161111,5191.82,5241.04,5179.68,5237.11,2125096500
20161114,5246.33,5246.88,5192.49,5218.40,2203346700
20161115,5239.91,5287.06,5236.51,5275.62,2005545000
20161116,5253.74,5299.55,5251.99,5294.58,1913140200
20161117,5295.07,5334.00,5288.49,5333.97,1936036800
20161118,5340.97,5346.47,5315.57,5320.79,1728507300
20161121,5337.15,5369.82,5334.28,5368.86,1623147600
20161122,5384.75,5392.26,5365.62,5386.35,1754724000
20161123,5366.55,5380.68,5350.87,5380.68,1503568200
20161125,5388.49,5398.92,5379.68,5398.92,714305100
20161128,5387.92,5395.10,5364.92,5368.81,1511826600
20161129,5370.98,5403.79,5360.62,5379.92,1663574700
20161130,5391.35,5393.13,5323.68,5323.68,1919919900
20161201,5323.88,5325.84,5238.27,5251.11,2106412800
20161202,5249.02,5274.54,5239.44,5255.65,1719504900
20161205,5283.58,5320.98,5269.59,5308.89,1672288800
20161206,5317.74,5333.93,5299.95,5333.00,1836610500
20161207,5322.67,5397.88,5307.49,5393.76,1974008700
20161208,5394.15,5425.35,5389.10,5417.36,2074895100
20161209,5436.11,5449.98,5427.36,5444.50,1895991000
20161212,5428.22,5434.86,5394.44,5412.54,1792630800
20161213,5433.57,5486.75,5430.72,5463.83,1939710300
20161214,5465.69,5476.03,5425.92,5436.67,1835959500
20161215,5443.51,5485.08,5439.57,5456.85,1949196300
20161216,5467.82,5474.24,5426.03,5437.16,3029707500
20161219,5441.20,5483.15,5436.56,5457.44,1567794000
20161220,5473.53,5489.44,5471.87,5483.94,1560577200
20161221,5482.63,5486.08,5465.32,5471.43,1389327000
20161222,5472.01,5472.01,5432.78,5447.42,1471818000
20161223,5441.76,5462.69,5441.76,5462.69,1064180400
20161227,5470.76,5512.29,5469.61,5487.44,1131689100
20161228,5497.17,5498.60,5434.75,5438.56,1229580900
20161229,5437.51,5450.61,5415.20,5432.09,1175966400
20161230,5440.17,5441.77,5371.91,5383.12,1442262600
20170103,5425.62,5451.16,5397.99,5429.08,1754166000
20170104,5440.91,5482.34,5440.36,5477.00,1751524800
20170105,5474.39,5495.77,5464.55,5487.94,1667127300
20170106,5499.08,5536.48,5482.82,5521.06,1591016100
20170109,5527.58,5541.06,5517.20,5531.82,1753515000
20170110,5536.54,5564.21,5528.30,5551.82,1670745000
20170111,5550.72,5563.96,5524.04,5563.65,1817889600
20170112,5542.56,5550.13,5496.90,5547.49,1675627500
20170113,5557.57,5584.26,5557.25,5574.12,1492752300
20170117,5555.16,5556.88,5527.27,5538.73,1634037900
20170118,5546.94,5555.85,5535.24,5555.65,1565487600
20170119,5560.61,5571.46,5528.42,5540.08,1679310300
20170120,5556.87,5573.91,5542.26,5555.33,1618497600
20170123,5546.64,5562.61,5522.77,5552.94,1534769700
20170124,5568.27,5606.45,5558.51,5600.96,1678994100
20170125,5635.86,5658.51,5634.49,5656.34,1822753500
20170126,5666.28,5669.49,5647.75,5655.18,1699565700
20170127,5664.88,5667.12,5643.96,5660.78,1546962000
20170130,5635.86,5635.98,5578.93,5613.71,1652693700
20170131,5592.87,5615.14,5576.14,5614.79,1898576400
20170201,5654.51,5661.96,5621.11,5642.65,2067910800
20170202,5627.15,5655.73,5616.42,5636.20,1928801400
20170203,5650.73,5666.77,5647.64,5666.77,1661779800
20170206,5656.95,5668.20,5650.26,5663.55,1611020400
20170207,5674.86,5689.52,5664.85,5674.22,1784763000
20170208,5662.95,5686.76,5649.78,5682.45,1808905800
20170209,5688.02,5722.65,5685.22,5715.18,1807771200
20170210,5726.17,5743.41,5717.50,5734.13,1722369300
20170213,5753.19,5770.99,5751.92,5763.96,1711209300
20170214,5756.51,5783.09,5748.74,5782.57,1808998800
20170215,5777.90,5821.95,5776.70,5819.44,1937803800
20170216,5823.01,5835.15,5796.71,5814.90,1807548000
20170217,5807.31,5838.58,5800.80,5838.58,1744289400
20170221,5850.20,5867.89,5847.50,5865.95,1799652300
20170222,5857.56,5864.41,5848.29,5860.63,1741266900
20170223,5866.82,5866.96,5809.55,5835.51,1748093100
20170224,5802.33,5845.31,5800.55,5845.31,1565450400
20170227,5835.04,5861.90,5827.00,5861.90,1744763700
20170228,5852.79,5855.07,5817.22,5825.44,2137493400
20170301,5874.86,5911.79,5865.79,5904.03,2055634800
20170302,5897.01,5897.01,5856.31,5861.22,1897916100
20170303,5854.27,5870.75,5841.47,5870.75,1722480900
20170306,5846.42,5857.74,5827.46,5849.18,1644091200
20170307,5836.13,5859.77,5826.32,5833.93,1694460000
20170308,5838.44,5860.63,5832.63,5837.55,1683746400
20170309,5834.67,5852.54,5812.08,5838.81,1752054900
20170310,5867.16,5872.61,5835.44,5861.73,1843399500
20170313,5863.48,5877.43,5860.84,5875.78,1673386200
20170314,5860.07,5860.50,5831.88,5856.82,1546748100
20170315,5869.98,5911.20,5858.16,5900.05,1816001700
20170316,5907.86,5911.48,5887.24,5900.76,1643291400
20170317,5898.58,5912.61,5890.42,5901.00,2961240900
20170320,5898.81,5915.12,5888.12,5901.53,1609411500
20170321,5923.43,5928.06,5790.73,5793.83,2038643700
20170322,5790.59,5825.68,5781.81,5821.64,1727642400
20170323,5812.31,5842.82,5806.98,5817.69,1620655200
20170324,5839.33,5858.95,5807.83,5828.74,1712985600
20170327,5776.34,5849.20,5769.39,5840.37,1553806800
20170328,5836.50,5888.70,5828.86,5875.14,1693399800
20170329,5875.35,5900.87,5870.93,5897.55,1598372400
20170330,5896.15,5916.77,5894.00,5914.34,1603106100
20170331,5905.63,5927.81,5901.77,5911.74,1769604000
20170403,5917.32,5928.93,5867.73,5894.68,1724406000
20170404,5878.77,5901.39,5878.77,5898.61,1665481200
20170405,5911.93,5936.39,5856.26,5864.48,2050175700
20170406,5870.52,5889.58,5856.22,5878.95,1716594000
20170407,5873.95,5892.07,5855.51,5877.81,1573699500
20170410,5883.43,5907.85,5865.56,5880.93,1515965100
20170411,5871.16,5878.94,5819.29,5866.77,1694134500
20170412,5863.59,5868.09,5830.44,5836.16,1542832800
20170413,5828.37,5856.54,5805.15,5805.15,1471139100
20170417,5821.55,5856.79,5818.20,5856.79,1284599700
20170418,5838.59,5860.04,5828.57,5849.47,1496249100
20170419,5874.43,5894.68,5856.34,5863.03,1629936600
20170420,5887.87,5926.23,5880.20,5916.78,1626672300
20170421,5919.02,5919.23,5899.43,5910.52,1602585300
20170424,5979.96,5989.91,5970.25,5983.82,1708010100
20170425,6004.16,6036.02,6002.65,6025.49,1762749900
20170426,6028.13,6040.90,6021.72,6025.23,1761615300
20170427,6038.47,6050.70,6031.59,6048.94,1745331000
20170428,6072.87,6074.04,6040.71,6047.61,1855498800
20170501,6067.56,6100.73,6061.35,6091.60,1634010000
20170502,6102.51,6102.72,6081.56,6095.37,1996458900
20170503,6075.04,6076.96,6053.28,6072.55,1998904800
20170504,6075.06,6080.82,6054.32,6075.34,1912331100
20170505,6091.69,6100.76,6067.16,6100.76,1766600100
20170508,6100.66,6106.12,6083.06,6102.66,1776030300
20170509,6111.82,6133.00,6107.59,6120.59,1857665700
20170510,6121.64,6131.64,6103.87,6129.14,1960440000
20170511,6110.05,6120.20,6075.68,6115.96,1814346300
20170512,6119.27,6122.84,6105.42,6121.23,1619092800
20170515,6128.11,6153.04,6124.79,6149.67,1721234700
20170516,6160.52,6170.16,6139.10,6169.87,1859376900
20170517,6108.63,6122.87,6009.48,6011.24,2183156400
20170518,5998.46,6073.45,5996.82,6055.13,1982313600
20170519,6070.23,6106.55,6070.23,6083.70,1772133600
20170522,6098.25,6135.92,6097.24,6133.62,1605393900
20170523,6149.55,6150.91,6121.79,6138.71,1586449800
20170524,6154.18,6166.09,6139.34,6163.02,1549426500
20170525,6183.02,6217.34,6174.52,6205.26,1643951700
20170526,6207.04,6211.52,6196.66,6210.19,1461067200
20170530,6204.18,6217.13,6200.41,6203.19,1570286400
20170531,6221.63,6221.98,6164.07,6198.52,2054742000
20170601,6215.91,6247.07,6200.45,6246.83,1807557300
20170602,6261.59,6308.76,6253.77,6305.80,1692600000
20170605,6305.47,6310.62,6292.15,6295.68,1618032600
20170606,6281.88,6304.21,6269.86,6275.06,1757411700
20170607,6290.44,6302.78,6267.18,6297.38,1694711100
20170608,6311.73,6324.06,6282.93,6321.76,1979765400
20170609,6330.25,6341.70,6137.68,6207.92,2931406500
20170612,6153.56,6183.81,6110.66,6175.47,2405482200
20170613,6206.12,6226.41,6180.04,6220.37,1917762300
20170614,6237.46,6237.53,6153.55,6194.89,1804609200
20170615,6127.05,6170.15,6107.85,6165.50,1728060900
20170616,6154.28,6161.56,6125.50,6151.76,2902195200
20170619,6196.85,6243.31,6194.00,6239.01,1838582100
20170620,6229.62,6234.01,6186.94,6188.03,2390220900
20170621,6202.75,6236.66,6200.86,6233.95,2233339200
20170622,6239.15,6257.68,6221.97,6236.69,2018332500
20170623,6234.36,6269.37,6218.78,6265.25,2515278000
20170626,6292.73,6303.45,6233.43,6247.15,2000085900
20170627,6227.90,6234.32,6146.62,6146.62,2029101900
20170628,6173.10,6238.29,6144.80,6234.42,1924542000
20170629,6215.49,6216.61,6087.81,6144.35,2234092500
20170630,6166.84,6170.63,6129.04,6140.42,1858446900
20170703,6173.29,6177.36,6106.12,6110.06,1022590800
20170705,6122.06,6163.62,6100.42,6150.86,1741080900
20170706,6109.61,6127.98,6081.96,6089.46,1851248700
20170707,6111.22,6164.94,6111.22,6153.08,1581585900
20170710,6156.03,6191.27,6141.83,6176.39,1558187100
20170711,6171.25,6200.58,6149.87,6193.31,1681542300
20170712,6238.90,6265.64,6236.82,6261.17,1693111500
20170713,6269.10,6281.45,6251.26,6274.44,1677543300
20170714,6289.08,6321.76,6278.70,6312.47,1495551600
20170717,6320.35,6330.97,6307.34,6314.43,1448967900
20170718,6304.82,6344.55,6291.07,6344.31,1639032000
20170719,6363.24,6387.73,6362.18,6385.04,1732506300
20170720,6396.46,6398.26,6365.68,6390.00,1691558400
20170721,6383.06,6388.78,6365.12,6387.75,1671303000
20170724,6387.82,6417.70,6380.61,6410.81,1614033600
20170725,6407.59,6425.45,6396.88,6412.17,1790463900
20170726,6425.93,6432.38,6416.30,6422.75,1848877200
20170727,6459.76,6460.84,6318.62,6382.19,2309710800
20170728,6350.27,6379.70,6337.23,6374.68,1730516100
20170731,6394.69,6396.59,6338.79,6348.12,1759290300
20170801,6372.16,6375.75,6345.75,6362.94,1685708700
20170802,6393.11,6394.21,6313.43,6362.65,1956840900
20170803,6366.24,6368.53,6331.14,6340.34,1965499200
20170804,6350.79,6361.49,6329.73,6351.56,1773668100
20170807,6361.06,6386.03,6356.23,6383.77,1582441500
20170808,6373.33,6423.34,6355.88,6370.46,1780643100
20170809,6322.92,6355.04,6309.44,6352.33,1891396800
20170810,6312.65,6318.28,6214.41,6216.87,2050371000
20170811,6222.18,6266.90,6216.19,6256.56,1669210500
20170814,6306.11,6346.82,6305.55,6340.23,1579660800
20170815,6350.51,6350.74,6324.75,6333.01,1469455800
20170816,6348.11,6374.56,6330.27,6345.11,1678398900
20170817,6322.72,6334.23,6221.91,6221.92,1898334600
20170818,6222.46,6254.22,6193.38,6216.53,1827068700
20170821,6216.32,6226.93,6177.19,6213.13,1465745100
20170822,6241.21,6302.84,6241.21,6297.48,1485861000
20170823,6263.47,6291.30,6263.29,6278.41,1425894600
20170824,6294.82,6302.84,6244.57,6271.33,1503605400
20170825,6293.81,6308.72,6257.10,6265.64,1341897000
20170828,6286.01,6292.26,6267.85,6283.02,1449581700
20170829,6228.90,6311.27,6228.73,6301.89,1523005200
20170830,6308.68,6374.48,6303.57,6368.31,1592225100
20170831,6385.80,6435.27,6383.58,6428.66,1753710300
20170901,6442.17,6449.65,6417.87,6435.33,1383877200
20170905,6414.82,6426.52,6334.59,6375.57,1754863500
20170906,6394.35,6407.40,6356.20,6393.31,1772607900
20170907,6402.94,6413.07,6379.81,6397.87,1858493400
20170908,6389.65,6391.41,6354.96,6360.19,1660570800
20170911,6411.18,6439.11,6410.71,6432.26,1691949000
20170912,6448.81,6455.02,6429.54,6454.28,1622933700
20170913,6440.72,6460.42,6433.20,6460.19,1806143700
20170914,6439.46,6455.32,6424.04,6429.08,1682528100
20170915,6426.16,6464.27,6419.65,6448.47,2623632300
20170918,6460.10,6477.77,6438.41,6454.64,1743229200
20170919,6465.57,6467.79,6446.75,6461.32,1683030300
20170920,6459.74,6466.05,6414.23,6456.04,1908843600
20170921,6448.57,6448.57,6405.30,6422.69,1648694700
20170922,6401.44,6429.54,6400.82,6426.92,1524363000
20170925,6403.11,6408.06,6343.96,6370.59,1906881300
20170926,6391.85,6405.00,6364.57,6380.16,1791570600
20170927,6414.37,6472.65,6405.36,6453.26,1909959600
20170928,6437.96,6456.23,6427.66,6453.45,1700570100
20170929,6461.28,6497.98,6454.86,6495.96,1829979600
20171002,6506.08,6527.22,6484.14,6516.72,1838637900
20171003,6523.75,6532.18,6509.71,6531.71,1831467600
20171004,6521.96,6546.46,6513.12,6534.63,1802749200
20171005,6552.88,6587.21,6547.65,6585.36,1744373100
20171006,6566.95,6590.18,6566.84,6590.18,1620497100
20171009,6597.38,6599.34,6572.44,6579.73,1386276600
20171010,6602.50,6608.30,6561.78,6587.25,1673442000
20171011,6586.73,6604.21,6577.98,6603.55,1702234800
20171012,6594.76,6613.50,6586.32,6591.51,1860437100
20171013,6613.21,6616.58,6602.20,6605.80,1633219500
20171016,6622.56,6632.50,6607.04,6624.01,1515416400
20171017,6621.42,6628.60,6613.21,6623.66,1531933200
20171018,6634.25,6635.52,6613.55,6624.22,1612647900
20171019,6583.70,6605.29,6558.53,6605.07,1696189800
20171020,6633.37,6640.03,6622.92,6629.05,1669173300
20171023,6641.57,6641.57,6581.15,6586.83,1682667600
20171024,6598.61,6611.91,6582.06,6598.43,1713655200
20171025,6587.22,6600.65,6517.93,6563.89,2037369600
20171026,6567.59,6582.76,6550.03,6556.77,1960635300
20171027,6635.03,6708.13,6625.78,6701.26,2235348000
20171030,6693.77,6727.39,6677.15,6698.96,1872685200
20171031,6713.71,6737.75,6705.79,6727.67,1900817700
20171101,6758.64,6759.66,6691.48,6716.53,1912879800
20171102,6709.39,6719.97,6677.55,6714.94,2104534200
20171103,6737.09,6765.14,6712.93,6764.44,2041359300
20171106,6763.30,6790.66,6763.17,6786.44,2014817100
20171107,6785.44,6795.52,6750.34,6767.78,2050901100
20171108,6764.85,6791.66,6753.34,6789.12,1963220700
20171109,6737.45,6758.93,6687.28,6750.05,2078717400
20171110,6736.39,6757.34,6727.34,6750.94,1835792100
20171113,6727.40,6766.30,6723.43,6757.60,1835624700
20171114,6733.87,6743.63,6709.27,6737.87,1844961900
20171115,6700.68,6725.32,6667.31,6706.21,1775053800
20171116,6742.34,6806.68,6742.34,6793.29,1862715600
20171117,6794.45,6797.75,6777.43,6782.79,1848923700
20171120,6789.29,6795.84,6779.48,6790.71,1674818400
20171121,6820.55,6862.66,6820.02,6862.48,1751701500
20171122,6869.53,6874.52,6859.28,6867.36,1477026000
20171124,6878.11,6890.02,6873.75,6889.16,789123600
20171127,6889.91,6897.43,6867.90,6878.52,1649262000
20171128,6893.72,6914.19,6866.21,6912.36,1860381300
20171129,6907.29,6908.33,6793.95,6824.39,2281159800
20171130,6852.80,6888.65,6838.48,6873.97,2286479400
20171201,6844.04,6872.18,6737.16,6847.59,2133020100
20171204,6897.14,6899.23,6770.69,6775.37,2256710100
20171205,6759.14,6836.45,6752.32,6762.21,1937692200
20171206,6742.07,6787.42,6734.13,6776.38,1759420500
20171207,6785.74,6829.29,6778.20,6812.84,1798731600
20171208,6859.95,6870.48,6831.61,6840.08,1679617200
20171211,6847.64,6879.80,6844.88,6875.08,1691642100
20171212,6872.72,6884.81,6856.31,6862.32,1731250800
20171213,6880.41,6897.62,6871.87,6875.80,1785190800
20171214,6887.39,6901.13,6851.63,6856.53,1846236000
20171215,6871.55,6945.82,6871.46,6936.58,3264690600
20171218,6980.40,7003.89,6975.54,6994.76,1994254800
20171219,6991.25,6995.88,6951.49,6963.85,1926085800
20171220,6991.25,6991.25,6935.42,6960.96,1743331500
20171221,6972.88,6992.63,6961.21,6965.36,1688526600
20171222,6958.02,6962.27,6944.45,6959.96,1431502500
20171226,6928.93,6942.14,6915.56,6936.25,1213036200
20171227,6941.45,6955.38,6931.34,6939.34,1310872200
20171228,6953.38,6954.81,6936.75,6950.16,1219527600
20171229,6952.61,6954.98,6903.39,6903.39,1461708900
20180102,6937.66,7006.91,6924.08,7006.90,1780884900
20180103,7017.07,7069.15,7016.70,7065.53,2015105400
20180104,7089.50,7098.05,7072.38,7077.92,1951967700
20180105,7105.74,7137.04,7097.08,7136.56,1879437000
20180108,7135.38,7161.35,7124.09,7157.39,1907829900
20180109,7174.19,7181.14,7148.30,7163.58,1959789000
20180110,7129.83,7154.24,7111.52,7153.57,1974148200
20180111,7168.73,7211.78,7163.23,7211.78,1869058200
20180112,7208.17,7265.26,7205.18,7261.06,1837866000
20180116,7307.19,7330.33,7205.93,7223.69,2210740200
20180117,7257.77,7309.36,7229.32,7298.28,2081405100
20180118,7293.65,7313.90,7276.11,7296.05,1884384600
20180119,7312.00,7336.38,7297.29,7336.38,1857461100
20180122,7338.04,7408.03,7332.81,7408.03,1958645100
20180123,7424.95,7465.40,7423.18,7460.29,1971451200
20180124,7474.16,7486.32,7376.75,7415.06,2117619300
20180125,7457.95,7458.54,7388.58,7411.16,1917148500
20180126,7448.33,7505.77,7431.22,7505.77,1914879300
20180129,7484.47,7500.61,7455.55,7466.51,1956143400
20180130,7388.89,7433.65,7373.99,7402.48,2012501400
20180131,7443.25,7453.98,7381.13,7411.48,2239012200
20180201,7377.17,7441.09,7362.28,7385.86,2131262400
20180202,7347.59,7364.43,7238.18,7240.95,2406626100
20180205,7165.96,7277.36,6967.53,6967.53,2889389100
20180206,6837.56,7126.55,6824.82,7115.88,2911857900
20180207,7086.20,7170.34,7051.53,7051.98,2201282100
20180208,7067.30,7073.99,6776.77,6777.16,2518161000
20180209,6863.34,6917.01,6630.67,6874.49,2935070700
20180212,6936.68,7023.62,6879.69,6981.96,2083590600
20180213,6942.16,7025.68,6938.16,7013.51,1689503100
20180214,6979.24,7152.05,6977.07,7143.62,2056657800
20180215,7200.75,7256.93,7130.39,7256.43,1962951000
20180216,7236.52,7303.26,7226.38,7239.47,1878441900
20180220,7209.04,7295.95,7206.00,7234.31,1777388100
20180221,7258.48,7338.64,7218.11,7218.23,1809789300
20180222,7252.47,7280.93,7194.84,7210.09,1778067000
20180223,7261.35,7337.83,7232.50,7337.39,1747897800
20180226,7373.30,7421.85,7360.25,7421.46,1735947300
20180227,7416.17,7438.09,7330.36,7330.35,2004940500
20180228,7371.41,7386.80,7273.01,7273.01,2207708400
20180301,7274.75,7307.84,7117.66,7180.56,2314807200
20180302,7099.54,7267.19,7084.83,7257.87,2127207600
20180305,7222.89,7350.07,7205.31,7330.71,1921705500
20180306,7366.61,7378.03,7319.68,7372.01,1964690100
20180307,7311.73,7403.79,7311.73,7396.65,2038773900
20180308,7422.77,7435.01,7391.50,7427.95,2113062300
20180309,7475.98,7560.81,7469.04,7560.81,2141724900
20180312,7581.04,7609.10,7563.45,7588.33,2133829200
20180313,7627.52,7637.27,7492.98,7511.01,2277411900
20180314,7539.78,7544.89,7473.90,7496.81,1957138500
20180315,7509.24,7525.44,7463.18,7481.74,1852160100
20180316,7504.37,7514.21,7473.68,7481.99,2833700700
20180319,7419.20,7421.23,7285.27,7344.24,2164509900
20180320,7353.25,7380.74,7331.24,7364.30,1829951700
20180321,7347.50,7415.66,7325.36,7345.29,1849202700
20180322,7257.55,7303.19,7164.38,7166.68,2182858800
20180323,7170.68,7194.31,6992.67,6992.67,2223081300
20180326,7125.20,7225.84,7022.34,7220.54,2163235800
20180327,7255.47,7255.54,6963.68,7008.81,2163170700
20180328,6978.30,7036.09,6901.07,6949.23,2342363100
20180329,6984.66,7120.47,6935.78,7063.45,2375685000
20180402,7016.17,7044.71,6805.96,6870.12,2227098900
20180403,6924.35,6963.71,6835.23,6941.28,2165514300
20180404,6811.77,7059.29,6811.77,7042.11,2096285100
20180405,7099.25,7112.38,7036.62,7076.55,1975933800
20180406,6999.57,7066.64,6877.76,6915.11,2186002200
20180409,6971.45,7074.95,6944.96,6950.34,1935237000
20180410,7060.99,7117.98,7014.88,7094.30,2082056100
20180411,7055.00,7128.54,7055.00,7069.03,1722471600
20180412,7112.02,7166.00,7105.09,7140.25,1879632300
20180413,7179.62,7183.63,7078.14,7106.65,1621585200
20180416,7153.87,7178.51,7115.85,7156.29,1670233500
20180417,7215.12,7298.59,7206.55,7281.10,1779303900
20180418,7292.38,7319.58,7259.90,7295.24,1760694600
20180419,7258.61,7277.45,7215.18,7238.06,1826473500
20180420,7220.65,7222.99,7123.49,7146.13,1787264700
20180423,7173.99,7195.72,7094.43,7128.60,1615754100
20180424,7160.77,7171.67,6961.52,7007.35,1998802500
20180425,7009.99,7030.73,6926.98,7003.74,1884821700
20180426,7080.49,7143.94,7055.66,7118.68,1978240200
20180427,7195.52,7197.16,7083.95,7119.80,1885602900
20180430,7133.95,7169.81,7065.41,7066.27,1847928600
20180501,7053.65,7133.27,7036.18,7130.70,1794072300
20180502,7138.45,7169.46,7094.72,7100.90,1994106000
20180503,7065.03,7112.59,6991.14,7088.15,2181538200
20180504,7065.67,7228.26,7057.89,7209.62,1880673900
20180507,7241.82,7291.74,7235.76,7265.21,1804181400
20180508,7255.34,7278.81,7224.70,7266.90,1910991900
20180509,7281.53,7344.80,7259.06,7339.91,2084576400
20180510,7355.90,7414.15,7353.63,7404.98,2077117800
20180511,7393.97,7417.67,7372.26,7402.88,1937217900
20180514,7429.45,7458.42,7401.89,7411.32,1930373100
20180515,7361.31,7363.52,7320.97,7351.63,1966057200
20180516,7356.22,7413.32,7356.16,7398.30,1937803800
20180517,7379.58,7425.40,7350.46,7382.47,1796481000
20180518,7364.34,7381.16,7343.97,7354.34,1829040300
20180521,7406.34,7431.82,7368.21,7394.04,1812663000
20180522,7420.85,7432.53,7370.33,7378.46,1774700400
20180523,7335.03,7426.79,7334.62,7425.96,1841818500
20180524,7421.99,7435.38,7357.50,7424.43,1852987800
20180525,7422.20,7452.85,7415.58,7433.85,1634623800
20180529,7398.51,7435.13,7354.29,7396.59,1941254100
20180530,7428.41,7473.81,7423.68,7462.45,1905988500
20180531,7455.58,7492.42,7431.41,7442.12,2338587300
20180601,7487.66,7557.38,7487.23,7554.33,2053998000
20180604,7570.08,7607.17,7561.20,7606.46,1992794700
20180605,7621.36,7644.48,7602.38,7637.86,1914525900
20180606,7652.81,7691.65,7622.32,7689.24,2038327500
20180607,7697.41,7697.41,7597.66,7635.07,2165300400
20180608,7607.73,7653.57,7595.15,7645.51,1805669400
20180611,7647.23,7677.29,7642.87,7659.93,1806934200
20180612,7673.87,7708.25,7669.53,7703.79,1866286800
20180613,7713.90,7748.96,7686.65,7695.70,2020676100
20180614,7723.54,7768.60,7723.54,7761.04,2035053900
20180615,7725.03,7755.72,7704.34,7746.38,2830724700
20180618,7692.96,7749.36,7676.83,7747.03,1947373500
20180619,7658.47,7727.41,7635.73,7725.59,2110170000
20180620,7764.15,7806.60,7755.48,7781.52,2143743000
20180621,7800.30,7803.45,7699.20,7712.95,2153768400
20180622,7739.70,7739.71,7679.13,7692.82,3653356200
20180625,7631.12,7639.73,7477.73,7532.01,2246033700
20180626,7553.74,7597.50,7527.00,7561.63,1914535200
20180627,7586.33,7610.67,7444.17,7445.09,2144979900
20180628,7438.11,7526.07,7419.56,7503.68,2041722000
20180629,7544.13,7573.59,7502.95,7510.30,2038569300
20180702,7451.90,7568.10,7443.10,7567.69,1644156300
20180703,7593.63,7594.33,7498.50,7502.67,1096758300
20180705,7550.66,7589.19,7511.43,7586.43,1622877900
20180706,7595.93,7695.81,7588.65,7688.39,1585259400
20180709,7730.58,7757.28,7702.31,7756.20,1708716900
20180710,7770.63,7777.48,7731.98,7759.20,1604445300
20180711,7698.51,7748.16,7696.58,7716.61,1638120600
20180712,7752.71,7825.67,7746.76,7823.92,1791282300
20180713,7827.63,7843.52,7803.34,7825.98,1594150200
20180716,7831.74,7838.82,7791.98,7805.72,1609076700
20180717,7751.98,7867.15,7749.61,7855.12,1618832400
20180718,7859.43,7863.77,7822.83,7854.44,1727633100
20180719,7829.80,7849.85,7811.15,7825.30,1723317900
20180720,7843.08,7860.25,7815.86,7820.20,1661212500
20180723,7806.93,7846.76,7776.56,7841.87,1538489700
20180724,7914.35,7928.79,7814.33,7840.77,1873810500
20180725,7839.09,7933.31,7838.76,7932.24,1769594700
20180726,7848.04,7881.30,7834.08,7852.19,2104655100
20180727,7889.75,7889.75,7698.96,7737.42,2023838100
20180730,7735.27,7740.26,7604.24,7630.00,1993371300
20180731,7654.59,7709.48,7614.84,7671.79,2041396500
20180801,7701.82,7732.68,7670.72,7707.29,2067901500
20180802,7659.52,7808.85,7659.52,7802.69,1935609000
20180803,7819.23,7824.06,7783.30,7812.02,1877391000
20180806,7809.54,7859.68,7801.88,7859.68,2081498100
20180807,7878.62,7898.20,7868.65,7883.66,2043758700
20180808,7880.00,7901.69,7864.46,7888.33,1941700500
20180809,7886.52,7923.35,7881.06,7891.78,1890643500
20180810,7834.71,7866.19,7818.37,7839.11,1948517400
20180813,7848.00,7888.66,7814.27,7819.71,1780243200
20180814,7847.88,7878.23,7815.50,7870.90,1783144800
20180815,7810.02,7832.66,7732.70,7774.12,2126872800
20180816,7826.95,7849.67,7795.74,7806.52,1840972200
20180817,7786.64,7830.78,7752.68,7816.33,1714129500
20180820,7834.38,7837.14,7787.90,7821.01,1580042100
20180821,7840.09,7897.68,7836.79,7859.17,1642965900
20180822,7844.04,7897.63,7840.84,7889.10,1544227800
20180823,7886.47,7926.32,7866.53,7878.46,1748297700
20180824,7907.81,7949.25,7907.11,7945.98,1754538000
20180827,7989.64,8024.94,7976.60,8017.90,2156790900
20180828,8039.01,8046.32,8009.59,8030.04,1824009000
20180829,8044.34,8113.56,8042.10,8109.69,1764210000
20180830,8094.20,8133.30,8069.57,8088.36,1873438500
20180831,8079.31,8119.82,8079.31,8109.54,1766916300
20180904,8087.95,8104.07,8042.14,8091.25,2073453600
20180905,8073.53,8077.84,7962.35,7995.17,2415005400
20180906,7998.27,8001.97,7885.50,7922.73,2202872400
20180907,7878.79,7962.54,7873.93,7902.54,1996133400
20180910,7939.57,7945.04,7890.39,7924.16,1898548500
20180911,7894.87,7986.32,7880.93,7972.47,2173038000
20180912,7958.87,7965.39,7884.05,7954.23,2177920500
20180913,7999.93,8037.51,7989.85,8013.71,2156409600
20180914,8026.16,8040.83,7979.78,8010.04,1891359600
20180917,7992.21,8002.78,7890.07,7895.79,2124250200
20180918,7903.57,7986.09,7901.01,7956.11,2155730700
20180919,7962.55,7976.13,7917.73,7950.04,2005758900
20180920,7993.53,8039.07,7986.41,8028.23,2127049500
20180921,8041.70,8057.26,7979.67,7986.96,3447342600
20180924,7939.38,7997.90,7912.47,7993.25,2247233400
20180925,8001.59,8014.12,7979.29,8007.47,2127970200
20180926,8011.68,8067.03,7982.77,7990.37,2136237900
20180927,8021.22,8071.56,8017.91,8041.97,1910006100
20180928,8024.50,8065.06,8015.87,8046.35,2161264200
20181001,8091.50,8107.38,8019.77,8037.30,2123403900
20181002,8024.48,8054.16,7983.99,7999.55,2223974100
20181003,8034.65,8053.93,8012.03,8025.09,2843316900
20181004,7993.33,7997.17,7833.16,7879.51,3054631500
20181005,7874.76,7902.67,7715.97,7788.45,2485797000
20181008,7747.10,7797.32,7654.84,7735.95,2082865200
20181009,7728.51,7799.75,7718.95,7738.02,2286907200
20181010,7694.08,7701.20,7420.56,7422.05,2861916900
20181011,7388.07,7493.21,7274.04,7329.06,2919539700
20181012,7507.84,7516.69,7368.32,7496.89,2464769700
20181015,7473.33,7500.93,7400.07,7430.74,1998430500
20181016,7501.78,7658.14,7493.45,7645.49,2439669000
20181017,7669.26,7670.50,7563.09,7642.70,2199189600
20181018,7616.47,7616.86,7452.47,7485.14,2367733500
20181019,7530.16,7582.89,7428.30,7449.03,2354964600
20181022,7486.74,7520.54,7424.74,7468.63,2122632000
20181023,7328.55,7472.57,7260.13,7437.54,2544312600
20181024,7423.21,7435.69,7099.00,7108.40,2730061500
20181025,7197.49,7364.82,7178.54,7318.34,2549883300
20181026,7125.18,7283.32,7057.00,7167.21,2757245400
20181029,7272.42,7295.61,6922.83,7050.29,2501281500
20181030,7017.87,7166.84,7001.48,7161.65,2493618300
20181031,7276.62,7368.50,7270.63,7305.90,2696748900
20181101,7327.82,7435.88,7286.50,7434.06,2519258400
20181102,7424.02,7466.53,7298.68,7356.99,2687616300
20181105,7344.09,7349.23,7255.88,7328.85,2014817100
20181106,7326.07,7400.64,7320.89,7375.96,2125682400
20181107,7446.09,7572.93,7435.87,7570.75,2490102900
20181108,7544.17,7566.93,7499.71,7530.89,2290059900
20181109,7468.51,7474.34,7349.48,7406.90,2249195700
20181112,7364.05,7371.09,7193.77,7200.87,2128835100
20181113,7230.69,7319.12,7182.86,7200.88,2179864200
20181114,7265.39,7285.57,7101.17,7136.39,2362404600
20181115,7112.83,7274.26,7072.36,7259.03,2333109600
20181116,7193.61,7274.86,7171.70,7247.87,2267581800
20181119,7217.24,7224.13,7011.40,7028.48,2189238600
20181120,6867.43,6994.75,6830.76,6908.82,2478403500
20181121,6985.51,7029.93,6951.62,6972.25,1727986500
20181123,6919.52,6987.89,6919.16,6938.98,891823500
20181126,7026.50,7083.93,7003.12,7081.85,1870397400
20181127,7041.23,7105.14,7014.36,7082.70,1922644800
20181128,7136.24,7291.59,7091.04,7291.59,2222941800
20181129,7267.49,7319.94,7217.69,7273.08,1844617800
20181130,7278.13,7330.54,7255.73,7330.54,2364822600
20181203,7486.13,7486.51,7392.22,7441.51,2437548600
20181204,7407.95,7421.11,7150.11,7158.43,2451303300
20181206,7017.06,7189.52,6984.34,7188.26,2635499100
20181207,7163.49,7205.37,6945.27,6969.25,2301898800
20181210,6959.63,7047.63,6878.98,7020.52,2201830800
20181211,7121.66,7129.83,6983.01,7031.83,2088835800
20181212,7127.00,7197.29,7096.56,7098.31,2243439000
20181213,7135.28,7154.64,7034.82,7070.33,1993473600
20181214,6986.38,7027.17,6898.99,6910.67,2046474300
20181217,6886.46,6931.81,6710.01,6753.73,2478673200
20181218,6809.82,6847.27,6733.72,6783.91,2413722000
20181219,6777.59,6868.86,6586.50,6636.83,2696953500
20181220,6607.76,6666.20,6447.91,6528.41,3030023700
20181221,6573.48,6586.68,6304.63,6333.00,4216731600
20181224,6278.49,6355.18,6190.16,6192.92,1531961100
20181226,6257.86,6555.53,6214.34,6554.36,2379814200
20181227,6457.19,6583.01,6336.97,6579.49,2246759100
20181228,6616.79,6684.18,6529.22,6584.52,2045153700
20181231,6649.52,6659.96,6570.06,6635.28,1951660800
20190102,6506.91,6693.71,6506.88,6665.94,2103474000
20190103,6584.77,6600.22,6457.13,6463.50,2424779700
20190104,6567.15,6760.69,6554.25,6738.86,2398981500
20190107,6757.54,6855.60,6741.40,6823.47,2332021500
20190108,6893.44,6909.58,6795.86,6897.00,2213669700
20190109,6923.06,6985.22,6899.56,6957.08,2253008700
20190110,6908.65,6991.37,6877.08,6986.07,2026544400
20190111,6947.46,6975.65,6933.60,6971.48,1921845000
20190114,6908.03,6936.22,6887.48,6905.92,1806255300
20190115,6931.39,7025.85,6928.12,7023.83,1895423700
20190116,7033.75,7079.63,7028.12,7034.69,1999109400
20190117,7010.13,7113.95,7003.62,7084.46,1979821200
20190118,7134.09,7185.38,7096.62,7157.23,2279653200
20190122,7109.57,7110.16,6979.81,7020.36,2214283500
20190123,7061.65,7084.85,6953.23,7025.77,2115210600
20190124,7042.25,7078.97,7029.95,7073.46,2232269700
20190125,7128.18,7174.56,7111.09,7164.86,2269981200
20190128,7075.01,7086.30,7034.25,7085.69,2264996400
20190129,7087.49,7092.29,7011.47,7028.29,1943411700
20190130,7094.79,7201.31,7065.57,7183.08,2365966500
20190131,7208.17,7303.12,7205.95,7281.74,2714400300
20190201,7256.37,7299.94,7243.41,7263.87,2216589900
20190204,7266.28,7348.23,7261.07,7347.54,1952507100
20190205,7356.34,7408.68,7355.36,7402.08,2106933600
20190206,7400.44,7410.77,7346.72,7375.28,2015430900
20190207,7316.50,7336.74,7235.05,7288.35,2134424400
20190208,7232.30,7299.44,7225.14,7298.20,1940221800
20190211,7327.37,7343.56,7290.03,7307.91,1764954000
20190212,7358.85,7419.43,7349.81,7414.62,1975626900
20190213,7437.46,7461.66,7413.84,7420.38,1947234000
20190214,7390.25,7454.42,7375.71,7426.96,1956134100
20190215,7468.57,7477.28,7440.26,7472.41,2099707500
20190219,7450.75,7507.79,7450.27,7486.77,1972334700
20190220,7490.31,7513.70,7455.25,7489.07,2029036800
20190221,7475.41,7485.75,7430.89,7459.71,1970744400
20190222,7481.63,7527.55,7479.01,7527.55,2248442400
20190225,7585.30,7602.70,7551.61,7554.46,2197720200
20190226,7535.29,7573.22,7524.31,7549.30,2099670300
20190227,7526.42,7562.30,7485.40,7554.51,2253724800
20190228,7532.34,7561.90,7516.77,7532.53,2461784400
20190301,7587.45,7603.04,7540.75,7595.35,2290766700
20190304,7636.62,7643.66,7501.56,7577.57,2389718700
20190305,7582.29,7598.66,7543.54,7576.36,1992627300
20190306,7575.38,7579.02,7499.87,7505.92,2085813300
20190307,7483.79,7489.08,7397.19,7421.46,2269981200
20190308,7334.35,7411.52,7332.92,7408.14,2088249900
20190311,7442.56,7558.23,7442.40,7558.06,2071063500
20190312,7571.85,7611.13,7560.46,7591.03,2010102000
20190313,7621.38,7677.07,7619.46,7643.41,2200705500
20190314,7644.79,7653.10,7627.02,7630.91,2024154300
20190315,7658.41,7714.96,7652.04,7688.53,3205886700
20190318,7696.38,7737.66,7677.74,7714.48,2115275700
20190319,7747.40,7767.90,7699.16,7723.95,2262838800
20190320,7721.95,7779.24,7674.04,7728.97,2254692000
20190321,7705.43,7850.11,7705.43,7838.96,2309729400
20190322,7800.25,7817.83,7642.57,7642.67,2316378900
20190325,7618.98,7662.38,7579.29,7637.54,1981113900
20190326,7700.00,7738.17,7649.21,7691.52,1924077000
20190327,7702.05,7712.84,7582.09,7643.38,2066134500
20190328,7660.07,7689.16,7619.82,7669.17,1768915800
20190329,7726.71,7733.63,7688.51,7729.32,2077127100
20190401,7800.23,7831.45,7777.09,7828.91,2044186500
20190402,7824.61,7854.92,7811.28,7848.69,1962393000
20190403,7891.18,7938.26,7870.90,7895.55,2313105300
20190404,7894.26,7917.65,7844.97,7891.78,1947606000
20190405,7914.51,7940.45,7909.14,7938.69,1998318900
20190408,7924.89,7955.90,7891.85,7953.88,1924346700
20190409,7924.77,7945.55,7897.61,7909.28,1922840100
20190410,7922.73,7965.34,7916.91,7964.24,1858400400
20190411,7975.20,7975.20,7933.41,7947.36,1819861200
20190412,7984.15,7992.09,7952.61,7984.16,1818419700
20190415,7987.16,7993.33,7933.57,7976.01,1689735600
20190416,8000.57,8017.56,7978.81,8000.23,1948656900
20190417,8044.97,8052.40,7973.38,7996.08,2130341700
20190418,7998.45,8002.31,7950.97,7998.06,1943104800
20190422,7969.37,8017.16,7965.90,8015.27,1651735800
20190423,8026.75,8128.88,8023.81,8120.82,1929815100
20190424,8122.88,8139.55,8101.70,8102.02,1880915700
20190425,8150.85,8151.84,8075.41,8118.68,1918841100
20190426,8100.28,8146.42,8060.90,8146.40,1833281100
20190429,8147.65,8176.08,8136.41,8161.85,1637832300
20190430,8104.91,8124.61,8050.55,8095.39,1967666100
20190501,8132.93,8146.00,8048.23,8049.64,2090100600
20190502,8046.48,8094.06,7976.77,8036.77,2007498000
20190503,8092.88,8164.72,8084.80,8164.00,1902817200
20190506,7981.85,8135.54,7981.85,8123.29,1828491600
20190507,8043.52,8070.97,7899.02,7963.76,2210293800
20190508,7946.24,8004.49,7923.35,7943.32,2022843000
20190509,7853.21,7929.78,7796.16,7910.59,2344316100
20190510,7881.31,7949.34,7759.34,7916.94,2220579600
20190513,7720.07,7760.83,7627.23,7647.02,2305339800
20190514,7689.66,7776.20,7665.30,7734.49,1938910500
20190515,7682.80,7838.72,7682.24,7822.15,1861422900
20190516,7832.58,7946.23,7826.68,7898.05,2011701600
20190517,7829.03,7918.71,7810.35,7816.29,1984731600
20190520,7714.06,7747.27,7678.35,7702.38,1973841300
20190521,7765.57,7804.44,7752.93,7785.72,1853685300
20190522,7749.81,7786.33,7738.36,7750.84,1750101900
20190523,7660.72,7665.15,7585.32,7628.28,2086380600
20190524,7675.57,7694.15,7631.25,7637.01,1565115600
20190528,7655.66,7693.74,7603.76,7607.35,2187983100
20190529,7553.02,7581.11,7503.95,7547.31,2119274700
20190530,7565.46,7595.90,7527.66,7567.72,1740960000
20190531,7470.95,7506.86,7448.23,7453.15,2080354200
20190603,7441.22,7457.66,7292.22,7333.02,2396535600
20190604,7413.93,7529.50,7385.02,7527.12,2203309500
20190605,7585.68,7589.47,7498.17,7575.48,1967480100
20190606,7582.24,7634.12,7546.22,7615.55,1925974200
20190607,7652.97,7767.02,7647.91,7742.10,1921398600
20190610,7798.87,7895.45,7795.76,7823.17,1905914100
20190611,7901.04,7910.00,7798.63,7822.57,1966652400
20190612,7803.13,7819.16,7773.97,7792.72,1816094700
20190613,7822.56,7848.36,7813.60,7837.13,1710204900
20190614,7807.19,7819.21,7778.13,7796.66,1678036200
20190617,7819.43,7865.98,7812.61,7845.02,1799819700
20190618,7920.98,8005.21,7911.67,7953.88,2087775600
20190619,7970.26,7998.59,7930.38,7987.32,1873094400
20190620,8087.45,8088.88,7996.87,8051.34,1909782900
20190621,8028.69,8073.02,8011.20,8031.71,2691736200
20190624,8040.58,8047.56,8004.63,8005.70,1925444100
20190625,8005.27,8007.31,7879.16,7884.72,1978398300
20190626,7933.93,7974.28,7903.07,7909.97,1957417500
20190627,7939.36,7976.58,7935.47,7967.76,1881501600
20190628,7988.76,8010.15,7961.46,8006.24,3793460700
20190701,8145.85,8150.45,8059.29,8091.16,2054277000
20190702,8086.65,8109.37,8063.11,8109.09,1810077600
20190703,8129.57,8170.23,8122.34,8170.23,1439816700
20190705,8123.28,8171.97,8093.66,8161.79,1310751300
20190708,8112.91,8112.91,8078.39,8098.38,1587807600
20190709,8061.41,8146.98,8061.32,8141.73,1736096100
20190710,8183.20,8228.60,8160.56,8202.53,1916274300
20190711,8219.29,8226.18,8171.63,8196.04,1829282100
20190712,8209.20,8245.66,8201.52,8244.15,1697129100
20190715,8263.18,8264.78,8236.27,8258.19,1659101400
20190716,8251.66,8259.75,8204.23,8222.80,1798582800
20190717,8224.00,8230.67,8184.66,8185.21,1717672800
20190718,8151.76,8215.58,8135.13,8207.24,1875168300
20190719,8241.34,8245.78,8144.63,8146.49,1747218900
20190722,8171.99,8218.42,8171.54,8204.14,1716566100
20190723,8242.50,8251.83,8193.89,8251.40,1703964600
20190724,8227.36,8321.81,8226.50,8321.50,1811221500
20190725,8294.68,8295.95,8233.40,8238.54,1881510900
20190726,8294.31,8339.64,8291.13,8330.21,1817545500
20190729,8325.10,8325.28,8247.38,8293.33,1743545400
20190730,8231.77,8295.47,8228.02,8273.61,1752399000
20190731,8290.80,8299.83,8110.02,8175.42,2480365800
20190801,8190.56,8311.04,8080.52,8111.12,2597164500
20190802,8056.42,8068.80,7953.67,8004.07,2094871500
20190805,7823.33,7836.45,7662.91,7726.04,2452168200
20190806,7804.51,7845.01,7739.57,7833.27,2047497300
20190807,7747.27,7881.38,7702.42,7862.83,2281503900
20190808,7921.59,8041.12,7896.15,8039.16,2246573100
20190809,7997.19,8020.56,7910.35,7959.14,2068626900
20190812,7907.49,7924.99,7833.88,7863.41,1912414800
20190813,7863.41,8065.24,7851.59,8016.36,2182691400
20190814,7877.33,7900.28,7762.87,7773.94,2346269100
20190815,7790.20,7805.93,7716.56,7766.62,2029808700
20190816,7828.35,7907.52,7828.35,7895.99,1855470900
20190819,8006.18,8026.75,7974.36,8002.81,1799531400
20190820,7989.36,8010.58,7948.09,7948.56,1625249400
20190821,8017.07,8036.95,7998.50,8020.21,1596224100
20190822,8038.79,8048.58,7937.13,7991.39,1653195900
20190823,7943.65,8005.34,7730.77,7751.77,2052575100
20190826,7829.58,7856.04,7789.05,7853.74,1570639800
20190827,7908.78,7916.83,7795.18,7826.95,1779796800
20190828,7798.35,7866.87,7766.67,7856.88,1540944900
20190829,7945.79,7992.29,7925.83,7973.39,1581781200
20190830,8015.16,8017.91,7914.75,7962.88,1549231200
20190903,7906.44,7940.38,7847.32,7874.16,1800675300
20190904,7949.81,7981.41,7928.94,7976.88,1758909000
20190905,8061.29,8134.42,8061.29,8116.83,1949559000
20190906,8125.58,8134.39,8098.52,8103.07,1745033400
20190909,8130.91,8131.66,8052.34,8087.44,2020183200
20190910,8049.98,8086.53,8001.68,8084.16,2197459800
20190911,8091.68,8169.68,8081.56,8169.68,2148709200
20190912,8206.59,8243.80,8176.73,8194.47,2008111800
20190913,8190.57,8210.20,8165.47,8176.71,1838396100
20190916,8121.64,8165.32,8121.25,8153.54,1738374600
20190917,8148.65,8188.23,8139.82,8186.02,1720816200
20190918,8174.62,8179.87,8086.22,8177.39,1892438400
20190919,8193.59,8237.43,8174.32,8182.88,1667211000
20190920,8184.88,8202.82,8086.16,8117.67,3124223400
20190923,8106.49,8135.81,8085.34,8112.46,1655548800
20190924,8147.23,8158.84,7969.66,7993.63,2141418000
20190925,7990.66,8095.00,7935.57,8077.38,1874201100
20190926,8070.12,8072.11,7991.02,8030.66,1704504000
20190927,8047.11,8051.83,7890.28,7939.63,1895079600
20190930,7964.09,8012.16,7949.63,7999.34,1679412600
20191001,8026.83,8062.50,7906.29,7908.69,2086594500
20191002,7851.13,7852.70,7744.96,7785.25,2320498800
20191003,7787.02,7872.27,7700.00,7872.27,1991585700
20191004,7908.44,7986.63,7899.40,7982.47,1615307700
20191007,7956.41,8013.32,7942.08,7956.29,1617688500
20191008,7898.27,7921.88,7823.73,7823.78,1798229400
20191009,7895.97,7930.91,7873.52,7903.74,1445127000
20191010,7904.56,7982.84,7899.81,7950.78,1654228200
20191011,8047.34,8115.80,8046.80,8057.04,2023754400
20191014,8044.35,8069.85,8036.41,8048.65,1320348900
20191015,8074.85,8166.18,8071.81,8148.71,1708084500
20191016,8119.81,8146.15,8103.38,8124.18,1754649600
20191017,8176.91,8183.64,8131.25,8156.85,1731260100
20191018,8149.85,8157.36,8045.38,8089.54,1872024900
20191021,8137.42,8164.14,8117.26,8162.99,1630159800
20191022,8188.12,8194.62,8101.98,8104.30,1717896000
20191023,8090.24,8122.89,8078.35,8119.79,1678677900
20191024,8180.04,8187.84,8137.66,8185.80,1750715700
20191025,8150.59,8249.97,8150.59,8243.12,1762108200
20191028,8285.77,8335.57,8285.27,8325.99,1819340400
20191029,8313.35,8319.29,8275.14,8276.85,1706112900
20191030,8284.28,8315.50,8241.70,8303.98,1793430600
20191031,8314.38,8321.80,8248.81,8292.36,2100191100
20191101,8335.05,8386.75,8326.56,8386.40,1913298300
20191104,8445.50,8451.37,8421.30,8433.20,1999416300
20191105,8446.62,8457.40,8421.06,8434.68,2154540300
20191106,8426.57,8426.57,8379.33,8410.63,2169364500
20191107,8455.11,8483.16,8415.87,8434.52,2226373500
20191108,8422.66,8475.57,8405.89,8475.31,1835996700
20191111,8431.27,8467.29,8425.48,8464.28,1595387100
20191112,8471.07,8514.84,8462.99,8486.09,1848672600
20191113,8455.02,8496.90,8451.34,8482.10,2021187600
20191114,8461.06,8485.36,8441.58,8479.02,1959091500
20191115,8524.48,8540.83,8506.80,8540.83,2035035300
20191118,8529.16,8559.78,8503.63,8549.94,1903933200
20191119,8578.02,8589.76,8536.73,8570.66,1929750000
20191120,8543.57,8578.27,8468.63,8526.73,2414307900
20191121,8527.88,8530.73,8487.29,8506.21,1912293900
20191122,8530.54,8535.46,8477.49,8519.89,1745693700
20191125,8559.65,8633.15,8559.65,8632.49,2098145100
20191126,8635.40,8659.73,8625.63,8647.93,2264150100
20191127,8669.59,8705.91,8662.58,8705.18,1622459400
20191129,8682.01,8697.32,8664.03,8665.47,1022153700
20191202,8672.85,8672.85,8540.16,8567.99,2070124200
20191203,8460.72,8523.98,8435.40,8520.64,2146998000
20191204,8557.45,8584.88,8552.38,8566.67,2000132400
20191205,8587.93,8588.89,8541.92,8570.70,1974743400
20191206,8634.25,8665.44,8630.57,8656.53,1909782900
20191209,8650.86,8678.85,8619.77,8621.83,1942323600
20191210,8623.56,8650.76,8600.82,8616.18,1909652700
20191211,8631.13,8658.48,8622.36,8654.05,1802200500
20191212,8645.36,8745.82,8633.61,8717.32,2221091100
20191213,8713.91,8768.87,8697.58,8734.88,2035509600
20191216,8791.31,8833.45,8789.77,8814.23,2182049700
20191217,8829.47,8831.99,8804.60,8823.36,2207931600
20191218,8834.65,8848.76,8820.42,8827.73,2536919100
20191219,8838.97,8888.13,8838.97,8887.22,2246833500
20191220,8911.84,8931.91,8901.87,8924.96,3557677800
20191223,8950.20,8956.64,8934.55,8945.65,1883668500
20191224,8955.02,8957.13,8934.36,8952.88,943503600
20191226,8970.21,9022.46,8968.46,9022.39,1520475600
20191227,9049.47,9052.00,8987.32,9006.62,1703946000
20191230,9004.45,9006.36,8909.20,8945.99,1899450600
20191231,8918.74,8975.35,8912.77,8972.60,2030004000
20200102,9039.46,9093.43,9010.89,9092.19,2648984100
20200103,8976.43,9065.76,8976.43,9020.77,2387682000
20200106,8943.50,9072.41,8943.50,9071.47,2592951600
20200107,9076.65,9091.93,9042.56,9068.58,2188150500
20200108,9068.03,9168.89,9059.38,9129.24,2291603700
20200109,9202.27,9215.95,9158.50,9203.43,2357271000
20200110,9232.95,9235.20,9164.66,9178.86,2212460700
20200113,9213.72,9274.49,9193.06,9273.93,2353151100
20200114,9270.61,9298.33,9226.49,9251.33,2364218100
20200115,9253.76,9298.82,9231.14,9258.70,2265154500
20200116,9313.45,9357.93,9301.32,9357.13,2140302000
20200117,9392.37,9393.48,9346.81,9388.94,2346083100
20200121,9361.07,9397.58,9350.20,9370.81,2496622200
20200122,9413.61,9439.29,9375.13,9383.77,2277932700
20200123,9377.72,9409.20,9334.13,9402.48,2287846500
20200124,9446.21,9451.43,9273.23,9314.91,2428890300
20200127,9092.47,9185.45,9088.04,9139.31,2402496900
20200128,9201.82,9288.87,9182.33,9269.68,2006781900
20200129,9318.26,9329.11,9249.03,9275.16,2067836400
20200130,9211.15,9303.00,9185.18,9298.93,2170155000
20200131,9324.32,9324.80,9123.22,9150.94,2497831200
20200203,9190.72,9299.85,9188.56,9273.40,2251074300
20200204,9398.39,9485.38,9374.06,9467.97,2274240600
20200205,9574.10,9574.94,9454.93,9508.68,2290097100
20200206,9540.98,9575.66,9505.68,9572.15,2108589000
20200207,9526.65,9570.09,9496.53,9520.51,2081963100
20200210,9493.63,9628.66,9493.63,9628.39,2026758300
20200211,9680.89,9714.74,9617.21,9638.94,2254013100
20200212,9688.60,9728.77,9666.68,9725.96,2190150000
20200213,9657.04,9748.32,9650.02,9711.97,2082521100
20200214,9728.91,9746.36,9693.05,9731.18,2066683200
20200218,9679.04,9747.68,9675.80,9732.74,2114317800
20200219,9782.81,9838.37,9777.10,9817.18,2290152900
20200220,9799.20,9820.86,9636.94,9750.97,2544117300
20200221,9708.01,9715.95,9542.33,9576.59,2550999300
20200224,9188.44,9322.88,9166.01,9221.28,2954610000
20200225,9301.20,9315.26,8940.49,8965.61,3332562000
20200226,9011.55,9148.32,8927.80,8980.77,3318081900
20200227,8744.03,8904.11,8562.05,8566.48,3627697500
20200228,8269.74,8591.82,8264.16,8567.37,4930088100
20200302,8667.15,8952.81,8543.35,8952.17,3936466800
20200303,8965.10,9070.32,8602.90,8684.09,4033131000
20200304,8834.10,9019.96,8757.66,9018.09,3350669100
20200305,8790.09,8921.08,8677.39,8738.59,3485723700
20200306,8469.02,8612.36,8375.13,8575.62,3980260500
20200309,7957.93,8243.31,7943.16,7950.68,4213225500
20200310,8219.76,8347.40,7930.43,8344.25,4121694900
20200311,8136.25,8181.36,7850.94,7952.05,3974717700
20200312,7398.58,7712.33,7194.67,7201.80,4711872900
20200313,7610.39,7875.93,7219.09,7874.88,4357877700
20200316,7392.73,7422.20,6882.86,6904.59,4272754800
20200317,7072.00,7406.23,6828.91,7334.78,4557000000
20200318,6902.32,7182.83,6686.35,6989.84,4548462600
20200319,6996.45,7341.38,6858.38,7150.58,4428818100
20200320,7248.07,7354.44,6854.67,6879.52,4873144200
20200323,6847.28,6984.94,6631.42,6860.67,4027467300
20200324,7196.15,7418.38,7169.86,7417.86,4108163400
20200325,7421.36,7671.21,7276.40,7384.30,4339789200
20200326,7462.21,7809.82,7462.21,7797.54,3719860500
20200327,7554.25,7716.24,7491.14,7502.38,3698619300
20200330,7583.46,7784.35,7539.97,7774.15,3577617000
20200331,7740.06,7880.31,7642.86,7700.10,3775521000
20200401,7459.50,7566.37,7301.98,7360.58,3427524300
20200402,7317.45,7501.70,7307.94,7487.31,3355616700
20200403,7477.27,7518.72,7288.11,7373.08,3049563000
20200406,7660.18,7938.33,7617.78,7913.24,3579663000
20200407,8129.99,8146.43,7881.22,7887.26,3784551300
20200408,7975.72,8114.43,7901.94,8090.90,3227778900
20200409,8169.01,8227.91,8072.32,8153.57,3835013100
20200413,8127.69,8200.44,8035.94,8192.42,2926579800
20200414,8353.22,8531.11,8338.09,8515.74,3471522600
20200415,8355.96,8464.66,8308.79,8393.18,3100387500
20200416,8479.11,8560.16,8393.27,8532.36,3716159100
20200417,8667.48,8670.30,8531.69,8650.14,4031568600
20200420,8553.38,8684.91,8553.38,8560.73,3531163500
20200421,8460.69,8480.29,8215.69,8263.23,3493349700
20200422,8434.55,8537.31,8404.54,8495.38,2813305800
20200423,8528.84,8635.23,8475.20,8494.75,3473289600
20200424,8530.08,8642.93,8464.42,8634.52,3416048100
20200427,8717.98,8754.57,8697.38,8730.16,3420967800
20200428,8825.68,8830.57,8600.70,8607.73,3448012200
20200429,8802.70,8957.27,8765.01,8914.71,4072042200
20200430,8911.01,8926.11,8825.83,8889.55,4014233400
20200501,8681.29,8754.46,8566.84,8604.95,3461943600
20200504,8555.32,8715.82,8537.83,8710.72,3182599500
20200505,8809.66,8909.97,8781.31,8809.12,3639424800
20200506,8874.69,8933.25,8819.37,8854.39,3366627900
20200507,8973.78,9015.99,8932.85,8979.66,3498725100
20200508,9056.89,9125.98,9018.21,9121.32,3512926200
20200511,9054.91,9241.92,9053.18,9192.34,3625781700
20200512,9225.15,9250.96,9000.07,9002.55,4013015100
20200513,9006.05,9074.16,8752.68,8863.17,3947022300
20200514,8788.04,8945.71,8705.25,8943.72,3668924400
20200515,8839.99,9018.40,8821.38,9014.56,3897501353
20200518,9177.15,9267.22,9154.35,9234.83,4016460934
20200519,9227.46,9317.25,9183.25,9185.10,3873887239
20200520,9305.62,9392.82,9304.20,9375.78,3997390815
20200521,9375.19,9405.25,9254.85,9284.88,3422355653
20200522,9278.55,9328.28,9239.41,9324.59,3404152712
20200526,9501.21,9501.21,9333.16,9340.22,4139962656
20200527,9346.12,9414.62,9144.28,9412.36,4086754249
20200528,9393.00,9523.65,9345.28,9368.99,3710189558
20200529,9382.35,9505.55,9324.73,9489.87,4293493244
20200601,9471.42,9571.28,9462.32,9552.05,3535655436
20200602,9566.53,9611.22,9472.09,9608.38,3639728975
20200603,9651.86,9707.78,9627.18,9682.91,4288770222
20200604,9649.65,9716.14,9560.41,9615.81,5670147461
20200605,9703.54,9845.69,9685.35,9814.08,6186498818
20200608,9823.44,9927.13,9780.61,9924.75,5790671059
20200609,9867.19,10002.50,9863.27,9953.75,4832511070
20200610,10012.32,10086.89,9962.58,10020.35,4683898185
20200611,9791.23,9868.08,9491.31,9492.73,4800289902
20200612,9715.87,9768.64,9413.62,9588.81,3884728093
20200615,9426.90,9756.07,9403.00,9726.02,4102383169
20200616,9949.78,9963.63,9748.38,9895.87,4219079237
20200617,9943.31,9991.21,9891.81,9910.53,3969901405
20200618,9892.48,9959.20,9885.66,9943.05,4061730755
20200619,10042.13,10053.91,9872.94,9946.12,5743573092
20200622,9945.49,10059.60,9916.60,10056.47,4243715664
20200623,10130.83,10221.85,10112.44,10131.37,5459968115
20200624,10092.92,10137.50,9842.23,9909.17,5130103706
20200625,9899.36,10023.28,9810.47,10017.00,4430364919
20200626,9995.12,10000.67,9749.07,9757.22,6917298116
20200629,9771.72,9877.34,9663.61,9874.15,3977526702
20200630,9875.28,10085.59,9863.67,10058.77,4140276678
20200701,10063.67,10197.19,10048.04,10154.63,4250112461
20200702,10268.67,10310.36,10194.06,10207.63,3729428699
20200706,10360.38,10462.05,10354.98,10433.65,4234269782
20200707,10412.47,10518.98,10337.98,10343.89,4009101659
20200708,10409.35,10494.64,10350.96,10492.50,3719026902
20200709,10563.72,10578.10,10379.91,10547.75,3652269821
20200710,10545.91,10622.35,10447.01,10617.44,3238864347
20200713,10729.92,10824.78,10368.04,10390.84,4387823415
20200714,10310.25,10497.84,10182.46,10488.58,3931614586
20200715,10576.72,10604.67,10420.54,10550.49,4243007728
20200716,10443.88,10499.79,10364.40,10473.83,3896261822
20200717,10500.52,10532.62,10421.20,10503.19,4056529236
20200720,10526.02,10783.81,10488.04,10767.09,3997800437
20200721,10837.88,10839.93,10650.47,10680.36,4996449915
20200722,10687.58,10745.32,10627.45,10706.13,3803324665
20200723,10689.50,10728.12,10407.87,10461.42,4092997258
20200724,10294.41,10418.75,10217.31,10363.18,3790576894
20200727,10421.70,10546.44,10399.86,10536.27,3943464340
20200728,10509.19,10523.64,10397.88,10402.09,3630166407
20200729,10474.70,10567.91,10464.00,10542.94,3749402726
20200730,10450.12,10609.59,10412.09,10587.81,3768667136
20200731,10741.47,10747.81,10557.70,10745.27,4007633530
20200803,10848.64,10927.56,10831.15,10902.80,3872645780
20200804,10897.89,10941.91,10852.90,10941.17,3740307735
20200805,10967.87,11002.11,10943.72,10998.40,3850757303
20200806,10989.98,11121.19,10963.41,11108.07,3695392789
20200807,11072.53,11126.04,10920.37,11010.98,3887130580
20200810,11033.73,11040.25,10849.46,10968.36,3727048963
20200811,10942.66,10989.42,10762.71,10782.82,3939006881
20200812,10878.12,11036.72,10877.16,11012.24,3394171867
20200813,11026.86,11124.85,11007.50,11042.50,3151120928
20200814,11042.24,11058.44,10972.06,11019.30,3186855526
20200817,11083.25,11144.53,11080.30,11129.73,2934148628
20200818,11170.75,11230.62,11103.84,11210.84,2990075492
20200819,11214.80,11257.42,11132.10,11146.46,3219259187
20200820,11096.40,11283.62,11090.03,11264.95,3985622429
20200821,11258.44,11326.22,11245.44,11311.80,3661566419
20200824,11449.25,11462.05,11297.53,11379.72,3628009492
20200825,11370.23,11468.26,11343.04,11466.47,3207095242
20200826,11516.62,11672.05,11507.46,11665.06,3120816547
20200827,11688.19,11730.02,11551.01,11625.34,3160625795
20200828,11689.28,11708.77,11634.77,11695.63,2753365839
20200831,11718.81,11829.84,11697.41,11775.46,3272695194
20200901,11850.97,11945.72,11794.78,11939.67,3181911386
20200902,12047.27,12074.07,11836.18,12056.44,3588617506
20200903,11861.90,11894.40,11361.35,11458.10,3894318668
20200904,11396.24,11531.18,10875.87,11313.13,3660002489
20200908,10900.69,11131.50,10837.20,10847.69,3425488935
20200909,11064.77,11217.69,10970.44,11141.56,3164138469
20200910,11235.53,11299.53,10875.02,10919.59,3402191142
20200911,11010.07,11033.05,10728.03,10853.54,3184771438
20200914,11010.15,11118.28,10982.26,11056.65,3421973922
20200915,11193.96,11244.46,11127.98,11190.32,3440703818
20200916,11222.08,11245.41,11046.43,11050.47,3310057893
20200917,10796.05,10974.45,10783.81,10910.28,3279778118
20200918,10973.45,10977.68,10639.95,10793.28,5217782638
20200921,10610.14,10782.74,10519.49,10778.80,3459983339
20200922,10873.30,10979.65,10737.52,10963.64,3159083180
20200923,10950.82,10962.03,10612.91,10632.99,3616142712
20200924,10551.02,10799.55,10520.22,10672.27,3602460156
20200925,10680.46,10939.55,10639.98,10913.56,3384321728
20200928,11084.38,11120.80,11019.14,11117.53,3234485266
20200929,11109.00,11153.23,11065.63,11085.25,3067835620
20200930,11092.90,11277.97,11092.90,11167.51,3802294440
20201001,11291.99,11344.13,11240.53,11326.51,3539333476
20201002,11082.53,11244.87,11033.69,11075.02,3217046731
20201005,11169.10,11335.21,11162.52,11332.49,3275052100
20201006,11314.53,11392.41,11124.44,11154.60,3938387756
20201007,11271.68,11380.56,11258.35,11364.60,3522926746
20201008,11443.35,11448.23,11384.33,11420.98,3214154601
20201009,11487.60,11581.23,11476.66,11579.94,3201252317
20201012,11732.32,11965.54,11704.13,11876.26,3492455135
20201013,11901.76,11946.98,11821.83,11863.90,3233817682
20201014,11889.07,11939.92,11714.35,11768.73,3027320303
20201015,11559.88,11740.68,11559.10,11713.87,2886180124
20201016,11761.83,11827.42,11648.53,11671.56,2738456215
20201019,11732.34,11778.10,11454.57,11478.88,3110428233
20201020,11531.83,11632.89,11471.23,11516.49,3133415792
20201021,11530.40,11613.79,11476.08,11484.69,3084796355
20201022,11526.98,11548.77,11369.29,11506.01,3034881595
20201023,11536.00,11548.85,11434.86,11548.28,2841729597
20201026,11440.64,11545.63,11221.06,11358.94,2798400318
20201027,11409.34,11465.06,11361.86,11431.35,2784803899
20201028,11230.90,11249.95,10999.07,11004.87,3420784949
20201029,11064.47,11287.63,11030.19,11185.59,2773968465
20201030,11103.47,11129.81,10822.57,10911.59,3114225529
20201102,11010.45,11071.08,10830.94,10957.61,2764846482
20201103,11038.66,11213.92,11004.84,11160.57,2776257564
20201104,11443.77,11663.30,11394.21,11590.78,3014166979
20201105,11816.33,11924.28,11784.15,11890.93,3267658431
20201106,11869.90,11920.53,11737.13,11895.23,3724043458
20201109,12046.66,12108.07,11703.49,11713.78,5201559717
20201110,11622.44,11665.87,11424.61,11553.86,4183765972
20201111,11656.65,11793.57,11638.90,11786.43,3473099545
20201112,11802.50,11847.84,11666.37,11709.59,3399639006
20201113,11794.94,11849.78,11715.52,11829.29,3095879355
20201116,11847.11,11937.72,11814.89,11924.13,3652369343
20201117,11913.35,11950.18,11852.41,11899.34,3596484279
20201118,11896.06,11942.49,11799.96,11801.60,4242012399
20201119,11779.03,11912.64,11760.98,11904.71,3775796525
20201120,11892.70,11935.47,11852.51,11854.97,4855536014
20201123,11916.76,11949.33,11796.53,11880.63,4943970876
20201124,11939.34,12049.88,11863.45,12036.79,5740271846
20201125,12053.89,12114.77,12020.95,12094.40,3981551969
20201127,12159.18,12236.23,12154.57,12205.85,3076087978
20201130,12224.25,12244.65,12027.16,12198.74,6094241248
20201201,12313.36,12405.79,12263.93,12355.11,4877718305
20201202,12285.75,12360.06,12217.35,12349.37,4730115949
20201203,12369.26,12439.02,12356.99,12377.18,4735110985
20201204,12399.32,12464.23,12376.44,12464.23,4508564533
20201207,12461.00,12536.23,12460.55,12519.95,4196547314
20201208,12503.17,12594.54,12453.21,12582.77,4242261918
20201209,12591.69,12607.14,12290.78,12338.95,4435196026
20201210,12247.55,12431.56,12214.74,12405.81,3890508170
20201211,12336.79,12383.50,12246.77,12377.87,3655351755
20201214,12447.44,12543.00,12432.71,12440.04,3885780494
20201215,12543.26,12596.13,12465.42,12595.06,3802631650
20201216,12611.03,12687.32,12566.38,12658.19,3883291133
20201217,12730.78,12765.25,12696.35,12764.75,4273308816
20201218,12804.93,12809.60,12654.60,12755.64,6115155391
20201221,12596.15,12751.27,12525.22,12742.52,4455037453
20201222,12785.22,12840.57,12695.31,12807.92,5088700398
20201223,12834.94,12841.92,12758.67,12771.11,6477399014
20201224,12791.54,12833.55,12767.64,12804.73,2884842047
20201228,12914.64,12930.89,12827.44,12899.42,4408150145
20201229,12965.39,12973.33,12821.97,12850.22,4149362887
20201230,12906.51,12924.93,12857.76,12870.00,4792449211
20201231,12877.09,12902.07,12821.23,12888.28,4207943249
20210104,12958.52,12958.73,12543.24,12698.45,5812874674
20210105,12665.65,12828.27,12665.65,12818.96,6353631191
20210106,12666.15,12909.63,12649.99,12740.79,6860921693
20210107,12867.34,13090.91,12867.34,13067.48,6098048265
20210108,13160.22,13208.09,13036.55,13201.98,6427574247
20210111,13048.78,13138.27,12999.52,13036.43,6185025186
20210112,13062.06,13105.04,12963.92,13072.43,6384745553
20210113,13088.01,13171.14,13051.07,13128.95,6196080349
20210114,13174.75,13220.16,13098.41,13112.64,5750742325
20210115,13099.90,13139.83,12949.76,12998.50,5577654006
20210119,13132.73,13206.86,13078.70,13197.18,5554679873
20210120,13342.55,13486.13,13329.77,13457.25,6055274875
20210121,13521.48,13560.35,13454.07,13530.92,6208328723
20210122,13474.81,13567.14,13463.66,13543.06,5239670852
20210125,13681.21,13728.98,13368.68,13635.99,6156673262
20210126,13681.72,13702.69,13603.19,13626.06,5970580496
20210127,13486.57,13538.42,13192.91,13270.60,7153282514
20210128,13323.30,13507.64,13316.52,13337.16,5859547696
20210129,13284.72,13322.00,12985.05,13070.69,6957405410
20210201,13226.18,13431.46,13132.47,13403.39,5239558738
20210202,13543.10,13652.69,13535.86,13612.78,6468920206
20210203,13718.32,13723.83,13585.34,13610.54,6696933994
20210204,13674.06,13778.42,13631.62,13777.74,6409119930
20210205,13824.88,13878.16,13761.66,13856.30,5844665731
20210208,13937.06,13987.74,13894.15,13987.64,7677354907
20210209,13966.82,14044.94,13966.56,14007.70,6653080398
20210210,14093.35,14109.12,13845.47,13972.53,7081567327
20210211,14045.22,14058.91,13916.85,14025.77,6952758656
20210212,13979.21,14102.04,13937.72,14095.47,5474055928
20210216,14152.22,14175.12,13995.45,14047.50,6782320085
20210217,13911.65,13976.43,13804.26,13965.50,6296415690
20210218,13814.67,13905.96,13714.35,13865.36,5495378361
20210219,13929.20,13985.58,13842.60,13874.46,5854647945
20210222,13714.20,13757.06,13530.96,13533.05,5472506219
20210223,13262.61,13526.09,13003.98,13465.20,6135815387
20210224,13400.25,13607.36,13286.59,13597.97,4816254109
20210225,13512.64,13602.86,13066.38,13119.43,5065627725
20210226,13232.90,13368.06,13024.53,13192.35,4548582332
20210301,13406.16,13596.59,13362.66,13588.83,4113388734
20210302,13599.45,13601.33,13352.00,13358.79,4003209415
20210303,13336.25,13372.52,12995.07,12997.75,4394078869
20210304,12953.99,13068.71,12553.96,12723.47,6196858797
20210305,12860.04,12941.22,12397.05,12920.15,6193222225
20210308,12904.27,13001.00,12599.23,12609.16,4949555315
20210309,12923.07,13151.54,12882.49,13073.82,5239948966
20210310,13234.73,13277.11,13035.44,13068.83,4770953848
20210311,13273.31,13433.62,13246.33,13398.67,5004136771
20210312,13222.81,13324.69,13158.72,13319.86,4322472873
20210315,13323.47,13460.35,13272.50,13459.71,5081024226
20210316,13523.17,13620.71,13397.09,13471.57,4515949527
20210317,13336.91,13595.00,13272.69,13525.20,4421599579
20210318,13349.20,13384.46,13101.92,13116.17,4554344954
20210319,13119.90,13252.37,13039.45,13215.24,6031258676
20210322,13278.78,13455.65,13278.78,13377.54,4240286105
20210323,13381.43,13405.15,13202.43,13227.70,4524570918
20210324,13289.24,13292.92,12961.35,12961.89,4613822410
20210325,12844.58,13021.86,12786.81,12977.68,4443185709
20210326,12996.03,13149.55,12878.72,13138.72,4224808116
20210329,13103.97,13143.41,12968.16,13059.65,3927987698
20210330,13008.81,13075.75,12922.57,13045.39,3635254668
20210331,13122.57,13325.54,13118.38,13246.87,4118512023
20210401,13414.33,13487.08,13404.18,13480.11,3632937522
20210405,13594.90,13720.58,13582.76,13705.59,3696295583
20210406,13681.67,13776.71,13674.28,13698.38,3258848409
20210407,13675.30,13733.03,13653.58,13688.84,3334618581
20210408,13796.89,13830.14,13758.71,13829.31,3333772017
20210409,13787.02,13905.41,13748.35,13900.19,3148118876
20210412,13854.44,13877.00,13783.94,13850.00,3472428501
20210413,13902.45,14011.51,13902.45,13996.10,3452154449
20210414,14004.07,14033.63,13839.04,13857.84,3251533467
20210415,13983.23,14049.13,13970.42,14038.76,3530531400
20210416,14059.11,14062.50,13977.05,14052.34,3335039179
20210419,13984.58,14041.78,13842.57,13914.77,3353612007
20210420,13894.46,13927.67,13698.67,13786.27,3386122952
20210421,13745.77,13951.35,13706.86,13950.22,3204735778
20210422,13952.57,14015.87,13771.04,13818.41,3612145495
20210423,13861.37,14062.74,13856.83,14016.81,3694614169
20210426,14052.38,14154.03,14019.50,14138.78,3779359613
20210427,14170.91,14171.24,14064.28,14090.22,3859530791
20210428,14082.78,14133.66,14034.70,14051.03,3767372980
20210429,14204.51,14211.57,13952.80,14082.55,4144305345
20210430,13970.73,14084.76,13941.63,13962.68,4147512913
20210503,14031.77,14042.12,13881.51,13895.12,4103000448
20210504,13774.51,13795.57,13485.59,13633.50,5007707097
20210505,13731.13,13753.05,13553.93,13582.42,3853147015
20210506,13557.83,13635.73,13439.39,13632.84,4084070335
20210507,13723.09,13828.62,13690.75,13752.24,3649834623
20210510,13687.59,13687.93,13401.75,13401.86,3860245731
20210511,13115.86,13423.31,13107.67,13389.43,3700328603
20210512,13215.49,13288.61,13002.54,13031.68,3542869904
20210513,13150.94,13247.87,13007.24,13124.99,3587746531
20210514,13255.65,13460.88,13242.97,13429.98,3186765928
20210517,13368.80,13399.17,13265.40,13379.05,3192149761
20210518,13416.90,13485.34,13299.93,13303.64,3561588515
20210519,13078.19,13304.61,13072.23,13299.74,3452741655
20210520,13356.63,13563.52,13355.71,13535.74,3189559592
20210521,13616.19,13616.58,13463.27,13470.99,2928942144
20210524,13557.21,13708.85,13551.01,13661.17,2809988437
20210525,13721.54,13751.14,13631.80,13657.17,3420633290
20210526,13693.94,13750.16,13679.59,13738.00,3438865738
20210527,13742.58,13776.52,13701.63,13736.28,4156450513
20210528,13792.05,13820.87,13747.61,13748.74,3731313751
20210601,13829.05,13836.17,13678.77,13736.48,3426973088
20210602,13743.24,13775.89,13689.74,13756.33,4169954461
20210603,13655.75,13684.13,13548.93,13614.51,4564587590
20210604,13697.25,13826.82,13692.01,13814.49,3518482619
20210607,13802.82,13889.11,13784.89,13881.72,3706384533
20210608,13946.32,13981.72,13831.98,13924.91,3980214195
20210609,13980.23,14003.50,13906.45,13911.75,3962579584
20210610,13933.88,14031.19,13904.40,14020.33,3659821267
20210611,14030.85,14069.43,14006.59,14069.42,3030623007
20210614,14083.47,14175.45,14056.67,14174.14,3199117636
20210615,14166.64,14171.02,14052.16,14072.86,3247116138
20210616,14085.55,14129.69,13903.73,14039.68,3247014215
20210617,13999.13,14196.21,13998.93,14161.35,3256147672
20210618,14096.93,14129.21,14009.04,14030.38,4594485938
20210621,14047.42,14150.78,13960.04,14141.48,3268820896
20210622,14138.29,14269.77,14121.00,14253.27,3025625271
20210623,14263.38,14317.66,14246.30,14271.73,3193899582
20210624,14357.27,14414.46,14333.70,14369.71,3082511693
20210625,14400.81,14409.08,14337.65,14360.39,5678936511
20210628,14417.81,14505.19,14417.20,14500.51,3052036137
20210629,14509.19,14535.97,14471.38,14528.33,3618049236
20210630,14509.85,14526.81,14478.06,14503.95,3872890283
20210701,14493.69,14533.55,14439.40,14522.38,3321877050
20210702,14582.98,14649.11,14555.34,14639.33,2925282210
20210706,14661.55,14687.00,14529.80,14663.64,3350290093
20210707,14753.41,14755.33,14580.80,14665.06,3412916259
20210708,14409.20,14610.06,14371.59,14559.79,3492621365
20210709,14578.43,14710.20,14552.26,14701.92,2947229266
20210712,14743.86,14761.08,14672.63,14733.24,2939557983
20210713,14715.13,14803.68,14660.19,14677.65,3305581362
20210714,14780.90,14790.55,14632.95,14644.95,3379869447
20210715,14635.78,14650.38,14451.80,14543.13,3339301189
20210716,14597.51,14623.02,14413.32,14427.24,3028254237
20210719,14235.98,14313.60,14178.66,14274.98,3242272302
20210720,14330.46,14555.75,14271.23,14498.88,3605514675
20210721,14508.75,14633.14,14498.66,14631.95,3085354859
20210722,14652.72,14694.19,14617.87,14684.60,2530795546
20210723,14753.06,14846.06,14698.77,14836.99,2945163252
20210726,14821.03,14863.65,14790.49,14840.71,3285844658
20210727,14807.95,14811.08,14503.76,14660.58,3174689711
20210728,14715.66,14798.88,14645.64,14762.58,3098609591
20210729,14771.17,14833.74,14761.38,14778.26,2955447434
20210730,14615.85,14728.79,14615.85,14672.68,2779317721
20210802,14758.61,14770.41,14665.67,14681.07,2795795401
20210803,14714.00,14762.60,14584.09,14761.29,3135964105
20210804,14747.21,14812.38,14734.12,14780.53,3211141318
20210805,14794.09,14896.48,14776.03,14895.12,2911627169
20210806,14864.22,14890.18,14788.59,14835.76,3149407144
20210809,14855.75,14883.81,14802.69,14860.18,3068509151
20210810,14887.75,14894.61,14754.48,14788.09,2927181387
20210811,14834.38,14842.50,14692.41,14765.13,2858281970
20210812,14751.36,14824.30,14698.94,14816.26,2772133427
20210813,14825.07,14850.61,14797.22,14822.90,2749382039
20210816,14771.53,14794.68,14610.02,14793.76,2883249318
20210817,14670.56,14716.95,14550.88,14656.18,2776702360
20210818,14636.25,14697.25,14516.30,14525.91,2543775682
20210819,14423.16,14610.76,14423.16,14541.79,2924014144
20210820,14571.53,14722.16,14571.53,14714.66,2687397332
20210823,14776.98,14963.46,14776.98,14942.65,2723948884
20210824,14978.14,15034.89,14965.54,15019.80,2788390466
20210825,15039.03,15059.43,15011.58,15041.86,2558683959
20210826,15025.17,15059.63,14939.56,14945.81,2593774235
20210827,14969.77,15144.48,14966.52,15129.50,2828258184
20210830,15165.95,15288.08,15165.12,15265.89,2516076650
20210831,15262.88,15278.96,15202.67,15259.24,2921472682
20210901,15308.98,15379.50,15302.11,15309.38,2661841538
20210902,15358.47,15380.07,15285.35,15331.18,2794975030
20210903,15313.41,15375.57,15283.67,15363.52,2270541765
20210907,15375.98,15403.44,15343.28,15374.33,2471899288
20210908,15360.35,15360.35,15206.61,15286.64,2387637438
20210909,15296.06,15352.38,15245.18,15248.25,2551808900
20210910,15332.92,15349.47,15111.31,15115.49,3207906844
20210913,15211.43,15215.44,15030.85,15105.58,3240052447
20210914,15168.45,15181.19,15008.30,15037.76,3157548381
20210915,15071.34,15174.38,14984.68,15161.53,2952665363
20210916,15120.09,15205.50,15047.14,15181.92,2364408463
20210917,15163.36,15166.56,14998.73,15043.97,4519162717
20210920,14758.14,14841.82,14530.07,14713.90,3261017015
20210921,14803.36,14847.03,14696.47,14746.40,2730547310
20210922,14800.59,14950.12,14767.02,14896.85,2908739271
20210923,14960.00,15085.44,14932.52,15052.24,2579786849
20210924,14961.62,15067.56,14946.57,15047.70,2770230217
20210927,14954.18,15003.16,14864.96,14969.97,3150444821
20210928,14787.21,14817.74,14539.88,14546.68,3400001814
20210929,14614.88,14676.62,14493.67,14512.44,3652983343
20210930,14582.60,14632.36,14444.30,14448.58,3165502868
20211001,14494.93,14606.82,14324.01,14566.70,3179649650
20211004,14493.13,14499.73,14181.69,14255.48,3052244265
20211005,14312.86,14508.65,14299.78,14433.83,2791414762
20211006,14289.45,14509.55,14259.07,14501.91,3012489372
20211007,14631.80,14755.72,14615.14,14654.02,2727822484
20211008,14694.72,14699.91,14569.68,14579.54,2418201536
20211011,14540.08,14665.99,14482.62,14486.20,2310298407
20211012,14539.09,14552.71,14441.60,14465.92,2521292555
20211013,14537.17,14589.28,14471.88,14571.63,2564598105
20211014,14717.50,14827.55,14699.52,14823.43,2713855675
20211015,14891.24,14904.98,14847.96,14897.34,3109141468
20211018,14839.74,15026.68,14833.28,15021.81,2729010238
20211019,15073.13,15137.86,15049.73,15129.09,2796611594
20211020,15160.00,15178.39,15071.15,15121.68,2660946449
20211021,15104.80,15222.25,15094.14,15215.70,2924636121
20211022,15158.07,15193.02,15021.02,15090.20,3814010186
20211025,15142.92,15259.63,15070.75,15226.71,4220646326
20211026,15317.50,15384.00,15198.23,15235.71,5205386441
20211027,15276.00,15364.54,15235.84,15235.84,4101435524
20211028,15304.74,15452.30,15290.30,15448.12,3593318661
20211029,15323.29,15504.12,15323.29,15498.39,3669036516
20211101,15541.26,15598.95,15470.82,15595.92,3561714802
20211102,15583.98,15656.61,15569.27,15649.60,3395775860
20211103,15658.52,15821.57,15616.44,15811.58,3590939433
20211104,15849.74,15966.09,15827.66,15940.31,3542354095
20211105,16003.56,16053.39,15900.78,15971.59,3841047132
20211108,15995.72,16038.23,15961.80,15982.36,4094811659
20211109,16024.13,16035.21,15836.68,15886.54,3579896222
20211110,15753.84,15867.24,15543.68,15622.71,3197055297
20211111,15752.08,15768.03,15695.77,15704.28,2726110289
20211112,15752.62,15874.57,15705.38,15860.96,3547275433
20211115,15894.82,15918.45,15778.31,15853.85,3208107045
20211116,15840.32,15989.61,15825.00,15973.86,3385083821
20211117,15973.62,15998.57,15909.39,15921.57,2949904911
20211118,15973.39,16010.88,15848.83,15993.71,3275127367
20211119,16042.16,16121.12,16017.23,16057.44,3056478268
20211122,16120.93,16212.23,15851.04,15854.76,3464406871
20211123,15809.50,15895.86,15601.46,15775.14,3298279947
20211124,15677.88,15848.56,15591.36,15845.23,2415644666
20211126,15664.38,15731.54,15456.09,15491.66,2258249274
20211129,15719.42,15833.11,15644.61,15782.83,2884614763
20211130,15716.50,15828.20,15451.39,15537.69,4258841614
20211201,15752.27,15816.82,15243.93,15254.05,4153119598
20211202,15181.82,15444.54,15150.12,15381.32,3410785522
20211203,15428.71,15470.36,14931.05,15085.47,3715025630
20211206,15117.63,15281.99,14931.61,15225.15,3179700514
20211207,15510.91,15720.09,15507.66,15686.92,3117567404
20211208,15690.65,15792.64,15618.88,15786.99,3072590474
20211209,15720.54,15796.05,15511.12,15517.37,2673102708
20211210,15629.59,15677.60,15477.85,15630.60,2700032570
20211213,15621.27,15637.06,15408.25,15413.28,2929754612
20211214,15215.96,15317.55,15097.35,15237.64,3206882597
20211215,15230.71,15575.76,15055.23,15565.58,3383389458
20211216,15629.08,15633.19,15119.49,15180.43,3029830118
20211217,15036.77,15288.78,14960.37,15169.68,5076495071
20211220,14933.00,15007.30,14860.04,14980.94,2884617295
20211221,15140.43,15349.07,15015.03,15341.09,2904572952
20211222,15319.16,15525.97,15303.06,15521.89,2751559956
20211223,15544.79,15697.98,15528.91,15653.37,2435007992
20211227,15696.83,15871.40,15696.83,15871.26,2477838553
20211228,15895.20,15901.47,15757.07,15781.72,2339032827
20211229,15794.92,15821.81,15679.85,15766.22,2326179282
20211230,15758.98,15868.09,15729.16,15741.56,2379084921
20211231,15722.91,15777.43,15643.94,15644.97,2146394341
20220103,15732.50,15832.80,15644.09,15832.80,2825224841
20220104,15852.14,15852.14,15512.41,15622.72,3413659981
20220105,15547.16,15586.30,15095.18,15100.17,3044334793
20220106,15024.15,15198.45,14914.87,15080.87,2879087999
20220107,15095.72,15171.02,14877.63,14935.90,2572373277
20220110,14751.78,14953.86,14530.23,14942.83,3473879503
20220111,14919.26,15158.71,14837.64,15153.45,2815782016
20220112,15263.10,15319.04,15117.29,15188.39,2781752709
20220113,15245.04,15259.71,14782.24,14806.81,2710839462
20220114,14708.02,14897.68,14689.43,14893.75,2617633041
20220118,14681.83,14740.54,14482.95,14506.90,3228893392
20220119,14582.22,14658.89,14331.66,14340.25,2826320698
20220120,14462.85,14642.03,14140.79,14154.02,3156949593
20220121,14046.23,14171.72,13764.24,13768.92,3701238939
20220124,13481.50,13876.61,13094.65,13855.13,4391796595
20220125,13610.87,13781.63,13414.14,13539.29,3265336637
20220126,13871.77,14002.65,13392.19,13542.12,3664304374
20220127,13710.99,13765.91,13322.66,13352.78,3373437394
20220128,13436.71,13771.91,13236.55,13770.57,3092819850
20220131,13812.20,14242.90,13767.71,14239.88,3268652504
20220201,14277.43,14358.69,14070.77,14346.00,2995786267
20220202,14494.47,14504.82,14264.65,14417.55,3085521953
20220203,14045.84,14207.89,13851.75,13878.82,2867551655
20220204,13958.48,14222.76,13850.39,14098.01,2748918583
20220207,14118.79,14236.31,13974.10,14015.67,2725013876
20220208,13984.43,14226.48,13934.78,14194.46,2742599802
20220209,14368.16,14490.72,14330.87,14490.37,3018194070
20220210,14228.68,14509.56,14118.20,14185.64,3160494912
20220211,14213.63,14246.70,13733.16,13791.15,3210491079
20220214,13768.97,13921.71,13664.76,13790.92,2719672423
20220215,13997.18,14142.49,13976.29,14139.76,2868547943
20220216,14038.92,14163.73,13931.99,14124.09,2822638618
20220217,14004.19,14020.82,13704.70,13716.72,2749618426
20220218,13735.40,13762.40,13465.56,13548.07,2882568564
20220222,13424.36,13618.71,13249.65,13381.52,3041723629
20220223,13511.75,13533.78,13032.17,13037.49,2822202549
20220224,12587.88,13486.11,12587.88,13473.58,3921434392
20220225,13485.26,13696.86,13358.29,13694.62,2852884879
20220228,13570.83,13810.64,13549.90,13751.40,3221825400
20220301,13716.70,13777.04,13441.32,13532.46,3621419827
20220302,13597.53,13796.55,13493.91,13752.02,3313952614
20220303,13837.59,13837.59,13472.64,13537.94,3194034411
20220304,13455.23,13486.71,13224.98,13313.44,3324155124
20220307,13328.36,13353.28,12828.02,12830.96,3749833555
20220308,12800.04,13159.44,12670.08,12795.55,4198665032
20220309,13113.70,13301.16,13039.79,13255.55,3256860810
20220310,13098.35,13163.50,12946.28,13129.96,3163974907
20220311,13229.77,13239.35,12830.37,12843.81,3173023202
20220314,12795.13,12918.01,12555.35,12581.22,3313664845
20220315,12685.23,12973.88,12616.59,12948.62,3398264142
20220316,13119.36,13440.12,12992.20,13436.55,4296402436
20220317,13360.72,13620.80,13317.14,13614.78,3241042784
20220318,13564.63,13899.28,13528.06,13893.84,4996440258
20220321,13860.39,13945.80,13682.55,13838.46,3033293600
20220322,13866.43,14141.07,13857.29,14108.82,3011726561
20220323,13990.35,14152.14,13921.65,13922.60,2957287665
20220324,14001.32,14193.55,13897.20,14191.84,3323658813
20220325,14194.72,14218.76,14010.79,14169.30,3627439405
20220328,14177.21,14356.00,14101.34,14354.90,3261119970
20220329,14500.39,14646.90,14419.40,14619.64,4005436810
20220330,14558.59,14609.25,14383.45,14442.27,3241918998
20220331,14444.78,14456.74,14217.73,14220.52,3561907485
20220401,14269.53,14306.95,14131.80,14261.50,3348689916
20220404,14304.35,14534.38,14286.45,14532.55,2993956978
20220405,14490.26,14500.29,14169.12,14204.17,2945643872
20220406,14002.58,14032.84,13788.90,13888.82,3250944334
20220407,13861.49,13978.25,13689.23,13897.30,2858991032
20220408,13830.47,13866.06,13693.69,13711.00,2726850525
20220411,13547.29,13585.08,13401.39,13411.96,3325004888
20220412,13584.69,13685.95,13317.74,13371.57,3171986698
20220413,13373.12,13679.43,13353.66,13643.59,3209496298
20220414,13647.43,13662.93,13345.22,13351.08,2987366471
20220418,13319.39,13414.27,13222.04,13332.36,2755630906
20220419,13312.44,13643.97,13281.22,13619.66,2746797748
20220420,13665.38,13678.55,13426.13,13453.07,2748783709
20220421,13623.70,13710.70,13140.83,13174.65,3035364722
20220422,13168.80,13212.61,12828.02,12839.29,2694766890
20220425,12749.18,13011.45,12722.59,13004.85,2857727816
20220426,12918.04,12918.04,12490.74,12490.74,3190109841
20220427,12500.88,12703.79,12430.90,12488.93,2775500768
20220428,12712.86,12948.52,12487.86,12871.53,2979814333
20220429,12710.42,12861.82,12315.74,12334.64,2880777710
20220502,12331.69,12542.54,12202.41,12536.02,2866556693
20220503,12511.46,12645.83,12461.00,12563.76,2703561947
20220504,12574.73,12985.01,12367.02,12964.86,3261551847
20220505,12787.52,12787.52,12183.56,12317.69,3175056994
20220506,12246.84,12358.43,11990.15,12144.66,3106854948
20220509,11923.03,11990.61,11574.94,11623.25,3625678241
20220510,11900.34,11944.94,11566.29,11737.67,3714398188
20220511,11645.57,11844.51,11339.18,11364.24,3640428877
20220512,11199.25,11547.33,11108.76,11370.96,4063062203
20220513,11555.98,11856.71,11510.26,11805.00,3666185028
20220516,11727.14,11804.59,11627.53,11662.79,3056617791
20220517,11905.57,11988.43,11754.28,11984.52,3088842074
20220518,11790.68,11826.23,11381.69,11418.15,3134617667
20220519,11364.40,11562.82,11313.31,11388.50,3250511713
20220520,11542.68,11552.21,11035.69,11354.62,3457729380
20220523,11396.28,11552.07,11304.56,11535.27,2906145315
20220524,11326.45,11351.61,11092.48,11264.45,2901316358
20220525,11225.03,11511.90,11211.85,11434.74,2818108022
20220526,11409.84,11796.97,11406.16,11740.65,2891882374
20220527,11869.69,12131.66,11856.82,12131.13,2947121576
20220531,12137.54,12190.09,11942.50,12081.39,3587091309
20220601,12176.89,12237.94,11901.43,11994.46,2816895738
20220602,11945.57,12320.12,11901.45,12316.90,2625025506
20220603,12097.12,12167.44,11966.62,12012.73,2586037326
20220606,12200.33,12245.40,12004.20,12061.37,2676568242
20220607,11925.81,12194.86,11888.62,12175.23,2613354538
20220608,12147.28,12235.78,12052.70,12086.27,2801620574
20220609,12016.48,12115.07,11751.98,11754.23,3306683123
20220610,11543.88,11569.15,11328.27,11340.02,2989518870
20220613,10986.85,11071.48,10775.14,10809.23,3318676120
20220614,10897.43,10926.81,10733.04,10828.35,2702010845
20220615,10968.40,11244.27,10866.39,11099.15,2976419356
20220616,10806.02,10831.07,10565.14,10646.10,3138311625
20220617,10697.55,10884.71,10638.72,10798.35,4790525649
20220621,10974.05,11164.99,10974.05,11069.30,3141336226
20220622,10941.95,11216.77,10938.06,11053.08,3309741382
20220623,11137.68,11260.27,11046.29,11232.19,3235399404
20220624,11351.31,11613.23,11337.78,11607.62,5637676090
20220627,11661.02,11677.48,11487.07,11524.55,3123071749
20220628,11542.25,11635.86,11177.68,11181.54,3757788488
20220629,11160.22,11226.33,11072.19,11177.89,3865916773
20220630,11048.25,11160.92,10850.01,11028.74,3328867564
20220701,11006.84,11132.55,10922.71,11127.84,3077812995
20220705,10964.18,11323.89,10911.45,11322.24,3125370360
20220706,11337.90,11443.14,11250.32,11361.85,2958471592
20220707,11422.60,11644.47,11412.88,11621.35,2961772412
20220708,11503.61,11689.70,11479.77,11635.31,2767218383
20220711,11524.49,11541.10,11348.07,11372.60,2767526188
20220712,11420.89,11483.18,11207.08,11264.73,2626373828
20220713,11056.55,11325.67,11031.27,11247.58,2840804681
20220714,11151.21,11279.96,11005.93,11251.19,2711530297
20220715,11379.36,11454.69,11295.33,11452.42,3829606219
20220718,11561.64,11629.03,11322.84,11360.05,4538023536
20220719,11515.00,11721.22,11448.97,11713.15,4808122806
20220720,11726.09,11939.96,11703.36,11897.65,4842926468
20220721,11914.15,12060.59,11812.72,12059.61,4109049961
20220722,12025.37,12093.02,11767.19,11834.11,4180697480
20220725,11837.96,11855.11,11707.53,11782.67,3858195140
20220726,11701.53,11711.31,11533.37,11562.57,3890206145
20220727,11756.19,12081.73,11718.38,12032.42,4017481921
20220728,12036.48,12179.09,11886.67,12162.59,4364799019
20220729,12239.69,12426.27,12181.13,12390.69,4313183382
20220801,12317.96,12499.72,12271.98,12368.98,3761062980.7925
20220802,12287.67,12503.34,12260.48,12348.76,4155308156
20220803,12433.88,12699.64,12425.21,12668.16,5121449347
20220804,12675.04,12736.19,12600.78,12720.58,4911033056
20220805,12538.80,12720.44,12525.77,12657.55,4357524695
20220808,12703.72,12855.16,12597.75,12644.46,4713927511
20220809,12557.49,12582.91,12438.86,12493.93,4823209846
20220810,12793.44,12861.44,12698.61,12854.80,4639631720
20220811,12944.82,13026.24,12760.09,12779.91,5229785964.7268
20220812,12866.32,13047.19,12821.22,13047.19,4302075081
20220815,12996.63,13146.06,12993.78,13128.05,3933234909
20220816,13082.64,13181.09,12979.24,13102.55,4484528053
20220817,12968.63,13053.51,12863.01,12938.12,4698613172
20220818,12937.79,13002.66,12873.49,12965.34,4254259824
20220819,12832.27,12859.01,12674.87,12705.21,4108753612
20220822,12523.16,12538.55,12353.73,12381.57,3778350277
20220823,12380.37,12490.86,12352.03,12381.30,3323217240
20220824,12375.15,12504.33,12350.16,12431.53,3495745643
20220825,12506.37,12641.27,12471.98,12639.27,3813871039
20220826,12630.58,12655.84,12141.52,12141.71,3840710355
20220829,12021.05,12124.87,11981.42,12017.67,3648837076
20220830,12093.06,12101.85,11790.02,11883.14,3919454009
20220831,11972.56,12027.43,11814.17,11816.20,4273027634.3311
20220901,11707.44,11798.38,11546.52,11785.13,4109649295.7289
20220902,11899.14,11945.91,11573.51,11630.86,3569827047
20220906,11643.03,11679.43,11471.50,11544.91,3933816545
20220907,11559.38,11819.07,11555.09,11791.90,3848362555
20220908,11679.86,11896.73,11660.53,11862.13,3707125985
20220909,11958.61,12132.68,11958.61,12112.31,3850509542
20220912,12174.94,12270.19,12169.29,12266.41,3695781645
20220913,11908.81,11957.97,11604.43,11633.57,4484051995
20220914,11680.41,11746.84,11602.76,11719.68,4236393317
20220915,11633.24,11760.73,11497.11,11552.36,4137557210
20220916,11401.21,11460.43,11316.92,11448.40,6488169311
20220919,11338.57,11538.13,11337.83,11535.02,3596399784
20220920,11440.14,11520.99,11343.72,11425.05,3459563820
20220921,11466.21,11613.57,11219.00,11220.19,3748793347
20220922,11167.38,11203.77,11024.64,11066.80,4231361740
20220923,10952.69,10958.30,10732.72,10867.93,4307017517
20220926,10833.39,11024.00,10789.05,10802.92,3886458334
20220927,10955.29,11040.98,10741.02,10829.50,3566931738
20220928,10817.52,11101.50,10776.34,11051.64,3677817094
20220929,10894.44,10899.46,10623.23,10737.51,3711941629
20220930,10697.71,10883.04,10572.33,10575.62,3791408559
20221003,10659.01,10875.46,10577.89,10815.43,3653327831
20221004,11054.72,11189.96,11044.04,11176.41,4286019397
20221005,11022.67,11210.32,10910.76,11148.64,3361489671
20221006,11129.04,11230.44,11051.27,11073.31,3745487061
20221007,10877.28,10891.93,10608.52,10652.40,3910338704
20221010,10659.95,10669.93,10449.04,10542.10,3373027888
20221011,10484.38,10608.84,10351.98,10426.19,3807871867
20221012,10437.00,10494.53,10372.21,10417.10,3395920594
20221013,10131.82,10697.71,10088.83,10649.15,4181800115
20221014,10742.82,10766.69,10308.81,10321.39,3510543849
20221017,10575.65,10696.59,10569.69,10675.80,3725486406
20221018,10963.99,10972.97,10670.12,10772.40,4236669753
20221019,10689.31,10808.04,10592.88,10680.51,4272317031
20221020,10657.41,10837.30,10574.55,10614.84,3823087619
20221021,10576.04,10875.72,10542.43,10859.72,3858026558
20221024,10867.07,10983.52,10713.33,10952.61,4093491447
20221025,10996.97,11210.38,10996.97,11199.12,4444329939
20221026,10969.02,11205.84,10948.38,10970.99,4472302972
20221027,10971.95,10998.73,10780.50,10792.67,4152914492
20221028,10766.20,11117.04,10766.20,11102.45,3953095534
20221031,11028.43,11047.94,10914.00,10988.15,4039388780
20221101,11154.74,11156.35,10881.19,10890.85,4002969893
20221102,10885.01,10993.24,10522.91,10524.80,4506095402
20221103,10399.45,10486.02,10319.54,10342.94,4324939312
20221104,10548.14,10553.63,10262.93,10475.25,4486043285
20221107,10516.94,10587.96,10428.91,10564.52,3876146049
20221108,10611.53,10745.64,10472.73,10616.20,4354653584
20221109,10528.45,10564.97,10344.02,10353.17,4282929733
20221110,10869.17,11119.12,10779.95,11114.15,5413095633
20221111,11124.75,11352.43,11069.83,11323.33,5046042211
20221114,11233.91,11350.13,11167.16,11196.22,4374516008
20221115,11474.82,11492.62,11241.15,11358.41,4632497094
20221116,11260.09,11286.10,11162.92,11183.66,3911910775
20221117,11008.67,11198.84,11006.21,11144.96,3659100958
20221118,11257.01,11259.45,11059.16,11146.06,3502087314
20221121,11091.01,11128.79,10999.75,11024.51,3400817965
20221122,11058.56,11179.87,10975.66,11174.41,3679765299
20221123,11174.61,11310.82,11174.61,11285.32,3917783184
20221125,11231.00,11261.57,11206.38,11226.36,1935968057
20221128,11147.57,11217.75,11020.70,11049.50,3789626845
20221129,11060.02,11086.02,10944.37,10983.78,4124991445
20221130,10995.20,11468.48,10966.53,11468.00,5802314439
20221201,11475.17,11546.77,11378.75,11482.45,4432958673
20221202,11308.38,11492.32,11296.72,11461.50,3870963074
20221205,11380.99,11425.52,11193.02,11239.94,3925936420
20221206,11228.42,11241.42,10956.20,11014.89,4133456749
20221207,10963.95,11039.81,10910.62,10958.55,3723066778
20221208,11011.34,11119.16,10939.47,11082.00,3733399035
20221209,11038.17,11138.70,10999.26,11004.62,3715009066
20221212,11015.48,11144.68,10984.82,11143.74,4337338733
20221213,11542.84,11571.64,11160.54,11256.81,5179446752
20221214,11248.09,11352.09,11065.24,11170.89,4684793729
20221215,11012.63,11029.57,10775.61,10810.53,4872466464
20221216,10767.64,10833.24,10642.10,10705.41,7348736500
20221219,10707.44,10713.97,10497.55,10546.03,4068279761
20221220,10490.89,10609.46,10446.82,10547.11,4031481200
20221221,10592.00,10753.57,10569.20,10709.37,3768034368
20221222,10586.46,10599.34,10313.32,10476.12,4424375534
20221223,10437.75,10514.76,10361.82,10497.86,3004490563
20221227,10462.19,10472.32,10340.73,10353.23,3311789048
20221228,10339.20,10414.82,10207.47,10213.29,3253672892
20221229,10321.46,10502.08,10301.06,10478.09,3602317887
20221230,10368.37,10468.31,10324.70,10466.48,3403177587
20230103,10562.06,10613.06,10309.16,10386.98,4162207733
20230104,10467.82,10515.22,10337.64,10458.76,4412278248
20230105,10390.31,10393.22,10295.25,10305.24,4195771259
20230106,10363.96,10604.14,10265.04,10569.29,4487941793
20230109,10662.11,10807.26,10619.12,10635.65,4441472270
20230110,10607.72,10743.68,10589.59,10742.63,4182073982
20230111,10794.99,10932.44,10762.73,10931.67,4520403420
20230112,10969.26,11027.75,10797.12,11001.10,4809596296
20230113,10906.37,11084.01,10900.16,11079.16,4464321970
20230117,11070.00,11145.44,11024.72,11095.11,4602991419
20230118,11170.95,11223.41,10952.05,10957.01,4511645962
20230119,10890.40,10932.52,10804.57,10852.27,4056849610
20230120,10924.66,11143.17,10885.64,11140.43,5379622370
20230123,11171.95,11405.50,11144.03,11364.41,5262172465
20230124,11302.93,11378.15,11282.65,11334.27,5157836236
20230125,11146.53,11334.22,11069.18,11313.36,4954402899
20230126,11458.41,11516.05,11341.20,11512.41,5057255939
20230127,11470.47,11691.89,11470.27,11621.71,5673142807
20230130,11512.34,11553.31,11388.54,11393.81,4531117910
20230131,11398.58,11586.01,11398.38,11584.55,5059540594
20230201,11573.14,11904.02,11500.33,11816.32,5571722819
20230202,12065.15,12269.55,12024.14,12200.82,6264476979
20230203,11946.86,12231.31,11946.86,12006.96,5072081746
20230206,11904.41,11973.41,11843.49,11887.45,4936391391
20230207,11891.25,12150.22,11836.78,12113.79,4884530257
20230208,12069.12,12096.39,11890.09,11910.52,4457304599
20230209,12069.11,12070.96,11745.11,11789.58,4825085893
20230210,11714.60,11775.80,11630.54,11718.12,4211218440
20230213,11759.09,11910.92,11719.73,11891.79,4183440217
20230214,11808.20,11999.85,11760.57,11960.15,4206005487
20230215,11905.13,12071.29,11876.82,12070.59,4461558430
20230216,11896.31,12040.34,11853.36,11855.83,4436840983
20230217,11777.50,11803.22,11673.21,11787.27,4262130844
20230221,11640.38,11684.14,11491.18,11492.30,4381161199
20230222,11517.20,11582.52,11445.18,11507.07,3997735258
20230223,11636.93,11638.98,11432.58,11590.40,3975848227
20230224,11404.18,11434.36,11334.46,11394.94,3758934476
20230227,11517.19,11565.23,11444.60,11466.98,3908073705
20230228,11451.05,11548.23,11435.39,11455.54,4632028688
20230301,11447.58,11479.00,11349.87,11379.48,4313814572
20230302,11273.77,11487.59,11273.61,11462.98,4770992000
20230303,11524.65,11699.63,11514.74,11689.01,4481310583
20230306,11736.87,11827.92,11667.48,11675.74,4413621159
20230307,11670.98,11705.96,11512.03,11530.33,4924694466
20230308,11553.09,11601.23,11487.75,11576.00,4477527523
20230309,11578.31,11667.12,11319.98,11338.35,4275335991
20230310,11325.36,11373.81,11093.86,11138.89,5062337742
20230313,11041.46,11326.73,10982.80,11188.84,5009185461
20230314,11357.73,11467.02,11284.93,11428.15,4624138270
20230315,11291.17,11447.91,11238.44,11434.05,4855423711
20230316,11384.87,11733.80,11365.48,11717.28,4576566165
20230317,11696.34,11773.11,11562.63,11630.51,6777007867
20230320,11614.39,11695.55,11550.70,11675.54,4329484326
20230321,11764.79,11879.16,11724.91,11860.11,4217315572
20230322,11857.50,12013.98,11666.85,11669.96,4203488866
20230323,11811.32,11962.69,11684.52,11787.40,4137951793
20230324,11747.62,11826.23,11670.67,11823.96,3643118651
20230327,11868.54,11903.21,11739.05,11768.84,3727651031
20230328,11752.76,11752.76,11635.03,11716.08,3451989546
20230329,11855.59,11941.60,11823.35,11926.24,3977874036
20230330,12010.45,12044.79,11953.38,12013.47,4242587706
20230331,12031.54,12227.93,12030.44,12221.91,4861463648
20230403,12146.09,12196.34,12086.52,12189.45,4227522507
20230404,12208.49,12224.68,12081.81,12126.33,3639005127
20230405,12081.76,12086.75,11931.84,11996.86,3807176377
20230406,11939.08,12098.50,11898.36,12087.96,3379967231
20230410,11975.14,12084.95,11924.20,12084.36,3846786851
20230411,12080.25,12091.27,12011.40,12031.88,4205813964
20230412,12110.87,12134.50,11916.54,11929.34,4316475333
20230413,11997.43,12178.80,11995.94,12166.27,4138049219
20230414,12117.91,12205.72,12026.55,12123.47,4027505287
20230417,12108.23,12159.02,12064.10,12157.72,4218267869
20230418,12234.56,12245.43,12110.23,12153.41,4428597070
20230419,12063.68,12191.10,12060.17,12157.23,4542168677
20230420,12039.08,12155.96,12011.95,12059.56,4033062162
20230421,12046.03,12097.15,11986.82,12072.46,4206492263
20230424,12053.47,12103.58,11960.30,12037.20,4380199622
20230425,11968.81,11990.46,11798.77,11799.16,4563305742
20230426,11913.23,11967.99,11833.07,11854.35,4750343789
20230427,11972.15,12154.01,11950.92,12142.24,4804777996
20230428,12117.54,12227.71,12082.57,12226.58,4824132895
20230501,12210.05,12261.32,12181.08,12212.60,4748261713
20230502,12198.02,12206.57,12015.23,12080.51,5018607168
20230503,12097.04,12212.55,12022.46,12025.33,4124502389
20230504,11997.34,12033.15,11925.37,11966.40,4223213985
20230505,12073.03,12264.83,12065.72,12235.41,4125246442
20230508,12231.68,12264.99,12178.26,12256.92,3861702962
20230509,12195.78,12216.13,12174.06,12179.55,3798594741
20230510,12286.66,12337.69,12180.86,12306.44,4392002649
20230511,12321.27,12347.38,12255.45,12328.51,4000752529
20230512,12350.52,12364.65,12209.58,12284.74,3660541105
20230515,12301.17,12376.40,12263.36,12365.21,3580174415
20230516,12327.05,12403.81,12324.52,12343.05,3621247745
20230517,12388.58,12514.07,12335.02,12500.57,4026553022
20230518,12513.87,12698.50,12512.27,12688.84,3918791138
20230519,12709.46,12731.73,12624.06,12657.90,3413038959
20230522,12664.44,12756.23,12655.26,12720.78,3867258033
20230523,12652.88,12709.74,12554.43,12560.25,3772532054
20230524,12481.89,12529.63,12415.85,12484.16,3612721963
20230525,12706.44,12736.92,12604.89,12698.09,3906690326
20230526,12736.42,13001.91,12729.74,12975.69,3789271278
20230530,13109.10,13154.29,12968.12,13017.43,4225916900
20230531,12968.38,13029.07,12889.37,12935.29,5431023033
20230601,12944.46,13141.83,12903.63,13100.98,3905240723
20230602,13190.48,13256.21,13125.86,13240.77,3760606643
20230605,13238.48,13330.64,13194.95,13229.43,3824950109
20230606,13199.59,13306.21,13165.65,13276.42,4360838863
20230607,13295.26,13361.90,13089.48,13104.89,4643617897
20230608,13113.27,13248.61,13101.18,13238.52,3766438581
20230609,13312.39,13385.95,13229.33,13259.14,3909464110
20230612,13326.37,13465.91,13302.59,13461.92,4023157269
20230613,13566.53,13594.40,13473.20,13573.32,4878300012
20230614,13570.56,13661.73,13455.98,13626.48,5121184733
20230615,13572.88,13828.17,13561.37,13782.82,5077217270
20230616,13859.07,13864.06,13680.96,13689.57,7596425499
20230620,13642.30,13711.18,13561.84,13667.29,4624460010
20230621,13620.87,13638.57,13460.95,13502.20,4564539069
20230622,13443.41,13631.85,13441.56,13630.61,4005326299
20230623,13484.10,13572.19,13442.65,13492.52,7406365505
20230626,13468.75,13573.57,13334.42,13335.78,3996801783
20230627,13389.25,13578.80,13366.97,13555.67,4570311786
20230628,13506.02,13654.14,13495.73,13591.75,4029086029
20230629,13592.36,13618.53,13540.26,13591.33,3886898307
20230630,13719.98,13816.68,13716.16,13787.92,4146100725
20230703,13798.70,13839.09,13773.41,13816.77,2575335927
20230705,13772.11,13844.50,13764.25,13791.65,3912570144
20230706,13653.17,13689.52,13567.25,13679.04,4505887069
20230707,13668.07,13804.52,13656.73,13660.72,4615104952
20230710,13645.38,13692.41,13584.87,13685.48,4802139251
20230711,13709.82,13774.83,13643.32,13760.70,4399311104
20230712,13915.64,13963.45,13842.13,13918.96,4648792923
20230713,14021.14,14163.80,14012.23,14138.57,4678418053
20230714,14166.66,14232.11,14081.96,14113.70,4851921211
20230717,14149.92,14274.41,14138.01,14244.95,4197330150
20230718,14212.25,14396.69,14176.11,14353.64,4328425264
20230719,14398.53,14446.55,14317.09,14358.02,4449321736
20230720,14273.29,14309.92,14030.63,14063.31,4405804657
20230721,14148.18,14179.01,14020.45,14032.81,4804027376
20230724,14081.63,14110.15,13997.13,14058.87,3650860515
20230725,14093.24,14201.91,14092.52,14144.56,4077350073
20230726,14123.52,14187.35,14041.95,14127.28,3717011349
20230727,14319.16,14360.20,14006.93,14050.11,4438963163
20230728,14199.83,14344.35,14188.11,14316.66,3885712426
20230731,14337.90,14370.91,14292.75,14346.02,4533430919
20230801,14274.93,14309.21,14215.64,14283.91,4195138208
20230802,14132.73,14133.85,13914.81,13973.45,4917795291
20230803,13899.76,14032.28,13881.35,13959.71,5595503178
20230804,14025.96,14119.22,13897.93,13909.24,4801653491
20230807,13972.45,13997.16,13864.92,13994.40,4492745821
20230808,13875.45,13899.75,13769.34,13884.32,4888784696
20230809,13897.61,13898.54,13698.39,13722.02,5151652621
20230810,13818.25,13947.16,13686.51,13721.03,4715579217
20230811,13633.65,13720.33,13609.98,13644.85,4141688195
20230814,13599.00,13789.16,13582.49,13788.33,3834331929
20230815,13760.48,13774.98,13611.93,13631.05,4092896012
20230816,13593.17,13644.32,13473.03,13474.63,4713498764
20230817,13527.30,13535.09,13303.45,13316.93,4641639505
20230818,13190.02,13335.87,13161.76,13290.78,4186721502
20230821,13347.26,13516.86,13325.59,13497.59,3850401936
20230822,13593.95,13598.77,13484.38,13505.87,3789129656
20230823,13532.43,13757.00,13532.43,13721.03,3623538427
20230824,13834.31,13834.69,13462.84,13463.97,3797843640
20230825,13514.37,13633.42,13376.35,13590.65,3172547443
20230828,13695.36,13735.98,13626.64,13705.13,2870146522
20230829,13687.23,13959.81,13677.06,13943.76,4105378463
20230830,13961.77,14050.82,13924.20,14019.31,3747700160
20230831,14041.54,14114.68,14010.48,14034.97,4027903554
20230901,14129.96,14149.62,13982.42,14031.81,3514065793
20230905,13994.54,14060.85,13945.65,14020.95,3912418059
20230906,13988.82,14001.95,13802.42,13872.47,3711941408
20230907,13675.11,13774.64,13642.47,13748.83,3854237681
20230908,13754.71,13843.37,13733.18,13761.53,3663112864
20230911,13884.03,13937.46,13805.13,13917.89,4071513777
20230912,13858.94,13913.60,13763.69,13773.63,4156473099
20230913,13773.67,13868.57,13733.82,13813.58,4235090913
20230914,13889.76,13957.57,13810.66,13926.05,4176024983
20230915,13889.20,13895.75,13684.25,13708.33,6788112803
20230918,13669.96,13751.28,13663.46,13710.24,4380590747
20230919,13649.44,13705.15,13578.87,13678.19,3917558006
20230920,13710.26,13727.81,13467.28,13469.13,3713255428
20230921,13328.06,13362.23,13222.57,13223.99,3873213418
20230922,13287.17,13353.22,13200.64,13211.81,3537119828
20230925,13172.54,13277.83,13132.00,13271.32,3530169022
20230926,13180.96,13199.13,13033.40,13063.61,3975959442
20230927,13115.36,13156.37,12963.16,13092.85,3910645823
20230928,13043.37,13270.96,13025.11,13201.28,3992839181
20230929,13337.71,13382.98,13177.09,13219.32,4285350961
20231002,13217.98,13364.03,13204.08,13307.77,3708906035
20231003,13229.68,13280.04,13008.60,13059.47,3580592025
20231004,13092.92,13258.76,13072.52,13236.01,3528652667
20231005,13228.12,13251.18,13087.57,13219.83,3502458249
20231006,13127.68,13472.27,13099.04,13431.34,3399504961
20231009,13326.22,13509.30,13277.48,13484.24,2813481890
20231010,13505.81,13659.63,13491.81,13562.84,3554158124
20231011,13619.21,13671.11,13549.29,13659.68,3523145530
20231012,13672.47,13714.14,13491.56,13574.22,4197975169
20231013,13613.59,13619.54,13361.86,13407.23,3501136867
20231016,13453.81,13598.05,13447.17,13567.98,3559170936
20231017,13419.87,13602.25,13364.74,13533.75,3744733374
20231018,13439.68,13499.74,13275.30,13314.30,3597663032
20231019,13354.80,13404.73,13157.33,13186.17,3570708678
20231020,13157.77,13177.35,12977.43,12983.81,3639811649
20231023,12930.85,13143.22,12848.83,13018.33,3789805939
20231024,13084.99,13170.39,13022.85,13139.88,3829039374
20231025,13039.86,13042.52,12804.30,12821.22,3767123395
20231026,12768.97,12818.14,12543.86,12595.61,3729169182
20231027,12718.69,12772.43,12600.57,12643.01,3193082927
20231030,12750.46,12842.96,12691.56,12789.48,3208659550
20231031,12786.62,12859.40,12697.04,12851.24,3393837051
20231101,12887.06,13072.43,12875.20,13061.47,3590797080
20231102,13230.49,13302.18,13177.64,13294.19,4161528960
20231103,13362.85,13520.28,13344.73,13478.28,4088670612
20231106,13514.08,13551.62,13435.99,13518.78,3518107018
20231107,13555.79,13675.46,13516.56,13639.86,3510788970
20231108,13660.22,13684.87,13573.58,13650.41,3829606726
20231109,13693.70,13697.82,13506.02,13521.45,4097738093
20231110,13571.19,13802.53,13556.35,13798.11,3897595415
20231113,13745.96,13805.11,13687.78,13767.74,3505227083
20231114,14015.37,14124.06,14003.14,14094.38,4364412466
20231115,14147.27,14194.36,14060.70,14103.84,4316418778
20231116,14066.88,14130.45,14033.79,14113.67,3748405347
20231117,14101.44,14154.32,14063.93,14125.48,3675482203
20231120,14134.75,14309.80,14134.20,14284.53,3740052480
20231121,14217.23,14237.50,14146.31,14199.98,3208047008
20231122,14283.82,14359.61,14226.63,14265.86,3084604735
20231124,14238.04,14270.28,14214.13,14250.85,1689056368
20231127,14239.31,14305.71,14205.24,14241.02,3236980556
20231128,14224.63,14303.66,14195.72,14281.76,3602298115
20231129,14367.11,14423.22,14247.89,14258.49,4081081343
20231130,14265.05,14289.20,14127.05,14226.22,4824521305
20231201,14181.36,14311.95,14135.00,14305.03,4368928857
20231204,14168.66,14197.52,14058.52,14185.49,4734767364
20231205,14126.40,14285.66,14121.76,14229.91,4402087936
20231206,14325.62,14327.64,14138.51,14146.71,4062664765
20231207,14230.43,14353.11,14220.87,14339.99,4500531609
20231208,14279.46,14416.92,14264.96,14403.97,4117984299
20231211,14340.13,14436.08,14324.57,14432.49,4281370599
20231212,14423.01,14533.40,14385.39,14533.40,3987203793
20231213,14555.68,14743.55,14517.52,14733.96,5499302098
20231214,14798.72,14855.62,14642.23,14761.56,6449707677
20231215,14797.46,14848.41,14753.16,14813.92,7540254937
20231218,14814.02,14938.04,14811.82,14905.19,4696113587
20231219,14923.02,15003.80,14921.60,15003.22,4579836822
20231220,14973.36,15069.29,14776.29,14777.94,5003696360
20231221,14923.14,14970.81,14837.47,14963.87,3921567239
20231222,15006.18,15047.19,14927.12,14992.97,3617756000
20231226,15028.69,15101.18,15024.06,15074.57,3185758945
20231227,15089.66,15114.08,15051.67,15099.18,3444577929
20231228,15142.09,15150.07,15087.22,15095.14,3488114374
20231229,15099.20,15111.41,14955.37,15011.35,3763354919
20240102,14873.70,14887.80,14682.38,14765.94,3908023248
20240103,14641.47,14694.58,14577.44,14592.21,4052545787
20240104,14532.23,14632.77,14504.78,14510.30,4058997994
20240105,14500.11,14625.19,14477.57,14524.07,3783079995
20240108,14564.47,14846.90,14560.20,14843.77,4225526887
20240109,14744.13,14894.32,14716.71,14857.71,3776207563
20240110,14877.70,14998.20,14842.70,14969.65,3606437151
20240111,15020.95,15063.61,14800.38,14970.18,4209681319
20240112,15001.01,15047.25,14931.88,14972.76,4320413848
20240116,14908.26,15004.35,14863.81,14944.35,4610717873
20240117,14814.77,14865.76,14706.23,14855.62,4326381072
20240118,14994.52,15066.81,14911.11,15055.65,4893823244
20240119,15122.38,15310.97,15087.20,15310.97,4829844846
20240122,15393.05,15438.85,15333.63,15360.29,4737542389
20240123,15391.41,15432.35,15337.23,15425.94,4645102428
20240124,15560.61,15629.07,15468.91,15481.92,4196345562
20240125,15555.62,15597.25,15430.68,15510.50,4249291798
20240126,15474.85,15538.84,15433.04,15455.36,3725303394
20240129,15470.66,15630.58,15449.87,15628.04,4301017651
20240130,15604.08,15619.23,15484.67,15509.90,4047205827
20240131,15324.19,15405.55,15158.49,15164.01,5000105969
20240201,15254.02,15372.13,15208.88,15361.64,4236773373
20240202,15403.16,15664.21,15366.79,15628.95,3850480053
20240205,15613.99,15637.88,15471.68,15597.68,4097656486
20240206,15638.19,15652.75,15515.25,15609.00,4079853007
20240207,15690.36,15770.68,15645.80,15756.64,3622187473
20240208,15762.23,15813.27,15739.18,15793.71,4450949495
20240209,15842.38,16007.29,15831.76,15990.66,4996136579
20240212,15980.62,16080.07,15917.87,15942.55,4367300721
20240213,15598.88,15770.42,15551.44,15655.60,4417482199
20240214,15781.71,15865.51,15683.94,15859.15,4220841473
20240215,15865.30,15911.22,15779.71,15906.17,5139270794
20240216,15910.43,15917.41,15752.02,15775.65,4292849564
20240220,15679.84,15730.47,15508.50,15630.78,4757260068
20240221,15532.12,15583.68,15451.65,15580.87,4090829629
20240222,15904.48,16061.82,15869.24,16041.62,4725966225
20240223,16094.80,16134.22,15954.50,15996.82,4128010948
20240226,16014.45,16054.90,15973.90,15976.25,4514009763
20240227,16013.98,16046.10,15940.51,16035.30,4651628542
20240228,15969.14,16003.56,15924.72,15947.74,4757808171
20240229,16059.34,16115.96,15931.70,16091.92,5530264684
20240301,16109.82,16302.24,16096.60,16274.94,4648941624
20240304,16264.21,16289.06,16199.06,16207.51,4986714822
20240305,16077.74,16087.57,15862.63,15939.59,5253893107
20240306,16092.00,16128.56,15956.66,16031.54,4518448970
20240307,16147.32,16309.02,16096.02,16273.38,4245837088
20240308,16322.10,16449.70,16059.50,16085.11,4151417854
20240311,16052.63,16085.95,15978.04,16019.27,4021576072
20240312,16116.98,16275.45,15992.98,16265.64,4255106996
20240313,16220.11,16233.30,16143.34,16177.77,4016678104
20240314,16209.19,16245.32,16039.68,16128.53,4297805405
20240315,16043.58,16055.33,15925.91,15973.17,7108640037
20240318,16154.92,16247.59,16094.17,16103.45,4200686952
20240319,16031.93,16175.59,15951.86,16166.79,3971284036
20240320,16185.76,16377.44,16127.48,16369.41,4335143643
20240321,16517.24,16538.87,16393.90,16401.84,4419705313
20240322,16387.83,16467.62,16361.00,16428.82,3744184466
20240325,16335.30,16441.17,16315.72,16384.47,3715833092
20240326,16446.85,16476.38,16312.95,16315.70,3846862705
20240327,16424.76,16431.82,16279.17,16399.52,4002396718
20240328,16377.23,16420.92,16347.38,16379.46,4377113075
20240401,16397.05,16490.65,16327.89,16396.83,3785550125
20240402,16199.24,16251.41,16137.24,16240.45,3822626710
20240403,16178.80,16340.75,16169.31,16277.46,4250227480
20240404,16418.57,16468.04,16046.56,16049.08,4526713325
20240405,16095.40,16326.50,16080.48,16248.52,3686319173
20240408,16285.18,16323.60,16220.72,16253.96,3462449666
20240409,16328.76,16348.18,16141.15,16306.64,3573084852
20240410,16104.01,16200.10,16092.02,16170.36,4186266939
20240411,16236.20,16464.61,16154.65,16442.20,3904969244
20240412,16293.03,16341.46,16125.33,16175.09,3619963996
20240415,16276.47,16295.27,15863.88,15885.02,3951955548
20240416,15856.38,15965.79,15822.02,15865.25,4188879690
20240417,15942.29,15957.03,15654.52,15683.37,4124491778
20240418,15705.69,15786.12,15587.50,15601.50,4140052182
20240419,15547.10,15576.70,15222.78,15282.01,3944290998
20240422,15396.13,15539.00,15265.66,15451.31,3784699947
20240423,15525.55,15730.35,15510.58,15696.64,4167208974
20240424,15805.60,15839.00,15634.44,15712.75,3932390158
20240425,15375.27,15644.52,15343.91,15611.76,4031813483
20240426,15821.34,15981.00,15770.72,15927.90,3864838895
20240429,16007.00,16021.50,15885.89,15983.08,4053509828
20240430,15920.89,15979.36,15655.67,15657.82,4433892925
20240501,15646.09,15926.22,15557.64,15605.48,4414022293
20240502,15758.11,15862.79,15604.73,15840.96,4240674562
20240503,16147.48,16204.71,16068.34,16156.33,4136510076
20240506,16208.54,16350.08,16197.86,16349.25,3815926570
20240507,16358.34,16397.39,16303.84,16332.56,4453360851
20240508,16226.07,16341.65,16226.07,16302.76,3830788262
20240509,16323.74,16362.79,16241.98,16346.26,3906856959
20240510,16389.02,16437.39,16293.52,16340.87,3884811336
20240513,16400.31,16407.05,16334.86,16388.24,3892383366
20240514,16391.16,16526.27,16386.44,16511.18,5598777069
20240515,16601.14,16749.75,16544.09,16742.39,6600681741
20240516,16738.11,16797.84,16693.45,16698.32,6195831185
20240517,16708.49,16726.41,16613.84,16685.97,5792265600
20240520,16702.02,16823.83,16695.69,16794.88,6520688560
20240521,16736.10,16839.02,16719.96,16832.63,5069125629
20240522,16839.02,16855.27,16712.09,16801.54,5920129176
20240523,16996.39,16996.39,16678.37,16736.03,5630058186
20240524,16786.80,16947.80,16771.58,16920.79,5137076993
20240528,16988.32,17032.66,16917.51,17019.88,5745703175
20240529,16879.35,16989.60,16873.97,16920.58,5827539826
20240530,16878.63,16900.46,16690.36,16737.08,6100940527
20240531,16771.90,16789.27,16445.54,16735.02,5751368608
20240603,16865.71,16909.89,16646.43,16828.67,4546837391
20240604,16823.88,16891.88,16750.39,16857.05,4025472041
20240605,16974.48,17187.92,16955.56,17187.90,4517802809
20240606,17204.87,17235.73,17123.59,17173.12,4063463385
20240607,17124.14,17229.31,17090.05,17133.13,3745866437
20240610,17083.45,17213.45,17057.34,17192.53,3782713339
20240611,17160.43,17345.05,17107.99,17343.55,3590238498
20240612,17502.15,17725.39,17490.64,17608.44,4421695014
20240613,17715.27,17741.80,17566.32,17667.56,4097551151
20240614,17621.18,17693.43,17590.80,17688.88,3885402760
20240617,17697.30,17935.98,17636.36,17857.02,4272709510
20240618,17856.76,17890.52,17796.88,17862.23,5035677568
20240620,17913.94,17936.79,17650.70,17721.59,4776368756
20240621,17681.01,17787.34,17620.57,17689.36,8159309710
20240624,17640.26,17730.12,17494.02,17496.82,4586098664
20240625,17572.16,17734.34,17546.63,17717.65,4081571367
20240626,17697.27,17813.55,17687.07,17805.16,4482224878
20240627,17793.95,17892.78,17765.42,17858.68,4705355798
20240628,17891.10,18035.00,17723.83,17732.60,8044540903
20240701,17773.90,17894.29,17657.64,17879.30,4067174934
20240702,17808.04,18031.29,17802.24,18028.76,3646557021
20240703,18016.13,18188.30,18016.13,18188.30,2820947428
20240705,18200.60,18366.31,18197.14,18352.76,3986300817
20240708,18371.86,18416.94,18342.60,18403.74,4252602663
20240709,18465.02,18511.89,18381.61,18429.29,4043200170
20240710,18512.09,18655.19,18467.58,18647.45,4542440297
20240711,18659.25,18671.07,18238.78,18283.41,5317900957
20240712,18303.64,18556.73,18293.60,18398.45,4946111805
20240715,18485.91,18641.53,18397.84,18472.57,4446967352
20240716,18534.27,18576.83,18386.07,18509.34,4787707013
20240717,18188.19,18223.24,17972.87,17996.92,5029929719
20240718,18119.15,18130.87,17759.54,17871.22,4444213025
20240719,17835.59,17935.14,17691.43,17726.94,3680718400
20240722,17923.64,18041.00,17839.76,18007.57,3780160885
20240723,17982.74,18128.38,17968.10,17997.35,3664155172
20240724,17733.91,17747.06,17313.52,17342.41,4513894647
20240725,17352.64,17544.46,17033.96,17181.72,4531307801
20240726,17331.95,17454.57,17239.99,17357.88,3947831460
20240729,17444.39,17535.32,17299.83,17370.20,3748335654
20240730,17424.10,17468.56,17015.38,17147.42,4219140816
20240731,17499.23,17693.98,17438.60,17599.40,4573058946
20240801,17647.03,17791.58,17051.42,17194.14,5262534675
20240802,16780.45,16920.63,16582.79,16776.16,4933799681
20240805,15712.53,16453.46,15708.54,16200.08,5086598766
20240806,16261.36,16620.32,16137.64,16366.85,4644218050
20240807,16622.31,16709.81,16179.53,16195.81,4713980184
20240808,16408.27,16694.25,16262.93,16660.02,4431172915
20240809,16636.52,16789.22,16574.57,16745.30,3845101980
20240812,16793.64,16895.79,16699.39,16780.61,3885783530
20240813,16944.74,17192.79,16943.95,17187.61,4258907293
20240814,17227.64,17260.73,17032.17,17192.60,3866232079
20240815,17394.54,17602.72,17375.41,17594.50,4560963177
20240816,17516.40,17674.65,17502.82,17631.72,4045787436
20240819,17649.74,17877.44,17585.58,17876.77,4802234582
20240820,17849.09,17932.54,17758.20,17816.94,4056221373
20240821,17840.51,17963.07,17790.98,17918.99,3928664931
20240822,17993.72,18017.69,17589.15,17619.35,3907481192
20240823,17772.73,17941.27,17700.27,17877.79,4335887481
20240826,17867.85,17909.09,17645.69,17725.77,4054658601
20240827,17655.52,17789.72,17573.37,17754.82,3561777979
20240828,17738.80,17759.95,17439.40,17556.03,3661204040
20240829,17610.57,17789.21,17482.60,17516.43,3848911592
20240830,17650.49,17720.38,17498.79,17713.63,4271275080
20240903,17585.45,17585.45,17057.79,17136.30,4394376436
20240904,17015.71,17232.65,16984.67,17084.30,3883168856
20240905,17063.24,17295.58,17035.07,17127.66,3870731732
20240906,17137.62,17166.54,16668.57,16690.83,4022833347
20240909,16835.68,16923.28,16732.84,16884.60,3903736126
20240910,16949.64,17036.07,16801.13,17025.88,3901719266
20240911,17061.41,17420.23,16787.84,17395.53,5048610489
20240912,17413.89,17605.72,17338.32,17569.68,4026850066
20240913,17575.26,17719.14,17564.61,17683.98,3899830839
20240916,17573.70,17618.40,17480.66,17592.13,3809199990
20240917,17707.02,17781.74,17544.64,17628.06,4194007578
20240918,17663.38,17832.70,17556.43,17573.30,4310114874
20240919,17980.89,18099.93,17909.75,18013.98,4185968567
20240920,17999.35,18024.34,17835.64,17948.32,7634655265
20240923,17994.91,18021.57,17936.37,17974.27,4356544568
20240924,18046.44,18091.96,17863.38,18074.52,4108477881
20240925,18050.36,18155.04,18040.63,18082.21,3720776291
20240926,18327.34,18327.34,18071.74,18190.29,4574459392
20240927,18228.78,18238.28,18069.18,18119.59,4465007530
20240930,18069.83,18198.16,17997.56,18189.17,4641681818
20241001,18154.94,18162.72,17779.77,17910.36,4253726508
20241002,17867.13,17978.57,17767.79,17925.12,4412669727
20241003,17859.49,18011.25,17826.42,17918.47,3696083617
20241004,18130.42,18145.28,17952.30,18137.85,3864215146
20241007,18080.12,18096.33,17900.04,17923.90,4070156615
20241008,18017.93,18203.05,17989.70,18182.92,4308313584
20241009,18179.22,18302.05,18133.02,18291.62,4121996016
20241010,18200.62,18333.39,18154.18,18282.05,3670653563
20241011,18217.73,18375.54,18208.44,18342.94,3244783278
20241014,18426.66,18547.92,18423.60,18502.69,3649004669
20241015,18515.97,18564.25,18252.52,18315.59,4530773519
20241016,18333.29,18383.11,18214.96,18367.08,4019356954
20241017,18537.21,18541.46,18368.80,18373.61,4276562860
20241018,18466.01,18524.33,18452.58,18489.55,3742543169
20241021,18456.48,18543.58,18377.63,18540.01,4490058071
20241022,18451.86,18620.71,18413.47,18573.13,5140611816
20241023,18502.06,18509.19,18146.61,18276.65,4631109416
20241024,18384.15,18435.37,18305.42,18415.49,3919607238
20241025,18512.58,18690.01,18487.06,18518.61,4079261269
20241028,18648.25,18671.01,18563.02,18567.19,4126020517
20241029,18576.09,18753.20,18509.59,18712.75,4336429082
20241030,18731.70,18785.50,18598.24,18607.93,4827244065
20241031,18427.31,18427.31,18083.95,18095.15,4778042006
20241101,18189.67,18363.94,18181.53,18239.92,4267811339
20241104,18220.43,18308.30,18112.83,18179.98,4021889242
20241105,18250.71,18449.68,18250.71,18439.17,4888821212
20241106,18772.76,19000.50,18730.21,18983.46,5898629118
20241107,19084.43,19301.70,19084.43,19269.46,5519164488
20241108,19255.14,19318.56,19224.43,19286.78,5088794422
20241111,19355.34,19366.07,19193.29,19298.76,5004930946
20241112,19289.82,19343.05,19168.52,19281.40,5499952685
20241113,19286.46,19358.48,19191.13,19230.72,5556008438
20241114,19256.09,19275.80,19073.39,19107.65,5239251619
20241115,18929.92,18936.75,18598.87,18680.12,4769609456
20241118,18717.93,18865.28,18672.30,18791.81,5236065803
20241119,18699.71,18992.08,18689.83,18987.47,5111413203
20241120,18971.31,18974.91,18724.39,18966.14,5775376173
20241121,19072.78,19110.89,18714.06,18972.42,5413588030
20241122,18966.32,19025.77,18899.48,19003.65,4842208836
20241125,19140.59,19208.68,18969.35,19054.84,6251463354
20241126,19107.69,19183.92,19101.26,19175.58,4773467058
20241127,19132.99,19133.11,18937.20,19060.48,4197900646
20241129,19087.47,19245.49,19066.52,19218.17,2857727964
20241202,19255.43,19436.92,19255.43,19403.95,4982773467
20241203,19364.34,19486.14,19340.41,19480.91,4854228474
20241204,19587.48,19741.76,19575.39,19735.12,5446503166
20241205,19753.61,19789.85,19688.59,19700.72,4226103777
20241206,19743.96,19863.14,19734.42,19859.77,4603950675
20241209,19824.09,19872.79,19698.05,19736.69,5462934402
20241210,19796.39,19887.08,19641.34,19687.24,5055173211
20241211,19832.96,20055.93,19830.64,20034.89,4995032037
20241212,19947.34,20018.24,19897.38,19902.84,5403459936
20241213,19995.18,20061.65,19817.47,19926.72,4657696183
20241216,20016.12,20204.58,19988.12,20173.89,5690213530
20241217,20095.62,20148.83,20004.73,20109.06,6450621695
20241218,20114.98,20179.77,19336.59,19392.69,6701739818
20241219,19565.66,19623.02,19357.76,19372.77,6225845585
20241220,19190.04,19758.61,19168.38,19572.60,9404893453
20241223,19641.05,19772.09,19504.68,19764.88,5182740401
20241224,19818.48,20031.13,19813.77,20031.13,2932500273
20241226,19979.25,20070.08,19888.11,20020.36,4078056769
20241227,19896.77,19904.77,19553.40,19722.03,5000351838
20241230,19460.41,19622.93,19342.51,19486.79,5505574480
20241231,19551.36,19563.72,19283.41,19310.79,5513803992
20250102,19403.90,19517.87,19117.59,19280.79,5407222487
20250103,19395.51,19638.66,19379.57,19621.68,6150223913
20250106,19851.99,20007.95,19785.00,19864.98,6721392713
20250107,19938.08,19940.21,19421.02,19489.68,6382636271
20250108,19469.37,19544.50,19308.54,19478.88,5737606493
20250110,19312.26,19315.11,19018.75,19161.63,5626958410
20250113,18903.66,19099.97,18831.91,19088.10,6169283463
20250114,19207.75,19273.14,18926.60,19044.39,4903051511
20250115,19350.31,19548.90,19299.32,19511.23,5953369720
20250116,19573.87,19579.85,19335.68,19338.29,5741942127
20250117,19655.54,19709.64,19543.32,19630.20,6417226868
20250121,19734.39,19789.63,19551.17,19756.78,6365456553
20250122,19903.05,20068.52,19903.05,20009.34,5676876062
20250123,19906.99,20053.68,19892.55,20053.68,5344404787
20250124,20087.11,20118.61,19897.13,19954.30,6040952263
20250127,19234.04,19514.36,19204.95,19341.83,6231320786
20250128,19418.22,19759.43,19294.62,19733.59,5661224940
20250129,19695.68,19699.82,19479.51,19632.32,4776934343
20250130,19697.53,19785.79,19483.83,19681.75,4981053059
20250131,19832.33,19969.17,19575.21,19627.44,5572581591
20250203,19215.38,19502.13,19141.15,19391.96,5885895122
20250204,19422.17,19666.45,19408.18,19654.02,4853526704
20250205,19533.05,19696.94,19498.90,19692.33,5166531788
20250206,19725.83,19793.36,19654.11,19791.99,4938980326
20250207,19774.87,19862.54,19489.36,19523.40,5051229908
20250210,19668.18,19772.04,19650.79,19714.27,6032614930
20250211,19602.11,19731.93,19579.77,19643.86,6346149253
20250212,19436.51,19682.51,19415.48,19649.95,6268056391
20250213,19696.92,19952.18,19675.87,19945.64,6117810907
20250214,19956.82,20045.77,19932.15,20026.77,5979256369
20250218,20090.55,20110.12,19909.74,20041.26,6979148114
20250219,19994.50,20099.39,19928.89,20056.25,6568241081
20250220,20029.19,20041.15,19795.02,19962.36,5495765794
20250221,20006.69,20016.66,19510.91,19524.01,6199858608
20250224,19590.85,19644.23,19275.46,19286.93,5585962293
20250225,19242.61,19256.35,18871.52,19026.39,6115383528
20250226,19109.32,19286.02,18966.46,19075.26,5513809972
20250227,19212.36,19242.69,18535.22,18544.42,5740035215
20250228,18477.17,18861.33,18372.99,18847.28,6300616908
20250303,18923.36,18992.30,18216.63,18350.19,6321891590
20250304,18176.43,18589.49,17956.61,18285.16,6295548226
20250305,18312.96,18604.47,18144.73,18552.73,5020175799
20250306,18204.53,18439.24,17980.39,18069.26,6002991612
20250307,18029.85,18243.58,17768.59,18196.22,5943017418
20250310,17840.32,17868.07,17291.82,17468.32,6648430400
20250311,17443.09,17687.40,17238.24,17436.10,7271054079
20250312,17711.41,17800.10,17436.27,17648.45,5314966886
20250313,17598.56,17621.91,17239.44,17303.01,4903686703
20250314,17523.30,17773.48,17491.08,17754.09,5092397329
20250317,17722.55,17925.94,17645.88,17808.66,4962748835
20250318,17662.57,17682.92,17431.67,17504.12,5106142764
20250319,17590.12,17917.54,17533.94,17750.79,4655335856
20250320,17586.06,17903.20,17576.82,17691.63,4726738430
20250321,17519.84,17798.06,17474.81,17784.05,7010632340
20250324,18046.19,18210.05,18030.68,18188.59,4709806604
20250325,18207.96,18281.14,18170.42,18271.86,5023625042
20250326,18217.33,18236.55,17837.26,17899.02,5578116302
20250327,17811.24,17988.02,17743.80,17804.03,5784063164
20250328,17722.09,17763.28,17283.06,17322.99,5305619534
20250331,17045.45,17334.98,16854.37,17299.29,5470692319
20250401,17221.55,17506.58,17149.36,17449.89,5312860223
20250402,17207.01,17716.52,17181.27,17601.05,5609007051
20250403,16790.53,16889.34,16533.04,16550.61,6434492748
20250404,16045.60,16128.16,15575.68,15587.79,7714914642
20250407,14978.03,16292.28,14784.03,15603.26,7690282532
20250408,16181.04,16316.50,15053.39,15267.91,6954223306
20250409,15295.44,17202.94,15270.28,17124.97,9095141823
20250410,16635.45,16712.37,15894.26,16387.31,6770254276
20250411,16358.53,16753.41,16228.04,16724.46,6390387943
20250414,17120.44,17136.55,16661.26,16831.48,5673110791
20250415,16842.39,16979.96,16753.21,16823.17,4316611666
20250416,16499.70,16600.37,16066.46,16307.16,5074936948
20250417,16399.97,16408.51,16181.17,16286.45,4697569367
20250421,16052.76,16066.79,15685.33,15870.90,4556628809
20250422,16079.94,16410.56,16038.73,16300.42,4836454497
20250423,16880.29,17029.86,16642.66,16708.05,6140935293
20250424,16754.76,17174.35,16744.97,17166.04,5655842114
20250425,17182.11,17404.49,17110.72,17382.94,5485625500
20250428,17390.93,17467.35,17128.71,17366.13,6403348908
20250429,17270.76,17500.41,17256.20,17461.32,6059455823
20250430,17099.98,17483.82,16959.53,17446.34,6798939375
20250501,17793.14,17922.83,17688.11,17710.74,5481431401
20250502,17868.76,18048.83,17812.04,17977.73,6113146195
20250505,17817.02,17965.64,17792.09,17844.24,5051838513
20250506,17623.21,17830.35,17592.88,17689.66,5070176848
20250507,17706.83,17820.30,17503.02,17738.16,6038032650
20250508,17920.15,18096.00,17776.00,17928.14,6229155838
20250509,18022.55,18068.90,17853.84,17928.92,6811042054
20250512,18674.55,18710.22,18472.71,18708.34,7390057495
20250513,18761.23,19065.96,18745.50,19010.08,6469278705
20250514,19074.72,19174.55,19023.61,19146.81,7234073521
20250515,19031.24,19207.22,18967.78,19112.32,7214755727
20250516,19151.54,19213.42,19038.48,19211.10,7822114314
20250519,18937.42,19227.22,18937.42,19215.46,6739783200
20250520,19132.06,19186.69,19015.63,19142.71,6049446657
20250521,19002.94,19241.41,18799.20,18872.64,7231348069
20250522,18888.05,19061.11,18840.34,18925.73,5966849047
20250523,18622.38,18841.52,18599.69,18737.21,5099766329
20250527,19014.44,19210.95,18961.69,19199.16,6811308942
20250528,19232.62,19276.83,19084.38,19100.94,5693233414
20250529,19389.39,19389.39,19091.54,19175.87,6439080530
20250530,19131.22,19157.78,18847.74,19113.77,6826209379
20250602,19063.06,19252.71,18985.30,19242.61,5577093792
20250603,19288.66,19459.29,19224.70,19398.96,6167367501
20250604,19434.94,19493.45,19359.09,19460.49,5918992170
20250605,19518.20,19610.51,19226.21,19298.45,5748499988
20250606,19526.99,19593.18,19464.84,19529.95,5396748571
20250609,19573.14,19637.56,19531.10,19591.24,5727574119
20250610,19620.11,19730.38,19539.09,19714.99,6014853787
20250611,19779.36,19800.46,19551.34,19615.88,8578670042
20250612,19578.87,19690.61,19553.56,19662.48,5028463668
20250613,19450.92,19591.87,19367.42,19406.83,6270512415
20250616,19550.75,19733.31,19550.75,19701.21,6407001538
20250617,19627.08,19666.56,19485.44,19521.09,6703157002
20250618,19526.92,19660.77,19489.57,19546.27,5741294995
20250620,19639.41,19696.11,19380.58,19447.41,7701572567
20250623,19427.01,19643.70,19334.98,19630.97,6303133600
20250624,19809.62,19946.72,19795.29,19912.53,6034117180
20250625,20013.95,20052.78,19918.08,19973.55,6239649631
20250626,20062.19,20187.15,19982.48,20167.91,6572211014
20250627,20217.26,20311.51,20095.05,20273.46,9017171758
20250630,20360.15,20418.31,20266.36,20369.73,6228055437
20250701,20290.61,20339.05,20105.42,20202.89,6394057094
20250702,20184.38,20397.22,20181.74,20393.13,5896074238
20250703,20497.66,20624.51,20480.22,20601.10,4193549017
20250707,20490.55,20511.82,20323.02,20412.52,6370503421
20250708,20466.93,20480.89,20377.36,20418.46,6396132931
20250709,20522.09,20645.41,20486.39,20611.34,6604076942
20250710,20636.48,20655.39,20495.14,20630.66,6477809696
20250711,20562.88,20647.98,20509.75,20585.53,5463850284
20250714,20592.57,20672.34,20492.63,20640.33,5629418491
20250715,20822.76,20836.04,20670.58,20677.80,5968293284
20250716,20717.81,20751.05,20507.07,20730.49,6182997006
20250717,20760.32,20911.83,20735.55,20885.65,7620351402
20250718,20959.57,20980.56,20846.12,20895.66,7082112117
20250721,20960.33,21077.37,20957.44,20974.17,7676089778
20250722,20982.21,20985.34,20750.90,20892.69,6018681976
20250723,20966.47,21023.85,20870.67,21020.02,8071447385
20250724,21083.82,21113.10,21001.68,21057.96,6964807797
20250725,21059.94,21159.80,21036.85,21108.32,7067636461
20250728,21176.40,21202.18,21122.12,21178.58,5522903176
20250729,21286.73,21303.96,21081.69,21098.29,6639597002
20250730,21140.40,21230.88,21016.92,21129.67,7107146742
20250731,21457.48,21457.48,21078.67,21122.45,7179846721
20250801,20830.64,20865.63,20560.17,20650.13,6290884488
20250804,20853.91,21055.24,20833.86,21053.58,5511615594
20250805,21092.10,21138.71,20893.29,20916.55,5709235064
20250806,20955.22,21183.88,20937.49,21169.42,6696650512
20250807,21325.01,21408.15,21090.05,21242.70,6401972917
20250808,21316.37,21464.53,21284.97,21450.02,6041303156
20250811,21459.66,21549.73,21346.62,21385.40,5979869123
20250812,21507.44,21689.68,21386.25,21681.90,6127296459
20250813,21764.55,21803.75,21645.14,21713.14,6139483720
20250814,21649.21,21766.29,21627.13,21710.67,6675179315
20250815,21709.34,21716.18,21567.46,21622.98,5908840682
20250818,21616.82,21651.50,21559.33,21629.77,5791469647
20250819,21607.45,21610.24,21277.71,21314.95,5235118328
20250820,21269.67,21269.67,20905.99,21172.86,5104713432
20250821,21112.52,21198.76,21013.53,21100.31,4732398858
20250822,21139.83,21545.43,21092.36,21496.54,6816905618
20250825,21466.47,21572.18,21400.09,21449.29,6078975920
20250826,21443.63,21550.93,21389.11,21544.27,6523291637
20250827,21526.33,21616.17,21476.30,21590.14,5231016461
20250828,21619.27,21742.46,21534.94,21705.16,4884774558
20250829,21630.33,21631.15,21397.98,21455.55,5244386300
20250902,21086.57,21293.69,21033.05,21279.63,5221495094
20250903,21461.63,21553.98,21370.98,21497.73,5517781314
20250904,21539.91,21711.96,21469.40,21707.69,5214189529
20250905,21860.44,21878.81,21534.72,21700.39,5985028577
20250908,21806.23,21885.62,21776.25,21798.70,5808921508
20250909,21858.17,21891.42,21731.48,21879.49,5086349292
20250910,21980.60,22000.97,21810.84,21886.06,5683620451
20250911,21977.52,22059.71,21908.81,22043.07,6297457652
20250912,22078.63,22182.34,22031.62,22141.10,6012790800
20250915,22243.20,22352.25,22233.00,22348.75,5843817283
20250916,22397.50,22397.50,22308.78,22333.96,6285421198
20250917,22333.02,22339.54,22058.92,22261.33,6475912554
20250918,22439.11,22540.93,22358.48,22470.72,7339677388
20250919,22554.31,22645.11,22497.71,22631.48,9498467593
20250922,22606.59,22801.90,22590.86,22788.98,6697692969
20250923,22782.72,22785.13,22539.04,22573.47,6331228522
20250924,22656.02,22657.45,22397.00,22497.86,5950616461
20250925,22318.77,22456.78,22185.87,22384.70,6474060479
20250926,22403.27,22488.18,22285.44,22484.07,5122235515
20250929,22605.30,22704.90,22536.05,22591.15,6465837854
20250930,22580.36,22671.39,22493.96,22660.01,5696095451
20251001,22530.95,22782.58,22516.74,22755.16,6175747900
20251002,22885.90,22900.60,22729.75,22844.05,5905547396
20251003,22886.16,22925.43,22695.82,22780.51,6744668842
20251006,22894.35,22991.71,22827.56,22941.67,7255989396
20251007,22972.37,23006.07,22718.76,22788.36,6563317410
20251008,22852.32,23045.14,22845.42,23043.38,6936019050
20251009,23045.33,23062.62,22899.16,23024.63,6380184580
20251010,23043.52,23119.91,22193.07,22204.43,7239104694
20251013,22578.67,22718.75,22499.49,22694.61,5795254471
20251014,22388.04,22691.07,22213.73,22521.70,6612820155
20251015,22738.50,22841.69,22427.79,22670.08,7831694555
20251016,22764.40,22886.87,22404.69,22562.54,7027834408
20251017,22489.81,22736.01,22396.65,22679.97,6328446567
20251020,22844.82,23031.87,22841.00,22990.54,5918691482
20251021,22984.55,23010.35,22894.42,22953.67,6153758184
20251022,22940.79,22978.40,22514.08,22740.40,6286785887
20251023,22751.33,22983.46,22732.18,22941.80,5656010724
20251024,23143.23,23261.26,23127.96,23204.87,6415515773
20251027,23537.32,23658.66,23493.96,23637.46,6113727627
20251028,23766.46,23901.36,23675.19,23827.49,6417460153
20251029,23987.29,24019.99,23763.99,23958.47,6913540100
20251030,23793.08,23846.13,23578.47,23581.14,6413617497
20251031,23941.78,23946.23,23628.82,23724.96,5787478857
20251103,23951.91,23976.84,23764.87,23834.72,7298022386
20251104,23458.21,23644.15,23333.32,23348.64,6243853566
20251105,23358.07,23636.53,23286.87,23499.80,6330309519
20251106,23461.29,23469.55,23011.06,23053.99,7782537364
20251107,22892.92,23009.91,22563.42,23004.54,6758855506
20251110,23354.85,23569.62,23290.05,23527.17,6016222007
20251111,23407.72,23508.44,23315.28,23468.30,5298091039
20251112,23563.84,23564.09,23278.30,23406.46,6374385546
20251113,23262.64,23264.27,22796.07,22870.36,6479104041
20251114,22544.72,23073.18,22436.79,22900.59,5475972331
20251117,22788.32,23044.55,22559.51,22708.07,5941918748
20251118,22565.90,22643.01,22231.15,22432.85,5341657682
20251119,22459.27,22821.24,22385.22,22564.23,5569111646
20251120,23057.00,23147.33,22043.20,22078.05,6736740006
20251121,22162.83,22531.84,21898.29,22273.08,6374618925
20251124,22482.16,22916.40,22478.27,22872.01,6199772370
20251125,22802.85,23070.09,22587.11,23025.59,5033640431
20251126,23163.19,23280.58,23074.39,23214.69,5060629963
20251128,23291.59,23365.79,23250.51,23365.69,3130875617
20251201,23172.34,23363.85,23110.21,23275.92,5206785691
20251202,23379.75,23526.23,23286.46,23413.67,4962369504
20251203,23315.58,23499.93,23271.83,23454.09,5371207062
20251204,23527.29,23528.53,23372.33,23505.14,4927846343
20251205,23567.77,23680.03,23506.00,23578.13,4957215727
20251208,23638.22,23698.93,23455.04,23545.90,5082483453
20251209,23504.61,23616.46,23449.73,23576.49,4834458466
20251210,23536.00,23704.08,23435.17,23654.15,5453182634
20251211,23509.22,23606.70,23308.95,23593.86,5251097445
20251212,23488.87,23554.89,23094.51,23195.17,5786802731
20251215,23330.04,23345.56,23012.00,23057.41,5662188774
20251216,22981.82,23162.60,22920.66,23111.46,5279390481
20251217,23135.61,23159.20,22692.00,22693.32,5846777569
20251218,23012.06,23149.61,22906.23,23006.36,5628990235
20251219,23121.90,23307.91,23106.19,23307.62,10108790411
20251222,23450.53,23476.50,23362.93,23428.83,4859832804
20251223,23407.70,23563.46,23377.49,23561.84,4801446774
20251224,23555.95,23621.72,23527.97,23613.31,2665885033
20251226,23645.91,23665.15,23567.86,23593.10,2853380457
20251229,23414.68,23531.02,23397.52,23474.35,3763538267
20251230,23465.67,23521.05,23414.83,23419.08,4003491230
20251231,23420.85,23445.26,23237.78,23241.99,3776432762
20260102,23481.49,23585.96,23119.49,23235.63,4536761692
20260105,23449.67,23476.51,23332.23,23395.82,5677431191
20260106,23446.96,23559.15,23389.57,23547.17,5919174891
20260107,23544.89,23723.37,23504.21,23584.28,5445129254
20260108,23548.88,23558.17,23353.46,23480.02,5067133729
20260109,23496.21,23721.15,23426.48,23671.35,5138105492
20260112,23576.88,23804.04,23562.97,23733.90,6106432361
20260113,23735.12,23813.30,23607.59,23709.87,5988343947
20260114,23563.92,23590.20,23306.66,23471.75,6115292915
20260115,23693.97,23721.11,23502.18,23530.02,5695611661
20260116,23639.69,23664.26,23446.81,23515.39,6204068044
20260120,23142.69,23236.05,22916.83,22954.32,5773373013
20260121,23017.68,23383.24,22927.88,23224.82,5785495122
20260122,23440.71,23503.16,23335.15,23436.02,6008924259
20260123,23440.92,23610.74,23374.26,23501.24,5273925288
20260126,23529.28,23688.94,23486.08,23601.36,4487761861
20260127,23734.75,23865.26,23694.38,23817.10,4716533921
20260128,23965.11,23988.27,23775.49,23857.45,5218929512
20260129,23830.92,23840.55,23232.78,23685.12,5447732043
20260130,23578.96,23662.25,23351.55,23461.82,5903148165
20260202,23370.54,23686.83,23356.40,23592.11,5434540630
20260203,23667.44,23691.60,23027.21,23255.19,5711628677
20260204,23217.02,23270.07,22684.51,22904.58,6441389699
20260205,22604.02,22841.28,22461.14,22540.59,5954193046
20260206,22625.30,23088.46,22586.40,23031.21,5819482016
20260209,22952.24,23314.67,22878.37,23238.67,4751296257
20260210,23271.22,23310.73,23089.10,23102.47,5256708604
20260211,23278.29,23320.62,22902.01,23066.47,5713463647
20260212,23142.87,23161.60,22548.02,22597.15,5765472580
20260213,22561.46,22742.06,22402.38,22546.67,5082285481
20260217,22394.76,22690.83,22256.76,22578.38,4885986467
20260218,22629.85,22895.96,22597.77,22753.63,5024721933
20260219,22639.88,22768.83,22583.61,22682.73,4154777691
20260220,22542.28,22948.87,22539.05,22886.07,5065150969
20260223,22840.97,22893.22,22547.13,22627.27,5600432073
20260224,22641.60,22895.48,22528.26,22863.68,5383436127
20260225,23005.01,23169.68,23004.69,23152.08,5290509706
20260226,23100.58,23109.46,22670.80,22878.38,5844660338
20260227,22615.43,22735.78,22538.30,22668.21,6235887256
20260302,22322.12,22802.80,22306.08,22748.86,5046221633
20260303,22292.37,22601.59,22124.78,22516.69,5140405858
20260304,22620.89,22891.88,22570.67,22807.48,6057374060
20260305,22707.47,22877.02,22500.29,22748.99,6863345979
20260306,22421.17,22614.41,22328.13,22387.68,5307303303
20260309,22184.05,22741.03,22061.97,22695.95,9797740000
20260310,22722.94,22906.72,22608.23,22697.10,8800580000
20260311,22771.27,22877.71,22602.33,22716.13,8348570000
20260312,22526.59,22550.75,22290.48,22311.98,8490850000
20260313,22425.70,22521.38,22069.24,22105.36,8278740000
20260316,22340.39,22521.59,22316.63,22374.18,8208800000
20260317,22458.03,22569.64,22409.07,22479.53,8505210000
20260318,22421.96,22461.76,22144.76,22152.42,9325170000
20260319,21871.04,22187.06,21851.05,22090.69,8547870000
20260320,21989.33,21997.09,21522.75,21647.61,11743490000
20260323,21995.78,22189.34,21865.80,21946.76,8895880000
20260324,21807.60,21916.16,21712.04,21761.89,8488380000
20260325,22006.43,22093.18,21865.46,21929.82,8056920000
20260326,21693.18,21823.58,21395.77,21408.08,7726590000
20260327,21287.19,21293.50,20909.93,20948.36,8713310000
20260330,21096.24,21139.72,20690.25,20794.64,9234380000
20260331,21064.33,21642.62,21063.38,21590.63,10645070000
20260401,21742.79,21983.07,21723.72,21840.95,8801740000
20260402,21472.52,21906.48,21371.32,21879.18,8134780000
20260406,21939.80,22052.41,21864.50,21996.34,7907270000
20260407,21927.09,22024.90,21611.00,22017.85,10796020000
20260408,22821.21,22821.21,22501.28,22634.99,10411670000
20260409,22646.35,22836.75,22529.21,22822.42,8662470000
20260410,22913.91,23011.77,22845.05,22902.89,8700640000
20260413,22849.23,23187.96,22795.82,23183.74,7925320000
20260414,23331.50,23639.08,23331.50,23639.08,9105660000
20260415,23688.12,24026.56,23672.26,24016.02,10206480000
20260416,24062.45,24156.18,23894.91,24102.70,9963610000
20260417,24338.01,24519.51,24286.47,24468.48,10159120000
20260420,24417.53,24435.92,24221.53,24404.39,8379940000
20260421,24465.34,24537.58,24198.99,24259.96,9309940000
20260422,24462.31,24660.11,24421.40,24657.57,8080930000
20260423,24553.75,24664.87,24209.74,24438.50,7956600000
20260424,24616.56,24854.04,24524.37,24836.60,10203070000
20260427,24799.64,24899.37,24694.82,24887.10,8126500000
20260428,24609.57,24724.70,24524.23,24663.80,7441950000
20260429,24606.53,24724.11,24532.70,24673.24,8147470000
20260430,24859.94,24935.60,24491.83,24892.31,8139190000
20260501,24977.79,25223.12,24967.09,25114.44,7534290000
20260504,25112.18,25210.47,24913.12,25067.80,7849180000
20260505,25258.88,25361.05,25217.16,25326.13,8090030000
20260506,25495.17,25850.19,25464.44,25838.94,8864150000
20260507,25881.30,26036.38,25713.65,25806.20,9118880000
20260508,25958.12,26248.62,25944.78,26247.08,9577150000
20260511,26135.63,26359.31,26129.83,26274.13,11989910000
20260512,26087.01,26190.48,25739.22,26088.20,9631840000
20260513,26147.65,26474.18,25990.16,26402.34,9734720000
20260514,26425.47,26707.14,26423.21,26635.22,9860060000
20260515,26288.92,26460.76,26097.54,26225.14,9584430000
20260518,26289.49,26310.84,25867.30,26090.73,10327940000
20260519,25923.49,26050.29,25701.44,25870.71,9895620000
20260520,25991.51,26273.76,25928.33,26270.36,9268370000
20260521,26143.62,26403.57,26039.37,26293.10,8627780000
20260522,26381.56,26504.55,26309.80,26343.97,9265090000
20260526,26590.50,26725.29,26520.30,26656.18,9718120000
20260527,26695.44,26715.31,26538.31,26674.73,9240640000
20260528,26686.53,26934.84,26588.52,26917.47,9224620000
20260529,26960.84,27094.80,26859.27,26972.62,11906000000
20260601,26952.58,27190.21,26913.12,27086.81,10199240000
20260602,27030.07,27171.29,26932.77,27093.90,9675650000
20260603,27092.85,27130.88,26769.15,26853.98,9267670000
20260604,26579.30,26923.70,26554.24,26830.96,8999970000
20260605,26536.59,26572.25,25648.47,25709.43,11550140000
20260608,26065.07,26179.65,25872.68,25929.66,10077650000
20260609,26110.31,26259.92,24980.38,25678.82,12106940000
20260610,25512.07,25726.00,25145.30,25169.50,9519620000
20260611,25309.78,25846.56,25109.39,25809.66,10101910000
20260612,25783.36,26010.31,25599.94,25888.84,10337400000
20260615,26447.23,26687.56,26438.77,26683.94,10590270000
20260616,26649.97,26788.62,26369.39,26376.34,11132830000
20260617,26493.82,26511.55,25960.41,26021.66,11443600000
20260618,26410.62,26559.74,26188.69,26517.93,18286150000
20260622,26483.31,26561.12,26125.48,26166.60,12844290000
20260623,25549.76,25882.57,25513.26,25587.04,14631520000
20260624,25578.62,25840.56,25354.66,25476.64,14936190000
20260625,25724.78,25724.78,25123.43,25358.60,9870860000
20260626,25105.41,25491.38,25014.96,25297.62,16594580000
20260629,25502.09,25834.35,25289.76,25820.14,9776230000
20260630,25824.47,26253.04,25808.06,26213.72,9809990000
20260701,26039.51,26238.06,25954.46,26040.03,9094410000
20260702,26047.38,26261.09,25630.51,25832.67,9529580000
20260706,25999.61,26209.76,25963.44,26121.16,7827050000
20260707,25960.13,26010.02,25684.15,25818.69,8244680000
20260708,25704.66,25896.07,25526.46,25870.65,7935740000
20260709,25918.31,26215.82,25825.85,26206.89,7312220000
20260710,26175.54,26301.54,26009.49,26281.61,7094480000
20260713,26088.31,26139.37,25822.10,25873.18,7231310000
20260714,26015.49,26168.80,25912.40,26107.01,7397960000
20260715,26261.18,26316.81,26041.13,26269.23,7379560000
20260716,26155.40,26165.37,25765.45,25881.95,8294880000
20260717,25412.26,25703.01,25250.63,25520.24,7820470000
20260720,25720.87,25815.60,25501.10,25508.07,7184070000
20260721,25772.55,25880.34,25672.83,25837.21,8001540000
20260722,25693.72,25841.31,25681.32,25690.90,7473050000
20260723,25245.54,25358.28,24954.77,25137.69,7655810000
20260724,25107.38,25222.14,24918.09,24975.82,7266300000
20260727,25236.19,25261.91,24774.87,24932.08,7797890000
20260728,24825.07,24984.50,24581.01,24876.91,8584960000
20260729,24863.48,25054.53,24425.34,24442.94,8276280000
20260730,24852.05,25171.44,24813.84,25122.18,9048570000
20260731,25340.71,25460.86,25004.33,25373.85,11942500000
20260803,25452.66,25967.44,25420.35,25913.90,11118460000
20260804,26088.04,26679.91,26088.04,26584.99,9717920000
20260805,26698.02,26739.00,26348.51,26363.44,9116070000
20260806,26268.84,26499.42,26208.43,26348.35,8936850000
20260807,26534.66,26712.62,26478.01,26690.62,8183970000
20260810,26680.44,26724.63,26548.26,26605.36,7675200000
20260811,26672.18,26679.26,26372.31,26445.45,7684920000
20260812,26680.47,26688.24,26531.93,26588.49,7873190000
20260813,26631.34,26875.52,26612.85,26803.03,8380820000
20260814,26851.15,26862.17,26661.95,26729.16,7212180000
20260817,26784.65,26798.40,26626.38,26644.91,7644090000
20260818,26346.88,26422.50,26266.68,26289.71,7360790000
20260819,26393.89,26456.78,26185.13,26331.09,8173140000
20260820,26211.52,26263.47,26023.12,26067.17,8244680000
20260821,26198.84,26269.85,26049.29,26180.46,7410100000
20260824,26065.32,26109.96,25910.82,25980.19,7318150000
20260825,26148.71,26225.83,26034.35,26151.30,7483990000
20260826,26099.58,26189.81,26021.63,26130.20,7065320000
20260827,26356.98,26553.90,26273.87,26541.35,7448410000
20260828,26515.99,26700.68,26359.27,26402.42,8457870000
20260831,26358.56,26398.33,26249.77,26370.89,7679730000
20260901,26031.67,26260.68,25995.53,26099.77,6750660000
20260902,26094.00,26245.04,26062.68,26217.83,7442550000
20260903,26336.32,26644.57,26325.06,26584.06,7600140000
20260904,26587.90,26628.58,26444.84,26506.99,6529110000
20260908,26528.57,26542.14,26341.17,26421.41,7714560000
20260909,26325.06,26366.56,26184.21,26253.34,7379700000
20260910,26021.05,26178.25,25979.54,26081.72,7174170000
20260911,26289.41,26431.22,26283.11,26333.04,6587900000
20260914,26018.50,26329.98,25992.55,26186.41,7179780000
20260915,26140.23,26172.12,25943.31,25981.57,7934200000
20260916,26108.46,26225.09,25802.96,25978.43,9968640000
20260917,26377.86,26460.64,26289.94,26418.30,9884890000
20260918,26522.09,26544.93,26333.98,26522.54,13286960000
20260921,26723.19,27183.93,26707.42,27122.09,8813260000
20260922,27161.20,27288.79,27161.20,27244.28,9334690000
20260923,27213.52,27217.33,26873.54,26936.04,8491740000
20260924,26734.51,26971.04,26706.14,26939.37,8078820000
20260925,26970.95,27122.76,26876.27,27068.72,7275260000
20260928,26935.76,26990.02,26709.69,26820.38,7030730000
20260929,26908.76,26919.72,26717.95,26797.54,7097250000
20260930,26892.80,27108.20,26861.06,26861.06,8300260000
20261001,26992.31,27014.47,26733.89,26871.60,7329610000
20261002,27216.91,27353.68,27112.24,27190.86,7954430000
20261005,27225.93,27544.06,27223.49,27477.31,7828480000
20261006,27641.17,27722.75,27592.56,27599.79,8451470000
20261007,27430.54,27547.20,27341.31,27538.69,7315500000
20261008,27416.03,27491.89,27066.76,27193.34,8820120000
20261009,27342.27,27375.55,27254.03,27304.81,2017423000
