Date,Open,High,Low,Close
19380107,5.65,6.24,5.59,6.22
19380114,6.22,6.42,6.19,6.37
19380121,6.33,6.34,6.06,6.1
19380128,6.1,6.12,5.55,5.62
19380204,5.63,5.85,5.47,5.75
19380213,5.71,5.94,5.62,5.84
19380218,5.84,5.99,5.73,5.97
19380225,5.98,6.25,5.98,6.16
19380304,6.11,6.13,5.91,5.93
19380311,5.9,5.9,5.62,5.65
19380318,5.71,5.93,5.38,5.54
19380325,5.53,5.63,4.88,4.9
19380401,4.9,4.99,4.45,4.93
19380408,4.94,5.48,4.86,5.46
19380415,5.4,5.67,5.24,5.64
19380422,5.62,5.65,5.23,5.51
19380429,5.46,5.46,5.1,5.15
19380506,5.11,5.56,5.06,5.52
19380513,5.54,5.66,5.42,5.45
19380520,5.43,5.45,5.2,5.21
19380527,5.21,5.26,4.84,4.98
19380603,4.95,5.13,4.88,5.11
19380610,5.11,5.28,5.11,5.17
19380617,5.11,5.18,5.03,5.12
19380624,5.24,6.03,5.24,6.02
19380701,6.02,6.44,5.9,6.42
19380708,6.43,6.51,6.22,6.32
19380715,6.27,6.48,6.17,6.4
19380722,6.43,6.75,6.39,6.74
19380729,6.72,6.82,6.43,6.54
19380805,6.49,6.78,6.44,6.75
19380812,6.78,6.79,6.23,6.26
19380819,6.26,6.53,6.26,6.48
19380826,6.48,6.68,6.43,6.51
19380902,6.35,6.51,6.22,6.5
19380909,6.48,6.54,6.23,6.25
19380916,6.26,6.36,5.83,5.88
19380923,6.02,6.33,5.85,5.97
19380930,5.87,6.55,5.7,6.54
19381007,6.52,6.84,6.5,6.82
19381014,6.79,6.99,6.69,6.96
19381021,6.91,7.04,6.79,7.03
19381028,7.03,7.09,6.84,6.87
19381104,6.88,6.95,6.82,6.92
19381111,6.91,7.24,6.9,7.22
19381118,7.12,7.12,6.69,6.74
19381125,6.75,6.77,6.6,6.61
19381202,6.55,6.67,6.43,6.52
19381209,6.48,6.61,6.42,6.5
19381216,6.5,6.8,6.49,6.67
19381223,6.62,6.73,6.55,6.71
19381230,6.69,6.91,6.62,6.89
19390106,6.88,6.92,6.73,6.74
19390113,6.71,6.72,6.41,6.59
19390120,6.58,6.69,6.48,6.5
19390127,6.34,6.34,5.99,6.15
19390203,6.23,6.48,6.23,6.46
19390210,6.5,6.55,6.37,6.47
19390217,6.45,6.52,6.41,6.51
19390224,6.4,6.59,6.31,6.57
19390303,6.58,6.72,6.54,6.7
19390310,6.68,6.82,6.63,6.76
19390317,6.75,6.75,6.19,6.24
19390324,6.22,6.35,6.05,6.25
19390331,6.24,6.31,5.68,5.82
19390407,5.86,5.98,5.26,5.28
19390414,5.3,5.76,5.24,5.73
19390421,5.64,5.72,5.5,5.67
19390428,5.64,5.79,5.55,5.65
19390505,5.65,5.88,5.61,5.82
19390512,5.81,5.93,5.76,5.81
19390519,5.8,5.86,5.59,5.73
19390526,5.71,5.99,5.68,5.97
19390602,5.98,6.03,5.87,5.95
19390609,5.94,6.12,5.91,6.07
19390616,6.06,6.06,5.78,5.85
19390623,5.86,5.96,5.86,5.91
19390630,5.87,5.87,5.53,5.65
19390707,5.66,5.79,5.64,5.73
19390714,5.73,6.04,5.73,5.97
19390721,6.03,6.31,6.03,6.29
19390728,6.26,6.31,6.18,6.23
19390804,6.22,6.3,6.1,6.15
19390811,6.14,6.15,5.9,6
19390818,5.99,6.15,5.76,5.79
19390825,5.71,5.86,5.46,5.84
19390901,5.8,5.99,5.46,5.91
19390908,6.23,6.62,6.23,6.53
19390915,6.5,6.84,6.5,6.62
19390922,6.51,6.75,6.38,6.66
19390929,6.65,6.79,6.49,6.67
19391006,6.64,6.66,6.47,6.49
19391013,6.5,6.59,6.47,6.5
19391020,6.5,6.72,6.48,6.66
19391027,6.65,6.77,6.6,6.63
19391103,6.62,6.64,6.5,6.59
19391112,6.59,6.59,6.39,6.45
19391117,6.46,6.56,6.43,6.54
19391124,6.52,6.57,6.36,6.38
19391201,6.39,6.42,6.18,6.27
19391208,6.28,6.39,6.23,6.3
19391215,6.27,6.35,6.19,6.31
19391222,6.31,6.35,6.26,6.34
19391229,6.33,6.38,6.23,6.36
19400105,6.39,6.53,6.39,6.46
19400112,6.46,6.51,6.18,6.19
19400119,6.2,6.27,6.12,6.22
19400126,6.22,6.32,6.17,6.26
19400202,6.28,6.3,6.2,6.24
19400209,6.25,6.45,6.21,6.39
19400216,6.39,6.43,6.34,6.4
19400223,6.4,6.44,6.32,6.33
19400301,6.35,6.37,6.29,6.31
19400308,6.31,6.43,6.3,6.39
19400315,6.41,6.48,6.3,6.31
19400322,6.32,6.42,6.29,6.39
19400329,6.38,6.49,6.32,6.48
19400405,6.47,6.68,6.45,6.67
19400412,6.67,6.72,6.53,6.56
19400419,6.56,6.6,6.38,6.45
19400426,6.47,6.55,6.45,6.47
19400503,6.48,6.56,6.44,6.49
19400510,6.49,6.55,6.31,6.36
19400517,6.29,6.29,5.19,5.27
19400524,5.29,5.41,4.79,5.01
19400531,5.03,5.14,4.82,5.02
19400607,5,5.13,4.91,5.09
19400614,5.02,5.51,4.84,5.47
19400621,5.49,5.58,5.3,5.48
19400628,5.5,5.6,5.32,5.5
19400705,5.47,5.51,5.41,5.5
19400712,5.49,5.55,5.48,5.51
19400719,5.52,5.63,5.51,5.54
19400726,5.53,5.59,5.49,5.58
19400802,5.59,5.8,5.58,5.75
19400809,5.75,5.83,5.68,5.81
19400816,5.82,5.84,5.52,5.59
19400823,5.58,5.85,5.57,5.77
19400830,5.77,6,5.77,5.99
19400906,5.98,6.22,5.96,6.14
19400913,6.05,6.05,5.85,5.91
19400920,5.95,6.11,5.95,6.11
19400927,6.14,6.27,6.05,6.12
19401004,6.11,6.29,6.1,6.21
19401013,6.2,6.23,6.03,6.11
19401018,6.1,6.23,6.06,6.2
19401025,6.21,6.32,6.16,6.31
19401101,6.32,6.53,6.25,6.49
19401108,6.51,6.69,6.28,6.67
19401115,6.69,6.71,6.46,6.49
19401122,6.49,6.53,6.32,6.35
19401129,6.33,6.4,6.18,6.27
19401206,6.28,6.33,6.2,6.28
19401213,6.28,6.39,6.26,6.35
19401220,6.36,6.36,6.17,6.23
19401227,6.22,6.32,6.17,6.29
19410103,6.3,6.47,6.27,6.43
19410110,6.43,6.56,6.42,6.52
19410117,6.52,6.54,6.3,6.32
19410124,6.34,6.34,6.23,6.33
19410131,6.33,6.35,5.99,6.04
19410207,6.05,6.19,6.01,6.17
19410214,6.17,6.19,5.77,5.82
19410223,5.83,5.94,5.77,5.92
19410228,5.92,6.07,5.92,6.02
19410307,5.98,6.07,5.93,6.04
19410314,6.05,6.16,6.05,6.13
19410321,6.12,6.16,6.05,6.05
19410328,6.04,6.15,6.04,6.08
19410404,6.09,6.26,6.08,6.2
19410411,6.19,6.19,5.89,5.9
19410418,5.9,5.95,5.76,5.78
19410425,5.78,5.86,5.72,5.79
19410502,5.8,5.86,5.72,5.78
19410509,5.76,5.95,5.74,5.94
19410516,5.94,5.96,5.77,5.82
19410523,5.83,5.96,5.82,5.87
19410530,5.83,5.87,5.79,5.82
19410606,5.81,5.97,5.79,5.96
19410613,5.96,6.18,5.96,6.14
19410620,6.13,6.23,6.09,6.12
19410627,6.2,6.28,6.17,6.19
19410704,6.19,6.24,6.14,6.23
19410711,6.25,6.52,6.25,6.47
19410718,6.48,6.53,6.42,6.5
19410725,6.52,6.66,6.5,6.56
19410801,6.54,6.66,6.5,6.53
19410808,6.55,6.58,6.42,6.43
19410815,6.45,6.46,6.35,6.39
19410822,6.41,6.49,6.41,6.46
19410829,6.47,6.57,6.45,6.56
19410905,6.56,6.6,6.5,6.52
19410912,6.52,6.56,6.46,6.55
19410919,6.55,6.71,6.54,6.57
19410926,6.58,6.64,6.43,6.5
19411003,6.5,6.58,6.49,6.51
19411010,6.52,6.53,6.31,6.34
19411017,6.34,6.35,6.14,6.26
19411024,6.27,6.37,6.24,6.32
19411031,6.28,6.28,6.13,6.18
19411107,6.17,6.28,6.15,6.19
19411114,6.19,6.2,5.94,6.05
19411121,6.06,6.13,5.98,6.11
19411128,6.11,6.16,5.91,5.93
19411205,5.95,6.17,5.89,6.13
19411212,6.02,6.02,5.56,5.71
19411219,5.69,5.78,5.51,5.56
19411226,5.57,5.62,5.45,5.55
19420102,5.49,5.91,5.44,5.9
19420109,5.96,6.01,5.76,5.78
19420116,5.8,5.97,5.78,5.86
19420123,5.88,5.92,5.76,5.84
19420130,5.83,5.93,5.78,5.79
19420206,5.79,5.92,5.79,5.82
19420213,5.78,5.78,5.63,5.71
19420220,5.68,5.72,5.53,5.59
19420227,5.57,5.66,5.55,5.64
19420306,5.61,5.67,5.36,5.41
19420313,5.4,5.43,5.2,5.27
19420320,5.28,5.46,5.27,5.34
19420327,5.34,5.42,5.28,5.29
19420403,5.3,5.35,5.25,5.33
19420410,5.32,5.41,5.22,5.23
19420417,5.24,5.25,5.05,5.1
19420424,5.1,5.16,4.93,4.97
19420501,4.97,5.11,4.89,5.09
19420508,5.09,5.25,5.08,5.22
19420515,5.23,5.27,5.08,5.22
19420522,5.21,5.3,5.14,5.26
19420531,5.25,5.4,5.22,5.35
19420605,5.36,5.54,5.35,5.52
19420612,5.52,5.58,5.44,5.49
19420619,5.49,5.62,5.49,5.5
19420626,5.46,5.46,5.36,5.42
19420705,5.41,5.56,5.39,5.54
19420710,5.54,5.81,5.54,5.76
19420717,5.76,5.83,5.7,5.71
19420724,5.73,5.79,5.63,5.67
19420731,5.66,5.68,5.56,5.62
19420807,5.62,5.65,5.54,5.57
19420814,5.57,5.66,5.56,5.65
19420821,5.67,5.76,5.65,5.72
19420828,5.73,5.75,5.59,5.66
19420904,5.67,5.69,5.63,5.66
19420911,5.66,5.71,5.59,5.61
19420918,5.61,5.69,5.6,5.68
19420925,5.67,5.86,5.67,5.83
19421002,5.82,5.97,5.79,5.96
19421009,5.96,6.18,5.95,6.18
19421016,6.2,6.25,6.09,6.13
19421023,6.12,6.26,6.11,6.2
19421030,6.21,6.24,6.08,6.18
19421106,6.19,6.35,6.17,6.33
19421113,6.34,6.41,6.26,6.28
19421120,6.25,6.26,6.14,6.23
19421127,6.2,6.2,6.08,6.13
19421204,6.12,6.17,6.07,6.14
19421211,6.12,6.2,6.09,6.17
19421218,6.18,6.4,6.15,6.37
19421225,6.36,6.42,6.32,6.41
19430101,6.4,6.47,6.28,6.46
19430108,6.49,6.54,6.47,6.52
19430115,6.5,6.63,6.48,6.62
19430122,6.63,6.71,6.52,6.68
19430129,6.67,6.86,6.66,6.85
19430205,6.86,6.91,6.78,6.87
19430212,6.88,7.02,6.84,7
19430219,7.03,7.09,6.89,7.03
19430226,7.02,7.19,6.99,7.17
19430305,7.16,7.24,7.03,7.21
19430312,7.18,7.24,7.06,7.2
19430319,7.2,7.21,7.05,7.07
19430326,7.09,7.38,7.07,7.37
19430402,7.4,7.55,7.4,7.52
19430409,7.48,7.67,7.21,7.26
19430416,7.26,7.41,7.15,7.39
19430423,7.39,7.48,7.33,7.44
19430430,7.44,7.57,7.41,7.55
19430507,7.59,7.76,7.58,7.72
19430514,7.73,7.79,7.53,7.59
19430521,7.6,7.76,7.54,7.68
19430528,7.67,7.83,7.63,7.82
19430604,7.85,7.93,7.83,7.92
19430611,7.91,7.91,7.75,7.8
19430618,7.76,7.76,7.63,7.71
19430625,7.71,7.91,7.62,7.89
19430702,7.92,7.98,7.88,7.96
19430709,7.95,8.01,7.91,7.99
19430716,8.01,8.16,7.99,8.07
19430723,8.06,8.09,7.99,8.02
19430730,7.99,7.99,7.47,7.49
19430806,7.47,7.59,7.35,7.44
19430813,7.45,7.6,7.42,7.58
19430820,7.57,7.65,7.49,7.5
19430827,7.46,7.52,7.38,7.47
19430903,7.47,7.59,7.44,7.57
19430910,7.55,7.64,7.5,7.61
19430917,7.62,7.8,7.57,7.79
19430924,7.78,7.84,7.69,7.71
19431001,7.69,7.72,7.62,7.7
19431008,7.69,7.69,7.41,7.51
19431015,7.47,7.56,7.42,7.55
19431022,7.54,7.62,7.51,7.56
19431029,7.56,7.64,7.53,7.57
19431105,7.56,7.59,7.34,7.37
19431112,7.33,7.33,7.12,7.14
19431119,7.15,7.21,7.04,7.2
19431126,7.2,7.21,7.03,7.05
19431203,7.03,7.13,6.94,7.12
19431210,7.11,7.3,7.1,7.29
19431217,7.29,7.35,7.21,7.34
19431226,7.34,7.38,7.3,7.33
19440102,7.33,7.41,7.22,7.37
19440107,7.36,7.56,7.34,7.52
19440114,7.51,7.56,7.45,7.55
19440121,7.55,7.57,7.5,7.56
19440128,7.55,7.57,7.44,7.5
19440204,7.51,7.55,7.36,7.39
19440213,7.4,7.51,7.34,7.47
19440218,7.47,7.58,7.46,7.51
19440225,7.51,7.6,7.49,7.58
19440303,7.58,7.62,7.53,7.61
19440310,7.61,7.78,7.61,7.77
19440317,7.8,7.91,7.8,7.85
19440324,7.84,7.89,7.75,7.77
19440331,7.77,7.8,7.65,7.74
19440407,7.73,7.78,7.67,7.77
19440414,7.76,7.79,7.68,7.72
19440421,7.72,7.72,7.52,7.61
19440428,7.6,7.69,7.53,7.67
19440505,7.68,7.84,7.68,7.83
19440512,7.84,7.85,7.75,7.76
19440519,7.77,7.88,7.76,7.87
19440526,7.88,7.97,7.86,7.96
19440602,7.96,8.05,7.95,8.01
19440609,8,8.06,7.94,8.04
19440616,8.12,8.41,8.12,8.39
19440623,8.4,8.52,8.4,8.44
19440630,8.45,8.54,8.42,8.5
19440707,8.54,8.68,8.53,8.67
19440714,8.67,8.73,8.65,8.69
19440721,8.67,8.67,8.31,8.32
19440728,8.34,8.46,8.32,8.36
19440804,8.37,8.46,8.3,8.33
19440811,8.34,8.49,8.3,8.48
19440820,8.47,8.64,8.45,8.62
19440827,8.61,8.63,8.44,8.47
19440903,8.48,8.54,8.45,8.52
19440908,8.5,8.52,8.18,8.23
19440915,8.24,8.34,8.18,8.31
19440922,8.31,8.45,8.29,8.44
19440929,8.45,8.53,8.43,8.52
19441006,8.52,8.68,8.5,8.68
19441013,8.65,8.72,8.6,8.69
19441020,8.68,8.76,8.65,8.72
19441027,8.67,8.68,8.48,8.57
19441103,8.57,8.68,8.53,8.67
19441112,8.67,8.74,8.65,8.72
19441117,8.71,8.72,8.49,8.54
19441124,8.54,8.67,8.53,8.6
19441201,8.6,8.7,8.58,8.65
19441208,8.67,8.9,8.65,8.88
19441215,8.88,9.02,8.84,8.99
19441222,8.97,8.98,8.86,8.91
19441229,8.87,9.04,8.75,9.01
19450105,9.02,9.2,8.98,9.12
19450112,9.15,9.34,9.15,9.28
19450119,9.26,9.31,9.07,9.08
19450126,9.07,9.22,8.96,9.2
19450202,9.22,9.31,9.11,9.3
19450209,9.3,9.42,9.29,9.34
19450216,9.4,9.62,9.4,9.6
19450223,9.62,9.72,9.59,9.64
19450302,9.64,9.81,9.57,9.73
19450309,9.71,9.88,9.43,9.52
19450316,9.54,9.67,9.53,9.65
19450323,9.65,9.66,9.3,9.34
19450330,9.25,9.37,9.14,9.36
19450406,9.36,9.52,9.36,9.5
19450415,9.5,9.77,9.46,9.76
19450420,9.85,10.1,9.85,10.01
19450427,10.03,10.19,10,10.18
19450504,10.17,10.31,10.13,10.3
19450511,10.3,10.36,10.04,10.16
19450518,10.12,10.3,10.07,10.28
19450525,10.26,10.29,10.11,10.27
19450601,10.28,10.47,10.28,10.41
19450608,10.4,10.43,10.3,10.34
19450615,10.34,10.5,10.29,10.48
19450622,10.49,10.64,10.43,10.61
19450629,10.61,10.7,10.27,10.38
19450708,10.39,10.48,10.27,10.35
19450715,10.32,10.53,10.32,10.46
19450722,10.44,10.46,10.05,10.19
19450729,10.14,10.22,9.99,10.05
19450805,10.08,10.25,10.08,10.22
19450812,10.24,10.39,10.09,10.3
19450819,10.24,10.3,10.1,10.19
19450826,10.12,10.51,10.01,10.5
19450902,10.54,10.73,10.48,10.58
19450907,10.86,11.05,10.78,11.01
19450914,11.03,11.19,10.87,10.88
19450921,10.87,11.25,10.76,11.14
19450928,11.14,11.34,11.06,11.32
19451005,11.35,11.55,11.35,11.54
19451014,11.53,11.68,11.52,11.63
19451019,11.66,11.79,11.57,11.69
19451028,11.65,11.75,11.43,11.59
19451102,11.58,11.91,11.43,11.86
19451109,11.86,12.11,11.83,12.04
19451116,12.05,12.18,11.87,12.13
19451123,12.16,12.21,11.76,11.8
19451130,11.83,12.22,11.83,12.2
19451207,12.23,12.49,12.21,12.47
19451214,12.46,12.56,12.18,12.26
19451221,12.14,12.17,11.92,12.15
19451228,12.25,12.37,12.21,12.29
19460104,12.29,12.33,12.13,12.26
19460111,12.24,12.9,12.21,12.8
19460118,12.88,13.1,12.77,12.83
19460125,12.67,12.9,12.5,12.83
19460201,13.04,13.31,13.04,13.27
19460208,13.28,13.31,12.99,13.04
19460215,13.02,13.29,12.69,13.22
19460224,13.2,13.2,12.24,12.57
19460301,12.43,12.43,11.81,12.13
19460308,12.14,12.46,12.02,12.44
19460315,12.44,12.45,12.08,12.38
19460322,12.4,12.65,12.36,12.63
19460329,12.68,12.91,12.68,12.84
19460405,12.87,13.26,12.79,13.17
19460412,13.2,13.45,13.16,13.25
19460419,13.23,13.49,13.14,13.43
19460426,13.43,13.48,13.08,13.32
19460503,13.31,13.37,13.06,13.09
19460510,13.07,13.44,12.89,13.41
19460517,13.42,13.44,13.12,13.18
19460526,13.18,13.44,13.13,13.36
19460602,13.4,13.76,13.4,13.65
19460609,13.61,13.62,13.3,13.4
19460616,13.38,13.46,13.21,13.38
19460623,13.41,13.46,12.72,12.98
19460630,12.98,13.18,12.8,13.13
19460707,13.16,13.34,13.12,13.13
19460714,13.09,13.21,12.93,13.02
19460721,13,13.01,12.73,12.81
19460728,12.81,12.85,12.34,12.55
19460804,12.55,12.88,12.55,12.85
19460811,12.83,12.94,12.68,12.87
19460818,12.91,13.04,12.69,12.72
19460825,12.73,12.81,12.38,12.54
19460901,12.51,12.59,11.77,11.88
19460908,11.67,11.67,10.84,11.3
19460915,11.05,11.05,10.37,10.93
19460922,10.92,11.11,10.16,10.49
19460929,10.45,10.93,10.22,10.79
19461004,10.75,10.79,10.48,10.5
19461013,10.51,10.56,10.03,10.45
19461018,10.39,11.06,10.36,10.67
19461025,10.68,10.76,10.43,10.5
19461101,10.44,10.87,10.01,10.85
19461108,10.87,11.04,10.45,10.75
19461115,10.74,10.85,10.48,10.53
19461122,10.5,10.5,10.03,10.25
19461129,10.23,10.55,10.19,10.5
19461206,10.43,10.63,10.25,10.6
19461213,10.81,11.04,10.78,10.92
19461220,10.89,11.14,10.82,11.13
19461227,11.09,11.11,10.76,10.9
19470103,10.84,11,10.8,10.96
19470110,10.98,11.11,10.76,10.77
19470117,10.74,10.98,10.49,10.92
19470124,10.87,10.94,10.69,10.9
19470131,10.9,11.34,10.88,11.31
19470207,11.29,11.68,11.28,11.65
19470214,11.61,11.64,11.35,11.41
19470223,11.38,11.5,11.22,11.38
19470228,11.35,11.36,10.97,11.13
19470307,11.1,11.32,10.87,10.89
19470314,10.87,10.9,10.63,10.67
19470321,10.64,11.04,10.64,11.03
19470328,10.98,11.16,10.84,11.07
19470404,11.05,11.08,10.93,10.98
19470411,10.95,10.95,10.53,10.55
19470418,10.47,10.47,10.17,10.4
19470425,10.46,10.62,10.42,10.45
19470502,10.44,10.8,10.37,10.78
19470509,10.77,10.84,10.57,10.65
19470516,10.63,10.63,9.96,9.97
19470523,9.99,10.38,9.88,10.34
19470601,10.34,10.55,10.18,10.53
19470608,10.46,10.6,10.38,10.57
19470615,10.53,10.96,10.47,10.93
19470622,10.94,11.13,10.86,11.06
19470629,11.06,11.17,10.88,11.04
19470706,11.07,11.42,11.02,11.4
19470713,11.39,11.65,11.31,11.61
19470720,11.62,11.78,11.47,11.6
19470727,11.63,11.86,11.53,11.78
19470803,11.76,11.84,11.3,11.58
19470810,11.52,11.55,11.29,11.31
19470817,11.31,11.47,11.19,11.43
19470824,11.41,11.44,11.27,11.35
19470831,11.32,11.32,11.11,11.26
19470907,11.24,11.35,11.01,11.1
19470914,11.04,11.12,10.87,11.03
19470921,11.02,11.28,10.96,11.19
19470928,11.19,11.23,10.91,10.94
19471003,10.95,11.3,10.94,11.25
19471010,11.22,11.34,11.15,11.3
19471017,11.34,11.59,11.34,11.59
19471024,11.6,11.72,11.39,11.47
19471031,11.44,11.56,11.25,11.45
19471107,11.42,11.49,11.26,11.35
19471114,11.33,11.44,11.2,11.25
19471121,11.25,11.45,11.2,11.36
19471128,11.32,11.37,11.09,11.12
19471205,11.11,11.26,10.82,10.85
19471212,10.91,11.19,10.87,11.18
19471219,11.21,11.36,11.15,11.35
19471226,11.37,11.4,11.22,11.24
19480104,11.23,11.45,11.15,11.42
19480109,11.41,11.46,11.2,11.36
19480116,11.35,11.37,11,11.06
19480123,11.01,11.02,10.64,10.68
19480201,10.68,10.97,10.62,10.94
19480208,10.93,10.93,10.49,10.63
19480215,10.52,10.52,10.21,10.43
19480220,10.34,10.48,10.31,10.38
19480227,10.4,10.48,10.28,10.39
19480305,10.41,10.56,10.4,10.51
19480312,10.49,10.51,10.3,10.44
19480319,10.43,10.9,10.24,10.89
19480326,10.86,11,10.84,10.91
19480402,10.92,11.28,10.83,11.23
19480409,11.23,11.37,11.2,11.34
19480416,11.34,11.49,11.27,11.42
19480423,11.41,11.73,11.38,11.67
19480430,11.61,11.61,11.4,11.43
19480507,11.49,11.69,11.44,11.65
19480514,11.67,12.31,11.62,12.24
19480521,12.27,12.32,12.05,12.22
19480530,12.24,12.41,12.14,12.33
19480606,12.34,12.44,12.22,12.26
19480613,12.23,12.56,12.14,12.52
19480620,12.54,12.64,12.45,12.52
19480627,12.53,12.55,12.29,12.42
19480704,12.38,12.46,12.18,12.43
19480711,12.4,12.51,12.34,12.48
19480718,12.46,12.51,11.93,11.98
19480725,11.82,12.07,11.49,11.99
19480801,11.96,12.04,11.6,11.68
19480808,11.7,11.96,11.65,11.88
19480815,11.8,11.85,11.42,11.56
19480822,11.55,11.91,11.54,11.89
19480829,11.85,11.89,11.71,11.86
19480905,11.84,12,11.72,11.97
19480912,11.96,12.05,11.54,11.65
19480919,11.62,11.68,11.52,11.57
19480926,11.52,11.52,11.32,11.47
19481001,11.31,11.58,11.15,11.58
19481008,11.59,11.75,11.58,11.68
19481015,11.66,11.92,11.64,11.86
19481022,11.87,12.27,11.85,12.24
19481029,12.22,12.25,12.03,12.14
19481105,12.18,12.3,11.3,11.38
19481112,11.42,11.48,10.92,11.08
19481119,11.1,11.29,11.1,11.24
19481126,11.22,11.25,10.88,10.93
19481203,10.9,11.18,10.76,11.18
19481210,11.15,11.23,11.07,11.23
19481217,11.24,11.3,11.06,11.12
19481226,11.06,11.19,11.01,11.16
19490102,11.12,11.26,10.99,11.12
19490107,11.06,11.48,10.9,11.41
19490114,11.38,11.38,11.08,11.15
19490121,11.15,11.32,11.08,11.29
19490128,11.28,11.33,10.99,11.07
19490204,11.08,11.18,10.77,10.77
19490213,10.78,10.85,10.49,10.55
19490218,10.56,10.78,10.53,10.67
19490225,10.68,10.69,10.36,10.43
19490304,10.46,10.68,10.46,10.68
19490311,10.66,10.84,10.63,10.84
19490318,10.84,10.88,10.68,10.7
19490325,10.71,10.8,10.57,10.68
19490401,10.69,10.94,10.67,10.74
19490408,10.74,10.79,10.64,10.73
19490415,10.73,10.78,10.45,10.74
19490422,10.74,10.78,10.43,10.5
19490429,10.47,10.54,10.43,10.48
19490506,10.49,10.72,10.47,10.59
19490513,10.58,10.6,10.49,10.57
19490520,10.56,10.63,10.39,10.42
19490529,10.38,10.38,10.22,10.25
19490605,10.21,10.21,9.89,9.92
19490612,9.87,9.88,9.7,9.73
19490619,9.68,9.81,9.51,9.76
19490626,9.8,9.96,9.78,9.93
19490703,9.94,10.03,9.77,10.01
19490710,10.01,10.21,10,10.17
19490717,10.18,10.38,10.13,10.33
19490724,10.33,10.5,10.31,10.41
19490731,10.41,10.55,10.39,10.5
19490807,10.5,10.72,10.49,10.7
19490814,10.73,10.85,10.62,10.66
19490821,10.63,10.82,10.56,10.71
19490828,10.72,10.73,10.49,10.61
19490904,10.57,10.66,10.47,10.6
19490911,10.6,10.72,10.56,10.66
19490918,10.68,10.95,10.68,10.83
19490925,10.79,10.79,10.48,10.75
19490930,10.74,10.84,10.57,10.7
19491007,10.71,10.94,10.65,10.92
19491014,10.91,11.05,10.85,10.92
19491021,10.89,10.98,10.76,10.88
19491028,10.87,11.11,10.83,11.05
19491104,11.04,11.21,10.97,11.1
19491111,11.08,11.16,10.99,11.02
19491118,11.02,11.06,10.7,11.04
19491125,11.03,11.09,10.92,10.99
19491202,10.98,11.18,10.85,11.16
19491209,11.14,11.21,11.07,11.17
19491216,11.16,11.37,11.15,11.28
19491225,11.23,11.31,11.13,11.27
19491230,11.26,11.37,11.18,11.33
19500106,11.27,11.56,11.27,11.56
19500113,11.55,11.56,11.26,11.26
19500120,11.31,11.45,11.31,11.45
19500127,11.44,11.44,11.31,11.43
19500203,11.51,11.73,11.51,11.73
19500210,11.71,11.71,11.63,11.63
19500217,11.53,11.65,11.49,11.65
19500224,11.63,11.68,11.61,11.67
19500303,11.68,11.71,11.64,11.71
19500310,11.71,11.71,11.54,11.59
19500317,11.57,11.82,11.57,11.82
19500324,11.79,11.9,11.79,11.9
19500331,11.8,11.85,11.69,11.72
19500407,11.85,12.04,11.85,12.04
19500414,12.06,12.15,11.99,12.07
19500421,12.08,12.2,12.08,12.13
19500428,12.05,12.21,12,12.21
19500505,12.31,12.38,12.24,12.38
19500512,12.34,12.36,12.28,12.3
19500519,12.34,12.64,12.34,12.64
19500526,12.56,12.64,12.56,12.6
19500604,12.65,12.69,12.65,12.69
19500611,12.56,13.01,12.56,13.01
19500618,13.1,13.1,12.79,12.81
19500625,12.78,12.94,12.72,12.93
19500702,12.23,12.23,11.78,11.95
19500709,11.91,12.1,11.91,11.93
19500716,11.88,11.88,11.27,11.39
19500723,11.26,11.89,11.26,11.88
19500730,11.8,11.95,11.63,11.95
19500806,12.05,12.25,12.05,12.25
19500813,12.43,12.57,12.34,12.34
19500820,12.35,12.61,12.35,12.61
19500827,12.63,12.71,12.52,12.52
19500903,12.51,12.52,12.44,12.52
19500910,12.61,12.66,12.52,12.66
19500917,12.56,13.02,12.56,13.02
19500924,13.08,13.12,12.97,13.12
19501001,13.11,13.13,12.92,13.13
19501006,13.29,13.61,13.27,13.61
19501013,13.5,13.5,13.3,13.3
19501020,13.3,13.51,13.3,13.51
19501027,13.47,13.55,13.23,13.36
19501103,13.23,13.39,13.18,13.35
19501112,13.06,13.46,13.06,13.46
19501117,13.5,13.5,13.31,13.46
19501124,13.45,13.71,13.41,13.68
19501201,13.62,13.62,13.07,13.18
19501208,12.82,13.16,12.82,13.16
19501215,13.3,13.3,13.04,13.25
19501224,13.39,13.54,13.39,13.54
19501229,13.44,13.78,13.44,13.77
19510105,14.01,14.08,13.96,14.08
19510112,14.16,14.29,14.06,14.23
19510119,14.36,14.53,14.36,14.43
19510126,14.28,14.51,14.18,14.51
19510202,14.61,14.88,14.6,14.88
19510209,14.96,14.96,14.82,14.96
19510216,14.94,14.94,14.82,14.92
19510223,14.7,14.79,14.68,14.79
19510302,14.77,14.77,14.65,14.77
19510309,14.67,14.78,14.67,14.75
19510316,14.61,14.61,14.3,14.59
19510323,14.51,14.62,14.45,14.45
19510330,14.49,14.49,14.3,14.4
19510406,14.34,14.61,14.3,14.58
19510413,14.58,14.93,14.55,14.93
19510420,14.82,14.88,14.82,14.83
19510427,14.82,15.08,14.76,15.08
19510504,15.08,15.33,15.08,15.25
19510511,15.21,15.21,14.93,14.93
19510518,14.9,14.9,14.45,14.48
19510525,14.42,14.42,14.12,14.16
19510603,14.24,14.45,14.24,14.43
19510610,14.26,14.48,14.26,14.43
19510617,14.51,14.8,14.45,14.8
19510624,14.8,14.8,14.46,14.46
19510701,14.29,14.34,14.07,14.07
19510708,14.16,14.52,14.16,14.52
19510715,14.58,14.75,14.51,14.75
19510722,14.58,14.71,14.58,14.68
19510729,14.82,15.11,14.82,15.11
19510805,15.18,15.32,15.02,15.32
19510812,15.43,15.44,15.28,15.28
19510819,15.29,15.38,15.22,15.38
19510826,15.37,15.37,15.25,15.33
19510902,15.31,15.6,15.31,15.6
19510909,15.6,15.76,15.6,15.76
19510916,15.82,15.88,15.74,15.87
19510923,15.82,15.82,15.67,15.67
19510930,15.6,15.67,15.57,15.57
19511005,15.71,15.93,15.71,15.91
19511012,15.9,15.93,15.8,15.93
19511019,15.96,15.96,15.48,15.48
19511026,15.22,15.41,15.02,15.02
19511102,15.18,15.45,15.16,15.21
19511109,15.26,15.31,15.03,15.31
19511116,15.24,15.28,15.24,15.27
19511123,15.2,15.2,14.91,14.91
19511130,14.99,15.33,14.99,15.33
19511207,15.38,15.64,15.38,15.64
19511214,15.65,15.65,15.57,15.61
19511221,15.64,15.75,15.64,15.72
19511228,15.72,15.82,15.66,15.82
19520104,15.88,15.97,15.88,15.97
19520111,15.94,16.02,15.82,16.02
19520118,16.08,16.16,16.01,16.16
19520125,16.25,16.37,16.25,16.3
19520201,16.31,16.31,15.99,16.15
19520208,15.96,16.02,15.94,16.02
19520215,15.92,15.92,15.72,15.72
19520222,15.65,15.65,15.21,15.38
19520229,15.29,15.31,15.23,15.3
19520307,15.3,15.59,15.3,15.59
19520314,15.47,15.6,15.47,15.6
19520321,15.65,15.65,15.58,15.64
19520328,15.63,15.87,15.52,15.87
19520404,15.88,15.88,15.62,15.62
19520411,15.48,15.69,15.48,15.69
19520418,15.56,15.56,15.19,15.25
19520425,15.36,15.36,15.18,15.26
19520502,15.24,15.24,14.98,15.24
19520509,15.28,15.39,15.28,15.35
19520516,15.31,15.32,15.16,15.16
19520523,15.19,15.37,15.19,15.35
19520601,15.37,15.37,15.3,15.31
19520608,15.27,15.54,15.25,15.54
19520615,15.61,15.61,15.51,15.59
19520622,15.54,15.7,15.54,15.7
19520629,15.68,15.83,15.68,15.83
19520706,15.91,16,15.91,15.95
19520713,15.89,15.89,15.78,15.88
19520720,15.91,15.99,15.77,15.77
19520727,15.83,16,15.83,15.95
19520803,15.97,16.11,15.97,16.11
19520810,16.09,16.14,16.08,16.14
19520817,16.12,16.12,15.9,15.9
19520824,15.73,15.74,15.69,15.74
19520831,15.66,15.74,15.63,15.74
19520907,15.81,15.87,15.81,15.84
19520914,15.77,15.77,15.49,15.5
19520921,15.33,15.4,15.33,15.38
19520928,15.39,15.52,15.39,15.46
19521005,15.43,15.43,15.29,15.29
19521012,15.25,15.33,15.22,15.3
19521019,15.25,15.25,14.89,15.07
19521026,15.02,15.02,14.8,14.94
19521102,14.97,15.22,14.97,15.22
19521109,15.26,15.36,15.26,15.36
19521116,15.35,15.35,15.27,15.32
19521123,15.35,15.67,15.35,15.62
19521130,15.71,15.84,15.67,15.84
19521207,15.85,15.88,15.79,15.79
19521214,15.88,16.03,15.88,16.03
19521221,16.02,16.07,16,16.07
19521228,16.16,16.16,16.09,16.11
19530104,16.2,16.31,16.2,16.28
19530111,16.35,16.35,15.99,15.99
19530118,15.86,16.02,15.86,15.95
19530125,15.94,16.02,15.94,15.98
19530201,15.95,16.16,15.95,16.16
19530208,16.24,16.26,16.02,16.24
19530215,15.74,15.77,15.69,15.77
19530222,15.71,15.71,15.6,15.69
19530301,15.77,15.89,15.77,15.86
19530308,15.87,15.92,15.78,15.82
19530315,15.81,16.02,15.81,16.02
19530322,16.04,16.11,16.02,16.02
19530329,15.92,16.01,15.87,15.9
19530405,15.66,15.66,15.43,15.43
19530412,15.05,15.24,15.05,15.17
19530419,15.14,15.26,15.05,15.05
19530426,15.11,15.11,14.78,14.79
19530503,14.87,15.11,14.87,15.11
19530510,15.27,15.29,15.21,15.21
19530517,15.21,15.21,15.09,15.17
19530524,15.11,15.3,15.08,15.28
19530531,15.26,15.26,14.93,14.98
19530607,14.74,14.78,14.66,14.7
19530614,14.65,14.65,14.36,14.53
19530621,14.41,14.55,14.37,14.54
19530628,14.61,14.76,14.61,14.76
19530705,14.72,14.85,14.72,14.85
19530712,14.86,14.94,14.86,14.88
19530719,14.73,14.84,14.67,14.84
19530726,14.76,14.76,14.72,14.76
19530802,14.66,15.07,14.66,15.07
19530809,15.13,15.13,15.03,15.09
19530816,15.07,15.09,14.99,14.99
19530823,14.95,14.95,14.78,14.82
19530830,14.66,14.66,14.44,14.44
19530906,14.19,14.34,14.19,14.34
19530913,14.36,14.38,14.07,14.07
19530920,13.81,14.03,13.81,13.95
19530927,13.91,14.16,13.91,14.16
19531004,14.25,14.34,14.19,14.34
19531011,14.27,14.38,14.21,14.38
19531018,14.32,14.66,14.32,14.66
19531025,14.68,14.79,14.68,14.79
19531101,14.76,14.93,14.73,14.9
19531108,14.97,14.97,14.88,14.94
19531115,14.97,14.97,14.79,14.89
19531122,14.8,14.83,14.72,14.83
19531129,14.78,14.96,14.78,14.96
19531206,15.02,15.15,15.02,15.15
19531213,15.13,15.13,15.01,15.01
19531220,14.97,15.15,14.97,15.15
19531227,15.12,15.12,14.97,15.03
19540103,14.98,15.04,14.88,15.04
19540110,15.12,15.24,15.11,15.11
19540117,15.03,15.42,15.03,15.42
19540124,15.42,15.68,15.42,15.68
19540131,15.72,15.82,15.72,15.82
19540207,15.76,15.95,15.72,15.95
19540214,15.91,15.91,15.81,15.85
19540221,15.8,15.8,15.66,15.73
19540228,15.68,15.87,15.68,15.87
19540307,15.93,16.1,15.93,16.1
19540314,16.06,16.21,16.06,16.21
19540321,16.13,16.28,16.13,16.28
19540328,16.27,16.27,16.05,16.13
19540404,16.2,16.53,16.2,16.53
19540411,16.56,16.64,16.41,16.64
19540418,16.75,16.98,16.75,16.98
19540425,16.87,16.89,16.8,16.89
19540502,16.95,17.18,16.85,17.18
19540509,17.15,17.43,17.15,17.43
19540516,17.41,17.52,17.33,17.52
19540523,17.54,17.64,17.47,17.64
19540530,17.64,17.76,17.6,17.76
19540606,17.77,17.77,17.71,17.71
19540613,17.65,17.65,17.14,17.4
19540620,17.42,17.68,17.42,17.68
19540627,17.7,17.82,17.7,17.78
19540704,17.83,18.02,17.79,18.02
19540711,18.23,18.36,18.23,18.36
19540718,18.35,18.4,18.29,18.32
19540725,18.27,18.47,18.18,18.47
19540801,18.49,18.82,18.49,18.82
19540808,18.89,18.89,18.52,18.52
19540815,18.37,18.74,18.37,18.74
19540822,18.94,19.04,18.94,19.04
19540829,18.91,18.91,18.65,18.71
19540905,18.52,18.61,18.2,18.61
19540912,18.71,18.82,18.71,18.82
19540919,19,19.36,19,19.36
19540926,19.27,19.78,19.27,19.78
19541003,19.86,19.96,19.72,19.72
19541010,19.83,20.01,19.83,19.96
19541017,19.8,19.8,19.37,19.37
19541024,19.45,19.66,19.45,19.64
19541031,19.53,19.57,19.36,19.36
19541107,19.43,20.06,19.43,20
19541114,20.19,20.51,20.19,20.51
19541121,20.47,20.57,20.45,20.46
19541128,20.54,21.13,20.54,21.13
19541205,21.13,21.13,20.79,21.1
19541212,21.27,21.37,21.15,21.15
19541219,21.17,21.98,21.02,21.98
19541226,21.62,21.66,21.62,21.65
19550102,21.47,22.03,21.47,22.03
19550109,22.5,22.5,21.44,21.61
19550116,21.89,21.89,21.57,21.57
19550123,21.13,21.64,21.13,21.64
19550130,21.69,22.08,21.68,22.08
19550206,22.35,22.53,22.22,22.53
19550213,22.53,22.63,22.22,22.63
19550220,22.47,22.47,22.39,22.45
19550227,22.42,22.42,22.24,22.24
19550306,22.35,22.8,22.35,22.8
19550313,22.65,22.65,21.75,21.75
19550320,21.22,21.95,21.22,21.95
19550327,21.81,22.4,21.81,22.4
19550403,22.32,22.38,22.12,22.38
19550410,22.3,22.6,22.3,22.6
19550417,22.66,22.95,22.66,22.95
19550424,23.14,23.16,22.96,22.96
19550501,23.02,23.14,22.75,22.92
19550508,22.96,22.96,22.71,22.85
19550515,22.87,22.87,22.42,22.56
19550522,22.31,22.73,22.27,22.73
19550529,22.57,22.82,22.55,22.82
19550605,22.8,23.07,22.8,23.07
19550612,23.86,24.02,23.44,23.58
19550619,23.8,24.07,23.8,24.07
19550626,24.09,24.56,24.09,24.56
19550703,24.58,24.68,24.44,24.68
19550710,24.98,25.86,24.98,25.53
19550717,25.59,25.59,25.28,25.37
19550724,25.34,25.71,25.18,25.71
19550731,25.99,26.15,25.99,26
19550807,25.64,25.73,25.29,25.4
19550814,25.25,25.25,24.9,25.17
19550821,25.14,25.14,24.93,25.04
19550828,25.01,25.59,25.01,25.59
19550904,25.57,25.93,25.54,25.93
19550911,26.08,26.09,26.07,26.09
19550918,26.26,26.78,26.26,26.78
19550925,26.82,27.08,26.8,27.08
19551002,25.28,26.28,25.28,25.89
19551009,25.19,25.48,25.11,25.11
19551016,24.38,24.59,24.16,24.4
19551023,24.47,25.19,24.47,25.19
19551030,25.38,25.38,25,25.04
19551106,25.02,25.96,24.98,25.96
19551113,26.07,26.7,26.07,26.7
19551120,27.38,27.38,26.85,26.85
19551127,26.66,26.94,26.66,26.91
19551204,26.73,26.84,26.7,26.75
19551211,26.9,26.99,26.8,26.99
19551218,26.71,26.73,26.49,26.52
19551225,26.46,26.93,26.41,26.72
19560101,26.55,26.69,26.45,26.69
19560108,26.5,26.5,26.38,26.5
19560115,26.13,26.27,25.92,26.22
19560122,25.91,26.11,25.38,25.38
19560129,25.31,25.67,25.31,25.46
19560205,25.55,26.3,25.55,26.3
19560212,26.32,26.32,25.64,25.64
19560219,25.6,26.16,25.51,26.16
19560226,26.12,26.63,26.12,26.63
19560304,26.6,26.92,26.6,26.92
19560311,27.07,27.45,27.04,27.45
19560318,27.7,28.3,27.66,28.3
19560325,28.57,28.73,28.36,28.71
19560401,28.59,28.59,28.37,28.51
19560408,28.64,28.73,28.54,28.73
19560415,28.59,28.59,28.19,28.21
19560422,28.21,28.21,27.99,28.1
19560429,28.04,28.24,27.71,28.24
19560506,28.47,28.55,28.34,28.55
19560513,28.38,28.38,27.74,27.74
19560520,27.59,27.59,27.11,27.31
19560527,27.08,27.08,26.26,26.27
19560603,25.97,26.84,25.97,26.84
19560610,27,27.09,26.59,26.59
19560617,26.93,27.34,26.93,27.32
19560624,27.2,27.53,27.2,27.45
19560701,27.35,27.77,27.35,27.68
19560708,27.66,28.32,27.66,28.32
19560715,28.44,28.72,28.44,28.72
19560722,28.97,29.1,28.97,29.1
19560729,29.09,29.18,28.94,28.94
19560805,28.9,29.28,28.9,29.28
19560812,28.88,29.11,28.88,28.96
19560819,28.66,28.9,28.32,28.8
19560826,28.47,28.47,27.98,28.29
19560902,28.12,28.12,27.7,28.04
19560909,28.26,28.39,28.22,28.22
19560916,28.07,28.07,27.21,27.87
19560923,27.81,27.81,27.28,27.5
19560930,27.4,27.4,26.78,26.78
19561007,26.4,27.43,26.4,27.43
19561014,27.43,27.77,27.29,27.77
19561021,27.68,27.68,27.32,27.32
19561028,27.32,27.34,27.09,27.34
19561104,27.42,27.77,26.94,27.77
19561111,28.13,28.13,27.39,27.39
19561118,27.48,27.48,27.03,27.04
19561125,26.78,26.78,26.41,26.69
19561202,26.53,26.66,26.25,26.66
19561209,27.19,27.82,27.11,27.82
19561216,27.68,27.68,27.29,27.53
19561223,27.53,27.53,27.26,27.44
19561230,27.45,27.55,27.43,27.55
19570106,27.62,27.62,27.34,27.62
19570113,27.48,27.48,27.32,27.34
19570120,27.15,27.15,26.43,26.43
19570127,26.29,26.67,26.29,26.55
19570203,26.35,26.61,26.35,26.44
19570210,26.39,26.39,25.67,25.67
19570217,25.23,25.79,25.12,25.79
19570224,25.77,25.87,25.77,25.78
19570303,25.72,25.94,25.66,25.94
19570310,26.13,26.24,26.13,26.14
19570317,25.97,26.15,25.96,26.14
19570324,26.02,26.18,26.02,26.15
19570331,26.05,26.23,26.05,26.19
19570407,26.21,26.45,26.21,26.42
19570414,26.36,26.72,26.36,26.72
19570421,26.7,26.98,26.7,26.98
19570428,27.02,27.17,27.02,27.04
19570505,27.18,27.58,27.18,27.55
19570512,27.51,27.7,27.43,27.7
19570519,27.88,28.05,27.75,28.05
19570526,28.17,28.17,28.04,28.09
19570602,27.83,28.23,27.78,28.23
19570609,28.19,28.48,28.14,28.48
19570616,28.52,28.67,28.52,28.67
19570623,28.73,28.73,28.08,28.08
19570630,27.86,28.22,27.86,28.22
19570707,28.26,29.01,28.26,29.01
19570714,29.14,29.25,29.12,29.25
19570721,29.28,29.28,28.93,28.96
19570728,28.9,28.99,28.89,28.89
19570804,28.58,28.58,28.44,28.44
19570811,28.19,28.19,27.84,28
19570818,27.64,27.64,27.29,27.35
19570825,26.8,27.15,26.57,26.57
19570901,26.2,27,26.2,27
19570908,27.14,27.14,26.69,26.69
19570915,26.45,26.78,26.21,26.77
19570922,26.64,26.7,26.11,26.11
19570929,25.51,25.69,25.43,25.43
19571006,25.36,25.79,25.36,25.59
19571013,25.25,25.25,24.49,24.49
19571020,24.67,24.93,24.13,24.13
19571027,23.42,24.37,23.32,24.29
19571103,24.19,24.58,24.19,24.21
19571110,24.17,24.35,24.06,24.06
19571117,24.06,24.18,23.62,24.18
19571124,23.98,24.48,23.84,24.48
19571201,24.67,25,24.02,25
19571208,24.78,24.89,24.76,24.76
19571215,24.52,24.52,24.28,24.42
19571222,24.05,24.05,23.61,23.67
19571229,23.68,23.94,23.68,23.86
19580105,23.74,24.51,23.74,24.51
19580112,24.39,24.58,24.2,24.2
19580119,24.27,24.63,24.27,24.63
19580126,24.77,24.98,24.68,24.98
19580202,24.91,25.08,24.91,24.96
19580209,25.16,25.41,24.97,24.97
19580216,24.82,24.82,24.48,24.72
19580223,24.59,24.62,24.44,24.44
19580302,24.3,24.46,24.27,24.4
19580309,24.57,25.13,24.57,25.13
19580316,25.21,25.39,25.21,25.27
19580323,25.1,25.31,25,25.31
19580330,25.41,25.41,25.16,25.17
19580406,25.11,25.11,24.73,24.73
19580413,24.64,24.88,24.64,24.88
19580420,25.03,25.44,25.03,25.44
19580427,25.57,25.82,25.49,25.82
19580504,25.73,26,25.6,26
19580511,26.06,26.23,26.06,26.23
19580518,26.02,26.02,25.65,25.78
19580525,25.71,26.07,25.71,26.07
19580601,26.06,26.2,26.02,26.2
19580608,26.32,26.51,26.32,26.51
19580615,26.47,26.73,26.41,26.73
19580622,26.82,26.91,26.47,26.61
19580629,26.52,26.63,26.41,26.63
19580706,26.83,26.96,26.83,26.96
19580713,27.05,27.09,26.82,27.09
19580720,26.75,27.11,26.73,27.11
19580727,27.44,27.81,27.44,27.81
19580803,27.91,28.11,27.8,28.11
19580810,28.37,28.42,28.08,28.42
19580817,28.49,28.49,28.09,28.09
19580824,27.92,28.21,27.92,28.21
19580831,28.21,28.31,28.16,28.21
19580907,28.35,28.46,28.33,28.33
19580914,28.42,28.71,28.42,28.65
19580921,28.9,29.15,28.9,29.15
19580928,29.03,29.36,29.03,29.29
19581005,29.41,29.69,29.41,29.69
19581012,30.1,30.28,30.08,30.28
19581019,30.41,30.41,29.8,30.31
19581026,30.19,30.19,29.91,29.91
19581102,29.68,30.2,29.68,30.2
19581109,30.34,30.86,30.34,30.74
19581116,30.92,31.21,30.92,31.21
19581123,31.3,31.3,30.97,30.97
19581130,30.57,30.83,29.98,30.83
19581207,30.95,30.95,30.81,30.81
19581214,30.8,31.39,30.8,31.24
19581221,31.32,31.77,31.32,31.72
19581228,31.51,31.74,31.34,31.74
19590104,32.1,32.51,32.1,32.51
19590111,32.64,32.71,32.19,32.71
19590118,32.72,32.75,32.54,32.74
19590125,32.67,32.88,32.67,32.86
19590201,32.73,32.73,32.37,32.54
19590208,32.4,32.45,31.91,31.91
19590215,31.45,31.95,31.45,31.95
19590222,32,32.6,31.88,32.6
19590301,32.58,32.58,32.44,32.54
19590308,32.73,33.15,32.73,33.02
19590315,32.99,33.3,32.99,33.3
19590322,32.94,33.21,32.94,33.14
19590329,32.83,32.89,32.77,32.77
19590405,32.59,33.18,32.59,33.18
19590412,33.27,33.27,33.03,33.06
19590419,33.18,34.06,33.18,34.06
19590426,34.21,34.21,33.88,34.09
19590503,34.2,34.2,33.88,33.92
19590510,33.92,33.98,33.47,33.73
19590517,34.11,34.35,34.11,34.23
19590524,34.23,34.34,34.19,34.34
19590531,34.25,34.55,34.2,34.55
19590607,34.52,34.52,33.87,33.87
19590614,33.43,33.75,33.19,33.75
19590621,33.57,33.66,33.32,33.66
19590628,33.66,34.17,33.66,34.17
19590705,34.4,34.94,34.4,34.94
19590712,35.16,35.38,35.16,35.32
19590719,35.02,35.13,34.9,34.9
19590726,34.73,35.19,34.73,35.18
19590802,35.4,35.75,35.4,35.69
19590809,35.81,35.81,35.32,35.32
19590816,34.58,35.04,34.58,34.98
19590823,34.92,34.92,34.39,34.87
19590830,34.75,35.18,34.75,35.18
19590906,35.18,35.18,34.4,34.56
19590913,34.07,34.07,33.65,33.9
19590920,33.66,33.66,33.19,33.19
19590927,32.65,33.54,32.57,33.51
19591004,33.76,33.98,33.61,33.8
19591011,33.76,33.76,33.57,33.69
19591018,33.88,33.89,33.52,33.89
19591025,33.7,33.7,33.11,33.44
19591101,33.66,34.01,33.66,34.01
19591108,33.95,34.07,33.86,34.07
19591115,34.01,34.01,33.63,33.63
19591122,33.26,33.72,33.26,33.71
19591129,33.77,34.14,33.77,34.14
19591206,34.49,34.83,34.49,34.83
19591213,34.9,35.12,34.86,34.86
19591220,34.95,35.02,34.85,35.02
19591227,35.06,35.06,34.91,34.94
19600103,34.93,35.47,34.93,35.47
19600110,35.48,35.77,35.24,35.24
19600117,34.8,34.8,34.39,34.57
19600124,34.27,34.27,33.79,33.97
19600131,33.61,33.66,32.91,32.91
19600207,33.12,33.63,33.12,33.13
19600214,32.74,33.04,32.65,32.81
19600221,32.64,33.27,32.38,33.27
19600228,33.09,33.22,32.97,33.22
19600306,33.19,33.19,32.27,32.27
19600313,31.95,32.07,31.62,32.07
19600320,32.12,32.54,32.12,32.52
19600327,32.56,33.09,32.56,33.09
19600403,33.02,33.02,32.71,32.76
19600410,32.82,33.4,32.72,33.32
19600417,33.19,33.34,33.19,33.34
19600424,33.43,33.43,32.74,32.74
19600501,32.41,32.51,32.11,32.11
19600508,31.97,32.5,31.97,32.33
19600515,32.36,32.65,32.13,32.65
19600522,32.62,32.9,32.62,32.9
19600529,32.91,32.91,32.86,32.9
19600605,32.95,33.18,32.95,33.18
19600612,33.57,34.22,33.57,34.2
19600619,34.22,34.22,33.88,33.88
19600626,33.72,34.02,33.69,34.02
19600703,33.81,33.81,33.57,33.65
19600710,33.62,33.83,33.58,33.83
19600717,33.53,33.53,33.04,33.04
19600724,32.84,32.84,32.25,32.25
19600731,31.93,32.71,31.93,32.71
19600807,32.73,32.73,32.25,32.67
19600814,32.71,33.38,32.71,33.38
19600821,33.35,33.58,33.35,33.58
19600828,33.69,34.2,33.69,33.92
19600904,33.83,33.83,33.47,33.56
19600911,33.26,33.26,32.82,33.03
19600918,32.8,32.87,32.44,32.44
19600925,31.7,32.12,31.7,31.72
19601002,31.23,31.49,30.88,31.49
19601009,31.4,31.79,31.18,31.79
19601016,31.85,32.27,31.85,32.27
19601023,32.13,32.13,31.6,31.6
19601030,31,31.53,30.7,31.41
19601106,31.39,32.28,31.39,32.28
19601113,32.4,33.17,32.4,32.84
19601120,32.68,32.81,32.65,32.81
19601127,32.87,32.99,32.75,32.99
19601204,32.93,32.93,32.49,32.55
19601211,32.5,33.28,32.5,33.28
19601218,33.4,33.6,33.3,33.6
19601225,33.56,33.8,33.53,33.73
19610101,33.78,34.12,33.78,34.12
19610108,33.81,34.41,33.81,34.32
19610115,34.56,35.05,34.56,35.05
19610122,35.05,35.3,35.05,35.3
19610129,35.5,36.08,35.5,36.08
19610205,36.52,36.73,36.41,36.69
19610212,36.43,36.71,36.3,36.3
19610219,36.09,36.8,36.09,36.69
19610226,36.82,37.15,36.82,37.15
19610305,37.43,37.84,37.43,37.84
19610312,37.91,37.91,37.56,37.6
19610319,37.71,38.06,37.55,37.94
19610326,38.45,38.45,38.22,38.22
19610402,38.19,38.63,38.19,38.63
19610409,38.96,39.2,38.89,39.2
19610416,39.54,39.6,39.41,39.48
19610423,40.86,40.86,39.16,39.16
19610430,38.35,39.05,38.35,38.92
19610507,38.84,39.67,38.84,39.67
19610514,39.62,39.7,39.62,39.7
19610521,39.9,40.25,39.9,40.19
19610528,39.95,39.95,39.47,39.73
19610604,39.81,39.93,39.81,39.93
19610611,40.15,40.15,39.3,39.92
19610618,39.62,39.62,39.07,39.07
19610625,38.72,39.09,38.72,39.09
19610702,38.69,38.82,38.69,38.82
19610709,39.17,39.54,39.17,39.52
19610716,39.5,39.5,39.01,39.27
19610723,38.98,39.05,38.76,39.05
19610730,39.06,40.2,39.06,40.2
19610806,40.24,40.82,40.24,40.82
19610813,40.82,41.09,40.82,41.09
19610820,40.89,41.27,40.8,41.27
19610827,41.36,41.37,40.87,40.93
19610903,40.95,41.28,40.87,41.28
19610910,41.15,41.46,41.12,41.12
19610917,40.77,41.22,40.77,41.02
19610924,40.76,40.76,40.08,40.49
19611001,39.92,40.54,39.92,40.54
19611008,40.57,41.2,40.55,40.72
19611015,41.32,41.47,41.32,41.41
19611022,41.3,41.69,41.3,41.42
19611029,41.47,41.73,41.42,41.67
19611105,41.72,42.4,41.72,42.4
19611112,42.73,43.4,42.73,43.4
19611119,43.53,43.8,43.53,43.78
19611126,43.85,43.95,43.85,43.95
19611203,43.96,43.96,43.66,43.95
19611210,44.1,44.15,43.93,44.15
19611217,44.37,44.53,44.15,44.17
19611224,44.03,44.03,43.5,43.54
19611231,43.62,44.04,43.62,43.97
19620107,43.97,44.22,42.63,42.82
19620114,42.82,43.15,41.91,42.81
19620121,42.81,43.12,41.68,42.3
19620128,42.3,42.68,41.57,41.94
19620204,41.94,43.12,41.58,42.99
19620211,42.99,43.71,42.75,43.42
19620218,43.43,43.84,43.16,43.51
19620225,43.52,43.76,43,43.26
19620304,43.27,43.55,42.82,43.28
19620311,43.29,43.64,42.81,43.46
19620318,43.47,44.11,43.22,43.8
19620325,43.81,44.04,43.32,43.52
19620401,43.53,43.64,42.74,42.99
19620408,42.99,43.16,42.12,42.57
19620415,42.57,42.84,41.47,42.01
19620422,42.01,42.64,41.58,42.45
19620429,42.45,42.71,40.86,41.05
19620506,41.05,41.46,39.48,41.03
19620513,41.04,41.23,38.7,38.83
19620520,38.83,40.22,37.88,39.57
19620527,39.57,39.69,36.6,36.89
19620603,36.7,37.74,32.96,36.85
19620610,36.69,36.73,34.96,36.29
19620617,36.29,36.37,33.33,34.72
19620624,34.72,35.12,32.61,32.74
19620701,32.74,34.49,31.91,34.04
19620708,34.04,35.51,33.87,34.94
19620715,34.94,36.5,34.55,35.98
19620722,35.99,36.16,34.77,35.37
19620729,35.37,35.73,34.73,35.62
19620805,35.63,36.49,35.55,36.22
19620812,36.22,36.36,35.38,35.88
19620819,35.88,36.95,35.67,36.8
19620826,36.81,37.64,36.74,37.18
19620902,37.18,37.41,36.31,36.91
19620909,36.91,37.14,36.04,36.46
19620916,36.46,36.97,36.15,36.8
19620923,36.8,37.21,35.9,36.06
19620930,35.92,35.92,34.73,35.19
19621007,35.2,35.85,34.56,35.71
19621014,35.71,36.19,35.47,35.65
19621021,35.65,36.08,34.66,34.81
19621028,34.75,34.75,32.92,34.17
19621104,34.68,36.48,34.68,36.2
19621111,36.2,37.07,36.17,36.86
19621118,36.87,38.06,36.75,37.74
19621125,37.75,38.93,37.31,38.62
19621202,38.63,39.42,38.26,39.1
19621209,39.1,39.89,38.48,39.62
19621216,39.62,39.8,38.78,39.33
19621223,39.33,39.79,38.8,39.39
19621230,39.39,39.89,39.11,39.61
19630106,39.61,40.54,39.2,40.34
19630113,40.33,41.01,40.05,40.77
19630120,40.77,41.29,40.45,40.97
19630127,40.97,41.61,40.62,41.42
19630203,41.41,41.84,41.15,41.65
19630210,41.64,41.95,41.06,41.54
19630217,41.54,41.9,40.9,41.68
19630224,41.68,42.02,41.01,41.36
19630303,41.36,41.46,40.02,40.2
19630310,40.2,41.22,40.06,40.96
19630317,40.96,41.54,40.82,41.32
19630324,41.32,41.62,40.85,41.47
19630331,41.47,41.97,41.3,41.69
19630407,41.69,42.86,41.48,42.75
19630414,42.74,43.23,42.35,43.04
19630421,43.04,43.56,42.84,43.31
19630428,43.31,43.86,43.13,43.59
19630505,43.59,44.08,43.31,43.78
19630512,43.78,44.25,43.15,44.07
19630519,44.07,44.3,43.62,43.91
19630526,43.91,44.15,43.47,43.73
19630602,43.72,44.41,43.39,44.2
19630609,44.2,44.47,43.75,43.94
19630616,43.94,44.2,43.41,43.83
19630623,43.78,44.3,43.23,43.81
19630630,43.81,44.07,42.88,43.24
19630707,43.24,43.92,42.75,43.76
19630714,43.76,43.86,43.21,43.38
19630721,43.38,43.44,42.28,42.56
19630728,42.56,42.91,42.06,42.67
19630804,42.66,43.46,42.53,43.12
19630811,43.12,43.95,43.06,43.84
19630818,43.84,44.74,43.66,44.46
19630825,44.45,44.84,44.11,44.61
19630901,44.6,45.18,44.3,45.05
19630908,45.05,45.66,44.82,45.25
19630915,45.25,45.83,44.88,45.44
19630922,45.43,45.76,45.02,45.5
19630929,45.5,45.84,44.43,44.76
19631006,44.76,45.4,44.23,45.19
19631013,45.19,45.45,44.4,44.81
19631020,44.81,45.73,44.55,45.45
19631027,45.45,46.11,44.92,45.86
19631103,45.86,46.58,45.38,45.73
19631110,45.73,46,44.8,45.43
19631117,44.9,45.61,44.22,44.78
19631124,44.78,45.26,42.99,43.07
19631201,44.18,45.45,44.18,45.3
19631208,45.3,46.15,45.17,45.76
19631215,45.76,46.05,45.38,45.78
19631222,45.78,46.48,45.61,45.9
19631229,45.9,46.28,45.38,45.99
19640105,45.98,46.99,45.79,46.65
19640112,46.66,47.42,46.46,47.15
19640119,47.16,47.79,46.88,47.39
19640126,47.4,48.08,46.98,47.78
19640202,47.78,48.2,47.28,47.77
19640209,47.78,48.11,47.38,47.91
19640216,47.91,48.41,47.69,48.13
19640223,48.14,48.49,47.85,48.26
19640301,48.27,48.71,48.01,48.41
19640308,48.42,49,48.23,48.77
19640315,48.78,49.62,48.56,49.33
19640322,49.34,49.83,49.08,49.24
19640329,49.25,49.69,48.8,49.45
19640405,49.45,50.23,49.08,49.96
19640412,49.97,50.29,49.56,49.95
19640419,49.96,50.7,49.69,50.43
19640426,50.44,50.88,49.79,49.98
19640503,49.98,50.53,49.45,50.28
19640510,50.29,51.29,49.24,49.37
19640517,50.6,51.38,50.49,50.96
19640524,50.97,51.24,50.26,50.77
19640531,50.78,51.05,50.2,50.58
19640607,50.59,50.88,49.41,49.78
19640614,49.79,50.52,49.25,50.19
19640621,50.2,51.33,50.07,51.05
19640628,51.06,51.66,50.77,51.46
19640705,51.47,52.45,51.24,52.22
19640712,52.23,53.14,52.08,52.74
19640719,52.75,53.41,52.36,53.2
19640726,53.21,53.42,52.57,52.9
19640802,52.91,53.14,52.25,52.77
19640809,52.78,52.98,51.29,51.98
19640816,51.99,52.66,51.72,52.34
19640823,52.35,52.67,51.91,52.21
19640830,52.22,52.48,51.55,52.21
19640906,52.22,52.92,51.88,52.75
19640913,52.76,53.48,52.57,53.23
19640920,53.24,53.81,52.7,53.3
19640927,53.31,54.08,53.26,53.81
19641004,53.82,54.21,53.54,53.96
19641011,53.97,54.8,53.87,54.56
19641018,54.57,54.8,53.59,54.36
19641025,54.37,54.91,54.14,54.61
19641101,54.62,54.98,54.15,54.48
19641108,54.49,55.17,54.27,54.76
19641115,54.77,55.1,54.3,54.8
19641122,54.81,55.87,54.59,55.53
19641129,55.55,55.74,54.46,54.85
19641206,54.87,55.03,53.57,54.38
19641213,54.39,54.83,53.54,53.99
19641220,54,54.68,53.36,54.45
19641227,54.46,54.86,54.13,54.4
19650103,54.41,55.1,53.92,54.83
19650110,54.84,55.63,54.21,55.32
19650117,55.34,56.16,55.04,55.96
19650124,55.98,56.67,55.84,56.4
19650131,56.42,57.45,56.2,57.03
19650207,57.05,57.44,56.7,56.96
19650214,56.79,57.28,55.8,56.32
19650221,56.34,56.79,55.78,56.45
19650228,56.47,57.59,56.35,57.33
19650307,57.35,57.67,56.49,57.01
19650314,57.03,57.67,56.68,57.38
19650321,57.4,57.87,56.97,57.24
19650328,57.26,57.77,56.76,56.91
19650404,56.94,57.47,56.57,57.23
19650411,57.25,58.22,56.98,58.02
19650418,58.04,58.81,57.87,58.49
19650425,58.51,59.43,58.25,59.08
19650502,59.1,59.62,58.71,59.34
19650509,59.36,60.39,59.03,59.93
19650516,59.95,60.58,59.44,60.21
19650523,60.23,60.46,59.18,59.41
19650530,59.43,59.79,58.48,59.29
19650606,59.31,59.57,57.88,58.5
19650613,58.52,58.75,56.56,57.27
19650620,57.28,58.09,55.88,57.52
19650627,57.54,57.8,55.77,56.08
19650704,56.1,57.76,54.55,57.6
19650711,57.62,58.33,57.05,58.05
19650718,58.08,58.65,57.7,58.15
19650725,58.17,58.4,56.76,57.15
19650801,57.17,58.32,56.69,58.06
19650808,58.08,58.95,57.79,58.72
19650815,58.74,59.56,58.34,59.3
19650822,59.33,59.92,59.03,59.36
19650829,59.38,60.19,59.06,59.82
19650905,59.84,60.76,59.53,60.52
19650912,60.54,61.84,60.33,61.33
19650919,61.36,62.38,61.08,62.09
19650926,62.11,62.68,61.56,62.18
19651003,62.64,63,61.8,62.21
19651010,62.23,63.3,61.94,62.98
19651017,63.01,63.96,62.92,63.47
19651024,63.49,64.53,63.27,64
19651031,64.03,64.92,63.58,64.43
19651107,64.45,64.95,63.92,64.49
19651114,64.51,65.1,63.84,64.73
19651121,64.76,65.32,64.25,64.64
19651128,64.66,65.02,63.9,64.58
19651205,64.61,65.01,63.65,64.17
19651212,64.15,65,62.74,64.66
19651219,64.69,65.57,64.31,64.98
19651226,65.01,65.76,64.31,65.16
19660102,65.18,65.89,64.1,65.45
19660109,65.46,66.38,64.9,66.02
19660116,66.03,66.8,65.75,66.34
19660123,66.36,67.18,65.77,66.39
19660130,66.4,67.19,66.01,66.34
19660206,66.36,66.69,64.97,66.38
19660213,66.39,67.45,65.92,66.83
19660220,66.85,67.27,65.47,65.91
19660227,65.92,66.22,64.55,65.05
19660306,65.06,65.64,63.05,63.76
19660313,63.77,64.46,62.31,63.55
19660320,63.56,63.88,62.03,63.38
19660327,63.4,64.66,63.3,64.17
19660403,64.19,64.83,63.33,64.53
19660410,64.54,66.36,64.53,65.89
19660417,65.9,66.69,65.19,66.12
19660424,66.13,66.91,65.36,66.39
19660501,66.4,66.83,64.98,65.59
19660508,65.6,66.1,62.18,63.33
19660515,63.34,63.76,61.18,61.69
19660522,61.7,62.36,60.06,61.72
19660529,61.73,63.54,61.63,63.16
19660605,63.17,63.4,61.7,62.29
19660612,62.31,63.02,61.01,62.63
19660619,62.65,63.62,62.28,62.75
19660626,62.76,63.69,62.21,62.87
19660703,62.88,63.41,60.86,62.23
19660710,62.24,64.05,61.86,63.73
19660717,63.75,64.17,62.48,63.41
19660724,63.43,63.8,61.78,62.26
19660731,62.27,62.39,60.57,61.01
19660807,60.95,61.87,59.7,61.36
19660814,61.38,61.65,60.2,60.82
19660821,60.83,61.21,58.01,58.28
19660828,58.3,58.49,55.77,55.99
19660904,55.88,57.57,54.18,56.79
19660911,56.8,57.35,55.08,56.01
19660918,56.16,59.39,56.16,58.79
19660925,58.8,59.18,56.5,57.15
19661002,57.16,58.22,55.57,56.39
19661009,56.4,56.71,53.65,53.97
19661016,53.98,57.89,53.3,56.54
19661023,56.55,58.6,56.46,57.77
19661030,57.78,59.84,57.33,59.35
19661106,59.36,60.45,58.7,59.83
19661113,59.85,61.07,59.37,60.72
19661120,60.73,61.55,59.9,60.28
19661127,60.17,60.41,58.55,60.03
19661204,60.04,60.44,59.08,59.56
19661211,59.57,61.54,59.18,61.12
19661218,61.13,62.44,60.29,60.77
19661225,60.78,61.38,59.84,60.75
19670101,60.76,61.04,59.45,59.95
19670108,59.97,61.88,59.32,61.42
19670115,61.44,63.57,60.88,63.29
19670122,63.31,64.94,62.71,64.56
19670129,64.58,66.16,63.75,64.75
19670205,64.77,66.23,64.46,65.77
19670212,65.79,66.78,65.15,66.09
19670219,66.11,67.2,65.6,66.41
19670226,66.43,66.71,65.5,66.14
19670305,66.17,67.47,64.83,66.93
19670312,66.96,68.64,66.26,67.51
19670319,67.54,69.12,66.56,68.67
19670326,68.7,69.73,67.92,69.3
19670402,69.32,69.92,68.52,68.86
19670409,68.89,69.38,67.58,68.35
19670416,68.34,69.79,67.22,69.29
19670423,69.32,71.32,69.13,70.86
19670430,70.88,72.89,70.48,72.31
19670507,72.33,73.31,71.56,72.77
19670514,72.8,73.45,71.36,72.17
19670521,72.19,72.51,70.69,71.21
19670528,71.24,71.49,69.44,70.5
19670604,70.53,70.71,68.79,69.68
19670611,69.53,71.74,67.69,71.19
19670618,71.22,72.67,70.88,72.09
19670625,72.09,72.1,71.75,71.8
19670702,71.55,71.55,70.88,70.88
19670709,70.9,72.27,70.5,71.81
19670716,71.83,73.25,71.38,72.77
19670723,72.8,74.62,72.29,73.93
19670730,73.96,75.01,73.07,74.42
19670806,74.45,76.2,74.07,75.62
19670813,75.65,76.4,74.81,75.23
19670820,75.26,75.6,74.35,75.08
19670827,75.11,75.46,73.05,73.58
19670903,73.61,74.92,73.06,74.5
19670910,74.53,75.7,74.27,75.15
19670917,75.18,77.7,74.8,76.82
19670924,76.85,78.04,76.21,77.56
19671001,77.59,78.63,76.85,77.47
19671008,77.5,78.53,76.77,78.07
19671015,78.1,78.89,76.53,77.21
19671022,77.24,77.7,75.81,76.86
19671029,76.89,77.4,75.41,76.67
19671105,76.7,77.27,73.88,74.25
19671112,74.28,75.35,73.15,74.71
19671119,74.74,76,73.36,75.35
19671126,75.03,76.81,73.17,76.35
19671203,76.38,77.75,75.91,76.99
19671210,77.02,78.88,76.69,77.89
19671217,77.92,78.78,77.07,77.73
19671224,77.76,78.85,76.95,78.02
19671231,78.06,79.54,77.57,79.19
19680107,79.22,79.93,77.5,78.87
19680114,78.9,80.54,78.57,79.66
19680121,79.69,80.3,78.06,78.59
19680128,78.62,78.75,76,77.26
19680204,77.29,78.06,75.54,76.43
19680211,76.45,76.9,74.05,74.57
19680218,74.6,75.31,72,74.77
19680225,74.79,76.44,74.34,75.65
19680303,75.68,75.99,73.87,74.31
19680310,74.34,75.15,72.6,74.39
19680317,74.41,75.91,73.34,74.58
19680324,74.62,76.28,73.39,74.16
19680331,74.19,76.4,73.54,75.79
19680407,76.59,80.03,76.59,78.54
19680414,78.57,81.82,78.42,81.36
19680421,81.39,82.63,80.35,80.94
19680428,80.97,82.77,79.6,82.25
19680505,82.28,84.93,81.78,83.64
19680512,83.67,84.65,82.49,83.66
19680519,83.69,84.2,81.79,82.46
19680526,82.49,83.64,81.56,82.83
19680602,82.86,84.88,82.13,84.27
19680609,84.33,87.18,84.33,86.65
19680616,86.68,88.09,85.68,86.66
19680623,86.7,87.19,85.24,86.39
19680630,86.43,87.13,85.02,85.6
19680707,85.63,87.23,84.82,86.84
19680714,86.88,89.32,86.72,88.21
19680721,88.25,88.95,86.16,86.73
19680728,86.76,87.12,84.06,85.03
19680804,85.06,85.55,82.96,83.68
19680811,83.72,85.25,83.13,84.14
19680818,84.18,86.28,83.93,85.73
19680825,85.76,86.64,84.99,85.87
19680901,85.91,86.76,85.29,86.16
19680908,86.19,88.93,85.71,88.33
19680915,88.37,89.15,87.13,88.18
19680922,88.21,89.75,87.75,89.02
19680929,89.05,90.85,88.65,89.73
19681006,89.77,91.67,89.24,91.1
19681013,91.14,91.83,90.09,90.78
19681020,90.82,92.83,90.2,92.37
19681027,92.41,93.26,91.01,91.97
19681103,92.01,92.62,90.49,91.11
19681110,91.15,92.61,90.08,92.05
19681117,92.08,94.4,91.69,93.82
19681124,93.86,94.96,93.11,94.43
19681201,94.47,97.07,93.73,96.43
19681208,96.47,97.36,95.06,96.19
19681215,96.23,96.98,94.88,96.03
19681222,96.07,96.8,93.93,95.08
19681229,95.12,95.42,93.32,93.8
19690105,93.84,94.07,92.3,93.28
19690112,93.31,93.65,89.9,90.71
19690119,90.75,92.94,86.88,91.88
19690126,91.91,93.14,90.91,92.37
19690202,92.41,93.69,91.7,93.12
19690209,93.16,94.44,92.28,93.78
19690216,93.81,94.79,93.28,94
19690223,94.03,94.42,90.22,90.67
19690302,90.71,90.96,88.57,89.34
19690309,89.38,91.59,88.78,89.99
19690316,90.03,91.42,89.03,89.58
19690323,89.61,91.92,88.75,91.25
19690330,91.28,93.92,90.57,93.15
19690406,93.19,94.05,91.76,92.5
19690413,92.49,94.16,91.07,93.58
19690420,93.62,94.31,92.2,93.39
19690427,93.43,94.55,91.88,94.02
19690504,94.06,96.9,93.36,96.32
19690511,96.36,98.38,95.88,97.49
19690518,97.53,99.18,96.66,98.51
19690525,98.55,98.75,96.24,97.45
19690601,97.49,98,95.43,96.56
19690608,96.59,96.87,95.09,95.5
19690615,95.54,95.58,91.45,92.44
19690622,92.48,93.41,90.41,90.77
19690629,90.81,92.41,89.44,91.58
19690706,91.61,94.48,91.13,93.87
19690713,93.91,94.59,89.53,90.44
19690720,90.48,91.48,88,89.85
19690727,89.89,90.36,86.77,87.26
19690803,87.15,89.46,83.55,88.78
19690810,88.81,90.16,87.58,89.41
19690817,89.44,90.13,87.17,89.65
19690824,89.69,92.16,89.22,91.67
19690831,91.71,91.91,89.58,91.47
19690907,91.5,92.27,89.3,89.83
19690914,89.86,92.02,88.11,90.48
19690921,90.52,92.4,90.14,91.69
19690928,91.73,93.15,90.28,90.89
19691005,90.93,91.3,88.63,90.14
19691012,90.18,91.3,88.9,90.69
19691019,90.73,94.71,90.38,93.5
19691026,93.54,96.2,92.6,95.51
19691102,95.55,96.2,93.23,94.74
19691109,94.78,96.79,93.57,96.05
19691116,96.09,97.04,94.4,95.09
19691123,95.13,95.42,92.15,92.59
19691130,92.63,92.84,90.67,92.25
19691207,92.29,92.94,89.01,90.4
19691214,90.44,90.75,88.15,89.68
19691221,89.72,91.39,87.67,90.44
19691228,90.48,91.51,88.56,91.1
19700104,91.14,92.87,89.77,92.33
19700111,92.34,93.58,91.22,91.79
19700118,91.8,92.07,89.82,90.38
19700125,90.19,90.3,88.13,88.89
19700201,88.76,88.76,84.02,84.62
19700208,84.63,87.28,84.26,85.97
19700215,85.99,87.5,84.98,86.24
19700222,86.25,88.48,85.29,87.78
19700301,87.79,90.11,86.88,89.29
19700308,89.3,90.87,88.68,89.28
19700315,89.28,89.46,87.19,87.76
19700322,87.77,88.21,86.28,87.02
19700329,87.03,91.06,86.16,89.92
19700405,89.93,90.74,88.86,89.44
19700412,89.45,89.67,87.92,88.35
19700419,88.36,88.79,84.91,85.83
19700426,85.84,86.72,82.16,82.97
19700503,82.98,83.47,79.54,81.69
19700510,81.54,81.54,78.28,79.74
19700517,79.75,80.03,74.34,77.23
19700524,77.25,78.03,71.28,72.61
19700531,72.53,77.35,68.97,76.98
19700607,76.99,79.91,75.72,76.65
19700614,76.66,80.48,73.75,74.39
19700621,74.4,78.64,74.19,77.63
19700628,77.64,78.02,73.69,74.07
19700705,74.08,74.56,72.72,73.55
19700712,73.56,75.91,71.32,75.14
19700719,75.15,79,74.48,78.46
19700726,78.47,79.51,77,78.64
19700802,78.65,79.91,77.79,78.92
19700809,78.93,79.12,76.99,78.19
19700816,78.2,78.33,75.04,76.12
19700823,76.13,80.64,75.46,80.28
19700830,80.46,83.6,80.46,82.98
19700906,83,84.62,81.08,84.02
19700913,84.03,85.01,82.66,83.75
19700920,83.76,84.8,81.84,83.9
19700927,83.91,84.95,82.1,84.17
19701004,84.18,87,83.96,86.59
19701011,86.6,89.25,86.02,86.56
19701018,86.55,86.81,84.71,85.81
19701025,85.82,86.29,84.14,85.34
19701101,85.35,85.85,83.86,84.86
19701108,84.88,86.95,84.27,85.91
19701115,85.92,88,84.64,85.09
19701122,85.11,85.93,83.97,85.51
19701129,85.52,88.09,85.26,87.81
19701206,87.82,91.91,87.68,91.47
19701213,91.48,93.04,90.51,92.35
19701220,92.36,92.93,90.86,92.37
19701227,92.38,93.3,91.5,92.81
19710103,92.83,95.29,92.49,94.44
19710110,94.44,95.6,92.9,94.51
19710117,94.51,96.33,93.28,95.39
19710124,95.4,97.98,94.99,97.32
19710131,97.32,99,96.39,98.37
19710207,98.38,100,97.86,100
19710214,100.8,102.1,100.7,102.1
19710221,102.2,102.2,100.7,100.7
19710228,99.7,101.3,99.7,101.3
19710307,101.8,103,101.8,103
19710314,104.2,104.5,104.1,104.5
19710321,105.1,105.9,105.1,105.8
19710328,105.4,105.4,104.6,105.1
19710404,105.2,106.9,105.2,106.9
19710411,107.2,108.4,107.2,108.4
19710418,108.9,110,108.9,110
19710425,110.2,110.7,109.5,110.7
19710502,111.1,112.5,111.1,112.3
19710509,111.3,111.8,110.7,110.7
19710516,110.1,110.7,110.1,110.7
19710523,109.1,109.1,108.3,108.8
19710530,108.4,108.4,107.5,108.3
19710606,108.9,110.7,108.9,110.7
19710613,110.8,110.8,109.8,110.2
19710620,109.6,109.6,108.2,108.2
19710627,106.5,106.6,105.5,106.6
19710704,106.4,108.8,106.4,108.8
19710711,109.2,110.9,109.2,110.9
19710718,111.2,111.2,110,110
19710725,109.4,109.8,109.4,109.6
19710801,109.3,109.3,105.3,105.3
19710808,105.6,105.6,103.1,103.8
19710815,103.2,105.4,103,105.4
19710822,107.9,108.9,107.9,107.9
19710829,108.3,109.3,108.3,109.3
19710905,108.7,110,108.4,110
19710912,110.5,110.6,110.4,110.4
19710919,110.2,110.2,109.8,110.1
19710926,110,110,108.8,108.9
19711003,108.2,109.6,108.2,109.6
19711010,110,111,110,110.7
19711017,110.7,110.9,109.6,109.6
19711024,109.1,109.1,106.6,106.8
19711031,106.3,106.3,104.3,105.1
19711107,103.7,105.6,103.5,105.5
19711114,105.4,105.7,103.7,103.9
19711121,103.4,103.7,102.9,102.9
19711128,101.8,101.8,100.3,101.6
19711205,103.8,107.3,103.8,107.3
19711212,106.9,108.8,106.9,108.8
19711219,109.2,110.5,109.1,110.5
19711226,111.5,112,111.5,111.9
19720102,111.7,114.1,111.7,114.1
19720109,113.6,116.1,113.6,116.1
19720116,116.1,116.9,116.1,116.7
19720123,116.9,117.7,116.9,117.2
19720130,116.5,118.4,116.3,118.4
19720206,118.9,121.2,118.9,121.2
19720213,121.1,122.9,121.1,122.9
19720220,122.3,123.4,122.3,123.4
19720227,123.3,124.8,123.3,124.8
19720305,124.9,127.2,124.9,127.2
19720312,127.9,128.9,127.8,128.6
19720319,127.3,128.1,127.3,128
19720326,127.5,127.6,125.7,127.6
19720402,127.6,128.1,127.5,128.1
19720409,128.1,131.8,128.1,131.8
19720416,131.8,133.9,115.2,133.9
19720423,133.7,134.1,132.7,133
19720430,131.9,131.9,130.8,131.3
19720507,130.2,130.2,128.8,129.4
19720514,128.6,129.4,125.8,129.4
19720521,130.3,132.2,129.8,132.2
19720528,132.4,133.9,132.4,133.9
19720604,133.4,133.5,132.5,133.5
19720611,132.7,132.7,130.6,130.6
19720618,130.4,131.4,130.4,131.3
19720625,130.8,131.4,130.2,130.2
19720702,129.3,130.1,129.3,130.1
19720709,130.6,131.9,130.6,131.5
19720716,130.9,130.9,129,129.4
19720723,128.4,128.4,127.1,127.6
19720730,128.8,128.8,128.1,128.1
19720806,127.8,130.9,127.8,130.9
19720813,131,131.7,130.6,131.7
19720820,131.7,131.7,130.8,131.4
19720827,131.3,131.3,130.3,130.3
19720903,129.8,130.7,129.4,130.7
19720910,130.3,130.3,129.1,129.1
19720917,128.3,128.3,127.2,127.7
19720924,127.6,127.6,127.3,127.5
19721001,126.8,129.6,126.8,129.6
19721008,129.3,129.5,128,128.1
19721015,128.5,129,127.2,127.2
19721022,125.9,128,125.9,128
19721029,128.7,129.5,128.7,129.5
19721105,129.5,133.3,129.5,133.3
19721112,133.6,133.6,132.8,133.1
19721119,132.8,132.9,132.3,132.3
19721126,132.1,133,132.1,133
19721203,132.6,133.9,132.6,133.9
19721210,134.1,135.1,134.1,135.1
19721217,134.8,134.8,133.3,133.5
19721224,132.5,132.5,131.1,131.3
19721231,131.2,133.7,131.2,133.7
19730107,134.6,135.9,134.6,135.9
19730114,136,136.8,136,136
19730121,134.6,134.6,133.9,133.9
19730128,133.1,133.1,129.8,129.8
19730204,128.5,128.5,126.5,126.5
19730211,126,126.3,124,125.9
19730218,126.9,127.2,124.4,124.6
19730225,125,125,122.3,122.3
19730304,121.3,121.3,119.5,120.1
19730311,120.6,122.3,120.6,122
19730318,121.9,122.1,121.2,121.2
19730325,119.9,119.9,115.5,115.5
19730401,115.5,118.2,115.5,117.5
19730408,115.8,115.8,112,113.3
19730415,114,115.6,114,115.2
19730422,114.6,114.6,113.6,114.1
19730429,113,113,108.4,108.4
19730506,107.8,110.9,107.8,110.9
19730513,110.5,110.7,109.1,109.1
19730520,106.5,106.5,102.9,102.9
19730527,100.8,105.2,100.8,105.2
19730603,104.8,104.8,102.3,102.3
19730610,100.8,103.7,100.8,103.7
19730617,103,104.8,102.3,102.3
19730624,100.8,101.2,100.4,101
19730701,99.4,101.2,99.4,101
19730708,100.1,100.1,99.4,99.5
19730715,100,103.2,100,103
19730722,104,107.7,104,107.7
19730729,107.8,109.4,107.8,109.4
19730805,108.9,108.9,106.8,106.8
19730812,107.2,107.3,105.3,105.3
19730819,104.3,104.3,103.3,103.7
19730826,102.7,102.7,101.3,102.4
19730902,102.9,104.9,102.9,104.9
19730909,105.5,107,105.5,107
19730916,106.3,106.3,105.3,106.1
19730923,106.3,109.5,106.3,109.5
19730930,109.7,111.3,109.7,111.2
19731007,111,112.6,111,112.6
19731014,113.2,114.1,112.2,114.1
19731021,113.1,113.3,112.7,113.3
19731028,112.3,112.8,111.8,112.8
19731104,112.1,112.1,108.9,108.9
19731111,107.1,107.3,105.8,105.8
19731118,105.1,105.1,101.4,101.4
19731125,99,99,96.6,97.3
19731202,94.1,94.9,93.1,93.5
19731209,92,92.3,89.7,92.3
19731216,93.5,93.5,89.1,89.6
19731223,89.1,90.6,89.1,89.5
19731230,88.7,91.7,88.7,91.7
19740106,92.2,94.2,92.2,94.1
19740113,94.5,94.5,91.4,92.2
19740120,92.4,95.9,92.4,95.3
19740127,94.5,95.8,94.5,95.4
19740203,95,95.2,94.1,94.1
19740210,92.9,92.9,92.2,92.2
19740217,91.1,91.1,90.1,91
19740224,90.8,92.9,90.8,92.9
19740303,92.7,94.3,92.7,94.1
19740310,93.8,95.2,93.8,95.2
19740317,95.9,96.5,95.8,96.5
19740324,95.4,95.4,94.8,95.4
19740331,95.3,95.3,92.3,92.3
19740407,91.9,92.1,90.7,90.7
19740414,89.9,90.2,89.8,89.8
19740421,89.4,90.9,89.4,90.3
19740428,90.3,90.3,86,86.2
19740505,86.5,88,86.5,87.5
19740512,87.3,87.3,84.3,84.3
19740519,83.2,83.5,81.9,81.9
19740526,81.4,81.4,80.6,81.4
19740602,81.1,81.1,79.8,80.2
19740609,81.1,83.7,81.1,83.7
19740616,83.9,83.9,82.8,82.8
19740623,81.5,81.5,79.1,79.1
19740630,78.9,79.3,76,76
19740707,75.4,75.4,73.6,73.6
19740714,71,71.7,69.6,71.7
19740721,72,73.4,71.6,73.4
19740728,73.4,74.6,72.8,72.8
19740804,71.5,71.5,69.4,69.4
19740811,69.7,71.7,69.7,70.7
19740818,70.4,70.4,65.9,65.9
19740825,65.1,65.7,62.6,62.6
19740901,62.9,63.3,61.4,62.4
19740908,60.9,60.9,58.9,60.7
19740915,59.4,59.4,56.7,56.7
19740922,57.2,59.9,57.2,59.9
19740929,59.7,59.7,57.1,57.1
19741006,55.7,55.7,54.9,55.2
19741013,56.6,60.4,56.1,60.4
19741020,61.7,62.8,61.2,62.8
19741027,63.8,64.1,62.6,62.9
19741103,62.5,65.2,62.5,65.1
19741110,64.6,66.6,64.6,66.5
19741117,66.7,66.7,64.4,64.4
19741124,62.1,62.1,60.8,62.1
19741201,61.7,62.9,61.7,62.9
19741208,61.7,61.7,58.2,58.2
19741215,57.9,59.4,57.9,59.2
19741222,58.8,59.6,58.7,58.7
19741229,57.9,58.9,57.9,58.7
19750105,58.8,61.2,58.8,61.2
19750112,61.7,63.7,61.5,63.7
19750119,63.3,64.8,63.1,64.4
19750126,64.4,65.4,64.1,65.4
19750202,67,69.8,67,69.8
19750209,70.7,71.5,70.1,71.1
19750216,70.8,73.3,70.8,73.3
19750223,72.5,73.8,72.5,73.8
19750302,73.1,73.1,72.1,72.5
19750309,73.8,74.4,73.8,74.4
19750316,74.9,76.1,74.1,76.1
19750323,76.3,76.3,75.7,75.9
19750330,74.4,76.2,74.3,76.2
19750406,75.7,75.7,74.7,74.7
19750413,74.3,76.3,74.3,76.3
19750420,77.3,78.3,77.3,78.1
19750427,79.1,79.1,78.1,78.6
19750504,78.3,80.3,77.8,80.3
19750511,81.1,82.8,80.8,82.8
19750518,82.3,82.9,82.3,82.4
19750525,82,82.6,80.9,82.6
19750601,82.5,82.5,80.1,80.1
19750608,83.9,84.8,83.9,84.8
19750615,84,84,82.9,83.4
19750622,84,85.2,83.4,85.2
19750629,85.8,86.5,85.8,86.5
19750706,87,87,85.6,86.2
19750713,85.6,87.2,85.4,87.2
19750720,87.6,88,87,87
19750727,86.8,86.8,83.6,83.6
19750803,83.1,83.2,81.8,81.8
19750810,81,81,79.6,79.6
19750817,79.4,79.6,78.4,78.6
19750824,78,78,75.5,76.4
19750831,76.8,79,76.2,79
19750907,77.9,78.1,77.8,77.8
19750914,77.5,77.5,74.7,74.7
19750921,74.5,76.4,73.8,76.4
19750928,75.9,76.4,75.9,76.1
19751005,75.4,75.5,73.8,75.5
19751012,76,77,75.9,77
19751019,77.7,78.2,77.6,77.6
19751026,78.1,79.1,78.1,78.6
19751102,78.3,78.7,77,77
19751109,76.6,77.4,76.6,77.2
19751116,77.5,79.3,77.5,79
19751123,79.1,79.1,77.7,77.7
19751130,77.9,78.8,77.9,78.8
19751207,78.7,78.7,74.7,74.7
19751214,74.9,75.3,74.5,74.9
19751221,74.5,76.1,74.5,75.9
19751228,75.6,77.1,71.2,77.1
19760104,76.9,78.1,76.7,78.1
19760111,78.8,82.3,78.8,82.3
19760118,82.7,84.3,82.4,84.3
19760125,84.7,85.3,84.6,85.3
19760201,85.1,87.1,84.6,87.1
19760208,87.3,88.4,87.3,87.3
19760215,87.8,89,87.8,89
19760222,88.8,91,88.8,91
19760229,91.3,92.1,90.3,90.3
19760307,90.3,90.5,89.5,89.5
19760314,90,91.2,90,91
19760321,89.7,90.1,89.5,89.5
19760328,89.7,90.9,89.7,90.9
19760404,90.7,90.7,90.4,90.6
19760411,91.4,91.6,88.9,88.9
19760418,88.6,89.2,88.6,89.2
19760425,89.6,91,89.6,90.6
19760502,90.6,90.6,90,90.1
19760509,89.1,90,89.1,90
19760516,90.6,90.6,89.8,89.8
19760523,89.5,89.5,89.3,89.4
19760530,88.1,88.1,87.8,88
19760606,87.8,88.3,87.8,87.8
19760613,87.2,87.7,86.9,87.7
19760620,88.4,90.1,88.4,90.1
19760627,90.1,90.1,89.2,90.1
19760704,89.9,90.9,89.9,90.9
19760711,90.6,91.5,90.6,91.5
19760718,91.9,92.5,91.9,92.4
19760725,92.1,92.1,91.5,91.6
19760801,91.5,91.5,90.8,91.3
19760808,91.3,92,91.3,91.6
19760815,91.3,91.9,91.3,91.8
19760822,91.8,92,90.2,90.2
19760829,89.6,89.6,89.1,89.1
19760905,89.3,91,89.3,91
19760912,91.2,91.3,90.9,91.2
19760919,91,91.6,90.5,91.6
19760926,91.9,92.4,91.9,92.3
19761003,92.4,92.4,90.4,90.4
19761010,90.5,90.5,89,89.4
19761017,89,89.3,88.7,89.1
19761024,89.5,89.6,89.3,89.3
19761031,89.4,90.3,89.4,90.3
19761107,90.4,90.4,89.4,89.5
19761114,88.7,88.7,87.8,88.1
19761121,88.1,90,88.1,90
19761128,90.5,91.4,90.2,91.4
19761205,91.1,92.3,91.1,92.3
19761212,92.6,94.6,92.6,94.6
19761219,94.6,94.9,94.6,94.6
19761226,94.5,95.2,94.5,95.2
19770102,95.7,97.9,95.7,97.9
19770109,97.7,97.7,96.9,97.5
19770116,97.3,97.3,96,97.2
19770123,97.1,97.6,97.1,97.3
19770130,97.4,97.4,95.7,95.7
19770206,95.5,96.7,95.5,96.7
19770213,96.6,96.6,96,96.1
19770220,96.1,96.6,96.1,96.4
19770227,96.1,96.1,94.8,94.9
19770306,94.6,96.1,94.6,96.1
19770313,96.2,96.2,95.8,96.1
19770320,96.2,96.6,96.2,96.4
19770327,96.3,96.3,95.3,95.3
19770403,94.8,94.9,94.1,94.5
19770410,93.9,94,93.7,94
19770417,94.4,96.3,94.4,96.3
19770424,96.2,96.4,95.1,95.1
19770501,94.3,95.5,94.1,95.5
19770508,95.8,96.9,95.8,96.9
19770515,96.8,97.4,96.8,97.4
19770522,97.8,98.5,97.8,98
19770529,97.1,97.1,95.9,95.9
19770605,95.6,96.2,95.6,96.2
19770612,96.1,97.1,96.1,97.1
19770619,97.3,98.6,97.3,98.6
19770626,98.7,99.7,98.7,99.7
19770703,99.6,99.9,99.3,99.9
19770710,100.1,100.8,100,100.8
19770717,100.8,101.4,100.8,101.4
19770724,102,103.1,102,103.1
19770731,103,103,100.6,100.6
19770807,100.8,100.9,100,100.9
19770814,100.6,100.9,100.5,100.8
19770821,100.9,100.9,100.6,100.8
19770828,100.1,100.9,99.9,99.9
19770904,100.4,100.8,100.1,100.8
19770911,100.8,101.3,100.8,100.9
19770918,100.6,101,100.5,100.7
19770925,100.3,100.3,99.5,99.6
19771002,99.7,100.8,99.7,100.8
19771009,101.2,101.6,100.8,101.6
19771016,101.7,101.7,99,99.1
19771023,99.1,99.3,98.4,98.5
19771030,97.9,97.9,96.8,97.5
19771106,97.5,97.5,96.5,97.2
19771113,97.8,100.9,97.8,100.9
19771120,101,102.2,101,102.2
19771127,102.3,104.3,102.3,104.3
19771204,104.1,104.1,103.1,104.1
19771211,104.1,104.1,102.8,103.6
19771218,103.9,104.8,103.9,104.1
19771225,103.3,103.9,102.5,103.9
19780101,104,105.1,104,105.1
19780108,104,104,101.7,101.7
19780115,100.2,100.2,99.1,99.8
19780122,99.4,100.6,99.4,100.6
19780129,100.3,100.9,100.3,100.6
19780205,101,102.2,100.8,102.2
19780212,102.3,103.6,102.3,103.6
19780219,103.3,103.3,102.2,102.3
19780226,102,102.7,102,102.7
19780305,102.2,102.2,101.5,101.9
19780312,101.7,103.4,101.7,103.4
19780319,103.5,104.9,103.5,104.9
19780326,105.4,105.4,105.2,105.4
19780402,105.3,106.2,105.3,106.2
19780409,105.9,108.2,105.9,108.2
19780416,108.5,111.3,108.4,111.3
19780423,111.9,113.3,111.4,113.3
19780430,113.6,115.2,113.6,115.2
19780507,116,117.3,116,117.3
19780514,117.1,119.4,117.1,119.4
19780521,119.8,121.8,119.8,121.6
19780528,121.9,121.9,119.8,119.9
19780604,120,121,120,121
19780611,122.1,124.4,122.1,124.4
19780618,124.3,124.5,123.7,123.7
19780625,122.9,122.9,120.6,120.7
19780702,119.5,120.3,119.2,120.3
19780709,120.1,120.1,118.8,119.2
19780716,119.4,121.6,119.4,121.6
19780723,122.4,123.8,122.1,123.6
19780730,123.6,125.6,123.6,125.6
19780806,126.3,129.7,126.3,129.7
19780813,130.2,132,130.2,132
19780820,132.1,134.7,131.9,134.7
19780827,133.8,135.8,133.8,135.8
19780903,135.2,135.4,134.6,135.4
19780910,135.5,138.4,135.5,138.4
19780917,138.9,139.3,137.4,137.4
19780924,135.6,135.6,132.1,132.3
19781001,132.1,132.9,132,132.9
19781008,133.3,134,133.1,134
19781015,134.6,135.6,134.6,135.6
19781022,133.9,133.9,123.8,123.8
19781029,121.9,121.9,115.3,115.3
19781105,112.4,115.5,111.1,115.5
19781112,115.1,115.1,112.8,114.8
19781119,113,113.7,110.9,113.7
19781126,114.5,116.2,114.5,116.2
19781203,116,116.2,114.1,116.2
19781210,116.6,118.8,116.6,118.8
19781217,119.1,119.1,117.4,117.4
19781224,114.3,116.9,114.3,116.9
19781231,117.7,118,117.3,118
19790107,117.8,122.1,117.8,122.1
19790114,121.9,123.7,121.9,123.7
19790121,124.5,124.6,123.6,124.6
19790128,124.7,127,124.7,127
19790204,126.8,126.8,125.8,125.8
19790211,124.3,124.3,122.8,123.8
19790218,124.1,125.6,124.1,125.6
19790225,125.8,125.8,125,125
19790304,124.9,124.9,122.6,123.7
19790311,124.7,127.3,124.4,127.3
19790318,127.2,128.6,127.2,128.6
19790325,129.1,130.6,128.8,130.6
19790401,130.1,131.8,130.1,131.8
19790408,131.4,133.8,131.4,133.8
19790415,133.7,134.2,133.5,133.5
19790422,132.5,133.7,132.3,133.7
19790429,133.9,134.8,133.9,134.4
19790506,133.8,134.2,133.8,133.8
19790513,130.6,130.6,129.6,129.7
19790520,129,131,129,131
19790527,131.2,132.7,131.2,132.7
19790603,132.5,132.5,131.4,131.8
19790610,131.9,135,131.9,135
19790617,135,136.3,135,136.3
19790624,135.9,137.2,135.9,137.2
19790701,136.9,138.1,136.5,138.1
19790708,137,138.6,137,138.6
19790715,139.1,139.1,138.5,138.5
19790722,138.9,138.9,137.3,138
19790729,137.6,140,137.6,140
19790805,140.5,142.6,140.5,142.6
19790812,142.4,145.1,142.4,145.1
19790819,146.1,147.8,146.1,147.8
19790826,147.9,149.4,147.9,149.4
19790902,149.5,150.4,149.5,150.4
19790909,148.5,148.5,146,148.1
19790916,148.9,150.6,148.4,150.6
19790923,150.5,150.6,149.2,150.6
19790930,150.1,150.4,149.3,150
19791007,149.6,152.3,149.6,152.3
19791014,151,151,139.3,140.7
19791021,138.4,139.5,136.6,136.6
19791028,133.2,133.8,132.6,133.8
19791104,133.9,136.9,133.9,136.9
19791111,136.1,136.1,134.1,135.9
19791118,137.1,139.1,137.1,139.1
19791125,140,140,138.9,139.9
19791202,141.9,144.3,141.9,144.3
19791209,143.9,147.5,143.9,147.5
19791216,148,150,147.8,150
19791223,150.6,150.6,149.6,150.2
19791230,150,150.8,150,150.8
19800106,151.1,151.1,146,148
19800113,148.6,153.9,148.6,153.9
19800120,154.4,156.1,154.4,156.1
19800127,157.4,159.7,156.9,159.7
19800203,160.7,162.3,160.3,162.3
19800210,162,165.3,162,165.3
19800217,164.5,165,162.6,162.6
19800224,161.1,162.1,160.1,160.1
19800302,158,158.5,157.5,158
19800309,156.9,156.9,146.2,146.2
19800316,143.8,145,143.8,144.4
19800323,139.7,140,138.8,138.8
19800330,134.6,134.6,124.1,129.3
19800406,131,136,131,136
19800413,133.4,137.8,133.4,137.8
19800420,136.7,136.7,134.6,134.7
19800427,133.1,138.7,133.1,137.9
19800504,138.5,140.3,138.5,140.3
19800511,141,143.6,141,143.1
19800518,143,147.2,143,147.2
19800525,147.2,149.5,146.8,149.5
19800601,150.1,150.7,150.1,150.4
19800608,150.2,152.7,149.9,152.7
19800615,153,156.6,153,156.6
19800622,156.8,157.2,156.5,156.5
19800629,157,159.2,157,159.2
19800706,157.8,160.9,157.8,160.9
19800713,163.6,164.8,163.6,164.8
19800720,166.5,170,166.5,170
19800727,170.5,170.5,169.6,169.6
19800803,170,172.5,170,172.5
19800810,171.9,175.9,171.9,175.9
19800817,177.1,179.9,176.6,179.9
19800824,177.2,181.7,176.3,181.7
19800831,181.6,182.4,181,181.5
19800907,182.3,185.6,182.3,185.6
19800914,184.4,189.6,184.4,189.6
19800921,189.6,195.3,189.6,195.3
19800928,195.9,195.9,190.8,190.8
19801005,185.8,193.4,185.8,193.4
19801012,196,197.8,196,197.8
19801019,198.9,199.4,197.2,197.2
19801026,197.1,197.9,195.8,196.2
19801102,194.4,194.5,192.5,192.8
19801109,193.1,196,193.1,193.5
19801116,193.1,201.8,193.1,201.8
19801123,201.6,206.5,201.6,206.1
19801130,204.2,208.1,204.2,208.1
19801207,204.9,206.2,203,203
19801214,195.9,195.9,188.8,191.2
19801221,191.8,197.9,191.8,197.9
19801228,199.8,201.3,199.8,201.3
19810104,199.8,203.6,199.8,203.6
19810111,204.2,204.2,195.9,197.7
19810118,198.4,201.1,198.1,201.1
19810125,201.6,201.6,197.1,197.5
19810201,196.1,197.9,196.1,197.8
19810208,193.1,197.9,193.1,197.9
19810215,196.9,196.9,193.9,193.9
19810222,194,194.7,192.3,192.3
19810301,193.1,198,193.1,198
19810308,199.1,199.9,198.4,199.9
19810315,200.1,202.2,198.2,202.2
19810322,203.4,206.3,203.2,206.3
19810329,207.6,209.5,207.6,208.8
19810405,209,212.6,209,212.6
19810412,211.3,215.1,211.3,215.1
19810419,214.3,216.6,213.4,216.6
19810426,217.6,219.6,216.7,219.6
19810503,219.9,219.9,216.2,216.7
19810510,213.3,214.8,211.6,214.8
19810517,212.8,216.5,212.8,216.5
19810524,216.9,219.2,216.1,219.2
19810531,220.2,223.5,220.2,223.5
19810607,223,223,218.9,221.3
19810614,220.8,222.8,220,222.8
19810621,223,223,218.7,219.6
19810628,218.6,219.8,218.6,219.8
19810705,218.2,218.2,212.8,212.8
19810712,209.1,210.5,208,210.5
19810719,210.9,212.8,209.9,212.8
19810726,209.3,209.3,206.2,208
19810802,209.4,211.6,208.9,211.6
19810809,210.4,211.7,210.1,211.4
19810816,210.8,212.4,210.8,212.1
19810823,209.6,209.6,206.8,206.8
19810830,200.8,200.8,196.8,197.6
19810906,195.8,195.8,189.6,189.6
19810913,184.8,189.8,184.8,189.8
19810920,189.6,189.6,184.3,184.3
19810927,184.4,184.4,175.1,175.1
19811004,175,184.4,175,184.4
19811011,185.9,191.3,185.9,191.3
19811018,191.3,191.9,189.4,190.2
19811025,189.8,192.4,189.8,191.9
19811101,191,195.2,191,195.2
19811108,197.3,200,197.3,200
19811115,199.9,201,199.9,200.2
19811122,197.2,198.6,197.2,198.6
19811129,198,201,198,201
19811206,201.4,201.4,199.9,200.9
19811213,199.7,199.7,198.1,198.6
19811220,195.7,197,195.1,197
19811227,196.4,196.4,195.4,195.7
19820103,195.1,195.8,193.9,195.8
19820110,195.5,195.5,191,192.1
19820117,188.8,188.8,185.7,187.3
19820124,187.2,187.2,185.7,185.8
19820131,183.5,188.4,183.4,188.4
19820207,186.8,188.2,186.8,188.2
19820214,184.6,184.6,182.3,182.5
19820221,180.7,181.4,180.6,180.6
19820228,179.1,179.4,177.5,179.4
19820307,180.1,180.1,174,174
19820314,171,171,168.2,168.2
19820321,167.9,171.8,167.9,171.8
19820328,173.8,175.8,173.8,175.2
19820404,175.5,178.6,175.4,178.6
19820411,178.2,181.1,178.2,181.1
19820418,180.9,182.3,180.4,182.3
19820425,182.4,184.9,181.9,184.9
19820502,185.8,185.8,184.1,184.7
19820509,185,188.1,185,188.1
19820516,187.6,188.2,187.6,188.2
19820523,186.9,186.9,182.4,182.4
19820530,181.7,181.7,178.4,178.5
19820606,177.4,177.8,174.8,174.8
19820613,173.9,173.9,170.9,173.6
19820620,172.1,172.1,168.5,168.5
19820627,168,171.1,168,170.5
19820704,171.1,171.3,170.1,170.1
19820711,169.2,169.2,166.8,168.1
19820718,168.9,170.2,168.9,170.2
19820725,170.1,172.1,170.1,172.1
19820801,171.4,171.4,167.4,167.4
19820808,168.4,168.4,163.3,163.3
19820815,161.4,161.4,159.7,159.7
19820822,159.7,167,159.7,167
19820829,169.9,178.2,169.9,177.6
19820905,179,179,177.3,177.3
19820912,177.3,182.8,177.3,182.5
19820919,182.9,186.8,182.9,186.6
19820926,186,188.6,186,188.6
19821003,188.6,189,187.6,188.7
19821010,188,198.9,188,198.9
19821017,202.3,205.2,202.2,204.5
19821024,206.6,216.8,206.6,216.8
19821031,216.8,216.8,209.9,212.6
19821107,214.5,227,214.5,227
19821114,226.7,232.6,226.7,232.6
19821121,229.3,229.4,225,229.4
19821128,225.8,228.6,225.2,228.6
19821205,228.4,237.2,228.4,237.2
19821212,239.3,240.7,233.9,233.9
19821219,233.3,233.3,225.6,228.9
19821226,227.9,232.3,227.9,232.3
19830102,233.2,233.2,231.3,232.4
19830109,230.6,238.6,230.6,238.6
19830116,240.9,245.6,240.9,245.6
19830123,247.1,247.1,244,244
19830130,246.7,246.9,239.2,246.9
19830206,248.4,251.6,248.1,251.6
19830213,252,256.6,251.1,256.6
19830220,258.7,261.3,258.7,261.3
19830227,259.1,262.4,259.1,262.4
19830306,260.7,265.9,260.7,265.9
19830313,265.4,266.2,263.2,266.2
19830320,264.3,265,264,265
19830327,266.3,270.9,266.3,270.9
19830403,269.1,270.8,268.8,270.8
19830410,268.7,268.8,266.5,268.1
19830417,270.8,281.6,270.8,281.6
19830424,282.8,288.5,281.9,288.5
19830501,286.6,293.1,286.6,293.1
19830508,290.5,301.6,289.6,301.6
19830515,302.6,304.4,302.1,303.9
19830522,299.6,303.6,299.6,303.6
19830529,303.9,312,303.9,312
19830605,308.7,313.9,307.9,313.9
19830612,315.5,315.5,312.5,315.2
19830619,318,326.5,318,326.1
19830626,324.6,328.9,324.6,328.9
19830703,324.3,324.3,315.9,318.7
19830710,317.1,320,317.1,319.5
19830717,320.4,320.4,312.9,312.9
19830724,310.3,320.7,310.3,320.7
19830731,320.8,320.8,304,304
19830807,302.1,303.9,299.7,300.2
19830814,294.9,299.6,294.3,299.6
19830821,301.8,301.8,299.1,299.1
19830828,298.8,298.8,289.5,290.3
19830904,289.4,297.9,289.4,297.9
19830911,301.2,302.2,300.8,302.2
19830918,300.8,300.8,297.2,298.3
19830925,301.8,304.6,301.8,303.6
19831002,303.8,303.8,296.6,296.6
19831009,294.6,297.4,294.6,297.4
19831016,297.4,297.4,290,290
19831023,289.7,289.7,279.5,279.5
19831030,276.8,278.6,276.1,276.1
19831106,274.5,275.2,273,273.2
19831113,271.1,277.1,269.6,277.1
19831120,279.5,281.3,278.9,281.3
19831127,283,285.5,283,285.5
19831204,284.5,286.1,283.9,283.9
19831211,282.5,282.5,280.5,280.5
19831218,279.9,279.9,275.4,276
19831225,275.6,276.5,274.5,276.5
19840101,276.7,278.6,276.6,278.6
19840108,277.6,287.9,277.6,287.9
19840115,287.3,287.7,286.9,286.9
19840122,286.3,287.2,284.4,284.4
19840129,280.2,280.2,273.2,273.2
19840205,269.2,269.2,264,264
19840212,258.6,258.6,251.7,254
19840219,250.6,252.7,250.6,251.3
19840226,250,251.4,247.1,251.4
19840304,254.3,255.5,251.1,255.5
19840311,253.9,253.9,249,249
19840318,249.7,253.4,249.7,253.4
19840325,251.6,252.7,250,250
19840401,249.3,251.6,249.1,250.8
19840408,249.8,249.8,243.9,243.9
19840415,242.8,244,241.8,244
19840422,243.9,245.6,243.9,245.5
19840429,243.9,246.9,243.9,246.9
19840506,247.4,253,247.4,250.9
19840513,251.4,252.9,250.6,250.6
19840520,248.9,249,244.6,244.6
19840527,243.1,243.1,235.2,235.2
19840603,232.6,235.9,231.9,235.9
19840610,238.8,240.4,238.4,240.4
19840617,238.1,238.1,235.6,235.6
19840624,236.8,241.1,236.8,241.1
19840701,240.9,240.9,237.2,239.4
19840708,237.9,238.3,236.7,236.7
19840715,237,237,234.2,234.7
19840722,233.7,233.7,229.4,229.4
19840729,227.1,229.3,225.3,229.3
19840805,228.9,246.2,228.9,246.2
19840812,249.3,252.4,248,252.4
19840819,251.4,251.4,249.7,250.4
19840826,250.2,254.8,250.2,254.8
19840902,253.3,254.8,253.3,254.6
19840909,251.4,252.2,250.6,251.7
19840916,250.5,255.6,250.5,255.6
19840923,255.4,255.4,252.7,252.7
19840930,250.8,250.8,249.9,249.9
19841007,247.9,247.9,244.8,245.5
19841014,244.6,246.2,243.3,246.2
19841021,246.8,252.2,246.8,251.2
19841028,250.7,251.1,247.3,247.4
19841104,247,248.4,246.4,248
19841111,247.8,250.5,247.6,249.5
19841118,249.2,249.3,245.1,245.1
19841125,244.2,245.3,242.4,245.3
19841202,245.8,252.3,242.4,242.4
19841209,241.9,246.9,238.4,239.3
19841216,238.2,250.2,237.7,239
19841223,238.7,245.4,238.3,244.8
19841230,245.1,246.6,245.1,245.9
19850106,246.2,247.1,245.8,246.1
19850113,246,252.2,245.9,252.2
19850120,252.7,263.1,252.7,263.1
19850127,263.9,274,263.9,274
19850203,275,278.9,274.6,278.4
19850210,278.8,288.4,278.8,288.4
19850217,288.6,289.3,286.3,287.7
19850224,286.6,287.6,286,286.2
19850303,284.7,287.2,283.5,287.2
19850310,287.6,287.8,282.2,282.4
19850317,281.9,282.4,276.9,278
19850324,278.3,279.6,277.1,278.9
19850331,277.7,279.2,275.6,279.2
19850407,279.5,281.1,276.8,277.4
19850414,277,280.7,276.2,280.6
19850421,280.7,284,280.6,282.8
19850428,282.4,284.8,281.2,284.1
19850505,283.6,284.1,278.8,280.3
19850512,280.4,287.5,279.7,287.5
19850519,288,291.7,287.1,291.7
19850526,294,294.8,291.6,292.1
19850602,292.1,292.6,289.5,290.8
19850609,291.4,292.2,290.1,291
19850616,290.5,291.4,286.7,288
19850623,287.5,288.7,286.9,288.7
19850630,288.4,296.2,288.2,296.2
19850707,295.9,298.7,295.5,298.6
19850714,298.3,302.4,296.7,302.4
19850721,302,307.9,301.8,307.8
19850728,306.9,307.9,302.9,304.6
19850804,303.6,304.7,300.1,304.5
19850811,303.2,304.5,297.8,299.1
19850818,298.6,299.3,296.4,296.5
19850825,296.2,297.9,295.6,296.7
19850901,296.2,297.7,295.1,297.7
19850908,297.3,297.7,295,296.2
19850915,295.7,296.3,286.9,287.2
19850922,286.4,287.2,279.5,284.4
19850929,285.9,286.2,279.5,280.2
19851006,280.5,282.5,279.8,280.5
19851013,279.3,281.8,276.6,281.8
19851020,282.5,288.7,281.8,288.4
19851027,288.3,290.9,287.5,289.5
19851103,288.7,294.2,288.6,294.1
19851110,294.7,300.1,294,300
19851117,300.5,306.5,300,306.2
19851124,306.1,310.9,305.8,310.8
19851201,310.1,314,309.4,314
19851208,313.9,319.6,312.3,316.6
19851215,316.8,324.1,316.4,324
19851222,324.7,325.6,322.2,323.1
19851229,322.5,323.2,319.7,322.8
19860105,323,325.7,322.2,325.7
19860112,325.5,331.7,322.1,324.4
19860119,323.8,331.1,323.6,330.7
19860126,329.1,330.7,325.7,328.9
19860202,329.4,335.8,328.8,335.8
19860209,336.1,342.2,335.8,342.2
19860216,343.2,350.2,342.2,350.2
19860223,350.8,355.65,350.2,355.65
19860302,355.7,359.8,354,359.5
19860309,360,362.5,359.1,362.2
19860316,363.2,371.9,362.3,371.8
19860323,370.2,373.6,369.2,372.6
19860330,372.3,373.5,368.9,373.3
19860406,373.9,376.1,372.1,372.2
19860413,370,379.3,368,378.9
19860420,379.4,390.8,378.9,390.1
19860427,390.4,392.5,388.3,392.3
19860504,392.5,393,381.5,383.2
19860511,384.3,389.1,383.2,389.1
19860518,388.7,389.2,384.2,384.7
19860525,384.2,392,383.2,391.9
19860601,393.3,400.4,391.9,400.2
19860608,400.7,401.3,398.3,400.3
19860615,398.8,400.4,391.8,399.6
19860622,399.6,400.5,393.9,396.9
19860629,396.9,403.6,396.5,403.6
19860706,404.2,411.2,403.5,411.2
19860713,409,411.3,389.8,391.6
19860720,388.1,391.6,378.2,381.1
19860727,380,381.2,378.7,379.8
19860803,379.8,380.1,369.1,370.7
19860810,367.9,370.6,364.4,365.8
19860817,367.7,380.3,365.9,380.2
19860824,379.1,382.3,378.3,381.5
19860831,379.8,383.2,379.1,382.9
19860907,382.8,384,378.2,378.4
19860914,374.8,378.4,346.3,346.8
19860921,347.4,349.5,342.3,349.4
19860928,350.4,354.8,349.4,351.6
19861005,348.9,354,347.1,352.8
19861012,353,353.9,351.4,353.5
19861019,353.4,356.7,353.1,355.7
19861026,354.1,356.9,352.4,356.7
19861102,356.1,361.6,355.7,360.8
19861109,361,362.5,360.2,361
19861116,359.6,362,357.5,358.5
19861123,357.3,358.7,349.1,354.7
19861130,355.9,359.6,354.6,359.6
19861207,357.4,364.7,356.8,363
19861214,362,363,355.6,355.9
19861221,353.6,355.9,351,352.2
19861228,351.3,352.2,348.3,349.9
19870104,349.1,353.2,347,353.2
19870111,356.2,380.8,353.3,380.7
19870118,382,393.6,380.7,389.9
19870125,388.6,396.2,388.4,392.2
19870201,388.7,393.3,387.6,392.1
19870208,393.8,407.3,392,406.9
19870215,406.4,412.6,402.6,412.5
19870222,414.8,418.8,412.5,417.2
19870301,414.2,425,413.1,425
19870308,425,429.8,422.9,429.5
19870315,426.8,433.5,425.9,432
19870322,430.3,439.9,430.1,439.6
19870329,439.6,440,436.4,436.6
19870405,427.9,437.4,424.6,437.4
19870412,438.1,439.2,430.3,430.9
19870419,427.8,430.9,412.5,419.5
19870426,418.8,420.3,412.4,412.6
19870503,407.9,418.9,407.4,418.4
19870510,418.6,423.5,417.2,423.2
19870517,424.6,424.8,418.8,418.9
19870524,415.2,415.2,404.5,407.4
19870531,409.3,416.8,407.4,416.5
19870607,415.5,418.3,413.5,417.8
19870614,417.8,425.7,417.3,425.4
19870621,426.5,429.6,424.8,429.1
19870628,429.4,429.9,425.5,426.7
19870705,426.6,427.1,423.9,425.9
19870712,425.9,426.9,423.7,426
19870719,425.5,434.5,425.1,434.1
19870726,432.8,433.1,426.9,429.1
19870802,428.6,434.9,428.4,434.9
19870809,433.3,444.4,431.2,443.6
19870816,443.8,451.8,443.5,451.6
19870823,451.4,455.2,446.1,455.2
19870830,453.8,455.8,453,453.3
19870906,452.8,456.3,446.3,446.5
19870913,442.5,446.2,436,446.2
19870920,445.7,445.8,439.8,440.9
19870927,441.5,442.4,434.9,441.9
19871004,443.4,451.6,441.4,451.6
19871011,452.5,453.7,438.2,438.4
19871018,434.4,435.4,406.2,406.3
19871025,394.5,404.8,326.6,328.5
19871101,312.8,323.4,288.5,323.3
19871108,325.4,328.8,316.1,326.4
19871115,321.1,324.8,314.6,323
19871122,325.2,325.7,309.7,312.5
19871129,312.2,317.8,311.8,316.5
19871206,307.3,307.3,291.9,292.9
19871213,293.7,302.7,292.9,302.6
19871220,305.5,327,304.6,326.9
19871227,327.9,333.2,325.4,333.2
19880103,326.5,330.5,324.1,330.5
19880110,335.1,349.7,334.5,338.5
19880117,333.2,341.5,329,340.1
19880124,340.4,341.1,332.1,337.6
19880131,338.5,344.7,337.6,344.7
19880207,346.2,348,343.5,345.8
19880214,343.7,353.3,343.5,353.3
19880221,352.8,357.2,352.6,357.1
19880228,357.4,366.5,357.1,363.4
19880306,363.7,373.4,363.4,373.4
19880313,373.7,382,372.9,375.5
19880320,376.4,382.6,375.5,381.6
19880327,378.6,380.4,372.2,372.5
19880403,369,374.6,368.7,374.6
19880410,373.7,381.9,371.5,381.8
19880417,381.9,384.3,369.8,373.9
19880424,372.5,379.1,372.3,374
19880501,374.4,379.2,374.1,379.2
19880508,379,383.1,378.7,379.4
19880515,377.7,378.4,368.4,372.5
19880522,372.7,376.2,362.8,366
19880529,364.2,367.3,362.4,366.7
19880605,367.7,377.1,366.5,376.9
19880612,378,386.8,376.8,386.3
19880619,385.8,389.7,385.6,386.9
19880626,385.4,391.8,385,391.6
19880703,390.3,395.1,388.5,394.7
19880710,394.4,397.5,393.7,394.3
19880717,394.3,395,392,395
19880724,395,395.2,386.2,387.4
19880731,387,387.4,382.1,387.3
19880807,387.6,389.5,386.8,387.7
19880814,387.9,388.5,378.1,379
19880821,377.4,379,372.2,377.4
19880828,376,377.5,372.6,374.4
19880904,375.5,377.5,372.2,376.5
19880911,377,381.8,376.3,381.6
19880918,382.1,384.5,381,383.9
19880925,382.5,385.6,381.5,385
19881002,384.2,388.4,382,387.7
19881009,384.7,387.7,383.1,385.7
19881016,385.8,386.3,381.8,384.6
19881023,384.9,388.6,384.4,388.6
19881030,387.5,388.9,380.7,382.8
19881106,381.6,383.1,380.7,381
19881113,378.5,381.1,373.6,373.8
19881120,371.8,374,366.7,367.6
19881127,365.3,367.9,364,366.4
19881204,366.4,374.4,364.8,373.9
19881211,374.9,377.2,373.9,375.2
19881218,375.2,375.8,372.5,375.8
19881225,375.6,377.5,374.9,377.3
19890101,377.7,381.4,375.6,381.4
19890108,378.9,384.9,376.9,384.7
19890115,384.9,387.5,383.9,387.1
19890122,387,392.1,385.5,391.7
19890129,391.8,398.9,389.8,398
19890205,398.5,406.4,397.9,406.4
19890212,406.4,410.1,402.1,402.4
19890219,400.6,407.8,400.3,407.2
19890226,406.8,407.5,399.7,400
19890305,398.4,404,398.2,404
19890312,405.2,407.4,404.2,405.9
19890319,406.6,409.8,402,402.2
19890326,400.5,401.8,397.8,400.9
19890402,400.4,406.8,400.1,406.7
19890409,407,410.8,406.5,410.7
19890416,411.2,417.7,410.4,417.7
19890423,417.6,423.8,417.2,423.8
19890430,423,427.6,421.9,427.6
19890507,425.9,432.3,425.8,430.7
19890514,430.5,434.9,427.8,434.8
19890521,435.3,442.2,434.6,442.1
19890528,442.6,445.2,439.3,445.2
19890604,445.9,451.7,443.1,451.6
19890611,451.4,454.6,446.6,453.7
19890618,453,453.6,445.3,447.2
19890625,446.9,448.4,443.5,448.4
19890702,448.6,449.2,431.7,435.3
19890709,434.5,443.1,434.4,442.4
19890716,442.5,449,442.2,448.9
19890723,449,452,447.3,449.3
19890730,448,453,445.9,452.8
19890806,452.3,457.8,451.9,457.4
19890813,458.5,466.1,457.9,462.5
19890820,461.2,462.2,459.7,462
19890827,462.1,467.2,456.5,466.8
19890903,466.2,471.5,465.5,471.3
19890910,472.2,472.4,467.6,471.3
19890917,470.9,474.6,467.1,467.6
19890924,467.1,468.4,466,468.1
19891001,467.6,473.3,464.9,472.9
19891008,472.8,483.9,472.4,483.6
19891015,483.5,487.5,467.3,467.3
19891022,448.9,471.3,447.1,470.7
19891029,470.7,471.1,451.8,452.8
19891105,453.7,457.3,450.8,453
19891112,452.8,456.4,446.8,456.2
19891119,456.8,457.1,453.1,456.7
19891126,457.2,457.8,453.1,456.6
19891203,457.5,457.9,454.9,457.1
19891210,457.5,459.4,455.6,456.2
19891217,454.6,455.8,441.7,443.8
19891224,443.6,445.1,431.8,444.6
19891231,444.9,454.8,444.4,454.8
19900107,452.9,461.6,452.7,458.2
19900114,457.1,459.6,439.3,439.7
19900121,438.2,442.5,432.1,440.9
19900128,439.7,440.7,419.5,421.3
19900204,422.8,423.3,410,422.2
19900211,422.9,430.2,421.8,428.8
19900218,428.8,430.9,423.9,429
19900225,425.4,427.9,418.1,419.5
19900304,419.5,431,418.7,431
19900311,430.8,437.1,428.6,436.8
19900318,435.3,443.1,434.5,442.2
19900325,440.4,443.3,433.2,437.3
19900401,438.8,440,433.2,435.5
19900408,431.6,438.3,430.6,430.9
19900415,430.6,436.8,429.9,436.3
19900422,438.4,438.5,424.9,425.8
19900429,423.4,425.3,417.5,418
19900506,417.5,428.6,417,428.6
19900513,429.3,438.2,429.1,438.1
19900520,440.2,448.5,438.8,448.3
19900527,448.9,458.9,448.4,453.7
19900603,454.1,462.5,453.7,462.1
19900610,462.8,467.6,459.3,460.9
19900617,459.4,469.4,458.5,467.6
19900624,465.7,467,458.7,459.3
19900701,459.1,462.5,453.2,462.3
19900708,461.6,462.4,457.6,460.5
19900715,461.3,470.3,460.3,468.4
19900722,468.7,470.1,455.1,455.3
19900729,451.8,454.6,438.2,442.6
19900805,439.3,441.9,408.1,417.5
19900812,403.7,414.6,399.5,408
19900819,404.8,413.3,389.7,393.5
19900826,393.6,394,359.7,367.3
19900902,377.5,383.5,370,381.2
19900909,379,383.2,376.6,380.4
19900916,383.9,385.2,372.7,374.4
19900923,373.6,374.7,360.4,362.3
19900930,358.2,361.1,334.6,344.5
19901007,349,360.9,343.2,347.4
19901014,349.8,350.3,323,327.6
19901021,329.5,338.8,324.1,337.4
19901028,338,342.6,334.2,334.4
19901104,334.5,336.6,327,336.5
19901111,339,342.7,335.5,342
19901118,344.8,356.9,343.3,350.9
19901125,352.6,353.4,346.5,349
19901202,346.2,359.1,345.5,359.1
19901209,361.1,378,359.8,371.5
19901216,370.4,371.7,367,368.8
19901223,364.7,373.8,364.6,373.6
19901230,371.9,373.3,369.4,371.2
19910106,370.3,373.8,365.9,367.2
19910113,363.5,365.8,357.1,361.8
19910120,355.2,380.2,353,377
19910127,374.5,395.1,374.4,394.3
19910203,394.5,418.9,393.6,417.7
19910210,418.8,442.5,417.5,436.8
19910217,444.1,450.3,442.5,448.7
19910224,448.2,453,445.8,449
19910303,453.6,456.7,446.4,456.7
19910310,458.1,478.8,457.2,475.11
19910317,473,474,461.12,466.29
19910324,465.75,469.41,459.04,464.15
19910331,465.3,483.32,464.76,482.3
19910407,480.18,499.5,479.12,495.79
19910414,494.47,502.29,488.79,501.62
19910421,500.02,512.68,497.78,501.19
19910428,497.71,500.12,492.3,494.64
19910505,495.28,496.05,479.63,492.1
19910512,490.78,500.02,489.29,493.42
19910519,494.29,495.4,476.58,481.38
19910526,480.52,492.78,479.32,492.67
19910602,494.51,506.12,493.38,506.11
19910609,505.84,508.04,496.91,498.54
19910616,498.4,498.88,489.05,495.07
19910623,494.76,495.99,482.66,485.82
19910630,482.79,484.71,470.92,475.92
19910707,478.06,481.56,473.18,474.05
19910714,471.83,492.71,471.24,492.71
19910721,493.64,498.67,491.31,497.55
19910728,497.44,497.56,487.42,492.69
19910804,492.35,507.25,490.98,505.67
19910811,504.29,510.24,501.49,508.31
19910818,507.64,518.4,507.23,512.47
19910825,489.36,521.4,487.08,521.06
19910901,520.43,527.71,519.29,525.68
19910908,526.3,526.53,516.41,516.94
19910915,516.48,521.57,511.05,516.71
19910922,516.31,528.17,513.82,527.19
19910929,526.26,529.21,523.06,524.48
19911006,524.62,529.21,519.81,520.4
19911013,517.94,519.63,513.21,519.05
19911020,521.02,540.94,519.79,538.9
19911027,538.31,539.49,524.93,525.13
19911103,526.57,543.61,526.57,540.93
19911110,539.07,549.26,536.65,548.08
19911117,549.17,558.16,531.22,531.29
19911124,529.94,535.08,516.39,526.46
19911201,523.92,526.58,517.98,523.9
19911208,519.48,537.53,518.63,536.3
19911215,537.28,541.06,529.22,540.9
19911222,541.13,544.04,533.7,535.76
19911229,535.88,566.54,535.36,565.71
19920105,568.41,592.83,566.86,592.65
19920112,595.08,621.03,593.13,615.7
19920119,614.14,632.99,613.1,626.85
19920126,625.12,626.98,604.87,624.68
19920202,625.38,626.32,615.47,620.21
19920209,620.57,640.75,619.77,634.95
19920216,633.62,646.09,631.83,636.43
19920223,636.21,637.25,619.18,629.75
19920301,628.93,636.54,617.08,633.47
19920308,634.04,637.21,613.95,615.95
19920315,617.18,624.21,612.25,618.62
19920322,618.11,627.35,615.27,624.28
19920329,623.17,624.03,602.53,604.67
19920405,605.03,606.56,587.93,590.01
19920412,592.68,597.97,567.15,584.24
19920419,584.03,600.61,583.7,591.81
19920426,586.5,590.69,571.99,572.89
19920503,571.24,580.97,557.06,578.14
19920510,581.28,591.21,579.2,585.76
19920517,586.45,588.41,571.01,574.43
19920524,576.82,581.17,575.04,580.3
19920531,579.58,585.96,575.27,585.31
19920607,583.67,591.07,582.13,585.43
19920614,584.71,585.37,566.79,569.52
19920621,568.48,570.72,548.55,554.2
19920628,552.4,554.95,545.95,547.84
19920705,550.92,571.19,549.03,563.35
19920712,560.73,568.57,553.76,567.8
19920719,568.56,577.14,567.71,570.52
19920726,560.85,569.29,560.76,565.61
19920802,565.96,581.01,564.15,580.83
19920809,579.62,583.84,572.47,573.74
19920816,573.44,574.58,570.03,573.18
19920823,573.42,573.61,562.42,563.7
19920830,559.27,564.27,550.36,563.56
19920906,562.87,575.79,561.36,573.44
19920913,572.72,584.01,569.51,583.01
19920920,587.99,594.21,582.16,589.12
19920927,588.24,588.9,574.74,577.2
19921004,574.99,583.29,571.41,571.63
19921011,565.66,574.56,551.72,570.52
19921018,571.4,582.61,570.84,582.61
19921025,583.11,599.09,582.34,597.3
19921101,596.62,606.58,595.1,605.17
19921108,603.76,616.97,603.31,616.82
19921115,616.84,637.16,616.01,637.16
19921122,635.63,642.96,626.55,642.6
19921129,638.37,650.64,636.64,649.49
19921206,650.74,661.92,648.84,661.6
19921213,662.84,667.98,654.62,655.79
19921220,656.39,662.29,648.75,661.29
19921227,660.78,665.98,658.43,665.88
19930103,665.66,676.95,663.87,676.95
19930110,675.31,685.3,670.51,677.21
19930117,677.46,699.23,676.2,697.15
19930124,694.69,703.71,694.45,701.63
19930131,703.66,711.03,692.94,696.34
19930207,697.98,711.28,696.76,700.98
19930214,701.45,702.23,690.4,690.54
19930221,683.04,689.17,655.72,663.61
19930228,661.4,670.94,647.79,670.77
19930307,670.88,683.92,668.74,681.37
19930314,682.93,695.99,681.72,692.78
19930321,693.89,697.41,682.72,682.72
19930328,677.71,683.74,671.68,681.54
19930404,681.28,692.56,669.83,669.85
19930411,669.74,673.63,663.91,666.33
19930418,670.31,678.06,666.18,666.78
19930425,664.2,668.53,657.8,658.41
19930502,656.79,664.92,644.71,661.42
19930509,662.75,684.38,661.43,681.44
19930516,682.48,684.2,673.73,676.37
19930523,678.46,697.9,675.73,694.29
19930530,692.55,707.05,691.28,700.53
19930606,700.96,706.63,700.07,702.01
19930613,701.91,703.69,685.69,693.19
19930620,694.71,699.52,689.59,689.59
19930627,688.57,695.69,682.89,694.81
19930704,697.72,705.42,696.21,704.49
19930711,705.5,705.96,697.37,705.81
19930718,706.84,713.96,698.85,699.73
19930725,699.39,701.96,694.53,700.24
19930801,702.25,708.65,699.82,704.7
19930808,706.38,718.36,705.06,718.08
19930815,717.54,721.51,715.08,718.26
19930822,721.18,737.29,720,730.96
19930829,729.94,737.45,727.61,734.07
19930905,735.59,749.72,734.69,749.71
19930912,749.18,749.54,724.48,744.31
19930919,744.21,745.42,729.68,740.11
19930926,742.29,754.67,730.15,754.65
19931003,757.95,766.57,756.45,763.23
19931010,763.55,767.45,758.9,764.27
19931017,766.44,791.2,764.47,787.42
19931024,788.11,789.22,765.75,772.68
19931031,774.12,779.58,763.06,779.26
19931107,780.37,786.1,748.59,762.99
19931114,763.95,780.86,761.34,779.32
19931121,778.76,780.02,750.22,751.56
19931128,746.27,755.02,737.67,754.87
19931205,756.4,772.24,748.68,772.22
19931212,767.51,771.93,758.1,760.74
19931219,759.78,760.95,750.3,759.23
19931226,759.65,774.04,752.34,758.7
19940102,758.75,776.87,758.15,776.8
19940109,774.11,783.39,768.41,782.94
19940116,783.05,793.14,782.68,792.31
19940123,791.68,794.65,787.32,794.28
19940130,793.89,796.54,783.53,796.53
19940206,797.77,800.63,777.18,777.28
19940213,770.64,788.48,767.3,781.39
19940220,783.61,796.21,782.16,788.85
19940227,787.41,793.12,777.69,783.78
19940306,788.24,793.42,772.03,790.55
19940313,793.63,795.71,786.3,789.2
19940320,790.47,804.43,789.71,803.93
19940327,800.16,803.39,783.28,783.45
19940403,780.01,784.64,731.85,743.46
19940410,723.06,755.35,721.61,748.71
19940417,747.5,749.45,721.57,727.97
19940424,731.12,731.28,703.4,722.56
19940501,723.85,736.22,723.56,733.84
19940508,733.97,742.46,730.02,732.86
19940515,729.96,731.73,713.25,716.92
19940522,715.23,728.95,703.84,726.7
19940529,727.6,734.43,723.02,733.14
19940605,730.83,743.69,729.74,742.38
19940612,743.29,744.94,727.19,734.25
19940619,733.13,738.39,728.84,729.35
19940626,726.45,726.45,693.3,693.79
19940703,694.16,707.96,690.95,706.85
19940710,706.73,709.17,699.41,707.46
19940717,708.46,725.19,703.05,721.36
19940724,722.3,723.01,710.55,716.68
19940731,716.66,722.23,711.87,722.16
19940807,722.84,728.14,715.91,718.67
19940814,717.73,731.89,717.05,731.61
19940821,732.11,744.71,730.3,742.43
19940828,741.76,764.57,740.52,762.94
19940904,763.44,767.6,757.43,759.23
19940911,759.01,769.44,757.52,763.73
19940918,763.56,779.58,759.06,777.91
19940925,778.13,779.09,756.82,757.46
19941002,756.95,765.21,752.49,764.29
19941009,764.47,764.48,737.62,749.96
19941016,751.33,774.74,751.33,767.08
19941023,767.07,772.54,763.39,765.38
19941030,766.22,776.15,754.47,776.15
19941106,775.87,778.81,766.08,766.08
19941113,766.22,774.4,761.47,762.12
19941120,763.61,771.78,762.96,764.67
19941127,767.03,768,728.78,742.52
19941204,743.08,754.29,739.28,745.02
19941211,745.53,747.81,710.94,719.05
19941218,719.24,732.02,712.48,729.07
19941225,728.75,743.17,726.26,742.19
19950101,743.6,751.98,740.79,751.96
19950108,751.31,751.31,740.47,749.69
19950115,750.19,762.32,750.1,762.16
19950122,762.3,774.31,759.32,762.05
19950129,759.32,763.34,753.81,758.91
19950205,759.63,773.94,751.05,772.06
19950212,772.82,790.82,772.82,790.43
19950219,789.7,796.02,786.83,786.97
19950226,787.73,794.5,783.51,791.08
19950305,789.55,798.8,783.73,798.79
19950312,796.53,802.22,790.35,802.22
19950319,802.22,811.23,801.37,808.33
19950326,808.35,818.67,806.7,818.66
19950402,817.88,829.92,806.5,817.21
19950409,816.06,820.48,810.89,814.69
19950416,814.44,832.9,813.9,832.64
19950423,835.15,839.5,812.75,823.44
19950430,823.25,844.42,821.53,843.98
19950507,844.72,856.79,839.43,843.53
19950514,843.48,859.88,842.76,858.94
19950521,859.74,874.51,857.98,864.57
19950528,865.57,885.92,865.42,871.87
19950604,872.77,875.12,851.72,872.97
19950611,875.25,886.3,875.25,884.38
19950618,885.55,908.65,885.55,908.65
19950625,909.9,941.17,909.84,938.87
19950702,938.33,939.14,913.02,933.45
19950709,933.99,969.77,931.99,969.76
19950716,970.41,999.59,970.11,999.33
19950723,1000.73,1007.18,936.97,961.77
19950730,964.12,1011.84,964.12,1005.28
19950806,1006.43,1023.03,970.81,991.09
19950813,992.78,1007.04,992.78,1004.11
19950820,1004.19,1034.13,1003.35,1031.28
19950827,1033.02,1035.19,1016.39,1019.97
19950903,1020.7,1021.49,989.48,1019.47
19950910,1021.73,1060.04,1021.73,1060.03
19950917,1060.47,1070.23,1047.7,1051.1
19950924,1052,1066.95,1041.68,1053.39
19951001,1053.53,1053.91,1008.44,1043.54
19951008,1041.39,1043.04,1000.03,1012.04
19951015,1006.81,1024.32,959.36,1018.38
19951022,1018.33,1050.65,1016.51,1039.53
19951029,1035.28,1042.13,1007.44,1025.55
19951105,1028.17,1065.66,1028.17,1065.66
19951112,1065.63,1068.81,1038.63,1063.87
19951119,1063.21,1065.78,1033.21,1045.03
19951126,1048.07,1049.89,1016.58,1030.17
19951203,1034,1061.88,1029.07,1055.31
19951210,1057.95,1074.85,1048.27,1062.41
19951217,1064.68,1065.73,1028.22,1030.48
19951224,1029.12,1046.89,1001.53,1046.89
19951231,1047.56,1052.18,1039.56,1052.13
19960107,1052.83,1058.92,1017.69,1033.47
19960114,1034.94,1035.62,987.98,1008.23
19960121,1009.96,1019.52,977.79,1018.45
19960128,1019.72,1046,1019.14,1040.96
19960204,1042.53,1076.32,1039.87,1072.11
19960211,1072.95,1098.85,1070.8,1094.6
19960218,1094.84,1098.94,1079.94,1090.71
19960225,1085.52,1121.89,1080.03,1117.79
19960303,1116.53,1119.1,1082.97,1086.08
19960310,1088.91,1099.07,1057.87,1063.73
19960317,1065,1099.66,1064.64,1099.59
19960324,1102.78,1119.84,1096.23,1102.22
19960331,1104.31,1107.09,1079.9,1101.4
19960407,1105.77,1119.35,1102.94,1118.21
19960414,1106.32,1117.69,1092.44,1100.94
19960421,1102.8,1143.31,1102.69,1138.7
19960428,1143.08,1188.89,1143.08,1186.89
19960505,1186.67,1200.19,1178.24,1184.6
19960512,1186.83,1202.78,1163.21,1202.76
19960519,1204.33,1243.3,1204.03,1241.88
19960526,1246,1252.81,1240.79,1247.8
19960602,1249.6,1251.23,1222.95,1243.43
19960609,1242.54,1254.12,1206.53,1229.76
19960616,1231.5,1240.78,1213.18,1213.18
19960623,1215.3,1217.13,1152.79,1175.44
19960630,1177.93,1186.33,1147.75,1185.02
19960707,1185.64,1198.04,1158.34,1158.35
19960714,1157.69,1160.98,1094.22,1103.49
19960721,1102.52,1109.86,1008.44,1097.68
19960728,1096.28,1097.7,1017.64,1079.44
19960804,1079.21,1125.98,1063.2,1124.92
19960811,1127.91,1141.4,1113.87,1137.27
19960818,1136.69,1139.8,1123.92,1133.65
19960825,1133.92,1146.82,1118.62,1143.05
19960901,1144.36,1153.9,1137.29,1141.5
19960908,1133.3,1145.81,1123.14,1139.39
19960915,1140.79,1188.68,1140.79,1188.67
19960922,1190.04,1221.03,1187.5,1219.69
19960929,1216.69,1237.26,1207.8,1230.05
19961006,1229.14,1247.57,1214.6,1247.56
19961013,1247.14,1256.72,1232.64,1248.27
19961020,1250.67,1269.62,1238.24,1242.48
19961027,1241.95,1253.32,1215.08,1222.6
19961103,1225.39,1229.63,1202.36,1221.78
19961110,1223.47,1257.62,1218.23,1257.51
19961117,1258.24,1274.76,1254.33,1261.8
19961124,1263.08,1274.66,1250.21,1274.36
19961201,1275.41,1293.75,1271.54,1292.61
19961208,1294.78,1313.38,1258.89,1287.68
19961215,1296.18,1328.95,1281.43,1284.91
19961222,1289.72,1304.56,1251.03,1288.56
19961229,1290.68,1297.15,1276.93,1291.38
19970105,1295.18,1310.84,1272.34,1310.68
19970112,1314.34,1332.02,1310.63,1332.02
19970119,1335.45,1350.53,1328.71,1349.05
19970126,1351.14,1400.53,1349.05,1363.83
19970202,1367.41,1381.97,1349.28,1379.85
19970209,1383.97,1384.51,1339.64,1357.71
19970216,1360.46,1373.75,1319.69,1367.19
19970223,1369.16,1370.43,1332.05,1334.32
19970302,1328.4,1355.67,1296.88,1309
19970309,1306.21,1332.34,1301.83,1311.8
19970316,1312.72,1326.08,1291.7,1292.97
19970323,1289.36,1292.97,1239.76,1254.07
19970330,1251.07,1277.36,1230.96,1249.51
19970406,1246.35,1246.35,1196.22,1236.73
19970413,1245.83,1267.41,1206.9,1206.9
19970420,1209.04,1233.01,1199.68,1222.57
19970427,1221.98,1242.16,1194.16,1209.29
19970504,1211.87,1305.38,1203.97,1305.33
19970511,1311.7,1343.01,1311.7,1335.05
19970518,1339.05,1353.98,1328.07,1340.73
19970525,1343.32,1389.75,1335.95,1389.72
19970601,1388,1414.26,1352.65,1400.32
19970608,1407.07,1408.49,1375.45,1404.84
19970615,1410.69,1426.73,1394.44,1423.03
19970622,1423.74,1453.39,1421.74,1447.1
19970629,1444.84,1467.29,1433.33,1438.15
19970706,1439.47,1469.36,1432.07,1467.61
19970713,1472.61,1503.31,1466.57,1502.62
19970720,1506.97,1582.63,1506.97,1547.99
19970727,1548.1,1578.03,1530.23,1569.58
19970803,1573.09,1599.03,1557.56,1594.33
19970810,1593.09,1638.26,1586.6,1598.52
19970817,1599.16,1601.15,1561.85,1562.03
19970824,1563.45,1628.81,1545.13,1598.69
19970831,1601.11,1610.9,1572.09,1587.32
19970907,1595.07,1639.9,1595.07,1635.77
19970914,1641.72,1659.37,1620.52,1649.33
19970921,1649.76,1680.37,1634.76,1680.36
19970928,1684.31,1702.49,1675.56,1682.24
19971005,1685.3,1726.59,1680.62,1715.87
19971012,1722.39,1748.78,1716.6,1739.03
19971019,1744.88,1747.85,1645.87,1666.85
19971026,1675.16,1717.3,1642.69,1650.92
19971102,1650.92,1650.92,1465.84,1593.61
19971109,1609.62,1644.42,1587.31,1602.4
19971116,1609.77,1616.82,1508.41,1583.51
19971123,1601.95,1654.43,1583.47,1620.75
19971130,1612.94,1620.75,1580.27,1600.55
19971207,1608.56,1633.91,1591.05,1633.9
19971214,1639.39,1652.84,1533.62,1536.58
19971221,1540.41,1568.54,1486.51,1524.74
19971228,1533.46,1544.45,1497.67,1511.38
19980104,1521.79,1581.53,1521.79,1581.53
19980111,1585.77,1602.51,1497.37,1503.22
19980118,1482.01,1564.96,1465.61,1562.88
19980125,1567.8,1590.48,1567.8,1575.93
19980201,1578.33,1629.54,1556.91,1619.36
19980208,1640.06,1701.2,1640.06,1694.35
19980215,1699.92,1715.11,1686.21,1710.42
19980222,1721.02,1731.84,1700.91,1728.13
19980301,1744.21,1783.74,1735.57,1770.51
19980308,1778.72,1781.07,1708.48,1753.49
19980315,1747.94,1780.9,1725.16,1771.66
19980322,1779.41,1807.03,1768.78,1789.16
19980329,1784.95,1840.83,1783.19,1823.62
19980405,1823.79,1865.8,1814.41,1855.4
19980412,1859.24,1861.12,1788.74,1820.24
19980419,1824.07,1866.92,1810.26,1866.6
19980426,1869.01,1931.83,1860.26,1868.96
19980503,1868.96,1875.52,1804.14,1873.44
19980510,1880.12,1890.8,1832.17,1864.37
19980517,1870.01,1878.5,1839.21,1846.77
19980524,1838.53,1852.27,1801.62,1805
19980531,1813.53,1817.92,1742.05,1778.87
19980607,1770.37,1782.92,1741.1,1782.92
19980614,1783.47,1801.04,1715.71,1745.05
19980621,1726.57,1787.06,1715.04,1781.29
19980628,1782.56,1894.71,1777.23,1869.53
19980705,1880.59,1914.46,1878.87,1894
19980712,1898.63,1951.07,1893.31,1943.04
19980719,1948.32,2010.61,1926.44,2008.76
19980726,2013.48,2028.18,1909.56,1930.99
19980802,1916.31,1937.93,1871.72,1872.39
19980809,1869.72,1870.65,1750.81,1846.77
19980816,1847.21,1850.1,1775.24,1790.19
19980823,1784.91,1874.31,1767.11,1797.61
19980830,1803.77,1818.03,1624,1639.68
19980906,1646.75,1655.19,1475.49,1566.52
19980913,1566.52,1680.71,1566.52,1641.64
19980920,1660.31,1693.8,1637.05,1663.77
19980927,1630.11,1768.36,1615.33,1743.59
19981004,1757.9,1769.71,1569.06,1614.98
19981011,1591.17,1614.98,1343.87,1492.49
19981018,1528.49,1634.74,1492.49,1620.95
19981025,1618.14,1710.65,1613.85,1693.86
19981101,1706.18,1781.63,1693.86,1771.39
19981108,1783.71,1857.95,1771.4,1856.56
19981115,1857.65,1892.54,1842.52,1847.99
19981122,1868.44,1936.1,1844.07,1928.21
19981129,1937.82,2016.52,1928.2,2016.44
19981206,2023.66,2025.04,1924.15,2003.16
19981213,2009.98,2060.98,2004.99,2029.31
19981220,2013.43,2086.14,1962.06,2086.14
19981227,2107.24,2172.57,2104.19,2163.04
19990103,2178.24,2200.63,2160.93,2192.69
19990110,2207.54,2369.55,2192.68,2344.41
19990117,2373.97,2396.3,2205.69,2348.2
19990124,2390.93,2474.38,2303.82,2338.88
19990131,2363.48,2506.68,2328.74,2505.89
19990207,2522.38,2533.44,2346.82,2373.62
19990214,2405.31,2414.98,2289.9,2321.89
19990221,2361.22,2368.41,2224.21,2283.6
19990228,2293.33,2405.29,2275.6,2288.03
19990307,2286.83,2339.21,2235.19,2337.11
19990314,2357.32,2437.39,2353.74,2381.53
19990321,2392.54,2480.63,2375.83,2421.27
19990328,2428.39,2445.72,2305.64,2419.17
19990404,2442.59,2520.63,2419.17,2493.37
19990411,2523.98,2599.2,2511.39,2593.05
19990418,2530.99,2632.51,2443.02,2484.04
19990425,2501.71,2603.1,2329.87,2590.69
19990502,2617.09,2677.76,2488.4,2542.86
19990509,2546.33,2557.21,2430.65,2503.62
19990516,2516.84,2632.74,2500.74,2527.86
19990523,2517.26,2587.33,2494.51,2520.14
19990530,2529.3,2529.3,2339.12,2470.52
19990606,2467.51,2478.34,2364.59,2478.34
19990613,2490.83,2534.48,2442.87,2447.88
19990620,2453.23,2564.44,2397.12,2563.44
19990627,2578.2,2642.36,2542.36,2552.65
19990704,2568.47,2741.02,2554.95,2741.02
19990711,2760.01,2793.26,2724.37,2793.07
19990718,2805.08,2871.9,2755.84,2864.48
19990725,2874.61,2874.92,2668.43,2692.4
19990801,2656.3,2709.76,2619.08,2638.49
19990808,2638.31,2670.81,2474.41,2547.97
19990815,2562.05,2637.82,2442.22,2637.81
19990822,2644.67,2683.15,2612.28,2648.33
19990829,2670.7,2819.9,2648.33,2758.9
19990905,2763.83,2843.11,2671.67,2843.11
19990912,2840.12,2897.53,2806.6,2887.06
19990919,2879.78,2888.9,2756.03,2869.62
19990926,2877.53,2890.72,2684.7,2740.41
19991003,2781.42,2794.16,2694.74,2736.85
19991010,2751.54,2886.59,2747.69,2886.57
19991017,2890.73,2923.32,2704.28,2731.83
19991024,2726.3,2843.6,2632.01,2816.52
19991031,2813.29,2978.63,2768.87,2966.43
19991107,2970.93,3118.06,2967.63,3102.29
19991114,3072.04,3222.99,3068.86,3221.15
19991121,3230.26,3373,3214.58,3369.25
19991128,3399.06,3469.35,3320.67,3447.81
19991205,3458.13,3553.56,3321.57,3520.63
19991212,3531.24,3647.55,3507.72,3620.24
19991219,3624.67,3796.8,3503.7,3753.06
19991226,3782.06,4001.63,3747.79,3969.44
20000102,4001.9,4090.61,3902.35,4069.31
20000109,4186.19,4192.19,3711.09,3882.62
20000116,4002.23,4091.95,3834.53,4064.27
20000123,4059.65,4238,4053.21,4235.4
20000130,4290.38,4303.15,3856.23,3887.07
20000206,3873.84,4294.84,3748.03,4244.14
20000213,4274.03,4489.79,4244.74,4395.45
20000220,4434.38,4564.45,4291.1,4411.74
20000227,4432.83,4662.93,4291.01,4590.5
20000305,4575.07,4914.79,4466.42,4914.79
20000312,4935.65,5132.52,4722.14,5048.62
20000319,4879.03,5027.73,4455.1,4798.13
20000326,4812.14,5078.86,4467.53,4963.03
20000402,4994.42,5022.23,4355.69,4572.83
20000409,4494.89,4572.84,3649.11,4446.45
20000416,4475.2,4475.2,3265.98,3321.29
20000423,3232.94,3851.56,3227.04,3643.88
20000430,3466.69,3873.85,3345.25,3860.66
20000507,3930.18,3982.38,3592.79,3816.82
20000514,3758.46,3765.22,3367.06,3529.06
20000521,3533.21,3729.12,3381.73,3390.4
20000528,3390.95,3390.95,3042.66,3205.11
20000604,3286.54,3814.5,3286.54,3813.38
20000611,3773.24,3893.67,3725.87,3874.84
20000618,3892.05,3892.05,3695.35,3860.56
20000625,3818.65,4073.73,3818.65,3845.34
20000702,3884.65,3974.48,3838.85,3966.11
20000709,3950.59,4054.05,3820.34,4023.2
20000716,3993.62,4252.22,3936.75,4246.18
20000723,4243.55,4289.06,4047.43,4094.45
20000730,4109.65,4125.8,3642.28,3663
20000806,3692.43,3846.98,3521.14,3787.36
20000813,3819.38,3936.46,3686.86,3789.47
20000820,3804.69,3980.26,3767.37,3930.34
20000827,3966.23,4083.12,3902.11,4042.68
20000903,4049.18,4259.87,4048.01,4234.33
20000910,4205.94,4206.51,3977.47,3978.41
20000917,3961.16,4008.46,3794.29,3835.23
20000924,3838.63,3913.87,3614.66,3803.76
20001001,3852.53,3868.11,3622.66,3672.82
20001008,3714.48,3714.48,3314.91,3361.01
20001015,3352.15,3383.4,3054.55,3316.77
20001022,3315.48,3535.11,3026.11,3483.14
20001029,3483.38,3526.71,3081.36,3278.36
20001105,3243.88,3468.59,3149.24,3451.58
20001112,3469.35,3480.01,3028.92,3028.99
20001119,2956.09,3208.95,2859.39,3027.19
20001126,2943.11,2949.5,2754.14,2904.38
20001203,2979.93,2998.75,2523.04,2645.29
20001210,2662.56,2929.95,2567.18,2917.43
20001217,2936.6,3028.75,2596.03,2653.27
20001224,2698.72,2726.2,2288.16,2517.02
20001231,2518.29,2577.02,2436.19,2470.52
20010107,2474.16,2644.8,2251.71,2407.65
20010114,2388.72,2699.87,2299.65,2626.5
20010121,2631.49,2841.25,2576.95,2770.38
20010128,2759.1,2892.36,2686.65,2781.3
20010204,2757.29,2872.47,2660.11,2660.5
20010211,2639.65,2705.59,2455.87,2470.97
20010218,2458.65,2593.09,2388.4,2425.38
20010225,2439.57,2442.99,2156.29,2262.51
20010304,2287.88,2309.73,2071.03,2117.63
20010311,2142.75,2243.78,2041.78,2052.78
20010318,2001.68,2030.73,1877.69,1890.91
20010325,1901.45,1974.14,1794.21,1928.68
20010401,1957.71,1979.75,1794.3,1840.26
20010408,1835.22,1852.49,1619.58,1720.36
20010415,1739.66,1961.57,1710.76,1961.43
20010422,1934.7,2202.86,1869.34,2163.41
20010429,2118.36,2118.77,2000.83,2075.68
20010506,2113.11,2232.66,2088.61,2191.53
20010513,2194.04,2215.37,2097.36,2107.43
20010520,2105.36,2216.36,2052.41,2198.89
20010527,2201.45,2328.05,2198.14,2251.03
20010603,2239.92,2239.92,2077.98,2149.44
20010610,2164.7,2264.58,2136.63,2215.1
20010617,2205.41,2205.41,1992.39,2028.43
20010624,2035.34,2077.43,1973.7,2034.84
20010701,2054.34,2180.11,2017.34,2160.54
20010708,2156.76,2181.05,2001.82,2004.16
20010715,2010.97,2105.15,1934.67,2084.79
20010722,2078.53,2091.68,2003.95,2029.37
20010729,2043.84,2047.85,1939.28,2029.07
20010805,2034.11,2103.16,2009.94,2066.33
20010812,2047.86,2053.6,1915.99,1956.47
20010819,1963.04,1998.59,1862.76,1867.01
20010826,1866.29,1916.83,1817.7,1916.8
20010902,1912.7,1933.94,1777.11,1805.43
20010909,1802.29,1836.19,1676.42,1687.7
20010916,1673.78,1702.12,1669.94,1695.38
20010923,1613.83,1629.1,1387.06,1423.19
20010930,1459.47,1528.33,1418.15,1498.8
20011007,1491.45,1641.56,1458.41,1605.3
20011014,1582.93,1707.43,1558.81,1703.4
20011021,1684.04,1754.01,1628.24,1671.31
20011028,1666.08,1792.87,1660.22,1768.96
20011104,1763.42,1767.97,1646.3,1745.73
20011111,1768.29,1888.39,1768.29,1828.48
20011118,1826.25,1922.45,1782.48,1898.58
20011125,1912.48,1934.7,1853.67,1903.2
20011202,1914.53,1965.09,1887.97,1930.58
20011209,1915.13,2065.69,1898.98,2021.26
20011216,2007.67,2036.54,1934.6,1953.17
20011223,1951.45,2010.91,1918.5,1945.83
20011230,1946.84,2002.72,1942.07,1987.26
20020106,1984.31,2077.89,1936.56,2059.38
20020113,2075.24,2098.88,2018.68,2022.46
20020120,2012.59,2018.42,1922.7,1930.34
20020127,1946.87,1959.93,1879.24,1937.7
20020203,1951.12,1959.05,1851.49,1911.24
20020210,1907.58,1907.58,1772.15,1818.88
20020217,1816.94,1877.74,1801.67,1805.2
20020224,1790.94,1791.01,1696.55,1724.54
20020303,1731.43,1802.89,1728.65,1802.74
20020310,1799.68,1935.09,1789.72,1929.67
20020317,1919.73,1946.23,1845.93,1868.3
20020324,1882.73,1893.26,1825.99,1851.39
20020331,1855.65,1875.57,1807.47,1858.25
20020407,1834.59,1865.37,1769.95,1770.03
20020414,1741.1,1795.62,1724.15,1756.19
20020421,1761.95,1832.01,1740.61,1796.83
20020428,1779.18,1779.18,1663.78,1663.89
20020505,1668.52,1697.03,1605.97,1613.03
20020512,1611.05,1696.35,1560.29,1600.85
20020519,1611.26,1759.33,1602.6,1741.39
20020526,1726.78,1726.89,1643.96,1661.49
20020602,1670.35,1671.35,1607.3,1615.73
20020609,1613.5,1621.5,1495.81,1535.48
20020616,1536.98,1551.8,1445.44,1504.74
20020623,1519.65,1567.99,1435.85,1440.96
20020630,1429.56,1486.25,1375.53,1463.21
20020707,1457.04,1459.84,1336.06,1448.36
20020714,1439.85,1452.56,1323.59,1373.5
20020721,1365.79,1426.28,1309.94,1319.15
20020728,1309.84,1332.1,1192.42,1262.12
20020804,1286.81,1354.48,1235.57,1247.92
20020811,1243.38,1322.07,1205.68,1306.12
20020818,1293.88,1368.69,1265.19,1361.01
20020825,1362.29,1426.76,1359.14,1380.62
20020901,1387.2,1396.4,1295.79,1314.85
20020908,1302.67,1304.02,1251,1295.3
20020915,1286.75,1347.27,1270.59,1291.4
20020922,1286.85,1298.5,1216.19,1221.09
20020929,1209.13,1239.62,1169.04,1199.15
20021006,1187.48,1222.72,1135.27,1139.9
20021013,1135.79,1220.12,1108.49,1210.47
20021020,1198.5,1288.08,1193.42,1287.86
20021027,1276.76,1331.33,1267.76,1331.13
20021103,1345.72,1360.83,1279.19,1360.7
20021110,1394.57,1420.03,1354.28,1359.28
20021117,1355.1,1413.53,1319.07,1411.14
20021124,1422.54,1475.35,1367.76,1468.74
20021201,1470.64,1497.44,1441.12,1478.78
20021208,1507.94,1521.44,1391.1,1422.44
20021215,1411.4,1411.69,1362.42,1362.42
20021222,1367.74,1408.16,1346.18,1363.11
20021229,1359.92,1392.58,1346.65,1348.31
20030105,1349.43,1389.44,1327.19,1387.08
20030112,1390.19,1457.45,1390.09,1447.72
20030119,1461.73,1467.35,1376.18,1376.19
20030126,1380.43,1393.67,1340.22,1342.14
20030202,1329.81,1363.31,1303.64,1320.91
20030209,1324.74,1335.76,1278.54,1282.47
20030216,1286.51,1315.04,1261.79,1310.17
20030223,1319.99,1352.07,1316.04,1349.02
20030302,1342.5,1343.09,1291.96,1337.52
20030309,1344.21,1353.31,1280.72,1305.29
20030316,1295.46,1352.84,1253.22,1340.33
20030323,1329.95,1425.73,1326.28,1421.75
20030330,1390.04,1400.14,1367.89,1369.6
20030406,1351.61,1412.08,1336.61,1383.51
20030413,1425.23,1430.11,1351.1,1358.85
20030420,1361.35,1425.5,1359.32,1425.5
20030427,1425.96,1468.08,1413.71,1434.54
20030504,1437.86,1504.22,1436.35,1502.88
20030511,1508.31,1531.82,1486.91,1520.15
20030518,1518.52,1552.98,1512.72,1538.53
20030525,1530.38,1536.04,1478.15,1510.09
20030601,1504.87,1599.92,1504.22,1595.91
20030608,1612.1,1684.06,1584.7,1627.42
20030615,1623,1661.12,1597.32,1626.49
20030622,1633.8,1686.1,1629.59,1644.72
20030629,1642.33,1653.74,1598.25,1625.26
20030706,1634.86,1683.77,1598.92,1663.46
20030713,1685.41,1758.18,1685.41,1733.93
20030720,1757.43,1776.1,1688.82,1708.5
20030727,1706.15,1740.8,1675.18,1730.7
20030803,1734.68,1757.37,1713.21,1715.62
20030810,1714.84,1723.27,1640.88,1644.03
20030817,1646.95,1705.33,1646.59,1702.01
20030824,1707.17,1812.49,1706.93,1765.32
20030831,1763.78,1813.82,1737.15,1810.45
20030907,1817.92,1879.7,1804.3,1858.24
20030914,1863.88,1888.65,1819.42,1855.03
20030921,1857.12,1913.74,1843.79,1905.7
20030928,1881.42,1904.13,1792.06,1792.07
20031005,1801.55,1891.62,1783.46,1880.57
20031012,1884.64,1936.93,1876,1915.31
20031019,1924.06,1966.87,1910.24,1912.36
20031026,1913.79,1952.48,1841.62,1865.59
20031102,1876.03,1957.53,1873.62,1932.21
20031109,1941.31,1992.27,1938.22,1970.74
20031116,1972.1,1977.79,1923.5,1930.26
20031123,1919.01,1926,1878.07,1893.88
20031130,1907.29,1963.06,1907.29,1960.26
20031207,1972.97,2000.92,1935.58,1937.82
20031214,1937.48,1956.97,1887.46,1949
20031221,1978.77,1979.78,1901.66,1951.02
20031228,1946.19,1979.74,1941.62,1973.14
20040104,1976.93,2022.37,1976.93,2006.68
20040111,2020.78,2113.33,2020.78,2086.92
20040118,2093.54,2140.47,2080.29,2140.46
20040125,2149.03,2152.12,2108.45,2123.87
20040201,2120.56,2153.83,2041.07,2066.15
20040208,2072.13,2085.49,2012.79,2064.01
20040215,2069.29,2091.22,2049.76,2053.56
20040222,2068.42,2094.92,2022.79,2037.93
20040229,2044.41,2045.1,1991.05,2029.82
20040307,2036.92,2069.02,2020.29,2047.63
20040314,2052.07,2058.25,1943.89,1984.73
20040321,1977.78,1980.31,1927.69,1940.47
20040328,1929.02,1976.76,1896.91,1960.02
20040404,1975.43,2057.17,1975.43,2057.17
20040411,2055.99,2079.12,2038.74,2052.88
20040418,2057.64,2073.42,1982.14,1995.74
20040425,1995.37,2051.75,1973.25,2049.77
20040502,2052.25,2059.08,1919.39,1920.15
20040509,1928.72,1969.97,1917.96,1917.96
20040516,1904.73,1937.87,1878.77,1904.25
20040523,1881.06,1936.04,1865.4,1912.09
20040530,1924.87,1991.87,1913.73,1986.74
20040606,1978.52,1998.32,1960.26,1978.62
20040613,1991.67,2023.54,1988.89,1999.87
20040620,1987.75,2006.58,1963.48,1986.73
20040627,1990.82,2033.87,1964.53,2025.47
20040704,2038.98,2055.65,1996.61,2006.66
20040711,1994.7,1995.4,1934.57,1946.33
20040718,1936.17,1945.17,1882.93,1883.15
20040725,1889.06,1933.03,1846.55,1849.09
20040801,1852.42,1896.31,1829.06,1887.36
20040808,1874.93,1893.13,1775.57,1776.89
20040815,1782.35,1808.7,1750.82,1757.22
20040822,1759.58,1843.12,1759.58,1838.02
20040829,1843.79,1866.25,1828.51,1862.09
20040905,1855.78,1876.24,1819.62,1844.48
20040912,1856,1895.78,1847.48,1894.31
20040919,1900.17,1919.21,1892.08,1910.09
20040926,1903.02,1925.85,1879.48,1879.48
20041003,1871.16,1942.23,1852.59,1942.2
20041010,1954.59,1971.04,1917.72,1919.97
20041017,1924.41,1948.01,1899.33,1911.5
20041024,1909.78,1957.48,1904.5,1915.14
20041031,1911.08,1984.18,1905.49,1974.99
20041107,1975.48,2046.92,1969.32,2038.94
20041114,2038.22,2085.34,2032.37,2085.34
20041121,2082.59,2112.18,2070.63,2070.63
20041128,2066.34,2110.38,2052.8,2101.97
20041205,2110.91,2164.63,2090.35,2147.96
20041212,2145.43,2161.3,2097.86,2128.07
20041219,2141.2,2171.27,2132.19,2135.2
20041226,2142.21,2168.78,2124.22,2160.62
20050102,2168.82,2185.56,2147.59,2175.44
20050109,2184.75,2191.6,2076.69,2088.61
20050116,2087.62,2111.43,2066.79,2087.91
20050123,2081.86,2106.19,2032.88,2034.27
20050130,2040.13,2055.13,2008.68,2035.83
20050206,2053.47,2086.72,2049.25,2086.66
20050213,2086.55,2095.64,2039.72,2076.66
20050220,2076.75,2103.45,2056.2,2058.62
20050227,2046.18,2065.4,2023,2065.4
20050306,2058.28,2084.15,2038.77,2070.61
20050313,2073.9,2100.57,2036.41,2041.6
20050320,2043.64,2059.07,1999.98,2007.79
20050327,2008.16,2017.66,1985.22,1991.06
20050403,1998.76,2014.73,1968.58,1984.81
20050410,1983.81,2021.82,1972.07,1999.35
20050417,2004.16,2007.24,1906.71,1908.15
20050424,1906.43,1962.41,1904.27,1932.19
20050501,1942.02,1958.58,1889.83,1921.65
20050508,1923.23,1973.5,1916.03,1967.35
20050515,1967.74,1990,1943.89,1976.78
20050522,1976.38,2046.42,1973.67,2046.42
20050529,2046.09,2076.8,2041.95,2075.73
20050605,2073.92,2097.8,2065.02,2071.43
20050612,2072.36,2095.96,2052.96,2063
20050619,2059.96,2098.53,2053.39,2090.11
20050626,2081.05,2106.57,2050.76,2053.27
20050703,2050.3,2076.16,2039.69,2057.37
20050710,2052.1,2113.91,2050.3,2112.88
20050717,2115.98,2164.18,2115.57,2156.78
20050724,2151.84,2193.19,2144.78,2179.74
20050731,2179.04,2201.39,2165.93,2184.83
20050807,2191.49,2219.91,2175.91,2177.91
20050814,2182.99,2185.91,2144.6,2156.9
20050821,2153.71,2173.66,2133.08,2135.56
20050828,2140.95,2156.13,2118.04,2120.77
20050904,2112.44,2157.32,2112.25,2141.07
20050911,2147.31,2177.23,2147.31,2175.51
20050918,2176.47,2186.83,2142.73,2160.35
20050925,2157.37,2162.14,2093.06,2116.84
20051002,2127.9,2151.69,2107.7,2151.69
20051009,2152.7,2167,2069.04,2090.35
20051016,2091.68,2093.23,2025.58,2064.83
20051023,2065.54,2096.43,2042.03,2082.21
20051030,2089.51,2121.36,2063.81,2089.88
20051106,2094.37,2172.68,2094.37,2169.43
20051113,2174.25,2205.36,2162.65,2202.47
20051120,2203.79,2234.3,2176.54,2227.07
20051127,2226.62,2269.3,2219.25,2263.01
20051204,2263.55,2273.61,2230.19,2273.37
20051211,2269.07,2278.16,2233.74,2256.73
20051218,2263.97,2271.85,2247.32,2252.48
20051225,2254.63,2256.03,2213.52,2249.41
20060101,2253.05,2259.67,2200.51,2205.32
20060108,2216.53,2306.72,2189.9,2305.62
20060115,2306.17,2332.91,2303.12,2317.04
20060122,2302.56,2311.71,2245.2,2247.7
20060129,2255.31,2314.36,2241.02,2304.23
20060205,2306.24,2313.98,2255.99,2262.58
20060212,2263.12,2284.52,2235.4,2261.87
20060219,2252.04,2294.62,2232.67,2282.36
20060226,2283.52,2293.74,2256.75,2287.04
20060305,2291.48,2324.91,2276.74,2302.6
20060312,2306.65,2309.51,2239.54,2262.04
20060319,2269.43,2323.79,2263.67,2306.48
20060326,2311.92,2332.95,2282.37,2312.82
20060402,2312.47,2353.13,2299.56,2339.79
20060409,2352.24,2375.45,2332.66,2339.02
20060416,2340.38,2343.59,2302.18,2326.11
20060423,2325.56,2375.54,2299.41,2342.86
20060430,2338.78,2361.88,2315.12,2322.57
20060507,2329.79,2344.37,2295.03,2342.57
20060514,2342.4,2352.56,2243.32,2243.78
20060521,2234.01,2245.17,2164.54,2193.87
20060528,2178.14,2210.49,2135.81,2210.37
20060604,2202.57,2233.87,2164.74,2219.4
20060611,2212.35,2219.4,2100.42,2135.06
20060618,2137.47,2147.9,2065.11,2129.95
20060625,2136.6,2152.56,2103.77,2121.47
20060702,2126.46,2183.48,2090.78,2172.09
20060709,2177.9,2190.43,2126.63,2130.06
20060716,2135.96,2142.36,2027.11,2037.35
20060723,2034.76,2086.07,2012.78,2020.39
20060730,2030.49,2094.95,2030.49,2094.13
20060806,2087.86,2119.01,2052.75,2085.05
20060813,2079.45,2097.76,2048.22,2057.71
20060820,2073.01,2168.11,2067.68,2163.95
20060827,2151.9,2162.67,2122.64,2140.29
20060903,2140.52,2198.58,2139.57,2193.15
20060910,2192.93,2207.55,2149.36,2165.79
20060917,2152.12,2247.15,2147.43,2235.59
20060924,2232.99,2261.47,2202.92,2218.92
20061001,2227.37,2273.3,2212.02,2258.42
20061008,2257,2306.35,2224.21,2299.99
20061015,2297.82,2360.23,2292.29,2357.29
20061022,2359.18,2368.11,2324.42,2342.3
20061029,2338.14,2379.29,2330.61,2350.62
20061105,2347.21,2375.53,2316.82,2330.79
20061112,2341.65,2401.33,2341.65,2389.72
20061119,2389.52,2453.35,2387.87,2445.86
20061126,2441.15,2468.41,2437.84,2460.26
20061203,2454.16,2454.63,2390.1,2413.21
20061210,2420.91,2459.51,2416.77,2437.36
20061217,2437.36,2470.02,2419.32,2457.2
20061224,2462.42,2470.95,2400.72,2401.17
20061231,2398.22,2437.37,2397.67,2415.29
20070107,2429.72,2460.51,2394.65,2434.25
20070114,2435.25,2502.82,2421.12,2502.82
20070121,2504.56,2508.92,2435.67,2451.31
20070128,2454.5,2470.51,2418.61,2435.49
20070204,2434.63,2481.37,2431.31,2475.87
20070211,2475.03,2496.52,2453.43,2459.82
20070218,2460.62,2498.37,2444.67,2496.31
20070225,2491.75,2531.41,2479.91,2515.1
20070304,2525.04,2525.98,2359.43,2368
20070311,2368,2404.8,2340.39,2387.55
20070318,2385.13,2404.02,2331.57,2372.65
20070325,2384.65,2459.96,2381.55,2448.92
20070401,2451.6,2455.62,2396.83,2421.63
20070408,2425.36,2471.34,2409.04,2471.34
20070415,2478.02,2491.93,2448.71,2491.93
20070422,2500.55,2532.24,2490.34,2526.38
20070429,2525.77,2562.99,2509.26,2557.21
20070506,2558.05,2577.96,2510.57,2572.14
20070513,2572.63,2580.06,2533.12,2562.22
20070520,2564.05,2568.92,2519.35,2558.45
20070527,2560.92,2600.93,2531.28,2557.18
20070603,2561.04,2626.39,2551.67,2613.91
20070610,2606.05,2619.75,2534.97,2573.54
20070617,2569.63,2630.51,2547.99,2626.71
20070624,2631.34,2634.6,2583.24,2588.96
20070701,2590.59,2626.56,2560.45,2603.23
20070708,2617.38,2667.97,2614.84,2666.51
20070715,2668.99,2707.63,2631.88,2707
20070722,2703.39,2724.74,2674.26,2687.6
20070729,2698.49,2705.03,2562.06,2562.24
20070805,2568.13,2607.45,2511.12,2511.25
20070812,2524.87,2627.75,2491.96,2544.88
20070819,2566.6,2572.51,2386.68,2505.03
20070826,2511.07,2576.68,2487.43,2576.68
20070902,2570.4,2603.11,2500.55,2596.36
20070909,2596.37,2644.45,2556.59,2565.7
20070916,2581.78,2612.7,2536.92,2602.17
20070923,2594.04,2683.02,2575.36,2671.22
20070930,2676.41,2716.75,2656.33,2701.5
20071007,2704.25,2784.92,2704.25,2780.32
20071014,2777.72,2834,2757.76,2805.67
20071021,2809.16,2811.65,2725.15,2725.15
20071028,2705.86,2810.31,2698.13,2804.18
20071104,2815.15,2861.51,2773.82,2810.37
20071111,2782.8,2825.47,2624.42,2627.93
20071118,2619.4,2698.35,2583,2637.24
20071125,2622.43,2633.82,2542.7,2596.6
20071202,2599.82,2696.24,2539.81,2660.96
20071209,2654.9,2711.96,2613.83,2706.15
20071216,2710.73,2734.82,2634.75,2635.74
20071223,2623.23,2691.99,2553.99,2691.99
20071230,2694.35,2727.55,2661.79,2674.46
20080106,2663.78,2668.61,2502.67,2504.64
20080113,2514.14,2527.41,2407.38,2439.93
20080120,2470.87,2483.12,2323.29,2340.02
20080127,2221.2,2408.22,2202.54,2326.2
20080203,2324.85,2419.23,2306.63,2413.36
20080210,2413.41,2413.41,2252.64,2304.85
20080217,2310.75,2376.22,2294.41,2321.8
20080224,2348.98,2353.79,2265.36,2303.35
20080302,2303.4,2363.52,2264.97,2271.48
20080309,2271.26,2290.01,2186.92,2212.49
20080316,2211.13,2282.61,2168.66,2212.49
20080323,2166.93,2280.89,2155.41,2258.11
20080330,2268.2,2346.78,2256.87,2261.17
20080406,2265.14,2391.92,2260.59,2370.98
20080413,2386.62,2390.04,2286.18,2290.24
20080420,2287.02,2412.78,2266.29,2402.97
20080427,2393.07,2447.28,2361.66,2422.92
20080504,2422.62,2499.13,2406.37,2476.99
20080511,2475.31,2496.64,2429.03,2445.52
20080518,2454.64,2537.4,2446.36,2528.85
20080525,2530.82,2551.47,2430.36,2444.66
20080601,2450.52,2530.15,2448.58,2522.65
20080608,2514.82,2549.93,2460.56,2474.56
20080615,2483.22,2485,2388.49,2454.5
20080622,2443.12,2483.18,2394.26,2406.09
20080629,2416.55,2421.25,2290.59,2315.62
20080706,2312.41,2325.49,2227.8,2245.37
20080713,2263.68,2296.03,2203.25,2239.08
20080720,2262.86,2320.77,2167.29,2282.78
20080727,2290.75,2350.09,2252.84,2310.53
20080803,2307.18,2353.38,2258.62,2310.96
20080810,2309.75,2416.39,2280.92,2414.1
20080817,2407.55,2473.2,2402.53,2452.52
20080824,2456.96,2456.96,2360.38,2414.71
20080831,2399.73,2412.84,2345.79,2367.52
20080907,2402.11,2413.11,2216.99,2255.87
20080914,2296.17,2303.88,2191.53,2261.27
20080921,2202.28,2318.43,2070.22,2273.9
20080928,2265.77,2266.45,2136.85,2183.34
20081005,2147.16,2152.69,1947.19,1947.39
20081012,1905.01,1905.01,1542.45,1649.51
20081019,1715.74,1896.95,1565.72,1711.29
20081026,1735.13,1770.05,1493.79,1552.03
20081102,1528.12,1742.54,1503.81,1720.95
20081109,1718.89,1785.84,1603.87,1647.4
20081116,1680.67,1680.67,1428.54,1516.85
20081123,1494.74,1526.96,1295.48,1384.35
20081130,1397.19,1535.57,1397.19,1535.57
20081207,1496.24,1510.18,1398.07,1509.31
20081214,1541.44,1602.92,1478.03,1540.72
20081221,1544.16,1598.33,1491.36,1564.32
20081228,1562.17,1563.79,1503.66,1530.24
20090104,1529.54,1636.03,1493.45,1632.21
20090111,1621.48,1665.63,1569.87,1571.59
20090118,1573.45,1573.46,1456.72,1529.33
20090125,1520.76,1521.85,1434.08,1477.29
20090201,1479.98,1568.33,1470.81,1476.42
20090208,1460.85,1594.26,1460.51,1591.71
20090215,1590.74,1598.5,1495.34,1534.36
20090222,1489.12,1492.82,1416.96,1441.23
20090301,1452.58,1453.66,1372.42,1377.84
20090308,1356.13,1372,1268.54,1293.85
20090315,1284.84,1433.98,1265.52,1431.5
20090322,1445.27,1509.06,1402.48,1457.27
20090329,1491.26,1587,1482.15,1545.2
20090405,1516.79,1623.34,1484.98,1621.87
20090412,1602.24,1652.54,1559.46,1652.54
20090419,1641.61,1682.24,1599.11,1673.07
20090426,1641.35,1702.87,1598.93,1694.29
20090503,1672.87,1753.61,1661.4,1719.2
20090510,1733.71,1773.13,1702.54,1739
20090517,1713.65,1747.97,1664.19,1680.14
20090524,1696.82,1767.47,1677.77,1692.01
20090531,1677.72,1774.33,1677.54,1774.33
20090607,1796.09,1865.95,1792.8,1849.42
20090614,1836.87,1879.92,1818.59,1858.8
20090621,1837.94,1838.33,1785.34,1827.47
20090628,1809.53,1840.98,1753.78,1838.22
20090705,1842.09,1861.62,1795.95,1796.52
20090712,1783.5,1793.42,1727.05,1756.03
20090719,1761.03,1887.89,1736.95,1886.61
20090726,1896.99,1979.34,1890,1965.96
20090802,1964.62,2009.81,1946.95,1978.5
20090809,1998.35,2015.59,1967.68,2000.25
20090816,1991.44,2015.26,1962.08,1985.52
20090823,1949.23,2021.86,1929.64,2020.9
20090830,2026.11,2059.4,1993.03,2028.77
20090906,2011.14,2034.78,1958.04,2018.78
20090913,2034.74,2088.83,2023.03,2080.9
20090920,2066.15,2140.6,2065.8,2132.86
20090927,2121.34,2167.7,2085.35,2090.92
20091004,2101.92,2141.4,2040.84,2048.11
20091011,2056.52,2139.65,2049.04,2139.28
20091018,2145.63,2173.95,2128.39,2156.8
20091025,2162.41,2190.64,2130.7,2154.47
20091101,2158.81,2183.61,2040.21,2045.11
20091108,2047.42,2117.62,2024.27,2112.44
20091115,2128.46,2179.19,2128.15,2167.88
20091122,2177.31,2205.32,2137.06,2146.04
20091129,2168.95,2189.5,2113.99,2138.44
20091206,2135.93,2214.39,2120.7,2194.35
20091213,2191.35,2202.84,2155.96,2190.31
20091220,2202.31,2220.46,2178.05,2211.69
20091227,2224.04,2285.89,2224.04,2285.69
20100103,2290.04,2295.8,2269.11,2269.15
20100110,2294.41,2317.6,2285.22,2317.17
20100117,2324.78,2326.28,2272.7,2287.99
20100124,2291.02,2320.4,2200.37,2205.29
20100131,2220.29,2227.89,2140.34,2147.35
20100207,2155.81,2194.53,2100.17,2141.12
20100214,2140.1,2184.57,2125.11,2183.53
20100221,2200.38,2249.8,2189.18,2243.87
20100228,2250.92,2251.68,2198.73,2238.26
20100307,2247.4,2327.03,2247.33,2326.35
20100314,2326.25,2376.28,2325.74,2367.66
20100321,2361.92,2400.09,2345.99,2374.41
20100328,2360.35,2432.25,2358,2395.13
20100404,2403.77,2423.43,2383.77,2402.58
20100411,2409.48,2454.11,2403.88,2454.05
20100418,2455.4,2517.82,2445.26,2481.26
20100425,2477.8,2530.15,2451.72,2530.15
20100502,2529.85,2535.28,2456.63,2461.19
20100509,2472.32,2503,2185.75,2265.64
20100516,2365.97,2434.29,2323.63,2346.85
20100523,2352.77,2374.91,2165.79,2229.04
20100530,2220.6,2278.37,2140.53,2257.04
20100606,2244.79,2307.47,2212.3,2219.17
20100613,2226.6,2243.6,2139.46,2243.6
20100620,2263.66,2321.99,2242,2309.8
20100627,2341.11,2341.11,2205.92,2223.48
20100704,2227.43,2241.64,2061.14,2091.79
20100711,2122.28,2196.95,2077.77,2196.45
20100718,2194.12,2260.33,2177.51,2179.05
20100725,2185.81,2269.47,2159.95,2269.47
20100801,2271.62,2307.6,2218.61,2254.7
20100808,2283.32,2305.07,2253.92,2288.47
20100815,2298.81,2309.43,2163.07,2173.48
20100822,2161.31,2228.9,2155.66,2179.76
20100829,2188.39,2200.52,2099.29,2153.63
20100905,2145.76,2235.57,2101.52,2233.75
20100912,2227.26,2251.98,2206.62,2242.48
20100919,2263.8,2320.37,2263.69,2315.61
20100926,2322.8,2381.22,2316.11,2381.22
20101003,2379.73,2400.06,2339.5,2370.75
20101010,2362.25,2406.67,2332.46,2401.91
20101017,2403.46,2468.77,2379.39,2468.77
20101024,2470.12,2482.14,2422.14,2479.39
20101031,2491.62,2517.5,2470.12,2507.41
20101107,2520.45,2582.18,2491.46,2578.98
20101114,2570.86,2592.94,2506.4,2518.21
20101121,2529.02,2534.56,2459.79,2518.12
20101128,2509.39,2545.41,2483.19,2534.56
20101205,2522.24,2593.68,2488.61,2591.46
20101212,2591.28,2639.41,2584.09,2637.54
20101219,2645.35,2651.35,2613.15,2642.97
20101226,2651.98,2675.26,2634.56,2665.6
20110102,2657.09,2673.02,2645.38,2652.87
20110109,2676.65,2715.96,2663.64,2703.17
20110116,2691.47,2755.3,2682.25,2755.3
20110123,2744.8,2766.17,2686.59,2689.54
20110130,2693.03,2763.64,2679.57,2686.89
20110206,2693.3,2769.7,2676.87,2769.3
20110213,2773.26,2810.56,2762.34,2809.44
20110220,2810.19,2840.51,2798.83,2833.95
20110227,2795.44,2808.18,2705.54,2781.05
20110306,2791.28,2802.32,2730.72,2784.67
20110313,2793.19,2794.82,2689.41,2715.61
20110320,2695.49,2715.22,2603.5,2643.67
20110327,2675.47,2762.55,2660.17,2743.06
20110403,2752.33,2802.63,2720.19,2789.6
20110410,2796.26,2815.55,2772.4,2780.42
20110417,2789.49,2792.95,2733.68,2764.65
20110424,2731.22,2820.77,2706.5,2820.16
20110501,2820.28,2876.83,2813.2,2873.54
20110508,2881.28,2887.75,2804.82,2827.56
20110515,2828.24,2874.61,2819.37,2828.47
20110522,2815.9,2828.41,2759.29,2803.32
20110529,2761.96,2801.15,2739.85,2796.86
20110605,2824.25,2835.34,2730.63,2732.78
20110612,2728.31,2736.66,2641.64,2643.73
20110619,2649.3,2685.65,2599.88,2616.48
20110626,2608.05,2693.23,2607.74,2652.89
20110703,2653.07,2818.19,2647.55,2816.03
20110710,2817.87,2878.94,2810,2859.81
20110717,2828.1,2841.12,2755.9,2789.8
20110724,2777.61,2862.72,2743.79,2858.83
20110731,2832.11,2859.4,2724.99,2756.38
20110807,2791.45,2796.24,2464.87,2532.41
20110814,2447.3,2524.09,2331.65,2507.98
20110821,2522.04,2555.2,2338.66,2341.84
20110828,2396.88,2486.04,2337.28,2479.85
20110904,2510.99,2611.58,2469.35,2480.33
20110911,2417.61,2568.45,2414.31,2467.99
20110918,2442.86,2627.28,2438.4,2622.31
20110925,2584.35,2643.37,2420.23,2483.23
20111002,2496.98,2590.94,2415.07,2415.4
20111009,2401.33,2512.14,2298.89,2479.35
20111016,2522.72,2667.85,2519.78,2667.85
20111023,2653.32,2667.57,2557.17,2637.46
20111030,2644.83,2753.37,2598.74,2737.15
20111106,2705.89,2716.7,2597.16,2686.15
20111113,2683.38,2730.39,2601.79,2678.75
20111120,2671.11,2695.87,2567.15,2572.5
20111127,2535.34,2539.87,2441.48,2441.51
20111204,2509.63,2659.23,2507.72,2626.93
20111211,2666.47,2674.53,2592.55,2646.85
20111218,2617.32,2639.74,2525.88,2555.33
20111225,2564.07,2618.84,2518.01,2618.64
20120101,2613.51,2633.34,2586.85,2605.15
20120108,2657.39,2682.12,2627.23,2674.22
20120115,2682.98,2726.43,2662.96,2710.67
20120122,2736.34,2793.35,2721.03,2786.7
20120129,2786.21,2834.3,2766.34,2816.55
20120205,2790.4,2908.13,2782.44,2905.66
20120212,2892.52,2930.68,2885.17,2903.88
20120219,2926.21,2962.78,2911.33,2951.78
20120226,2957.3,2970.88,2922.96,2963.75
20120304,2945.87,3000.11,2933.3,2976.19
20120311,2969.73,2993.98,2900.28,2988.34
20120318,2989.05,3060.82,2973.65,3055.26
20120325,3057.24,3090.08,3044.67,3067.92
20120401,3090.52,3134.17,3069.81,3091.57
20120408,3085.94,3128.25,3052.58,3080.5
20120415,3037.28,3059.26,2987,3011.33
20120422,3027.57,3058.72,2975.87,3000.45
20120429,2969,3076.44,2946.04,3069.2
20120506,3060.06,3085.4,2956.34,2956.34
20120513,2940.41,2970.2,2900.06,2933.82
20120520,2907.78,2930.68,2774.45,2778.79
20120527,2782.55,2867.34,2774.76,2837.53
20120603,2853.27,2882.83,2747.24,2747.48
20120610,2747.61,2873.59,2726.68,2858.42
20120617,2882.49,2882.96,2802.38,2872.8
20120624,2872.49,2942.28,2853.86,2892.42
20120701,2863.89,2935.13,2818.19,2935.05
20120708,2938.41,2987.94,2921.37,2937.33
20120715,2934.49,2953.47,2837.72,2908.47
20120722,2903.03,2976.22,2871.65,2925.3
20120729,2877.51,2961.87,2839.76,2958.09
20120805,2959.07,2977.41,2890.85,2967.9
20120812,2978.16,3028.61,2974.23,3020.86
20120819,3018.27,3076.72,2999.12,3076.59
20120826,3072.66,3100.54,3042.22,3069.79
20120902,3083.62,3087.24,3040.59,3066.96
20120909,3063.25,3139.61,3040.24,3136.42
20120916,3131.34,3195.67,3098.82,3183.95
20120923,3183.4,3196.93,3156.46,3179.96
20120930,3155.35,3176.3,3080.28,3116.23
20121007,3130.31,3171.46,3101.64,3136.19
20121014,3121.33,3125.49,3039.58,3044.11
20121021,3053.21,3112.45,3000.27,3005.62
20121028,3005.92,3020.61,2961.16,2987.95
20121104,2986.85,3033.85,2964.94,2982.13
20121111,2983.03,3024.44,2889.81,2904.87
20121118,2916.38,2920.01,2810.8,2853.13
20121125,2886,2967.19,2884.75,2966.85
20121202,2961.02,3017.18,2935.88,3010.24
20121209,3029.21,3030.28,2958.26,2978.04
20121216,2973.19,3035.14,2963.8,2971.33
20121223,2975.5,3061.82,2973.54,3021.01
20121230,3013.89,3018.65,2951.04,2960.31
20130106,2955.45,3118.18,2953.69,3101.66
20130113,3089.17,3127.72,3076.6,3125.64
20130120,3113.65,3144.05,3093.32,3134.71
20130127,3135.63,3161.06,3121.54,3149.71
20130203,3152.17,3183.14,3133.11,3179.1
20130210,3161.72,3196.89,3130.57,3193.87
20130217,3192.53,3206.21,3182.19,3192.03
20130224,3197.46,3213.6,3118.62,3161.82
20130303,3180.59,3186.25,3105.36,3169.74
20130310,3159.46,3248.7,3154.79,3244.37
20130317,3237.74,3260.13,3229.92,3249.07
20130324,3215.71,3257.99,3205.42,3245
20130331,3255.85,3270.3,3222.48,3267.52
20130407,3268.63,3270.23,3168.88,3203.86
20130414,3207.15,3306.95,3195.57,3294.95
20130421,3277.58,3283.4,3154.96,3206.06
20130428,3217.4,3301.28,3198.74,3279.26
20130505,3290.31,3388.12,3289.42,3378.63
20130512,3382.33,3436.6,3381.04,3436.58
20130519,3429.53,3499.21,3426.67,3498.97
20130526,3490.47,3532.04,3422.51,3459.14
20130602,3497.9,3514.8,3450.4,3455.91
20130609,3460.76,3482.75,3378.24,3469.22
20130616,3475.68,3484.81,3387.61,3423.56
20130623,3449.97,3488.31,3326.86,3357.25
20130630,3326.38,3422.2,3294.95,3403.25
20130707,3430.48,3479.46,3415.23,3479.38
20130714,3493.81,3600.08,3475.39,3600.08
20130721,3601.09,3624.54,3578.57,3587.61
20130728,3599.87,3613.33,3573.53,3613.16
20130804,3604.29,3689.59,3592.8,3689.59
20130811,3682.67,3694.19,3633.59,3660.11
20130818,3645.78,3691.06,3598.65,3602.78
20130825,3601.88,3660.66,3589.02,3657.79
20130901,3661.81,3684.22,3573.57,3589.87
20130908,3622.64,3677.07,3593.62,3660.01
20130915,3675.12,3731.84,3675.12,3722.18
20130922,3755,3798.76,3712.47,3774.73
20130929,3786.84,3795.72,3745.54,3781.59
20131006,3737.6,3819.28,3734.74,3807.76
20131013,3776.64,3800.08,3650.03,3791.87
20131020,3767.49,3914.93,3766.28,3914.28
20131027,3922.65,3961.1,3887.66,3943.36
20131103,3942.56,3966.71,3904.2,3922.04
20131110,3932.6,3955.97,3855.07,3919.23
20131117,3913.64,3985.97,3899.31,3985.97
20131124,3990.06,3994.97,3911.61,3991.65
20131201,4004.37,4069.7,3987.16,4059.89
20131208,4065.66,4069.86,4004.76,4062.52
20131215,4073.75,4081.78,3992.29,4000.97
20131222,4019.37,4111.93,3979.59,4104.74
20131229,4136.15,4175.36,4127.72,4156.59
20140105,4153.58,4177.73,4124.96,4131.91
20140112,4137.03,4182.74,4103.75,4174.67
20140119,4167.41,4219.28,4097.99,4197.58
20140126,4222.98,4246.55,4128.17,4128.17
20140202,4132.22,4136.46,4044.76,4103.88
20140209,4105.06,4126.51,3968.19,4125.86
20140216,4125.12,4250.91,4122.61,4244.03
20140223,4253.71,4284.85,4226.75,4263.41
20140302,4273.32,4342.59,4272.11,4308.12
20140309,4261.42,4371.71,4239.65,4336.22
20140316,4332.62,4354.43,4241.94,4245.4
20140323,4274.22,4344.39,4268.34,4276.79
20140330,4289.49,4289.49,4131.81,4155.76
20140406,4185.62,4286.09,4118.71,4127.73
20140413,4110.92,4185.19,3991.64,3999.73
20140420,4038.06,4110.46,3946.03,4095.52
20140427,4105.36,4177.16,4068.1,4075.56
20140504,4091.81,4149.56,4014.17,4123.9
20140511,4099.25,4138.34,4021.05,4071.87
20140518,4092.84,4155.13,4035.96,4090.59
20140525,4080.33,4186.58,4075.7,4185.81
20140601,4206.44,4252.08,4204.72,4242.62
20140608,4247.96,4322.51,4207.61,4321.4
20140615,4324.35,4346.74,4284.53,4310.65
20140622,4303.93,4372.18,4296.26,4368.04
20140629,4368.95,4399.87,4339.41,4397.93
20140706,4398.37,4485.93,4396.59,4485.93
20140713,4477.74,4478.02,4351.04,4415.49
20140720,4441.39,4451.93,4352.23,4432.15
20140727,4421.2,4485.5,4404.51,4449.56
20140803,4451.12,4476.06,4324.02,4352.64
20140810,4365.62,4395.38,4321.89,4370.9
20140817,4387.38,4482.47,4371.84,4464.93
20140824,4490.53,4547.24,4486.44,4538.55
20140831,4563.72,4580.27,4546.62,4580.27
20140907,4592.42,4610.14,4542.74,4582.9
20140914,4579.06,4600.4,4544.44,4567.6
20140921,4567.45,4610.57,4499.87,4579.79
20140928,4568.45,4568.87,4466.64,4512.19
20141005,4465.84,4522.06,4367.74,4475.62
20141012,4492.4,4496.26,4276.24,4276.24
20141019,4274.9,4303.82,4116.6,4258.44
20141026,4254.16,4486.26,4248.22,4483.72
20141102,4469.02,4641.51,4450.29,4630.74
20141109,4633.71,4654.19,4594.92,4632.53
20141116,4635.1,4703.1,4626.49,4688.54
20141123,4678.44,4751.6,4653.32,4712.97
20141130,4725.17,4810.86,4723.62,4791.63
20141207,4777.73,4788.98,4724.62,4780.76
20141214,4769.76,4793.24,4653.6,4653.6
20141221,4679.67,4782.13,4547.31,4765.38
20141228,4759.04,4814.95,4757.81,4806.86
20150104,4801.26,4813.72,4698.11,4726.81
20150111,4700.34,4744.71,4567.6,4704.07
20150118,4714.07,4751.34,4563.11,4634.39
20150125,4655.84,4771.18,4601.1,4757.88
20150201,4752.36,4774.18,4601.76,4635.24
20150208,4650.6,4787.19,4580.46,4744.4
20150215,4723.73,4893.84,4719.61,4893.84
20150222,4889.98,4957.02,4880.64,4955.97
20150301,4953.1,4989.25,4939.56,4963.53
20150308,4973.43,5008.57,4918.62,4927.37
20150315,4936.08,4950.47,4842.8,4871.76
20150322,4897.27,5042.03,4889.09,5026.42
20150329,5020.6,5032.12,4826.2,4891.22
20150405,4921.78,4948.38,4845.02,4886.94
20150412,4855.94,4996.08,4852.99,4995.98
20150419,5001.56,5023.99,4912.4,4931.81
20150426,4957.97,5100.32,4953.05,5092.08
20150503,5104.36,5119.64,4921.55,5005.39
20150510,5018.35,5043.55,4888.19,5003.55
20150517,5003.26,5062.54,4931.9,5048.29
20150524,5040.92,5103.82,5037.72,5089.37
20150531,5076.91,5111.54,5016.8,5071.31
20150607,5094.94,5114.6,5025.58,5068.46
20150614,5066.65,5101.16,4975.09,5051.1
20150621,5011.79,5143.27,4986.01,5117
20150628,5147.87,5164.32,5060.87,5080.51
20150705,5021.21,5050.99,4956.23,5009.21
20150712,4963.79,5020.61,4901.71,4997.7
20150719,5037.27,5210.14,5036.98,5210.14
20150726,5223.18,5231.84,5084.51,5088.63
20150802,5055.92,5154.56,5025.63,5129.26
20150809,5134.34,5175.13,5006.15,5043.54
20150816,5081.72,5112.47,4946.2,5048.24
20150823,5032.34,5092.69,4713.04,4713.04
20150830,4298.74,4836.65,4293.79,4828.32
20150906,4798.68,4824.61,4615.03,4683.92
20150913,4769.72,4862.68,4746.64,4822.34
20150920,4832,4960.76,4791.12,4827.23
20150927,4851.98,4881.31,4659.51,4686.5
20151004,4665.06,4707.78,4487.35,4707.78
20151011,4742.13,4840.97,4711.88,4830.47
20151018,4839.79,4886.74,4771.8,4886.69
20151025,4873.54,5048.46,4836.47,5031.86
20151101,5030.8,5095.69,5009.09,5053.75
20151108,5065.64,5163.41,5061.55,5147.12
20151115,5128.94,5133.33,4925.51,4927.88
20151122,4916.14,5112.31,4908.98,5104.92
20151129,5106.72,5134.32,5050.56,5127.52
20151206,5139.58,5176.63,5011.87,5142.27
20151213,5139.46,5139.46,4928.67,4932.82
20151220,4933.47,5088.53,4871.63,4923.08
20151227,4957.53,5063.21,4928.93,5048.49
20160103,5032.29,5116.98,4999.07,5007.41
20160110,4897.65,4926.64,4638.4,4643.63
20160117,4673.44,4714.35,4420.61,4488.42
20160124,4548.05,4591.18,4313.46,4591.18
20160131,4574.59,4613.95,4447.65,4613.95
20160207,4587.59,4636.87,4350.45,4363.14
20160214,4288.02,4369.62,4209.81,4337.51
20160221,4397.95,4548.1,4376.72,4504.43
20160228,4548.31,4618.81,4425.72,4590.47
20160306,4585.3,4746.61,4557.95,4717.02
20160313,4690.88,4748.65,4607.99,4748.47
20160320,4733.39,4804.48,4712.32,4795.65
20160327,4787.31,4835.6,4734.83,4773.5
20160403,4785.25,4917.03,4749.8,4914.54
20160410,4911.21,4921.51,4831.51,4850.69
20160417,4873.39,4961.24,4808.98,4938.22
20160424,4919.36,4969.32,4872.26,4906.23
20160501,4891.48,4914.99,4741.27,4775.36
20160508,4786.55,4821.54,4684.28,4736.16
20160515,4736.35,4812.15,4708.33,4717.68
20160522,4728.86,4791.25,4678.38,4769.56
20160529,4771.57,4933.5,4764.01,4933.5
20160605,4938.48,4971.36,4909.21,4942.52
20160612,4950.46,4980.14,4880.61,4894.55
20160619,4868.51,4894.85,4779.33,4800.34
20160626,4856.69,4910.04,4698.42,4707.35
20160703,4664.43,4879.83,4574.25,4862.57
20160710,4837.06,4958.99,4786.01,4956.76
20160717,4976.54,5045.17,4976.54,5029.59
20160724,5034.99,5103.52,5028.24,5100.16
20160731,5096.99,5175.81,5082.66,5162.13
20160807,5167.42,5227.23,5109.8,5221.12
20160814,5223.54,5238.54,5193.83,5232.89
20160821,5242.18,5271.34,5197.23,5238.38
20160828,5231.46,5275.67,5191.87,5218.92
20160904,5223.8,5263.36,5189.39,5249.9
20160911,5260,5287.54,5125.91,5125.91
20160918,5098.03,5254.75,5098.03,5244.57
20160925,5263.55,5342.86,5223.1,5305.75
20161002,5275.73,5325.88,5251.54,5312
20161009,5300.29,5330.81,5266.81,5292.4
20161016,5318.46,5340.51,5169.81,5214.16
20161023,5213.69,5264.27,5196.14,5257.4
20161030,5290.31,5311.4,5179,5190.1
20161106,5205.09,5206.54,5034.41,5046.37
20161113,5128.99,5302.02,5122.77,5237.11
20161120,5246.33,5346.47,5192.49,5320.79
20161127,5337.15,5398.92,5334.28,5398.92
20161204,5387.92,5403.79,5238.27,5255.65
20161211,5283.58,5449.98,5269.59,5444.5
20161218,5428.22,5486.75,5394.44,5437.16
20161225,5441.2,5489.44,5432.78,5462.69
20170101,5470.76,5512.29,5371.91,5383.12
20170108,5425.62,5536.48,5397.99,5521.06
20170115,5527.58,5584.26,5496.9,5574.12
20170122,5555.16,5573.91,5527.27,5555.33
20170129,5546.64,5669.49,5522.77,5660.78
20170205,5635.86,5666.77,5576.14,5666.77
20170212,5656.95,5743.41,5649.78,5734.13
20170219,5753.19,5838.58,5748.74,5838.58
20170226,5850.2,5867.89,5800.55,5845.31
20170305,5835.04,5911.79,5817.22,5870.75
20170312,5846.42,5872.61,5812.08,5861.73
20170319,5863.48,5912.61,5831.88,5901
20170326,5898.81,5928.06,5781.81,5828.74
20170402,5776.34,5927.81,5769.39,5911.74
20170409,5917.32,5936.39,5855.51,5877.81
20170416,5883.43,5907.85,5805.15,5805.15
20170423,5821.55,5926.23,5818.2,5910.52
20170430,5979.96,6074.04,5970.25,6047.61
20170507,6067.56,6102.72,6053.28,6100.76
20170514,6100.66,6133,6075.68,6121.23
20170521,6128.11,6170.16,5996.82,6083.7
20170528,6098.25,6217.34,6097.24,6210.19
20170604,6204.18,6308.76,6164.07,6305.8
20170611,6305.47,6341.7,6137.68,6207.92
20170618,6153.56,6237.53,6107.85,6151.76
20170625,6196.85,6269.37,6186.94,6265.25
20170702,6292.73,6303.45,6087.81,6140.42
20170709,6173.29,6177.36,6081.96,6153.08
20170716,6156.03,6321.76,6141.83,6312.47
20170723,6320.35,6398.26,6291.07,6387.75
20170730,6387.82,6460.84,6318.62,6374.68
20170806,6394.69,6396.59,6313.43,6351.56
20170813,6361.06,6423.34,6214.41,6256.56
20170820,6306.11,6374.56,6193.38,6216.53
20170827,6216.32,6308.72,6177.19,6265.64
20170903,6286.01,6449.65,6228.73,6435.33
20170910,6414.82,6426.52,6334.59,6360.19
20170917,6411.18,6464.27,6410.71,6448.47
20170924,6460.1,6477.77,6400.82,6426.92
20171001,6403.11,6497.98,6343.96,6495.96
20171008,6506.08,6590.18,6484.14,6590.18
20171015,6597.38,6616.58,6561.78,6605.8
20171022,6622.56,6640.03,6558.53,6629.05
20171029,6641.57,6708.13,6517.93,6701.26
20171105,6693.77,6765.14,6677.15,6764.44
20171112,6763.3,6795.52,6687.28,6750.94
20171119,6727.4,6806.68,6667.31,6782.79
20171126,6789.29,6890.02,6779.48,6889.16
20171203,6889.91,6914.19,6737.16,6847.59
20171210,6897.14,6899.23,6734.13,6840.08
20171217,6847.64,6945.82,6844.88,6936.58
20171224,6980.4,7003.89,6935.42,6959.96
20171231,6928.93,6955.38,6903.39,6903.39
20180107,6937.66,7137.04,6924.08,7136.56
20180114,7135.38,7265.26,7111.52,7261.06
20180121,7307.19,7336.38,7205.93,7336.38
20180128,7338.04,7505.77,7332.81,7505.77
20180204,7484.47,7500.61,7238.18,7240.95
20180211,7165.96,7277.36,6630.67,6874.49
20180218,6936.68,7303.26,6879.69,7239.47
20180225,7209.04,7338.64,7194.84,7337.39
20180304,7373.3,7438.09,7084.83,7257.87
20180311,7222.89,7560.81,7205.31,7560.81
20180318,7581.04,7637.27,7463.18,7481.99
20180325,7419.2,7421.23,6992.67,6992.67
20180401,7125.2,7255.54,6901.07,7063.45
20180408,7016.17,7112.38,6805.96,6915.11
20180415,6971.45,7183.63,6944.96,7106.65
20180422,7153.87,7319.58,7115.85,7146.13
20180429,7173.99,7197.16,6926.98,7119.8
20180506,7133.95,7228.26,6991.14,7209.62
20180513,7241.82,7417.67,7224.7,7402.88
20180520,7429.45,7458.42,7320.97,7354.34
20180527,7406.34,7452.85,7334.62,7433.85
20180603,7398.51,7557.38,7354.29,7554.33
20180610,7570.08,7697.41,7561.2,7645.51
20180617,7647.23,7768.6,7642.87,7746.38
20180624,7692.96,7806.6,7635.73,7692.82
20180701,7631.12,7639.73,7419.56,7510.3
20180708,7451.9,7695.81,7443.1,7688.39
20180715,7730.58,7843.52,7696.58,7825.98
20180722,7831.74,7867.15,7749.61,7820.2
20180729,7806.93,7933.31,7698.96,7737.42
20180805,7735.27,7824.06,7604.24,7812.02
20180812,7809.54,7923.35,7801.88,7839.11
20180819,7848,7888.66,7732.7,7816.33
20180826,7834.38,7949.25,7787.9,7945.98
20180902,7989.64,8133.3,7976.6,8109.54
20180909,8087.95,8104.07,7873.93,7902.54
20180916,7939.57,8040.83,7880.93,8010.04
20180923,7992.21,8057.26,7890.07,7986.96
20180930,7939.38,8071.56,7912.47,8046.35
20181007,8091.5,8107.38,7715.97,7788.45
20181014,7747.1,7799.75,7274.04,7496.89
20181021,7473.33,7670.5,7400.07,7449.03
20181028,7486.74,7520.54,7057,7167.21
20181104,7272.42,7466.53,6922.83,7356.99
20181111,7344.09,7572.93,7255.88,7406.9
20181118,7364.05,7371.09,7072.36,7247.87
20181125,7217.24,7224.13,6830.76,6938.98
20181202,7026.5,7330.54,7003.12,7330.54
20181209,7486.13,7486.51,6945.27,6969.25
20181216,6959.63,7197.29,6878.98,6910.67
20181223,6886.46,6931.81,6304.63,6333
20181230,6278.49,6684.18,6190.16,6584.52
20190106,6649.52,6760.69,6457.13,6738.86
20190113,6757.54,6991.37,6741.4,6971.48
20190120,6908.03,7185.38,6887.48,7157.23
20190127,7109.57,7174.56,6953.23,7164.86
20190203,7075.01,7303.12,7011.47,7263.87
20190210,7266.28,7410.77,7225.14,7298.2
20190217,7327.37,7477.28,7290.03,7472.41
20190224,7450.75,7527.55,7430.89,7527.55
20190303,7585.3,7603.04,7485.4,7595.35
20190310,7636.62,7643.66,7332.92,7408.14
20190317,7442.56,7714.96,7442.4,7688.53
20190324,7696.38,7850.11,7642.57,7642.67
20190331,7618.98,7738.17,7579.29,7729.32
20190407,7800.23,7940.45,7777.09,7938.69
20190414,7924.89,7992.09,7891.85,7984.16
20190421,7987.16,8052.4,7933.57,7998.06
20190428,7969.37,8151.84,7965.9,8146.4
20190505,8147.65,8176.08,7976.77,8164
20190512,7981.85,8135.54,7759.34,7916.94
20190519,7720.07,7946.23,7627.23,7816.29
20190526,7714.059,7804.44,7585.32,7637.01
20190602,7655.66,7693.74,7448.23,7453.15
20190609,7441.22,7767.02,7292.22,7742.1
20190616,7798.87,7910,7773.97,7796.66
20190623,7819.43,8088.88,7812.61,8031.71
20190630,8040.58,8047.56,7879.16,8006.244
20190707,8145.85,8171.97,8059.29,8161.79
20190714,8112.91,8245.66,8061.32,8244.15
20190721,8263.18,8264.78,8135.13,8146.49
20190728,8171.99,8339.64,8171.54,8330.21
20190804,8325.1,8325.28,7953.67,8004.07
20190811,7823.33,8041.12,7662.91,7959.14
20190818,7907.49,8065.24,7716.56,7895.99
20190825,8006.18,8048.58,7730.77,7751.77
20190901,7829.58,8017.91,7766.67,7962.88
20190908,7906.44,8134.42,7847.32,8103.07
20190915,8130.91,8243.8,8001.68,8176.71
20190922,8121.64,8237.43,8086.16,8117.67
20190929,8106.49,8158.84,7890.28,7939.63
20191006,7964.094,8062.5,7700,7982.47
20191013,7956.41,8115.8,7823.73,8057.04
20191020,8044.35,8183.64,8036.41,8089.54
20191027,8137.42,8249.97,8078.35,8243.12
20191103,8285.77,8386.75,8241.7,8386.4
20191110,8445.5,8483.16,8379.33,8475.31
20191117,8431.27,8540.83,8425.48,8540.83
20191124,8529.16,8589.76,8468.63,8519.89
20191201,8559.65,8705.91,8559.65,8665.471
20191208,8672.85,8672.85,8435.4,8656.53
20191215,8650.86,8768.87,8600.82,8734.88
20191222,8791.31,8931.91,8789.77,8924.96
20191229,8950.2,9052,8934.36,9006.62
20200105,9004.45,9093.43,8909.2,9020.77
20200112,8943.5,9235.2,8943.5,9178.86
20200119,9213.72,9393.48,9193.06,9388.94
20200126,9361.07,9451.43,9273.23,9314.91
20200202,9092.47,9329.113,9088.04,9150.936
20200209,9190.72,9575.656,9188.56,9520.51
20200216,9493.63,9748.32,9493.63,9731.176
20200223,9679.04,9838.371,9542.328,9576.59
20200301,9188.44,9322.88,8264.159,8567.367
20200308,8667.145,9070.322,8375.133,8575.618
20200315,7957.93,8347.398,7194.672,7874.875
20200322,7392.73,7422.199,6686.355,6879.518
20200329,6847.285,7809.824,6631.422,7502.377
20200405,7583.461,7880.313,7288.113,7373.083
20200412,7660.176,8227.907,7617.785,8153.575
20200419,8127.688,8670.304,8035.945,8650.141
20200426,8553.375,8684.914,8215.691,8634.52
20200503,8717.98,8957.266,8566.838,8604.948
20200510,8555.316,9125.981,8537.828,9121.32
20200517,9054.914,9250.961,8705.25,9014.56
20200524,9177.152,9405.253,9154.352,9324.587
20200531,9501.211,9523.645,9144.277,9489.872
20200607,9471.418,9845.688,9462.316,9814.081
20200614,9823.441,10086.891,9413.624,9588.809
20200621,9426.898,10053.91,9403.004,9946.123
20200628,9945.492,10221.848,9749.065,9757.219
20200705,9771.719,10310.363,9663.609,10207.63
20200712,10360.379,10622.351,10337.984,10617.44
20200719,10729.922,10824.785,10182.461,10503.19
20200726,10526.02,10839.93,10217.313,10363.18
20200802,10421.703,10747.805,10397.875,10745.27
20200809,10848.637,11126.037,10831.152,11010.98
20200816,11033.727,11124.85,10762.711,11019.3
20200823,11083.246,11326.215,11080.301,11311.8
20200830,11449.254,11730.02,11297.535,11695.63
20200906,11718.813,12074.066,10875.872,11313.13
20200913,10900.695,11299.526,10728.032,10853.54
20200920,11010.145,11245.414,10639.95,10793.28
20200927,10610.141,10979.648,10519.492,10913.56
20201004,11084.383,11344.131,11019.137,11075.02
20201011,11169.105,11581.233,11124.445,11579.94
20201018,11732.324,11965.539,11559.103,11671.56
20201025,11732.336,11778.105,11369.291,11548.28
20201101,11440.641,11545.629,10822.57,10911.59
20201108,11010.449,11924.28,10830.945,11895.23
20201115,12046.66,12108.066,11424.609,11829.29
20201122,11847.109,11950.184,11760.982,11854.97
20201129,11916.762,12236.23,11796.527,12205.85
20201206,12224.25,12464.232,12027.164,12464.23
20201213,12460.996,12607.14,12214.738,12377.87
20201220,12447.438,12809.6,12432.707,12755.64
20201227,12596.145,12841.92,12525.219,12804.73
20210103,12914.641,12973.332,12821.229,12888.28
20210110,12958.523,13208.09,12543.242,13201.98
20210117,13048.777,13220.156,12949.762,12998.5
20210124,13132.727,13567.139,13078.699,13543.06
20210131,13681.211,13728.984,12985.052,13070.69
20210207,13226.18,13878.156,13132.473,13856.3
20210214,13937.059,14109.117,13845.469,14095.47
20210221,14152.215,14175.117,13714.349,13874.46
20210228,13714.203,13757.063,13003.98,13192.35
20210307,13406.164,13601.332,12397.054,12920.15
20210314,12904.266,13433.619,12599.23,13319.86
20210321,13323.473,13620.711,13039.453,13215.24
20210328,13278.781,13455.645,12786.807,13138.72
20210404,13103.973,13487.075,12922.574,13480.11
20210411,13594.898,13905.414,13582.758,13900.19
20210418,13854.438,14062.495,13783.945,14052.34
20210425,13984.582,14062.736,13698.668,14016.81
20210502,14052.383,14211.572,13941.628,13962.68
20210509,14031.77,14042.12,13439.39,13752.24
20210516,13687.59,13687.93,13002.54,13429.98
20210523,13368.8,13616.58,13072.23,13470.99
20210530,13557.21,13820.87,13551.01,13748.74
20210606,13829.05,13836.17,13548.93,13814.49
20210613,13802.82,14069.43,13784.89,14069.42
20210620,14083.47,14196.21,13903.73,14030.38
20210627,14047.42,14414.46,13960.04,14360.39
20210704,14417.81,14649.11,14417.2,14639.33
20210711,14661.55,14755.33,14371.59,14701.92
20210718,14743.86,14803.68,14413.32,14427.24
20210725,14235.98,14846.06,14178.66,14836.99
20210801,14821.03,14863.65,14503.76,14672.68
20210808,14758.61,14896.48,14584.09,14835.76
20210815,14855.75,14894.61,14692.41,14822.9
20210822,14771.53,14794.68,14423.16,14714.66
20210829,14776.98,15144.48,14776.98,15129.5
20210905,15165.95,15380.07,15165.12,15363.52
20210912,15375.98,15403.44,15111.31,15115.49
20210919,15211.43,15215.44,14984.68,15043.97
20210926,14758.14,15085.44,14530.07,15047.7
20211003,14954.18,15003.16,14324.01,14566.7
20211010,14493.13,14755.72,14181.69,14579.54
20211017,14540.08,14904.98,14441.6,14897.34
20211024,14839.74,15222.25,14833.28,15090.2
20211031,15142.92,15504.12,15070.75,15498.39
20211107,15541.26,16053.39,15470.82,15971.59
20211114,15995.72,16038.23,15543.68,15860.96
20211121,15894.82,16121.12,15778.31,16057.44
20211128,16120.93,16212.23,15456.09,15491.66
20211205,15719.42,15833.11,14931.05,15085.47
20211212,15117.63,15796.05,14931.61,15630.6
20211219,15621.27,15637.06,14960.37,15169.68
20211226,14933,15697.98,14860.04,15653.37
20220102,15696.83,15901.47,15643.94,15644.97
20220109,15732.5,15852.14,14877.63,14935.9
20220116,14751.78,15319.04,14530.23,14893.75
20220123,14681.83,14740.54,13764.24,13768.92
20220130,13481.5,14002.65,13094.65,13770.57
20220206,13812.2,14504.82,13767.71,14098.01
20220213,14118.79,14509.56,13733.16,13791.15
20220220,13768.97,14163.73,13465.56,13548.07
20220227,13424.36,13696.86,12587.88,13694.62
20220306,13570.83,13837.59,13224.98,13313.44
20220313,13328.36,13353.28,12670.08,12843.81
20220320,12795.13,13899.28,12555.35,13893.84
20220327,13860.39,14218.76,13682.55,14169.3
20220403,14177.21,14646.9,14101.34,14261.5
20220410,14304.35,14534.38,13689.23,13711
20220417,13547.29,13685.95,13317.74,13351.08
20220424,13319.39,13710.7,12828.02,12839.29
20220501,12749.18,13011.45,12315.74,12334.64
20220508,12331.69,12985.01,11990.15,12144.66
20220515,11923.03,11990.61,11108.76,11805
20220522,11727.14,11988.43,11035.69,11354.62
20220529,11396.28,12131.66,11092.48,12131.13
20220605,12137.54,12320.12,11901.43,12012.73
20220612,12200.33,12245.4,11328.27,11340.02
20220619,10986.85,11244.27,10565.14,10798.35
20220626,10974.05,11613.23,10938.06,11607.62
20220703,11661.02,11677.48,10850.01,11127.84
20220710,10964.18,11689.7,10911.45,11635.31
20220717,11524.49,11541.1,11005.93,11452.42
20220724,11561.64,12093.02,11322.84,11834.11
20220731,11837.96,12426.27,11533.37,12390.69
20220807,12317.96,12736.19,12260.48,12657.55
20220814,12703.72,13047.19,12438.86,13047.19
20220821,12996.63,13181.09,12674.87,12705.21
20220828,12523.16,12655.84,12141.52,12141.71
20220904,12021.05,12124.87,11546.52,11630.86
20220911,11643.03,12132.68,11471.5,12112.31
20220918,12174.94,12270.19,11316.92,11448.4
20220925,11338.57,11613.57,10732.72,10867.93
20221002,10833.39,11101.5,10572.33,10575.62
20221009,10659.01,11230.44,10577.89,10652.4
20221016,10659.95,10766.69,10088.83,10321.39
20221023,10575.65,10972.97,10542.43,10859.72
20221030,10867.07,11210.38,10713.33,11102.45
20221106,11028.43,11156.35,10262.93,10475.25
20221113,10516.94,11352.43,10344.02,11323.33
20221120,11233.91,11492.62,11006.21,11146.06
20221127,11091.01,11310.82,10975.66,11226.36
20221204,11147.57,11546.77,10944.37,11461.5
20221211,11380.99,11425.52,10910.62,11004.62
20221218,11015.48,11571.64,10642.1,10705.41
20221225,10707.44,10753.57,10313.32,10497.863
20230101,10462.19,10502.08,10207.47,10466.481
20230108,10562.06,10613.06,10268.147,10569.294
20230115,10662.11,11083.808,10589.59,11079.156
20230122,11070,11223.41,10804.57,11140.435
20230129,11171.95,11691.89,11069.18,11621.71
20230205,11512.34,12269.55,11388.54,12006.96
20230212,11904.41,12150.22,11630.54,11718.12
20230219,11759.09,12071.29,11673.21,11787.27
20230226,11640.38,11684.14,11334.46,11394.94
20230305,11517.19,11699.63,11273.61,11689.01
20230312,11736.87,11827.92,11093.86,11138.89
20230319,11041.46,11773.11,10982.8,11630.51
20230326,11614.39,12013.98,11550.7,11823.96
20230402,11868.54,12227.93,11635.03,12221.91
20230409,12146.09,12224.68,11898.36,12087.96
20230416,11975.14,12205.72,11916.54,12123.47
20230423,12108.23,12245.43,11986.82,12072.46
20230430,12053.47,12227.716,11798.77,12226.584
20230507,12210.05,12264.823,11925.37,12235.413
20230514,12231.68,12364.647,12174.06,12284.743
20230521,12301.17,12730.262,12263.36,12657.897
20230528,12664.44,13001.91,12415.85,12975.69
20230604,13109.1,13256.21,12889.37,13240.77
20230611,13238.48,13385.95,13089.48,13259.14
20230618,13326.37,13864.06,13302.59,13689.57
20230625,13642.3,13711.18,13441.56,13492.52
20230702,13468.75,13816.68,13334.42,13787.92
20230709,13798.7,13844.5,13567.25,13660.72
20230716,13645.38,14232.11,13584.87,14113.7
20230723,14149.92,14446.55,14020.45,14032.81
20230730,14081.63,14360.2,13997.13,14316.66
20230806,14337.9,14370.91,13881.35,13909.24
20230813,13972.45,13997.16,13609.98,13644.85
20230820,13599,13789.16,13161.76,13290.78
20230827,13347.26,13834.69,13325.59,13590.646
20230903,13695.36,14148.817,13626.64,14031.814
20230910,13994.54,14060.85,13642.47,13761.525
20230917,13884.03,13957.57,13684.262,13708.335
20230924,13669.96,13751.28,13202.711,13211.807
20231001,13172.54,13382.983,12963.16,13219.322
20231008,13217.98,13472.203,13008.6,13431.341
20231015,13326.22,13714.14,13277.48,13407.234
20231022,13453.81,13602.25,12979.639,12983.808
20231029,12930.85,13170.39,12543.86,12643.011
20231105,12750.46,13520.271,12691.56,13478.283
20231112,13514.08,13802.359,13435.99,13798.107
20231119,13745.96,14194.36,13687.78,14125.481
20231126,14134.75,14359.61,14134.2,14250.8545
20231203,14239.31,14423.22,14127.05,14305.032
20231210,14168.66,14416.845,14058.52,14403.973
20231217,14340.13,14855.62,14324.57,14813.92
20231224,14814.02,15069.29,14776.29,14992.973
20231231,15028.69,15150.07,14955.425,15011.353
20240107,14873.7,14887.8,14482.001,14524.073
20240114,14564.47,15063.61,14560.2,14972.76
20240121,14908.26,15310.968,14706.23,15310.968
20240128,15393.05,15629.07,15333.63,15455.363
20240204,15470.66,15663.919,15158.49,15628.954
20240211,15613.99,16007.213,15471.68,15990.664
20240218,15980.62,16080.07,15551.44,15775.654
20240225,15679.84,16133.693,15451.65,15996.823
20240303,16014.45,16299.978,15924.72,16274.941
20240310,16264.21,16449.703,15862.63,16085.113
20240317,16052.63,16275.45,15925.908,15973.174
20240324,16154.92,16538.87,15951.86,16428.818
20240331,16335.3,16476.38,16279.17,16379.458
20240407,16397.05,16490.65,16046.56,16248.5205
20240414,16285.18,16464.61,16092.02,16175.094
20240421,16276.47,16295.27,15222.78,15282.01
20240428,15396.13,15979.914,15265.66,15927.9
20240505,16007,16204.712,15557.64,16156.328
20240512,16208.54,16433.438,16197.86,16340.868
20240519,16400.31,16797.84,16334.86,16685.967
20240526,16702.02,16996.39,16678.37,16920.795
20240602,16988.32,17032.66,16445.537,16735.016
20240609,16865.71,17235.73,16646.43,17133.125
20240616,17083.45,17741.8,17057.34,17688.883
20240623,17697.3,17936.79,17621.83,17689.361
20240630,17640.26,18032.781,17494.02,17732.604
20240707,17773.9,18365.697,17657.64,18352.76
20240714,18371.86,18671.07,18238.78,18398.445
20240721,18485.91,18641.53,17691.432,17726.94
20240728,17923.64,18128.38,17033.96,17357.88
20240804,17444.39,17791.58,16588.426,16776.164
20240811,15712.53,16788.865,15708.54,16745.303
20240818,16793.64,17674.578,16699.39,17631.72
20240825,17649.74,18017.69,17585.58,17877.793
20240901,17867.85,17909.09,17439.4,17713.625
20240908,17585.45,17585.45,16668.777,16690.832
20240915,16835.68,17718.58,16732.84,17683.977
20240922,17573.7,18099.93,17480.66,17948.32
20240929,17994.91,18327.34,17863.38,18119.59
20241006,18069.83,18198.16,17767.79,18137.85
20241013,18080.12,18373.352,17900.04,18342.938
20241020,18426.66,18564.25,18214.96,18489.553
20241027,18456.48,18690.01,18146.61,18518.61
20241103,18648.25,18785.5,18083.95,18239.918
20241110,18220.43,19317.479,18112.83,19286.777
20241117,19355.34,19366.07,18602,18680.121
20241124,18717.93,19110.89,18672.3,19003.65
20241201,19140.59,19244.82,18937.2,19218.17
20241208,19255.43,19862.87,19255.43,19859.77
20241215,19824.09,20059.3,19641.34,19926.72
20241222,20016.12,20204.58,19179.37,19572.6
20241229,19641.05,20070.08,19504.68,19722.03
20250105,19460.41,19638.59,19117.59,19621.68
20250112,19851.99,20007.95,19024.79,19161.63
20250119,18903.66,19709.3,18831.91,19630.2
20250126,19734.39,20118.32,19551.17,19954.3
20250202,19234.04,19969.16,19204.95,19627.44
20250209,19215.38,19860.22,19141.15,19523.4
20250216,19668.18,20045.14,19415.48,20026.77
20250223,20090.55,20110.12,19510.91,19524.01
20250302,19590.85,19644.23,18373.8,18847.28
20250309,18923.36,18992.3,17769.41,18196.22
20250316,17840.32,17868.07,17238.24,17754.09
20250323,17722.55,17925.94,17431.67,17784.05
20250330,18046.19,18281.14,17284.23,17322.99
20250406,17045.45,17716.52,15578.75,15587.79
20250413,14978.03,17202.94,14784.03,16724.46
20250420,17120.44,17136.55,16066.46,16286.45
20250427,16052.76,17403.62,15685.33,17382.94
20250504,17390.93,18048.75,16959.53,17977.73
20250511,17817.02,18096,17503.02,17928.92
20250518,18674.55,19213.42,18472.71,19211.1
20250525,18937.42,19241.41,18607.65,18737.21
20250601,19014.44,19389.39,18850.51,19113.77
20250608,19063.06,19610.51,18985.3,19529.95
20250615,19573.14,19800.46,19369.5,19406.83
20250622,19550.75,19733.31,19381.71,19447.41
20250629,19427.01,20308.39,19334.98,20273.46
20250706,20360.15,20624.16,20105.42,20601.1
20250713,20490.55,20655.39,20323.02,20585.53
20250720,20592.57,20977.73,20492.63,20895.66
20250727,20960.33,21159.19,20750.9,21108.32
20250803,21176.4,21457.48,20560.73,20650.13
20250810,20853.91,21462.87,20833.86,21450.02
20250817,21459.66,21803.75,21346.62,21622.98
20250824,21616.82,21651.5,20905.99,21496.54
20250831,21466.47,21742.46,21389.11,21455.55
20250907,21086.57,21877.76,21033.05,21700.39
20250914,21806.23,22180.45,21731.48,22141.1
20250921,22243.2,22642.2,22058.92,22631.48
20250928,22606.59,22801.9,22185.87,22484.07
20251005,22605.3,22925.12,22493.96,22780.51
20251012,22894.35,23117.39,22193.95,22204.43
20251019,22578.67,22886.87,22213.73,22679.975
20251026,22844.82,23260.742,22514.08,23204.867
20251102,23537.32,24019.99,23493.96,23724.957
20251109,23951.91,23976.84,22565.05,23004.537
20251116,23354.85,23569.62,22440.916,22900.588
20251123,22788.32,23147.33,21903.377,22273.082
20251130,22482.16,23365.686,22478.27,23365.686
20251207,23172.34,23680.031,23110.21,23578.129
20251214,23638.22,23704.08,23094.506,23195.17
20251221,23330.04,23345.56,22692,23307.62
20251228,23450.53,23663.23,23362.93,23593.096
20260104,23414.68,23585.959,23121.082,23235.629
20260111,23449.67,23723.37,23332.23,23702.877
20260118,23576.88,23813.3,23306.66,23515.387
20260125,23142.69,23609.592,22916.83,23501.244
20260201,23529.28,23988.27,23232.78,23461.816
20260208,23370.54,23691.6,22461.14,23031.213
20260215,22952.24,23320.62,22406.936,22546.67
20260222,22394.76,22947.166,22256.76,22886.068
20260301,22840.97,23169.68,22528.26,23152.08
20260308,22322.12,22891.88,22124.78,22387.68
