Date,Open,High,Low,Close
19490701,147.37,147.37,147.37,147.37
19490702,150.00,150.00,150.00,150.00
19490704,149.14,149.14,149.14,149.14
19490705,146.52,146.52,146.52,146.52
19490706,144.18,144.18,144.18,144.18
19490707,143.66,143.66,143.66,143.66
19490708,142.16,142.16,142.16,142.16
19490709,140.03,140.03,140.03,140.03
19490711,135.84,135.84,135.84,135.84
19490712,134.80,134.80,134.80,134.80
19490713,140.02,140.02,140.02,140.02
19490714,141.28,141.28,141.28,141.28
19490715,142.29,142.29,142.29,142.29
19490716,144.89,144.89,144.89,144.89
19490718,147.23,147.23,147.23,147.23
19490719,148.55,148.55,148.55,148.55
19490720,147.09,147.09,147.09,147.09
19490721,145.97,145.97,145.97,145.97
19490722,145.67,145.67,145.67,145.67
19490723,146.50,146.50,146.50,146.50
19490725,144.88,144.88,144.88,144.88
19490726,144.66,144.66,144.66,144.66
19490727,145.47,145.47,145.47,145.47
19490728,145.51,145.51,145.51,145.51
19490729,144.59,144.59,144.59,144.59
19490730,144.86,144.86,144.86,144.86
19490801,109.91,176.52,109.91,176.52
19490802,150.00,150.00,150.00,150.00
19490803,154.46,154.46,154.46,154.46
19490804,155.57,155.57,155.57,155.57
19490805,154.24,154.24,154.24,154.24
19490806,156.26,156.26,156.26,156.26
19490808,156.46,156.46,156.46,156.46
19490809,157.68,157.68,157.68,157.68
19490810,159.30,159.30,159.30,159.30
19490811,162.75,162.75,162.75,162.75
19490812,164.73,164.73,164.73,164.73
19490813,162.49,162.49,162.49,162.49
19490815,159.00,159.00,159.00,159.00
19490816,159.14,159.14,159.14,159.14
19490817,158.23,158.23,158.23,158.23
19490818,158.17,158.17,158.17,158.17
19490819,158.81,158.81,158.81,158.81
19490820,160.04,160.04,160.04,160.04
19490822,160.51,160.51,160.51,160.51
19490823,162.02,162.02,162.02,162.02
19490824,164.34,164.34,164.34,164.34
19490825,167.64,167.64,167.64,167.64
19490826,173.20,173.20,173.20,173.20
19490827,176.27,176.27,176.27,176.27
19490829,173.22,173.22,173.22,173.22
19490830,174.10,174.10,174.10,174.10
19490831,175.18,175.18,175.18,175.18
19490901,176.89,176.89,176.89,176.89
19490902,173.00,173.00,173.00,173.00
19490903,171.57,171.57,171.57,171.57
19490905,172.21,172.21,172.21,172.21
19490906,172.41,172.41,172.41,172.41
19490907,171.89,171.89,171.89,171.89
19490908,170.11,170.11,170.11,170.11
19490909,168.86,168.86,168.86,168.86
19490910,170.70,170.70,170.70,170.70
19490912,172.23,172.23,172.23,172.23
19490913,171.25,171.25,171.25,171.25
19490914,169.87,169.87,169.87,169.87
19490915,168.30,168.30,168.30,168.30
19490916,162.54,162.54,162.54,162.54
19490917,164.95,164.95,164.95,164.95
19490919,167.07,167.07,167.07,167.07
19490920,163.94,163.94,163.94,163.94
19490921,162.22,162.22,162.22,162.22
19490922,163.00,163.00,163.00,163.00
19490924,163.98,163.98,163.98,163.98
19490926,162.49,162.49,162.49,162.49
19490927,160.41,160.41,160.41,160.41
19490928,160.61,160.61,160.61,160.61
19490929,162.07,162.07,162.07,162.07
19490930,163.29,163.29,163.29,163.29
19491001,162.95,162.95,162.95,162.95
19491003,160.72,160.72,160.72,160.72
19491004,153.70,153.70,153.70,153.70
19491005,153.00,153.00,153.00,153.00
19491006,153.40,153.40,153.40,153.40
19491007,156.84,156.84,156.84,156.84
19491008,158.70,158.70,158.70,158.70
19491010,154.16,154.16,154.16,154.16
19491011,151.87,151.87,151.87,151.87
19491012,150.42,150.42,150.42,150.42
19491013,147.66,147.66,147.66,147.66
19491014,146.97,146.97,146.97,146.97
19491015,149.62,149.62,149.62,149.62
19491017,144.44,144.44,144.44,144.44
19491018,143.45,143.45,143.45,143.45
19491019,142.45,142.45,142.45,142.45
19491020,140.24,140.24,140.24,140.24
19491021,138.06,138.06,138.06,138.06
19491022,137.92,137.92,137.92,137.92
19491024,135.94,135.94,135.94,135.94
19491025,131.09,131.09,131.09,131.09
19491026,133.79,133.79,133.79,133.79
19491027,138.50,138.50,138.50,138.50
19491028,143.31,143.31,143.31,143.31
19491029,144.45,144.45,144.45,144.45
19491031,141.54,141.54,141.54,141.54
19491101,138.86,138.86,138.86,138.86
19491102,137.78,137.78,137.78,137.78
19491104,138.06,138.06,138.06,138.06
19491105,137.03,137.03,137.03,137.03
19491107,135.97,135.97,135.97,135.97
19491108,133.41,133.41,133.41,133.41
19491109,132.94,132.94,132.94,132.94
19491110,136.57,136.57,136.57,136.57
19491111,140.33,140.33,140.33,140.33
19491112,140.67,140.67,140.67,140.67
19491114,140.02,140.02,140.02,140.02
19491115,138.37,138.37,138.37,138.37
19491116,136.49,136.49,136.49,136.49
19491117,135.32,135.32,135.32,135.32
19491118,135.32,135.32,135.32,135.32
19491119,134.55,134.55,134.55,134.55
19491121,131.30,131.30,131.30,131.30
19491122,130.38,130.38,130.38,130.38
19491124,128.91,128.91,128.91,128.91
19491125,126.41,126.41,126.41,126.41
19491126,125.97,125.97,125.97,125.97
19491128,122.01,122.01,122.01,122.01
19491129,118.40,118.40,118.40,118.40
19491130,122.84,122.84,122.84,122.84
19491201,176.52,176.52,109.91,109.91
19491202,122.53,122.53,122.53,122.53
19491203,121.00,121.00,121.00,121.00
19491205,120.92,120.92,120.92,120.92
19491206,120.07,120.07,120.07,120.07
19491207,117.39,117.39,117.39,117.39
19491208,111.99,111.99,111.99,111.99
19491209,112.14,112.14,112.14,112.14
19491210,112.01,112.01,112.01,112.01
19491212,110.32,110.32,110.32,110.32
19491213,105.88,105.88,105.88,105.88
19491214,98.50,98.50,98.50,98.50
19491215,109.62,109.62,109.62,109.62
19491216,110.96,110.96,110.96,110.96
19491217,110.67,110.67,110.67,110.67
19491219,108.46,108.46,108.46,108.46
19491220,104.14,104.14,104.14,104.14
19491221,107.69,107.69,107.69,107.69
19491222,107.70,107.70,107.70,107.70
19491223,107.11,107.11,107.11,107.11
19491224,109.35,109.35,109.35,109.35
19491226,110.24,110.24,110.24,110.24
19491227,108.60,108.60,108.60,108.60
19491228,109.91,109.91,109.91,109.91
19500104,108.56,108.56,108.56,108.56
19500105,105.54,105.54,105.54,105.54
19500106,102.64,102.64,102.64,102.64
19500107,102.95,102.95,102.95,102.95
19500109,102.78,102.78,102.78,102.78
19500110,101.36,101.36,101.36,101.36
19500111,99.36,99.36,99.36,99.36
19500112,97.48,97.48,97.48,97.48
19500113,95.04,95.04,95.04,95.04
19500114,96.89,96.89,96.89,96.89
19500116,96.20,96.20,96.20,96.20
19500117,95.27,95.27,95.27,95.27
19500118,97.15,97.15,97.15,97.15
19500119,98.90,98.90,98.90,98.90
19500120,98.05,98.05,98.05,98.05
19500121,98.25,98.25,98.25,98.25
19500123,97.10,97.10,97.10,97.10
19500124,97.12,97.12,97.12,97.12
19500125,96.51,96.51,96.51,96.51
19500126,95.45,95.45,95.45,95.45
19500127,94.85,94.85,94.85,94.85
19500128,94.82,94.82,94.82,94.82
19500130,93.14,93.14,93.14,93.14
19500131,92.54,92.54,92.54,92.54
19500201,92.56,92.56,92.56,92.56
19500202,95.96,95.96,95.96,95.96
19500203,96.11,96.11,96.11,96.11
19500204,97.45,97.45,97.45,97.45
19500206,101.71,101.71,101.71,101.71
19500207,105.06,105.06,105.06,105.06
19500208,107.25,107.25,107.25,107.25
19500209,107.01,107.01,107.01,107.01
19500210,106.54,106.54,106.54,106.54
19500211,107.16,107.16,107.16,107.16
19500213,112.94,112.94,112.94,112.94
19500214,113.40,113.40,113.40,113.40
19500215,110.53,110.53,110.53,110.53
19500216,109.60,109.60,109.60,109.60
19500217,110.25,110.25,110.25,110.25
19500218,111.21,111.21,111.21,111.21
19500220,109.73,109.73,109.73,109.73
19500221,108.38,108.38,108.38,108.38
19500222,106.62,106.62,106.62,106.62
19500223,106.83,106.83,106.83,106.83
19500224,107.01,107.01,107.01,107.01
19500225,107.09,107.09,107.09,107.09
19500227,108.27,108.27,108.27,108.27
19500228,107.44,107.44,107.44,107.44
19500301,108.19,108.19,108.19,108.19
19500302,108.15,108.15,108.15,108.15
19500303,106.65,106.65,106.65,106.65
19500304,105.52,105.52,105.52,105.52
19500306,104.43,104.43,104.43,104.43
19500307,102.83,102.83,102.83,102.83
19500308,102.93,102.93,102.93,102.93
19500309,101.71,101.71,101.71,101.71
19500310,101.23,101.23,101.23,101.23
19500311,102.16,102.16,102.16,102.16
19500313,102.61,102.61,102.61,102.61
19500314,102.21,102.21,102.21,102.21
19500315,101.52,101.52,101.52,101.52
19500316,101.07,101.07,101.07,101.07
19500317,101.12,101.12,101.12,101.12
19500318,101.40,101.40,101.40,101.40
19500320,100.61,100.61,100.61,100.61
19500322,99.84,99.84,99.84,99.84
19500323,99.22,99.22,99.22,99.22
19500324,99.02,99.02,99.02,99.02
19500325,99.97,99.97,99.97,99.97
19500327,99.90,99.90,99.90,99.90
19500328,99.30,99.30,99.30,99.30
19500329,98.51,98.51,98.51,98.51
19500330,97.78,97.78,97.78,97.78
19500331,97.61,97.61,97.61,97.61
19500401,109.91,114.55,109.91,114.55
19500403,94.86,94.86,94.86,94.86
19500404,93.85,93.85,93.85,93.85
19500405,93.95,93.95,93.95,93.95
19500406,93.37,93.37,93.37,93.37
19500407,92.39,92.39,92.39,92.39
19500408,91.76,91.76,91.76,91.76
19500410,90.97,90.97,90.97,90.97
19500411,88.70,88.70,88.70,88.70
19500412,91.69,91.69,91.69,91.69
19500413,93.00,93.00,93.00,93.00
19500414,95.52,95.52,95.52,95.52
19500415,93.90,93.90,93.90,93.90
19500417,93.04,93.04,93.04,93.04
19500418,93.40,93.40,93.40,93.40
19500419,93.23,93.23,93.23,93.23
19500420,92.83,92.83,92.83,92.83
19500421,92.56,92.56,92.56,92.56
19500422,92.39,92.39,92.39,92.39
19500424,92.59,92.59,92.59,92.59
19500425,95.14,95.14,95.14,95.14
19500426,96.96,96.96,96.96,96.96
19500427,96.67,96.67,96.67,96.67
19500428,99.31,99.31,99.31,99.31
19500501,103.78,103.78,103.78,103.78
19500502,103.01,103.01,103.01,103.01
19500504,102.49,102.49,102.49,102.49
19500506,101.38,101.38,101.38,101.38
19500508,100.26,100.26,100.26,100.26
19500509,98.72,98.72,98.72,98.72
19500510,99.03,99.03,99.03,99.03
19500511,98.55,98.55,98.55,98.55
19500512,97.23,97.23,97.23,97.23
19500513,97.31,97.31,97.31,97.31
19500515,96.05,96.05,96.05,96.05
19500516,95.16,95.16,95.16,95.16
19500517,96.10,96.10,96.10,96.10
19500518,96.02,96.02,96.02,96.02
19500519,97.72,97.72,97.72,97.72
19500520,98.47,98.47,98.47,98.47
19500522,96.87,96.87,96.87,96.87
19500523,95.78,95.78,95.78,95.78
19500524,95.58,95.58,95.58,95.58
19500525,94.87,94.87,94.87,94.87
19500526,94.21,94.21,94.21,94.21
19500527,94.34,94.34,94.34,94.34
19500529,93.61,93.61,93.61,93.61
19500530,93.97,93.97,93.97,93.97
19500531,94.22,94.22,94.22,94.22
19500601,94.22,94.22,94.22,94.22
19500602,93.94,93.94,93.94,93.94
19500603,94.32,94.32,94.32,94.32
19500605,94.68,94.68,94.68,94.68
19500606,94.12,94.12,94.12,94.12
19500607,93.39,93.39,93.39,93.39
19500608,92.74,92.74,92.74,92.74
19500609,92.28,92.28,92.28,92.28
19500610,92.26,92.26,92.26,92.26
19500612,91.47,91.47,91.47,91.47
19500613,90.22,90.22,90.22,90.22
19500614,89.08,89.08,89.08,89.08
19500615,89.22,89.22,89.22,89.22
19500616,89.86,89.86,89.86,89.86
19500617,89.72,89.72,89.72,89.72
19500619,88.90,88.90,88.90,88.90
19500620,88.90,88.90,88.90,88.90
19500621,89.89,89.89,89.89,89.89
19500622,90.03,90.03,90.03,90.03
19500623,90.59,90.59,90.59,90.59
19500624,91.94,91.94,91.94,91.94
19500626,92.75,92.75,92.75,92.75
19500627,90.84,90.84,90.84,90.84
19500628,90.16,90.16,90.16,90.16
19500629,88.95,88.95,88.95,88.95
19500630,86.17,86.17,86.17,86.17
19500701,86.19,86.19,86.19,86.19
19500703,85.65,85.65,85.65,85.65
19500704,85.84,85.84,85.84,85.84
19500705,85.41,85.41,85.41,85.41
19500706,85.25,85.25,85.25,85.25
19500707,85.60,85.60,85.60,85.60
19500708,85.65,85.65,85.65,85.65
19500710,86.04,86.04,86.04,86.04
19500711,89.26,89.26,89.26,89.26
19500712,93.54,93.54,93.54,93.54
19500713,94.80,94.80,94.80,94.80
19500714,98.40,98.40,98.40,98.40
19500715,103.82,103.82,103.82,103.82
19500717,109.34,109.34,109.34,109.34
19500718,104.86,104.86,104.86,104.86
19500719,103.21,103.21,103.21,103.21
19500720,103.14,103.14,103.14,103.14
19500721,101.58,101.58,101.58,101.58
19500722,101.90,101.90,101.90,101.90
19500724,103.16,103.16,103.16,103.16
19500725,103.07,103.07,103.07,103.07
19500726,102.23,102.23,102.23,102.23
19500727,100.88,100.88,100.88,100.88
19500728,100.24,100.24,100.24,100.24
19500729,99.87,99.87,99.87,99.87
19500731,97.59,97.59,97.59,97.59
19500801,114.55,114.55,86.17,86.17
19500802,99.11,99.11,99.11,99.11
19500803,99.10,99.10,99.10,99.10
19500804,100.52,100.52,100.52,100.52
19500805,101.26,101.26,101.26,101.26
19500807,103.16,103.16,103.16,103.16
19500808,103.49,103.49,103.49,103.49
19500809,103.04,103.04,103.04,103.04
19500810,103.78,103.78,103.78,103.78
19500811,105.26,105.26,105.26,105.26
19500812,105.31,105.31,105.31,105.31
19500814,105.33,105.33,105.33,105.33
19500815,106.24,106.24,106.24,106.24
19500816,108.02,108.02,108.02,108.02
19500817,110.15,110.15,110.15,110.15
19500818,112.58,112.58,112.58,112.58
19500819,112.77,112.77,112.77,112.77
19500821,114.99,114.99,114.99,114.99
19500822,114.82,114.82,114.82,114.82
19500823,114.36,114.36,114.36,114.36
19500824,112.44,112.44,112.44,112.44
19500825,111.39,111.39,111.39,111.39
19500826,112.11,112.11,112.11,112.11
19500828,112.06,112.06,112.06,112.06
19500829,113.24,113.24,113.24,113.24
19500830,114.59,114.59,114.59,114.59
19500831,114.55,114.55,114.55,114.55
19500901,113.46,113.46,113.46,113.46
19500902,112.98,112.98,112.98,112.98
19500904,111.25,111.25,111.25,111.25
19500905,111.48,111.48,111.48,111.48
19500906,112.06,112.06,112.06,112.06
19500907,110.82,110.82,110.82,110.82
19500908,108.39,108.39,108.39,108.39
19500909,109.43,109.43,109.43,109.43
19500911,108.26,108.26,108.26,108.26
19500912,108.23,108.23,108.23,108.23
19500913,108.52,108.52,108.52,108.52
19500914,109.48,109.48,109.48,109.48
19500915,110.35,110.35,110.35,110.35
19500916,110.98,110.98,110.98,110.98
19500918,109.28,109.28,109.28,109.28
19500919,108.46,108.46,108.46,108.46
19500920,107.24,107.24,107.24,107.24
19500921,108.22,108.22,108.22,108.22
19500922,107.22,107.22,107.22,107.22
19500925,104.95,104.95,104.95,104.95
19500926,105.52,105.52,105.52,105.52
19500927,105.41,105.41,105.41,105.41
19500928,103.81,103.81,103.81,103.81
19500929,103.58,103.58,103.58,103.58
19500930,104.98,104.98,104.98,104.98
19501002,103.52,103.52,103.52,103.52
19501003,103.65,103.65,103.65,103.65
19501004,105.44,105.44,105.44,105.44
19501005,107.28,107.28,107.28,107.28
19501006,106.54,106.54,106.54,106.54
19501007,107.12,107.12,107.12,107.12
19501009,105.95,105.95,105.95,105.95
19501010,106.21,106.21,106.21,106.21
19501011,106.78,106.78,106.78,106.78
19501012,105.99,105.99,105.99,105.99
19501013,106.50,106.50,106.50,106.50
19501014,107.25,107.25,107.25,107.25
19501016,107.23,107.23,107.23,107.23
19501017,106.72,106.72,106.72,106.72
19501018,107.25,107.25,107.25,107.25
19501019,107.44,107.44,107.44,107.44
19501020,106.78,106.78,106.78,106.78
19501021,106.85,106.85,106.85,106.85
19501023,106.35,106.35,106.35,106.35
19501024,105.97,105.97,105.97,105.97
19501025,106.15,106.15,106.15,106.15
19501026,106.33,106.33,106.33,106.33
19501027,105.88,105.88,105.88,105.88
19501028,105.45,105.45,105.45,105.45
19501030,105.39,105.39,105.39,105.39
19501031,106.16,106.16,106.16,106.16
19501101,108.55,108.55,108.55,108.55
19501102,111.02,111.02,111.02,111.02
19501104,112.72,112.72,112.72,112.72
19501106,111.21,111.21,111.21,111.21
19501107,110.55,110.55,110.55,110.55
19501108,109.49,109.49,109.49,109.49
19501109,109.49,109.49,109.49,109.49
19501110,110.14,110.14,110.14,110.14
19501111,110.18,110.18,110.18,110.18
19501113,110.50,110.50,110.50,110.50
19501114,111.26,111.26,111.26,111.26
19501115,110.64,110.64,110.64,110.64
19501116,111.08,111.08,111.08,111.08
19501117,111.42,111.42,111.42,111.42
19501118,111.22,111.22,111.22,111.22
19501120,110.31,110.31,110.31,110.31
19501121,109.96,109.96,109.96,109.96
19501122,109.91,109.91,109.91,109.91
19501124,109.97,109.97,109.97,109.97
19501125,111.18,111.18,111.18,111.18
19501127,112.93,112.93,112.93,112.93
19501128,112.23,112.23,112.23,112.23
19501129,111.75,111.75,111.75,111.75
19501130,109.75,109.75,109.75,109.75
19501201,86.17,101.91,86.17,101.91
19501202,109.45,109.45,109.45,109.45
19501204,107.03,107.03,107.03,107.03
19501205,106.43,106.43,106.43,106.43
19501206,106.58,106.58,106.58,106.58
19501207,105.94,105.94,105.94,105.94
19501208,103.62,103.62,103.62,103.62
19501209,103.46,103.46,103.46,103.46
19501211,103.78,103.78,103.78,103.78
19501212,102.55,102.55,102.55,102.55
19501213,101.04,101.04,101.04,101.04
19501214,101.15,101.15,101.15,101.15
19501215,101.58,101.58,101.58,101.58
19501216,102.93,102.93,102.93,102.93
19501218,101.42,101.42,101.42,101.42
19501219,100.76,100.76,100.76,100.76
19501220,100.84,100.84,100.84,100.84
19501221,99.49,99.49,99.49,99.49
19501222,98.27,98.27,98.27,98.27
19501223,99.26,99.26,99.26,99.26
19501225,100.42,100.42,100.42,100.42
19501226,101.03,101.03,101.03,101.03
19501227,101.21,101.21,101.21,101.21
19501228,101.91,101.91,101.91,101.91
19510104,102.10,102.10,102.10,102.10
19510105,102.81,102.81,102.81,102.81
19510106,104.30,104.30,104.30,104.30
19510108,104.90,104.90,104.90,104.90
19510109,106.36,106.36,106.36,106.36
19510110,105.79,105.79,105.79,105.79
19510111,106.54,106.54,106.54,106.54
19510112,108.76,108.76,108.76,108.76
19510113,109.98,109.98,109.98,109.98
19510116,109.29,109.29,109.29,109.29
19510117,108.80,108.80,108.80,108.80
19510118,109.23,109.23,109.23,109.23
19510119,108.86,108.86,108.86,108.86
19510120,108.54,108.54,108.54,108.54
19510122,108.22,108.22,108.22,108.22
19510123,110.13,110.13,110.13,110.13
19510124,110.47,110.47,110.47,110.47
19510125,111.08,111.08,111.08,111.08
19510126,110.36,110.36,110.36,110.36
19510127,109.97,109.97,109.97,109.97
19510129,110.56,110.56,110.56,110.56
19510130,112.59,112.59,112.59,112.59
19510131,115.43,115.43,115.43,115.43
19510201,115.00,115.00,115.00,115.00
19510202,117.01,117.01,117.01,117.01
19510203,118.59,118.59,118.59,118.59
19510205,119.43,119.43,119.43,119.43
19510206,119.24,119.24,119.24,119.24
19510207,120.47,120.47,120.47,120.47
19510208,120.10,120.10,120.10,120.10
19510209,118.23,118.23,118.23,118.23
19510210,117.81,117.81,117.81,117.81
19510212,119.10,119.10,119.10,119.10
19510213,119.49,119.49,119.49,119.49
19510214,118.31,118.31,118.31,118.31
19510216,118.24,118.24,118.24,118.24
19510217,118.80,118.80,118.80,118.80
19510219,119.80,119.80,119.80,119.80
19510220,119.56,119.56,119.56,119.56
19510221,119.15,119.15,119.15,119.15
19510222,119.86,119.86,119.86,119.86
19510223,121.88,121.88,121.88,121.88
19510224,122.09,122.09,122.09,122.09
19510226,120.75,120.75,120.75,120.75
19510227,120.90,120.90,120.90,120.90
19510228,121.84,121.84,121.84,121.84
19510301,122.71,122.71,122.71,122.71
19510302,123.93,123.93,123.93,123.93
19510303,125.36,125.36,125.36,125.36
19510305,127.89,127.89,127.89,127.89
19510306,126.89,126.89,126.89,126.89
19510307,128.90,128.90,128.90,128.90
19510308,130.55,130.55,130.55,130.55
19510309,129.90,129.90,129.90,129.90
19510310,130.05,130.05,130.05,130.05
19510312,130.14,130.14,130.14,130.14
19510313,131.67,131.67,131.67,131.67
19510314,132.50,132.50,132.50,132.50
19510315,132.91,132.91,132.91,132.91
19510316,132.97,132.97,132.97,132.97
19510317,132.64,132.64,132.64,132.64
19510319,129.75,129.75,129.75,129.75
19510320,127.81,127.81,127.81,127.81
19510322,125.72,125.72,125.72,125.72
19510323,125.95,125.95,125.95,125.95
19510324,126.46,126.46,126.46,126.46
19510326,125.44,125.44,125.44,125.44
19510327,125.07,125.07,125.07,125.07
19510328,125.76,125.76,125.76,125.76
19510329,123.10,123.10,123.10,123.10
19510330,123.32,123.32,123.32,123.32
19510331,124.53,124.53,124.53,124.53
19510401,101.91,115.43,101.91,115.43
19510402,124.87,124.87,124.87,124.87
19510403,123.78,123.78,123.78,123.78
19510404,122.75,122.75,122.75,122.75
19510405,122.00,122.00,122.00,122.00
19510406,122.10,122.10,122.10,122.10
19510407,121.76,121.76,121.76,121.76
19510409,121.64,121.64,121.64,121.64
19510410,122.16,122.16,122.16,122.16
19510411,122.07,122.07,122.07,122.07
19510412,119.40,119.40,119.40,119.40
19510413,117.54,117.54,117.54,117.54
19510414,118.88,118.88,118.88,118.88
19510416,119.03,119.03,119.03,119.03
19510417,119.22,119.22,119.22,119.22
19510418,121.02,121.02,121.02,121.02
19510419,122.87,122.87,122.87,122.87
19510420,121.94,121.94,121.94,121.94
19510421,121.88,121.88,121.88,121.88
19510423,121.00,121.00,121.00,121.00
19510424,122.41,122.41,122.41,122.41
19510425,123.02,123.02,123.02,123.02
19510426,122.81,122.81,122.81,122.81
19510427,121.50,121.50,121.50,121.50
19510428,121.35,121.35,121.35,121.35
19510430,120.82,120.82,120.82,120.82
19510501,121.11,121.11,121.11,121.11
19510502,122.71,122.71,122.71,122.71
19510504,123.20,123.20,123.20,123.20
19510507,123.71,123.71,123.71,123.71
19510508,124.54,124.54,124.54,124.54
19510509,124.49,124.49,124.49,124.49
19510510,124.17,124.17,124.17,124.17
19510511,123.67,123.67,123.67,123.67
19510512,123.76,123.76,123.76,123.76
19510514,123.63,123.63,123.63,123.63
19510515,123.19,123.19,123.19,123.19
19510516,123.73,123.73,123.73,123.73
19510517,123.98,123.98,123.98,123.98
19510518,124.66,124.66,124.66,124.66
19510519,124.90,124.90,124.90,124.90
19510521,125.95,125.95,125.95,125.95
19510522,126.32,126.32,126.32,126.32
19510523,126.22,126.22,126.22,126.22
19510524,125.11,125.11,125.11,125.11
19510525,125.40,125.40,125.40,125.40
19510526,126.17,126.17,126.17,126.17
19510528,126.08,126.08,126.08,126.08
19510529,125.53,125.53,125.53,125.53
19510530,125.71,125.71,125.71,125.71
19510531,127.23,127.23,127.23,127.23
19510601,127.32,127.32,127.32,127.32
19510602,127.61,127.61,127.61,127.61
19510604,129.34,129.34,129.34,129.34
19510605,132.47,132.47,132.47,132.47
19510606,132.08,132.08,132.08,132.08
19510607,131.46,131.46,131.46,131.46
19510608,132.55,132.55,132.55,132.55
19510609,133.73,133.73,133.73,133.73
19510611,135.14,135.14,135.14,135.14
19510612,134.95,134.95,134.95,134.95
19510613,135.71,135.71,135.71,135.71
19510614,136.29,136.29,136.29,136.29
19510615,136.42,136.42,136.42,136.42
19510616,135.64,135.64,135.64,135.64
19510618,134.13,134.13,134.13,134.13
19510619,132.36,132.36,132.36,132.36
19510620,132.86,132.86,132.86,132.86
19510621,133.14,133.14,133.14,133.14
19510622,133.65,133.65,133.65,133.65
19510623,134.03,134.03,134.03,134.03
19510625,132.73,132.73,132.73,132.73
19510626,131.45,131.45,131.45,131.45
19510627,130.30,130.30,130.30,130.30
19510628,130.59,130.59,130.59,130.59
19510629,130.73,130.73,130.73,130.73
19510630,130.49,130.49,130.49,130.49
19510702,126.22,126.22,126.22,126.22
19510703,124.48,124.48,124.48,124.48
19510704,127.93,127.93,127.93,127.93
19510705,128.50,128.50,128.50,128.50
19510706,127.94,127.94,127.94,127.94
19510707,127.87,127.87,127.87,127.87
19510709,127.52,127.52,127.52,127.52
19510710,127.20,127.20,127.20,127.20
19510711,128.00,128.00,128.00,128.00
19510712,127.70,127.70,127.70,127.70
19510713,128.33,128.33,128.33,128.33
19510714,129.03,129.03,129.03,129.03
19510716,129.91,129.91,129.91,129.91
19510717,130.63,130.63,130.63,130.63
19510718,132.46,132.46,132.46,132.46
19510719,133.23,133.23,133.23,133.23
19510720,132.91,132.91,132.91,132.91
19510721,132.56,132.56,132.56,132.56
19510723,132.29,132.29,132.29,132.29
19510724,132.08,132.08,132.08,132.08
19510725,132.99,132.99,132.99,132.99
19510726,132.98,132.98,132.98,132.98
19510727,133.01,133.01,133.01,133.01
19510728,133.64,133.64,133.64,133.64
19510730,134.25,134.25,134.25,134.25
19510731,135.89,135.89,135.89,135.89
19510801,115.43,166.06,115.43,166.06
19510802,137.72,137.72,137.72,137.72
19510803,139.44,139.44,139.44,139.44
19510804,139.89,139.89,139.89,139.89
19510806,140.69,140.69,140.69,140.69
19510807,138.34,138.34,138.34,138.34
19510808,137.76,137.76,137.76,137.76
19510809,137.75,137.75,137.75,137.75
19510810,137.14,137.14,137.14,137.14
19510811,137.81,137.81,137.81,137.81
19510813,137.85,137.85,137.85,137.85
19510814,137.45,137.45,137.45,137.45
19510815,137.21,137.21,137.21,137.21
19510816,137.09,137.09,137.09,137.09
19510817,137.38,137.38,137.38,137.38
19510818,137.54,137.54,137.54,137.54
19510820,137.46,137.46,137.46,137.46
19510821,138.04,138.04,138.04,138.04
19510822,139.31,139.31,139.31,139.31
19510823,140.81,140.81,140.81,140.81
19510824,140.14,140.14,140.14,140.14
19510825,140.61,140.61,140.61,140.61
19510827,142.82,142.82,142.82,142.82
19510828,143.29,143.29,143.29,143.29
19510829,143.14,143.14,143.14,143.14
19510830,144.04,144.04,144.04,144.04
19510831,145.30,145.30,145.30,145.30
19510901,145.93,145.93,145.93,145.93
19510903,146.42,146.42,146.42,146.42
19510904,144.68,144.68,144.68,144.68
19510905,144.46,144.46,144.46,144.46
19510906,144.60,144.60,144.60,144.60
19510907,145.49,145.49,145.49,145.49
19510908,145.83,145.83,145.83,145.83
19510910,145.99,145.99,145.99,145.99
19510911,146.15,146.15,146.15,146.15
19510912,146.39,146.39,146.39,146.39
19510913,146.08,146.08,146.08,146.08
19510914,146.72,146.72,146.72,146.72
19510915,146.80,146.80,146.80,146.80
19510917,145.43,145.43,145.43,145.43
19510918,143.61,143.61,143.61,143.61
19510919,144.33,144.33,144.33,144.33
19510920,145.56,145.56,145.56,145.56
19510921,146.37,146.37,146.37,146.37
19510922,147.67,147.67,147.67,147.67
19510925,153.06,153.06,153.06,153.06
19510926,152.70,152.70,152.70,152.70
19510927,151.69,151.69,151.69,151.69
19510928,153.00,153.00,153.00,153.00
19510929,154.27,154.27,154.27,154.27
19511001,154.07,154.07,154.07,154.07
19511002,154.70,154.70,154.70,154.70
19511003,157.87,157.87,157.87,157.87
19511004,161.12,161.12,161.12,161.12
19511005,162.73,162.73,162.73,162.73
19511006,162.12,162.12,162.12,162.12
19511008,157.27,157.27,157.27,157.27
19511009,157.23,157.23,157.23,157.23
19511010,159.89,159.89,159.89,159.89
19511011,159.23,159.23,159.23,159.23
19511012,159.25,159.25,159.25,159.25
19511013,159.55,159.55,159.55,159.55
19511015,160.96,160.96,160.96,160.96
19511016,161.04,161.04,161.04,161.04
19511017,162.90,162.90,162.90,162.90
19511018,162.13,162.13,162.13,162.13
19511019,164.25,164.25,164.25,164.25
19511020,164.89,164.89,164.89,164.89
19511022,165.71,165.71,165.71,165.71
19511023,164.87,164.87,164.87,164.87
19511024,165.45,165.45,165.45,165.45
19511025,168.63,168.63,168.63,168.63
19511026,168.87,168.87,168.87,168.87
19511027,170.32,170.32,170.32,170.32
19511029,165.63,165.63,165.63,165.63
19511030,164.80,164.80,164.80,164.80
19511031,165.09,165.09,165.09,165.09
19511101,165.17,165.17,165.17,165.17
19511102,163.07,163.07,163.07,163.07
19511105,160.06,160.06,160.06,160.06
19511106,159.68,159.68,159.68,159.68
19511107,159.67,159.67,159.67,159.67
19511108,159.19,159.19,159.19,159.19
19511109,161.47,161.47,161.47,161.47
19511110,162.42,162.42,162.42,162.42
19511112,162.23,162.23,162.23,162.23
19511113,162.92,162.92,162.92,162.92
19511114,162.79,162.79,162.79,162.79
19511115,162.08,162.08,162.08,162.08
19511116,162.37,162.37,162.37,162.37
19511117,162.33,162.33,162.33,162.33
19511119,161.64,161.64,161.64,161.64
19511120,159.45,159.45,159.45,159.45
19511121,157.26,157.26,157.26,157.26
19511122,155.69,155.69,155.69,155.69
19511124,153.77,153.77,153.77,153.77
19511126,153.59,153.59,153.59,153.59
19511127,156.04,156.04,156.04,156.04
19511128,155.48,155.48,155.48,155.48
19511129,156.35,156.35,156.35,156.35
19511130,157.35,157.35,157.35,157.35
19511201,166.06,166.06,166.06,166.06
19511203,159.93,159.93,159.93,159.93
19511204,159.29,159.29,159.29,159.29
19511205,159.45,159.45,159.45,159.45
19511206,159.38,159.38,159.38,159.38
19511207,160.07,160.07,160.07,160.07
19511208,160.88,160.88,160.88,160.88
19511210,160.97,160.97,160.97,160.97
19511211,159.59,159.59,159.59,159.59
19511212,158.82,158.82,158.82,158.82
19511213,158.86,158.86,158.86,158.86
19511214,158.85,158.85,158.85,158.85
19511215,158.58,158.58,158.58,158.58
19511217,158.42,158.42,158.42,158.42
19511218,157.06,157.06,157.06,157.06
19511219,157.56,157.56,157.56,157.56
19511220,158.80,158.80,158.80,158.80
19511221,160.03,160.03,160.03,160.03
19511222,159.90,159.90,159.90,159.90
19511224,160.55,160.55,160.55,160.55
19511225,161.18,161.18,161.18,161.18
19511226,162.31,162.31,162.31,162.31
19511227,163.98,163.98,163.98,163.98
19511228,166.06,166.06,166.06,166.06
19520104,167.80,167.80,167.80,167.80
19520105,169.50,169.50,169.50,169.50
19520107,168.64,168.64,168.64,168.64
19520108,168.70,168.70,168.70,168.70
19520109,170.73,170.73,170.73,170.73
19520110,173.67,173.67,173.67,173.67
19520111,174.85,174.85,174.85,174.85
19520112,174.92,174.92,174.92,174.92
19520114,177.37,177.37,177.37,177.37
19520116,179.39,179.39,179.39,179.39
19520117,180.45,180.45,180.45,180.45
19520118,177.19,177.19,177.19,177.19
19520119,177.41,177.41,177.41,177.41
19520121,180.96,180.96,180.96,180.96
19520122,180.22,180.22,180.22,180.22
19520123,183.16,183.16,183.16,183.16
19520124,183.01,183.01,183.01,183.01
19520125,184.27,184.27,184.27,184.27
19520126,185.56,185.56,185.56,185.56
19520128,188.68,188.68,188.68,188.68
19520129,186.36,186.36,186.36,186.36
19520130,187.45,187.45,187.45,187.45
19520131,188.96,188.96,188.96,188.96
19520201,190.77,190.77,190.77,190.77
19520202,192.76,192.76,192.76,192.76
19520204,191.70,191.70,191.70,191.70
19520205,189.87,189.87,189.87,189.87
19520206,190.64,190.64,190.64,190.64
19520207,193.29,193.29,193.29,193.29
19520208,192.20,192.20,192.20,192.20
19520209,192.79,192.79,192.79,192.79
19520211,189.71,189.71,189.71,189.71
19520212,189.93,189.93,189.93,189.93
19520213,191.83,191.83,191.83,191.83
19520214,190.73,190.73,190.73,190.73
19520215,187.81,187.81,187.81,187.81
19520216,187.38,187.38,187.38,187.38
19520218,187.70,187.70,187.70,187.70
19520219,189.04,189.04,189.04,189.04
19520220,190.06,190.06,190.06,190.06
19520221,189.23,189.23,189.23,189.23
19520222,185.80,185.80,185.80,185.80
19520223,186.43,186.43,186.43,186.43
19520225,184.68,184.68,184.68,184.68
19520226,183.90,183.90,183.90,183.90
19520227,180.77,180.77,180.77,180.77
19520228,180.30,180.30,180.30,180.30
19520229,181.40,181.40,181.40,181.40
19520301,182.15,182.15,182.15,182.15
19520303,184.23,184.23,184.23,184.23
19520304,185.38,185.38,185.38,185.38
19520305,184.27,184.27,184.27,184.27
19520306,185.81,185.81,185.81,185.81
19520307,187.23,187.23,187.23,187.23
19520308,188.08,188.08,188.08,188.08
19520310,187.98,187.98,187.98,187.98
19520311,188.50,188.50,188.50,188.50
19520312,188.26,188.26,188.26,188.26
19520313,186.52,186.52,186.52,186.52
19520314,186.02,186.02,186.02,186.02
19520315,186.61,186.61,186.61,186.61
19520317,185.18,185.18,185.18,185.18
19520318,183.25,183.25,183.25,183.25
19520319,180.65,180.65,180.65,180.65
19520320,182.10,182.10,182.10,182.10
19520322,181.67,181.67,181.67,181.67
19520324,180.50,180.50,180.50,180.50
19520325,179.92,179.92,179.92,179.92
19520326,179.91,179.91,179.91,179.91
19520327,181.48,181.48,181.48,181.48
19520328,176.23,176.23,176.23,176.23
19520329,175.01,175.01,175.01,175.01
19520331,175.51,175.51,175.51,175.51
19520401,175.99,175.99,175.99,175.99
19520402,177.36,177.36,177.36,177.36
19520403,179.41,179.41,179.41,179.41
19520404,181.51,181.51,181.51,181.51
19520405,183.01,183.01,183.01,183.01
19520407,182.28,182.28,182.28,182.28
19520408,182.80,182.80,182.80,182.80
19520409,184.59,184.59,184.59,184.59
19520410,184.81,184.81,184.81,184.81
19520411,185.12,185.12,185.12,185.12
19520412,186.09,186.09,186.09,186.09
19520414,185.94,185.94,185.94,185.94
19520415,188.50,188.50,188.50,188.50
19520416,192.91,192.91,192.91,192.91
19520417,195.05,195.05,195.05,195.05
19520418,197.88,197.88,197.88,197.88
19520419,200.60,200.60,200.60,200.60
19520421,199.66,199.66,199.66,199.66
19520422,200.26,200.26,200.26,200.26
19520423,201.09,201.09,201.09,201.09
19520424,203.05,203.05,203.05,203.05
19520425,206.20,206.20,206.20,206.20
19520426,204.50,204.50,204.50,204.50
19520428,202.54,202.54,202.54,202.54
19520430,202.72,202.72,202.72,202.72
19520501,204.41,204.41,204.41,204.41
19520502,207.86,207.86,207.86,207.86
19520506,207.98,207.98,207.98,207.98
19520507,209.11,209.11,209.11,209.11
19520508,207.74,207.74,207.74,207.74
19520509,208.53,208.53,208.53,208.53
19520510,209.85,209.85,209.85,209.85
19520512,208.13,208.13,208.13,208.13
19520513,206.72,206.72,206.72,206.72
19520514,207.56,207.56,207.56,207.56
19520515,207.29,207.29,207.29,207.29
19520516,206.56,206.56,206.56,206.56
19520517,206.06,206.06,206.06,206.06
19520519,204.85,204.85,204.85,204.85
19520520,205.99,205.99,205.99,205.99
19520521,209.30,209.30,209.30,209.30
19520522,210.60,210.60,210.60,210.60
19520523,213.11,213.11,213.11,213.11
19520524,214.30,214.30,214.30,214.30
19520526,214.96,214.96,214.96,214.96
19520527,216.58,216.58,216.58,216.58
19520528,220.77,220.77,220.77,220.77
19520529,222.75,222.75,222.75,222.75
19520530,222.54,222.54,222.54,222.54
19520531,225.38,225.38,225.38,225.38
19520602,228.41,228.41,228.41,228.41
19520603,225.98,225.98,225.98,225.98
19520604,224.00,224.00,224.00,224.00
19520605,227.01,227.01,227.01,227.01
19520606,225.10,225.10,225.10,225.10
19520607,226.16,226.16,226.16,226.16
19520609,228.73,228.73,228.73,228.73
19520610,232.88,232.88,232.88,232.88
19520611,233.00,233.00,233.00,233.00
19520612,239.08,239.08,239.08,239.08
19520613,238.20,238.20,238.20,238.20
19520614,237.47,237.47,237.47,237.47
19520616,240.96,240.96,240.96,240.96
19520617,238.92,238.92,238.92,238.92
19520618,234.57,234.57,234.57,234.57
19520619,239.07,239.07,239.07,239.07
19520620,240.22,240.22,240.22,240.22
19520621,239.88,239.88,239.88,239.88
19520623,234.33,234.33,234.33,234.33
19520624,237.12,237.12,237.12,237.12
19520625,238.37,238.37,238.37,238.37
19520626,241.10,241.10,241.10,241.10
19520627,242.58,242.58,242.58,242.58
19520628,244.20,244.20,244.20,244.20
19520630,246.15,246.15,246.15,246.15
19520701,249.86,249.86,249.86,249.86
19520702,251.30,251.30,251.30,251.30
19520703,254.70,254.70,254.70,254.70
19520704,255.17,255.17,255.17,255.17
19520705,255.74,255.74,255.74,255.74
19520707,259.59,259.59,259.59,259.59
19520708,259.45,259.45,259.45,259.45
19520709,262.56,262.56,262.56,262.56
19520710,262.71,262.71,262.71,262.71
19520711,263.04,263.04,263.04,263.04
19520712,257.85,257.85,257.85,257.85
19520714,256.64,256.64,256.64,256.64
19520715,257.57,257.57,257.57,257.57
19520716,257.62,257.62,257.62,257.62
19520717,248.48,248.48,248.48,248.48
19520718,238.80,238.80,238.80,238.80
19520719,244.68,244.68,244.68,244.68
19520721,247.81,247.81,247.81,247.81
19520722,245.61,245.61,245.61,245.61
19520723,246.43,246.43,246.43,246.43
19520724,245.37,245.37,245.37,245.37
19520725,246.65,246.65,246.65,246.65
19520726,248.04,248.04,248.04,248.04
19520728,246.92,246.92,246.92,246.92
19520729,249.25,249.25,249.25,249.25
19520730,250.24,250.24,250.24,250.24
19520731,253.21,253.21,253.21,253.21
19520801,253.74,253.74,253.74,253.74
19520802,254.73,254.73,254.73,254.73
19520804,256.98,256.98,256.98,256.98
19520805,255.40,255.40,255.40,255.40
19520806,258.37,258.37,258.37,258.37
19520807,258.73,258.73,258.73,258.73
19520808,261.64,261.64,261.64,261.64
19520809,264.71,264.71,264.71,264.71
19520811,262.57,262.57,262.57,262.57
19520812,262.63,262.63,262.63,262.63
19520813,260.89,260.89,260.89,260.89
19520814,259.70,259.70,259.70,259.70
19520815,259.67,259.67,259.67,259.67
19520816,259.90,259.90,259.90,259.90
19520818,260.07,260.07,260.07,260.07
19520819,258.85,258.85,258.85,258.85
19520820,258.31,258.31,258.31,258.31
19520821,260.04,260.04,260.04,260.04
19520822,258.41,258.41,258.41,258.41
19520823,256.98,256.98,256.98,256.98
19520825,250.48,250.48,250.48,250.48
19520826,251.65,251.65,251.65,251.65
19520827,252.92,252.92,252.92,252.92
19520828,256.91,256.91,256.91,256.91
19520829,254.02,254.02,254.02,254.02
19520830,254.72,254.72,254.72,254.72
19520901,254.38,254.38,254.38,254.38
19520902,255.85,255.85,255.85,255.85
19520903,255.99,255.99,255.99,255.99
19520904,255.88,255.88,255.88,255.88
19520905,257.84,257.84,257.84,257.84
19520906,258.33,258.33,258.33,258.33
19520908,255.97,255.97,255.97,255.97
19520909,256.70,256.70,256.70,256.70
19520910,256.46,256.46,256.46,256.46
19520911,256.22,256.22,256.22,256.22
19520912,258.35,258.35,258.35,258.35
19520913,258.17,258.17,258.17,258.17
19520915,258.60,258.60,258.60,258.60
19520916,259.19,259.19,259.19,259.19
19520917,258.74,258.74,258.74,258.74
19520918,260.17,260.17,260.17,260.17
19520919,260.12,260.12,260.12,260.12
19520920,262.17,262.17,262.17,262.17
19520922,263.63,263.63,263.63,263.63
19520924,260.96,260.96,260.96,260.96
19520925,260.03,260.03,260.03,260.03
19520926,264.47,264.47,264.47,264.47
19520927,267.08,267.08,267.08,267.08
19520929,265.97,265.97,265.97,265.97
19520930,268.90,268.90,268.90,268.90
19521001,271.49,271.49,271.49,271.49
19521002,271.91,271.91,271.91,271.91
19521003,270.33,270.33,270.33,270.33
19521004,272.45,272.45,272.45,272.45
19521006,275.70,275.70,275.70,275.70
19521007,280.33,280.33,280.33,280.33
19521008,283.29,283.29,283.29,283.29
19521009,287.58,287.58,287.58,287.58
19521010,287.66,287.66,287.66,287.66
19521011,290.83,290.83,290.83,290.83
19521013,289.99,289.99,289.99,289.99
19521014,288.41,288.41,288.41,288.41
19521015,294.29,294.29,294.29,294.29
19521016,297.54,297.54,297.54,297.54
19521017,302.73,302.73,302.73,302.73
19521018,303.67,303.67,303.67,303.67
19521020,305.73,305.73,305.73,305.73
19521021,301.76,301.76,301.76,301.76
19521022,307.45,307.45,307.45,307.45
19521023,311.14,311.14,311.14,311.14
19521024,313.21,313.21,313.21,313.21
19521025,316.36,316.36,316.36,316.36
19521027,321.39,321.39,321.39,321.39
19521028,318.11,318.11,318.11,318.11
19521029,320.20,320.20,320.20,320.20
19521030,317.61,317.61,317.61,317.61
19521031,313.23,313.23,313.23,313.23
19521101,318.29,318.29,318.29,318.29
19521104,321.23,321.23,321.23,321.23
19521105,323.21,323.21,323.21,323.21
19521106,321.60,321.60,321.60,321.60
19521107,322.80,322.80,322.80,322.80
19521108,324.01,324.01,324.01,324.01
19521110,326.48,326.48,326.48,326.48
19521111,329.42,329.42,329.42,329.42
19521112,334.54,334.54,334.54,334.54
19521113,333.23,333.23,333.23,333.23
19521114,332.82,332.82,332.82,332.82
19521115,330.42,330.42,330.42,330.42
19521117,333.48,333.48,333.48,333.48
19521118,335.52,335.52,335.52,335.52
19521119,341.19,341.19,341.19,341.19
19521120,344.76,344.76,344.76,344.76
19521121,349.11,349.11,349.11,349.11
19521122,353.58,353.58,353.58,353.58
19521124,352.09,352.09,352.09,352.09
19521125,349.80,349.80,349.80,349.80
19521126,343.16,343.16,343.16,343.16
19521127,350.06,350.06,350.06,350.06
19521128,351.45,351.45,351.45,351.45
19521129,351.10,351.10,351.10,351.10
19521201,348.95,348.95,348.95,348.95
19521202,347.19,347.19,347.19,347.19
19521203,343.72,343.72,343.72,343.72
19521204,340.33,340.33,340.33,340.33
19521205,343.60,343.60,343.60,343.60
19521206,347.47,347.47,347.47,347.47
19521208,352.68,352.68,352.68,352.68
19521209,353.81,353.81,353.81,353.81
19521210,355.78,355.78,355.78,355.78
19521211,358.13,358.13,358.13,358.13
19521212,363.29,363.29,363.29,363.29
19521213,365.74,365.74,365.74,365.74
19521215,370.55,370.55,370.55,370.55
19521216,363.81,363.81,363.81,363.81
19521217,364.85,364.85,364.85,364.85
19521218,363.77,363.77,363.77,363.77
19521219,362.05,362.05,362.05,362.05
19521220,360.71,360.71,360.71,360.71
19521222,356.37,356.37,356.37,356.37
19521223,354.31,354.31,354.31,354.31
19521224,355.28,355.28,355.28,355.28
19521225,363.52,363.52,363.52,363.52
19521226,363.91,363.91,363.91,363.91
19521227,362.64,362.64,362.64,362.64
19530105,364.89,364.89,364.89,364.89
19530106,367.38,367.38,367.38,367.38
19530107,369.66,369.66,369.66,369.66
19530108,378.84,378.84,378.84,378.84
19530109,379.23,379.23,379.23,379.23
19530110,382.09,382.09,382.09,382.09
19530112,392.34,392.34,392.34,392.34
19530113,400.95,400.95,400.95,400.95
19530114,405.74,405.74,405.74,405.74
19530116,410.28,410.28,410.28,410.28
19530117,416.73,416.73,416.73,416.73
19530119,424.96,424.96,424.96,424.96
19530120,421.92,421.92,421.92,421.92
19530121,423.77,423.77,423.77,423.77
19530122,429.66,429.66,429.66,429.66
19530123,439.57,439.57,439.57,439.57
19530124,447.42,447.42,447.42,447.42
19530126,445.38,445.38,445.38,445.38
19530127,435.28,435.28,435.28,435.28
19530128,439.87,439.87,439.87,439.87
19530129,446.59,446.59,446.59,446.59
19530130,452.04,452.04,452.04,452.04
19530131,456.43,456.43,456.43,456.43
19530202,455.97,455.97,455.97,455.97
19530203,467.92,467.92,467.92,467.92
19530204,474.43,474.43,474.43,474.43
19530205,471.74,471.74,471.74,471.74
19530206,466.43,466.43,466.43,466.43
19530207,458.82,458.82,458.82,458.82
19530210,461.88,461.88,461.88,461.88
19530211,443.13,443.13,443.13,443.13
19530212,425.92,425.92,425.92,425.92
19530213,409.42,409.42,409.42,409.42
19530214,414.55,414.55,414.55,414.55
19530216,426.59,426.59,426.59,426.59
19530217,433.86,433.86,433.86,433.86
19530218,426.40,426.40,426.40,426.40
19530219,418.20,418.20,418.20,418.20
19530220,421.12,421.12,421.12,421.12
19530221,425.51,425.51,425.51,425.51
19530223,426.00,426.00,426.00,426.00
19530224,419.11,419.11,419.11,419.11
19530225,415.49,415.49,415.49,415.49
19530226,411.06,411.06,411.06,411.06
19530227,400.11,400.11,400.11,400.11
19530228,392.10,392.10,392.10,392.10
19530302,393.14,393.14,393.14,393.14
19530303,384.95,384.95,384.95,384.95
19530304,378.22,378.22,378.22,378.22
19530305,340.41,340.41,340.41,340.41
19530306,361.88,361.88,361.88,361.88
19530307,377.86,377.86,377.86,377.86
19530309,374.14,374.14,374.14,374.14
19530310,375.05,375.05,375.05,375.05
19530311,371.36,371.36,371.36,371.36
19530312,367.44,367.44,367.44,367.44
19530313,369.47,369.47,369.47,369.47
19530314,368.53,368.53,368.53,368.53
19530316,355.29,355.29,355.29,355.29
19530317,355.50,355.50,355.50,355.50
19530318,357.78,357.78,357.78,357.78
19530319,365.41,365.41,365.41,365.41
19530320,370.14,370.14,370.14,370.14
19530323,366.82,366.82,366.82,366.82
19530324,361.00,361.00,361.00,361.00
19530325,352.35,352.35,352.35,352.35
19530326,350.33,350.33,350.33,350.33
19530327,348.43,348.43,348.43,348.43
19530328,341.99,341.99,341.99,341.99
19530330,318.96,318.96,318.96,318.96
19530331,307.05,307.05,307.05,307.05
19530401,295.18,295.18,295.18,295.18
19530402,304.02,304.02,304.02,304.02
19530403,314.52,314.52,314.52,314.52
19530404,319.43,319.43,319.43,319.43
19530406,317.60,317.60,317.60,317.60
19530407,315.50,315.50,315.50,315.50
19530408,313.87,313.87,313.87,313.87
19530409,320.30,320.30,320.30,320.30
19530410,318.33,318.33,318.33,318.33
19530411,316.49,316.49,316.49,316.49
19530413,316.45,316.45,316.45,316.45
19530414,320.04,320.04,320.04,320.04
19530415,333.65,333.65,333.65,333.65
19530416,355.03,355.03,355.03,355.03
19530417,349.85,349.85,349.85,349.85
19530418,353.66,353.66,353.66,353.66
19530420,345.12,345.12,345.12,345.12
19530421,339.66,339.66,339.66,339.66
19530422,335.97,335.97,335.97,335.97
19530423,335.72,335.72,335.72,335.72
19530424,334.89,334.89,334.89,334.89
19530425,340.32,340.32,340.32,340.32
19530427,338.25,338.25,338.25,338.25
19530428,342.19,342.19,342.19,342.19
19530430,339.37,339.37,339.37,339.37
19530501,345.29,345.29,345.29,345.29
19530502,348.32,348.32,348.32,348.32
19530504,355.94,355.94,355.94,355.94
19530506,366.69,366.69,366.69,366.69
19530507,365.49,365.49,365.49,365.49
19530508,364.13,364.13,364.13,364.13
19530509,362.03,362.03,362.03,362.03
19530511,359.56,359.56,359.56,359.56
19530512,361.70,361.70,361.70,361.70
19530513,360.08,360.08,360.08,360.08
19530514,359.62,359.62,359.62,359.62
19530515,357.51,357.51,357.51,357.51
19530516,351.18,351.18,351.18,351.18
19530518,349.43,349.43,349.43,349.43
19530519,349.53,349.53,349.53,349.53
19530520,350.88,350.88,350.88,350.88
19530521,350.15,350.15,350.15,350.15
19530522,348.80,348.80,348.80,348.80
19530523,348.19,348.19,348.19,348.19
19530525,345.46,345.46,345.46,345.46
19530526,337.70,337.70,337.70,337.70
19530527,335.63,335.63,335.63,335.63
19530528,335.05,335.05,335.05,335.05
19530529,333.59,333.59,333.59,333.59
19530530,331.13,331.13,331.13,331.13
19530601,329.34,329.34,329.34,329.34
19530602,323.64,323.64,323.64,323.64
19530603,321.79,321.79,321.79,321.79
19530604,327.99,327.99,327.99,327.99
19530605,324.15,324.15,324.15,324.15
19530606,327.07,327.07,327.07,327.07
19530608,335.34,335.34,335.34,335.34
19530609,338.92,338.92,338.92,338.92
19530610,341.10,341.10,341.10,341.10
19530611,343.36,343.36,343.36,343.36
19530612,347.86,347.86,347.86,347.86
19530613,354.32,354.32,354.32,354.32
19530615,350.35,350.35,350.35,350.35
19530616,345.36,345.36,345.36,345.36
19530617,343.59,343.59,343.59,343.59
19530618,344.30,344.30,344.30,344.30
19530619,346.79,346.79,346.79,346.79
19530620,348.86,348.86,348.86,348.86
19530622,348.78,348.78,348.78,348.78
19530623,345.59,345.59,345.59,345.59
19530624,344.80,344.80,344.80,344.80
19530625,341.48,341.48,341.48,341.48
19530626,340.05,340.05,340.05,340.05
19530627,343.45,343.45,343.45,343.45
19530629,344.41,344.41,344.41,344.41
19530630,346.27,346.27,346.27,346.27
19530701,347.76,347.76,347.76,347.76
19530702,349.20,349.20,349.20,349.20
19530703,348.20,348.20,348.20,348.20
19530704,347.32,347.32,347.32,347.32
19530706,346.87,346.87,346.87,346.87
19530707,345.21,345.21,345.21,345.21
19530708,345.57,345.57,345.57,345.57
19530709,348.08,348.08,348.08,348.08
19530710,348.64,348.64,348.64,348.64
19530711,350.75,350.75,350.75,350.75
19530713,355.02,355.02,355.02,355.02
19530714,356.75,356.75,356.75,356.75
19530715,364.07,364.07,364.07,364.07
19530716,365.46,365.46,365.46,365.46
19530717,361.83,361.83,361.83,361.83
19530718,363.43,363.43,363.43,363.43
19530720,360.41,360.41,360.41,360.41
19530721,359.14,359.14,359.14,359.14
19530722,356.87,356.87,356.87,356.87
19530723,359.45,359.45,359.45,359.45
19530724,361.39,361.39,361.39,361.39
19530725,363.01,363.01,363.01,363.01
19530727,367.10,367.10,367.10,367.10
19530728,371.46,371.46,371.46,371.46
19530729,380.60,380.60,380.60,380.60
19530730,381.32,381.32,381.32,381.32
19530731,386.13,386.13,386.13,386.13
19530801,392.36,392.36,392.36,392.36
19530803,397.08,397.08,397.08,397.08
19530804,393.97,393.97,393.97,393.97
19530805,400.31,400.31,400.31,400.31
19530806,401.07,401.07,401.07,401.07
19530807,400.88,400.88,400.88,400.88
19530808,398.88,398.88,398.88,398.88
19530810,390.44,390.44,390.44,390.44
19530811,390.96,390.96,390.96,390.96
19530812,397.19,397.19,397.19,397.19
19530813,394.23,394.23,394.23,394.23
19530814,391.71,391.71,391.71,391.71
19530815,392.11,392.11,392.11,392.11
19530817,393.58,393.58,393.58,393.58
19530818,397.13,397.13,397.13,397.13
19530819,404.81,404.81,404.81,404.81
19530820,405.57,405.57,405.57,405.57
19530821,403.89,403.89,403.89,403.89
19530822,408.58,408.58,408.58,408.58
19530824,416.05,416.05,416.05,416.05
19530825,412.40,412.40,412.40,412.40
19530826,415.15,415.15,415.15,415.15
19530827,413.14,413.14,413.14,413.14
19530828,415.90,415.90,415.90,415.90
19530829,413.59,413.59,413.59,413.59
19530831,409.47,409.47,409.47,409.47
19530901,406.94,406.94,406.94,406.94
19530902,414.42,414.42,414.42,414.42
19530903,418.05,418.05,418.05,418.05
19530904,425.58,425.58,425.58,425.58
19530905,425.94,425.94,425.94,425.94
19530907,433.38,433.38,433.38,433.38
19530908,435.23,435.23,435.23,435.23
19530909,431.81,431.81,431.81,431.81
19530910,433.92,433.92,433.92,433.92
19530911,436.99,436.99,436.99,436.99
19530912,437.67,437.67,437.67,437.67
19530914,432.41,432.41,432.41,432.41
19530915,429.98,429.98,429.98,429.98
19530916,416.65,416.65,416.65,416.65
19530917,420.48,420.48,420.48,420.48
19530918,420.99,420.99,420.99,420.99
19530919,423.89,423.89,423.89,423.89
19530921,426.68,426.68,426.68,426.68
19530922,428.97,428.97,428.97,428.97
19530924,432.92,432.92,432.92,432.92
19530925,429.50,429.50,429.50,429.50
19530926,435.73,435.73,435.73,435.73
19530928,442.02,442.02,442.02,442.02
19530929,448.77,448.77,448.77,448.77
19530930,450.87,450.87,450.87,450.87
19531001,448.75,448.75,448.75,448.75
19531002,449.01,449.01,449.01,449.01
19531003,448.64,448.64,448.64,448.64
19531005,442.54,442.54,442.54,442.54
19531006,444.09,444.09,444.09,444.09
19531007,442.16,442.16,442.16,442.16
19531008,439.03,439.03,439.03,439.03
19531009,442.49,442.49,442.49,442.49
19531010,443.50,443.50,443.50,443.50
19531012,440.19,440.19,440.19,440.19
19531013,439.79,439.79,439.79,439.79
19531014,442.05,442.05,442.05,442.05
19531015,439.95,439.95,439.95,439.95
19531016,432.54,432.54,432.54,432.54
19531017,431.94,431.94,431.94,431.94
19531019,429.04,429.04,429.04,429.04
19531020,421.12,421.12,421.12,421.12
19531021,424.93,424.93,424.93,424.93
19531022,429.02,429.02,429.02,429.02
19531023,431.20,431.20,431.20,431.20
19531024,431.97,431.97,431.97,431.97
19531026,424.49,424.49,424.49,424.49
19531027,424.33,424.33,424.33,424.33
19531028,429.13,429.13,429.13,429.13
19531029,427.54,427.54,427.54,427.54
19531030,427.68,427.68,427.68,427.68
19531031,434.79,434.79,434.79,434.79
19531102,440.19,440.19,440.19,440.19
19531104,438.98,438.98,438.98,438.98
19531105,436.61,436.61,436.61,436.61
19531106,433.26,433.26,433.26,433.26
19531107,433.09,433.09,433.09,433.09
19531109,429.57,429.57,429.57,429.57
19531110,429.17,429.17,429.17,429.17
19531111,428.74,428.74,428.74,428.74
19531112,432.25,432.25,432.25,432.25
19531113,432.05,432.05,432.05,432.05
19531114,431.01,431.01,431.01,431.01
19531116,421.98,421.98,421.98,421.98
19531117,423.36,423.36,423.36,423.36
19531118,418.26,418.26,418.26,418.26
19531119,419.07,419.07,419.07,419.07
19531120,418.85,418.85,418.85,418.85
19531121,417.79,417.79,417.79,417.79
19531124,414.12,414.12,414.12,414.12
19531125,407.44,407.44,407.44,407.44
19531126,414.49,414.49,414.49,414.49
19531127,420.39,420.39,420.39,420.39
19531128,423.93,423.93,423.93,423.93
19531130,423.06,423.06,423.06,423.06
19531201,420.91,420.91,420.91,420.91
19531202,421.74,421.74,421.74,421.74
19531203,420.35,420.35,420.35,420.35
19531204,420.14,420.14,420.14,420.14
19531205,418.36,418.36,418.36,418.36
19531207,415.66,415.66,415.66,415.66
19531208,415.86,415.86,415.86,415.86
19531209,417.83,417.83,417.83,417.83
19531210,417.55,417.55,417.55,417.55
19531211,417.72,417.72,417.72,417.72
19531212,420.00,420.00,420.00,420.00
19531214,420.65,420.65,420.65,420.65
19531215,417.68,417.68,417.68,417.68
19531216,415.44,415.44,415.44,415.44
19531217,410.94,410.94,410.94,410.94
19531218,407.90,407.90,407.90,407.90
19531219,407.00,407.00,407.00,407.00
19531221,402.15,402.15,402.15,402.15
19531222,403.00,403.00,403.00,403.00
19531223,405.23,405.23,405.23,405.23
19531224,402.98,402.98,402.98,402.98
19531225,397.18,397.18,397.18,397.18
19531226,391.19,391.19,391.19,391.19
19531228,377.95,377.95,377.95,377.95
19540104,362.88,362.88,362.88,362.88
19540105,363.24,363.24,363.24,363.24
19540106,363.82,363.82,363.82,363.82
19540107,366.31,366.31,366.31,366.31
19540108,375.22,375.22,375.22,375.22
19540109,374.43,374.43,374.43,374.43
19540111,377.27,377.27,377.27,377.27
19540112,375.19,375.19,375.19,375.19
19540113,370.93,370.93,370.93,370.93
19540114,363.38,363.38,363.38,363.38
19540116,360.80,360.80,360.80,360.80
19540118,359.73,359.73,359.73,359.73
19540119,356.96,356.96,356.96,356.96
19540120,352.69,352.69,352.69,352.69
19540121,351.07,351.07,351.07,351.07
19540122,350.04,350.04,350.04,350.04
19540123,352.30,352.30,352.30,352.30
19540125,354.54,354.54,354.54,354.54
19540126,357.58,357.58,357.58,357.58
19540127,360.10,360.10,360.10,360.10
19540128,358.04,358.04,358.04,358.04
19540129,355.19,355.19,355.19,355.19
19540130,352.66,352.66,352.66,352.66
19540201,354.50,354.50,354.50,354.50
19540202,357.71,357.71,357.71,357.71
19540203,356.17,356.17,356.17,356.17
19540204,357.19,357.19,357.19,357.19
19540205,356.75,356.75,356.75,356.75
19540206,359.23,359.23,359.23,359.23
19540208,362.03,362.03,362.03,362.03
19540209,366.36,366.36,366.36,366.36
19540210,367.32,367.32,367.32,367.32
19540211,369.38,369.38,369.38,369.38
19540212,368.18,368.18,368.18,368.18
19540213,367.41,367.41,367.41,367.41
19540215,365.66,365.66,365.66,365.66
19540216,366.75,366.75,366.75,366.75
19540217,367.09,367.09,367.09,367.09
19540218,366.00,366.00,366.00,366.00
19540219,362.38,362.38,362.38,362.38
19540220,359.76,359.76,359.76,359.76
19540222,355.35,355.35,355.35,355.35
19540223,352.86,352.86,352.86,352.86
19540224,354.09,354.09,354.09,354.09
19540225,355.55,355.55,355.55,355.55
19540226,353.21,353.21,353.21,353.21
19540227,352.51,352.51,352.51,352.51
19540301,349.65,349.65,349.65,349.65
19540302,349.03,349.03,349.03,349.03
19540303,351.31,351.31,351.31,351.31
19540304,350.46,350.46,350.46,350.46
19540305,349.22,349.22,349.22,349.22
19540306,349.20,349.20,349.20,349.20
19540308,348.90,348.90,348.90,348.90
19540309,347.94,347.94,347.94,347.94
19540310,345.16,345.16,345.16,345.16
19540311,340.83,340.83,340.83,340.83
19540312,340.17,340.17,340.17,340.17
19540313,341.11,341.11,341.11,341.11
19540315,338.75,338.75,338.75,338.75
19540316,334.32,334.32,334.32,334.32
19540317,329.76,329.76,329.76,329.76
19540318,327.82,327.82,327.82,327.82
19540319,319.99,319.99,319.99,319.99
19540320,319.26,319.26,319.26,319.26
19540322,314.08,314.08,314.08,314.08
19540323,320.89,320.89,320.89,320.89
19540324,332.44,332.44,332.44,332.44
19540325,332.24,332.24,332.24,332.24
19540326,333.76,333.76,333.76,333.76
19540327,333.34,333.34,333.34,333.34
19540329,329.39,329.39,329.39,329.39
19540330,324.18,324.18,324.18,324.18
19540331,322.99,322.99,322.99,322.99
19540401,322.69,322.69,322.69,322.69
19540402,317.79,317.79,317.79,317.79
19540403,318.64,318.64,318.64,318.64
19540405,317.62,317.62,317.62,317.62
19540406,316.22,316.22,316.22,316.22
19540407,318.25,318.25,318.25,318.25
19540408,323.93,323.93,323.93,323.93
19540409,327.85,327.85,327.85,327.85
19540410,327.83,327.83,327.83,327.83
19540412,326.56,326.56,326.56,326.56
19540413,328.16,328.16,328.16,328.16
19540414,327.18,327.18,327.18,327.18
19540415,325.91,325.91,325.91,325.91
19540416,327.55,327.55,327.55,327.55
19540417,327.81,327.81,327.81,327.81
19540419,330.13,330.13,330.13,330.13
19540420,335.65,335.65,335.65,335.65
19540421,339.30,339.30,339.30,339.30
19540422,343.17,343.17,343.17,343.17
19540423,351.53,351.53,351.53,351.53
19540424,348.53,348.53,348.53,348.53
19540426,347.03,347.03,347.03,347.03
19540427,351.67,351.67,351.67,351.67
19540428,351.52,351.52,351.52,351.52
19540430,345.63,345.63,345.63,345.63
19540501,344.78,344.78,344.78,344.78
19540504,344.30,344.30,344.30,344.30
19540506,338.44,338.44,338.44,338.44
19540507,337.91,337.91,337.91,337.91
19540508,336.55,336.55,336.55,336.55
19540510,333.90,333.90,333.90,333.90
19540511,332.78,332.78,332.78,332.78
19540512,331.69,331.69,331.69,331.69
19540513,331.18,331.18,331.18,331.18
19540514,327.43,327.43,327.43,327.43
19540515,326.59,326.59,326.59,326.59
19540517,325.37,325.37,325.37,325.37
19540518,323.92,323.92,323.92,323.92
19540519,323.99,323.99,323.99,323.99
19540520,325.47,325.47,325.47,325.47
19540521,324.84,324.84,324.84,324.84
19540522,323.05,323.05,323.05,323.05
19540524,320.84,320.84,320.84,320.84
19540525,321.06,321.06,321.06,321.06
19540526,321.38,321.38,321.38,321.38
19540527,321.83,321.83,321.83,321.83
19540528,321.96,321.96,321.96,321.96
19540529,325.48,325.48,325.48,325.48
19540531,325.82,325.82,325.82,325.82
19540601,326.39,326.39,326.39,326.39
19540602,324.69,324.69,324.69,324.69
19540603,325.03,325.03,325.03,325.03
19540604,323.68,323.68,323.68,323.68
19540605,323.44,323.44,323.44,323.44
19540607,322.75,322.75,322.75,322.75
19540608,325.41,325.41,325.41,325.41
19540609,324.84,324.84,324.84,324.84
19540610,327.49,327.49,327.49,327.49
19540611,327.33,327.33,327.33,327.33
19540612,328.66,328.66,328.66,328.66
19540614,334.00,334.00,334.00,334.00
19540615,336.88,336.88,336.88,336.88
19540616,344.50,344.50,344.50,344.50
19540617,342.82,342.82,342.82,342.82
19540618,343.21,343.21,343.21,343.21
19540619,347.37,347.37,347.37,347.37
19540621,347.88,347.88,347.88,347.88
19540622,343.66,343.66,343.66,343.66
19540623,345.13,345.13,345.13,345.13
19540624,345.00,345.00,345.00,345.00
19540625,342.73,342.73,342.73,342.73
19540626,341.92,341.92,341.92,341.92
19540628,343.42,343.42,343.42,343.42
19540629,343.63,343.63,343.63,343.63
19540630,348.09,348.09,348.09,348.09
19540701,352.86,352.86,352.86,352.86
19540702,352.26,352.26,352.26,352.26
19540703,352.10,352.10,352.10,352.10
19540705,352.27,352.27,352.27,352.27
19540706,350.52,350.52,350.52,350.52
19540707,349.86,349.86,349.86,349.86
19540708,345.38,345.38,345.38,345.38
19540709,345.75,345.75,345.75,345.75
19540710,345.53,345.53,345.53,345.53
19540712,344.34,344.34,344.34,344.34
19540713,343.60,343.60,343.60,343.60
19540714,340.35,340.35,340.35,340.35
19540715,340.61,340.61,340.61,340.61
19540716,340.22,340.22,340.22,340.22
19540717,341.47,341.47,341.47,341.47
19540719,341.70,341.70,341.70,341.70
19540720,340.51,340.51,340.51,340.51
19540721,337.03,337.03,337.03,337.03
19540722,334.02,334.02,334.02,334.02
19540723,332.29,332.29,332.29,332.29
19540724,331.22,331.22,331.22,331.22
19540726,331.03,331.03,331.03,331.03
19540727,331.85,331.85,331.85,331.85
19540728,329.47,329.47,329.47,329.47
19540729,330.17,330.17,330.17,330.17
19540730,329.22,329.22,329.22,329.22
19540731,331.93,331.93,331.93,331.93
19540802,330.81,330.81,330.81,330.81
19540803,332.35,332.35,332.35,332.35
19540804,331.56,331.56,331.56,331.56
19540805,330.83,330.83,330.83,330.83
19540806,329.93,329.93,329.93,329.93
19540807,329.51,329.51,329.51,329.51
19540809,329.44,329.44,329.44,329.44
19540810,334.67,334.67,334.67,334.67
19540811,337.61,337.61,337.61,337.61
19540812,340.09,340.09,340.09,340.09
19540813,341.12,341.12,341.12,341.12
19540814,343.47,343.47,343.47,343.47
19540816,343.39,343.39,343.39,343.39
19540817,341.98,341.98,341.98,341.98
19540818,342.26,342.26,342.26,342.26
19540819,347.39,347.39,347.39,347.39
19540820,347.25,347.25,347.25,347.25
19540821,346.14,346.14,346.14,346.14
19540823,345.30,345.30,345.30,345.30
19540824,345.53,345.53,345.53,345.53
19540825,342.28,342.28,342.28,342.28
19540826,339.60,339.60,339.60,339.60
19540827,340.85,340.85,340.85,340.85
19540828,342.86,342.86,342.86,342.86
19540830,339.92,339.92,339.92,339.92
19540831,345.02,345.02,345.02,345.02
19540901,351.27,351.27,351.27,351.27
19540902,352.73,352.73,352.73,352.73
19540903,352.08,352.08,352.08,352.08
19540904,353.36,353.36,353.36,353.36
19540906,352.62,352.62,352.62,352.62
19540907,350.03,350.03,350.03,350.03
19540908,350.29,350.29,350.29,350.29
19540909,351.11,351.11,351.11,351.11
19540910,350.99,350.99,350.99,350.99
19540911,350.08,350.08,350.08,350.08
19540913,347.40,347.40,347.40,347.40
19540914,350.19,350.19,350.19,350.19
19540915,354.35,354.35,354.35,354.35
19540916,358.67,358.67,358.67,358.67
19540917,355.72,355.72,355.72,355.72
19540918,358.58,358.58,358.58,358.58
19540920,358.70,358.70,358.70,358.70
19540921,357.63,357.63,357.63,357.63
19540922,356.70,356.70,356.70,356.70
19540924,354.91,354.91,354.91,354.91
19540925,354.17,354.17,354.17,354.17
19540927,347.92,347.92,347.92,347.92
19540928,348.21,348.21,348.21,348.21
19540929,349.91,349.91,349.91,349.91
19540930,351.33,351.33,351.33,351.33
19541001,350.74,350.74,350.74,350.74
19541002,351.79,351.79,351.79,351.79
19541004,350.85,350.85,350.85,350.85
19541005,348.68,348.68,348.68,348.68
19541006,346.23,346.23,346.23,346.23
19541007,347.61,347.61,347.61,347.61
19541008,346.91,346.91,346.91,346.91
19541009,347.51,347.51,347.51,347.51
19541011,348.09,348.09,348.09,348.09
19541012,344.03,344.03,344.03,344.03
19541013,341.78,341.78,341.78,341.78
19541014,342.74,342.74,342.74,342.74
19541015,340.55,340.55,340.55,340.55
19541016,339.62,339.62,339.62,339.62
19541018,337.80,337.80,337.80,337.80
19541019,335.31,335.31,335.31,335.31
19541020,333.57,333.57,333.57,333.57
19541021,334.59,334.59,334.59,334.59
19541022,333.91,333.91,333.91,333.91
19541023,334.09,334.09,334.09,334.09
19541025,333.49,333.49,333.49,333.49
19541027,333.19,333.19,333.19,333.19
19541028,332.28,332.28,332.28,332.28
19541029,329.04,329.04,329.04,329.04
19541030,328.19,328.19,328.19,328.19
19541101,330.05,330.05,330.05,330.05
19541102,330.37,330.37,330.37,330.37
19541104,329.72,329.72,329.72,329.72
19541105,328.03,328.03,328.03,328.03
19541106,328.15,328.15,328.15,328.15
19541108,327.41,327.41,327.41,327.41
19541109,325.49,325.49,325.49,325.49
19541110,321.12,321.12,321.12,321.12
19541111,319.63,319.63,319.63,319.63
19541112,317.53,317.53,317.53,317.53
19541113,315.61,315.61,315.61,315.61
19541115,316.75,316.75,316.75,316.75
19541116,320.00,320.00,320.00,320.00
19541117,323.61,323.61,323.61,323.61
19541118,321.75,321.75,321.75,321.75
19541119,321.53,321.53,321.53,321.53
19541120,321.02,321.02,321.02,321.02
19541122,322.53,322.53,322.53,322.53
19541124,328.36,328.36,328.36,328.36
19541125,332.89,332.89,332.89,332.89
19541126,326.85,326.85,326.85,326.85
19541127,326.92,326.92,326.92,326.92
19541129,326.11,326.11,326.11,326.11
19541130,326.85,326.85,326.85,326.85
19541201,326.12,326.12,326.12,326.12
19541202,323.86,323.86,323.86,323.86
19541203,324.83,324.83,324.83,324.83
19541204,325.06,325.06,325.06,325.06
19541206,326.90,326.90,326.90,326.90
19541207,337.57,337.57,337.57,337.57
19541208,341.69,341.69,341.69,341.69
19541209,344.68,344.68,344.68,344.68
19541210,340.17,340.17,340.17,340.17
19541211,337.77,337.77,337.77,337.77
19541213,337.07,337.07,337.07,337.07
19541214,336.20,336.20,336.20,336.20
19541215,333.77,333.77,333.77,333.77
19541216,331.84,331.84,331.84,331.84
19541217,333.09,333.09,333.09,333.09
19541218,333.77,333.77,333.77,333.77
19541220,333.21,333.21,333.21,333.21
19541221,335.27,335.27,335.27,335.27
19541222,337.97,337.97,337.97,337.97
19541223,343.26,343.26,343.26,343.26
19541224,347.53,347.53,347.53,347.53
19541225,351.12,351.12,351.12,351.12
19541227,352.57,352.57,352.57,352.57
19541228,356.09,356.09,356.09,356.09
19550104,361.10,361.10,361.10,361.10
19550105,361.26,361.26,361.26,361.26
19550106,366.93,366.93,366.93,366.93
19550107,365.84,365.84,365.84,365.84
19550108,370.37,370.37,370.37,370.37
19550110,378.76,378.76,378.76,378.76
19550111,376.70,376.70,376.70,376.70
19550112,374.80,374.80,374.80,374.80
19550113,370.86,370.86,370.86,370.86
19550114,372.92,372.92,372.92,372.92
19550117,372.49,372.49,372.49,372.49
19550118,368.98,368.98,368.98,368.98
19550119,365.85,365.85,365.85,365.85
19550120,368.84,368.84,368.84,368.84
19550121,371.04,371.04,371.04,371.04
19550122,372.77,372.77,372.77,372.77
19550124,376.26,376.26,376.26,376.26
19550125,375.64,375.64,375.64,375.64
19550126,374.37,374.37,374.37,374.37
19550127,372.80,372.80,372.80,372.80
19550128,370.78,370.78,370.78,370.78
19550129,368.26,368.26,368.26,368.26
19550131,369.45,369.45,369.45,369.45
19550201,371.61,371.61,371.61,371.61
19550202,375.85,375.85,375.85,375.85
19550203,376.79,376.79,376.79,376.79
19550204,375.34,375.34,375.34,375.34
19550205,377.55,377.55,377.55,377.55
19550207,378.34,378.34,378.34,378.34
19550208,374.20,374.20,374.20,374.20
19550209,380.28,380.28,380.28,380.28
19550210,380.46,380.46,380.46,380.46
19550211,379.07,379.07,379.07,379.07
19550212,380.12,380.12,380.12,380.12
19550214,376.76,376.76,376.76,376.76
19550215,374.63,374.63,374.63,374.63
19550216,375.90,375.90,375.90,375.90
19550217,376.09,376.09,376.09,376.09
19550218,375.03,375.03,375.03,375.03
19550219,374.64,374.64,374.64,374.64
19550221,374.47,374.47,374.47,374.47
19550222,371.14,371.14,371.14,371.14
19550223,372.31,372.31,372.31,372.31
19550224,369.78,369.78,369.78,369.78
19550225,368.24,368.24,368.24,368.24
19550226,370.18,370.18,370.18,370.18
19550228,366.99,366.99,366.99,366.99
19550301,362.60,362.60,362.60,362.60
19550302,362.28,362.28,362.28,362.28
19550303,360.40,360.40,360.40,360.40
19550304,357.65,357.65,357.65,357.65
19550305,353.01,353.01,353.01,353.01
19550307,353.80,353.80,353.80,353.80
19550308,355.99,355.99,355.99,355.99
19550309,356.45,356.45,356.45,356.45
19550310,357.15,357.15,357.15,357.15
19550311,356.88,356.88,356.88,356.88
19550312,357.25,357.25,357.25,357.25
19550314,357.33,357.33,357.33,357.33
19550315,356.31,356.31,356.31,356.31
19550316,355.37,355.37,355.37,355.37
19550317,354.78,354.78,354.78,354.78
19550318,353.76,353.76,353.76,353.76
19550319,353.52,353.52,353.52,353.52
19550322,351.23,351.23,351.23,351.23
19550323,350.05,350.05,350.05,350.05
19550324,350.88,350.88,350.88,350.88
19550325,354.36,354.36,354.36,354.36
19550326,354.69,354.69,354.69,354.69
19550328,346.08,346.08,346.08,346.08
19550329,349.19,349.19,349.19,349.19
19550330,349.36,349.36,349.36,349.36
19550331,351.50,351.50,351.50,351.50
19550401,352.31,352.31,352.31,352.31
19550402,354.63,354.63,354.63,354.63
19550404,353.41,353.41,353.41,353.41
19550405,351.97,351.97,351.97,351.97
19550406,350.70,350.70,350.70,350.70
19550407,350.62,350.62,350.62,350.62
19550408,349.95,349.95,349.95,349.95
19550409,350.25,350.25,350.25,350.25
19550411,352.00,352.00,352.00,352.00
19550412,353.43,353.43,353.43,353.43
19550413,354.85,354.85,354.85,354.85
19550414,355.93,355.93,355.93,355.93
19550415,354.98,354.98,354.98,354.98
19550416,354.66,354.66,354.66,354.66
19550418,353.63,353.63,353.63,353.63
19550419,352.68,352.68,352.68,352.68
19550420,351.85,351.85,351.85,351.85
19550421,350.03,350.03,350.03,350.03
19550422,350.85,350.85,350.85,350.85
19550423,350.92,350.92,350.92,350.92
19550425,349.76,349.76,349.76,349.76
19550426,347.25,347.25,347.25,347.25
19550427,345.89,345.89,345.89,345.89
19550428,346.19,346.19,346.19,346.19
19550430,345.98,345.98,345.98,345.98
19550502,345.96,345.96,345.96,345.96
19550504,347.68,347.68,347.68,347.68
19550506,349.66,349.66,349.66,349.66
19550507,352.51,352.51,352.51,352.51
19550509,352.43,352.43,352.43,352.43
19550510,351.32,351.32,351.32,351.32
19550511,348.74,348.74,348.74,348.74
19550512,349.04,349.04,349.04,349.04
19550513,350.32,350.32,350.32,350.32
19550514,352.28,352.28,352.28,352.28
19550516,351.77,351.77,351.77,351.77
19550517,350.23,350.23,350.23,350.23
19550518,350.82,350.82,350.82,350.82
19550519,350.98,350.98,350.98,350.98
19550520,351.20,351.20,351.20,351.20
19550521,351.21,351.21,351.21,351.21
19550523,349.89,349.89,349.89,349.89
19550524,349.49,349.49,349.49,349.49
19550525,347.96,347.96,347.96,347.96
19550526,347.57,347.57,347.57,347.57
19550527,347.69,347.69,347.69,347.69
19550528,348.58,348.58,348.58,348.58
19550530,348.60,348.60,348.60,348.60
19550531,349.93,349.93,349.93,349.93
19550601,353.19,353.19,353.19,353.19
19550602,354.21,354.21,354.21,354.21
19550603,358.11,358.11,358.11,358.11
19550604,359.21,359.21,359.21,359.21
19550606,358.41,358.41,358.41,358.41
19550607,360.86,360.86,360.86,360.86
19550608,360.78,360.78,360.78,360.78
19550609,361.20,361.20,361.20,361.20
19550610,360.06,360.06,360.06,360.06
19550611,359.22,359.22,359.22,359.22
19550613,354.44,354.44,354.44,354.44
19550614,354.35,354.35,354.35,354.35
19550615,352.87,352.87,352.87,352.87
19550616,352.96,352.96,352.96,352.96
19550617,354.30,354.30,354.30,354.30
19550618,354.98,354.98,354.98,354.98
19550620,353.47,353.47,353.47,353.47
19550621,353.18,353.18,353.18,353.18
19550622,351.37,351.37,351.37,351.37
19550623,350.77,350.77,350.77,350.77
19550624,348.05,348.05,348.05,348.05
19550625,349.76,349.76,349.76,349.76
19550627,350.26,350.26,350.26,350.26
19550628,348.82,348.82,348.82,348.82
19550629,348.91,348.91,348.91,348.91
19550630,352.47,352.47,352.47,352.47
19550701,352.14,352.14,352.14,352.14
19550702,354.48,354.48,354.48,354.48
19550704,353.78,353.78,353.78,353.78
19550705,353.82,353.82,353.82,353.82
19550706,355.23,355.23,355.23,355.23
19550707,356.79,356.79,356.79,356.79
19550708,357.46,357.46,357.46,357.46
19550709,357.50,357.50,357.50,357.50
19550711,356.85,356.85,356.85,356.85
19550712,356.53,356.53,356.53,356.53
19550713,354.07,354.07,354.07,354.07
19550714,353.89,353.89,353.89,353.89
19550715,354.84,354.84,354.84,354.84
19550716,354.78,354.78,354.78,354.78
19550718,353.49,353.49,353.49,353.49
19550719,352.17,352.17,352.17,352.17
19550720,351.92,351.92,351.92,351.92
19550721,351.52,351.52,351.52,351.52
19550722,351.25,351.25,351.25,351.25
19550723,352.21,352.21,352.21,352.21
19550725,353.42,353.42,353.42,353.42
19550726,355.40,355.40,355.40,355.40
19550727,356.70,356.70,356.70,356.70
19550728,361.64,361.64,361.64,361.64
19550729,365.69,365.69,365.69,365.69
19550730,366.90,366.90,366.90,366.90
19550801,365.67,365.67,365.67,365.67
19550802,367.22,367.22,367.22,367.22
19550803,367.37,367.37,367.37,367.37
19550804,370.49,370.49,370.49,370.49
19550805,370.29,370.29,370.29,370.29
19550806,369.06,369.06,369.06,369.06
19550808,368.40,368.40,368.40,368.40
19550809,369.09,369.09,369.09,369.09
19550810,370.19,370.19,370.19,370.19
19550811,372.98,372.98,372.98,372.98
19550812,375.54,375.54,375.54,375.54
19550813,377.66,377.66,377.66,377.66
19550815,378.13,378.13,378.13,378.13
19550816,381.07,381.07,381.07,381.07
19550817,380.28,380.28,380.28,380.28
19550818,379.09,379.09,379.09,379.09
19550819,382.41,382.41,382.41,382.41
19550820,383.85,383.85,383.85,383.85
19550822,383.19,383.19,383.19,383.19
19550823,382.05,382.05,382.05,382.05
19550824,383.71,383.71,383.71,383.71
19550825,387.24,387.24,387.24,387.24
19550826,387.16,387.16,387.16,387.16
19550827,384.99,384.99,384.99,384.99
19550829,383.11,383.11,383.11,383.11
19550830,384.57,384.57,384.57,384.57
19550831,387.12,387.12,387.12,387.12
19550901,387.46,387.46,387.46,387.46
19550902,389.92,389.92,389.92,389.92
19550903,389.15,389.15,389.15,389.15
19550905,386.54,386.54,386.54,386.54
19550906,384.18,384.18,384.18,384.18
19550907,384.00,384.00,384.00,384.00
19550908,384.34,384.34,384.34,384.34
19550909,383.13,383.13,383.13,383.13
19550910,383.38,383.38,383.38,383.38
19550912,383.55,383.55,383.55,383.55
19550913,385.64,385.64,385.64,385.64
19550914,386.36,386.36,386.36,386.36
19550915,387.20,387.20,387.20,387.20
19550916,389.84,389.84,389.84,389.84
19550917,392.01,392.01,392.01,392.01
19550919,389.66,389.66,389.66,389.66
19550920,388.79,388.79,388.79,388.79
19550921,388.94,388.94,388.94,388.94
19550922,387.18,387.18,387.18,387.18
19550923,386.45,386.45,386.45,386.45
19550926,385.39,385.39,385.39,385.39
19550927,379.14,379.14,379.14,379.14
19550928,380.11,380.11,380.11,380.11
19550929,383.21,383.21,383.21,383.21
19550930,388.42,388.42,388.42,388.42
19551001,387.35,387.35,387.35,387.35
19551003,385.57,385.57,385.57,385.57
19551004,387.07,387.07,387.07,387.07
19551005,389.83,389.83,389.83,389.83
19551006,394.56,394.56,394.56,394.56
19551007,397.57,397.57,397.57,397.57
19551008,398.46,398.46,398.46,398.46
19551010,397.34,397.34,397.34,397.34
19551011,395.69,395.69,395.69,395.69
19551012,401.26,401.26,401.26,401.26
19551013,403.12,403.12,403.12,403.12
19551014,402.44,402.44,402.44,402.44
19551015,403.28,403.28,403.28,403.28
19551017,407.19,407.19,407.19,407.19
19551018,408.35,408.35,408.35,408.35
19551019,409.88,409.88,409.88,409.88
19551020,410.29,410.29,410.29,410.29
19551021,408.00,408.00,408.00,408.00
19551022,406.70,406.70,406.70,406.70
19551024,405.81,405.81,405.81,405.81
19551025,404.57,404.57,404.57,404.57
19551026,404.34,404.34,404.34,404.34
19551027,404.05,404.05,404.05,404.05
19551028,406.87,406.87,406.87,406.87
19551029,409.33,409.33,409.33,409.33
19551031,409.17,409.17,409.17,409.17
19551101,410.36,410.36,410.36,410.36
19551102,408.49,408.49,408.49,408.49
19551104,405.67,405.67,405.67,405.67
19551105,404.97,404.97,404.97,404.97
19551107,406.34,406.34,406.34,406.34
19551108,406.18,406.18,406.18,406.18
19551109,400.03,400.03,400.03,400.03
19551110,396.84,396.84,396.84,396.84
19551111,401.24,401.24,401.24,401.24
19551112,403.06,403.06,403.06,403.06
19551114,402.44,402.44,402.44,402.44
19551115,401.44,401.44,401.44,401.44
19551116,399.25,399.25,399.25,399.25
19551117,400.56,400.56,400.56,400.56
19551118,400.49,400.49,400.49,400.49
19551119,401.70,401.70,401.70,401.70
19551121,402.53,402.53,402.53,402.53
19551122,403.01,403.01,403.01,403.01
19551124,401.68,401.68,401.68,401.68
19551125,398.89,398.89,398.89,398.89
19551126,398.16,398.16,398.16,398.16
19551128,394.88,394.88,394.88,394.88
19551129,395.30,395.30,395.30,395.30
19551130,393.28,393.28,393.28,393.28
19551201,398.11,398.11,398.11,398.11
19551202,399.88,399.88,399.88,399.88
19551203,401.34,401.34,401.34,401.34
19551205,402.09,402.09,402.09,402.09
19551206,401.96,401.96,401.96,401.96
19551207,401.22,401.22,401.22,401.22
19551208,402.42,402.42,402.42,402.42
19551209,405.24,405.24,405.24,405.24
19551210,407.15,407.15,407.15,407.15
19551212,407.03,407.03,407.03,407.03
19551213,409.06,409.06,409.06,409.06
19551214,410.43,410.43,410.43,410.43
19551215,410.64,410.64,410.64,410.64
19551216,410.63,410.63,410.63,410.63
19551217,412.09,412.09,412.09,412.09
19551219,412.91,412.91,412.91,412.91
19551220,413.89,413.89,413.89,413.89
19551221,412.77,412.77,412.77,412.77
19551222,412.76,412.76,412.76,412.76
19551223,415.20,415.20,415.20,415.20
19551224,417.12,417.12,417.12,417.12
19551226,423.19,423.19,423.19,423.19
19551227,422.68,422.68,422.68,422.68
19551228,425.69,425.69,425.69,425.69
19560104,428.59,428.59,428.59,428.59
19560105,427.89,427.89,427.89,427.89
19560106,430.57,430.57,430.57,430.57
19560107,428.17,428.17,428.17,428.17
19560109,423.26,423.26,423.26,423.26
19560110,426.73,426.73,426.73,426.73
19560111,426.87,426.87,426.87,426.87
19560112,427.38,427.38,427.38,427.38
19560113,427.31,427.31,427.31,427.31
19560114,427.80,427.80,427.80,427.80
19560116,428.08,428.08,428.08,428.08
19560117,429.02,429.02,429.02,429.02
19560118,431.14,431.14,431.14,431.14
19560119,431.60,431.60,431.60,431.60
19560120,427.33,427.33,427.33,427.33
19560121,425.91,425.91,425.91,425.91
19560123,424.10,424.10,424.10,424.10
19560124,422.09,422.09,422.09,422.09
19560125,420.14,420.14,420.14,420.14
19560126,422.70,422.70,422.70,422.70
19560127,423.85,423.85,423.85,423.85
19560128,425.27,425.27,425.27,425.27
19560130,424.25,424.25,424.25,424.25
19560131,423.46,423.46,423.46,423.46
19560201,425.84,425.84,425.84,425.84
19560202,427.93,427.93,427.93,427.93
19560203,430.64,430.64,430.64,430.64
19560204,430.47,430.47,430.47,430.47
19560206,430.30,430.30,430.30,430.30
19560207,428.02,428.02,428.02,428.02
19560208,425.99,425.99,425.99,425.99
19560209,427.14,427.14,427.14,427.14
19560210,427.57,427.57,427.57,427.57
19560211,427.87,427.87,427.87,427.87
19560213,426.15,426.15,426.15,426.15
19560214,423.62,423.62,423.62,423.62
19560215,422.50,422.50,422.50,422.50
19560216,423.97,423.97,423.97,423.97
19560217,426.95,426.95,426.95,426.95
19560218,429.54,429.54,429.54,429.54
19560220,430.56,430.56,430.56,430.56
19560221,430.98,430.98,430.98,430.98
19560222,433.38,433.38,433.38,433.38
19560223,433.17,433.17,433.17,433.17
19560224,433.53,433.53,433.53,433.53
19560225,434.46,434.46,434.46,434.46
19560227,435.18,435.18,435.18,435.18
19560228,437.61,437.61,437.61,437.61
19560229,439.39,439.39,439.39,439.39
19560301,441.78,441.78,441.78,441.78
19560302,441.58,441.58,441.58,441.58
19560303,441.57,441.57,441.57,441.57
19560305,440.43,440.43,440.43,440.43
19560306,440.17,440.17,440.17,440.17
19560307,441.74,441.74,441.74,441.74
19560308,444.47,444.47,444.47,444.47
19560309,444.68,444.68,444.68,444.68
19560310,444.70,444.70,444.70,444.70
19560312,443.22,443.22,443.22,443.22
19560313,442.62,442.62,442.62,442.62
19560314,443.41,443.41,443.41,443.41
19560315,443.01,443.01,443.01,443.01
19560316,442.85,442.85,442.85,442.85
19560317,443.09,443.09,443.09,443.09
19560319,442.55,442.55,442.55,442.55
19560320,442.01,442.01,442.01,442.01
19560322,441.28,441.28,441.28,441.28
19560323,440.83,440.83,440.83,440.83
19560324,442.32,442.32,442.32,442.32
19560326,444.25,444.25,444.25,444.25
19560327,447.12,447.12,447.12,447.12
19560328,448.69,448.69,448.69,448.69
19560329,450.21,450.21,450.21,450.21
19560330,454.56,454.56,454.56,454.56
19560331,458.58,458.58,458.58,458.58
19560402,462.41,462.41,462.41,462.41
19560403,463.85,463.85,463.85,463.85
19560404,458.74,458.74,458.74,458.74
19560405,461.72,461.72,461.72,461.72
19560406,464.40,464.40,464.40,464.40
19560407,465.04,465.04,465.04,465.04
19560409,468.07,468.07,468.07,468.07
19560410,467.69,467.69,467.69,467.69
19560411,466.58,466.58,466.58,466.58
19560412,471.33,471.33,471.33,471.33
19560413,474.60,474.60,474.60,474.60
19560414,477.60,477.60,477.60,477.60
19560416,475.86,475.86,475.86,475.86
19560417,471.59,471.59,471.59,471.59
19560418,474.69,474.69,474.69,474.69
19560419,477.95,477.95,477.95,477.95
19560420,478.35,478.35,478.35,478.35
19560421,479.32,479.32,479.32,479.32
19560423,480.78,480.78,480.78,480.78
19560424,482.71,482.71,482.71,482.71
19560425,474.78,474.78,474.78,474.78
19560426,476.22,476.22,476.22,476.22
19560427,475.23,475.23,475.23,475.23
19560428,473.76,473.76,473.76,473.76
19560430,473.34,473.34,473.34,473.34
19560501,476.03,476.03,476.03,476.03
19560502,480.03,480.03,480.03,480.03
19560504,482.20,482.20,482.20,482.20
19560507,479.81,479.81,479.81,479.81
19560508,476.72,476.72,476.72,476.72
19560509,475.60,475.60,475.60,475.60
19560510,473.95,473.95,473.95,473.95
19560511,472.94,472.94,472.94,472.94
19560512,474.46,474.46,474.46,474.46
19560514,472.79,472.79,472.79,472.79
19560515,472.10,472.10,472.10,472.10
19560516,475.73,475.73,475.73,475.73
19560517,476.69,476.69,476.69,476.69
19560518,480.52,480.52,480.52,480.52
19560519,482.84,482.84,482.84,482.84
19560521,481.27,481.27,481.27,481.27
19560522,484.07,484.07,484.07,484.07
19560523,486.14,486.14,486.14,486.14
19560524,490.02,490.02,490.02,490.02
19560525,488.09,488.09,488.09,488.09
19560526,486.26,486.26,486.26,486.26
19560528,484.38,484.38,484.38,484.38
19560529,486.04,486.04,486.04,486.04
19560530,486.86,486.86,486.86,486.86
19560531,488.43,488.43,488.43,488.43
19560601,491.03,491.03,491.03,491.03
19560602,491.33,491.33,491.33,491.33
19560604,493.47,493.47,493.47,493.47
19560605,495.41,495.41,495.41,495.41
19560606,500.70,500.70,500.70,500.70
19560607,497.52,497.52,497.52,497.52
19560608,501.98,501.98,501.98,501.98
19560609,498.80,498.80,498.80,498.80
19560611,496.92,496.92,496.92,496.92
19560612,497.04,497.04,497.04,497.04
19560613,500.45,500.45,500.45,500.45
19560614,500.49,500.49,500.49,500.49
19560615,503.24,503.24,503.24,503.24
19560616,505.04,505.04,505.04,505.04
19560618,505.75,505.75,505.75,505.75
19560619,507.09,507.09,507.09,507.09
19560620,509.52,509.52,509.52,509.52
19560621,512.25,512.25,512.25,512.25
19560622,509.98,509.98,509.98,509.98
19560623,511.15,511.15,511.15,511.15
19560625,511.50,511.50,511.50,511.50
19560626,509.27,509.27,509.27,509.27
19560627,502.96,502.96,502.96,502.96
19560628,502.58,502.58,502.58,502.58
19560629,502.83,502.83,502.83,502.83
19560630,499.17,499.17,499.17,499.17
19560702,482.87,482.87,482.87,482.87
19560703,485.00,485.00,485.00,485.00
19560704,488.60,488.60,488.60,488.60
19560705,490.29,490.29,490.29,490.29
19560706,491.18,491.18,491.18,491.18
19560707,493.88,493.88,493.88,493.88
19560709,492.80,492.80,492.80,492.80
19560710,493.98,493.98,493.98,493.98
19560711,494.61,494.61,494.61,494.61
19560712,499.25,499.25,499.25,499.25
19560713,500.34,500.34,500.34,500.34
19560714,501.24,501.24,501.24,501.24
19560716,501.60,501.60,501.60,501.60
19560717,502.92,502.92,502.92,502.92
19560718,502.47,502.47,502.47,502.47
19560719,499.66,499.66,499.66,499.66
19560720,497.86,497.86,497.86,497.86
19560721,497.94,497.94,497.94,497.94
19560723,497.55,497.55,497.55,497.55
19560724,498.44,498.44,498.44,498.44
19560725,499.39,499.39,499.39,499.39
19560726,499.93,499.93,499.93,499.93
19560727,500.41,500.41,500.41,500.41
19560728,502.14,502.14,502.14,502.14
19560730,501.98,501.98,501.98,501.98
19560731,500.34,500.34,500.34,500.34
19560801,501.43,501.43,501.43,501.43
19560802,502.32,502.32,502.32,502.32
19560803,503.89,503.89,503.89,503.89
19560804,505.84,505.84,505.84,505.84
19560806,507.31,507.31,507.31,507.31
19560807,506.37,506.37,506.37,506.37
19560808,503.78,503.78,503.78,503.78
19560809,503.15,503.15,503.15,503.15
19560810,502.98,502.98,502.98,502.98
19560811,502.92,502.92,502.92,502.92
19560813,502.12,502.12,502.12,502.12
19560814,501.86,501.86,501.86,501.86
19560815,500.74,500.74,500.74,500.74
19560816,500.43,500.43,500.43,500.43
19560817,500.22,500.22,500.22,500.22
19560818,502.07,502.07,502.07,502.07
19560820,503.83,503.83,503.83,503.83
19560821,504.96,504.96,504.96,504.96
19560822,505.83,505.83,505.83,505.83
19560823,504.25,504.25,504.25,504.25
19560824,503.42,503.42,503.42,503.42
19560825,503.34,503.34,503.34,503.34
19560827,501.30,501.30,501.30,501.30
19560828,499.12,499.12,499.12,499.12
19560829,493.79,493.79,493.79,493.79
19560830,493.86,493.86,493.86,493.86
19560831,493.69,493.69,493.69,493.69
19560901,492.92,492.92,492.92,492.92
19560903,489.78,489.78,489.78,489.78
19560904,485.40,485.40,485.40,485.40
19560905,486.82,486.82,486.82,486.82
19560906,491.19,491.19,491.19,491.19
19560907,490.82,490.82,490.82,490.82
19560908,489.68,489.68,489.68,489.68
19560910,486.80,486.80,486.80,486.80
19560911,482.95,482.95,482.95,482.95
19560912,482.70,482.70,482.70,482.70
19560913,482.74,482.74,482.74,482.74
19560914,485.01,485.01,485.01,485.01
19560915,487.25,487.25,487.25,487.25
19560917,486.33,486.33,486.33,486.33
19560918,486.33,486.33,486.33,486.33
19560919,485.11,485.11,485.11,485.11
19560920,484.47,484.47,484.47,484.47
19560921,487.02,487.02,487.02,487.02
19560922,488.06,488.06,488.06,488.06
19560924,487.92,487.92,487.92,487.92
19560925,488.11,488.11,488.11,488.11
19560926,483.26,483.26,483.26,483.26
19560927,488.12,488.12,488.12,488.12
19560928,490.55,490.55,490.55,490.55
19560929,491.71,491.71,491.71,491.71
19561001,492.54,492.54,492.54,492.54
19561002,492.86,492.86,492.86,492.86
19561003,492.33,492.33,492.33,492.33
19561004,490.08,490.08,490.08,490.08
19561005,487.15,487.15,487.15,487.15
19561006,487.24,487.24,487.24,487.24
19561008,487.78,487.78,487.78,487.78
19561009,489.09,489.09,489.09,489.09
19561010,489.98,489.98,489.98,489.98
19561011,490.49,490.49,490.49,490.49
19561012,493.52,493.52,493.52,493.52
19561013,495.14,495.14,495.14,495.14
19561015,494.73,494.73,494.73,494.73
19561016,494.23,494.23,494.23,494.23
19561017,494.67,494.67,494.67,494.67
19561018,498.14,498.14,498.14,498.14
19561019,496.43,496.43,496.43,496.43
19561020,496.81,496.81,496.81,496.81
19561022,495.57,495.57,495.57,495.57
19561023,497.90,497.90,497.90,497.90
19561024,501.53,501.53,501.53,501.53
19561025,505.12,505.12,505.12,505.12
19561026,504.72,504.72,504.72,504.72
19561027,505.57,505.57,505.57,505.57
19561029,506.32,506.32,506.32,506.32
19561030,508.98,508.98,508.98,508.98
19561031,508.16,508.16,508.16,508.16
19561101,514.10,514.10,514.10,514.10
19561102,520.44,520.44,520.44,520.44
19561105,515.30,515.30,515.30,515.30
19561106,518.16,518.16,518.16,518.16
19561107,513.25,513.25,513.25,513.25
19561108,512.94,512.94,512.94,512.94
19561109,514.78,514.78,514.78,514.78
19561110,517.71,517.71,517.71,517.71
19561112,519.34,519.34,519.34,519.34
19561113,525.16,525.16,525.16,525.16
19561114,526.58,526.58,526.58,526.58
19561115,534.56,534.56,534.56,534.56
19561116,538.25,538.25,538.25,538.25
19561117,541.13,541.13,541.13,541.13
19561119,534.88,534.88,534.88,534.88
19561120,544.59,544.59,544.59,544.59
19561121,542.41,542.41,542.41,542.41
19561122,549.42,549.42,549.42,549.42
19561124,548.15,548.15,548.15,548.15
19561126,544.90,544.90,544.90,544.90
19561127,547.82,547.82,547.82,547.82
19561128,554.96,554.96,554.96,554.96
19561129,550.92,550.92,550.92,550.92
19561130,556.58,556.58,556.58,556.58
19561201,559.40,559.40,559.40,559.40
19561203,558.30,558.30,558.30,558.30
19561204,562.40,562.40,562.40,562.40
19561205,560.26,560.26,560.26,560.26
19561206,566.30,566.30,566.30,566.30
19561207,562.05,562.05,562.05,562.05
19561208,557.77,557.77,557.77,557.77
19561210,554.77,554.77,554.77,554.77
19561211,559.43,559.43,559.43,559.43
19561212,558.90,558.90,558.90,558.90
19561213,554.65,554.65,554.65,554.65
19561214,549.74,549.74,549.74,549.74
19561215,538.90,538.90,538.90,538.90
19561217,542.91,542.91,542.91,542.91
19561218,552.85,552.85,552.85,552.85
19561219,551.53,551.53,551.53,551.53
19561220,551.91,551.91,551.91,551.91
19561221,550.00,550.00,550.00,550.00
19561222,550.27,550.27,550.27,550.27
19561224,550.61,550.61,550.61,550.61
19561225,552.06,552.06,552.06,552.06
19561226,551.81,551.81,551.81,551.81
19561227,547.38,547.38,547.38,547.38
19561228,549.14,549.14,549.14,549.14
19570104,549.45,549.45,549.45,549.45
19570105,551.89,551.89,551.89,551.89
19570107,559.01,559.01,559.01,559.01
19570108,565.77,565.77,565.77,565.77
19570109,563.00,563.00,563.00,563.00
19570110,568.34,568.34,568.34,568.34
19570111,571.15,571.15,571.15,571.15
19570112,573.87,573.87,573.87,573.87
19570114,574.20,574.20,574.20,574.20
19570116,577.27,577.27,577.27,577.27
19570117,583.64,583.64,583.64,583.64
19570118,580.86,580.86,580.86,580.86
19570119,585.69,585.69,585.69,585.69
19570121,586.01,586.01,586.01,586.01
19570122,582.78,582.78,582.78,582.78
19570123,583.86,583.86,583.86,583.86
19570124,578.55,578.55,578.55,578.55
19570125,572.37,572.37,572.37,572.37
19570126,574.56,574.56,574.56,574.56
19570128,576.39,576.39,576.39,576.39
19570129,575.82,575.82,575.82,575.82
19570130,572.07,572.07,572.07,572.07
19570131,567.78,567.78,567.78,567.78
19570201,568.97,568.97,568.97,568.97
19570202,570.12,570.12,570.12,570.12
19570204,576.50,576.50,576.50,576.50
19570205,577.05,577.05,577.05,577.05
19570206,582.54,582.54,582.54,582.54
19570207,582.97,582.97,582.97,582.97
19570208,581.49,581.49,581.49,581.49
19570209,583.24,583.24,583.24,583.24
19570211,585.72,585.72,585.72,585.72
19570212,587.88,587.88,587.88,587.88
19570213,583.39,583.39,583.39,583.39
19570214,585.10,585.10,585.10,585.10
19570215,575.78,575.78,575.78,575.78
19570216,571.86,571.86,571.86,571.86
19570218,572.56,572.56,572.56,572.56
19570219,562.99,562.99,562.99,562.99
19570220,562.13,562.13,562.13,562.13
19570221,565.29,565.29,565.29,565.29
19570222,565.96,565.96,565.96,565.96
19570223,563.56,563.56,563.56,563.56
19570225,562.91,562.91,562.91,562.91
19570226,565.63,565.63,565.63,565.63
19570227,570.54,570.54,570.54,570.54
19570228,571.64,571.64,571.64,571.64
19570301,569.75,569.75,569.75,569.75
19570302,569.42,569.42,569.42,569.42
19570304,570.42,570.42,570.42,570.42
19570305,570.52,570.52,570.52,570.52
19570306,567.28,567.28,567.28,567.28
19570307,564.66,564.66,564.66,564.66
19570308,561.14,561.14,561.14,561.14
19570309,560.77,560.77,560.77,560.77
19570311,560.88,560.88,560.88,560.88
19570312,562.17,562.17,562.17,562.17
19570313,566.95,566.95,566.95,566.95
19570314,568.17,568.17,568.17,568.17
19570315,566.57,566.57,566.57,566.57
19570316,566.30,566.30,566.30,566.30
19570318,564.93,564.93,564.93,564.93
19570319,564.94,564.94,564.94,564.94
19570320,567.84,567.84,567.84,567.84
19570322,570.82,570.82,570.82,570.82
19570323,565.22,565.22,565.22,565.22
19570325,560.27,560.27,560.27,560.27
19570326,567.96,567.96,567.96,567.96
19570327,567.11,567.11,567.11,567.11
19570328,570.32,570.32,570.32,570.32
19570329,581.78,581.78,581.78,581.78
19570330,587.00,587.00,587.00,587.00
19570401,590.60,590.60,590.60,590.60
19570402,587.33,587.33,587.33,587.33
19570403,585.40,585.40,585.40,585.40
19570404,589.07,589.07,589.07,589.07
19570405,588.32,588.32,588.32,588.32
19570406,589.16,589.16,589.16,589.16
19570408,584.57,584.57,584.57,584.57
19570409,585.40,585.40,585.40,585.40
19570410,581.03,581.03,581.03,581.03
19570411,581.72,581.72,581.72,581.72
19570412,585.01,585.01,585.01,585.01
19570413,585.52,585.52,585.52,585.52
19570415,586.14,586.14,586.14,586.14
19570416,585.42,585.42,585.42,585.42
19570417,584.26,584.26,584.26,584.26
19570418,585.24,585.24,585.24,585.24
19570419,585.90,585.90,585.90,585.90
19570420,586.60,586.60,586.60,586.60
19570422,588.84,588.84,588.84,588.84
19570423,593.47,593.47,593.47,593.47
19570424,594.81,594.81,594.81,594.81
19570425,590.85,590.85,590.85,590.85
19570426,591.91,591.91,591.91,591.91
19570427,592.59,592.59,592.59,592.59
19570430,589.69,589.69,589.69,589.69
19570501,589.97,589.97,589.97,589.97
19570502,593.56,593.56,593.56,593.56
19570504,595.46,595.46,595.46,595.46
19570506,590.05,590.05,590.05,590.05
19570507,588.60,588.60,588.60,588.60
19570508,565.65,565.65,565.65,565.65
19570509,554.71,554.71,554.71,554.71
19570510,558.36,558.36,558.36,558.36
19570511,561.37,561.37,561.37,561.37
19570513,559.39,559.39,559.39,559.39
19570514,550.03,550.03,550.03,550.03
19570515,542.09,542.09,542.09,542.09
19570516,539.76,539.76,539.76,539.76
19570517,534.38,534.38,534.38,534.38
19570518,521.56,521.56,521.56,521.56
19570520,520.33,520.33,520.33,520.33
19570521,537.26,537.26,537.26,537.26
19570522,532.91,532.91,532.91,532.91
19570523,534.29,534.29,534.29,534.29
19570524,535.45,535.45,535.45,535.45
19570525,533.24,533.24,533.24,533.24
19570527,527.41,527.41,527.41,527.41
19570528,523.76,523.76,523.76,523.76
19570529,514.34,514.34,514.34,514.34
19570530,512.63,512.63,512.63,512.63
19570531,520.44,520.44,520.44,520.44
19570601,522.20,522.20,522.20,522.20
19570603,517.19,517.19,517.19,517.19
19570604,517.01,517.01,517.01,517.01
19570605,518.73,518.73,518.73,518.73
19570606,518.85,518.85,518.85,518.85
19570607,518.90,518.90,518.90,518.90
19570608,519.91,519.91,519.91,519.91
19570610,520.07,520.07,520.07,520.07
19570611,523.28,523.28,523.28,523.28
19570612,524.46,524.46,524.46,524.46
19570613,529.88,529.88,529.88,529.88
19570614,531.68,531.68,531.68,531.68
19570615,532.72,532.72,532.72,532.72
19570617,530.30,530.30,530.30,530.30
19570618,530.40,530.40,530.40,530.40
19570619,530.69,530.69,530.69,530.69
19570620,531.70,531.70,531.70,531.70
19570621,530.12,530.12,530.12,530.12
19570622,529.85,529.85,529.85,529.85
19570624,527.76,527.76,527.76,527.76
19570625,525.64,525.64,525.64,525.64
19570626,521.15,521.15,521.15,521.15
19570627,520.83,520.83,520.83,520.83
19570628,522.68,522.68,522.68,522.68
19570629,521.60,521.60,521.60,521.60
19570701,515.86,515.86,515.86,515.86
19570702,511.81,511.81,511.81,511.81
19570703,505.56,505.56,505.56,505.56
19570704,503.81,503.81,503.81,503.81
19570705,503.96,503.96,503.96,503.96
19570706,504.75,504.75,504.75,504.75
19570708,507.71,507.71,507.71,507.71
19570709,508.95,508.95,508.95,508.95
19570710,514.75,514.75,514.75,514.75
19570711,515.01,515.01,515.01,515.01
19570712,510.44,510.44,510.44,510.44
19570713,506.18,506.18,506.18,506.18
19570715,499.13,499.13,499.13,499.13
19570716,495.82,495.82,495.82,495.82
19570717,493.70,493.70,493.70,493.70
19570718,491.20,491.20,491.20,491.20
19570719,489.95,489.95,489.95,489.95
19570720,490.59,490.59,490.59,490.59
19570722,487.09,487.09,487.09,487.09
19570723,484.92,484.92,484.92,484.92
19570724,478.28,478.28,478.28,478.28
19570725,472.43,472.43,472.43,472.43
19570726,472.70,472.70,472.70,472.70
19570727,473.52,473.52,473.52,473.52
19570729,477.85,477.85,477.85,477.85
19570730,486.98,486.98,486.98,486.98
19570731,486.16,486.16,486.16,486.16
19570801,488.57,488.57,488.57,488.57
19570802,498.70,498.70,498.70,498.70
19570803,499.82,499.82,499.82,499.82
19570805,495.70,495.70,495.70,495.70
19570806,497.94,497.94,497.94,497.94
19570807,500.16,500.16,500.16,500.16
19570808,499.33,499.33,499.33,499.33
19570809,504.83,504.83,504.83,504.83
19570810,505.33,505.33,505.33,505.33
19570812,503.71,503.71,503.71,503.71
19570813,502.64,502.64,502.64,502.64
19570814,506.56,506.56,506.56,506.56
19570815,512.86,512.86,512.86,512.86
19570816,512.16,512.16,512.16,512.16
19570817,511.96,511.96,511.96,511.96
19570819,513.86,513.86,513.86,513.86
19570820,517.05,517.05,517.05,517.05
19570821,522.67,522.67,522.67,522.67
19570822,520.03,520.03,520.03,520.03
19570823,518.79,518.79,518.79,518.79
19570824,519.14,519.14,519.14,519.14
19570826,522.65,522.65,522.65,522.65
19570827,528.34,528.34,528.34,528.34
19570828,528.82,528.82,528.82,528.82
19570829,530.54,530.54,530.54,530.54
19570830,529.49,529.49,529.49,529.49
19570831,530.37,530.37,530.37,530.37
19570902,526.52,526.52,526.52,526.52
19570903,528.35,528.35,528.35,528.35
19570904,533.05,533.05,533.05,533.05
19570905,537.20,537.20,537.20,537.20
19570906,537.85,537.85,537.85,537.85
19570907,538.03,538.03,538.03,538.03
19570909,538.44,538.44,538.44,538.44
19570910,538.87,538.87,538.87,538.87
19570911,539.57,539.57,539.57,539.57
19570912,535.91,535.91,535.91,535.91
19570913,532.78,532.78,532.78,532.78
19570914,529.79,529.79,529.79,529.79
19570916,529.10,529.10,529.10,529.10
19570917,532.54,532.54,532.54,532.54
19570918,532.13,532.13,532.13,532.13
19570919,529.84,529.84,529.84,529.84
19570920,531.17,531.17,531.17,531.17
19570921,533.34,533.34,533.34,533.34
19570924,532.22,532.22,532.22,532.22
19570925,529.21,529.21,529.21,529.21
19570926,523.13,523.13,523.13,523.13
19570927,527.12,527.12,527.12,527.12
19570928,530.07,530.07,530.07,530.07
19570930,529.35,529.35,529.35,529.35
19571001,534.39,534.39,534.39,534.39
19571002,533.99,533.99,533.99,533.99
19571003,539.59,539.59,539.59,539.59
19571004,537.98,537.98,537.98,537.98
19571005,535.67,535.67,535.67,535.67
19571007,530.07,530.07,530.07,530.07
19571008,529.97,529.97,529.97,529.97
19571009,516.98,516.98,516.98,516.98
19571010,517.34,517.34,517.34,517.34
19571011,508.82,508.82,508.82,508.82
19571012,508.62,508.62,508.62,508.62
19571014,506.03,506.03,506.03,506.03
19571015,518.28,518.28,518.28,518.28
19571016,517.78,517.78,517.78,517.78
19571017,517.58,517.58,517.58,517.58
19571018,516.46,516.46,516.46,516.46
19571019,515.31,515.31,515.31,515.31
19571021,511.28,511.28,511.28,511.28
19571022,508.81,508.81,508.81,508.81
19571023,507.86,507.86,507.86,507.86
19571024,509.18,509.18,509.18,509.18
19571025,508.58,508.58,508.58,508.58
19571026,508.06,508.06,508.06,508.06
19571028,510.38,510.38,510.38,510.38
19571029,510.03,510.03,510.03,510.03
19571030,509.77,509.77,509.77,509.77
19571031,510.81,510.81,510.81,510.81
19571101,515.40,515.40,515.40,515.40
19571102,517.38,517.38,517.38,517.38
19571104,513.46,513.46,513.46,513.46
19571105,511.79,511.79,511.79,511.79
19571106,511.82,511.82,511.82,511.82
19571107,512.53,512.53,512.53,512.53
19571108,511.13,511.13,511.13,511.13
19571109,509.86,509.86,509.86,509.86
19571111,507.70,507.70,507.70,507.70
19571112,507.58,507.58,507.58,507.58
19571113,503.18,503.18,503.18,503.18
19571114,499.43,499.43,499.43,499.43
19571115,504.82,504.82,504.82,504.82
19571116,504.85,504.85,504.85,504.85
19571118,501.49,501.49,501.49,501.49
19571119,497.20,497.20,497.20,497.20
19571120,497.62,497.62,497.62,497.62
19571121,499.01,499.01,499.01,499.01
19571122,501.02,501.02,501.02,501.02
19571125,500.87,500.87,500.87,500.87
19571126,499.27,499.27,499.27,499.27
19571127,494.03,494.03,494.03,494.03
19571128,491.72,491.72,491.72,491.72
19571129,489.70,489.70,489.70,489.70
19571130,492.00,492.00,492.00,492.00
19571202,494.01,494.01,494.01,494.01
19571203,494.88,494.88,494.88,494.88
19571204,493.35,493.35,493.35,493.35
19571205,492.38,492.38,492.38,492.38
19571206,493.91,493.91,493.91,493.91
19571207,496.69,496.69,496.69,496.69
19571209,498.20,498.20,498.20,498.20
19571210,497.57,497.57,497.57,497.57
19571211,498.79,498.79,498.79,498.79
19571212,503.03,503.03,503.03,503.03
19571213,502.25,502.25,502.25,502.25
19571214,502.30,502.30,502.30,502.30
19571216,500.13,500.13,500.13,500.13
19571217,492.97,492.97,492.97,492.97
19571218,491.61,491.61,491.61,491.61
19571219,486.77,486.77,486.77,486.77
19571220,484.21,484.21,484.21,484.21
19571221,485.79,485.79,485.79,485.79
19571223,485.25,485.25,485.25,485.25
19571224,484.04,484.04,484.04,484.04
19571225,481.78,481.78,481.78,481.78
19571226,472.58,472.58,472.58,472.58
19571227,471.53,471.53,471.53,471.53
19571228,474.55,474.55,474.55,474.55
19580104,475.20,475.20,475.20,475.20
19580106,481.61,481.61,481.61,481.61
19580107,492.20,492.20,492.20,492.20
19580108,495.05,495.05,495.05,495.05
19580109,500.36,500.36,500.36,500.36
19580110,503.35,503.35,503.35,503.35
19580111,505.72,505.72,505.72,505.72
19580113,511.37,511.37,511.37,511.37
19580114,513.49,513.49,513.49,513.49
19580116,513.03,513.03,513.03,513.03
19580117,511.53,511.53,511.53,511.53
19580118,508.22,508.22,508.22,508.22
19580120,504.76,504.76,504.76,504.76
19580121,503.16,503.16,503.16,503.16
19580122,504.07,504.07,504.07,504.07
19580123,505.64,505.64,505.64,505.64
19580124,507.71,507.71,507.71,507.71
19580125,507.17,507.17,507.17,507.17
19580127,512.27,512.27,512.27,512.27
19580128,514.29,514.29,514.29,514.29
19580129,518.56,518.56,518.56,518.56
19580130,524.25,524.25,524.25,524.25
19580131,522.70,522.70,522.70,522.70
19580201,524.11,524.11,524.11,524.11
19580203,530.15,530.15,530.15,530.15
19580204,524.58,524.58,524.58,524.58
19580205,531.33,531.33,531.33,531.33
19580206,530.75,530.75,530.75,530.75
19580207,525.79,525.79,525.79,525.79
19580208,522.08,522.08,522.08,522.08
19580210,525.13,525.13,525.13,525.13
19580211,527.68,527.68,527.68,527.68
19580212,526.91,526.91,526.91,526.91
19580213,528.84,528.84,528.84,528.84
19580214,530.73,530.73,530.73,530.73
19580215,534.58,534.58,534.58,534.58
19580217,533.85,533.85,533.85,533.85
19580218,531.96,531.96,531.96,531.96
19580219,529.83,529.83,529.83,529.83
19580220,525.45,525.45,525.45,525.45
19580221,526.44,526.44,526.44,526.44
19580222,528.15,528.15,528.15,528.15
19580224,528.58,528.58,528.58,528.58
19580225,530.38,530.38,530.38,530.38
19580226,532.80,532.80,532.80,532.80
19580227,528.47,528.47,528.47,528.47
19580228,528.16,528.16,528.16,528.16
19580301,530.18,530.18,530.18,530.18
19580303,526.07,526.07,526.07,526.07
19580304,523.30,523.30,523.30,523.30
19580305,525.54,525.54,525.54,525.54
19580306,529.53,529.53,529.53,529.53
19580307,531.19,531.19,531.19,531.19
19580308,532.51,532.51,532.51,532.51
19580310,536.46,536.46,536.46,536.46
19580311,537.85,537.85,537.85,537.85
19580312,536.73,536.73,536.73,536.73
19580313,539.31,539.31,539.31,539.31
19580314,534.29,534.29,534.29,534.29
19580315,533.66,533.66,533.66,533.66
19580317,532.07,532.07,532.07,532.07
19580318,528.88,528.88,528.88,528.88
19580319,525.48,525.48,525.48,525.48
19580320,522.22,522.22,522.22,522.22
19580322,522.86,522.86,522.86,522.86
19580324,524.51,524.51,524.51,524.51
19580325,523.55,523.55,523.55,523.55
19580326,524.09,524.09,524.09,524.09
19580327,516.64,516.64,516.64,516.64
19580328,522.49,522.49,522.49,522.49
19580329,526.01,526.01,526.01,526.01
19580331,529.98,529.98,529.98,529.98
19580401,529.73,529.73,529.73,529.73
19580402,531.32,531.32,531.32,531.32
19580403,533.85,533.85,533.85,533.85
19580404,542.76,542.76,542.76,542.76
19580405,544.31,544.31,544.31,544.31
19580407,546.43,546.43,546.43,546.43
19580408,544.12,544.12,544.12,544.12
19580409,543.15,543.15,543.15,543.15
19580410,541.72,541.72,541.72,541.72
19580411,539.29,539.29,539.29,539.29
19580412,541.32,541.32,541.32,541.32
19580414,539.58,539.58,539.58,539.58
19580415,538.13,538.13,538.13,538.13
19580416,539.22,539.22,539.22,539.22
19580417,541.86,541.86,541.86,541.86
19580418,547.20,547.20,547.20,547.20
19580419,550.05,550.05,550.05,550.05
19580421,553.10,553.10,553.10,553.10
19580422,556.47,556.47,556.47,556.47
19580423,555.84,555.84,555.84,555.84
19580424,557.10,557.10,557.10,557.10
19580425,557.62,557.62,557.62,557.62
19580426,556.14,556.14,556.14,556.14
19580428,558.31,558.31,558.31,558.31
19580430,556.57,556.57,556.57,556.57
19580501,561.05,561.05,561.05,561.05
19580502,563.63,563.63,563.63,563.63
19580506,556.73,556.73,556.73,556.73
19580507,560.71,560.71,560.71,560.71
19580508,564.39,564.39,564.39,564.39
19580509,565.95,565.95,565.95,565.95
19580510,567.08,567.08,567.08,567.08
19580512,563.14,563.14,563.14,563.14
19580513,564.40,564.40,564.40,564.40
19580514,564.02,564.02,564.02,564.02
19580515,558.97,558.97,558.97,558.97
19580516,555.27,555.27,555.27,555.27
19580517,558.54,558.54,558.54,558.54
19580519,557.61,557.61,557.61,557.61
19580520,558.95,558.95,558.95,558.95
19580521,559.44,559.44,559.44,559.44
19580522,562.26,562.26,562.26,562.26
19580523,560.93,560.93,560.93,560.93
19580524,557.28,557.28,557.28,557.28
19580526,556.11,556.11,556.11,556.11
19580527,556.64,556.64,556.64,556.64
19580528,555.91,555.91,555.91,555.91
19580529,556.08,556.08,556.08,556.08
19580530,559.97,559.97,559.97,559.97
19580531,563.46,563.46,563.46,563.46
19580602,565.14,565.14,565.14,565.14
19580603,566.39,566.39,566.39,566.39
19580604,565.24,565.24,565.24,565.24
19580605,569.31,569.31,569.31,569.31
19580606,567.75,567.75,567.75,567.75
19580607,569.93,569.93,569.93,569.93
19580609,566.96,566.96,566.96,566.96
19580610,565.50,565.50,565.50,565.50
19580611,567.10,567.10,567.10,567.10
19580612,569.20,569.20,569.20,569.20
19580613,571.98,571.98,571.98,571.98
19580614,574.04,574.04,574.04,574.04
19580616,573.72,573.72,573.72,573.72
19580617,574.71,574.71,574.71,574.71
19580618,579.13,579.13,579.13,579.13
19580619,584.59,584.59,584.59,584.59
19580620,581.10,581.10,581.10,581.10
19580621,582.49,582.49,582.49,582.49
19580623,583.96,583.96,583.96,583.96
19580624,580.36,580.36,580.36,580.36
19580625,578.99,578.99,578.99,578.99
19580626,578.29,578.29,578.29,578.29
19580627,582.36,582.36,582.36,582.36
19580628,584.92,584.92,584.92,584.92
19580630,584.42,584.42,584.42,584.42
19580701,586.56,586.56,586.56,586.56
19580702,584.18,584.18,584.18,584.18
19580703,578.27,578.27,578.27,578.27
19580704,566.59,566.59,566.59,566.59
19580705,573.29,573.29,573.29,573.29
19580707,579.24,579.24,579.24,579.24
19580708,574.62,574.62,574.62,574.62
19580709,568.63,568.63,568.63,568.63
19580710,566.27,566.27,566.27,566.27
19580711,569.34,569.34,569.34,569.34
19580712,571.16,571.16,571.16,571.16
19580714,566.19,566.19,566.19,566.19
19580715,564.15,564.15,564.15,564.15
19580716,574.43,574.43,574.43,574.43
19580717,571.71,571.71,571.71,571.71
19580718,572.69,572.69,572.69,572.69
19580719,572.43,572.43,572.43,572.43
19580721,571.40,571.40,571.40,571.40
19580722,570.52,570.52,570.52,570.52
19580723,568.91,568.91,568.91,568.91
19580724,566.71,566.71,566.71,566.71
19580725,563.53,563.53,563.53,563.53
19580726,562.79,562.79,562.79,562.79
19580728,564.04,564.04,564.04,564.04
19580729,570.18,570.18,570.18,570.18
19580730,570.53,570.53,570.53,570.53
19580731,571.60,571.60,571.60,571.60
19580801,573.71,573.71,573.71,573.71
19580802,575.40,575.40,575.40,575.40
19580804,575.77,575.77,575.77,575.77
19580805,572.72,572.72,572.72,572.72
19580806,575.27,575.27,575.27,575.27
19580807,574.10,574.10,574.10,574.10
19580808,579.93,579.93,579.93,579.93
19580809,580.38,580.38,580.38,580.38
19580811,581.34,581.34,581.34,581.34
19580812,582.98,582.98,582.98,582.98
19580813,581.59,581.59,581.59,581.59
19580814,585.49,585.49,585.49,585.49
19580815,587.02,587.02,587.02,587.02
19580816,587.37,587.37,587.37,587.37
19580818,586.80,586.80,586.80,586.80
19580819,591.83,591.83,591.83,591.83
19580820,594.75,594.75,594.75,594.75
19580821,593.01,593.01,593.01,593.01
19580822,589.58,589.58,589.58,589.58
19580823,591.14,591.14,591.14,591.14
19580825,593.76,593.76,593.76,593.76
19580826,592.64,592.64,592.64,592.64
19580827,590.71,590.71,590.71,590.71
19580828,589.72,589.72,589.72,589.72
19580829,590.43,590.43,590.43,590.43
19580830,592.57,592.57,592.57,592.57
19580901,588.06,588.06,588.06,588.06
19580902,585.76,585.76,585.76,585.76
19580903,590.10,590.10,590.10,590.10
19580904,593.39,593.39,593.39,593.39
19580905,593.70,593.70,593.70,593.70
19580906,589.04,589.04,589.04,589.04
19580908,592.92,592.92,592.92,592.92
19580909,592.30,592.30,592.30,592.30
19580910,592.19,592.19,592.19,592.19
19580911,589.06,589.06,589.06,589.06
19580912,590.85,590.85,590.85,590.85
19580913,593.06,593.06,593.06,593.06
19580915,590.79,590.79,590.79,590.79
19580916,590.81,590.81,590.81,590.81
19580917,584.07,584.07,584.07,584.07
19580918,588.54,588.54,588.54,588.54
19580919,590.46,590.46,590.46,590.46
19580920,590.18,590.18,590.18,590.18
19580922,588.36,588.36,588.36,588.36
19580924,581.75,581.75,581.75,581.75
19580925,585.21,585.21,585.21,585.21
19580926,577.92,577.92,577.92,577.92
19580927,580.79,580.79,580.79,580.79
19580929,584.40,584.40,584.40,584.40
19580930,586.20,586.20,586.20,586.20
19581001,588.63,588.63,588.63,588.63
19581002,592.04,592.04,592.04,592.04
19581003,594.81,594.81,594.81,594.81
19581004,596.21,596.21,596.21,596.21
19581006,600.13,600.13,600.13,600.13
19581007,603.68,603.68,603.68,603.68
19581008,601.99,601.99,601.99,601.99
19581009,605.12,605.12,605.12,605.12
19581010,604.57,604.57,604.57,604.57
19581011,607.32,607.32,607.32,607.32
19581013,605.14,605.14,605.14,605.14
19581014,609.49,609.49,609.49,609.49
19581015,607.84,607.84,607.84,607.84
19581016,607.41,607.41,607.41,607.41
19581017,609.94,609.94,609.94,609.94
19581018,612.70,612.70,612.70,612.70
19581020,609.26,609.26,609.26,609.26
19581021,608.15,608.15,608.15,608.15
19581022,605.75,605.75,605.75,605.75
19581023,608.83,608.83,608.83,608.83
19581024,606.95,606.95,606.95,606.95
19581025,607.39,607.39,607.39,607.39
19581027,601.29,601.29,601.29,601.29
19581028,601.64,601.64,601.64,601.64
19581029,607.99,607.99,607.99,607.99
19581030,605.70,605.70,605.70,605.70
19581031,607.72,607.72,607.72,607.72
19581101,612.79,612.79,612.79,612.79
19581104,614.82,614.82,614.82,614.82
19581105,616.75,616.75,616.75,616.75
19581106,624.06,624.06,624.06,624.06
19581107,621.63,621.63,621.63,621.63
19581108,624.56,624.56,624.56,624.56
19581110,620.38,620.38,620.38,620.38
19581111,614.01,614.01,614.01,614.01
19581112,618.84,618.84,618.84,618.84
19581113,622.33,622.33,622.33,622.33
19581114,619.01,619.01,619.01,619.01
19581115,620.03,620.03,620.03,620.03
19581117,616.52,616.52,616.52,616.52
19581118,619.52,619.52,619.52,619.52
19581119,624.43,624.43,624.43,624.43
19581120,625.41,625.41,625.41,625.41
19581121,626.69,626.69,626.69,626.69
19581122,630.74,630.74,630.74,630.74
19581124,632.80,632.80,632.80,632.80
19581125,628.65,628.65,628.65,628.65
19581126,625.92,625.92,625.92,625.92
19581127,622.22,622.22,622.22,622.22
19581128,623.99,623.99,623.99,623.99
19581129,629.04,629.04,629.04,629.04
19581201,629.77,629.77,629.77,629.77
19581202,632.97,632.97,632.97,632.97
19581203,636.40,636.40,636.40,636.40
19581204,638.69,638.69,638.69,638.69
19581205,637.42,637.42,637.42,637.42
19581206,637.30,637.30,637.30,637.30
19581208,640.51,640.51,640.51,640.51
19581209,643.13,643.13,643.13,643.13
19581210,646.54,646.54,646.54,646.54
19581211,649.21,649.21,649.21,649.21
19581212,650.78,650.78,650.78,650.78
19581213,645.75,645.75,645.75,645.75
19581215,648.61,648.61,648.61,648.61
19581216,654.41,654.41,654.41,654.41
19581217,654.44,654.44,654.44,654.44
19581218,653.73,653.73,653.73,653.73
19581219,650.82,650.82,650.82,650.82
19581220,653.04,653.04,653.04,653.04
19581222,655.72,655.72,655.72,655.72
19581223,655.92,655.92,655.92,655.92
19581224,656.78,656.78,656.78,656.78
19581225,661.69,661.69,661.69,661.69
19581226,664.48,664.48,664.48,664.48
19581227,666.54,666.54,666.54,666.54
19590105,671.28,671.28,671.28,671.28
19590106,675.27,675.27,675.27,675.27
19590107,671.71,671.71,671.71,671.71
19590108,670.59,670.59,670.59,670.59
19590109,664.69,664.69,664.69,664.69
19590110,669.46,669.46,669.46,669.46
19590112,670.45,670.45,670.45,670.45
19590113,668.63,668.63,668.63,668.63
19590114,671.14,671.14,671.14,671.14
19590116,668.88,668.88,668.88,668.88
19590117,671.89,671.89,671.89,671.89
19590119,674.72,674.72,674.72,674.72
19590120,676.42,676.42,676.42,676.42
19590121,677.66,677.66,677.66,677.66
19590122,680.32,680.32,680.32,680.32
19590123,682.32,682.32,682.32,682.32
19590124,681.04,681.04,681.04,681.04
19590126,681.25,681.25,681.25,681.25
19590127,679.65,679.65,679.65,679.65
19590128,680.66,680.66,680.66,680.66
19590129,684.19,684.19,684.19,684.19
19590130,689.53,689.53,689.53,689.53
19590131,692.12,692.12,692.12,692.12
19590202,692.20,692.20,692.20,692.20
19590203,693.60,693.60,693.60,693.60
19590204,692.17,692.17,692.17,692.17
19590205,694.78,694.78,694.78,694.78
19590206,689.97,689.97,689.97,689.97
19590207,694.31,694.31,694.31,694.31
19590209,699.42,699.42,699.42,699.42
19590210,699.73,699.73,699.73,699.73
19590211,704.30,704.30,704.30,704.30
19590212,703.04,703.04,703.04,703.04
19590213,696.96,696.96,696.96,696.96
19590214,699.68,699.68,699.68,699.68
19590216,696.32,696.32,696.32,696.32
19590217,699.77,699.77,699.77,699.77
19590218,705.48,705.48,705.48,705.48
19590219,707.03,707.03,707.03,707.03
19590220,711.10,711.10,711.10,711.10
19590221,712.82,712.82,712.82,712.82
19590223,717.82,717.82,717.82,717.82
19590224,714.90,714.90,714.90,714.90
19590225,716.12,716.12,716.12,716.12
19590226,716.47,716.47,716.47,716.47
19590227,716.19,716.19,716.19,716.19
19590228,721.06,721.06,721.06,721.06
19590302,727.81,727.81,727.81,727.81
19590303,721.15,721.15,721.15,721.15
19590304,727.84,727.84,727.84,727.84
19590305,724.76,724.76,724.76,724.76
19590306,727.81,727.81,727.81,727.81
19590307,731.00,731.00,731.00,731.00
19590309,736.07,736.07,736.07,736.07
19590310,736.76,736.76,736.76,736.76
19590311,734.63,734.63,734.63,734.63
19590312,739.05,739.05,739.05,739.05
19590313,744.59,744.59,744.59,744.59
19590314,747.21,747.21,747.21,747.21
19590316,742.33,742.33,742.33,742.33
19590317,743.86,743.86,743.86,743.86
19590318,745.76,745.76,745.76,745.76
19590319,747.46,747.46,747.46,747.46
19590320,749.43,749.43,749.43,749.43
19590323,750.63,750.63,750.63,750.63
19590324,751.64,751.64,751.64,751.64
19590325,751.01,751.01,751.01,751.01
19590326,749.88,749.88,749.88,749.88
19590327,747.78,747.78,747.78,747.78
19590328,754.08,754.08,754.08,754.08
19590330,759.42,759.42,759.42,759.42
19590331,764.85,764.85,764.85,764.85
19590401,763.60,763.60,763.60,763.60
19590402,766.82,766.82,766.82,766.82
19590403,767.78,767.78,767.78,767.78
19590404,765.72,765.72,765.72,765.72
19590406,769.06,769.06,769.06,769.06
19590407,773.39,773.39,773.39,773.39
19590408,768.94,768.94,768.94,768.94
19590409,759.75,759.75,759.75,759.75
19590411,764.95,764.95,764.95,764.95
19590413,764.50,764.50,764.50,764.50
19590414,763.35,763.35,763.35,763.35
19590415,761.46,761.46,761.46,761.46
19590416,751.50,751.50,751.50,751.50
19590417,754.41,754.41,754.41,754.41
19590418,757.35,757.35,757.35,757.35
19590420,746.15,746.15,746.15,746.15
19590421,738.65,738.65,738.65,738.65
19590422,739.42,739.42,739.42,739.42
19590423,737.56,737.56,737.56,737.56
19590424,744.15,744.15,744.15,744.15
19590425,744.25,744.25,744.25,744.25
19590427,738.82,738.82,738.82,738.82
19590428,740.37,740.37,740.37,740.37
19590430,745.68,745.68,745.68,745.68
19590501,749.94,749.94,749.94,749.94
19590502,756.89,756.89,756.89,756.89
19590504,757.46,757.46,757.46,757.46
19590506,757.45,757.45,757.45,757.45
19590507,762.97,762.97,762.97,762.97
19590508,762.90,762.90,762.90,762.90
19590509,765.33,765.33,765.33,765.33
19590511,768.75,768.75,768.75,768.75
19590512,771.79,771.79,771.79,771.79
19590513,778.54,778.54,778.54,778.54
19590514,781.94,781.94,781.94,781.94
19590515,783.62,783.62,783.62,783.62
19590516,781.95,781.95,781.95,781.95
19590518,773.34,773.34,773.34,773.34
19590519,781.53,781.53,781.53,781.53
19590520,780.40,780.40,780.40,780.40
19590521,782.43,782.43,782.43,782.43
19590522,780.06,780.06,780.06,780.06
19590523,783.54,783.54,783.54,783.54
19590525,783.80,783.80,783.80,783.80
19590526,786.17,786.17,786.17,786.17
19590527,793.57,793.57,793.57,793.57
19590528,799.30,799.30,799.30,799.30
19590529,796.19,796.19,796.19,796.19
19590530,803.08,803.08,803.08,803.08
19590601,802.13,802.13,802.13,802.13
19590602,808.30,808.30,808.30,808.30
19590603,808.61,808.61,808.61,808.61
19590604,806.53,806.53,806.53,806.53
19590605,809.77,809.77,809.77,809.77
19590606,807.43,807.43,807.43,807.43
19590608,806.64,806.64,806.64,806.64
19590609,814.84,814.84,814.84,814.84
19590610,813.16,813.16,813.16,813.16
19590611,821.38,821.38,821.38,821.38
19590612,812.31,812.31,812.31,812.31
19590613,806.25,806.25,806.25,806.25
19590615,808.78,808.78,808.78,808.78
19590616,815.78,815.78,815.78,815.78
19590617,785.01,785.01,785.01,785.01
19590618,805.79,805.79,805.79,805.79
19590619,806.41,806.41,806.41,806.41
19590620,810.93,810.93,810.93,810.93
19590622,814.23,814.23,814.23,814.23
19590623,806.34,806.34,806.34,806.34
19590624,803.02,803.02,803.02,803.02
19590625,795.86,795.86,795.86,795.86
19590626,795.19,795.19,795.19,795.19
19590627,800.86,800.86,800.86,800.86
19590629,804.95,804.95,804.95,804.95
19590630,810.07,810.07,810.07,810.07
19590701,811.43,811.43,811.43,811.43
19590702,817.83,817.83,817.83,817.83
19590703,821.05,821.05,821.05,821.05
19590704,823.20,823.20,823.20,823.20
19590706,823.93,823.93,823.93,823.93
19590707,822.69,822.69,822.69,822.69
19590708,818.75,818.75,818.75,818.75
19590709,815.24,815.24,815.24,815.24
19590710,815.56,815.56,815.56,815.56
19590711,820.12,820.12,820.12,820.12
19590713,823.66,823.66,823.66,823.66
19590714,824.81,824.81,824.81,824.81
19590715,830.97,830.97,830.97,830.97
19590716,830.81,830.81,830.81,830.81
19590717,839.42,839.42,839.42,839.42
19590718,837.48,837.48,837.48,837.48
19590720,841.63,841.63,841.63,841.63
19590721,845.17,845.17,845.17,845.17
19590722,846.16,846.16,846.16,846.16
19590723,844.35,844.35,844.35,844.35
19590724,841.69,841.69,841.69,841.69
19590725,842.68,842.68,842.68,842.68
19590727,843.44,843.44,843.44,843.44
19590728,845.07,845.07,845.07,845.07
19590729,842.01,842.01,842.01,842.01
19590730,848.03,848.03,848.03,848.03
19590731,854.91,854.91,854.91,854.91
19590801,859.51,859.51,859.51,859.51
19590803,858.19,858.19,858.19,858.19
19590804,856.40,856.40,856.40,856.40
19590805,852.09,852.09,852.09,852.09
19590806,857.05,857.05,857.05,857.05
19590807,860.44,860.44,860.44,860.44
19590808,857.95,857.95,857.95,857.95
19590810,848.52,848.52,848.52,848.52
19590811,845.95,845.95,845.95,845.95
19590812,847.90,847.90,847.90,847.90
19590813,855.37,855.37,855.37,855.37
19590814,862.08,862.08,862.08,862.08
19590815,860.53,860.53,860.53,860.53
19590817,859.64,859.64,859.64,859.64
19590818,857.20,857.20,857.20,857.20
19590819,862.95,862.95,862.95,862.95
19590820,864.66,864.66,864.66,864.66
19590821,868.04,868.04,868.04,868.04
19590822,869.99,869.99,869.99,869.99
19590824,871.18,871.18,871.18,871.18
19590825,875.46,875.46,875.46,875.46
19590826,870.41,870.41,870.41,870.41
19590827,876.65,876.65,876.65,876.65
19590828,881.43,881.43,881.43,881.43
19590829,879.91,879.91,879.91,879.91
19590831,881.53,881.53,881.53,881.53
19590901,891.45,891.45,891.45,891.45
19590902,894.23,894.23,894.23,894.23
19590903,897.59,897.59,897.59,897.59
19590904,894.95,894.95,894.95,894.95
19590905,892.27,892.27,892.27,892.27
19590907,890.56,890.56,890.56,890.56
19590908,894.14,894.14,894.14,894.14
19590909,895.18,895.18,895.18,895.18
19590910,895.98,895.98,895.98,895.98
19590911,894.08,894.08,894.08,894.08
19590912,890.18,890.18,890.18,890.18
19590914,892.85,892.85,892.85,892.85
19590915,896.05,896.05,896.05,896.05
19590916,896.62,896.62,896.62,896.62
19590917,897.49,897.49,897.49,897.49
19590918,893.85,893.85,893.85,893.85
19590919,892.37,892.37,892.37,892.37
19590921,881.90,881.90,881.90,881.90
19590922,885.27,885.27,885.27,885.27
19590923,890.23,890.23,890.23,890.23
19590925,891.80,891.80,891.80,891.80
19590926,890.13,890.13,890.13,890.13
19590928,897.53,897.53,897.53,897.53
19590929,896.54,896.54,896.54,896.54
19590930,902.48,902.48,902.48,902.48
19591001,902.20,902.20,902.20,902.20
19591002,904.24,904.24,904.24,904.24
19591003,906.44,906.44,906.44,906.44
19591005,896.74,896.74,896.74,896.74
19591006,905.97,905.97,905.97,905.97
19591007,911.66,911.66,911.66,911.66
19591008,917.86,917.86,917.86,917.86
19591009,925.10,925.10,925.10,925.10
19591010,927.78,927.78,927.78,927.78
19591012,934.34,934.34,934.34,934.34
19591013,933.49,933.49,933.49,933.49
19591014,937.78,937.78,937.78,937.78
19591015,945.22,945.22,945.22,945.22
19591016,945.93,945.93,945.93,945.93
19591017,946.76,946.76,946.76,946.76
19591019,945.31,945.31,945.31,945.31
19591020,949.95,949.95,949.95,949.95
19591021,948.47,948.47,948.47,948.47
19591022,946.75,946.75,946.75,946.75
19591023,949.56,949.56,949.56,949.56
19591024,955.14,955.14,955.14,955.14
19591026,953.89,953.89,953.89,953.89
19591027,953.86,953.86,953.86,953.86
19591028,939.62,939.62,939.62,939.62
19591029,950.11,950.11,950.11,950.11
19591030,954.94,954.94,954.94,954.94
19591031,955.64,955.64,955.64,955.64
19591102,953.14,953.14,953.14,953.14
19591104,955.95,955.95,955.95,955.95
19591105,949.71,949.71,949.71,949.71
19591106,945.67,945.67,945.67,945.67
19591107,944.66,944.66,944.66,944.66
19591109,934.46,934.46,934.46,934.46
19591110,920.39,920.39,920.39,920.39
19591111,930.50,930.50,930.50,930.50
19591112,935.29,935.29,935.29,935.29
19591113,941.68,941.68,941.68,941.68
19591114,943.98,943.98,943.98,943.98
19591116,950.85,950.85,950.85,950.85
19591117,953.15,953.15,953.15,953.15
19591118,948.35,948.35,948.35,948.35
19591119,949.96,949.96,949.96,949.96
19591120,947.81,947.81,947.81,947.81
19591121,948.99,948.99,948.99,948.99
19591124,950.10,950.10,950.10,950.10
19591125,951.79,951.79,951.79,951.79
19591126,958.26,958.26,958.26,958.26
19591127,966.11,966.11,966.11,966.11
19591128,968.89,968.89,968.89,968.89
19591130,976.93,976.93,976.93,976.93
19591201,973.65,973.65,973.65,973.65
19591202,958.99,958.99,958.99,958.99
19591203,970.42,970.42,970.42,970.42
19591204,971.05,971.05,971.05,971.05
19591205,966.03,966.03,966.03,966.03
19591207,956.92,956.92,956.92,956.92
19591208,957.62,957.62,957.62,957.62
19591209,945.53,945.53,945.53,945.53
19591210,941.79,941.79,941.79,941.79
19591211,935.75,935.75,935.75,935.75
19591212,942.53,942.53,942.53,942.53
19591214,938.78,938.78,938.78,938.78
19591215,936.11,936.11,936.11,936.11
19591216,918.67,918.67,918.67,918.67
19591217,904.72,904.72,904.72,904.72
19591218,908.67,908.67,908.67,908.67
19591219,876.17,876.17,876.17,876.17
19591221,854.45,854.45,854.45,854.45
19591222,879.84,879.84,879.84,879.84
19591223,892.84,892.84,892.84,892.84
19591224,887.90,887.90,887.90,887.90
19591225,896.58,896.58,896.58,896.58
19591226,880.83,880.83,880.83,880.83
19591228,874.88,874.88,874.88,874.88
19600104,869.34,869.34,869.34,869.34
19600105,876.21,876.21,876.21,876.21
19600106,892.41,892.41,892.41,892.41
19600107,905.59,905.59,905.59,905.59
19600108,912.29,912.29,912.29,912.29
19600109,912.30,912.30,912.30,912.30
19600111,918.63,918.63,918.63,918.63
19600112,914.83,914.83,914.83,914.83
19600113,923.73,923.73,923.73,923.73
19600114,930.19,930.19,930.19,930.19
19600116,935.89,935.89,935.89,935.89
19600118,946.74,946.74,946.74,946.74
19600119,952.95,952.95,952.95,952.95
19600120,955.61,955.61,955.61,955.61
19600121,956.21,956.21,956.21,956.21
19600122,955.05,955.05,955.05,955.05
19600123,954.24,954.24,954.24,954.24
19600125,947.81,947.81,947.81,947.81
19600126,951.26,951.26,951.26,951.26
19600127,953.93,953.93,953.93,953.93
19600128,962.55,962.55,962.55,962.55
19600129,953.03,953.03,953.03,953.03
19600130,957.13,957.13,957.13,957.13
19600201,962.70,962.70,962.70,962.70
19600202,959.48,959.48,959.48,959.48
19600203,958.98,958.98,958.98,958.98
19600204,960.70,960.70,960.70,960.70
19600205,964.56,964.56,964.56,964.56
19600206,968.57,968.57,968.57,968.57
19600208,977.11,977.11,977.11,977.11
19600209,983.29,983.29,983.29,983.29
19600210,985.98,985.98,985.98,985.98
19600211,990.89,990.89,990.89,990.89
19600212,986.10,986.10,986.10,986.10
19600213,987.92,987.92,987.92,987.92
19600215,987.56,987.56,987.56,987.56
19600216,992.51,992.51,992.51,992.51
19600217,988.12,988.12,988.12,988.12
19600218,976.59,976.59,976.59,976.59
19600219,991.80,991.80,991.80,991.80
19600220,1002.46,1002.46,1002.46,1002.46
19600222,1004.33,1004.33,1004.33,1004.33
19600223,1001.22,1001.22,1001.22,1001.22
19600224,993.52,993.52,993.52,993.52
19600225,998.11,998.11,998.11,998.11
19600226,1007.04,1007.04,1007.04,1007.04
19600227,1007.46,1007.46,1007.46,1007.46
19600229,1015.06,1015.06,1015.06,1015.06
19600301,1025.02,1025.02,1025.02,1025.02
19600302,1029.46,1029.46,1029.46,1029.46
19600303,1032.30,1032.30,1032.30,1032.30
19600304,1025.60,1025.60,1025.60,1025.60
19600305,1027.82,1027.82,1027.82,1027.82
19600307,1025.06,1025.06,1025.06,1025.06
19600308,1032.07,1032.07,1032.07,1032.07
19600309,1025.06,1025.06,1025.06,1025.06
19600310,1008.16,1008.16,1008.16,1008.16
19600311,1010.04,1010.04,1010.04,1010.04
19600312,1016.62,1016.62,1016.62,1016.62
19600314,1006.06,1006.06,1006.06,1006.06
19600315,1007.09,1007.09,1007.09,1007.09
19600316,1009.42,1009.42,1009.42,1009.42
19600317,1023.18,1023.18,1023.18,1023.18
19600318,1021.33,1021.33,1021.33,1021.33
19600319,1017.48,1017.48,1017.48,1017.48
19600321,1024.06,1024.06,1024.06,1024.06
19600322,1033.06,1033.06,1033.06,1033.06
19600323,1033.30,1033.30,1033.30,1033.30
19600324,1039.52,1039.52,1039.52,1039.52
19600325,1040.93,1040.93,1040.93,1040.93
19600326,1038.48,1038.48,1038.48,1038.48
19600328,1039.58,1039.58,1039.58,1039.58
19600329,1047.28,1047.28,1047.28,1047.28
19600330,1060.47,1060.47,1060.47,1060.47
19600331,1059.49,1059.49,1059.49,1059.49
19600401,1062.25,1062.25,1062.25,1062.25
19600402,1071.92,1071.92,1071.92,1071.92
19600404,1074.41,1074.41,1074.41,1074.41
19600405,1069.28,1069.28,1069.28,1069.28
19600406,1075.39,1075.39,1075.39,1075.39
19600407,1069.61,1069.61,1069.61,1069.61
19600408,1074.24,1074.24,1074.24,1074.24
19600409,1073.26,1073.26,1073.26,1073.26
19600411,1071.99,1071.99,1071.99,1071.99
19600412,1071.47,1071.47,1071.47,1071.47
19600413,1052.23,1052.23,1052.23,1052.23
19600414,1066.82,1066.82,1066.82,1066.82
19600415,1059.06,1059.06,1059.06,1059.06
19600416,1067.11,1067.11,1067.11,1067.11
19600418,1078.45,1078.45,1078.45,1078.45
19600419,1089.04,1089.04,1089.04,1089.04
19600420,1087.89,1087.89,1087.89,1087.89
19600421,1094.73,1094.73,1094.73,1094.73
19600422,1090.28,1090.28,1090.28,1090.28
19600423,1088.12,1088.12,1088.12,1088.12
19600425,1087.57,1087.57,1087.57,1087.57
19600426,1089.36,1089.36,1089.36,1089.36
19600427,1092.12,1092.12,1092.12,1092.12
19600428,1092.04,1092.04,1092.04,1092.04
19600430,1091.21,1091.21,1091.21,1091.21
19600502,1101.95,1101.95,1101.95,1101.95
19600504,1102.13,1102.13,1102.13,1102.13
19600506,1099.43,1099.43,1099.43,1099.43
19600507,1109.47,1109.47,1109.47,1109.47
19600509,1101.17,1101.17,1101.17,1101.17
19600510,1075.93,1075.93,1075.93,1075.93
19600511,1095.65,1095.65,1095.65,1095.65
19600512,1088.68,1088.68,1088.68,1088.68
19600513,1069.27,1069.27,1069.27,1069.27
19600514,1065.67,1065.67,1065.67,1065.67
19600516,1067.10,1067.10,1067.10,1067.10
19600517,1030.36,1030.36,1030.36,1030.36
19600518,1035.96,1035.96,1035.96,1035.96
19600519,1055.50,1055.50,1055.50,1055.50
19600520,1048.96,1048.96,1048.96,1048.96
19600521,1041.59,1041.59,1041.59,1041.59
19600523,1015.33,1015.33,1015.33,1015.33
19600524,1022.43,1022.43,1022.43,1022.43
19600525,1028.29,1028.29,1028.29,1028.29
19600526,1018.93,1018.93,1018.93,1018.93
19600527,1002.88,1002.88,1002.88,1002.88
19600528,1004.49,1004.49,1004.49,1004.49
19600530,1001.10,1001.10,1001.10,1001.10
19600531,988.47,988.47,988.47,988.47
19600601,971.93,971.93,971.93,971.93
19600602,967.22,967.22,967.22,967.22
19600603,1006.48,1006.48,1006.48,1006.48
19600604,1018.99,1018.99,1018.99,1018.99
19600606,1032.44,1032.44,1032.44,1032.44
19600607,1043.98,1043.98,1043.98,1043.98
19600608,1060.22,1060.22,1060.22,1060.22
19600609,1053.10,1053.10,1053.10,1053.10
19600610,1051.01,1051.01,1051.01,1051.01
19600611,1046.63,1046.63,1046.63,1046.63
19600613,1054.20,1054.20,1054.20,1054.20
19600614,1060.43,1060.43,1060.43,1060.43
19600615,1056.72,1056.72,1056.72,1056.72
19600616,1020.02,1020.02,1020.02,1020.02
19600617,1010.17,1010.17,1010.17,1010.17
19600618,1024.84,1024.84,1024.84,1024.84
19600620,1022.43,1022.43,1022.43,1022.43
19600621,1030.52,1030.52,1030.52,1030.52
19600622,1052.06,1052.06,1052.06,1052.06
19600623,1055.20,1055.20,1055.20,1055.20
19600624,1058.00,1058.00,1058.00,1058.00
19600625,1061.04,1061.04,1061.04,1061.04
19600627,1058.52,1058.52,1058.52,1058.52
19600628,1065.57,1065.57,1065.57,1065.57
19600629,1080.48,1080.48,1080.48,1080.48
19600630,1089.63,1089.63,1089.63,1089.63
19600701,1092.16,1092.16,1092.16,1092.16
19600702,1093.28,1093.28,1093.28,1093.28
19600704,1093.98,1093.98,1093.98,1093.98
19600705,1098.17,1098.17,1098.17,1098.17
19600706,1103.82,1103.82,1103.82,1103.82
19600707,1097.15,1097.15,1097.15,1097.15
19600708,1099.25,1099.25,1099.25,1099.25
19600709,1101.24,1101.24,1101.24,1101.24
19600711,1102.41,1102.41,1102.41,1102.41
19600712,1113.75,1113.75,1113.75,1113.75
19600713,1101.42,1101.42,1101.42,1101.42
19600714,1101.71,1101.71,1101.71,1101.71
19600715,1107.41,1107.41,1107.41,1107.41
19600716,1112.14,1112.14,1112.14,1112.14
19600718,1121.10,1121.10,1121.10,1121.10
19600719,1115.65,1115.65,1115.65,1115.65
19600720,1108.25,1108.25,1108.25,1108.25
19600721,1111.55,1111.55,1111.55,1111.55
19600722,1111.01,1111.01,1111.01,1111.01
19600723,1104.29,1104.29,1104.29,1104.29
19600725,1091.56,1091.56,1091.56,1091.56
19600726,1091.08,1091.08,1091.08,1091.08
19600727,1093.96,1093.96,1093.96,1093.96
19600728,1098.33,1098.33,1098.33,1098.33
19600729,1093.37,1093.37,1093.37,1093.37
19600730,1097.09,1097.09,1097.09,1097.09
19600801,1097.29,1097.29,1097.29,1097.29
19600802,1100.97,1100.97,1100.97,1100.97
19600803,1108.89,1108.89,1108.89,1108.89
19600804,1114.39,1114.39,1114.39,1114.39
19600805,1121.68,1121.68,1121.68,1121.68
19600806,1121.25,1121.25,1121.25,1121.25
19600808,1120.12,1120.12,1120.12,1120.12
19600809,1124.99,1124.99,1124.99,1124.99
19600810,1123.95,1123.95,1123.95,1123.95
19600811,1124.50,1124.50,1124.50,1124.50
19600812,1129.16,1129.16,1129.16,1129.16
19600813,1133.95,1133.95,1133.95,1133.95
19600815,1138.44,1138.44,1138.44,1138.44
19600816,1138.17,1138.17,1138.17,1138.17
19600817,1142.93,1142.93,1142.93,1142.93
19600818,1144.94,1144.94,1144.94,1144.94
19600819,1142.90,1142.90,1142.90,1142.90
19600820,1141.95,1141.95,1141.95,1141.95
19600822,1139.72,1139.72,1139.72,1139.72
19600823,1142.31,1142.31,1142.31,1142.31
19600824,1150.55,1150.55,1150.55,1150.55
19600825,1149.70,1149.70,1149.70,1149.70
19600826,1154.78,1154.78,1154.78,1154.78
19600827,1158.30,1158.30,1158.30,1158.30
19600829,1167.08,1167.08,1167.08,1167.08
19600830,1166.56,1166.56,1166.56,1166.56
19600831,1175.75,1175.75,1175.75,1175.75
19600901,1178.43,1178.43,1178.43,1178.43
19600902,1184.75,1184.75,1184.75,1184.75
19600903,1181.25,1181.25,1181.25,1181.25
19600905,1173.67,1173.67,1173.67,1173.67
19600906,1182.70,1182.70,1182.70,1182.70
19600907,1178.67,1178.67,1178.67,1178.67
19600908,1182.94,1182.94,1182.94,1182.94
19600909,1189.72,1189.72,1189.72,1189.72
19600910,1191.84,1191.84,1191.84,1191.84
19600912,1192.02,1192.02,1192.02,1192.02
19600913,1193.40,1193.40,1193.40,1193.40
19600914,1192.67,1192.67,1192.67,1192.67
19600915,1196.54,1196.54,1196.54,1196.54
19600916,1198.92,1198.92,1198.92,1198.92
19600917,1198.29,1198.29,1198.29,1198.29
19600919,1202.85,1202.85,1202.85,1202.85
19600920,1200.37,1200.37,1200.37,1200.37
19600921,1208.08,1208.08,1208.08,1208.08
19600922,1215.33,1215.33,1215.33,1215.33
19600924,1215.09,1215.09,1215.09,1215.09
19600926,1209.49,1209.49,1209.49,1209.49
19600927,1211.70,1211.70,1211.70,1211.70
19600928,1213.23,1213.23,1213.23,1213.23
19600929,1219.84,1219.84,1219.84,1219.84
19600930,1226.47,1226.47,1226.47,1226.47
19601001,1230.34,1230.34,1230.34,1230.34
19601003,1229.38,1229.38,1229.38,1229.38
19601004,1229.72,1229.72,1229.72,1229.72
19601005,1234.95,1234.95,1234.95,1234.95
19601006,1225.75,1225.75,1225.75,1225.75
19601007,1221.14,1221.14,1221.14,1221.14
19601008,1219.85,1219.85,1219.85,1219.85
19601010,1227.69,1227.69,1227.69,1227.69
19601011,1241.58,1241.58,1241.58,1241.58
19601012,1242.60,1242.60,1242.60,1242.60
19601013,1239.98,1239.98,1239.98,1239.98
19601014,1251.71,1251.71,1251.71,1251.71
19601015,1255.83,1255.83,1255.83,1255.83
19601017,1254.30,1254.30,1254.30,1254.30
19601018,1247.15,1247.15,1247.15,1247.15
19601019,1258.25,1258.25,1258.25,1258.25
19601020,1253.46,1253.46,1253.46,1253.46
19601021,1258.82,1258.82,1258.82,1258.82
19601022,1263.37,1263.37,1263.37,1263.37
19601024,1258.57,1258.57,1258.57,1258.57
19601025,1245.29,1245.29,1245.29,1245.29
19601026,1253.60,1253.60,1253.60,1253.60
19601027,1258.17,1258.17,1258.17,1258.17
19601028,1253.43,1253.43,1253.43,1253.43
19601029,1250.61,1250.61,1250.61,1250.61
19601031,1250.06,1250.06,1250.06,1250.06
19601101,1262.05,1262.05,1262.05,1262.05
19601102,1272.14,1272.14,1272.14,1272.14
19601104,1284.63,1284.63,1284.63,1284.63
19601105,1287.12,1287.12,1287.12,1287.12
19601107,1294.57,1294.57,1294.57,1294.57
19601108,1299.44,1299.44,1299.44,1299.44
19601109,1301.17,1301.17,1301.17,1301.17
19601110,1307.84,1307.84,1307.84,1307.84
19601111,1309.93,1309.93,1309.93,1309.93
19601112,1316.88,1316.88,1316.88,1316.88
19601114,1321.44,1321.44,1321.44,1321.44
19601115,1319.99,1319.99,1319.99,1319.99
19601116,1314.14,1314.14,1314.14,1314.14
19601117,1318.80,1318.80,1318.80,1318.80
19601118,1282.15,1282.15,1282.15,1282.15
19601119,1276.16,1276.16,1276.16,1276.16
19601121,1267.92,1267.92,1267.92,1267.92
19601122,1292.97,1292.97,1292.97,1292.97
19601124,1305.47,1305.47,1305.47,1305.47
19601125,1300.66,1300.66,1300.66,1300.66
19601126,1294.21,1294.21,1294.21,1294.21
19601128,1268.49,1268.49,1268.49,1268.49
19601129,1278.09,1278.09,1278.09,1278.09
19601130,1287.17,1287.17,1287.17,1287.17
19601201,1309.65,1309.65,1309.65,1309.65
19601202,1314.82,1314.82,1314.82,1314.82
19601203,1319.97,1319.97,1319.97,1319.97
19601205,1317.70,1317.70,1317.70,1317.70
19601206,1294.39,1294.39,1294.39,1294.39
19601207,1307.49,1307.49,1307.49,1307.49
19601208,1305.13,1305.13,1305.13,1305.13
19601209,1307.45,1307.45,1307.45,1307.45
19601210,1310.16,1310.16,1310.16,1310.16
19601212,1292.45,1292.45,1292.45,1292.45
19601213,1277.17,1277.17,1277.17,1277.17
19601214,1297.48,1297.48,1297.48,1297.48
19601215,1294.88,1294.88,1294.88,1294.88
19601216,1301.79,1301.79,1301.79,1301.79
19601217,1302.90,1302.90,1302.90,1302.90
19601219,1288.46,1288.46,1288.46,1288.46
19601220,1287.89,1287.89,1287.89,1287.89
19601221,1289.96,1289.96,1289.96,1289.96
19601222,1301.82,1301.82,1301.82,1301.82
19601223,1308.06,1308.06,1308.06,1308.06
19601224,1319.36,1319.36,1319.36,1319.36
19601226,1332.63,1332.63,1332.63,1332.63
19601227,1346.41,1346.41,1346.41,1346.41
19601228,1356.71,1356.71,1356.71,1356.71
19610104,1366.74,1366.74,1366.74,1366.74
19610105,1376.13,1376.13,1376.13,1376.13
19610106,1380.74,1380.74,1380.74,1380.74
19610107,1383.06,1383.06,1383.06,1383.06
19610109,1383.63,1383.63,1383.63,1383.63
19610110,1394.34,1394.34,1394.34,1394.34
19610111,1403.06,1403.06,1403.06,1403.06
19610112,1383.78,1383.78,1383.78,1383.78
19610113,1407.08,1407.08,1407.08,1407.08
19610114,1423.51,1423.51,1423.51,1423.51
19610116,1437.91,1437.91,1437.91,1437.91
19610117,1444.90,1444.90,1444.90,1444.90
19610118,1440.92,1440.92,1440.92,1440.92
19610119,1449.31,1449.31,1449.31,1449.31
19610120,1464.94,1464.94,1464.94,1464.94
19610121,1466.93,1466.93,1466.93,1466.93
19610123,1474.63,1474.63,1474.63,1474.63
19610124,1468.16,1468.16,1468.16,1468.16
19610125,1478.25,1478.25,1478.25,1478.25
19610126,1482.99,1482.99,1482.99,1482.99
19610127,1486.52,1486.52,1486.52,1486.52
19610128,1490.15,1490.15,1490.15,1490.15
19610130,1501.50,1501.50,1501.50,1501.50
19610131,1493.85,1493.85,1493.85,1493.85
19610201,1514.80,1514.80,1514.80,1514.80
19610202,1517.86,1517.86,1517.86,1517.86
19610203,1526.14,1526.14,1526.14,1526.14
19610204,1534.13,1534.13,1534.13,1534.13
19610206,1552.17,1552.17,1552.17,1552.17
19610207,1544.04,1544.04,1544.04,1544.04
19610208,1543.60,1543.60,1543.60,1543.60
19610209,1557.01,1557.01,1557.01,1557.01
19610210,1553.17,1553.17,1553.17,1553.17
19610211,1558.32,1558.32,1558.32,1558.32
19610213,1569.56,1569.56,1569.56,1569.56
19610214,1581.64,1581.64,1581.64,1581.64
19610215,1587.67,1587.67,1587.67,1587.67
19610216,1575.23,1575.23,1575.23,1575.23
19610217,1567.16,1567.16,1567.16,1567.16
19610218,1574.29,1574.29,1574.29,1574.29
19610220,1580.40,1580.40,1580.40,1580.40
19610221,1565.49,1565.49,1565.49,1565.49
19610222,1562.66,1562.66,1562.66,1562.66
19610223,1575.60,1575.60,1575.60,1575.60
19610224,1573.81,1573.81,1573.81,1573.81
19610225,1566.75,1566.75,1566.75,1566.75
19610227,1545.13,1545.13,1545.13,1545.13
19610228,1524.53,1524.53,1524.53,1524.53
19610301,1536.83,1536.83,1536.83,1536.83
19610302,1543.53,1543.53,1543.53,1543.53
19610303,1551.87,1551.87,1551.87,1551.87
19610304,1554.61,1554.61,1554.61,1554.61
19610306,1544.04,1544.04,1544.04,1544.04
19610307,1538.70,1538.70,1538.70,1538.70
19610308,1516.90,1516.90,1516.90,1516.90
19610309,1485.98,1485.98,1485.98,1485.98
19610310,1511.19,1511.19,1511.19,1511.19
19610311,1525.26,1525.26,1525.26,1525.26
19610313,1511.46,1511.46,1511.46,1511.46
19610314,1491.89,1491.89,1491.89,1491.89
19610315,1493.13,1493.13,1493.13,1493.13
19610316,1481.38,1481.38,1481.38,1481.38
19610317,1488.42,1488.42,1488.42,1488.42
19610318,1499.26,1499.26,1499.26,1499.26
19610320,1487.49,1487.49,1487.49,1487.49
19610322,1480.79,1480.79,1480.79,1480.79
19610323,1500.34,1500.34,1500.34,1500.34
19610324,1526.28,1526.28,1526.28,1526.28
19610325,1531.47,1531.47,1531.47,1531.47
19610327,1537.16,1537.16,1537.16,1537.16
19610328,1564.63,1564.63,1564.63,1564.63
19610329,1577.22,1577.22,1577.22,1577.22
19610330,1583.38,1583.38,1583.38,1583.38
19610331,1587.10,1587.10,1587.10,1587.10
19610401,1590.50,1590.50,1590.50,1590.50
19610403,1599.66,1599.66,1599.66,1599.66
19610404,1591.28,1591.28,1591.28,1591.28
19610405,1589.93,1589.93,1589.93,1589.93
19610406,1588.70,1588.70,1588.70,1588.70
19610407,1603.64,1603.64,1603.64,1603.64
19610408,1609.86,1609.86,1609.86,1609.86
19610410,1619.59,1619.59,1619.59,1619.59
19610411,1631.91,1631.91,1631.91,1631.91
19610412,1630.67,1630.67,1630.67,1630.67
19610413,1635.61,1635.61,1635.61,1635.61
19610414,1648.84,1648.84,1648.84,1648.84
19610415,1649.59,1649.59,1649.59,1649.59
19610417,1664.14,1664.14,1664.14,1664.14
19610418,1664.35,1664.35,1664.35,1664.35
19610419,1673.99,1673.99,1673.99,1673.99
19610420,1664.94,1664.94,1664.94,1664.94
19610421,1652.30,1652.30,1652.30,1652.30
19610422,1662.94,1662.94,1662.94,1662.94
19610424,1665.78,1665.78,1665.78,1665.78
19610425,1650.87,1650.87,1650.87,1650.87
19610426,1658.48,1658.48,1658.48,1658.48
19610427,1646.86,1646.86,1646.86,1646.86
19610428,1645.55,1645.55,1645.55,1645.55
19610501,1646.95,1646.95,1646.95,1646.95
19610502,1637.44,1637.44,1637.44,1637.44
19610504,1663.05,1663.05,1663.05,1663.05
19610506,1682.08,1682.08,1682.08,1682.08
19610508,1675.33,1675.33,1675.33,1675.33
19610509,1684.97,1684.97,1684.97,1684.97
19610510,1692.45,1692.45,1692.45,1692.45
19610511,1685.86,1685.86,1685.86,1685.86
19610512,1687.82,1687.82,1687.82,1687.82
19610513,1696.72,1696.72,1696.72,1696.72
19610515,1696.71,1696.71,1696.71,1696.71
19610516,1700.72,1700.72,1700.72,1700.72
19610517,1703.36,1703.36,1703.36,1703.36
19610518,1689.41,1689.41,1689.41,1689.41
19610519,1662.39,1662.39,1662.39,1662.39
19610520,1642.81,1642.81,1642.81,1642.81
19610522,1650.77,1650.77,1650.77,1650.77
19610523,1676.53,1676.53,1676.53,1676.53
19610524,1654.53,1654.53,1654.53,1654.53
19610525,1661.16,1661.16,1661.16,1661.16
19610526,1670.22,1670.22,1670.22,1670.22
19610527,1677.33,1677.33,1677.33,1677.33
19610529,1682.40,1682.40,1682.40,1682.40
19610530,1675.15,1675.15,1675.15,1675.15
19610531,1679.33,1679.33,1679.33,1679.33
19610601,1648.86,1648.86,1648.86,1648.86
19610602,1635.34,1635.34,1635.34,1635.34
19610603,1639.07,1639.07,1639.07,1639.07
19610605,1635.12,1635.12,1635.12,1635.12
19610606,1603.55,1603.55,1603.55,1603.55
19610607,1579.73,1579.73,1579.73,1579.73
19610608,1620.66,1620.66,1620.66,1620.66
19610609,1625.04,1625.04,1625.04,1625.04
19610610,1613.67,1613.67,1613.67,1613.67
19610612,1616.75,1616.75,1616.75,1616.75
19610613,1620.96,1620.96,1620.96,1620.96
19610614,1618.51,1618.51,1618.51,1618.51
19610615,1649.25,1649.25,1649.25,1649.25
19610616,1639.66,1639.66,1639.66,1639.66
19610617,1647.14,1647.14,1647.14,1647.14
19610619,1663.15,1663.15,1663.15,1663.15
19610620,1670.68,1670.68,1670.68,1670.68
19610621,1677.41,1677.41,1677.41,1677.41
19610622,1687.29,1687.29,1687.29,1687.29
19610623,1697.24,1697.24,1697.24,1697.24
19610624,1706.27,1706.27,1706.27,1706.27
19610626,1715.16,1715.16,1715.16,1715.16
19610627,1727.16,1727.16,1727.16,1727.16
19610628,1734.82,1734.82,1734.82,1734.82
19610629,1726.91,1726.91,1726.91,1726.91
19610630,1737.05,1737.05,1737.05,1737.05
19610701,1742.14,1742.14,1742.14,1742.14
19610703,1760.72,1760.72,1760.72,1760.72
19610704,1767.01,1767.01,1767.01,1767.01
19610705,1777.66,1777.66,1777.66,1777.66
19610706,1781.61,1781.61,1781.61,1781.61
19610707,1781.61,1781.61,1781.61,1781.61
19610708,1784.26,1784.26,1784.26,1784.26
19610710,1795.31,1795.31,1795.31,1795.31
19610711,1793.45,1793.45,1793.45,1793.45
19610712,1806.47,1806.47,1806.47,1806.47
19610713,1810.97,1810.97,1810.97,1810.97
19610714,1822.02,1822.02,1822.02,1822.02
19610715,1817.06,1817.06,1817.06,1817.06
19610717,1811.95,1811.95,1811.95,1811.95
19610718,1829.74,1829.74,1829.74,1829.74
19610719,1804.06,1804.06,1804.06,1804.06
19610720,1818.15,1818.15,1818.15,1818.15
19610721,1772.43,1772.43,1772.43,1772.43
19610722,1777.85,1777.85,1777.85,1777.85
19610724,1793.19,1793.19,1793.19,1793.19
19610725,1785.36,1785.36,1785.36,1785.36
19610726,1773.71,1773.71,1773.71,1773.71
19610727,1761.17,1761.17,1761.17,1761.17
19610728,1768.24,1768.24,1768.24,1768.24
19610729,1766.74,1766.74,1766.74,1766.74
19610731,1745.26,1745.26,1745.26,1745.26
19610801,1752.79,1752.79,1752.79,1752.79
19610802,1763.89,1763.89,1763.89,1763.89
19610803,1729.85,1729.85,1729.85,1729.85
19610804,1720.47,1720.47,1720.47,1720.47
19610805,1718.97,1718.97,1718.97,1718.97
19610807,1691.82,1691.82,1691.82,1691.82
19610808,1702.23,1702.23,1702.23,1702.23
19610809,1673.18,1673.18,1673.18,1673.18
19610810,1660.04,1660.04,1660.04,1660.04
19610811,1712.85,1712.85,1712.85,1712.85
19610812,1733.12,1733.12,1733.12,1733.12
19610814,1727.80,1727.80,1727.80,1727.80
19610815,1739.19,1739.19,1739.19,1739.19
19610816,1739.34,1739.34,1739.34,1739.34
19610817,1735.07,1735.07,1735.07,1735.07
19610818,1721.01,1721.01,1721.01,1721.01
19610819,1729.93,1729.93,1729.93,1729.93
19610821,1721.56,1721.56,1721.56,1721.56
19610822,1707.51,1707.51,1707.51,1707.51
19610823,1684.98,1684.98,1684.98,1684.98
19610824,1679.41,1679.41,1679.41,1679.41
19610825,1689.02,1689.02,1689.02,1689.02
19610826,1679.44,1679.44,1679.44,1679.44
19610828,1663.92,1663.92,1663.92,1663.92
19610829,1642.68,1642.68,1642.68,1642.68
19610830,1615.37,1615.37,1615.37,1615.37
19610831,1602.37,1602.37,1602.37,1602.37
19610901,1615.49,1615.49,1615.49,1615.49
19610902,1621.21,1621.21,1621.21,1621.21
19610904,1614.94,1614.94,1614.94,1614.94
19610905,1588.52,1588.52,1588.52,1588.52
19610906,1544.58,1544.58,1544.58,1544.58
19610907,1573.89,1573.89,1573.89,1573.89
19610908,1605.47,1605.47,1605.47,1605.47
19610909,1613.03,1613.03,1613.03,1613.03
19610911,1585.93,1585.93,1585.93,1585.93
19610912,1573.25,1573.25,1573.25,1573.25
19610913,1546.24,1546.24,1546.24,1546.24
19610914,1509.68,1509.68,1509.68,1509.68
19610915,1515.98,1515.98,1515.98,1515.98
19610916,1520.39,1520.39,1520.39,1520.39
19610918,1482.02,1482.02,1482.02,1482.02
19610919,1507.78,1507.78,1507.78,1507.78
19610920,1509.03,1509.03,1509.03,1509.03
19610921,1495.59,1495.59,1495.59,1495.59
19610922,1489.74,1489.74,1489.74,1489.74
19610925,1488.47,1488.47,1488.47,1488.47
19610926,1506.95,1506.95,1506.95,1506.95
19610927,1499.69,1499.69,1499.69,1499.69
19610928,1525.06,1525.06,1525.06,1525.06
19610929,1524.73,1524.73,1524.73,1524.73
19610930,1526.03,1526.03,1526.03,1526.03
19611002,1486.52,1486.52,1486.52,1486.52
19611003,1465.08,1465.08,1465.08,1465.08
19611004,1420.31,1420.31,1420.31,1420.31
19611005,1420.85,1420.85,1420.85,1420.85
19611006,1395.31,1395.31,1395.31,1395.31
19611007,1398.13,1398.13,1398.13,1398.13
19611009,1345.40,1345.40,1345.40,1345.40
19611010,1373.70,1373.70,1373.70,1373.70
19611011,1398.88,1398.88,1398.88,1398.88
19611012,1386.04,1386.04,1386.04,1386.04
19611013,1402.64,1402.64,1402.64,1402.64
19611014,1414.33,1414.33,1414.33,1414.33
19611016,1409.79,1409.79,1409.79,1409.79
19611017,1381.66,1381.66,1381.66,1381.66
19611018,1356.12,1356.12,1356.12,1356.12
19611019,1315.55,1315.55,1315.55,1315.55
19611020,1325.46,1325.46,1325.46,1325.46
19611021,1305.68,1305.68,1305.68,1305.68
19611023,1299.76,1299.76,1299.76,1299.76
19611024,1308.99,1308.99,1308.99,1308.99
19611025,1348.38,1348.38,1348.38,1348.38
19611026,1349.48,1349.48,1349.48,1349.48
19611027,1333.99,1333.99,1333.99,1333.99
19611028,1324.41,1324.41,1324.41,1324.41
19611030,1322.11,1322.11,1322.11,1322.11
19611031,1329.51,1329.51,1329.51,1329.51
19611101,1360.15,1360.15,1360.15,1360.15
19611102,1367.56,1367.56,1367.56,1367.56
19611104,1368.46,1368.46,1368.46,1368.46
19611106,1388.30,1388.30,1388.30,1388.30
19611107,1413.50,1413.50,1413.50,1413.50
19611108,1428.83,1428.83,1428.83,1428.83
19611109,1417.63,1417.63,1417.63,1417.63
19611110,1426.95,1426.95,1426.95,1426.95
19611111,1417.54,1417.54,1417.54,1417.54
19611113,1398.75,1398.75,1398.75,1398.75
19611114,1399.32,1399.32,1399.32,1399.32
19611115,1388.88,1388.88,1388.88,1388.88
19611116,1397.86,1397.86,1397.86,1397.86
19611117,1391.08,1391.08,1391.08,1391.08
19611118,1381.62,1381.62,1381.62,1381.62
19611120,1376.80,1376.80,1376.80,1376.80
19611121,1373.51,1373.51,1373.51,1373.51
19611122,1376.18,1376.18,1376.18,1376.18
19611124,1367.47,1367.47,1367.47,1367.47
19611125,1360.25,1360.25,1360.25,1360.25
19611127,1342.45,1342.45,1342.45,1342.45
19611128,1327.33,1327.33,1327.33,1327.33
19611129,1303.15,1303.15,1303.15,1303.15
19611130,1325.78,1325.78,1325.78,1325.78
19611201,1333.96,1333.96,1333.96,1333.96
19611202,1337.36,1337.36,1337.36,1337.36
19611204,1327.35,1327.35,1327.35,1327.35
19611205,1332.91,1332.91,1332.91,1332.91
19611206,1317.72,1317.72,1317.72,1317.72
19611207,1298.69,1298.69,1298.69,1298.69
19611208,1296.68,1296.68,1296.68,1296.68
19611209,1299.57,1299.57,1299.57,1299.57
19611211,1281.65,1281.65,1281.65,1281.65
19611212,1279.21,1279.21,1279.21,1279.21
19611213,1291.19,1291.19,1291.19,1291.19
19611214,1272.59,1272.59,1272.59,1272.59
19611215,1267.59,1267.59,1267.59,1267.59
19611216,1269.87,1269.87,1269.87,1269.87
19611218,1263.47,1263.47,1263.47,1263.47
19611219,1258.00,1258.00,1258.00,1258.00
19611220,1281.63,1281.63,1281.63,1281.63
19611221,1327.54,1327.54,1327.54,1327.54
19611222,1345.23,1345.23,1345.23,1345.23
19611223,1354.37,1354.37,1354.37,1354.37
19611225,1384.37,1384.37,1384.37,1384.37
19611226,1398.84,1398.84,1398.84,1398.84
19611227,1421.34,1421.34,1421.34,1421.34
19611228,1432.60,1432.60,1432.60,1432.60
19620104,1425.30,1425.30,1425.30,1425.30
19620105,1403.07,1403.07,1403.07,1403.07
19620106,1414.84,1414.84,1414.84,1414.84
19620108,1426.12,1426.12,1426.12,1426.12
19620109,1430.75,1430.75,1430.75,1430.75
19620110,1434.76,1434.76,1434.76,1434.76
19620111,1461.79,1461.79,1461.79,1461.79
19620112,1461.29,1461.29,1461.29,1461.29
19620113,1467.21,1467.21,1467.21,1467.21
19620116,1477.46,1477.46,1477.46,1477.46
19620117,1467.31,1467.31,1467.31,1467.31
19620118,1478.98,1478.98,1478.98,1478.98
19620119,1483.38,1483.38,1483.38,1483.38
19620120,1491.55,1491.55,1491.55,1491.55
19620122,1496.54,1496.54,1496.54,1496.54
19620123,1488.35,1488.35,1488.35,1488.35
19620124,1504.01,1504.01,1504.01,1504.01
19620125,1511.53,1511.53,1511.53,1511.53
19620126,1497.01,1497.01,1497.01,1497.01
19620127,1509.25,1509.25,1509.25,1509.25
19620129,1508.37,1508.37,1508.37,1508.37
19620130,1497.52,1497.52,1497.52,1497.52
19620131,1511.14,1511.14,1511.14,1511.14
19620201,1518.04,1518.04,1518.04,1518.04
19620202,1526.82,1526.82,1526.82,1526.82
19620203,1536.87,1536.87,1536.87,1536.87
19620205,1549.86,1549.86,1549.86,1549.86
19620206,1536.86,1536.86,1536.86,1536.86
19620207,1552.70,1552.70,1552.70,1552.70
19620208,1566.18,1566.18,1566.18,1566.18
19620209,1578.52,1578.52,1578.52,1578.52
19620210,1574.09,1574.09,1574.09,1574.09
19620212,1573.70,1573.70,1573.70,1573.70
19620213,1577.89,1577.89,1577.89,1577.89
19620214,1589.76,1589.76,1589.76,1589.76
19620215,1577.82,1577.82,1577.82,1577.82
19620216,1550.45,1550.45,1550.45,1550.45
19620217,1525.46,1525.46,1525.46,1525.46
19620219,1528.26,1528.26,1528.26,1528.26
19620220,1532.21,1532.21,1532.21,1532.21
19620221,1525.26,1525.26,1525.26,1525.26
19620222,1521.24,1521.24,1521.24,1521.24
19620223,1526.65,1526.65,1526.65,1526.65
19620224,1508.85,1508.85,1508.85,1508.85
19620226,1492.44,1492.44,1492.44,1492.44
19620227,1480.28,1480.28,1480.28,1480.28
19620228,1502.88,1502.88,1502.88,1502.88
19620301,1479.83,1479.83,1479.83,1479.83
19620302,1472.33,1472.33,1472.33,1472.33
19620303,1477.22,1477.22,1477.22,1477.22
19620305,1482.27,1482.27,1482.27,1482.27
19620306,1499.36,1499.36,1499.36,1499.36
19620307,1505.12,1505.12,1505.12,1505.12
19620308,1496.50,1496.50,1496.50,1496.50
19620309,1484.32,1484.32,1484.32,1484.32
19620310,1481.10,1481.10,1481.10,1481.10
19620312,1477.14,1477.14,1477.14,1477.14
19620313,1475.15,1475.15,1475.15,1475.15
19620314,1454.60,1454.60,1454.60,1454.60
19620315,1457.06,1457.06,1457.06,1457.06
19620316,1484.90,1484.90,1484.90,1484.90
19620317,1486.41,1486.41,1486.41,1486.41
19620319,1497.31,1497.31,1497.31,1497.31
19620320,1494.24,1494.24,1494.24,1494.24
19620322,1510.02,1510.02,1510.02,1510.02
19620323,1514.93,1514.93,1514.93,1514.93
19620324,1514.21,1514.21,1514.21,1514.21
19620326,1503.28,1503.28,1503.28,1503.28
19620327,1508.36,1508.36,1508.36,1508.36
19620328,1477.43,1477.43,1477.43,1477.43
19620329,1476.89,1476.89,1476.89,1476.89
19620330,1436.01,1436.01,1436.01,1436.01
19620331,1449.78,1449.78,1449.78,1449.78
19620402,1420.36,1420.36,1420.36,1420.36
19620403,1424.09,1424.09,1424.09,1424.09
19620404,1417.15,1417.15,1417.15,1417.15
19620405,1405.97,1405.97,1405.97,1405.97
19620406,1401.06,1401.06,1401.06,1401.06
19620407,1382.21,1382.21,1382.21,1382.21
19620409,1390.78,1390.78,1390.78,1390.78
19620410,1386.53,1386.53,1386.53,1386.53
19620411,1419.93,1419.93,1419.93,1419.93
19620412,1413.50,1413.50,1413.50,1413.50
19620413,1421.91,1421.91,1421.91,1421.91
19620414,1425.34,1425.34,1425.34,1425.34
19620416,1406.35,1406.35,1406.35,1406.35
19620417,1391.26,1391.26,1391.26,1391.26
19620418,1359.85,1359.85,1359.85,1359.85
19620419,1370.76,1370.76,1370.76,1370.76
19620420,1377.02,1377.02,1377.02,1377.02
19620421,1368.08,1368.08,1368.08,1368.08
19620423,1343.85,1343.85,1343.85,1343.85
19620424,1349.21,1349.21,1349.21,1349.21
19620425,1342.30,1342.30,1342.30,1342.30
19620426,1361.70,1361.70,1361.70,1361.70
19620427,1381.73,1381.73,1381.73,1381.73
19620428,1379.73,1379.73,1379.73,1379.73
19620430,1378.42,1378.42,1378.42,1378.42
19620501,1369.02,1369.02,1369.02,1369.02
19620502,1366.87,1366.87,1366.87,1366.87
19620504,1372.48,1372.48,1372.48,1372.48
19620507,1375.18,1375.18,1375.18,1375.18
19620508,1397.80,1397.80,1397.80,1397.80
19620509,1413.94,1413.94,1413.94,1413.94
19620510,1442.01,1442.01,1442.01,1442.01
19620511,1445.89,1445.89,1445.89,1445.89
19620512,1431.37,1431.37,1431.37,1431.37
19620514,1426.94,1426.94,1426.94,1426.94
19620515,1439.36,1439.36,1439.36,1439.36
19620516,1435.77,1435.77,1435.77,1435.77
19620517,1426.80,1426.80,1426.80,1426.80
19620518,1409.32,1409.32,1409.32,1409.32
19620519,1412.84,1412.84,1412.84,1412.84
19620521,1420.03,1420.03,1420.03,1420.03
19620522,1413.95,1413.95,1413.95,1413.95
19620523,1400.09,1400.09,1400.09,1400.09
19620524,1394.02,1394.02,1394.02,1394.02
19620525,1403.00,1403.00,1403.00,1403.00
19620526,1403.89,1403.89,1403.89,1403.89
19620528,1393.45,1393.45,1393.45,1393.45
19620529,1375.69,1375.69,1375.69,1375.69
19620530,1362.30,1362.30,1362.30,1362.30
19620531,1367.08,1367.08,1367.08,1367.08
19620601,1384.50,1384.50,1384.50,1384.50
19620602,1397.52,1397.52,1397.52,1397.52
19620604,1395.32,1395.32,1395.32,1395.32
19620605,1400.60,1400.60,1400.60,1400.60
19620606,1416.75,1416.75,1416.75,1416.75
19620607,1422.00,1422.00,1422.00,1422.00
19620608,1436.04,1436.04,1436.04,1436.04
19620609,1435.99,1435.99,1435.99,1435.99
19620611,1437.74,1437.74,1437.74,1437.74
19620612,1441.63,1441.63,1441.63,1441.63
19620613,1434.70,1434.70,1434.70,1434.70
19620614,1433.39,1433.39,1433.39,1433.39
19620615,1432.34,1432.34,1432.34,1432.34
19620616,1434.36,1434.36,1434.36,1434.36
19620618,1438.79,1438.79,1438.79,1438.79
19620619,1440.79,1440.79,1440.79,1440.79
19620620,1433.42,1433.42,1433.42,1433.42
19620621,1431.84,1431.84,1431.84,1431.84
19620622,1426.27,1426.27,1426.27,1426.27
19620623,1418.39,1418.39,1418.39,1418.39
19620625,1406.97,1406.97,1406.97,1406.97
19620626,1423.18,1423.18,1423.18,1423.18
19620627,1429.61,1429.61,1429.61,1429.61
19620628,1436.64,1436.64,1436.64,1436.64
19620629,1441.91,1441.91,1441.91,1441.91
19620630,1450.25,1450.25,1450.25,1450.25
19620702,1462.22,1462.22,1462.22,1462.22
19620703,1475.93,1475.93,1475.93,1475.93
19620704,1474.03,1474.03,1474.03,1474.03
19620705,1477.68,1477.68,1477.68,1477.68
19620706,1485.87,1485.87,1485.87,1485.87
19620707,1486.44,1486.44,1486.44,1486.44
19620709,1487.20,1487.20,1487.20,1487.20
19620710,1474.83,1474.83,1474.83,1474.83
19620711,1468.00,1468.00,1468.00,1468.00
19620712,1460.80,1460.80,1460.80,1460.80
19620713,1469.30,1469.30,1469.30,1469.30
19620714,1475.70,1475.70,1475.70,1475.70
19620716,1477.79,1477.79,1477.79,1477.79
19620717,1466.45,1466.45,1466.45,1466.45
19620718,1479.12,1479.12,1479.12,1479.12
19620719,1469.11,1469.11,1469.11,1469.11
19620720,1453.15,1453.15,1453.15,1453.15
19620721,1452.18,1452.18,1452.18,1452.18
19620723,1433.86,1433.86,1433.86,1433.86
19620724,1440.56,1440.56,1440.56,1440.56
19620725,1450.26,1450.26,1450.26,1450.26
19620726,1437.32,1437.32,1437.32,1437.32
19620727,1426.35,1426.35,1426.35,1426.35
19620728,1407.19,1407.19,1407.19,1407.19
19620730,1421.81,1421.81,1421.81,1421.81
19620731,1410.40,1410.40,1410.40,1410.40
19620801,1412.11,1412.11,1412.11,1412.11
19620802,1416.12,1416.12,1416.12,1416.12
19620803,1410.35,1410.35,1410.35,1410.35
19620804,1409.00,1409.00,1409.00,1409.00
19620806,1389.79,1389.79,1389.79,1389.79
19620807,1384.86,1384.86,1384.86,1384.86
19620808,1385.71,1385.71,1385.71,1385.71
19620809,1382.87,1382.87,1382.87,1382.87
19620810,1410.73,1410.73,1410.73,1410.73
19620811,1425.43,1425.43,1425.43,1425.43
19620813,1421.95,1421.95,1421.95,1421.95
19620814,1418.79,1418.79,1418.79,1418.79
19620815,1419.61,1419.61,1419.61,1419.61
19620816,1411.95,1411.95,1411.95,1411.95
19620817,1420.07,1420.07,1420.07,1420.07
19620818,1429.27,1429.27,1429.27,1429.27
19620820,1432.29,1432.29,1432.29,1432.29
19620821,1420.48,1420.48,1420.48,1420.48
19620822,1412.76,1412.76,1412.76,1412.76
19620823,1413.36,1413.36,1413.36,1413.36
19620824,1411.69,1411.69,1411.69,1411.69
19620825,1405.11,1405.11,1405.11,1405.11
19620827,1403.34,1403.34,1403.34,1403.34
19620828,1410.99,1410.99,1410.99,1410.99
19620829,1424.92,1424.92,1424.92,1424.92
19620830,1424.55,1424.55,1424.55,1424.55
19620831,1416.97,1416.97,1416.97,1416.97
19620901,1412.07,1412.07,1412.07,1412.07
19620903,1399.72,1399.72,1399.72,1399.72
19620904,1389.87,1389.87,1389.87,1389.87
19620905,1380.20,1380.20,1380.20,1380.20
19620906,1386.99,1386.99,1386.99,1386.99
19620907,1379.13,1379.13,1379.13,1379.13
19620908,1357.05,1357.05,1357.05,1357.05
19620910,1340.92,1340.92,1340.92,1340.92
19620911,1345.84,1345.84,1345.84,1345.84
19620912,1329.81,1329.81,1329.81,1329.81
19620913,1346.66,1346.66,1346.66,1346.66
19620914,1357.71,1357.71,1357.71,1357.71
19620915,1354.41,1354.41,1354.41,1354.41
19620917,1339.82,1339.82,1339.82,1339.82
19620918,1338.51,1338.51,1338.51,1338.51
19620919,1328.57,1328.57,1328.57,1328.57
19620920,1326.26,1326.26,1326.26,1326.26
19620921,1329.80,1329.80,1329.80,1329.80
19620922,1339.56,1339.56,1339.56,1339.56
19620924,1328.37,1328.37,1328.37,1328.37
19620925,1322.02,1322.02,1322.02,1322.02
19620926,1296.55,1296.55,1296.55,1296.55
19620927,1320.02,1320.02,1320.02,1320.02
19620928,1306.32,1306.32,1306.32,1306.32
19620929,1289.61,1289.61,1289.61,1289.61
19621001,1261.79,1261.79,1261.79,1261.79
19621002,1246.06,1246.06,1246.06,1246.06
19621003,1240.16,1240.16,1240.16,1240.16
19621004,1279.93,1279.93,1279.93,1279.93
19621005,1307.40,1307.40,1307.40,1307.40
19621006,1315.36,1315.36,1315.36,1315.36
19621008,1327.77,1327.77,1327.77,1327.77
19621009,1314.00,1314.00,1314.00,1314.00
19621010,1302.48,1302.48,1302.48,1302.48
19621011,1281.87,1281.87,1281.87,1281.87
19621012,1293.52,1293.52,1293.52,1293.52
19621013,1286.38,1286.38,1286.38,1286.38
19621015,1272.76,1272.76,1272.76,1272.76
19621016,1266.53,1266.53,1266.53,1266.53
19621017,1245.52,1245.52,1245.52,1245.52
19621018,1270.15,1270.15,1270.15,1270.15
19621019,1262.21,1262.21,1262.21,1262.21
19621020,1266.48,1266.48,1266.48,1266.48
19621022,1255.57,1255.57,1255.57,1255.57
19621023,1238.48,1238.48,1238.48,1238.48
19621024,1243.86,1243.86,1243.86,1243.86
19621025,1240.45,1240.45,1240.45,1240.45
19621026,1244.48,1244.48,1244.48,1244.48
19621027,1236.50,1236.50,1236.50,1236.50
19621029,1216.04,1216.04,1216.04,1216.04
19621030,1217.04,1217.04,1217.04,1217.04
19621031,1259.52,1259.52,1259.52,1259.52
19621101,1286.09,1286.09,1286.09,1286.09
19621102,1321.72,1321.72,1321.72,1321.72
19621105,1329.45,1329.45,1329.45,1329.45
19621106,1354.84,1354.84,1354.84,1354.84
19621107,1371.63,1371.63,1371.63,1371.63
19621108,1395.32,1395.32,1395.32,1395.32
19621109,1391.23,1391.23,1391.23,1391.23
19621110,1405.96,1405.96,1405.96,1405.96
19621112,1429.65,1429.65,1429.65,1429.65
19621113,1403.47,1403.47,1403.47,1403.47
19621114,1412.74,1412.74,1412.74,1412.74
19621115,1422.36,1422.36,1422.36,1422.36
19621116,1427.48,1427.48,1427.48,1427.48
19621117,1428.24,1428.24,1428.24,1428.24
19621119,1416.88,1416.88,1416.88,1416.88
19621120,1403.17,1403.17,1403.17,1403.17
19621121,1392.65,1392.65,1392.65,1392.65
19621122,1421.55,1421.55,1421.55,1421.55
19621124,1431.19,1431.19,1431.19,1431.19
19621126,1432.44,1432.44,1432.44,1432.44
19621127,1446.54,1446.54,1446.54,1446.54
19621128,1439.69,1439.69,1439.69,1439.69
19621129,1454.71,1454.71,1454.71,1454.71
19621130,1441.82,1441.82,1441.82,1441.82
19621201,1443.41,1443.41,1443.41,1443.41
19621203,1457.11,1457.11,1457.11,1457.11
19621204,1447.46,1447.46,1447.46,1447.46
19621205,1435.60,1435.60,1435.60,1435.60
19621206,1434.66,1434.66,1434.66,1434.66
19621207,1441.21,1441.21,1441.21,1441.21
19621208,1436.98,1436.98,1436.98,1436.98
19621210,1423.01,1423.01,1423.01,1423.01
19621211,1411.32,1411.32,1411.32,1411.32
19621212,1419.76,1419.76,1419.76,1419.76
19621213,1437.62,1437.62,1437.62,1437.62
19621214,1432.34,1432.34,1432.34,1432.34
19621215,1437.83,1437.83,1437.83,1437.83
19621217,1432.74,1432.74,1432.74,1432.74
19621218,1420.25,1420.25,1420.25,1420.25
19621219,1431.57,1431.57,1431.57,1431.57
19621220,1441.43,1441.43,1441.43,1441.43
19621221,1441.83,1441.83,1441.83,1441.83
19621222,1434.06,1434.06,1434.06,1434.06
19621224,1430.04,1430.04,1430.04,1430.04
19621225,1429.57,1429.57,1429.57,1429.57
19621226,1432.31,1432.31,1432.31,1432.31
19621227,1422.81,1422.81,1422.81,1422.81
19621228,1420.43,1420.43,1420.43,1420.43
19630104,1418.25,1418.25,1418.25,1418.25
19630105,1400.58,1400.58,1400.58,1400.58
19630107,1391.22,1391.22,1391.22,1391.22
19630108,1409.01,1409.01,1409.01,1409.01
19630109,1421.27,1421.27,1421.27,1421.27
19630110,1412.28,1412.28,1412.28,1412.28
19630111,1398.76,1398.76,1398.76,1398.76
19630112,1408.40,1408.40,1408.40,1408.40
19630114,1416.33,1416.33,1416.33,1416.33
19630116,1413.75,1413.75,1413.75,1413.75
19630117,1422.94,1422.94,1422.94,1422.94
19630118,1435.68,1435.68,1435.68,1435.68
19630119,1455.59,1455.59,1455.59,1455.59
19630121,1473.79,1473.79,1473.79,1473.79
19630122,1463.20,1463.20,1463.20,1463.20
19630123,1453.94,1453.94,1453.94,1453.94
19630124,1468.29,1468.29,1468.29,1468.29
19630125,1468.88,1468.88,1468.88,1468.88
19630126,1475.25,1475.25,1475.25,1475.25
19630128,1469.61,1469.61,1469.61,1469.61
19630129,1463.30,1463.30,1463.30,1463.30
19630130,1452.49,1452.49,1452.49,1452.49
19630131,1458.47,1458.47,1458.47,1458.47
19630201,1464.70,1464.70,1464.70,1464.70
19630202,1465.36,1465.36,1465.36,1465.36
19630204,1470.71,1470.71,1470.71,1470.71
19630205,1483.22,1483.22,1483.22,1483.22
19630206,1495.24,1495.24,1495.24,1495.24
19630207,1498.65,1498.65,1498.65,1498.65
19630208,1497.96,1497.96,1497.96,1497.96
19630209,1502.26,1502.26,1502.26,1502.26
19630211,1510.96,1510.96,1510.96,1510.96
19630212,1495.14,1495.14,1495.14,1495.14
19630213,1497.29,1497.29,1497.29,1497.29
19630214,1492.73,1492.73,1492.73,1492.73
19630215,1485.95,1485.95,1485.95,1485.95
19630216,1478.45,1478.45,1478.45,1478.45
19630218,1475.78,1475.78,1475.78,1475.78
19630219,1484.22,1484.22,1484.22,1484.22
19630220,1493.58,1493.58,1493.58,1493.58
19630221,1490.14,1490.14,1490.14,1490.14
19630222,1495.38,1495.38,1495.38,1495.38
19630223,1489.59,1489.59,1489.59,1489.59
19630225,1482.98,1482.98,1482.98,1482.98
19630226,1488.58,1488.58,1488.58,1488.58
19630227,1490.22,1490.22,1490.22,1490.22
19630228,1500.51,1500.51,1500.51,1500.51
19630301,1508.18,1508.18,1508.18,1508.18
19630302,1515.85,1515.85,1515.85,1515.85
19630304,1522.28,1522.28,1522.28,1522.28
19630305,1517.68,1517.68,1517.68,1517.68
19630306,1510.99,1510.99,1510.99,1510.99
19630307,1510.23,1510.23,1510.23,1510.23
19630308,1509.89,1509.89,1509.89,1509.89
19630309,1514.85,1514.85,1514.85,1514.85
19630311,1518.66,1518.66,1518.66,1518.66
19630312,1517.76,1517.76,1517.76,1517.76
19630313,1522.02,1522.02,1522.02,1522.02
19630314,1536.18,1536.18,1536.18,1536.18
19630315,1536.28,1536.28,1536.28,1536.28
19630316,1534.44,1534.44,1534.44,1534.44
19630318,1541.45,1541.45,1541.45,1541.45
19630319,1545.10,1545.10,1545.10,1545.10
19630320,1554.30,1554.30,1554.30,1554.30
19630322,1553.67,1553.67,1553.67,1553.67
19630323,1562.77,1562.77,1562.77,1562.77
19630325,1559.69,1559.69,1559.69,1559.69
19630326,1568.69,1568.69,1568.69,1568.69
19630327,1565.01,1565.01,1565.01,1565.01
19630328,1597.75,1597.75,1597.75,1597.75
19630329,1599.14,1599.14,1599.14,1599.14
19630330,1614.13,1614.13,1614.13,1614.13
19630401,1624.17,1624.17,1624.17,1624.17
19630402,1620.49,1620.49,1620.49,1620.49
19630403,1612.61,1612.61,1612.61,1612.61
19630404,1624.99,1624.99,1624.99,1624.99
19630405,1634.37,1634.37,1634.37,1634.37
19630406,1621.13,1621.13,1621.13,1621.13
19630408,1629.50,1629.50,1629.50,1629.50
19630409,1611.01,1611.01,1611.01,1611.01
19630410,1612.84,1612.84,1612.84,1612.84
19630411,1611.29,1611.29,1611.29,1611.29
19630412,1597.98,1597.98,1597.98,1597.98
19630413,1586.73,1586.73,1586.73,1586.73
19630415,1602.29,1602.29,1602.29,1602.29
19630416,1603.37,1603.37,1603.37,1603.37
19630417,1594.48,1594.48,1594.48,1594.48
19630418,1595.44,1595.44,1595.44,1595.44
19630419,1585.55,1585.55,1585.55,1585.55
19630420,1584.15,1584.15,1584.15,1584.15
19630422,1575.05,1575.05,1575.05,1575.05
19630423,1568.65,1568.65,1568.65,1568.65
19630424,1569.76,1569.76,1569.76,1569.76
19630425,1563.64,1563.64,1563.64,1563.64
19630426,1588.45,1588.45,1588.45,1588.45
19630427,1592.59,1592.59,1592.59,1592.59
19630430,1592.57,1592.57,1592.57,1592.57
19630501,1592.99,1592.99,1592.99,1592.99
19630502,1599.04,1599.04,1599.04,1599.04
19630504,1600.18,1600.18,1600.18,1600.18
19630506,1594.92,1594.92,1594.92,1594.92
19630507,1598.80,1598.80,1598.80,1598.80
19630508,1590.61,1590.61,1590.61,1590.61
19630509,1596.26,1596.26,1596.26,1596.26
19630510,1608.16,1608.16,1608.16,1608.16
19630511,1603.81,1603.81,1603.81,1603.81
19630513,1598.17,1598.17,1598.17,1598.17
19630514,1592.51,1592.51,1592.51,1592.51
19630515,1572.84,1572.84,1572.84,1572.84
19630516,1572.45,1572.45,1572.45,1572.45
19630517,1558.28,1558.28,1558.28,1558.28
19630518,1570.32,1570.32,1570.32,1570.32
19630520,1550.05,1550.05,1550.05,1550.05
19630521,1547.06,1547.06,1547.06,1547.06
19630522,1533.65,1533.65,1533.65,1533.65
19630523,1527.74,1527.74,1527.74,1527.74
19630524,1544.10,1544.10,1544.10,1544.10
19630525,1559.90,1559.90,1559.90,1559.90
19630527,1556.11,1556.11,1556.11,1556.11
19630528,1555.54,1555.54,1555.54,1555.54
19630529,1546.09,1546.09,1546.09,1546.09
19630530,1549.31,1549.31,1549.31,1549.31
19630531,1554.75,1554.75,1554.75,1554.75
19630601,1560.15,1560.15,1560.15,1560.15
19630603,1550.78,1550.78,1550.78,1550.78
19630604,1528.52,1528.52,1528.52,1528.52
19630605,1537.69,1537.69,1537.69,1537.69
19630606,1545.38,1545.38,1545.38,1545.38
19630607,1553.41,1553.41,1553.41,1553.41
19630608,1563.05,1563.05,1563.05,1563.05
19630610,1558.06,1558.06,1558.06,1558.06
19630611,1554.74,1554.74,1554.74,1554.74
19630612,1559.02,1559.02,1559.02,1559.02
19630613,1565.59,1565.59,1565.59,1565.59
19630614,1570.17,1570.17,1570.17,1570.17
19630615,1568.99,1568.99,1568.99,1568.99
19630617,1549.25,1549.25,1549.25,1549.25
19630618,1558.88,1558.88,1558.88,1558.88
19630619,1548.28,1548.28,1548.28,1548.28
19630620,1549.06,1549.06,1549.06,1549.06
19630621,1534.87,1534.87,1534.87,1534.87
19630622,1538.41,1538.41,1538.41,1538.41
19630624,1532.69,1532.69,1532.69,1532.69
19630625,1551.16,1551.16,1551.16,1551.16
19630626,1555.98,1555.98,1555.98,1555.98
19630627,1562.96,1562.96,1562.96,1562.96
19630628,1552.43,1552.43,1552.43,1552.43
19630629,1570.58,1570.58,1570.58,1570.58
19630701,1596.55,1596.55,1596.55,1596.55
19630702,1598.69,1598.69,1598.69,1598.69
19630703,1585.75,1585.75,1585.75,1585.75
19630704,1589.22,1589.22,1589.22,1589.22
19630705,1589.82,1589.82,1589.82,1589.82
19630706,1588.35,1588.35,1588.35,1588.35
19630708,1588.20,1588.20,1588.20,1588.20
19630709,1570.54,1570.54,1570.54,1570.54
19630710,1571.00,1571.00,1571.00,1571.00
19630711,1555.52,1555.52,1555.52,1555.52
19630712,1531.19,1531.19,1531.19,1531.19
19630713,1535.67,1535.67,1535.67,1535.67
19630715,1514.33,1514.33,1514.33,1514.33
19630716,1490.73,1490.73,1490.73,1490.73
19630717,1522.44,1522.44,1522.44,1522.44
19630718,1514.31,1514.31,1514.31,1514.31
19630719,1449.90,1449.90,1449.90,1449.90
19630720,1390.99,1390.99,1390.99,1390.99
19630722,1429.21,1429.21,1429.21,1429.21
19630723,1411.68,1411.68,1411.68,1411.68
19630724,1450.03,1450.03,1450.03,1450.03
19630725,1425.84,1425.84,1425.84,1425.84
19630726,1415.09,1415.09,1415.09,1415.09
19630727,1412.27,1412.27,1412.27,1412.27
19630729,1352.73,1352.73,1352.73,1352.73
19630730,1398.96,1398.96,1398.96,1398.96
19630731,1386.98,1386.98,1386.98,1386.98
19630801,1370.76,1370.76,1370.76,1370.76
19630802,1379.94,1379.94,1379.94,1379.94
19630803,1407.86,1407.86,1407.86,1407.86
19630805,1391.67,1391.67,1391.67,1391.67
19630806,1379.61,1379.61,1379.61,1379.61
19630807,1367.35,1367.35,1367.35,1367.35
19630808,1361.97,1361.97,1361.97,1361.97
19630809,1374.50,1374.50,1374.50,1374.50
19630810,1386.76,1386.76,1386.76,1386.76
19630812,1402.81,1402.81,1402.81,1402.81
19630813,1413.67,1413.67,1413.67,1413.67
19630814,1413.05,1413.05,1413.05,1413.05
19630815,1406.71,1406.71,1406.71,1406.71
19630816,1386.64,1386.64,1386.64,1386.64
19630817,1389.96,1389.96,1389.96,1389.96
19630819,1371.38,1371.38,1371.38,1371.38
19630820,1346.50,1346.50,1346.50,1346.50
19630821,1330.52,1330.52,1330.52,1330.52
19630822,1330.57,1330.57,1330.57,1330.57
19630823,1324.96,1324.96,1324.96,1324.96
19630824,1314.53,1314.53,1314.53,1314.53
19630826,1314.01,1314.01,1314.01,1314.01
19630827,1339.39,1339.39,1339.39,1339.39
19630828,1337.57,1337.57,1337.57,1337.57
19630829,1359.14,1359.14,1359.14,1359.14
19630830,1350.65,1350.65,1350.65,1350.65
19630831,1349.22,1349.22,1349.22,1349.22
19630902,1344.36,1344.36,1344.36,1344.36
19630903,1337.23,1337.23,1337.23,1337.23
19630904,1320.39,1320.39,1320.39,1320.39
19630905,1320.67,1320.67,1320.67,1320.67
19630906,1305.71,1305.71,1305.71,1305.71
19630907,1311.77,1311.77,1311.77,1311.77
19630909,1295.81,1295.81,1295.81,1295.81
19630910,1311.76,1311.76,1311.76,1311.76
19630911,1338.46,1338.46,1338.46,1338.46
19630912,1358.27,1358.27,1358.27,1358.27
19630913,1378.68,1378.68,1378.68,1378.68
19630914,1398.23,1398.23,1398.23,1398.23
19630916,1387.78,1387.78,1387.78,1387.78
19630917,1402.27,1402.27,1402.27,1402.27
19630918,1383.84,1383.84,1383.84,1383.84
19630919,1381.68,1381.68,1381.68,1381.68
19630920,1368.63,1368.63,1368.63,1368.63
19630921,1352.43,1352.43,1352.43,1352.43
19630923,1355.82,1355.82,1355.82,1355.82
19630925,1344.29,1344.29,1344.29,1344.29
19630926,1334.32,1334.32,1334.32,1334.32
19630927,1330.23,1330.23,1330.23,1330.23
19630928,1319.91,1319.91,1319.91,1319.91
19630930,1301.68,1301.68,1301.68,1301.68
19631001,1316.79,1316.79,1316.79,1316.79
19631002,1317.47,1317.47,1317.47,1317.47
19631003,1318.09,1318.09,1318.09,1318.09
19631004,1346.92,1346.92,1346.92,1346.92
19631005,1361.14,1361.14,1361.14,1361.14
19631007,1351.91,1351.91,1351.91,1351.91
19631008,1342.65,1342.65,1342.65,1342.65
19631009,1328.49,1328.49,1328.49,1328.49
19631010,1340.67,1340.67,1340.67,1340.67
19631011,1331.90,1331.90,1331.90,1331.90
19631012,1324.62,1324.62,1324.62,1324.62
19631014,1319.67,1319.67,1319.67,1319.67
19631015,1329.94,1329.94,1329.94,1329.94
19631016,1332.41,1332.41,1332.41,1332.41
19631017,1332.47,1332.47,1332.47,1332.47
19631018,1351.94,1351.94,1351.94,1351.94
19631019,1356.32,1356.32,1356.32,1356.32
19631021,1356.21,1356.21,1356.21,1356.21
19631022,1373.91,1373.91,1373.91,1373.91
19631023,1387.36,1387.36,1387.36,1387.36
19631024,1380.89,1380.89,1380.89,1380.89
19631025,1375.39,1375.39,1375.39,1375.39
19631026,1375.86,1375.86,1375.86,1375.86
19631028,1380.00,1380.00,1380.00,1380.00
19631029,1379.88,1379.88,1379.88,1379.88
19631030,1370.10,1370.10,1370.10,1370.10
19631031,1358.60,1358.60,1358.60,1358.60
19631101,1334.57,1334.57,1334.57,1334.57
19631102,1352.82,1352.82,1352.82,1352.82
19631104,1340.57,1340.57,1340.57,1340.57
19631105,1333.60,1333.60,1333.60,1333.60
19631106,1337.80,1337.80,1337.80,1337.80
19631107,1318.02,1318.02,1318.02,1318.02
19631108,1311.96,1311.96,1311.96,1311.96
19631109,1296.09,1296.09,1296.09,1296.09
19631111,1299.17,1299.17,1299.17,1299.17
19631112,1299.91,1299.91,1299.91,1299.91
19631113,1281.82,1281.82,1281.82,1281.82
19631114,1295.23,1295.23,1295.23,1295.23
19631115,1286.20,1286.20,1286.20,1286.20
19631116,1302.23,1302.23,1302.23,1302.23
19631118,1314.46,1314.46,1314.46,1314.46
19631119,1314.26,1314.26,1314.26,1314.26
19631120,1309.79,1309.79,1309.79,1309.79
19631121,1297.61,1297.61,1297.61,1297.61
19631122,1285.50,1285.50,1285.50,1285.50
19631125,1245.23,1245.23,1245.23,1245.23
19631126,1259.15,1259.15,1259.15,1259.15
19631127,1284.02,1284.02,1284.02,1284.02
19631128,1283.30,1283.30,1283.30,1283.30
19631129,1280.21,1280.21,1280.21,1280.21
19631130,1278.23,1278.23,1278.23,1278.23
19631202,1257.30,1257.30,1257.30,1257.30
19631203,1244.40,1244.40,1244.40,1244.40
19631204,1243.92,1243.92,1243.92,1243.92
19631205,1239.54,1239.54,1239.54,1239.54
19631206,1261.92,1261.92,1261.92,1261.92
19631207,1258.88,1258.88,1258.88,1258.88
19631209,1258.85,1258.85,1258.85,1258.85
19631210,1245.20,1245.20,1245.20,1245.20
19631211,1232.81,1232.81,1232.81,1232.81
19631212,1224.92,1224.92,1224.92,1224.92
19631213,1227.01,1227.01,1227.01,1227.01
19631214,1236.22,1236.22,1236.22,1236.22
19631216,1216.31,1216.31,1216.31,1216.31
19631217,1214.85,1214.85,1214.85,1214.85
19631218,1200.64,1200.64,1200.64,1200.64
19631219,1218.93,1218.93,1218.93,1218.93
19631220,1224.45,1224.45,1224.45,1224.45
19631221,1213.61,1213.61,1213.61,1213.61
19631223,1216.21,1216.21,1216.21,1216.21
19631224,1224.10,1224.10,1224.10,1224.10
19631225,1230.85,1230.85,1230.85,1230.85
19631226,1243.94,1243.94,1243.94,1243.94
19631227,1233.70,1233.70,1233.70,1233.70
19631228,1225.10,1225.10,1225.10,1225.10
19640104,1204.40,1204.40,1204.40,1204.40
19640106,1205.48,1205.48,1205.48,1205.48
19640107,1205.77,1205.77,1205.77,1205.77
19640108,1215.59,1215.59,1215.59,1215.59
19640109,1212.11,1212.11,1212.11,1212.11
19640110,1210.38,1210.38,1210.38,1210.38
19640111,1245.68,1245.68,1245.68,1245.68
19640113,1259.08,1259.08,1259.08,1259.08
19640114,1269.20,1269.20,1269.20,1269.20
19640116,1278.65,1278.65,1278.65,1278.65
19640117,1293.26,1293.26,1293.26,1293.26
19640118,1293.54,1293.54,1293.54,1293.54
19640120,1316.78,1316.78,1316.78,1316.78
19640121,1326.80,1326.80,1326.80,1326.80
19640122,1333.79,1333.79,1333.79,1333.79
19640123,1321.24,1321.24,1321.24,1321.24
19640124,1319.33,1319.33,1319.33,1319.33
19640125,1321.38,1321.38,1321.38,1321.38
19640127,1324.32,1324.32,1324.32,1324.32
19640128,1326.64,1326.64,1326.64,1326.64
19640129,1338.18,1338.18,1338.18,1338.18
19640130,1323.53,1323.53,1323.53,1323.53
19640131,1326.96,1326.96,1326.96,1326.96
19640201,1329.71,1329.71,1329.71,1329.71
19640203,1305.10,1305.10,1305.10,1305.10
19640204,1300.69,1300.69,1300.69,1300.69
19640205,1293.94,1293.94,1293.94,1293.94
19640206,1290.87,1290.87,1290.87,1290.87
19640207,1290.08,1290.08,1290.08,1290.08
19640208,1290.60,1290.60,1290.60,1290.60
19640210,1285.66,1285.66,1285.66,1285.66
19640211,1306.25,1306.25,1306.25,1306.25
19640212,1293.33,1293.33,1293.33,1293.33
19640213,1286.80,1286.80,1286.80,1286.80
19640214,1287.59,1287.59,1287.59,1287.59
19640215,1278.59,1278.59,1278.59,1278.59
19640217,1280.33,1280.33,1280.33,1280.33
19640218,1273.86,1273.86,1273.86,1273.86
19640219,1270.76,1270.76,1270.76,1270.76
19640220,1284.74,1284.74,1284.74,1284.74
19640221,1274.15,1274.15,1274.15,1274.15
19640222,1268.23,1268.23,1268.23,1268.23
19640224,1264.20,1264.20,1264.20,1264.20
19640225,1264.75,1264.75,1264.75,1264.75
19640226,1269.50,1269.50,1269.50,1269.50
19640227,1268.45,1268.45,1268.45,1268.45
19640228,1260.57,1260.57,1260.57,1260.57
19640229,1257.26,1257.26,1257.26,1257.26
19640302,1253.90,1253.90,1253.90,1253.90
19640303,1278.56,1278.56,1278.56,1278.56
19640304,1267.16,1267.16,1267.16,1267.16
19640305,1266.27,1266.27,1266.27,1266.27
19640306,1274.96,1274.96,1274.96,1274.96
19640307,1269.80,1269.80,1269.80,1269.80
19640309,1263.49,1263.49,1263.49,1263.49
19640310,1253.50,1253.50,1253.50,1253.50
19640311,1238.65,1238.65,1238.65,1238.65
19640312,1237.73,1237.73,1237.73,1237.73
19640313,1224.91,1224.91,1224.91,1224.91
19640314,1228.48,1228.48,1228.48,1228.48
19640316,1221.01,1221.01,1221.01,1221.01
19640317,1217.67,1217.67,1217.67,1217.67
19640318,1204.63,1204.63,1204.63,1204.63
19640319,1218.44,1218.44,1218.44,1218.44
19640321,1216.30,1216.30,1216.30,1216.30
19640323,1214.44,1214.44,1214.44,1214.44
19640324,1213.44,1213.44,1213.44,1213.44
19640325,1228.52,1228.52,1228.52,1228.52
19640326,1241.55,1241.55,1241.55,1241.55
19640327,1225.92,1225.92,1225.92,1225.92
19640328,1221.92,1221.92,1221.92,1221.92
19640330,1214.66,1214.66,1214.66,1214.66
19640331,1222.17,1222.17,1222.17,1222.17
19640401,1233.92,1233.92,1233.92,1233.92
19640402,1235.95,1235.95,1235.95,1235.95
19640403,1219.57,1219.57,1219.57,1219.57
19640404,1215.34,1215.34,1215.34,1215.34
19640406,1210.82,1210.82,1210.82,1210.82
19640407,1208.47,1208.47,1208.47,1208.47
19640408,1209.89,1209.89,1209.89,1209.89
19640409,1203.21,1203.21,1203.21,1203.21
19640410,1207.54,1207.54,1207.54,1207.54
19640411,1215.01,1215.01,1215.01,1215.01
19640413,1216.90,1216.90,1216.90,1216.90
19640414,1216.48,1216.48,1216.48,1216.48
19640415,1225.14,1225.14,1225.14,1225.14
19640416,1235.46,1235.46,1235.46,1235.46
19640417,1225.74,1225.74,1225.74,1225.74
19640418,1227.85,1227.85,1227.85,1227.85
19640420,1221.86,1221.86,1221.86,1221.86
19640421,1225.22,1225.22,1225.22,1225.22
19640422,1217.25,1217.25,1217.25,1217.25
19640423,1217.73,1217.73,1217.73,1217.73
19640424,1213.68,1213.68,1213.68,1213.68
19640425,1214.53,1214.53,1214.53,1214.53
19640427,1217.07,1217.07,1217.07,1217.07
19640428,1222.62,1222.62,1222.62,1222.62
19640430,1232.24,1232.24,1232.24,1232.24
19640501,1238.38,1238.38,1238.38,1238.38
19640502,1247.02,1247.02,1247.02,1247.02
19640504,1245.64,1245.64,1245.64,1245.64
19640506,1244.40,1244.40,1244.40,1244.40
19640507,1256.97,1256.97,1256.97,1256.97
19640508,1265.77,1265.77,1265.77,1265.77
19640509,1268.25,1268.25,1268.25,1268.25
19640511,1268.47,1268.47,1268.47,1268.47
19640512,1274.46,1274.46,1274.46,1274.46
19640513,1272.49,1272.49,1272.49,1272.49
19640514,1282.27,1282.27,1282.27,1282.27
19640515,1297.75,1297.75,1297.75,1297.75
19640516,1301.13,1301.13,1301.13,1301.13
19640518,1303.72,1303.72,1303.72,1303.72
19640519,1315.58,1315.58,1315.58,1315.58
19640520,1308.04,1308.04,1308.04,1308.04
19640521,1319.72,1319.72,1319.72,1319.72
19640522,1318.25,1318.25,1318.25,1318.25
19640523,1307.23,1307.23,1307.23,1307.23
19640525,1317.71,1317.71,1317.71,1317.71
19640526,1315.55,1315.55,1315.55,1315.55
19640527,1315.43,1315.43,1315.43,1315.43
19640528,1322.26,1322.26,1322.26,1322.26
19640529,1311.68,1311.68,1311.68,1311.68
19640530,1318.81,1318.81,1318.81,1318.81
19640601,1319.34,1319.34,1319.34,1319.34
19640602,1303.92,1303.92,1303.92,1303.92
19640603,1308.77,1308.77,1308.77,1308.77
19640604,1303.79,1303.79,1303.79,1303.79
19640605,1300.89,1300.89,1300.89,1300.89
19640606,1295.69,1295.69,1295.69,1295.69
19640608,1298.54,1298.54,1298.54,1298.54
19640609,1318.37,1318.37,1318.37,1318.37
19640610,1322.93,1322.93,1322.93,1322.93
19640611,1332.40,1332.40,1332.40,1332.40
19640612,1331.21,1331.21,1331.21,1331.21
19640613,1335.88,1335.88,1335.88,1335.88
19640615,1344.94,1344.94,1344.94,1344.94
19640616,1331.46,1331.46,1331.46,1331.46
19640617,1333.22,1333.22,1333.22,1333.22
19640618,1320.99,1320.99,1320.99,1320.99
19640619,1319.74,1319.74,1319.74,1319.74
19640620,1323.65,1323.65,1323.65,1323.65
19640622,1315.80,1315.80,1315.80,1315.80
19640623,1323.24,1323.24,1323.24,1323.24
19640624,1324.52,1324.52,1324.52,1324.52
19640625,1325.60,1325.60,1325.60,1325.60
19640626,1328.25,1328.25,1328.25,1328.25
19640627,1338.96,1338.96,1338.96,1338.96
19640629,1348.47,1348.47,1348.47,1348.47
19640630,1359.31,1359.31,1359.31,1359.31
19640701,1352.97,1352.97,1352.97,1352.97
19640702,1364.05,1364.05,1364.05,1364.05
19640703,1369.00,1369.00,1369.00,1369.00
19640704,1361.68,1361.68,1361.68,1361.68
19640706,1362.78,1362.78,1362.78,1362.78
19640707,1352.38,1352.38,1352.38,1352.38
19640708,1350.04,1350.04,1350.04,1350.04
19640709,1339.33,1339.33,1339.33,1339.33
19640710,1338.22,1338.22,1338.22,1338.22
19640711,1337.12,1337.12,1337.12,1337.12
19640713,1331.40,1331.40,1331.40,1331.40
19640714,1339.26,1339.26,1339.26,1339.26
19640715,1332.01,1332.01,1332.01,1332.01
19640716,1343.99,1343.99,1343.99,1343.99
19640717,1342.86,1342.86,1342.86,1342.86
19640718,1338.45,1338.45,1338.45,1338.45
19640720,1325.43,1325.43,1325.43,1325.43
19640721,1315.95,1315.95,1315.95,1315.95
19640722,1310.49,1310.49,1310.49,1310.49
19640723,1310.65,1310.65,1310.65,1310.65
19640724,1315.99,1315.99,1315.99,1315.99
19640725,1323.60,1323.60,1323.60,1323.60
19640727,1326.19,1326.19,1326.19,1326.19
19640728,1325.37,1325.37,1325.37,1325.37
19640729,1314.01,1314.01,1314.01,1314.01
19640730,1306.72,1306.72,1306.72,1306.72
19640731,1309.21,1309.21,1309.21,1309.21
19640801,1313.09,1313.09,1313.09,1313.09
19640803,1303.76,1303.76,1303.76,1303.76
19640804,1296.72,1296.72,1296.72,1296.72
19640805,1294.89,1294.89,1294.89,1294.89
19640806,1294.43,1294.43,1294.43,1294.43
19640807,1298.03,1298.03,1298.03,1298.03
19640808,1303.47,1303.47,1303.47,1303.47
19640810,1304.94,1304.94,1304.94,1304.94
19640811,1300.29,1300.29,1300.29,1300.29
19640812,1292.16,1292.16,1292.16,1292.16
19640813,1287.40,1287.40,1287.40,1287.40
19640814,1275.49,1275.49,1275.49,1275.49
19640815,1286.89,1286.89,1286.89,1286.89
19640817,1284.59,1284.59,1284.59,1284.59
19640818,1288.33,1288.33,1288.33,1288.33
19640819,1281.75,1281.75,1281.75,1281.75
19640820,1288.70,1288.70,1288.70,1288.70
19640821,1294.63,1294.63,1294.63,1294.63
19640822,1288.49,1288.49,1288.49,1288.49
19640824,1280.23,1280.23,1280.23,1280.23
19640825,1287.54,1287.54,1287.54,1287.54
19640826,1281.20,1281.20,1281.20,1281.20
19640827,1273.98,1273.98,1273.98,1273.98
19640828,1262.19,1262.19,1262.19,1262.19
19640829,1267.18,1267.18,1267.18,1267.18
19640831,1276.11,1276.11,1276.11,1276.11
19640901,1293.92,1293.92,1293.92,1293.92
19640902,1299.96,1299.96,1299.96,1299.96
19640903,1292.50,1292.50,1292.50,1292.50
19640904,1285.54,1285.54,1285.54,1285.54
19640905,1289.36,1289.36,1289.36,1289.36
19640907,1286.26,1286.26,1286.26,1286.26
19640908,1278.03,1278.03,1278.03,1278.03
19640909,1269.66,1269.66,1269.66,1269.66
19640910,1256.55,1256.55,1256.55,1256.55
19640911,1261.91,1261.91,1261.91,1261.91
19640912,1264.43,1264.43,1264.43,1264.43
19640914,1259.94,1259.94,1259.94,1259.94
19640915,1247.30,1247.30,1247.30,1247.30
19640916,1239.03,1239.03,1239.03,1239.03
19640917,1263.22,1263.22,1263.22,1263.22
19640918,1259.33,1259.33,1259.33,1259.33
19640919,1255.51,1255.51,1255.51,1255.51
19640921,1247.60,1247.60,1247.60,1247.60
19640922,1240.25,1240.25,1240.25,1240.25
19640924,1240.48,1240.48,1240.48,1240.48
19640925,1234.68,1234.68,1234.68,1234.68
19640926,1216.45,1216.45,1216.45,1216.45
19640928,1210.34,1210.34,1210.34,1210.34
19640929,1211.22,1211.22,1211.22,1211.22
19640930,1217.23,1217.23,1217.23,1217.23
19641001,1223.64,1223.64,1223.64,1223.64
19641002,1216.19,1216.19,1216.19,1216.19
19641003,1213.79,1213.79,1213.79,1213.79
19641005,1206.50,1206.50,1206.50,1206.50
19641006,1208.68,1208.68,1208.68,1208.68
19641007,1203.14,1203.14,1203.14,1203.14
19641008,1218.33,1218.33,1218.33,1218.33
19641009,1231.07,1231.07,1231.07,1231.07
19641010,1230.51,1230.51,1230.51,1230.51
19641012,1222.41,1222.41,1222.41,1222.41
19641013,1218.99,1218.99,1218.99,1218.99
19641014,1219.34,1219.34,1219.34,1219.34
19641015,1215.20,1215.20,1215.20,1215.20
19641016,1213.30,1213.30,1213.30,1213.30
19641017,1209.81,1209.81,1209.81,1209.81
19641019,1210.22,1210.22,1210.22,1210.22
19641020,1212.30,1212.30,1212.30,1212.30
19641021,1209.76,1209.76,1209.76,1209.76
19641022,1207.74,1207.74,1207.74,1207.74
19641023,1208.58,1208.58,1208.58,1208.58
19641024,1206.53,1206.53,1206.53,1206.53
19641026,1207.81,1207.81,1207.81,1207.81
19641027,1210.54,1210.54,1210.54,1210.54
19641028,1204.68,1204.68,1204.68,1204.68
19641029,1207.77,1207.77,1207.77,1207.77
19641030,1209.40,1209.40,1209.40,1209.40
19641031,1212.56,1212.56,1212.56,1212.56
19641102,1207.62,1207.62,1207.62,1207.62
19641104,1205.07,1205.07,1205.07,1205.07
19641105,1208.54,1208.54,1208.54,1208.54
19641106,1204.67,1204.67,1204.67,1204.67
19641107,1203.42,1203.42,1203.42,1203.42
19641109,1202.69,1202.69,1202.69,1202.69
19641110,1202.89,1202.89,1202.89,1202.89
19641111,1204.27,1204.27,1204.27,1204.27
19641112,1214.12,1214.12,1214.12,1214.12
19641113,1216.33,1216.33,1216.33,1216.33
19641114,1216.70,1216.70,1216.70,1216.70
19641116,1217.53,1217.53,1217.53,1217.53
19641117,1224.55,1224.55,1224.55,1224.55
19641118,1221.68,1221.68,1221.68,1221.68
19641119,1221.77,1221.77,1221.77,1221.77
19641120,1221.16,1221.16,1221.16,1221.16
19641121,1219.79,1219.79,1219.79,1219.79
19641124,1208.57,1208.57,1208.57,1208.57
19641125,1206.76,1206.76,1206.76,1206.76
19641126,1208.11,1208.11,1208.11,1208.11
19641127,1211.47,1211.47,1211.47,1211.47
19641128,1212.58,1212.58,1212.58,1212.58
19641130,1209.31,1209.31,1209.31,1209.31
19641201,1209.09,1209.09,1209.09,1209.09
19641202,1208.06,1208.06,1208.06,1208.06
19641203,1207.12,1207.12,1207.12,1207.12
19641204,1206.03,1206.03,1206.03,1206.03
19641205,1205.98,1205.98,1205.98,1205.98
19641207,1206.93,1206.93,1206.93,1206.93
19641208,1210.50,1210.50,1210.50,1210.50
19641209,1212.37,1212.37,1212.37,1212.37
19641210,1214.87,1214.87,1214.87,1214.87
19641211,1216.97,1216.97,1216.97,1216.97
19641212,1218.53,1218.53,1218.53,1218.53
19641214,1219.81,1219.81,1219.81,1219.81
19641215,1214.49,1214.49,1214.49,1214.49
19641216,1215.58,1215.58,1215.58,1215.58
19641217,1216.87,1216.87,1216.87,1216.87
19641218,1217.10,1217.10,1217.10,1217.10
19641219,1214.73,1214.73,1214.73,1214.73
19641221,1218.21,1218.21,1218.21,1218.21
19641222,1234.65,1234.65,1234.65,1234.65
19641223,1227.96,1227.96,1227.96,1227.96
19641224,1229.43,1229.43,1229.43,1229.43
19641225,1214.73,1214.73,1214.73,1214.73
19641226,1215.48,1215.48,1215.48,1215.48
19641228,1216.55,1216.55,1216.55,1216.55
19650104,1227.11,1227.11,1227.11,1227.11
19650105,1257.72,1257.72,1257.72,1257.72
19650106,1263.99,1263.99,1263.99,1263.99
19650107,1274.27,1274.27,1274.27,1274.27
19650108,1286.43,1286.43,1286.43,1286.43
19650109,1278.32,1278.32,1278.32,1278.32
19650111,1289.98,1289.98,1289.98,1289.98
19650112,1288.54,1288.54,1288.54,1288.54
19650113,1281.67,1281.67,1281.67,1281.67
19650114,1289.50,1289.50,1289.50,1289.50
19650116,1279.25,1279.25,1279.25,1279.25
19650118,1271.68,1271.68,1271.68,1271.68
19650119,1270.34,1270.34,1270.34,1270.34
19650120,1268.88,1268.88,1268.88,1268.88
19650121,1270.46,1270.46,1270.46,1270.46
19650122,1261.83,1261.83,1261.83,1261.83
19650123,1253.82,1253.82,1253.82,1253.82
19650125,1249.72,1249.72,1249.72,1249.72
19650126,1248.05,1248.05,1248.05,1248.05
19650127,1258.21,1258.21,1258.21,1258.21
19650128,1247.20,1247.20,1247.20,1247.20
19650129,1242.27,1242.27,1242.27,1242.27
19650130,1240.86,1240.86,1240.86,1240.86
19650201,1242.83,1242.83,1242.83,1242.83
19650202,1238.75,1238.75,1238.75,1238.75
19650203,1248.03,1248.03,1248.03,1248.03
19650204,1261.60,1261.60,1261.60,1261.60
19650205,1263.59,1263.59,1263.59,1263.59
19650206,1255.84,1255.84,1255.84,1255.84
19650208,1258.93,1258.93,1258.93,1258.93
19650209,1251.68,1251.68,1251.68,1251.68
19650210,1248.61,1248.61,1248.61,1248.61
19650211,1260.73,1260.73,1260.73,1260.73
19650212,1257.94,1257.94,1257.94,1257.94
19650213,1255.75,1255.75,1255.75,1255.75
19650215,1249.50,1249.50,1249.50,1249.50
19650216,1247.01,1247.01,1247.01,1247.01
19650217,1239.08,1239.08,1239.08,1239.08
19650218,1241.41,1241.41,1241.41,1241.41
19650219,1237.35,1237.35,1237.35,1237.35
19650220,1231.03,1231.03,1231.03,1231.03
19650222,1224.82,1224.82,1224.82,1224.82
19650223,1223.59,1223.59,1223.59,1223.59
19650224,1219.10,1219.10,1219.10,1219.10
19650225,1216.71,1216.71,1216.71,1216.71
19650226,1213.07,1213.07,1213.07,1213.07
19650227,1212.88,1212.88,1212.88,1212.88
19650301,1206.48,1206.48,1206.48,1206.48
19650302,1202.54,1202.54,1202.54,1202.54
19650303,1207.82,1207.82,1207.82,1207.82
19650304,1213.03,1213.03,1213.03,1213.03
19650305,1209.64,1209.64,1209.64,1209.64
19650306,1203.09,1203.09,1203.09,1203.09
19650308,1190.98,1190.98,1190.98,1190.98
19650309,1178.43,1178.43,1178.43,1178.43
19650310,1173.34,1173.34,1173.34,1173.34
19650311,1164.63,1164.63,1164.63,1164.63
19650312,1175.86,1175.86,1175.86,1175.86
19650313,1189.07,1189.07,1189.07,1189.07
19650315,1188.49,1188.49,1188.49,1188.49
19650316,1181.22,1181.22,1181.22,1181.22
19650317,1175.30,1175.30,1175.30,1175.30
19650318,1182.69,1182.69,1182.69,1182.69
19650319,1175.88,1175.88,1175.88,1175.88
19650320,1170.61,1170.61,1170.61,1170.61
19650322,1170.28,1170.28,1170.28,1170.28
19650323,1167.79,1167.79,1167.79,1167.79
19650324,1157.05,1157.05,1157.05,1157.05
19650325,1157.07,1157.07,1157.07,1157.07
19650326,1162.77,1162.77,1162.77,1162.77
19650327,1133.91,1133.91,1133.91,1133.91
19650329,1118.79,1118.79,1118.79,1118.79
19650330,1139.30,1139.30,1139.30,1139.30
19650331,1132.77,1132.77,1132.77,1132.77
19650401,1127.58,1127.58,1127.58,1127.58
19650402,1128.57,1128.57,1128.57,1128.57
19650403,1115.07,1115.07,1115.07,1115.07
19650405,1124.45,1124.45,1124.45,1124.45
19650406,1154.39,1154.39,1154.39,1154.39
19650407,1159.98,1159.98,1159.98,1159.98
19650408,1183.12,1183.12,1183.12,1183.12
19650409,1180.57,1180.57,1180.57,1180.57
19650410,1171.61,1171.61,1171.61,1171.61
19650412,1163.00,1163.00,1163.00,1163.00
19650413,1149.41,1149.41,1149.41,1149.41
19650414,1142.23,1142.23,1142.23,1142.23
19650415,1151.73,1151.73,1151.73,1151.73
19650416,1148.21,1148.21,1148.21,1148.21
19650417,1141.57,1141.57,1141.57,1141.57
19650419,1136.13,1136.13,1136.13,1136.13
19650420,1131.17,1131.17,1131.17,1131.17
19650421,1119.86,1119.86,1119.86,1119.86
19650422,1144.55,1144.55,1144.55,1144.55
19650423,1133.30,1133.30,1133.30,1133.30
19650424,1129.00,1129.00,1129.00,1129.00
19650426,1144.22,1144.22,1144.22,1144.22
19650427,1150.08,1150.08,1150.08,1150.08
19650428,1171.06,1171.06,1171.06,1171.06
19650430,1176.64,1176.64,1176.64,1176.64
19650501,1177.33,1177.33,1177.33,1177.33
19650504,1173.48,1173.48,1173.48,1173.48
19650506,1163.51,1163.51,1163.51,1163.51
19650507,1162.63,1162.63,1162.63,1162.63
19650508,1168.92,1168.92,1168.92,1168.92
19650510,1162.50,1162.50,1162.50,1162.50
19650511,1163.87,1163.87,1163.87,1163.87
19650512,1157.17,1157.17,1157.17,1157.17
19650513,1159.86,1159.86,1159.86,1159.86
19650514,1150.47,1150.47,1150.47,1150.47
19650515,1148.21,1148.21,1148.21,1148.21
19650517,1149.03,1149.03,1149.03,1149.03
19650518,1147.25,1147.25,1147.25,1147.25
19650519,1140.79,1140.79,1140.79,1140.79
19650520,1141.23,1141.23,1141.23,1141.23
19650521,1142.69,1142.69,1142.69,1142.69
19650522,1141.13,1141.13,1141.13,1141.13
19650524,1133.63,1133.63,1133.63,1133.63
19650525,1124.83,1124.83,1124.83,1124.83
19650526,1117.66,1117.66,1117.66,1117.66
19650527,1101.00,1101.00,1101.00,1101.00
19650528,1081.51,1081.51,1081.51,1081.51
19650529,1109.14,1109.14,1109.14,1109.14
19650531,1096.62,1096.62,1096.62,1096.62
19650601,1092.85,1092.85,1092.85,1092.85
19650602,1119.26,1119.26,1119.26,1119.26
19650603,1131.32,1131.32,1131.32,1131.32
19650604,1120.53,1120.53,1120.53,1120.53
19650605,1119.99,1119.99,1119.99,1119.99
19650607,1114.52,1114.52,1114.52,1114.52
19650608,1109.42,1109.42,1109.42,1109.42
19650609,1101.35,1101.35,1101.35,1101.35
19650610,1090.38,1090.38,1090.38,1090.38
19650611,1093.14,1093.14,1093.14,1093.14
19650612,1089.94,1089.94,1089.94,1089.94
19650614,1080.29,1080.29,1080.29,1080.29
19650615,1069.07,1069.07,1069.07,1069.07
19650616,1062.68,1062.68,1062.68,1062.68
19650617,1055.60,1055.60,1055.60,1055.60
19650618,1080.21,1080.21,1080.21,1080.21
19650619,1089.68,1089.68,1089.68,1089.68
19650621,1075.60,1075.60,1075.60,1075.60
19650622,1104.03,1104.03,1104.03,1104.03
19650623,1091.17,1091.17,1091.17,1091.17
19650624,1090.56,1090.56,1090.56,1090.56
19650625,1096.56,1096.56,1096.56,1096.56
19650626,1084.45,1084.45,1084.45,1084.45
19650628,1072.41,1072.41,1072.41,1072.41
19650629,1067.72,1067.72,1067.72,1067.72
19650630,1060.11,1060.11,1060.11,1060.11
19650701,1064.59,1064.59,1064.59,1064.59
19650702,1065.89,1065.89,1065.89,1065.89
19650703,1057.04,1057.04,1057.04,1057.04
19650705,1049.07,1049.07,1049.07,1049.07
19650706,1046.98,1046.98,1046.98,1046.98
19650707,1037.52,1037.52,1037.52,1037.52
19650708,1038.45,1038.45,1038.45,1038.45
19650709,1032.95,1032.95,1032.95,1032.95
19650710,1024.31,1024.31,1024.31,1024.31
19650712,1020.49,1020.49,1020.49,1020.49
19650713,1026.77,1026.77,1026.77,1026.77
19650714,1033.14,1033.14,1033.14,1033.14
19650715,1024.68,1024.68,1024.68,1024.68
19650716,1037.97,1037.97,1037.97,1037.97
19650717,1031.65,1031.65,1031.65,1031.65
19650719,1037.52,1037.52,1037.52,1037.52
19650720,1045.38,1045.38,1045.38,1045.38
19650721,1045.69,1045.69,1045.69,1045.69
19650722,1036.07,1036.07,1036.07,1036.07
19650723,1027.85,1027.85,1027.85,1027.85
19650724,1028.09,1028.09,1028.09,1028.09
19650726,1034.34,1034.34,1034.34,1034.34
19650727,1052.06,1052.06,1052.06,1052.06
19650728,1066.19,1066.19,1066.19,1066.19
19650729,1085.41,1085.41,1085.41,1085.41
19650730,1097.20,1097.20,1097.20,1097.20
19650731,1105.54,1105.54,1105.54,1105.54
19650802,1120.59,1120.59,1120.59,1120.59
19650803,1111.69,1111.69,1111.69,1111.69
19650804,1135.31,1135.31,1135.31,1135.31
19650805,1153.71,1153.71,1153.71,1153.71
19650806,1145.87,1145.87,1145.87,1145.87
19650807,1144.09,1144.09,1144.09,1144.09
19650809,1150.57,1150.57,1150.57,1150.57
19650810,1133.00,1133.00,1133.00,1133.00
19650811,1122.09,1122.09,1122.09,1122.09
19650812,1130.33,1130.33,1130.33,1130.33
19650813,1146.66,1146.66,1146.66,1146.66
19650814,1150.50,1150.50,1150.50,1150.50
19650816,1158.35,1158.35,1158.35,1158.35
19650817,1151.77,1151.77,1151.77,1151.77
19650818,1157.02,1157.02,1157.02,1157.02
19650819,1168.62,1168.62,1168.62,1168.62
19650820,1165.81,1165.81,1165.81,1165.81
19650821,1167.51,1167.51,1167.51,1167.51
19650823,1170.92,1170.92,1170.92,1170.92
19650824,1183.34,1183.34,1183.34,1183.34
19650825,1198.91,1198.91,1198.91,1198.91
19650826,1198.38,1198.38,1198.38,1198.38
19650827,1214.95,1214.95,1214.95,1214.95
19650828,1230.46,1230.46,1230.46,1230.46
19650830,1245.49,1245.49,1245.49,1245.49
19650831,1255.58,1255.58,1255.58,1255.58
19650901,1249.72,1249.72,1249.72,1249.72
19650902,1240.07,1240.07,1240.07,1240.07
19650903,1256.22,1256.22,1256.22,1256.22
19650904,1254.21,1254.21,1254.21,1254.21
19650906,1235.78,1235.78,1235.78,1235.78
19650907,1239.98,1239.98,1239.98,1239.98
19650908,1260.02,1260.02,1260.02,1260.02
19650909,1277.15,1277.15,1277.15,1277.15
19650910,1273.23,1273.23,1273.23,1273.23
19650911,1265.56,1265.56,1265.56,1265.56
19650913,1250.29,1250.29,1250.29,1250.29
19650914,1250.10,1250.10,1250.10,1250.10
19650915,1241.93,1241.93,1241.93,1241.93
19650916,1242.95,1242.95,1242.95,1242.95
19650917,1266.40,1266.40,1266.40,1266.40
19650918,1269.15,1269.15,1269.15,1269.15
19650920,1271.76,1271.76,1271.76,1271.76
19650921,1253.25,1253.25,1253.25,1253.25
19650922,1252.16,1252.16,1252.16,1252.16
19650924,1243.40,1243.40,1243.40,1243.40
19650925,1244.08,1244.08,1244.08,1244.08
19650927,1233.41,1233.41,1233.41,1233.41
19650928,1251.88,1251.88,1251.88,1251.88
19650929,1235.81,1235.81,1235.81,1235.81
19650930,1223.74,1223.74,1223.74,1223.74
19651001,1210.11,1210.11,1210.11,1210.11
19651002,1205.20,1205.20,1205.20,1205.20
19651004,1204.48,1204.48,1204.48,1204.48
19651005,1191.89,1191.89,1191.89,1191.89
19651006,1201.90,1201.90,1201.90,1201.90
19651007,1207.46,1207.46,1207.46,1207.46
19651008,1198.11,1198.11,1198.11,1198.11
19651009,1210.05,1210.05,1210.05,1210.05
19651011,1219.12,1219.12,1219.12,1219.12
19651012,1233.77,1233.77,1233.77,1233.77
19651013,1258.34,1258.34,1258.34,1258.34
19651014,1243.55,1243.55,1243.55,1243.55
19651015,1253.87,1253.87,1253.87,1253.87
19651016,1249.63,1249.63,1249.63,1249.63
19651018,1248.84,1248.84,1248.84,1248.84
19651019,1253.34,1253.34,1253.34,1253.34
19651020,1242.77,1242.77,1242.77,1242.77
19651021,1242.24,1242.24,1242.24,1242.24
19651022,1240.86,1240.86,1240.86,1240.86
19651023,1230.12,1230.12,1230.12,1230.12
19651025,1222.83,1222.83,1222.83,1222.83
19651026,1234.74,1234.74,1234.74,1234.74
19651027,1247.42,1247.42,1247.42,1247.42
19651028,1250.37,1250.37,1250.37,1250.37
19651029,1250.68,1250.68,1250.68,1250.68
19651030,1257.31,1257.31,1257.31,1257.31
19651101,1268.00,1268.00,1268.00,1268.00
19651102,1264.60,1264.60,1264.60,1264.60
19651104,1268.64,1268.64,1268.64,1268.64
19651105,1262.80,1262.80,1262.80,1262.80
19651106,1274.69,1274.69,1274.69,1274.69
19651108,1284.31,1284.31,1284.31,1284.31
19651109,1295.42,1295.42,1295.42,1295.42
19651110,1300.97,1300.97,1300.97,1300.97
19651111,1304.90,1304.90,1304.90,1304.90
19651112,1323.11,1323.11,1323.11,1323.11
19651113,1312.60,1312.60,1312.60,1312.60
19651115,1304.22,1304.22,1304.22,1304.22
19651116,1319.87,1319.87,1319.87,1319.87
19651117,1313.81,1313.81,1313.81,1313.81
19651118,1340.47,1340.47,1340.47,1340.47
19651119,1329.28,1329.28,1329.28,1329.28
19651120,1329.88,1329.88,1329.88,1329.88
19651122,1343.67,1343.67,1343.67,1343.67
19651124,1354.42,1354.42,1354.42,1354.42
19651125,1325.56,1325.56,1325.56,1325.56
19651126,1335.93,1335.93,1335.93,1335.93
19651127,1340.13,1340.13,1340.13,1340.13
19651129,1359.81,1359.81,1359.81,1359.81
19651130,1373.16,1373.16,1373.16,1373.16
19651201,1377.67,1377.67,1377.67,1377.67
19651202,1409.07,1409.07,1409.07,1409.07
19651203,1376.56,1376.56,1376.56,1376.56
19651204,1337.20,1337.20,1337.20,1337.20
19651206,1315.26,1315.26,1315.26,1315.26
19651207,1349.30,1349.30,1349.30,1349.30
19651208,1357.78,1357.78,1357.78,1357.78
19651209,1330.08,1330.08,1330.08,1330.08
19651210,1334.94,1334.94,1334.94,1334.94
19651211,1353.01,1353.01,1353.01,1353.01
19651213,1340.05,1340.05,1340.05,1340.05
19651214,1347.83,1347.83,1347.83,1347.83
19651215,1362.81,1362.81,1362.81,1362.81
19651216,1373.62,1373.62,1373.62,1373.62
19651217,1369.84,1369.84,1369.84,1369.84
19651218,1372.12,1372.12,1372.12,1372.12
19651220,1367.42,1367.42,1367.42,1367.42
19651221,1364.97,1364.97,1364.97,1364.97
19651222,1373.19,1373.19,1373.19,1373.19
19651223,1380.41,1380.41,1380.41,1380.41
19651224,1389.29,1389.29,1389.29,1389.29
19651225,1400.85,1400.85,1400.85,1400.85
19651227,1412.77,1412.77,1412.77,1412.77
19651228,1417.83,1417.83,1417.83,1417.83
19660104,1430.13,1430.13,1430.13,1430.13
19660105,1414.87,1414.87,1414.87,1414.87
19660106,1434.94,1434.94,1434.94,1434.94
19660107,1428.53,1428.53,1428.53,1428.53
19660108,1412.98,1412.98,1412.98,1412.98
19660110,1421.50,1421.50,1421.50,1421.50
19660111,1410.43,1410.43,1410.43,1410.43
19660112,1418.46,1418.46,1418.46,1418.46
19660113,1416.25,1416.25,1416.25,1416.25
19660114,1416.12,1416.12,1416.12,1416.12
19660117,1421.10,1421.10,1421.10,1421.10
19660118,1414.01,1414.01,1414.01,1414.01
19660119,1414.55,1414.55,1414.55,1414.55
19660120,1421.55,1421.55,1421.55,1421.55
19660121,1435.34,1435.34,1435.34,1435.34
19660122,1442.01,1442.01,1442.01,1442.01
19660124,1451.68,1451.68,1451.68,1451.68
19660125,1445.34,1445.34,1445.34,1445.34
19660126,1457.19,1457.19,1457.19,1457.19
19660127,1454.76,1454.76,1454.76,1454.76
19660128,1465.83,1465.83,1465.83,1465.83
19660129,1470.41,1470.41,1470.41,1470.41
19660131,1470.38,1470.38,1470.38,1470.38
19660201,1485.24,1485.24,1485.24,1485.24
19660202,1492.42,1492.42,1492.42,1492.42
19660203,1482.70,1482.70,1482.70,1482.70
19660204,1487.09,1487.09,1487.09,1487.09
19660205,1484.09,1484.09,1484.09,1484.09
19660207,1498.89,1498.89,1498.89,1498.89
19660208,1503.91,1503.91,1503.91,1503.91
19660209,1505.70,1505.70,1505.70,1505.70
19660210,1489.11,1489.11,1489.11,1489.11
19660211,1497.45,1497.45,1497.45,1497.45
19660212,1474.03,1474.03,1474.03,1474.03
19660214,1464.27,1464.27,1464.27,1464.27
19660215,1453.10,1453.10,1453.10,1453.10
19660216,1464.67,1464.67,1464.67,1464.67
19660217,1442.02,1442.02,1442.02,1442.02
19660218,1459.63,1459.63,1459.63,1459.63
19660219,1455.04,1455.04,1455.04,1455.04
19660221,1465.79,1465.79,1465.79,1465.79
19660222,1465.42,1465.42,1465.42,1465.42
19660223,1480.47,1480.47,1480.47,1480.47
19660224,1490.78,1490.78,1490.78,1490.78
19660225,1491.76,1491.76,1491.76,1491.76
19660226,1499.30,1499.30,1499.30,1499.30
19660228,1507.41,1507.41,1507.41,1507.41
19660301,1520.71,1520.71,1520.71,1520.71
19660302,1514.62,1514.62,1514.62,1514.62
19660303,1517.84,1517.84,1517.84,1517.84
19660304,1524.99,1524.99,1524.99,1524.99
19660305,1530.36,1530.36,1530.36,1530.36
19660307,1533.75,1533.75,1533.75,1533.75
19660308,1545.78,1545.78,1545.78,1545.78
19660309,1542.72,1542.72,1542.72,1542.72
19660310,1529.93,1529.93,1529.93,1529.93
19660311,1512.19,1512.19,1512.19,1512.19
19660312,1519.87,1519.87,1519.87,1519.87
19660314,1535.04,1535.04,1535.04,1535.04
19660315,1540.59,1540.59,1540.59,1540.59
19660316,1560.09,1560.09,1560.09,1560.09
19660317,1551.25,1551.25,1551.25,1551.25
19660318,1558.77,1558.77,1558.77,1558.77
19660319,1554.96,1554.96,1554.96,1554.96
19660322,1568.28,1568.28,1568.28,1568.28
19660323,1562.65,1562.65,1562.65,1562.65
19660324,1571.83,1571.83,1571.83,1571.83
19660325,1550.21,1550.21,1550.21,1550.21
19660326,1560.86,1560.86,1560.86,1560.86
19660328,1566.60,1566.60,1566.60,1566.60
19660329,1579.57,1579.57,1579.57,1579.57
19660330,1577.13,1577.13,1577.13,1577.13
19660331,1584.28,1584.28,1584.28,1584.28
19660401,1588.73,1588.73,1588.73,1588.73
19660402,1586.95,1586.95,1586.95,1586.95
19660404,1573.87,1573.87,1573.87,1573.87
19660405,1573.07,1573.07,1573.07,1573.07
19660406,1564.66,1564.66,1564.66,1564.66
19660407,1540.46,1540.46,1540.46,1540.46
19660408,1548.00,1548.00,1548.00,1548.00
19660409,1535.88,1535.88,1535.88,1535.88
19660411,1536.88,1536.88,1536.88,1536.88
19660412,1551.51,1551.51,1551.51,1551.51
19660413,1555.71,1555.71,1555.71,1555.71
19660414,1537.90,1537.90,1537.90,1537.90
19660415,1535.20,1535.20,1535.20,1535.20
19660416,1541.20,1541.20,1541.20,1541.20
19660418,1531.53,1531.53,1531.53,1531.53
19660419,1508.04,1508.04,1508.04,1508.04
19660420,1486.93,1486.93,1486.93,1486.93
19660421,1502.80,1502.80,1502.80,1502.80
19660422,1503.09,1503.09,1503.09,1503.09
19660423,1530.93,1530.93,1530.93,1530.93
19660425,1530.16,1530.16,1530.16,1530.16
19660426,1523.00,1523.00,1523.00,1523.00
19660427,1557.07,1557.07,1557.07,1557.07
19660428,1553.68,1553.68,1553.68,1553.68
19660430,1557.97,1557.97,1557.97,1557.97
19660502,1565.55,1565.55,1565.55,1565.55
19660504,1582.15,1582.15,1582.15,1582.15
19660506,1581.58,1581.58,1581.58,1581.58
19660507,1560.28,1560.28,1560.28,1560.28
19660509,1572.94,1572.94,1572.94,1572.94
19660510,1568.37,1568.37,1568.37,1568.37
19660511,1575.29,1575.29,1575.29,1575.29
19660512,1582.73,1582.73,1582.73,1582.73
19660513,1571.10,1571.10,1571.10,1571.10
19660514,1567.17,1567.17,1567.17,1567.17
19660516,1558.15,1558.15,1558.15,1558.15
19660517,1559.67,1559.67,1559.67,1559.67
19660518,1564.94,1564.94,1564.94,1564.94
19660519,1556.84,1556.84,1556.84,1556.84
19660520,1552.76,1552.76,1552.76,1552.76
19660521,1554.42,1554.42,1554.42,1554.42
19660523,1561.14,1561.14,1561.14,1561.14
19660524,1574.06,1574.06,1574.06,1574.06
19660525,1568.93,1568.93,1568.93,1568.93
19660526,1572.97,1572.97,1572.97,1572.97
19660527,1550.06,1550.06,1550.06,1550.06
19660528,1517.05,1517.05,1517.05,1517.05
19660530,1512.63,1512.63,1512.63,1512.63
19660531,1514.15,1514.15,1514.15,1514.15
19660601,1490.85,1490.85,1490.85,1490.85
19660602,1502.67,1502.67,1502.67,1502.67
19660603,1517.81,1517.81,1517.81,1517.81
19660604,1527.92,1527.92,1527.92,1527.92
19660606,1524.50,1524.50,1524.50,1524.50
19660607,1516.90,1516.90,1516.90,1516.90
19660608,1511.80,1511.80,1511.80,1511.80
19660609,1507.03,1507.03,1507.03,1507.03
19660610,1515.01,1515.01,1515.01,1515.01
19660611,1518.18,1518.18,1518.18,1518.18
19660613,1526.50,1526.50,1526.50,1526.50
19660614,1543.10,1543.10,1543.10,1543.10
19660615,1545.77,1545.77,1545.77,1545.77
19660616,1530.35,1530.35,1530.35,1530.35
19660617,1519.42,1519.42,1519.42,1519.42
19660618,1513.26,1513.26,1513.26,1513.26
19660620,1514.94,1514.94,1514.94,1514.94
19660621,1522.71,1522.71,1522.71,1522.71
19660622,1513.95,1513.95,1513.95,1513.95
19660623,1504.14,1504.14,1504.14,1504.14
19660624,1513.38,1513.38,1513.38,1513.38
19660625,1513.80,1513.80,1513.80,1513.80
19660627,1521.00,1521.00,1521.00,1521.00
19660628,1510.14,1510.14,1510.14,1510.14
19660629,1514.52,1514.52,1514.52,1514.52
19660630,1494.90,1494.90,1494.90,1494.90
19660701,1509.16,1509.16,1509.16,1509.16
19660702,1519.97,1519.97,1519.97,1519.97
19660704,1532.66,1532.66,1532.66,1532.66
19660705,1525.56,1525.56,1525.56,1525.56
19660706,1512.78,1512.78,1512.78,1512.78
19660707,1524.95,1524.95,1524.95,1524.95
19660708,1507.11,1507.11,1507.11,1507.11
19660709,1506.03,1506.03,1506.03,1506.03
19660711,1480.50,1480.50,1480.50,1480.50
19660712,1451.92,1451.92,1451.92,1451.92
19660713,1443.83,1443.83,1443.83,1443.83
19660714,1445.85,1445.85,1445.85,1445.85
19660715,1465.21,1465.21,1465.21,1465.21
19660716,1456.66,1456.66,1456.66,1456.66
19660718,1434.68,1434.68,1434.68,1434.68
19660719,1460.55,1460.55,1460.55,1460.55
19660720,1464.36,1464.36,1464.36,1464.36
19660721,1472.33,1472.33,1472.33,1472.33
19660722,1475.39,1475.39,1475.39,1475.39
19660723,1480.05,1480.05,1480.05,1480.05
19660725,1470.98,1470.98,1470.98,1470.98
19660726,1468.23,1468.23,1468.23,1468.23
19660727,1486.01,1486.01,1486.01,1486.01
19660728,1486.02,1486.02,1486.02,1486.02
19660729,1499.00,1499.00,1499.00,1499.00
19660730,1502.13,1502.13,1502.13,1502.13
19660801,1495.88,1495.88,1495.88,1495.88
19660802,1494.04,1494.04,1494.04,1494.04
19660803,1490.79,1490.79,1490.79,1490.79
19660804,1479.08,1479.08,1479.08,1479.08
19660805,1479.85,1479.85,1479.85,1479.85
19660806,1475.87,1475.87,1475.87,1475.87
19660808,1475.05,1475.05,1475.05,1475.05
19660809,1487.62,1487.62,1487.62,1487.62
19660810,1486.61,1486.61,1486.61,1486.61
19660811,1483.58,1483.58,1483.58,1483.58
19660812,1486.38,1486.38,1486.38,1486.38
19660813,1495.61,1495.61,1495.61,1495.61
19660815,1496.94,1496.94,1496.94,1496.94
19660816,1497.35,1497.35,1497.35,1497.35
19660817,1494.13,1494.13,1494.13,1494.13
19660818,1486.21,1486.21,1486.21,1486.21
19660819,1466.43,1466.43,1466.43,1466.43
19660820,1465.34,1465.34,1465.34,1465.34
19660822,1463.69,1463.69,1463.69,1463.69
19660823,1469.55,1469.55,1469.55,1469.55
19660824,1450.61,1450.61,1450.61,1450.61
19660825,1456.24,1456.24,1456.24,1456.24
19660826,1459.00,1459.00,1459.00,1459.00
19660827,1451.10,1451.10,1451.10,1451.10
19660829,1456.63,1456.63,1456.63,1456.63
19660830,1468.29,1468.29,1468.29,1468.29
19660831,1463.04,1463.04,1463.04,1463.04
19660901,1472.86,1472.86,1472.86,1472.86
19660902,1470.95,1470.95,1470.95,1470.95
19660903,1457.29,1457.29,1457.29,1457.29
19660905,1456.77,1456.77,1456.77,1456.77
19660906,1453.32,1453.32,1453.32,1453.32
19660907,1441.24,1441.24,1441.24,1441.24
19660908,1449.88,1449.88,1449.88,1449.88
19660909,1436.15,1436.15,1436.15,1436.15
19660910,1441.29,1441.29,1441.29,1441.29
19660912,1442.37,1442.37,1442.37,1442.37
19660913,1440.62,1440.62,1440.62,1440.62
19660914,1431.24,1431.24,1431.24,1431.24
19660916,1422.17,1422.17,1422.17,1422.17
19660917,1416.55,1416.55,1416.55,1416.55
19660919,1435.89,1435.89,1435.89,1435.89
19660920,1454.36,1454.36,1454.36,1454.36
19660921,1451.48,1451.48,1451.48,1451.48
19660922,1461.44,1461.44,1461.44,1461.44
19660924,1452.63,1452.63,1452.63,1452.63
19660926,1467.69,1467.69,1467.69,1467.69
19660927,1471.15,1471.15,1471.15,1471.15
19660928,1466.76,1466.76,1466.76,1466.76
19660929,1464.59,1464.59,1464.59,1464.59
19660930,1465.43,1465.43,1465.43,1465.43
19661001,1471.61,1471.61,1471.61,1471.61
19661003,1469.24,1469.24,1469.24,1469.24
19661004,1459.33,1459.33,1459.33,1459.33
19661005,1461.60,1461.60,1461.60,1461.60
19661006,1450.34,1450.34,1450.34,1450.34
19661007,1444.89,1444.89,1444.89,1444.89
19661008,1450.54,1450.54,1450.54,1450.54
19661011,1442.22,1442.22,1442.22,1442.22
19661012,1436.71,1436.71,1436.71,1436.71
19661013,1445.03,1445.03,1445.03,1445.03
19661014,1448.17,1448.17,1448.17,1448.17
19661015,1439.92,1439.92,1439.92,1439.92
19661017,1432.92,1432.92,1432.92,1432.92
19661018,1441.43,1441.43,1441.43,1441.43
19661019,1433.46,1433.46,1433.46,1433.46
19661020,1426.99,1426.99,1426.99,1426.99
19661021,1420.26,1420.26,1420.26,1420.26
19661022,1418.54,1418.54,1418.54,1418.54
19661024,1413.78,1413.78,1413.78,1413.78
19661025,1418.56,1418.56,1418.56,1418.56
19661026,1412.20,1412.20,1412.20,1412.20
19661027,1408.08,1408.08,1408.08,1408.08
19661028,1430.04,1430.04,1430.04,1430.04
19661029,1433.59,1433.59,1433.59,1433.59
19661031,1441.02,1441.02,1441.02,1441.02
19661101,1431.92,1431.92,1431.92,1431.92
19661102,1438.29,1438.29,1438.29,1438.29
19661104,1438.58,1438.58,1438.58,1438.58
19661105,1435.63,1435.63,1435.63,1435.63
19661107,1445.08,1445.08,1445.08,1445.08
19661108,1443.60,1443.60,1443.60,1443.60
19661109,1428.77,1428.77,1428.77,1428.77
19661110,1425.39,1425.39,1425.39,1425.39
19661111,1418.50,1418.50,1418.50,1418.50
19661112,1415.35,1415.35,1415.35,1415.35
19661114,1415.02,1415.02,1415.02,1415.02
19661115,1418.06,1418.06,1418.06,1418.06
19661116,1414.60,1414.60,1414.60,1414.60
19661117,1426.58,1426.58,1426.58,1426.58
19661118,1427.23,1427.23,1427.23,1427.23
19661119,1428.78,1428.78,1428.78,1428.78
19661121,1431.27,1431.27,1431.27,1431.27
19661122,1424.98,1424.98,1424.98,1424.98
19661124,1416.22,1416.22,1416.22,1416.22
19661125,1405.58,1405.58,1405.58,1405.58
19661126,1406.40,1406.40,1406.40,1406.40
19661128,1391.77,1391.77,1391.77,1391.77
19661129,1392.24,1392.24,1392.24,1392.24
19661130,1390.21,1390.21,1390.21,1390.21
19661201,1392.07,1392.07,1392.07,1392.07
19661202,1378.34,1378.34,1378.34,1378.34
19661203,1379.00,1379.00,1379.00,1379.00
19661205,1364.34,1364.34,1364.34,1364.34
19661206,1366.31,1366.31,1366.31,1366.31
19661207,1375.43,1375.43,1375.43,1375.43
19661208,1380.36,1380.36,1380.36,1380.36
19661209,1393.64,1393.64,1393.64,1393.64
19661210,1391.97,1391.97,1391.97,1391.97
19661212,1391.49,1391.49,1391.49,1391.49
19661213,1387.10,1387.10,1387.10,1387.10
19661214,1386.25,1386.25,1386.25,1386.25
19661215,1379.35,1379.35,1379.35,1379.35
19661216,1376.49,1376.49,1376.49,1376.49
19661217,1381.22,1381.22,1381.22,1381.22
19661219,1394.23,1394.23,1394.23,1394.23
19661220,1404.30,1404.30,1404.30,1404.30
19661221,1402.03,1402.03,1402.03,1402.03
19661222,1417.98,1417.98,1417.98,1417.98
19661223,1434.13,1434.13,1434.13,1434.13
19661224,1445.86,1445.86,1445.86,1445.86
19661226,1449.60,1449.60,1449.60,1449.60
19661227,1444.91,1444.91,1444.91,1444.91
19661228,1452.10,1452.10,1452.10,1452.10
19670104,1441.35,1441.35,1441.35,1441.35
19670105,1419.97,1419.97,1419.97,1419.97
19670106,1413.93,1413.93,1413.93,1413.93
19670107,1418.90,1418.90,1418.90,1418.90
19670109,1424.02,1424.02,1424.02,1424.02
19670110,1416.93,1416.93,1416.93,1416.93
19670111,1410.31,1410.31,1410.31,1410.31
19670112,1416.01,1416.01,1416.01,1416.01
19670113,1418.23,1418.23,1418.23,1418.23
19670114,1423.07,1423.07,1423.07,1423.07
19670116,1441.83,1441.83,1441.83,1441.83
19670117,1447.14,1447.14,1447.14,1447.14
19670118,1440.48,1440.48,1440.48,1440.48
19670119,1444.01,1444.01,1444.01,1444.01
19670120,1441.97,1441.97,1441.97,1441.97
19670121,1437.59,1437.59,1437.59,1437.59
19670123,1443.27,1443.27,1443.27,1443.27
19670124,1446.48,1446.48,1446.48,1446.48
19670125,1444.09,1444.09,1444.09,1444.09
19670126,1428.95,1428.95,1428.95,1428.95
19670127,1429.14,1429.14,1429.14,1429.14
19670128,1427.93,1427.93,1427.93,1427.93
19670130,1457.50,1457.50,1457.50,1457.50
19670131,1463.11,1463.11,1463.11,1463.11
19670201,1463.64,1463.64,1463.64,1463.64
19670202,1472.24,1472.24,1472.24,1472.24
19670203,1480.51,1480.51,1480.51,1480.51
19670204,1468.76,1468.76,1468.76,1468.76
19670206,1481.81,1481.81,1481.81,1481.81
19670207,1483.48,1483.48,1483.48,1483.48
19670208,1488.78,1488.78,1488.78,1488.78
19670209,1446.66,1446.66,1446.66,1446.66
19670210,1472.85,1472.85,1472.85,1472.85
19670213,1460.38,1460.38,1460.38,1460.38
19670214,1454.86,1454.86,1454.86,1454.86
19670215,1467.51,1467.51,1467.51,1467.51
19670216,1476.21,1476.21,1476.21,1476.21
19670217,1468.15,1468.15,1468.15,1468.15
19670218,1475.39,1475.39,1475.39,1475.39
19670220,1476.01,1476.01,1476.01,1476.01
19670221,1472.21,1472.21,1472.21,1472.21
19670222,1478.24,1478.24,1478.24,1478.24
19670223,1482.23,1482.23,1482.23,1482.23
19670224,1484.95,1484.95,1484.95,1484.95
19670225,1484.54,1484.54,1484.54,1484.54
19670227,1499.09,1499.09,1499.09,1499.09
19670228,1494.82,1494.82,1494.82,1494.82
19670301,1506.27,1506.27,1506.27,1506.27
19670302,1502.64,1502.64,1502.64,1502.64
19670303,1485.07,1485.07,1485.07,1485.07
19670304,1489.19,1489.19,1489.19,1489.19
19670306,1487.41,1487.41,1487.41,1487.41
19670307,1480.44,1480.44,1480.44,1480.44
19670308,1468.50,1468.50,1468.50,1468.50
19670309,1473.18,1473.18,1473.18,1473.18
19670310,1468.40,1468.40,1468.40,1468.40
19670311,1462.11,1462.11,1462.11,1462.11
19670313,1460.62,1460.62,1460.62,1460.62
19670314,1465.32,1465.32,1465.32,1465.32
19670315,1466.94,1466.94,1466.94,1466.94
19670316,1459.36,1459.36,1459.36,1459.36
19670317,1467.12,1467.12,1467.12,1467.12
19670318,1469.54,1469.54,1469.54,1469.54
19670320,1467.74,1467.74,1467.74,1467.74
19670322,1462.99,1462.99,1462.99,1462.99
19670323,1455.45,1455.45,1455.45,1455.45
19670324,1456.61,1456.61,1456.61,1456.61
19670325,1458.42,1458.42,1458.42,1458.42
19670327,1450.31,1450.31,1450.31,1450.31
19670328,1438.00,1438.00,1438.00,1438.00
19670329,1456.47,1456.47,1456.47,1456.47
19670330,1446.57,1446.57,1446.57,1446.57
19670331,1455.58,1455.58,1455.58,1455.58
19670401,1445.91,1445.91,1445.91,1445.91
19670403,1439.12,1439.12,1439.12,1439.12
19670404,1426.47,1426.47,1426.47,1426.47
19670405,1434.47,1434.47,1434.47,1434.47
19670406,1428.16,1428.16,1428.16,1428.16
19670407,1425.71,1425.71,1425.71,1425.71
19670408,1430.41,1430.41,1430.41,1430.41
19670410,1432.63,1432.63,1432.63,1432.63
19670411,1428.78,1428.78,1428.78,1428.78
19670412,1418.02,1418.02,1418.02,1418.02
19670413,1420.72,1420.72,1420.72,1420.72
19670414,1432.42,1432.42,1432.42,1432.42
19670415,1436.44,1436.44,1436.44,1436.44
19670417,1431.85,1431.85,1431.85,1431.85
19670418,1436.22,1436.22,1436.22,1436.22
19670419,1438.22,1438.22,1438.22,1438.22
19670420,1438.59,1438.59,1438.59,1438.59
19670421,1445.46,1445.46,1445.46,1445.46
19670422,1444.24,1444.24,1444.24,1444.24
19670424,1436.68,1436.68,1436.68,1436.68
19670425,1438.97,1438.97,1438.97,1438.97
19670426,1443.43,1443.43,1443.43,1443.43
19670427,1438.23,1438.23,1438.23,1438.23
19670428,1437.24,1437.24,1437.24,1437.24
19670501,1441.12,1441.12,1441.12,1441.12
19670502,1448.74,1448.74,1448.74,1448.74
19670504,1456.03,1456.03,1456.03,1456.03
19670506,1453.26,1453.26,1453.26,1453.26
19670508,1457.49,1457.49,1457.49,1457.49
19670509,1451.64,1451.64,1451.64,1451.64
19670510,1461.62,1461.62,1461.62,1461.62
19670511,1476.52,1476.52,1476.52,1476.52
19670512,1476.58,1476.58,1476.58,1476.58
19670513,1477.53,1477.53,1477.53,1477.53
19670515,1480.81,1480.81,1480.81,1480.81
19670516,1477.44,1477.44,1477.44,1477.44
19670517,1480.53,1480.53,1480.53,1480.53
19670518,1477.72,1477.72,1477.72,1477.72
19670519,1480.74,1480.74,1480.74,1480.74
19670520,1477.40,1477.40,1477.40,1477.40
19670522,1474.77,1474.77,1474.77,1474.77
19670523,1485.62,1485.62,1485.62,1485.62
19670524,1479.59,1479.59,1479.59,1479.59
19670525,1481.58,1481.58,1481.58,1481.58
19670526,1474.75,1474.75,1474.75,1474.75
19670527,1474.85,1474.85,1474.85,1474.85
19670529,1490.82,1490.82,1490.82,1490.82
19670530,1495.57,1495.57,1495.57,1495.57
19670531,1505.94,1505.94,1505.94,1505.94
19670601,1502.78,1502.78,1502.78,1502.78
19670602,1498.25,1498.25,1498.25,1498.25
19670603,1499.09,1499.09,1499.09,1499.09
19670605,1488.69,1488.69,1488.69,1488.69
19670606,1483.04,1483.04,1483.04,1483.04
19670607,1476.90,1476.90,1476.90,1476.90
19670608,1490.58,1490.58,1490.58,1490.58
19670609,1487.79,1487.79,1487.79,1487.79
19670610,1485.60,1485.60,1485.60,1485.60
19670612,1487.80,1487.80,1487.80,1487.80
19670613,1479.04,1479.04,1479.04,1479.04
19670614,1480.36,1480.36,1480.36,1480.36
19670615,1475.25,1475.25,1475.25,1475.25
19670616,1478.48,1478.48,1478.48,1478.48
19670617,1476.44,1476.44,1476.44,1476.44
19670619,1468.50,1468.50,1468.50,1468.50
19670620,1470.71,1470.71,1470.71,1470.71
19670621,1477.45,1477.45,1477.45,1477.45
19670622,1474.29,1474.29,1474.29,1474.29
19670623,1474.03,1474.03,1474.03,1474.03
19670624,1476.12,1476.12,1476.12,1476.12
19670626,1489.45,1489.45,1489.45,1489.45
19670627,1490.63,1490.63,1490.63,1490.63
19670628,1486.16,1486.16,1486.16,1486.16
19670629,1494.42,1494.42,1494.42,1494.42
19670630,1494.18,1494.18,1494.18,1494.18
19670701,1495.26,1495.26,1495.26,1495.26
19670703,1494.44,1494.44,1494.44,1494.44
19670704,1486.59,1486.59,1486.59,1486.59
19670705,1489.28,1489.28,1489.28,1489.28
19670706,1486.74,1486.74,1486.74,1486.74
19670707,1477.16,1477.16,1477.16,1477.16
19670708,1473.21,1473.21,1473.21,1473.21
19670710,1481.99,1481.99,1481.99,1481.99
19670711,1475.66,1475.66,1475.66,1475.66
19670712,1477.75,1477.75,1477.75,1477.75
19670713,1482.65,1482.65,1482.65,1482.65
19670714,1480.82,1480.82,1480.82,1480.82
19670715,1484.45,1484.45,1484.45,1484.45
19670717,1481.55,1481.55,1481.55,1481.55
19670718,1481.24,1481.24,1481.24,1481.24
19670719,1483.27,1483.27,1483.27,1483.27
19670720,1492.11,1492.11,1492.11,1492.11
19670721,1494.07,1494.07,1494.07,1494.07
19670722,1493.67,1493.67,1493.67,1493.67
19670724,1494.21,1494.21,1494.21,1494.21
19670725,1489.34,1489.34,1489.34,1489.34
19670726,1488.11,1488.11,1488.11,1488.11
19670727,1486.48,1486.48,1486.48,1486.48
19670728,1483.63,1483.63,1483.63,1483.63
19670729,1476.44,1476.44,1476.44,1476.44
19670731,1476.33,1476.33,1476.33,1476.33
19670801,1461.73,1461.73,1461.73,1461.73
19670802,1446.02,1446.02,1446.02,1446.02
19670803,1446.28,1446.28,1446.28,1446.28
19670804,1446.74,1446.74,1446.74,1446.74
19670805,1446.78,1446.78,1446.78,1446.78
19670807,1429.36,1429.36,1429.36,1429.36
19670808,1435.39,1435.39,1435.39,1435.39
19670809,1430.87,1430.87,1430.87,1430.87
19670810,1429.48,1429.48,1429.48,1429.48
19670811,1414.48,1414.48,1414.48,1414.48
19670812,1394.09,1394.09,1394.09,1394.09
19670814,1369.45,1369.45,1369.45,1369.45
19670815,1383.73,1383.73,1383.73,1383.73
19670816,1354.21,1354.21,1354.21,1354.21
19670817,1360.90,1360.90,1360.90,1360.90
19670818,1356.96,1356.96,1356.96,1356.96
19670819,1344.98,1344.98,1344.98,1344.98
19670821,1321.54,1321.54,1321.54,1321.54
19670822,1340.31,1340.31,1340.31,1340.31
19670823,1337.03,1337.03,1337.03,1337.03
19670824,1350.90,1350.90,1350.90,1350.90
19670825,1342.17,1342.17,1342.17,1342.17
19670826,1337.25,1337.25,1337.25,1337.25
19670828,1335.15,1335.15,1335.15,1335.15
19670829,1336.84,1336.84,1336.84,1336.84
19670830,1324.83,1324.83,1324.83,1324.83
19670831,1342.68,1342.68,1342.68,1342.68
19670901,1352.54,1352.54,1352.54,1352.54
19670902,1364.96,1364.96,1364.96,1364.96
19670904,1373.83,1373.83,1373.83,1373.83
19670905,1371.37,1371.37,1371.37,1371.37
19670906,1364.23,1364.23,1364.23,1364.23
19670907,1353.91,1353.91,1353.91,1353.91
19670908,1337.49,1337.49,1337.49,1337.49
19670909,1339.15,1339.15,1339.15,1339.15
19670911,1331.67,1331.67,1331.67,1331.67
19670912,1329.72,1329.72,1329.72,1329.72
19670913,1333.83,1333.83,1333.83,1333.83
19670914,1334.66,1334.66,1334.66,1334.66
19670916,1345.61,1345.61,1345.61,1345.61
19670918,1344.12,1344.12,1344.12,1344.12
19670919,1342.52,1342.52,1342.52,1342.52
19670920,1340.35,1340.35,1340.35,1340.35
19670921,1339.19,1339.19,1339.19,1339.19
19670922,1350.27,1350.27,1350.27,1350.27
19670923,1346.75,1346.75,1346.75,1346.75
19670925,1340.38,1340.38,1340.38,1340.38
19670926,1336.18,1336.18,1336.18,1336.18
19670927,1317.81,1317.81,1317.81,1317.81
19670928,1320.00,1320.00,1320.00,1320.00
19670929,1323.91,1323.91,1323.91,1323.91
19670930,1318.77,1318.77,1318.77,1318.77
19671002,1312.28,1312.28,1312.28,1312.28
19671003,1330.40,1330.40,1330.40,1330.40
19671004,1348.58,1348.58,1348.58,1348.58
19671005,1343.01,1343.01,1343.01,1343.01
19671006,1363.01,1363.01,1363.01,1363.01
19671007,1366.80,1366.80,1366.80,1366.80
19671009,1380.43,1380.43,1380.43,1380.43
19671011,1367.36,1367.36,1367.36,1367.36
19671012,1365.18,1365.18,1365.18,1365.18
19671013,1362.66,1362.66,1362.66,1362.66
19671014,1367.36,1367.36,1367.36,1367.36
19671016,1372.99,1372.99,1372.99,1372.99
19671017,1366.00,1366.00,1366.00,1366.00
19671018,1372.19,1372.19,1372.19,1372.19
19671019,1375.14,1375.14,1375.14,1375.14
19671020,1378.70,1378.70,1378.70,1378.70
19671021,1377.01,1377.01,1377.01,1377.01
19671023,1382.53,1382.53,1382.53,1382.53
19671024,1385.43,1385.43,1385.43,1385.43
19671025,1382.36,1382.36,1382.36,1382.36
19671026,1384.17,1384.17,1384.17,1384.17
19671027,1376.09,1376.09,1376.09,1376.09
19671028,1377.44,1377.44,1377.44,1377.44
19671030,1385.61,1385.61,1385.61,1385.61
19671031,1376.05,1376.05,1376.05,1376.05
19671101,1378.07,1378.07,1378.07,1378.07
19671102,1364.61,1364.61,1364.61,1364.61
19671104,1360.23,1360.23,1360.23,1360.23
19671106,1368.92,1368.92,1368.92,1368.92
19671107,1360.74,1360.74,1360.74,1360.74
19671108,1364.89,1364.89,1364.89,1364.89
19671109,1361.25,1361.25,1361.25,1361.25
19671110,1344.69,1344.69,1344.69,1344.69
19671111,1347.47,1347.47,1347.47,1347.47
19671113,1342.04,1342.04,1342.04,1342.04
19671114,1351.96,1351.96,1351.96,1351.96
19671115,1344.42,1344.42,1344.42,1344.42
19671116,1349.30,1349.30,1349.30,1349.30
19671117,1343.79,1343.79,1343.79,1343.79
19671118,1340.63,1340.63,1340.63,1340.63
19671120,1273.33,1273.33,1273.33,1273.33
19671121,1265.24,1265.24,1265.24,1265.24
19671122,1282.40,1282.40,1282.40,1282.40
19671124,1271.58,1271.58,1271.58,1271.58
19671125,1268.16,1268.16,1268.16,1268.16
19671127,1269.05,1269.05,1269.05,1269.05
19671128,1275.77,1275.77,1275.77,1275.77
19671129,1285.68,1285.68,1285.68,1285.68
19671130,1277.27,1277.27,1277.27,1277.27
19671201,1284.88,1284.88,1284.88,1284.88
19671202,1288.36,1288.36,1288.36,1288.36
19671204,1294.93,1294.93,1294.93,1294.93
19671205,1279.34,1279.34,1279.34,1279.34
19671206,1274.61,1274.61,1274.61,1274.61
19671207,1277.03,1277.03,1277.03,1277.03
19671208,1260.63,1260.63,1260.63,1260.63
19671209,1256.26,1256.26,1256.26,1256.26
19671211,1250.14,1250.14,1250.14,1250.14
19671212,1263.25,1263.25,1263.25,1263.25
19671213,1264.20,1264.20,1264.20,1264.20
19671214,1258.24,1258.24,1258.24,1258.24
19671215,1258.37,1258.37,1258.37,1258.37
19671216,1257.91,1257.91,1257.91,1257.91
19671218,1259.57,1259.57,1259.57,1259.57
19671219,1274.39,1274.39,1274.39,1274.39
19671220,1279.59,1279.59,1279.59,1279.59
19671221,1279.86,1279.86,1279.86,1279.86
19671222,1291.08,1291.08,1291.08,1291.08
19671223,1288.11,1288.11,1288.11,1288.11
19671225,1290.29,1290.29,1290.29,1290.29
19671226,1278.96,1278.96,1278.96,1278.96
19671227,1279.29,1279.29,1279.29,1279.29
19671228,1283.47,1283.47,1283.47,1283.47
19680104,1266.27,1266.27,1266.27,1266.27
19680105,1282.38,1282.38,1282.38,1282.38
19680106,1280.78,1280.78,1280.78,1280.78
19680108,1283.53,1283.53,1283.53,1283.53
19680109,1305.94,1305.94,1305.94,1305.94
19680110,1303.11,1303.11,1303.11,1303.11
19680111,1316.89,1316.89,1316.89,1316.89
19680112,1314.47,1314.47,1314.47,1314.47
19680113,1318.46,1318.46,1318.46,1318.46
19680116,1314.98,1314.98,1314.98,1314.98
19680117,1319.98,1319.98,1319.98,1319.98
19680118,1322.99,1322.99,1322.99,1322.99
19680119,1312.74,1312.74,1312.74,1312.74
19680120,1315.41,1315.41,1315.41,1315.41
19680122,1306.49,1306.49,1306.49,1306.49
19680123,1307.55,1307.55,1307.55,1307.55
19680124,1304.45,1304.45,1304.45,1304.45
19680125,1305.23,1305.23,1305.23,1305.23
19680126,1313.18,1313.18,1313.18,1313.18
19680127,1310.00,1310.00,1310.00,1310.00
19680129,1306.61,1306.61,1306.61,1306.61
19680130,1306.67,1306.67,1306.67,1306.67
19680131,1312.20,1312.20,1312.20,1312.20
19680201,1311.71,1311.71,1311.71,1311.71
19680202,1318.11,1318.11,1318.11,1318.11
19680203,1315.86,1315.86,1315.86,1315.86
19680205,1320.58,1320.58,1320.58,1320.58
19680206,1329.36,1329.36,1329.36,1329.36
19680207,1331.77,1331.77,1331.77,1331.77
19680208,1329.02,1329.02,1329.02,1329.02
19680209,1330.73,1330.73,1330.73,1330.73
19680210,1329.78,1329.78,1329.78,1329.78
19680212,1329.18,1329.18,1329.18,1329.18
19680213,1337.59,1337.59,1337.59,1337.59
19680214,1340.08,1340.08,1340.08,1340.08
19680215,1334.22,1334.22,1334.22,1334.22
19680216,1344.92,1344.92,1344.92,1344.92
19680217,1346.54,1346.54,1346.54,1346.54
19680219,1345.01,1345.01,1345.01,1345.01
19680220,1341.64,1341.64,1341.64,1341.64
19680221,1342.67,1342.67,1342.67,1342.67
19680222,1352.03,1352.03,1352.03,1352.03
19680223,1348.65,1348.65,1348.65,1348.65
19680224,1339.87,1339.87,1339.87,1339.87
19680226,1341.03,1341.03,1341.03,1341.03
19680227,1351.13,1351.13,1351.13,1351.13
19680228,1344.66,1344.66,1344.66,1344.66
19680229,1349.77,1349.77,1349.77,1349.77
19680301,1355.49,1355.49,1355.49,1355.49
19680302,1345.75,1345.75,1345.75,1345.75
19680304,1337.60,1337.60,1337.60,1337.60
19680305,1331.86,1331.86,1331.86,1331.86
19680306,1322.01,1322.01,1322.01,1322.01
19680307,1327.00,1327.00,1327.00,1327.00
19680308,1321.41,1321.41,1321.41,1321.41
19680309,1322.47,1322.47,1322.47,1322.47
19680311,1326.68,1326.68,1326.68,1326.68
19680312,1328.09,1328.09,1328.09,1328.09
19680313,1335.07,1335.07,1335.07,1335.07
19680314,1318.01,1318.01,1318.01,1318.01
19680315,1340.54,1340.54,1340.54,1340.54
19680316,1338.40,1338.40,1338.40,1338.40
19680318,1373.00,1373.00,1373.00,1373.00
19680319,1371.03,1371.03,1371.03,1371.03
19680321,1355.17,1355.17,1355.17,1355.17
19680322,1350.64,1350.64,1350.64,1350.64
19680323,1348.37,1348.37,1348.37,1348.37
19680325,1356.72,1356.72,1356.72,1356.72
19680326,1364.69,1364.69,1364.69,1364.69
19680327,1354.69,1354.69,1354.69,1354.69
19680328,1369.72,1369.72,1369.72,1369.72
19680329,1361.15,1361.15,1361.15,1361.15
19680330,1377.58,1377.58,1377.58,1377.58
19680401,1367.36,1367.36,1367.36,1367.36
19680402,1380.77,1380.77,1380.77,1380.77
19680403,1378.69,1378.69,1378.69,1378.69
19680404,1391.27,1391.27,1391.27,1391.27
19680405,1393.32,1393.32,1393.32,1393.32
19680406,1394.24,1394.24,1394.24,1394.24
19680408,1406.32,1406.32,1406.32,1406.32
19680409,1404.07,1404.07,1404.07,1404.07
19680410,1402.19,1402.19,1402.19,1402.19
19680411,1403.55,1403.55,1403.55,1403.55
19680412,1415.00,1415.00,1415.00,1415.00
19680413,1422.29,1422.29,1422.29,1422.29
19680415,1443.65,1443.65,1443.65,1443.65
19680416,1433.94,1433.94,1433.94,1433.94
19680417,1435.08,1435.08,1435.08,1435.08
19680418,1437.30,1437.30,1437.30,1437.30
19680419,1438.62,1438.62,1438.62,1438.62
19680420,1431.21,1431.21,1431.21,1431.21
19680422,1440.48,1440.48,1440.48,1440.48
19680423,1444.81,1444.81,1444.81,1444.81
19680424,1450.32,1450.32,1450.32,1450.32
19680425,1449.67,1449.67,1449.67,1449.67
19680426,1438.24,1438.24,1438.24,1438.24
19680427,1441.79,1441.79,1441.79,1441.79
19680430,1456.07,1456.07,1456.07,1456.07
19680501,1464.76,1464.76,1464.76,1464.76
19680502,1464.82,1464.82,1464.82,1464.82
19680504,1466.73,1466.73,1466.73,1466.73
19680506,1482.69,1482.69,1482.69,1482.69
19680507,1480.16,1480.16,1480.16,1480.16
19680508,1470.39,1470.39,1470.39,1470.39
19680509,1478.17,1478.17,1478.17,1478.17
19680510,1473.50,1473.50,1473.50,1473.50
19680511,1461.69,1461.69,1461.69,1461.69
19680513,1469.50,1469.50,1469.50,1469.50
19680514,1466.37,1466.37,1466.37,1466.37
19680515,1469.91,1469.91,1469.91,1469.91
19680516,1476.35,1476.35,1476.35,1476.35
19680517,1485.86,1485.86,1485.86,1485.86
19680518,1488.81,1488.81,1488.81,1488.81
19680520,1500.41,1500.41,1500.41,1500.41
19680521,1476.67,1476.67,1476.67,1476.67
19680522,1466.09,1466.09,1466.09,1466.09
19680523,1471.02,1471.02,1471.02,1471.02
19680524,1460.10,1460.10,1460.10,1460.10
19680525,1456.23,1456.23,1456.23,1456.23
19680527,1460.02,1460.02,1460.02,1460.02
19680528,1465.60,1465.60,1465.60,1465.60
19680529,1452.32,1452.32,1452.32,1452.32
19680530,1454.93,1454.93,1454.93,1454.93
19680531,1462.34,1462.34,1462.34,1462.34
19680601,1466.40,1466.40,1466.40,1466.40
19680603,1496.56,1496.56,1496.56,1496.56
19680604,1509.49,1509.49,1509.49,1509.49
19680605,1518.66,1518.66,1518.66,1518.66
19680606,1510.51,1510.51,1510.51,1510.51
19680607,1522.37,1522.37,1522.37,1522.37
19680608,1523.49,1523.49,1523.49,1523.49
19680610,1522.59,1522.59,1522.59,1522.59
19680611,1531.46,1531.46,1531.46,1531.46
19680612,1519.06,1519.06,1519.06,1519.06
19680613,1523.20,1523.20,1523.20,1523.20
19680614,1524.03,1524.03,1524.03,1524.03
19680615,1527.02,1527.02,1527.02,1527.02
19680617,1532.00,1532.00,1532.00,1532.00
19680618,1515.19,1515.19,1515.19,1515.19
19680619,1481.24,1481.24,1481.24,1481.24
19680620,1484.70,1484.70,1484.70,1484.70
19680621,1482.54,1482.54,1482.54,1482.54
19680622,1496.54,1496.54,1496.54,1496.54
19680624,1506.94,1506.94,1506.94,1506.94
19680625,1501.71,1501.71,1501.71,1501.71
19680626,1518.18,1518.18,1518.18,1518.18
19680627,1527.78,1527.78,1527.78,1527.78
19680628,1531.13,1531.13,1531.13,1531.13
19680629,1544.70,1544.70,1544.70,1544.70
19680701,1548.90,1548.90,1548.90,1548.90
19680702,1542.96,1542.96,1542.96,1542.96
19680703,1548.69,1548.69,1548.69,1548.69
19680704,1540.42,1540.42,1540.42,1540.42
19680705,1547.09,1547.09,1547.09,1547.09
19680706,1554.80,1554.80,1554.80,1554.80
19680708,1552.76,1552.76,1552.76,1552.76
19680709,1544.68,1544.68,1544.68,1544.68
19680710,1549.87,1549.87,1549.87,1549.87
19680711,1554.96,1554.96,1554.96,1554.96
19680712,1564.48,1564.48,1564.48,1564.48
19680713,1572.69,1572.69,1572.69,1572.69
19680715,1581.56,1581.56,1581.56,1581.56
19680716,1564.24,1564.24,1564.24,1564.24
19680717,1561.66,1561.66,1561.66,1561.66
19680718,1561.94,1561.94,1561.94,1561.94
19680719,1565.87,1565.87,1565.87,1565.87
19680720,1567.18,1567.18,1567.18,1567.18
19680722,1573.80,1573.80,1573.80,1573.80
19680723,1577.80,1577.80,1577.80,1577.80
19680724,1569.13,1569.13,1569.13,1569.13
19680725,1570.07,1570.07,1570.07,1570.07
19680726,1582.83,1582.83,1582.83,1582.83
19680727,1582.51,1582.51,1582.51,1582.51
19680729,1592.11,1592.11,1592.11,1592.11
19680730,1583.00,1583.00,1583.00,1583.00
19680731,1602.97,1602.97,1602.97,1602.97
19680801,1601.58,1601.58,1601.58,1601.58
19680802,1601.84,1601.84,1601.84,1601.84
19680803,1598.38,1598.38,1598.38,1598.38
19680805,1604.57,1604.57,1604.57,1604.57
19680806,1598.44,1598.44,1598.44,1598.44
19680807,1617.90,1617.90,1617.90,1617.90
19680808,1622.18,1622.18,1622.18,1622.18
19680809,1622.86,1622.86,1622.86,1622.86
19680810,1622.06,1622.06,1622.06,1622.06
19680812,1627.82,1627.82,1627.82,1627.82
19680813,1631.24,1631.24,1631.24,1631.24
19680814,1630.03,1630.03,1630.03,1630.03
19680815,1617.96,1617.96,1617.96,1617.96
19680816,1612.26,1612.26,1612.26,1612.26
19680817,1614.00,1614.00,1614.00,1614.00
19680819,1623.19,1623.19,1623.19,1623.19
19680820,1636.73,1636.73,1636.73,1636.73
19680821,1641.03,1641.03,1641.03,1641.03
19680822,1648.17,1648.17,1648.17,1648.17
19680823,1647.42,1647.42,1647.42,1647.42
19680824,1646.97,1646.97,1646.97,1646.97
19680826,1655.68,1655.68,1655.68,1655.68
19680827,1666.34,1666.34,1666.34,1666.34
19680828,1672.72,1672.72,1672.72,1672.72
19680829,1691.63,1691.63,1691.63,1691.63
19680830,1691.91,1691.91,1691.91,1691.91
19680831,1703.91,1703.91,1703.91,1703.91
19680902,1717.60,1717.60,1717.60,1717.60
19680903,1723.47,1723.47,1723.47,1723.47
19680904,1705.15,1705.15,1705.15,1705.15
19680905,1727.92,1727.92,1727.92,1727.92
19680906,1736.94,1736.94,1736.94,1736.94
19680907,1743.00,1743.00,1743.00,1743.00
19680909,1748.56,1748.56,1748.56,1748.56
19680910,1753.71,1753.71,1753.71,1753.71
19680911,1766.12,1766.12,1766.12,1766.12
19680912,1766.22,1766.22,1766.22,1766.22
19680913,1764.41,1764.41,1764.41,1764.41
19680914,1775.54,1775.54,1775.54,1775.54
19680916,1777.05,1777.05,1777.05,1777.05
19680917,1792.10,1792.10,1792.10,1792.10
19680918,1796.49,1796.49,1796.49,1796.49
19680919,1793.83,1793.83,1793.83,1793.83
19680920,1801.62,1801.62,1801.62,1801.62
19680921,1811.22,1811.22,1811.22,1811.22
19680924,1802.98,1802.98,1802.98,1802.98
19680925,1806.12,1806.12,1806.12,1806.12
19680926,1805.61,1805.61,1805.61,1805.61
19680927,1820.23,1820.23,1820.23,1820.23
19680928,1826.68,1826.68,1826.68,1826.68
19680930,1839.81,1839.81,1839.81,1839.81
19681001,1835.12,1835.12,1835.12,1835.12
19681002,1851.49,1851.49,1851.49,1851.49
19681003,1809.61,1809.61,1809.61,1809.61
19681004,1803.24,1803.24,1803.24,1803.24
19681005,1814.27,1814.27,1814.27,1814.27
19681007,1830.64,1830.64,1830.64,1830.64
19681008,1827.67,1827.67,1827.67,1827.67
19681009,1770.93,1770.93,1770.93,1770.93
19681011,1715.47,1715.47,1715.47,1715.47
19681012,1756.12,1756.12,1756.12,1756.12
19681014,1747.06,1747.06,1747.06,1747.06
19681015,1707.72,1707.72,1707.72,1707.72
19681016,1700.48,1700.48,1700.48,1700.48
19681017,1724.73,1724.73,1724.73,1724.73
19681018,1741.93,1741.93,1741.93,1741.93
19681019,1754.09,1754.09,1754.09,1754.09
19681021,1746.83,1746.83,1746.83,1746.83
19681022,1726.62,1726.62,1726.62,1726.62
19681023,1739.65,1739.65,1739.65,1739.65
19681024,1749.33,1749.33,1749.33,1749.33
19681025,1758.74,1758.74,1758.74,1758.74
19681026,1763.79,1763.79,1763.79,1763.79
19681028,1755.51,1755.51,1755.51,1755.51
19681029,1768.94,1768.94,1768.94,1768.94
19681030,1762.53,1762.53,1762.53,1762.53
19681031,1745.29,1745.29,1745.29,1745.29
19681101,1741.92,1741.92,1741.92,1741.92
19681102,1734.09,1734.09,1734.09,1734.09
19681104,1710.07,1710.07,1710.07,1710.07
19681105,1709.81,1709.81,1709.81,1709.81
19681106,1705.71,1705.71,1705.71,1705.71
19681107,1679.59,1679.59,1679.59,1679.59
19681108,1668.09,1668.09,1668.09,1668.09
19681109,1670.10,1670.10,1670.10,1670.10
19681111,1658.45,1658.45,1658.45,1658.45
19681112,1659.18,1659.18,1659.18,1659.18
19681113,1678.55,1678.55,1678.55,1678.55
19681114,1695.05,1695.05,1695.05,1695.05
19681115,1697.08,1697.08,1697.08,1697.08
19681116,1693.95,1693.95,1693.95,1693.95
19681118,1705.01,1705.01,1705.01,1705.01
19681119,1712.29,1712.29,1712.29,1712.29
19681120,1710.15,1710.15,1710.15,1710.15
19681121,1696.20,1696.20,1696.20,1696.20
19681122,1693.04,1693.04,1693.04,1693.04
19681125,1668.55,1668.55,1668.55,1668.55
19681126,1684.52,1684.52,1684.52,1684.52
19681127,1688.68,1688.68,1688.68,1688.68
19681128,1695.91,1695.91,1695.91,1695.91
19681129,1716.61,1716.61,1716.61,1716.61
19681130,1726.09,1726.09,1726.09,1726.09
19681202,1743.21,1743.21,1743.21,1743.21
19681203,1736.21,1736.21,1736.21,1736.21
19681204,1725.79,1725.79,1725.79,1725.79
19681205,1718.42,1718.42,1718.42,1718.42
19681206,1718.09,1718.09,1718.09,1718.09
19681207,1710.95,1710.95,1710.95,1710.95
19681209,1690.98,1690.98,1690.98,1690.98
19681210,1710.97,1710.97,1710.97,1710.97
19681211,1718.13,1718.13,1718.13,1718.13
19681212,1725.43,1725.43,1725.43,1725.43
19681213,1712.00,1712.00,1712.00,1712.00
19681214,1717.76,1717.76,1717.76,1717.76
19681216,1722.33,1722.33,1722.33,1722.33
19681217,1711.57,1711.57,1711.57,1711.57
19681218,1692.93,1692.93,1692.93,1692.93
19681219,1696.14,1696.14,1696.14,1696.14
19681220,1702.45,1702.45,1702.45,1702.45
19681221,1689.87,1689.87,1689.87,1689.87
19681223,1686.64,1686.64,1686.64,1686.64
19681224,1701.67,1701.67,1701.67,1701.67
19681225,1701.38,1701.38,1701.38,1701.38
19681226,1705.75,1705.75,1705.75,1705.75
19681227,1699.08,1699.08,1699.08,1699.08
19681228,1714.89,1714.89,1714.89,1714.89
19690104,1733.64,1733.64,1733.64,1733.64
19690106,1755.15,1755.15,1755.15,1755.15
19690107,1761.93,1761.93,1761.93,1761.93
19690108,1759.26,1759.26,1759.26,1759.26
19690109,1753.31,1753.31,1753.31,1753.31
19690110,1756.89,1756.89,1756.89,1756.89
19690111,1760.27,1760.27,1760.27,1760.27
19690113,1767.35,1767.35,1767.35,1767.35
19690114,1771.24,1771.24,1771.24,1771.24
19690116,1782.05,1782.05,1782.05,1782.05
19690117,1779.63,1779.63,1779.63,1779.63
19690118,1790.48,1790.48,1790.48,1790.48
19690120,1798.90,1798.90,1798.90,1798.90
19690121,1803.90,1803.90,1803.90,1803.90
19690122,1820.25,1820.25,1820.25,1820.25
19690123,1830.87,1830.87,1830.87,1830.87
19690124,1825.80,1825.80,1825.80,1825.80
19690125,1826.57,1826.57,1826.57,1826.57
19690127,1833.29,1833.29,1833.29,1833.29
19690128,1820.62,1820.62,1820.62,1820.62
19690129,1831.77,1831.77,1831.77,1831.77
19690130,1826.12,1826.12,1826.12,1826.12
19690131,1830.26,1830.26,1830.26,1830.26
19690201,1831.72,1831.72,1831.72,1831.72
19690203,1828.04,1828.04,1828.04,1828.04
19690204,1815.07,1815.07,1815.07,1815.07
19690205,1833.75,1833.75,1833.75,1833.75
19690206,1840.70,1840.70,1840.70,1840.70
19690207,1845.95,1845.95,1845.95,1845.95
19690208,1849.25,1849.25,1849.25,1849.25
19690210,1851.08,1851.08,1851.08,1851.08
19690212,1852.38,1852.38,1852.38,1852.38
19690213,1843.07,1843.07,1843.07,1843.07
19690214,1826.14,1826.14,1826.14,1826.14
19690215,1825.96,1825.96,1825.96,1825.96
19690217,1824.27,1824.27,1824.27,1824.27
19690218,1828.85,1828.85,1828.85,1828.85
19690219,1819.42,1819.42,1819.42,1819.42
19690220,1791.97,1791.97,1791.97,1791.97
19690221,1775.43,1775.43,1775.43,1775.43
19690222,1776.71,1776.71,1776.71,1776.71
19690224,1765.90,1765.90,1765.90,1765.90
19690225,1771.85,1771.85,1771.85,1771.85
19690226,1777.97,1777.97,1777.97,1777.97
19690227,1762.97,1762.97,1762.97,1762.97
19690228,1758.54,1758.54,1758.54,1758.54
19690301,1770.62,1770.62,1770.62,1770.62
19690303,1769.55,1769.55,1769.55,1769.55
19690304,1748.88,1748.88,1748.88,1748.88
19690305,1764.25,1764.25,1764.25,1764.25
19690306,1766.89,1766.89,1766.89,1766.89
19690307,1792.89,1792.89,1792.89,1792.89
19690308,1796.63,1796.63,1796.63,1796.63
19690310,1789.32,1789.32,1789.32,1789.32
19690311,1778.99,1778.99,1778.99,1778.99
19690312,1785.25,1785.25,1785.25,1785.25
19690313,1803.11,1803.11,1803.11,1803.11
19690314,1795.58,1795.58,1795.58,1795.58
19690315,1802.80,1802.80,1802.80,1802.80
19690317,1806.64,1806.64,1806.64,1806.64
19690318,1798.21,1798.21,1798.21,1798.21
19690319,1791.82,1791.82,1791.82,1791.82
19690320,1783.20,1783.20,1783.20,1783.20
19690322,1794.14,1794.14,1794.14,1794.14
19690324,1815.74,1815.74,1815.74,1815.74
19690325,1824.75,1824.75,1824.75,1824.75
19690326,1832.86,1832.86,1832.86,1832.86
19690327,1819.84,1819.84,1819.84,1819.84
19690328,1824.07,1824.07,1824.07,1824.07
19690329,1820.15,1820.15,1820.15,1820.15
19690331,1841.02,1841.02,1841.02,1841.02
19690401,1827.44,1827.44,1827.44,1827.44
19690402,1859.13,1859.13,1859.13,1859.13
19690403,1844.97,1844.97,1844.97,1844.97
19690404,1868.12,1868.12,1868.12,1868.12
19690405,1864.83,1864.83,1864.83,1864.83
19690407,1872.10,1872.10,1872.10,1872.10
19690408,1870.97,1870.97,1870.97,1870.97
19690409,1865.89,1865.89,1865.89,1865.89
19690410,1893.02,1893.02,1893.02,1893.02
19690411,1893.50,1893.50,1893.50,1893.50
19690412,1898.67,1898.67,1898.67,1898.67
19690414,1900.26,1900.26,1900.26,1900.26
19690415,1889.21,1889.21,1889.21,1889.21
19690416,1871.84,1871.84,1871.84,1871.84
19690417,1899.79,1899.79,1899.79,1899.79
19690418,1880.83,1880.83,1880.83,1880.83
19690419,1884.31,1884.31,1884.31,1884.31
19690421,1878.45,1878.45,1878.45,1878.45
19690422,1890.13,1890.13,1890.13,1890.13
19690423,1877.25,1877.25,1877.25,1877.25
19690424,1891.73,1891.73,1891.73,1891.73
19690425,1896.09,1896.09,1896.09,1896.09
19690426,1893.99,1893.99,1893.99,1893.99
19690428,1901.03,1901.03,1901.03,1901.03
19690430,1904.94,1904.94,1904.94,1904.94
19690501,1911.54,1911.54,1911.54,1911.54
19690502,1906.44,1906.44,1906.44,1906.44
19690506,1925.14,1925.14,1925.14,1925.14
19690507,1924.29,1924.29,1924.29,1924.29
19690508,1917.44,1917.44,1917.44,1917.44
19690509,1919.07,1919.07,1919.07,1919.07
19690510,1935.69,1935.69,1935.69,1935.69
19690512,1938.98,1938.98,1938.98,1938.98
19690513,1947.71,1947.71,1947.71,1947.71
19690514,1938.61,1938.61,1938.61,1938.61
19690515,1937.23,1937.23,1937.23,1937.23
19690516,1937.05,1937.05,1937.05,1937.05
19690517,1933.84,1933.84,1933.84,1933.84
19690519,1939.83,1939.83,1939.83,1939.83
19690520,1928.29,1928.29,1928.29,1928.29
19690521,1930.34,1930.34,1930.34,1930.34
19690522,1929.58,1929.58,1929.58,1929.58
19690523,1932.20,1932.20,1932.20,1932.20
19690524,1930.93,1930.93,1930.93,1930.93
19690526,1939.37,1939.37,1939.37,1939.37
19690527,1955.94,1955.94,1955.94,1955.94
19690528,1959.57,1959.57,1959.57,1959.57
19690529,1971.00,1971.00,1971.00,1971.00
19690530,1990.53,1990.53,1990.53,1990.53
19690531,2002.46,2002.46,2002.46,2002.46
19690602,2007.61,2007.61,2007.61,2007.61
19690603,2000.47,2000.47,2000.47,2000.47
19690604,2001.77,2001.77,2001.77,2001.77
19690605,2000.96,2000.96,2000.96,2000.96
19690606,2009.18,2009.18,2009.18,2009.18
19690607,2012.79,2012.79,2012.79,2012.79
19690609,2029.10,2029.10,2029.10,2029.10
19690610,2029.59,2029.59,2029.59,2029.59
19690611,2014.64,2014.64,2014.64,2014.64
19690612,1926.01,1926.01,1926.01,1926.01
19690613,1913.32,1913.32,1913.32,1913.32
19690614,1921.34,1921.34,1921.34,1921.34
19690616,1955.69,1955.69,1955.69,1955.69
19690617,1938.72,1938.72,1938.72,1938.72
19690618,1884.82,1884.82,1884.82,1884.82
19690619,1907.41,1907.41,1907.41,1907.41
19690620,1883.50,1883.50,1883.50,1883.50
19690621,1866.65,1866.65,1866.65,1866.65
19690623,1867.31,1867.31,1867.31,1867.31
19690624,1925.88,1925.88,1925.88,1925.88
19690625,1915.31,1915.31,1915.31,1915.31
19690626,1938.06,1938.06,1938.06,1938.06
19690627,1953.52,1953.52,1953.52,1953.52
19690628,1976.24,1976.24,1976.24,1976.24
19690630,1984.61,1984.61,1984.61,1984.61
19690701,1969.67,1969.67,1969.67,1969.67
19690702,1990.35,1990.35,1990.35,1990.35
19690703,1998.00,1998.00,1998.00,1998.00
19690704,1992.81,1992.81,1992.81,1992.81
19690705,1997.47,1997.47,1997.47,1997.47
19690707,1983.14,1983.14,1983.14,1983.14
19690708,1987.60,1987.60,1987.60,1987.60
19690709,1979.13,1979.13,1979.13,1979.13
19690710,1930.56,1930.56,1930.56,1930.56
19690711,1948.64,1948.64,1948.64,1948.64
19690712,1935.07,1935.07,1935.07,1935.07
19690714,1911.12,1911.12,1911.12,1911.12
19690715,1938.08,1938.08,1938.08,1938.08
19690716,1919.46,1919.46,1919.46,1919.46
19690717,1898.88,1898.88,1898.88,1898.88
19690718,1906.00,1906.00,1906.00,1906.00
19690719,1920.99,1920.99,1920.99,1920.99
19690721,1922.52,1922.52,1922.52,1922.52
19690722,1921.53,1921.53,1921.53,1921.53
19690723,1888.04,1888.04,1888.04,1888.04
19690724,1900.19,1900.19,1900.19,1900.19
19690725,1888.42,1888.42,1888.42,1888.42
19690726,1890.89,1890.89,1890.89,1890.89
19690728,1875.00,1875.00,1875.00,1875.00
19690729,1845.40,1845.40,1845.40,1845.40
19690730,1842.57,1842.57,1842.57,1842.57
19690731,1865.59,1865.59,1865.59,1865.59
19690801,1879.41,1879.41,1879.41,1879.41
19690802,1881.01,1881.01,1881.01,1881.01
19690804,1878.14,1878.14,1878.14,1878.14
19690805,1878.70,1878.70,1878.70,1878.70
19690806,1867.79,1867.79,1867.79,1867.79
19690807,1860.41,1860.41,1860.41,1860.41
19690808,1844.03,1844.03,1844.03,1844.03
19690809,1872.03,1872.03,1872.03,1872.03
19690811,1877.20,1877.20,1877.20,1877.20
19690812,1900.89,1900.89,1900.89,1900.89
19690813,1910.87,1910.87,1910.87,1910.87
19690814,1900.63,1900.63,1900.63,1900.63
19690815,1896.09,1896.09,1896.09,1896.09
19690816,1889.35,1889.35,1889.35,1889.35
19690818,1896.83,1896.83,1896.83,1896.83
19690819,1897.75,1897.75,1897.75,1897.75
19690820,1890.38,1890.38,1890.38,1890.38
19690821,1891.29,1891.29,1891.29,1891.29
19690822,1871.79,1871.79,1871.79,1871.79
19690823,1882.04,1882.04,1882.04,1882.04
19690825,1880.43,1880.43,1880.43,1880.43
19690826,1890.67,1890.67,1890.67,1890.67
19690827,1890.24,1890.24,1890.24,1890.24
19690828,1909.26,1909.26,1909.26,1909.26
19690829,1923.19,1923.19,1923.19,1923.19
19690830,1915.68,1915.68,1915.68,1915.68
19690901,1951.54,1951.54,1951.54,1951.54
19690902,1964.81,1964.81,1964.81,1964.81
19690903,1972.68,1972.68,1972.68,1972.68
19690904,1971.47,1971.47,1971.47,1971.47
19690905,1984.69,1984.69,1984.69,1984.69
19690906,1977.62,1977.62,1977.62,1977.62
19690908,1983.95,1983.95,1983.95,1983.95
19690909,1964.46,1964.46,1964.46,1964.46
19690910,1988.50,1988.50,1988.50,1988.50
19690911,1987.91,1987.91,1987.91,1987.91
19690912,1987.62,1987.62,1987.62,1987.62
19690913,2000.63,2000.63,2000.63,2000.63
19690916,2014.16,2014.16,2014.16,2014.16
19690917,2016.71,2016.71,2016.71,2016.71
19690918,1995.26,1995.26,1995.26,1995.26
19690919,2000.43,2000.43,2000.43,2000.43
19690920,2008.25,2008.25,2008.25,2008.25
19690922,2016.85,2016.85,2016.85,2016.85
19690924,2012.27,2012.27,2012.27,2012.27
19690925,2012.96,2012.96,2012.96,2012.96
19690926,1988.92,1988.92,1988.92,1988.92
19690927,1968.73,1968.73,1968.73,1968.73
19690929,1995.96,1995.96,1995.96,1995.96
19690930,2016.15,2016.15,2016.15,2016.15
19691001,2036.80,2036.80,2036.80,2036.80
19691002,2023.89,2023.89,2023.89,2023.89
19691003,2027.94,2027.94,2027.94,2027.94
19691004,2022.78,2022.78,2022.78,2022.78
19691006,2038.72,2038.72,2038.72,2038.72
19691007,2033.81,2033.81,2033.81,2033.81
19691008,2022.70,2022.70,2022.70,2022.70
19691009,2033.52,2033.52,2033.52,2033.52
19691011,2044.49,2044.49,2044.49,2044.49
19691013,2068.32,2068.32,2068.32,2068.32
19691014,2062.85,2062.85,2062.85,2062.85
19691015,2074.11,2074.11,2074.11,2074.11
19691016,2098.65,2098.65,2098.65,2098.65
19691017,2097.49,2097.49,2097.49,2097.49
19691018,2122.65,2122.65,2122.65,2122.65
19691020,2079.75,2079.75,2079.75,2079.75
19691021,2099.39,2099.39,2099.39,2099.39
19691022,2110.27,2110.27,2110.27,2110.27
19691023,2092.90,2092.90,2092.90,2092.90
19691024,2120.94,2120.94,2120.94,2120.94
19691025,2116.57,2116.57,2116.57,2116.57
19691027,2117.12,2117.12,2117.12,2117.12
19691028,2136.80,2136.80,2136.80,2136.80
19691029,2150.10,2150.10,2150.10,2150.10
19691030,2145.16,2145.16,2145.16,2145.16
19691031,2130.30,2130.30,2130.30,2130.30
19691101,2122.53,2122.53,2122.53,2122.53
19691104,2133.97,2133.97,2133.97,2133.97
19691105,2135.44,2135.44,2135.44,2135.44
19691106,2121.99,2121.99,2121.99,2121.99
19691107,2102.58,2102.58,2102.58,2102.58
19691108,2096.90,2096.90,2096.90,2096.90
19691110,2121.31,2121.31,2121.31,2121.31
19691111,2118.26,2118.26,2118.26,2118.26
19691112,2104.52,2104.52,2104.52,2104.52
19691113,2118.15,2118.15,2118.15,2118.15
19691114,2147.52,2147.52,2147.52,2147.52
19691115,2148.66,2148.66,2148.66,2148.66
19691117,2155.14,2155.14,2155.14,2155.14
19691118,2168.21,2168.21,2168.21,2168.21
19691119,2181.97,2181.97,2181.97,2181.97
19691120,2210.60,2210.60,2210.60,2210.60
19691121,2201.52,2201.52,2201.52,2201.52
19691122,2196.02,2196.02,2196.02,2196.02
19691124,2199.11,2199.11,2199.11,2199.11
19691125,2213.14,2213.14,2213.14,2213.14
19691126,2211.97,2211.97,2211.97,2211.97
19691127,2230.58,2230.58,2230.58,2230.58
19691128,2201.41,2201.41,2201.41,2201.41
19691129,2211.90,2211.90,2211.90,2211.90
19691201,2251.37,2251.37,2251.37,2251.37
19691202,2252.61,2252.61,2252.61,2252.61
19691203,2195.43,2195.43,2195.43,2195.43
19691204,2171.79,2171.79,2171.79,2171.79
19691205,2170.15,2170.15,2170.15,2170.15
19691206,2194.56,2194.56,2194.56,2194.56
19691208,2198.98,2198.98,2198.98,2198.98
19691209,2193.04,2193.04,2193.04,2193.04
19691210,2219.19,2219.19,2219.19,2219.19
19691211,2225.05,2225.05,2225.05,2225.05
19691212,2253.59,2253.59,2253.59,2253.59
19691213,2262.87,2262.87,2262.87,2262.87
19691215,2261.90,2261.90,2261.90,2261.90
19691216,2261.43,2261.43,2261.43,2261.43
19691217,2268.55,2268.55,2268.55,2268.55
19691218,2275.37,2275.37,2275.37,2275.37
19691219,2278.83,2278.83,2278.83,2278.83
19691220,2269.62,2269.62,2269.62,2269.62
19691222,2258.26,2258.26,2258.26,2258.26
19691223,2270.71,2270.71,2270.71,2270.71
19691224,2287.07,2287.07,2287.07,2287.07
19691225,2324.06,2324.06,2324.06,2324.06
19691226,2348.03,2348.03,2348.03,2348.03
19691227,2358.96,2358.96,2358.96,2358.96
19700105,2402.80,2402.80,2402.80,2402.80
19700106,2406.20,2406.20,2406.20,2406.20
19700107,2394.90,2394.90,2394.90,2394.90
19700108,2283.70,2283.70,2283.70,2283.70
19700109,2359.00,2359.00,2359.00,2359.00
19700112,2324.20,2324.20,2324.20,2324.20
19700113,2297.70,2297.70,2297.70,2297.70
19700114,2288.10,2288.10,2288.10,2288.10
19700116,2286.40,2286.40,2286.40,2286.40
19700119,2309.40,2309.40,2309.40,2309.40
19700120,2309.90,2309.90,2309.90,2309.90
19700121,2325.30,2325.30,2325.30,2325.30
19700122,2322.60,2322.60,2322.60,2322.60
19700123,2312.00,2312.00,2312.00,2312.00
19700126,2316.70,2316.70,2316.70,2316.70
19700127,2321.80,2321.80,2321.80,2321.80
19700128,2324.80,2324.80,2324.80,2324.80
19700129,2328.60,2328.60,2328.60,2328.60
19700130,2296.40,2296.40,2296.40,2296.40
19700202,2310.40,2310.40,2310.40,2310.40
19700203,2296.70,2296.70,2296.70,2296.70
19700204,2313.30,2313.30,2313.30,2313.30
19700205,2326.80,2326.80,2326.80,2326.80
19700206,2302.90,2302.90,2302.90,2302.90
19700209,2306.40,2306.40,2306.40,2306.40
19700210,2306.30,2306.30,2306.30,2306.30
19700212,2311.80,2311.80,2311.80,2311.80
19700213,2298.60,2298.60,2298.60,2298.60
19700216,2293.90,2293.90,2293.90,2293.90
19700217,2294.70,2294.70,2294.70,2294.70
19700218,2313.20,2313.20,2313.20,2313.20
19700219,2324.40,2324.40,2324.40,2324.40
19700220,2323.00,2323.00,2323.00,2323.00
19700224,2375.40,2375.40,2375.40,2375.40
19700225,2383.20,2383.20,2383.20,2383.20
19700226,2385.10,2385.10,2385.10,2385.10
19700227,2380.30,2380.30,2380.30,2380.30
19700302,2399.80,2399.80,2399.80,2399.80
19700303,2396.60,2396.60,2396.60,2396.60
19700304,2422.70,2422.70,2422.70,2422.70
19700305,2423.40,2423.40,2423.40,2423.40
19700306,2452.30,2452.30,2452.30,2452.30
19700309,2455.20,2455.20,2455.20,2455.20
19700310,2470.20,2470.20,2470.20,2470.20
19700311,2458.10,2458.10,2458.10,2458.10
19700312,2433.10,2433.10,2433.10,2433.10
19700313,2446.40,2446.40,2446.40,2446.40
19700316,2459.60,2459.60,2459.60,2459.60
19700317,2468.80,2468.80,2468.80,2468.80
19700318,2484.60,2484.60,2484.60,2484.60
19700319,2490.50,2490.50,2490.50,2490.50
19700320,2491.20,2491.20,2491.20,2491.20
19700323,2495.20,2495.20,2495.20,2495.20
19700324,2484.10,2484.10,2484.10,2484.10
19700325,2481.00,2481.00,2481.00,2481.00
19700326,2504.80,2504.80,2504.80,2504.80
19700330,2510.20,2510.20,2510.20,2510.20
19700331,2523.80,2523.80,2523.80,2523.80
19700401,2521.40,2521.40,2521.40,2521.40
19700402,2522.80,2522.80,2522.80,2522.80
19700403,2500.10,2500.10,2500.10,2500.10
19700406,2534.40,2534.40,2534.40,2534.40
19700407,2524.10,2524.10,2524.10,2524.10
19700408,2529.60,2529.60,2529.60,2529.60
19700409,2515.00,2515.00,2515.00,2515.00
19700410,2513.50,2513.50,2513.50,2513.50
19700413,2508.10,2508.10,2508.10,2508.10
19700414,2502.00,2502.00,2502.00,2502.00
19700415,2497.70,2497.70,2497.70,2497.70
19700416,2502.60,2502.60,2502.60,2502.60
19700417,2471.20,2471.20,2471.20,2471.20
19700420,2470.60,2470.60,2470.60,2470.60
19700421,2469.60,2469.60,2469.60,2469.60
19700422,2436.40,2436.40,2436.40,2436.40
19700423,2416.70,2416.70,2416.70,2416.70
19700424,2422.80,2422.80,2422.80,2422.80
19700427,2386.10,2386.10,2386.10,2386.10
19700428,2315.40,2315.40,2315.40,2315.40
19700430,2114.30,2114.30,2114.30,2114.30
19700501,2125.60,2125.60,2125.60,2125.60
19700504,2200.70,2200.70,2200.70,2200.70
19700506,2191.40,2191.40,2191.40,2191.40
19700507,2209.60,2209.60,2209.60,2209.60
19700508,2190.50,2190.50,2190.50,2190.50
19700511,2139.10,2139.10,2139.10,2139.10
19700512,2149.40,2149.40,2149.40,2149.40
19700513,2096.80,2096.80,2096.80,2096.80
19700514,2048.70,2048.70,2048.70,2048.70
19700515,2018.70,2018.70,2018.70,2018.70
19700518,2047.90,2047.90,2047.90,2047.90
19700519,1963.10,1963.10,1963.10,1963.10
19700520,1983.80,1983.80,1983.80,1983.80
19700521,1982.30,1982.30,1982.30,1982.30
19700522,1989.30,1989.30,1989.30,1989.30
19700525,1933.30,1933.30,1933.30,1933.30
19700526,1946.50,1946.50,1946.50,1946.50
19700527,1929.60,1929.60,1929.60,1929.60
19700528,2009.10,2009.10,2009.10,2009.10
19700529,2026.10,2026.10,2026.10,2026.10
19700601,2082.30,2082.30,2082.30,2082.30
19700602,2087.50,2087.50,2087.50,2087.50
19700603,2109.20,2109.20,2109.20,2109.20
19700604,2133.80,2133.80,2133.80,2133.80
19700605,2123.80,2123.80,2123.80,2123.80
19700608,2109.60,2109.60,2109.60,2109.60
19700609,2091.80,2091.80,2091.80,2091.80
19700610,2109.40,2109.40,2109.40,2109.40
19700611,2029.40,2029.40,2029.40,2029.40
19700612,2048.90,2048.90,2048.90,2048.90
19700615,2072.80,2072.80,2072.80,2072.80
19700616,2054.40,2054.40,2054.40,2054.40
19700617,2066.00,2066.00,2066.00,2066.00
19700618,2082.00,2082.00,2082.00,2082.00
19700619,2113.20,2113.20,2113.20,2113.20
19700622,2149.30,2149.30,2149.30,2149.30
19700623,2131.90,2131.90,2131.90,2131.90
19700624,2140.50,2140.50,2140.50,2140.50
19700625,2143.40,2143.40,2143.40,2143.40
19700626,2135.90,2135.90,2135.90,2135.90
19700629,2131.70,2131.70,2131.70,2131.70
19700630,2138.10,2138.10,2138.10,2138.10
19700701,2148.80,2148.80,2148.80,2148.80
19700702,2146.90,2146.90,2146.90,2146.90
19700706,2117.60,2117.60,2117.60,2117.60
19700707,2116.90,2116.90,2116.90,2116.90
19700708,2121.50,2121.50,2121.50,2121.50
19700709,2111.10,2111.10,2111.10,2111.10
19700710,2102.20,2102.20,2102.20,2102.20
19700713,2110.00,2110.00,2110.00,2110.00
19700714,2110.90,2110.90,2110.90,2110.90
19700715,2088.00,2088.00,2088.00,2088.00
19700716,2067.80,2067.80,2067.80,2067.80
19700717,2110.50,2110.50,2110.50,2110.50
19700720,2133.90,2133.90,2133.90,2133.90
19700721,2148.90,2148.90,2148.90,2148.90
19700722,2132.20,2132.20,2132.20,2132.20
19700723,2125.60,2125.60,2125.60,2125.60
19700724,2128.30,2128.30,2128.30,2128.30
19700727,2130.00,2130.00,2130.00,2130.00
19700728,2138.60,2138.60,2138.60,2138.60
19700729,2132.40,2132.40,2132.40,2132.40
19700730,2140.50,2140.50,2140.50,2140.50
19700731,2159.10,2159.10,2159.10,2159.10
19700803,2164.80,2164.80,2164.80,2164.80
19700804,2164.20,2164.20,2164.20,2164.20
19700805,2169.80,2169.80,2169.80,2169.80
19700806,2147.70,2147.70,2147.70,2147.70
19700807,2143.10,2143.10,2143.10,2143.10
19700810,2141.40,2141.40,2141.40,2141.40
19700811,2123.50,2123.50,2123.50,2123.50
19700812,2122.80,2122.80,2122.80,2122.80
19700813,2142.80,2142.90,2142.80,2142.90
19700814,2136.10,2136.10,2136.10,2136.10
19700817,2140.60,2140.60,2140.60,2140.60
19700818,2152.20,2152.20,2152.20,2152.20
19700819,2156.00,2156.00,2156.00,2156.00
19700820,2161.40,2161.40,2161.40,2161.40
19700821,2164.30,2164.30,2164.30,2164.30
19700824,2168.10,2168.10,2168.10,2168.10
19700825,2153.20,2153.20,2153.20,2153.20
19700826,2153.30,2153.30,2153.30,2153.30
19700827,2163.50,2163.50,2163.50,2163.50
19700828,2157.80,2157.80,2157.80,2157.80
19700831,2132.20,2132.20,2132.20,2132.20
19700901,2130.50,2130.50,2130.50,2130.50
19700902,2118.00,2118.00,2118.00,2118.00
19700903,2139.00,2139.00,2139.00,2139.00
19700904,2144.90,2144.90,2144.90,2144.90
19700908,2165.20,2165.20,2165.20,2165.20
19700909,2177.00,2177.00,2177.00,2177.00
19700910,2165.50,2165.50,2165.50,2165.50
19700911,2157.30,2157.30,2157.30,2157.30
19700914,2168.40,2168.40,2168.40,2168.40
19700916,2139.90,2139.90,2139.90,2139.90
19700917,2136.80,2136.80,2136.80,2136.80
19700918,2079.80,2079.80,2079.80,2079.80
19700921,2077.00,2077.00,2077.00,2077.00
19700922,2089.40,2089.40,2089.40,2089.40
19700924,2085.00,2085.00,2085.00,2085.00
19700925,2094.00,2094.00,2094.00,2094.00
19700928,2042.90,2042.90,2042.90,2042.90
19700929,2020.90,2020.90,2020.90,2020.90
19700930,2065.40,2065.40,2065.40,2065.40
19701001,2061.60,2061.60,2061.60,2061.60
19701002,2065.60,2065.60,2065.60,2065.60
19701005,2087.30,2087.30,2087.30,2087.30
19701006,2094.40,2094.40,2094.40,2094.40
19701007,2083.10,2083.10,2083.10,2083.10
19701008,2079.90,2079.90,2079.90,2079.90
19701009,2081.30,2081.30,2081.30,2081.30
19701012,2092.40,2092.40,2092.40,2092.40
19701013,2094.50,2094.50,2094.50,2094.50
19701014,2096.10,2096.10,2096.10,2096.10
19701015,2118.40,2118.40,2118.40,2118.40
19701016,2114.20,2114.20,2114.20,2114.20
19701019,2133.00,2133.00,2133.00,2133.00
19701020,2124.30,2124.30,2124.30,2124.30
19701021,2106.80,2106.80,2106.80,2106.80
19701022,2107.10,2107.10,2107.10,2107.10
19701023,2101.70,2101.70,2101.70,2101.70
19701026,2094.90,2094.90,2094.90,2094.90
19701027,2095.10,2095.10,2095.10,2095.10
19701028,2104.40,2104.40,2104.40,2104.40
19701029,2117.30,2117.30,2117.30,2117.30
19701030,2114.20,2114.20,2114.20,2114.20
19701102,2138.30,2138.30,2138.30,2138.30
19701104,2143.70,2143.70,2143.70,2143.70
19701105,2134.10,2134.10,2134.10,2134.10
19701106,2136.60,2136.60,2136.60,2136.60
19701109,2148.00,2148.00,2148.00,2148.00
19701110,2142.70,2142.70,2142.70,2142.70
19701111,2122.50,2122.50,2122.50,2122.50
19701112,2110.00,2110.00,2110.00,2110.00
19701113,2111.10,2111.10,2111.10,2111.10
19701116,2098.40,2098.40,2098.40,2098.40
19701117,2075.60,2075.60,2075.60,2075.60
19701118,2087.90,2087.90,2087.90,2087.90
19701119,2075.10,2075.10,2075.10,2075.10
19701120,2065.00,2065.00,2065.00,2065.00
19701124,2060.00,2060.00,2060.00,2060.00
19701125,2056.90,2056.90,2056.90,2056.90
19701127,2012.10,2012.10,2012.10,2012.10
19701130,1990.50,1990.50,1990.50,1990.50
19701201,2027.30,2027.30,2027.30,2027.30
19701202,2017.10,2017.10,2017.10,2017.10
19701203,1992.70,1992.70,1992.70,1992.70
19701204,1989.70,1989.70,1989.70,1989.70
19701207,1969.60,1969.60,1969.60,1969.60
19701208,1963.40,1963.40,1963.40,1963.40
19701209,1965.80,1965.80,1965.80,1965.80
19701210,1973.60,1973.60,1973.60,1973.60
19701211,2018.10,2018.10,2018.10,2018.10
19701214,2015.90,2015.90,2015.90,2015.90
19701215,1997.10,1997.10,1997.10,1997.10
19701216,1973.40,1973.40,1973.40,1973.40
19701217,1972.80,1972.80,1972.80,1972.80
19701218,1977.50,1977.50,1977.50,1977.50
19701221,1988.90,1988.90,1988.90,1988.90
19701222,1979.70,1979.70,1979.70,1979.70
19701223,1980.00,1980.00,1980.00,1980.00
19701224,1987.90,1987.90,1987.90,1987.90
19701228,1987.10,1987.10,1987.10,1987.10
19710104,2001.30,2001.30,2001.30,2001.30
19710105,1989.40,1989.40,1989.40,1989.40
19710106,1981.70,1981.70,1981.70,1981.70
19710107,2000.90,2000.90,2000.90,2000.90
19710108,2040.90,2040.90,2040.90,2040.90
19710111,2085.30,2085.30,2085.30,2085.30
19710112,2092.30,2092.30,2092.30,2092.30
19710113,2089.20,2089.20,2089.20,2089.20
19710114,2093.90,2093.90,2093.90,2093.90
19710125,2105.00,2105.00,2105.00,2105.00
19710126,2109.20,2109.20,2109.20,2109.20
19710127,2099.10,2099.10,2099.10,2099.10
19710128,2102.30,2102.30,2102.30,2102.30
19710129,2100.90,2100.90,2100.90,2100.90
19710201,2104.80,2104.80,2104.80,2104.80
19710202,2113.50,2113.50,2113.50,2113.50
19710203,2129.80,2129.80,2129.80,2129.80
19710204,2133.30,2133.30,2133.30,2133.30
19710205,2125.10,2125.10,2125.10,2125.10
19710208,2128.20,2128.20,2128.20,2128.20
19710209,2122.60,2122.60,2122.60,2122.60
19710210,2139.30,2139.30,2139.30,2139.30
19710212,2149.80,2149.80,2149.80,2149.80
19710216,2173.30,2173.30,2173.30,2173.30
19710217,2166.70,2166.70,2166.70,2166.70
19710218,2202.90,2202.90,2202.90,2202.90
19710219,2213.40,2213.40,2213.40,2213.40
19710222,2230.10,2230.10,2230.10,2230.10
19710223,2204.30,2204.30,2204.30,2204.30
19710224,2184.50,2184.50,2184.50,2184.50
19710225,2216.60,2216.60,2216.60,2216.60
19710226,2232.40,2232.40,2232.40,2232.40
19710301,2256.00,2256.00,2256.00,2256.00
19710302,2246.60,2246.60,2246.60,2246.60
19710303,2268.60,2268.60,2268.60,2268.60
19710304,2275.30,2275.30,2275.30,2275.30
19710305,2256.40,2256.40,2256.40,2256.40
19710308,2273.40,2273.40,2273.40,2273.40
19710309,2271.10,2271.10,2271.10,2271.10
19710310,2305.60,2305.60,2305.60,2305.60
19710311,2309.10,2309.10,2309.10,2309.10
19710312,2316.20,2316.20,2316.20,2316.20
19710315,2301.40,2301.40,2301.40,2301.40
19710316,2320.00,2320.00,2320.00,2320.00
19710317,2317.30,2317.30,2317.30,2317.30
19710318,2319.50,2319.50,2319.50,2319.50
19710319,2341.90,2341.90,2341.90,2341.90
19710322,2365.40,2365.40,2365.40,2365.40
19710323,2345.30,2345.30,2345.30,2345.30
19710324,2364.10,2364.10,2364.10,2364.10
19710325,2372.20,2372.20,2372.20,2372.20
19710326,2390.00,2390.00,2390.00,2390.00
19710329,2404.60,2404.60,2404.60,2404.60
19710330,2401.30,2401.30,2401.30,2401.30
19710331,2403.30,2403.30,2403.30,2403.30
19710401,2414.00,2414.00,2414.00,2414.00
19710402,2415.70,2415.70,2415.70,2415.70
19710405,2373.40,2373.40,2373.40,2373.40
19710406,2404.60,2404.60,2404.60,2404.60
19710407,2416.90,2416.90,2416.90,2416.90
19710408,2413.90,2413.90,2413.90,2413.90
19710412,2435.30,2435.30,2435.30,2435.30
19710413,2428.50,2428.50,2428.50,2428.50
19710414,2437.50,2437.50,2437.50,2437.50
19710415,2457.30,2457.30,2457.30,2457.30
19710416,2464.10,2464.10,2464.10,2464.10
19710419,2439.90,2439.90,2439.90,2439.90
19710420,2374.70,2374.70,2374.70,2374.70
19710421,2431.70,2431.70,2431.70,2431.70
19710422,2417.00,2417.00,2417.00,2417.00
19710423,2433.30,2433.30,2433.30,2433.30
19710426,2436.90,2436.90,2436.90,2436.90
19710427,2445.90,2445.90,2445.90,2445.90
19710428,2450.70,2450.70,2450.70,2450.70
19710430,2468.20,2468.20,2468.20,2468.20
19710504,2489.40,2489.40,2489.40,2489.40
19710506,2481.70,2481.70,2481.70,2481.70
19710507,2444.80,2444.80,2444.80,2444.80
19710510,2390.20,2390.20,2390.20,2390.20
19710511,2402.30,2402.30,2402.30,2402.30
19710512,2431.30,2431.30,2431.30,2431.30
19710513,2428.00,2428.00,2428.00,2428.00
19710514,2415.20,2415.20,2415.00,2415.20
19710517,2417.60,2417.60,2417.60,2417.60
19710518,2391.20,2391.20,2391.20,2391.20
19710519,2365.90,2365.90,2365.90,2365.90
19710520,2388.50,2388.50,2388.50,2388.50
19710521,2385.20,2385.20,2385.20,2385.20
19710524,2398.50,2398.50,2398.50,2398.50
19710525,2404.80,2404.80,2404.80,2404.80
19710526,2408.80,2408.80,2408.80,2408.80
19710527,2420.20,2420.20,2420.20,2420.20
19710528,2432.70,2432.70,2432.70,2432.70
19710601,2455.90,2455.90,2455.90,2455.90
19710602,2475.90,2475.90,2475.90,2475.90
19710603,2473.90,2473.90,2473.90,2473.90
19710604,2490.40,2490.40,2490.40,2490.40
19710607,2506.10,2506.10,2506.10,2506.10
19710608,2504.30,2504.30,2504.30,2504.30
19710609,2508.90,2508.90,2508.90,2508.90
19710610,2523.80,2523.80,2523.80,2523.80
19710611,2528.80,2528.80,2528.80,2528.80
19710614,2531.50,2531.50,2531.50,2531.50
19710615,2542.10,2542.10,2542.10,2542.10
19710616,2555.00,2555.00,2555.00,2555.00
19710617,2581.00,2581.00,2581.00,2581.00
19710618,2584.50,2584.50,2584.50,2584.50
19710621,2587.90,2587.90,2587.90,2587.90
19710622,2586.60,2586.60,2586.60,2586.60
19710623,2600.50,2600.50,2600.50,2600.50
19710624,2584.50,2584.50,2584.50,2584.50
19710625,2600.30,2600.30,2600.30,2600.30
19710628,2628.40,2628.40,2628.40,2628.40
19710629,2625.10,2625.10,2625.10,2625.10
19710630,2637.30,2637.30,2637.30,2637.30
19710701,2651.00,2651.00,2651.00,2651.00
19710702,2647.20,2647.20,2647.20,2647.20
19710706,2571.30,2571.30,2571.30,2571.30
19710707,2637.10,2637.10,2637.10,2637.10
19710708,2638.70,2638.70,2638.70,2638.70
19710709,2659.60,2659.60,2659.60,2659.60
19710712,2686.40,2686.40,2686.40,2686.40
19710713,2675.80,2675.80,2675.80,2675.80
19710714,2685.30,2685.30,2685.30,2685.30
19710715,2664.20,2664.20,2664.20,2664.20
19710716,2670.80,2670.80,2670.80,2670.80
19710719,2692.60,2692.60,2692.60,2692.60
19710720,2677.50,2677.50,2677.50,2677.50
19710721,2643.10,2643.10,2643.10,2643.10
19710722,2669.00,2669.00,2669.00,2669.00
19710723,2671.30,2671.30,2671.30,2671.30
19710726,2673.80,2673.80,2673.80,2673.80
19710727,2678.00,2678.00,2678.00,2678.00
19710728,2681.30,2681.30,2681.30,2681.30
19710729,2683.20,2683.20,2683.20,2683.20
19710730,2661.60,2661.60,2661.60,2661.60
19710802,2640.60,2640.60,2640.60,2640.60
19710803,2640.40,2640.40,2640.40,2640.40
19710804,2630.10,2630.10,2630.10,2630.10
19710805,2634.20,2634.20,2634.20,2634.20
19710806,2648.50,2648.50,2648.50,2648.50
19710809,2698.20,2698.20,2698.20,2698.20
19710810,2690.10,2690.10,2690.10,2690.10
19710811,2699.40,2699.40,2699.40,2699.40
19710812,2704.90,2704.90,2704.90,2704.90
19710813,2727.80,2727.80,2727.80,2727.80
19710816,2530.50,2530.50,2530.50,2530.50
19710817,2440.80,2440.80,2440.80,2440.80
19710818,2328.30,2328.30,2328.30,2328.30
19710819,2190.10,2190.10,2190.10,2190.10
19710820,2283.90,2283.90,2283.90,2283.90
19710823,2163.80,2163.80,2163.80,2163.80
19710824,2162.80,2162.80,2162.80,2162.80
19710825,2233.90,2233.90,2233.90,2233.90
19710826,2282.30,2282.30,2282.30,2282.30
19710827,2267.20,2267.20,2267.20,2267.20
19710830,2303.90,2303.90,2303.90,2303.90
19710831,2297.00,2297.00,2297.00,2297.00
19710901,2348.00,2348.00,2348.00,2348.00
19710902,2352.30,2352.30,2352.30,2352.30
19710903,2346.80,2346.80,2346.80,2346.80
19710907,2341.70,2341.70,2341.70,2341.70
19710908,2325.50,2325.50,2325.50,2325.50
19710909,2341.20,2341.20,2341.20,2341.20
19710910,2321.80,2321.80,2321.80,2321.80
19710913,2351.10,2351.10,2351.10,2351.10
19710914,2364.60,2364.60,2364.60,2364.60
19710916,2347.30,2347.30,2347.30,2347.30
19710917,2352.30,2352.30,2352.30,2352.30
19710920,2377.00,2377.00,2377.00,2377.00
19710921,2373.00,2373.00,2373.00,2373.00
19710922,2360.80,2360.80,2360.80,2360.80
19710923,2364.00,2364.00,2364.00,2364.00
19710927,2351.90,2351.90,2351.90,2351.90
19710928,2393.60,2393.60,2393.60,2393.60
19710929,2420.30,2420.30,2420.30,2420.30
19710930,2428.20,2428.20,2428.20,2428.20
19711001,2429.30,2429.30,2429.30,2429.30
19711004,2412.60,2412.60,2412.60,2412.60
19711005,2407.80,2407.80,2407.80,2407.80
19711006,2401.90,2401.90,2401.90,2401.90
19711007,2401.70,2401.70,2401.70,2401.70
19711008,2372.50,2372.50,2372.50,2372.50
19711011,2360.40,2360.40,2360.40,2360.40
19711012,2352.60,2352.60,2352.60,2352.60
19711013,2312.70,2312.70,2312.70,2312.70
19711014,2305.80,2305.80,2305.80,2305.80
19711015,2254.90,2254.90,2254.90,2254.90
19711018,2255.20,2255.20,2255.20,2255.20
19711019,2228.30,2228.30,2228.30,2228.30
19711020,2227.30,2227.30,2227.30,2227.30
19711022,2259.50,2259.50,2259.50,2259.50
19711025,2253.70,2253.70,2253.70,2253.70
19711026,2236.90,2236.90,2236.90,2236.90
19711027,2229.40,2229.40,2229.40,2229.40
19711028,2253.30,2253.30,2253.30,2253.30
19711029,2278.40,2278.40,2278.40,2278.40
19711101,2279.00,2279.00,2279.00,2279.00
19711102,2254.90,2254.90,2254.90,2254.90
19711104,2228.80,2228.80,2228.80,2228.80
19711105,2234.10,2234.10,2234.10,2234.10
19711108,2236.20,2236.20,2236.20,2236.20
19711109,2252.20,2252.20,2252.20,2252.20
19711110,2282.20,2282.20,2282.20,2282.20
19711111,2298.30,2298.30,2298.30,2298.30
19711112,2307.80,2307.80,2307.80,2307.80
19711115,2329.10,2329.10,2329.10,2329.10
19711116,2326.50,2326.50,2326.50,2326.50
19711117,2371.70,2371.70,2371.70,2371.70
19711118,2391.90,2391.90,2391.90,2391.90
19711119,2378.80,2378.80,2378.80,2378.80
19711122,2408.10,2408.10,2408.10,2408.10
19711124,2404.70,2404.70,2404.70,2404.70
19711126,2413.80,2413.80,2413.80,2413.80
19711129,2450.70,2450.70,2450.70,2450.70
19711130,2442.70,2442.70,2442.70,2442.70
19711201,2455.80,2455.80,2455.80,2455.80
19711202,2480.50,2480.50,2480.50,2480.50
19711203,2441.60,2441.60,2441.60,2441.60
19711206,2475.70,2475.70,2475.70,2475.70
19711207,2481.70,2481.70,2481.70,2481.70
19711208,2453.30,2453.30,2453.30,2453.30
19711209,2477.90,2477.90,2477.90,2477.90
19711210,2482.50,2482.50,2482.50,2482.50
19711213,2496.70,2496.70,2496.70,2496.70
19711214,2490.80,2490.80,2490.80,2490.80
19711215,2491.00,2491.00,2491.00,2491.00
19711216,2468.10,2468.10,2468.10,2468.10
19711217,2480.20,2480.20,2480.20,2480.20
19711220,2487.60,2487.60,2487.60,2487.60
19711221,2554.00,2554.00,2554.00,2554.00
19711222,2586.30,2586.30,2586.30,2586.30
19711227,2693.50,2693.50,2693.50,2693.50
19711228,2713.70,2713.70,2713.70,2713.70
19720104,2712.30,2712.30,2712.30,2712.30
19720105,2727.90,2727.90,2727.90,2727.90
19720106,2754.90,2754.90,2754.90,2754.90
19720107,2762.50,2762.50,2762.50,2762.50
19720110,2773.90,2773.90,2773.90,2773.90
19720111,2769.60,2769.60,2769.60,2769.60
19720112,2799.50,2799.50,2799.50,2799.50
19720113,2812.80,2812.80,2812.80,2812.80
19720114,2823.50,2823.50,2823.50,2823.50
19720117,2799.70,2799.70,2799.70,2799.70
19720118,2805.40,2805.40,2805.40,2805.40
19720119,2820.90,2820.90,2820.90,2820.90
19720120,2840.80,2840.80,2840.80,2840.80
19720121,2822.50,2822.50,2822.50,2822.50
19720124,2800.10,2800.10,2800.10,2800.10
19720125,2814.40,2814.40,2814.40,2814.40
19720126,2832.90,2832.90,2832.90,2832.90
19720127,2839.00,2839.00,2839.00,2839.00
19720128,2862.40,2862.40,2862.40,2862.40
19720131,2856.50,2856.50,2856.50,2856.50
19720201,2852.30,2852.30,2852.30,2852.30
19720202,2863.50,2863.50,2863.50,2863.50
19720203,2879.70,2879.70,2879.70,2879.70
19720204,2857.30,2857.30,2857.30,2857.30
19720207,2883.40,2883.40,2883.40,2883.40
19720208,2889.80,2889.80,2889.80,2889.80
19720209,2870.70,2870.70,2870.70,2870.70
19720210,2871.80,2871.80,2871.80,2871.80
19720214,2890.60,2890.60,2890.60,2890.60
19720215,2876.40,2876.40,2876.40,2876.40
19720216,2888.60,2888.60,2888.60,2888.60
19720217,2913.80,2913.80,2913.80,2913.80
19720218,2932.20,2932.20,2932.20,2932.20
19720222,2966.60,2966.60,2966.60,2966.60
19720223,2960.90,2960.90,2960.90,2960.90
19720224,2975.20,2975.20,2975.20,2975.20
19720225,2995.50,2995.50,2995.50,2995.50
19720228,3027.50,3027.50,3027.50,3027.50
19720229,3022.00,3022.00,3022.00,3022.00
19720301,3011.30,3011.30,3011.30,3011.30
19720302,3023.60,3023.60,3023.60,3023.60
19720303,3015.10,3015.10,3015.10,3015.10
19720306,3028.90,3028.90,3028.90,3028.90
19720307,3038.60,3038.60,3038.60,3038.60
19720308,3040.20,3040.20,3040.20,3040.20
19720309,3030.00,3030.00,3030.00,3030.00
19720310,3027.40,3027.40,3027.40,3027.40
19720313,2976.10,2976.10,2976.10,2976.10
19720314,2996.30,2996.30,2996.30,2996.30
19720315,2981.10,2981.10,2981.10,2981.10
19720316,3012.60,3012.60,3012.60,3012.60
19720317,3022.90,3022.90,3022.90,3022.90
19720321,3036.40,3036.40,3036.40,3036.40
19720322,3050.80,3050.80,3050.80,3050.80
19720323,3067.30,3067.30,3067.30,3067.30
19720324,3073.20,3073.20,3073.20,3073.20
19720327,3102.50,3102.50,3102.50,3102.50
19720328,3107.40,3107.40,3107.40,3107.40
19720329,3144.30,3144.30,3144.30,3144.30
19720330,3146.10,3146.10,3146.10,3146.10
19720403,3194.20,3194.20,3194.20,3194.20
19720404,3192.50,3192.50,3192.50,3192.50
19720405,3165.30,3165.30,3165.30,3165.30
19720406,3213.10,3213.10,3213.10,3213.10
19720407,3299.10,3299.10,3299.10,3299.10
19720410,3275.00,3275.00,3275.00,3275.00
19720411,3286.60,3286.60,3286.60,3286.60
19720413,3322.00,3322.00,3322.00,3322.00
19720414,3302.50,3302.50,3302.50,3302.50
19720417,3218.00,3218.00,3218.00,3218.00
19720418,3269.10,3269.10,3269.10,3269.10
19720419,3258.20,3258.20,3258.20,3258.20
19720420,3258.80,3258.80,3258.80,3258.80
19720421,3240.10,3240.10,3240.10,3240.10
19720424,3257.70,3257.70,3257.70,3257.70
19720425,3267.20,3267.20,3267.20,3267.20
19720426,3271.10,3271.10,3271.10,3271.10
19720427,3299.80,3299.80,3299.80,3299.80
19720428,3339.10,3339.10,3339.10,3339.10
19720501,3353.30,3353.30,3353.30,3353.30
19720502,3359.40,3359.40,3359.40,3359.40
19720504,3371.20,3371.20,3371.20,3371.20
19720508,3362.80,3362.80,3362.80,3362.80
19720509,3342.90,3342.90,3342.90,3342.90
19720510,3358.40,3358.40,3358.40,3358.40
19720511,3398.50,3398.50,3398.50,3398.50
19720512,3408.10,3408.10,3408.10,3408.10
19720515,3424.90,3424.90,3424.90,3424.90
19720516,3416.40,3416.40,3416.40,3416.40
19720517,3436.70,3436.70,3436.70,3436.70
19720518,3438.20,3438.20,3438.20,3438.20
19720519,3420.50,3420.50,3420.50,3420.50
19720522,3446.70,3446.70,3446.70,3446.70
19720523,3468.10,3468.10,3468.10,3468.10
19720524,3477.10,3477.10,3477.10,3477.10
19720525,3506.40,3506.40,3506.40,3506.40
19720530,3594.90,3594.90,3594.90,3594.90
19720531,3636.80,3636.80,3636.80,3636.80
19720601,3626.90,3626.90,3626.90,3626.90
19720602,3667.20,3667.20,3667.20,3667.20
19720605,3678.90,3678.90,3678.90,3678.90
19720606,3650.00,3650.00,3650.00,3650.00
19720607,3656.80,3656.80,3656.80,3656.80
19720608,3667.20,3667.20,3667.20,3667.20
19720609,3615.80,3615.80,3615.80,3615.80
19720612,3651.30,3651.30,3651.30,3651.30
19720613,3647.80,3647.80,3647.80,3647.80
19720614,3640.40,3640.40,3640.40,3640.40
19720615,3669.60,3669.60,3669.60,3669.60
19720616,3680.70,3680.70,3680.70,3680.70
19720619,3722.60,3722.60,3722.60,3722.60
19720620,3718.40,3718.40,3718.40,3718.40
19720621,3716.40,3716.40,3716.40,3716.40
19720622,3687.30,3687.30,3687.30,3687.30
19720623,3663.10,3663.10,3663.10,3663.10
19720626,3569.60,3569.60,3569.60,3569.60
19720627,3548.90,3548.90,3548.90,3548.90
19720628,3611.30,3611.30,3611.30,3611.30
19720629,3670.80,3670.80,3670.80,3670.80
19720630,3710.70,3710.70,3710.70,3710.70
19720703,3751.30,3751.30,3751.30,3751.30
19720705,3645.40,3645.40,3645.40,3645.40
19720706,3682.70,3682.70,3682.70,3682.70
19720707,3695.30,3695.30,3695.30,3695.30
19720710,3710.50,3710.50,3710.50,3710.50
19720711,3719.10,3719.10,3719.10,3719.10
19720712,3707.40,3707.40,3707.40,3707.40
19720713,3712.30,3712.30,3712.30,3712.30
19720714,3727.50,3727.50,3727.50,3727.50
19720717,3693.80,3693.80,3693.80,3693.80
19720718,3722.10,3722.10,3722.10,3722.10
19720719,3760.70,3760.70,3760.70,3760.70
19720720,3783.00,3783.00,3783.00,3783.00
19720721,3807.10,3807.10,3807.10,3807.10
19720724,3815.30,3815.30,3815.30,3815.30
19720725,3837.40,3837.40,3837.40,3837.40
19720726,3850.20,3850.20,3850.20,3850.20
19720727,3867.80,3867.80,3867.80,3867.80
19720728,3913.80,3913.80,3913.80,3913.80
19720731,3938.40,3938.40,3938.40,3938.40
19720801,3951.60,3951.60,3951.60,3951.60
19720802,3870.30,3870.30,3870.30,3870.30
19720803,3954.10,3954.10,3954.10,3954.10
19720804,3954.40,3954.40,3954.40,3954.40
19720807,3946.30,3946.30,3946.30,3946.30
19720808,3940.80,3940.80,3940.80,3940.80
19720809,3922.30,3922.30,3922.30,3922.30
19720810,3908.00,3908.00,3908.00,3908.00
19720811,3929.80,3929.80,3929.80,3929.80
19720814,3957.70,3957.70,3957.70,3957.70
19720815,3974.70,3974.70,3974.70,3974.70
19720816,4007.70,4007.70,4007.70,4007.70
19720817,4006.40,4006.40,4006.40,4006.40
19720818,4014.40,4014.40,4014.40,4014.40
19720821,4013.90,4014.00,4013.90,4013.90
19720822,4010.60,4010.60,4010.60,4010.60
19720823,4029.10,4029.10,4029.10,4029.10
19720824,4041.80,4041.80,4041.80,4041.80
19720825,4010.40,4010.40,4010.40,4010.40
19720828,3996.90,3996.90,3996.90,3996.90
19720829,4016.30,4016.30,4016.30,4016.30
19720830,4026.30,4026.30,4026.30,4026.30
19720831,4066.80,4066.80,4066.80,4066.80
19720901,4090.40,4090.40,4090.40,4090.40
19720905,4137.50,4137.50,4137.50,4137.50
19720906,4143.00,4143.00,4143.00,4143.00
19720907,4168.60,4168.60,4168.60,4168.60
19720908,4181.90,4181.90,4181.90,4181.90
19720911,4203.20,4203.20,4203.20,4203.20
19720912,4160.30,4160.30,4160.30,4160.30
19720913,4190.90,4190.90,4190.90,4190.90
19720914,4174.80,4174.80,4174.80,4174.80
19720918,4178.80,4178.80,4178.80,4178.80
19720919,4157.50,4157.50,4157.50,4157.50
19720920,4178.30,4178.30,4178.30,4178.30
19720921,4204.20,4204.20,4204.20,4204.20
19720925,4254.60,4254.60,4254.60,4254.60
19720926,4273.20,4273.20,4273.20,4273.20
19720927,4251.30,4251.30,4251.30,4251.30
19720928,4291.80,4291.80,4291.80,4291.80
19720929,4320.60,4320.60,4320.60,4320.60
19721002,4393.60,4393.60,4393.60,4393.60
19721003,4363.90,4363.90,4363.90,4363.90
19721004,4424.30,4424.30,4424.30,4424.30
19721005,4425.50,4425.50,4425.50,4425.50
19721006,4355.30,4355.30,4355.30,4355.30
19721009,4422.10,4422.10,4422.10,4422.10
19721011,4443.10,4443.10,4443.10,4443.10
19721012,4480.00,4480.00,4480.00,4480.00
19721013,4472.70,4472.70,4472.70,4472.70
19721016,4433.60,4433.60,4433.60,4433.60
19721017,4401.00,4401.00,4401.00,4401.00
19721018,4444.30,4444.30,4444.30,4444.30
19721019,4452.20,4452.20,4452.20,4452.20
19721020,4324.80,4324.80,4324.80,4324.80
19721023,4415.00,4415.00,4415.00,4415.00
19721024,4424.30,4424.30,4424.30,4424.30
19721025,4442.40,4442.40,4442.40,4442.40
19721026,4439.20,4439.20,4439.20,4439.20
19721027,4455.00,4455.00,4455.00,4455.00
19721030,4522.20,4522.20,4522.20,4522.20
19721031,4538.00,4538.00,4538.00,4538.00
19721101,4541.80,4541.80,4541.80,4541.80
19721102,4547.90,4547.90,4547.90,4547.90
19721106,4543.80,4543.80,4543.80,4543.80
19721108,4555.90,4555.90,4555.90,4555.90
19721109,4564.50,4564.50,4564.50,4564.50
19721110,4540.10,4540.10,4540.10,4540.10
19721113,4553.80,4553.80,4553.80,4553.80
19721114,4555.00,4555.00,4555.00,4555.00
19721115,4602.80,4602.80,4602.80,4602.80
19721116,4589.30,4589.30,4589.30,4589.30
19721117,4585.90,4585.90,4585.90,4585.90
19721120,4591.00,4591.00,4591.00,4591.00
19721121,4618.20,4618.20,4618.20,4618.20
19721122,4667.70,4667.70,4667.70,4667.70
19721124,4731.40,4731.40,4731.40,4731.40
19721127,4742.20,4742.20,4742.20,4742.20
19721128,4816.70,4816.70,4816.70,4816.70
19721129,4879.20,4879.20,4879.20,4879.20
19721130,4868.90,4868.90,4868.90,4868.90
19721201,4781.40,4781.40,4781.40,4781.40
19721204,4872.50,4872.50,4872.50,4872.50
19721205,4881.30,4881.30,4881.30,4881.30
19721206,4902.80,4902.80,4902.80,4902.80
19721207,4838.80,4838.80,4838.80,4838.80
19721208,4862.40,4862.40,4862.40,4862.40
19721211,4859.40,4859.40,4859.40,4859.40
19721212,4866.70,4866.70,4866.70,4866.70
19721213,4869.80,4869.80,4869.80,4869.80
19721214,4892.00,4892.00,4892.00,4892.00
19721215,4909.20,4909.20,4909.20,4909.20
19721218,4923.40,4923.40,4923.40,4923.40
19721219,4920.80,4920.80,4920.80,4920.80
19721220,4959.20,4959.20,4959.20,4959.20
19721221,4965.00,4965.00,4965.00,4965.00
19721222,5025.50,5025.50,5025.50,5025.50
19721226,5106.70,5106.70,5106.70,5106.70
19721227,5194.40,5194.40,5194.40,5194.40
19730104,5252.80,5252.80,5252.80,5252.80
19730105,5253.10,5253.10,5253.10,5253.10
19730108,5307.20,5307.20,5307.20,5307.20
19730109,5273.10,5273.10,5273.10,5273.10
19730110,5243.10,5243.10,5243.10,5243.10
19730111,5244.30,5244.30,5244.30,5244.30
19730112,5251.70,5251.70,5251.70,5251.70
19730116,5188.40,5188.40,5188.40,5188.40
19730117,5215.40,5215.40,5215.40,5215.40
19730118,5188.90,5188.90,5188.90,5188.90
19730119,5290.80,5290.80,5290.80,5290.80
19730122,5270.50,5270.50,5270.50,5270.50
19730123,5267.70,5267.70,5267.70,5267.70
19730124,5289.70,5289.70,5289.70,5289.70
19730126,5236.80,5236.80,5236.80,5236.80
19730129,5349.50,5349.50,5349.50,5349.50
19730130,5292.00,5292.00,5292.00,5292.00
19730131,5415.20,5415.20,5415.20,5415.20
19730201,5086.10,5086.10,5086.10,5086.10
19730202,4829.50,4829.50,4829.50,4829.50
19730205,4949.80,4949.80,4949.80,4949.80
19730206,4891.30,4891.30,4891.30,4891.30
19730207,4832.50,4832.50,4832.50,4832.50
19730208,4903.10,4903.10,4903.10,4903.10
19730209,4843.50,4843.50,4843.50,4843.50
19730212,4985.40,4985.40,4985.40,4985.40
19730213,4993.70,4993.70,4993.70,4993.70
19730214,4984.90,4984.90,4984.90,4984.90
19730215,5113.50,5113.50,5113.50,5113.50
19730216,5187.30,5187.30,5187.30,5187.30
19730220,5334.70,5334.70,5334.70,5334.70
19730221,5298.90,5298.90,5298.90,5298.90
19730222,5278.20,5278.20,5278.20,5278.20
19730223,5215.00,5215.00,5215.00,5215.00
19730226,5129.30,5129.30,5129.30,5129.30
19730227,5194.90,5194.90,5194.90,5194.90
19730228,5121.30,5121.30,5121.30,5121.30
19730302,5024.10,5024.10,5024.10,5024.10
19730305,4771.60,4771.60,4771.60,4771.60
19730306,4886.90,4886.90,4886.90,4886.90
19730307,4950.70,4950.70,4950.70,4950.70
19730308,4964.50,4964.50,4964.50,4964.50
19730309,4987.40,4987.40,4987.40,4987.40
19730312,5003.50,5003.50,5003.50,5003.50
19730313,5050.60,5050.60,5050.60,5050.60
19730314,5096.30,5096.30,5096.30,5096.30
19730319,5123.50,5123.50,5123.50,5123.50
19730320,5131.00,5131.00,5131.00,5131.00
19730322,5101.30,5101.30,5101.30,5101.30
19730323,5060.20,5060.20,5060.20,5060.20
19730326,5066.00,5066.00,5066.00,5066.00
19730327,5082.00,5082.00,5082.00,5082.00
19730328,5116.80,5116.80,5116.80,5116.80
19730329,5177.50,5177.50,5177.50,5177.50
19730330,5233.80,5233.80,5233.80,5233.80
19730402,5181.70,5181.70,5181.70,5181.70
19730403,5162.70,5162.70,5162.70,5162.70
19730404,5090.20,5090.20,5090.20,5090.20
19730405,5013.00,5013.00,5013.00,5013.00
19730406,5023.10,5023.10,5023.10,5023.10
19730409,4988.60,4988.60,4988.60,4988.60
19730410,4915.90,4915.90,4915.90,4915.90
19730411,4906.50,4906.50,4906.50,4906.50
19730412,4793.60,4793.60,4793.60,4793.60
19730413,4735.60,4735.60,4735.60,4735.60
19730416,4539.40,4539.40,4539.40,4539.40
19730417,4599.90,4599.90,4599.90,4599.90
19730418,4735.50,4735.50,4735.50,4735.50
19730419,4727.50,4727.50,4727.50,4727.50
19730423,4495.20,4495.20,4495.20,4495.20
19730424,4435.80,4435.80,4435.80,4435.80
19730425,4374.80,4374.80,4374.80,4374.80
19730426,4499.40,4499.40,4499.40,4499.40
19730427,4570.30,4570.30,4570.30,4570.30
19730501,4594.60,4594.60,4594.60,4594.60
19730502,4601.90,4601.90,4601.90,4601.90
19730504,4655.40,4655.40,4655.40,4655.40
19730507,4671.00,4671.00,4671.00,4671.00
19730508,4669.60,4669.60,4669.60,4669.60
19730509,4637.00,4637.00,4637.00,4637.00
19730510,4663.30,4663.30,4663.30,4663.30
19730511,4694.20,4694.20,4694.20,4694.20
19730514,4767.80,4767.80,4767.80,4767.80
19730515,4701.10,4701.10,4701.10,4701.10
19730516,4772.90,4772.90,4772.90,4772.90
19730517,4740.20,4740.20,4740.20,4740.20
19730518,4774.90,4774.90,4774.90,4774.90
19730521,4667.50,4667.50,4667.50,4667.50
19730522,4675.20,4675.20,4675.20,4675.20
19730523,4646.40,4646.40,4646.40,4646.40
19730524,4593.20,4593.20,4593.20,4593.20
19730525,4627.40,4627.40,4627.40,4627.40
19730529,4626.20,4626.20,4626.20,4626.20
19730530,4613.40,4613.40,4613.40,4613.40
19730531,4557.30,4557.30,4557.30,4557.30
19730601,4546.70,4546.70,4546.70,4546.70
19730604,4500.50,4500.50,4500.50,4500.50
19730605,4542.60,4542.60,4542.60,4542.60
19730606,4599.90,4599.90,4599.90,4599.90
19730607,4623.70,4623.70,4623.70,4623.70
19730608,4625.80,4625.80,4625.80,4625.80
19730611,4606.10,4606.10,4606.10,4606.10
19730612,4571.40,4571.40,4571.40,4571.40
19730613,4611.10,4611.10,4611.10,4611.10
19730614,4587.90,4587.90,4587.90,4587.90
19730615,4582.00,4582.00,4582.00,4582.00
19730618,4543.00,4543.00,4543.00,4543.00
19730619,4553.70,4553.70,4553.70,4553.70
19730620,4582.80,4582.80,4582.80,4582.80
19730621,4597.00,4597.00,4597.00,4597.00
19730622,4668.80,4668.80,4668.80,4668.80
19730625,4687.20,4687.20,4687.20,4687.20
19730626,4637.70,4637.70,4637.70,4637.70
19730627,4677.00,4677.00,4677.00,4677.00
19730628,4681.30,4681.30,4681.30,4681.30
19730629,4675.10,4675.10,4675.10,4675.10
19730702,4688.80,4688.80,4688.80,4688.80
19730703,4722.90,4722.90,4722.90,4722.90
19730705,4748.40,4748.40,4748.40,4748.40
19730706,4754.20,4754.20,4754.20,4754.20
19730709,4778.00,4778.00,4778.00,4778.00
19730710,4792.50,4792.50,4792.50,4792.50
19730711,4863.30,4863.30,4863.30,4863.30
19730712,4912.30,4912.30,4912.30,4912.30
19730713,4943.50,4943.50,4943.50,4943.50
19730716,4965.30,4965.30,4965.30,4965.30
19730717,4972.90,4972.90,4972.90,4972.90
19730718,4962.50,4962.50,4962.50,4962.50
19730719,4989.80,4989.80,4989.80,4989.80
19730720,5015.80,5015.80,5015.80,5015.80
19730723,5000.20,5000.20,5000.20,5000.20
19730724,5007.10,5007.10,5007.10,5007.10
19730725,5035.90,5035.90,5035.90,5035.90
19730726,5089.60,5089.60,5089.60,5089.60
19730727,5123.20,5123.20,5123.20,5123.20
19730730,5108.40,5108.40,5108.40,5108.40
19730731,5041.10,5041.10,5041.10,5041.10
19730801,4972.80,4972.80,4972.80,4972.80
19730802,5021.00,5021.00,5021.00,5021.00
19730803,4983.90,4983.90,4983.90,4983.90
19730806,4946.00,4946.00,4946.00,4946.00
19730807,4956.40,4956.40,4956.40,4956.40
19730808,4972.10,4972.10,4972.10,4972.10
19730809,4972.90,4972.90,4972.90,4972.90
19730810,4926.00,4926.00,4926.00,4926.00
19730813,4908.30,4908.30,4908.30,4908.30
19730814,4915.40,4915.40,4915.40,4915.40
19730815,4912.20,4912.20,4912.20,4912.20
19730816,4957.00,4957.00,4957.00,4957.00
19730817,4834.40,4834.40,4834.40,4834.40
19730820,4828.70,4828.70,4828.70,4828.70
19730821,4874.30,4874.30,4874.30,4874.30
19730822,4893.90,4893.90,4893.90,4893.90
19730823,4865.30,4865.30,4865.30,4865.30
19730824,4828.00,4828.00,4828.00,4828.00
19730827,4829.70,4829.70,4829.70,4829.70
19730828,4832.40,4832.40,4832.40,4832.40
19730829,4870.90,4870.90,4870.90,4870.90
19730830,4889.20,4889.20,4889.20,4889.20
19730831,4882.10,4882.10,4882.10,4882.10
19730904,4785.80,4785.80,4785.80,4785.80
19730905,4678.60,4678.60,4678.60,4678.60
19730906,4677.60,4677.60,4677.60,4677.60
19730910,4686.40,4686.40,4686.40,4686.40
19730911,4587.40,4587.40,4587.40,4587.40
19730912,4646.30,4646.30,4646.30,4646.30
19730913,4620.90,4620.90,4620.90,4620.90
19730914,4644.10,4644.10,4644.10,4644.10
19730917,4623.80,4623.80,4623.80,4623.80
19730918,4557.90,4557.90,4557.90,4557.90
19730919,4516.10,4516.10,4516.10,4516.10
19730920,4444.80,4444.80,4444.80,4444.80
19730921,4393.40,4393.40,4393.40,4393.40
19730925,4472.80,4472.80,4472.80,4472.80
19730926,4515.40,4515.40,4515.40,4515.40
19730927,4622.60,4622.60,4622.60,4622.60
19730928,4617.30,4617.30,4617.30,4617.30
19731001,4582.70,4582.70,4582.70,4582.70
19731002,4606.50,4606.50,4606.50,4606.50
19731003,4643.70,4643.70,4643.70,4643.70
19731004,4619.00,4619.00,4619.00,4619.00
19731005,4562.10,4562.10,4562.10,4562.10
19731008,4509.30,4509.30,4509.30,4509.30
19731009,4493.00,4493.00,4493.00,4493.00
19731011,4487.90,4487.90,4487.90,4487.90
19731012,4452.60,4452.60,4452.60,4452.60
19731015,4468.40,4468.40,4468.40,4468.40
19731016,4477.60,4477.60,4477.60,4477.60
19731017,4482.80,4482.80,4482.80,4482.80
19731018,4516.00,4516.00,4516.00,4516.00
19731019,4552.20,4552.20,4552.20,4552.20
19731022,4549.50,4549.50,4549.50,4549.50
19731023,4595.50,4595.50,4595.50,4595.50
19731024,4661.60,4661.60,4661.60,4661.60
19731025,4667.10,4667.10,4667.10,4667.10
19731026,4628.50,4628.50,4628.50,4628.50
19731029,4638.30,4638.30,4638.30,4638.30
19731030,4702.90,4702.90,4702.90,4702.90
19731031,4699.70,4699.70,4699.70,4699.70
19731101,4634.80,4634.80,4634.80,4634.80
19731102,4665.90,4665.90,4665.90,4665.90
19731105,4677.00,4677.00,4677.00,4677.00
19731106,4616.60,4616.60,4616.60,4616.60
19731107,4632.40,4632.40,4632.40,4632.40
19731108,4660.60,4660.60,4660.60,4660.60
19731109,4649.00,4649.00,4649.00,4649.00
19731112,4510.30,4510.30,4510.30,4510.30
19731113,4428.40,4428.40,4428.40,4428.40
19731114,4473.80,4473.80,4473.80,4473.80
19731115,4444.90,4444.90,4444.90,4444.90
19731116,4388.10,4388.10,4388.10,4388.10
19731119,4450.90,4450.90,4450.90,4450.90
19731120,4441.90,4441.90,4441.90,4441.90
19731121,4371.50,4371.50,4371.50,4371.50
19731126,4371.70,4371.70,4371.70,4371.70
19731127,4288.80,4288.80,4288.80,4288.80
19731128,4352.70,4352.70,4352.70,4352.70
19731129,4401.40,4401.40,4401.40,4401.40
19731130,4461.80,4461.80,4461.80,4461.80
19731203,4510.50,4510.50,4510.50,4510.50
19731204,4447.90,4447.90,4447.90,4447.90
19731205,4434.10,4434.10,4434.10,4434.10
19731206,4336.30,4336.30,4336.30,4336.30
19731207,4253.80,4253.80,4253.80,4253.80
19731210,4165.10,4165.10,4165.10,4165.10
19731211,4135.90,4135.90,4135.90,4135.90
19731212,4097.10,4097.10,4097.10,4097.10
19731213,4033.10,4033.10,4033.10,4033.10
19731214,4037.90,4037.90,4037.90,4037.90
19731217,4041.40,4041.40,4041.40,4041.40
19731218,3958.50,3958.50,3958.50,3958.50
19731219,3988.90,3988.90,3988.90,3988.90
19731220,4028.40,4028.40,4028.40,4028.40
19731221,4157.10,4157.10,4157.10,4157.10
19731224,4028.40,4028.40,4028.40,4028.40
19731226,4256.80,4256.80,4256.80,4256.80
19731227,4234.30,4234.30,4234.30,4234.30
19731228,4306.80,4306.80,4306.80,4306.80
19740104,4259.20,4259.20,4259.20,4259.20
19740107,4180.70,4180.70,4180.70,4180.70
19740108,4194.20,4194.20,4194.20,4194.20
19740109,4195.20,4195.20,4195.20,4195.20
19740110,4151.00,4151.00,4151.00,4151.00
19740111,4171.10,4171.10,4171.10,4171.10
19740114,4274.80,4274.80,4274.80,4274.80
19740116,4314.10,4314.10,4314.10,4314.10
19740117,4316.90,4316.90,4316.90,4316.90
19740118,4369.70,4369.70,4369.70,4369.70
19740121,4352.60,4352.60,4352.60,4352.60
19740122,4371.10,4371.10,4371.10,4371.10
19740123,4453.90,4453.90,4453.90,4453.90
19740124,4488.00,4488.00,4488.00,4488.00
19740125,4473.90,4473.90,4473.90,4473.90
19740128,4536.90,4536.90,4536.90,4536.90
19740129,4516.10,4516.10,4516.10,4516.10
19740130,4510.60,4510.60,4510.60,4510.60
19740131,4449.90,4449.90,4449.90,4449.90
19740201,4489.90,4489.90,4489.90,4489.90
19740204,4551.90,4551.90,4551.90,4551.90
19740205,4555.00,4555.00,4555.00,4555.00
19740206,4586.70,4586.70,4586.70,4586.70
19740207,4561.50,4561.50,4561.50,4561.50
19740208,4576.60,4576.60,4576.60,4576.60
19740212,4601.20,4601.20,4601.20,4601.20
19740213,4556.50,4556.50,4556.50,4556.50
19740214,4525.30,4525.30,4525.30,4525.30
19740215,4552.20,4552.20,4552.20,4552.20
19740219,4523.30,4523.30,4523.30,4523.30
19740220,4520.20,4520.20,4520.20,4520.20
19740221,4481.90,4481.90,4481.90,4481.90
19740222,4460.40,4460.40,4460.40,4460.40
19740225,4453.00,4453.00,4453.00,4453.00
19740226,4474.20,4474.20,4474.20,4474.20
19740227,4468.40,4468.40,4468.40,4468.40
19740228,4486.60,4486.60,4486.60,4486.60
19740301,4538.70,4538.70,4538.70,4538.70
19740304,4610.70,4610.70,4610.70,4610.70
19740305,4597.20,4597.20,4597.20,4597.20
19740306,4580.60,4580.60,4580.60,4580.60
19740307,4550.80,4550.80,4550.80,4550.80
19740308,4527.00,4527.00,4527.00,4527.00
19740311,4514.70,4514.70,4514.70,4514.70
19740312,4484.00,4484.00,4484.00,4484.00
19740313,4456.90,4456.90,4456.90,4456.90
19740314,4465.40,4465.40,4465.40,4465.40
19740315,4486.60,4486.60,4486.60,4486.60
19740318,4446.10,4446.10,4446.10,4446.10
19740319,4420.10,4420.10,4420.10,4420.10
19740320,4405.70,4405.70,4405.70,4405.70
19740322,4403.10,4403.10,4403.10,4403.10
19740325,4389.90,4389.90,4389.90,4389.90
19740326,4427.90,4427.90,4427.90,4427.90
19740327,4480.10,4480.10,4480.10,4480.10
19740328,4470.30,4470.30,4470.30,4470.30
19740329,4466.10,4466.10,4466.10,4466.10
19740401,4486.30,4486.30,4486.30,4486.30
19740402,4454.50,4454.50,4454.50,4454.50
19740403,4443.90,4443.90,4443.90,4443.90
19740404,4403.60,4403.60,4403.60,4403.60
19740405,4424.10,4424.10,4424.10,4424.10
19740408,4448.40,4448.40,4448.40,4448.40
19740409,4447.90,4447.90,4447.90,4447.90
19740410,4444.80,4444.80,4444.80,4444.80
19740411,4461.90,4461.90,4461.90,4461.90
19740415,4573.50,4573.50,4573.50,4573.50
19740416,4533.70,4533.70,4533.70,4533.70
19740417,4583.00,4583.00,4583.00,4583.00
19740418,4600.40,4600.40,4600.40,4600.40
19740419,4613.50,4613.50,4613.50,4613.50
19740422,4608.30,4608.30,4608.30,4608.30
19740423,4585.20,4585.20,4585.20,4585.20
19740424,4571.30,4571.30,4571.30,4571.30
19740425,4554.30,4554.30,4554.30,4554.30
19740426,4576.40,4576.40,4576.40,4576.40
19740430,4632.30,4632.30,4632.30,4632.30
19740501,4614.30,4614.30,4614.30,4614.30
19740502,4684.70,4684.70,4684.70,4684.70
19740507,4680.80,4680.80,4680.80,4680.80
19740508,4706.40,4706.40,4706.40,4706.40
19740509,4694.30,4694.30,4694.30,4694.30
19740510,4695.00,4695.00,4695.00,4695.00
19740513,4704.40,4704.40,4704.40,4704.40
19740514,4684.90,4684.90,4684.90,4684.90
19740515,4666.00,4666.00,4666.00,4666.00
19740516,4677.30,4677.30,4677.30,4677.30
19740517,4703.90,4703.90,4703.90,4703.90
19740520,4680.50,4680.50,4680.50,4680.50
19740521,4717.90,4717.90,4717.90,4717.90
19740522,4752.30,4752.30,4752.30,4752.30
19740523,4754.20,4754.20,4754.20,4754.20
19740524,4709.60,4709.60,4709.60,4709.60
19740528,4748.90,4748.90,4748.90,4748.90
19740529,4778.30,4778.30,4778.30,4778.30
19740530,4750.40,4750.40,4750.40,4750.40
19740531,4772.70,4772.70,4772.70,4772.70
19740603,4771.90,4771.90,4771.90,4771.90
19740604,4747.00,4747.00,4747.00,4747.00
19740605,4781.40,4781.40,4781.40,4781.40
19740606,4782.30,4782.30,4782.30,4782.30
19740607,4729.20,4729.20,4729.20,4729.20
19740610,4640.40,4640.40,4640.40,4640.40
19740611,4698.40,4698.40,4698.40,4698.40
19740612,4720.60,4720.60,4720.60,4720.60
19740613,4692.50,4692.50,4692.50,4692.50
19740614,4685.10,4685.10,4685.10,4685.10
19740617,4686.00,4686.00,4686.00,4686.00
19740618,4688.50,4688.50,4688.50,4688.50
19740619,4709.50,4709.50,4709.50,4709.50
19740620,4705.20,4705.20,4705.20,4705.20
19740621,4666.70,4666.70,4666.70,4666.70
19740624,4659.90,4659.90,4659.90,4659.90
19740625,4650.40,4650.40,4650.40,4650.40
19740626,4671.50,4671.50,4671.50,4671.50
19740627,4643.20,4643.20,4643.20,4643.20
19740628,4602.90,4602.90,4602.90,4602.90
19740701,4622.10,4622.10,4622.10,4622.10
19740702,4599.50,4599.50,4599.50,4599.50
19740703,4573.80,4573.80,4573.80,4573.80
19740705,4626.70,4626.70,4626.70,4626.70
19740708,4562.50,4562.50,4562.50,4562.50
19740709,4507.00,4507.00,4507.00,4507.00
19740710,4580.50,4580.50,4580.50,4580.50
19740711,4576.40,4576.40,4576.40,4576.40
19740712,4527.60,4527.60,4527.60,4527.60
19740715,4479.90,4479.90,4479.90,4479.90
19740716,4525.00,4525.00,4525.00,4525.00
19740717,4522.10,4522.10,4522.10,4522.10
19740718,4492.80,4492.80,4492.80,4492.80
19740719,4516.80,4516.80,4516.80,4516.80
19740722,4529.20,4529.20,4529.20,4529.20
19740723,4518.20,4518.20,4518.20,4518.20
19740724,4536.50,4536.50,4536.50,4536.50
19740725,4552.40,4552.40,4552.40,4552.40
19740726,4545.00,4545.00,4545.00,4545.00
19740729,4498.20,4498.20,4498.20,4498.20
19740730,4465.00,4465.00,4465.00,4465.00
19740731,4492.40,4492.40,4492.40,4492.40
19740802,4396.10,4396.10,4396.10,4396.10
19740805,4262.90,4262.90,4262.90,4262.90
19740806,4196.00,4196.00,4196.00,4196.00
19740807,4288.90,4288.90,4288.90,4288.90
19740808,4297.40,4297.40,4297.40,4297.40
19740809,4285.10,4285.10,4285.10,4285.10
19740813,4228.50,4228.50,4228.50,4228.50
19740814,4179.80,4179.80,4179.80,4179.80
19740815,4189.50,4189.50,4189.50,4189.50
19740816,4250.50,4250.50,4250.50,4250.50
19740819,4237.60,4237.60,4237.60,4237.60
19740820,4211.30,4211.30,4211.30,4211.30
19740821,4116.20,4116.20,4116.20,4116.20
19740822,4041.30,4041.30,4041.30,4041.30
19740823,4100.50,4100.50,4100.50,4100.50
19740826,3995.00,3995.00,3995.00,3995.00
19740827,4017.10,4017.10,4017.10,4017.10
19740828,3973.10,3973.10,3973.10,3973.10
19740829,3987.60,3987.60,3987.60,3987.60
19740830,4069.70,4069.70,4069.70,4069.70
19740903,4094.30,4094.30,4094.30,4094.30
19740904,4052.70,4052.70,4052.70,4052.70
19740905,4134.00,4134.00,4134.00,4134.00
19740906,4080.80,4080.80,4080.80,4080.80
19740909,4091.80,4091.80,4091.80,4091.80
19740910,4070.60,4070.60,4070.60,4070.60
19740911,4088.60,4088.60,4088.60,4088.60
19740912,4080.00,4080.00,4080.00,4080.00
19740913,4035.90,4035.90,4035.90,4035.90
19740917,3965.50,3965.50,3965.50,3965.50
19740918,3991.30,3991.30,3991.30,3991.30
19740919,4017.30,4017.30,4017.30,4017.30
19740920,4048.40,4048.40,4048.40,4048.40
19740924,4036.60,4036.60,4036.60,4036.60
19740925,4037.60,4037.60,4037.60,4037.60
19740926,4018.40,4018.40,4018.40,4018.40
19740927,3961.40,3961.40,3961.40,3961.40
19740930,3950.00,3950.00,3950.00,3950.00
19741001,3584.10,3584.10,3584.10,3584.10
19741002,3803.90,3803.90,3803.90,3803.90
19741003,3755.10,3755.10,3755.10,3755.10
19741004,3668.20,3668.20,3668.20,3668.20
19741007,3605.80,3605.80,3605.80,3605.80
19741008,3546.90,3546.90,3546.90,3546.90
19741009,3355.10,3355.10,3355.10,3355.10
19741011,3513.20,3513.20,3513.20,3513.20
19741014,3601.90,3601.90,3601.90,3601.90
19741015,3670.60,3670.60,3670.60,3670.60
19741016,3715.20,3715.20,3715.20,3715.20
19741017,3699.50,3699.50,3699.50,3699.50
19741018,3748.70,3748.70,3748.70,3748.70
19741021,3696.60,3696.60,3696.60,3696.60
19741022,3657.10,3657.10,3657.10,3657.10
19741023,3678.50,3678.50,3678.50,3678.50
19741024,3627.50,3627.50,3627.50,3627.50
19741025,3580.30,3580.30,3580.30,3580.30
19741028,3403.60,3403.60,3403.60,3403.60
19741029,3513.60,3513.60,3513.60,3513.60
19741030,3478.40,3478.40,3478.40,3478.40
19741031,3594.50,3594.60,3594.50,3594.60
19741101,3547.60,3547.60,3547.60,3547.60
19741105,3558.30,3558.30,3558.30,3558.30
19741106,3778.10,3778.10,3778.10,3778.10
19741107,3642.50,3642.50,3642.50,3642.50
19741108,3648.80,3648.80,3648.80,3648.80
19741111,3732.20,3732.20,3732.20,3732.20
19741112,3773.10,3773.10,3773.10,3773.10
19741113,3775.90,3775.90,3775.90,3775.90
19741114,3795.10,3795.10,3795.10,3795.10
19741115,3755.70,3755.70,3755.70,3755.70
19741118,3738.50,3738.50,3738.50,3738.50
19741119,3707.20,3707.20,3707.20,3707.20
19741122,3759.90,3759.90,3759.90,3759.90
19741125,3823.00,3823.00,3823.00,3823.00
19741126,3860.60,3860.60,3860.60,3860.60
19741127,3929.40,3929.40,3929.40,3929.40
19741129,3927.50,3927.50,3927.50,3927.50
19741202,3974.70,3974.70,3974.70,3974.70
19741203,3953.70,3953.70,3953.70,3953.70
19741204,3908.20,3908.20,3908.20,3908.20
19741205,3904.90,3904.90,3904.90,3904.90
19741206,3850.20,3850.20,3850.20,3850.20
19741209,3870.50,3870.50,3870.50,3870.50
19741210,3943.40,3943.40,3943.40,3943.40
19741211,3931.30,3931.30,3931.30,3931.30
19741212,3900.30,3900.30,3900.30,3900.30
19741213,3886.10,3886.10,3886.10,3886.10
19741216,3902.20,3902.20,3902.20,3902.20
19741217,3903.10,3903.10,3903.10,3903.10
19741218,3916.60,3916.60,3916.60,3916.60
19741219,3903.50,3903.50,3903.50,3903.50
19741220,3886.50,3886.50,3886.50,3886.50
19741223,3867.70,3867.70,3867.70,3867.70
19741224,3834.20,3834.20,3834.20,3834.20
19741226,3889.90,3889.90,3889.90,3889.90
19741227,3836.90,3836.90,3836.90,3836.90
19750106,3717.60,3717.60,3717.60,3717.60
19750107,3742.60,3742.60,3742.60,3742.60
19750108,3676.00,3676.00,3676.00,3676.00
19750109,3652.50,3652.50,3652.50,3652.50
19750110,3627.00,3627.00,3627.00,3627.00
19750113,3657.80,3657.80,3657.80,3657.80
19750114,3721.80,3721.80,3721.80,3721.80
19750115,3741.20,3741.20,3741.20,3741.20
19750120,3823.30,3823.30,3823.30,3823.30
19750121,3791.60,3791.60,3791.60,3791.60
19750122,3765.90,3765.90,3765.90,3765.90
19750123,3752.20,3752.20,3752.20,3752.20
19750124,3747.00,3747.00,3747.00,3747.00
19750127,3781.00,3781.00,3781.00,3781.00
19750128,3842.00,3842.00,3842.00,3842.00
19750129,3886.00,3886.00,3886.00,3886.00
19750130,3949.10,3949.10,3949.10,3949.10
19750131,3967.50,3967.50,3967.50,3967.50
19750203,3998.50,3998.50,3998.50,3998.50
19750204,4003.80,4003.80,4003.80,4003.80
19750205,4037.80,4037.80,4037.80,4037.80
19750206,4038.30,4038.30,4038.30,4038.30
19750207,4036.40,4036.40,4036.40,4036.40
19750210,4092.30,4092.30,4092.30,4092.30
19750212,4094.30,4094.30,4094.30,4094.30
19750213,4120.90,4120.90,4120.90,4120.90
19750214,4107.60,4107.60,4107.60,4107.60
19750218,4084.90,4084.90,4084.90,4084.90
19750219,4063.50,4063.50,4063.50,4063.50
19750220,4095.40,4095.40,4095.40,4095.40
19750221,4105.00,4105.00,4105.00,4105.00
19750224,4182.80,4182.80,4182.80,4182.80
19750225,4185.50,4185.50,4185.50,4185.50
19750226,4206.30,4206.30,4206.30,4206.30
19750227,4246.60,4246.60,4246.60,4246.60
19750228,4273.40,4273.40,4273.40,4273.40
19750303,4320.00,4320.00,4320.00,4320.00
19750304,4265.80,4265.80,4265.80,4265.80
19750305,4257.40,4257.40,4257.40,4257.40
19750306,4260.30,4260.30,4260.30,4260.30
19750307,4281.00,4281.00,4281.00,4281.00
19750310,4330.10,4330.10,4330.10,4330.10
19750311,4320.90,4320.90,4320.90,4320.90
19750312,4348.00,4348.00,4348.00,4348.00
19750313,4301.30,4301.30,4301.30,4301.30
19750314,4260.50,4260.50,4260.50,4260.50
19750317,4273.30,4273.30,4273.30,4273.30
19750318,4293.40,4293.40,4293.40,4293.40
19750319,4274.40,4274.40,4274.40,4274.40
19750320,4247.00,4247.00,4247.00,4247.00
19750324,4226.90,4226.90,4226.90,4226.90
19750325,4247.50,4247.50,4247.50,4247.50
19750326,4260.50,4260.50,4260.50,4260.50
19750327,4320.50,4320.50,4320.50,4320.50
19750331,4485.00,4485.00,4485.00,4485.00
19750401,4478.30,4478.30,4478.30,4478.30
19750402,4492.30,4492.30,4492.30,4492.30
19750403,4494.00,4494.00,4494.00,4494.00
19750404,4442.90,4442.90,4442.90,4442.90
19750407,4394.70,4394.70,4394.70,4394.70
19750408,4405.10,4405.10,4405.10,4405.10
19750409,4450.90,4450.90,4450.90,4450.90
19750410,4462.00,4462.00,4462.00,4462.00
19750411,4461.10,4461.10,4461.10,4461.10
19750414,4473.10,4473.10,4473.10,4473.10
19750415,4443.50,4443.50,4443.50,4443.50
19750416,4421.60,4421.60,4421.60,4421.60
19750417,4422.70,4422.70,4422.70,4422.70
19750418,4421.40,4421.40,4421.40,4421.40
19750421,4398.60,4398.60,4398.60,4398.60
19750422,4355.10,4355.10,4355.10,4355.10
19750423,4372.00,4372.00,4372.00,4372.00
19750424,4365.30,4365.30,4365.30,4365.30
19750425,4392.00,4392.00,4392.00,4392.00
19750428,4474.50,4474.50,4474.50,4474.50
19750430,4484.80,4484.80,4484.80,4484.80
19750501,4504.30,4504.30,4504.30,4504.30
19750502,4548.00,4548.00,4548.00,4548.00
19750506,4548.40,4548.40,4548.40,4548.40
19750507,4546.40,4546.40,4546.40,4546.40
19750508,4552.60,4552.60,4552.60,4552.60
19750509,4534.90,4534.90,4534.90,4534.90
19750512,4564.50,4564.50,4564.50,4564.50
19750513,4515.20,4515.20,4515.20,4515.20
19750514,4522.60,4522.60,4522.60,4522.60
19750516,4545.00,4545.00,4545.00,4545.00
19750519,4511.30,4511.30,4511.30,4511.30
19750520,4518.80,4518.80,4518.80,4518.80
19750521,4504.70,4504.70,4504.70,4504.70
19750522,4521.40,4521.40,4521.40,4521.40
19750523,4473.60,4473.60,4473.60,4473.60
19750527,4457.40,4457.40,4457.40,4457.40
19750528,4459.20,4459.20,4459.20,4459.20
19750529,4423.40,4423.40,4423.40,4423.40
19750530,4407.70,4407.70,4407.70,4407.70
19750602,4378.50,4378.50,4378.50,4378.50
19750603,4399.90,4399.90,4399.90,4399.90
19750604,4466.60,4466.60,4466.60,4466.60
19750605,4486.80,4486.80,4486.80,4486.80
19750606,4534.70,4534.70,4534.70,4534.70
19750609,4489.00,4489.00,4489.00,4489.00
19750610,4476.00,4476.00,4476.00,4476.00
19750611,4490.40,4490.40,4490.40,4490.40
19750612,4473.90,4473.90,4473.90,4473.90
19750613,4468.80,4468.80,4468.80,4468.80
19750616,4506.20,4506.20,4506.20,4506.20
19750617,4510.20,4510.20,4510.20,4510.20
19750618,4498.20,4498.20,4498.20,4498.20
19750619,4497.00,4497.00,4497.00,4497.00
19750620,4488.20,4488.20,4488.20,4488.20
19750623,4500.20,4500.20,4500.20,4500.20
19750624,4523.70,4523.70,4523.70,4523.70
19750625,4515.60,4515.60,4515.60,4515.60
19750626,4485.00,4485.00,4485.00,4485.00
19750627,4488.10,4488.10,4488.10,4488.10
19750630,4532.50,4532.50,4532.50,4532.50
19750701,4541.30,4541.30,4541.30,4541.30
19750702,4531.40,4531.40,4531.40,4531.40
19750703,4491.40,4491.40,4491.40,4491.40
19750707,4410.60,4410.60,4410.60,4410.60
19750708,4389.90,4389.90,4389.90,4389.90
19750709,4415.20,4415.20,4415.20,4415.20
19750710,4426.30,4426.30,4426.30,4426.30
19750711,4427.30,4427.30,4427.30,4427.30
19750714,4427.50,4427.50,4427.50,4427.50
19750715,4432.00,4432.00,4432.00,4432.00
19750716,4435.20,4435.20,4435.20,4435.20
19750718,4377.40,4377.40,4377.40,4377.40
19750721,4303.30,4303.30,4303.30,4303.30
19750722,4302.30,4302.30,4302.30,4302.30
19750723,4321.40,4321.40,4321.40,4321.40
19750724,4306.80,4306.80,4306.80,4306.80
19750725,4322.90,4322.90,4322.90,4322.90
19750728,4250.90,4250.90,4250.90,4250.90
19750729,4329.90,4329.90,4329.90,4329.90
19750730,4311.30,4311.30,4311.30,4311.30
19750731,4333.00,4333.00,4333.00,4333.00
19750801,4292.50,4292.50,4292.50,4292.50
19750804,4305.00,4305.00,4305.00,4305.00
19750806,4238.90,4238.90,4238.90,4238.90
19750807,4215.80,4215.80,4215.80,4215.80
19750808,4344.80,4344.80,4344.80,4344.80
19750811,4240.60,4240.60,4240.60,4240.60
19750812,4217.50,4217.50,4217.50,4217.50
19750813,4194.50,4194.50,4194.50,4194.50
19750814,4205.70,4205.70,4205.70,4205.70
19750815,4229.70,4229.70,4229.70,4229.70
19750818,4238.60,4238.60,4238.60,4238.60
19750819,4224.80,4224.80,4224.80,4224.80
19750820,4103.90,4103.90,4103.90,4103.90
19750822,4135.00,4135.00,4135.00,4135.00
19750825,4098.50,4098.50,4098.50,4098.50
19750826,4051.50,4051.50,4051.50,4051.50
19750827,4036.30,4036.30,4036.30,4036.30
19750828,4007.10,4007.10,4007.10,4007.10
19750829,4060.50,4060.50,4060.50,4060.50
19750902,4047.80,4047.80,4047.80,4047.80
19750903,4011.30,4011.30,4011.30,4011.30
19750904,3909.50,3909.50,3909.50,3909.50
19750905,3887.90,3887.90,3887.90,3887.90
19750908,3972.80,3972.80,3972.80,3972.80
19750909,3947.10,3947.10,3947.10,3947.10
19750910,3969.00,3969.00,3969.00,3969.00
19750911,4002.90,4002.90,4002.90,4002.90
19750912,4027.80,4027.80,4027.80,4027.80
19750916,4031.80,4031.80,4031.80,4031.80
19750917,4024.90,4024.90,4024.90,4024.90
19750919,3973.70,3973.70,3973.70,3973.70
19750922,3934.20,3934.20,3934.20,3934.20
19750923,3942.30,3942.30,3942.30,3942.30
19750925,3933.30,3933.30,3933.30,3933.30
19750926,3895.00,3895.00,3895.00,3895.00
19750929,3814.00,3814.00,3814.00,3814.00
19750930,3886.30,3886.30,3886.30,3886.30
19751001,3870.10,3870.10,3870.10,3870.10
19751002,3891.00,3891.00,3891.00,3891.00
19751003,3981.50,3981.50,3981.50,3981.50
19751006,4101.70,4101.70,4101.70,4101.70
19751007,4100.80,4100.80,4100.80,4100.80
19751008,4149.50,4149.50,4149.50,4149.50
19751009,4201.60,4201.60,4201.60,4201.60
19751013,4180.50,4180.50,4180.50,4180.50
19751014,4213.80,4213.80,4213.80,4213.80
19751015,4235.00,4235.00,4235.00,4235.00
19751016,4233.10,4233.10,4233.10,4233.10
19751017,4257.80,4257.80,4257.80,4257.80
19751020,4289.20,4289.20,4289.20,4289.20
19751021,4260.60,4260.60,4260.60,4260.60
19751022,4294.20,4294.20,4294.20,4294.20
19751023,4296.70,4296.70,4296.70,4296.70
19751024,4311.10,4311.10,4311.10,4311.10
19751027,4332.80,4332.80,4332.80,4332.80
19751028,4300.10,4300.10,4300.10,4300.10
19751029,4360.40,4360.40,4360.40,4360.40
19751030,4322.30,4322.30,4322.30,4322.30
19751031,4352.00,4352.00,4352.00,4352.00
19751104,4339.50,4339.50,4339.50,4339.50
19751105,4306.90,4306.90,4306.90,4306.90
19751106,4282.30,4282.30,4282.30,4282.30
19751107,4322.80,4322.80,4322.80,4322.80
19751110,4355.00,4355.00,4355.00,4355.00
19751111,4335.40,4335.40,4335.40,4335.40
19751112,4337.60,4337.60,4337.60,4337.60
19751113,4309.90,4309.90,4309.90,4309.90
19751114,4313.80,4313.80,4313.80,4313.80
19751117,4312.10,4312.10,4312.10,4312.10
19751118,4318.30,4318.30,4318.30,4318.30
19751119,4282.40,4282.40,4282.40,4282.40
19751120,4307.70,4307.70,4307.70,4307.70
19751121,4287.90,4287.90,4287.90,4287.90
19751125,4245.40,4245.40,4245.40,4245.40
19751126,4301.70,4301.70,4301.70,4301.70
19751128,4329.80,4329.80,4329.80,4329.80
19751201,4306.80,4306.80,4306.80,4306.80
19751202,4305.20,4305.20,4305.20,4305.20
19751203,4331.90,4331.90,4331.90,4331.90
19751205,4310.00,4310.00,4310.00,4310.00
19751208,4267.50,4267.50,4267.50,4267.50
19751209,4233.00,4233.00,4233.00,4233.00
19751210,4249.10,4249.10,4249.10,4249.10
19751211,4249.50,4249.50,4249.50,4249.50
19751212,4230.20,4230.20,4230.20,4230.20
19751215,4225.00,4225.00,4225.00,4225.00
19751216,4212.20,4212.20,4212.20,4212.20
19751217,4177.10,4177.10,4177.10,4177.10
19751218,4181.50,4181.50,4181.50,4181.50
19751219,4220.20,4220.20,4220.20,4220.20
19751222,4235.00,4235.00,4235.00,4235.00
19751223,4222.40,4222.40,4222.40,4222.40
19751224,4258.30,4258.30,4258.30,4258.30
19751226,4342.10,4342.10,4342.10,4342.10
19760105,4403.00,4403.00,4403.00,4403.00
19760106,4449.70,4449.70,4449.70,4449.70
19760107,4469.10,4469.10,4469.10,4469.10
19760108,4485.70,4485.70,4485.70,4485.70
19760109,4484.00,4484.00,4484.00,4484.00
19760112,4580.70,4580.70,4580.70,4580.70
19760113,4588.40,4588.40,4588.40,4588.40
19760114,4605.20,4605.20,4605.20,4605.20
19760116,4629.50,4629.50,4629.50,4629.50
19760119,4609.30,4609.30,4609.30,4609.30
19760120,4627.00,4627.00,4627.00,4627.00
19760121,4617.40,4617.40,4617.40,4617.40
19760122,4568.10,4568.10,4568.10,4568.10
19760123,4582.60,4582.60,4582.60,4582.60
19760126,4639.60,4639.60,4639.60,4639.60
19760127,4660.40,4660.40,4660.40,4660.40
19760128,4637.40,4637.40,4637.40,4637.40
19760129,4626.90,4626.90,4626.90,4626.90
19760130,4656.90,4656.90,4656.90,4656.90
19760202,4670.30,4670.30,4670.30,4670.30
19760203,4631.40,4631.40,4631.40,4631.40
19760204,4649.70,4649.70,4649.70,4649.70
19760205,4633.90,4633.90,4633.90,4633.90
19760206,4587.70,4587.70,4587.70,4587.70
19760209,4519.00,4519.00,4519.00,4519.00
19760210,4520.50,4520.50,4520.50,4520.50
19760212,4537.80,4537.80,4537.80,4537.80
19760213,4568.10,4568.10,4568.10,4568.10
19760217,4540.50,4540.50,4540.50,4540.50
19760218,4506.70,4506.70,4506.70,4506.70
19760219,4461.60,4461.60,4461.60,4461.60
19760220,4489.20,4489.20,4489.20,4489.20
19760223,4496.30,4496.30,4496.30,4496.30
19760224,4500.50,4500.50,4500.50,4500.50
19760225,4554.30,4554.30,4554.30,4554.30
19760226,4589.40,4589.40,4589.40,4589.40
19760227,4628.80,4628.80,4628.80,4628.80
19760301,4630.50,4630.50,4630.50,4630.50
19760302,4602.70,4602.70,4602.70,4602.70
19760303,4618.40,4618.40,4618.40,4618.40
19760304,4610.30,4610.30,4610.30,4610.30
19760305,4612.60,4612.60,4612.60,4612.60
19760308,4592.50,4592.50,4592.50,4592.50
19760309,4587.40,4587.40,4587.40,4587.40
19760310,4607.50,4607.50,4607.50,4607.50
19760311,4611.20,4611.20,4611.20,4611.20
19760312,4588.80,4588.80,4588.80,4588.80
19760315,4607.30,4607.30,4607.30,4607.30
19760316,4590.90,4590.90,4590.90,4590.90
19760317,4582.90,4582.90,4582.90,4582.90
19760318,4601.90,4601.90,4601.90,4601.90
19760319,4610.70,4610.70,4610.70,4610.70
19760322,4625.70,4625.70,4625.70,4625.70
19760323,4626.40,4626.40,4626.40,4626.40
19760324,4635.40,4635.40,4635.40,4635.40
19760325,4622.70,4622.70,4622.70,4622.70
19760326,4607.80,4607.80,4607.80,4607.80
19760329,4566.70,4566.70,4566.70,4566.70
19760330,4552.50,4552.50,4552.50,4552.50
19760331,4596.40,4596.40,4596.40,4596.40
19760401,4581.80,4581.80,4581.80,4581.80
19760402,4574.40,4574.40,4574.40,4574.40
19760405,4511.90,4511.90,4511.90,4511.90
19760406,4480.00,4480.00,4480.00,4480.00
19760407,4522.50,4522.50,4522.50,4522.50
19760408,4500.50,4500.50,4500.50,4500.50
19760409,4464.30,4464.30,4464.30,4464.30
19760412,4423.10,4423.10,4423.10,4423.10
19760413,4408.20,4408.20,4408.20,4408.20
19760414,4413.20,4413.20,4413.20,4413.20
19760415,4457.70,4457.70,4457.70,4457.70
19760419,4477.40,4477.40,4477.40,4477.40
19760420,4508.80,4508.80,4508.80,4508.80
19760421,4535.80,4535.80,4535.80,4535.80
19760422,4553.00,4553.00,4553.00,4553.00
19760423,4573.30,4573.30,4573.30,4573.30
19760426,4566.00,4566.00,4566.00,4566.00
19760427,4614.90,4614.90,4614.90,4614.90
19760428,4641.80,4641.80,4641.80,4641.80
19760430,4657.00,4657.00,4657.00,4657.00
19760504,4638.10,4638.10,4638.10,4638.10
19760506,4581.80,4581.80,4581.80,4581.80
19760507,4614.80,4614.80,4614.80,4614.80
19760510,4631.10,4631.10,4631.10,4631.10
19760511,4625.90,4625.90,4625.90,4625.90
19760512,4615.10,4615.10,4615.10,4615.10
19760513,4648.00,4648.00,4648.00,4648.00
19760514,4633.20,4633.20,4633.20,4633.20
19760517,4630.60,4630.60,4630.60,4630.60
19760518,4573.30,4573.30,4573.30,4573.30
19760519,4587.80,4587.80,4587.80,4587.80
19760520,4602.60,4602.60,4602.60,4602.60
19760521,4581.70,4581.70,4581.70,4581.70
19760524,4589.90,4589.90,4589.90,4589.90
19760525,4569.10,4569.10,4569.10,4569.10
19760526,4586.10,4586.10,4586.10,4586.10
19760527,4570.70,4570.70,4570.70,4570.70
19760528,4608.90,4608.90,4608.90,4608.90
19760601,4686.00,4686.00,4686.00,4686.00
19760602,4706.50,4706.50,4706.50,4706.50
19760603,4727.70,4727.70,4727.70,4727.70
19760604,4717.30,4717.30,4717.30,4717.30
19760607,4733.90,4733.90,4733.90,4733.90
19760608,4700.00,4700.00,4700.00,4700.00
19760609,4705.80,4705.80,4705.80,4705.80
19760610,4689.40,4689.40,4689.40,4689.40
19760611,4688.50,4688.50,4688.50,4688.50
19760614,4707.00,4707.00,4707.00,4707.00
19760615,4737.30,4737.30,4737.30,4737.30
19760616,4753.40,4753.40,4753.40,4753.40
19760617,4737.30,4737.30,4737.30,4737.30
19760618,4696.30,4696.30,4696.30,4696.30
19760621,4739.30,4739.30,4739.30,4739.30
19760622,4700.80,4700.80,4700.80,4700.80
19760623,4703.10,4703.10,4703.10,4703.10
19760624,4708.50,4708.50,4708.50,4708.50
19760625,4725.40,4725.40,4725.40,4725.40
19760628,4794.70,4794.70,4794.70,4794.70
19760629,4823.90,4823.90,4823.90,4823.90
19760630,4852.10,4852.10,4852.10,4852.10
19760701,4865.50,4865.50,4865.50,4865.50
19760702,4853.60,4853.60,4853.60,4853.60
19760706,4843.30,4843.30,4843.30,4843.30
19760707,4854.50,4854.50,4854.50,4854.50
19760708,4814.20,4814.20,4814.20,4814.20
19760709,4839.00,4839.00,4839.00,4839.00
19760712,4808.00,4808.00,4808.00,4808.00
19760713,4775.40,4775.40,4775.40,4775.40
19760714,4746.40,4746.40,4746.40,4746.40
19760715,4695.60,4695.60,4695.60,4695.60
19760716,4708.40,4708.40,4708.40,4708.40
19760719,4688.40,4688.40,4688.40,4688.40
19760720,4706.80,4706.80,4706.80,4706.80
19760721,4697.10,4697.10,4697.10,4697.10
19760722,4705.20,4705.20,4705.20,4705.20
19760723,4721.40,4721.40,4721.40,4721.40
19760726,4667.10,4667.10,4667.10,4667.10
19760727,4679.50,4679.50,4679.50,4679.50
19760728,4678.20,4678.20,4678.20,4678.20
19760729,4646.60,4646.60,4646.60,4646.60
19760730,4641.80,4641.80,4641.80,4641.80
19760802,4640.90,4640.90,4640.90,4640.90
19760803,4651.60,4651.60,4651.60,4651.60
19760804,4693.90,4693.90,4693.90,4693.90
19760805,4707.90,4707.90,4707.90,4707.90
19760806,4717.90,4717.90,4717.90,4717.90
19760809,4711.90,4711.90,4711.90,4711.90
19760810,4725.90,4725.90,4725.90,4725.90
19760811,4743.90,4743.90,4743.90,4743.90
19760812,4730.80,4730.80,4730.80,4730.80
19760813,4736.90,4736.90,4736.90,4736.90
19760816,4722.80,4722.80,4722.80,4722.80
19760817,4729.90,4729.90,4729.90,4729.90
19760818,4732.60,4732.60,4732.60,4732.60
19760819,4734.00,4734.00,4734.00,4734.00
19760820,4716.90,4716.90,4716.90,4716.90
19760823,4696.60,4696.60,4696.60,4696.60
19760824,4697.30,4697.30,4697.30,4697.30
19760825,4695.00,4695.00,4695.00,4695.00
19760826,4682.30,4682.30,4682.30,4682.30
19760827,4689.60,4689.60,4689.60,4689.60
19760830,4696.80,4696.80,4696.80,4696.80
19760831,4738.10,4738.10,4738.10,4738.10
19760901,4786.10,4786.10,4786.10,4786.10
19760902,4781.80,4781.80,4781.80,4781.80
19760903,4764.80,4764.80,4764.80,4764.80
19760907,4700.80,4700.80,4700.80,4700.80
19760908,4699.40,4699.40,4699.40,4699.40
19760909,4676.60,4676.60,4676.60,4676.60
19760910,4707.70,4707.70,4707.70,4707.70
19760913,4729.70,4729.70,4729.70,4729.70
19760914,4702.80,4702.80,4702.80,4702.80
19760916,4710.90,4710.90,4710.90,4710.90
19760917,4722.90,4722.90,4722.90,4722.90
19760920,4726.50,4726.50,4726.50,4726.50
19760921,4738.60,4738.60,4738.60,4738.60
19760922,4744.50,4744.50,4744.50,4744.50
19760924,4730.60,4730.60,4730.60,4730.60
19760927,4722.00,4722.00,4722.00,4722.00
19760928,4781.80,4781.80,4781.80,4781.80
19760929,4834.10,4834.10,4834.10,4834.10
19760930,4830.40,4830.40,4830.40,4830.40
19761001,4815.50,4815.50,4815.50,4815.50
19761004,4835.20,4835.20,4835.20,4835.20
19761005,4829.90,4829.90,4829.90,4829.90
19761006,4825.30,4825.30,4825.30,4825.30
19761007,4800.60,4800.60,4800.60,4800.60
19761008,4778.80,4778.80,4778.80,4778.80
19761012,4658.20,4658.20,4658.20,4658.20
19761013,4704.50,4704.50,4704.50,4704.50
19761014,4703.30,4703.30,4703.30,4703.30
19761015,4697.10,4697.10,4697.10,4697.10
19761018,4684.40,4684.40,4684.40,4684.40
19761019,4645.30,4645.30,4645.30,4645.30
19761020,4627.00,4627.00,4627.00,4627.00
19761021,4637.90,4637.90,4637.90,4637.90
19761022,4618.80,4618.80,4618.80,4618.80
19761025,4615.50,4615.50,4615.50,4615.50
19761026,4618.50,4618.50,4618.50,4618.50
19761027,4633.20,4633.20,4633.20,4633.20
19761028,4641.00,4641.00,4641.00,4641.00
19761029,4646.30,4646.30,4646.30,4646.30
19761101,4645.50,4645.50,4645.50,4645.50
19761104,4575.70,4575.70,4575.70,4575.70
19761105,4522.10,4522.10,4522.10,4522.10
19761108,4528.60,4528.60,4528.60,4528.60
19761109,4558.50,4558.50,4558.50,4558.50
19761110,4598.90,4598.90,4598.90,4598.90
19761111,4586.90,4586.90,4586.90,4586.90
19761112,4565.40,4565.40,4565.40,4565.40
19761115,4553.10,4553.10,4553.10,4553.10
19761116,4518.70,4518.70,4518.70,4518.70
19761117,4514.20,4514.20,4514.20,4514.20
19761118,4459.90,4459.90,4459.90,4459.90
19761119,4451.60,4451.60,4451.60,4451.60
19761122,4478.10,4478.10,4478.10,4478.10
19761124,4534.20,4534.20,4534.20,4534.20
19761126,4571.30,4571.30,4571.30,4571.30
19761129,4541.60,4541.60,4541.60,4541.60
19761130,4506.60,4506.60,4506.60,4506.60
19761201,4504.80,4504.80,4504.80,4504.80
19761202,4496.50,4496.50,4496.50,4496.50
19761203,4542.90,4542.90,4542.90,4542.90
19761206,4585.90,4585.90,4585.90,4585.90
19761207,4650.60,4650.60,4650.60,4650.60
19761208,4717.60,4717.60,4717.60,4717.60
19761209,4765.60,4765.60,4765.60,4765.60
19761210,4765.30,4765.30,4765.30,4765.30
19761213,4751.40,4751.40,4751.40,4751.40
19761214,4731.00,4731.00,4731.00,4731.00
19761215,4764.00,4764.00,4764.00,4764.00
19761216,4765.10,4765.10,4765.10,4765.10
19761217,4793.80,4793.80,4793.80,4793.80
19761220,4820.10,4820.10,4820.10,4820.10
19761221,4863.50,4863.50,4863.50,4863.50
19761222,4911.80,4911.80,4911.80,4911.80
19761223,4909.50,4909.50,4909.50,4909.50
19761227,4973.70,4973.70,4973.70,4973.70
19761228,4990.80,4990.80,4990.80,4990.80
19770104,4988.80,4988.80,4988.80,4988.80
19770105,4983.50,4983.50,4983.50,4983.50
19770106,4950.70,4950.70,4950.70,4950.70
19770107,4960.20,4960.20,4960.20,4960.20
19770110,5008.20,5008.20,5008.20,5008.20
19770111,4937.10,4937.10,4937.10,4937.10
19770112,4928.10,4928.10,4928.10,4928.10
19770113,4958.00,4958.00,4958.00,4958.00
19770114,4994.80,4994.80,4994.80,4994.80
19770117,4983.00,4983.00,4983.00,4983.00
19770118,4942.80,4942.80,4942.80,4942.80
19770119,4989.50,4989.50,4989.50,4989.50
19770120,4992.30,4992.30,4992.30,4992.30
19770121,5011.90,5011.90,5011.90,5011.90
19770124,5054.10,5054.10,5054.10,5054.10
19770125,5044.50,5044.50,5044.50,5044.50
19770126,5073.00,5073.00,5073.00,5073.00
19770127,5046.00,5046.00,5046.00,5046.00
19770128,5041.00,5041.00,5041.00,5041.00
19770131,4962.50,4962.50,4962.50,4962.50
19770201,5008.30,5008.30,5008.30,5008.30
19770202,5072.00,5072.00,5072.00,5072.00
19770203,5046.60,5046.60,5046.60,5046.60
19770204,5065.30,5065.30,5065.30,5065.30
19770207,5078.80,5078.80,5078.80,5078.80
19770208,5086.70,5086.70,5086.70,5086.70
19770209,5068.10,5068.10,5068.10,5068.10
19770210,5053.50,5053.50,5053.50,5053.50
19770214,4979.00,4979.00,4979.00,4979.00
19770215,4987.80,4987.80,4987.80,4987.80
19770216,5014.20,5014.20,5014.20,5014.20
19770217,5056.50,5056.50,5056.50,5056.50
19770218,5037.90,5037.90,5037.90,5037.90
19770222,5024.60,5024.60,5024.60,5024.60
19770223,5037.90,5037.90,5037.90,5037.90
19770224,5041.70,5041.70,5041.70,5041.70
19770225,5050.80,5050.80,5050.80,5050.80
19770228,5079.10,5079.10,5079.10,5079.10
19770301,5073.60,5073.60,5073.60,5073.60
19770302,5057.60,5057.60,5057.60,5057.60
19770303,5056.90,5056.90,5056.90,5056.90
19770304,5059.80,5059.80,5059.80,5059.80
19770307,5034.50,5034.50,5034.50,5034.50
19770308,5009.50,5009.50,5009.50,5009.50
19770309,5011.10,5011.10,5011.10,5011.10
19770310,5011.50,5011.50,5011.50,5011.50
19770311,5010.60,5010.60,5010.60,5010.60
19770314,4962.60,4962.60,4960.60,4962.60
19770315,4997.00,4997.00,4997.00,4997.00
19770316,4998.60,4998.60,4998.60,4998.60
19770317,4988.80,4988.80,4988.80,4988.80
19770318,5013.70,5013.70,5013.70,5013.70
19770322,4989.10,4989.10,4989.10,4989.10
19770323,4978.30,4978.30,4978.30,4978.30
19770324,4961.80,4961.80,4961.80,4961.80
19770325,4975.60,4975.60,4975.60,4975.60
19770328,4978.20,4978.20,4978.20,4978.20
19770329,4988.00,4988.00,4988.00,4988.00
19770330,5011.80,5011.80,5011.80,5011.80
19770331,5036.40,5036.40,5036.40,5036.40
19770401,5001.20,5001.20,5001.20,5001.20
19770404,4970.60,4970.60,4970.60,4970.60
19770405,4879.50,4879.50,4879.50,4879.50
19770406,4893.30,4893.30,4893.30,4893.30
19770407,4870.20,4870.20,4870.20,4870.20
19770411,4926.50,4926.50,4926.50,4926.50
19770412,4969.00,4969.00,4969.00,4969.00
19770413,5011.60,5011.60,5011.60,5011.60
19770414,5021.10,5021.10,5021.10,5021.10
19770415,5037.70,5037.70,5037.70,5037.70
19770418,5034.80,5034.80,5034.80,5034.80
19770419,5075.40,5075.40,5075.40,5075.40
19770420,5118.40,5118.40,5118.40,5118.40
19770421,5157.10,5157.10,5157.10,5157.10
19770422,5143.30,5143.30,5143.30,5143.30
19770425,5102.90,5102.90,5102.90,5102.90
19770426,5092.90,5092.90,5092.90,5092.90
19770427,5092.00,5092.00,5092.00,5092.00
19770428,5099.00,5099.00,5099.00,5099.00
19770502,5132.90,5132.90,5132.90,5132.90
19770504,5141.90,5141.90,5141.90,5141.90
19770506,5140.30,5140.30,5140.30,5140.30
19770509,5124.20,5124.20,5124.20,5124.20
19770510,5088.50,5088.50,5088.50,5088.50
19770511,5079.60,5079.60,5079.60,5079.60
19770512,5048.90,5048.90,5048.90,5048.90
19770513,5049.30,5049.30,5049.30,5049.30
19770516,5044.50,5044.50,5044.50,5044.50
19770517,5036.80,5036.80,5036.80,5036.80
19770518,5032.80,5032.80,5032.80,5032.80
19770519,5024.40,5024.40,5024.40,5024.40
19770520,5027.70,5027.70,5027.70,5027.70
19770523,5027.60,5027.60,5027.60,5027.60
19770524,5023.80,5023.80,5023.80,5023.80
19770525,5022.20,5022.20,5022.20,5022.20
19770526,4989.30,4989.30,4989.30,4989.30
19770527,4980.70,4980.70,4980.70,4980.70
19770531,5026.10,5026.10,5026.10,5026.10
19770601,5014.50,5014.50,5014.50,5014.50
19770602,4982.20,4982.20,4982.20,4982.20
19770603,4991.70,4991.70,4991.70,4991.70
19770606,5012.00,5012.00,5012.00,5012.00
19770607,4965.40,4965.40,4965.40,4965.40
19770608,4964.80,4964.80,4964.80,4964.80
19770609,4965.30,4965.30,4965.30,4965.30
19770610,4927.50,4927.50,4927.50,4927.50
19770613,4926.40,4926.40,4926.40,4926.40
19770614,4813.60,4813.60,4813.60,4813.60
19770615,4913.50,4913.50,4913.50,4913.50
19770616,4920.20,4920.20,4920.20,4920.20
19770617,4992.00,4992.00,4992.00,4992.00
19770620,4973.90,4973.90,4973.90,4973.90
19770621,4956.60,4956.60,4956.60,4956.60
19770622,4935.20,4935.20,4935.20,4935.20
19770623,4980.50,4980.50,4980.50,4980.50
19770624,4977.20,4977.20,4977.20,4977.20
19770627,4999.50,4999.50,4999.50,4999.50
19770628,5006.80,5006.80,5006.80,5006.80
19770629,4989.10,4989.10,4989.10,4989.10
19770630,4975.90,4975.90,4975.90,4975.90
19770701,4978.40,4978.40,4978.40,4978.40
19770705,4942.50,4942.50,4942.50,4942.50
19770706,4972.50,4972.50,4972.50,4972.50
19770707,4985.40,4985.40,4985.40,4985.40
19770708,5038.60,5038.60,5038.60,5038.60
19770711,5079.30,5079.30,5079.30,5079.30
19770712,5057.90,5057.90,5057.90,5057.90
19770713,5054.50,5054.50,5054.50,5054.50
19770715,5025.10,5025.10,5025.10,5025.10
19770718,5001.00,5001.00,5001.00,5001.00
19770719,4954.10,4954.10,4954.10,4954.10
19770720,4963.40,4963.40,4963.40,4963.40
19770721,4970.50,4970.50,4970.50,4970.50
19770722,4950.30,4950.30,4950.30,4950.30
19770725,4936.40,4936.40,4936.40,4936.40
19770726,4916.60,4916.60,4916.60,4916.60
19770727,4903.90,4903.90,4903.90,4903.90
19770728,4849.40,4849.40,4849.40,4849.40
19770729,4898.10,4898.10,4898.10,4898.10
19770801,4970.70,4970.70,4970.70,4970.70
19770802,5011.70,5011.70,5011.70,5011.70
19770803,5059.10,5059.10,5059.10,5059.10
19770804,5061.30,5061.30,5061.30,5061.30
19770805,5074.80,5074.80,5074.80,5074.80
19770808,5076.00,5076.00,5076.00,5076.00
19770809,5066.60,5066.60,5066.60,5066.60
19770810,5092.80,5092.80,5092.80,5092.80
19770811,5133.90,5133.90,5133.90,5133.90
19770812,5160.20,5160.20,5160.20,5160.20
19770815,5202.00,5202.00,5202.00,5202.00
19770816,5231.60,5231.60,5231.60,5231.60
19770817,5216.00,5216.00,5216.00,5216.00
19770818,5220.20,5220.20,5220.20,5220.20
19770819,5220.10,5220.10,5220.10,5220.10
19770822,5165.00,5165.00,5165.00,5165.00
19770823,5188.60,5188.60,5188.60,5188.60
19770824,5150.20,5150.20,5150.20,5150.20
19770825,5180.30,5180.30,5180.30,5180.30
19770826,5190.80,5190.80,5190.80,5190.80
19770829,5234.20,5234.20,5234.20,5234.20
19770830,5242.90,5242.90,5242.90,5242.90
19770831,5243.40,5243.40,5243.40,5243.40
19770902,5246.50,5246.50,5246.50,5246.50
19770906,5270.70,5270.70,5270.70,5270.70
19770907,5280.30,5280.30,5280.30,5280.30
19770908,5251.30,5251.30,5251.30,5251.30
19770909,5199.70,5199.70,5199.70,5199.70
19770912,5203.10,5203.10,5203.10,5203.10
19770913,5201.90,5201.90,5201.90,5201.90
19770914,5206.30,5206.30,5206.30,5206.30
19770916,5207.50,5207.50,5207.50,5207.50
19770919,5177.70,5177.70,5177.70,5177.70
19770920,5196.00,5196.00,5196.00,5196.00
19770921,5188.40,5188.40,5188.40,5188.40
19770922,5157.30,5157.30,5157.30,5157.30
19770926,5159.80,5159.80,5159.80,5159.80
19770927,5185.00,5185.00,5185.00,5185.00
19770928,5222.40,5222.40,5222.40,5222.40
19770929,5264.70,5264.70,5264.70,5264.70
19770930,5264.40,5264.40,5264.40,5264.40
19771003,5262.30,5262.30,5262.30,5262.30
19771004,5223.10,5223.10,5223.10,5223.10
19771005,5246.40,5246.40,5246.40,5246.40
19771006,5237.40,5237.40,5237.40,5237.40
19771007,5231.60,5231.60,5231.60,5231.60
19771011,5138.00,5138.00,5138.00,5138.00
19771012,5189.40,5189.40,5188.40,5188.40
19771013,5152.80,5152.80,5152.80,5152.80
19771014,5125.20,5125.20,5125.20,5125.20
19771017,5108.30,5108.30,5108.30,5108.30
19771018,5110.80,5110.80,5110.80,5110.80
19771019,5142.60,5142.60,5142.60,5142.60
19771020,5150.00,5150.00,5150.00,5150.00
19771021,5137.40,5137.40,5137.40,5137.40
19771024,5134.10,5134.10,5134.10,5134.10
19771025,5127.50,5127.50,5127.50,5127.50
19771026,5121.50,5121.50,5121.50,5121.50
19771027,5120.20,5120.20,5120.20,5120.20
19771028,5069.40,5069.40,5069.40,5069.40
19771031,5079.60,5079.60,5079.60,5079.60
19771101,5021.00,5021.00,5021.00,5021.00
19771102,5024.80,5024.80,5024.80,5024.80
19771104,5030.50,5030.50,5030.50,5030.50
19771107,5024.30,5024.30,5024.30,5024.30
19771108,4976.40,4976.40,4976.40,4976.40
19771109,4974.60,4974.60,4974.60,4974.60
19771110,4941.20,4941.20,4941.20,4941.20
19771111,4950.80,4950.80,4950.80,4950.80
19771114,4996.30,4996.30,4996.30,4996.30
19771115,4951.80,4951.80,4951.80,4951.80
19771116,4903.50,4903.50,4903.50,4903.50
19771117,4836.50,4836.50,4836.50,4836.50
19771118,4853.40,4853.40,4853.40,4853.40
19771121,4829.20,4829.20,4829.20,4829.20
19771122,4723.70,4723.70,4723.70,4723.70
19771125,4647.80,4647.80,4647.80,4647.80
19771128,4822.50,4822.50,4822.50,4822.50
19771129,4849.50,4849.50,4849.50,4849.50
19771130,4936.90,4936.90,4936.90,4936.90
19771201,4913.10,4913.10,4913.10,4913.10
19771202,4945.70,4945.70,4945.70,4945.70
19771205,4904.40,4904.40,4904.40,4904.40
19771206,4886.70,4886.70,4886.70,4886.70
19771207,4815.90,4815.90,4815.90,4815.90
19771208,4843.30,4843.30,4843.30,4843.30
19771209,4833.30,4833.30,4833.30,4833.30
19771212,4808.90,4808.90,4808.90,4808.90
19771213,4778.50,4778.50,4778.50,4778.50
19771214,4808.90,4808.90,4808.90,4808.90
19771215,4797.00,4797.00,4797.00,4797.00
19771216,4880.40,4880.40,4880.40,4880.40
19771219,4910.50,4910.50,4910.50,4910.50
19771220,4901.20,4901.20,4901.20,4901.20
19771221,4896.50,4896.50,4896.50,4896.50
19771222,4878.90,4878.90,4878.90,4878.90
19771223,4821.80,4821.80,4821.80,4821.80
19771227,4863.00,4863.00,4863.00,4863.00
19771228,4865.60,4865.60,4865.60,4865.60
19780104,4867.90,4867.90,4867.90,4867.90
19780105,4941.10,4941.10,4941.10,4941.10
19780106,4974.60,4974.60,4974.60,4974.60
19780109,4994.70,4994.70,4994.70,4994.70
19780110,4968.40,4968.40,4968.40,4968.40
19780111,5007.20,5007.20,5007.20,5007.20
19780112,4995.80,4995.80,4995.80,4995.80
19780113,5030.80,5030.80,5030.80,5030.80
19780117,5038.50,5038.50,5038.50,5038.50
19780118,5063.10,5063.10,5063.10,5063.10
19780119,5096.10,5096.10,5096.10,5096.10
19780120,5044.10,5044.10,5044.10,5044.10
19780123,5046.20,5046.20,5046.20,5046.20
19780124,5025.90,5025.90,5025.90,5025.90
19780125,5007.20,5007.20,5007.20,5007.20
19780126,5021.50,5021.50,5021.50,5021.50
19780127,5028.40,5028.40,5028.40,5028.40
19780130,5077.50,5077.50,5077.50,5077.50
19780131,5111.70,5111.70,5111.70,5111.70
19780201,5188.40,5188.40,5188.40,5188.40
19780202,5126.40,5126.40,5126.40,5126.40
19780203,5129.00,5129.00,5129.00,5129.00
19780206,5133.00,5133.00,5133.00,5133.00
19780207,5431.30,5431.30,5431.30,5431.30
19780208,5444.60,5444.60,5444.60,5444.60
19780209,5444.50,5444.50,5444.50,5444.50
19780210,5458.30,5458.30,5458.30,5458.30
19780214,5436.20,5436.20,5436.20,5436.20
19780215,5424.60,5424.60,5424.60,5424.60
19780216,5432.00,5432.00,5432.00,5432.00
19780217,5086.30,5086.30,5086.30,5086.30
19780221,5061.80,5061.80,5061.80,5061.80
19780222,5085.40,5085.40,5085.40,5085.40
19780223,5104.30,5104.30,5104.30,5104.30
19780224,5121.80,5121.80,5121.80,5121.80
19780227,5222.10,5222.10,5222.10,5222.10
19780228,5222.70,5222.70,5222.70,5222.70
19780301,5210.50,5210.50,5210.50,5210.50
19780302,5213.90,5213.90,5213.90,5213.90
19780303,5237.90,5237.90,5237.90,5237.90
19780307,5209.20,5209.20,5209.20,5209.20
19780308,5190.60,5190.60,5190.60,5190.60
19780309,5177.50,5177.50,5177.50,5177.50
19780310,5211.70,5211.70,5211.70,5211.70
19780313,5275.50,5275.50,5275.50,5275.50
19780314,5269.20,5269.20,5269.20,5269.20
19780315,5278.90,5278.90,5278.90,5278.90
19780316,5297.70,5297.70,5297.70,5297.70
19780317,5290.60,5290.60,5290.60,5290.60
19780320,5269.70,5269.70,5269.70,5269.70
19780322,5273.60,5273.60,5273.60,5273.60
19780323,5266.80,5266.80,5266.80,5266.80
19780327,5317.10,5317.10,5317.10,5317.10
19780328,5360.30,5360.30,5360.30,5360.30
19780329,5400.70,5400.70,5400.70,5400.70
19780330,5411.30,5411.30,5411.30,5411.30
19780331,5469.80,5469.80,5469.80,5469.80
19780403,5430.30,5430.30,5430.30,5430.30
19780404,5479.70,5479.70,5479.70,5479.70
19780405,5527.50,5527.50,5527.50,5527.50
19780406,5498.20,5498.20,5498.20,5498.20
19780407,5485.20,5485.20,5485.20,5485.20
19780410,5464.80,5464.80,5464.80,5464.80
19780411,5449.80,5449.80,5449.80,5449.80
19780412,5464.60,5464.60,5464.60,5464.60
19780413,5466.10,5466.10,5466.10,5466.10
19780414,5503.50,5503.50,5503.50,5503.50
19780417,5544.60,5544.60,5544.60,5544.60
19780418,5534.70,5534.70,5534.70,5534.70
19780419,5555.80,5555.80,5555.80,5555.80
19780420,5548.50,5548.50,5548.50,5548.50
19780421,5502.30,5502.30,5502.30,5502.30
19780424,5514.80,5514.80,5514.80,5514.80
19780425,5521.70,5521.70,5521.70,5521.70
19780426,5540.20,5540.20,5540.20,5540.20
19780427,5516.80,5516.80,5516.80,5516.80
19780428,5534.20,5534.20,5534.20,5534.20
19780501,5532.90,5532.90,5532.90,5532.90
19780502,5541.10,5541.10,5541.10,5541.10
19780504,5542.10,5542.10,5542.10,5542.10
19780508,5526.60,5526.60,5526.60,5526.60
19780509,5490.20,5490.20,5490.20,5490.20
19780510,5486.10,5486.10,5486.10,5486.10
19780511,5489.30,5489.30,5489.30,5489.30
19780512,5498.00,5498.00,5498.00,5498.00
19780515,5499.50,5499.50,5499.50,5499.50
19780516,5418.80,5418.80,5418.80,5418.80
19780517,5440.10,5440.10,5440.10,5440.10
19780518,5406.90,5406.90,5406.90,5406.90
19780519,5404.20,5404.20,5404.20,5404.20
19780522,5408.20,5408.20,5408.20,5408.20
19780523,5417.50,5417.50,5417.50,5417.50
19780524,5455.30,5455.30,5455.30,5455.30
19780525,5455.90,5455.90,5455.90,5455.90
19780526,5439.40,5439.40,5439.40,5439.40
19780530,5438.50,5438.50,5438.50,5438.50
19780601,5476.20,5476.20,5476.20,5476.20
19780602,5480.50,5480.50,5480.50,5480.50
19780605,5495.30,5495.30,5495.30,5495.30
19780606,5489.80,5489.80,5489.80,5489.80
19780607,5490.40,5490.40,5490.40,5490.40
19780608,5504.70,5504.70,5504.70,5504.70
19780609,5500.60,5500.60,5500.60,5500.60
19780612,5512.00,5512.00,5512.00,5512.00
19780613,5493.60,5493.60,5493.60,5493.60
19780614,5502.10,5502.10,5502.10,5502.10
19780615,5495.90,5495.90,5495.90,5495.90
19780616,5491.50,5491.50,5491.50,5491.50
19780619,5477.30,5477.30,5477.30,5477.30
19780620,5474.80,5474.80,5474.80,5474.80
19780621,5478.80,5478.80,5478.80,5478.80
19780622,5463.80,5463.80,5463.80,5463.80
19780623,5481.30,5481.30,5481.30,5481.30
19780627,5472.10,5472.10,5472.10,5472.10
19780628,5501.00,5501.00,5501.00,5501.00
19780629,5533.30,5533.30,5533.30,5533.30
19780630,5543.10,5543.10,5543.10,5543.10
19780703,5529.10,5529.10,5529.10,5529.10
19780705,5576.30,5576.30,5576.30,5576.30
19780706,5588.10,5588.10,5588.10,5588.10
19780707,5616.90,5616.90,5616.90,5616.90
19780710,5631.40,5631.40,5631.40,5631.40
19780711,5628.30,5628.30,5628.30,5628.30
19780712,5627.30,5627.30,5627.30,5627.30
19780713,5624.20,5624.20,5624.20,5624.20
19780714,5629.20,5629.20,5629.20,5629.20
19780717,5636.90,5636.90,5636.90,5636.90
19780718,5636.10,5636.10,5636.10,5636.10
19780719,5640.60,5640.60,5640.60,5640.60
19780720,5635.40,5635.40,5635.40,5635.40
19780721,5614.30,5614.30,5614.30,5614.30
19780724,5578.00,5578.00,5578.00,5578.00
19780725,5562.40,5562.40,5562.40,5562.40
19780726,5575.30,5575.30,5575.30,5575.30
19780727,5575.10,5575.10,5575.10,5575.10
19780728,5578.00,5578.00,5578.00,5578.00
19780731,5601.30,5601.30,5601.30,5601.30
19780801,5585.40,5585.40,5585.40,5585.40
19780802,5550.80,5550.80,5550.80,5550.80
19780803,5556.70,5556.70,5556.70,5556.70
19780804,5576.60,5576.60,5576.60,5576.60
19780807,5457.90,5457.90,5457.90,5457.90
19780808,5482.20,5482.20,5482.20,5482.20
19780809,5480.70,5480.70,5480.70,5480.70
19780810,5496.80,5496.80,5496.80,5496.80
19780811,5502.60,5502.60,5502.60,5502.60
19780814,5508.10,5508.10,5508.10,5508.10
19780815,5500.00,5500.00,5500.00,5500.00
19780816,5497.90,5497.90,5497.90,5497.90
19780817,5489.70,5489.70,5489.70,5489.70
19780818,5495.50,5495.50,5495.50,5495.50
19780821,5543.30,5543.30,5543.30,5543.30
19780822,5548.80,5548.80,5548.80,5548.80
19780823,5570.70,5570.70,5570.70,5570.70
19780824,5508.70,5508.70,5508.70,5508.70
19780825,5510.40,5510.40,5510.40,5510.40
19780828,5506.10,5506.10,5506.10,5506.10
19780829,5527.70,5527.70,5527.70,5527.70
19780830,5557.40,5557.40,5557.40,5557.40
19780831,5585.40,5585.40,5585.40,5585.40
19780901,5560.00,5560.00,5560.00,5560.00
19780905,5641.30,5641.30,5641.30,5641.30
19780906,5637.20,5637.20,5637.20,5637.20
19780907,5651.20,5651.20,5651.20,5651.20
19780908,5650.30,5650.30,5650.30,5650.30
19780911,5640.20,5640.20,5640.20,5640.20
19780912,5662.00,5662.00,5662.00,5662.00
19780913,5661.90,5661.90,5661.90,5661.90
19780914,5660.30,5660.30,5660.30,5660.30
19780918,5672.30,5672.30,5672.30,5672.30
19780919,5652.90,5652.90,5652.90,5652.90
19780920,5622.10,5622.10,5622.10,5622.10
19780921,5623.50,5623.50,5623.50,5623.50
19780922,5637.20,5637.20,5637.20,5637.20
19780925,5662.00,5662.00,5662.00,5662.00
19780926,5693.90,5693.90,5693.90,5693.90
19780927,5738.20,5738.20,5738.20,5738.20
19780928,5754.20,5754.20,5754.20,5754.20
19780929,5772.30,5772.30,5772.30,5772.30
19781002,5780.80,5780.80,5780.80,5780.80
19781003,5779.50,5779.50,5779.50,5779.50
19781004,5787.80,5787.80,5787.80,5787.80
19781005,5790.70,5790.70,5790.70,5790.70
19781006,5792.50,5792.50,5792.50,5792.50
19781009,5758.90,5758.90,5758.90,5758.90
19781011,5757.60,5757.60,5757.60,5757.60
19781012,5731.90,5731.90,5731.90,5731.90
19781013,5727.90,5727.90,5727.90,5727.90
19781016,5797.00,5797.00,5797.00,5797.00
19781017,5837.60,5837.60,5837.60,5837.60
19781018,5857.90,5857.90,5857.90,5857.90
19781019,5872.50,5872.50,5872.50,5872.50
19781020,5873.40,5873.40,5873.40,5873.40
19781023,5860.20,5860.20,5860.20,5860.20
19781024,5811.30,5811.30,5811.30,5811.30
19781025,5834.80,5834.80,5834.80,5834.80
19781026,5837.00,5837.00,5837.00,5837.00
19781027,5887.30,5887.30,5887.30,5887.30
19781030,5926.80,5926.80,5926.80,5926.80
19781031,5902.90,5902.90,5902.90,5902.90
19781101,5872.40,5872.40,5872.40,5872.40
19781102,5896.30,5896.30,5896.30,5896.30
19781106,5936.10,5936.10,5936.10,5936.10
19781107,5943.90,5943.90,5943.90,5943.90
19781108,5957.90,5957.90,5957.50,5957.50
19781109,5948.20,5948.20,5948.20,5948.20
19781110,5968.20,5968.20,5968.20,5968.20
19781113,5973.30,5973.30,5973.30,5973.30
19781114,5942.90,5942.90,5942.90,5942.90
19781115,5900.20,5900.20,5900.20,5900.20
19781116,5919.70,5919.70,5919.70,5919.70
19781117,5933.90,5933.90,5933.90,5933.90
19781120,5945.90,5945.90,5945.90,5945.90
19781121,5965.30,5965.30,5965.30,5965.30
19781122,5978.80,5978.80,5978.80,5978.80
19781124,5985.40,5985.40,5985.40,5985.40
19781127,5979.40,5979.40,5979.40,5979.40
19781128,5945.30,5945.30,5945.30,5945.30
19781129,5946.80,5946.80,5946.80,5946.80
19781130,5967.40,5967.40,5967.40,5967.40
19781201,6002.70,6002.70,6002.70,6002.70
19781204,6056.60,6056.60,6056.60,6056.60
19781205,6052.70,6052.70,6052.70,6052.70
19781206,6050.90,6050.90,6050.90,6050.90
19781207,6060.40,6060.40,6060.40,6060.40
19781208,6074.90,6074.90,6074.90,6074.90
19781211,6097.00,6097.00,6097.00,6097.00
19781212,6079.30,6079.30,6079.30,6079.30
19781213,6097.30,6097.30,6097.30,6097.30
19781214,6083.90,6083.90,6083.90,6083.90
19781215,6030.30,6030.30,6030.30,6030.30
19781218,5978.40,5978.40,5978.40,5978.40
19781219,5983.30,5983.30,5983.30,5983.30
19781220,5974.70,5974.70,5974.70,5974.70
19781221,5873.10,5873.10,5873.10,5873.10
19781222,5884.30,5884.30,5884.30,5884.30
19781226,5925.60,5925.60,5925.60,5925.60
19781227,5979.10,5979.10,5979.10,5979.10
19781228,6001.90,6001.90,6001.90,6001.90
19790104,6041.60,6041.60,6041.60,6041.60
19790105,6072.30,6072.30,6072.30,6072.30
19790108,6076.90,6076.90,6076.90,6076.90
19790109,6081.00,6081.00,6081.00,6081.00
19790110,6100.70,6100.70,6100.70,6100.70
19790111,6116.30,6116.30,6116.30,6116.30
19790112,6113.40,6113.40,6113.40,6113.40
19790116,6118.00,6118.00,6118.00,6118.00
19790117,6111.80,6111.80,6111.80,6111.80
19790118,6106.60,6106.60,6106.60,6106.60
19790119,6106.10,6106.10,6106.10,6106.10
19790122,6107.60,6107.60,6107.60,6107.60
19790123,6126.00,6126.00,6126.00,6126.00
19790124,6150.90,6150.90,6150.90,6150.90
19790125,6157.70,6157.70,6157.70,6157.70
19790126,6160.10,6160.10,6160.10,6160.10
19790129,6192.30,6192.30,6192.30,6192.30
19790130,6186.00,6186.00,6186.00,6186.00
19790131,6212.80,6212.80,6212.80,6212.80
19790201,6200.00,6200.00,6200.00,6200.00
19790202,6187.30,6187.30,6187.30,6187.30
19790205,6148.80,6148.80,6148.80,6148.80
19790206,6095.20,6095.20,6095.20,6095.20
19790207,6106.00,6106.00,6106.00,6106.00
19790208,6100.70,6100.70,6100.70,6100.70
19790209,6036.90,6036.90,6036.90,6036.90
19790213,6023.60,6023.60,6023.60,6023.60
19790214,6061.00,6061.00,6061.00,6061.00
19790215,6101.90,6101.90,6101.90,6101.90
19790216,6128.90,6128.90,6128.90,6128.90
19790220,6116.10,6116.10,6116.10,6116.10
19790221,6097.40,6097.40,6097.40,6097.40
19790222,6105.80,6105.80,6105.80,6105.80
19790223,6080.90,6080.90,6080.90,6080.90
19790226,6089.10,6089.10,6089.10,6089.10
19790227,6065.30,6065.30,6065.30,6065.30
19790228,6073.00,6073.00,6073.00,6073.00
19790301,5975.50,5975.50,5975.50,5975.50
19790302,5972.90,5972.90,5972.90,5972.90
19790305,6014.20,6014.20,6014.20,6014.20
19790306,5992.80,5992.80,5992.80,5992.80
19790307,6017.30,6017.30,6017.30,6017.30
19790308,6026.00,6026.00,6026.00,6026.00
19790309,6042.90,6042.90,6042.90,6042.90
19790312,6062.60,6062.60,6062.60,6062.60
19790313,6058.30,6058.30,6058.30,6058.30
19790314,6048.00,6048.00,6048.00,6048.00
19790315,6024.50,6024.50,6024.50,6024.50
19790316,6025.70,6025.70,6025.70,6025.70
19790319,6029.80,6029.80,6029.80,6029.80
19790320,6063.80,6063.80,6063.80,6063.80
19790322,6074.70,6074.70,6074.70,6074.70
19790323,6079.80,6079.80,6079.80,6079.80
19790326,6101.60,6101.60,6101.60,6101.60
19790327,6170.00,6170.00,6170.00,6170.00
19790328,6108.30,6108.30,6108.30,6108.30
19790329,6136.00,6136.00,6136.00,6136.00
19790330,6133.90,6133.90,6133.90,6133.90
19790402,6008.90,6008.90,6008.90,6008.90
19790403,6035.10,6035.10,6035.10,6035.10
19790404,6039.20,6039.20,6039.20,6039.20
19790405,6049.00,6049.00,6049.00,6049.00
19790406,6050.00,6050.00,6050.00,6050.00
19790409,6010.90,6010.90,6010.90,6010.90
19790410,5925.80,5925.80,5925.80,5925.80
19790411,6043.00,6043.00,6043.00,6043.00
19790412,6071.00,6071.00,6071.00,6071.00
19790416,6110.00,6110.00,6110.00,6110.00
19790417,6078.60,6078.60,6078.60,6078.60
19790418,6058.60,6058.60,6058.60,6058.60
19790419,6054.90,6054.90,6054.90,6054.90
19790420,6102.90,6102.90,6102.90,6102.90
19790423,6120.50,6120.50,6120.50,6120.50
19790424,6139.20,6139.20,6139.20,6139.20
19790425,6178.80,6178.80,6178.80,6178.80
19790426,6198.90,6198.90,6198.90,6198.90
19790427,6225.10,6225.10,6225.10,6225.10
19790501,6236.90,6236.90,6236.90,6236.90
19790502,6277.60,6277.60,6277.60,6277.60
19790504,6286.10,6286.10,6286.10,6286.10
19790507,6201.50,6201.50,6201.50,6201.50
19790508,6226.80,6226.80,6226.80,6226.80
19790509,6248.80,6248.80,6248.80,6248.80
19790510,6264.00,6264.00,6264.00,6264.00
19790511,6274.10,6274.10,6274.10,6274.10
19790514,6296.90,6296.90,6296.90,6296.90
19790515,6308.80,6308.80,6308.80,6308.80
19790516,6341.30,6341.30,6341.30,6341.30
19790517,6287.00,6287.00,6287.00,6287.00
19790518,6315.50,6315.50,6315.50,6315.50
19790521,6306.70,6306.70,6306.70,6306.70
19790522,6263.50,6263.50,6263.50,6263.50
19790523,6233.50,6233.50,6233.50,6233.50
19790524,6300.40,6300.40,6300.40,6300.40
19790525,6313.80,6313.80,6313.80,6313.80
19790529,6293.00,6293.00,6293.00,6293.00
19790530,6307.40,6307.40,6307.40,6307.40
19790531,6252.60,6252.60,6252.60,6252.60
19790601,6176.90,6176.90,6176.90,6176.90
19790604,6198.70,6198.70,6198.70,6198.70
19790605,6123.90,6123.90,6123.90,6123.90
19790606,6175.60,6175.60,6175.60,6175.60
19790607,6186.30,6186.30,6186.30,6186.30
19790608,6176.50,6176.50,6176.50,6176.50
19790611,6065.10,6065.10,6065.10,6065.10
19790612,6097.20,6097.20,6097.20,6097.20
19790613,6120.30,6120.30,6120.30,6120.30
19790614,6100.50,6100.50,6100.50,6100.50
19790615,6143.90,6143.90,6143.90,6143.90
19790618,6188.20,6188.20,6188.20,6188.20
19790619,6186.40,6186.40,6186.40,6186.40
19790620,6200.70,6200.70,6200.70,6200.70
19790621,6248.40,6248.40,6248.40,6248.40
19790622,6247.50,6247.50,6247.50,6247.50
19790625,6239.80,6239.80,6239.80,6239.80
19790626,6240.60,6240.60,6240.60,6240.60
19790627,6258.00,6258.00,6258.00,6258.00
19790628,6250.00,6250.00,6250.00,6250.00
19790629,6247.30,6247.30,6247.30,6247.30
19790702,6283.10,6283.10,6283.10,6283.10
19790703,6303.00,6303.00,6303.00,6303.00
19790705,6292.40,6292.40,6292.40,6292.40
19790706,6280.10,6280.10,6280.10,6280.10
19790709,6258.70,6258.70,6258.70,6258.70
19790710,6177.20,6177.20,6177.20,6177.20
19790711,6207.60,6207.60,6207.60,6207.60
19790712,6154.80,6154.80,6154.80,6154.80
19790713,6109.30,6109.30,6109.30,6109.30
19790716,6188.70,6188.70,6188.70,6188.70
19790717,6181.70,6181.70,6181.70,6181.70
19790718,6181.30,6181.30,6181.30,6181.30
19790720,6179.50,6179.50,6179.50,6179.50
19790723,6180.40,6180.40,6180.40,6180.40
19790724,6210.90,6210.90,6210.90,6210.90
19790725,6250.30,6250.30,6250.30,6250.30
19790726,6243.90,6243.90,6243.90,6243.90
19790727,6264.70,6264.70,6264.70,6264.70
19790730,6275.30,6275.30,6275.30,6275.30
19790731,6313.80,6313.80,6313.80,6313.80
19790801,6322.70,6322.70,6322.70,6322.70
19790802,6329.60,6329.60,6329.60,6329.60
19790803,6355.70,6355.70,6355.70,6355.70
19790806,6392.20,6392.20,6392.20,6392.20
19790807,6364.70,6364.70,6364.70,6364.70
19790808,6402.70,6402.70,6402.70,6402.70
19790809,6392.10,6392.10,6392.10,6392.10
19790810,6395.00,6395.00,6395.00,6395.00
19790813,6394.60,6394.60,6394.60,6394.60
19790814,6395.20,6395.20,6395.20,6395.20
19790815,6424.40,6424.40,6424.40,6424.40
19790816,6443.50,6443.50,6443.50,6443.50
19790817,6452.50,6452.50,6452.50,6452.50
19790820,6448.70,6448.70,6448.70,6448.70
19790821,6403.20,6403.20,6403.20,6403.20
19790822,6415.80,6415.80,6415.80,6415.80
19790823,6396.80,6396.80,6396.80,6396.80
19790824,6384.50,6384.50,6384.50,6384.50
19790827,6408.10,6408.10,6408.10,6408.10
19790828,6435.60,6435.60,6435.60,6435.60
19790829,6445.40,6445.40,6445.40,6445.40
19790830,6437.30,6437.30,6437.30,6437.30
19790831,6436.10,6436.10,6436.10,6436.10
19790904,6401.60,6401.60,6401.60,6401.60
19790905,6411.60,6411.60,6411.60,6411.60
19790906,6425.50,6425.50,6425.50,6425.50
19790907,6410.90,6410.90,6410.90,6410.90
19790910,6410.40,6410.40,6410.40,6410.40
19790911,6426.60,6426.60,6426.60,6426.60
19790912,6451.70,6451.70,6451.70,6451.70
19790913,6447.90,6447.90,6447.90,6447.90
19790914,6455.00,6455.00,6455.00,6455.00
19790917,6438.30,6438.30,6438.10,6438.10
19790918,6459.80,6459.80,6459.80,6459.80
19790919,6482.50,6482.50,6482.50,6482.50
19790920,6465.60,6465.60,6465.60,6465.60
19790921,6490.30,6490.30,6490.30,6490.30
19790925,6491.00,6491.00,6491.00,6491.00
19790926,6477.80,6477.80,6477.80,6477.80
19790927,6539.70,6539.70,6539.70,6539.70
19790928,6568.60,6568.60,6568.60,6568.60
19791001,6577.90,6577.90,6577.90,6577.90
19791002,6545.10,6545.10,6545.10,6545.10
19791003,6542.70,6542.70,6542.70,6542.70
19791004,6532.90,6532.90,6532.90,6532.90
19791005,6568.80,6568.80,6568.80,6568.80
19791008,6495.70,6495.70,6495.70,6495.70
19791009,6512.80,6512.80,6512.80,6512.80
19791011,6397.00,6397.00,6397.00,6397.00
19791012,6439.80,6439.80,6439.80,6439.80
19791015,6526.80,6526.80,6526.80,6526.80
19791016,6516.60,6516.60,6516.60,6516.60
19791017,6496.00,6496.00,6496.00,6496.00
19791018,6427.60,6427.60,6427.60,6427.60
19791019,6416.80,6416.80,6416.80,6416.80
19791022,6341.70,6341.70,6341.70,6341.70
19791023,6371.10,6371.10,6371.10,6371.10
19791024,6225.70,6225.70,6225.70,6225.70
19791025,6236.30,6236.30,6236.30,6236.30
19791026,6207.90,6207.90,6207.90,6207.90
19791029,6319.40,6319.40,6319.40,6319.40
19791030,6406.60,6406.60,6406.60,6406.60
19791031,6444.10,6444.10,6444.10,6444.10
19791101,6415.30,6415.30,6415.30,6415.30
19791102,6425.00,6425.00,6425.00,6425.00
19791105,6423.20,6423.20,6423.20,6423.20
19791106,6451.80,6451.80,6451.80,6451.80
19791107,6368.10,6368.10,6368.10,6368.10
19791108,6390.60,6390.60,6390.60,6390.60
19791109,6403.40,6403.40,6403.40,6403.40
19791112,6414.80,6414.80,6414.80,6414.80
19791113,6401.80,6401.80,6401.80,6401.80
19791114,6414.10,6414.10,6414.10,6414.10
19791115,6322.60,6322.60,6322.60,6322.60
19791116,6327.10,6327.10,6327.10,6327.10
19791119,6325.00,6325.00,6325.00,6325.00
19791120,6323.70,6323.70,6323.70,6323.70
19791121,6301.80,6301.80,6301.80,6301.80
19791126,6387.50,6387.50,6387.50,6387.50
19791127,6407.80,6407.80,6407.80,6407.80
19791128,6420.20,6420.20,6420.20,6420.20
19791129,6440.80,6440.80,6440.80,6440.80
19791130,6450.20,6450.20,6450.20,6450.20
19791203,6475.50,6475.50,6475.50,6475.50
19791204,6487.60,6487.60,6487.60,6487.60
19791205,6507.60,6507.60,6507.60,6507.60
19791206,6502.90,6502.90,6502.90,6502.90
19791207,6461.30,6461.30,6461.30,6461.30
19791210,6452.10,6452.10,6452.10,6452.10
19791211,6443.90,6443.90,6443.90,6443.90
19791212,6501.20,6501.20,6501.20,6501.20
19791213,6493.60,6493.60,6493.60,6493.60
19791214,6500.70,6500.70,6500.70,6500.70
19791217,6491.30,6491.30,6491.30,6491.30
19791218,6478.30,6478.30,6478.30,6478.30
19791219,6477.10,6477.10,6477.10,6477.10
19791220,6526.10,6526.10,6526.10,6526.10
19791221,6535.90,6535.90,6535.90,6535.90
19791224,6522.90,6522.90,6522.90,6522.90
19791226,6531.20,6531.20,6531.20,6531.20
19791227,6528.80,6528.80,6528.80,6528.80
19791228,6569.50,6569.50,6569.50,6569.50
19800102,6569.70,6569.70,6569.70,6569.70
19800104,6560.20,6560.20,6560.20,6560.20
19800107,6552.60,6552.60,6552.60,6552.60
19800108,6563.20,6563.20,6563.20,6563.20
19800109,6591.80,6591.80,6591.80,6591.80
19800110,6594.00,6594.00,6594.00,6594.00
19800111,6615.50,6615.50,6615.50,6615.50
19800114,6659.50,6659.50,6659.50,6659.50
19800116,6653.20,6653.20,6653.20,6653.20
19800117,6656.30,6656.30,6656.30,6656.30
19800118,6649.30,6649.30,6649.30,6649.30
19800121,6666.30,6666.30,6666.30,6666.30
19800122,6684.60,6684.60,6684.60,6684.60
19800123,6694.20,6694.20,6694.20,6694.20
19800124,6746.90,6746.90,6746.90,6746.90
19800125,6767.70,6767.70,6767.70,6767.70
19800128,6763.60,6763.60,6763.60,6763.60
19800129,6770.80,6770.80,6770.80,6770.80
19800130,6776.60,6776.60,6776.60,6776.60
19800131,6768.10,6768.10,6768.10,6768.10
19800201,6777.60,6777.60,6777.60,6777.60
19800204,6794.20,6794.20,6794.20,6794.20
19800205,6765.10,6765.10,6765.10,6765.10
19800206,6800.30,6800.30,6800.30,6800.30
19800207,6795.60,6795.60,6795.60,6795.60
19800208,6816.00,6816.00,6816.00,6816.00
19800212,6828.00,6828.00,6828.00,6828.00
19800213,6835.90,6835.90,6835.90,6835.90
19800214,6838.90,6838.90,6838.90,6838.90
19800215,6827.70,6827.70,6827.70,6827.70
19800219,6763.10,6763.10,6763.10,6763.10
19800220,6806.00,6806.00,6806.00,6806.00
19800221,6776.50,6776.50,6776.50,6776.50
19800222,6783.20,6783.20,6783.20,6783.20
19800225,6751.30,6751.30,6751.30,6751.30
19800226,6739.40,6739.40,6739.40,6739.40
19800227,6777.30,6777.30,6777.30,6777.30
19800228,6743.90,6743.90,6743.90,6743.90
19800229,6764.90,6764.90,6764.90,6764.90
19800303,6793.50,6793.50,6793.50,6793.50
19800304,6778.20,6778.20,6778.20,6778.20
19800305,6794.00,6794.00,6794.00,6794.00
19800306,6736.00,6736.00,6736.00,6736.00
19800307,6625.20,6625.20,6625.20,6625.20
19800310,6507.10,6507.10,6507.10,6507.10
19800311,6535.60,6535.60,6535.60,6535.60
19800312,6609.40,6609.40,6609.40,6609.40
19800313,6604.40,6604.40,6604.40,6604.40
19800314,6593.40,6593.40,6593.40,6593.40
19800317,6562.60,6562.60,6562.60,6562.60
19800318,6578.20,6578.20,6578.20,6578.20
19800319,6584.80,6584.80,6584.80,6584.80
19800321,6571.80,6571.80,6571.80,6571.80
19800324,6567.30,6567.30,6567.30,6567.30
19800325,6531.30,6531.30,6531.30,6531.30
19800326,6535.80,6535.80,6535.80,6535.80
19800327,6481.00,6481.00,6481.00,6481.00
19800328,6475.90,6475.90,6475.90,6475.90
19800331,6556.20,6556.20,6556.20,6556.20
19800401,6502.80,6502.80,6502.80,6502.80
19800402,6583.00,6583.00,6583.00,6583.00
19800403,6614.20,6614.20,6614.20,6614.20
19800407,6737.00,6737.00,6737.00,6737.00
19800408,6682.50,6682.50,6682.50,6682.50
19800409,6708.20,6708.20,6708.20,6708.20
19800410,6730.50,6730.50,6730.50,6730.50
19800411,6767.70,6767.70,6767.70,6767.70
19800414,6808.10,6808.10,6808.10,6808.10
19800415,6805.70,6805.70,6805.70,6805.70
19800416,6770.40,6770.40,6770.40,6770.40
19800417,6798.80,6798.80,6798.80,6798.80
19800418,6811.40,6811.40,6811.40,6811.40
19800421,6810.60,6810.60,6810.60,6810.60
19800422,6799.00,6799.00,6799.00,6799.00
19800423,6843.80,6843.80,6843.80,6843.80
19800424,6830.30,6830.30,6830.30,6830.30
19800425,6904.80,6904.80,6904.80,6904.80
19800428,6875.60,6875.60,6875.60,6875.60
19800430,6865.50,6865.50,6865.50,6865.50
19800501,6865.10,6865.10,6865.10,6865.10
19800502,6882.60,6882.60,6882.60,6882.60
19800506,6856.00,6856.00,6856.00,6856.00
19800507,6834.80,6834.80,6834.80,6834.80
19800508,6757.70,6757.70,6757.70,6757.70
19800509,6808.30,6808.30,6808.30,6808.30
19800512,6754.90,6754.90,6754.90,6754.90
19800513,6766.90,6766.90,6766.90,6766.90
19800514,6747.70,6747.70,6747.70,6747.70
19800515,6746.50,6746.50,6746.50,6746.50
19800516,6733.00,6733.00,6733.00,6733.00
19800519,6634.30,6634.30,6634.30,6634.30
19800520,6707.30,6707.30,6707.30,6707.30
19800521,6822.20,6822.20,6822.20,6822.20
19800522,6836.90,6836.90,6836.90,6836.90
19800523,6839.90,6839.90,6839.90,6839.90
19800527,6826.50,6826.50,6826.50,6826.50
19800528,6849.00,6849.00,6849.00,6849.00
19800529,6841.40,6841.40,6841.40,6841.40
19800530,6855.70,6855.70,6855.70,6855.70
19800602,6862.70,6862.70,6862.70,6862.70
19800603,6826.10,6826.10,6826.10,6826.10
19800604,6795.60,6795.60,6795.60,6795.60
19800605,6821.20,6821.20,6821.20,6821.20
19800606,6814.50,6814.50,6814.50,6814.50
19800609,6823.00,6823.00,6823.00,6823.00
19800610,6783.20,6783.20,6783.20,6783.20
19800611,6826.00,6826.00,6826.00,6826.00
19800612,6814.70,6814.70,6814.70,6814.70
19800613,6821.80,6821.80,6821.80,6821.80
19800616,6852.60,6852.60,6852.60,6852.60
19800617,6798.50,6798.50,6798.50,6798.50
19800618,6824.90,6824.90,6824.90,6824.90
19800619,6791.90,6791.90,6791.90,6791.90
19800620,6813.80,6813.80,6813.80,6813.80
19800623,6860.90,6860.90,6860.90,6860.90
19800624,6806.30,6806.30,6806.30,6806.30
19800625,6761.30,6761.30,6761.30,6761.30
19800626,6800.50,6800.50,6800.50,6800.50
19800627,6825.00,6825.00,6825.00,6825.00
19800630,6870.70,6870.70,6870.70,6870.70
19800701,6824.40,6824.40,6824.40,6824.40
19800702,6819.40,6819.40,6819.40,6819.40
19800703,6863.80,6863.80,6863.80,6863.80
19800707,6708.40,6708.40,6708.40,6708.40
19800708,6755.50,6755.50,6755.50,6755.50
19800709,6789.70,6789.70,6789.70,6789.70
19800710,6794.20,6794.20,6794.20,6794.20
19800711,6787.90,6787.90,6787.90,6787.90
19800714,6779.40,6779.40,6779.40,6779.40
19800715,6793.30,6793.30,6793.30,6793.30
19800716,6816.10,6816.10,6816.10,6816.10
19800717,6810.40,6810.40,6810.40,6810.40
19800718,6819.80,6819.80,6819.80,6819.80
19800721,6842.50,6842.50,6842.50,6842.50
19800722,6836.10,6836.10,6836.10,6836.10
19800723,6837.50,6837.50,6837.50,6837.50
19800724,6795.90,6795.90,6795.90,6795.90
19800725,6810.50,6810.50,6810.50,6810.50
19800728,6816.70,6816.70,6816.70,6816.70
19800729,6811.30,6811.30,6811.30,6811.30
19800730,6821.10,6821.10,6821.10,6821.10
19800731,6819.60,6819.60,6819.60,6819.60
19800801,6788.30,6788.30,6788.30,6788.30
19800804,6753.40,6753.40,6753.40,6753.40
19800805,6760.80,6760.80,6760.80,6760.80
19800806,6740.00,6740.00,6740.00,6740.00
19800807,6739.90,6739.90,6739.90,6739.90
19800808,6771.50,6771.50,6771.50,6771.50
19800811,6778.50,6778.50,6778.50,6778.50
19800812,6801.70,6801.70,6801.70,6801.70
19800813,6834.30,6834.30,6834.30,6834.30
19800814,6824.00,6824.00,6824.00,6824.00
19800815,6836.80,6836.80,6836.80,6836.80
19800818,6835.70,6835.70,6835.70,6835.70
19800819,6864.50,6864.50,6864.50,6864.50
19800820,6878.80,6878.80,6878.80,6878.80
19800821,6853.70,6853.70,6853.70,6853.70
19800822,6886.10,6886.10,6886.10,6886.10
19800825,6923.00,6923.00,6923.00,6923.00
19800826,6906.00,6906.00,6906.00,6906.00
19800827,6930.60,6930.60,6930.60,6930.60
19800828,6879.80,6879.80,6879.80,6879.80
19800829,6914.00,6914.00,6914.00,6914.00
19800902,6915.40,6915.40,6915.40,6915.40
19800903,6927.30,6927.30,6927.30,6927.30
19800904,6917.50,6917.50,6917.50,6917.50
19800905,6943.70,6943.70,6943.70,6943.70
19800908,6938.40,6938.40,6938.40,6938.40
19800909,6938.00,6938.00,6938.00,6938.00
19800910,6956.20,6956.20,6956.20,6956.20
19800911,6978.90,6978.90,6978.90,6978.90
19800912,7000.00,7000.00,7000.00,7000.00
19800916,7020.10,7020.10,7020.10,7020.10
19800917,7031.50,7031.50,7031.50,7031.50
19800918,7035.80,7035.80,7035.80,7035.80
19800919,7041.60,7041.60,7041.60,7041.60
19800922,7046.50,7046.50,7046.50,7046.50
19800924,6972.60,6972.60,6972.60,6972.60
19800925,6989.80,6989.80,6989.80,6989.80
19800926,6998.50,6998.50,6998.50,6998.50
19800929,7060.70,7060.70,7060.70,7060.70
19800930,7076.40,7076.40,7076.40,7076.40
19801001,7123.00,7123.00,7123.00,7123.00
19801002,7119.40,7119.40,7119.40,7119.40
19801003,7142.20,7142.20,7142.20,7142.20
19801006,7155.90,7155.90,7155.90,7155.90
19801007,7149.90,7149.90,7149.90,7149.90
19801008,7115.30,7115.30,7115.30,7115.30
19801009,7130.30,7130.30,7130.30,7130.30
19801013,7160.20,7160.20,7160.20,7160.20
19801014,7157.80,7157.80,7157.80,7157.80
19801015,7174.30,7174.30,7174.30,7174.30
19801016,7151.80,7151.80,7151.80,7151.80
19801017,7169.30,7169.30,7169.30,7169.30
19801020,7175.30,7175.30,7175.30,7175.30
19801021,7165.30,7165.30,7165.30,7165.30
19801022,7143.80,7143.80,7143.80,7143.80
19801023,7130.90,7130.90,7130.90,7130.90
19801024,7117.10,7117.10,7117.10,7117.10
19801027,7089.20,7089.20,7089.20,7089.20
19801028,7088.40,7088.40,7088.40,7088.40
19801029,7113.50,7113.50,7113.50,7113.50
19801030,7124.80,7124.80,7124.80,7124.80
19801031,7150.70,7150.70,7150.70,7150.70
19801105,7176.40,7176.40,7176.40,7176.40
19801106,7188.20,7188.20,7188.20,7188.20
19801107,7150.30,7150.30,7150.30,7150.30
19801110,7166.80,7166.80,7166.80,7166.80
19801111,7134.50,7134.50,7134.50,7134.50
19801112,7149.80,7149.80,7149.80,7149.80
19801113,7154.40,7154.40,7154.40,7154.40
19801114,7159.50,7159.50,7159.50,7159.50
19801117,7126.10,7126.10,7126.10,7126.10
19801118,7102.50,7102.50,7102.50,7102.50
19801119,7135.90,7135.90,7135.90,7135.90
19801120,7126.70,7126.70,7126.70,7126.70
19801121,7117.90,7117.90,7117.90,7117.90
19801125,7145.40,7145.40,7145.40,7145.40
19801126,7186.30,7186.30,7186.30,7186.30
19801128,7123.60,7123.60,7123.60,7123.60
19801201,7160.30,7160.30,7160.30,7160.30
19801202,7143.00,7143.00,7143.00,7143.00
19801203,7141.20,7141.20,7141.20,7141.20
19801204,7149.50,7149.50,7149.50,7149.50
19801205,7136.60,7136.60,7136.60,7136.60
19801209,7115.10,7115.10,7115.10,7115.10
19801210,7098.80,7098.80,7098.80,7098.80
19801211,7042.40,7042.40,7042.40,7042.40
19801212,7033.70,7033.70,7033.70,7033.70
19801215,7042.70,7042.70,7042.70,7042.70
19801216,7038.80,7038.80,7038.80,7038.80
19801217,7038.10,7038.10,7038.10,7038.10
19801218,7063.50,7063.50,7063.50,7063.50
19801219,7060.50,7060.50,7060.50,7060.50
19801222,7050.70,7050.70,7050.70,7050.70
19801223,7023.50,7023.50,7023.50,7023.50
19801224,7042.00,7042.00,7042.00,7042.00
19801226,7063.10,7063.10,7063.10,7063.10
19810105,7150.90,7150.90,7150.90,7150.90
19810106,7137.60,7137.60,7137.60,7137.60
19810107,7200.70,7200.70,7200.70,7200.70
19810108,7222.10,7222.10,7222.10,7222.10
19810109,7248.10,7248.10,7248.10,7248.10
19810112,7251.90,7251.90,7251.90,7251.90
19810113,7246.80,7246.80,7246.80,7246.80
19810114,7244.80,7244.80,7244.80,7244.80
19810116,7255.80,7255.80,7255.80,7255.80
19810119,7296.00,7296.00,7296.00,7296.00
19810120,7290.00,7290.00,7290.00,7290.00
19810121,7315.30,7315.30,7315.30,7315.30
19810122,7293.20,7293.20,7293.20,7293.20
19810123,7267.50,7267.50,7267.50,7267.50
19810126,7249.40,7249.40,7249.40,7249.40
19810127,7285.00,7285.00,7285.00,7285.00
19810128,7279.40,7279.40,7279.40,7279.40
19810129,7215.10,7215.10,7215.10,7215.10
19810130,7254.00,7254.00,7254.00,7254.00
19810202,7322.00,7322.00,7322.00,7322.00
19810203,7291.30,7291.30,7291.30,7291.30
19810204,7288.40,7288.40,7288.40,7288.40
19810205,7278.40,7278.40,7278.40,7278.40
19810206,7264.10,7264.10,7264.10,7264.10
19810209,7239.90,7239.90,7239.90,7239.90
19810210,7261.50,7261.50,7261.50,7261.50
19810212,7261.40,7261.40,7261.40,7261.40
19810213,7207.20,7207.20,7207.20,7207.20
19810217,7135.90,7135.90,7135.90,7135.90
19810218,7157.00,7157.00,7157.00,7157.00
19810219,7121.60,7121.60,7121.60,7121.60
19810220,7100.80,7100.80,7100.80,7100.80
19810223,7095.10,7095.10,7095.10,7095.10
19810224,7111.20,7111.20,7111.20,7111.20
19810225,7121.30,7121.30,7121.30,7121.30
19810226,7120.20,7120.20,7120.20,7120.20
19810227,7146.50,7146.50,7146.50,7146.50
19810302,7155.50,7155.50,7155.50,7155.50
19810303,7137.10,7137.10,7137.10,7137.10
19810304,7134.40,7134.40,7134.40,7134.40
19810305,7094.00,7094.00,7094.00,7094.00
19810306,7081.20,7081.20,7081.20,7081.20
19810309,7068.70,7068.70,7068.70,7068.70
19810310,7059.40,7059.40,7059.40,7059.40
19810311,7044.90,7044.90,7044.90,7044.90
19810312,6986.40,6986.40,6986.40,6986.40
19810313,6956.50,6956.50,6956.50,6956.50
19810316,7124.30,7124.30,7124.30,7124.30
19810317,7120.40,7120.40,7120.40,7120.40
19810318,7176.70,7176.70,7176.70,7176.70
19810319,7196.80,7196.80,7196.80,7196.80
19810320,7220.90,7220.90,7220.90,7220.90
19810323,7293.50,7293.50,7293.50,7293.50
19810324,7318.20,7318.20,7318.20,7318.20
19810325,7325.90,7325.90,7325.90,7325.90
19810326,7307.30,7307.30,7307.30,7307.30
19810327,7303.00,7303.00,7303.00,7303.00
19810330,7304.70,7304.70,7304.70,7304.70
19810331,7334.30,7334.30,7334.30,7334.30
19810401,7390.00,7390.00,7390.00,7390.00
19810402,7417.00,7417.00,7417.00,7417.00
19810403,7421.20,7421.20,7421.20,7421.20
19810406,7447.70,7447.70,7447.70,7447.70
19810407,7458.30,7458.30,7458.30,7458.30
19810408,7508.50,7508.50,7508.50,7508.50
19810409,7491.80,7491.80,7491.80,7491.80
19810410,7517.30,7517.30,7517.30,7517.30
19810413,7537.00,7537.00,7537.00,7537.00
19810414,7514.90,7514.90,7514.90,7514.90
19810415,7461.20,7461.20,7461.20,7461.20
19810416,7418.70,7418.70,7418.70,7418.70
19810421,7497.30,7497.30,7497.30,7497.30
19810422,7533.20,7533.20,7533.20,7533.20
19810423,7523.70,7523.70,7523.70,7523.70
19810424,7534.40,7534.40,7534.40,7534.40
19810427,7588.00,7588.00,7588.00,7588.00
19810428,7623.80,7623.80,7623.80,7623.80
19810501,7575.60,7575.60,7575.60,7575.60
19810506,7465.30,7465.30,7465.30,7465.30
19810507,7440.50,7440.50,7440.50,7440.50
19810508,7495.20,7495.20,7495.20,7495.20
19810511,7551.20,7551.20,7551.20,7551.20
19810512,7480.20,7480.20,7480.20,7480.20
19810513,7390.60,7390.60,7390.60,7390.60
19810514,7467.40,7467.40,7467.40,7467.40
19810515,7486.90,7486.90,7486.90,7486.90
19810518,7451.90,7451.90,7451.90,7451.90
19810519,7264.00,7264.00,7264.00,7264.00
19810520,7371.30,7371.30,7371.30,7371.30
19810521,7487.50,7487.50,7487.50,7487.50
19810522,7541.00,7541.00,7541.00,7541.00
19810526,7576.10,7576.10,7576.10,7576.10
19810527,7529.20,7529.20,7529.20,7529.20
19810528,7502.00,7502.00,7502.00,7502.00
19810529,7539.70,7539.70,7539.70,7539.70
19810601,7589.90,7589.90,7589.90,7589.90
19810602,7504.50,7504.50,7504.50,7504.50
19810603,7480.50,7480.50,7480.50,7480.50
19810604,7413.20,7413.20,7413.20,7413.20
19810605,7430.40,7430.40,7430.40,7430.40
19810608,7335.00,7335.00,7335.00,7335.00
19810609,7375.20,7375.20,7375.20,7375.20
19810610,7484.50,7484.50,7484.50,7484.50
19810611,7569.30,7569.30,7569.30,7569.30
19810612,7635.00,7635.00,7635.00,7635.00
19810615,7711.70,7711.70,7711.70,7711.70
19810616,7696.50,7696.50,7696.50,7696.50
19810617,7705.30,7705.30,7705.30,7705.30
19810618,7712.00,7712.00,7712.00,7712.00
19810619,7714.60,7714.60,7714.60,7714.60
19810622,7668.80,7668.80,7668.80,7668.80
19810623,7705.40,7705.40,7705.40,7705.40
19810624,7706.60,7706.60,7706.60,7706.60
19810625,7692.80,7692.80,7692.80,7692.80
19810626,7726.00,7726.00,7726.00,7726.00
19810629,7851.70,7851.70,7851.70,7851.70
19810630,7867.40,7867.40,7867.40,7867.40
19810701,7894.90,7894.90,7894.90,7894.90
19810702,7904.50,7904.50,7904.50,7904.50
19810706,7927.30,7927.30,7927.30,7927.30
19810707,7826.40,7826.40,7826.40,7826.40
19810708,7916.30,7916.30,7916.30,7916.30
19810709,7895.20,7895.20,7895.20,7895.20
19810710,7913.00,7913.00,7913.00,7913.00
19810713,7923.80,7923.80,7923.80,7923.80
19810714,7878.90,7878.90,7878.90,7878.90
19810715,7853.90,7853.90,7853.90,7853.90
19810716,7887.40,7887.40,7887.40,7887.40
19810717,7876.90,7876.90,7876.90,7876.90
19810720,7840.20,7840.20,7840.20,7840.20
19810721,7756.80,7756.80,7756.80,7756.80
19810722,7760.80,7760.80,7760.80,7760.80
19810723,7717.10,7717.10,7717.10,7717.10
19810724,7743.00,7743.00,7743.00,7743.00
19810727,7816.80,7816.80,7816.80,7816.80
19810728,7784.80,7784.80,7784.80,7784.80
19810729,7823.50,7823.50,7823.50,7823.50
19810730,7831.30,7831.30,7831.30,7831.30
19810731,7828.20,7828.20,7828.20,7828.20
19810803,7815.90,7815.90,7815.90,7815.90
19810804,7820.00,7820.00,7820.00,7820.00
19810805,7888.50,7888.50,7888.50,7888.50
19810806,7906.10,7906.10,7906.10,7906.10
19810807,7968.90,7968.90,7968.90,7968.90
19810810,7978.40,7978.40,7978.40,7978.40
19810811,7985.60,7985.60,7985.60,7985.60
19810812,7938.90,7938.90,7938.90,7938.90
19810813,7953.50,7953.50,7953.50,7953.50
19810814,7976.40,7976.40,7976.40,7976.40
19810817,8019.10,8019.10,8019.10,8019.10
19810818,7949.40,7949.40,7949.40,7949.40
19810819,7961.50,7961.50,7961.50,7961.50
19810820,7972.90,7972.90,7972.90,7972.90
19810821,7995.20,7995.20,7995.20,7995.20
19810824,7917.50,7917.50,7917.50,7917.50
19810825,7817.20,7817.20,7817.20,7817.20
19810826,7852.30,7852.30,7852.30,7852.30
19810827,7796.40,7796.40,7796.40,7796.40
19810828,7726.60,7726.60,7726.60,7726.60
19810901,7735.70,7735.70,7735.70,7735.70
19810902,7678.10,7678.10,7678.10,7678.10
19810903,7678.40,7678.40,7678.40,7678.40
19810904,7662.50,7662.50,7662.50,7662.50
19810908,7594.80,7594.80,7594.80,7594.80
19810909,7629.20,7629.20,7629.20,7629.20
19810910,7583.20,7583.20,7583.20,7583.20
19810911,7543.40,7543.40,7543.40,7543.40
19810914,7542.80,7542.80,7542.80,7542.80
19810916,7506.30,7506.30,7506.30,7506.30
19810917,7539.30,7539.30,7539.30,7539.30
19810918,7548.50,7548.50,7548.50,7548.50
19810921,7522.60,7522.60,7522.60,7522.60
19810922,7492.90,7492.90,7492.90,7492.90
19810924,7364.00,7364.00,7364.00,7364.00
19810925,7363.60,7363.60,7363.60,7363.60
19810929,7357.70,7357.70,7357.70,7357.70
19810930,7455.50,7455.50,7455.50,7455.50
19811001,7305.90,7305.90,7305.90,7305.90
19811002,7377.10,7377.10,7377.10,7377.10
19811005,7499.80,7499.80,7499.80,7499.80
19811007,7545.80,7545.80,7545.80,7545.80
19811009,7516.20,7516.20,7516.20,7516.20
19811012,7587.80,7587.80,7587.80,7587.80
19811014,7494.10,7494.10,7494.10,7494.10
19811015,7352.50,7352.50,7352.50,7352.50
19811016,7231.40,7231.40,7231.40,7231.40
19811019,7076.60,7076.60,7076.60,7076.60
19811020,7109.90,7109.90,7109.90,7109.90
19811021,7253.90,7253.90,7253.90,7253.90
19811022,7216.30,7216.30,7216.30,7216.30
19811023,7262.20,7262.20,7262.20,7262.20
19811026,7261.80,7261.80,7261.80,7261.80
19811027,7280.50,7280.50,7280.50,7280.50
19811028,7322.00,7322.00,7322.00,7322.00
19811029,7428.20,7428.20,7428.20,7428.20
19811030,7449.50,7449.50,7449.50,7449.50
19811104,7572.10,7572.10,7572.10,7572.10
19811105,7546.50,7546.50,7546.50,7546.50
19811110,7528.20,7528.20,7528.20,7528.20
19811112,7505.00,7505.00,7505.00,7505.00
19811113,7569.50,7569.50,7569.50,7569.50
19811116,7674.90,7674.90,7674.90,7674.90
19811117,7648.60,7648.60,7648.60,7648.60
19811118,7667.30,7667.30,7667.30,7667.30
19811119,7655.20,7655.20,7655.20,7655.20
19811120,7647.00,7647.00,7647.00,7647.00
19811124,7602.70,7602.70,7602.70,7602.70
19811125,7650.70,7650.70,7650.70,7650.70
19811127,7664.70,7664.70,7664.70,7664.70
19811201,7521.70,7521.70,7521.70,7521.70
19811202,7566.10,7566.10,7566.10,7566.10
19811203,7625.00,7625.00,7625.00,7625.00
19811204,7716.10,7716.10,7716.10,7716.10
19811207,7789.20,7789.20,7789.20,7789.20
19811208,7752.40,7752.40,7752.40,7752.40
19811209,7743.10,7743.10,7743.10,7743.10
19811214,7654.20,7654.20,7654.20,7654.20
19811215,7680.90,7680.90,7680.90,7680.90
19811216,7674.60,7674.60,7674.60,7674.60
19811217,7682.50,7682.50,7682.50,7682.50
19811221,7668.90,7668.90,7668.90,7668.90
19811222,7644.60,7644.60,7644.60,7644.60
19811223,7682.00,7682.00,7682.00,7682.00
19811224,7662.50,7662.50,7662.50,7662.50
19811228,7681.80,7681.80,7681.80,7681.80
19820104,7718.80,7718.80,7718.80,7718.80
19820105,7719.30,7719.30,7719.30,7719.30
19820106,7697.60,7697.60,7697.60,7697.60
19820107,7691.20,7691.20,7691.20,7691.20
19820108,7662.20,7662.20,7662.20,7662.20
19820112,7631.80,7631.80,7631.80,7631.80
19820113,7635.60,7635.60,7635.60,7635.60
19820114,7667.00,7667.00,7667.00,7667.00
19820118,7659.30,7659.30,7659.30,7659.30
19820119,7677.10,7677.10,7677.10,7677.10
19820120,7717.20,7717.20,7717.20,7717.20
19820121,7737.50,7737.50,7737.50,7737.50
19820122,7823.30,7823.30,7823.30,7823.30
19820125,7906.30,7906.30,7906.30,7906.30
19820126,7863.40,7863.40,7863.40,7863.40
19820127,7926.50,7926.50,7926.50,7926.50
19820128,7903.80,7903.80,7903.80,7903.80
19820129,7918.80,7918.80,7918.80,7918.80
19820201,7909.80,7909.80,7909.80,7909.80
19820202,7828.00,7828.00,7828.00,7828.00
19820203,7860.90,7860.90,7860.90,7860.90
19820204,7834.70,7834.70,7834.70,7834.70
19820205,7801.90,7801.90,7801.90,7801.90
19820208,7784.90,7784.90,7784.90,7784.90
19820209,7794.20,7794.20,7794.20,7794.20
19820210,7761.10,7761.10,7761.10,7761.10
19820212,7690.30,7690.30,7690.30,7690.30
19820216,7693.90,7693.90,7693.90,7693.90
19820217,7644.40,7644.40,7644.40,7644.40
19820218,7683.80,7683.80,7683.80,7683.80
19820219,7713.30,7713.30,7713.30,7713.30
19820222,7758.30,7758.30,7758.30,7758.30
19820223,7714.50,7714.50,7714.50,7714.50
19820224,7664.00,7664.00,7664.00,7664.00
19820225,7580.40,7580.40,7580.40,7580.40
19820226,7548.50,7548.50,7548.50,7548.50
19820302,7309.40,7309.40,7309.40,7309.40
19820303,7474.40,7474.40,7474.40,7474.40
19820304,7354.80,7354.80,7354.80,7354.80
19820305,7285.50,7285.50,7285.50,7285.50
19820308,7248.40,7248.40,7248.40,7248.40
19820310,7292.90,7292.90,7292.90,7292.90
19820311,7257.30,7257.30,7257.30,7257.30
19820312,7102.60,7102.60,7102.60,7102.60
19820315,7078.60,7078.60,7078.60,7078.60
19820316,6917.00,6917.00,6917.00,6917.00
19820317,6889.50,6889.50,6889.50,6889.50
19820318,7052.80,7052.80,7052.80,7052.80
19820319,7065.40,7065.40,7065.40,7065.40
19820323,7097.80,7097.80,7097.80,7097.80
19820324,7194.30,7194.30,7194.30,7194.30
19820325,7175.20,7175.20,7175.20,7175.20
19820326,7203.80,7203.80,7203.80,7203.80
19820329,7199.20,7199.20,7199.20,7199.20
19820330,7193.80,7193.80,7193.80,7193.80
19820331,7260.50,7260.50,7260.50,7260.50
19820401,7293.60,7293.60,7293.60,7293.60
19820402,7332.90,7332.90,7332.90,7332.90
19820405,7344.40,7344.40,7344.40,7344.40
19820406,7293.50,7293.50,7293.50,7293.50
19820407,7230.50,7230.50,7230.50,7230.50
19820408,7204.60,7204.60,7204.60,7204.60
19820413,7252.90,7252.90,7252.90,7252.90
19820414,7181.50,7181.50,7181.50,7181.50
19820415,7120.80,7120.80,7120.80,7120.80
19820416,7129.70,7129.70,7129.70,7129.70
19820419,7135.20,7135.20,7135.20,7135.20
19820420,7258.10,7258.10,7258.10,7258.10
19820421,7260.50,7260.50,7260.50,7260.50
19820422,7295.80,7295.80,7295.80,7295.80
19820423,7333.90,7333.90,7333.90,7333.90
19820426,7404.20,7404.20,7404.20,7404.20
19820427,7417.20,7417.20,7417.20,7417.20
19820428,7405.30,7405.30,7405.30,7405.30
19820430,7390.80,7390.80,7390.80,7390.80
19820504,7457.10,7457.10,7457.10,7457.10
19820506,7517.80,7517.80,7517.80,7517.80
19820507,7518.80,7518.80,7518.80,7518.80
19820510,7564.60,7564.60,7564.60,7564.60
19820511,7538.10,7538.10,7538.10,7538.10
19820512,7539.80,7539.80,7539.80,7539.80
19820513,7603.20,7603.20,7603.20,7603.20
19820514,7575.80,7575.80,7575.80,7575.80
19820517,7619.40,7619.40,7619.40,7619.40
19820518,7567.00,7567.00,7567.00,7567.00
19820519,7572.10,7572.10,7572.10,7572.10
19820520,7531.50,7531.50,7531.50,7531.50
19820521,7497.00,7497.00,7497.00,7497.00
19820524,7468.20,7468.20,7468.20,7468.20
19820525,7428.40,7428.40,7428.40,7428.40
19820526,7449.90,7449.90,7449.90,7449.90
19820527,7404.40,7404.40,7404.40,7404.40
19820528,7325.60,7325.60,7325.60,7325.60
19820601,7368.60,7368.60,7368.60,7368.60
19820602,7344.90,7344.90,7344.90,7344.90
19820603,7301.90,7301.90,7301.90,7301.90
19820604,7300.50,7300.50,7300.50,7300.50
19820607,7242.40,7242.40,7242.40,7242.40
19820608,7240.00,7240.00,7240.00,7240.00
19820609,7233.00,7233.00,7233.00,7233.00
19820610,7152.30,7152.30,7152.30,7152.30
19820611,7195.40,7195.40,7195.40,7195.40
19820614,7242.60,7242.60,7242.60,7242.60
19820615,7191.00,7191.00,7191.00,7191.00
19820616,7142.40,7142.40,7142.40,7142.40
19820617,7130.20,7130.20,7130.20,7130.20
19820618,7127.70,7127.70,7127.70,7127.70
19820621,7091.10,7091.10,7091.10,7091.10
19820622,7127.90,7127.90,7127.90,7127.90
19820623,7154.60,7154.60,7154.60,7154.60
19820624,7152.60,7152.60,7152.60,7152.60
19820625,7202.40,7202.40,7202.40,7202.40
19820628,7204.20,7204.20,7204.20,7204.20
19820629,7180.70,7180.70,7180.70,7180.70
19820630,7213.80,7213.80,7213.80,7213.80
19820701,7179.40,7179.40,7179.40,7179.40
19820702,7084.90,7084.90,7084.90,7084.90
19820706,7019.50,7019.50,7019.50,7019.50
19820707,7035.10,7035.10,7035.10,7035.10
19820708,6991.50,6991.50,6991.50,6991.50
19820712,7146.70,7146.70,7146.70,7146.70
19820713,7189.00,7189.00,7189.00,7189.00
19820714,7155.00,7155.00,7155.00,7155.00
19820715,7197.70,7197.70,7197.70,7197.70
19820716,7175.90,7175.90,7175.90,7175.90
19820719,7237.80,7237.80,7237.80,7237.80
19820720,7212.50,7212.50,7212.50,7212.50
19820721,7210.50,7210.50,7210.50,7210.50
19820722,7227.40,7227.40,7227.40,7227.40
19820723,7220.50,7220.50,7220.50,7220.50
19820726,7203.90,7203.90,7203.90,7203.90
19820727,7198.00,7198.00,7198.00,7198.00
19820728,7192.60,7192.60,7192.60,7192.60
19820729,7145.80,7145.80,7145.80,7145.80
19820730,7122.10,7122.10,7122.10,7122.10
19820802,7208.20,7208.20,7208.20,7208.20
19820803,7213.40,7213.40,7213.40,7213.40
19820804,7166.30,7166.30,7166.30,7166.30
19820805,7092.70,7092.70,7092.70,7092.70
19820806,7068.20,7068.20,7068.20,7068.20
19820809,6976.10,6976.10,6976.10,6976.10
19820810,6928.30,6928.30,6928.30,6928.30
19820811,6885.20,6885.20,6885.20,6885.20
19820812,6880.20,6880.20,6880.20,6880.20
19820813,6927.70,6927.70,6927.70,6927.70
19820816,6939.40,6939.40,6939.40,6939.40
19820817,6864.50,6864.50,6864.50,6864.50
19820818,6990.80,6990.80,6990.80,6990.80
19820819,6967.80,6967.80,6967.80,6967.80
19820820,6968.40,6968.40,6968.40,6968.40
19820823,7053.40,7053.40,7053.40,7053.40
19820824,7088.90,7088.90,7088.90,7088.90
19820825,7126.60,7126.60,7126.60,7126.60
19820826,7153.30,7153.30,7153.30,7153.30
19820827,7185.10,7185.10,7185.10,7185.10
19820830,7118.80,7118.80,7118.80,7118.80
19820831,7123.30,7123.30,7123.30,7123.30
19820901,7152.50,7152.50,7152.50,7152.50
19820902,7125.90,7125.90,7125.90,7125.90
19820903,7175.60,7175.60,7175.60,7175.60
19820907,7209.40,7209.40,7209.40,7209.40
19820908,7189.40,7189.40,7189.40,7189.40
19820909,7124.00,7124.00,7124.00,7124.00
19820910,7105.00,7105.00,7105.00,7105.00
19820913,7073.90,7073.90,7073.90,7073.90
19820914,7096.30,7096.30,7096.30,7096.30
19820916,7087.90,7087.90,7087.90,7087.90
19820917,7082.50,7082.50,7082.50,7082.50
19820920,7042.60,7042.60,7042.60,7042.60
19820921,7040.30,7040.30,7040.30,7040.30
19820922,7071.10,7071.10,7071.10,7071.10
19820924,7066.00,7066.00,7066.00,7066.00
19820927,6975.50,6975.50,6975.50,6975.50
19820928,6940.50,6940.50,6940.50,6940.50
19820929,6979.10,6979.10,6979.10,6979.10
19820930,6910.70,6910.70,6910.70,6910.70
19821001,6849.80,6849.80,6849.80,6849.80
19821004,6942.20,6942.20,6942.20,6942.20
19821005,6932.10,6932.10,6932.10,6932.10
19821008,7361.60,7361.60,7361.60,7361.60
19821012,7413.20,7413.20,7413.20,7413.20
19821013,7411.60,7411.60,7411.60,7411.60
19821014,7414.80,7414.80,7414.80,7414.80
19821015,7373.50,7373.50,7373.50,7373.50
19821018,7370.20,7370.20,7370.20,7370.20
19821019,7371.60,7371.60,7371.60,7371.60
19821020,7378.00,7378.00,7378.00,7378.00
19821021,7319.90,7319.90,7319.90,7319.90
19821022,7324.00,7324.00,7324.00,7324.00
19821025,7304.90,7304.90,7304.90,7304.90
19821026,7199.60,7199.60,7199.60,7199.60
19821027,7270.00,7270.00,7270.00,7270.00
19821028,7291.40,7291.40,7291.40,7291.40
19821029,7259.10,7259.10,7259.10,7259.10
19821101,7334.60,7334.60,7334.60,7334.60
19821102,7395.60,7395.60,7395.60,7395.60
19821104,7515.90,7515.90,7515.90,7515.90
19821105,7528.90,7528.90,7528.90,7528.90
19821108,7551.70,7551.70,7551.70,7551.70
19821109,7576.40,7576.40,7576.40,7576.40
19821110,7688.10,7688.10,7688.10,7688.10
19821111,7708.30,7708.30,7708.30,7708.30
19821112,7689.40,7689.40,7689.40,7689.40
19821115,7762.20,7762.20,7762.20,7762.20
19821116,7698.30,7698.30,7698.30,7698.30
19821117,7740.10,7740.10,7740.10,7740.10
19821118,7785.40,7785.40,7785.40,7785.40
19821119,7854.90,7854.90,7854.90,7854.90
19821122,7901.50,7901.50,7901.50,7901.50
19821124,7846.80,7846.80,7846.80,7846.80
19821126,7890.40,7890.40,7890.40,7890.40
19821129,7936.20,7936.20,7936.20,7936.20
19821130,7895.60,7895.60,7895.60,7895.60
19821201,7966.80,7966.80,7966.80,7966.80
19821202,8001.00,8001.00,8001.00,8001.00
19821203,7991.60,7991.60,7991.60,7991.60
19821206,8020.50,8020.50,8020.50,8020.50
19821207,8027.00,8027.00,8027.00,8027.00
19821208,8004.10,8004.10,8004.10,8004.10
19821209,7945.20,7945.20,7945.20,7945.20
19821210,7870.80,7870.80,7870.80,7870.80
19821213,7885.50,7885.50,7885.50,7885.50
19821214,7913.60,7913.60,7913.60,7913.60
19821215,7882.90,7882.90,7882.90,7882.90
19821216,7828.90,7828.90,7828.90,7828.90
19821217,7865.80,7865.80,7865.80,7865.80
19821220,7858.00,7858.00,7858.00,7858.00
19821221,7810.10,7810.10,7810.10,7810.10
19821222,7772.30,7772.30,7772.30,7772.30
19821223,7830.80,7830.80,7830.80,7830.80
19821227,8015.10,8015.10,8015.10,8015.10
19821231,8016.70,8016.70,8016.70,8016.70
19830104,8021.40,8021.40,8021.40,8021.40
19830105,8066.10,8066.10,8066.10,8066.10
19830106,8120.50,8120.50,8120.50,8120.50
19830107,8169.20,8169.20,8169.20,8169.20
19830110,8172.70,8172.70,8172.70,8172.70
19830111,8079.60,8079.60,8079.60,8079.60
19830112,8039.80,8039.80,8039.80,8039.80
19830113,8099.00,8099.00,8099.00,8099.00
19830114,8088.50,8088.50,8088.50,8088.50
19830117,8082.70,8082.70,8082.70,8082.70
19830118,8028.20,8028.20,8028.20,8028.20
19830119,7968.60,7968.60,7968.60,7968.60
19830120,7923.30,7923.30,7923.30,7923.30
19830121,7989.40,7989.40,7989.40,7989.40
19830124,7833.90,7833.90,7833.90,7833.90
19830125,7803.10,7803.10,7803.10,7803.10
19830126,7962.50,7962.50,7962.50,7962.50
19830127,7942.30,7942.30,7942.30,7942.30
19830128,8014.60,8014.60,8014.60,8014.60
19830131,8103.40,8103.40,8103.40,8103.40
19830201,8105.50,8105.50,8105.50,8105.50
19830202,8108.00,8108.00,8108.00,8108.00
19830203,7991.30,7991.30,7991.30,7991.30
19830204,8012.60,8012.60,8012.60,8012.60
19830207,8010.90,8010.90,8010.90,8010.90
19830208,8027.20,8027.20,8027.20,8027.20
19830209,7995.90,7995.90,7995.90,7995.90
19830210,8017.50,8017.50,8017.50,8017.50
19830214,8132.00,8132.00,8132.00,8132.00
19830215,8135.40,8135.40,8135.40,8135.40
19830216,8145.40,8145.40,8145.40,8145.40
19830217,8106.30,8106.30,8106.30,8106.30
19830218,8048.30,8048.30,8048.30,8048.30
19830222,7918.10,7918.10,7918.10,7918.10
19830223,7931.60,7931.60,7931.60,7931.60
19830224,7984.30,7984.30,7984.30,7984.30
19830225,8056.00,8056.00,8056.00,8056.00
19830228,8085.50,8085.50,8085.50,8085.50
19830301,7988.80,7988.80,7988.80,7988.80
19830302,8013.30,8013.30,8013.30,8013.30
19830303,8005.00,8005.00,8005.00,8005.00
19830304,8014.70,8014.70,8014.70,8014.70
19830307,8041.10,8041.10,8041.10,8041.10
19830308,8027.00,8027.00,8027.00,8027.00
19830309,8008.20,8008.20,8008.20,8008.20
19830310,8027.60,8027.60,8027.60,8027.60
19830311,8081.40,8081.40,8081.40,8081.40
19830314,8089.00,8089.00,8089.00,8089.00
19830315,8111.80,8111.80,8111.80,8111.80
19830316,8170.10,8170.10,8170.10,8170.10
19830317,8195.10,8195.10,8195.10,8195.10
19830318,8234.90,8234.90,8234.90,8234.90
19830322,8281.50,8281.50,8281.50,8281.50
19830323,8311.10,8311.10,8311.10,8311.10
19830324,8340.10,8340.10,8340.10,8340.10
19830325,8302.70,8302.70,8302.70,8302.70
19830328,8387.90,8387.90,8387.90,8387.90
19830329,8424.10,8424.10,8424.10,8424.10
19830330,8446.60,8446.60,8446.60,8446.60
19830331,8478.70,8478.70,8478.70,8478.70
19830404,8485.80,8485.80,8485.80,8485.80
19830405,8420.30,8420.30,8420.30,8420.30
19830406,8479.40,8479.40,8479.40,8479.40
19830407,8442.40,8442.40,8442.40,8442.40
19830408,8435.40,8435.40,8435.40,8435.40
19830411,8475.20,8475.20,8475.20,8475.20
19830412,8468.60,8468.60,8468.60,8468.60
19830413,8480.40,8480.40,8480.40,8480.40
19830414,8554.20,8554.20,8554.20,8554.20
19830415,8552.20,8552.20,8552.20,8552.20
19830418,8582.50,8582.50,8582.50,8582.50
19830419,8541.90,8541.90,8541.90,8541.90
19830420,8564.50,8564.50,8564.50,8564.50
19830421,8543.00,8543.00,8543.00,8543.00
19830422,8563.10,8563.10,8563.10,8563.10
19830425,8596.00,8596.00,8596.00,8596.00
19830426,8507.50,8507.50,8507.50,8507.50
19830427,8634.80,8634.80,8634.80,8634.80
19830428,8636.50,8636.50,8636.50,8636.50
19830502,8704.40,8704.40,8704.40,8704.40
19830504,8663.00,8663.00,8663.00,8663.00
19830506,8670.60,8670.60,8670.60,8670.60
19830509,8719.90,8719.90,8719.90,8719.90
19830510,8668.00,8668.00,8668.00,8668.00
19830511,8691.60,8691.60,8691.60,8691.60
19830512,8653.90,8653.90,8653.90,8653.90
19830513,8629.50,8629.50,8629.50,8629.50
19830516,8591.80,8591.80,8591.80,8591.80
19830517,8572.20,8572.20,8572.20,8572.20
19830518,8598.80,8598.80,8598.80,8598.80
19830519,8584.40,8584.40,8584.40,8584.40
19830520,8561.40,8561.40,8561.40,8561.40
19830523,8528.60,8528.60,8528.60,8528.60
19830524,8563.50,8563.50,8563.50,8563.50
19830525,8582.30,8582.30,8582.30,8582.30
19830526,8626.00,8626.00,8626.00,8626.00
19830527,8617.90,8617.90,8617.90,8617.90
19830531,8617.60,8617.60,8617.60,8617.60
19830601,8549.70,8549.70,8549.70,8549.70
19830602,8517.90,8517.90,8517.90,8517.90
19830607,8475.30,8475.30,8475.30,8475.30
19830608,8445.40,8445.40,8445.40,8445.40
19830610,8500.50,8500.50,8500.50,8500.50
19830613,8598.60,8598.60,8598.60,8598.60
19830614,8618.30,8618.30,8618.30,8618.30
19830615,8698.30,8698.30,8698.30,8698.30
19830616,8645.30,8645.30,8645.30,8645.30
19830617,8702.70,8702.70,8702.70,8702.70
19830620,8711.70,8711.70,8711.70,8711.70
19830621,8798.60,8798.60,8798.60,8798.60
19830622,8826.90,8826.90,8826.90,8826.90
19830623,8813.40,8813.40,8813.40,8813.40
19830624,8845.40,8845.40,8845.40,8845.40
19830627,8838.20,8838.20,8838.20,8838.20
19830629,8844.20,8844.20,8844.20,8844.20
19830630,8870.90,8870.90,8870.90,8870.90
19830701,8935.60,8935.60,8935.60,8935.60
19830705,8928.10,8928.10,8928.10,8928.10
19830706,8984.90,8984.90,8984.90,8984.90
19830708,9012.40,9012.40,9012.40,9012.40
19830711,8968.80,8968.80,8968.80,8968.80
19830712,8937.20,8937.20,8937.20,8937.20
19830713,8883.60,8883.60,8883.60,8883.60
19830714,8885.00,8885.00,8885.00,8885.00
19830715,8900.00,8900.00,8900.00,8900.00
19830718,8885.10,8885.10,8885.10,8885.10
19830719,8866.70,8866.70,8866.70,8866.70
19830720,8927.30,8927.30,8927.30,8927.30
19830721,9019.70,9019.70,9019.70,9019.70
19830722,8993.40,8993.40,8993.40,8993.40
19830725,8991.90,8991.90,8991.90,8991.90
19830726,9005.50,9005.50,9005.50,9005.50
19830727,9062.40,9062.40,9062.40,9062.40
19830728,9112.10,9112.10,9112.10,9112.10
19830729,9078.80,9078.80,9078.80,9078.80
19830801,9015.50,9015.50,9015.50,9015.50
19830802,9040.40,9040.40,9040.40,9040.40
19830803,9016.20,9016.20,9016.20,9016.20
19830804,9038.60,9038.60,9038.60,9038.60
19830805,8961.00,8961.00,8961.00,8961.00
19830808,8960.00,8960.00,8960.00,8960.00
19830809,8874.20,8874.20,8874.20,8874.20
19830810,8878.40,8878.40,8878.40,8878.40
19830811,8908.60,8908.60,8908.60,8908.60
19830812,8920.80,8920.80,8920.80,8920.80
19830815,9020.30,9020.30,9020.30,9020.30
19830816,9019.10,9019.10,9019.10,9019.10
19830817,9010.10,9010.10,9010.10,9010.10
19830818,9089.60,9089.60,9089.60,9089.60
19830819,9139.70,9139.70,9139.70,9139.70
19830822,9203.80,9203.80,9203.80,9203.80
19830823,9169.20,9169.20,9169.20,9169.20
19830824,9147.30,9147.30,9147.30,9147.30
19830825,9143.00,9143.00,9143.00,9143.00
19830826,9145.50,9145.50,9145.50,9145.50
19830829,9172.50,9172.50,9172.50,9172.50
19830830,9195.90,9195.90,9195.90,9195.90
19830831,9189.40,9189.40,9189.40,9189.40
19830901,9228.30,9228.30,9228.30,9228.30
19830902,9183.10,9183.10,9183.10,9183.10
19830906,9255.10,9255.10,9255.10,9255.10
19830907,9255.60,9255.60,9255.60,9255.60
19830908,9332.50,9332.50,9332.50,9332.50
19830909,9340.00,9340.00,9340.00,9340.00
19830912,9355.10,9355.10,9355.10,9355.10
19830913,9299.30,9299.30,9299.30,9299.30
19830914,9274.10,9274.10,9274.10,9274.10
19830916,9195.60,9195.60,9195.60,9195.60
19830919,9141.30,9141.30,9141.30,9141.30
19830920,9254.10,9254.10,9254.10,9254.10
19830921,9272.50,9272.50,9272.50,9272.50
19830922,9280.30,9280.30,9280.30,9280.30
19830926,9345.80,9345.80,9345.80,9345.80
19830927,9414.10,9414.10,9414.10,9414.10
19830928,9445.30,9445.30,9445.30,9445.30
19830929,9432.60,9432.60,9432.60,9432.60
19830930,9402.60,9402.60,9402.60,9402.60
19831003,9450.10,9450.10,9450.10,9450.10
19831004,9424.30,9424.30,9424.30,9424.30
19831005,9491.90,9491.90,9491.90,9491.90
19831006,9530.00,9530.00,9530.00,9530.00
19831007,9562.50,9562.50,9562.50,9562.50
19831011,9493.10,9493.10,9493.10,9493.10
19831013,9472.30,9472.30,9472.30,9472.30
19831014,9323.60,9323.60,9323.60,9323.60
19831017,9420.90,9420.90,9420.90,9420.90
19831018,9349.00,9349.00,9349.00,9349.00
19831019,9230.80,9230.80,9230.80,9230.80
19831020,9319.50,9319.50,9319.50,9319.50
19831021,9370.20,9370.20,9370.20,9370.20
19831024,9260.20,9260.20,9260.20,9260.20
19831025,9232.70,9232.70,9232.70,9232.70
19831026,9246.50,9246.50,9246.50,9246.50
19831027,9323.10,9323.10,9323.10,9323.10
19831028,9321.30,9321.30,9321.30,9321.30
19831031,9356.80,9356.80,9356.80,9356.80
19831101,9350.90,9350.90,9350.90,9350.90
19831102,9344.10,9344.10,9344.10,9344.10
19831104,9341.70,9341.70,9341.70,9341.70
19831107,9316.20,9316.20,9316.20,9316.20
19831108,9319.30,9319.30,9319.30,9319.30
19831109,9297.10,9297.10,9297.10,9297.10
19831110,9244.20,9244.20,9244.20,9244.20
19831111,9305.60,9305.60,9305.60,9305.60
19831114,9348.50,9348.50,9348.50,9348.50
19831115,9379.30,9379.30,9379.30,9379.30
19831116,9430.80,9430.80,9430.80,9430.80
19831117,9416.90,9416.90,9416.90,9416.90
19831118,9386.70,9386.70,9386.70,9386.70
19831121,9409.80,9409.80,9409.80,9409.80
19831122,9416.50,9416.50,9416.50,9416.50
19831125,9340.80,9340.80,9340.80,9340.80
19831128,9294.70,9294.70,9294.70,9294.70
19831129,9256.30,9256.30,9256.30,9256.30
19831130,9320.20,9320.20,9320.20,9320.20
19831201,9336.60,9336.60,9336.60,9336.60
19831202,9379.80,9379.80,9379.80,9379.80
19831205,9445.10,9445.10,9445.10,9445.10
19831206,9438.80,9438.80,9438.80,9438.80
19831207,9405.00,9405.00,9405.00,9405.00
19831208,9461.00,9461.00,9461.00,9461.00
19831209,9448.90,9448.90,9448.90,9448.90
19831212,9442.00,9442.00,9442.00,9442.00
19831213,9385.50,9385.50,9385.50,9385.50
19831214,9401.10,9401.10,9401.10,9401.10
19831215,9462.40,9462.40,9462.40,9462.40
19831216,9530.60,9530.60,9530.60,9530.60
19831219,9484.20,9484.20,9484.20,9484.20
19831220,9627.90,9627.90,9627.90,9627.90
19831221,9717.60,9717.60,9717.60,9717.60
19831222,9709.40,9709.40,9709.40,9709.40
19831227,9883.90,9883.90,9883.90,9883.90
19831228,9893.80,9893.80,9893.80,9893.80
19840104,9927.00,9927.00,9927.00,9927.00
19840105,9947.00,9947.00,9947.00,9947.00
19840106,9961.00,9961.00,9961.00,9961.00
19840109,9954.00,9954.00,9954.00,9954.00
19840110,10016.00,10016.00,10016.00,10016.00
19840111,10073.00,10073.00,10073.00,10073.00
19840112,10104.00,10104.00,10104.00,10104.00
19840113,10151.00,10151.00,10151.00,10151.00
19840117,10156.00,10156.00,10156.00,10156.00
19840118,10100.00,10100.00,10100.00,10100.00
19840119,10098.00,10098.00,10098.00,10098.00
19840120,10104.00,10104.00,10104.00,10104.00
19840123,10071.00,10071.00,10071.00,10071.00
19840124,10023.00,10023.00,10023.00,10023.00
19840125,10115.00,10115.00,10115.00,10115.00
19840126,10180.00,10180.00,10180.00,10180.00
19840127,10181.00,10181.00,10181.00,10181.00
19840130,10236.00,10236.00,10236.00,10236.00
19840131,10196.00,10196.00,10196.00,10196.00
19840201,10201.00,10201.00,10201.00,10201.00
19840202,10156.00,10156.00,10156.00,10156.00
19840203,10134.00,10134.00,10134.00,10134.00
19840206,10121.00,10121.00,10121.00,10121.00
19840207,10061.00,10061.00,10061.00,10061.00
19840208,10100.00,10100.00,10100.00,10100.00
19840209,10002.00,10002.00,10002.00,10002.00
19840210,9959.00,9959.00,9959.00,9959.00
19840213,9963.00,9963.00,9963.00,9963.00
19840214,9830.00,9830.00,9830.00,9830.00
19840215,9892.00,9892.00,9892.00,9892.00
19840216,9897.00,9897.00,9897.00,9897.00
19840217,9925.00,9925.00,9925.00,9925.00
19840220,9938.00,9938.00,9938.00,9938.00
19840221,9971.00,9971.00,9971.00,9971.00
19840222,9948.00,9948.00,9948.00,9948.00
19840223,9940.00,9940.00,9940.00,9940.00
19840224,9963.00,9963.00,9963.00,9963.00
19840227,10071.00,10071.00,10071.00,10071.00
19840228,10074.00,10074.00,10074.00,10074.00
19840229,10031.00,10031.00,10031.00,10031.00
19840301,9920.00,9920.00,9920.00,9920.00
19840302,9948.00,9948.00,9948.00,9948.00
19840305,10089.00,10089.00,10089.00,10089.00
19840306,10059.00,10059.00,10059.00,10059.00
19840307,10021.00,10021.00,10021.00,10021.00
19840308,9959.00,9959.00,9959.00,9959.00
19840309,9997.00,9997.00,9997.00,9997.00
19840312,10087.00,10087.00,10087.00,10087.00
19840313,10195.00,10195.00,10195.00,10195.00
19840314,10324.00,10324.00,10324.00,10324.00
19840315,10347.00,10347.00,10347.00,10347.00
19840316,10458.00,10458.00,10458.00,10458.00
19840319,10479.00,10479.00,10479.00,10479.00
19840321,10414.00,10414.00,10414.00,10414.00
19840322,10456.00,10456.00,10456.00,10456.00
19840323,10506.00,10506.00,10506.00,10506.00
19840326,10484.00,10484.00,10484.00,10484.00
19840327,10528.00,10528.00,10528.00,10528.00
19840328,10701.00,10701.00,10701.00,10701.00
19840329,10802.00,10802.00,10802.00,10802.00
19840330,10929.00,10929.00,10929.00,10929.00
19840402,11050.00,11050.00,11050.00,11050.00
19840403,10934.00,10934.00,10934.00,10934.00
19840404,11002.00,11002.00,11002.00,11002.00
19840405,10993.00,10993.00,10993.00,10993.00
19840406,10915.00,10915.00,10915.00,10915.00
19840409,10890.00,10890.00,10890.00,10890.00
19840410,10915.00,10915.00,10915.00,10915.00
19840411,10939.00,10939.00,10939.00,10939.00
19840412,10987.00,10987.00,10987.00,10987.00
19840413,11015.00,11015.00,11015.00,11015.00
19840416,11020.00,11020.00,11020.00,11020.00
19840417,10906.00,10906.00,10906.00,10906.00
19840418,10933.00,10933.00,10933.00,10933.00
19840419,10783.00,10783.00,10783.00,10783.00
19840420,10803.00,10803.00,10803.00,10803.00
19840423,10801.00,10801.00,10801.00,10801.00
19840424,10762.00,10762.00,10762.00,10762.00
19840425,10866.00,10866.00,10866.00,10866.00
19840426,10902.00,10902.00,10902.00,10902.00
19840427,10981.00,10981.00,10981.00,10981.00
19840501,11013.00,11013.00,11013.00,11013.00
19840502,11105.00,11105.00,11105.00,11105.00
19840504,11130.00,11130.00,11130.00,11130.00
19840507,11159.00,11159.00,11159.00,11159.00
19840508,11052.00,11052.00,11052.00,11052.00
19840509,11060.00,11060.00,11060.00,11060.00
19840510,10880.00,10880.00,10880.00,10880.00
19840511,10833.00,10833.00,10833.00,10833.00
19840514,10563.00,10563.00,10563.00,10563.00
19840515,10605.00,10605.00,10605.00,10605.00
19840516,10620.00,10620.00,10620.00,10620.00
19840517,10341.00,10341.00,10341.00,10341.00
19840518,10126.00,10126.00,10126.00,10126.00
19840521,10165.00,10165.00,10165.00,10165.00
19840522,10062.00,10062.00,10062.00,10062.00
19840523,10023.00,10023.00,10023.00,10023.00
19840524,10251.00,10251.00,10251.00,10251.00
19840525,10142.00,10142.00,10142.00,10142.00
19840528,10116.00,10116.00,10116.00,10116.00
19840529,10164.00,10164.00,10164.00,10164.00
19840530,10141.00,10141.00,10141.00,10141.00
19840531,9940.00,9940.00,9940.00,9940.00
19840601,9913.00,9913.00,9913.00,9913.00
19840604,10132.00,10132.00,10132.00,10132.00
19840605,10258.00,10258.00,10258.00,10258.00
19840606,10254.00,10254.00,10254.00,10254.00
19840607,10316.00,10316.00,10316.00,10316.00
19840608,10350.00,10350.00,10350.00,10350.00
19840611,10377.00,10377.00,10377.00,10377.00
19840612,10325.00,10325.00,10325.00,10325.00
19840613,10276.00,10276.00,10276.00,10276.00
19840614,10149.00,10149.00,10149.00,10149.00
19840615,10057.00,10057.00,10057.00,10057.00
19840618,10123.00,10123.00,10123.00,10123.00
19840619,10197.00,10197.00,10197.00,10197.00
19840620,10237.00,10237.00,10237.00,10237.00
19840621,10171.00,10171.00,10171.00,10171.00
19840622,10153.00,10153.00,10153.00,10153.00
19840625,10146.00,10146.00,10146.00,10146.00
19840626,10245.00,10245.00,10245.00,10245.00
19840627,10311.00,10311.00,10311.00,10311.00
19840628,10372.00,10372.00,10372.00,10372.00
19840629,10378.00,10378.00,10378.00,10378.00
19840702,10411.00,10411.00,10411.00,10411.00
19840703,10349.00,10349.00,10349.00,10349.00
19840704,10376.00,10376.00,10376.00,10376.00
19840705,10421.00,10421.00,10421.00,10421.00
19840706,10462.00,10462.00,10462.00,10462.00
19840709,10373.00,10373.00,10373.00,10373.00
19840710,10387.00,10387.00,10387.00,10387.00
19840711,10355.00,10355.00,10355.00,10355.00
19840712,10270.00,10270.00,10270.00,10270.00
19840713,10154.00,10154.00,10154.00,10154.00
19840716,10178.00,10178.00,10178.00,10178.00
19840717,10242.00,10242.00,10242.00,10242.00
19840718,10208.00,10208.00,10208.00,10208.00
19840719,10089.00,10089.00,10089.00,10089.00
19840720,9945.00,9945.00,9945.00,9945.00
19840723,9703.00,9703.00,9703.00,9703.00
19840724,9739.00,9739.00,9739.00,9739.00
19840725,9800.00,9800.00,9800.00,9800.00
19840726,9932.00,9932.00,9932.00,9932.00
19840727,10036.00,10036.00,10036.00,10036.00
19840730,10014.00,10014.00,10014.00,10014.00
19840731,9999.00,9999.00,9999.00,9999.00
19840801,9948.00,9948.00,9948.00,9948.00
19840802,10087.00,10087.00,10087.00,10087.00
19840803,10234.00,10234.00,10234.00,10234.00
19840806,10431.00,10431.00,10431.00,10431.00
19840807,10314.00,10314.00,10314.00,10314.00
19840808,10247.00,10247.00,10247.00,10247.00
19840809,10290.00,10290.00,10290.00,10290.00
19840810,10376.00,10376.00,10376.00,10376.00
19840813,10390.00,10390.00,10390.00,10390.00
19840814,10361.00,10361.00,10361.00,10361.00
19840815,10442.00,10442.00,10442.00,10442.00
19840816,10418.00,10418.00,10418.00,10418.00
19840817,10449.00,10449.00,10449.00,10449.00
19840820,10533.00,10533.00,10533.00,10533.00
19840821,10486.00,10486.00,10486.00,10486.00
19840822,10538.00,10538.00,10538.00,10538.00
19840823,10546.00,10546.00,10546.00,10546.00
19840824,10554.00,10554.00,10554.00,10554.00
19840827,10569.00,10569.00,10569.00,10569.00
19840828,10575.00,10575.00,10575.00,10575.00
19840829,10580.00,10580.00,10580.00,10580.00
19840830,10586.00,10586.00,10586.00,10586.00
19840831,10584.00,10584.00,10584.00,10584.00
19840903,10630.00,10630.00,10630.00,10630.00
19840904,10610.00,10610.00,10610.00,10610.00
19840905,10546.00,10546.00,10546.00,10546.00
19840906,10458.00,10458.00,10458.00,10458.00
19840907,10501.00,10501.00,10501.00,10501.00
19840910,10472.00,10472.00,10472.00,10472.00
19840911,10493.00,10493.00,10493.00,10493.00
19840912,10534.00,10534.00,10534.00,10534.00
19840913,10579.00,10579.00,10579.00,10579.00
19840914,10604.00,10604.00,10604.00,10604.00
19840917,10636.00,10636.00,10636.00,10636.00
19840918,10559.00,10559.00,10559.00,10559.00
19840919,10552.00,10552.00,10552.00,10552.00
19840920,10521.00,10521.00,10521.00,10521.00
19840921,10505.00,10505.00,10505.00,10505.00
19840925,10605.00,10605.00,10605.00,10605.00
19840926,10620.00,10620.00,10620.00,10620.00
19840927,10644.00,10644.00,10644.00,10644.00
19840928,10649.00,10649.00,10649.00,10649.00
19841001,10654.00,10654.00,10654.00,10654.00
19841002,10540.00,10540.00,10540.00,10540.00
19841003,10587.00,10587.00,10587.00,10587.00
19841004,10642.00,10642.00,10642.00,10642.00
19841005,10738.00,10738.00,10738.00,10738.00
19841008,10677.00,10677.00,10677.00,10677.00
19841009,10669.00,10669.00,10669.00,10669.00
19841011,10697.00,10697.00,10697.00,10697.00
19841012,10685.00,10685.00,10685.00,10685.00
19841015,10780.00,10780.00,10780.00,10780.00
19841016,10758.00,10758.00,10758.00,10758.00
19841017,10743.00,10743.00,10743.00,10743.00
19841018,10760.00,10760.00,10760.00,10760.00
19841019,10845.00,10845.00,10845.00,10845.00
19841022,11078.00,11078.00,11078.00,11078.00
19841023,11030.00,11030.00,11030.00,11030.00
19841024,11179.00,11179.00,11179.00,11179.00
19841025,11152.00,11152.00,11152.00,11152.00
19841026,11155.00,11155.00,11155.00,11155.00
19841029,11177.00,11177.00,11177.00,11177.00
19841030,11172.00,11172.00,11172.00,11172.00
19841031,11253.00,11253.00,11253.00,11253.00
19841101,11170.00,11170.00,11170.00,11170.00
19841102,11250.00,11250.00,11250.00,11250.00
19841105,11374.00,11374.00,11374.00,11374.00
19841106,11298.00,11298.00,11298.00,11298.00
19841107,11179.00,11179.00,11179.00,11179.00
19841108,11167.00,11167.00,11167.00,11167.00
19841109,11239.00,11239.00,11239.00,11239.00
19841112,11235.00,11235.00,11235.00,11235.00
19841113,11265.00,11265.00,11265.00,11265.00
19841114,11321.00,11321.00,11321.00,11321.00
19841115,11302.00,11302.00,11302.00,11302.00
19841116,11271.00,11271.00,11271.00,11271.00
19841119,11284.00,11284.00,11284.00,11284.00
19841120,11257.00,11257.00,11257.00,11257.00
19841121,11250.00,11250.00,11250.00,11250.00
19841122,11208.00,11208.00,11208.00,11208.00
19841126,11163.00,11163.00,11163.00,11163.00
19841127,11184.00,11184.00,11184.00,11184.00
19841128,11248.00,11248.00,11248.00,11248.00
19841129,11367.00,11367.00,11367.00,11367.00
19841130,11429.00,11429.00,11429.00,11429.00
19841203,11514.00,11514.00,11514.00,11514.00
19841204,11557.00,11557.00,11557.00,11557.00
19841205,11543.00,11543.00,11543.00,11543.00
19841206,11560.00,11560.00,11560.00,11560.00
19841207,11466.00,11466.00,11466.00,11466.00
19841210,11317.00,11317.00,11317.00,11317.00
19841211,11251.00,11251.00,11251.00,11251.00
19841212,11382.00,11382.00,11382.00,11382.00
19841213,11340.00,11340.00,11340.00,11340.00
19841214,11419.00,11419.00,11419.00,11419.00
19841217,11456.00,11456.00,11456.00,11456.00
19841218,11460.00,11460.00,11460.00,11460.00
19841219,11558.00,11558.00,11558.00,11558.00
19841220,11514.00,11514.00,11514.00,11514.00
19841221,11474.00,11474.00,11474.00,11474.00
19841224,11492.00,11492.00,11492.00,11492.00
19841227,11514.00,11514.00,11514.00,11514.00
19841228,11543.00,11543.00,11543.00,11543.00
19850102,11543.00,11543.00,11543.00,11543.00
19850104,11558.00,11558.00,11558.00,11558.00
19850107,11575.00,11575.00,11575.00,11575.00
19850108,11680.00,11680.00,11680.00,11680.00
19850109,11764.00,11764.00,11764.00,11764.00
19850110,11824.00,11824.00,11824.00,11824.00
19850111,11812.00,11812.00,11812.00,11812.00
19850114,11824.00,11824.00,11824.00,11824.00
19850116,11933.00,11933.00,11933.00,11933.00
19850117,11887.00,11887.00,11887.00,11887.00
19850118,11910.00,11910.00,11910.00,11910.00
19850121,11976.00,11976.00,11976.00,11976.00
19850122,11868.00,11868.00,11868.00,11868.00
19850123,11859.00,11859.00,11859.00,11859.00
19850124,11856.00,11856.00,11856.00,11856.00
19850125,11737.00,11737.00,11737.00,11737.00
19850128,11799.00,11799.00,11799.00,11799.00
19850129,11843.00,11843.00,11843.00,11843.00
19850130,11961.00,11961.00,11961.00,11961.00
19850131,11993.00,11993.00,11993.00,11993.00
19850201,11947.00,11947.00,11947.00,11947.00
19850204,11891.00,11891.00,11891.00,11891.00
19850205,11823.00,11823.00,11823.00,11823.00
19850206,11867.00,11867.00,11867.00,11867.00
19850207,11941.00,11941.00,11941.00,11941.00
19850208,12009.00,12009.00,12009.00,12009.00
19850212,12028.00,12028.00,12028.00,12028.00
19850213,12026.00,12026.00,12026.00,12026.00
19850214,12082.00,12082.00,12082.00,12082.00
19850215,12148.00,12148.00,12148.00,12148.00
19850218,12149.00,12149.00,12149.00,12149.00
19850219,12157.00,12157.00,12157.00,12157.00
19850220,12152.00,12152.00,12152.00,12152.00
19850221,12128.00,12128.00,12128.00,12128.00
19850222,12147.00,12147.00,12147.00,12147.00
19850225,12201.00,12201.00,12201.00,12201.00
19850227,12287.00,12287.00,12287.00,12287.00
19850228,12322.00,12322.00,12322.00,12322.00
19850301,12412.00,12412.00,12412.00,12412.00
19850304,12509.00,12509.00,12509.00,12509.00
19850305,12476.00,12476.00,12476.00,12476.00
19850306,12499.00,12499.00,12499.00,12499.00
19850307,12415.00,12415.00,12415.00,12415.00
19850308,12348.00,12348.00,12348.00,12348.00
19850311,12264.00,12264.00,12264.00,12264.00
19850312,12297.00,12297.00,12297.00,12297.00
19850313,12419.00,12419.00,12419.00,12419.00
19850314,12405.00,12405.00,12405.00,12405.00
19850315,12469.00,12469.00,12469.00,12469.00
19850318,12507.00,12507.00,12507.00,12507.00
19850319,12478.00,12478.00,12478.00,12478.00
19850320,12541.00,12541.00,12541.00,12541.00
19850322,12543.00,12543.00,12543.00,12543.00
19850325,12493.00,12493.00,12493.00,12493.00
19850326,12486.00,12486.00,12486.00,12486.00
19850327,12551.00,12551.00,12551.00,12551.00
19850328,12604.00,12604.00,12604.00,12604.00
19850329,12590.00,12590.00,12590.00,12590.00
19850401,12677.00,12677.00,12677.00,12677.00
19850402,12630.00,12630.00,12630.00,12630.00
19850403,12683.00,12683.00,12683.00,12683.00
19850404,12627.00,12627.00,12627.00,12627.00
19850405,12570.00,12570.00,12570.00,12570.00
19850408,12636.00,12636.00,12636.00,12636.00
19850409,12630.00,12630.00,12630.00,12630.00
19850410,12602.00,12602.00,12602.00,12602.00
19850411,12574.00,12574.00,12574.00,12574.00
19850412,12588.00,12588.00,12588.00,12588.00
19850415,12553.00,12553.00,12553.00,12553.00
19850416,12207.00,12207.00,12207.00,12207.00
19850417,12302.00,12302.00,12302.00,12302.00
19850418,12053.00,12053.00,12053.00,12053.00
19850419,12232.00,12232.00,12232.00,12232.00
19850422,12180.00,12180.00,12180.00,12180.00
19850423,12124.00,12124.00,12124.00,12124.00
19850424,12218.00,12218.00,12218.00,12218.00
19850425,12334.00,12334.00,12334.00,12334.00
19850426,12466.00,12466.00,12466.00,12466.00
19850430,12426.00,12426.00,12426.00,12426.00
19850501,12457.00,12457.00,12457.00,12457.00
19850502,12452.00,12452.00,12452.00,12452.00
19850507,12415.00,12415.00,12415.00,12415.00
19850508,12521.00,12521.00,12521.00,12521.00
19850509,12475.00,12475.00,12475.00,12475.00
19850510,12527.00,12527.00,12527.00,12527.00
19850513,12542.00,12542.00,12542.00,12542.00
19850514,12504.00,12504.00,12504.00,12504.00
19850515,12358.00,12358.00,12358.00,12358.00
19850516,12369.00,12369.00,12369.00,12369.00
19850517,12420.00,12420.00,12420.00,12420.00
19850520,12559.00,12559.00,12559.00,12559.00
19850521,12650.00,12650.00,12650.00,12650.00
19850522,12697.00,12697.00,12697.00,12697.00
19850523,12649.00,12649.00,12649.00,12649.00
19850527,12643.00,12643.00,12643.00,12643.00
19850528,12695.00,12695.00,12695.00,12695.00
19850529,12767.00,12767.00,12767.00,12767.00
19850530,12790.00,12790.00,12790.00,12790.00
19850603,12473.00,12473.00,12473.00,12473.00
19850604,12583.00,12583.00,12583.00,12583.00
19850605,12693.00,12693.00,12693.00,12693.00
19850606,12716.00,12716.00,12716.00,12716.00
19850607,12717.00,12717.00,12717.00,12717.00
19850610,12683.00,12683.00,12683.00,12683.00
19850611,12759.00,12759.00,12759.00,12759.00
19850612,12748.00,12748.00,12748.00,12748.00
19850613,12717.00,12717.00,12717.00,12717.00
19850614,12685.00,12685.00,12685.00,12685.00
19850617,12769.00,12769.00,12769.00,12769.00
19850618,12741.00,12741.00,12741.00,12741.00
19850619,12774.00,12774.00,12774.00,12774.00
19850620,12678.00,12678.00,12678.00,12678.00
19850621,12635.00,12635.00,12635.00,12635.00
19850624,12766.00,12766.00,12766.00,12766.00
19850625,12857.00,12857.00,12857.00,12857.00
19850626,12911.00,12911.00,12911.00,12911.00
19850627,12842.00,12842.00,12842.00,12842.00
19850628,12882.00,12882.00,12882.00,12882.00
19850701,12919.00,12919.00,12919.00,12919.00
19850702,12914.00,12914.00,12914.00,12914.00
19850703,12924.00,12924.00,12924.00,12924.00
19850705,12970.00,12970.00,12970.00,12970.00
19850708,13030.00,13030.00,13030.00,13030.00
19850709,13021.00,13021.00,13021.00,13021.00
19850710,13012.00,13012.00,13012.00,13012.00
19850711,12858.00,12858.00,12858.00,12858.00
19850712,12840.00,12840.00,12840.00,12840.00
19850715,12599.00,12599.00,12599.00,12599.00
19850716,12698.00,12698.00,12698.00,12698.00
19850717,12848.00,12848.00,12848.00,12848.00
19850718,12853.00,12853.00,12853.00,12853.00
19850719,12789.00,12789.00,12789.00,12789.00
19850722,12772.00,12772.00,12772.00,12772.00
19850723,12763.00,12763.00,12763.00,12763.00
19850724,12777.00,12777.00,12777.00,12777.00
19850725,12647.00,12647.00,12647.00,12647.00
19850726,12648.00,12648.00,12648.00,12648.00
19850729,12591.00,12591.00,12591.00,12591.00
19850730,12270.00,12270.00,12270.00,12270.00
19850731,12263.00,12263.00,12263.00,12263.00
19850801,12538.00,12538.00,12538.00,12538.00
19850802,12526.00,12526.00,12526.00,12526.00
19850805,12451.00,12451.00,12451.00,12451.00
19850806,12438.00,12438.00,12438.00,12438.00
19850807,12421.00,12421.00,12421.00,12421.00
19850808,12386.00,12386.00,12386.00,12386.00
19850809,12401.00,12401.00,12401.00,12401.00
19850812,12373.00,12373.00,12373.00,12373.00
19850813,12327.00,12327.00,12327.00,12327.00
19850814,12420.00,12420.00,12420.00,12420.00
19850815,12484.00,12484.00,12484.00,12484.00
19850816,12583.00,12583.00,12583.00,12583.00
19850819,12640.00,12640.00,12640.00,12640.00
19850820,12664.00,12664.00,12664.00,12664.00
19850821,12705.00,12705.00,12705.00,12705.00
19850822,12734.00,12734.00,12734.00,12734.00
19850823,12691.00,12691.00,12691.00,12691.00
19850826,12652.00,12652.00,12652.00,12652.00
19850827,12631.00,12631.00,12631.00,12631.00
19850828,12685.00,12685.00,12685.00,12685.00
19850829,12729.00,12729.00,12729.00,12729.00
19850830,12713.00,12713.00,12713.00,12713.00
19850903,12531.00,12531.00,12531.00,12531.00
19850904,12530.00,12530.00,12530.00,12530.00
19850905,12492.00,12492.00,12492.00,12492.00
19850906,12454.00,12454.00,12454.00,12454.00
19850909,12456.00,12456.00,12456.00,12456.00
19850910,12520.00,12520.00,12520.00,12520.00
19850911,12625.00,12625.00,12625.00,12625.00
19850912,12603.00,12603.00,12603.00,12603.00
19850913,12586.00,12586.00,12586.00,12586.00
19850917,12592.00,12592.00,12592.00,12592.00
19850918,12530.00,12530.00,12530.00,12530.00
19850919,12565.00,12565.00,12565.00,12565.00
19850920,12667.00,12667.00,12667.00,12667.00
19850924,12756.00,12756.00,12756.00,12756.00
19850925,12705.00,12705.00,12705.00,12705.00
19850926,12690.00,12690.00,12690.00,12690.00
19850927,12639.00,12639.00,12639.00,12639.00
19850930,12700.00,12700.00,12700.00,12700.00
19851001,12685.00,12685.00,12685.00,12685.00
19851002,12721.00,12721.00,12721.00,12721.00
19851003,12701.00,12701.00,12701.00,12701.00
19851004,12714.00,12714.00,12714.00,12714.00
19851007,12792.00,12792.00,12792.00,12792.00
19851008,12835.00,12835.00,12835.00,12835.00
19851009,12857.00,12857.00,12857.00,12857.00
19851011,12850.00,12850.00,12850.00,12850.00
19851014,13017.00,13017.00,13017.00,13017.00
19851015,13056.00,13056.00,13056.00,13056.00
19851016,13037.00,13037.00,13037.00,13037.00
19851017,13021.00,13021.00,13021.00,13021.00
19851018,12973.00,12973.00,12973.00,12973.00
19851021,13026.00,13026.00,13026.00,13026.00
19851022,13002.00,13002.00,13002.00,13002.00
19851023,12947.00,12947.00,12947.00,12947.00
19851024,12969.00,12969.00,12969.00,12969.00
19851025,12855.00,12855.00,12855.00,12855.00
19851028,12957.00,12957.00,12957.00,12957.00
19851029,12914.00,12914.00,12914.00,12914.00
19851030,12909.00,12909.00,12909.00,12909.00
19851031,12939.00,12939.00,12939.00,12939.00
19851101,12808.00,12808.00,12808.00,12808.00
19851105,12821.00,12821.00,12821.00,12821.00
19851106,12882.00,12882.00,12882.00,12882.00
19851107,12851.00,12851.00,12851.00,12851.00
19851108,12851.00,12851.00,12851.00,12851.00
19851111,12821.00,12821.00,12821.00,12821.00
19851112,12735.00,12735.00,12735.00,12735.00
19851113,12716.00,12716.00,12716.00,12716.00
19851114,12590.00,12590.00,12590.00,12590.00
19851115,12857.00,12857.00,12857.00,12857.00
19851118,12701.00,12701.00,12701.00,12701.00
19851119,12607.00,12607.00,12607.00,12607.00
19851120,12643.00,12643.00,12643.00,12643.00
19851121,12697.00,12697.00,12697.00,12697.00
19851122,12758.00,12758.00,12758.00,12758.00
19851125,12783.00,12783.00,12783.00,12783.00
19851126,12778.00,12778.00,12778.00,12778.00
19851127,12741.00,12741.00,12741.00,12741.00
19851129,12763.00,12763.00,12763.00,12763.00
19851202,12797.00,12797.00,12797.00,12797.00
19851203,12775.00,12775.00,12775.00,12775.00
19851204,12811.00,12811.00,12811.00,12811.00
19851205,12864.00,12864.00,12864.00,12864.00
19851206,12794.00,12794.00,12794.00,12794.00
19851209,12798.00,12798.00,12798.00,12798.00
19851210,12851.00,12851.00,12851.00,12851.00
19851211,12972.00,12972.00,12972.00,12972.00
19851212,13050.00,13050.00,13050.00,13050.00
19851213,13108.00,13108.00,13108.00,13108.00
19851216,13118.00,13118.00,13118.00,13118.00
19851217,13129.00,13129.00,13129.00,13129.00
19851218,13102.00,13102.00,13102.00,13102.00
19851219,13115.00,13115.00,13115.00,13115.00
19851220,13011.00,13011.00,13011.00,13011.00
19851223,13043.00,13043.00,13043.00,13043.00
19851224,13101.00,13101.00,13101.00,13101.00
19851226,13085.00,13085.00,13085.00,13085.00
19851227,13083.00,13083.00,13083.00,13083.00
19860106,13054.00,13054.00,13054.00,13054.00
19860107,12991.00,12991.00,12991.00,12991.00
19860108,13056.00,13056.00,13056.00,13056.00
19860109,13034.00,13034.00,13034.00,13034.00
19860110,12898.00,12898.00,12898.00,12898.00
19860113,12977.00,12977.00,12977.00,12977.00
19860114,12929.00,12929.00,12929.00,12929.00
19860116,13027.00,13027.00,13027.00,13027.00
19860117,13010.00,13010.00,13010.00,13010.00
19860120,12952.00,12952.00,12952.00,12952.00
19860121,12882.00,12882.00,12882.00,12882.00
19860122,12923.00,12923.00,12923.00,12923.00
19860123,12889.00,12889.00,12889.00,12889.00
19860124,12904.00,12904.00,12904.00,12904.00
19860127,12983.00,12983.00,12983.00,12983.00
19860128,12994.00,12994.00,12994.00,12994.00
19860129,12937.00,12937.00,12937.00,12937.00
19860130,12949.00,12949.00,12949.00,12949.00
19860131,13024.00,13024.00,13024.00,13024.00
19860203,13087.00,13087.00,13087.00,13087.00
19860204,13138.00,13138.00,13138.00,13138.00
19860205,13186.00,13186.00,13186.00,13186.00
19860206,13187.00,13187.00,13187.00,13187.00
19860207,13212.00,13212.00,13212.00,13212.00
19860210,13226.00,13226.00,13226.00,13226.00
19860212,13301.00,13301.00,13301.00,13301.00
19860213,13296.00,13296.00,13296.00,13296.00
19860214,13343.00,13343.00,13343.00,13343.00
19860217,13448.00,13448.00,13448.00,13448.00
19860218,13436.00,13436.00,13436.00,13436.00
19860219,13467.00,13467.00,13467.00,13467.00
19860220,13355.00,13355.00,13355.00,13355.00
19860221,13394.00,13394.00,13394.00,13394.00
19860224,13506.00,13506.00,13506.00,13506.00
19860225,13576.00,13576.00,13576.00,13576.00
19860226,13622.00,13622.00,13622.00,13622.00
19860227,13642.00,13642.00,13642.00,13642.00
19860228,13641.00,13641.00,13641.00,13641.00
19860303,13768.00,13768.00,13768.00,13768.00
19860304,13785.00,13785.00,13785.00,13785.00
19860305,13807.00,13807.00,13807.00,13807.00
19860306,13902.00,13902.00,13902.00,13902.00
19860307,13995.00,13995.00,13995.00,13995.00
19860310,14057.00,14057.00,14057.00,14057.00
19860311,14066.00,14066.00,14066.00,14066.00
19860312,14238.00,14238.00,14238.00,14238.00
19860313,14415.00,14415.00,14415.00,14415.00
19860314,14517.00,14517.00,14517.00,14517.00
19860317,14656.00,14656.00,14656.00,14656.00
19860318,14639.00,14639.00,14639.00,14639.00
19860319,14477.00,14477.00,14477.00,14477.00
19860320,14753.00,14753.00,14753.00,14753.00
19860321,15014.00,15014.00,15014.00,15014.00
19860324,14975.00,14975.00,14975.00,14975.00
19860325,14827.00,14827.00,14827.00,14827.00
19860327,15337.00,15337.00,15337.00,15337.00
19860331,15860.00,15860.00,15860.00,15860.00
19860401,15746.00,15746.00,15746.00,15746.00
19860402,15556.00,15556.00,15556.00,15556.00
19860403,15272.00,15272.00,15272.00,15272.00
19860404,15020.00,15020.00,15020.00,15020.00
19860407,15062.00,15062.00,15062.00,15062.00
19860408,15014.00,15014.00,15014.00,15014.00
19860409,15110.00,15110.00,15110.00,15110.00
19860410,15204.00,15204.00,15204.00,15204.00
19860411,15326.00,15326.00,15326.00,15326.00
19860414,15397.00,15397.00,15397.00,15397.00
19860415,15352.00,15352.00,15352.00,15352.00
19860416,15358.00,15358.00,15358.00,15358.00
19860417,15487.00,15487.00,15487.00,15487.00
19860418,15759.00,15759.00,15759.00,15759.00
19860421,15827.00,15827.00,15827.00,15827.00
19860422,15713.00,15713.00,15713.00,15713.00
19860423,15748.00,15748.00,15748.00,15748.00
19860424,15682.00,15682.00,15682.00,15682.00
19860425,15690.00,15690.00,15690.00,15690.00
19860428,15758.00,15758.00,15758.00,15758.00
19860430,15826.00,15826.00,15826.00,15826.00
19860501,15783.00,15783.00,15783.00,15783.00
19860506,15900.00,15900.00,15900.00,15900.00
19860507,15954.00,15954.00,15954.00,15954.00
19860508,16078.00,16078.00,16078.00,16078.00
19860509,16105.00,16105.00,16105.00,16105.00
19860512,16195.00,16195.00,16195.00,16195.00
19860513,15982.00,15982.00,15982.00,15982.00
19860514,15944.00,15944.00,15944.00,15944.00
19860515,15925.00,15925.00,15925.00,15925.00
19860516,15739.00,15739.00,15739.00,15739.00
19860519,15698.00,15698.00,15698.00,15698.00
19860520,15690.00,15690.00,15690.00,15690.00
19860521,15808.00,15808.00,15808.00,15808.00
19860522,15917.00,15917.00,15917.00,15917.00
19860523,16205.00,16205.00,16205.00,16205.00
19860526,16410.00,16410.00,16410.00,16410.00
19860527,16467.00,16467.00,16467.00,16467.00
19860528,16553.00,16553.00,16553.00,16553.00
19860529,16611.00,16611.00,16611.00,16611.00
19860530,16739.00,16739.00,16739.00,16739.00
19860602,16739.00,16739.00,16739.00,16739.00
19860603,16670.00,16670.00,16670.00,16670.00
19860604,16803.00,16803.00,16803.00,16803.00
19860605,16811.00,16811.00,16811.00,16811.00
19860606,16818.00,16818.00,16818.00,16818.00
19860609,17008.00,17008.00,17008.00,17008.00
19860610,16968.00,16968.00,16968.00,16968.00
19860611,17096.00,17096.00,17096.00,17096.00
19860612,17131.00,17131.00,17131.00,17131.00
19860613,17206.00,17206.00,17206.00,17206.00
19860616,17186.00,17186.00,17186.00,17186.00
19860617,17076.00,17076.00,17076.00,17076.00
19860618,17177.00,17177.00,17177.00,17177.00
19860619,17278.00,17278.00,17278.00,17278.00
19860620,17403.00,17403.00,17403.00,17403.00
19860623,17458.00,17458.00,17458.00,17458.00
19860624,17342.00,17342.00,17342.00,17342.00
19860625,17517.00,17517.00,17517.00,17517.00
19860626,17601.00,17601.00,17601.00,17601.00
19860627,17500.00,17500.00,17500.00,17500.00
19860630,17654.00,17654.00,17654.00,17654.00
19860701,17623.00,17623.00,17623.00,17623.00
19860702,17670.00,17670.00,17670.00,17670.00
19860703,17692.00,17692.00,17692.00,17692.00
19860704,17598.00,17598.00,17598.00,17598.00
19860707,17714.00,17714.00,17714.00,17714.00
19860708,17734.00,17734.00,17734.00,17734.00
19860709,17506.00,17506.00,17506.00,17506.00
19860710,17470.00,17470.00,17470.00,17470.00
19860711,17670.00,17670.00,17670.00,17670.00
19860714,17821.00,17821.00,17821.00,17821.00
19860715,17883.00,17883.00,17883.00,17883.00
19860716,17701.00,17701.00,17701.00,17701.00
19860717,17726.00,17726.00,17726.00,17726.00
19860718,17839.00,17839.00,17839.00,17839.00
19860721,17522.00,17522.00,17522.00,17522.00
19860722,17639.00,17639.00,17639.00,17639.00
19860723,17860.00,17860.00,17860.00,17860.00
19860724,18026.00,18026.00,18026.00,18026.00
19860725,18051.00,18051.00,18051.00,18051.00
19860728,18039.00,18039.00,18039.00,18039.00
19860729,17729.00,17729.00,17729.00,17729.00
19860730,17799.00,17799.00,17799.00,17799.00
19860731,17510.00,17510.00,17510.00,17510.00
19860801,17322.00,17322.00,17322.00,17322.00
19860804,17263.00,17263.00,17263.00,17263.00
19860805,17415.00,17415.00,17415.00,17415.00
19860806,17353.00,17353.00,17353.00,17353.00
19860807,17422.00,17422.00,17422.00,17422.00
19860808,17436.00,17436.00,17436.00,17436.00
19860811,17479.00,17479.00,17479.00,17479.00
19860812,17795.00,17795.00,17795.00,17795.00
19860813,18001.00,18001.00,18001.00,18001.00
19860814,18265.00,18265.00,18265.00,18265.00
19860815,18376.00,18376.00,18376.00,18376.00
19860818,18597.00,18597.00,18597.00,18597.00
19860819,18793.00,18793.00,18793.00,18793.00
19860820,18936.00,18936.00,18936.00,18936.00
19860821,18951.00,18951.00,18951.00,18951.00
19860825,18566.00,18566.00,18566.00,18566.00
19860826,18641.00,18641.00,18641.00,18641.00
19860827,18503.00,18503.00,18503.00,18503.00
19860828,18370.00,18370.00,18370.00,18370.00
19860829,18821.00,18821.00,18821.00,18821.00
19860902,18695.00,18695.00,18695.00,18695.00
19860903,18694.00,18694.00,18393.00,18505.00
19860904,18515.00,18624.00,18514.00,18560.00
19860905,18572.00,18778.00,18572.00,18775.00
19860906,18777.00,18812.00,18764.00,18764.00
19860908,18765.00,18784.00,18545.00,18552.00
19860909,18537.00,18537.00,18433.00,18474.00
19860910,18477.00,18636.00,18473.00,18619.00
19860911,18615.00,18668.00,18548.00,18561.00
19860912,18554.00,18554.00,17939.00,18101.00
19860916,18087.00,18087.00,17459.00,17463.00
19860917,17471.00,17620.00,17336.00,17337.00
19860918,17327.00,17520.00,17327.00,17478.00
19860919,17493.00,17612.00,17493.00,17523.00
19860922,17527.00,17707.00,17527.00,17706.00
19860924,17718.00,18018.00,17718.00,17956.00
19860925,17979.00,18078.00,17904.00,17988.00
19860926,17979.00,18052.00,17871.00,17961.00
19860927,17967.00,18197.00,17967.00,18181.00
19860929,18185.00,18263.00,18094.00,18106.00
19860930,17894.00,17894.00,17817.00,17853.00
19861001,17854.00,17974.00,17563.00,17564.00
19861002,17564.00,17602.00,17004.00,17019.00
19861003,17005.00,17271.00,16820.00,17240.00
19861004,17246.00,17610.00,17246.00,17606.00
19861006,17599.00,17676.00,17431.00,17435.00
19861007,17441.00,17608.00,17441.00,17604.00
19861008,17604.00,17683.00,17472.00,17515.00
19861009,17512.00,17652.00,17512.00,17650.00
19861013,17623.00,17623.00,17330.00,17339.00
19861014,17349.00,17447.00,17097.00,17318.00
19861015,17317.00,17393.00,16958.00,16970.00
19861016,16976.00,17028.00,16692.00,16872.00
19861017,16869.00,16932.00,16671.00,16700.00
19861020,16692.00,16692.00,16482.00,16523.00
19861021,16501.00,16501.00,15989.00,16206.00
19861022,16216.00,16321.00,15638.00,15820.00
19861023,15817.00,16329.00,15624.00,16308.00
19861024,16322.00,16563.00,16280.00,16284.00
19861025,16284.00,16284.00,16090.00,16164.00
19861027,16186.00,16207.00,16135.00,16158.00
19861028,16152.00,16398.00,16152.00,16398.00
19861029,16397.00,16532.00,16397.00,16505.00
19861030,16526.00,17011.00,16526.00,17011.00
19861031,17021.00,17091.00,16897.00,16911.00
19861101,16902.00,16902.00,16756.00,16837.00
19861104,16840.00,16894.00,16751.00,16787.00
19861105,16766.00,16845.00,16700.00,16714.00
19861106,16712.00,16771.00,16712.00,16758.00
19861107,16778.00,16977.00,16778.00,16974.00
19861110,16989.00,17076.00,16961.00,17053.00
19861111,17055.00,17303.00,17055.00,17301.00
19861112,17306.00,17487.00,17306.00,17448.00
19861113,17443.00,17466.00,17417.00,17438.00
19861114,17424.00,17424.00,17290.00,17391.00
19861117,17400.00,17475.00,17204.00,17208.00
19861118,17221.00,17297.00,17221.00,17274.00
19861119,17252.00,17303.00,17200.00,17284.00
19861120,17314.00,17410.00,17265.00,17305.00
19861121,17331.00,17520.00,17331.00,17490.00
19861122,17504.00,17648.00,17504.00,17648.00
19861125,17658.00,17789.00,17658.00,17748.00
19861126,17747.00,17770.00,17687.00,17728.00
19861127,17748.00,17884.00,17748.00,17884.00
19861128,17903.00,18084.00,17903.00,18083.00
19861129,18089.00,18326.00,18089.00,18326.00
19861201,18339.00,18434.00,18308.00,18308.00
19861202,18327.00,18360.00,18132.00,18191.00
19861203,18200.00,18475.00,18200.00,18455.00
19861204,18453.00,18626.00,18453.00,18624.00
19861205,18616.00,18726.00,18613.00,18637.00
19861206,18621.00,18621.00,18491.00,18605.00
19861208,18609.00,18731.00,18609.00,18711.00
19861209,18711.00,18794.00,18585.00,18603.00
19861210,18601.00,18790.00,18595.00,18776.00
19861211,18777.00,18833.00,18723.00,18731.00
19861212,18733.00,18895.00,18721.00,18831.00
19861215,18831.00,18898.00,18732.00,18789.00
19861216,18802.00,18961.00,18802.00,18933.00
19861217,18939.00,18989.00,18699.00,18848.00
19861218,18844.00,18844.00,18644.00,18724.00
19861219,18718.00,18937.00,18713.00,18930.00
19861222,18949.00,18983.00,18824.00,18825.00
19861223,18830.00,18867.00,18793.00,18809.00
19861224,18833.00,18973.00,18833.00,18903.00
19861225,18910.00,18984.00,18741.00,18774.00
19861226,18759.00,18821.00,18735.00,18821.00
19861227,18820.00,18820.00,18673.00,18701.00
19870105,18703.00,18822.00,18635.00,18821.00
19870106,18851.00,19041.00,18851.00,18937.00
19870107,18941.00,18990.00,18684.00,18842.00
19870108,18844.00,18866.00,18753.00,18779.00
19870109,18769.00,18875.00,18765.00,18810.00
19870112,18794.00,18794.00,18651.00,18669.00
19870113,18655.00,18655.00,18526.00,18544.00
19870114,18539.00,18807.00,18539.00,18784.00
19870116,18794.00,19151.00,18794.00,19150.00
19870119,19137.00,19219.00,18986.00,19189.00
19870120,19190.00,19250.00,19162.00,19216.00
19870121,19215.00,19435.00,19215.00,19429.00
19870122,19428.00,19553.00,19374.00,19381.00
19870123,19378.00,19553.00,19361.00,19457.00
19870124,19449.00,19550.00,19444.00,19539.00
19870126,19554.00,19701.00,19536.00,19555.00
19870127,19567.00,19713.00,19562.00,19687.00
19870128,19700.00,19861.00,19700.00,19790.00
19870129,19783.00,19921.00,19735.00,19921.00
19870130,19929.00,20051.00,19871.00,20048.00
19870131,20031.00,20031.00,19974.00,20024.00
19870202,20041.00,20156.00,20041.00,20072.00
19870203,20084.00,20114.00,19894.00,19956.00
19870204,19956.00,20005.00,19921.00,19974.00
19870205,19972.00,20031.00,19792.00,19795.00
19870206,19786.00,19817.00,19669.00,19669.00
19870207,19667.00,19667.00,19457.00,19550.00
19870209,19546.00,19696.00,19517.00,19679.00
19870210,19693.00,19838.00,19693.00,19814.00
19870212,19818.00,19941.00,19818.00,19875.00
19870213,19872.00,19916.00,19629.00,19629.00
19870216,19622.00,19622.00,19532.00,19532.00
19870217,19523.00,19642.00,19514.00,19638.00
19870218,19659.00,19885.00,19659.00,19882.00
19870219,19899.00,20228.00,19899.00,20228.00
19870220,20226.00,20246.00,20045.00,20080.00
19870223,20071.00,20089.00,19905.00,19941.00
19870224,19942.00,20129.00,19931.00,20076.00
19870225,20077.00,20262.00,20077.00,20186.00
19870226,20192.00,20598.00,20192.00,20454.00
19870227,20445.00,20509.00,20291.00,20422.00
19870228,20426.00,20767.00,20426.00,20767.00
19870302,20771.00,20948.00,20771.00,20934.00
19870303,20943.00,21127.00,20943.00,20971.00
19870304,20970.00,21202.00,20968.00,21032.00
19870305,21047.00,21261.00,21047.00,21176.00
19870306,21184.00,21346.00,21083.00,21106.00
19870307,21087.00,21130.00,20988.00,21123.00
19870309,21139.00,21312.00,21139.00,21166.00
19870310,21166.00,21231.00,21104.00,21214.00
19870311,21214.00,21369.00,21213.00,21313.00
19870312,21329.00,21472.00,21319.00,21470.00
19870313,21476.00,21527.00,21446.00,21498.00
19870316,21493.00,21517.00,21343.00,21415.00
19870317,21415.00,21521.00,21388.00,21515.00
19870318,21519.00,21789.00,21519.00,21705.00
19870319,21718.00,21884.00,21632.00,21644.00
19870320,21643.00,21671.00,21602.00,21658.00
19870323,21657.00,21866.00,21582.00,21588.00
19870324,21598.00,21675.00,21416.00,21435.00
19870325,21449.00,21539.00,21290.00,21473.00
19870326,21470.00,21583.00,21469.00,21559.00
19870327,21559.00,22027.00,21551.00,22027.00
19870328,22026.00,22184.00,21822.00,22178.00
19870330,22183.00,22218.00,21628.00,21628.00
19870331,21616.00,21759.00,21304.00,21567.00
19870401,21576.00,22040.00,21576.00,22040.00
19870402,22036.00,22543.00,22036.00,22368.00
19870403,22358.00,22531.00,22355.00,22411.00
19870404,22429.00,22743.00,22427.00,22739.00
19870406,22750.00,22891.00,22581.00,22586.00
19870407,22592.00,22859.00,22592.00,22785.00
19870408,22780.00,22979.00,22761.00,22913.00
19870409,22916.00,23225.00,22851.00,22922.00
19870410,22909.00,23222.00,22602.00,23217.00
19870413,23222.00,23271.00,22651.00,22920.00
19870414,22919.00,23528.00,22710.00,23524.00
19870415,23523.00,23659.00,23177.00,23511.00
19870416,23533.00,23869.00,23533.00,23868.00
19870417,23874.00,23990.00,23864.00,23938.00
19870420,23940.00,24096.00,23895.00,23895.00
19870421,23886.00,24027.00,23762.00,23886.00
19870422,23900.00,24124.00,23900.00,24098.00
19870423,24092.00,24256.00,23951.00,24025.00
19870424,24019.00,24210.00,24006.00,24006.00
19870425,24010.00,24010.00,23894.00,23904.00
19870427,23915.00,23955.00,23072.00,23072.00
19870428,23073.00,23121.00,22006.00,22890.00
19870430,22893.00,23276.00,22893.00,23275.00
19870501,23294.00,23688.00,23294.00,23681.00
19870502,23687.00,24035.00,23687.00,24009.00
19870506,24015.00,24161.00,23786.00,23919.00
19870507,23941.00,24218.00,23941.00,24208.00
19870508,24232.00,24611.00,24232.00,24589.00
19870511,24605.00,24743.00,24582.00,24608.00
19870512,24610.00,24624.00,24523.00,24536.00
19870513,24527.00,24608.00,24363.00,24363.00
19870514,24356.00,24683.00,24356.00,24651.00
19870515,24660.00,24843.00,24596.00,24729.00
19870518,24729.00,24729.00,24298.00,24299.00
19870519,24295.00,24345.00,24078.00,24078.00
19870520,24080.00,24080.00,23368.00,23420.00
19870521,23440.00,23777.00,23440.00,23754.00
19870522,23785.00,24172.00,23785.00,24157.00
19870523,24177.00,24534.00,24177.00,24533.00
19870525,24539.00,24712.00,24484.00,24583.00
19870526,24583.00,24659.00,24536.00,24581.00
19870527,24600.00,24600.00,24493.00,24540.00
19870528,24549.00,24609.00,24428.00,24434.00
19870529,24453.00,24798.00,24453.00,24772.00
19870530,24776.00,24902.00,24776.00,24902.00
19870601,24905.00,25097.00,24905.00,24993.00
19870602,25001.00,25052.00,24862.00,24903.00
19870603,24895.00,25050.00,24829.00,25049.00
19870604,25069.00,25446.00,25069.00,25366.00
19870605,25390.00,25537.00,25261.00,25271.00
19870606,25267.00,25364.00,25267.00,25364.00
19870608,25381.00,25529.00,25370.00,25524.00
19870609,25551.00,25667.00,25371.00,25380.00
19870610,25376.00,25745.00,25376.00,25739.00
19870611,25742.00,25933.00,25742.00,25891.00
19870612,25909.00,26000.00,25892.00,25894.00
19870615,25900.00,25986.00,25737.00,25756.00
19870616,25772.00,25874.00,25735.00,25739.00
19870617,25772.00,25939.00,25772.00,25929.00
19870618,25909.00,25920.00,25429.00,25751.00
19870619,25760.00,25791.00,25195.00,25288.00
19870622,25289.00,25294.00,24639.00,24640.00
19870623,24625.00,24980.00,24619.00,24795.00
19870624,24811.00,24999.00,24807.00,24893.00
19870625,24901.00,25135.00,24901.00,25031.00
19870626,25047.00,25311.00,25010.00,25050.00
19870627,25053.00,25065.00,24880.00,24903.00
19870629,24911.00,24950.00,24411.00,24509.00
19870630,24489.00,24489.00,23898.00,24176.00
19870701,24174.00,24288.00,23733.00,24252.00
19870702,24268.00,24668.00,24257.00,24636.00
19870703,24659.00,24861.00,24424.00,24465.00
19870704,24462.00,24462.00,24141.00,24159.00
19870706,24159.00,24159.00,23790.00,23871.00
19870707,23865.00,23923.00,23488.00,23816.00
19870708,23841.00,24116.00,23434.00,23472.00
19870709,23469.00,23810.00,23392.00,23756.00
19870710,23794.00,24153.00,23794.00,24103.00
19870713,24123.00,24237.00,24042.00,24118.00
19870714,24102.00,24111.00,23927.00,23932.00
19870715,23927.00,24021.00,23870.00,23970.00
19870716,23991.00,24113.00,23973.00,24004.00
19870717,24033.00,24127.00,23965.00,23983.00
19870720,23817.00,23981.00,23327.00,23329.00
19870721,23306.00,23366.00,22925.00,23078.00
19870722,23097.00,23204.00,22646.00,22703.00
19870723,22713.00,23047.00,22401.00,23037.00
19870724,23040.00,23946.00,23040.00,23943.00
19870725,23939.00,24029.00,23914.00,23965.00
19870727,23967.00,24108.00,23844.00,24105.00
19870728,24121.00,24386.00,24121.00,24386.00
19870729,24407.00,24538.00,24298.00,24427.00
19870730,24423.00,24533.00,24347.00,24510.00
19870731,24524.00,24723.00,24433.00,24488.00
19870801,24492.00,24756.00,24486.00,24756.00
19870803,24760.00,24775.00,24451.00,24484.00
19870804,24473.00,24473.00,24142.00,24173.00
19870805,24173.00,24310.00,24173.00,24297.00
19870806,24316.00,24676.00,24316.00,24658.00
19870807,24680.00,24813.00,24680.00,24801.00
19870810,24811.00,25122.00,24811.00,25120.00
19870811,25135.00,25356.00,25135.00,25283.00
19870812,25293.00,25567.00,25293.00,25560.00
19870813,25558.00,25600.00,25521.00,25576.00
19870814,25579.00,25665.00,25482.00,25494.00
19870817,25494.00,25504.00,25358.00,25379.00
19870818,25379.00,25480.00,25312.00,25344.00
19870819,25359.00,25384.00,25068.00,25232.00
19870820,25258.00,25417.00,25258.00,25397.00
19870821,25399.00,25627.00,25399.00,25559.00
19870822,25568.00,25772.00,25568.00,25765.00
19870824,25767.00,25878.00,25697.00,25754.00
19870825,25762.00,25789.00,25603.00,25643.00
19870826,25688.00,25882.00,25688.00,25876.00
19870827,25902.00,26041.00,25902.00,25969.00
19870828,25973.00,26003.00,25881.00,25975.00
19870829,25968.00,26048.00,25966.00,26048.00
19870831,26061.00,26160.00,26025.00,26029.00
19870901,26041.00,26178.00,26041.00,26118.00
19870902,26114.00,26127.00,25927.00,25947.00
19870903,25937.00,25937.00,25557.00,25650.00
19870904,25647.00,25809.00,25643.00,25744.00
19870905,25742.00,25793.00,25350.00,25355.00
19870907,25364.00,25377.00,24996.00,25004.00
19870908,24990.00,25247.00,24990.00,25204.00
19870909,25209.00,25309.00,24911.00,24938.00
19870910,24932.00,24968.00,24785.00,24795.00
19870911,24814.00,24896.00,24800.00,24828.00
19870914,24855.00,25122.00,24855.00,24954.00
19870916,24962.00,24997.00,24868.00,24968.00
19870917,24966.00,24966.00,24840.00,24855.00
19870918,24862.00,24954.00,24806.00,24845.00
19870921,24872.00,25125.00,24872.00,24912.00
19870922,24906.00,24906.00,24744.00,24866.00
19870924,24889.00,24992.00,24889.00,24945.00
19870925,24954.00,25110.00,24942.00,25096.00
19870926,25090.00,25513.00,25081.00,25513.00
19870928,25546.00,25919.00,25546.00,25837.00
19870929,25853.00,26085.00,25853.00,25998.00
19870930,25993.00,26013.00,25834.00,26011.00
19871001,26014.00,26030.00,25716.00,25722.00
19871002,25732.00,25876.00,25732.00,25862.00
19871003,25874.00,26007.00,25870.00,26007.00
19871005,25999.00,26052.00,25984.00,26018.00
19871006,26022.00,26089.00,25972.00,26089.00
19871007,26076.00,26076.00,25770.00,25952.00
19871008,25948.00,26287.00,25948.00,26287.00
19871009,26272.00,26382.00,26255.00,26339.00
19871012,26332.00,26332.00,26247.00,26285.00
19871013,26278.00,26439.00,26262.00,26401.00
19871014,26401.00,26647.00,26401.00,26646.00
19871015,26624.00,26624.00,26373.00,26428.00
19871016,26436.00,26436.00,26101.00,26367.00
19871019,26357.00,26357.00,25637.00,25747.00
19871020,25745.00,25745.00,21910.00,21910.00
19871022,23954.00,24982.00,23954.00,24404.00
19871023,24402.00,24402.00,23201.00,23201.00
19871024,23197.00,23593.00,23193.00,23299.00
19871026,23289.00,23362.00,21616.00,22203.00
19871027,22199.00,22884.00,22148.00,22835.00
19871028,22845.00,23211.00,22558.00,22578.00
19871029,22552.00,22552.00,22021.00,22034.00
19871030,22053.00,22768.00,22053.00,22765.00
19871031,22791.00,23331.00,22791.00,23329.00
19871102,23323.00,23359.00,23121.00,23359.00
19871104,23328.00,23328.00,23040.00,23061.00
19871105,23020.00,23020.00,22511.00,22630.00
19871106,22647.00,22907.00,22647.00,22795.00
19871107,22795.00,22795.00,22637.00,22637.00
19871109,22631.00,22631.00,22373.00,22418.00
19871110,22393.00,22393.00,21667.00,21686.00
19871111,21667.00,21757.00,20514.00,21037.00
19871112,21047.00,21576.00,21047.00,21547.00
19871113,21567.00,22455.00,21567.00,22448.00
19871116,22451.00,22651.00,22451.00,22615.00
19871117,22631.00,22681.00,22319.00,22344.00
19871118,22316.00,22734.00,22175.00,22734.00
19871119,22774.00,22870.00,22625.00,22669.00
19871120,22633.00,22706.00,22515.00,22706.00
19871124,22730.00,22946.00,22730.00,22856.00
19871125,22906.00,23220.00,22906.00,23220.00
19871126,23235.00,23306.00,23215.00,23282.00
19871127,23289.00,23314.00,23115.00,23269.00
19871128,23213.00,23213.00,22949.00,23052.00
19871130,22996.00,22996.00,22607.00,22687.00
19871201,22662.00,22844.00,22302.00,22833.00
19871202,22839.00,23026.00,22839.00,22915.00
19871203,22904.00,22904.00,22686.00,22808.00
19871204,22844.00,22924.00,22575.00,22603.00
19871205,22581.00,22678.00,22565.00,22673.00
19871207,22703.00,22782.00,22581.00,22587.00
19871208,22643.00,22951.00,22643.00,22948.00
19871209,22976.00,23150.00,22866.00,22886.00
19871210,22947.00,23281.00,22947.00,23281.00
19871211,23262.00,23262.00,23008.00,23036.00
19871214,23036.00,23091.00,22906.00,22926.00
19871215,22972.00,23156.00,22838.00,22847.00
19871216,22859.00,22939.00,22796.00,22819.00
19871217,22837.00,22907.00,22797.00,22900.00
19871218,22889.00,22899.00,22739.00,22827.00
19871221,22850.00,23057.00,22850.00,22957.00
19871222,22949.00,22980.00,22737.00,22741.00
19871223,22728.00,22734.00,22595.00,22694.00
19871224,22722.00,22793.00,22473.00,22543.00
19871226,22111.00,22113.00,21515.00,21533.00
19871228,21522.00,21564.00,20937.00,21564.00
19880104,21551.00,21551.00,21148.00,21217.00
19880105,21235.00,21714.00,21235.00,21575.00
19880106,21594.00,22793.00,21594.00,22791.00
19880107,22800.00,22985.00,22670.00,22792.00
19880108,22795.00,22962.00,22795.00,22873.00
19880111,22849.00,22849.00,22543.00,22578.00
19880112,22603.00,22687.00,22459.00,22625.00
19880113,22593.00,22593.00,22260.00,22325.00
19880114,22342.00,22605.00,22342.00,22604.00
19880118,22625.00,23141.00,22625.00,22910.00
19880119,22888.00,22963.00,22806.00,22898.00
19880120,22881.00,22881.00,22766.00,22843.00
19880121,22811.00,22811.00,22603.00,22710.00
19880122,22712.00,22877.00,22712.00,22877.00
19880123,22892.00,23132.00,22892.00,23125.00
19880125,23167.00,23344.00,23167.00,23318.00
19880126,23368.00,23539.00,23368.00,23499.00
19880127,23478.00,23478.00,23332.00,23336.00
19880128,23325.00,23592.00,23315.00,23587.00
19880129,23620.00,23746.00,23583.00,23622.00
19880130,23638.00,23728.00,23638.00,23719.00
19880201,23726.00,23820.00,23718.00,23732.00
19880202,23724.00,23740.00,23641.00,23672.00
19880203,23645.00,23645.00,23578.00,23595.00
19880204,23588.00,23776.00,23583.00,23709.00
19880205,23710.00,23755.00,23641.00,23651.00
19880206,23631.00,23792.00,23623.00,23792.00
19880208,23792.00,23846.00,23771.00,23772.00
19880209,23753.00,23753.00,23631.00,23662.00
19880210,23679.00,23789.00,23679.00,23772.00
19880212,23779.00,23983.00,23779.00,23982.00
19880215,23997.00,24207.00,23997.00,24207.00
19880216,24207.00,24369.00,24207.00,24346.00
19880217,24353.00,24438.00,24324.00,24430.00
19880218,24430.00,24678.00,24430.00,24675.00
19880219,24664.00,24774.00,24568.00,24773.00
19880222,24785.00,24949.00,24785.00,24847.00
19880223,24845.00,24950.00,24760.00,24949.00
19880224,24938.00,25013.00,24914.00,24969.00
19880225,24956.00,25142.00,24921.00,25101.00
19880226,25093.00,25249.00,25020.00,25165.00
19880227,25148.00,25289.00,25145.00,25285.00
19880229,25264.00,25264.00,25128.00,25243.00
19880301,25256.00,25437.00,25256.00,25436.00
19880302,25429.00,25683.00,25429.00,25683.00
19880303,25678.00,25757.00,25585.00,25596.00
19880304,25596.00,25680.00,25560.00,25616.00
19880305,25627.00,25707.00,25616.00,25628.00
19880307,25624.00,25643.00,25568.00,25617.00
19880308,25597.00,25597.00,25465.00,25466.00
19880309,25478.00,25621.00,25478.00,25605.00
19880310,25617.00,25686.00,25605.00,25618.00
19880311,25597.00,25636.00,25497.00,25544.00
19880314,25533.00,25553.00,25345.00,25434.00
19880315,25423.00,25480.00,25340.00,25476.00
19880316,25508.00,25720.00,25508.00,25704.00
19880317,25714.00,25876.00,25714.00,25872.00
19880318,25891.00,26013.00,25847.00,25966.00
19880322,25945.00,25945.00,25795.00,25843.00
19880323,25847.00,25960.00,25847.00,25895.00
19880324,25901.00,25958.00,25781.00,25781.00
19880325,25762.00,25762.00,25514.00,25627.00
19880326,25610.00,25610.00,25284.00,25321.00
19880328,25302.00,25628.00,25302.00,25623.00
19880329,25623.00,25981.00,25610.00,25953.00
19880330,25980.00,26320.00,25980.00,26320.00
19880331,26329.00,26377.00,26246.00,26260.00
19880401,26276.00,26350.00,26074.00,26104.00
19880402,26088.00,26282.00,26064.00,26282.00
19880404,26313.00,26446.00,26309.00,26335.00
19880405,26356.00,26428.00,26266.00,26315.00
19880406,26326.00,26511.00,26326.00,26511.00
19880407,26527.00,26781.00,26527.00,26769.00
19880408,26767.00,26926.00,26701.00,26749.00
19880411,26761.00,26998.00,26761.00,26925.00
19880412,26939.00,26986.00,26845.00,26931.00
19880413,26942.00,26995.00,26923.00,26986.00
19880414,26969.00,27123.00,26969.00,27111.00
19880415,27104.00,27104.00,26774.00,26894.00
19880418,26884.00,26984.00,26671.00,26671.00
19880419,26653.00,26677.00,26445.00,26657.00
19880420,26663.00,26894.00,26663.00,26864.00
19880421,26871.00,26871.00,26791.00,26828.00
19880422,26836.00,26910.00,26828.00,26837.00
19880423,26875.00,27058.00,26875.00,27058.00
19880425,27067.00,27262.00,27067.00,27213.00
19880426,27208.00,27339.00,27191.00,27247.00
19880427,27259.00,27327.00,27166.00,27192.00
19880428,27207.00,27434.00,27207.00,27434.00
19880430,27437.00,27510.00,27437.00,27510.00
19880502,27521.00,27671.00,27521.00,27670.00
19880506,27671.00,27671.00,27519.00,27534.00
19880507,27527.00,27528.00,27469.00,27488.00
19880509,27496.00,27555.00,27262.00,27264.00
19880510,27240.00,27413.00,27167.00,27412.00
19880511,27405.00,27502.00,27155.00,27161.00
19880512,27137.00,27275.00,26929.00,27213.00
19880513,27236.00,27472.00,27236.00,27468.00
19880516,27474.00,27764.00,27474.00,27760.00
19880517,27782.00,27967.00,27715.00,27820.00
19880518,27812.00,27815.00,27754.00,27768.00
19880519,27759.00,27759.00,27372.00,27373.00
19880520,27393.00,27530.00,27305.00,27394.00
19880523,27391.00,27393.00,27145.00,27250.00
19880524,27237.00,27349.00,27179.00,27313.00
19880525,27319.00,27479.00,27319.00,27444.00
19880526,27463.00,27641.00,27404.00,27428.00
19880527,27425.00,27462.00,27289.00,27290.00
19880528,27289.00,27289.00,26962.00,26963.00
19880530,26962.00,27239.00,26962.00,27223.00
19880531,27214.00,27418.00,27214.00,27417.00
19880601,27428.00,27796.00,27428.00,27704.00
19880602,27720.00,27943.00,27720.00,27869.00
19880603,27859.00,27905.00,27803.00,27822.00
19880604,27833.00,27935.00,27816.00,27906.00
19880606,27913.00,28060.00,27913.00,27996.00
19880607,27978.00,28057.00,27919.00,27967.00
19880608,27963.00,28024.00,27880.00,27913.00
19880609,27928.00,28174.00,27928.00,28072.00
19880610,28070.00,28089.00,27883.00,27920.00
19880613,27916.00,28048.00,27916.00,28038.00
19880614,28031.00,28086.00,27926.00,28062.00
19880615,28082.00,28294.00,28082.00,28094.00
19880616,28109.00,28228.00,28109.00,28147.00
19880617,28175.00,28395.00,28175.00,28342.00
19880620,28350.00,28390.00,28127.00,28139.00
19880621,28109.00,28109.00,27915.00,27926.00
19880622,27975.00,28200.00,27833.00,27861.00
19880623,27884.00,28009.00,27693.00,27733.00
19880624,27764.00,27879.00,27711.00,27750.00
19880625,27731.00,27731.00,27512.00,27556.00
19880627,27562.00,27598.00,27386.00,27435.00
19880628,27404.00,27444.00,27178.00,27398.00
19880629,27423.00,27692.00,27423.00,27607.00
19880630,27637.00,27820.00,27637.00,27769.00
19880701,27779.00,27828.00,27479.00,27504.00
19880702,27499.00,27499.00,27351.00,27363.00
19880704,27366.00,27471.00,27276.00,27360.00
19880705,27362.00,27585.00,27362.00,27577.00
19880706,27584.00,27767.00,27584.00,27767.00
19880707,27774.00,27817.00,27635.00,27728.00
19880708,27734.00,27947.00,27734.00,27917.00
19880711,27926.00,28044.00,27881.00,27986.00
19880712,27992.00,28102.00,27992.00,28100.00
19880713,28114.00,28179.00,27909.00,28020.00
19880714,28021.00,28133.00,27951.00,28084.00
19880715,28101.00,28207.00,27896.00,27914.00
19880718,27910.00,27975.00,27591.00,27662.00
19880719,27646.00,27646.00,27109.00,27149.00
19880720,27179.00,27572.00,27113.00,27554.00
19880721,27562.00,27676.00,27417.00,27676.00
19880722,27669.00,27669.00,27273.00,27285.00
19880723,27284.00,27324.00,27194.00,27301.00
19880725,27322.00,27391.00,27180.00,27184.00
19880726,27209.00,27347.00,27209.00,27304.00
19880727,27322.00,27751.00,27322.00,27739.00
19880728,27753.00,27940.00,27753.00,27796.00
19880729,27818.00,28042.00,27818.00,27912.00
19880730,27931.00,28200.00,27931.00,28200.00
19880801,28234.00,28409.00,28234.00,28326.00
19880802,28341.00,28381.00,28245.00,28366.00
19880803,28361.00,28390.00,28309.00,28348.00
19880804,28370.00,28476.00,28246.00,28293.00
19880805,28301.00,28429.00,28301.00,28423.00
19880806,28427.00,28427.00,28333.00,28362.00
19880808,28352.00,28394.00,28218.00,28253.00
19880809,28253.00,28295.00,28126.00,28170.00
19880810,28156.00,28156.00,27470.00,27555.00
19880811,27532.00,27832.00,27471.00,27785.00
19880812,27811.00,27957.00,27788.00,27834.00
19880815,27869.00,27958.00,27850.00,27901.00
19880816,27888.00,27903.00,27781.00,27897.00
19880817,27930.00,28181.00,27930.00,28179.00
19880818,28207.00,28323.00,28121.00,28129.00
19880819,28153.00,28220.00,28144.00,28209.00
19880822,28220.00,28282.00,28000.00,28079.00
19880823,28032.00,28032.00,27851.00,27920.00
19880824,27925.00,28004.00,27773.00,27800.00
19880825,27846.00,27938.00,27745.00,27870.00
19880826,27822.00,27822.00,27524.00,27565.00
19880827,27586.00,27723.00,27586.00,27679.00
19880829,27699.00,27827.00,27358.00,27379.00
19880830,27409.00,27515.00,27266.00,27512.00
19880831,27535.00,27614.00,27310.00,27366.00
19880901,27329.00,27329.00,26701.00,26934.00
19880902,26908.00,27124.00,26882.00,27117.00
19880903,27154.00,27570.00,27154.00,27488.00
19880905,27531.00,27644.00,27337.00,27342.00
19880906,27373.00,27449.00,27211.00,27321.00
19880907,27349.00,27516.00,27349.00,27504.00
19880908,27513.00,27744.00,27513.00,27740.00
19880909,27778.00,27874.00,27629.00,27647.00
19880912,27658.00,27759.00,27639.00,27757.00
19880913,27793.00,27914.00,27711.00,27794.00
19880914,27813.00,27900.00,27767.00,27806.00
19880916,27814.00,27878.00,27795.00,27866.00
19880919,27900.00,28034.00,27884.00,27901.00
19880920,27878.00,27878.00,27532.00,27549.00
19880921,27554.00,27713.00,27291.00,27713.00
19880922,27719.00,27805.00,27376.00,27428.00
19880924,27427.00,27427.00,27313.00,27390.00
19880926,27357.00,27440.00,27186.00,27334.00
19880927,27331.00,27500.00,27331.00,27500.00
19880928,27539.00,27814.00,27539.00,27752.00
19880929,27765.00,27853.00,27639.00,27700.00
19880930,27722.00,27927.00,27722.00,27924.00
19881001,27935.00,27935.00,27685.00,27700.00
19881003,27693.00,27776.00,27496.00,27546.00
19881004,27532.00,27532.00,27333.00,27501.00
19881005,27514.00,27583.00,27246.00,27405.00
19881006,27374.00,27396.00,27079.00,27172.00
19881007,27151.00,27261.00,26963.00,27258.00
19881011,27293.00,27580.00,27293.00,27470.00
19881012,27457.00,27457.00,27219.00,27409.00
19881013,27374.00,27374.00,27209.00,27273.00
19881014,27278.00,27372.00,27216.00,27307.00
19881017,27325.00,27367.00,27232.00,27269.00
19881018,27263.00,27265.00,27090.00,27142.00
19881019,27160.00,27302.00,27160.00,27294.00
19881020,27306.00,27429.00,27306.00,27391.00
19881021,27421.00,27582.00,27392.00,27401.00
19881022,27398.00,27417.00,27311.00,27339.00
19881024,27320.00,27378.00,27258.00,27282.00
19881025,27282.00,27422.00,27267.00,27421.00
19881026,27426.00,27707.00,27426.00,27621.00
19881027,27629.00,27767.00,27629.00,27723.00
19881028,27723.00,27758.00,27602.00,27741.00
19881029,27753.00,27961.00,27751.00,27961.00
19881031,27955.00,28046.00,27833.00,27983.00
19881101,27976.00,28095.00,27965.00,28014.00
19881102,28032.00,28109.00,27960.00,27985.00
19881104,28001.00,28063.00,27798.00,27953.00
19881105,27926.00,28066.00,27820.00,28047.00
19881107,28044.00,28044.00,27866.00,27866.00
19881108,28007.00,28007.00,28007.00,28007.00
19881109,28015.00,28249.00,28015.00,28213.00
19881110,28224.00,28318.00,28165.00,28166.00
19881111,28194.00,28493.00,28194.00,28490.00
19881114,28481.00,28531.00,28402.00,28521.00
19881115,28531.00,28854.00,28531.00,28829.00
19881116,28834.00,29013.00,28828.00,28996.00
19881117,28988.00,29120.00,28833.00,29077.00
19881118,29086.00,29225.00,29086.00,29180.00
19881121,29190.00,29357.00,29179.00,29284.00
19881122,29289.00,29433.00,29221.00,29430.00
19881123,29430.00,29430.00,29430.00,29430.00
19881124,29439.00,29479.00,29281.00,29340.00
19881125,29349.00,29438.00,29274.00,29407.00
19881126,29398.00,29398.00,29229.00,29364.00
19881128,29340.00,29340.00,28980.00,28983.00
19881129,28963.00,29318.00,28930.00,29318.00
19881130,29338.00,29580.00,29338.00,29579.00
19881201,29614.00,29684.00,29532.00,29541.00
19881202,29532.00,29619.00,29522.00,29532.00
19881203,29534.00,29666.00,29534.00,29666.00
19881205,29654.00,29656.00,29439.00,29615.00
19881206,29619.00,29768.00,29619.00,29669.00
19881207,29675.00,30051.00,29675.00,30051.00
19881208,30026.00,30026.00,29748.00,29759.00
19881209,29754.00,29802.00,29729.00,29793.00
19881212,29792.00,29848.00,29620.00,29672.00
19881213,29656.00,29690.00,29543.00,29598.00
19881214,29622.00,29772.00,29622.00,29755.00
19881215,29758.00,29795.00,29679.00,29706.00
19881216,29694.00,29727.00,29292.00,29537.00
19881219,29534.00,29630.00,29384.00,29470.00
19881220,29464.00,29623.00,29464.00,29568.00
19881221,29579.00,29698.00,29519.00,29698.00
19881222,29722.00,29826.00,29685.00,29775.00
19881223,29827.00,29958.00,29636.00,29686.00
19881224,29720.00,29750.00,29674.00,29686.00
19881226,29868.00,29868.00,29868.00,29868.00
19881227,29892.00,30085.00,29892.00,30051.00
19881228,30074.00,30264.00,30074.00,30159.00
19890104,30166.00,30273.00,30166.00,30244.00
19890105,30260.00,30398.00,30083.00,30184.00
19890106,30226.00,30313.00,30099.00,30210.00
19890109,30223.00,30678.00,30223.00,30678.00
19890110,30683.00,31007.00,30680.00,31007.00
19890111,31010.00,31243.00,30904.00,31143.00
19890112,31141.00,31155.00,31047.00,31143.00
19890113,31148.00,31321.00,31148.00,31298.00
19890117,31299.00,31317.00,31151.00,31228.00
19890118,31244.00,31365.00,31238.00,31355.00
19890119,31367.00,31464.00,31110.00,31311.00
19890120,31275.00,31275.00,31074.00,31170.00
19890123,31199.00,31333.00,31199.00,31333.00
19890124,31350.00,31559.00,31350.00,31558.00
19890125,31567.00,31664.00,31487.00,31568.00
19890126,31580.00,31586.00,31430.00,31512.00
19890127,31531.00,31683.00,31531.00,31646.00
19890128,31647.00,31730.00,31629.00,31679.00
19890130,31684.00,31743.00,31546.00,31568.00
19890131,31548.00,31582.00,31487.00,31581.00
19890201,31577.00,31581.00,31304.00,31361.00
19890202,31362.00,31515.00,31362.00,31498.00
19890203,31517.00,31688.00,31517.00,31686.00
19890206,31686.00,31856.00,31686.00,31829.00
19890207,31828.00,31966.00,31823.00,31881.00
19890208,31893.00,32066.00,31893.00,32065.00
19890209,32069.00,32270.00,32064.00,32078.00
19890210,32076.00,32132.00,31964.00,32132.00
19890213,32110.00,32127.00,31952.00,31985.00
19890214,31977.00,32077.00,31936.00,31983.00
19890215,31996.00,32172.00,31996.00,32149.00
19890216,32158.00,32355.00,31997.00,32084.00
19890217,32086.00,32258.00,32081.00,32173.00
19890220,32188.00,32303.00,32092.00,32177.00
19890221,32188.00,32254.00,31950.00,31980.00
19890222,32007.00,32313.00,32007.00,32312.00
19890223,32320.00,32509.00,32286.00,32452.00
19890227,32424.00,32598.00,32281.00,32286.00
19890228,32303.00,32352.00,31952.00,31986.00
19890301,32007.00,32281.00,31781.00,31964.00
19890302,31959.00,32107.00,31805.00,32074.00
19890303,32101.00,32318.00,31902.00,32000.00
19890306,31991.00,32016.00,31686.00,31877.00
19890307,31876.00,31993.00,31737.00,31938.00
19890308,31955.00,32119.00,31807.00,31838.00
19890309,31859.00,31891.00,31591.00,31656.00
19890310,31634.00,31704.00,31484.00,31702.00
19890313,31689.00,31694.00,31427.00,31553.00
19890314,31557.00,31736.00,31516.00,31724.00
19890315,31757.00,32103.00,31757.00,32100.00
19890316,32129.00,32283.00,32068.00,32098.00
19890317,32121.00,32224.00,31947.00,32021.00
19890320,32000.00,32000.00,31630.00,31655.00
19890322,31666.00,31788.00,31344.00,31443.00
19890323,31436.00,31656.00,31414.00,31589.00
19890324,31608.00,31700.00,31493.00,31493.00
19890327,31581.00,31717.00,31505.00,31512.00
19890328,31522.00,32308.00,31522.00,32306.00
19890329,32318.00,32738.00,32318.00,32737.00
19890330,32745.00,32913.00,32657.00,32826.00
19890331,32835.00,32964.00,32678.00,32839.00
19890403,32863.00,33077.00,32847.00,33042.00
19890404,33066.00,33340.00,33066.00,33312.00
19890405,33338.00,33413.00,33240.00,33361.00
19890406,33334.00,33334.00,32839.00,32996.00
19890407,33027.00,33218.00,33025.00,33185.00
19890410,33192.00,33224.00,32910.00,32999.00
19890411,32998.00,33307.00,32940.00,33250.00
19890412,33259.00,33435.00,33137.00,33256.00
19890413,33268.00,33336.00,32951.00,33064.00
19890414,33061.00,33151.00,32925.00,33150.00
19890417,33189.00,33402.00,33189.00,33308.00
19890418,33308.00,33362.00,33217.00,33322.00
19890419,33320.00,33414.00,33286.00,33364.00
19890420,33368.00,33397.00,33048.00,33185.00
19890421,33153.00,33153.00,32781.00,33030.00
19890424,33037.00,33115.00,32704.00,32806.00
19890425,32854.00,33318.00,32854.00,33245.00
19890426,33257.00,33446.00,33158.00,33435.00
19890427,33458.00,33565.00,33425.00,33501.00
19890428,33552.00,33738.00,33552.00,33713.00
19890501,33722.00,33881.00,33722.00,33793.00
19890502,33821.00,33978.00,33821.00,33955.00
19890508,33980.00,34171.00,33980.00,34135.00
19890509,34147.00,34175.00,33948.00,34032.00
19890510,34047.00,34154.00,33988.00,33992.00
19890511,34008.00,34082.00,33971.00,34081.00
19890512,34078.00,34094.00,33839.00,33866.00
19890515,33864.00,33864.00,33612.00,33716.00
19890516,33796.00,33931.00,33740.00,33926.00
19890517,33957.00,34040.00,33947.00,33992.00
19890518,33983.00,33999.00,33768.00,33856.00
19890519,33858.00,34007.00,33804.00,34001.00
19890522,34007.00,34124.00,34003.00,34068.00
19890523,34043.00,34043.00,33582.00,33817.00
19890524,33809.00,33934.00,33707.00,33852.00
19890525,33889.00,34006.00,33859.00,34005.00
19890526,34054.00,34192.00,34024.00,34192.00
19890529,34214.00,34338.00,34102.00,34161.00
19890530,34142.00,34162.00,33990.00,34077.00
19890531,34071.00,34269.00,34005.00,34267.00
19890601,34294.00,34328.00,33932.00,33981.00
19890602,33986.00,34065.00,33628.00,33667.00
19890605,33650.00,33809.00,33408.00,33457.00
19890606,33433.00,33574.00,33248.00,33452.00
19890607,33497.00,33677.00,33399.00,33627.00
19890608,33657.00,33838.00,33657.00,33718.00
19890609,33756.00,33812.00,33581.00,33640.00
19890612,33615.00,33615.00,33315.00,33398.00
19890613,33464.00,33556.00,33135.00,33214.00
19890614,33235.00,33408.00,33018.00,33403.00
19890615,33467.00,33525.00,32913.00,32913.00
19890616,32951.00,33195.00,32606.00,33055.00
19890619,33039.00,33051.00,32858.00,33013.00
19890620,33014.00,33283.00,33008.00,33233.00
19890621,33241.00,33377.00,33177.00,33345.00
19890622,33341.00,33427.00,33262.00,33325.00
19890623,33398.00,33702.00,33398.00,33531.00
19890626,33565.00,33693.00,33525.00,33626.00
19890627,33622.00,33646.00,33445.00,33469.00
19890628,33431.00,33431.00,32952.00,33246.00
19890629,33198.00,33223.00,32923.00,32956.00
19890630,32919.00,32950.00,32642.00,32949.00
19890703,32895.00,33236.00,32697.00,33236.00
19890704,33268.00,33280.00,33181.00,33190.00
19890705,33221.00,33358.00,33221.00,33310.00
19890706,33348.00,33516.00,33348.00,33423.00
19890707,33480.00,33714.00,33480.00,33704.00
19890710,33719.00,33843.00,33629.00,33676.00
19890711,33689.00,33799.00,33665.00,33747.00
19890712,33767.00,33816.00,33693.00,33702.00
19890713,33733.00,33778.00,33628.00,33631.00
19890714,33666.00,33699.00,33539.00,33575.00
19890717,33585.00,33594.00,33415.00,33456.00
19890718,33459.00,33465.00,33309.00,33344.00
19890719,33344.00,33558.00,33344.00,33557.00
19890720,33598.00,33701.00,33584.00,33665.00
19890721,33689.00,33971.00,33619.00,33899.00
19890724,33912.00,34095.00,33867.00,34093.00
19890725,34156.00,34543.00,34156.00,34539.00
19890726,34586.00,34771.00,34511.00,34516.00
19890727,34539.00,34788.00,34539.00,34785.00
19890728,34824.00,34946.00,34686.00,34706.00
19890731,34723.00,34955.00,34723.00,34954.00
19890801,34950.00,34964.00,34767.00,34898.00
19890802,34894.00,35016.00,34851.00,34899.00
19890803,34889.00,34930.00,34699.00,34780.00
19890804,34747.00,34747.00,34660.00,34742.00
19890807,34737.00,34759.00,34556.00,34630.00
19890808,34616.00,34761.00,34531.00,34759.00
19890809,34764.00,34861.00,34737.00,34859.00
19890810,34843.00,34911.00,34709.00,34720.00
19890811,34729.00,34832.00,34625.00,34713.00
19890814,34693.00,34725.00,34590.00,34672.00
19890815,34660.00,34813.00,34632.00,34811.00
19890816,34819.00,35086.00,34819.00,35084.00
19890817,35122.00,35192.00,34986.00,35090.00
19890818,35104.00,35126.00,34951.00,35063.00
19890821,35097.00,35191.00,35068.00,35141.00
19890822,35115.00,35158.00,35011.00,35114.00
19890823,35111.00,35179.00,34849.00,34893.00
19890824,34903.00,34958.00,34663.00,34787.00
19890825,34792.00,34892.00,34639.00,34740.00
19890828,34740.00,34749.00,34493.00,34607.00
19890829,34612.00,34688.00,34506.00,34688.00
19890830,34700.00,34759.00,34423.00,34472.00
19890831,34483.00,34516.00,34244.00,34431.00
19890901,34439.00,34491.00,34220.00,34348.00
19890904,34355.00,34559.00,34306.00,34484.00
19890905,34513.00,34635.00,34338.00,34442.00
19890906,34434.00,34436.00,34118.00,34271.00
19890907,34228.00,34300.00,34111.00,34153.00
19890908,34159.00,34316.00,34107.00,34116.00
19890911,34129.00,34165.00,33955.00,34114.00
19890912,34105.00,34333.00,34091.00,34333.00
19890913,34345.00,34345.00,34186.00,34287.00
19890914,34292.00,34410.00,34262.00,34402.00
19890918,34394.00,34525.00,34385.00,34473.00
19890919,34477.00,34581.00,34368.00,34471.00
19890920,34499.00,34560.00,34448.00,34471.00
19890921,34537.00,34759.00,34537.00,34745.00
19890922,34783.00,34865.00,34733.00,34772.00
19890925,34836.00,34990.00,34834.00,34961.00
19890926,34978.00,35445.00,34975.00,35445.00
19890927,35475.00,35654.00,35308.00,35371.00
19890928,35398.00,35690.00,35398.00,35690.00
19890929,35704.00,35778.00,35537.00,35637.00
19891002,35672.00,35771.00,35613.00,35623.00
19891003,35603.00,35603.00,35293.00,35366.00
19891004,35390.00,35419.00,35338.00,35383.00
19891005,35382.00,35537.00,35382.00,35523.00
19891006,35508.00,35508.00,35051.00,35209.00
19891009,35229.00,35405.00,35229.00,35376.00
19891011,35381.00,35399.00,35006.00,35240.00
19891012,35220.00,35220.00,34795.00,34795.00
19891013,34844.00,35119.00,34844.00,35116.00
19891016,35076.00,35076.00,34461.00,34469.00
19891017,34508.00,35184.00,34508.00,34996.00
19891018,35005.00,35152.00,34992.00,35108.00
19891019,35129.00,35392.00,35129.00,35374.00
19891020,35419.00,35611.00,35419.00,35486.00
19891023,35514.00,35670.00,35514.00,35586.00
19891024,35609.00,35651.00,35449.00,35527.00
19891025,35536.00,35645.00,35442.00,35442.00
19891026,35452.00,35697.00,35452.00,35678.00
19891027,35694.00,35743.00,35375.00,35527.00
19891030,35523.00,35523.00,35336.00,35417.00
19891031,35413.00,35583.00,35413.00,35549.00
19891101,35545.00,35640.00,35453.00,35564.00
19891102,35546.00,35556.00,35361.00,35495.00
19891106,35495.00,35573.00,35411.00,35434.00
19891107,35371.00,35371.00,35099.00,35270.00
19891108,35319.00,35629.00,35319.00,35596.00
19891109,35626.00,35690.00,35467.00,35657.00
19891110,35679.00,35742.00,35595.00,35663.00
19891113,35714.00,35800.00,35678.00,35750.00
19891114,35726.00,35776.00,35697.00,35769.00
19891115,35806.00,35977.00,35805.00,35852.00
19891116,35855.00,35953.00,35833.00,35876.00
19891117,35903.00,36025.00,35900.00,35964.00
19891120,35963.00,35975.00,35882.00,35894.00
19891121,35920.00,36060.00,35920.00,36060.00
19891122,36098.00,36388.00,36098.00,36287.00
19891124,36305.00,36486.00,36305.00,36484.00
19891127,36488.00,36883.00,36488.00,36882.00
19891128,36893.00,36987.00,36826.00,36985.00
19891129,36989.00,37129.00,36936.00,37021.00
19891130,37034.00,37269.00,37019.00,37269.00
19891201,37284.00,37333.00,37059.00,37133.00
19891204,37135.00,37313.00,37124.00,37304.00
19891205,37327.00,37548.00,37327.00,37494.00
19891206,37453.00,37654.00,37299.00,37654.00
19891207,37656.00,37858.00,37550.00,37858.00
19891208,37864.00,37880.00,37625.00,37724.00
19891211,37714.00,37840.00,37688.00,37753.00
19891212,37764.00,37900.00,37676.00,37804.00
19891213,37831.00,38062.00,37831.00,38062.00
19891214,38058.00,38202.00,37994.00,38181.00
19891215,38181.00,38273.00,38063.00,38271.00
19891218,38304.00,38586.00,38304.00,38586.00
19891219,38560.00,38560.00,38250.00,38439.00
19891220,38442.00,38572.00,38311.00,38512.00
19891221,38523.00,38540.00,38196.00,38215.00
19891222,38268.00,38428.00,37863.00,38040.00
19891225,38060.00,38467.00,37905.00,38424.00
19891226,38470.00,38786.00,38470.00,38681.00
19891227,38709.00,38884.00,38709.00,38802.00
19891228,38835.00,38920.00,38678.00,38877.00
19891229,38913.00,38957.00,38828.00,38916.00
19900104,38922.00,38951.00,38705.00,38713.00
19900105,38717.00,38787.00,38091.00,38275.00
19900108,38332.00,38564.00,38121.00,38295.00
19900109,38281.00,38297.00,37730.00,37951.00
19900110,37928.00,37928.00,37460.00,37697.00
19900111,37706.00,38170.00,37604.00,38170.00
19900112,38130.00,38130.00,37517.00,37517.00
19900116,37469.00,37469.00,36658.00,36850.00
19900117,36894.00,37285.00,36821.00,36821.00
19900118,36834.00,37003.00,36521.00,36729.00
19900119,36704.00,36840.00,36365.00,36837.00
19900122,36853.00,37257.00,36851.00,37257.00
19900123,37213.00,37379.00,37018.00,37378.00
19900124,37396.00,37463.00,36683.00,36779.00
19900125,36822.00,37082.00,36766.00,36969.00
19900126,36978.00,37088.00,36846.00,36874.00
19900129,36913.00,37225.00,36913.00,37174.00
19900130,37210.00,37336.00,37192.00,37216.00
19900131,37201.00,37208.00,36957.00,37189.00
19900201,37242.00,37332.00,37125.00,37206.00
19900202,37256.00,37665.00,37256.00,37650.00
19900205,37677.00,37732.00,37583.00,37631.00
19900206,37680.00,37887.00,37643.00,37667.00
19900207,37684.00,37693.00,37256.00,37302.00
19900208,37346.00,37516.00,37181.00,37516.00
19900209,37509.00,37509.00,37193.00,37288.00
19900213,37320.00,37351.00,37094.00,37107.00
19900214,37125.00,37183.00,37018.00,37156.00
19900215,37186.00,37585.00,37186.00,37472.00
19900216,37523.00,37674.00,37405.00,37460.00
19900219,37496.00,37611.00,37097.00,37223.00
19900220,37158.00,37158.00,36868.00,36896.00
19900221,36866.00,36866.00,35695.00,35734.00
19900222,35767.00,36148.00,35088.00,35827.00
19900223,35803.00,35803.00,34841.00,34891.00
19900226,34863.00,34863.00,32443.00,33322.00
19900227,33346.00,34001.00,32793.00,33898.00
19900228,33950.00,34756.00,33950.00,34592.00
19900301,34587.00,34588.00,33830.00,33830.00
19900302,33855.00,34092.00,33771.00,34058.00
19900305,34072.00,34118.00,33752.00,33845.00
19900306,33857.00,33989.00,33730.00,33791.00
19900307,33798.00,33807.00,33180.00,33362.00
19900308,33273.00,33939.00,32971.00,33691.00
19900309,33724.00,34320.00,33724.00,33993.00
19900312,33985.00,34006.00,33366.00,33368.00
19900313,33318.00,33318.00,32621.00,32621.00
19900314,32578.00,32762.00,32280.00,32352.00
19900315,32365.00,32720.00,32365.00,32672.00
19900316,32659.00,32918.00,32472.00,32616.00
19900319,32609.00,32721.00,31198.00,31263.00
19900320,31242.00,31551.00,30570.00,30807.00
19900322,30776.00,30776.00,28830.00,29843.00
19900323,29851.00,30372.00,29597.00,30372.00
19900326,30378.00,31840.00,30378.00,31840.00
19900327,31834.00,32164.00,31368.00,31826.00
19900328,31800.00,31800.00,31107.00,31264.00
19900329,31238.00,31438.00,30877.00,31026.00
19900330,31002.00,31002.00,29828.00,29980.00
19900402,29980.00,29980.00,28002.00,28002.00
19900403,28005.00,28791.00,27678.00,28760.00
19900404,28789.00,29143.00,28090.00,28443.00
19900405,28423.00,28423.00,27251.00,28249.00
19900406,28274.00,29279.00,28274.00,29279.00
19900409,29298.00,30524.00,29298.00,30398.00
19900410,30383.00,30383.00,29625.00,29625.00
19900411,29654.00,30003.00,29340.00,29440.00
19900412,29457.00,29688.00,29128.00,29623.00
19900413,29586.00,29586.00,28954.00,29214.00
19900416,29153.00,29153.00,28396.00,28463.00
19900417,28407.00,28861.00,28336.00,28462.00
19900418,28427.00,29250.00,28427.00,29249.00
19900419,29296.00,30034.00,29296.00,29945.00
19900420,29968.00,30200.00,29625.00,29835.00
19900423,29834.00,29953.00,29521.00,29679.00
19900424,29630.00,29630.00,29285.00,29501.00
19900425,29507.00,29711.00,29433.00,29564.00
19900426,29574.00,29680.00,29425.00,29425.00
19900427,29437.00,29637.00,29437.00,29585.00
19900501,29594.00,29691.00,29519.00,29690.00
19900502,29736.00,30174.00,29736.00,30174.00
19900507,30212.00,30957.00,30212.00,30956.00
19900508,30950.00,31040.00,30730.00,30971.00
19900509,30980.00,31111.00,30835.00,30946.00
19900510,30957.00,31261.00,30957.00,30980.00
19900511,31013.00,31513.00,31013.00,31512.00
19900514,31542.00,32071.00,31542.00,32043.00
19900515,32046.00,32323.00,31889.00,31997.00
19900516,31983.00,32083.00,31906.00,31968.00
19900517,31970.00,32179.00,31882.00,32062.00
19900518,32093.00,32203.00,31870.00,32014.00
19900521,31987.00,31987.00,31605.00,31765.00
19900522,31721.00,31938.00,31600.00,31938.00
19900523,31990.00,32317.00,31990.00,32177.00
19900524,32184.00,32329.00,32070.00,32312.00
19900525,32340.00,32839.00,32340.00,32794.00
19900528,32839.00,33224.00,32839.00,33192.00
19900529,33191.00,33204.00,32777.00,32818.00
19900530,32805.00,33002.00,32465.00,32926.00
19900531,32961.00,33228.00,32877.00,33131.00
19900601,33110.00,33110.00,32831.00,32891.00
19900604,32911.00,33082.00,32898.00,32925.00
19900605,32945.00,33054.00,32856.00,32922.00
19900606,32914.00,33052.00,32839.00,32954.00
19900607,32939.00,33217.00,32937.00,33193.00
19900608,33212.00,33345.00,32951.00,32993.00
19900611,32964.00,32964.00,32488.00,32540.00
19900612,32490.00,32594.00,32285.00,32322.00
19900613,32349.00,32466.00,32191.00,32372.00
19900614,32409.00,32756.00,32409.00,32668.00
19900615,32659.00,32714.00,32537.00,32538.00
19900618,32530.00,32634.00,32306.00,32377.00
19900619,32324.00,32324.00,31914.00,32040.00
19900620,32045.00,32182.00,32006.00,32088.00
19900621,32100.00,32317.00,31923.00,32087.00
19900622,32040.00,32040.00,31645.00,31695.00
19900625,31638.00,31638.00,31124.00,31124.00
19900626,31119.00,31573.00,31086.00,31572.00
19900627,31600.00,32313.00,31600.00,32313.00
19900628,32324.00,32339.00,31931.00,32106.00
19900629,32145.00,32343.00,31934.00,31940.00
19900702,31924.00,32160.00,31766.00,32160.00
19900703,32180.00,32415.00,32134.00,32415.00
19900704,32414.00,32627.00,32399.00,32446.00
19900705,32449.00,32591.00,32352.00,32352.00
19900706,32346.00,32482.00,32272.00,32445.00
19900709,32458.00,32609.00,32418.00,32538.00
19900710,32553.00,32553.00,32152.00,32152.00
19900711,32151.00,32457.00,32144.00,32294.00
19900712,32331.00,32578.00,32266.00,32575.00
19900713,32617.00,32768.00,32524.00,32644.00
19900716,32678.00,33022.00,32678.00,33022.00
19900717,33065.00,33178.00,32969.00,33172.00
19900718,33174.00,33187.00,32972.00,33048.00
19900719,33051.00,33078.00,32848.00,33056.00
19900720,33023.00,33023.00,32417.00,32422.00
19900723,32421.00,32421.00,31782.00,31895.00
19900724,31834.00,31924.00,31504.00,31702.00
19900725,31739.00,31846.00,31651.00,31701.00
19900726,31706.00,31795.00,31328.00,31370.00
19900727,31341.00,31341.00,30378.00,30863.00
19900730,30846.00,30846.00,30297.00,30443.00
19900731,30504.00,31041.00,30504.00,31036.00
19900801,31086.00,31372.00,30657.00,30838.00
19900802,30800.00,30800.00,29929.00,30245.00
19900803,30222.00,30222.00,29516.00,29516.00
19900806,29486.00,29486.00,28273.00,28600.00
19900807,28599.00,28599.00,27241.00,27653.00
19900808,27657.00,28522.00,27573.00,28509.00
19900809,28502.00,28502.00,27616.00,27616.00
19900810,27646.00,27919.00,27168.00,27330.00
19900813,27282.00,27282.00,25914.00,26176.00
19900814,26194.00,26789.00,25949.00,26673.00
19900815,26717.00,28159.00,26717.00,28112.00
19900816,28097.00,28097.00,27436.00,27549.00
19900817,27527.00,27527.00,26652.00,26787.00
19900820,26760.00,26924.00,26456.00,26490.00
19900821,26549.00,26956.00,26298.00,26298.00
19900822,26254.00,26254.00,24845.00,25211.00
19900823,25199.00,25199.00,23649.00,23738.00
19900824,23731.00,24485.00,23547.00,24166.00
19900827,24183.00,25142.00,24183.00,25142.00
19900828,25146.00,25914.00,25146.00,25711.00
19900829,25701.00,25701.00,24855.00,24895.00
19900830,24916.00,25673.00,24751.00,25670.00
19900831,25646.00,26183.00,25561.00,25978.00
19900903,26014.00,26163.00,25418.00,25420.00
19900904,25429.00,25460.00,24803.00,24908.00
19900905,24888.00,24888.00,23641.00,24078.00
19900906,24096.00,24268.00,23620.00,23812.00
19900907,23787.00,24045.00,23406.00,23962.00
19900910,23997.00,25081.00,23997.00,25081.00
19900911,25064.00,25064.00,24471.00,24605.00
19900912,24601.00,25288.00,24464.00,25216.00
19900913,25254.00,25488.00,25012.00,25075.00
19900914,25064.00,25064.00,24834.00,24897.00
19900917,24889.00,24889.00,24286.00,24366.00
19900918,24331.00,24331.00,23308.00,23885.00
19900919,23879.00,24131.00,23726.00,23726.00
19900920,23734.00,23836.00,23432.00,23603.00
19900921,23570.00,23782.00,23050.00,23778.00
19900925,23762.00,23762.00,23219.00,23359.00
19900926,23371.00,23518.00,22251.00,22251.00
19900927,22232.00,22312.00,21532.00,21772.00
19900928,21756.00,21756.00,20671.00,20984.00
19901001,20986.00,21076.00,19782.00,20222.00
19901002,20222.00,22899.00,20222.00,22898.00
19901003,22898.00,23463.00,22578.00,22849.00
19901004,22829.00,22829.00,22260.00,22278.00
19901005,22308.00,23140.00,22308.00,22828.00
19901008,22858.00,23630.00,22858.00,23630.00
19901009,23643.00,23971.00,23362.00,23495.00
19901011,23480.00,23480.00,22521.00,22586.00
19901012,22557.00,22557.00,22132.00,22390.00
19901015,22404.00,23109.00,22404.00,23109.00
19901016,23143.00,23819.00,23143.00,23606.00
19901017,23615.00,24054.00,23551.00,23859.00
19901018,23858.00,24367.00,23763.00,24367.00
19901019,24364.00,25003.00,24364.00,24481.00
19901022,24490.00,25232.00,24490.00,25071.00
19901023,25099.00,25433.00,25084.00,25298.00
19901024,25271.00,25271.00,24677.00,24877.00
19901025,24908.00,25486.00,24908.00,25353.00
19901026,25323.00,25323.00,24866.00,25006.00
19901029,25004.00,25393.00,25004.00,25329.00
19901030,25329.00,25329.00,24885.00,25242.00
19901031,25253.00,25445.00,25145.00,25194.00
19901101,25160.00,25160.00,24205.00,24295.00
19901102,24244.00,24385.00,23672.00,24195.00
19901105,24232.00,24575.00,24232.00,24385.00
19901106,24416.00,24645.00,23868.00,23966.00
19901107,23938.00,23938.00,23401.00,23500.00
19901108,23444.00,23444.00,22834.00,22970.00
19901109,22947.00,22947.00,22482.00,22932.00
19901113,22939.00,23974.00,22939.00,23974.00
19901114,23941.00,24046.00,23630.00,23937.00
19901115,23931.00,23960.00,23453.00,23487.00
19901116,23455.00,23455.00,22874.00,23172.00
19901119,23193.00,23518.00,23177.00,23518.00
19901120,23479.00,23479.00,23203.00,23205.00
19901121,23158.00,23158.00,22615.00,22817.00
19901122,22821.00,23400.00,22821.00,23400.00
19901126,23417.00,23766.00,23417.00,23698.00
19901127,23737.00,23737.00,23533.00,23624.00
19901128,23610.00,23767.00,23046.00,23054.00
19901129,23031.00,23031.00,22266.00,22713.00
19901130,22684.00,22684.00,21934.00,22455.00
19901203,22457.00,23034.00,22457.00,22726.00
19901204,22679.00,22679.00,21862.00,21863.00
19901205,21902.00,22251.00,21627.00,22194.00
19901206,22239.00,22609.00,22239.00,22553.00
19901207,22592.00,23538.00,22592.00,23522.00
19901210,23565.00,23862.00,23351.00,23785.00
19901211,23760.00,24006.00,23434.00,23957.00
19901212,23956.00,24326.00,23893.00,23999.00
19901213,24036.00,24643.00,24036.00,24643.00
19901214,24637.00,24637.00,24174.00,24350.00
19901217,24327.00,24327.00,24017.00,24088.00
19901218,24094.00,24424.00,24094.00,24424.00
19901219,24473.00,25064.00,24473.00,24877.00
19901220,24853.00,24853.00,24516.00,24525.00
19901221,24495.00,24495.00,23964.00,24120.00
19901225,24090.00,24090.00,23768.00,23768.00
19901226,23785.00,23976.00,23695.00,23888.00
19901227,23938.00,24264.00,23866.00,23941.00
19901228,23954.00,24055.00,23771.00,23849.00
19910104,23827.00,24110.00,23796.00,24069.00
19910107,24037.00,24037.00,23736.00,23737.00
19910108,23708.00,23708.00,22859.00,22898.00
19910109,22847.00,23099.00,22662.00,22969.00
19910110,22925.00,23185.00,22712.00,23047.00
19910111,23078.00,23241.00,22856.00,23241.00
19910114,23198.00,23239.00,22911.00,23213.00
19910116,23140.00,23140.00,22382.00,22443.00
19910117,22403.00,23447.00,22100.00,23447.00
19910118,23479.00,24050.00,23323.00,23808.00
19910121,23755.00,23755.00,23352.00,23352.00
19910122,23372.00,23497.00,23202.00,23254.00
19910123,23173.00,23173.00,22952.00,23050.00
19910124,23114.00,23395.00,23114.00,23269.00
19910125,23343.00,23608.00,23343.00,23573.00
19910128,23575.00,23575.00,23463.00,23569.00
19910129,23563.00,23609.00,23422.00,23460.00
19910130,23444.00,23555.00,23405.00,23410.00
19910131,23477.00,23655.00,23222.00,23293.00
19910201,23271.00,23271.00,22860.00,23157.00
19910204,23179.00,23294.00,23135.00,23287.00
19910205,23367.00,23822.00,23367.00,23822.00
19910206,23877.00,24311.00,23877.00,23952.00
19910207,24001.00,24162.00,23926.00,24104.00
19910208,24114.00,24384.00,24092.00,24296.00
19910212,24333.00,25074.00,24333.00,24935.00
19910213,24933.00,25226.00,24881.00,25139.00
19910214,25185.00,25406.00,25185.00,25356.00
19910215,25322.00,25345.00,25010.00,25344.00
19910218,25378.00,26230.00,25378.00,26230.00
19910219,26244.00,26482.00,26052.00,26167.00
19910220,26153.00,26340.00,25836.00,26199.00
19910221,26137.00,26217.00,25954.00,26024.00
19910222,26059.00,26265.00,25903.00,25903.00
19910225,25908.00,26467.00,25852.00,26463.00
19910226,26500.00,26710.00,26255.00,26283.00
19910227,26229.00,26229.00,25987.00,26094.00
19910228,26177.00,26624.00,26177.00,26409.00
19910301,26389.00,26389.00,25857.00,25882.00
19910304,25852.00,26029.00,25813.00,25976.00
19910305,25981.00,26149.00,25897.00,25913.00
19910306,25982.00,26390.00,25982.00,26383.00
19910307,26365.00,26478.00,26244.00,26398.00
19910308,26432.00,26608.00,26379.00,26608.00
19910311,26630.00,26754.00,26610.00,26669.00
19910312,26644.00,26745.00,26606.00,26727.00
19910313,26692.00,26692.00,26389.00,26418.00
19910314,26478.00,26591.00,26366.00,26542.00
19910315,26561.00,27003.00,26522.00,26843.00
19910318,26916.00,27270.00,26916.00,27147.00
19910319,27066.00,27193.00,26927.00,27007.00
19910320,26903.00,26903.00,26449.00,26449.00
19910322,26514.00,26783.00,26514.00,26613.00
19910325,26603.00,26803.00,26603.00,26646.00
19910326,26674.00,26708.00,26323.00,26339.00
19910327,26432.00,26609.00,26105.00,26105.00
19910328,26027.00,26316.00,25786.00,26207.00
19910329,26212.00,26340.00,26085.00,26292.00
19910401,26238.00,26238.00,25914.00,26007.00
19910402,25956.00,26275.00,25914.00,26252.00
19910403,26323.00,26803.00,26323.00,26780.00
19910404,26753.00,26793.00,26608.00,26690.00
19910405,26708.00,26787.00,26598.00,26767.00
19910408,26765.00,26825.00,26591.00,26608.00
19910409,26560.00,26587.00,26317.00,26317.00
19910410,26271.00,26370.00,26191.00,26269.00
19910411,26308.00,26444.00,26211.00,26425.00
19910412,26429.00,26607.00,26393.00,26583.00
19910415,26620.00,26896.00,26620.00,26696.00
19910416,26746.00,26894.00,26615.00,26813.00
19910417,26859.00,27092.00,26859.00,26980.00
19910418,26995.00,27043.00,26700.00,26799.00
19910419,26753.00,26753.00,26517.00,26542.00
19910422,26492.00,26492.00,26237.00,26237.00
19910423,26189.00,26569.00,26078.00,26492.00
19910424,26516.00,26586.00,26329.00,26330.00
19910425,26316.00,26342.00,26038.00,26039.00
19910426,26100.00,26256.00,25994.00,26124.00
19910430,26147.00,26259.00,26094.00,26111.00
19910501,26194.00,26530.00,26194.00,26489.00
19910502,26518.00,26649.00,26414.00,26478.00
19910507,26500.00,26524.00,26326.00,26342.00
19910508,26313.00,26368.00,26178.00,26310.00
19910509,26301.00,26470.00,26290.00,26439.00
19910510,26440.00,26449.00,26213.00,26274.00
19910513,26215.00,26338.00,26092.00,26093.00
19910514,26084.00,26283.00,26030.00,26030.00
19910515,26002.00,26002.00,25742.00,25822.00
19910516,25762.00,25771.00,25497.00,25520.00
19910517,25583.00,25789.00,25583.00,25702.00
19910520,25731.00,25739.00,25331.00,25523.00
19910521,25461.00,25556.00,25228.00,25481.00
19910522,25515.00,25769.00,25399.00,25399.00
19910523,25466.00,25721.00,25351.00,25644.00
19910524,25678.00,25741.00,25451.00,25529.00
19910527,25544.00,25638.00,25353.00,25426.00
19910528,25406.00,25517.00,25341.00,25391.00
19910529,25457.00,25650.00,25457.00,25495.00
19910530,25556.00,25720.00,25556.00,25647.00
19910531,25717.00,25901.00,25717.00,25790.00
19910603,25841.00,26017.00,25745.00,25913.00
19910604,25818.00,25818.00,25540.00,25557.00
19910605,25545.00,25625.00,25271.00,25290.00
19910606,25299.00,25299.00,24912.00,24984.00
19910607,25031.00,25213.00,25027.00,25035.00
19910610,25001.00,25001.00,24598.00,24598.00
19910611,24572.00,24721.00,24460.00,24663.00
19910612,24719.00,24876.00,24483.00,24483.00
19910613,24455.00,24808.00,24334.00,24808.00
19910614,24825.00,25136.00,24825.00,25094.00
19910617,25090.00,25100.00,24892.00,24943.00
19910618,24885.00,24885.00,24649.00,24685.00
19910619,24657.00,24657.00,23895.00,23997.00
19910620,23990.00,24218.00,23885.00,24082.00
19910621,24095.00,24428.00,24048.00,24275.00
19910624,24263.00,24263.00,23763.00,23765.00
19910625,23695.00,23907.00,23436.00,23907.00
19910626,23932.00,24123.00,23744.00,23766.00
19910627,23700.00,23835.00,23391.00,23543.00
19910628,23575.00,23716.00,23215.00,23291.00
19910701,23377.00,24180.00,23377.00,24109.00
19910702,24137.00,24322.00,23996.00,23996.00
19910703,23924.00,23924.00,23344.00,23373.00
19910704,23292.00,23315.00,22902.00,23136.00
19910705,23191.00,23364.00,22898.00,22898.00
19910708,22885.00,22970.00,22175.00,22176.00
19910709,22214.00,22668.00,21731.00,22609.00
19910710,22651.00,23179.00,22520.00,23121.00
19910711,23090.00,23090.00,22878.00,22938.00
19910712,22964.00,23153.00,22964.00,23138.00
19910715,23194.00,23523.00,23194.00,23459.00
19910716,23483.00,23598.00,23374.00,23375.00
19910717,23308.00,23308.00,23047.00,23061.00
19910718,23045.00,23045.00,22660.00,22909.00
19910719,22923.00,23064.00,22841.00,22866.00
19910722,22874.00,23006.00,22705.00,22705.00
19910723,22689.00,22842.00,22541.00,22759.00
19910724,22779.00,23297.00,22779.00,23297.00
19910725,23305.00,23441.00,23212.00,23333.00
19910726,23288.00,23675.00,23101.00,23519.00
19910729,23546.00,23665.00,23418.00,23444.00
19910730,23467.00,23956.00,23467.00,23873.00
19910731,23905.00,24157.00,23905.00,24121.00
19910801,24074.00,24074.00,23856.00,24073.00
19910802,23971.00,24048.00,23822.00,24028.00
19910805,24041.00,24084.00,23830.00,23833.00
19910806,23789.00,23789.00,23463.00,23465.00
19910807,23560.00,23704.00,23431.00,23691.00
19910808,23717.00,23839.00,23475.00,23482.00
19910809,23482.00,23539.00,23373.00,23435.00
19910812,23415.00,23415.00,22986.00,22986.00
19910813,22928.00,23114.00,22844.00,22872.00
19910814,22904.00,23393.00,22904.00,23393.00
19910815,23331.00,23365.00,23019.00,23019.00
19910816,23021.00,23139.00,22798.00,22814.00
19910819,22779.00,22779.00,21455.00,21457.00
19910820,21486.00,21872.00,21309.00,21687.00
19910821,21746.00,22441.00,21746.00,22052.00
19910822,22111.00,22683.00,22111.00,22516.00
19910823,22482.00,22482.00,22025.00,22065.00
19910826,22064.00,22065.00,21534.00,21592.00
19910827,21553.00,21872.00,21459.00,21641.00
19910828,21665.00,21802.00,21572.00,21622.00
19910829,21708.00,22057.00,21708.00,22002.00
19910830,22059.00,22350.00,22059.00,22336.00
19910902,22329.00,22594.00,22175.00,22469.00
19910903,22517.00,22597.00,22419.00,22470.00
19910904,22452.00,22462.00,22312.00,22403.00
19910905,22391.00,22621.00,22370.00,22500.00
19910906,22493.00,22999.00,22489.00,22693.00
19910909,22727.00,22954.00,22574.00,22574.00
19910910,22595.00,22612.00,22356.00,22412.00
19910911,22355.00,22574.00,22270.00,22505.00
19910912,22516.00,22723.00,22505.00,22530.00
19910913,22558.00,23134.00,22558.00,23134.00
19910917,23182.00,23560.00,23182.00,23444.00
19910918,23440.00,23499.00,23259.00,23318.00
19910919,23327.00,23582.00,23220.00,23332.00
19910920,23382.00,23555.00,23179.00,23193.00
19910924,23191.00,23462.00,23183.00,23334.00
19910925,23404.00,23624.00,23404.00,23577.00
19910926,23617.00,23974.00,23537.00,23968.00
19910927,23982.00,24158.00,23927.00,23969.00
19910930,23959.00,24046.00,23862.00,23916.00
19911001,23910.00,24442.00,23862.00,24377.00
19911002,24405.00,24477.00,24323.00,24375.00
19911003,24372.00,24746.00,24262.00,24711.00
19911004,24700.00,24703.00,24440.00,24597.00
19911007,24560.00,24560.00,24312.00,24331.00
19911008,24271.00,24387.00,24156.00,24156.00
19911009,24140.00,24485.00,24115.00,24485.00
19911011,24466.00,24467.00,24139.00,24158.00
19911014,24126.00,24235.00,23861.00,23861.00
19911015,23916.00,24308.00,23916.00,24308.00
19911016,24318.00,24424.00,24221.00,24335.00
19911017,24345.00,24643.00,24345.00,24440.00
19911018,24486.00,24898.00,24486.00,24895.00
19911021,24946.00,25101.00,24918.00,25017.00
19911022,24943.00,24994.00,24755.00,24955.00
19911023,24891.00,24891.00,24716.00,24800.00
19911024,24838.00,25088.00,24838.00,24949.00
19911025,24912.00,24974.00,24820.00,24906.00
19911028,24912.00,25024.00,24864.00,24902.00
19911029,25000.00,25255.00,25000.00,25141.00
19911030,25157.00,25255.00,24981.00,24981.00
19911031,24985.00,25223.00,24957.00,25222.00
19911101,25167.00,25167.00,24948.00,25044.00
19911105,25060.00,25101.00,24887.00,24951.00
19911106,24911.00,24911.00,24722.00,24750.00
19911107,24731.00,24845.00,24447.00,24447.00
19911108,24544.00,24678.00,24389.00,24486.00
19911111,24438.00,24438.00,24233.00,24233.00
19911112,24259.00,24689.00,24259.00,24668.00
19911113,24726.00,24814.00,24416.00,24416.00
19911114,24413.00,24550.00,24089.00,24177.00
19911115,24198.00,24245.00,23993.00,24099.00
19911118,24011.00,24011.00,23310.00,23400.00
19911119,23477.00,23673.00,23326.00,23327.00
19911120,23272.00,23335.00,23018.00,23200.00
19911121,23244.00,23379.00,22998.00,23178.00
19911122,23194.00,23210.00,22925.00,23117.00
19911125,23078.00,23078.00,22763.00,22869.00
19911126,22895.00,23163.00,22895.00,23112.00
19911127,23208.00,23308.00,22973.00,22973.00
19911128,22939.00,22939.00,22635.00,22780.00
19911129,22792.00,22965.00,22538.00,22687.00
19911202,22646.00,22646.00,21992.00,21992.00
19911203,22037.00,22365.00,21923.00,22167.00
19911204,22182.00,22737.00,22182.00,22669.00
19911205,22650.00,22650.00,22403.00,22459.00
19911206,22473.00,22495.00,22336.00,22445.00
19911209,22435.00,22435.00,22251.00,22353.00
19911210,22345.00,22350.00,21833.00,21953.00
19911211,21901.00,21901.00,21124.00,21503.00
19911212,21552.00,22035.00,21552.00,21713.00
19911213,21716.00,22759.00,21716.00,22755.00
19911216,22767.00,22894.00,22547.00,22837.00
19911217,22827.00,22996.00,22736.00,22736.00
19911218,22670.00,22670.00,22402.00,22630.00
19911219,22552.00,22552.00,21974.00,21991.00
19911220,22009.00,22201.00,21768.00,21777.00
19911224,21820.00,22244.00,21452.00,21665.00
19911225,21706.00,22464.00,21706.00,22461.00
19911226,22498.00,22813.00,22356.00,22555.00
19911227,22626.00,22810.00,22389.00,22437.00
19911230,22508.00,23022.00,22508.00,22984.00
19920106,23031.00,23802.00,23031.00,23801.00
19920107,23781.00,23902.00,23514.00,23566.00
19920108,23540.00,23540.00,22705.00,22715.00
19920109,22737.00,23115.00,22544.00,23114.00
19920110,23018.00,23018.00,22203.00,22382.00
19920113,22300.00,22300.00,21597.00,21697.00
19920114,21668.00,22020.00,21663.00,21775.00
19920116,21875.00,22135.00,21501.00,21612.00
19920117,21544.00,21660.00,21146.00,21321.00
19920120,21349.00,21381.00,20685.00,20914.00
19920121,20967.00,21241.00,20638.00,20858.00
19920122,20851.00,21534.00,20703.00,21534.00
19920123,21589.00,21794.00,21441.00,21581.00
19920124,21528.00,21528.00,21009.00,21072.00
19920127,21061.00,21079.00,20860.00,21007.00
19920128,21028.00,21421.00,21028.00,21391.00
19920129,21450.00,21581.00,21218.00,21362.00
19920130,21372.00,21779.00,21334.00,21558.00
19920131,21620.00,22343.00,21620.00,22023.00
19920203,22076.00,22341.00,21974.00,22140.00
19920204,22099.00,22117.00,21836.00,22000.00
19920205,21970.00,22136.00,21845.00,21936.00
19920206,21975.00,22285.00,21975.00,22105.00
19920207,22169.00,22373.00,22103.00,22107.00
19920210,22054.00,22054.00,21820.00,21820.00
19920212,21781.00,21781.00,21476.00,21542.00
19920213,21497.00,21597.00,21349.00,21391.00
19920214,21393.00,21406.00,20884.00,20884.00
19920217,20851.00,21326.00,20574.00,21325.00
19920218,21264.00,21294.00,20807.00,20872.00
19920219,20794.00,20794.00,20486.00,20618.00
19920220,20632.00,20837.00,20621.00,20772.00
19920221,20850.00,21292.00,20850.00,21292.00
19920224,21287.00,21287.00,20890.00,20973.00
19920225,20922.00,21094.00,20744.00,21026.00
19920226,21016.00,21377.00,20940.00,21365.00
19920227,21398.00,21548.00,21303.00,21334.00
19920228,21354.00,21375.00,21241.00,21339.00
19920302,21348.00,21551.00,21343.00,21488.00
19920303,21503.00,21530.00,21052.00,21052.00
19920304,21015.00,21112.00,20863.00,21105.00
19920305,21096.00,21112.00,20864.00,20864.00
19920306,20848.00,21114.00,20841.00,20993.00
19920309,20990.00,20990.00,20696.00,20798.00
19920310,20770.00,20855.00,20627.00,20855.00
19920311,20811.00,20811.00,20568.00,20592.00
19920312,20535.00,20714.00,20332.00,20562.00
19920313,20555.00,20591.00,20168.00,20456.00
19920316,20443.00,20443.00,19790.00,19837.00
19920317,19830.00,19991.00,19688.00,19918.00
19920318,19878.00,19878.00,19491.00,19764.00
19920319,19789.00,20214.00,19733.00,20185.00
19920323,20235.00,20435.00,20160.00,20240.00
19920324,20200.00,20200.00,19866.00,19892.00
19920325,19884.00,20230.00,19814.00,20227.00
19920326,20257.00,20351.00,19885.00,19885.00
19920327,19886.00,19943.00,19587.00,19637.00
19920330,19615.00,19807.00,19446.00,19669.00
19920331,19742.00,19915.00,19343.00,19346.00
19920401,19325.00,19325.00,18563.00,18582.00
19920402,18595.00,18804.00,18024.00,18286.00
19920403,18345.00,18560.00,17847.00,18560.00
19920406,18597.00,18671.00,18377.00,18436.00
19920407,18438.00,18450.00,17775.00,17792.00
19920408,17743.00,17743.00,16892.00,17176.00
19920409,17137.00,17586.00,16598.00,16598.00
19920410,16622.00,17851.00,16622.00,17851.00
19920413,17880.00,17938.00,17153.00,17237.00
19920414,17238.00,17608.00,16880.00,17440.00
19920415,17492.00,18041.00,17492.00,17948.00
19920416,18000.00,18193.00,17769.00,17960.00
19920417,17917.00,17917.00,17490.00,17581.00
19920420,17548.00,17548.00,16936.00,17071.00
19920421,17014.00,17125.00,16683.00,16787.00
19920422,16824.00,16931.00,16572.00,16839.00
19920423,16864.00,17431.00,16833.00,17402.00
19920424,17441.00,17563.00,17121.00,17542.00
19920427,17525.00,17616.00,17301.00,17451.00
19920428,17474.00,17607.00,17379.00,17527.00
19920430,17559.00,17582.00,17364.00,17391.00
19920501,17375.00,17454.00,17273.00,17303.00
19920506,17326.00,17930.00,17326.00,17879.00
19920507,17875.00,18411.00,17654.00,18411.00
19920508,18378.00,18500.00,18172.00,18376.00
19920511,18408.00,18667.00,18408.00,18608.00
19920512,18635.00,18717.00,18469.00,18509.00
19920513,18514.00,18804.00,18426.00,18769.00
19920514,18805.00,19004.00,18804.00,18805.00
19920515,18763.00,18763.00,18034.00,18074.00
19920518,18128.00,18458.00,18128.00,18443.00
19920519,18480.00,18776.00,18480.00,18754.00
19920520,18774.00,18928.00,18636.00,18675.00
19920521,18639.00,18761.00,18553.00,18691.00
19920522,18622.00,18622.00,18191.00,18221.00
19920525,18222.00,18555.00,18222.00,18555.00
19920526,18520.00,18520.00,18204.00,18205.00
19920527,18167.00,18167.00,17648.00,17823.00
19920528,17817.00,17944.00,17686.00,17931.00
19920529,17968.00,18364.00,17968.00,18348.00
19920601,18328.00,18503.00,18003.00,18004.00
19920602,18057.00,18308.00,17953.00,18126.00
19920603,18142.00,18317.00,18118.00,18189.00
19920604,18182.00,18182.00,17893.00,17964.00
19920605,17900.00,17900.00,17724.00,17790.00
19920608,17796.00,17796.00,17390.00,17655.00
19920609,17642.00,17862.00,17550.00,17845.00
19920610,17827.00,17972.00,17576.00,17743.00
19920611,17713.00,17886.00,17649.00,17709.00
19920612,17722.00,17785.00,17331.00,17384.00
19920615,17339.00,17339.00,16926.00,16953.00
19920616,16987.00,17133.00,16865.00,16954.00
19920617,16923.00,16923.00,16445.00,16446.00
19920618,16393.00,16404.00,16031.00,16046.00
19920619,16089.00,16545.00,16089.00,16520.00
19920622,16570.00,16650.00,15886.00,15921.00
19920623,15917.00,16215.00,15861.00,16107.00
19920624,16148.00,16313.00,15816.00,15854.00
19920625,15868.00,16218.00,15733.00,16144.00
19920626,16192.00,16227.00,15760.00,15813.00
19920629,15835.00,15882.00,15642.00,15741.00
19920630,15785.00,16061.00,15785.00,15952.00
19920701,15961.00,16326.00,15732.00,16325.00
19920702,16328.00,16803.00,16240.00,16758.00
19920703,16739.00,16956.00,16618.00,16718.00
19920706,16716.00,16852.00,16625.00,16657.00
19920707,16678.00,16710.00,16421.00,16460.00
19920708,16435.00,16600.00,16272.00,16600.00
19920709,16602.00,16927.00,16572.00,16849.00
19920710,16878.00,17024.00,16716.00,16784.00
19920713,16796.00,17202.00,16742.00,17202.00
19920714,17166.00,17259.00,16962.00,17065.00
19920715,17092.00,17274.00,17092.00,17117.00
19920716,17098.00,17098.00,16918.00,16988.00
19920717,16969.00,16969.00,16548.00,16548.00
19920720,16490.00,16490.00,15854.00,15884.00
19920721,15863.00,16055.00,15771.00,16002.00
19920722,16034.00,16060.00,15432.00,15542.00
19920723,15504.00,16084.00,15333.00,16040.00
19920724,16015.00,16015.00,15491.00,15498.00
19920727,15533.00,15974.00,15288.00,15373.00
19920728,15345.00,15511.00,15201.00,15427.00
19920729,15477.00,15606.00,15025.00,15096.00
19920730,15152.00,15586.00,15152.00,15556.00
19920731,15557.00,15967.00,15469.00,15910.00
19920803,15903.00,15954.00,15665.00,15709.00
19920804,15669.00,15957.00,15601.00,15693.00
19920805,15718.00,16074.00,15718.00,15984.00
19920806,15997.00,16139.00,15809.00,15926.00
19920807,15882.00,15882.00,15451.00,15518.00
19920810,15471.00,15471.00,14930.00,15066.00
19920811,15099.00,15173.00,14778.00,14823.00
19920812,14793.00,14906.00,14659.00,14774.00
19920813,14802.00,15018.00,14717.00,14768.00
19920814,14746.00,14929.00,14657.00,14820.00
19920817,14855.00,15123.00,14855.00,14930.00
19920818,14910.00,14910.00,14309.00,14309.00
19920819,14338.00,14807.00,14194.00,14651.00
19920820,14678.00,15546.00,14678.00,15268.00
19920821,15295.00,16217.00,15295.00,16217.00
19920824,16253.00,17183.00,16166.00,16628.00
19920825,16610.00,16824.00,16322.00,16381.00
19920826,16364.00,16663.00,16332.00,16542.00
19920827,16617.00,17596.00,16617.00,17555.00
19920828,17521.00,18169.00,17242.00,17971.00
19920831,17935.00,18120.00,17711.00,18061.00
19920901,18058.00,18059.00,17700.00,17740.00
19920902,17674.00,17688.00,17478.00,17588.00
19920903,17620.00,18462.00,17396.00,18386.00
19920904,18451.00,18834.00,18426.00,18555.00
19920907,18577.00,18917.00,18440.00,18440.00
19920908,18416.00,18756.00,18279.00,18282.00
19920909,18260.00,18898.00,18208.00,18876.00
19920910,18894.00,19284.00,18894.00,18908.00
19920911,18903.00,18903.00,18096.00,18108.00
19920914,18149.00,18553.00,18149.00,18471.00
19920916,18422.00,18422.00,17854.00,17945.00
19920917,17922.00,18205.00,17805.00,18117.00
19920918,18090.00,18274.00,17758.00,18167.00
19920921,18216.00,18414.00,18050.00,18066.00
19920922,18061.00,18451.00,17994.00,18283.00
19920924,18326.00,18702.00,18326.00,18610.00
19920925,18596.00,18611.00,18394.00,18395.00
19920928,18384.00,18397.00,17973.00,17973.00
19920929,18049.00,18066.00,17565.00,17748.00
19920930,17760.00,17910.00,17399.00,17399.00
19921001,17422.00,17555.00,17104.00,17370.00
19921002,17403.00,17574.00,17324.00,17324.00
19921005,17265.00,17265.00,16962.00,17102.00
19921006,17071.00,17319.00,16902.00,17268.00
19921007,17288.00,17531.00,17112.00,17112.00
19921008,17106.00,17336.00,17050.00,17336.00
19921009,17275.00,17275.00,16974.00,17060.00
19921012,17094.00,17307.00,17087.00,17302.00
19921013,17341.00,17578.00,17341.00,17491.00
19921014,17572.00,17714.00,17344.00,17344.00
19921015,17351.00,17628.00,17310.00,17628.00
19921016,17601.00,17617.00,17301.00,17370.00
19921019,17332.00,17332.00,16834.00,16904.00
19921020,16933.00,17050.00,16821.00,16988.00
19921021,17011.00,17142.00,16864.00,17142.00
19921022,17092.00,17179.00,17013.00,17013.00
19921023,17025.00,17118.00,16944.00,17118.00
19921026,17125.00,17154.00,17011.00,17011.00
19921027,17023.00,17216.00,16998.00,17185.00
19921028,17211.00,17306.00,17068.00,17068.00
19921029,17069.00,17069.00,16927.00,16938.00
19921030,16926.00,16926.00,16675.00,16767.00
19921102,16733.00,16853.00,16617.00,16853.00
19921104,16827.00,17065.00,16772.00,17065.00
19921105,16986.00,17122.00,16903.00,17032.00
19921106,17006.00,17023.00,16818.00,16870.00
19921109,16825.00,16825.00,16416.00,16417.00
19921110,16423.00,16518.00,16347.00,16437.00
19921111,16441.00,16482.00,16280.00,16318.00
19921112,16307.00,16449.00,16089.00,16377.00
19921113,16363.00,16457.00,16175.00,16331.00
19921116,16315.00,16315.00,16123.00,16163.00
19921117,16096.00,16101.00,15942.00,15993.00
19921118,16011.00,16851.00,16011.00,16779.00
19921119,16843.00,17008.00,16802.00,16871.00
19921120,16811.00,17188.00,16680.00,17034.00
19921124,17095.00,17247.00,17080.00,17096.00
19921125,17130.00,17303.00,17026.00,17302.00
19921126,17310.00,17602.00,17227.00,17479.00
19921127,17449.00,17539.00,17369.00,17471.00
19921130,17505.00,17684.00,17458.00,17684.00
19921201,17675.00,17704.00,17308.00,17313.00
19921202,17351.00,17409.00,17255.00,17394.00
19921203,17392.00,17508.00,17205.00,17260.00
19921204,17255.00,17301.00,17187.00,17296.00
19921207,17305.00,17326.00,17175.00,17207.00
19921208,17207.00,17333.00,17136.00,17282.00
19921209,17326.00,17498.00,17326.00,17406.00
19921210,17467.00,17705.00,17467.00,17501.00
19921211,17539.00,17635.00,17425.00,17441.00
19921214,17422.00,17422.00,17255.00,17290.00
19921215,17274.00,17555.00,17221.00,17481.00
19921216,17489.00,17601.00,17266.00,17269.00
19921217,17243.00,17544.00,17210.00,17438.00
19921218,17508.00,17712.00,17508.00,17681.00
19921221,17718.00,17788.00,17598.00,17645.00
19921222,17621.00,17691.00,17564.00,17691.00
19921224,17691.00,17735.00,17588.00,17649.00
19921225,17633.00,17670.00,17528.00,17557.00
19921228,17539.00,17539.00,17163.00,17189.00
19921229,17187.00,17312.00,17146.00,17286.00
19921230,17254.00,17254.00,16892.00,16925.00
19930104,16980.00,17034.00,16875.00,16994.00
19930105,16980.00,17013.00,16688.00,16843.00
19930106,16844.00,16862.00,16650.00,16783.00
19930107,16807.00,17058.00,16724.00,16781.00
19930108,16728.00,16806.00,16634.00,16635.00
19930111,16645.00,16698.00,16532.00,16590.00
19930112,16586.00,16734.00,16586.00,16681.00
19930113,16689.00,16689.00,16440.00,16518.00
19930114,16508.00,16569.00,16438.00,16516.00
19930118,16526.00,16625.00,16502.00,16617.00
19930119,16659.00,16799.00,16645.00,16799.00
19930120,16821.00,16842.00,16507.00,16510.00
19930121,16508.00,16586.00,16374.00,16539.00
19930122,16540.00,16541.00,16336.00,16337.00
19930125,16355.00,16375.00,16267.00,16287.00
19930126,16291.00,16535.00,16216.00,16493.00
19930127,16512.00,16646.00,16398.00,16510.00
19930128,16525.00,17087.00,16472.00,17063.00
19930129,17076.00,17178.00,16950.00,17024.00
19930201,17038.00,17134.00,16958.00,17134.00
19930202,17147.00,17242.00,17146.00,17186.00
19930203,17227.00,17419.00,17214.00,17222.00
19930204,17273.00,17391.00,17172.00,17191.00
19930205,17224.00,17414.00,17224.00,17333.00
19930208,17357.00,17393.00,17248.00,17282.00
19930209,17262.00,17262.00,16977.00,17022.00
19930210,16992.00,17092.00,16898.00,17090.00
19930212,17119.00,17120.00,16852.00,16852.00
19930215,16884.00,17118.00,16829.00,17118.00
19930216,17101.00,17172.00,16916.00,16916.00
19930217,16868.00,17015.00,16761.00,17010.00
19930218,17001.00,17157.00,16975.00,16982.00
19930219,17003.00,17024.00,16888.00,17010.00
19930222,17007.00,17059.00,16821.00,16821.00
19930223,16813.00,16925.00,16794.00,16863.00
19930224,16850.00,16930.00,16751.00,16799.00
19930225,16855.00,16926.00,16779.00,16907.00
19930226,16921.00,16986.00,16885.00,16953.00
19930301,16956.00,16971.00,16821.00,16880.00
19930302,16848.00,16923.00,16797.00,16864.00
19930303,16882.00,16949.00,16812.00,16854.00
19930304,16821.00,16841.00,16721.00,16760.00
19930305,16779.00,16885.00,16746.00,16818.00
19930308,16856.00,17727.00,16856.00,17686.00
19930309,17725.00,18047.00,17725.00,17848.00
19930310,17868.00,18036.00,17824.00,17859.00
19930311,17903.00,18105.00,17735.00,17905.00
19930312,17905.00,18044.00,17824.00,18038.00
19930315,18029.00,18169.00,17957.00,18086.00
19930316,18104.00,18117.00,17945.00,17968.00
19930317,17995.00,18243.00,17953.00,18173.00
19930318,18234.00,18781.00,18234.00,18728.00
19930319,18739.00,18836.00,18503.00,18537.00
19930322,18560.00,18784.00,18560.00,18784.00
19930323,18735.00,18735.00,18490.00,18492.00
19930324,18469.00,18644.00,18423.00,18451.00
19930325,18472.00,18876.00,18472.00,18765.00
19930326,18785.00,18898.00,18677.00,18789.00
19930329,18830.00,19126.00,18830.00,19048.00
19930330,19054.00,19089.00,18853.00,18963.00
19930331,18942.00,19060.00,18551.00,18591.00
19930401,18596.00,19136.00,18527.00,19099.00
19930402,19136.00,19751.00,19136.00,19447.00
19930405,19458.00,19821.00,19358.00,19759.00
19930406,19749.00,19749.00,19387.00,19487.00
19930407,19507.00,20055.00,19507.00,19829.00
19930408,19867.00,20041.00,19721.00,19967.00
19930409,19951.00,20126.00,19728.00,19892.00
19930412,19909.00,19940.00,19725.00,19882.00
19930413,19902.00,20754.00,19902.00,20740.00
19930414,20744.00,20875.00,20470.00,20533.00
19930415,20546.00,20676.00,20394.00,20676.00
19930416,20698.00,20743.00,20226.00,20298.00
19930419,20254.00,20254.00,19890.00,20112.00
19930420,20084.00,20332.00,19807.00,19828.00
19930421,19855.00,20008.00,19672.00,19773.00
19930422,19830.00,20117.00,19558.00,19591.00
19930423,19591.00,19785.00,19555.00,19704.00
19930426,19704.00,19846.00,19563.00,19624.00
19930427,19643.00,20268.00,19643.00,20207.00
19930428,20269.00,20716.00,20269.00,20455.00
19930430,20502.00,20919.00,20502.00,20919.00
19930506,20939.00,20942.00,20611.00,20622.00
19930507,20626.00,20811.00,20492.00,20811.00
19930510,20816.00,21063.00,20668.00,21055.00
19930511,21117.00,21225.00,20932.00,20940.00
19930512,20919.00,20940.00,20416.00,20615.00
19930513,20626.00,20780.00,20457.00,20533.00
19930514,20523.00,20671.00,20402.00,20474.00
19930517,20528.00,20689.00,20520.00,20566.00
19930518,20502.00,20502.00,20155.00,20229.00
19930519,20210.00,20381.00,20129.00,20381.00
19930520,20408.00,20536.00,20123.00,20330.00
19930521,20312.00,20654.00,20298.00,20557.00
19930524,20634.00,20691.00,20454.00,20476.00
19930525,20498.00,20731.00,20483.00,20632.00
19930526,20600.00,20896.00,20528.00,20896.00
19930527,20944.00,21106.00,20786.00,20853.00
19930528,20869.00,20940.00,20747.00,20844.00
19930531,20830.00,20830.00,20517.00,20552.00
19930601,20532.00,20688.00,20470.00,20591.00
19930602,20591.00,20824.00,20562.00,20692.00
19930603,20713.00,21186.00,20693.00,21076.00
19930604,21052.00,21223.00,20842.00,20882.00
19930607,20901.00,21102.00,20830.00,20844.00
19930608,20842.00,20842.00,20575.00,20575.00
19930610,20590.00,20618.00,20400.00,20493.00
19930611,20533.00,20760.00,20452.00,20501.00
19930614,20529.00,20560.00,20351.00,20397.00
19930615,20340.00,20393.00,20046.00,20046.00
19930616,20042.00,20103.00,19821.00,19902.00
19930617,19904.00,19950.00,19647.00,19926.00
19930618,19914.00,19914.00,19678.00,19805.00
19930621,19742.00,19742.00,19040.00,19212.00
19930622,19245.00,19620.00,19141.00,19538.00
19930623,19554.00,19618.00,19368.00,19493.00
19930624,19501.00,19730.00,19501.00,19685.00
19930625,19755.00,19845.00,19486.00,19660.00
19930628,19675.00,19977.00,19675.00,19887.00
19930629,19855.00,19855.00,19543.00,19543.00
19930630,19537.00,19617.00,19434.00,19590.00
19930701,19639.00,19925.00,19639.00,19925.00
19930702,19932.00,19932.00,19561.00,19621.00
19930705,19652.00,19676.00,19545.00,19623.00
19930706,19593.00,19833.00,19590.00,19830.00
19930707,19829.00,19829.00,19634.00,19721.00
19930708,19723.00,19785.00,19676.00,19689.00
19930709,19700.00,19947.00,19700.00,19877.00
19930712,19935.00,20012.00,19890.00,19980.00
19930713,19984.00,20243.00,19968.00,20180.00
19930714,20208.00,20233.00,20030.00,20139.00
19930715,20192.00,20395.00,20144.00,20158.00
19930716,20165.00,20353.00,20106.00,20332.00
19930719,20347.00,20350.00,20090.00,20151.00
19930720,20123.00,20123.00,19977.00,20038.00
19930721,20038.00,20118.00,19973.00,20081.00
19930722,20076.00,20153.00,20050.00,20116.00
19930723,20050.00,20050.00,19734.00,19735.00
19930726,19770.00,19837.00,19708.00,19822.00
19930727,19845.00,19952.00,19777.00,19891.00
19930728,19895.00,19958.00,19793.00,19830.00
19930729,19843.00,20474.00,19843.00,20457.00
19930730,20453.00,20546.00,20361.00,20380.00
19930802,20393.00,20413.00,20231.00,20344.00
19930803,20382.00,20599.00,20358.00,20358.00
19930804,20380.00,20668.00,20299.00,20498.00
19930805,20522.00,20557.00,20376.00,20426.00
19930806,20380.00,20430.00,20245.00,20358.00
19930809,20340.00,20553.00,20340.00,20493.00
19930810,20525.00,20655.00,20476.00,20494.00
19930811,20501.00,20756.00,20489.00,20733.00
19930812,20821.00,20939.00,20708.00,20765.00
19930813,20772.00,20922.00,20687.00,20745.00
19930816,20693.00,20905.00,20549.00,20901.00
19930817,20925.00,21026.00,20749.00,20842.00
19930818,20806.00,20964.00,20733.00,20773.00
19930819,20798.00,20903.00,20604.00,20687.00
19930820,20751.00,20859.00,20586.00,20607.00
19930823,20595.00,20595.00,20384.00,20414.00
19930824,20381.00,20470.00,20345.00,20432.00
19930825,20493.00,20542.00,20412.00,20521.00
19930826,20530.00,20595.00,20483.00,20592.00
19930827,20597.00,20863.00,20580.00,20792.00
19930830,20817.00,20924.00,20748.00,20913.00
19930831,20925.00,21030.00,20831.00,21027.00
19930901,20929.00,20968.00,20837.00,20953.00
19930902,20943.00,21046.00,20921.00,20983.00
19930903,20985.00,21281.00,20985.00,21116.00
19930906,21164.00,21250.00,21056.00,21061.00
19930907,21066.00,21066.00,20880.00,20962.00
19930908,20924.00,20997.00,20817.00,20918.00
19930909,20905.00,20944.00,20756.00,20826.00
19930910,20812.00,20847.00,20686.00,20818.00
19930913,20850.00,21164.00,20850.00,21148.00
19930914,21136.00,21172.00,20925.00,20948.00
19930916,20939.00,20939.00,20502.00,20502.00
19930917,20513.00,20533.00,20305.00,20391.00
19930920,20396.00,20408.00,20212.00,20266.00
19930921,20347.00,20565.00,20347.00,20467.00
19930922,20381.00,20381.00,20112.00,20175.00
19930924,20226.00,20325.00,20226.00,20308.00
19930927,20316.00,20384.00,20000.00,20094.00
19930928,20129.00,20299.00,20129.00,20173.00
19930929,20157.00,20157.00,19928.00,20077.00
19930930,20098.00,20158.00,20032.00,20106.00
19931001,20097.00,20328.00,20056.00,20283.00
19931004,20262.00,20284.00,20151.00,20264.00
19931005,20312.00,20410.00,20238.00,20322.00
19931006,20333.00,20530.00,20313.00,20500.00
19931007,20490.00,20494.00,20263.00,20266.00
19931008,20242.00,20405.00,20180.00,20379.00
19931012,20376.00,20376.00,20117.00,20137.00
19931013,20135.00,20167.00,19998.00,20038.00
19931014,20016.00,20097.00,19912.00,20083.00
19931015,20107.00,20339.00,20097.00,20174.00
19931018,20209.00,20266.00,20072.00,20072.00
19931019,20089.00,20204.00,20042.00,20070.00
19931020,20054.00,20222.00,20054.00,20173.00
19931021,20202.00,20220.00,20109.00,20179.00
19931022,20224.00,20378.00,20224.00,20265.00
19931025,20342.00,20474.00,20272.00,20309.00
19931026,20300.00,20345.00,20020.00,20024.00
19931027,20013.00,20013.00,19687.00,19839.00
19931028,19837.00,19863.00,19444.00,19479.00
19931029,19556.00,19744.00,19501.00,19703.00
19931101,19657.00,19657.00,19375.00,19438.00
19931102,19437.00,19549.00,19342.00,19381.00
19931104,19374.00,19433.00,18950.00,18950.00
19931105,18942.00,18942.00,18470.00,18590.00
19931108,18604.00,18672.00,18381.00,18625.00
19931109,18638.00,18662.00,18049.00,18126.00
19931110,18149.00,18228.00,17818.00,18122.00
19931111,18157.00,18329.00,18076.00,18159.00
19931112,18136.00,18592.00,18104.00,18494.00
19931115,18489.00,18507.00,17952.00,18075.00
19931116,18031.00,18467.00,17878.00,18246.00
19931117,18232.00,18344.00,18031.00,18109.00
19931118,18155.00,18337.00,18118.00,18166.00
19931119,18168.00,18338.00,17941.00,17941.00
19931122,17906.00,17906.00,17255.00,17385.00
19931124,17351.00,17545.00,16994.00,17067.00
19931125,17120.00,17410.00,17003.00,17223.00
19931126,17252.00,17352.00,16676.00,16726.00
19931129,16689.00,16689.00,15672.00,16079.00
19931130,16113.00,16505.00,16004.00,16407.00
19931201,16450.00,17168.00,16430.00,17125.00
19931202,17163.00,17887.00,17074.00,17459.00
19931203,17409.00,17469.00,17177.00,17459.00
19931206,17425.00,17425.00,16783.00,16840.00
19931207,16830.00,17129.00,16791.00,16903.00
19931208,16889.00,16893.00,16217.00,16508.00
19931209,16545.00,17089.00,16545.00,17062.00
19931210,17054.00,17535.00,16787.00,17257.00
19931213,17247.00,17563.00,17124.00,17327.00
19931214,17347.00,17416.00,17263.00,17309.00
19931215,17250.00,17536.00,17170.00,17489.00
19931216,17514.00,17912.00,17514.00,17789.00
19931217,17843.00,18052.00,17724.00,18052.00
19931220,18026.00,18026.00,17383.00,17404.00
19931221,17419.00,17484.00,17158.00,17315.00
19931222,17352.00,17453.00,17296.00,17446.00
19931224,17430.00,17435.00,17037.00,17141.00
19931227,17082.00,17082.00,16634.00,16820.00
19931228,16854.00,17148.00,16854.00,17131.00
19931229,17150.00,17342.00,17036.00,17272.00
19931230,17309.00,17417.00,17309.00,17417.00
19940104,17422.00,17425.00,17242.00,17370.00
19940105,17377.00,17793.00,17377.00,17783.00
19940106,17865.00,18028.00,17793.00,17882.00
19940107,17843.00,18131.00,17787.00,18124.00
19940110,18187.00,18567.00,18187.00,18443.00
19940111,18482.00,18672.00,18373.00,18485.00
19940112,18447.00,18807.00,18302.00,18794.00
19940113,18770.00,18823.00,18549.00,18577.00
19940114,18623.00,19044.00,18473.00,18974.00
19940117,18912.00,18912.00,18646.00,18725.00
19940118,18704.00,18810.00,18515.00,18515.00
19940119,18516.00,19119.00,18516.00,19039.00
19940120,19124.00,19342.00,19026.00,19184.00
19940121,19187.00,19338.00,19066.00,19307.00
19940124,19294.00,19294.00,18320.00,18353.00
19940125,18427.00,18662.00,18427.00,18648.00
19940126,18696.00,19156.00,18691.00,19138.00
19940127,19130.00,19325.00,18812.00,18892.00
19940128,18870.00,19705.00,18657.00,18758.00
19940131,18791.00,20229.00,18791.00,20229.00
19940201,20256.00,20510.00,20237.00,20416.00
19940202,20393.00,20399.00,20099.00,20250.00
19940203,20293.00,20433.00,19935.00,20175.00
19940204,20151.00,20301.00,20035.00,20301.00
19940207,20255.00,20255.00,20012.00,20014.00
19940208,20081.00,20526.00,20081.00,20251.00
19940209,20236.00,20236.00,19651.00,19841.00
19940210,19880.00,20007.00,19787.00,19990.00
19940214,19939.00,19939.00,19368.00,19459.00
19940215,19406.00,19406.00,18769.00,18975.00
19940216,19033.00,19267.00,19032.00,19052.00
19940217,19026.00,19027.00,18801.00,18931.00
19940218,18993.00,19078.00,18873.00,18960.00
19940221,18909.00,19415.00,18827.00,19394.00
19940222,19423.00,19562.00,19327.00,19343.00
19940223,19401.00,19467.00,19324.00,19342.00
19940224,19389.00,19792.00,19389.00,19765.00
19940225,19680.00,19891.00,19580.00,19803.00
19940228,19849.00,20117.00,19849.00,19997.00
19940301,20053.00,20241.00,20053.00,20217.00
19940302,20159.00,20159.00,19724.00,19745.00
19940303,19760.00,19772.00,19532.00,19606.00
19940304,19636.00,20052.00,19628.00,19967.00
19940307,19979.00,20279.00,19769.00,19812.00
19940308,19826.00,20091.00,19826.00,19898.00
19940309,19869.00,19894.00,19666.00,19839.00
19940310,19881.00,20114.00,19881.00,20091.00
19940311,20110.00,20256.00,20017.00,20115.00
19940314,20158.00,20581.00,20158.00,20526.00
19940315,20551.00,20765.00,20459.00,20509.00
19940316,20518.00,20782.00,20518.00,20678.00
19940317,20693.00,20693.00,20449.00,20592.00
19940318,20624.00,20656.00,20440.00,20469.00
19940322,20459.00,20459.00,20202.00,20254.00
19940323,20276.00,20322.00,19938.00,19962.00
19940324,19970.00,20076.00,19870.00,20038.00
19940325,19973.00,19973.00,19772.00,19836.00
19940328,19820.00,20063.00,19726.00,19942.00
19940329,19934.00,19969.00,19653.00,19710.00
19940330,19641.00,19641.00,19289.00,19560.00
19940331,19500.00,19547.00,19083.00,19112.00
19940401,19162.00,19378.00,19162.00,19277.00
19940404,19233.00,19233.00,18896.00,19122.00
19940405,19184.00,19580.00,19184.00,19563.00
19940406,19636.00,19878.00,19636.00,19697.00
19940407,19676.00,19946.00,19588.00,19891.00
19940408,19909.00,19973.00,19521.00,19935.00
19940411,19949.00,19999.00,19867.00,19898.00
19940412,19885.00,19885.00,19648.00,19648.00
19940413,19682.00,20103.00,19672.00,20060.00
19940414,20052.00,20169.00,19848.00,19987.00
19940415,20050.00,20282.00,20050.00,20165.00
19940418,20222.00,20495.00,20222.00,20277.00
19940419,20243.00,20301.00,20119.00,20192.00
19940420,20203.00,20223.00,19850.00,19882.00
19940421,19905.00,19935.00,19794.00,19799.00
19940422,19881.00,20072.00,19833.00,19964.00
19940425,19921.00,19921.00,19628.00,19709.00
19940426,19718.00,19718.00,19512.00,19629.00
19940427,19634.00,19814.00,19613.00,19729.00
19940428,19724.00,19763.00,19645.00,19725.00
19940502,19649.00,19649.00,19489.00,19570.00
19940506,19621.00,19908.00,19621.00,19862.00
19940509,19821.00,19821.00,19721.00,19787.00
19940510,19765.00,19963.00,19753.00,19918.00
19940511,20001.00,20220.00,20001.00,20150.00
19940512,20139.00,20260.00,20119.00,20224.00
19940513,20251.00,20360.00,20221.00,20271.00
19940516,20318.00,20398.00,20174.00,20188.00
19940517,20159.00,20175.00,20067.00,20134.00
19940518,20192.00,20286.00,19966.00,20153.00
19940519,20131.00,20302.00,20034.00,20221.00
19940520,20255.00,20438.00,20255.00,20342.00
19940523,20386.00,20575.00,20328.00,20569.00
19940524,20539.00,20749.00,20501.00,20622.00
19940525,20633.00,20701.00,20510.00,20664.00
19940526,20632.00,20690.00,20489.00,20496.00
19940527,20519.00,20825.00,20510.00,20777.00
19940530,20836.00,20932.00,20817.00,20839.00
19940531,20857.00,21049.00,20857.00,20974.00
19940601,20989.00,21091.00,20896.00,21053.00
19940602,21074.00,21199.00,20966.00,21009.00
19940603,20934.00,20954.00,20802.00,20954.00
19940606,20955.00,20955.00,20708.00,20727.00
19940607,20735.00,21054.00,20735.00,21043.00
19940608,21002.00,21274.00,20930.00,21262.00
19940609,21280.00,21455.00,21264.00,21403.00
19940610,21401.00,21560.00,21355.00,21395.00
19940613,21378.00,21573.00,21272.00,21553.00
19940614,21496.00,21496.00,21304.00,21354.00
19940615,21413.00,21497.00,21235.00,21283.00
19940616,21275.00,21390.00,21274.00,21367.00
19940617,21399.00,21572.00,21399.00,21503.00
19940620,21516.00,21516.00,21126.00,21152.00
19940621,21076.00,21076.00,20759.00,20813.00
19940622,20743.00,20743.00,20371.00,20581.00
19940623,20637.00,21068.00,20637.00,21040.00
19940624,20998.00,20998.00,20755.00,20767.00
19940627,20645.00,20645.00,20169.00,20301.00
19940628,20356.00,20733.00,20356.00,20639.00
19940629,20599.00,20599.00,20420.00,20481.00
19940630,20418.00,20684.00,20246.00,20644.00
19940701,20618.00,20618.00,20275.00,20543.00
19940704,20599.00,20703.00,20573.00,20632.00
19940705,20650.00,20908.00,20650.00,20834.00
19940706,20847.00,20879.00,20627.00,20629.00
19940707,20666.00,20724.00,20594.00,20620.00
19940708,20642.00,20692.00,20440.00,20526.00
19940711,20468.00,20535.00,20369.00,20473.00
19940712,20412.00,20419.00,20294.00,20400.00
19940713,20395.00,20559.00,20369.00,20540.00
19940714,20565.00,20780.00,20565.00,20718.00
19940715,20775.00,20878.00,20718.00,20770.00
19940718,20743.00,20816.00,20688.00,20718.00
19940719,20754.00,20852.00,20736.00,20775.00
19940720,20817.00,20872.00,20737.00,20781.00
19940721,20768.00,20768.00,20609.00,20663.00
19940722,20649.00,20674.00,20427.00,20463.00
19940725,20427.00,20427.00,20224.00,20298.00
19940726,20292.00,20391.00,20242.00,20345.00
19940727,20333.00,20333.00,20104.00,20137.00
19940728,20150.00,20263.00,19994.00,20248.00
19940729,20320.00,20517.00,20318.00,20449.00
19940801,20422.00,20424.00,20271.00,20271.00
19940802,20339.00,20662.00,20339.00,20660.00
19940803,20665.00,20729.00,20592.00,20633.00
19940804,20611.00,20701.00,20565.00,20677.00
19940805,20655.00,20681.00,20467.00,20522.00
19940808,20526.00,20639.00,20502.00,20636.00
19940809,20706.00,20775.00,20583.00,20590.00
19940810,20597.00,20770.00,20585.00,20770.00
19940811,20770.00,20845.00,20690.00,20821.00
19940812,20825.00,20825.00,20643.00,20664.00
19940815,20648.00,20747.00,20626.00,20626.00
19940816,20657.00,20842.00,20657.00,20786.00
19940817,20829.00,20876.00,20792.00,20825.00
19940818,20831.00,20863.00,20772.00,20863.00
19940819,20803.00,20803.00,20501.00,20513.00
19940822,20536.00,20538.00,20380.00,20394.00
19940823,20369.00,20503.00,20317.00,20381.00
19940824,20347.00,20512.00,20312.00,20512.00
19940825,20537.00,20603.00,20443.00,20443.00
19940826,20458.00,20554.00,20416.00,20471.00
19940829,20519.00,20723.00,20519.00,20600.00
19940830,20592.00,20630.00,20504.00,20592.00
19940831,20595.00,20629.00,20534.00,20629.00
19940901,20634.00,20701.00,20618.00,20643.00
19940902,20648.00,20676.00,20616.00,20658.00
19940905,20645.00,20645.00,20396.00,20409.00
19940906,20408.00,20530.00,20331.00,20394.00
19940907,20364.00,20364.00,20024.00,20024.00
19940908,20043.00,20108.00,19918.00,19918.00
19940909,19967.00,20151.00,19853.00,19898.00
19940912,19918.00,19973.00,19883.00,19917.00
19940913,19926.00,20097.00,19826.00,20046.00
19940914,20024.00,20041.00,19906.00,19919.00
19940916,19948.00,19973.00,19795.00,19796.00
19940919,19794.00,19794.00,19543.00,19554.00
19940920,19602.00,19842.00,19602.00,19837.00
19940921,19789.00,19962.00,19691.00,19885.00
19940922,19908.00,19908.00,19760.00,19834.00
19940926,19827.00,19922.00,19780.00,19814.00
19940927,19807.00,19822.00,19414.00,19469.00
19940928,19502.00,19614.00,19444.00,19508.00
19940929,19559.00,19732.00,19559.00,19615.00
19940930,19648.00,19719.00,19520.00,19564.00
19941003,19580.00,19673.00,19571.00,19650.00
19941004,19650.00,19652.00,19526.00,19569.00
19941005,19536.00,19753.00,19488.00,19752.00
19941006,19727.00,19745.00,19645.00,19655.00
19941007,19690.00,19754.00,19690.00,19745.00
19941011,19790.00,19895.00,19790.00,19821.00
19941012,19861.00,20115.00,19847.00,20090.00
19941013,20085.00,20177.00,20043.00,20149.00
19941014,20107.00,20107.00,19964.00,19969.00
19941017,19974.00,20055.00,19908.00,19958.00
19941018,19965.00,20021.00,19947.00,19992.00
19941019,20013.00,20023.00,19863.00,19869.00
19941020,19875.00,19992.00,19875.00,19992.00
19941021,19934.00,19934.00,19785.00,19899.00
19941024,19909.00,19953.00,19831.00,19852.00
19941025,19832.00,19832.00,19732.00,19732.00
19941026,19732.00,19771.00,19706.00,19746.00
19941027,19742.00,19920.00,19724.00,19796.00
19941028,19832.00,19904.00,19726.00,19805.00
19941031,19855.00,20000.00,19855.00,19990.00
19941101,19929.00,19929.00,19837.00,19916.00
19941102,19892.00,19892.00,19714.00,19751.00
19941104,19800.00,19873.00,19769.00,19812.00
19941107,19755.00,19755.00,19594.00,19619.00
19941108,19637.00,19638.00,19544.00,19610.00
19941109,19570.00,19654.00,19331.00,19424.00
19941110,19454.00,19457.00,19238.00,19265.00
19941111,19286.00,19288.00,19132.00,19284.00
19941114,19246.00,19299.00,19116.00,19261.00
19941115,19315.00,19433.00,19315.00,19392.00
19941116,19399.00,19444.00,19252.00,19307.00
19941117,19299.00,19373.00,19277.00,19337.00
19941118,19330.00,19332.00,19199.00,19303.00
19941121,19310.00,19315.00,19122.00,19122.00
19941122,19052.00,19052.00,18905.00,18963.00
19941124,18877.00,18877.00,18689.00,18701.00
19941125,18742.00,18847.00,18666.00,18667.00
19941128,18728.00,18811.00,18728.00,18811.00
19941129,18826.00,18929.00,18826.00,18926.00
19941130,18944.00,19134.00,18944.00,19076.00
19941201,19061.00,19111.00,18962.00,19014.00
19941202,18982.00,19080.00,18947.00,18998.00
19941205,19067.00,19306.00,19067.00,19306.00
19941206,19316.00,19342.00,19243.00,19340.00
19941207,19306.00,19306.00,19139.00,19174.00
19941208,19174.00,19288.00,19135.00,19180.00
19941209,19194.00,19240.00,18972.00,18978.00
19941212,19008.00,19072.00,18959.00,18975.00
19941213,18997.00,19017.00,18823.00,18875.00
19941214,18888.00,18958.00,18887.00,18931.00
19941215,18964.00,19178.00,18964.00,19121.00
19941216,19131.00,19163.00,19012.00,19163.00
19941219,19160.00,19336.00,19160.00,19271.00
19941220,19263.00,19418.00,19194.00,19407.00
19941221,19396.00,19455.00,19277.00,19341.00
19941222,19401.00,19634.00,19401.00,19634.00
19941226,19646.00,19727.00,19600.00,19727.00
19941227,19704.00,19801.00,19628.00,19711.00
19941228,19745.00,19814.00,19599.00,19666.00
19941229,19610.00,19764.00,19509.00,19753.00
19941230,19718.00,19833.00,19679.00,19723.00
19950104,19725.00,19725.00,19641.00,19684.00
19950105,19698.00,19718.00,19518.00,19616.00
19950106,19586.00,19586.00,19417.00,19519.00
19950109,19502.00,19524.00,19434.00,19445.00
19950110,19415.00,19544.00,19369.00,19501.00
19950111,19518.00,19603.00,19480.00,19548.00
19950112,19536.00,19547.00,19344.00,19410.00
19950113,19408.00,19408.00,19265.00,19331.00
19950117,19322.00,19362.00,19088.00,19241.00
19950118,19232.00,19321.00,19201.00,19223.00
19950119,19218.00,19298.00,18978.00,19076.00
19950120,19034.00,19034.00,18754.00,18840.00
19950123,18807.00,18818.00,17779.00,17785.00
19950124,17807.00,18139.00,17699.00,18061.00
19950125,18096.00,18413.00,18096.00,18159.00
19950126,18168.00,18407.00,18017.00,18071.00
19950127,18091.00,18257.00,17938.00,18104.00
19950130,18137.00,18819.00,18137.00,18753.00
19950131,18790.00,18855.00,18583.00,18650.00
19950201,18647.00,18869.00,18610.00,18739.00
19950202,18720.00,18720.00,18521.00,18604.00
19950203,18607.00,18646.00,18437.00,18539.00
19950206,18585.00,18672.00,18573.00,18667.00
19950207,18656.00,18656.00,18500.00,18501.00
19950208,18477.00,18477.00,18137.00,18290.00
19950209,18265.00,18339.00,18100.00,18100.00
19950210,18118.00,18300.00,18011.00,18291.00
19950213,18320.00,18428.00,18283.00,18314.00
19950214,18277.00,18277.00,18065.00,18138.00
19950215,18092.00,18093.00,17906.00,17991.00
19950216,17971.00,17971.00,17742.00,17781.00
19950217,17732.00,18201.00,17618.00,18021.00
19950220,18037.00,18109.00,17921.00,17956.00
19950221,17947.00,18195.00,17947.00,18096.00
19950222,18118.00,18271.00,18107.00,18107.00
19950223,18080.00,18080.00,17553.00,17830.00
19950224,17843.00,17850.00,17473.00,17473.00
19950227,17465.00,17465.00,16518.00,16809.00
19950228,16848.00,17165.00,16848.00,17053.00
19950301,17018.00,17018.00,16479.00,16619.00
19950302,16656.00,17162.00,16656.00,16963.00
19950303,16923.00,17122.00,16792.00,17040.00
19950306,16987.00,17134.00,16850.00,17041.00
19950307,17060.00,17105.00,16954.00,16955.00
19950308,16890.00,16890.00,16538.00,16621.00
19950309,16676.00,16839.00,16676.00,16763.00
19950310,16742.00,16800.00,16258.00,16358.00
19950313,16391.00,16478.00,16081.00,16478.00
19950314,16456.00,16456.00,16199.00,16246.00
19950315,16233.00,16699.00,16225.00,16667.00
19950316,16633.00,16633.00,16309.00,16356.00
19950317,16403.00,16488.00,16071.00,16251.00
19950320,16217.00,16217.00,15980.00,16130.00
19950322,16123.00,16245.00,15902.00,15905.00
19950323,15896.00,15927.00,15681.00,15813.00
19950324,15805.00,15805.00,15424.00,15750.00
19950327,15813.00,16232.00,15813.00,16096.00
19950328,16098.00,16682.00,16098.00,16682.00
19950329,16704.00,16704.00,16366.00,16461.00
19950330,16414.00,16608.00,16327.00,16512.00
19950331,16568.00,16848.00,16095.00,16140.00
19950403,16080.00,16080.00,15272.00,15381.00
19950404,15434.00,15755.00,15256.00,15631.00
19950405,15653.00,15902.00,15478.00,15882.00
19950406,15852.00,15949.00,15698.00,15816.00
19950407,15751.00,15783.00,15635.00,15720.00
19950410,15739.00,16212.00,15584.00,16163.00
19950411,16205.00,16365.00,16109.00,16269.00
19950412,16270.00,16434.00,16234.00,16345.00
19950413,16336.00,16564.00,16275.00,16439.00
19950414,16406.00,16530.00,16048.00,16048.00
19950417,16046.00,16305.00,15893.00,16304.00
19950418,16274.00,16323.00,16153.00,16225.00
19950419,16181.00,16424.00,15977.00,16376.00
19950420,16430.00,16665.00,16430.00,16643.00
19950421,16700.00,16968.00,16700.00,16968.00
19950424,16944.00,16981.00,16779.00,16804.00
19950425,16837.00,17110.00,16837.00,16910.00
19950426,16859.00,16932.00,16713.00,16826.00
19950427,16902.00,16989.00,16809.00,16884.00
19950428,16867.00,16869.00,16740.00,16807.00
19950501,16820.00,16839.00,16708.00,16811.00
19950502,16820.00,17116.00,16734.00,17089.00
19950508,17111.00,17190.00,17072.00,17104.00
19950509,17121.00,17167.00,16937.00,16958.00
19950510,16908.00,16956.00,16800.00,16826.00
19950511,16843.00,16873.00,16462.00,16462.00
19950512,16506.00,16684.00,16387.00,16421.00
19950515,16457.00,16636.00,16363.00,16610.00
19950516,16606.00,16606.00,16385.00,16389.00
19950517,16403.00,16516.00,16359.00,16471.00
19950518,16501.00,16527.00,16205.00,16313.00
19950519,16267.00,16267.00,16043.00,16141.00
19950522,16102.00,16102.00,15712.00,15789.00
19950523,15793.00,15916.00,15744.00,15916.00
19950524,15885.00,16006.00,15808.00,15971.00
19950525,16009.00,16033.00,15559.00,15579.00
19950526,15540.00,15713.00,15406.00,15694.00
19950529,15608.00,15608.00,15420.00,15574.00
19950530,15573.00,15824.00,15573.00,15763.00
19950531,15746.00,15746.00,15292.00,15437.00
19950601,15481.00,15648.00,15420.00,15595.00
19950602,15626.00,16016.00,15626.00,15849.00
19950605,15854.00,15921.00,15740.00,15897.00
19950606,15875.00,15923.00,15608.00,15661.00
19950607,15643.00,15734.00,15557.00,15680.00
19950608,15630.00,15630.00,15356.00,15442.00
19950609,15415.00,15415.00,14978.00,15044.00
19950612,15030.00,15030.00,14742.00,14813.00
19950613,14818.00,14932.00,14582.00,14600.00
19950614,14624.00,14801.00,14624.00,14660.00
19950615,14667.00,14867.00,14376.00,14867.00
19950616,14931.00,15021.00,14656.00,14703.00
19950619,14705.00,14849.00,14700.00,14700.00
19950620,14770.00,14866.00,14528.00,14666.00
19950621,14685.00,14983.00,14665.00,14951.00
19950622,14940.00,14954.00,14793.00,14926.00
19950623,14987.00,15265.00,14987.00,15265.00
19950626,15320.00,15378.00,15145.00,15145.00
19950627,15155.00,15163.00,14745.00,14759.00
19950628,14708.00,14755.00,14537.00,14618.00
19950629,14678.00,14905.00,14445.00,14507.00
19950630,14511.00,14624.00,14452.00,14517.00
19950703,14519.00,14519.00,14296.00,14485.00
19950704,14498.00,14769.00,14472.00,14756.00
19950705,14759.00,14888.00,14675.00,14830.00
19950706,14872.00,15257.00,14760.00,15257.00
19950707,15309.00,16389.00,15309.00,16213.00
19950710,16285.00,16703.00,16243.00,16243.00
19950711,16217.00,16589.00,15955.00,16588.00
19950712,16603.00,16834.00,16512.00,16606.00
19950713,16632.00,16769.00,16436.00,16506.00
19950714,16534.00,16591.00,16425.00,16518.00
19950717,16574.00,16942.00,16574.00,16842.00
19950718,16890.00,17018.00,16574.00,16574.00
19950719,16518.00,16518.00,16240.00,16422.00
19950720,16365.00,16453.00,16182.00,16453.00
19950721,16509.00,16613.00,16482.00,16589.00
19950724,16611.00,16644.00,16374.00,16592.00
19950725,16572.00,16572.00,16148.00,16148.00
19950726,16165.00,16387.00,16158.00,16387.00
19950727,16367.00,16695.00,16308.00,16625.00
19950728,16612.00,16726.00,16434.00,16649.00
19950731,16652.00,16919.00,16594.00,16678.00
19950801,16645.00,16645.00,16325.00,16359.00
19950802,16319.00,16796.00,16274.00,16721.00
19950803,16799.00,17160.00,16799.00,16894.00
19950804,16881.00,16956.00,16642.00,16741.00
19950807,16805.00,16873.00,16507.00,16615.00
19950808,16645.00,16854.00,16512.00,16839.00
19950809,16833.00,16931.00,16714.00,16789.00
19950810,16771.00,16788.00,16546.00,16729.00
19950811,16757.00,16856.00,16701.00,16792.00
19950814,16819.00,17004.00,16819.00,16917.00
19950815,16915.00,17453.00,16869.00,17453.00
19950816,17522.00,18300.00,17522.00,18159.00
19950817,18116.00,18268.00,18020.00,18150.00
19950818,18095.00,18095.00,17913.00,18032.00
19950821,18000.00,18000.00,17723.00,17871.00
19950822,17858.00,18029.00,17818.00,17878.00
19950823,17874.00,17933.00,17666.00,17732.00
19950824,17700.00,17945.00,17600.00,17922.00
19950825,17920.00,17920.00,17689.00,17771.00
19950828,17742.00,17897.00,17581.00,17847.00
19950829,17892.00,18185.00,17825.00,18135.00
19950830,18171.00,18242.00,17956.00,17984.00
19950831,17972.00,18160.00,17894.00,18117.00
19950901,18053.00,18153.00,17909.00,18121.00
19950904,18116.00,18116.00,17638.00,17749.00
19950905,17731.00,17844.00,17503.00,17794.00
19950906,17807.00,17899.00,17620.00,17620.00
19950907,17656.00,17714.00,17512.00,17621.00
19950908,17643.00,18501.00,17643.00,18280.00
19950911,18271.00,18570.00,18195.00,18486.00
19950912,18527.00,18674.00,18442.00,18472.00
19950913,18470.00,18654.00,18421.00,18614.00
19950914,18680.00,18791.00,18604.00,18759.00
19950918,18781.00,18848.00,18319.00,18319.00
19950919,18275.00,18481.00,18230.00,18474.00
19950920,18561.00,18639.00,18142.00,18199.00
19950921,18143.00,18143.00,17949.00,18035.00
19950922,17958.00,17958.00,17666.00,17714.00
19950925,17734.00,17855.00,17566.00,17566.00
19950926,17595.00,17922.00,17595.00,17922.00
19950927,17928.00,18262.00,17765.00,18262.00
19950928,18219.00,18295.00,18023.00,18023.00
19950929,18046.00,18139.00,17883.00,17913.00
19951002,17921.00,17950.00,17684.00,17740.00
19951003,17770.00,18160.00,17737.00,18143.00
19951004,18167.00,18347.00,18056.00,18145.00
19951005,18143.00,18267.00,18101.00,18220.00
19951006,18201.00,18547.00,18183.00,18506.00
19951009,18504.00,18504.00,18169.00,18176.00
19951011,18156.00,18156.00,17891.00,17891.00
19951012,17909.00,18052.00,17841.00,17971.00
19951013,17924.00,17976.00,17777.00,17881.00
19951016,17915.00,18141.00,17915.00,18016.00
19951017,18006.00,18072.00,17841.00,17917.00
19951018,17911.00,17918.00,17746.00,17896.00
19951019,17908.00,18050.00,17908.00,17955.00
19951020,17985.00,18219.00,17973.00,18157.00
19951023,18122.00,18173.00,18025.00,18156.00
19951024,18122.00,18261.00,18014.00,18014.00
19951025,18017.00,18049.00,17945.00,17971.00
19951026,17971.00,17976.00,17682.00,17727.00
19951027,17699.00,17699.00,17337.00,17337.00
19951030,17380.00,17516.00,17365.00,17509.00
19951031,17502.00,17684.00,17358.00,17655.00
19951101,17623.00,17623.00,17409.00,17474.00
19951102,17533.00,18040.00,17533.00,18029.00
19951106,18006.00,18252.00,17971.00,18037.00
19951107,18034.00,18074.00,17936.00,18021.00
19951108,17984.00,17984.00,17851.00,17863.00
19951109,17877.00,18128.00,17821.00,17821.00
19951110,17831.00,17893.00,17737.00,17844.00
19951113,17856.00,17891.00,17692.00,17789.00
19951114,17829.00,17889.00,17766.00,17803.00
19951115,17805.00,17883.00,17655.00,17683.00
19951116,17697.00,17942.00,17686.00,17940.00
19951117,18008.00,18175.00,17987.00,18151.00
19951120,18189.00,18445.00,18189.00,18384.00
19951121,18376.00,18460.00,18251.00,18384.00
19951122,18372.00,18372.00,18213.00,18240.00
19951124,18246.00,18256.00,18147.00,18215.00
19951127,18231.00,18690.00,18231.00,18543.00
19951128,18560.00,18745.00,18540.00,18688.00
19951129,18675.00,18738.00,18470.00,18534.00
19951130,18578.00,18847.00,18578.00,18744.00
19951201,18752.00,18986.00,18696.00,18833.00
19951204,18889.00,19062.00,18889.00,18897.00
19951205,18914.00,18978.00,18823.00,18880.00
19951206,18893.00,19118.00,18889.00,19068.00
19951207,19084.00,19443.00,19084.00,19412.00
19951208,19421.00,19454.00,19159.00,19287.00
19951211,19315.00,19378.00,19162.00,19227.00
19951212,19236.00,19390.00,19234.00,19313.00
19951213,19357.00,19439.00,19276.00,19283.00
19951214,19318.00,19548.00,19268.00,19499.00
19951215,19493.00,19500.00,19293.00,19347.00
19951218,19365.00,19418.00,19299.00,19311.00
19951219,19242.00,19242.00,19077.00,19140.00
19951220,19201.00,19538.00,19201.00,19449.00
19951221,19441.00,19658.00,19433.00,19653.00
19951222,19728.00,19809.00,19670.00,19744.00
19951225,19772.00,19831.00,19725.00,19775.00
19951226,19792.00,19905.00,19691.00,19905.00
19951227,19931.00,20012.00,19925.00,20012.00
19951228,19990.00,20024.00,19868.00,19873.00
19951229,19882.00,19940.00,19822.00,19868.00
19960104,19946.00,20648.00,19946.00,20618.00
19960105,20578.00,20670.00,20456.00,20669.00
19960108,20617.00,20667.00,20471.00,20564.00
19960109,20565.00,20653.00,20454.00,20652.00
19960110,20592.00,20676.00,20459.00,20612.00
19960111,20548.00,20548.00,20260.00,20378.00
19960112,20423.00,20542.00,20208.00,20287.00
19960116,20304.00,20567.00,20303.00,20567.00
19960117,20656.00,20754.00,20570.00,20570.00
19960118,20537.00,20537.00,20298.00,20370.00
19960119,20376.00,20377.00,20156.00,20366.00
19960122,20381.00,20392.00,20089.00,20197.00
19960123,20209.00,20364.00,20041.00,20081.00
19960124,20071.00,20313.00,19985.00,20313.00
19960125,20359.00,20458.00,20289.00,20415.00
19960126,20398.00,20693.00,20258.00,20664.00
19960129,20658.00,20689.00,20532.00,20589.00
19960130,20602.00,20797.00,20602.00,20722.00
19960131,20787.00,21022.00,20787.00,20813.00
19960201,20806.00,20943.00,20761.00,20935.00
19960202,20947.00,21069.00,20874.00,20904.00
19960205,20882.00,20882.00,20624.00,20653.00
19960206,20606.00,20768.00,20556.00,20751.00
19960207,20742.00,21039.00,20642.00,20943.00
19960208,20956.00,21150.00,20911.00,21118.00
19960209,21136.00,21157.00,20892.00,20935.00
19960213,20964.00,21056.00,20783.00,20784.00
19960214,20800.00,21042.00,20800.00,20944.00
19960215,20921.00,21010.00,20751.00,20886.00
19960216,20835.00,20835.00,20581.00,20803.00
19960219,20760.00,20760.00,20632.00,20721.00
19960220,20649.00,20668.00,20410.00,20656.00
19960221,20655.00,20655.00,20322.00,20372.00
19960222,20390.00,20437.00,20311.00,20341.00
19960223,20393.00,20500.00,20267.00,20300.00
19960226,20294.00,20480.00,20294.00,20480.00
19960227,20427.00,20427.00,19977.00,20000.00
19960228,20053.00,20211.00,19879.00,19920.00
19960229,19974.00,20129.00,19903.00,20125.00
19960301,20094.00,20250.00,19936.00,20169.00
19960304,20166.00,20222.00,20062.00,20064.00
19960305,20070.00,20304.00,20070.00,20184.00
19960306,20167.00,20301.00,19946.00,20241.00
19960307,20201.00,20201.00,19917.00,19957.00
19960308,19919.00,20165.00,19823.00,20156.00
19960311,20056.00,20056.00,19748.00,19796.00
19960312,19882.00,20008.00,19854.00,19950.00
19960313,19932.00,19932.00,19628.00,19735.00
19960314,19735.00,19924.00,19709.00,19924.00
19960315,19960.00,20247.00,19960.00,20191.00
19960318,20243.00,20352.00,20224.00,20285.00
19960319,20333.00,20615.00,20333.00,20443.00
19960321,20471.00,20746.00,20471.00,20728.00
19960322,20763.00,20811.00,20600.00,20701.00
19960325,20746.00,20947.00,20746.00,20915.00
19960326,20943.00,21290.00,20943.00,21015.00
19960327,21047.00,21330.00,20992.00,21330.00
19960328,21322.00,21433.00,21199.00,21296.00
19960329,21301.00,21486.00,21250.00,21407.00
19960401,21451.00,21758.00,21451.00,21560.00
19960402,21569.00,21641.00,21465.00,21600.00
19960403,21636.00,21755.00,21350.00,21465.00
19960404,21452.00,21569.00,21397.00,21471.00
19960405,21505.00,21728.00,21497.00,21696.00
19960408,21636.00,21636.00,21398.00,21424.00
19960409,21508.00,21818.00,21508.00,21744.00
19960410,21774.00,21871.00,21773.00,21792.00
19960411,21760.00,21782.00,21649.00,21694.00
19960412,21698.00,21800.00,21579.00,21660.00
19960415,21705.00,21923.00,21705.00,21883.00
19960416,21927.00,22078.00,21866.00,21868.00
19960417,21906.00,22008.00,21802.00,21816.00
19960418,21764.00,21843.00,21695.00,21813.00
19960419,21815.00,21931.00,21680.00,21884.00
19960422,21913.00,22124.00,21913.00,22124.00
19960423,22154.00,22217.00,22105.00,22120.00
19960424,22151.00,22330.00,22151.00,22282.00
19960425,22302.00,22345.00,22209.00,22230.00
19960426,22250.00,22348.00,22231.00,22235.00
19960430,22141.00,22163.00,21953.00,22041.00
19960501,22031.00,22087.00,21773.00,21815.00
19960502,21775.00,21783.00,21517.00,21662.00
19960507,21624.00,21624.00,21431.00,21495.00
19960508,21480.00,21729.00,21432.00,21729.00
19960509,21742.00,21744.00,21298.00,21412.00
19960510,21406.00,21477.00,21321.00,21420.00
19960513,21459.00,21504.00,21171.00,21172.00
19960514,21208.00,21311.00,21174.00,21301.00
19960515,21371.00,22061.00,21371.00,22056.00
19960516,22082.00,22251.00,22082.00,22147.00
19960517,22102.00,22132.00,21815.00,21917.00
19960520,21977.00,22311.00,21977.00,21979.00
19960521,22001.00,22196.00,21893.00,22092.00
19960522,22093.00,22196.00,21840.00,21958.00
19960523,21934.00,22015.00,21632.00,21724.00
19960524,21692.00,21805.00,21621.00,21798.00
19960527,21840.00,21863.00,21557.00,21700.00
19960528,21754.00,21993.00,21754.00,21945.00
19960529,21953.00,22145.00,21877.00,22022.00
19960530,21991.00,21991.00,21836.00,21886.00
19960531,21905.00,22052.00,21887.00,21956.00
19960603,21971.00,21972.00,21589.00,21589.00
19960604,21641.00,21867.00,21641.00,21858.00
19960605,21887.00,21986.00,21784.00,21881.00
19960606,21912.00,22033.00,21804.00,21804.00
19960607,21800.00,21800.00,21672.00,21752.00
19960610,21730.00,21733.00,21641.00,21719.00
19960611,21677.00,21863.00,21594.00,21818.00
19960612,21883.00,22131.00,21883.00,22105.00
19960613,22104.00,22205.00,22042.00,22082.00
19960614,22127.00,22481.00,22127.00,22289.00
19960617,22339.00,22519.00,22245.00,22245.00
19960618,22306.00,22430.00,22264.00,22332.00
19960619,22274.00,22504.00,22225.00,22367.00
19960620,22361.00,22437.00,22133.00,22437.00
19960621,22496.00,22599.00,22404.00,22531.00
19960624,22566.00,22702.00,22504.00,22603.00
19960625,22599.00,22659.00,22517.00,22597.00
19960626,22590.00,22757.00,22573.00,22667.00
19960627,22652.00,22657.00,22439.00,22502.00
19960628,22545.00,22613.00,22461.00,22531.00
19960701,22568.00,22600.00,22416.00,22456.00
19960702,22467.00,22485.00,22270.00,22348.00
19960703,22334.00,22390.00,22248.00,22379.00
19960704,22354.00,22354.00,22204.00,22293.00
19960705,22267.00,22374.00,22218.00,22232.00
19960708,22148.00,22148.00,21802.00,21925.00
19960709,21917.00,21977.00,21844.00,21920.00
19960710,21955.00,22042.00,21758.00,21779.00
19960711,21768.00,21900.00,21717.00,21893.00
19960712,21807.00,21807.00,21558.00,21656.00
19960715,21622.00,21753.00,21549.00,21753.00
19960716,21637.00,21637.00,21363.00,21406.00
19960717,21468.00,21567.00,21282.00,21413.00
19960718,21432.00,21574.00,21428.00,21566.00
19960719,21612.00,21702.00,21465.00,21476.00
19960722,21476.00,21476.00,21006.00,21006.00
19960723,20957.00,21164.00,20833.00,21164.00
19960724,21114.00,21114.00,20628.00,20631.00
19960725,20708.00,20979.00,20638.00,20884.00
19960726,20938.00,21125.00,20877.00,21125.00
19960729,21188.00,21285.00,20964.00,20968.00
19960730,20907.00,20911.00,20790.00,20880.00
19960731,20863.00,20863.00,20653.00,20693.00
19960801,20665.00,21092.00,20525.00,20985.00
19960802,21041.00,21149.00,20940.00,20940.00
19960805,21020.00,21188.00,21020.00,21077.00
19960806,20993.00,20993.00,20742.00,20745.00
19960807,20717.00,20828.00,20453.00,20478.00
19960808,20531.00,20772.00,20531.00,20731.00
19960809,20735.00,20735.00,20492.00,20551.00
19960812,20516.00,20667.00,20449.00,20667.00
19960813,20653.00,20865.00,20643.00,20865.00
19960814,20805.00,20981.00,20729.00,20981.00
19960815,21008.00,21106.00,20913.00,20968.00
19960816,20967.00,20967.00,20824.00,20834.00
19960819,20848.00,21153.00,20848.00,21106.00
19960820,21141.00,21163.00,20971.00,21127.00
19960821,21215.00,21391.00,21215.00,21275.00
19960822,21252.00,21386.00,21240.00,21363.00
19960823,21378.00,21398.00,21188.00,21229.00
19960826,21213.00,21213.00,20880.00,20884.00
19960827,20862.00,21022.00,20828.00,20910.00
19960828,20904.00,21040.00,20661.00,20710.00
19960829,20687.00,20707.00,20504.00,20553.00
19960830,20481.00,20481.00,20092.00,20167.00
19960902,20187.00,20230.00,20082.00,20107.00
19960903,20082.00,20290.00,19920.00,20198.00
19960904,20218.00,20307.00,20066.00,20202.00
19960905,20215.00,20487.00,20215.00,20380.00
19960906,20367.00,20367.00,20123.00,20153.00
19960909,20232.00,20373.00,20159.00,20202.00
19960910,20269.00,20561.00,20269.00,20560.00
19960911,20541.00,20580.00,20425.00,20571.00
19960912,20514.00,20530.00,20375.00,20444.00
19960913,20473.00,20924.00,20473.00,20843.00
19960917,20929.00,21366.00,20929.00,21311.00
19960918,21304.00,21312.00,21095.00,21157.00
19960919,21109.00,21333.00,21023.00,21323.00
19960920,21310.00,21310.00,21112.00,21112.00
19960924,21105.00,21248.00,21041.00,21172.00
19960925,21159.00,21351.00,21150.00,21351.00
19960926,21369.00,21580.00,21369.00,21461.00
19960927,21437.00,21604.00,21423.00,21547.00
19960930,21538.00,21590.00,21494.00,21556.00
19961001,21533.00,21564.00,21430.00,21463.00
19961002,21469.00,21510.00,21413.00,21499.00
19961003,21523.00,21548.00,21298.00,21332.00
19961004,21267.00,21267.00,21060.00,21148.00
19961007,21157.00,21161.00,21032.00,21161.00
19961008,21100.00,21206.00,20969.00,21039.00
19961009,20980.00,20983.00,20814.00,20871.00
19961011,20891.00,21008.00,20806.00,20968.00
19961014,20997.00,21058.00,20905.00,21029.00
19961015,21095.00,21430.00,21095.00,21430.00
19961016,21458.00,21478.00,21364.00,21397.00
19961017,21403.00,21463.00,21330.00,21424.00
19961018,21465.00,21789.00,21458.00,21612.00
19961021,21607.00,21607.00,21300.00,21303.00
19961022,21246.00,21246.00,21023.00,21124.00
19961023,21046.00,21090.00,20791.00,21082.00
19961024,21050.00,21115.00,20856.00,21003.00
19961025,20943.00,20943.00,20700.00,20740.00
19961028,20740.00,20904.00,20738.00,20885.00
19961029,20920.00,21055.00,20920.00,20958.00
19961030,20980.00,21001.00,20633.00,20682.00
19961031,20676.00,20739.00,20450.00,20467.00
19961101,20498.00,20695.00,20388.00,20633.00
19961105,20655.00,20690.00,20494.00,20592.00
19961106,20645.00,21095.00,20645.00,20992.00
19961107,21064.00,21142.00,20757.00,20771.00
19961108,20770.00,21227.00,20770.00,21201.00
19961111,21153.00,21263.00,21033.00,21065.00
19961112,21098.00,21251.00,21098.00,21206.00
19961113,21201.00,21229.00,20923.00,20979.00
19961114,21020.00,21084.00,20936.00,21031.00
19961115,21058.00,21160.00,20920.00,20930.00
19961118,20932.00,20940.00,20773.00,20796.00
19961119,20792.00,20956.00,20733.00,20956.00
19961120,20997.00,21218.00,20997.00,21190.00
19961121,21169.00,21301.00,21105.00,21143.00
19961122,21118.00,21216.00,21021.00,21216.00
19961125,21276.00,21369.00,21197.00,21294.00
19961126,21359.00,21460.00,21254.00,21418.00
19961127,21398.00,21461.00,21259.00,21345.00
19961128,21290.00,21290.00,21036.00,21036.00
19961129,21014.00,21155.00,20978.00,21020.00
19961202,21035.00,21068.00,20675.00,20675.00
19961203,20682.00,20763.00,20479.00,20631.00
19961204,20577.00,20677.00,20525.00,20660.00
19961205,20672.00,20977.00,20669.00,20944.00
19961206,20979.00,21002.00,20172.00,20277.00
19961209,20397.00,20670.00,20397.00,20604.00
19961210,20676.00,20854.00,20676.00,20822.00
19961211,20756.00,20756.00,20467.00,20568.00
19961212,20475.00,20504.00,20321.00,20501.00
19961213,20452.00,20452.00,19952.00,20341.00
19961216,20410.00,20472.00,20291.00,20422.00
19961217,20370.00,20501.00,20231.00,20413.00
19961218,20416.00,20416.00,20093.00,20093.00
19961219,20070.00,20099.00,19560.00,19571.00
19961220,19642.00,19823.00,19556.00,19690.00
19961224,19698.00,19700.00,19162.00,19162.00
19961225,19212.00,19556.00,19212.00,19549.00
19961226,19543.00,19543.00,18820.00,19292.00
19961227,19332.00,19424.00,19161.00,19369.00
19961230,19391.00,19392.00,19109.00,19361.00
19970106,19364.00,19501.00,19204.00,19446.00
19970107,19444.00,19444.00,18896.00,18896.00
19970108,18911.00,18998.00,18556.00,18680.00
19970109,18632.00,18726.00,18072.00,18074.00
19970110,18056.00,18058.00,17124.00,17304.00
19970113,17338.00,18152.00,17020.00,18119.00
19970114,18061.00,18182.00,17546.00,18093.00
19970116,18126.00,18318.00,17971.00,18144.00
19970117,18097.00,18447.00,17970.00,18090.00
19970120,18104.00,18109.00,17237.00,17480.00
19970121,17441.00,17572.00,17283.00,17358.00
19970122,17441.00,18066.00,17441.00,18014.00
19970123,17982.00,18129.00,17878.00,17909.00
19970124,17894.00,17894.00,17541.00,17689.00
19970127,17658.00,17665.00,17280.00,17335.00
19970128,17301.00,17797.00,17195.00,17797.00
19970129,17843.00,18335.00,17665.00,18335.00
19970130,18305.00,18366.00,17782.00,17864.00
19970131,17949.00,18610.00,17949.00,18330.00
19970203,18308.00,18308.00,18077.00,18086.00
19970204,18158.00,18629.00,18158.00,18314.00
19970205,18303.00,18307.00,17901.00,18186.00
19970206,18200.00,18257.00,17875.00,18038.00
19970207,18072.00,18267.00,17792.00,17867.00
19970210,17882.00,18268.00,17843.00,18181.00
19970211,18158.00,18629.00,18158.00,18314.00
19970212,18240.00,18521.00,18240.00,18410.00
19970213,18505.00,18855.00,18505.00,18688.00
19970214,18729.00,18881.00,18609.00,18722.00
19970217,18731.00,18854.00,18654.00,18751.00
19970218,18708.00,18728.00,18471.00,18471.00
19970219,18483.00,18674.00,18329.00,18599.00
19970220,18687.00,19101.00,18687.00,19052.00
19970221,19031.00,19173.00,18965.00,19035.00
19970224,19066.00,19229.00,18860.00,18897.00
19970225,18854.00,19098.00,18776.00,19070.00
19970226,19128.00,19217.00,18895.00,18991.00
19970227,18936.00,19025.00,18855.00,19022.00
19970228,19007.00,19007.00,18540.00,18557.00
19970303,18517.00,18517.00,18346.00,18429.00
19970304,18500.00,18689.00,18497.00,18565.00
19970305,18618.00,18657.00,18208.00,18274.00
19970306,18342.00,18435.00,17977.00,18041.00
19970307,18001.00,18199.00,17837.00,18199.00
19970310,18196.00,18196.00,17936.00,18114.00
19970311,18130.00,18268.00,18089.00,18268.00
19970312,18281.00,18326.00,18010.00,18183.00
19970313,18144.00,18144.00,17900.00,17900.00
19970314,17854.00,17940.00,17617.00,17924.00
19970317,17962.00,18084.00,17864.00,18054.00
19970318,18073.00,18445.00,18073.00,18445.00
19970319,18490.00,18555.00,18379.00,18494.00
19970321,18500.00,18634.00,18423.00,18633.00
19970324,18683.00,18750.00,18044.00,18044.00
19970325,18117.00,18549.00,18117.00,18440.00
19970326,18461.00,18528.00,18189.00,18472.00
19970327,18520.00,18594.00,18003.00,18210.00
19970328,18184.00,18234.00,18058.00,18190.00
19970331,18158.00,18205.00,17793.00,18003.00
19970401,17935.00,17935.00,17529.00,17870.00
19970402,17875.00,18048.00,17707.00,18037.00
19970403,18022.00,18182.00,17973.00,18129.00
19970404,18136.00,18136.00,17766.00,17861.00
19970407,17902.00,17991.00,17664.00,17716.00
19970408,17745.00,18035.00,17626.00,18022.00
19970409,18007.00,18007.00,17703.00,17703.00
19970410,17756.00,17934.00,17479.00,17486.00
19970411,17493.00,17869.00,17448.00,17847.00
19970414,17761.00,17827.00,17547.00,17692.00
19970415,17712.00,18001.00,17712.00,17934.00
19970416,17985.00,18094.00,17959.00,18031.00
19970417,18016.00,18100.00,17970.00,18093.00
19970418,18129.00,18370.00,18073.00,18352.00
19970421,18400.00,18561.00,18400.00,18552.00
19970422,18528.00,18732.00,18490.00,18544.00
19970423,18618.00,18842.00,18618.00,18735.00
19970424,18737.00,18983.00,18665.00,18698.00
19970425,18648.00,18849.00,18571.00,18613.00
19970428,18617.00,18684.00,18545.00,18670.00
19970430,18764.00,19195.00,18764.00,19151.00
19970501,19232.00,19588.00,19222.00,19275.00
19970502,19244.00,19516.00,19188.00,19515.00
19970506,19617.00,20223.00,19617.00,20181.00
19970507,20147.00,20237.00,19952.00,20049.00
19970508,19974.00,20107.00,19925.00,20062.00
19970509,20097.00,20145.00,19757.00,19803.00
19970512,19731.00,20148.00,19560.00,20144.00
19970513,20207.00,20452.00,20120.00,20129.00
19970514,20132.00,20210.00,20030.00,20210.00
19970515,20162.00,20162.00,19855.00,20056.00
19970516,20081.00,20348.00,20081.00,20325.00
19970519,20290.00,20562.00,20206.00,20490.00
19970520,20511.00,20612.00,20245.00,20333.00
19970521,20322.00,20322.00,19764.00,19842.00
19970522,19849.00,19939.00,19687.00,19877.00
19970523,19932.00,20067.00,19907.00,20009.00
19970526,20037.00,20155.00,19989.00,20044.00
19970527,20068.00,20149.00,19848.00,19890.00
19970528,19928.00,20352.00,19928.00,20351.00
19970529,20367.00,20367.00,20125.00,20312.00
19970530,20331.00,20390.00,20029.00,20069.00
19970602,20084.00,20452.00,20041.00,20452.00
19970603,20444.00,20672.00,20432.00,20563.00
19970604,20592.00,20708.00,20512.00,20612.00
19970605,20596.00,20606.00,20423.00,20488.00
19970606,20474.00,20541.00,20363.00,20486.00
19970609,20474.00,20519.00,20224.00,20224.00
19970610,20228.00,20582.00,20228.00,20533.00
19970611,20527.00,20634.00,20282.00,20290.00
19970612,20340.00,20697.00,20340.00,20564.00
19970613,20668.00,20815.00,20452.00,20528.00
19970616,20595.00,20778.00,20549.00,20681.00
19970617,20692.00,20721.00,20559.00,20594.00
19970618,20598.00,20620.00,20429.00,20498.00
19970619,20491.00,20591.00,20400.00,20508.00
19970620,20536.00,20576.00,20357.00,20386.00
19970623,20429.00,20462.00,20380.00,20436.00
19970624,20383.00,20383.00,20215.00,20342.00
19970625,20419.00,20736.00,20419.00,20679.00
19970626,20715.00,20911.00,20625.00,20625.00
19970627,20629.00,20743.00,20524.00,20524.00
19970630,20586.00,20684.00,20493.00,20605.00
19970701,20562.00,20562.00,20143.00,20176.00
19970702,20204.00,20247.00,19976.00,20196.00
19970703,20239.00,20252.00,20080.00,20121.00
19970704,20123.00,20123.00,19907.00,19968.00
19970707,19932.00,19932.00,19678.00,19705.00
19970708,19732.00,19927.00,19732.00,19854.00
19970709,19921.00,19964.00,19496.00,19697.00
19970710,19710.00,19821.00,19609.00,19755.00
19970711,19788.00,19893.00,19643.00,19875.00
19970714,19909.00,20229.00,19909.00,20229.00
19970715,20237.00,20243.00,20037.00,20069.00
19970716,20139.00,20436.00,20139.00,20359.00
19970717,20412.00,20585.00,20309.00,20519.00
19970718,20444.00,20545.00,20248.00,20249.00
19970722,20247.00,20280.00,20056.00,20157.00
19970723,20244.00,20324.00,19999.00,20131.00
19970724,20164.00,20290.00,20164.00,20286.00
19970725,20330.00,20390.00,20304.00,20390.00
19970728,20420.00,20601.00,20420.00,20575.00
19970729,20628.00,20699.00,20403.00,20403.00
19970730,20414.00,20419.00,20171.00,20213.00
19970731,20241.00,20333.00,20041.00,20331.00
19970801,20345.00,20399.00,19798.00,19804.00
19970804,19839.00,19930.00,19457.00,19668.00
19970805,19645.00,19768.00,19362.00,19514.00
19970806,19537.00,19704.00,19233.00,19702.00
19970807,19719.00,19772.00,19366.00,19476.00
19970808,19395.00,19642.00,19256.00,19604.00
19970811,19462.00,19462.00,18824.00,18824.00
19970812,18946.00,19257.00,18917.00,19099.00
19970813,19041.00,19154.00,18802.00,19009.00
19970814,19056.00,19269.00,18989.00,19222.00
19970815,19313.00,19466.00,19313.00,19326.00
19970818,19213.00,19213.00,18835.00,19041.00
19970819,19122.00,19246.00,18803.00,18961.00
19970820,18953.00,19252.00,18906.00,19252.00
19970821,19320.00,19394.00,19125.00,19157.00
19970822,19074.00,19074.00,18576.00,18650.00
19970825,18683.00,18741.00,18550.00,18656.00
19970826,18666.00,18867.00,18538.00,18815.00
19970827,18755.00,18755.00,18432.00,18442.00
19970828,18473.00,18586.00,18386.00,18451.00
19970829,18329.00,18329.00,17974.00,18229.00
19970901,18215.00,18271.00,17885.00,17974.00
19970902,18027.00,18245.00,17968.00,18233.00
19970903,18349.00,18749.00,18349.00,18735.00
19970904,18706.00,18713.00,18573.00,18615.00
19970905,18577.00,18671.00,18455.00,18650.00
19970908,18661.00,18775.00,18634.00,18634.00
19970909,18637.00,18733.00,18514.00,18696.00
19970910,18649.00,18724.00,18575.00,18705.00
19970911,18626.00,18626.00,18189.00,18282.00
19970912,18216.00,18216.00,17803.00,17966.00
19970916,18005.00,18037.00,17873.00,17975.00
19970917,18032.00,18176.00,17564.00,17683.00
19970918,17682.00,17982.00,17661.00,17930.00
19970919,17937.00,18076.00,17763.00,18058.00
19970922,18077.00,18304.00,17960.00,18201.00
19970924,18251.00,18420.00,18139.00,18420.00
19970925,18370.00,18440.00,18184.00,18342.00
19970926,18308.00,18354.00,17933.00,17995.00
19970929,17992.00,17992.00,17681.00,17987.00
19970930,18023.00,18054.00,17850.00,17888.00
19971001,17820.00,17937.00,17522.00,17842.00
19971002,17876.00,17876.00,17415.00,17455.00
19971003,17468.00,17686.00,17402.00,17647.00
19971006,17646.00,17854.00,17636.00,17825.00
19971007,17843.00,17890.00,17479.00,17511.00
19971008,17531.00,17718.00,17531.00,17619.00
19971009,17624.00,17628.00,17331.00,17377.00
19971013,17318.00,17318.00,17152.00,17205.00
19971014,17220.00,17419.00,16968.00,17306.00
19971015,17342.00,17427.00,17186.00,17331.00
19971016,17335.00,17764.00,17184.00,17707.00
19971017,17591.00,17591.00,17384.00,17478.00
19971020,17391.00,17455.00,17231.00,17295.00
19971021,17369.00,17555.00,17210.00,17210.00
19971022,17267.00,17694.00,17267.00,17688.00
19971023,17647.00,17647.00,17152.00,17152.00
19971024,17040.00,17494.00,16864.00,17364.00
19971027,17262.00,17262.00,16906.00,17039.00
19971028,17019.00,17019.00,16218.00,16313.00
19971029,16386.00,16920.00,16386.00,16857.00
19971030,16828.00,16828.00,16302.00,16365.00
19971031,16254.00,16635.00,16082.00,16459.00
19971104,16494.00,16641.00,16400.00,16500.00
19971105,16519.00,16525.00,16290.00,16448.00
19971106,16466.00,16634.00,16422.00,16534.00
19971107,16464.00,16464.00,15824.00,15836.00
19971110,15722.00,15912.00,15565.00,15697.00
19971111,15720.00,15867.00,15648.00,15867.00
19971112,15820.00,15864.00,15359.00,15434.00
19971113,15355.00,15603.00,15083.00,15427.00
19971114,15355.00,15372.00,14966.00,15083.00
19971117,15154.00,16283.00,15154.00,16283.00
19971118,16242.00,17006.00,16090.00,16727.00
19971119,16600.00,16600.00,15746.00,15842.00
19971120,15875.00,16545.00,15831.00,16308.00
19971121,16420.00,16809.00,16420.00,16722.00
19971125,16608.00,16608.00,15774.00,15868.00
19971126,15926.00,16379.00,15926.00,16046.00
19971127,16117.00,16630.00,16117.00,16603.00
19971128,16648.00,16785.00,16591.00,16633.00
19971201,16594.00,17118.00,16486.00,17008.00
19971202,17010.00,17074.00,16848.00,16910.00
19971203,16861.00,16861.00,16583.00,16586.00
19971204,16567.00,16589.00,16249.00,16307.00
19971205,16351.00,16597.00,16348.00,16424.00
19971208,16439.00,16516.00,16110.00,16132.00
19971209,16185.00,16687.00,16185.00,16687.00
19971210,16676.00,16676.00,16409.00,16478.00
19971211,16397.00,16397.00,16025.00,16050.00
19971212,16050.00,16153.00,15738.00,15904.00
19971215,15866.00,15909.00,15643.00,15909.00
19971216,15954.00,16130.00,15803.00,15985.00
19971217,16014.00,16817.00,15795.00,16541.00
19971218,16456.00,16456.00,16100.00,16162.00
19971219,16105.00,16105.00,15171.00,15315.00
19971222,15280.00,15280.00,14569.00,14799.00
19971224,14792.00,15013.00,14682.00,14925.00
19971225,14940.00,15730.00,14940.00,15300.00
19971226,15312.00,15364.00,14779.00,14803.00
19971229,14830.00,14853.00,14582.00,14775.00
19971230,14838.00,15259.00,14838.00,15259.00
19980105,15269.00,15307.00,14957.00,14957.00
19980106,15008.00,15067.00,14714.00,14896.00
19980107,14898.00,15038.00,14848.00,15028.00
19980108,15061.00,15608.00,15019.00,15019.00
19980109,14941.00,15066.00,14724.00,14995.00
19980112,14877.00,14909.00,14629.00,14664.00
19980113,14758.00,14901.00,14546.00,14756.00
19980114,14866.00,15149.00,14866.00,15122.00
19980116,15193.00,16063.00,15193.00,16046.00
19980119,16155.00,16461.00,16155.00,16262.00
19980120,16220.00,16430.00,16077.00,16367.00
19980121,16459.00,16752.00,16459.00,16684.00
19980122,16624.00,16712.00,16397.00,16406.00
19980123,16402.00,16797.00,16402.00,16789.00
19980126,16835.00,17353.00,16835.00,17073.00
19980127,17101.00,17158.00,16908.00,16982.00
19980128,17061.00,17259.00,16974.00,16974.00
19980129,17045.00,17107.00,16926.00,17015.00
19980130,17011.00,17011.00,16628.00,16628.00
19980202,16685.00,16909.00,16641.00,16777.00
19980203,16904.00,17144.00,16904.00,17023.00
19980204,17050.00,17074.00,16796.00,16883.00
19980205,16803.00,17051.00,16771.00,17003.00
19980206,17022.00,17134.00,16981.00,17040.00
19980209,17102.00,17224.00,17053.00,17205.00
19980210,17215.00,17256.00,17162.00,17205.00
19980212,17247.00,17252.00,17069.00,17175.00
19980213,17161.00,17161.00,16711.00,16791.00
19980216,16750.00,16776.00,16589.00,16776.00
19980217,16738.00,16791.00,16588.00,16791.00
19980218,16787.00,16854.00,16593.00,16614.00
19980219,16582.00,16866.00,16548.00,16616.00
19980220,16628.00,16799.00,16502.00,16756.00
19980223,16717.00,16717.00,16610.00,16610.00
19980224,16634.00,16634.00,16167.00,16198.00
19980225,16156.00,16361.00,15932.00,16361.00
19980226,16369.00,16549.00,16278.00,16502.00
19980227,16561.00,16832.00,16561.00,16832.00
19980302,16901.00,17276.00,16901.00,17264.00
19980303,17237.00,17326.00,17063.00,17168.00
19980304,17124.00,17213.00,17026.00,17096.00
19980305,17011.00,17011.00,16845.00,16849.00
19980306,16864.00,17191.00,16864.00,17132.00
19980309,17205.00,17352.00,16976.00,16977.00
19980310,17000.00,17063.00,16901.00,16983.00
19980311,16949.00,16949.00,16746.00,16756.00
19980312,16750.00,16750.00,16575.00,16575.00
19980313,16564.00,17129.00,16555.00,17060.00
19980316,17063.00,17063.00,16792.00,16861.00
19980317,16893.00,17062.00,16844.00,16997.00
19980318,17012.00,17022.00,16500.00,16620.00
19980319,16612.00,16769.00,16560.00,16679.00
19980320,16615.00,16879.00,16470.00,16830.00
19980323,16884.00,17046.00,16764.00,16869.00
19980324,16769.00,16769.00,16551.00,16606.00
19980325,16659.00,16939.00,16575.00,16658.00
19980326,16685.00,17112.00,16669.00,16981.00
19980327,16974.00,17076.00,16737.00,16739.00
19980330,16840.00,17010.00,16239.00,16263.00
19980331,16295.00,16585.00,16178.00,16527.00
19980401,16433.00,16441.00,16148.00,16242.00
19980402,16215.00,16215.00,15634.00,15703.00
19980403,15747.00,15955.00,15465.00,15518.00
19980406,15568.00,15768.00,15488.00,15706.00
19980407,15667.00,15979.00,15602.00,15979.00
19980408,15988.00,16475.00,15962.00,16377.00
19980409,16433.00,16624.00,16271.00,16537.00
19980410,16500.00,16520.00,16266.00,16481.00
19980413,16374.00,16401.00,16277.00,16318.00
19980414,16309.00,16414.00,16188.00,16277.00
19980415,16322.00,16404.00,16292.00,16299.00
19980416,16372.00,16417.00,15875.00,15884.00
19980417,15839.00,15854.00,15465.00,15704.00
19980420,15706.00,15730.00,15599.00,15697.00
19980421,15784.00,15927.00,15583.00,15826.00
19980422,15832.00,15832.00,15601.00,15762.00
19980423,15753.00,15906.00,15651.00,15762.00
19980424,15836.00,16201.00,15834.00,16011.00
19980427,15969.00,15969.00,15645.00,15650.00
19980428,15526.50,15625.40,15334.50,15395.40
19980430,15493.40,15647.60,15483.20,15641.30
19980501,15655.80,15655.80,15463.60,15601.10
19980506,15537.00,15537.00,15129.10,15243.80
19980507,15187.80,15244.10,15020.00,15143.00
19980508,15105.80,15209.80,15096.70,15149.00
19980511,15213.30,15433.90,15213.30,15381.90
19980512,15441.70,15446.20,15306.90,15322.50
19980513,15281.80,15343.80,15162.90,15343.80
19980514,15322.80,15448.50,15294.50,15307.70
19980515,15270.60,15412.80,15213.30,15242.90
19980518,15277.20,15405.00,15069.70,15384.50
19980519,15398.00,15582.90,15309.20,15551.60
19980520,15578.90,15788.00,15578.90,15653.00
19980521,15695.20,15972.90,15695.20,15845.20
19980522,15892.60,15915.20,15736.20,15801.60
19980525,15784.40,15812.50,15733.10,15783.10
19980526,15792.40,15942.20,15788.90,15884.80
19980527,15824.50,15824.50,15549.90,15664.30
19980528,15639.00,15891.70,15639.00,15796.50
19980529,15740.40,15790.30,15604.70,15670.80
19980601,15670.70,15702.00,15321.00,15321.00
19980602,15404.10,15554.50,15353.20,15554.50
19980603,15525.60,15525.60,15256.10,15347.00
19980604,15314.20,15522.80,15292.90,15426.50
19980605,15436.40,15440.90,15276.00,15323.40
19980608,15283.50,15357.90,15254.00,15294.70
19980609,15320.30,15530.20,15316.40,15530.20
19980610,15520.40,15520.40,15298.80,15339.30
19980611,15285.00,15285.00,15002.50,15014.00
19980612,14978.30,15060.70,14784.50,15022.30
19980615,14964.30,14964.30,14789.30,14825.20
19980616,14743.20,14917.60,14614.70,14720.40
19980617,14790.80,14899.90,14673.30,14715.40
19980618,14825.20,15398.20,14825.20,15361.50
19980619,15312.30,15351.50,15194.00,15268.00
19980622,15285.00,15413.80,15246.20,15309.10
19980623,15320.50,15320.50,15054.60,15054.60
19980624,15129.00,15210.50,15000.10,15123.20
19980625,15161.00,15205.00,15075.40,15132.20
19980626,15123.00,15234.00,14977.70,15210.00
19980629,15254.80,15424.50,15230.80,15365.70
19980630,15471.40,15830.50,15462.20,15830.30
19980701,15852.10,16362.90,15739.80,16362.90
19980702,16433.50,16743.40,16432.60,16471.60
19980703,16354.60,16625.40,16289.70,16511.20
19980706,16433.70,16488.50,16350.50,16350.50
19980707,16354.40,16531.20,16354.40,16416.30
19980708,16528.10,16635.90,16497.30,16531.00
19980709,16492.50,16492.50,16370.10,16447.00
19980710,16464.80,16531.50,16066.00,16090.10
19980713,15993.20,16360.40,15804.40,16360.40
19980714,16379.90,16489.40,16331.40,16488.90
19980715,16599.50,16614.10,16435.50,16614.10
19980716,16605.20,16756.90,16498.20,16731.90
19980717,16732.10,16732.10,16569.80,16570.80
19980721,16619.80,16698.20,16407.70,16556.70
19980722,16460.70,16460.70,16286.60,16293.10
19980723,16268.50,16320.50,16158.40,16188.00
19980724,16120.90,16418.40,16091.40,16361.90
19980727,16282.00,16282.00,15944.30,15944.40
19980728,16018.90,16180.30,15958.20,16114.50
19980729,16074.20,16282.30,16047.20,16158.10
19980730,16190.70,16311.50,16190.70,16201.60
19980731,16286.60,16399.90,16286.60,16379.00
19980803,16303.60,16303.60,16104.50,16165.10
19980804,16061.40,16180.90,16004.20,16023.60
19980805,16015.10,16019.30,15817.00,15992.20
19980806,16048.10,16075.70,15834.80,15876.20
19980807,15924.50,16037.30,15797.30,15829.20
19980810,15800.40,15800.40,15595.70,15626.40
19980811,15571.20,15630.10,15310.60,15407.00
19980812,15287.30,15534.10,15269.80,15379.00
19980813,15413.00,15476.30,15239.70,15382.00
19980814,15305.10,15355.10,15049.50,15123.90
19980817,15130.80,15137.70,14655.70,14794.70
19980818,14896.70,15102.90,14845.80,15063.80
19980819,15164.20,15416.50,15161.80,15406.30
19980820,15445.80,15445.80,15236.30,15391.40
19980821,15277.10,15416.90,15226.60,15298.20
19980824,15145.20,15145.20,14859.30,14988.40
19980825,15070.20,15227.00,15070.20,15072.90
19980826,15113.00,15113.00,14866.00,14866.00
19980827,14794.40,14794.40,14378.70,14413.80
19980828,14289.20,14289.20,13792.80,13915.60
19980831,13955.80,14224.20,13845.10,14107.90
19980901,13979.80,14369.80,13664.70,14369.60
19980902,14361.00,14589.40,14287.20,14376.60
19980903,14362.50,14368.30,14207.80,14261.20
19980904,14158.30,14185.90,14042.90,14042.90
19980907,13984.50,14790.10,13912.70,14790.10
19980908,14766.90,15294.30,14766.90,14913.50
19980909,14968.20,15099.90,14629.60,14755.50
19980910,14805.30,14902.00,14530.90,14666.00
19980911,14551.20,14551.20,13725.60,13917.00
19980914,13979.30,14329.90,13844.30,14227.40
19980916,14229.30,14375.60,14176.00,14197.70
19980917,14213.50,14279.80,13784.10,13859.10
19980918,13799.80,14006.10,13697.80,13983.10
19980921,13875.80,13875.80,13580.70,13597.30
19980922,13640.60,13871.50,13521.10,13789.80
19980924,13896.80,14297.50,13896.80,14205.80
19980925,14057.90,14057.90,13678.50,13723.80
19980928,13760.70,14121.50,13687.00,13909.40
19980929,13937.80,13952.40,13553.00,13821.40
19980930,13878.70,13966.80,13406.40,13406.40
19981001,13377.20,13558.50,13018.80,13197.10
19981002,13141.60,13320.20,12973.20,13223.70
19981005,13186.00,13186.00,12910.30,12948.10
19981006,12936.40,13216.30,12927.80,13021.60
19981007,13095.90,13825.60,13095.90,13825.60
19981008,13749.00,13749.00,12987.90,13026.10
19981009,12923.50,13301.50,12787.90,12880.00
19981012,12977.80,13572.90,12977.80,13555.00
19981013,13538.80,13591.80,13241.20,13242.80
19981014,13264.60,13454.00,13057.00,13070.70
19981015,13113.40,13184.60,12893.00,12995.40
19981016,13109.30,13310.00,13109.30,13280.50
19981019,13263.20,13786.40,13263.20,13567.20
19981020,13569.10,13808.80,13483.20,13808.00
19981021,13921.40,14366.90,13921.40,14216.30
19981022,14287.80,14742.40,14245.80,14295.60
19981023,14327.60,14523.50,14042.60,14144.70
19981026,14054.90,14054.90,13806.40,13843.50
19981027,13855.00,14054.90,13762.40,13820.70
19981028,13804.30,13920.80,13516.10,13516.10
19981029,13566.80,13727.00,13432.10,13668.70
19981030,13732.20,13835.60,13454.60,13564.50
19981102,13648.30,13952.80,13648.30,13952.80
19981104,14095.60,14527.80,14095.60,14527.80
19981105,14624.50,14625.10,14180.70,14341.40
19981106,14309.00,14309.00,14122.00,14122.00
19981109,14172.80,14362.70,14063.30,14194.50
19981110,14154.00,14270.00,14099.20,14108.10
19981111,14137.60,14428.00,14065.50,14428.00
19981112,14364.90,14418.10,14075.10,14075.10
19981113,14119.40,14268.20,13984.70,14268.20
19981116,14339.40,14450.60,14205.10,14428.30
19981117,14475.90,14480.50,14276.80,14413.00
19981118,14396.10,14701.50,14383.40,14599.20
19981119,14557.10,14643.00,14354.40,14354.50
19981120,14461.20,14779.90,14461.20,14779.90
19981124,14904.20,15164.60,14904.20,15164.60
19981125,15108.00,15124.60,14942.10,15073.50
19981126,15101.60,15219.80,15043.70,15207.80
19981127,15188.80,15320.20,15069.40,15069.40
19981130,15107.10,15139.90,14883.10,14883.70
19981201,14821.50,14931.20,14763.90,14835.40
19981202,14863.70,15011.10,14781.80,14986.60
19981203,14875.60,14875.60,14589.60,14697.10
19981204,14641.40,14654.20,14536.00,14640.00
19981207,14703.60,14748.90,14650.40,14723.50
19981208,14775.00,14916.10,14775.00,14808.20
19981209,14751.80,14931.90,14700.70,14931.90
19981210,14890.90,15007.00,14807.40,14807.80
19981211,14730.00,14730.00,14382.10,14405.60
19981214,14349.20,14349.20,14103.90,14111.60
19981215,14085.00,14192.60,13965.30,14011.20
19981216,14092.30,14157.50,14016.80,14096.30
19981217,14064.20,14169.30,13917.30,14127.00
19981218,14161.50,14269.50,14078.10,14194.30
19981221,14158.80,14158.80,14038.70,14153.00
19981222,14183.70,14185.50,13722.10,13779.50
19981224,13810.60,13815.20,13657.00,13706.70
19981225,13768.60,13918.20,13768.60,13798.00
19981228,13876.50,13894.50,13703.30,13709.10
19981229,13780.40,13846.90,13664.80,13846.90
19981230,13832.30,13913.50,13812.90,13842.20
19990104,13779.00,13779.00,13415.90,13415.90
19990105,13437.00,13437.00,13122.60,13232.70
19990106,13281.70,13475.60,13216.20,13468.50
19990107,13576.00,13854.20,13516.40,13536.60
19990108,13507.10,13507.10,13328.30,13391.80
19990111,13354.40,13452.90,13224.60,13368.50
19990112,13313.50,13535.70,13212.30,13361.00
19990113,13353.80,13444.30,13313.80,13403.60
19990114,13369.10,13738.90,13369.10,13738.90
19990118,13762.30,13964.20,13754.60,13805.10
19990119,13840.60,13883.00,13757.00,13770.40
19990120,13794.90,14028.00,13739.00,14028.00
19990121,14048.90,14331.20,14009.50,14245.40
19990122,14235.70,14407.20,14154.40,14154.40
19990125,14141.60,14251.10,14076.40,14208.80
19990126,14251.30,14501.40,14251.30,14382.00
19990127,14416.20,14526.20,14370.50,14450.10
19990128,14472.00,14522.30,14331.80,14342.30
19990129,14413.90,14628.90,14413.90,14499.20
19990201,14544.10,14641.40,14356.30,14465.20
19990202,14459.80,14459.80,14286.00,14349.80
19990203,14250.50,14250.50,14089.10,14161.30
19990204,14176.10,14255.70,13925.10,14086.90
19990205,14049.70,14049.70,13769.20,13898.10
19990208,13886.60,14024.90,13770.90,13992.50
19990209,14008.60,14015.60,13885.80,13902.70
19990210,13852.60,13971.10,13795.60,13952.40
19990212,13925.20,14062.90,13925.20,13973.70
19990215,14008.40,14101.20,14003.20,14054.70
19990216,14095.20,14358.70,14095.20,14232.60
19990217,14277.80,14407.30,14146.60,14158.70
19990218,14155.90,14168.60,14041.90,14146.80
19990219,14144.00,14179.80,14045.20,14098.00
19990222,14149.70,14314.30,14096.70,14256.70
19990223,14284.30,14500.60,14284.30,14500.60
19990224,14483.60,14534.80,14326.10,14355.50
19990225,14386.10,14470.50,14363.80,14470.50
19990226,14456.30,14494.60,14363.30,14367.50
19990301,14362.90,14468.90,14221.60,14221.80
19990302,14260.50,14306.00,13921.10,13921.10
19990303,13956.20,14170.50,13927.70,14170.40
19990304,14202.20,14224.70,14121.00,14183.50
19990305,14256.00,14895.40,14256.00,14894.00
19990308,14925.60,15116.10,14779.00,14779.00
19990309,14842.20,15096.70,14842.20,15096.70
19990310,15134.00,15484.60,15134.00,15480.00
19990311,15485.40,15840.20,15417.00,15502.10
19990312,15588.90,15709.00,15408.40,15488.90
19990315,15526.50,15790.20,15404.10,15779.60
19990316,15749.50,16082.10,15591.60,16072.80
19990317,16088.10,16269.20,15977.90,16268.10
19990318,16238.90,16303.10,15717.90,15717.90
19990319,15804.70,16421.80,15804.20,16378.80
19990323,16402.00,16437.20,15988.40,16019.10
19990324,15947.60,15947.60,15515.50,15515.50
19990325,15591.40,16061.00,15591.40,15986.00
19990326,16030.50,16181.10,15905.70,16017.00
19990329,16031.30,16185.80,16002.30,16008.80
19990330,16091.90,16184.50,15805.70,15859.10
19990331,15865.80,16027.30,15651.40,15836.60
19990401,15868.00,16450.00,15813.40,16327.60
19990402,16351.70,16453.50,16243.50,16290.20
19990405,16320.10,16634.80,16231.10,16334.80
19990406,16361.00,16484.30,16084.70,16479.70
19990407,16429.86,16563.20,16341.25,16554.50
19990408,16552.50,16866.66,16483.52,16846.69
19990409,16933.40,17166.06,16827.93,16855.63
19990412,16797.08,16797.08,16507.40,16507.40
19990413,16617.05,16855.67,16617.05,16715.16
19990414,16698.18,16799.17,16436.19,16764.68
19990415,16758.59,16844.97,16589.36,16727.08
19990416,16754.31,16979.06,16754.31,16851.58
19990419,16858.28,16858.28,16583.64,16674.21
19990420,16587.17,16749.05,16526.53,16697.11
19990421,16724.43,16736.06,16454.34,16495.02
19990422,16563.72,16665.88,16484.08,16665.88
19990423,16715.86,16923.25,16715.86,16923.25
19990426,16919.76,17143.49,16915.15,16918.51
19990427,16992.13,17069.72,16934.52,16957.27
19990428,17013.87,17149.91,16881.60,16942.24
19990430,16919.58,16953.13,16701.53,16701.53
19990506,16762.78,17300.61,16762.78,17300.61
19990507,17281.53,17281.53,16929.68,16946.52
19990510,16983.29,17078.98,16931.63,16977.01
19990511,17003.44,17003.44,16736.90,16743.18
19990512,16782.56,17104.49,16782.56,16947.36
19990513,16952.85,16958.02,16792.98,16851.25
19990514,16899.84,16960.77,16750.67,16810.39
19990517,16750.91,16750.91,16420.97,16421.02
19990518,16440.38,16582.19,16291.12,16378.62
19990519,16354.60,16354.60,16111.98,16128.18
19990520,16150.42,16297.31,15946.66,16199.99
19990521,16220.38,16303.83,16138.88,16292.98
19990524,16261.15,16409.76,16157.22,16390.49
19990525,16305.50,16305.50,16175.98,16214.23
19990526,16172.72,16334.87,16070.88,16230.52
19990527,16287.02,16330.77,16012.19,16177.19
19990528,16118.26,16118.26,15886.62,15972.68
19990531,15979.20,16111.65,15901.80,16111.65
19990601,16090.15,16408.50,16026.95,16408.50
19990602,16404.12,16458.34,16304.99,16417.99
19990603,16418.92,16418.92,16127.90,16227.50
19990604,16237.27,16368.15,16169.88,16300.75
19990607,16318.44,16576.51,16318.44,16475.89
19990608,16497.95,16571.12,16469.84,16562.92
19990609,16499.16,16713.26,16450.76,16622.50
19990610,16627.80,17130.36,16627.80,17102.62
19990611,17084.57,17483.38,17070.60,17198.55
19990614,17193.61,17384.90,17168.57,17188.82
19990615,17216.28,17339.57,16990.55,17282.00
19990616,17284.98,17346.23,17144.19,17210.18
19990617,17268.45,17550.13,17268.45,17470.45
19990618,17504.33,17650.38,17431.26,17431.26
19990621,17485.90,17747.04,17485.90,17738.85
19990622,17780.74,17828.21,17662.94,17777.62
19990623,17742.53,17843.53,17580.05,17586.75
19990624,17590.01,17700.46,17528.90,17628.32
19990625,17597.78,17673.51,17430.42,17436.52
19990628,17501.12,17688.03,17501.12,17610.58
19990629,17675.84,17825.79,17649.31,17782.79
19990630,17832.59,17958.34,17529.74,17529.74
19990701,17607.60,17972.03,17607.60,17860.75
19990702,17945.45,18066.28,17875.17,17932.47
19990705,18001.16,18243.14,18001.16,18135.06
19990706,18131.76,18159.55,17960.72,18050.73
19990707,18075.21,18158.38,17949.73,17958.90
19990708,17999.30,18045.56,17887.18,17967.65
19990709,17965.70,17989.20,17813.46,17937.73
19990712,17921.58,18274.18,17843.39,18274.18
19990713,18231.83,18343.25,18172.25,18181.09
19990714,18188.36,18455.60,18165.92,18357.86
19990715,18402.63,18459.51,18269.52,18431.86
19990716,18438.05,18623.15,18248.30,18248.30
19990719,18288.37,18532.58,18288.37,18532.58
19990721,18458.58,18458.58,18182.91,18257.52
19990722,18221.07,18221.07,17665.04,17730.34
19990723,17657.17,17657.17,17414.36,17534.44
19990726,17568.32,17663.22,17491.34,17491.34
19990727,17484.36,17613.24,17367.08,17462.72
19990728,17508.66,17729.68,17508.66,17579.91
19990729,17633.34,17957.37,17633.34,17869.92
19990730,17857.91,17959.28,17677.14,17861.86
19990802,17827.24,17909.89,17726.05,17825.70
19990803,17824.68,17969.93,17597.74,17969.93
19990804,17913.62,17913.62,17631.81,17685.38
19990805,17638.93,17638.93,17210.04,17358.19
19990806,17345.53,17345.53,17046.12,17084.24
19990809,17105.93,17313.97,17095.50,17190.45
19990810,17188.87,17203.39,17040.72,17202.09
19990811,17185.70,17361.82,17097.41,17211.16
19990812,17280.79,17476.68,17280.79,17422.97
19990813,17430.05,17493.95,17284.70,17435.17
19990816,17499.12,17937.21,17499.12,17826.03
19990817,17842.97,17916.08,17766.69,17860.09
19990818,17873.31,18082.47,17827.89,17892.26
19990819,17843.11,17923.30,17665.97,17879.74
19990820,17907.52,18123.29,17907.52,18098.11
19990823,18133.20,18384.86,18133.20,18233.55
19990824,18266.22,18397.93,18095.41,18095.41
19990825,18099.23,18164.99,17795.08,17855.16
19990826,17863.91,17995.49,17666.29,17666.29
19990827,17710.97,17816.67,17567.86,17599.37
19990830,17642.05,17925.07,17642.05,17918.97
19990831,17886.20,17886.20,17425.49,17436.56
19990901,17479.57,17819.60,17479.57,17802.48
19990902,17795.40,17800.80,17630.32,17631.25
19990903,17632.10,17716.74,17559.40,17629.99
19990906,17664.06,17839.71,17664.06,17756.51
19990907,17777.92,17858.13,17651.94,17707.50
19990908,17710.02,17710.02,17509.73,17641.38
19990909,17707.09,17859.71,17677.28,17677.56
19990910,17648.89,17831.60,17589.05,17711.02
19990913,17735.60,17988.59,17735.60,17909.29
19990914,17880.99,17880.99,17610.31,17777.22
19990916,17703.97,17703.97,17058.13,17291.59
19990917,17273.99,17391.15,17118.31,17342.27
19990920,17418.23,17662.82,17418.23,17575.26
19990921,17585.78,17932.79,17558.74,17932.79
19990922,17842.87,17842.87,17248.92,17325.76
19990924,17290.01,17290.01,16652.04,16871.73
19990927,16888.02,17039.42,16820.93,16821.06
19990928,16892.46,17388.70,16892.46,17325.70
19990929,17313.32,17313.32,17071.02,17282.28
19990930,17307.22,17771.21,17307.22,17605.46
19991001,17589.73,17886.39,17510.29,17712.56
19991004,17747.56,17888.86,17675.28,17763.71
19991005,17819.00,17985.47,17775.95,17784.15
19991006,17822.64,17926.13,17734.30,17896.42
19991007,17985.96,18228.39,17985.96,18136.55
19991008,18164.67,18164.67,17915.15,18062.18
19991012,18098.20,18221.69,18084.49,18090.81
19991013,18030.40,18030.91,17754.49,17754.49
19991014,17765.75,17941.51,17702.24,17780.26
19991015,17779.78,17808.44,17511.11,17601.57
19991018,17568.92,17568.92,17194.03,17275.33
19991019,17325.04,17377.28,17178.47,17254.17
19991020,17297.66,17560.25,17297.66,17534.71
19991021,17543.83,17605.41,17325.77,17448.27
19991022,17458.98,17607.66,17432.19,17438.80
19991025,17494.93,17787.73,17494.93,17648.79
19991026,17656.43,17751.83,17578.73,17671.79
19991027,17655.78,17655.78,17360.83,17382.36
19991028,17403.27,17525.88,17403.27,17413.71
19991029,17467.89,17947.57,17467.89,17942.08
19991101,17982.39,18119.94,17952.96,17996.92
19991102,17976.91,18058.42,17857.11,17991.96
19991104,18067.36,18377.73,18067.36,18348.13
19991105,18340.18,18491.31,18137.97,18354.90
19991108,18381.24,18481.52,18179.78,18240.98
19991109,18259.41,18498.05,18259.41,18292.16
19991110,18258.37,18622.78,18214.79,18567.87
19991111,18551.86,18659.55,18310.26,18327.28
19991112,18358.28,18483.50,18245.70,18258.55
19991115,18295.50,18519.52,18198.09,18198.09
19991116,18214.89,18289.41,18090.92,18155.14
19991117,18218.72,18509.70,18071.25,18274.82
19991118,18299.95,18686.87,18292.30,18532.81
19991119,18576.42,18837.01,18570.84,18570.84
19991122,18607.05,18848.73,18607.05,18822.12
19991124,18796.02,19036.08,18664.02,18896.21
19991125,18914.64,19020.90,18649.31,18721.78
19991126,18776.98,19002.25,18675.05,18914.50
19991129,18883.41,18909.89,18772.89,18850.27
19991130,18853.44,18864.86,18477.72,18558.23
19991201,18563.26,18718.92,18465.82,18495.95
19991202,18535.88,18684.20,18339.85,18514.41
19991203,18528.09,18610.77,18349.61,18368.14
19991206,18380.70,18664.49,18380.70,18507.20
19991207,18512.98,18657.44,18466.40,18593.96
19991208,18556.63,18604.91,18383.89,18401.20
19991209,18405.76,18405.76,18081.78,18260.72
19991210,18264.54,18416.07,18212.99,18271.85
19991213,18284.98,18284.98,18150.71,18205.08
19991214,18204.52,18210.18,18039.61,18165.55
19991215,18145.35,18302.83,18030.72,18138.36
19991216,18126.54,18187.50,18006.32,18111.31
19991217,18126.11,18255.92,18095.12,18095.12
19991220,18137.94,18272.25,18060.35,18175.49
19991221,18166.28,18168.10,18024.64,18080.38
19991222,18164.34,18461.93,18164.34,18461.93
19991224,18496.46,18777.04,18496.46,18584.95
19991227,18596.49,18666.62,18472.60,18546.90
19991228,18545.41,18816.70,18480.79,18783.52
19991229,18777.85,18886.04,18729.08,18810.58
19991230,18793.55,18960.33,18722.51,18934.34
20000104,18937.45,19187.61,18937.45,19002.86
20000105,19003.51,19003.51,18221.82,18542.55
20000106,18574.01,18582.74,18168.27,18168.27
20000107,18194.05,18285.73,18068.10,18193.41
20000111,18246.10,18887.56,18246.10,18850.92
20000112,18780.17,18811.87,18626.92,18677.42
20000113,18667.18,18845.03,18667.18,18833.29
20000114,18882.99,19058.02,18733.83,18956.55
20000117,19025.62,19442.58,19025.62,19437.23
20000118,19412.47,19412.47,19145.17,19196.57
20000119,19181.87,19181.87,18897.75,18897.75
20000120,18930.26,19167.03,18921.11,19008.01
20000121,18994.89,18994.89,18713.17,18878.09
20000124,18878.46,19124.57,18877.13,19056.71
20000125,19004.39,19131.19,18815.37,18895.53
20000126,18982.84,19145.90,18982.84,19111.19
20000127,19125.62,19238.08,18971.68,19209.72
20000128,19261.01,19595.83,19237.49,19434.78
20000131,19375.11,19539.70,19224.47,19539.70
20000201,19536.68,19553.68,19266.96,19423.38
20000202,19522.33,19860.26,19522.33,19578.91
20000203,19648.35,19878.83,19648.35,19786.42
20000204,19866.19,20011.91,19752.12,19763.13
20000207,19832.76,19948.60,19780.56,19945.43
20000208,19955.30,19983.44,19834.81,19868.88
20000209,19930.41,20046.14,19925.64,20007.77
20000210,19915.53,19915.56,19710.02,19710.02
20000214,19698.57,19748.42,19556.46,19556.46
20000215,19587.82,19689.16,19331.05,19367.83
20000216,19418.56,19612.60,19300.14,19599.18
20000217,19646.37,19803.69,19518.08,19791.40
20000218,19852.18,19862.94,19670.05,19789.03
20000221,19736.15,19763.51,19549.95,19587.36
20000222,19553.62,19712.37,19353.40,19390.58
20000223,19439.17,19527.79,19373.04,19519.55
20000224,19616.26,19698.95,19558.04,19571.44
20000225,19623.38,19817.88,19539.00,19817.88
20000228,19783.44,19904.86,19713.86,19720.10
20000229,19761.52,19978.75,19747.02,19959.52
20000301,20030.08,20165.51,20007.64,20081.67
20000302,20097.59,20202.96,19903.29,20065.11
20000303,20023.04,20034.60,19859.42,19927.54
20000306,20041.48,20160.03,19742.58,19796.35
20000307,19802.54,19942.75,19705.02,19942.75
20000308,19856.37,19856.37,19692.04,19766.80
20000309,19751.72,19885.54,19614.82,19662.33
20000310,19734.84,19982.44,19686.50,19750.40
20000313,19731.50,19760.35,19060.08,19189.93
20000314,19139.57,19335.22,18956.25,19141.84
20000315,19120.06,19120.06,18765.88,19078.60
20000316,19095.63,19313.18,18892.26,19253.23
20000317,19335.60,19573.48,19335.60,19566.32
20000321,19598.53,19602.36,19455.11,19602.36
20000322,19612.23,19734.43,19602.88,19733.59
20000323,19749.51,19762.30,19568.77,19704.60
20000324,19752.16,20012.41,19697.57,19958.08
20000327,19976.14,20295.69,19880.11,20281.03
20000328,20273.68,20388.18,20014.08,20374.34
20000329,20406.56,20809.18,20406.56,20706.65
20000330,20706.45,20809.79,20439.44,20441.50
20000331,20371.07,20550.10,20259.35,20337.32
20000403,20327.79,20726.99,20271.92,20726.99
20000404,20747.82,20747.82,20536.33,20594.93
20000405,20546.60,20654.63,20311.79,20462.77
20000406,20476.23,20556.97,20171.62,20223.61
20000407,20269.59,20463.67,20252.81,20252.81
20000410,20368.81,20640.11,20368.81,20619.06
20000411,20544.40,20656.87,20516.94,20522.52
20000412,20475.96,20833.21,20436.74,20833.21
20000413,20736.40,20736.40,20385.16,20526.42
20000414,20456.48,20604.37,20330.89,20434.68
20000417,20341.50,20341.50,18603.87,19008.64
20000418,19089.00,19330.40,18547.38,18969.52
20000419,18998.06,19192.63,18794.48,19086.62
20000420,19041.53,19382.44,18959.32,18959.32
20000421,19050.68,19269.06,18091.10,18252.68
20000424,18247.48,18987.34,18247.48,18480.15
20000425,18433.30,18630.30,18176.83,18272.33
20000426,18326.90,18439.18,17948.36,18134.31
20000427,18122.70,18245.44,18012.41,18019.17
20000428,18035.54,18137.01,17926.43,17973.70
20000501,17979.25,18403.08,17979.25,18403.08
20000502,18497.52,18586.16,18428.92,18439.36
20000508,18465.71,18475.45,18189.80,18199.96
20000509,18152.37,18152.37,17804.04,17844.54
20000510,17799.21,17803.44,17393.59,17701.47
20000511,17605.65,17605.65,16779.42,16882.46
20000512,16963.87,17362.20,16963.87,17357.86
20000515,17396.45,17396.45,17192.71,17313.69
20000516,17342.84,17558.51,17283.52,17551.25
20000517,17588.81,17691.39,17348.88,17404.03
20000518,17365.09,17365.09,16971.82,17031.63
20000519,16960.29,16960.29,16572.05,16858.17
20000522,16802.66,16802.66,16174.40,16386.01
20000523,16345.26,16493.70,16169.93,16318.73
20000524,16237.88,16261.33,15876.34,16044.44
20000525,16090.36,16374.06,16090.36,16247.82
20000526,16219.02,16219.02,15870.25,16008.14
20000529,16028.76,16245.44,16028.76,16245.44
20000530,16275.96,16485.54,16210.04,16228.90
20000531,16274.14,16538.67,16224.06,16332.45
20000601,16320.08,16694.30,16320.08,16694.30
20000602,16682.25,16941.42,16682.25,16800.06
20000605,16842.04,17261.87,16842.04,17201.79
20000606,17163.39,17207.15,17064.92,17170.08
20000607,17134.14,17206.98,17019.25,17144.96
20000608,17177.45,17250.83,16979.30,17004.34
20000609,17004.72,17004.72,16785.77,16861.91
20000612,16876.68,17018.64,16791.87,16980.61
20000613,16950.93,16950.93,16768.86,16914.95
20000614,16920.21,16920.21,16477.98,16654.42
20000615,16635.24,16635.24,16334.96,16338.70
20000616,16358.71,16480.08,16289.92,16318.31
20000619,16382.11,16627.54,16359.96,16591.35
20000620,16645.99,16907.55,16645.99,16907.55
20000621,16922.25,17212.38,16854.21,17210.08
20000622,17228.85,17364.26,17092.44,17106.01
20000623,17055.67,17214.47,16899.00,16963.21
20000626,16927.27,16975.07,16761.59,16925.40
20000627,16969.48,17285.47,16969.48,17279.06
20000628,17289.31,17421.07,17230.04,17370.17
20000629,17448.35,17511.32,17383.01,17475.90
20000630,17482.09,17510.07,17305.81,17411.05
20000703,17451.65,17636.67,17451.65,17614.66
20000704,17655.57,17661.11,17434.07,17470.15
20000705,17473.76,17576.28,17364.70,17435.95
20000706,17402.71,17402.71,17154.58,17282.37
20000707,17290.46,17483.47,17290.46,17398.24
20000710,17421.56,17594.66,17421.56,17572.68
20000711,17567.50,17573.69,17436.58,17504.36
20000712,17519.04,17541.98,17210.18,17342.13
20000713,17348.34,17348.34,17009.65,17036.90
20000714,17136.70,17176.20,17019.50,17142.90
20000717,17188.98,17476.86,17150.17,17286.83
20000718,17261.08,17349.59,16834.02,16945.07
20000719,16905.34,17015.47,16703.01,16983.57
20000721,17025.66,17098.74,16800.59,16811.49
20000724,16767.20,16767.20,16506.38,16547.12
20000725,16506.15,16573.59,16341.52,16573.59
20000726,16553.57,16563.71,16400.22,16502.61
20000727,16457.70,16457.70,16027.34,16182.01
20000728,16134.19,16134.19,15815.53,15838.57
20000731,15821.31,15854.66,15394.71,15727.49
20000801,15784.60,16099.67,15773.72,16099.67
20000802,16118.80,16211.55,16054.66,16206.19
20000803,16185.72,16185.72,15725.98,15814.44
20000804,15799.99,15897.25,15557.33,15667.36
20000807,15666.81,16039.40,15666.81,16002.71
20000808,16044.81,16073.20,15755.22,15820.11
20000809,15873.42,16034.60,15778.86,16034.60
20000810,16050.87,16053.61,15946.60,15975.65
20000811,16008.06,16125.66,15888.56,16117.50
20000814,16109.95,16227.35,16055.07,16153.91
20000815,16181.50,16309.50,16131.48,16298.29
20000816,16300.49,16409.13,16249.94,16356.03
20000817,16356.14,16356.14,16079.74,16161.03
20000818,16156.64,16280.49,16118.89,16280.49
20000821,16249.94,16257.34,15945.92,16040.18
20000822,16075.52,16454.74,15985.20,16454.74
20000823,16446.47,16544.80,16351.42,16436.65
20000824,16433.36,16778.02,16433.36,16670.82
20000825,16718.54,16926.22,16603.69,16911.33
20000828,16895.55,17209.16,16840.51,17181.12
20000829,17165.91,17210.80,17004.01,17141.75
20000830,17131.36,17131.36,16895.36,16901.67
20000831,16918.03,17056.54,16769.49,16861.26
20000901,16915.04,17018.52,16700.36,16739.78
20000904,16764.33,16883.31,16661.48,16688.21
20000905,16677.79,16712.33,16401.28,16452.27
20000906,16433.85,16531.81,16364.95,16399.87
20000907,16394.39,16397.10,16243.18,16300.46
20000908,16370.23,16540.92,16239.26,16501.55
20000911,16467.69,16477.53,16089.00,16130.90
20000912,16111.97,16133.19,15885.32,16040.23
20000913,16080.57,16306.40,16080.57,16190.52
20000914,16208.33,16311.04,16144.11,16213.28
20000918,16174.92,16174.92,15965.71,16061.16
20000919,16013.33,16124.19,15774.72,16124.19
20000920,16146.04,16523.27,16146.04,16458.31
20000921,16422.49,16460.49,16290.79,16311.05
20000922,16268.94,16270.42,15785.63,15818.25
20000925,15850.56,16144.19,15850.56,15992.90
20000926,15992.86,16038.07,15905.37,15928.62
20000927,15907.19,15907.19,15621.88,15639.95
20000928,15642.84,15888.35,15625.87,15626.96
20000929,15663.71,15898.07,15663.71,15747.26
20001002,15735.71,15902.51,15514.04,15902.51
20001003,15905.25,15956.45,15779.54,15912.09
20001004,15906.18,16153.67,15808.66,16149.08
20001005,16157.20,16192.78,16052.12,16099.26
20001006,16084.05,16084.05,15884.65,15994.24
20001010,15958.12,15958.12,15792.36,15827.72
20001011,15795.15,15795.15,15424.71,15513.57
20001012,15491.80,15580.32,15392.74,15550.64
20001013,15516.15,15516.15,15101.64,15330.31
20001016,15366.81,15688.17,15366.81,15512.32
20001017,15526.99,15545.06,15340.22,15340.22
20001018,15324.35,15324.35,14832.97,14872.48
20001019,14901.11,15027.13,14707.88,14811.08
20001020,14842.81,15314.97,14842.81,15198.73
20001023,15197.93,15224.81,15035.24,15097.96
20001024,15100.08,15229.46,15066.60,15148.19
20001025,15108.46,15108.46,14840.47,14840.47
20001026,14787.38,14858.43,14577.20,14858.43
20001027,14852.79,14989.41,14582.20,14582.20
20001030,14607.02,14715.66,14425.22,14464.56
20001031,14475.98,14566.05,14333.16,14539.60
20001101,14557.45,14888.03,14557.45,14872.39
20001102,14857.36,14961.69,14767.96,14837.78
20001106,14904.29,15371.44,14887.36,15371.44
20001107,15356.94,15422.15,15259.78,15340.33
20001108,15256.16,15602.39,15219.11,15399.64
20001109,15270.16,15270.16,14997.91,15060.05
20001110,14952.18,15015.19,14873.52,14988.54
20001113,14824.71,14824.71,14461.16,14664.64
20001114,14680.54,14685.02,14549.73,14660.04
20001115,14812.39,14958.33,14769.26,14799.14
20001116,14852.24,14857.48,14551.66,14587.03
20001117,14510.22,14601.17,14420.36,14544.30
20001120,14510.39,14577.73,14450.63,14531.65
20001121,14413.13,14414.59,14211.03,14408.46
20001122,14420.04,14464.00,14172.64,14301.31
20001124,14247.31,14430.11,14229.65,14315.35
20001127,14422.25,14746.88,14412.43,14720.39
20001128,14664.88,14788.41,14573.27,14658.87
20001129,14606.36,14606.36,14444.99,14485.32
20001130,14449.74,14683.50,14385.16,14648.51
20001201,14600.53,14984.37,14596.39,14835.33
20001204,14922.67,15067.19,14899.09,14954.73
20001205,15068.97,15068.97,14695.05,14695.05
20001206,14842.95,15109.64,14842.95,14889.37
20001207,14825.62,14834.42,14720.36,14720.36
20001208,14663.86,14769.44,14622.83,14696.51
20001211,14775.93,15051.34,14775.93,15015.70
20001212,15097.29,15270.89,15071.70,15114.64
20001213,15086.25,15273.40,14989.85,15168.68
20001214,15097.00,15117.69,14883.35,14927.19
20001215,14832.39,14832.39,14552.29,14552.29
20001218,14462.35,14566.21,14384.60,14483.90
20001219,14461.64,14461.64,14132.37,14132.37
20001220,14052.62,14082.64,13801.98,13914.43
20001221,13768.03,13780.71,13182.51,13423.21
20001222,13469.99,13517.23,13338.11,13427.08
20001225,13597.57,13931.61,13597.57,13931.61
20001226,13878.52,14019.73,13794.43,14007.85
20001227,13935.26,13981.49,13797.74,13981.49
20001228,13966.95,13990.27,13866.18,13946.96
20001229,13899.49,13966.82,13781.12,13785.69
20010104,13898.09,13990.57,13667.68,13691.49
20010105,13763.22,13947.06,13725.46,13867.61
20010109,13732.85,13732.85,13460.82,13610.51
20010110,13593.16,13593.16,13349.15,13432.65
20010111,13433.09,13436.61,13123.81,13201.07
20010112,13246.20,13451.95,13246.20,13347.74
20010115,13450.28,13573.55,13441.52,13506.23
20010116,13561.73,13598.20,13442.09,13584.45
20010117,13593.83,13688.90,13476.55,13667.63
20010118,13734.79,13931.91,13723.21,13873.92
20010119,13956.34,14186.62,13947.92,13989.12
20010122,14010.07,14039.40,13841.03,14032.42
20010123,13966.64,14060.23,13913.10,13984.66
20010124,14020.61,14034.11,13857.83,13893.58
20010125,13879.83,13879.83,13730.17,13803.38
20010126,13726.98,13750.23,13626.05,13696.06
20010129,13724.26,13908.40,13721.86,13845.28
20010130,13885.27,13910.71,13713.55,13826.65
20010131,13855.74,13855.74,13726.51,13843.55
20010201,13740.92,13779.55,13667.93,13779.55
20010202,13764.69,13862.29,13703.63,13703.63
20010205,13588.64,13588.64,13367.91,13385.52
20010206,13316.25,13379.44,13240.37,13269.85
20010207,13273.93,13373.78,13268.61,13366.01
20010208,13336.34,13336.34,12966.83,13138.23
20010209,13140.61,13460.39,13135.02,13422.83
20010213,13431.72,13461.11,13247.95,13274.70
20010214,13179.27,13405.52,13119.34,13284.06
20010215,13273.91,13416.55,13273.67,13327.39
20010216,13348.72,13349.08,13166.46,13175.49
20010219,13060.20,13137.10,12950.74,13119.59
20010220,13092.36,13248.36,13073.24,13248.36
20010221,13181.50,13185.23,13084.55,13100.08
20010222,13041.72,13125.34,12861.33,13073.36
20010223,13054.46,13272.81,13048.54,13246.00
20010226,13255.29,13315.86,13170.99,13201.14
20010227,13232.86,13262.22,13041.33,13059.86
20010228,12987.50,13040.31,12784.17,12883.54
20010301,12811.52,12844.35,12528.50,12653.23
20010302,12594.46,12594.46,12261.80,12261.80
20010305,12285.46,12389.09,12133.90,12322.16
20010306,12402.89,12687.74,12351.14,12687.74
20010307,12748.56,12824.19,12539.75,12723.89
20010308,12694.22,12756.97,12584.10,12650.56
20010309,12549.19,12667.21,12500.51,12627.90
20010312,12509.67,12509.67,12171.37,12171.37
20010313,12044.78,12044.78,11710.33,11819.70
20010314,11912.61,12004.38,11793.27,11843.59
20010315,11685.64,12152.83,11433.88,12152.83
20010316,12169.65,12374.45,12071.49,12232.98
20010319,12183.98,12544.68,12143.67,12190.97
20010321,12184.32,13103.94,12100.97,13103.94
20010322,12982.53,13237.33,12853.97,12853.97
20010323,12866.02,13242.72,12866.02,13214.54
20010326,13309.72,13862.31,13296.98,13862.31
20010327,13766.90,13829.47,13536.53,13638.33
20010328,13726.48,13867.58,13567.71,13765.51
20010329,13620.07,13620.07,13072.36,13072.36
20010330,13203.00,13457.90,12992.45,12999.70
20010402,13057.65,13089.47,12781.34,12937.86
20010403,12970.67,13357.96,12970.67,13124.47
20010404,13043.18,13242.78,12874.76,13242.78
20010405,13344.20,13555.46,13323.16,13381.38
20010406,13517.70,13674.58,13284.79,13383.76
20010409,13304.36,13304.36,12841.76,12841.76
20010410,12847.89,12893.85,12579.56,12620.27
20010411,12784.64,13208.65,12724.47,13174.93
20010412,13205.06,13452.60,13126.21,13352.44
20010413,13454.87,13578.64,13291.20,13385.72
20010416,13338.92,13451.02,13217.64,13254.89
20010417,13179.33,13203.61,13019.60,13067.09
20010418,13170.09,13705.86,13170.09,13641.79
20010419,13789.47,14099.49,13789.47,13868.28
20010420,13855.03,13999.58,13686.66,13765.67
20010423,13837.19,14051.97,13639.11,13715.60
20010424,13628.10,13762.95,13403.27,13743.18
20010425,13799.29,13920.67,13769.58,13827.50
20010426,13968.93,14084.55,13957.63,13973.03
20010427,14036.26,14065.48,13795.05,13934.32
20010501,14096.32,14425.46,14096.32,14425.46
20010502,14441.39,14444.84,14296.54,14421.64
20010507,14384.14,14556.11,14184.85,14529.41
20010508,14420.17,14420.17,14227.37,14289.05
20010509,14235.30,14235.30,13957.81,14084.85
20010510,14035.50,14197.09,14015.70,14017.79
20010511,14055.09,14178.32,14043.92,14043.92
20010514,14041.79,14041.79,13828.70,13873.02
20010515,13829.30,14103.06,13806.05,14054.03
20010516,14050.63,14050.63,13694.27,13694.27
20010517,13845.49,13975.12,13725.25,13910.67
20010518,13931.62,14067.73,13877.77,13877.77
20010521,13938.78,14214.21,13938.78,14176.83
20010522,14271.70,14345.42,14091.19,14091.19
20010523,14012.19,14205.09,13990.32,14067.70
20010524,13914.32,13941.44,13801.46,13895.79
20010525,13869.53,13958.35,13758.66,13765.92
20010528,13732.10,13820.42,13701.83,13737.77
20010529,13697.61,13836.40,13697.61,13773.89
20010530,13680.77,13680.77,13468.73,13493.35
20010531,13394.75,13419.94,13216.57,13262.14
20010601,13365.08,13394.40,13244.90,13261.84
20010604,13294.21,13312.35,13213.65,13312.35
20010605,13232.52,13256.40,12984.07,13191.01
20010606,13289.59,13313.14,13127.62,13174.84
20010607,13122.58,13300.50,13050.17,13277.51
20010608,13324.25,13510.70,13320.37,13430.22
20010611,13413.10,13447.39,13224.99,13226.48
20010612,13111.64,13164.19,12840.10,12840.10
20010613,12883.51,12970.12,12803.42,12823.45
20010614,12826.18,12935.07,12804.03,12846.66
20010615,12722.38,12797.87,12578.78,12790.38
20010618,12766.38,12787.23,12656.58,12697.79
20010619,12734.13,12912.92,12511.66,12574.26
20010620,12575.35,12762.09,12512.13,12674.64
20010621,12776.76,13005.46,12727.55,12962.43
20010622,13041.89,13079.11,12940.58,13044.61
20010625,13052.96,13073.49,12823.45,12896.47
20010626,12856.15,13026.80,12837.80,12978.82
20010627,12936.52,12987.85,12828.98,12828.98
20010628,12853.65,12876.56,12567.26,12679.88
20010629,12843.95,12985.21,12819.46,12969.05
20010702,12929.66,12929.66,12629.51,12751.18
20010703,12855.50,12922.15,12747.05,12817.41
20010704,12801.46,12801.46,12584.99,12629.02
20010705,12563.44,12676.83,12515.51,12607.30
20010706,12499.30,12499.30,12289.61,12306.08
20010709,12191.31,12239.68,12029.20,12239.68
20010710,12247.94,12382.29,12143.94,12300.41
20010711,12178.25,12178.25,12005.11,12005.11
20010712,12133.05,12407.95,12133.05,12407.95
20010713,12417.56,12444.56,12294.04,12355.15
20010716,12408.39,12408.39,12263.45,12343.37
20010717,12215.47,12224.71,12102.94,12128.57
20010718,12121.41,12135.31,11847.73,11892.58
20010719,11898.11,11980.25,11863.12,11908.39
20010723,11902.23,11902.23,11531.68,11609.63
20010724,11608.86,11883.25,11562.38,11883.25
20010725,11823.10,12054.30,11760.97,11891.61
20010726,11914.34,11962.73,11822.77,11858.56
20010727,11862.41,11948.20,11706.47,11798.08
20010730,11846.00,11868.14,11539.16,11572.23
20010731,11656.65,11877.84,11656.65,11860.77
20010801,11920.64,11972.25,11817.76,11959.33
20010802,12072.11,12407.37,12060.50,12399.20
20010803,12336.51,12365.88,12241.27,12241.97
20010806,12170.11,12327.23,12095.11,12243.90
20010807,12154.72,12388.61,12079.55,12319.46
20010808,12265.24,12293.39,12129.37,12163.67
20010809,12036.99,12043.05,11754.56,11754.56
20010810,11683.22,11870.91,11683.22,11735.06
20010813,11697.12,11697.12,11417.70,11477.56
20010814,11587.04,11936.75,11587.04,11917.95
20010815,11812.00,11823.92,11648.86,11755.40
20010816,11645.30,11645.30,11450.77,11515.02
20010817,11537.69,11581.25,11412.36,11445.54
20010820,11347.24,11358.09,11239.45,11257.94
20010821,11317.13,11370.61,11159.27,11280.38
20010822,11220.25,11504.06,11202.67,11396.43
20010823,11414.99,11414.99,11104.18,11126.92
20010824,11190.54,11230.14,11075.42,11166.31
20010827,11273.96,11366.18,11273.96,11275.01
20010828,11255.68,11267.95,11049.86,11189.40
20010829,11087.15,11142.31,10973.27,10979.76
20010830,10918.54,10969.06,10807.75,10938.45
20010831,10811.37,10860.70,10684.16,10713.51
20010903,10729.60,10758.90,10409.68,10409.68
20010904,10413.71,10772.59,10325.83,10772.59
20010905,10679.53,10679.53,10452.98,10598.79
20010906,10575.26,10812.89,10509.68,10650.33
20010907,10541.86,10566.65,10405.80,10516.79
20010910,10395.10,10457.09,10195.69,10195.69
20010911,10244.55,10344.58,10207.03,10292.95
20010912,10140.42,10140.42,9600.84,9610.10
20010913,9663.93,9682.63,9476.87,9613.09
20010914,9625.26,10009.45,9580.34,10008.89
20010917,9881.06,9881.06,9447.76,9504.41
20010918,9623.98,9945.80,9623.98,9679.88
20010919,9682.52,10061.10,9681.79,9939.60
20010920,9837.17,9842.16,9688.12,9785.16
20010921,9658.19,9658.19,9382.95,9554.99
20010925,9637.60,9867.86,9593.07,9693.97
20010926,9687.51,9697.12,9551.73,9641.70
20010927,9601.07,9727.30,9585.81,9696.53
20010928,9783.80,9933.69,9737.42,9774.68
20011001,9766.75,9972.28,9604.09,9972.28
20011002,9937.81,10136.56,9871.94,10136.56
20011003,10194.73,10221.82,9924.23,9924.23
20011004,10038.61,10215.89,10038.61,10205.48
20011005,10165.45,10261.86,10039.51,10205.87
20011009,10143.39,10143.39,10011.77,10011.77
20011010,9995.43,10030.22,9934.00,9964.88
20011011,10074.51,10347.01,10052.08,10347.01
20011012,10474.35,10632.35,10421.57,10632.35
20011015,10545.25,10545.25,10447.99,10452.54
20011016,10433.90,10694.06,10412.25,10637.82
20011017,10672.00,10790.03,10563.52,10755.45
20011018,10654.53,10668.69,10474.85,10474.85
20011019,10472.44,10595.97,10437.80,10538.79
20011022,10529.23,10581.54,10516.59,10565.41
20011023,10685.35,10861.56,10649.59,10861.56
20011024,10811.68,10960.91,10771.63,10802.15
20011025,10847.10,11052.01,10838.60,10880.10
20011026,10951.88,11020.50,10774.29,10795.16
20011029,10779.19,10798.08,10612.31,10612.31
20011030,10522.82,10538.79,10416.44,10512.82
20011031,10443.65,10478.51,10366.34,10366.34
20011101,10430.59,10498.39,10318.17,10347.28
20011102,10460.61,10538.45,10322.28,10383.78
20011105,10427.35,10447.54,10345.28,10447.54
20011106,10518.02,10633.72,10494.89,10633.72
20011107,10607.35,10632.49,10284.98,10284.98
20011108,10345.49,10431.79,10269.97,10431.79
20011109,10412.62,10412.62,10213.01,10215.71
20011112,10225.59,10260.70,10081.56,10081.56
20011113,10035.65,10057.74,9955.09,10030.56
20011114,10120.16,10231.16,10076.59,10086.76
20011115,10159.38,10489.89,10142.42,10489.89
20011116,10488.70,10850.48,10454.20,10649.09
20011119,10643.33,10849.19,10618.69,10727.94
20011120,10779.58,10779.58,10555.44,10575.62
20011121,10530.29,10789.18,10490.60,10661.08
20011122,10617.44,10702.34,10529.21,10696.82
20011126,10797.12,11067.92,10797.12,11064.30
20011127,11012.85,11186.75,10948.89,10948.89
20011128,10862.24,10900.31,10624.81,10624.81
20011129,10607.45,10668.73,10512.66,10655.96
20011130,10659.87,10697.90,10550.66,10697.44
20011203,10694.65,10695.04,10370.62,10370.62
20011204,10414.94,10478.47,10326.52,10452.65
20011205,10549.39,10724.64,10523.22,10713.81
20011206,10830.86,11052.51,10813.79,10857.28
20011207,10833.30,10918.19,10762.97,10796.89
20011210,10736.12,10738.39,10571.01,10571.01
20011211,10523.86,10606.92,10467.61,10473.91
20011212,10490.07,10821.13,10490.07,10801.52
20011213,10721.61,10731.81,10433.45,10433.45
20011214,10465.23,10603.71,10379.59,10511.65
20011217,10482.40,10484.38,10302.97,10323.35
20011218,10422.16,10582.07,10330.58,10432.17
20011219,10393.04,10500.44,10347.18,10471.93
20011220,10485.80,10501.98,10346.40,10434.52
20011221,10394.73,10418.59,10253.72,10335.45
20011225,10359.22,10359.22,10178.87,10254.81
20011226,10273.05,10300.63,10170.90,10192.57
20011227,10213.32,10457.61,10176.31,10457.61
20011228,10498.80,10571.75,10427.62,10542.62
20020104,10631.00,10871.49,10617.08,10871.49
20020107,10803.45,10979.92,10803.45,10942.36
20020108,10841.97,10843.26,10662.25,10695.60
20020109,10661.25,10747.60,10638.43,10663.98
20020110,10652.17,10710.48,10494.35,10538.43
20020111,10536.25,10571.50,10441.59,10441.59
20020115,10359.44,10359.44,10208.05,10208.05
20020116,10172.16,10269.03,10096.34,10177.58
20020117,10184.95,10257.45,10074.45,10128.18
20020118,10165.16,10296.79,10151.43,10293.32
20020121,10252.43,10393.56,10169.80,10280.25
20020122,10225.52,10280.30,10050.98,10050.98
20020123,10063.92,10154.82,10040.91,10040.91
20020124,10089.25,10240.39,10012.80,10074.05
20020125,10133.59,10149.87,10017.48,10144.14
20020128,10190.28,10303.74,10156.19,10220.85
20020129,10191.75,10191.75,10026.03,10026.03
20020130,9921.73,9938.33,9843.12,9919.48
20020131,9962.35,10012.15,9896.84,9997.80
20020201,10026.96,10032.25,9735.05,9791.43
20020204,9808.82,9808.82,9623.99,9631.93
20020205,9577.17,9683.93,9473.46,9475.60
20020206,9494.62,9602.52,9420.85,9420.85
20020207,9481.09,9634.79,9458.70,9583.27
20020208,9564.75,9753.75,9538.45,9686.06
20020212,9816.96,9949.73,9816.96,9877.99
20020213,9901.89,10039.25,9865.75,9968.35
20020214,10014.18,10235.38,10014.18,10081.09
20020215,10098.23,10152.00,10025.55,10048.10
20020218,10021.55,10119.21,9980.89,10093.25
20020219,10113.69,10129.34,9847.16,9847.16
20020220,9783.16,9901.24,9773.95,9834.13
20020221,9913.85,10295.42,9895.45,10295.42
20020222,10219.85,10418.64,10165.72,10356.78
20020225,10394.73,10446.28,10289.83,10296.47
20020226,10405.46,10458.87,10183.52,10202.63
20020227,10268.87,10573.09,10268.87,10573.09
20020228,10634.93,10798.67,10587.83,10587.83
20020301,10641.36,10813.45,10540.31,10812.00
20020304,10942.50,11450.22,10941.36,11450.22
20020305,11529.21,11602.75,11348.45,11348.45
20020306,11375.87,11648.38,11358.53,11358.53
20020307,11473.63,11690.36,11472.88,11648.34
20020308,11710.20,12010.25,11634.31,11885.79
20020311,11941.92,12034.04,11772.86,11919.30
20020312,11863.71,11912.29,11607.33,11607.33
20020313,11548.24,11774.18,11415.31,11415.31
20020314,11471.83,11568.82,11347.25,11568.82
20020315,11594.87,11709.44,11537.89,11648.01
20020318,11745.81,11789.46,11477.68,11498.38
20020319,11597.86,11792.82,11597.86,11792.82
20020320,11833.97,11833.97,11503.79,11526.78
20020322,11460.95,11519.68,11326.22,11345.08
20020325,11339.06,11378.78,11166.92,11261.09
20020326,11214.25,11524.23,11165.00,11207.92
20020327,11251.70,11421.01,11190.39,11323.68
20020328,11313.56,11348.22,11240.99,11333.11
20020329,11350.35,11389.60,11024.94,11024.94
20020401,11106.07,11148.50,11007.63,11028.70
20020402,11142.83,11217.24,11049.85,11204.49
20020403,11103.72,11476.94,11042.25,11400.71
20020404,11430.25,11537.13,11336.20,11379.20
20020405,11366.40,11412.99,11301.95,11335.49
20020408,11321.28,11430.03,11265.18,11352.89
20020409,11337.49,11363.20,11113.08,11114.49
20020410,11089.13,11293.17,11052.70,11218.58
20020411,11291.38,11320.67,11147.27,11147.27
20020412,11069.84,11122.77,10896.12,10962.98
20020415,11013.67,11138.70,10941.81,11137.30
20020416,11160.91,11346.66,11141.27,11346.66
20020417,11422.75,11544.83,11403.79,11543.71
20020418,11499.78,11635.98,11485.09,11575.73
20020419,11488.50,11525.88,11386.72,11512.01
20020422,11555.08,11765.05,11555.08,11721.64
20020423,11633.18,11812.99,11576.71,11736.83
20020424,11749.32,11808.25,11663.71,11672.88
20020425,11691.73,11708.01,11583.07,11648.72
20020426,11681.80,11685.08,11464.59,11541.39
20020430,11532.57,11548.78,11440.66,11492.54
20020501,11540.09,11591.49,11528.29,11552.79
20020502,11609.69,11609.69,11518.57,11551.01
20020507,11500.13,11508.58,11250.86,11316.04
20020508,11356.54,11581.41,11356.54,11520.75
20020509,11633.80,11727.52,11620.52,11633.30
20020510,11534.73,11587.43,11523.84,11531.11
20020513,11473.93,11473.93,11309.48,11336.95
20020514,11451.60,11507.66,11336.81,11356.19
20020515,11486.06,11693.91,11486.06,11642.97
20020516,11671.42,11747.35,11579.12,11738.69
20020517,11820.33,11926.90,11817.65,11847.32
20020520,11887.80,11942.91,11836.22,11856.54
20020521,11803.74,11824.73,11765.21,11801.16
20020522,11767.57,11963.23,11767.00,11961.98
20020523,12001.28,12019.86,11936.87,11979.85
20020524,12013.35,12023.42,11842.80,11976.28
20020527,11975.33,12081.43,11952.68,11976.35
20020528,11941.97,11950.28,11889.56,11936.08
20020529,11837.27,11887.73,11796.59,11853.00
20020530,11804.46,11812.59,11680.58,11770.03
20020531,11780.49,11911.91,11743.99,11763.70
20020603,11804.04,11905.16,11796.45,11901.39
20020604,11854.51,11874.30,11624.39,11653.07
20020605,11703.82,11769.40,11654.12,11663.87
20020606,11700.13,11743.89,11540.32,11574.94
20020607,11467.03,11467.03,11365.61,11438.53
20020610,11470.92,11522.04,11370.21,11370.21
20020611,11390.41,11514.53,11390.41,11449.44
20020612,11392.32,11405.29,11261.93,11327.06
20020613,11366.06,11396.28,11132.59,11144.84
20020614,11121.89,11127.16,10911.07,10920.63
20020617,10858.05,10888.04,10577.89,10664.11
20020618,10799.43,10884.26,10747.68,10839.93
20020619,10757.03,10771.60,10448.70,10476.18
20020620,10467.22,10629.44,10325.55,10612.98
20020621,10489.78,10489.78,10327.91,10354.35
20020624,10255.99,10490.87,10169.07,10471.32
20020625,10463.97,10580.49,10404.22,10496.67
20020626,10376.29,10376.29,10060.72,10074.56
20020627,10182.12,10335.97,10176.18,10261.60
20020628,10390.53,10621.84,10366.47,10621.84
20020701,10655.00,10677.10,10541.22,10595.44
20020702,10516.66,10622.32,10371.26,10622.32
20020703,10521.64,10862.69,10495.67,10812.30
20020704,10752.34,10791.22,10625.92,10632.81
20020705,10701.37,10885.83,10701.37,10826.09
20020708,10969.21,11050.69,10760.10,10769.20
20020709,10836.19,10960.25,10770.99,10960.25
20020710,10865.93,10975.72,10752.66,10752.66
20020711,10647.59,10647.59,10457.07,10485.74
20020712,10608.63,10694.41,10570.00,10601.45
20020715,10548.21,10548.21,10373.29,10375.15
20020716,10313.21,10503.04,10250.42,10250.42
20020717,10256.39,10328.01,10113.61,10296.02
20020718,10366.95,10513.99,10340.31,10498.26
20020719,10421.53,10421.53,10174.68,10202.36
20020722,10076.30,10295.71,9982.24,10189.01
20020723,10102.46,10268.05,10003.81,10215.63
20020724,10134.88,10142.90,9901.09,9947.72
20020725,10079.98,10166.68,9911.13,9929.91
20020726,9868.33,9868.33,9547.85,9591.03
20020729,9654.13,9852.80,9636.69,9666.67
20020730,9801.09,10013.99,9791.45,10003.72
20020731,9964.75,9965.02,9831.59,9877.94
20020801,9912.59,9912.59,9738.23,9793.51
20020802,9716.71,9791.94,9633.83,9709.66
20020805,9637.31,9775.93,9636.92,9704.93
20020806,9622.52,9623.16,9439.41,9501.02
20020807,9637.24,9875.33,9636.54,9834.40
20020808,9844.70,9941.01,9740.43,9799.57
20020809,9871.77,10043.30,9856.86,9999.79
20020812,9931.82,9931.82,9747.82,9747.82
20020813,9671.33,9795.95,9644.14,9688.61
20020814,9642.03,9681.84,9618.87,9638.41
20020815,9740.20,9851.68,9740.20,9795.57
20020816,9859.17,9883.65,9727.88,9788.13
20020819,9773.38,9773.38,9499.51,9599.10
20020820,9696.43,9743.10,9585.67,9620.69
20020821,9540.71,9706.69,9523.86,9642.61
20020822,9650.54,9851.89,9551.14,9814.02
20020823,9894.80,9979.88,9863.84,9867.45
20020826,9811.84,10162.30,9797.04,10067.74
20020827,10001.44,10067.25,9899.24,9907.30
20020828,9921.08,9953.40,9745.31,9766.73
20020829,9681.41,9697.55,9558.68,9620.14
20020830,9646.78,9677.57,9524.78,9619.30
20020902,9564.90,9565.08,9487.89,9521.63
20020903,9449.20,9472.56,9217.04,9217.04
20020904,9122.70,9159.06,8995.20,9075.09
20020905,9147.66,9290.40,9075.70,9222.12
20020906,9108.60,9150.45,8969.26,9129.07
20020909,9221.50,9353.44,9221.50,9306.26
20020910,9354.89,9455.85,9274.46,9309.31
20020911,9384.18,9432.44,9353.18,9400.08
20020912,9359.13,9440.54,9251.46,9415.23
20020913,9298.90,9305.69,9156.79,9241.93
20020917,9349.38,9577.42,9349.38,9543.94
20020918,9431.88,9521.58,9257.86,9472.06
20020919,9606.78,9884.60,9606.78,9669.62
20020920,9566.16,9672.82,9448.32,9481.08
20020924,9396.42,9396.42,9188.29,9321.64
20020925,9212.63,9349.24,9106.45,9165.41
20020926,9264.97,9386.96,9264.97,9320.92
20020927,9415.74,9572.37,9415.74,9530.44
20020930,9421.25,9470.71,9315.25,9383.29
20021001,9289.53,9289.53,9143.28,9162.26
20021002,9252.29,9293.86,9049.33,9049.33
20021003,9057.98,9087.96,8927.57,8936.43
20021004,8899.77,9027.55,8860.65,9027.55
20021007,8920.74,8920.74,8650.36,8688.00
20021008,8712.22,8798.94,8674.48,8708.90
20021009,8649.06,8651.66,8498.46,8539.34
20021010,8468.03,8487.59,8197.22,8439.62
20021011,8512.57,8611.40,8483.49,8529.61
20021015,8641.66,8871.44,8641.66,8836.73
20021016,8934.07,8974.79,8826.42,8884.87
20021017,8894.13,9038.43,8894.13,8959.88
20021018,9055.93,9134.80,9055.93,9086.13
20021021,9108.51,9116.52,8948.33,8978.41
20021022,8969.51,8969.51,8689.39,8689.39
20021023,8623.87,8758.67,8499.49,8714.52
20021024,8724.70,8735.62,8549.48,8614.30
20021025,8612.57,8758.75,8612.57,8726.29
20021028,8680.06,8757.51,8557.93,8757.51
20021029,8715.74,8785.44,8678.25,8708.76
20021030,8631.41,8842.78,8615.30,8756.59
20021031,8830.71,8830.71,8576.70,8640.48
20021101,8651.67,8698.19,8571.43,8685.72
20021105,8790.66,8995.51,8790.57,8937.56
20021106,8955.83,9100.68,8914.09,8953.29
20021107,8911.67,8955.70,8854.44,8920.44
20021108,8824.46,8824.46,8657.18,8690.77
20021111,8619.74,8619.74,8430.50,8460.37
20021112,8402.56,8526.88,8380.46,8464.77
20021113,8505.93,8505.93,8389.36,8438.52
20021114,8428.59,8501.36,8303.39,8303.39
20021115,8402.26,8517.25,8399.68,8503.59
20021118,8477.66,8479.78,8292.35,8346.01
20021119,8329.63,8413.59,8246.53,8365.26
20021120,8383.56,8533.01,8355.41,8459.62
20021121,8537.97,8683.30,8530.93,8668.06
20021122,8758.22,8819.60,8715.94,8772.56
20021125,8818.40,8956.48,8751.62,8944.44
20021126,8943.57,8983.24,8749.88,8823.99
20021127,8761.17,8927.04,8761.17,8875.88
20021128,8968.49,9185.68,8967.64,9176.78
20021129,9171.76,9294.10,9125.35,9215.56
20021202,9208.61,9251.82,9112.46,9174.47
20021203,9244.17,9320.11,9183.58,9205.11
20021204,9126.63,9126.63,8960.62,9006.73
20021205,8968.63,9035.42,8907.35,8917.57
20021206,8897.67,8907.15,8805.04,8863.26
20021209,8836.68,8942.21,8798.56,8828.05
20021210,8756.10,8869.26,8753.50,8804.52
20021211,8855.87,8876.03,8725.32,8727.66
20021212,8742.63,8754.81,8682.98,8708.69
20021213,8694.23,8694.23,8496.29,8516.07
20021216,8499.09,8570.43,8416.20,8450.94
20021217,8525.15,8583.68,8487.20,8510.73
20021218,8468.43,8489.53,8310.42,8344.01
20021219,8312.30,8411.76,8256.52,8387.57
20021220,8408.38,8421.91,8305.80,8406.88
20021224,8434.26,8556.58,8389.49,8512.37
20021225,8502.11,8527.73,8455.63,8501.14
20021226,8575.58,8706.48,8572.72,8700.10
20021227,8686.50,8714.05,8630.82,8714.05
20021230,8617.65,8617.65,8543.70,8578.95
20030106,8669.89,8761.78,8669.89,8713.33
20030107,8810.74,8829.06,8654.52,8656.50
20030108,8614.41,8614.41,8491.49,8517.80
20030109,8440.32,8498.03,8400.59,8497.93
20030110,8563.38,8569.85,8378.18,8470.45
20030114,8512.82,8569.80,8451.70,8553.06
20030115,8564.17,8612.13,8475.04,8611.75
20030116,8572.66,8619.84,8536.11,8609.17
20030117,8566.81,8732.85,8562.13,8690.25
20030120,8639.04,8657.79,8495.00,8558.82
20030121,8562.11,8755.35,8528.81,8708.58
20030122,8680.57,8708.54,8568.66,8611.04
20030123,8648.60,8794.97,8562.19,8790.92
20030124,8779.44,8825.67,8701.32,8731.65
20030127,8656.50,8690.13,8588.63,8609.47
20030128,8531.53,8582.93,8511.14,8525.39
20030129,8529.67,8529.67,8304.05,8331.08
20030130,8364.90,8407.15,8312.41,8316.81
20030131,8291.95,8348.07,8237.03,8339.94
20030203,8285.55,8511.87,8253.76,8500.79
20030204,8555.73,8579.41,8484.90,8484.90
20030205,8425.19,8574.42,8423.93,8549.85
20030206,8562.28,8595.23,8451.20,8484.19
20030207,8482.74,8517.45,8422.67,8448.16
20030210,8427.30,8502.36,8427.30,8484.93
20030212,8514.78,8676.53,8514.78,8664.17
20030213,8644.85,8672.99,8550.48,8599.66
20030214,8627.00,8771.63,8613.73,8701.92
20030217,8765.69,8821.31,8731.96,8771.89
20030218,8775.38,8794.40,8674.38,8692.97
20030219,8756.61,8772.95,8667.17,8678.44
20030220,8626.44,8650.92,8575.66,8650.92
20030221,8652.68,8685.42,8506.83,8513.54
20030224,8503.98,8606.58,8489.03,8564.95
20030225,8475.55,8481.23,8324.70,8360.49
20030226,8327.46,8429.17,8327.46,8356.81
20030227,8344.08,8377.61,8266.97,8359.38
20030228,8429.98,8448.78,8332.41,8363.04
20030303,8397.15,8490.40,8357.42,8490.40
20030304,8474.84,8499.77,8414.51,8480.22
20030305,8401.72,8493.61,8370.59,8472.62
20030306,8461.71,8509.43,8369.15,8369.15
20030307,8296.54,8336.30,8144.12,8144.12
20030310,8097.27,8112.87,7975.36,8042.26
20030311,7970.86,8062.12,7862.43,7862.43
20030312,7908.23,7998.01,7888.31,7943.04
20030313,7968.78,8003.18,7868.56,7868.56
20030314,7912.34,8038.46,7912.34,8002.69
20030317,8010.39,8018.32,7870.78,7871.64
20030318,7975.25,8081.17,7954.46,7954.46
20030319,7956.44,8051.04,7824.82,8051.04
20030320,8127.77,8287.09,8121.91,8195.05
20030324,8300.32,8451.05,8299.64,8435.07
20030325,8351.54,8377.17,8231.95,8238.76
20030326,8257.34,8375.79,8257.34,8351.92
20030327,8351.94,8381.93,8323.74,8368.67
20030328,8360.72,8360.72,8247.98,8280.16
20030331,8240.10,8240.10,7950.96,7972.71
20030401,7907.13,8019.47,7866.67,7986.72
20030402,8052.95,8069.85,7917.54,8069.85
20030403,8160.66,8178.24,7999.12,8017.75
20030404,7999.90,8101.37,7966.39,8074.12
20030407,8123.94,8249.98,8077.46,8249.98
20030408,8200.25,8200.25,8071.39,8131.41
20030409,8091.26,8159.50,8024.81,8057.61
20030410,8028.80,8031.00,7941.05,7980.12
20030411,7960.89,7974.22,7807.99,7816.49
20030414,7830.94,7885.52,7693.46,7752.10
20030415,7805.17,7906.19,7805.17,7838.83
20030416,7898.41,7934.69,7856.94,7879.49
20030417,7828.67,7851.09,7807.96,7821.90
20030418,7866.07,7899.35,7863.92,7874.51
20030421,7889.42,7996.54,7852.95,7969.08
20030422,7946.95,7946.95,7747.86,7790.46
20030423,7829.01,7895.60,7756.75,7793.38
20030424,7844.14,7937.86,7806.13,7854.57
20030425,7806.21,7806.21,7660.62,7699.50
20030428,7679.11,7685.36,7603.76,7607.88
20030430,7694.93,7831.42,7694.93,7831.42
20030501,7804.03,7896.16,7745.69,7863.29
20030502,7862.62,7907.19,7792.20,7907.19
20030506,7995.49,8133.34,7995.49,8083.56
20030507,8126.86,8156.00,8061.81,8109.77
20030508,8072.67,8072.67,8019.33,8031.55
20030509,8083.60,8152.16,8009.37,8152.16
20030512,8193.73,8236.83,8152.38,8221.12
20030513,8253.67,8339.07,8190.26,8190.26
20030514,8210.30,8271.47,8187.94,8244.91
20030515,8217.66,8217.66,8080.53,8123.40
20030516,8127.13,8151.50,8087.24,8117.29
20030519,8091.39,8098.74,7974.17,8039.13
20030520,7986.81,8100.84,7962.37,8059.48
20030521,8060.90,8120.91,7983.08,8018.51
20030522,8008.01,8072.76,7998.27,8051.66
20030523,8120.45,8219.87,8110.30,8184.76
20030526,8192.12,8262.81,8192.12,8227.32
20030527,8195.85,8205.58,8106.90,8120.24
20030528,8216.48,8311.84,8216.48,8234.18
20030529,8275.05,8383.93,8264.39,8375.36
20030530,8389.25,8461.73,8379.76,8424.51
20030602,8490.22,8602.22,8488.89,8547.17
20030603,8547.65,8605.54,8492.24,8564.49
20030604,8617.73,8671.56,8557.86,8557.86
20030605,8651.97,8685.55,8606.95,8657.23
20030606,8685.40,8814.04,8633.30,8785.87
20030609,8790.03,8882.51,8747.67,8822.73
20030610,8752.64,8807.26,8716.62,8789.09
20030611,8834.46,9007.29,8834.46,8890.30
20030612,8979.86,9002.29,8893.31,8918.60
20030613,8941.79,9020.89,8891.18,8980.64
20030616,8923.79,8924.46,8809.47,8839.83
20030617,8944.35,9062.38,8944.35,9033.00
20030618,9089.70,9188.95,9081.31,9092.97
20030619,9118.18,9140.76,9001.95,9110.51
20030620,9034.00,9122.00,9032.00,9120.00
20030623,9112.56,9172.53,9074.37,9137.14
20030624,9060.43,9074.66,8895.82,8919.26
20030625,8899.81,8977.69,8899.81,8932.26
20030626,8931.42,8941.46,8846.75,8923.41
20030627,9014.59,9132.95,9014.59,9104.06
20030630,9119.59,9140.71,9076.62,9083.11
20030701,9097.61,9285.53,9078.74,9278.49
20030702,9353.77,9592.24,9353.77,9592.24
20030703,9702.69,9896.64,9503.14,9624.80
20030704,9530.57,9637.66,9483.01,9547.73
20030707,9589.19,9839.90,9589.19,9795.16
20030708,9899.87,10027.60,9856.04,9898.72
20030709,9894.79,9990.95,9813.29,9990.95
20030710,9959.42,10070.11,9926.04,9955.62
20030711,9849.15,9851.68,9600.96,9635.35
20030714,9713.96,9798.44,9660.54,9755.63
20030715,9839.21,9909.65,9741.39,9751.00
20030716,9806.57,9823.59,9639.31,9735.97
20030717,9659.30,9659.30,9495.99,9498.86
20030718,9468.12,9591.62,9460.28,9527.73
20030722,9501.59,9541.05,9406.49,9485.97
20030723,9574.55,9631.26,9565.68,9615.34
20030724,9635.06,9718.38,9606.10,9671.00
20030725,9652.44,9692.40,9569.87,9648.01
20030728,9750.20,9846.19,9737.15,9839.91
20030729,9895.71,9932.18,9822.72,9834.31
20030730,9811.60,9821.28,9632.66,9632.66
20030731,9616.33,9646.21,9507.39,9563.21
20030801,9646.66,9652.19,9520.14,9611.67
20030804,9538.94,9538.94,9452.79,9452.79
20030805,9456.82,9459.16,9304.71,9382.58
20030806,9296.65,9375.43,9287.39,9323.91
20030807,9324.58,9334.56,9224.05,9265.56
20030808,9256.69,9367.64,9251.73,9327.53
20030811,9349.05,9498.15,9332.47,9487.80
20030812,9547.58,9620.21,9517.14,9564.81
20030813,9637.93,9762.16,9637.93,9752.75
20030814,9730.63,9924.69,9678.99,9913.47
20030815,9945.30,10038.09,9854.27,9863.47
20030818,9933.55,10048.92,9933.55,10032.97
20030819,10143.31,10241.94,10131.21,10174.10
20030820,10201.21,10334.29,10164.42,10292.06
20030821,10245.96,10377.39,10202.72,10362.69
20030822,10374.22,10378.13,10262.27,10281.17
20030825,10264.61,10331.27,10205.25,10276.64
20030826,10208.56,10356.76,10171.17,10332.57
20030827,10349.64,10415.53,10272.96,10308.99
20030828,10326.58,10356.42,10189.80,10225.22
20030829,10315.26,10362.85,10282.51,10343.55
20030901,10399.53,10670.18,10381.98,10670.18
20030902,10668.58,10748.76,10616.61,10690.08
20030903,10782.10,10813.59,10601.48,10715.69
20030904,10751.53,10783.68,10646.95,10646.95
20030905,10700.83,10707.75,10592.93,10650.77
20030908,10584.36,10725.54,10562.78,10683.76
20030909,10766.47,10927.62,10765.04,10922.04
20030910,10872.43,10938.30,10839.21,10856.32
20030911,10742.49,10749.01,10540.28,10546.33
20030912,10656.93,10751.43,10613.70,10712.81
20030916,10786.33,10887.03,10758.33,10887.03
20030917,11008.63,11099.06,10964.99,10990.11
20030918,10936.53,11067.62,10869.69,11033.32
20030919,11123.73,11160.19,10938.42,10938.42
20030922,10858.09,10858.09,10412.20,10475.10
20030924,10526.89,10672.54,10367.17,10502.29
20030925,10350.03,10371.69,10225.48,10310.04
20030926,10217.23,10366.21,10213.75,10318.44
20030929,10303.26,10309.17,10148.36,10229.57
20030930,10294.75,10420.76,10219.05,10219.05
20031001,10232.57,10361.24,10173.54,10361.24
20031002,10476.58,10620.62,10465.89,10593.53
20031003,10618.08,10726.92,10583.51,10709.29
20031006,10813.56,10905.19,10719.91,10740.14
20031007,10761.71,10820.33,10697.83,10820.33
20031008,10757.62,10797.80,10511.42,10542.20
20031009,10550.41,10598.96,10485.60,10531.44
20031010,10569.72,10852.42,10569.72,10786.04
20031014,10873.30,11031.73,10863.06,10966.43
20031015,10997.61,10997.61,10856.42,10899.95
20031016,10917.47,11025.15,10831.76,11025.15
20031017,11057.22,11112.29,10977.90,11037.89
20031020,10988.48,11210.94,10875.27,11161.71
20031021,11234.31,11238.63,10996.54,11031.52
20031022,11060.55,11060.85,10883.77,10889.62
20031023,10754.01,10754.01,10304.29,10335.16
20031024,10402.67,10480.53,10186.77,10335.70
20031027,10360.86,10483.34,10349.76,10454.12
20031028,10490.29,10592.05,10456.85,10561.01
20031029,10653.54,10791.75,10653.54,10739.22
20031030,10702.94,10761.62,10638.89,10695.56
20031031,10708.04,10774.11,10521.40,10559.59
20031104,10693.66,10869.35,10693.66,10847.97
20031105,10816.23,10837.54,10668.39,10837.54
20031106,10825.14,10825.14,10537.13,10552.30
20031107,10583.12,10641.50,10479.25,10628.98
20031110,10592.35,10617.98,10481.07,10504.54
20031111,10407.80,10407.80,10112.10,10207.04
20031112,10252.57,10328.91,10155.64,10226.22
20031113,10345.21,10431.41,10277.54,10337.67
20031114,10338.20,10354.84,10164.12,10167.06
20031117,10077.88,10077.88,9756.50,9786.83
20031118,9790.92,9906.88,9678.78,9897.05
20031119,9804.09,9804.70,9614.60,9614.60
20031120,9722.07,9883.89,9653.76,9865.70
20031121,9804.44,9888.93,9758.34,9852.83
20031125,9976.13,10064.45,9959.51,9960.20
20031126,9965.54,10161.79,9965.54,10144.83
20031127,10155.28,10173.60,10075.23,10163.38
20031128,10144.43,10144.43,10033.47,10100.57
20031201,10006.13,10439.00,9911.92,10403.27
20031202,10452.64,10552.35,10373.95,10410.15
20031203,10412.24,10485.47,10326.39,10326.39
20031204,10341.71,10449.54,10339.89,10429.99
20031205,10406.47,10456.78,10333.64,10373.46
20031208,10281.25,10293.74,10013.59,10045.34
20031209,10107.26,10158.65,10004.71,10124.28
20031210,10053.17,10053.17,9859.00,9910.56
20031211,9972.58,10088.11,9951.34,10075.14
20031212,10139.69,10228.22,10085.85,10169.66
20031215,10308.34,10490.77,10308.34,10490.77
20031216,10352.04,10352.04,10222.88,10271.60
20031217,10276.19,10280.08,10058.34,10092.64
20031218,10096.80,10173.68,10073.26,10104.00
20031219,10215.71,10305.81,10213.21,10284.54
20031222,10248.81,10386.44,10248.62,10372.51
20031224,10397.86,10400.25,10326.17,10371.27
20031225,10347.75,10367.68,10311.60,10365.35
20031226,10367.13,10417.41,10336.08,10417.41
20031229,10454.69,10574.94,10454.69,10500.62
20031230,10617.62,10681.28,10609.58,10676.64
20040105,10787.83,10862.35,10785.87,10825.17
20040106,10918.48,10945.30,10790.60,10813.99
20040107,10835.90,10852.06,10710.30,10757.82
20040108,10760.98,10888.61,10727.80,10837.65
20040109,10932.34,11008.56,10861.28,10965.05
20040113,10965.61,10965.61,10790.41,10849.68
20040114,10797.70,10883.24,10730.45,10863.00
20040115,10855.20,10881.77,10665.15,10665.15
20040116,10719.19,10857.20,10715.25,10857.20
20040119,10937.46,11044.31,10916.99,11036.33
20040120,11055.01,11193.64,10979.25,11103.10
20040121,11056.14,11163.62,11002.39,11002.39
20040122,11060.31,11115.13,10997.45,11000.70
20040123,11001.87,11139.39,10937.48,11069.01
20040126,11004.44,11013.37,10872.79,10972.60
20040127,11049.12,11075.30,10916.51,10928.03
20040128,10844.58,10901.45,10799.54,10852.47
20040129,10755.37,10786.21,10666.55,10779.44
20040130,10761.83,10838.40,10729.38,10783.61
20040202,10784.93,10861.97,10765.38,10776.73
20040203,10787.32,10800.78,10507.93,10641.92
20040204,10614.73,10627.26,10418.77,10447.25
20040205,10377.90,10478.41,10374.90,10464.60
20040206,10484.43,10502.35,10399.40,10460.92
20040209,10533.40,10595.94,10359.17,10402.61
20040210,10418.18,10460.40,10299.43,10365.40
20040212,10450.37,10557.01,10449.70,10459.26
20040213,10436.69,10572.62,10413.06,10557.69
20040216,10566.02,10617.70,10534.41,10548.72
20040217,10556.18,10721.31,10529.26,10701.13
20040218,10759.48,10798.15,10676.81,10676.81
20040219,10745.40,10813.06,10723.43,10753.80
20040220,10743.80,10765.79,10676.21,10720.69
20040223,10745.05,10893.43,10736.44,10868.96
20040224,10821.97,10856.56,10629.72,10644.13
20040225,10626.64,10727.47,10617.86,10658.73
20040226,10734.33,10815.29,10690.95,10815.29
20040227,10852.75,11069.28,10851.77,11041.92
20040301,11112.68,11329.00,11096.68,11271.12
20040302,11344.83,11386.48,11282.49,11361.51
20040303,11365.72,11430.01,11320.00,11351.92
20040304,11341.98,11480.84,11336.97,11401.79
20040305,11476.49,11537.29,11411.66,11537.29
20040308,11578.02,11643.37,11502.86,11502.86
20040309,11460.60,11532.04,11439.04,11532.04
20040310,11490.26,11492.57,11353.90,11433.24
20040311,11310.15,11354.96,11237.04,11297.04
20040312,11163.58,11191.45,11045.94,11162.75
20040315,11284.35,11348.40,11278.05,11317.90
20040316,11253.43,11311.07,11236.35,11242.29
20040317,11297.46,11478.35,11297.46,11436.86
20040318,11571.36,11647.71,11452.39,11484.28
20040319,11416.04,11487.73,11364.36,11418.51
20040322,11332.24,11351.71,11284.84,11318.51
20040323,11200.83,11327.62,11071.66,11281.09
20040324,11295.97,11384.69,11234.70,11364.99
20040325,11431.61,11530.91,11425.58,11530.91
20040326,11619.48,11782.18,11611.54,11770.65
20040329,11775.46,11843.34,11672.92,11718.24
20040330,11824.83,11869.00,11677.20,11693.68
20040331,11716.55,11783.83,11592.83,11715.39
20040401,11756.16,11813.70,11648.48,11683.42
20040402,11726.87,11843.93,11715.41,11815.95
20040405,11949.31,12003.92,11934.58,11958.32
20040406,12042.99,12095.64,11937.52,12079.70
20040407,12017.35,12097.70,12001.00,12019.62
20040408,12013.16,12119.31,11961.56,12092.59
20040409,12012.63,12012.63,11862.34,11897.51
20040412,11926.48,12085.07,11926.48,12042.70
20040413,12140.12,12170.96,12096.96,12127.82
20040414,12064.49,12134.27,12034.46,12098.18
20040415,12118.03,12189.98,11770.40,11800.40
20040416,11817.97,11864.41,11690.24,11824.56
20040419,11854.64,11861.17,11623.65,11764.21
20040420,11821.46,12037.95,11768.08,11952.26
20040421,11943.90,12001.27,11881.42,11944.30
20040422,12026.09,12074.14,11952.78,11980.10
20040423,12050.70,12120.66,12015.22,12120.66
20040426,12135.31,12195.66,12095.70,12163.89
20040427,12115.05,12115.05,12025.21,12044.88
20040428,12077.21,12085.39,11969.33,12004.29
20040430,11862.35,11862.35,11652.17,11761.79
20040506,11777.44,11785.26,11554.02,11571.34
20040507,11497.40,11582.07,11438.82,11438.82
20040510,11384.03,11392.79,10838.93,10884.70
20040511,10850.48,10970.47,10790.13,10907.18
20040512,11017.65,11157.34,10984.79,11153.58
20040513,11081.75,11081.75,10825.10,10825.10
20040514,10846.61,10939.09,10739.49,10849.63
20040517,10790.79,10790.79,10489.84,10505.05
20040518,10533.17,10711.09,10524.50,10711.09
20040519,10777.38,10993.08,10716.23,10967.74
20040520,10949.07,11045.66,10760.69,10862.04
20040521,10889.89,11076.43,10872.01,11070.25
20040524,11094.71,11170.27,11043.22,11101.64
20040525,11071.51,11071.51,10927.44,10962.93
20040526,11095.37,11213.79,11093.83,11152.09
20040527,11163.82,11219.46,11119.15,11166.03
20040528,11267.23,11345.40,11255.99,11309.57
20040531,11288.79,11297.15,11100.85,11236.37
20040601,11204.69,11338.47,11170.09,11296.76
20040602,11283.21,11283.21,11184.73,11242.34
20040603,11275.95,11358.51,10963.56,11027.05
20040604,11057.19,11128.05,11017.25,11128.05
20040607,11212.64,11485.63,11212.64,11439.92
20040608,11533.93,11542.59,11452.99,11521.93
20040609,11514.72,11521.06,11419.13,11449.74
20040610,11378.45,11624.71,11367.40,11575.97
20040611,11595.00,11637.73,11486.55,11526.82
20040614,11495.80,11622.80,11475.31,11491.66
20040615,11457.11,11482.92,11349.43,11387.70
20040616,11492.43,11673.48,11492.43,11641.72
20040617,11630.21,11649.33,11510.18,11607.90
20040618,11552.72,11555.20,11310.16,11382.08
20040621,11474.39,11729.13,11474.39,11600.16
20040622,11546.93,11581.27,11472.08,11581.27
20040623,11642.23,11678.84,11547.13,11580.56
20040624,11652.54,11744.15,11649.29,11744.15
20040625,11742.94,11780.40,11661.11,11780.40
20040628,11801.88,11884.06,11774.67,11884.06
20040629,11816.89,11885.50,11788.15,11860.81
20040630,11869.86,11887.95,11808.13,11858.87
20040701,11933.33,11988.12,11889.70,11896.01
20040702,11781.54,11781.54,11693.00,11721.49
20040705,11622.85,11648.85,11511.49,11541.71
20040706,11536.45,11606.60,11475.27,11475.27
20040707,11359.71,11429.24,11251.35,11384.86
20040708,11372.63,11411.31,11279.55,11322.23
20040709,11283.28,11449.45,11283.08,11423.53
20040712,11532.64,11598.90,11474.08,11582.28
20040713,11544.02,11608.62,11501.22,11608.62
20040714,11663.40,11664.00,11356.65,11356.65
20040715,11413.33,11440.02,11315.97,11409.14
20040716,11327.75,11475.12,11243.28,11436.00
20040720,11318.14,11318.14,11191.76,11258.37
20040721,11335.24,11433.86,11326.68,11433.86
20040722,11310.57,11310.57,11227.95,11285.04
20040723,11263.50,11264.25,11170.54,11187.33
20040726,11099.87,11159.55,11065.72,11159.55
20040727,11126.27,11180.80,11028.35,11031.54
20040728,11133.48,11236.03,11132.92,11204.37
20040729,11187.31,11189.28,11018.79,11116.84
20040730,11211.20,11325.99,11210.32,11325.78
20040802,11274.45,11279.71,11161.84,11222.24
20040803,11230.29,11258.88,11102.50,11140.57
20040804,11077.52,11084.98,10888.78,11010.02
20040805,11060.18,11104.69,10981.32,11060.89
20040806,10944.61,10974.45,10894.65,10972.57
20040809,10827.60,10916.46,10737.42,10908.70
20040810,10849.70,10972.07,10849.70,10953.55
20040811,11049.80,11076.38,10997.07,11049.46
20040812,11005.13,11091.64,11005.13,11028.07
20040813,10901.56,10903.61,10757.20,10757.20
20040816,10728.98,10730.53,10545.89,10687.81
20040817,10772.24,10802.64,10705.74,10725.97
20040818,10724.82,10774.26,10659.21,10774.26
20040819,10861.92,10908.74,10830.65,10903.53
20040820,10859.08,10938.94,10837.01,10889.14
20040823,10961.91,11007.64,10947.75,10960.97
20040824,10978.62,11016.12,10897.11,10985.33
20040825,10959.52,11143.75,10934.45,11130.02
20040826,11196.29,11225.95,11101.63,11129.33
20040827,11148.21,11209.59,11107.94,11209.59
20040830,11181.30,11226.30,11128.71,11184.53
20040831,11119.15,11154.28,11042.29,11081.79
20040901,11104.85,11169.43,11102.41,11127.35
20040902,11179.32,11190.51,11097.81,11152.75
20040903,11182.10,11186.82,11013.36,11022.49
20040906,11086.69,11270.36,11057.32,11244.37
20040907,11275.28,11312.06,11226.78,11298.94
20040908,11345.12,11357.85,11270.53,11279.19
20040909,11276.49,11330.33,11145.79,11170.96
20040910,11089.90,11089.96,10960.03,11083.23
20040913,11139.97,11257.85,11131.03,11253.11
20040914,11312.72,11352.42,11274.43,11295.58
20040915,11278.66,11285.80,11158.58,11158.58
20040916,11092.70,11177.66,11089.82,11139.36
20040917,11132.06,11145.49,11046.10,11082.49
20040921,11148.21,11151.11,11059.95,11080.87
20040922,11111.30,11135.46,10963.82,11019.41
20040924,10934.02,10934.02,10826.40,10895.16
20040927,10863.35,10888.04,10782.56,10859.32
20040928,10805.66,10821.84,10737.78,10815.57
20040929,10873.88,10873.89,10770.23,10786.10
20040930,10870.21,10928.19,10823.57,10823.57
20041001,10893.19,10987.18,10893.19,10985.17
20041004,11111.45,11282.65,11105.00,11279.63
20041005,11257.20,11304.72,11242.12,11281.83
20041006,11221.54,11408.10,11218.38,11385.38
20041007,11399.42,11410.40,11337.19,11354.59
20041008,11311.41,11370.34,11302.75,11349.35
20041012,11295.05,11320.79,11182.50,11201.81
20041013,11235.46,11306.87,11195.99,11195.99
20041014,11150.59,11150.59,11033.31,11034.29
20041015,10960.25,11015.45,10913.21,10982.95
20041018,11022.11,11022.11,10914.47,10965.62
20041019,11028.38,11106.82,11024.38,11064.86
20041020,10992.50,10992.50,10853.89,10882.18
20041021,10882.05,10901.34,10753.07,10789.23
20041022,10848.75,10892.27,10811.15,10857.13
20041025,10718.93,10718.93,10575.23,10659.15
20041026,10652.37,10683.94,10626.60,10672.46
20041027,10740.65,10777.43,10657.15,10691.95
20041028,10809.10,10895.09,10798.13,10853.12
20041029,10805.12,10805.12,10719.10,10771.42
20041101,10731.02,10735.19,10690.95,10734.71
20041102,10775.00,10895.70,10775.00,10887.81
20041104,10990.70,11005.20,10946.27,10946.27
20041105,11040.06,11089.60,11023.16,11061.77
20041108,11095.50,11096.45,10974.33,10983.83
20041109,10967.17,11040.44,10945.10,10964.87
20041110,10972.63,11030.22,10965.91,10994.96
20041111,11021.88,11048.29,10845.07,10846.92
20041112,10841.43,11026.93,10841.43,11019.98
20041115,11079.17,11231.14,11073.77,11227.57
20041116,11234.72,11268.81,11143.56,11161.75
20041117,11132.05,11192.33,11127.20,11131.29
20041118,11182.09,11235.32,11062.73,11082.42
20041119,11120.94,11158.45,11077.09,11082.84
20041122,10956.41,10956.41,10769.52,10849.39
20041124,10832.02,10915.20,10828.11,10872.33
20041125,10853.10,10900.34,10818.24,10900.34
20041126,10924.45,10927.44,10816.38,10833.75
20041129,10844.36,11013.30,10844.31,10977.89
20041130,10909.25,10923.56,10841.27,10899.25
20041201,10790.45,10800.33,10721.59,10784.25
20041202,10922.57,10995.38,10912.87,10973.07
20041203,11064.25,11107.10,11059.56,11074.89
20041206,11021.16,11026.86,10959.49,10981.96
20041207,10971.21,11001.68,10863.81,10873.63
20041208,10808.44,10948.97,10808.44,10941.37
20041209,10930.87,10930.87,10742.73,10776.63
20041210,10730.38,10828.67,10730.38,10756.80
20041213,10825.06,10854.76,10785.59,10789.25
20041214,10842.80,10941.70,10821.36,10915.58
20041215,10952.71,10999.92,10921.65,10956.46
20041216,10909.29,10980.21,10871.69,10924.37
20041217,10939.20,11130.82,10921.81,11078.32
20041220,11073.55,11129.13,11036.80,11103.42
20041221,11125.22,11186.71,11125.22,11125.92
20041222,11205.92,11240.18,11193.67,11209.44
20041224,11302.46,11369.98,11302.46,11365.48
20041227,11374.52,11383.10,11325.46,11362.35
20041228,11314.40,11424.13,11314.40,11424.13
20041229,11481.32,11500.95,11381.56,11381.56
20041230,11462.31,11489.28,11454.94,11488.76
20050104,11458.27,11547.02,11431.57,11517.75
20050105,11458.92,11461.10,11416.97,11437.52
20050106,11372.35,11492.26,11372.21,11492.26
20050107,11528.69,11528.69,11432.19,11433.24
20050111,11495.46,11580.69,11495.46,11539.99
20050112,11537.60,11548.89,11449.49,11453.39
20050113,11398.94,11424.68,11355.05,11358.22
20050114,11341.80,11491.18,11320.49,11438.39
20050117,11475.20,11535.86,11453.86,11487.10
20050118,11504.16,11509.40,11401.32,11423.26
20050119,11467.74,11486.93,11396.43,11405.34
20050120,11335.12,11335.12,11259.27,11284.77
20050121,11226.07,11290.14,11222.24,11238.37
20050124,11213.03,11303.21,11212.63,11289.49
20050125,11261.62,11276.91,11214.60,11276.91
20050126,11346.81,11379.57,11329.42,11376.57
20050127,11390.09,11390.09,11316.30,11341.31
20050128,11334.41,11340.28,11218.88,11320.58
20050131,11296.99,11467.50,11266.09,11387.59
20050201,11422.02,11422.02,11330.06,11384.40
20050202,11432.34,11447.28,11399.62,11407.14
20050203,11430.90,11444.18,11344.41,11389.35
20050204,11381.50,11383.05,11271.04,11360.40
20050207,11393.04,11531.25,11381.78,11499.86
20050208,11504.12,11519.03,11464.34,11490.43
20050209,11519.90,11538.13,11457.96,11473.35
20050210,11434.89,11553.73,11414.99,11553.56
20050214,11644.40,11677.57,11626.42,11632.20
20050215,11648.68,11676.26,11635.57,11646.49
20050216,11629.69,11684.91,11585.46,11601.68
20050217,11583.84,11638.18,11574.06,11582.72
20050218,11562.93,11660.12,11562.93,11660.12
20050221,11682.19,11690.49,11651.02,11651.02
20050222,11636.47,11651.51,11592.04,11597.71
20050223,11510.76,11510.76,11452.42,11500.18
20050224,11513.84,11557.86,11507.20,11531.15
20050225,11585.84,11677.20,11585.46,11658.25
20050228,11742.01,11754.90,11704.32,11740.60
20050301,11734.14,11780.53,11719.77,11780.53
20050302,11804.84,11831.69,11780.61,11813.71
20050303,11790.91,11856.46,11790.91,11856.46
20050304,11815.79,11881.98,11769.67,11873.05
20050307,11935.80,11975.46,11917.77,11925.36
20050308,11936.84,11936.84,11878.89,11886.91
20050309,11882.25,11966.69,11882.25,11966.69
20050310,11892.38,11959.18,11863.54,11864.91
20050311,11838.02,11964.21,11838.02,11923.89
20050314,11947.29,11955.29,11850.25,11850.25
20050315,11899.20,11912.81,11785.16,11821.09
20050316,11822.00,11873.00,11793.00,11873.00
20050317,11785.95,11808.04,11754.98,11775.50
20050318,11792.29,11922.54,11790.96,11879.81
20050322,11867.34,11889.13,11830.96,11841.97
20050323,11823.97,11823.97,11681.16,11739.12
20050324,11741.17,11819.37,11706.27,11745.97
20050325,11788.68,11802.70,11732.80,11761.10
20050328,11709.79,11816.72,11709.79,11792.30
20050329,11809.66,11809.66,11563.12,11599.82
20050330,11548.93,11608.45,11506.85,11565.88
20050331,11623.10,11668.95,11590.72,11668.95
20050401,11590.45,11723.63,11557.13,11723.63
20050404,11666.31,11701.19,11652.66,11667.54
20050405,11695.97,11786.65,11695.97,11774.31
20050406,11783.74,11841.25,11760.71,11827.16
20050407,11848.49,11848.49,11757.87,11810.99
20050408,11867.15,11911.90,11839.66,11874.75
20050411,11847.92,11847.92,11744.86,11745.64
20050412,11739.05,11764.01,11657.66,11670.30
20050413,11688.22,11718.78,11602.94,11637.52
20050414,11578.78,11580.55,11474.82,11563.17
20050415,11463.15,11463.15,11343.73,11370.69
20050418,11223.65,11223.65,10920.66,10938.44
20050419,11019.76,11082.84,10966.46,11065.86
20050420,11173.84,11199.38,11052.38,11088.58
20050421,10950.73,11001.31,10770.58,10984.39
20050422,11116.61,11134.99,11045.95,11045.95
20050425,11064.95,11114.45,11020.59,11073.77
20050426,11085.75,11085.75,11019.94,11035.83
20050427,10968.77,11022.44,10968.58,11005.42
20050428,10979.05,11008.90,10892.71,11008.90
20050502,10954.21,11035.95,10913.97,11002.11
20050506,11119.78,11192.17,11109.33,11192.17
20050509,11199.10,11199.10,11119.48,11171.32
20050510,11193.22,11211.36,11125.00,11159.46
20050511,11091.26,11120.70,11038.26,11120.70
20050512,11118.13,11135.50,11069.69,11077.94
20050513,11044.71,11103.08,11017.79,11049.11
20050516,11045.29,11048.85,10935.53,10947.22
20050517,11046.30,11066.76,10788.59,10825.39
20050518,10848.63,10891.69,10821.41,10835.41
20050519,10973.28,11102.43,10953.08,11077.16
20050520,11104.33,11110.45,11034.82,11037.29
20050523,11073.01,11163.54,11056.86,11158.65
20050524,11184.64,11199.23,11101.93,11133.65
20050525,11127.31,11127.90,10988.37,11014.43
20050526,11024.36,11047.37,10978.85,11027.94
20050527,11098.26,11192.33,11089.23,11192.33
20050530,11201.32,11302.52,11197.79,11266.33
20050531,11273.81,11297.33,11221.46,11276.59
20050601,11220.94,11329.67,11220.55,11329.67
20050602,11341.89,11374.69,11280.05,11280.05
20050603,11302.96,11317.94,11233.65,11300.05
20050606,11232.65,11270.62,11184.60,11270.62
20050607,11233.08,11258.28,11179.13,11217.45
20050608,11235.27,11322.43,11229.86,11281.03
20050609,11289.03,11294.43,11148.36,11160.88
20050610,11192.99,11331.37,11173.93,11304.23
20050613,11308.65,11371.82,11299.78,11311.51
20050614,11348.53,11363.48,11326.51,11335.92
20050615,11365.62,11429.93,11355.85,11415.88
20050616,11419.94,11462.52,11386.01,11416.38
20050617,11472.36,11514.03,11463.36,11514.03
20050620,11539.18,11539.18,11455.23,11483.35
20050621,11474.23,11511.23,11464.25,11488.74
20050622,11487.06,11560.60,11445.43,11547.28
20050623,11539.42,11576.75,11530.78,11576.75
20050624,11480.33,11537.03,11472.61,11537.03
20050627,11445.64,11445.64,11378.99,11414.28
20050628,11421.48,11519.48,11413.84,11513.83
20050629,11567.82,11594.57,11547.13,11577.44
20050630,11573.78,11589.63,11542.45,11584.01
20050701,11573.37,11663.66,11540.93,11630.13
20050704,11664.22,11664.22,11629.16,11651.55
20050705,11645.23,11658.26,11606.76,11616.70
20050706,11648.04,11676.20,11603.53,11603.53
20050707,11586.12,11602.81,11567.51,11590.14
20050708,11563.84,11653.26,11563.84,11565.99
20050711,11676.97,11713.12,11668.77,11674.79
20050712,11737.32,11738.30,11672.94,11692.14
20050713,11705.83,11707.96,11659.65,11659.84
20050714,11715.46,11784.51,11715.46,11764.26
20050715,11825.67,11828.31,11758.68,11758.68
20050719,11761.61,11770.56,11731.99,11764.84
20050720,11780.73,11816.99,11761.21,11789.35
20050721,11808.53,11867.23,11786.73,11786.73
20050722,11751.92,11753.01,11650.37,11695.05
20050725,11721.70,11782.21,11718.66,11762.65
20050726,11762.69,11772.68,11719.02,11737.96
20050727,11770.57,11848.66,11770.57,11835.08
20050728,11881.86,11889.86,11853.62,11858.31
20050729,11900.56,11913.50,11826.86,11899.60
20050801,11907.42,11972.84,11906.04,11946.92
20050802,11954.23,11982.20,11920.88,11940.20
20050803,11987.98,12009.56,11950.31,11981.80
20050804,11945.14,11945.14,11823.20,11883.31
20050805,11842.16,11863.39,11724.61,11766.48
20050808,11670.71,11794.84,11614.71,11778.98
20050809,11797.33,11958.07,11797.33,11900.32
20050810,11996.29,12138.71,11991.69,12098.08
20050811,12178.08,12284.76,12167.48,12263.32
20050812,12276.24,12324.43,12228.13,12261.68
20050815,12254.53,12308.61,12236.61,12256.55
20050816,12324.76,12336.85,12277.41,12315.67
20050817,12286.83,12369.74,12270.85,12273.12
20050818,12322.80,12369.53,12292.82,12307.37
20050819,12276.80,12291.73,12219.52,12291.73
20050822,12330.70,12478.82,12330.70,12452.51
20050823,12511.81,12612.16,12472.93,12472.93
20050824,12421.53,12515.66,12416.51,12502.26
20050825,12443.21,12466.84,12401.34,12405.16
20050826,12458.08,12482.63,12385.03,12439.48
20050829,12386.76,12386.76,12274.81,12309.83
20050830,12411.41,12457.04,12396.10,12453.14
20050831,12428.60,12443.94,12393.68,12413.60
20050901,12501.43,12573.01,12501.43,12506.97
20050902,12571.88,12600.00,12544.37,12600.00
20050905,12616.30,12655.15,12580.37,12634.88
20050906,12686.68,12730.21,12581.28,12599.43
20050907,12682.85,12682.85,12574.90,12607.59
20050908,12601.02,12601.02,12498.40,12533.89
20050909,12561.84,12692.04,12556.43,12692.04
20050912,12841.02,12926.57,12813.97,12896.43
20050913,12896.22,12940.68,12847.19,12901.95
20050914,12847.62,12871.54,12830.88,12834.25
20050915,12817.78,12986.78,12806.71,12986.78
20050916,12992.18,12992.99,12888.74,12958.68
20050920,12991.63,13159.39,12991.63,13148.57
20050921,13181.71,13235.42,13108.65,13196.57
20050922,13120.89,13170.36,13090.28,13159.36
20050926,13229.27,13392.63,13229.27,13392.63
20050927,13370.09,13373.00,13282.30,13310.04
20050928,13307.53,13487.85,13306.52,13435.91
20050929,13515.73,13617.24,13440.90,13617.24
20050930,13677.45,13678.44,13539.15,13574.30
20051003,13566.20,13584.61,13454.67,13525.28
20051004,13597.38,13738.84,13593.01,13738.84
20051005,13761.81,13783.60,13655.94,13689.89
20051006,13554.56,13554.56,13285.83,13359.51
20051007,13279.30,13332.12,13221.33,13227.74
20051011,13280.33,13556.71,13241.84,13556.71
20051012,13565.87,13704.09,13463.74,13463.74
20051013,13388.02,13475.86,13266.98,13449.24
20051014,13581.32,13581.32,13361.96,13420.54
20051017,13486.18,13510.63,13341.64,13400.29
20051018,13376.19,13441.78,13321.97,13352.24
20051019,13297.65,13304.98,13073.46,13129.49
20051020,13221.91,13264.40,13175.93,13190.46
20051021,13065.96,13243.08,12996.29,13199.95
20051024,13232.41,13244.24,13083.04,13106.18
20051025,13227.92,13336.64,13219.05,13280.62
20051026,13291.46,13406.19,13285.60,13395.02
20051027,13440.72,13501.24,13387.66,13417.08
20051028,13344.93,13373.43,13272.84,13346.54
20051031,13459.99,13606.50,13456.07,13606.50
20051101,13606.50,13867.86,13606.50,13867.86
20051102,13865.10,13927.51,13807.81,13894.78
20051104,14040.63,14099.49,13978.96,14075.96
20051107,14084.11,14097.59,13982.75,14061.60
20051108,14067.78,14071.74,13982.85,14036.73
20051109,13989.31,14136.16,13951.40,14072.20
20051110,14058.29,14121.71,13981.99,14080.88
20051111,14170.33,14206.14,14133.89,14155.06
20051114,14218.72,14218.72,14105.45,14116.04
20051115,14069.87,14142.27,14043.45,14091.77
20051116,14035.74,14170.87,14015.62,14170.87
20051117,14192.78,14448.75,14169.47,14411.79
20051118,14542.78,14633.35,14542.78,14623.12
20051121,14719.28,14808.21,14590.56,14680.43
20051122,14726.04,14763.26,14650.06,14708.32
20051124,14816.71,14866.99,14721.60,14742.58
20051125,14693.87,14784.29,14613.18,14784.29
20051128,14847.58,14986.94,14821.75,14986.94
20051129,14900.64,14995.08,14868.03,14927.70
20051130,14981.34,15013.24,14872.15,14872.15
20051201,14914.75,15130.50,14880.18,15130.50
20051202,15272.62,15421.60,15245.36,15421.60
20051205,15413.52,15563.39,15379.64,15551.31
20051206,15518.67,15572.72,15423.38,15423.38
20051207,15520.34,15558.32,15467.75,15484.66
20051208,15470.65,15523.15,15183.36,15183.36
20051209,15127.79,15447.12,15117.15,15404.04
20051212,15549.65,15764.99,15548.46,15738.70
20051213,15754.30,15782.29,15666.08,15778.86
20051214,15817.92,15885.51,15447.15,15464.58
20051215,15376.26,15469.34,15254.44,15254.44
20051216,15222.00,15365.48,15095.55,15173.07
20051219,15252.15,15391.48,15196.00,15391.48
20051220,15388.71,15647.69,15365.38,15641.25
20051221,15713.07,16010.16,15711.91,15957.57
20051222,15975.99,15991.29,15759.73,15941.37
20051226,16027.66,16108.94,16026.17,16107.66
20051227,16033.94,16079.17,15962.73,15969.40
20051228,15920.66,16194.61,15911.23,16194.61
20051229,16247.54,16445.56,16246.66,16344.20
20051230,16412.75,16413.17,16111.42,16111.42
20060104,16294.65,16361.54,16250.75,16361.54
20060105,16441.26,16474.51,16368.50,16425.36
20060106,16408.31,16479.55,16320.42,16428.21
20060110,16487.05,16487.05,16124.34,16124.34
20060111,16164.91,16363.58,16005.24,16363.58
20060112,16426.68,16472.99,16310.45,16445.18
20060113,16454.32,16490.26,16383.23,16454.94
20060116,16360.04,16387.63,16221.58,16268.03
20060117,16152.07,16324.16,15805.95,15805.95
20060118,15725.63,15725.63,15059.51,15341.17
20060119,15396.59,15740.82,15396.59,15696.28
20060120,15847.16,15875.38,15597.76,15696.69
20060123,15497.61,15564.90,15312.71,15360.65
20060124,15470.91,15685.13,15470.38,15648.88
20060125,15725.75,15849.51,15651.00,15651.00
20060126,15783.70,15891.01,15764.88,15891.01
20060127,16079.94,16460.67,16079.91,16460.67
20060130,16615.91,16754.59,16538.72,16551.23
20060131,16603.90,16718.78,16561.31,16649.82
20060201,16594.90,16671.91,16480.08,16480.08
20060202,16632.59,16736.17,16611.52,16710.55
20060203,16596.21,16665.09,16567.86,16659.64
20060206,16736.23,16777.36,16578.18,16747.75
20060207,16768.16,16769.36,16681.03,16720.99
20060208,16609.96,16682.91,16272.67,16272.67
20060209,16444.74,16540.49,16351.42,16439.66
20060210,16525.50,16525.50,16090.92,16257.83
20060213,16191.92,16191.92,15877.66,15877.66
20060214,15845.19,16184.87,15691.86,16184.87
20060215,16302.94,16312.74,15932.83,15932.83
20060216,15901.37,16109.20,15842.00,16043.66
20060217,16078.50,16129.94,15702.66,15713.45
20060220,15620.58,15661.84,15389.58,15437.92
20060221,15602.83,15894.94,15573.71,15894.94
20060222,15882.63,15923.00,15679.91,15781.78
20060223,15908.87,16096.09,15892.50,16096.09
20060224,16034.66,16118.11,15947.04,16101.91
20060227,16156.15,16290.15,16123.29,16192.95
20060228,16218.62,16229.67,15953.32,16205.42
20060301,16026.82,16053.29,15910.65,15964.46
20060302,16068.75,16106.25,15879.71,15909.75
20060303,15835.42,15897.29,15658.63,15663.33
20060306,15668.62,15901.16,15609.79,15901.16
20060307,15864.57,15864.57,15678.12,15726.01
20060308,15657.79,15720.65,15553.13,15627.49
20060309,15645.29,16049.61,15645.29,16036.91
20060310,16007.41,16264.88,15982.01,16115.62
20060313,16264.58,16379.46,16242.16,16361.50
20060314,16401.10,16410.28,16238.36,16238.36
20060315,16342.51,16367.75,16291.76,16319.04
20060316,16354.71,16356.49,16032.54,16096.21
20060317,16172.74,16339.73,16106.37,16339.73
20060320,16299.34,16667.13,16299.34,16624.80
20060322,16578.50,16583.25,16477.25,16495.48
20060323,16605.48,16661.14,16464.47,16489.36
20060324,16501.50,16612.51,16462.47,16560.86
20060327,16599.91,16711.16,16599.91,16650.09
20060328,16550.47,16690.24,16463.94,16690.24
20060329,16670.38,16976.28,16613.72,16938.41
20060330,17011.13,17125.64,16974.47,17045.33
20060331,17088.75,17094.60,16995.76,17059.66
20060403,17127.60,17387.08,17105.50,17333.31
20060404,17295.58,17410.30,17266.39,17292.91
20060405,17340.14,17464.53,17187.34,17243.98
20060406,17365.57,17489.33,17347.00,17489.33
20060407,17498.88,17563.36,17418.93,17563.36
20060410,17455.02,17489.60,17385.25,17456.58
20060411,17460.67,17489.16,17295.41,17418.13
20060412,17297.17,17325.21,17162.00,17162.55
20060413,17232.27,17303.26,17068.96,17199.15
20060414,17319.33,17319.33,17149.08,17233.82
20060417,17233.73,17233.73,17000.35,17000.35
20060418,16971.75,17268.05,16945.30,17232.85
20060419,17405.91,17459.24,17350.11,17350.11
20060420,17391.93,17412.58,17283.97,17317.52
20060421,17332.34,17479.73,17258.49,17403.96
20060424,17245.61,17245.61,16892.15,16914.40
20060425,16929.35,17000.19,16787.43,16970.28
20060426,16993.23,17107.92,16944.53,17055.92
20060427,17118.91,17176.06,17094.72,17114.53
20060428,17039.36,17043.66,16750.50,16906.23
20060501,16929.83,16965.33,16868.68,16925.71
20060502,16920.13,17188.53,16900.33,17153.76
20060508,17334.18,17375.25,17248.58,17291.66
20060509,17253.81,17294.50,17178.94,17190.91
20060510,17161.47,17253.10,16883.39,16951.92
20060511,16887.36,17087.00,16840.84,16862.14
20060512,16655.98,16655.98,16422.49,16601.77
20060515,16395.88,16486.91,16317.20,16486.91
20060516,16508.89,16596.48,16116.73,16158.41
20060517,16259.01,16319.29,16033.66,16307.66
20060518,16089.25,16139.13,15914.38,16087.17
20060519,16041.17,16166.33,15925.69,16155.45
20060522,16254.55,16268.50,15837.25,15857.87
20060523,15722.04,15776.20,15582.86,15599.20
20060524,15676.63,15907.20,15508.50,15907.20
20060525,15809.33,15849.23,15644.62,15693.75
20060526,15827.87,15970.75,15819.32,15970.75
20060529,16111.54,16111.54,15885.07,15915.67
20060530,15920.79,15937.91,15814.83,15859.45
20060531,15660.87,15660.87,15442.53,15467.33
20060601,15603.25,15655.00,15417.50,15503.74
20060602,15600.28,15789.30,15266.96,15789.30
20060605,15719.30,15784.95,15622.75,15668.30
20060606,15500.91,15507.78,15340.92,15384.86
20060607,15285.04,15433.29,15095.15,15096.00
20060608,14990.04,14990.04,14496.96,14633.03
20060609,14530.50,14825.48,14389.30,14750.83
20060612,14685.46,14845.04,14580.87,14833.00
20060613,14650.58,14658.23,14218.59,14218.59
20060614,14084.51,14458.82,14045.53,14309.55
20060615,14453.33,14593.84,14417.70,14470.75
20060616,14679.34,14976.66,14679.34,14879.33
20060619,14815.86,14918.59,14772.13,14860.34
20060620,14811.11,14845.71,14621.87,14648.41
20060621,14712.86,14713.42,14482.96,14644.25
20060622,14812.16,15138.46,14812.16,15135.69
20060623,15001.76,15126.51,14865.57,15124.04
20060626,15080.23,15216.78,14987.76,15152.40
20060627,15165.62,15207.37,15095.11,15171.80
20060628,14998.00,14998.00,14824.79,14886.11
20060629,14981.70,15137.58,14975.78,15121.15
20060630,15333.09,15521.21,15333.09,15505.17
20060703,15573.34,15617.21,15513.29,15571.62
20060704,15677.04,15710.38,15617.80,15638.50
20060705,15504.16,15584.62,15479.92,15523.94
20060706,15455.17,15460.83,15278.17,15321.40
20060707,15428.32,15437.04,15276.15,15307.61
20060710,15149.91,15555.42,15079.74,15552.80
20060711,15485.25,15498.20,15333.58,15473.82
20060712,15405.41,15463.71,15169.15,15249.32
20060713,15127.74,15370.34,15053.61,15097.95
20060714,14914.00,14997.45,14815.90,14845.24
20060718,14714.17,14747.20,14437.24,14437.24
20060719,14503.83,14625.63,14456.42,14500.25
20060720,14713.55,14962.12,14705.42,14946.83
20060721,14825.16,14867.80,14784.24,14821.25
20060724,14700.58,14851.91,14560.66,14794.50
20060725,14970.59,15078.36,14948.36,15005.24
20060726,15065.57,15108.13,14882.66,14884.07
20060727,14883.50,15220.33,14839.49,15179.78
20060728,15217.44,15351.79,15150.53,15342.87
20060731,15462.38,15536.32,15433.20,15456.80
20060801,15387.51,15522.03,15365.71,15440.91
20060802,15341.53,15466.07,15287.80,15464.29
20060803,15527.26,15580.91,15441.66,15470.37
20060804,15502.55,15555.90,15435.33,15499.17
20060807,15494.46,15516.24,15154.05,15154.05
20060808,15234.38,15476.94,15189.09,15464.66
20060809,15417.01,15659.41,15240.29,15656.58
20060810,15585.08,15690.86,15536.15,15630.91
20060811,15622.24,15681.40,15555.59,15565.01
20060814,15550.96,15837.23,15549.66,15790.82
20060815,15831.69,15913.33,15807.71,15816.19
20060816,15970.59,16085.07,15962.98,16071.36
20060817,16142.55,16204.59,16008.44,16020.83
20060818,16052.58,16169.83,16022.12,16105.98
20060821,16104.50,16145.50,15936.61,15969.04
20060822,15994.99,16244.83,15994.99,16181.16
20060823,16161.82,16226.58,16118.12,16163.03
20060824,16088.54,16089.12,15910.62,15960.62
20060825,15955.75,16156.78,15874.62,15938.66
20060828,15953.08,16005.08,15745.00,15762.58
20060829,15881.91,15946.41,15811.73,15890.55
20060830,15929.90,15962.92,15769.16,15872.01
20060831,15884.61,16207.41,15882.25,16140.75
20060901,16072.80,16158.48,16029.55,16134.25
20060904,16280.17,16414.93,16280.17,16358.07
20060905,16357.29,16403.90,16280.67,16385.96
20060906,16350.26,16400.71,16245.16,16284.08
20060907,16141.94,16141.94,15944.03,16012.41
20060908,15907.96,16156.17,15831.75,16080.46
20060911,16053.12,16053.12,15772.07,15794.37
20060912,15843.79,15882.37,15675.37,15719.33
20060913,15889.50,15965.30,15730.66,15750.04
20060914,15831.71,15994.79,15801.87,15942.38
20060915,15872.29,15907.03,15763.90,15866.92
20060919,15948.46,16096.17,15867.04,15874.28
20060920,15757.96,15763.66,15622.28,15718.66
20060921,15820.11,15859.21,15674.83,15834.23
20060922,15706.84,15735.25,15580.19,15634.66
20060925,15550.55,15691.05,15513.87,15633.80
20060926,15594.48,15666.95,15517.90,15557.45
20060927,15692.98,15947.87,15681.44,15947.87
20060928,15970.38,16032.98,15911.21,16024.84
20060929,16097.08,16127.58,16007.37,16127.58
20061002,16169.00,16329.24,16157.98,16254.29
20061003,16198.54,16260.46,16148.88,16242.08
20061004,16288.91,16363.12,16028.32,16082.54
20061005,16291.79,16481.31,16286.63,16449.33
20061006,16444.71,16457.91,16360.63,16436.06
20061010,16325.48,16620.15,16325.48,16477.25
20061011,16497.26,16595.91,16399.74,16400.57
20061012,16386.36,16495.53,16343.49,16368.80
20061013,16494.49,16586.33,16493.64,16536.53
20061016,16663.22,16732.43,16648.42,16692.75
20061017,16704.85,16704.85,16561.25,16611.58
20061018,16519.91,16666.19,16466.74,16653.00
20061019,16673.25,16688.96,16506.22,16551.35
20061020,16556.08,16663.60,16552.35,16651.63
20061023,16641.32,16797.71,16598.52,16788.82
20061024,16853.73,16901.52,16759.98,16780.47
20061025,16837.80,16849.05,16697.00,16699.30
20061026,16794.41,16863.24,16772.31,16811.59
20061027,16879.33,16879.33,16643.91,16669.07
20061030,16544.50,16549.71,16329.88,16351.84
20061031,16389.44,16477.06,16314.29,16399.39
20061101,16338.71,16444.50,16246.24,16375.25
20061102,16281.95,16350.01,16209.13,16350.01
20061106,16278.78,16398.50,16204.12,16364.75
20061107,16509.78,16512.50,16378.71,16393.41
20061108,16404.05,16423.83,16199.42,16215.74
20061109,16218.86,16286.25,16094.49,16198.57
20061110,16133.91,16280.66,16104.74,16112.42
20061113,16016.41,16067.46,15913.86,16022.49
20061114,16178.80,16318.04,16176.01,16289.54
20061115,16348.74,16373.48,16243.46,16243.46
20061116,16292.48,16367.09,16143.70,16163.87
20061117,16182.30,16238.25,16067.26,16091.73
20061120,16004.33,16036.17,15725.94,15725.94
20061121,15766.42,15817.73,15696.21,15734.13
20061122,15680.53,15914.23,15675.48,15914.23
20061124,15784.25,15789.88,15639.19,15734.59
20061127,15615.55,15912.11,15615.55,15885.37
20061128,15711.71,15855.25,15653.69,15855.25
20061129,15948.69,16126.34,15945.07,16076.20
20061130,16183.29,16274.33,16152.84,16274.33
20061201,16313.01,16376.29,16242.00,16321.78
20061204,16263.98,16362.04,16185.91,16303.58
20061205,16370.55,16400.14,16239.28,16265.75
20061206,16309.79,16401.31,16254.45,16371.28
20061207,16461.91,16550.73,16416.30,16473.35
20061208,16429.80,16493.00,16387.80,16417.82
20061211,16487.30,16608.97,16470.40,16527.99
20061212,16621.68,16682.65,16583.77,16637.77
20061213,16609.25,16692.92,16589.73,16692.92
20061214,16714.33,16829.19,16714.33,16829.19
20061215,16927.93,16959.91,16858.34,16914.31
20061218,16962.65,16993.88,16930.55,16962.10
20061219,16883.85,16954.83,16754.21,16776.88
20061220,16829.58,17050.73,16829.58,17011.03
20061221,17040.92,17109.16,17010.03,17047.83
20061222,17011.41,17104.96,16992.76,17104.96
20061225,17104.80,17122.48,17056.68,17092.89
20061226,17070.32,17185.71,17056.58,17169.18
20061227,17207.11,17260.57,17207.11,17223.15
20061228,17290.10,17301.68,17163.75,17224.81
20061229,17228.49,17281.18,17225.83,17225.83
20070104,17322.50,17379.46,17315.75,17353.66
20070105,17315.53,17327.13,17011.09,17091.58
20070109,17018.89,17261.02,16983.97,17237.76
20070110,17192.41,17199.41,16847.57,16942.40
20070111,16958.57,17057.44,16758.46,16838.16
20070112,16979.73,17160.76,16941.39,17057.00
20070115,17160.25,17273.58,17144.43,17209.91
20070116,17190.90,17287.96,17175.84,17202.46
20070117,17153.25,17335.02,17002.66,17261.34
20070118,17248.14,17408.61,17220.41,17370.92
20070119,17340.38,17378.21,17242.76,17310.43
20070122,17429.90,17484.58,17401.32,17424.17
20070123,17350.31,17442.00,17321.28,17408.57
20070124,17505.31,17553.02,17498.35,17507.40
20070125,17604.59,17617.64,17427.53,17458.30
20070126,17368.05,17421.92,17300.83,17421.92
20070129,17393.18,17489.58,17319.36,17470.46
20070130,17510.00,17558.52,17452.63,17490.18
20070131,17493.83,17497.85,17275.83,17383.41
20070201,17377.02,17543.96,17361.00,17519.50
20070202,17569.16,17633.60,17532.64,17547.10
20070205,17531.41,17531.41,17294.98,17344.80
20070206,17384.50,17433.26,17345.09,17406.85
20070207,17367.91,17374.82,17199.66,17292.32
20070208,17368.34,17400.34,17212.77,17292.48
20070209,17339.56,17545.71,17274.89,17504.33
20070213,17481.76,17628.02,17440.42,17621.44
20070214,17662.28,17789.91,17648.81,17752.64
20070215,17891.24,17911.58,17815.16,17897.23
20070216,17828.77,17884.89,17793.34,17875.65
20070219,17835.13,17974.00,17810.05,17940.08
20070220,17919.33,17953.02,17828.94,17939.11
20070221,17896.59,17968.25,17850.08,17913.21
20070222,18033.23,18132.83,18024.48,18108.78
20070223,18113.56,18239.13,18046.41,18188.41
20070226,18219.75,18300.39,18145.41,18215.34
20070227,18239.30,18272.67,18073.22,18119.91
20070228,17843.60,17843.60,17382.78,17604.11
20070301,17542.23,17557.41,17261.59,17453.50
20070302,17351.40,17356.44,17160.42,17217.92
20070305,16992.43,16992.43,16532.91,16642.25
20070306,16654.84,16882.91,16649.09,16844.50
20070307,16982.30,16988.00,16731.76,16764.61
20070308,16729.78,17090.31,16685.94,17090.31
20070309,17224.66,17246.21,17100.74,17164.03
20070312,17312.14,17325.44,17206.93,17292.39
20070313,17268.71,17299.48,17153.19,17178.83
20070314,16936.18,16936.18,16628.84,16676.89
20070315,16803.99,16942.31,16760.67,16860.39
20070316,16779.48,16939.42,16643.75,16744.15
20070319,16713.99,17026.46,16713.99,17009.55
20070320,17155.34,17267.74,17146.52,17163.19
20070322,17383.61,17489.18,17379.40,17419.19
20070323,17519.50,17534.76,17407.97,17480.60
20070326,17517.91,17558.03,17425.00,17521.96
20070327,17357.25,17516.89,17315.91,17365.05
20070328,17328.11,17442.61,17141.65,17254.73
20070329,17119.94,17350.88,17036.22,17263.93
20070330,17318.84,17380.80,17267.09,17287.65
20070402,17346.25,17425.74,16999.05,17028.41
20070403,17154.77,17279.73,17095.91,17244.05
20070404,17400.67,17576.50,17394.14,17544.08
20070405,17507.46,17531.30,17430.38,17491.41
20070406,17502.90,17560.30,17422.55,17484.77
20070409,17606.02,17747.82,17606.02,17743.75
20070410,17631.01,17706.91,17613.15,17664.68
20070411,17699.39,17723.39,17618.18,17670.07
20070412,17601.65,17601.65,17455.17,17540.41
20070413,17629.01,17662.89,17327.36,17363.94
20070416,17507.17,17696.86,17507.17,17628.30
20070417,17750.66,17782.08,17452.11,17527.44
20070418,17557.40,17706.84,17538.33,17667.33
20070419,17530.00,17530.00,17219.73,17371.97
20070420,17471.56,17502.01,17404.61,17452.61
20070423,17589.60,17656.55,17413.64,17455.36
20070424,17363.83,17500.33,17305.77,17451.76
20070425,17379.51,17379.51,17221.55,17236.16
20070426,17359.83,17496.10,17321.05,17429.16
20070427,17377.03,17542.25,17299.36,17400.41
20070501,17396.30,17396.30,17203.02,17274.98
20070502,17310.75,17441.09,17227.08,17394.91
20070507,17564.16,17715.99,17558.24,17669.83
20070508,17651.47,17711.66,17587.91,17656.83
20070509,17616.58,17753.33,17616.58,17748.11
20070510,17793.49,17827.48,17712.89,17736.96
20070511,17616.01,17616.01,17455.27,17553.72
20070514,17682.74,17786.65,17673.85,17677.93
20070515,17577.14,17609.55,17491.58,17512.98
20070516,17487.00,17539.94,17430.69,17529.00
20070517,17586.33,17656.07,17482.43,17498.59
20070518,17563.52,17563.52,17320.81,17399.58
20070521,17455.55,17599.34,17411.50,17556.86
20070522,17578.31,17730.83,17545.25,17680.05
20070523,17763.15,17802.71,17699.11,17705.11
20070524,17680.44,17760.57,17606.56,17696.97
20070525,17529.26,17529.26,17370.17,17481.21
20070528,17544.98,17630.36,17544.66,17587.58
20070529,17524.82,17700.51,17521.64,17672.56
20070530,17664.36,17727.16,17484.30,17588.25
20070531,17715.76,17875.75,17701.57,17875.75
20070601,17949.91,18017.73,17943.67,17958.88
20070604,18067.90,18071.80,17973.41,17973.41
20070605,18019.78,18071.72,17950.44,18053.81
20070606,18001.19,18073.05,17991.18,18040.92
20070607,17879.00,18053.38,17866.51,18053.38
20070608,17904.67,17904.67,17696.50,17779.08
20070611,17899.01,17932.09,17801.63,17834.48
20070612,17845.22,17862.99,17735.56,17760.91
20070613,17631.86,17781.41,17591.92,17732.76
20070614,17834.77,17875.01,17815.30,17842.28
20070615,17945.83,18007.99,17930.33,17971.49
20070618,18127.41,18194.25,18112.92,18149.51
20070619,18131.58,18163.60,18103.56,18163.60
20070620,18173.07,18297.00,18141.94,18211.67
20070621,18117.30,18287.73,18107.81,18240.30
20070622,18177.89,18200.10,18092.35,18188.63
20070625,18107.67,18203.56,18079.84,18087.48
20070626,18098.33,18101.89,18008.59,18066.10
20070627,17981.76,17983.34,17848.05,17849.27
20070628,17915.63,17960.22,17893.36,17932.26
20070629,18010.50,18144.63,17973.50,18138.35
20070702,18139.03,18175.30,18062.49,18146.30
20070703,18206.49,18230.89,18146.74,18149.90
20070704,18158.76,18207.97,18143.58,18168.72
20070705,18191.89,18295.26,18191.89,18221.48
20070706,18184.64,18184.64,18086.00,18140.93
20070709,18226.07,18282.15,18213.58,18261.98
20070710,18244.68,18259.81,18204.03,18252.66
20070711,18116.66,18116.66,18028.86,18049.50
20070712,18105.89,18130.43,17919.16,17984.14
20070713,18161.01,18268.64,18150.99,18238.94
20070717,18269.35,18269.35,18167.82,18217.26
20070718,18136.06,18136.06,17964.27,18015.58
20070719,18095.94,18131.11,18037.33,18116.57
20070720,18148.59,18223.03,18124.74,18157.92
20070723,17995.71,18009.47,17892.75,17963.64
20070724,17998.75,18018.93,17906.10,18002.02
20070725,17810.97,17881.31,17733.96,17858.41
20070726,17807.23,17861.47,17678.98,17702.08
20070727,17454.58,17454.58,17196.16,17283.81
20070730,17138.52,17289.30,17042.66,17289.30
20070731,17318.00,17318.00,17195.28,17248.89
20070801,17169.19,17169.19,16845.53,16870.98
20070802,16956.33,16999.16,16652.80,16984.10
20070803,17019.80,17102.07,16913.26,16979.85
20070806,16781.14,16951.98,16675.39,16914.46
20070807,17009.63,17049.44,16863.46,16921.76
20070808,16930.39,17085.09,16911.67,17029.27
20070809,17170.35,17274.33,17148.94,17170.59
20070810,16923.21,16948.96,16651.71,16764.08
20070813,16791.80,16948.40,16725.55,16800.05
20070814,16824.63,16855.05,16747.93,16844.60
20070815,16659.07,16667.35,16433.30,16475.60
20070816,16296.40,16296.40,15859.46,16148.49
20070817,16035.37,16062.58,15262.09,15273.67
20070820,15477.25,15940.61,15477.25,15732.48
20070821,15773.86,16101.63,15754.50,15901.33
20070822,15866.59,15957.96,15787.96,15900.63
20070823,16093.82,16333.36,16093.82,16316.32
20070824,16286.00,16329.96,16188.08,16248.96
20070827,16429.00,16504.72,16263.95,16301.38
20070828,16214.08,16343.28,16192.83,16287.49
20070829,16068.09,16068.09,15830.28,16012.83
20070830,16182.08,16269.66,16091.28,16153.82
20070831,16270.99,16569.08,16266.23,16569.08
20070903,16511.07,16575.97,16452.74,16524.92
20070904,16445.73,16511.64,16392.21,16420.47
20070905,16506.10,16553.22,16154.90,16158.45
20070906,16003.87,16257.00,15840.04,16257.00
20070907,16179.78,16230.58,16027.92,16122.16
20070910,15906.51,15906.51,15651.83,15764.96
20070911,15787.86,15940.37,15610.65,15877.66
20070912,15978.78,16032.25,15731.32,15797.59
20070913,15886.75,15931.08,15802.36,15821.19
20070914,15895.04,16142.08,15877.08,16127.41
20070918,16037.49,16037.49,15780.90,15801.79
20070919,16038.12,16386.16,16038.12,16381.54
20070920,16474.66,16491.44,16344.28,16413.78
20070921,16284.42,16353.96,16245.94,16312.61
20070925,16317.19,16434.80,16240.25,16401.73
20070926,16388.50,16457.72,16388.50,16435.74
20070927,16551.93,16868.93,16551.93,16832.22
20070928,16903.64,16929.25,16755.21,16785.68
20071001,16773.09,16899.83,16685.80,16845.96
20071002,17027.91,17072.66,16986.38,17046.77
20071003,17066.14,17205.41,17017.76,17199.89
20071004,17085.32,17160.47,17043.75,17092.49
20071005,17070.60,17144.34,17032.75,17065.03
20071009,17166.16,17237.40,17133.51,17159.90
20071010,17231.14,17254.51,17146.39,17177.89
20071011,17188.81,17488.97,17154.75,17458.98
20071012,17417.93,17441.75,17280.59,17331.16
20071015,17399.66,17430.08,17292.13,17358.15
20071016,17267.07,17283.05,17104.19,17137.91
20071017,17114.19,17114.19,16795.74,16955.31
20071018,16974.68,17147.73,16974.68,17106.08
20071019,16965.00,16965.00,16711.57,16814.36
20071022,16563.57,16563.57,16264.70,16438.47
20071023,16486.71,16554.91,16416.91,16450.58
20071024,16518.00,16578.58,16330.33,16358.38
20071025,16368.01,16438.57,16199.01,16284.16
20071026,16358.61,16505.63,16348.86,16505.63
20071029,16613.30,16774.17,16613.30,16698.08
20071030,16655.31,16682.86,16492.56,16651.00
20071031,16620.58,16738.98,16552.53,16737.63
20071101,16812.90,16887.03,16795.55,16870.40
20071102,16647.40,16654.73,16484.53,16517.48
20071105,16458.14,16458.14,16211.79,16268.91
20071106,16152.58,16353.92,16144.40,16249.62
20071107,16325.17,16326.58,16081.03,16096.67
20071108,15889.03,15891.23,15626.05,15771.57
20071109,15675.48,15834.96,15566.12,15583.41
20071112,15377.37,15386.79,14998.50,15197.08
20071113,15148.16,15235.55,14988.76,15126.62
20071114,15311.37,15504.99,15287.25,15499.55
20071115,15536.34,15587.30,15396.29,15396.29
20071116,15238.73,15238.73,15030.01,15154.61
20071119,15177.16,15302.75,15040.09,15042.55
20071120,14868.98,15222.24,14751.26,15211.51
20071121,15113.83,15154.30,14770.21,14837.66
20071122,14726.62,15000.17,14669.84,14888.76
20071126,14921.57,15295.21,14912.83,15135.21
20071127,14953.92,15312.54,14801.87,15222.84
20071128,15271.13,15280.91,15089.34,15153.78
20071129,15339.61,15555.04,15339.61,15513.74
20071130,15520.53,15751.20,15520.53,15680.66
20071203,15747.46,15799.69,15577.69,15628.96
20071204,15613.88,15683.17,15446.46,15480.19
20071205,15418.95,15621.54,15365.38,15608.87
20071206,15782.40,15898.25,15740.94,15874.08
20071207,15992.24,16107.65,15948.54,15956.37
20071210,16007.33,16017.13,15826.25,15924.38
20071211,16003.08,16075.61,15972.45,16044.71
20071212,15828.65,15963.42,15700.15,15932.25
20071213,15818.48,15833.09,15532.53,15536.51
20071214,15547.19,15697.04,15433.76,15514.50
20071217,15433.29,15508.50,15219.07,15249.79
20071218,15099.20,15301.69,15004.41,15207.86
20071219,15165.08,15267.75,15030.50,15030.50
20071220,15151.37,15161.66,15017.96,15031.59
20071221,15044.34,15275.61,14998.00,15257.00
20071225,15441.33,15583.38,15441.33,15552.58
20071226,15613.96,15653.54,15559.46,15653.54
20071227,15616.41,15628.30,15535.50,15564.69
20071228,15413.37,15413.37,15240.96,15307.78
20080104,15155.73,15156.66,14542.58,14691.41
20080107,14549.37,14667.84,14438.61,14500.54
20080108,14429.29,14547.79,14365.86,14528.66
20080109,14364.71,14602.65,14271.57,14599.16
20080110,14546.32,14584.73,14388.11,14388.11
20080111,14419.42,14447.49,14096.54,14110.79
20080115,14134.91,14224.00,13915.15,13972.62
20080116,13796.73,13841.92,13500.58,13504.50
20080117,13596.37,13803.08,13472.45,13783.45
20080118,13577.50,13902.63,13365.32,13861.29
20080121,13701.42,13704.65,13320.50,13325.94
20080122,13125.23,13125.23,12572.67,12573.04
20080123,12756.30,13063.78,12619.78,12829.05
20080124,12952.50,13134.76,12952.50,13092.78
20080125,13258.76,13647.16,13248.88,13629.16
20080128,13482.83,13501.86,13087.91,13087.91
20080129,13246.69,13506.80,13224.66,13478.86
20080130,13500.51,13514.12,13271.12,13345.03
20080131,13227.48,13622.67,13154.76,13592.46
20080201,13517.74,13648.38,13444.08,13497.16
20080204,13642.59,13889.24,13642.59,13859.70
20080205,13806.16,13821.91,13665.63,13745.50
20080206,13548.53,13552.19,13099.24,13099.24
20080207,13077.25,13244.19,12972.54,13207.15
20080208,13143.08,13279.51,12997.87,13017.24
20080212,12998.87,13138.28,12923.41,13021.96
20080213,13162.95,13240.25,13036.62,13068.29
20080214,13254.58,13626.45,13251.86,13626.45
20080215,13508.53,13666.67,13356.38,13622.55
20080218,13627.30,13822.45,13627.30,13635.40
20080219,13761.75,13853.21,13691.87,13757.91
20080220,13729.75,13729.75,13310.37,13310.37
20080221,13462.71,13783.96,13439.58,13688.28
20080222,13530.19,13540.62,13378.71,13500.46
20080225,13612.30,13969.17,13612.30,13914.57
20080226,14036.88,14053.84,13803.46,13824.71
20080227,14007.32,14105.46,13956.44,14031.29
20080228,13877.87,13962.29,13794.71,13925.50
20080229,13735.44,13738.55,13533.25,13603.01
20080303,13412.87,13413.62,12992.17,12992.17
20080304,13080.29,13110.38,12883.07,12992.28
20080305,12973.03,13044.00,12919.80,12972.05
20080306,13068.88,13365.21,13050.54,13215.41
20080307,13024.61,13024.61,12744.51,12782.79
20080310,12716.83,12777.07,12527.07,12532.12
20080311,12392.30,12674.88,12352.79,12658.28
20080312,12841.87,13071.21,12799.41,12861.12
20080313,12741.25,12772.37,12351.71,12433.44
20080314,12509.80,12582.57,12167.08,12241.59
20080317,12089.03,12132.69,11691.00,11787.50
20080318,11828.99,11995.05,11793.59,11964.16
20080319,12142.33,12374.75,12142.33,12260.44
20080321,12331.63,12496.41,12308.03,12482.57
20080324,12473.05,12582.46,12438.20,12480.08
20080325,12639.74,12791.24,12572.76,12745.21
20080326,12648.96,12711.78,12591.00,12706.62
20080327,12618.41,12621.55,12475.87,12604.58
20080328,12594.33,12874.45,12507.67,12820.46
20080331,12709.28,12709.28,12430.62,12525.54
20080401,12539.79,12779.13,12521.83,12656.41
20080402,12836.41,13189.36,12836.41,13189.36
20080403,13190.16,13389.90,13137.09,13389.90
20080404,13286.34,13360.80,13220.00,13293.21
20080407,13240.55,13485.90,13228.86,13450.23
20080408,13373.96,13402.91,13225.75,13250.42
20080409,13295.16,13348.37,12998.54,13111.88
20080410,13029.80,13062.46,12898.49,12945.29
20080411,13061.76,13329.40,13040.34,13323.73
20080414,13132.66,13132.66,12858.62,12917.50
20080415,12952.65,13052.82,12875.91,12990.58
20080416,13130.66,13222.42,13112.07,13146.12
20080417,13315.83,13495.94,13313.05,13398.29
20080418,13426.25,13485.04,13323.74,13476.45
20080421,13639.84,13739.44,13639.76,13696.54
20080422,13587.50,13608.16,13519.12,13547.82
20080423,13455.55,13717.04,13449.04,13579.16
20080424,13613.83,13654.78,13497.16,13540.87
20080425,13614.53,13886.37,13614.53,13863.46
20080428,13907.96,14003.28,13745.61,13894.37
20080430,13802.94,13976.09,13766.24,13849.99
20080501,13802.58,13884.62,13727.07,13766.86
20080502,13944.25,14072.91,13944.25,14049.25
20080507,14147.57,14208.66,14022.79,14102.48
20080508,14008.19,14036.30,13930.28,13943.25
20080509,13941.29,13946.50,13639.99,13655.33
20080512,13565.91,13793.41,13540.67,13743.36
20080513,13814.38,13976.91,13734.50,13953.73
20080514,13961.96,14121.94,13877.40,14118.54
20080515,14167.01,14352.83,14167.01,14251.74
20080516,14363.62,14392.53,14194.91,14219.48
20080519,14294.51,14343.19,14219.08,14269.61
20080520,14220.12,14286.66,14121.91,14160.08
20080521,14002.51,14041.24,13847.17,13926.29
20080522,13772.65,13984.80,13658.01,13978.46
20080523,13945.09,14157.24,13925.37,14012.20
20080526,13875.98,13883.50,13670.91,13690.19
20080527,13750.82,13931.23,13750.82,13893.30
20080528,13937.13,13979.38,13665.57,13709.44
20080529,13832.65,14147.88,13832.65,14124.46
20080530,14195.66,14366.62,14192.16,14338.54
20080602,14342.96,14461.03,14189.96,14440.13
20080603,14275.61,14289.46,14127.75,14209.16
20080604,14270.07,14435.57,14250.11,14435.57
20080605,14392.58,14392.58,14262.01,14341.12
20080606,14530.36,14601.26,14489.44,14489.44
20080609,14275.33,14278.83,14117.79,14181.37
20080610,14281.36,14308.88,13983.55,14021.16
20080611,14137.54,14194.48,13993.57,14183.48
20080612,14010.32,14010.32,13826.07,13888.59
20080613,14011.12,14041.33,13810.37,13973.73
20080616,14118.23,14369.08,14103.50,14354.37
20080617,14387.00,14387.00,14299.66,14348.37
20080618,14301.36,14469.99,14301.36,14452.82
20080619,14324.71,14324.71,14069.16,14130.16
20080620,14171.01,14190.00,13903.21,13942.08
20080623,13769.44,13920.75,13667.83,13857.46
20080624,13766.28,13877.49,13738.38,13849.55
20080625,13820.78,13833.23,13635.67,13829.91
20080626,13845.41,13950.55,13798.04,13822.32
20080627,13605.25,13605.55,13453.34,13544.36
20080630,13584.50,13598.48,13454.28,13481.37
20080701,13514.86,13576.41,13448.34,13463.20
20080702,13489.87,13489.87,13247.04,13286.37
20080703,13161.78,13326.95,13118.88,13265.40
20080704,13285.49,13288.54,13135.46,13237.88
20080707,13212.79,13409.29,13169.54,13360.04
20080708,13286.50,13294.96,12984.54,13033.09
20080709,13169.88,13284.65,13038.76,13052.12
20080710,12934.30,13139.84,12930.32,13067.21
20080711,13063.50,13164.09,12918.21,13039.69
20080714,13022.29,13185.90,12969.92,13010.16
20080715,12902.12,12902.12,12715.80,12754.55
20080716,12725.12,12815.40,12671.33,12760.79
20080717,12889.79,12929.74,12852.92,12887.95
20080718,12976.21,12999.63,12762.33,12803.70
20080722,12944.55,13184.96,12921.01,13184.96
20080723,13259.65,13388.62,13238.54,13312.92
20080724,13411.28,13603.30,13393.57,13603.30
20080725,13452.37,13469.83,13324.21,13334.75
20080728,13407.36,13468.94,13327.12,13353.78
20080729,13220.33,13220.33,13018.21,13159.45
20080730,13267.37,13372.28,13264.08,13367.79
20080731,13410.40,13467.66,13256.37,13376.80
20080801,13276.57,13294.16,13039.21,13094.58
20080804,13083.28,13113.94,12910.16,12933.17
20080805,12957.00,13049.58,12893.33,12914.66
20080806,13059.42,13295.50,13048.96,13254.88
20080807,13257.99,13257.99,13034.15,13124.99
20080808,13026.53,13259.73,12962.82,13168.41
20080811,13259.46,13468.80,13259.46,13430.91
20080812,13397.99,13420.09,13276.15,13303.59
20080813,13205.63,13205.63,12953.33,13023.04
20080814,12942.61,13090.67,12926.98,12956.79
20080815,12991.91,13029.58,12952.21,13019.41
20080818,12971.49,13270.37,12934.21,13165.45
20080819,13016.50,13016.50,12782.09,12865.04
20080820,12753.98,12923.66,12753.98,12851.69
20080821,12885.33,12885.33,12723.83,12752.21
20080822,12727.37,12732.69,12631.94,12666.04
20080825,12797.54,12949.33,12797.54,12878.66
20080826,12711.03,12801.21,12656.08,12778.71
20080827,12734.38,12783.62,12681.98,12752.96
20080828,12827.71,12847.46,12718.53,12768.25
20080829,12925.45,13079.37,12918.49,13072.87
20080901,12936.80,12940.54,12834.17,12834.17
20080902,12779.88,12920.51,12491.07,12609.46
20080903,12703.36,12767.50,12647.29,12689.58
20080904,12627.63,12660.57,12514.25,12557.66
20080905,12385.65,12385.65,12163.33,12212.23
20080908,12359.92,12671.75,12352.34,12624.46
20080909,12529.96,12529.96,12335.74,12400.65
20080910,12249.13,12404.66,12159.96,12346.62
20080911,12237.52,12259.02,12081.51,12102.50
20080912,12256.78,12277.57,12059.09,12214.76
20080916,12028.45,12028.45,11551.40,11609.72
20080917,11737.62,11880.03,11708.70,11749.79
20080918,11576.94,11577.88,11301.46,11489.30
20080919,11631.60,11920.86,11615.20,11920.86
20080922,12037.89,12263.95,12037.89,12090.59
20080924,12031.98,12115.03,11904.60,12115.03
20080925,11925.71,12025.41,11835.28,12006.53
20080926,12026.34,12082.64,11788.73,11893.16
20080929,11883.25,12062.67,11721.05,11743.61
20080930,11565.70,11565.70,11160.83,11259.86
20081001,11396.61,11456.64,11314.28,11368.26
20081002,11423.13,11452.39,11143.79,11154.76
20081003,11052.10,11099.73,10938.14,10938.14
20081006,10817.27,10839.50,10374.38,10473.09
20081007,10328.54,10363.14,9916.21,10155.90
20081008,10011.64,10011.64,9159.81,9203.32
20081009,9168.16,9443.45,9100.93,9157.49
20081010,9016.34,9016.34,8115.41,8276.43
20081014,8407.94,9455.62,8407.94,9447.57
20081015,9390.50,9601.30,9269.49,9547.47
20081016,9400.85,9400.85,8458.45,8458.45
20081017,8579.57,8763.71,8539.51,8693.82
20081020,8775.24,9038.45,8687.70,9005.59
20081021,9139.26,9358.51,9135.41,9306.25
20081022,9198.14,9198.14,8674.69,8674.69
20081023,8547.79,8547.79,8016.61,8460.98
20081024,8391.04,8391.04,7647.07,7649.08
20081027,7568.36,7878.97,7141.27,7162.90
20081028,7143.34,7626.42,6994.90,7621.92
20081029,7741.52,8211.90,7741.52,8211.90
20081030,8269.71,9030.85,8269.71,9029.76
20081031,8958.22,9012.31,8576.98,8576.98
20081104,8702.77,9142.29,8699.77,9114.60
20081105,9224.05,9521.24,9216.30,9521.24
20081106,9373.65,9380.30,8806.71,8899.14
20081107,8774.49,8868.10,8266.09,8583.00
20081110,8711.99,9106.29,8711.99,9081.43
20081111,8965.29,9056.31,8704.56,8809.30
20081112,8694.91,8782.48,8574.20,8695.51
20081113,8564.47,8564.47,8148.30,8238.64
20081114,8378.13,8689.85,8378.13,8462.39
20081117,8366.88,8767.98,8218.82,8522.58
20081118,8415.60,8440.41,8302.24,8328.41
20081119,8309.35,8370.09,8115.71,8273.22
20081120,8149.77,8149.79,7703.04,7703.04
20081121,7600.35,7994.68,7406.18,7910.79
20081125,8026.06,8356.83,8025.69,8323.93
20081126,8229.72,8317.83,8149.56,8213.22
20081127,8311.24,8458.68,8300.49,8373.39
20081128,8400.05,8518.13,8336.57,8512.27
20081201,8464.36,8464.36,8307.28,8397.22
20081202,8266.32,8266.32,7863.69,7863.69
20081203,7965.31,8056.38,7889.82,8004.10
20081204,8030.20,8107.69,7849.84,7924.24
20081205,7975.05,8024.33,7908.65,7917.51
20081208,7970.69,8358.27,7959.01,8329.05
20081209,8362.37,8499.60,8314.85,8395.87
20081210,8376.00,8704.92,8376.00,8660.24
20081211,8642.26,8720.55,8519.11,8720.55
20081212,8599.12,8610.73,8087.99,8235.87
20081215,8349.85,8700.17,8349.85,8664.66
20081216,8608.40,8634.26,8471.24,8568.02
20081217,8658.22,8741.24,8425.66,8612.52
20081218,8565.16,8728.36,8534.84,8667.23
20081219,8640.22,8743.22,8570.56,8588.52
20081222,8602.50,8751.18,8593.76,8723.78
20081224,8630.25,8631.83,8476.69,8517.10
20081225,8531.51,8599.50,8531.16,8599.50
20081226,8642.14,8740.76,8611.36,8739.52
20081229,8726.31,8763.67,8638.60,8747.17
20081230,8716.28,8859.56,8702.95,8859.56
20090105,8991.21,9127.38,8987.36,9043.12
20090106,9130.01,9171.03,9029.94,9080.84
20090107,9133.80,9325.35,9106.05,9239.24
20090108,9143.21,9148.83,8876.42,8876.42
20090109,8932.71,8956.85,8773.20,8836.80
20090113,8732.63,8732.93,8405.50,8413.91
20090114,8425.75,8516.07,8359.16,8438.45
20090115,8309.38,8309.38,7997.73,8023.31
20090116,8125.20,8283.91,8067.47,8230.15
20090119,8318.26,8351.68,8221.84,8256.85
20090120,8187.14,8190.42,7962.46,8065.79
20090121,7949.96,8009.22,7829.30,7901.64
20090122,7988.30,8051.74,7809.89,8051.74
20090123,7965.41,7965.41,7745.25,7745.25
20090126,7714.26,7807.16,7671.04,7682.14
20090127,7782.90,8115.15,7782.07,8061.07
20090128,8052.25,8171.63,7936.59,8106.29
20090129,8201.16,8305.38,8138.99,8251.24
20090130,8142.88,8142.88,7922.39,7994.05
20090202,7908.51,7955.75,7795.27,7873.98
20090203,7862.95,8084.41,7800.80,7825.51
20090204,7897.24,8084.97,7863.65,8038.94
20090205,7985.53,8093.96,7901.04,7949.65
20090206,8054.27,8169.04,8033.24,8076.62
20090209,8178.07,8257.71,7969.03,7969.03
20090210,8066.94,8124.79,7917.27,7945.94
20090212,7842.53,7862.52,7685.68,7705.36
20090213,7789.35,7887.74,7730.27,7779.40
20090216,7732.68,7804.24,7694.73,7750.17
20090217,7690.13,7710.43,7615.94,7645.51
20090218,7539.96,7565.79,7479.18,7534.44
20090219,7604.22,7642.69,7537.56,7557.65
20090220,7544.07,7554.70,7382.33,7416.38
20090223,7314.30,7417.18,7209.43,7376.16
20090224,7266.68,7270.90,7155.16,7268.56
20090225,7368.44,7471.03,7330.44,7461.22
20090226,7470.60,7599.81,7433.06,7457.93
20090227,7463.42,7589.77,7414.40,7568.42
20090302,7454.28,7454.28,7234.96,7280.15
20090303,7177.79,7288.14,7088.47,7229.72
20090304,7146.71,7320.65,7104.63,7290.96
20090305,7336.02,7532.87,7336.02,7433.49
20090306,7328.29,7328.29,7167.07,7173.10
20090309,7191.13,7241.02,7028.49,7086.03
20090310,7059.77,7100.77,7021.28,7054.98
20090311,7165.39,7393.81,7161.85,7376.12
20090312,7320.45,7345.02,7198.25,7198.25
20090313,7301.12,7571.45,7300.87,7569.28
20090316,7630.20,7754.75,7630.20,7704.15
20090317,7767.34,7967.03,7723.94,7949.13
20090318,8006.86,8054.35,7895.28,7972.17
20090319,8017.93,8034.09,7902.49,7945.96
20090323,7943.14,8229.13,7922.55,8215.53
20090324,8334.68,8504.41,8297.27,8488.30
20090325,8499.69,8553.01,8392.56,8479.99
20090326,8430.22,8640.28,8383.99,8636.33
20090327,8711.72,8843.18,8626.97,8626.97
20090330,8621.85,8651.06,8236.08,8236.08
20090331,8199.43,8383.74,8088.45,8109.53
20090401,8173.36,8351.91,8084.62,8351.91
20090402,8453.73,8741.67,8449.87,8719.78
20090403,8814.10,8884.63,8697.17,8749.84
20090406,8856.84,8992.06,8812.36,8857.93
20090407,8838.66,8884.45,8778.92,8832.85
20090408,8746.73,8765.64,8556.75,8595.01
20090409,8665.16,8920.86,8664.26,8916.06
20090410,9041.23,9068.80,8856.69,8964.11
20090413,8930.35,9024.45,8888.10,8924.43
20090414,8955.90,8961.73,8749.92,8842.68
20090415,8777.68,8800.52,8681.03,8742.96
20090416,8848.43,9030.00,8720.62,8755.26
20090417,8854.33,8953.34,8834.63,8907.58
20090420,8899.59,8933.80,8813.72,8924.75
20090421,8802.09,8802.09,8612.76,8711.33
20090422,8777.53,8802.90,8683.27,8727.30
20090423,8776.94,8860.55,8647.80,8847.01
20090424,8832.10,8852.83,8694.92,8707.99
20090427,8783.34,8840.53,8648.51,8726.34
20090428,8678.28,8808.64,8493.77,8493.77
20090430,8615.45,8844.77,8615.45,8828.26
20090501,8848.84,9017.32,8827.13,8977.37
20090507,9102.35,9385.70,9100.11,9385.70
20090508,9351.40,9464.43,9349.57,9432.83
20090511,9460.72,9503.91,9342.75,9451.98
20090512,9358.25,9389.61,9298.61,9298.61
20090513,9305.79,9379.47,9278.89,9340.49
20090514,9212.30,9223.77,9052.41,9093.73
20090515,9150.21,9272.08,9140.90,9265.02
20090518,9167.05,9167.82,8997.74,9038.69
20090519,9172.56,9326.75,9166.97,9290.29
20090520,9372.72,9399.40,9311.61,9344.64
20090521,9280.35,9286.35,9189.92,9264.15
20090522,9156.14,9267.82,9126.69,9225.81
20090525,9245.95,9402.76,9245.95,9347.00
20090526,9364.22,9379.78,9231.93,9310.81
20090527,9426.62,9491.13,9411.54,9438.77
20090528,9353.33,9492.66,9353.33,9451.39
20090529,9478.21,9522.50,9426.52,9522.50
20090601,9517.49,9691.73,9491.26,9677.75
20090602,9774.55,9793.47,9704.31,9704.31
20090603,9723.82,9774.55,9718.70,9741.67
20090604,9690.93,9743.46,9654.45,9668.96
20090605,9752.51,9774.98,9719.14,9768.01
20090608,9829.28,9914.07,9816.17,9865.63
20090609,9824.17,9855.89,9755.81,9786.82
20090610,9833.64,9991.49,9813.77,9991.49
20090611,9992.98,10022.23,9958.98,9981.33
20090612,10088.21,10170.82,10050.96,10135.82
20090615,10126.55,10126.55,10029.59,10039.67
20090616,9914.40,9941.50,9752.88,9752.88
20090617,9705.73,9845.52,9705.73,9840.85
20090618,9778.35,9778.35,9649.83,9703.72
20090619,9757.85,9822.83,9703.87,9786.26
20090622,9788.07,9887.13,9763.37,9826.27
20090623,9695.76,9712.09,9511.45,9549.61
20090624,9596.78,9624.41,9534.24,9590.32
20090625,9628.18,9871.14,9619.02,9796.08
20090626,9852.92,9893.00,9793.95,9877.39
20090629,9866.28,9943.83,9748.73,9783.47
20090630,9896.56,10000.30,9894.95,9958.44
20090701,9889.34,10086.18,9874.00,9939.93
20090702,9993.77,9993.77,9869.54,9876.15
20090703,9751.69,9816.07,9691.16,9816.07
20090706,9738.49,9771.76,9650.75,9680.87
20090707,9713.62,9734.43,9619.68,9647.79
20090708,9548.81,9557.39,9407.98,9420.75
20090709,9342.33,9384.24,9291.06,9291.06
20090710,9338.76,9370.15,9265.24,9287.28
20090713,9242.13,9343.86,9050.33,9050.33
20090714,9173.14,9284.38,9166.63,9261.81
20090715,9307.45,9333.64,9250.73,9269.25
20090716,9393.98,9489.67,9317.11,9344.16
20090717,9413.86,9420.61,9360.59,9395.32
20090721,9512.52,9652.02,9508.92,9652.02
20090722,9642.79,9750.63,9608.77,9723.16
20090723,9712.10,9861.29,9703.84,9792.94
20090724,9909.40,9950.04,9863.87,9944.55
20090727,10020.87,10179.59,10015.11,10088.66
20090728,10116.89,10116.89,10049.63,10087.26
20090729,10035.91,10161.95,10035.91,10113.24
20090730,10155.71,10169.68,10067.51,10165.21
20090731,10275.14,10359.07,10259.57,10356.83
20090803,10355.23,10380.57,10322.00,10352.47
20090804,10438.40,10479.19,10358.48,10375.01
20090805,10405.05,10406.10,10252.53,10252.53
20090806,10266.01,10426.14,10266.01,10388.09
20090807,10365.71,10412.09,10249.04,10412.09
20090810,10530.62,10585.37,10487.70,10524.26
20090811,10514.74,10587.36,10512.21,10585.46
20090812,10486.36,10526.35,10434.09,10435.00
20090813,10508.09,10556.28,10489.12,10517.19
20090814,10551.33,10630.38,10539.43,10597.33
20090817,10521.02,10521.02,10268.61,10268.61
20090818,10208.12,10325.06,10181.10,10284.96
20090819,10269.97,10327.17,10195.11,10204.00
20090820,10254.53,10407.30,10204.26,10383.41
20090821,10375.22,10375.22,10142.22,10238.20
20090824,10389.57,10591.00,10388.78,10581.05
20090825,10515.57,10566.31,10469.69,10497.36
20090826,10554.44,10668.74,10526.51,10639.71
20090827,10570.78,10575.79,10400.83,10473.97
20090828,10546.88,10560.44,10471.63,10534.14
20090831,10608.16,10767.00,10423.90,10492.53
20090901,10453.37,10577.19,10438.51,10530.06
20090902,10378.08,10378.08,10215.60,10280.46
20090903,10240.02,10290.83,10185.38,10214.64
20090904,10256.49,10256.49,10143.26,10187.11
20090907,10288.56,10326.45,10274.38,10320.94
20090908,10353.51,10393.23,10300.50,10393.23
20090909,10343.80,10390.25,10249.11,10312.14
20090910,10385.35,10521.14,10382.99,10513.67
20090911,10519.33,10522.23,10407.97,10444.33
20090914,10388.32,10388.32,10170.74,10202.06
20090915,10255.73,10292.47,10183.30,10217.62
20090916,10288.72,10394.56,10247.24,10270.77
20090917,10373.25,10443.80,10340.14,10443.80
20090918,10379.21,10399.42,10292.50,10370.54
20090924,10405.53,10566.98,10386.88,10544.22
20090925,10395.45,10395.45,10228.60,10265.98
20090928,10136.24,10151.60,9971.05,10009.52
20090929,10089.11,10125.88,10059.87,10100.20
20090930,10105.17,10138.04,10063.69,10133.23
20091001,10072.64,10077.22,9965.06,9978.64
20091002,9848.07,9852.17,9714.18,9731.87
20091005,9733.07,9751.56,9669.31,9674.49
20091006,9744.42,9744.42,9628.67,9691.80
20091007,9750.24,9821.74,9735.68,9799.60
20091008,9806.03,9863.34,9746.15,9832.47
20091009,9893.63,10016.39,9857.39,10016.39
20091013,10066.85,10116.72,10039.62,10076.56
20091014,10096.01,10096.01,10016.24,10060.21
20091015,10194.91,10272.62,10184.81,10238.65
20091016,10276.40,10290.31,10216.14,10257.56
20091019,10179.46,10264.44,10125.33,10236.51
20091020,10329.30,10357.59,10307.59,10336.84
20091021,10292.39,10350.45,10292.39,10333.39
20091022,10251.09,10274.61,10159.66,10267.17
20091023,10335.34,10364.17,10271.71,10282.99
20091026,10271.84,10397.69,10250.84,10362.62
20091027,10283.46,10290.92,10201.93,10212.46
20091028,10182.14,10209.20,10060.39,10075.05
20091029,9941.57,9945.41,9850.12,9891.10
20091030,10006.84,10049.59,9984.33,10034.74
20091102,9903.77,9904.61,9736.14,9802.95
20091104,9785.28,9845.00,9767.91,9844.31
20091105,9803.50,9825.82,9691.69,9717.44
20091106,9812.73,9849.72,9767.00,9789.35
20091109,9777.64,9845.90,9731.59,9808.99
20091110,9904.68,9979.46,9857.10,9870.73
20091111,9890.18,9949.71,9849.99,9871.68
20091112,9921.45,9943.57,9788.49,9804.49
20091113,9793.19,9805.20,9719.38,9770.31
20091116,9784.14,9802.53,9725.81,9791.18
20091117,9834.58,9847.64,9715.28,9729.93
20091118,9723.23,9788.81,9631.83,9676.80
20091119,9691.86,9691.86,9496.07,9549.47
20091120,9460.21,9513.60,9423.66,9497.68
20091124,9511.00,9511.00,9397.79,9401.58
20091125,9381.90,9453.70,9366.33,9441.64
20091126,9354.80,9457.24,9324.99,9383.24
20091127,9257.20,9257.20,9076.41,9081.52
20091130,9189.17,9353.74,9162.18,9345.55
20091201,9281.82,9572.20,9233.20,9572.20
20091202,9551.79,9643.32,9514.15,9608.94
20091203,9707.02,9977.67,9707.02,9977.67
20091204,10019.24,10022.59,9902.83,10022.59
20091207,10131.90,10204.58,10106.31,10167.60
20091208,10079.81,10149.32,10079.81,10140.47
20091209,10048.94,10048.94,9985.97,10004.72
20091210,9964.05,10035.92,9834.22,9862.82
20091211,9958.00,10107.87,9916.21,10107.87
20091214,10126.61,10126.61,10009.60,10105.68
20091215,10053.45,10111.76,10033.90,10083.48
20091216,10179.33,10222.22,10117.12,10177.41
20091217,10199.92,10260.12,10163.80,10163.80
20091218,10110.64,10157.25,10027.85,10142.05
20091221,10196.71,10215.49,10183.47,10183.47
20091222,10256.00,10378.03,10235.22,10378.03
20091224,10413.37,10558.41,10413.37,10536.92
20091225,10546.97,10546.97,10476.65,10494.71
20091228,10521.81,10652.99,10513.55,10634.23
20091229,10611.85,10683.12,10597.41,10638.06
20091230,10707.51,10707.51,10546.44,10546.44
20100104,10609.34,10694.49,10608.14,10654.79
20100105,10719.44,10791.04,10655.57,10681.83
20100106,10709.55,10768.61,10661.17,10731.45
20100107,10742.75,10774.00,10636.67,10681.66
20100108,10743.30,10816.45,10677.56,10798.32
20100112,10770.35,10905.39,10763.68,10879.14
20100113,10795.48,10866.62,10729.86,10735.03
20100114,10778.07,10909.94,10774.25,10907.68
20100115,10917.41,10982.10,10878.83,10982.10
20100118,10887.61,10895.10,10781.03,10855.08
20100119,10866.83,10866.83,10749.47,10764.90
20100120,10834.91,10860.93,10724.57,10737.52
20100121,10704.79,10886.64,10649.84,10868.41
20100122,10740.21,10768.07,10528.33,10590.55
20100125,10478.31,10557.64,10414.58,10512.69
20100126,10506.15,10566.49,10324.98,10325.28
20100127,10344.07,10373.82,10252.08,10252.08
20100128,10309.73,10462.70,10296.98,10414.29
20100129,10308.05,10324.37,10198.04,10198.04
20100201,10212.36,10224.83,10129.91,10205.02
20100202,10310.98,10396.48,10287.74,10371.09
20100203,10428.12,10436.52,10356.03,10404.33
20100204,10434.52,10438.41,10279.57,10355.98
20100205,10162.34,10166.30,10036.33,10057.09
20100208,10007.47,10063.53,9942.05,9951.82
20100209,9876.61,9956.79,9867.39,9932.90
20100210,10024.26,10049.87,9963.99,9963.99
20100212,10085.35,10099.46,10014.50,10092.19
20100215,10097.82,10119.47,10012.53,10013.30
20100216,10044.53,10062.27,10019.43,10034.25
20100217,10161.72,10306.83,10150.24,10306.83
20100218,10324.98,10340.38,10285.05,10335.69
20100219,10334.40,10354.42,10123.58,10123.58
20100222,10302.07,10449.75,10298.15,10400.47
20100223,10327.64,10375.55,10280.33,10352.10
20100224,10205.15,10243.20,10129.65,10198.83
20100225,10256.10,10267.43,10087.21,10101.96
20100226,10107.08,10171.22,10085.13,10126.03
20100301,10128.73,10215.15,10116.86,10172.06
20100302,10199.19,10238.96,10150.30,10221.84
20100303,10193.95,10274.09,10186.68,10253.14
20100304,10255.69,10263.48,10134.37,10145.72
20100305,10254.61,10376.41,10254.61,10368.96
20100308,10538.12,10586.97,10514.28,10585.92
20100309,10567.32,10593.27,10542.81,10567.65
20100310,10555.85,10588.69,10547.34,10563.92
20100311,10627.99,10664.95,10588.86,10664.95
20100312,10777.49,10777.49,10699.30,10751.26
20100315,10802.11,10808.84,10708.97,10751.98
20100316,10718.63,10776.52,10716.20,10721.71
20100317,10789.24,10864.30,10761.89,10846.98
20100318,10841.71,10845.73,10731.66,10744.03
20100319,10785.88,10826.76,10775.57,10824.72
20100323,10793.05,10817.78,10766.65,10774.15
20100324,10829.36,10880.62,10769.18,10815.03
20100325,10857.81,10872.45,10808.71,10828.85
20100326,10895.29,11001.59,10889.33,10996.37
20100329,10909.98,10990.75,10901.20,10986.47
20100330,11022.20,11108.82,11003.35,11097.14
20100331,11138.72,11147.62,11085.55,11089.94
20100401,11178.92,11272.73,11118.18,11244.40
20100402,11274.18,11313.98,11235.98,11286.09
20100405,11380.63,11408.17,11306.62,11339.30
20100406,11350.70,11358.45,11217.25,11282.32
20100407,11296.31,11350.57,11260.42,11292.83
20100408,11179.67,11232.36,11159.45,11168.20
20100409,11174.62,11204.87,11148.80,11204.34
20100412,11300.79,11351.55,11248.57,11251.90
20100413,11202.92,11212.65,11088.48,11161.23
20100414,11213.46,11270.20,11161.01,11204.90
20100415,11310.07,11316.66,11255.80,11273.79
20100416,11230.53,11230.53,11084.72,11102.18
20100419,10929.64,10953.90,10878.99,10908.77
20100420,10960.11,10999.57,10890.82,10900.68
20100421,11031.79,11093.30,11023.88,11090.05
20100422,10988.01,10989.62,10866.23,10949.09
20100423,10930.90,10967.12,10865.92,10914.46
20100426,11039.59,11165.79,11035.66,11165.79
20100427,11109.26,11213.45,11108.72,11212.66
20100428,11005.51,11008.88,10882.40,10924.79
20100430,11062.12,11092.52,11035.27,11057.40
20100506,10847.90,10847.90,10682.61,10695.69
20100507,10472.70,10472.77,10257.32,10364.59
20100510,10399.05,10540.52,10362.34,10530.70
20100511,10643.24,10643.28,10392.47,10411.10
20100512,10465.03,10501.72,10345.19,10394.03
20100513,10542.77,10638.23,10535.94,10620.55
20100514,10453.40,10551.69,10390.77,10462.51
20100517,10329.37,10331.87,10158.30,10235.76
20100518,10313.14,10336.53,10197.74,10242.64
20100519,10087.33,10186.84,10041.93,10186.84
20100520,10121.85,10161.70,9999.59,10030.31
20100521,9823.84,9829.36,9696.63,9784.54
20100524,9754.99,9793.46,9693.07,9758.40
20100525,9632.14,9642.60,9432.09,9459.89
20100526,9567.35,9622.40,9477.45,9522.66
20100527,9419.30,9642.16,9395.29,9639.72
20100528,9806.06,9824.85,9699.14,9762.98
20100531,9735.47,9831.73,9728.42,9768.70
20100601,9747.26,9747.26,9658.44,9711.83
20100602,9604.45,9763.41,9560.16,9603.24
20100603,9758.82,9920.18,9758.82,9914.19
20100604,9909.24,9962.42,9868.09,9901.19
20100607,9705.36,9714.42,9502.62,9520.80
20100608,9448.79,9587.65,9434.81,9537.94
20100609,9475.57,9487.91,9378.23,9439.13
20100610,9476.78,9544.04,9437.47,9542.65
20100611,9701.32,9764.73,9673.60,9705.25
20100614,9824.93,9882.05,9819.95,9879.85
20100615,9845.65,9911.73,9826.44,9887.89
20100616,10043.10,10109.86,10033.24,10067.15
20100617,10009.25,10053.45,9989.21,9999.40
20100618,10027.98,10029.11,9965.16,9995.02
20100621,10109.27,10251.90,10109.27,10238.01
20100622,10131.91,10183.89,10105.48,10112.89
20100623,9973.00,9975.01,9912.80,9923.70
20100624,9902.62,10009.37,9893.75,9928.34
20100625,9778.70,9794.98,9697.87,9737.48
20100628,9758.91,9762.23,9679.17,9693.94
20100629,9718.40,9760.02,9548.98,9570.67
20100630,9396.45,9420.14,9347.07,9382.64
20100701,9296.86,9297.45,9147.68,9191.60
20100702,9234.56,9259.14,9160.47,9203.71
20100705,9230.00,9282.90,9213.79,9266.78
20100706,9158.28,9351.11,9091.70,9338.04
20100707,9322.56,9329.64,9223.80,9279.65
20100708,9462.82,9545.99,9456.19,9535.74
20100709,9601.62,9610.59,9516.97,9585.32
20100712,9540.47,9632.89,9533.56,9548.11
20100713,9592.87,9629.98,9502.24,9537.23
20100714,9707.50,9807.36,9693.33,9795.24
20100715,9701.14,9726.94,9667.00,9685.53
20100716,9600.88,9636.84,9392.21,9408.36
20100720,9267.24,9378.91,9247.76,9300.46
20100721,9404.07,9404.07,9230.84,9278.83
20100722,9216.28,9254.19,9176.12,9220.88
20100723,9380.12,9474.11,9367.30,9430.96
20100726,9520.73,9561.82,9493.61,9503.66
20100727,9512.67,9541.59,9487.65,9496.85
20100728,9614.47,9760.31,9614.47,9753.27
20100729,9653.51,9732.76,9648.97,9696.02
20100730,9658.61,9658.61,9505.64,9537.30
20100802,9574.64,9676.41,9548.86,9570.31
20100803,9716.57,9750.88,9632.86,9694.01
20100804,9606.82,9613.13,9474.67,9489.34
20100805,9640.34,9688.87,9578.31,9653.92
20100806,9560.65,9658.04,9545.41,9642.12
20100809,9535.51,9572.83,9523.63,9572.49
20100810,9629.97,9667.04,9505.34,9551.05
20100811,9423.03,9445.04,9283.60,9292.85
20100812,9125.49,9212.59,9065.94,9212.59
20100813,9214.81,9278.46,9163.25,9253.46
20100816,9145.22,9210.97,9095.94,9196.67
20100817,9089.85,9188.48,9084.24,9161.68
20100818,9261.50,9280.59,9153.42,9240.54
20100819,9242.84,9362.68,9242.84,9362.68
20100820,9239.36,9287.50,9169.17,9179.38
20100823,9147.24,9171.42,9090.96,9116.69
20100824,9024.60,9069.22,8983.52,8995.14
20100825,8904.44,8949.41,8807.41,8845.39
20100826,8908.02,8910.62,8834.09,8906.48
20100827,8811.47,9021.75,8810.46,8991.06
20100830,9141.45,9280.70,9117.87,9149.26
20100831,8998.80,9008.36,8819.26,8824.06
20100901,8833.32,8932.15,8796.45,8927.02
20100902,9069.62,9083.37,8958.81,9062.84
20100903,9097.59,9141.09,9050.83,9114.13
20100906,9199.99,9303.00,9173.38,9301.32
20100907,9232.02,9311.02,9206.81,9226.00
20100908,9098.86,9105.89,8997.63,9024.60
20100909,9120.54,9136.26,9069.93,9098.39
20100910,9132.25,9291.50,9132.25,9239.17
20100913,9325.64,9390.90,9317.30,9321.82
20100914,9319.50,9330.05,9258.18,9299.31
20100915,9243.48,9578.53,9199.08,9516.56
20100916,9613.89,9620.90,9479.63,9509.50
20100917,9581.65,9643.28,9554.36,9626.09
20100921,9700.88,9704.25,9579.83,9602.11
20100922,9563.20,9625.41,9546.82,9566.32
20100924,9435.04,9601.77,9415.96,9471.67
20100927,9557.37,9613.47,9539.12,9603.14
20100928,9547.03,9553.91,9471.35,9495.76
20100929,9530.05,9600.93,9502.34,9559.38
20100930,9554.83,9566.84,9369.35,9369.35
20101001,9440.52,9470.36,9358.62,9404.23
20101004,9410.92,9508.36,9358.82,9381.06
20101005,9337.43,9538.35,9332.19,9518.76
20101006,9588.47,9693.74,9567.00,9691.43
20101007,9661.09,9716.92,9649.17,9684.81
20101008,9675.59,9675.59,9588.88,9588.88
20101012,9648.59,9650.20,9387.73,9388.64
20101013,9473.78,9510.19,9393.52,9403.51
20101014,9515.17,9614.44,9481.51,9583.51
20101015,9551.21,9553.57,9478.64,9500.25
20101018,9517.68,9564.85,9471.48,9498.49
20101019,9490.09,9575.14,9489.68,9539.45
20101020,9399.65,9402.05,9316.97,9381.60
20101021,9443.95,9479.25,9326.78,9376.48
20101022,9404.09,9457.62,9390.14,9426.71
20101025,9424.44,9460.70,9392.68,9401.16
20101026,9386.55,9455.04,9362.13,9377.38
20101027,9436.01,9453.79,9329.86,9387.03
20101028,9368.61,9413.68,9350.44,9366.03
20101029,9327.25,9337.92,9179.15,9202.45
20101101,9166.85,9258.32,9134.47,9154.72
20101102,9140.28,9172.03,9123.62,9159.98
20101104,9282.79,9377.76,9276.71,9358.78
20101105,9500.60,9680.68,9497.45,9625.99
20101108,9699.79,9737.01,9677.87,9732.92
20101109,9667.44,9726.60,9659.86,9694.49
20101110,9748.61,9842.90,9747.03,9830.52
20101111,9878.11,9885.37,9834.82,9861.46
20101112,9810.30,9851.42,9724.81,9724.81
20101115,9782.11,9830.59,9744.99,9827.51
20101116,9892.82,9908.30,9774.12,9797.10
20101117,9693.21,9817.37,9693.21,9811.66
20101118,9820.60,10013.63,9798.56,10013.63
20101119,10124.84,10130.23,10019.08,10022.39
20101122,10133.48,10157.97,10091.99,10115.19
20101124,9942.54,10064.31,9904.92,10030.11
20101125,10117.85,10123.27,10038.79,10079.76
20101126,10078.09,10134.64,10039.56,10039.56
20101129,10075.66,10149.94,10044.01,10125.99
20101130,10070.31,10101.42,9937.04,9937.04
20101201,9939.80,9988.05,9918.55,9988.05
20101202,10151.15,10187.59,10143.08,10168.52
20101203,10231.78,10254.00,10154.99,10178.32
20101206,10175.23,10179.82,10143.58,10167.23
20101207,10152.92,10167.10,10094.41,10141.10
20101208,10200.16,10258.90,10184.32,10232.33
20101209,10277.87,10298.25,10240.11,10285.88
20101210,10373.70,10373.70,10194.27,10211.95
20101213,10212.52,10293.89,10199.73,10293.89
20101214,10272.70,10319.24,10267.22,10316.77
20101215,10338.14,10340.69,10282.85,10309.78
20101216,10297.55,10347.39,10282.54,10311.29
20101217,10307.17,10327.42,10280.80,10303.83
20101220,10296.55,10301.15,10182.74,10216.41
20101221,10277.14,10372.51,10266.29,10370.53
20101222,10348.48,10394.22,10327.60,10346.48
20101224,10275.97,10290.89,10264.06,10279.19
20101227,10292.84,10376.91,10292.84,10355.99
20101228,10330.01,10340.84,10292.63,10292.63
20101229,10282.84,10344.54,10276.61,10344.54
20101230,10303.13,10315.47,10209.93,10228.92
20110104,10352.19,10409.17,10321.28,10398.10
20110105,10387.95,10413.45,10358.01,10380.77
20110106,10477.52,10530.11,10477.52,10529.76
20110107,10506.72,10550.71,10503.02,10541.04
20110111,10484.62,10538.39,10476.29,10510.68
20110112,10562.28,10576.51,10502.96,10512.80
20110113,10593.46,10620.57,10565.28,10589.76
20110114,10502.77,10579.97,10497.26,10499.04
20110117,10562.09,10562.39,10482.69,10502.86
20110118,10461.04,10548.21,10456.71,10518.98
20110119,10567.88,10580.68,10534.02,10557.10
20110120,10492.32,10505.63,10421.83,10437.31
20110121,10459.04,10461.07,10257.99,10274.52
20110124,10318.60,10347.94,10278.81,10345.11
20110125,10374.64,10480.24,10355.80,10464.42
20110126,10410.29,10440.35,10392.46,10401.90
20110127,10466.34,10496.40,10421.75,10478.66
20110128,10460.29,10480.08,10332.65,10360.34
20110131,10219.98,10265.96,10182.57,10237.92
20110201,10281.55,10299.38,10245.75,10274.50
20110202,10368.48,10479.75,10366.96,10457.36
20110203,10424.68,10450.46,10409.84,10431.36
20110204,10526.39,10580.36,10524.13,10543.52
20110207,10641.30,10644.21,10572.72,10592.04
20110208,10645.03,10648.80,10623.70,10635.98
20110209,10686.72,10701.92,10599.50,10617.83
20110210,10574.80,10631.94,10570.62,10605.65
20110214,10689.65,10725.54,10674.44,10725.54
20110215,10738.81,10760.99,10712.49,10746.67
20110216,10758.86,10842.31,10752.61,10808.29
20110217,10882.91,10891.60,10820.48,10836.64
20110218,10829.15,10862.43,10810.12,10842.80
20110221,10820.78,10859.39,10789.41,10857.53
20110222,10745.52,10761.22,10639.78,10664.70
20110223,10588.82,10666.72,10569.93,10579.10
20110224,10533.20,10542.70,10428.38,10452.71
20110225,10475.78,10532.21,10454.46,10526.76
20110228,10504.54,10628.76,10448.83,10624.09
20110301,10676.24,10754.03,10672.91,10754.03
20110302,10609.28,10629.50,10492.38,10492.38
20110303,10529.77,10593.34,10522.40,10586.02
20110304,10730.91,10768.43,10664.37,10693.66
20110307,10626.97,10626.97,10472.51,10505.02
20110308,10513.08,10565.10,10509.23,10525.19
20110309,10607.23,10662.07,10563.82,10589.50
20110310,10544.13,10549.17,10410.10,10434.38
20110311,10298.64,10378.55,10254.43,10254.43
20110314,10044.17,10049.92,9578.65,9620.49
20110315,9441.66,9441.66,8227.63,8605.15
20110316,8767.20,9168.51,8763.95,9093.72
20110317,8913.35,9093.61,8639.56,8962.67
20110318,9083.95,9275.60,9073.25,9206.75
20110322,9403.05,9625.03,9395.85,9608.32
20110323,9590.38,9592.40,9387.95,9449.47
20110324,9479.77,9509.85,9418.71,9435.01
20110325,9565.49,9569.71,9469.37,9536.13
20110328,9541.76,9541.76,9405.20,9478.53
20110329,9348.60,9502.23,9317.38,9459.08
20110330,9489.51,9708.79,9479.03,9708.79
20110331,9765.28,9765.81,9658.64,9755.10
20110401,9757.28,9822.06,9698.60,9708.39
20110404,9773.91,9808.60,9718.89,9718.89
20110405,9732.26,9732.26,9566.05,9615.55
20110406,9668.11,9671.46,9562.16,9584.37
20110407,9652.65,9687.18,9578.47,9590.93
20110408,9586.17,9804.28,9536.68,9768.08
20110411,9731.32,9775.60,9700.75,9719.70
20110412,9603.50,9603.64,9513.27,9555.26
20110413,9516.50,9655.83,9516.50,9641.18
20110414,9579.79,9676.97,9553.75,9653.92
20110415,9646.22,9651.96,9577.96,9591.52
20110418,9593.41,9608.92,9539.03,9556.65
20110419,9448.65,9478.87,9405.19,9441.03
20110420,9536.79,9631.00,9519.36,9606.82
20110421,9686.27,9725.12,9643.92,9685.77
20110422,9623.00,9732.63,9611.38,9682.21
20110425,9705.90,9748.40,9657.24,9671.96
20110426,9627.43,9627.43,9536.51,9558.69
20110427,9631.53,9728.03,9630.37,9691.84
20110428,9749.36,9849.74,9712.58,9849.74
20110502,9964.39,10017.47,9936.27,10004.20
20110506,9851.15,9876.10,9782.66,9859.20
20110509,9881.67,9897.88,9776.74,9794.38
20110510,9804.27,9853.13,9755.93,9818.76
20110511,9912.48,9929.04,9842.67,9864.26
20110512,9770.71,9836.71,9716.65,9716.65
20110513,9751.45,9751.45,9552.93,9648.77
20110516,9571.13,9598.33,9552.86,9558.30
20110517,9513.50,9593.13,9502.39,9567.02
20110518,9602.88,9693.60,9590.40,9662.08
20110519,9711.32,9731.12,9600.81,9620.82
20110520,9612.87,9670.92,9600.48,9607.08
20110523,9547.86,9547.86,9437.87,9460.63
20110524,9406.04,9490.35,9406.04,9477.17
20110525,9492.43,9503.77,9415.33,9422.88
20110526,9499.45,9567.46,9489.12,9562.05
20110527,9514.16,9588.70,9493.44,9521.94
20110530,9489.78,9540.02,9448.00,9504.97
20110531,9500.60,9697.35,9497.40,9693.73
20110601,9708.05,9720.73,9659.31,9719.61
20110602,9560.63,9575.01,9517.28,9555.04
20110603,9550.59,9603.03,9490.68,9492.21
20110606,9467.37,9490.55,9359.78,9380.35
20110607,9371.21,9454.66,9358.31,9442.95
20110608,9428.62,9458.43,9394.74,9449.46
20110609,9411.71,9472.41,9383.12,9467.15
20110610,9536.84,9613.75,9493.05,9514.44
20110613,9405.16,9466.51,9391.26,9448.21
20110614,9446.84,9565.65,9438.41,9547.79
20110615,9589.54,9599.90,9520.93,9574.32
20110616,9478.63,9497.59,9411.28,9411.28
20110617,9443.32,9447.44,9318.62,9351.40
20110620,9383.24,9421.38,9346.76,9354.32
20110621,9420.43,9459.66,9378.36,9459.66
20110622,9525.25,9658.62,9525.25,9629.43
20110623,9557.72,9652.41,9553.30,9596.74
20110624,9626.43,9695.09,9609.24,9678.71
20110627,9633.92,9638.49,9570.58,9578.31
20110628,9668.01,9703.41,9632.54,9648.98
20110629,9767.91,9797.26,9734.66,9797.26
20110630,9838.09,9849.69,9785.89,9816.09
20110701,9878.69,9900.57,9849.64,9868.07
20110704,9980.16,10005.75,9940.47,9965.09
20110705,9959.39,9995.17,9948.38,9972.46
20110706,9987.25,10082.48,9967.87,10082.48
20110707,10047.15,10102.19,10029.33,10071.14
20110708,10205.71,10207.91,10126.47,10137.73
20110711,10069.01,10109.30,10057.77,10069.53
20110712,9943.32,9971.14,9907.81,9925.92
20110713,9891.11,9979.67,9887.33,9963.14
20110714,9929.18,9998.49,9884.00,9936.12
20110715,9919.59,9985.32,9919.10,9974.47
20110719,9921.50,9945.72,9889.72,9889.72
20110720,10008.00,10042.75,9986.33,10005.90
20110721,10019.94,10026.18,9974.00,10010.39
20110722,10096.89,10149.18,10076.53,10132.11
20110725,10080.82,10091.02,10039.10,10050.01
20110726,10078.48,10130.25,10043.99,10097.72
20110727,10048.34,10053.50,10009.37,10047.19
20110728,9936.97,9945.98,9853.85,9901.35
20110729,9866.82,9914.22,9824.34,9833.03
20110801,9907.04,10040.13,9906.17,9965.01
20110802,9872.17,9873.46,9822.30,9844.59
20110803,9705.02,9705.02,9610.38,9637.14
20110804,9685.50,9768.40,9615.35,9659.18
20110805,9469.16,9469.16,9264.09,9299.88
20110808,9169.67,9215.09,9057.29,9097.56
20110809,8911.80,8949.97,8656.79,8944.48
20110810,9110.81,9144.33,9021.36,9038.74
20110811,8876.54,8983.33,8832.42,8981.94
20110812,9064.17,9070.27,8926.89,8963.72
20110815,9082.53,9117.11,9032.84,9086.41
20110816,9135.06,9150.31,9072.53,9107.43
20110817,9047.89,9081.80,9003.70,9057.26
20110818,9043.18,9043.18,8931.25,8943.76
20110819,8771.70,8796.42,8707.47,8719.24
20110822,8686.91,8756.10,8619.21,8628.13
20110823,8703.31,8747.41,8630.49,8733.01
20110824,8812.16,8825.27,8620.89,8639.61
20110825,8748.01,8849.94,8741.74,8772.36
20110826,8746.77,8805.10,8742.46,8797.78
20110829,8802.25,8926.27,8751.29,8851.35
20110830,8958.50,8992.86,8935.85,8953.90
20110831,8938.31,8967.80,8905.52,8955.20
20110901,9017.01,9098.15,8998.01,9060.80
20110902,8980.56,9014.27,8914.65,8950.74
20110905,8828.46,8842.56,8757.18,8784.46
20110906,8687.11,8709.92,8588.34,8590.57
20110907,8723.05,8773.26,8702.78,8763.41
20110908,8863.24,8876.49,8757.58,8793.12
20110909,8739.49,8803.75,8726.25,8737.66
20110912,8578.71,8584.05,8520.97,8535.67
20110913,8588.74,8635.88,8549.06,8616.55
20110914,8623.55,8671.24,8499.34,8518.57
20110915,8645.38,8695.95,8634.02,8668.86
20110916,8785.28,8864.16,8774.16,8864.16
20110920,8763.61,8771.72,8704.23,8721.24
20110921,8717.00,8771.62,8707.16,8741.16
20110922,8643.02,8643.02,8545.46,8560.26
20110926,8547.62,8556.66,8359.70,8374.13
20110927,8496.33,8609.95,8479.05,8609.95
20110928,8607.92,8665.54,8595.85,8615.65
20110929,8527.64,8706.14,8501.42,8701.23
20110930,8713.91,8756.00,8653.62,8700.29
20111003,8567.98,8577.52,8455.67,8545.48
20111004,8426.39,8470.76,8359.24,8456.12
20111005,8491.43,8501.03,8343.01,8382.98
20111006,8463.83,8545.79,8463.83,8522.02
20111007,8593.22,8663.57,8589.36,8605.62
20111011,8733.54,8806.44,8725.62,8773.68
20111012,8719.67,8763.02,8689.38,8738.90
20111013,8832.81,8854.16,8808.73,8823.25
20111014,8782.91,8787.89,8733.71,8747.96
20111017,8881.44,8911.70,8856.58,8879.60
20111018,8758.74,8773.99,8727.39,8741.91
20111019,8808.25,8831.55,8745.36,8772.54
20111020,8733.60,8733.60,8672.21,8682.15
20111021,8679.04,8700.49,8652.26,8678.89
20111024,8764.92,8844.28,8762.02,8843.98
20111025,8866.43,8870.37,8755.38,8762.31
20111026,8673.85,8798.80,8642.56,8748.47
20111027,8779.40,8926.54,8731.77,8926.54
20111028,9059.04,9086.43,9003.09,9050.47
20111031,9011.18,9152.39,8988.39,8988.39
20111101,8880.75,8946.00,8831.69,8835.52
20111102,8719.92,8719.92,8640.42,8640.42
20111104,8761.27,8814.71,8729.08,8801.40
20111107,8771.82,8779.55,8741.25,8767.09
20111108,8744.36,8772.04,8644.00,8655.51
20111109,8724.60,8762.98,8678.78,8755.44
20111110,8597.28,8600.21,8500.67,8500.80
20111111,8545.92,8566.49,8485.77,8514.47
20111114,8631.28,8655.31,8595.43,8603.70
20111115,8546.99,8584.30,8527.63,8541.93
20111116,8546.75,8567.64,8459.30,8463.16
20111117,8421.88,8491.82,8400.22,8479.63
20111118,8374.16,8398.80,8359.60,8374.91
20111121,8349.05,8375.60,8343.93,8348.27
20111122,8263.86,8350.35,8261.01,8314.74
20111124,8189.42,8212.95,8157.39,8165.18
20111125,8138.19,8199.67,8135.79,8160.01
20111128,8269.91,8322.01,8259.71,8287.49
20111129,8371.01,8477.82,8351.38,8477.82
20111130,8407.63,8435.34,8361.69,8434.61
20111201,8581.20,8653.88,8577.09,8597.38
20111202,8603.23,8643.75,8591.93,8643.75
20111205,8697.78,8704.48,8668.04,8695.98
20111206,8644.97,8671.54,8571.09,8575.16
20111207,8629.19,8729.81,8614.21,8722.17
20111208,8664.35,8688.81,8625.19,8664.58
20111209,8521.33,8576.68,8503.03,8536.46
20111212,8652.98,8682.47,8633.35,8653.82
20111213,8535.52,8594.32,8518.80,8552.81
20111214,8513.77,8540.57,8486.37,8519.13
20111215,8449.05,8455.32,8374.25,8377.37
20111216,8416.21,8433.18,8390.98,8401.72
20111219,8363.39,8364.93,8272.26,8296.12
20111220,8318.03,8354.90,8317.73,8336.48
20111221,8442.74,8471.11,8440.89,8459.98
20111222,8429.54,8436.59,8383.96,8395.16
20111226,8504.46,8516.53,8477.37,8479.34
20111227,8443.00,8458.26,8428.53,8440.56
20111228,8426.09,8456.66,8414.90,8423.62
20111229,8367.71,8404.89,8330.87,8398.89
20111230,8434.90,8455.35,8415.56,8455.35
20120104,8549.54,8581.45,8547.70,8560.11
20120105,8515.66,8519.16,8481.83,8488.71
20120106,8488.98,8488.98,8349.33,8390.35
20120110,8422.99,8450.59,8405.18,8422.26
20120111,8440.96,8463.72,8426.03,8447.88
20120112,8423.10,8426.83,8360.33,8385.59
20120113,8471.10,8509.76,8458.68,8500.02
20120116,8409.79,8409.79,8352.23,8378.36
20120117,8420.12,8475.66,8413.22,8466.40
20120118,8458.29,8595.78,8446.09,8550.58
20120119,8596.68,8668.94,8596.68,8639.68
20120120,8751.18,8791.39,8725.32,8766.36
20120123,8753.91,8795.27,8744.54,8765.90
20120124,8815.36,8825.09,8768.51,8785.33
20120125,8842.01,8911.62,8816.09,8883.69
20120126,8890.49,8894.60,8834.93,8849.47
20120127,8851.02,8886.02,8810.89,8841.22
20120130,8803.79,8832.48,8774.23,8793.05
20120131,8781.44,8836.68,8776.65,8802.51
20120201,8789.06,8830.28,8780.10,8809.79
20120202,8865.28,8893.22,8849.25,8876.82
20120203,8849.17,8877.57,8825.98,8831.93
20120206,8939.99,8949.32,8916.94,8929.20
20120207,8904.16,8928.44,8887.19,8917.52
20120208,8971.88,9015.59,8956.78,9015.59
20120209,8996.13,9018.49,8942.87,9002.24
20120210,9010.53,9016.97,8947.17,8947.17
20120213,8954.03,9023.50,8948.54,8999.18
20120214,8978.72,9072.08,8972.74,9052.07
20120215,9108.84,9314.37,9107.68,9260.34
20120216,9232.38,9308.93,9214.23,9238.10
20120217,9371.12,9435.03,9369.25,9384.17
20120220,9534.03,9549.31,9462.67,9485.09
20120221,9458.68,9517.04,9440.41,9463.02
20120222,9459.74,9564.05,9442.58,9554.00
20120223,9549.77,9609.84,9513.65,9595.57
20120224,9594.85,9647.38,9576.21,9647.38
20120227,9726.20,9736.11,9628.25,9633.93
20120228,9567.12,9722.52,9528.77,9722.52
20120229,9771.62,9866.41,9706.22,9723.24
20120301,9771.34,9865.75,9666.02,9707.37
20120302,9797.05,9803.75,9729.24,9777.03
20120305,9756.98,9792.14,9673.75,9698.59
20120306,9704.61,9732.89,9602.84,9637.63
20120307,9509.10,9603.19,9509.10,9576.06
20120308,9674.94,9768.96,9659.15,9768.96
20120309,9911.07,10007.62,9853.18,9929.74
20120312,10015.92,10021.51,9889.86,9889.86
20120313,9921.25,10011.88,9888.30,9899.08
20120314,10064.12,10115.79,10050.52,10050.52
20120315,10115.40,10158.74,10077.55,10123.28
20120316,10110.57,10148.47,10090.09,10129.83
20120319,10150.85,10172.64,10134.48,10141.99
20120321,10100.87,10132.02,10073.90,10086.49
20120322,10055.16,10136.85,10052.50,10127.08
20120323,10014.87,10031.96,9999.37,10011.47
20120326,10040.10,10056.20,10016.05,10018.24
20120327,10152.90,10255.15,10152.25,10255.15
20120328,10153.51,10197.80,10124.28,10182.57
20120329,10134.78,10147.04,10084.77,10114.79
20120330,10089.10,10111.09,10033.19,10083.56
20120402,10161.72,10190.35,10109.87,10109.87
20120403,10082.21,10084.07,10040.99,10050.39
20120404,10045.88,10059.19,9819.99,9819.99
20120405,9737.50,9806.40,9692.70,9767.61
20120406,9710.25,9739.59,9659.16,9688.45
20120409,9565.31,9618.10,9535.33,9546.26
20120410,9583.36,9648.12,9509.72,9538.02
20120411,9398.60,9487.84,9388.14,9458.74
20120412,9486.19,9541.04,9449.49,9524.79
20120413,9613.19,9690.29,9603.97,9637.99
20120416,9522.70,9532.91,9464.49,9470.64
20120417,9476.15,9519.80,9455.32,9464.71
20120418,9594.30,9682.88,9594.30,9667.26
20120419,9578.68,9617.93,9565.83,9588.38
20120420,9574.99,9580.87,9532.68,9561.36
20120423,9599.20,9643.27,9520.98,9542.17
20120424,9466.08,9510.70,9423.30,9468.04
20120425,9578.42,9582.73,9530.02,9561.01
20120426,9613.16,9630.97,9531.03,9561.83
20120427,9564.40,9691.70,9463.60,9520.89
20120501,9471.66,9472.25,9332.79,9350.95
20120502,9397.87,9417.96,9344.53,9380.25
20120507,9198.17,9206.45,9109.01,9119.14
20120508,9190.50,9207.56,9159.47,9181.65
20120509,9112.72,9115.94,9021.20,9045.06
20120510,9013.26,9075.63,8985.90,9009.65
20120511,9019.40,9050.61,8944.63,8953.31
20120514,8986.22,9031.09,8947.82,8973.84
20120515,8910.85,8930.78,8838.78,8900.74
20120516,8865.78,8883.73,8756.07,8801.17
20120517,8789.47,8885.08,8765.71,8876.59
20120518,8727.58,8735.54,8588.16,8611.31
20120521,8617.92,8676.20,8608.62,8633.89
20120522,8721.59,8740.48,8690.47,8729.29
20120523,8715.14,8715.14,8538.69,8556.60
20120524,8537.99,8597.85,8496.61,8563.38
20120525,8616.85,8616.85,8550.93,8580.39
20120528,8604.99,8624.51,8568.87,8593.15
20120529,8565.56,8657.08,8517.18,8657.08
20120530,8637.95,8656.71,8568.97,8633.19
20120531,8499.68,8542.73,8455.13,8542.73
20120601,8465.47,8487.44,8422.50,8440.25
20120604,8278.65,8303.35,8238.96,8295.63
20120605,8331.02,8388.14,8306.93,8382.00
20120606,8428.36,8549.00,8412.55,8533.53
20120607,8639.25,8647.79,8599.64,8639.72
20120608,8609.78,8611.93,8427.20,8459.26
20120611,8612.14,8665.80,8594.58,8624.90
20120612,8478.78,8575.87,8452.50,8536.72
20120613,8557.57,8615.89,8554.14,8587.84
20120614,8531.40,8592.17,8520.99,8568.89
20120615,8608.43,8625.19,8552.75,8569.32
20120618,8723.55,8766.56,8711.49,8721.02
20120619,8692.82,8712.86,8630.66,8655.87
20120620,8739.10,8770.41,8711.22,8752.31
20120621,8794.03,8859.04,8790.86,8824.07
20120622,8733.50,8830.34,8731.79,8798.35
20120625,8837.83,8837.83,8726.40,8734.62
20120626,8671.61,8712.68,8619.36,8663.99
20120627,8677.76,8730.49,8641.52,8730.49
20120628,8816.07,8881.44,8805.65,8874.11
20120629,8811.46,9044.04,8803.33,9006.78
20120702,9103.79,9103.79,9003.48,9003.48
20120703,9013.65,9082.39,9012.86,9066.59
20120704,9119.69,9136.02,9095.31,9104.17
20120705,9078.46,9130.54,9069.01,9079.80
20120706,9052.70,9082.04,8977.35,9020.75
20120709,8922.99,8954.44,8892.17,8896.88
20120710,8922.03,8966.99,8855.93,8857.73
20120711,8819.04,8851.00,8797.73,8851.00
20120712,8859.39,8862.80,8709.75,8720.01
20120713,8701.35,8759.06,8695.44,8724.12
20120717,8740.98,8808.87,8711.73,8755.00
20120718,8796.15,8802.09,8715.14,8726.74
20120719,8795.00,8835.80,8771.19,8795.55
20120720,8785.87,8792.19,8662.72,8669.87
20120723,8582.28,8606.23,8500.27,8508.32
20120724,8497.99,8517.52,8446.18,8488.09
20120725,8410.98,8433.58,8328.02,8365.90
20120726,8408.22,8448.55,8358.51,8443.10
20120727,8547.34,8569.09,8522.74,8566.64
20120730,8658.83,8663.30,8589.19,8635.44
20120731,8600.92,8732.84,8585.26,8695.06
20120801,8622.04,8654.61,8578.16,8641.85
20120802,8642.89,8705.91,8635.51,8653.18
20120803,8539.71,8565.06,8513.20,8555.11
20120806,8683.20,8751.80,8676.25,8726.29
20120807,8714.12,8812.42,8711.90,8803.31
20120808,8889.38,8962.95,8851.59,8881.16
20120809,8870.81,9004.81,8862.17,8978.60
20120810,8931.92,8954.85,8857.23,8891.44
20120813,8871.68,8906.21,8867.63,8885.15
20120814,8913.70,8970.99,8897.87,8929.88
20120815,8960.28,8960.28,8866.06,8925.04
20120816,8967.11,9094.09,8962.97,9092.76
20120817,9120.22,9181.57,9097.00,9162.50
20120820,9202.36,9222.87,9150.79,9171.16
20120821,9165.15,9196.67,9146.07,9156.92
20120822,9150.69,9162.97,9075.08,9131.74
20120823,9080.67,9194.47,9062.54,9178.12
20120824,9069.95,9090.67,9045.79,9070.76
20120827,9140.41,9150.48,9084.87,9085.39
20120828,9138.51,9140.62,8988.99,9033.29
20120829,9045.73,9073.99,9033.83,9069.81
20120830,9062.07,9062.07,8960.24,8983.78
20120831,8891.75,8933.99,8839.91,8839.91
20120903,8836.61,8893.39,8773.40,8783.89
20120904,8787.97,8804.44,8729.22,8775.51
20120905,8756.59,8759.26,8679.82,8679.82
20120906,8690.34,8697.00,8646.03,8680.57
20120907,8821.37,8871.65,8804.27,8871.65
20120910,8853.19,8874.54,8838.18,8869.37
20120911,8811.33,8814.03,8769.47,8807.38
20120912,8827.21,8959.96,8821.80,8959.96
20120913,8950.01,9022.20,8932.10,8995.15
20120914,9097.92,9193.27,9081.80,9159.39
20120918,9155.49,9180.44,9120.61,9123.77
20120919,9166.52,9288.53,9140.75,9232.21
20120920,9174.19,9215.57,9079.19,9086.98
20120921,9113.30,9159.33,9103.95,9110.00
20120924,9071.32,9091.97,9031.13,9069.29
20120925,9031.37,9112.54,9023.63,9091.54
20120926,8941.75,8971.75,8894.02,8906.70
20120927,8856.31,8959.25,8844.06,8949.87
20120928,8986.63,8989.08,8838.85,8870.16
20121001,8815.07,8829.35,8759.07,8796.51
20121002,8826.36,8843.33,8774.75,8786.05
20121003,8778.26,8806.75,8729.56,8746.87
20121004,8783.13,8865.92,8738.31,8824.59
20121005,8850.29,8880.23,8805.79,8863.30
20121009,8822.39,8840.69,8765.55,8769.59
20121010,8650.55,8660.68,8578.25,8596.23
20121011,8514.63,8607.42,8514.63,8546.78
20121012,8607.70,8620.18,8516.11,8534.12
20121015,8517.77,8595.11,8488.14,8577.93
20121016,8638.68,8707.95,8633.68,8701.31
20121017,8777.39,8837.19,8758.70,8806.55
20121018,8886.56,8992.36,8877.17,8982.86
20121019,8944.03,9016.90,8940.38,9002.68
20121022,8874.52,9031.55,8867.79,9010.71
20121023,9066.03,9075.58,8970.50,9014.25
20121024,8896.41,9043.80,8896.41,8954.30
20121025,8952.13,9057.31,8941.85,9055.20
20121026,9058.93,9075.59,8933.06,8933.06
20121029,8958.79,8986.05,8909.37,8929.34
20121030,8941.82,8995.81,8841.98,8841.98
20121031,8911.08,8985.58,8905.44,8928.29
20121101,8931.71,8976.08,8871.48,8946.87
20121102,9049.22,9072.39,9031.43,9051.22
20121105,9000.81,9040.18,8984.69,9007.44
20121106,8989.58,8990.35,8957.49,8975.15
20121107,9030.56,9032.32,8924.41,8972.89
20121108,8868.42,8891.08,8811.41,8837.15
20121109,8742.68,8779.24,8729.45,8757.60
20121112,8701.28,8728.85,8676.44,8676.44
20121113,8710.52,8723.46,8619.45,8661.05
20121114,8660.27,8680.40,8653.49,8664.73
20121115,8703.82,8829.72,8684.23,8829.72
20121116,8898.33,9032.35,8898.33,9024.16
20121119,9141.27,9183.46,9135.29,9153.20
20121120,9198.42,9200.85,9129.43,9142.64
20121121,9213.73,9248.98,9161.21,9222.52
20121122,9336.32,9366.80,9304.72,9366.80
20121126,9466.06,9487.94,9388.94,9388.94
20121127,9371.13,9449.72,9370.59,9423.30
20121128,9375.48,9407.62,9308.35,9308.35
20121129,9370.29,9412.08,9350.40,9400.88
20121130,9446.77,9492.91,9380.25,9446.01
20121203,9484.20,9525.82,9453.48,9458.18
20121204,9419.15,9457.19,9406.03,9432.46
20121205,9380.37,9515.86,9376.97,9468.84
20121206,9535.69,9565.43,9503.31,9545.16
20121207,9547.14,9572.75,9522.13,9527.39
20121210,9584.46,9584.46,9517.40,9533.75
20121211,9510.60,9534.18,9487.95,9525.32
20121212,9606.25,9606.25,9565.95,9581.46
20121213,9681.20,9767.05,9672.47,9742.73
20121214,9703.56,9775.75,9687.70,9737.56
20121217,9895.68,9903.35,9826.30,9828.88
20121218,9848.87,9967.24,9848.87,9923.01
20121219,10025.40,10160.40,10016.98,10160.40
20121220,10093.11,10147.68,10028.65,10039.33
20121221,10145.58,10175.06,9924.42,9940.06
20121225,10092.35,10119.35,10030.44,10080.12
20121226,10131.22,10230.36,10107.34,10230.36
20121227,10295.26,10376.39,10288.85,10322.98
20121228,10406.36,10433.63,10374.85,10395.18
20130104,10604.50,10734.23,10602.24,10688.11
20130107,10743.69,10743.69,10589.70,10599.01
20130108,10544.21,10602.12,10463.43,10508.06
20130109,10405.67,10620.70,10398.61,10578.57
20130110,10635.11,10686.12,10619.65,10652.64
20130111,10786.14,10830.43,10748.06,10801.57
20130115,10914.65,10952.31,10851.66,10879.08
20130116,10806.41,10806.41,10591.30,10600.44
20130117,10660.94,10694.85,10432.97,10609.64
20130118,10791.97,10913.30,10787.12,10913.30
20130121,10941.45,10941.45,10747.74,10747.74
20130122,10765.10,10859.42,10615.20,10709.93
20130123,10575.60,10663.09,10486.99,10486.99
20130124,10441.11,10634.74,10441.11,10620.87
20130125,10797.30,10926.65,10790.95,10926.65
20130128,11002.86,11002.86,10824.31,10824.31
20130129,10751.01,10937.63,10751.01,10866.72
20130130,10913.97,11113.95,10905.64,11113.95
20130131,11057.50,11145.38,11007.77,11138.66
20130201,11193.72,11237.84,11142.26,11191.34
20130204,11254.16,11285.49,11194.74,11260.35
20130205,11105.24,11170.85,11046.92,11046.92
20130206,11236.70,11498.42,11232.05,11463.75
20130207,11406.32,11446.81,11295.62,11357.07
20130208,11179.97,11299.71,11135.89,11153.16
20130212,11346.72,11460.64,11343.44,11369.12
20130213,11333.72,11365.27,11196.66,11251.41
20130214,11273.40,11356.54,11243.49,11307.28
20130215,11239.21,11261.58,11065.06,11173.83
20130218,11318.22,11445.46,11308.83,11407.87
20130219,11336.45,11412.86,11336.45,11372.34
20130220,11485.65,11510.52,11440.10,11468.28
20130221,11404.73,11442.11,11301.77,11309.13
20130222,11238.75,11390.65,11175.67,11385.94
20130225,11564.55,11662.52,11562.10,11662.52
20130226,11449.66,11520.24,11374.83,11398.81
20130227,11418.56,11419.62,11253.97,11253.97
20130228,11396.73,11563.75,11392.56,11559.36
20130301,11464.71,11648.63,11464.71,11606.38
20130304,11695.45,11767.68,11613.59,11652.29
20130305,11732.57,11779.42,11666.38,11683.45
20130306,11811.06,11933.82,11803.09,11932.27
20130307,12037.25,12069.60,11946.01,11968.08
20130308,12066.50,12283.62,12065.09,12283.62
20130311,12363.09,12403.95,12300.83,12349.05
20130312,12433.60,12461.97,12314.81,12314.81
20130313,12252.29,12339.45,12234.48,12239.66
20130314,12332.16,12395.73,12248.65,12381.19
20130315,12437.68,12560.95,12434.47,12560.95
20130318,12365.44,12373.17,12220.63,12220.63
20130319,12405.61,12491.16,12401.12,12468.23
20130321,12592.00,12650.26,12586.06,12635.69
20130322,12498.51,12522.05,12338.53,12338.53
20130325,12507.61,12594.36,12480.42,12546.46
20130326,12461.79,12540.12,12456.04,12471.62
20130327,12476.58,12502.26,12442.39,12493.79
20130328,12457.13,12462.86,12286.37,12335.96
20130329,12405.53,12425.96,12319.75,12397.91
20130401,12371.34,12384.83,12133.00,12135.02
20130402,12051.57,12107.40,11805.78,12003.43
20130403,12112.09,12362.20,12102.05,12362.20
20130404,12188.22,12634.54,12075.97,12634.54
20130405,12880.82,13225.62,12831.10,12833.64
20130408,13082.61,13225.22,13080.29,13192.59
20130409,13309.13,13331.39,13151.73,13192.35
20130410,13177.31,13325.15,13177.31,13288.13
20130411,13444.95,13549.16,13384.11,13549.16
20130412,13568.25,13568.25,13402.86,13485.14
20130415,13345.86,13408.29,13257.86,13275.66
20130416,13023.91,13312.23,13004.46,13221.44
20130417,13330.50,13397.50,13318.69,13382.89
20130418,13272.22,13377.74,13200.85,13220.07
20130419,13268.43,13338.75,13186.89,13316.48
20130422,13537.17,13611.58,13529.44,13568.37
20130423,13545.60,13585.35,13505.53,13529.65
20130424,13687.28,13843.46,13686.78,13843.46
20130425,13887.53,13974.26,13827.96,13926.08
20130426,13978.98,13983.87,13852.20,13884.13
20130430,13854.82,13897.06,13778.75,13860.86
20130501,13837.72,13844.82,13782.00,13799.35
20130502,13727.25,13780.48,13637.96,13694.04
20130507,13960.04,14196.38,13951.81,14180.24
20130508,14196.20,14421.38,14186.83,14285.69
20130509,14366.95,14409.82,14191.48,14191.48
20130510,14449.24,14636.81,14426.74,14607.54
20130513,14759.50,14849.01,14727.70,14782.21
20130514,14822.56,14839.79,14755.08,14758.42
20130515,14962.34,15108.83,14956.38,15096.03
20130516,15146.05,15155.72,14879.51,15037.24
20130517,14926.42,15157.32,14902.30,15138.12
20130520,15260.61,15381.74,15245.80,15360.81
20130521,15264.79,15388.37,15264.42,15381.02
20130522,15440.69,15706.63,15432.64,15627.26
20130523,15739.98,15942.60,14483.98,14483.98
20130524,14731.75,15007.50,13981.52,14612.45
20130527,14373.82,14381.28,14027.42,14142.65
20130528,13943.62,14399.78,13943.62,14311.98
20130529,14492.55,14512.28,14243.49,14326.46
20130530,14072.90,14098.16,13555.66,13589.03
20130531,13804.23,13916.56,13681.39,13774.54
20130603,13551.36,13562.87,13261.82,13261.82
20130604,13186.60,13610.25,13060.94,13533.76
20130605,13566.75,13711.42,13011.16,13014.87
20130606,12925.29,13238.53,12862.02,12904.02
20130607,12706.41,13106.20,12548.20,12877.53
20130610,13141.85,13514.20,13141.37,13514.20
20130611,13504.77,13584.31,13296.31,13317.62
20130612,13087.66,13332.72,12994.08,13289.32
20130613,13038.02,13050.11,12415.85,12445.38
20130614,12668.90,12900.65,12629.31,12686.52
20130617,12584.37,13033.12,12549.82,13033.12
20130618,13015.15,13139.48,12919.03,13007.28
20130619,13233.08,13296.62,13107.65,13245.22
20130620,13101.85,13190.82,12966.41,13014.58
20130621,12787.87,13330.35,12702.67,13230.13
20130624,13417.54,13426.13,13026.23,13062.78
20130625,13081.62,13234.89,12758.22,12969.34
20130626,13152.75,13189.84,12826.51,12834.01
20130627,12968.72,13213.55,12873.50,13213.55
20130628,13383.92,13724.44,13354.70,13677.32
20130701,13746.72,13862.71,13562.70,13852.50
20130702,13969.15,14098.74,13898.54,14098.74
20130703,14149.99,14164.77,13984.08,14055.56
20130704,13970.27,14093.02,13962.30,14018.93
20130705,14150.85,14309.97,14149.50,14309.97
20130708,14491.07,14497.65,14109.34,14109.34
20130709,14295.44,14472.90,14186.03,14472.90
20130710,14464.82,14555.33,14287.69,14416.60
20130711,14275.26,14496.67,14275.26,14472.58
20130712,14475.17,14574.17,14417.30,14506.25
20130716,14594.88,14638.80,14550.89,14599.12
20130717,14491.80,14615.04,14460.56,14615.04
20130718,14645.25,14827.73,14645.25,14808.50
20130719,14909.76,14953.29,14413.28,14589.91
20130722,14770.02,14770.02,14514.29,14658.04
20130723,14555.36,14820.18,14549.06,14778.51
20130724,14719.64,14751.87,14630.68,14731.28
20130725,14747.21,14748.77,14533.21,14562.93
20130726,14339.39,14376.01,14114.52,14129.98
20130729,13899.27,13953.85,13661.13,13661.13
20130730,13634.20,13909.45,13613.78,13869.82
20130731,13733.55,13836.03,13644.21,13668.32
20130801,13674.50,14005.77,13645.61,14005.77
20130802,14178.66,14466.16,14146.92,14466.16
20130805,14318.21,14370.98,14225.50,14258.04
20130806,14237.10,14401.06,14031.61,14401.06
20130807,14155.95,14164.70,13824.94,13824.94
20130808,13779.47,14031.14,13556.65,13605.56
20130809,13673.49,13754.96,13527.81,13615.19
20130812,13469.70,13658.86,13430.64,13519.43
20130813,13696.36,13867.00,13689.49,13867.00
20130814,13936.74,14050.16,13747.18,14050.16
20130815,13845.64,13981.16,13711.12,13752.94
20130816,13532.61,13739.52,13532.61,13650.11
20130819,13669.74,13758.13,13589.78,13758.13
20130820,13632.96,13730.09,13383.18,13396.38
20130821,13431.28,13499.99,13250.36,13424.33
20130822,13314.05,13447.33,13238.73,13365.17
20130823,13583.76,13774.66,13575.40,13660.55
20130826,13719.56,13741.49,13586.84,13636.28
20130827,13551.75,13678.79,13517.10,13542.37
20130828,13285.03,13392.57,13188.14,13338.46
20130829,13382.95,13463.14,13364.82,13459.71
20130830,13573.24,13615.98,13335.91,13388.86
20130902,13438.07,13613.48,13407.53,13572.92
20130903,13748.68,13978.44,13748.68,13978.44
20130904,13875.17,14056.88,13843.61,14053.87
20130905,14140.20,14156.50,13981.52,14064.82
20130906,14088.41,14099.13,13834.52,13860.81
20130909,14141.67,14251.46,14117.68,14205.23
20130910,14318.72,14441.81,14296.78,14423.36
20130911,14511.74,14561.46,14422.72,14425.07
20130912,14397.90,14455.37,14321.57,14387.27
20130913,14316.70,14439.93,14233.12,14404.67
20130917,14456.99,14474.53,14311.67,14311.67
20130918,14411.55,14625.97,14396.41,14505.36
20130919,14680.40,14766.18,14581.79,14766.18
20130920,14801.64,14816.65,14702.25,14742.42
20130924,14626.04,14767.72,14607.27,14732.61
20130925,14713.03,14737.98,14620.53,14620.53
20130926,14553.06,14799.12,14410.52,14799.12
20130927,14803.99,14817.50,14699.21,14760.07
20130930,14530.62,14619.24,14425.82,14455.80
20131001,14517.98,14642.97,14471.70,14484.72
20131002,14492.47,14569.20,14114.54,14170.49
20131003,14140.11,14219.89,14082.31,14157.25
20131004,14029.73,14149.77,13944.27,14024.31
20131007,14057.79,14073.23,13841.93,13853.32
20131008,13794.74,13929.64,13748.94,13894.61
20131009,13789.89,14037.84,13751.85,14037.84
20131010,14097.62,14200.31,14077.03,14194.71
20131011,14376.89,14447.87,14320.30,14404.74
20131015,14510.27,14510.37,14415.76,14441.54
20131016,14433.64,14493.67,14417.61,14467.14
20131017,14640.08,14664.22,14492.67,14586.51
20131018,14589.60,14610.09,14503.09,14561.54
20131021,14624.03,14727.85,14624.03,14693.57
20131022,14677.08,14747.77,14641.78,14713.25
20131023,14784.41,14799.28,14426.05,14426.05
20131024,14344.74,14499.52,14273.71,14486.41
20131025,14439.14,14442.12,14088.19,14088.19
20131028,14261.65,14400.32,14194.42,14396.04
20131029,14288.72,14395.96,14224.59,14325.98
20131030,14464.67,14526.88,14425.58,14502.35
20131031,14474.01,14516.08,14324.17,14327.94
20131101,14403.07,14411.05,14126.41,14201.57
20131105,14319.75,14323.24,14141.82,14225.37
20131106,14155.34,14407.69,14130.86,14337.31
20131107,14355.56,14371.56,14222.03,14228.44
20131108,14026.17,14122.28,14026.17,14086.80
20131111,14271.48,14304.29,14208.13,14269.84
20131112,14289.87,14588.68,14278.21,14588.68
20131113,14527.97,14599.53,14490.92,14567.16
20131114,14665.75,14966.43,14665.75,14876.41
20131115,15034.33,15203.11,14994.70,15165.92
20131118,15253.24,15273.61,15106.82,15164.30
20131119,15096.63,15163.06,15020.33,15126.56
20131120,15176.35,15209.67,15069.98,15076.08
20131121,15176.65,15377.00,15168.47,15365.60
20131122,15513.45,15579.39,15307.44,15381.72
20131125,15504.78,15619.13,15469.87,15619.13
20131126,15501.95,15577.97,15460.97,15515.24
20131127,15414.52,15512.76,15414.52,15449.63
20131128,15622.19,15729.09,15605.73,15727.12
20131129,15661.43,15727.96,15507.17,15661.87
20131202,15659.74,15703.02,15579.54,15655.07
20131203,15747.54,15794.15,15661.90,15749.66
20131204,15520.20,15579.36,15326.06,15407.94
20131205,15354.53,15430.20,15139.12,15177.49
20131206,15112.54,15327.37,15112.54,15299.86
20131209,15556.60,15650.21,15547.29,15650.21
20131210,15633.97,15633.97,15562.06,15611.31
20131211,15509.93,15562.30,15386.11,15515.06
20131212,15377.32,15392.66,15255.36,15341.82
20131213,15316.89,15532.94,15251.45,15403.11
20131216,15408.35,15408.35,15146.13,15152.91
20131217,15290.22,15322.13,15248.42,15278.63
20131218,15273.24,15588.42,15268.18,15587.80
20131219,15809.43,15891.82,15798.85,15859.22
20131220,15790.69,15870.42,15755.36,15870.42
20131224,15955.90,16029.65,15849.00,15889.33
20131225,15861.13,16010.54,15853.51,16009.99
20131226,16087.07,16186.04,16082.28,16174.44
20131227,16229.43,16232.69,16056.73,16178.94
20131230,16269.22,16320.22,16182.71,16291.31
20140106,16147.54,16164.01,15864.44,15908.88
20140107,15835.41,15935.37,15784.25,15814.37
20140108,15943.68,16121.45,15906.57,16121.45
20140109,16002.88,16004.56,15838.44,15880.33
20140110,15785.15,15922.14,15754.70,15912.06
20140114,15657.20,15661.71,15383.69,15422.40
20140115,15649.07,15808.73,15636.57,15808.73
20140116,15845.15,15941.08,15710.14,15747.20
20140117,15695.46,15783.37,15621.80,15734.46
20140120,15724.14,15727.26,15574.23,15641.68
20140121,15710.89,15894.68,15705.84,15795.96
20140122,15749.01,15870.53,15631.41,15820.96
20140123,15900.63,15958.58,15690.45,15695.89
20140124,15473.57,15485.02,15288.32,15391.56
20140127,15091.45,15109.68,14933.55,15005.73
20140128,15038.64,15088.12,14952.83,14980.16
20140129,15164.34,15383.91,15159.92,15383.91
20140130,15112.70,15112.70,14853.83,15007.06
20140131,15132.23,15143.88,14764.57,14914.53
20140203,14788.56,14846.93,14615.05,14619.13
20140204,14353.33,14355.92,14008.47,14008.47
20140205,14213.10,14245.06,13995.86,14180.38
20140206,14233.42,14308.07,14155.12,14155.12
20140207,14387.11,14471.95,14356.59,14462.41
20140210,14647.83,14725.92,14568.30,14718.34
20140212,14821.73,14874.79,14769.04,14800.06
20140213,14785.84,14787.62,14488.32,14534.74
20140214,14538.20,14678.71,14243.17,14313.03
20140217,14343.73,14427.95,14214.60,14393.11
20140218,14514.47,14900.24,14469.49,14843.24
20140219,14729.48,14805.66,14679.19,14766.53
20140220,14701.14,14731.48,14428.73,14449.18
20140221,14618.61,14888.81,14618.61,14865.67
20140224,14803.64,14982.53,14658.14,14837.68
20140225,15002.51,15094.54,14957.49,15051.60
20140226,14896.49,15084.53,14896.49,14970.97
20140227,14939.87,15015.01,14844.37,14923.11
20140228,14929.55,14943.65,14735.52,14841.07
20140303,14666.93,14684.70,14443.10,14652.23
20140304,14553.95,14750.09,14546.34,14721.48
20140305,14905.95,14992.19,14897.63,14897.63
20140306,14933.76,15203.12,14871.56,15134.75
20140307,15280.76,15312.60,15145.59,15274.07
20140310,15197.53,15266.12,15088.11,15120.14
20140311,15179.47,15256.03,15124.36,15224.11
20140312,15003.80,15020.14,14828.18,14830.39
20140313,14847.72,14919.84,14790.48,14815.98
20140314,14526.28,14539.60,14280.75,14327.66
20140317,14254.32,14359.16,14203.21,14277.67
20140318,14491.41,14533.25,14399.72,14411.27
20140319,14495.73,14663.54,14302.37,14462.52
20140320,14548.76,14548.76,14207.83,14224.23
20140324,14297.58,14514.28,14287.28,14475.30
20140325,14401.69,14531.79,14312.08,14423.19
20140326,14521.00,14569.90,14401.42,14477.16
20140327,14305.67,14659.85,14227.81,14622.89
20140328,14576.25,14713.45,14520.57,14696.03
20140331,14839.54,14843.67,14718.01,14827.83
20140401,14870.51,14870.51,14751.29,14791.99
20140402,14897.88,15069.61,14893.17,14946.32
20140403,15009.18,15164.39,14976.36,15071.88
20140404,15005.54,15098.38,15000.69,15063.77
20140407,14880.82,14895.58,14764.37,14808.85
20140408,14715.80,14740.10,14605.31,14606.88
20140409,14436.05,14502.02,14279.34,14299.69
20140410,14484.54,14513.14,14234.45,14300.12
20140411,14027.80,14065.97,13885.11,13960.05
20140414,13887.23,14008.29,13885.22,13910.16
20140415,14068.75,14096.86,13969.17,13996.81
20140416,14126.87,14420.30,14125.59,14417.68
20140417,14395.95,14500.66,14351.85,14417.53
20140418,14489.37,14536.67,14442.74,14516.27
20140421,14549.45,14649.50,14503.17,14512.38
20140422,14586.29,14604.30,14388.77,14388.77
20140423,14480.41,14546.27,14459.29,14546.27
20140424,14563.25,14563.25,14367.13,14404.99
20140425,14369.72,14554.32,14327.60,14429.26
20140428,14289.82,14324.03,14224.47,14288.23
20140430,14393.51,14421.22,14275.69,14304.11
20140501,14341.09,14493.03,14341.09,14485.13
20140502,14454.44,14473.75,14405.77,14457.51
20140507,14296.25,14299.13,14033.45,14033.45
20140508,14136.41,14254.44,14108.16,14163.78
20140509,14101.98,14266.29,14091.20,14199.59
20140512,14173.49,14234.49,14130.30,14149.52
20140513,14367.94,14464.01,14359.74,14425.44
20140514,14385.60,14419.65,14349.87,14405.76
20140515,14280.51,14306.36,14190.27,14298.21
20140516,14087.76,14108.44,14016.49,14096.59
20140519,14130.09,14150.50,13991.80,14006.44
20140520,14088.45,14144.04,14038.06,14075.25
20140521,13969.71,14054.24,13964.43,14042.17
20140522,14188.28,14369.02,14147.55,14337.79
20140523,14411.10,14528.04,14404.80,14462.17
20140526,14592.60,14602.52,14531.32,14602.52
20140527,14589.79,14744.16,14588.68,14636.52
20140528,14646.93,14717.29,14608.54,14670.95
20140529,14585.64,14714.95,14574.02,14681.72
20140530,14707.66,14741.10,14591.62,14632.38
20140602,14777.51,14963.91,14777.51,14935.92
20140603,15089.04,15091.49,15026.01,15034.25
20140604,15067.41,15071.78,14985.21,15067.96
20140605,15112.59,15141.14,15016.81,15079.37
20140606,15138.75,15144.34,15042.59,15077.24
20140609,15204.31,15206.57,15116.03,15124.00
20140610,15130.74,15184.77,14966.80,14994.80
20140611,15000.13,15075.72,14998.63,15069.48
20140612,14942.15,14992.96,14862.08,14973.53
20140613,14830.99,15121.64,14830.99,15097.84
20140616,15049.61,15056.75,14867.15,14933.29
20140617,14962.99,15026.96,14948.54,14975.97
20140618,15009.89,15139.99,14995.45,15115.80
20140619,15140.35,15375.38,15138.28,15361.16
20140620,15359.60,15422.06,15305.43,15349.42
20140623,15419.47,15442.67,15335.88,15369.28
20140624,15300.50,15424.57,15252.27,15376.24
20140625,15297.24,15347.88,15265.71,15266.61
20140626,15320.13,15345.12,15278.22,15308.49
20140627,15290.75,15293.82,15027.31,15095.00
20140630,15159.45,15177.87,15052.34,15162.10
20140701,15179.64,15389.08,15145.87,15326.20
20140702,15406.23,15444.63,15354.91,15369.97
20140703,15435.34,15435.34,15324.32,15348.29
20140704,15490.37,15490.37,15420.07,15437.13
20140707,15433.49,15477.77,15379.44,15379.44
20140708,15304.27,15389.89,15225.11,15314.41
20140709,15194.32,15302.65,15185.32,15302.65
20140710,15318.30,15326.78,15215.43,15216.47
20140711,15102.59,15204.01,15101.49,15164.04
20140714,15199.18,15324.95,15179.49,15296.82
20140715,15354.43,15441.54,15346.09,15395.16
20140716,15369.66,15423.96,15355.00,15379.30
20140717,15422.87,15465.74,15347.85,15370.26
20140718,15174.08,15220.50,15110.45,15215.71
20140722,15296.42,15392.02,15287.93,15343.28
20140723,15367.16,15376.20,15317.37,15328.56
20140724,15350.28,15383.11,15232.14,15284.42
20140725,15342.46,15457.87,15341.69,15457.87
20140728,15426.98,15556.62,15426.98,15529.40
20140729,15564.79,15632.70,15556.02,15618.07
20140730,15616.89,15666.62,15594.89,15646.23
20140731,15732.78,15759.66,15618.85,15620.77
20140801,15511.54,15602.13,15501.15,15523.11
20140804,15474.65,15535.62,15440.21,15474.50
20140805,15506.87,15507.32,15313.84,15320.31
20140806,15260.00,15271.14,15121.43,15159.79
20140807,15138.72,15243.06,15061.99,15232.37
20140808,15063.73,15074.32,14753.84,14778.37
20140811,15022.64,15161.54,14973.71,15130.52
20140812,15164.73,15235.98,15125.93,15161.31
20140813,15111.76,15235.90,15108.53,15213.63
20140814,15284.38,15338.85,15272.90,15314.57
20140815,15317.15,15328.34,15276.99,15318.34
20140818,15318.50,15365.35,15303.39,15322.60
20140819,15451.94,15476.05,15429.11,15449.79
20140820,15485.93,15492.88,15433.72,15454.45
20140821,15530.98,15601.99,15525.78,15586.20
20140822,15618.05,15628.78,15524.43,15539.19
20140825,15609.43,15628.61,15553.51,15613.25
20140826,15609.64,15613.34,15519.42,15521.22
20140827,15556.56,15588.22,15465.99,15534.82
20140828,15482.27,15487.99,15423.90,15459.86
20140829,15423.88,15447.81,15356.00,15424.59
20140901,15454.59,15478.77,15440.99,15476.60
20140902,15526.94,15737.36,15516.50,15668.60
20140903,15797.79,15829.38,15723.54,15728.35
20140904,15701.61,15732.76,15663.59,15676.18
20140905,15792.64,15792.64,15641.37,15668.68
20140908,15718.13,15730.33,15656.40,15705.11
20140909,15795.82,15795.82,15736.13,15749.15
20140910,15688.55,15795.60,15664.79,15788.78
20140911,15880.91,15925.51,15854.30,15909.20
20140912,15885.04,15984.90,15885.04,15948.29
20140916,15896.06,15938.31,15871.12,15911.53
20140917,15948.15,15969.41,15888.67,15888.67
20140918,16036.47,16106.11,16003.46,16067.57
20140919,16177.94,16364.08,16170.86,16321.17
20140922,16281.36,16299.13,16170.11,16205.90
20140924,16105.56,16203.94,16094.59,16167.45
20140925,16327.19,16374.14,16303.91,16374.14
20140926,16087.95,16251.67,16087.95,16229.86
20140929,16339.03,16344.32,16262.00,16310.64
20140930,16252.72,16252.72,16058.72,16173.52
20141001,16173.39,16225.96,16081.01,16082.25
20141002,15895.20,15922.51,15646.40,15661.99
20141003,15616.48,15708.65,15559.07,15708.65
20141006,15882.28,15970.65,15808.22,15890.95
20141007,15841.17,15913.52,15755.57,15783.83
20141008,15574.60,15643.63,15520.81,15595.98
20141009,15681.53,15732.32,15461.09,15478.93
20141010,15292.88,15345.78,15221.83,15300.55
20141014,15036.87,15089.90,14919.71,14936.51
20141015,15009.75,15084.61,14916.65,15073.52
20141016,14805.16,14807.08,14672.55,14738.38
20141017,14796.32,14830.67,14529.03,14532.51
20141020,14822.84,15111.23,14819.69,15111.23
20141021,15115.29,15115.29,14761.84,14804.28
20141022,15038.19,15195.78,15001.43,15195.77
20141023,15093.78,15232.51,15059.64,15138.96
20141024,15354.35,15377.05,15232.00,15291.64
20141027,15404.28,15424.05,15333.71,15388.72
20141028,15363.28,15374.46,15263.36,15329.91
20141029,15442.39,15595.29,15394.79,15553.91
20141030,15596.50,15701.04,15584.83,15658.20
20141031,15817.14,16533.91,15817.14,16413.76
20141104,16732.85,17127.66,16720.99,16862.47
20141105,16785.44,16995.02,16778.28,16937.32
20141106,16993.46,17045.94,16725.45,16792.48
20141107,16934.04,16938.20,16824.08,16880.38
20141110,16758.27,16818.05,16713.37,16780.53
20141111,16869.49,17160.12,16855.30,17124.11
20141112,17253.12,17443.74,17170.00,17197.05
20141113,17192.00,17400.77,17099.95,17392.79
20141114,17520.54,17520.54,17300.19,17490.83
20141117,17381.38,17409.32,16907.43,16973.80
20141118,17188.84,17356.76,17186.50,17344.06
20141119,17384.31,17472.57,17280.76,17288.75
20141120,17407.69,17407.69,17270.70,17300.86
20141121,17285.72,17381.59,17108.20,17357.51
20141125,17490.39,17490.39,17372.71,17407.62
20141126,17347.97,17432.57,17335.99,17383.58
20141127,17310.49,17346.85,17212.48,17248.50
20141128,17340.16,17471.90,17330.84,17459.85
20141201,17475.10,17649.02,17474.27,17590.10
20141202,17481.06,17687.70,17476.42,17663.22
20141203,17772.15,17881.76,17696.36,17720.43
20141204,17881.91,17912.59,17813.01,17887.21
20141205,17821.85,17922.29,17759.36,17920.45
20141208,18004.66,18030.83,17869.74,17935.64
20141209,17820.24,17892.16,17773.30,17813.38
20141210,17623.35,17658.14,17308.82,17412.58
20141211,17180.49,17289.73,17043.63,17257.40
20141212,17317.69,17526.19,17298.19,17371.58
20141215,17111.49,17258.32,17037.21,17099.40
20141216,16862.42,16895.39,16714.83,16755.32
20141217,16689.34,16891.02,16672.94,16819.73
20141218,17142.95,17274.23,17136.41,17210.05
20141219,17511.01,17621.40,17471.60,17621.40
20141222,17685.53,17692.58,17572.62,17635.14
20141224,17842.04,17875.41,17800.42,17854.23
20141225,17804.84,17832.47,17773.59,17808.75
20141226,17778.91,17843.73,17769.01,17818.96
20141229,17914.55,17914.55,17525.66,17729.84
20141230,17702.12,17713.76,17450.77,17450.77
20150105,17325.68,17540.92,17219.22,17408.71
20150106,17101.58,17111.36,16881.73,16883.19
20150107,16808.26,16974.61,16808.26,16885.33
20150108,17067.40,17243.71,17016.09,17167.10
20150109,17318.74,17342.65,17129.53,17197.73
20150113,16970.88,17087.71,16828.27,17087.71
20150114,16961.82,17036.72,16770.56,16795.96
20150115,16872.95,17141.98,16856.22,17108.70
20150116,16812.96,16864.34,16592.57,16864.16
20150119,17000.78,17039.80,16911.58,17014.29
20150120,17071.65,17366.30,17066.77,17366.30
20150121,17308.72,17329.03,17181.55,17280.48
20150122,17306.64,17355.74,17229.21,17329.02
20150123,17520.63,17532.06,17460.76,17511.75
20150126,17285.71,17471.94,17285.71,17468.52
20150127,17649.40,17768.41,17633.47,17768.30
20150128,17615.93,17850.59,17615.93,17795.73
20150129,17666.91,17778.83,17575.10,17606.22
20150130,17788.74,17808.47,17661.10,17674.39
20150202,17536.61,17628.40,17459.45,17558.04
20150203,17654.60,17654.60,17271.87,17335.85
20150204,17549.30,17743.11,17535.04,17678.74
20150205,17589.21,17619.34,17484.67,17504.62
20150206,17696.18,17700.67,17603.07,17648.50
20150209,17790.31,17799.49,17653.61,17711.93
20150210,17662.67,17673.27,17550.03,17652.68
20150212,17899.40,18005.45,17884.34,17979.72
20150213,17892.10,17962.11,17864.55,17913.36
20150216,18024.01,18074.26,17978.90,18004.77
20150217,17949.70,18009.45,17901.26,17987.09
20150218,18103.98,18202.61,18092.32,18199.17
20150219,18237.35,18322.50,18237.35,18264.79
20150220,18336.50,18360.92,18297.67,18332.30
20150223,18499.58,18509.08,18402.02,18466.92
20150224,18468.39,18603.48,18427.98,18603.48
20150225,18636.34,18648.77,18552.81,18585.20
20150226,18587.87,18790.83,18587.13,18785.79
20150227,18844.28,18865.39,18714.64,18797.94
20150302,18869.40,18939.17,18775.23,18826.88
20150303,18910.52,18910.52,18730.57,18815.16
20150304,18716.78,18732.66,18586.84,18703.60
20150305,18658.16,18767.50,18655.36,18751.84
20150306,18814.85,18979.64,18808.30,18971.00
20150309,18872.96,18878.15,18733.87,18790.55
20150310,18891.01,18924.38,18577.06,18665.11
20150311,18604.87,18836.93,18583.52,18723.52
20150312,18787.10,19008.13,18774.42,18991.11
20150313,19119.58,19335.80,19042.25,19254.25
20150316,19245.38,19349.20,19226.71,19246.06
20150317,19425.89,19479.89,19373.39,19437.00
20150318,19407.76,19555.72,19389.24,19544.48
20150319,19514.64,19557.17,19312.70,19476.56
20150320,19479.71,19565.44,19416.63,19560.22
20150323,19607.98,19778.60,19584.73,19754.36
20150324,19718.99,19770.64,19646.35,19713.45
20150325,19745.75,19775.45,19542.22,19746.20
20150326,19605.60,19623.11,19397.01,19471.12
20150327,19374.72,19590.03,19099.87,19285.63
20150330,19295.21,19474.07,19227.29,19411.40
20150331,19592.43,19607.25,19206.99,19206.99
20150401,19129.75,19195.23,18927.95,19034.84
20150402,19141.93,19433.89,19115.14,19312.79
20150403,19289.04,19435.08,19289.04,19435.08
20150406,19295.03,19424.09,19241.29,19397.98
20150407,19539.03,19667.48,19501.31,19640.54
20150408,19729.70,19845.53,19693.63,19789.81
20150409,19851.12,19957.32,19822.49,19937.72
20150410,19989.55,20006.00,19845.31,19907.63
20150413,19967.38,19975.66,19825.69,19905.46
20150414,19828.65,19922.50,19828.65,19908.68
20150415,19838.53,19913.42,19823.86,19869.76
20150416,19862.48,19894.35,19742.12,19885.77
20150417,19810.40,19815.25,19638.37,19652.88
20150420,19501.00,19725.86,19474.23,19634.49
20150421,19731.57,19909.09,19678.22,19909.09
20150422,19999.84,20144.66,19983.00,20133.90
20150423,20227.28,20252.12,20116.19,20187.65
20150424,20142.47,20142.47,20013.74,20020.04
20150427,20063.80,20069.24,19909.86,19983.32
20150428,20068.65,20133.78,20031.71,20058.95
20150430,19847.50,19852.66,19502.61,19520.01
20150501,19510.85,19549.39,19399.16,19531.63
20150507,19356.46,19461.08,19257.85,19291.99
20150508,19315.63,19458.75,19302.71,19379.19
20150511,19637.58,19679.63,19586.81,19620.91
20150512,19608.23,19626.75,19467.65,19624.84
20150513,19568.76,19791.88,19494.70,19764.72
20150514,19661.52,19717.80,19546.82,19570.24
20150515,19693.17,19750.76,19633.75,19732.92
20150518,19766.16,19890.27,19741.22,19890.27
20150519,19977.14,20087.70,19946.75,20026.38
20150520,20175.59,20278.89,20148.51,20196.56
20150521,20215.46,20320.90,20175.78,20202.87
20150522,20208.85,20278.31,20130.84,20264.41
20150525,20331.92,20417.77,20318.54,20413.77
20150526,20431.27,20473.85,20378.77,20437.48
20150527,20380.64,20513.22,20363.21,20472.58
20150528,20590.28,20655.33,20473.27,20551.46
20150529,20510.27,20636.41,20508.40,20563.15
20150601,20444.54,20595.41,20410.27,20569.87
20150602,20604.67,20619.61,20470.26,20543.19
20150603,20443.15,20506.35,20397.73,20473.51
20150604,20539.94,20552.46,20438.21,20488.19
20150605,20398.76,20480.25,20363.18,20460.90
20150608,20537.85,20544.94,20359.06,20457.19
20150609,20293.05,20332.42,20095.48,20096.30
20150610,20126.36,20264.92,20016.32,20046.36
20150611,20183.61,20382.97,20178.04,20382.97
20150612,20431.78,20437.26,20331.19,20407.08
20150615,20205.10,20401.48,20205.10,20387.79
20150616,20332.83,20368.21,20234.16,20257.94
20150617,20306.10,20323.08,20126.57,20219.27
20150618,20193.59,20200.51,19990.55,19990.82
20150619,20152.41,20194.45,20075.91,20174.24
20150622,20174.14,20433.30,20174.14,20428.19
20150623,20547.74,20809.42,20531.13,20809.42
20150624,20889.32,20952.71,20838.22,20868.03
20150625,20777.69,20866.58,20758.60,20771.40
20150626,20758.43,20785.76,20650.00,20706.15
20150629,20305.97,20361.60,20093.16,20109.95
20150630,20174.61,20243.18,20118.26,20235.73
20150701,20291.05,20346.74,20225.27,20329.32
20150702,20565.94,20601.73,20479.85,20522.50
20150703,20476.69,20557.51,20431.25,20539.79
20150706,20200.15,20310.72,20012.23,20112.12
20150707,20354.23,20428.00,20337.18,20376.59
20150708,20282.49,20310.89,19737.64,19737.64
20150709,19422.78,19855.50,19115.20,19855.50
20150710,19829.93,19978.24,19720.15,19779.83
20150713,19929.92,20120.15,19911.39,20089.77
20150714,20355.33,20435.53,20322.20,20385.33
20150715,20478.85,20496.60,20401.09,20463.33
20150716,20588.98,20612.50,20522.25,20600.12
20150717,20646.63,20658.95,20611.22,20650.92
20150721,20763.31,20850.00,20710.34,20841.97
20150722,20657.80,20677.84,20576.19,20593.67
20150723,20693.57,20708.23,20648.76,20683.95
20150724,20603.63,20631.54,20527.78,20544.53
20150727,20374.05,20486.93,20278.73,20350.10
20150728,20188.57,20423.58,20070.62,20328.89
20150729,20425.69,20425.69,20205.21,20302.91
20150730,20450.61,20583.57,20443.89,20522.83
20150731,20506.55,20585.24,20466.80,20585.24
20150803,20540.21,20562.20,20396.50,20548.11
20150804,20462.18,20552.04,20448.49,20520.36
20150805,20490.15,20715.48,20469.87,20614.06
20150806,20768.77,20817.48,20664.44,20664.44
20150807,20601.57,20754.00,20567.51,20724.56
20150810,20618.31,20820.86,20617.05,20808.69
20150811,20920.60,20946.93,20582.01,20720.75
20150812,20632.68,20703.20,20303.02,20392.77
20150813,20392.54,20633.91,20306.98,20595.55
20150814,20518.36,20605.46,20484.67,20519.45
20150817,20600.16,20668.87,20541.00,20620.26
20150818,20640.59,20663.18,20545.25,20554.47
20150819,20467.49,20521.97,20218.03,20222.63
20150820,20194.26,20246.47,20033.29,20033.52
20150821,19711.34,19737.54,19435.83,19435.83
20150824,19075.05,19154.65,18498.80,18540.68
20150825,18171.66,18835.35,17747.50,17806.70
20150826,17894.29,18442.84,17714.30,18376.83
20150827,18680.47,18810.05,18486.46,18574.44
20150828,18908.73,19192.82,18901.09,19136.32
20150831,19006.98,19019.61,18749.77,18890.48
20150901,18763.72,18777.47,18165.69,18165.69
20150902,17861.81,18467.44,17857.30,18095.40
20150903,18359.53,18481.57,18176.75,18182.39
20150904,18312.13,18312.13,17608.17,17792.16
20150907,17674.82,18013.64,17478.72,17860.47
20150908,17941.91,17962.56,17415.61,17427.08
20150909,17758.13,18770.51,17756.76,18770.51
20150910,18418.64,18420.56,17956.15,18299.62
20150911,18155.71,18362.99,18124.35,18264.22
20150914,18341.01,18344.07,17925.09,17965.70
20150915,18082.72,18329.57,17995.98,18026.48
20150916,18238.15,18291.97,18094.99,18171.60
20150917,18361.99,18468.20,18289.63,18432.27
20150918,18275.48,18295.90,18069.50,18070.21
20150924,17803.41,17865.84,17571.83,17571.83
20150925,17618.30,17880.51,17483.69,17880.51
20150928,17811.12,17886.49,17562.60,17645.11
20150929,17359.38,17366.95,16901.49,16930.84
20150930,17193.84,17460.97,17179.40,17388.15
20151001,17479.97,17831.58,17389.57,17722.42
20151002,17564.39,17775.77,17537.85,17725.13
20151005,17921.00,18079.46,17869.74,18005.49
20151006,18302.41,18372.72,18094.85,18186.10
20151007,18168.20,18379.23,18043.08,18322.98
20151008,18310.62,18400.69,18121.68,18141.17
20151009,18281.51,18438.67,18184.96,18438.67
20151013,18335.15,18359.71,18223.80,18234.74
20151014,18106.66,18126.39,17831.53,17891.00
20151015,17804.91,18170.67,17758.12,18096.90
20151016,18300.83,18397.52,18238.78,18291.80
20151019,18282.78,18314.09,18078.43,18131.23
20151020,18245.54,18253.13,18147.98,18207.15
20151021,18167.64,18605.41,18167.64,18554.28
20151022,18443.69,18579.14,18376.01,18435.87
20151023,18762.65,18915.64,18746.61,18825.30
20151026,19036.13,19088.76,18937.45,18947.12
20151027,18961.16,18964.99,18760.79,18777.04
20151028,18826.94,18925.51,18815.12,18903.02
20151029,19046.16,19080.89,18809.48,18935.71
20151030,18924.31,19202.34,18784.69,19083.10
20151102,18827.11,18861.11,18641.22,18683.24
20151104,18941.32,19151.89,18926.91,18926.91
20151105,19029.44,19167.09,18995.96,19116.41
20151106,19194.34,19294.15,19164.86,19265.60
20151109,19411.51,19684.41,19389.74,19642.74
20151110,19457.05,19674.05,19457.05,19671.26
20151111,19602.01,19724.12,19602.01,19691.39
20151112,19644.65,19725.83,19597.99,19697.77
20151113,19495.26,19601.49,19388.91,19596.91
20151116,19263.96,19451.09,19252.04,19393.69
20151117,19641.67,19726.01,19628.84,19630.63
20151118,19771.86,19840.00,19643.97,19649.18
20151119,19851.24,19959.06,19761.56,19859.81
20151120,19800.20,19879.81,19715.74,19879.81
20151124,19875.99,19954.00,19834.76,19924.89
20151125,19856.84,19871.75,19786.53,19847.58
20151126,19929.97,19992.44,19926.10,19944.41
20151127,19994.05,19994.05,19831.25,19883.94
20151130,19857.38,19867.95,19707.67,19747.47
20151201,19799.08,20012.40,19797.55,20012.40
20151202,19957.50,20002.12,19926.22,19938.13
20151203,19894.63,19967.88,19862.74,19939.90
20151204,19616.52,19660.90,19444.54,19504.48
20151207,19710.39,19811.51,19677.21,19698.15
20151208,19689.87,19764.21,19475.28,19492.60
20151209,19391.50,19475.40,19260.12,19301.07
20151210,19070.02,19125.06,19025.78,19046.55
20151211,19020.75,19282.21,19020.75,19230.48
20151214,18887.09,18911.78,18611.09,18883.42
20151215,18869.04,18897.87,18562.51,18565.90
20151216,18868.20,19054.89,18859.11,19049.91
20151217,19364.57,19507.17,19325.15,19353.56
20151218,19320.46,19869.08,18982.25,18986.80
20151221,18845.50,18979.83,18651.13,18916.02
20151222,18927.86,18943.46,18824.65,18886.70
20151224,19071.41,19071.41,18780.94,18789.69
20151225,18823.91,18870.70,18744.44,18769.06
20151228,18838.91,18922.90,18764.54,18873.35
20151229,18843.39,18991.01,18783.36,18982.23
20151230,19070.83,19113.18,19017.27,19033.71
20160104,18818.58,18951.12,18394.43,18450.98
20160105,18398.76,18547.38,18327.52,18374.00
20160106,18410.57,18469.38,18064.30,18191.32
20160107,18139.77,18172.04,17767.34,17767.34
20160108,17562.23,17975.31,17509.64,17697.96
20160112,17470.93,17546.57,17184.78,17218.96
20160113,17449.12,17717.75,17414.55,17715.63
20160114,17384.93,17393.83,16944.41,17240.95
20160115,17522.46,17597.87,17057.60,17147.11
20160118,16826.93,17037.26,16665.05,16955.57
20160119,16902.29,17088.31,16812.65,17048.37
20160120,17030.28,17031.32,16387.61,16416.19
20160121,16466.86,16734.58,16017.26,16017.26
20160122,16336.72,16993.96,16332.45,16958.53
20160125,17145.81,17208.24,16922.21,17110.91
20160126,16833.13,16839.52,16652.26,16708.90
20160127,16949.19,17242.27,16947.95,17163.92
20160128,17059.84,17235.44,16942.13,17041.45
20160129,17155.06,17638.93,16767.09,17518.30
20160201,17699.60,17905.37,17666.48,17865.23
20160202,17716.52,17864.70,17684.66,17750.68
20160203,17497.41,17515.68,17080.57,17191.25
20160204,17071.11,17209.56,16941.88,17044.99
20160205,16790.53,16893.12,16627.80,16819.59
20160208,16620.91,17099.01,16552.30,17004.30
20160209,16666.79,16668.70,16025.94,16085.44
20160210,16127.86,16163.03,15429.99,15713.39
20160212,15426.27,15437.22,14865.77,14952.61
20160215,15248.38,16155.10,15243.88,16022.58
20160216,15849.47,16341.56,15809.58,16054.43
20160217,16035.35,16214.46,15632.12,15836.36
20160218,16138.08,16337.59,16118.80,16196.80
20160219,16050.40,16050.46,15799.35,15967.17
20160222,15851.39,16187.40,15816.83,16111.05
20160223,16230.38,16350.38,16001.19,16052.05
20160224,15851.13,16006.45,15753.77,15915.79
20160225,15983.47,16218.29,15953.93,16140.34
20160226,16311.52,16472.50,16188.41,16188.41
20160229,16313.31,16464.75,16026.76,16026.76
20160301,16013.00,16099.42,15857.37,16085.51
20160302,16391.48,16815.25,16388.92,16746.55
20160303,16695.78,16962.95,16691.94,16960.16
20160304,16927.36,17042.92,16861.38,17014.78
20160307,17024.64,17026.25,16894.58,16911.32
20160308,16889.48,16909.79,16570.22,16783.15
20160309,16625.59,16706.25,16494.80,16642.20
20160310,16811.00,16887.60,16713.13,16852.35
20160311,16610.18,17015.30,16575.75,16938.87
20160314,17155.52,17291.35,17149.21,17233.75
20160315,17219.89,17279.30,17042.56,17117.07
20160316,16981.36,17102.45,16950.84,16974.45
20160317,17107.60,17253.03,16814.84,16936.38
20160318,16883.75,16920.91,16613.69,16724.81
20160322,16937.31,17107.80,16851.21,17048.55
20160323,17066.27,17142.08,16964.31,17000.98
20160324,16979.39,17041.16,16843.99,16892.33
20160325,16949.53,17026.14,16889.40,17002.75
20160328,17129.27,17167.88,16961.41,17134.37
20160329,16985.28,17137.20,16948.43,17103.53
20160330,17078.03,17078.03,16875.91,16878.96
20160331,16997.14,17033.65,16758.67,16758.67
20160401,16719.56,16719.56,16113.01,16164.16
20160404,16087.76,16238.51,16029.50,16123.27
20160405,16044.23,16066.18,15698.55,15732.82
20160406,15727.70,15828.61,15612.91,15715.36
20160407,15739.26,15871.10,15636.21,15749.84
20160408,15597.04,16027.63,15471.80,15821.52
20160411,15761.57,15778.74,15525.49,15751.13
20160412,15719.24,15963.03,15693.61,15928.79
20160413,16142.71,16405.59,16132.23,16381.22
20160414,16629.83,16911.05,16602.17,16911.05
20160415,16720.39,16928.67,16720.39,16848.03
20160418,16521.25,16526.90,16254.20,16275.95
20160419,16582.66,16900.33,16570.50,16874.44
20160420,17053.83,17099.36,16870.73,16906.54
20160421,17187.27,17381.70,17144.53,17363.62
20160422,17220.47,17572.49,17192.39,17572.49
20160425,17613.56,17613.56,17403.87,17439.30
20160426,17358.56,17426.02,17200.50,17353.28
20160427,17369.68,17417.54,17230.23,17290.49
20160428,17438.99,17572.27,16652.74,16666.05
20160502,16357.10,16357.10,15975.47,16147.38
20160506,16212.67,16271.61,15989.35,16106.72
20160509,16226.57,16292.86,16159.31,16216.03
20160510,16307.50,16587.63,16229.15,16565.19
20160511,16736.72,16814.64,16536.61,16579.01
20160512,16459.69,16658.07,16374.59,16646.34
20160513,16804.17,16804.17,16400.87,16412.21
20160516,16391.92,16632.62,16391.92,16466.40
20160517,16618.95,16655.89,16509.31,16652.80
20160518,16611.40,16795.47,16513.17,16644.69
20160519,16807.46,16841.04,16590.16,16646.66
20160520,16594.99,16770.87,16548.34,16736.35
20160523,16671.28,16691.50,16417.84,16654.60
20160524,16605.04,16605.04,16471.37,16498.76
20160525,16764.35,16806.03,16731.12,16757.35
20160526,16927.69,16957.56,16743.17,16772.46
20160527,16830.50,16901.09,16792.73,16834.84
20160530,16973.72,17068.02,16910.19,17068.02
20160531,17029.46,17251.36,16988.64,17234.98
20160601,17097.22,17145.95,16908.92,16955.73
20160602,16817.26,16819.85,16525.47,16562.55
20160603,16599.51,16716.14,16554.60,16642.23
20160606,16373.32,16581.30,16322.64,16580.03
20160607,16651.05,16701.01,16536.23,16675.45
20160608,16722.49,16830.92,16581.71,16830.92
20160609,16742.03,16785.83,16587.77,16668.41
20160610,16637.51,16643.36,16496.11,16601.36
20160613,16319.11,16335.38,16019.18,16019.18
20160614,16001.19,16082.50,15762.09,15859.00
20160615,15799.07,15997.30,15752.01,15919.58
20160616,15871.22,15913.08,15395.98,15434.14
20160617,15631.79,15774.87,15582.94,15599.66
20160620,15839.06,16035.44,15835.86,15965.30
20160621,15875.81,16202.30,15770.96,16169.11
20160622,16095.81,16160.99,15980.65,16065.72
20160623,16098.61,16263.87,16057.86,16238.35
20160624,16333.87,16389.17,14864.01,14952.02
20160627,15153.08,15323.95,15061.66,15309.21
20160628,15094.71,15443.82,14987.79,15323.14
20160629,15523.35,15626.66,15398.31,15566.83
20160630,15752.71,15781.69,15575.92,15575.92
20160701,15698.02,15765.00,15635.57,15682.48
20160704,15554.04,15805.31,15553.92,15775.80
20160705,15682.16,15702.04,15602.73,15669.33
20160706,15434.46,15434.46,15167.98,15378.99
20160707,15346.81,15418.90,15241.91,15276.24
20160708,15326.84,15399.70,15106.52,15106.98
20160711,15375.94,15816.67,15375.94,15708.82
20160712,15961.30,16237.62,15956.91,16095.65
20160713,16343.00,16444.25,16196.44,16231.43
20160714,16242.20,16398.73,16229.26,16385.89
20160715,16396.12,16607.32,16396.12,16497.85
20160719,16612.09,16726.71,16514.66,16723.31
20160720,16646.92,16692.84,16554.03,16681.89
20160721,16855.18,16938.96,16740.00,16810.22
20160722,16612.90,16691.81,16566.98,16627.25
20160725,16655.81,16778.65,16612.33,16620.29
20160726,16535.81,16535.81,16323.10,16383.04
20160727,16526.06,16821.43,16526.06,16664.82
20160728,16596.15,16616.28,16450.28,16476.84
20160729,16359.68,16679.19,16174.35,16569.27
20160801,16415.31,16677.49,16319.15,16635.77
20160802,16469.68,16541.88,16391.45,16391.45
20160803,16227.28,16275.34,16056.67,16083.11
20160804,16168.34,16270.12,15921.04,16254.89
20160805,16278.99,16355.98,16230.70,16254.45
20160808,16462.29,16652.04,16455.57,16650.57
20160809,16632.41,16779.59,16630.56,16764.97
20160810,16699.08,16822.86,16657.59,16735.12
20160812,16877.18,16943.67,16818.43,16919.92
20160815,16866.89,16932.11,16844.58,16869.56
20160816,16878.66,16887.57,16596.51,16596.51
20160817,16596.26,16772.11,16596.26,16745.64
20160818,16649.91,16714.61,16481.41,16486.01
20160819,16558.38,16613.04,16452.62,16545.82
20160822,16599.26,16631.23,16540.94,16598.19
20160823,16549.82,16663.64,16452.01,16497.36
20160824,16550.21,16648.07,16544.39,16597.30
20160825,16580.15,16628.79,16520.84,16555.95
20160826,16485.55,16490.53,16320.43,16360.71
20160829,16631.06,16764.64,16616.65,16737.49
20160830,16690.98,16752.16,16677.85,16725.36
20160831,16857.83,16917.86,16836.96,16887.40
20160901,16885.16,16941.18,16864.56,16926.84
20160902,16903.78,16946.49,16848.12,16925.68
20160905,17131.52,17156.36,17009.21,17037.63
20160906,17035.03,17097.59,17022.64,17081.98
20160907,16937.38,17024.26,16903.20,17012.44
20160908,16984.00,17001.84,16836.65,16958.77
20160909,16994.37,17029.78,16902.09,16965.76
20160912,16748.36,16802.00,16601.54,16672.92
20160913,16764.65,16787.06,16658.40,16729.04
20160914,16632.06,16706.61,16585.80,16614.24
20160915,16512.42,16528.02,16359.78,16405.01
20160916,16458.74,16532.84,16415.86,16519.29
20160920,16403.22,16591.70,16403.22,16492.15
20160921,16471.85,16823.63,16399.65,16807.62
20160923,16759.84,16808.59,16725.53,16754.02
20160926,16707.45,16707.45,16514.93,16544.56
20160927,16390.91,16683.93,16285.41,16683.93
20160928,16504.99,16515.84,16385.03,16465.40
20160929,16606.30,16756.43,16584.14,16693.71
20160930,16474.45,16497.55,16407.78,16449.84
20161003,16566.03,16652.16,16554.83,16598.67
20161004,16661.51,16747.20,16637.82,16735.65
20161005,16787.89,16844.35,16728.19,16819.24
20161006,16913.60,16971.28,16888.77,16899.10
20161007,16883.12,16895.13,16820.21,16860.09
20161011,16936.31,17074.46,16931.12,17024.76
20161012,16850.73,16951.54,16839.41,16840.00
20161013,16923.82,16974.25,16739.73,16774.24
20161014,16751.04,16866.56,16727.78,16856.37
20161017,16871.84,16954.44,16821.49,16900.12
20161018,16862.31,16966.90,16844.17,16963.61
20161019,16952.91,17016.66,16938.46,16998.91
20161020,16999.36,17235.50,16992.14,17235.50
20161021,17283.75,17288.89,17151.98,17184.59
20161024,17216.56,17244.74,17162.21,17234.42
20161025,17298.63,17381.80,17298.63,17365.25
20161026,17329.03,17391.84,17295.46,17391.84
20161027,17346.39,17414.21,17278.12,17336.42
20161028,17448.25,17461.03,17406.72,17446.41
20161031,17360.89,17433.13,17327.62,17425.02
20161101,17380.54,17473.12,17339.64,17442.40
20161102,17238.00,17283.60,17080.59,17134.68
20161104,16964.50,16996.09,16801.98,16905.36
20161107,17126.03,17186.89,17056.84,17177.21
20161108,17242.70,17247.04,17130.83,17171.38
20161109,17281.95,17427.71,16111.81,16251.54
20161110,16562.86,17393.82,16560.66,17344.42
20161111,17526.61,17621.73,17333.49,17374.79
20161114,17467.49,17697.33,17455.78,17672.62
20161115,17690.22,17727.58,17605.77,17668.15
20161116,17832.51,17886.44,17807.47,17862.21
20161117,17766.61,17884.06,17764.08,17862.63
20161118,18024.21,18043.72,17967.41,17967.41
20161121,18038.09,18129.03,18007.79,18106.02
20161122,18091.05,18175.63,18050.55,18162.94
20161124,18329.78,18382.72,18310.31,18333.41
20161125,18387.59,18482.94,18288.50,18381.22
20161128,18302.58,18374.93,18222.82,18356.89
20161129,18263.63,18327.51,18258.82,18307.04
20161130,18356.03,18370.31,18280.66,18308.48
20161201,18535.24,18746.28,18469.27,18513.12
20161202,18435.55,18469.68,18315.38,18426.08
20161205,18349.92,18365.74,18227.39,18274.99
20161206,18457.20,18484.80,18318.99,18360.54
20161207,18434.54,18502.47,18410.88,18496.69
20161208,18674.19,18765.47,18614.01,18765.47
20161209,18839.98,19042.48,18821.41,18996.37
20161212,19183.82,19280.93,19054.00,19155.03
20161213,19120.76,19253.51,19060.72,19250.52
20161214,19270.01,19284.28,19184.75,19253.61
20161215,19327.70,19436.90,19192.60,19273.79
20161216,19438.39,19439.97,19360.36,19401.15
20161219,19345.84,19399.26,19307.14,19391.60
20161220,19367.84,19511.20,19356.81,19494.53
20161221,19547.28,19592.90,19375.19,19444.49
20161222,19396.85,19427.67,19327.51,19427.67
20161226,19394.41,19432.48,19385.94,19396.64
20161227,19353.43,19478.58,19352.06,19403.06
20161228,19392.11,19442.13,19364.73,19401.72
20161229,19301.04,19301.04,19092.22,19145.14
20161230,18997.68,19176.81,18991.59,19114.37
20170104,19298.68,19594.16,19277.93,19594.16
20170105,19602.10,19615.40,19473.28,19520.69
20170106,19393.55,19472.37,19354.44,19454.33
20170110,19414.83,19484.90,19255.35,19301.44
20170111,19358.64,19402.17,19325.46,19364.67
20170112,19300.19,19300.19,19069.02,19134.70
20170113,19174.97,19299.36,19156.93,19287.28
20170116,19219.13,19255.41,19061.27,19095.24
20170117,19038.45,19043.91,18812.86,18813.53
20170118,18753.96,18941.24,18650.33,18894.37
20170119,19082.83,19122.39,18982.13,19072.25
20170120,19059.15,19176.86,19040.20,19137.91
20170123,18938.45,19024.21,18879.68,18891.03
20170124,18817.42,18915.70,18783.16,18787.99
20170125,19091.23,19133.18,18987.45,19057.50
20170126,19260.67,19405.23,19232.46,19402.39
20170127,19453.51,19486.68,19404.13,19467.40
20170130,19371.28,19390.97,19295.80,19368.85
20170131,19145.35,19199.75,19041.34,19041.34
20170201,18926.97,19155.79,18916.18,19148.08
20170202,19152.79,19170.63,18866.80,18914.58
20170203,18996.74,19061.26,18830.89,18918.20
20170206,19069.72,19075.57,18899.40,18976.71
20170207,18844.12,18970.58,18805.32,18910.78
20170208,18951.16,19009.24,18875.57,19007.60
20170209,18942.04,18991.23,18874.91,18907.67
20170210,19216.74,19395.99,19193.57,19378.93
20170213,19513.78,19519.44,19418.18,19459.15
20170214,19478.86,19501.01,19232.85,19238.98
20170215,19438.81,19495.62,19420.00,19437.98
20170216,19431.61,19431.61,19260.24,19347.53
20170217,19228.74,19275.39,19173.53,19234.62
20170220,19161.33,19274.75,19115.11,19251.08
20170221,19267.87,19395.35,19261.98,19381.44
20170222,19419.22,19419.22,19329.28,19379.87
20170223,19379.92,19379.92,19262.63,19371.46
20170224,19232.11,19381.10,19219.58,19283.54
20170227,19130.51,19178.99,18995.55,19107.47
20170228,19194.68,19267.99,19118.99,19118.99
20170301,19226.94,19414.55,19164.62,19393.54
20170302,19624.82,19668.01,19564.80,19564.80
20170303,19551.34,19587.79,19392.75,19469.17
20170306,19409.18,19411.54,19340.32,19379.14
20170307,19337.19,19375.09,19317.10,19344.15
20170308,19308.53,19326.40,19198.78,19254.03
20170309,19343.06,19350.20,19262.98,19318.58
20170310,19444.71,19623.72,19427.81,19604.61
20170313,19545.74,19656.48,19531.51,19633.75
20170314,19634.29,19637.55,19599.62,19609.50
20170315,19528.75,19581.53,19503.74,19577.38
20170316,19458.70,19618.99,19454.17,19590.14
20170317,19510.89,19547.51,19487.92,19521.59
20170321,19416.55,19485.14,19337.22,19455.88
20170322,19146.62,19183.27,19026.53,19041.38
20170323,19048.84,19105.11,18973.75,19085.31
20170324,19066.35,19296.05,19060.64,19262.53
20170327,18985.59,18985.59,18985.59,18985.59
20170328,19159.07,19203.64,19113.44,19202.87
20170329,19216.78,19251.30,19164.61,19217.48
20170330,19150.82,19218.08,19043.48,19063.22
20170331,19170.42,19210.92,18909.26,18909.26
20170403,18988.00,19068.62,18920.52,18983.23
20170404,18933.82,18947.33,18703.63,18810.25
20170405,18900.70,18941.94,18773.94,18861.27
20170406,18754.37,18797.44,18532.65,18597.06
20170407,18714.98,18785.73,18517.43,18664.63
20170410,18800.22,18850.80,18762.70,18797.88
20170411,18717.55,18767.70,18661.86,18747.87
20170412,18592.10,18602.50,18460.59,18552.61
20170413,18391.72,18455.25,18304.72,18426.84
20170414,18531.91,18531.91,18285.73,18335.63
20170417,18239.84,18361.44,18224.68,18355.26
20170418,18497.38,18547.46,18362.73,18418.59
20170419,18327.33,18467.73,18327.33,18432.20
20170420,18446.39,18523.40,18420.82,18430.49
20170421,18591.82,18648.28,18542.42,18620.75
20170424,18890.38,18910.33,18840.13,18875.88
20170425,18872.56,19109.76,18867.19,19079.33
20170426,19184.92,19289.43,19170.86,19289.43
20170427,19205.59,19281.70,19199.59,19251.87
20170428,19240.65,19264.57,19164.68,19196.74
20170501,19154.03,19311.21,19144.62,19310.52
20170502,19335.72,19464.30,19335.02,19445.70
20170508,19709.01,19929.48,19705.13,19895.70
20170509,19915.64,19917.45,19838.71,19843.00
20170510,19890.56,19938.53,19866.30,19900.09
20170511,19943.95,19989.94,19906.35,19961.55
20170512,19941.64,19941.64,19809.91,19883.90
20170515,19753.46,19869.85,19740.63,19869.85
20170516,19953.06,19998.49,19862.41,19919.82
20170517,19806.78,19842.78,19764.63,19814.88
20170518,19556.99,19601.53,19449.73,19553.86
20170519,19591.41,19628.64,19497.29,19590.76
20170522,19670.48,19722.93,19618.73,19678.28
20170523,19647.74,19693.02,19585.54,19613.28
20170524,19777.56,19782.81,19690.10,19742.98
20170525,19737.21,19850.93,19720.12,19813.13
20170526,19798.49,19801.59,19686.49,19686.84
20170529,19697.18,19736.62,19627.19,19682.57
20170530,19681.11,19691.44,19570.13,19677.85
20170531,19630.33,19673.51,19589.25,19650.57
20170601,19692.16,19887.66,19686.32,19860.03
20170602,19970.23,20239.81,19967.00,20177.28
20170605,20135.42,20224.54,20104.13,20170.82
20170606,20122.26,20152.95,19948.02,19979.90
20170607,19951.68,20023.24,19908.07,19984.62
20170608,20048.28,20061.22,19896.35,19909.26
20170609,19953.06,20096.01,19927.07,20013.26
20170612,19920.77,19949.07,19837.64,19908.58
20170613,19859.81,19929.03,19850.86,19898.75
20170614,19974.56,20009.93,19879.60,19883.52
20170615,19815.54,19963.36,19755.34,19831.82
20170616,19931.15,20015.16,19884.80,19943.26
20170619,19974.30,20087.71,19949.88,20067.75
20170620,20234.12,20318.11,20227.29,20230.41
20170621,20192.16,20215.11,20117.79,20138.79
20170622,20154.38,20191.42,20107.89,20110.51
20170623,20152.58,20152.58,20089.54,20132.67
20170626,20132.81,20196.38,20119.04,20153.35
20170627,20229.12,20250.10,20185.19,20225.09
20170628,20149.20,20224.30,20110.49,20130.41
20170629,20260.87,20266.59,20197.38,20220.30
20170630,20025.63,20044.01,19946.51,20033.43
20170703,20056.32,20096.14,20030.61,20055.80
20170704,20192.27,20197.16,19971.53,20032.35
20170705,20015.07,20087.01,19888.90,20081.63
20170706,20061.68,20078.88,19947.63,19994.06
20170707,19856.65,19979.93,19856.65,19929.09
20170710,20070.44,20127.76,20023.03,20080.98
20170711,20073.86,20200.88,20070.67,20195.48
20170712,20137.22,20153.04,20061.16,20098.38
20170713,20177.28,20183.80,20062.27,20099.81
20170714,20157.92,20163.67,20101.71,20118.86
20170718,20074.41,20081.29,19943.14,19999.91
20170719,19970.78,20032.46,19947.26,20020.86
20170720,20046.90,20157.11,20032.23,20144.59
20170721,20089.86,20135.33,20081.91,20099.75
20170724,19973.67,20002.54,19901.88,19975.67
20170725,19979.56,20036.31,19941.61,19955.20
20170726,20098.14,20116.00,20016.58,20050.16
20170727,20026.58,20176.39,20005.20,20079.64
20170728,20048.46,20056.16,19926.60,19959.84
20170731,19933.45,19983.90,19891.90,19925.18
20170801,19907.08,20000.46,19904.72,19985.79
20170802,20057.07,20113.73,20022.05,20080.04
20170803,20066.00,20070.16,19985.40,20029.26
20170804,19949.79,19984.51,19933.59,19952.33
20170807,20059.29,20085.90,20037.40,20055.89
20170808,20062.65,20076.80,19970.57,19996.01
20170809,19928.96,19945.28,19660.22,19738.71
20170810,19792.45,19829.88,19685.83,19729.74
20170814,19545.58,19598.41,19486.48,19537.10
20170815,19689.38,19824.12,19656.91,19753.31
20170816,19750.55,19776.86,19719.08,19729.28
20170817,19707.75,19739.04,19679.37,19702.63
20170818,19471.27,19543.13,19433.09,19470.41
20170821,19509.53,19509.53,19365.65,19393.13
20170822,19373.11,19437.25,19361.95,19383.84
20170823,19547.05,19561.32,19408.47,19434.64
20170824,19366.36,19428.55,19351.92,19353.77
20170825,19401.12,19485.97,19384.37,19452.61
20170828,19502.23,19535.50,19420.50,19449.90
20170829,19319.11,19371.90,19280.02,19362.55
20170830,19480.98,19538.23,19435.10,19506.54
20170831,19591.32,19687.99,19583.11,19646.24
20170901,19733.57,19735.96,19620.07,19691.47
20170904,19615.96,19628.40,19479.40,19508.25
20170905,19533.38,19542.78,19354.59,19385.81
20170906,19286.06,19371.38,19254.67,19357.97
20170907,19433.44,19482.72,19365.75,19396.52
20170908,19297.96,19357.49,19239.52,19274.82
20170911,19441.39,19567.03,19437.14,19545.77
20170912,19736.14,19792.06,19718.80,19776.62
20170913,19873.69,19888.84,19845.02,19865.82
20170914,19860.37,19918.39,19793.85,19807.44
20170915,19793.80,19933.40,19787.65,19909.50
20170919,20128.18,20320.78,20122.00,20299.38
20170920,20301.33,20339.37,20272.82,20310.46
20170921,20456.50,20481.27,20332.69,20347.48
20170922,20413.61,20417.07,20249.24,20296.45
20170925,20439.43,20454.29,20367.03,20397.58
20170926,20349.26,20385.50,20303.98,20330.19
20170927,20269.82,20278.09,20213.66,20267.05
20170928,20398.63,20399.87,20299.68,20363.11
20170929,20315.34,20370.33,20285.06,20356.28
20171002,20400.51,20411.33,20363.28,20400.78
20171003,20475.25,20628.38,20438.17,20614.07
20171004,20660.81,20689.08,20592.18,20626.66
20171005,20650.71,20667.47,20602.26,20628.56
20171006,20716.85,20721.15,20659.15,20690.71
20171010,20680.54,20823.66,20663.08,20823.51
20171011,20803.71,20898.41,20788.12,20881.27
20171012,20958.18,20994.40,20917.04,20954.72
20171013,20959.66,21211.29,20933.00,21155.18
20171016,21221.27,21347.07,21187.93,21255.56
20171017,21352.17,21393.96,21230.67,21336.12
20171018,21374.66,21402.76,21317.67,21363.05
20171019,21450.04,21503.85,21381.52,21448.52
20171020,21390.95,21489.26,21363.10,21457.64
20171023,21709.30,21723.60,21614.51,21696.65
20171024,21670.00,21805.17,21646.52,21805.17
20171025,21900.13,21921.36,21648.35,21707.62
20171026,21698.95,21793.62,21688.56,21739.78
20171027,21903.27,22016.50,21815.72,22008.45
20171030,22047.95,22086.88,21921.24,22011.67
20171031,21897.29,22020.38,21840.07,22011.61
20171101,22144.92,22455.92,22130.03,22420.08
20171102,22512.18,22540.25,22400.01,22539.12
20171106,22612.96,22644.68,22435.34,22548.35
20171107,22518.75,22953.18,22512.91,22937.60
20171108,22849.91,22922.80,22759.07,22913.82
20171109,22989.44,23382.15,22522.83,22868.71
20171110,22580.70,22724.39,22511.93,22681.42
20171113,22607.56,22607.92,22380.99,22380.99
20171114,22342.93,22532.30,22323.24,22380.01
20171115,22250.98,22305.24,22004.79,22028.32
20171116,21975.23,22392.13,21972.34,22351.12
20171117,22603.30,22757.40,22319.12,22396.80
20171120,22279.98,22410.24,22215.07,22261.76
20171121,22456.79,22563.25,22416.48,22416.48
20171122,22601.55,22677.34,22513.44,22523.15
20171124,22390.14,22567.20,22381.01,22550.85
20171127,22657.08,22659.33,22423.40,22495.99
20171128,22474.74,22580.99,22363.94,22486.24
20171129,22613.96,22643.93,22537.12,22597.20
20171130,22601.83,22748.32,22502.68,22724.96
20171201,22916.93,22994.31,22675.07,22819.03
20171204,22843.53,22864.33,22693.99,22707.16
20171205,22595.33,22682.71,22522.28,22622.38
20171206,22525.38,22528.21,22119.21,22177.04
20171207,22317.15,22515.24,22317.15,22498.03
20171208,22627.95,22819.71,22625.41,22811.08
20171211,22894.30,22938.73,22787.40,22938.73
20171212,22936.41,22994.33,22834.89,22866.17
20171213,22879.27,22879.37,22697.32,22758.07
20171214,22699.30,22786.61,22638.76,22694.45
20171215,22621.36,22745.09,22478.32,22553.22
20171218,22770.44,22927.50,22735.20,22901.77
20171219,22961.47,22990.42,22862.82,22868.00
20171220,22834.93,22923.50,22806.73,22891.72
20171221,22852.01,22894.95,22728.06,22866.10
20171222,22850.73,22908.84,22801.16,22902.76
20171225,22909.41,22948.83,22870.19,22939.18
20171226,22922.95,22950.15,22877.63,22892.69
20171227,22854.39,22936.16,22854.39,22911.21
20171228,22912.05,22954.45,22736.43,22783.98
20171229,22831.49,22881.21,22753.20,22764.94
20180104,23073.73,23506.33,23065.20,23506.33
20180105,23643.00,23730.47,23520.52,23714.53
20180109,23948.97,23952.61,23789.03,23849.99
20180110,23832.81,23864.76,23755.45,23788.20
20180111,23656.39,23734.97,23601.84,23710.43
20180112,23719.66,23743.05,23588.07,23653.82
20180115,23827.98,23833.27,23685.02,23714.88
20180116,23721.17,23962.07,23701.83,23951.81
20180117,23783.42,23891.63,23739.17,23868.34
20180118,24078.93,24084.42,23699.47,23763.37
20180119,23854.11,23872.69,23735.61,23808.06
20180122,23797.84,23816.33,23697.81,23816.33
20180123,23924.40,24129.34,23916.02,24124.15
20180124,24026.43,24072.77,23917.14,23940.78
20180125,23750.65,23828.40,23649.03,23669.49
20180126,23757.34,23797.96,23592.28,23631.88
20180129,23707.14,23787.23,23580.17,23629.34
20180130,23559.33,23581.98,23233.37,23291.97
20180131,23205.23,23375.38,23092.85,23098.29
20180201,23276.10,23492.77,23211.12,23486.11
20180202,23361.67,23367.96,23122.45,23274.53
20180205,22921.16,22967.69,22659.43,22682.08
20180206,22267.00,22277.45,21078.71,21610.24
20180207,22001.29,22353.87,21627.13,21645.37
20180208,21721.57,21977.03,21649.70,21890.86
20180209,21507.74,21510.30,21119.01,21382.62
20180213,21633.34,21679.20,21211.53,21244.68
20180214,21251.24,21371.01,20950.15,21154.17
20180215,21384.10,21578.99,21308.92,21464.98
20180216,21555.99,21866.37,21499.88,21720.25
20180219,21903.66,22152.85,21858.33,22149.21
20180220,22054.32,22063.87,21831.45,21925.10
20180221,21942.42,22130.58,21836.73,21970.81
20180222,21789.88,21799.40,21626.85,21736.44
20180223,21789.72,21903.39,21741.63,21892.78
20180226,22134.64,22226.53,22040.87,22153.63
20180227,22391.67,22502.05,22325.07,22389.86
20180228,22292.53,22380.28,22068.24,22068.24
20180301,21901.13,21901.13,21645.22,21724.47
20180302,21339.98,21366.09,21088.96,21181.64
20180305,21047.81,21164.38,20937.26,21042.09
20180306,21390.20,21551.14,21381.42,21417.76
20180307,21261.96,21484.08,21201.94,21252.72
20180308,21488.16,21488.16,21299.40,21368.07
20180309,21594.22,21884.45,21357.55,21469.20
20180312,21826.10,21971.16,21689.97,21824.03
20180313,21742.45,21968.10,21700.78,21968.10
20180314,21764.99,21881.09,21684.02,21777.29
20180315,21704.14,21825.97,21555.49,21803.95
20180316,21876.53,21879.28,21632.85,21676.51
20180319,21537.90,21659.04,21366.88,21480.90
20180320,21297.98,21384.86,21223.97,21380.97
20180322,21352.16,21592.00,21349.71,21591.99
20180323,21188.80,21188.80,20559.61,20617.86
20180326,20423.37,20766.10,20347.49,20766.10
20180327,20958.90,21317.32,20943.31,21317.32
20180328,20893.05,21031.31,20776.82,21031.31
20180329,21250.96,21298.57,20996.22,21159.08
20180330,21392.42,21512.80,21311.50,21454.30
20180402,21441.57,21597.47,21388.58,21388.58
20180403,21115.48,21333.50,21056.02,21292.29
20180404,21415.85,21415.85,21238.18,21319.55
20180405,21541.18,21737.66,21462.10,21645.42
20180406,21633.73,21742.84,21550.42,21567.52
20180409,21534.33,21737.09,21517.77,21678.26
20180410,21599.67,21933.99,21542.37,21794.32
20180411,21819.09,21837.36,21687.10,21687.10
20180412,21657.87,21719.43,21591.39,21660.28
20180413,21801.41,21917.35,21746.69,21778.74
20180416,21843.55,21879.69,21775.61,21835.53
20180417,21801.83,21889.89,21772.42,21847.59
20180418,21929.01,22194.11,21914.96,22158.20
20180419,22231.86,22360.65,22176.86,22191.18
20180420,22148.22,22261.35,22076.63,22162.24
20180423,22157.88,22204.86,22065.52,22088.04
20180424,22228.82,22304.69,22149.59,22278.12
20180425,22118.62,22228.78,22080.76,22215.32
20180426,22278.77,22381.66,22265.20,22319.61
20180427,22466.66,22495.56,22357.53,22467.87
20180501,22453.42,22519.45,22411.43,22508.03
20180502,22568.19,22568.19,22426.55,22472.78
20180507,22513.22,22513.48,22350.91,22467.16
20180508,22440.65,22566.68,22423.23,22508.69
20180509,22463.01,22478.64,22364.75,22408.88
20180510,22482.51,22530.64,22418.75,22497.18
20180511,22573.95,22769.16,22545.47,22758.48
20180514,22705.30,22894.76,22683.64,22865.86
20180515,22889.47,22912.06,22805.72,22818.02
20180516,22730.12,22796.14,22695.84,22717.23
20180517,22820.62,22887.03,22799.16,22838.37
20180518,22907.20,22954.19,22867.30,22930.36
20180521,22937.58,23050.39,22935.31,23002.37
20180522,23025.95,23031.67,22952.87,22960.34
20180523,22868.79,22949.73,22649.85,22689.74
20180524,22621.29,22644.69,22366.60,22437.01
20180525,22380.22,22509.36,22318.15,22450.79
20180528,22488.95,22547.67,22410.91,22481.09
20180529,22431.95,22439.10,22240.39,22358.43
20180530,22051.97,22079.23,21931.65,22018.52
20180531,22163.40,22254.42,22098.00,22201.82
20180601,22126.25,22316.91,22098.04,22171.35
20180604,22365.09,22515.72,22355.83,22475.94
20180605,22552.17,22602.13,22470.04,22539.54
20180606,22520.31,22662.82,22498.59,22625.73
20180607,22748.72,22856.37,22732.18,22823.26
20180608,22799.38,22879.00,22694.50,22694.50
20180611,22686.95,22856.08,22667.30,22804.04
20180612,22977.22,23011.57,22797.73,22878.35
20180613,22896.17,22993.26,22895.31,22966.38
20180614,22842.96,22898.39,22738.61,22738.61
20180615,22883.24,22885.84,22770.38,22851.75
20180618,22806.57,22806.89,22601.13,22680.33
20180619,22565.92,22618.52,22278.48,22278.48
20180620,22338.53,22581.40,22167.16,22555.43
20180621,22523.28,22782.01,22491.08,22693.04
20180622,22456.45,22535.65,22414.18,22516.83
20180625,22543.56,22556.55,22312.79,22338.15
20180626,22160.33,22368.78,22104.12,22342.00
20180627,22320.88,22356.54,22205.34,22271.77
20180628,22195.19,22299.39,22038.40,22270.39
20180629,22314.47,22332.82,22145.48,22304.51
20180702,22233.80,22312.25,21784.48,21811.93
20180703,21889.06,21927.81,21574.56,21785.54
20180704,21679.00,21784.00,21604.18,21717.04
20180705,21697.44,21751.50,21462.95,21546.99
20180706,21647.66,21866.16,21642.96,21788.14
20180709,21838.53,22105.95,21825.76,22052.18
20180710,22215.34,22321.60,22196.89,22196.89
20180711,22002.14,22044.62,21744.25,21932.21
20180712,22036.87,22233.52,22019.19,22187.96
20180713,22397.62,22692.86,22316.52,22597.35
20180716,22397.62,22692.86,22316.52,22597.35
20180717,22605.73,22832.22,22575.42,22697.36
20180718,22917.52,22949.32,22794.19,22794.19
20180719,22871.62,22926.47,22761.87,22764.68
20180720,22734.56,22869.98,22541.35,22697.88
20180723,22480.33,22507.17,22341.87,22396.99
20180724,22555.05,22555.05,22416.23,22510.48
20180725,22594.28,22645.66,22547.14,22614.25
20180726,22711.59,22717.15,22549.77,22586.87
20180727,22646.48,22712.75,22593.20,22712.75
20180730,22613.30,22631.32,22518.94,22544.84
20180731,22472.12,22678.06,22352.21,22553.72
20180801,22642.18,22775.47,22615.98,22746.70
20180802,22676.73,22754.73,22464.81,22512.53
20180803,22585.54,22613.50,22490.57,22525.18
20180806,22536.05,22635.68,22486.74,22507.32
20180807,22514.31,22666.68,22499.05,22662.74
20180808,22666.56,22800.61,22610.29,22644.31
20180809,22591.54,22648.88,22497.99,22598.39
20180810,22606.91,22608.86,22272.69,22298.08
20180813,22117.57,22124.60,21851.32,21857.43
20180814,22053.07,22356.08,22047.19,22356.08
20180815,22368.12,22380.28,22110.29,22204.22
20180816,21980.82,22240.42,21871.70,22192.04
20180817,22313.19,22340.95,22244.10,22270.38
20180820,22267.07,22288.31,22150.75,22199.00
20180821,22110.54,22306.83,22053.14,22219.73
20180822,22270.04,22390.20,22162.81,22362.55
20180823,22420.67,22463.03,22377.88,22410.82
20180824,22484.01,22602.24,22452.42,22601.77
20180827,22693.69,22838.06,22682.39,22799.64
20180828,22967.74,23006.77,22813.47,22813.47
20180829,22820.86,22968.18,22819.97,22848.22
20180830,23020.18,23032.17,22832.83,22869.50
20180831,22733.25,22890.61,22678.03,22865.15
20180903,22819.17,22820.48,22684.43,22707.38
20180904,22740.05,22753.18,22612.15,22696.90
20180905,22663.80,22692.25,22570.52,22580.83
20180906,22458.97,22535.34,22416.63,22487.94
20180907,22351.84,22372.89,22172.90,22307.06
20180910,22253.65,22396.88,22249.61,22373.09
20180911,22469.78,22667.85,22457.10,22664.69
20180912,22702.71,22709.37,22522.17,22604.61
20180913,22657.95,22858.41,22643.88,22821.32
20180914,23035.78,23105.28,22965.48,23094.67
20180918,23042.19,23481.53,23039.26,23420.54
20180919,23754.96,23842.05,23672.52,23672.52
20180920,23752.79,23781.75,23582.15,23674.93
20180921,23848.63,23971.41,23764.05,23869.93
20180925,23881.85,23950.98,23808.95,23940.26
20180926,23846.60,24033.79,23833.92,24033.79
20180927,23946.43,24089.32,23778.04,23796.74
20180928,24080.01,24286.10,24021.27,24120.04
20181001,24173.37,24306.54,24123.50,24245.76
20181002,24376.17,24448.07,24217.26,24270.62
20181003,24219.19,24260.63,24030.59,24110.96
20181004,24242.06,24247.82,23923.26,23975.62
20181005,23781.76,23928.62,23730.19,23783.72
20181009,23550.47,23587.05,23442.46,23469.39
20181010,23538.92,23589.38,23373.54,23506.04
20181011,23043.37,23051.19,22459.02,22590.86
20181012,22323.43,22711.13,22323.43,22694.66
20181015,22501.33,22520.59,22261.92,22271.30
20181016,22298.20,22549.24,22269.53,22549.24
20181017,22806.59,22959.41,22765.58,22841.12
20181018,22871.28,22873.13,22637.29,22658.16
20181019,22342.00,22551.67,22212.57,22532.08
20181022,22374.21,22672.25,22271.59,22614.82
20181023,22404.14,22410.15,21993.07,22010.78
20181024,22167.76,22207.09,21911.42,22091.18
20181025,21676.83,21703.21,21204.40,21268.73
20181026,21440.84,21476.66,20971.93,21184.60
20181029,21323.61,21465.99,21109.97,21149.80
20181030,21049.52,21568.40,21035.88,21457.29
20181031,21569.56,21920.46,21530.39,21920.46
20181101,21906.41,21906.41,21628.45,21687.65
20181102,21761.58,22308.42,21751.33,22243.66
20181105,22002.47,22051.65,21865.98,21898.99
20181106,22018.87,22160.83,21994.28,22147.75
20181107,22189.74,22444.65,21996.94,22085.80
20181108,22446.01,22583.43,22421.00,22486.92
20181109,22471.31,22494.58,22226.01,22250.25
20181112,22121.70,22324.01,22046.29,22269.88
20181113,21885.24,21892.29,21484.65,21810.52
20181114,21851.13,21990.41,21764.88,21846.48
20181115,21670.35,21818.73,21613.53,21803.62
20181116,21804.90,21873.74,21663.99,21680.34
20181119,21679.03,21852.92,21665.29,21821.16
20181120,21582.69,21687.12,21526.95,21583.12
20181121,21286.81,21555.61,21243.38,21507.54
20181122,21582.47,21684.64,21484.98,21646.55
20181126,21647.69,21838.10,21622.60,21812.00
20181127,21967.98,22006.83,21816.05,21952.40
20181128,22036.72,22216.98,22032.72,22177.02
20181129,22360.98,22437.95,22241.17,22262.60
20181130,22274.97,22362.20,22231.96,22351.06
20181203,22629.39,22698.79,22550.29,22574.76
20181204,22533.97,22576.62,22033.41,22036.05
20181205,21755.17,21979.18,21708.82,21919.33
20181206,21766.50,21805.02,21307.72,21501.62
20181207,21643.75,21734.94,21506.45,21678.68
20181210,21319.47,21365.78,21169.96,21219.50
20181211,21273.04,21279.02,21062.31,21148.02
20181212,21348.40,21631.47,21320.72,21602.75
20181213,21755.13,21871.34,21675.66,21816.19
20181214,21638.96,21751.31,21353.94,21374.83
20181217,21391.73,21563.27,21363.67,21506.88
20181218,21275.51,21330.36,21101.44,21115.45
20181219,21107.17,21168.62,20880.73,20987.92
20181220,20779.93,20841.34,20282.93,20392.58
20181221,20310.50,20334.73,20006.67,20166.19
20181225,19785.43,19785.43,19117.96,19155.74
20181226,19302.59,19530.35,18948.58,19327.06
20181227,19706.19,20211.57,19701.76,20077.62
20181228,19957.88,20084.38,19900.04,20014.77
20190104,19655.13,19692.58,19241.37,19561.96
20190107,19944.61,20266.22,19920.80,20038.97
20190108,20224.67,20347.92,20106.36,20204.04
20190109,20366.30,20494.35,20331.20,20427.06
20190110,20270.88,20345.92,20101.93,20163.80
20190111,20296.45,20389.89,20294.74,20359.70
20190115,20264.82,20571.28,20204.43,20555.29
20190116,20575.72,20580.25,20323.32,20442.75
20190117,20544.23,20571.75,20342.46,20402.27
20190118,20472.81,20682.12,20454.13,20666.07
20190121,20848.38,20892.68,20678.26,20719.33
20190122,20770.06,20805.93,20558.30,20622.91
20190123,20453.44,20686.29,20438.22,20593.72
20190124,20506.24,20620.72,20467.59,20574.63
20190125,20598.64,20844.31,20598.64,20773.56
20190128,20746.29,20759.48,20624.55,20649.00
20190129,20555.44,20673.66,20406.22,20664.64
20190130,20701.62,20706.27,20527.53,20556.54
20190131,20832.91,20869.42,20682.91,20773.49
20190201,20797.03,20929.63,20741.98,20788.39
20190204,20831.90,20922.58,20823.68,20883.77
20190205,20960.47,20981.23,20823.18,20844.45
20190206,20928.87,20971.66,20860.99,20874.06
20190207,20812.22,20844.77,20665.51,20751.28
20190208,20510.50,20562.39,20315.31,20333.17
20190212,20442.55,20885.88,20428.57,20864.21
20190213,21029.93,21213.74,20992.88,21144.48
20190214,21147.89,21235.62,21102.16,21139.71
20190215,21051.51,21051.51,20853.33,20900.63
20190218,21217.32,21306.36,21189.97,21281.85
20190219,21256.58,21344.17,21217.16,21302.65
20190220,21346.04,21494.85,21315.39,21431.49
20190221,21422.31,21553.35,21318.74,21464.23
20190222,21376.36,21451.23,21348.67,21425.51
20190225,21567.66,21590.03,21505.07,21528.23
20190226,21556.02,21610.88,21405.84,21449.39
20190227,21504.61,21578.81,21492.65,21556.51
20190228,21536.55,21536.55,21364.09,21385.16
20190301,21490.02,21641.58,21490.02,21602.69
20190304,21812.81,21860.39,21740.92,21822.04
20190305,21712.80,21798.38,21659.04,21726.28
20190306,21659.03,21684.60,21550.45,21596.81
20190307,21456.88,21472.16,21402.12,21456.01
20190308,21339.17,21359.32,20993.07,21025.56
20190311,21062.75,21145.94,20938.00,21125.09
20190312,21361.61,21568.48,21348.81,21503.69
20190313,21425.77,21474.17,21198.99,21290.24
20190314,21474.58,21522.75,21287.02,21287.02
20190315,21376.73,21521.68,21374.85,21450.85
20190318,21576.36,21612.67,21500.32,21584.50
20190319,21558.43,21585.55,21425.79,21566.85
20190320,21548.65,21614.17,21499.16,21608.92
20190322,21713.26,21713.26,21542.03,21627.34
20190325,21267.41,21275.43,20911.57,20977.11
20190326,21174.34,21460.99,21174.34,21428.39
20190327,21353.61,21388.59,21242.52,21378.73
20190328,21191.32,21191.32,20974.19,21033.76
20190329,21228.51,21267.25,21149.42,21205.81
20190401,21500.89,21682.94,21471.12,21509.03
20190402,21744.64,21744.64,21490.56,21505.31
20190403,21563.64,21722.72,21489.95,21713.21
20190404,21724.69,21787.60,21662.90,21724.95
20190405,21743.14,21839.18,21731.34,21807.50
20190408,21900.55,21900.55,21740.53,21761.65
20190409,21750.29,21811.88,21698.42,21802.59
20190410,21579.68,21687.57,21571.67,21687.57
20190411,21662.65,21721.42,21627.87,21711.38
20190412,21782.35,21878.78,21698.71,21870.56
20190415,22122.97,22211.03,22102.93,22169.11
20190416,22108.15,22261.33,22095.32,22221.66
20190417,22236.41,22345.19,22185.87,22277.97
20190418,22274.13,22305.63,22058.39,22090.12
20190419,22238.07,22250.37,22162.23,22200.56
20190422,22188.62,22280.19,22099.38,22217.90
20190423,22241.74,22268.37,22119.94,22259.74
20190424,22356.83,22362.92,22125.48,22200.00
20190425,22183.32,22334.69,22155.23,22307.58
20190426,22167.48,22270.29,22073.10,22258.73
20190507,22184.40,22190.49,21875.11,21923.72
20190508,21628.04,21639.12,21514.85,21602.59
20190509,21492.91,21559.76,21315.07,21402.13
20190510,21431.81,21584.09,21175.33,21344.92
20190513,21180.74,21277.66,21127.93,21191.28
20190514,20870.77,21077.48,20751.45,21067.23
20190515,21112.85,21191.53,20968.08,21188.56
20190516,21153.20,21153.20,20951.67,21062.98
20190517,21246.86,21398.85,21199.98,21250.09
20190520,21305.97,21430.06,21282.65,21301.73
20190521,21211.26,21318.80,21160.43,21272.45
20190522,21373.52,21404.54,21266.98,21283.37
20190523,21180.24,21209.56,21072.72,21151.14
20190524,20980.79,21117.22,20922.00,21117.22
20190527,21148.46,21232.38,21113.76,21182.58
20190528,21187.17,21297.70,21177.27,21260.14
20190529,21055.42,21071.73,20884.61,21003.37
20190530,20881.50,20942.53,20809.29,20942.53
20190531,20785.21,20823.10,20581.58,20601.19
20190603,20327.87,20438.03,20305.74,20410.88
20190604,20435.86,20464.57,20289.64,20408.54
20190605,20667.89,20800.64,20646.15,20776.10
20190606,20745.84,20842.28,20745.84,20774.04
20190607,20859.78,20907.77,20816.58,20884.71
20190610,21095.40,21166.12,21077.95,21134.42
20190611,21099.54,21227.18,21066.62,21204.28
20190612,21130.39,21259.70,21118.75,21129.72
20190613,21040.91,21111.23,20932.13,21032.00
20190614,21049.41,21119.73,20971.18,21116.89
20190617,21094.96,21185.25,21044.62,21124.00
20190618,21111.77,21153.65,20924.19,20972.71
20190619,21223.17,21358.72,21213.43,21333.87
20190620,21417.74,21491.39,21377.27,21462.86
20190621,21487.67,21497.82,21221.70,21258.64
20190624,21223.56,21317.86,21185.67,21285.99
20190625,21238.07,21313.77,21114.47,21193.81
20190626,21067.68,21129.64,21035.84,21086.59
20190627,21156.88,21338.17,21123.97,21338.17
20190628,21282.22,21324.93,21199.85,21275.92
20190701,21566.27,21758.34,21559.17,21729.97
20190702,21699.43,21784.22,21697.31,21754.27
20190703,21684.07,21708.72,21566.65,21638.16
20190704,21740.93,21755.63,21672.50,21702.45
20190705,21703.61,21746.38,21647.73,21746.38
20190708,21665.79,21672.65,21499.57,21534.35
20190709,21598.15,21687.29,21508.22,21565.15
20190710,21499.46,21601.86,21488.22,21533.48
20190711,21547.19,21649.93,21532.57,21643.53
20190712,21720.14,21720.14,21589.83,21685.90
20190716,21644.38,21655.52,21514.89,21535.25
20190717,21474.63,21488.27,21380.55,21469.18
20190718,21336.80,21347.84,20993.44,21046.24
20190719,21146.50,21474.30,21121.90,21466.99
20190722,21394.75,21445.03,21317.85,21416.79
20190723,21425.44,21686.53,21411.93,21620.88
20190724,21726.98,21744.88,21677.71,21709.57
20190725,21715.95,21823.07,21715.69,21756.55
20190726,21700.20,21709.74,21590.66,21658.15
20190729,21627.55,21652.95,21518.70,21616.80
20190730,21681.82,21792.98,21665.86,21709.31
20190731,21526.38,21589.11,21476.07,21521.53
20190801,21361.58,21556.69,21288.90,21540.99
20190802,21211.06,21211.06,20960.09,21087.16
20190805,20909.98,20941.83,20514.19,20720.29
20190806,20325.52,20607.83,20110.76,20585.31
20190807,20548.07,20570.19,20406.52,20516.56
20190808,20529.29,20682.24,20462.98,20593.35
20190809,20758.15,20782.06,20676.92,20684.82
20190813,20432.68,20503.38,20369.27,20455.44
20190814,20669.99,20697.42,20581.17,20655.13
20190815,20324.25,20419.88,20184.85,20405.65
20190816,20323.97,20465.71,20300.35,20418.81
20190819,20590.47,20633.90,20502.66,20563.16
20190820,20605.35,20684.06,20582.01,20677.22
20190821,20489.97,20626.05,20482.62,20618.57
20190822,20706.07,20731.19,20584.29,20628.01
20190823,20579.98,20719.31,20579.98,20710.91
20190826,20325.44,20329.01,20173.76,20261.04
20190827,20467.22,20529.94,20439.92,20456.08
20190828,20474.31,20511.21,20433.31,20479.42
20190829,20500.50,20520.68,20361.12,20460.93
20190830,20641.49,20748.35,20633.30,20704.37
20190902,20625.75,20667.56,20614.29,20620.19
20190903,20581.58,20662.23,20578.02,20625.16
20190904,20578.67,20694.35,20554.16,20649.14
20190905,20800.29,21164.61,20787.93,21085.94
20190906,21201.83,21241.29,21145.81,21199.57
20190909,21214.56,21333.51,21182.26,21318.42
20190910,21363.57,21438.35,21350.35,21392.10
20190911,21466.66,21619.21,21437.82,21597.76
20190912,21761.09,21825.92,21743.96,21759.61
20190913,21907.83,22019.66,21820.94,21988.29
20190917,21947.59,22041.08,21878.63,22001.32
20190918,22014.65,22027.86,21942.03,21960.71
20190919,22064.46,22255.56,22003.30,22044.45
20190920,22130.74,22204.75,22047.90,22079.09
20190924,22095.35,22168.74,22077.94,22098.84
20190925,21961.82,22036.48,21906.00,22020.15
20190926,22160.52,22184.91,21986.24,22048.24
20190927,21934.93,21955.79,21733.69,21878.90
20190930,21793.83,21811.98,21666.60,21755.84
20191001,21831.44,21938.77,21811.98,21885.24
20191002,21744.62,21795.01,21725.23,21778.61
20191003,21422.22,21437.74,21277.36,21341.74
20191004,21316.18,21410.20,21276.01,21410.20
20191007,21445.73,21475.28,21328.26,21375.25
20191008,21494.48,21629.24,21483.18,21587.78
20191009,21359.84,21467.77,21359.84,21456.38
20191010,21456.27,21601.46,21308.88,21551.98
20191011,21749.93,21820.77,21658.27,21798.87
20191015,22063.71,22219.63,22049.71,22207.21
20191016,22479.57,22615.47,22434.35,22472.92
20191017,22451.15,22522.39,22424.92,22451.86
20191018,22528.56,22649.85,22466.26,22492.68
20191021,22541.22,22581.28,22515.73,22548.90
20191023,22619.77,22648.81,22457.89,22625.38
20191024,22725.44,22780.99,22704.33,22750.60
20191025,22753.24,22819.92,22715.13,22799.81
20191028,22854.44,22896.22,22830.57,22867.27
20191029,22950.79,23008.43,22935.35,22974.13
20191030,22953.17,22961.23,22827.93,22843.12
20191031,22910.10,22988.80,22875.50,22927.04
20191101,22730.49,22852.72,22705.60,22850.77
20191105,23118.79,23328.52,23090.94,23251.99
20191106,23343.51,23352.56,23246.57,23303.82
20191107,23283.14,23336.00,23253.32,23330.32
20191108,23550.04,23591.09,23313.41,23391.87
20191111,23422.13,23471.82,23323.02,23331.84
20191112,23336.37,23545.70,23312.25,23520.01
20191113,23439.25,23452.63,23270.93,23319.87
20191114,23325.50,23360.06,23062.16,23141.55
20191115,23160.53,23340.77,23121.59,23303.32
20191118,23304.25,23420.62,23271.29,23416.76
20191119,23366.36,23389.53,23244.93,23292.65
20191120,23176.49,23303.17,23086.12,23148.57
20191121,23071.49,23108.08,22726.71,23038.58
20191122,23030.33,23219.51,23030.33,23112.88
20191125,23292.85,23347.18,23255.39,23292.81
20191126,23451.40,23608.06,23350.10,23373.32
20191127,23452.85,23507.82,23418.23,23437.77
20191128,23458.88,23482.32,23367.33,23409.14
20191129,23497.44,23498.77,23273.37,23293.91
20191202,23388.63,23562.05,23378.40,23529.50
20191203,23231.14,23388.18,23186.84,23379.81
20191204,23186.74,23203.77,23044.78,23135.23
20191205,23292.70,23363.44,23259.82,23300.09
20191206,23347.67,23412.48,23338.40,23354.40
20191209,23544.31,23544.31,23360.01,23430.70
20191210,23372.39,23449.47,23336.93,23410.19
20191211,23421.14,23438.43,23333.63,23391.86
20191212,23449.28,23468.15,23360.43,23424.81
20191213,23810.56,24050.04,23775.73,24023.10
20191216,23955.20,24036.30,23950.05,23952.35
20191217,24091.12,24091.12,23996.51,24066.12
20191218,24023.27,24046.09,23919.36,23934.43
20191219,23911.46,23945.53,23835.29,23864.85
20191220,23893.45,23908.77,23746.63,23816.63
20191223,23921.29,23923.09,23810.82,23821.11
20191224,23839.18,23853.56,23796.35,23830.58
20191225,23813.59,23824.85,23782.87,23782.87
20191226,23787.70,23931.51,23775.40,23924.92
20191227,23953.75,23967.18,23837.72,23837.72
20191230,23770.93,23782.49,23656.62,23656.62
20200106,23319.76,23365.36,23148.53,23204.86
20200107,23320.12,23577.44,23299.92,23575.72
20200108,23217.49,23303.21,22951.18,23204.76
20200109,23530.29,23767.09,23506.15,23739.87
20200110,23813.28,23903.29,23761.08,23850.57
20200114,23969.04,24059.86,23951.66,24025.17
20200115,23923.48,23997.39,23875.82,23916.58
20200116,23960.20,23975.38,23905.38,23933.13
20200117,24103.45,24115.95,24013.75,24041.26
20200120,24080.68,24108.11,24061.67,24083.51
20200121,24072.81,24081.75,23843.48,23864.56
20200122,23835.49,24040.87,23831.10,24031.35
20200123,23843.51,23910.01,23779.23,23795.44
20200124,23850.12,23869.38,23755.32,23827.18
20200127,23427.90,23463.89,23317.32,23343.51
20200128,23126.93,23243.36,23115.15,23215.71
20200129,23309.32,23392.61,23214.28,23379.40
20200130,23284.58,23318.57,22892.95,22977.75
20200131,23148.92,23421.59,23139.98,23205.18
20200203,22874.27,23023.73,22775.92,22971.94
20200204,22881.13,23118.13,22854.45,23084.59
20200205,23351.47,23414.69,23241.64,23319.56
20200206,23641.10,23995.37,23625.13,23873.59
20200207,23899.01,23943.45,23759.42,23827.98
20200210,23631.79,23788.25,23621.72,23685.98
20200212,23741.21,23869.73,23693.72,23861.21
20200213,23849.76,23908.85,23784.31,23827.73
20200214,23714.52,23738.42,23603.48,23687.59
20200217,23489.78,23561.98,23335.99,23523.24
20200218,23398.57,23402.01,23133.60,23193.80
20200219,23329.33,23468.56,23234.96,23400.70
20200220,23666.58,23806.56,23426.42,23479.15
20200221,23427.77,23588.55,23378.33,23386.74
20200225,22949.37,22950.23,22335.21,22605.41
20200226,22374.14,22456.55,22127.42,22426.19
20200227,22255.83,22272.26,21844.29,21948.23
20200228,21518.01,21528.13,20916.40,21142.96
20200302,20849.79,21593.11,20834.29,21344.08
20200303,21651.99,21719.78,21082.73,21082.73
20200304,20897.20,21245.93,20862.05,21100.06
20200305,21399.87,21399.87,21220.76,21329.12
20200306,21009.80,21061.20,20613.91,20749.75
20200309,20343.31,20347.19,19472.26,19698.76
20200310,19474.89,19970.35,18891.77,19867.12
20200311,19758.26,19974.83,19392.25,19416.06
20200312,19064.51,19142.18,18339.27,18559.63
20200313,18183.47,18184.46,16690.60,17431.05
20200316,17586.08,17785.76,16914.45,17002.04
20200317,16726.95,17557.04,16378.94,17011.53
20200318,17154.08,17396.84,16698.46,16726.55
20200319,16995.77,17160.97,16358.19,16552.83
20200323,16570.57,17049.03,16480.95,16887.78
20200324,17206.88,18100.39,17197.14,18092.35
20200325,18446.80,19564.38,18446.80,19546.63
20200326,19234.77,19240.29,18512.81,18664.60
20200327,19021.97,19389.43,18832.21,19389.43
20200330,18884.07,19084.97,18578.20,19084.97
20200331,19181.90,19336.19,18834.16,18917.01
20200401,18686.12,18784.25,17871.62,18065.41
20200402,17934.42,18132.04,17707.66,17818.72
20200403,17951.44,18059.15,17646.50,17820.19
20200406,17857.99,18672.26,17802.62,18576.30
20200407,18878.86,19162.52,18553.14,18950.18
20200408,19047.76,19454.34,18730.80,19353.24
20200409,19376.00,19406.96,19158.55,19345.77
20200410,19500.07,19500.07,19235.96,19498.50
20200413,19312.04,19355.04,19014.32,19043.40
20200414,19150.30,19705.99,19093.12,19638.81
20200415,19589.25,19660.68,19465.95,19550.09
20200416,19311.30,19362.17,19154.41,19290.20
20200417,19575.85,19922.07,19554.70,19897.26
20200420,19689.85,19784.38,19611.79,19669.12
20200421,19479.83,19529.06,19193.22,19280.78
20200422,19109.18,19137.95,18858.25,19137.95
20200423,19313.04,19429.44,19221.54,19429.44
20200424,19331.86,19352.24,19175.38,19262.00
20200427,19410.84,19819.06,19410.18,19783.22
20200428,19776.18,19841.78,19638.48,19771.19
20200430,20105.68,20365.89,20084.83,20193.69
20200501,19991.97,20000.25,19551.73,19619.35
20200507,19468.52,19720.87,19448.93,19674.77
20200508,19972.09,20179.09,19894.58,20179.09
20200511,20333.73,20534.88,20285.04,20390.66
20200512,20413.23,20457.37,20293.97,20366.48
20200513,20140.92,20329.89,20056.46,20267.05
20200514,20140.49,20185.00,19902.93,19914.78
20200515,20149.79,20198.25,19832.88,20037.47
20200518,20097.62,20197.59,19999.10,20133.73
20200519,20469.52,20659.46,20433.45,20433.45
20200520,20454.49,20684.46,20454.03,20595.15
20200521,20692.59,20734.91,20503.87,20552.31
20200522,20583.95,20615.12,20334.99,20388.16
20200525,20653.41,20741.65,20584.06,20741.65
20200526,20927.96,21328.34,20918.11,21271.17
20200527,21249.31,21475.68,21142.72,21419.23
20200528,21612.90,21926.29,21580.50,21916.31
20200529,21807.63,21955.44,21710.80,21877.89
20200601,21910.89,22161.39,21898.99,22062.39
20200602,22175.52,22401.79,22118.40,22325.61
20200603,22649.01,22818.87,22462.68,22613.76
20200604,22885.14,22907.92,22501.81,22695.74
20200605,22613.08,22865.88,22563.56,22863.73
20200608,23121.98,23178.10,23028.62,23178.10
20200609,23135.79,23185.85,22933.14,23091.03
20200610,22939.00,23175.82,22900.30,23124.95
20200611,22848.02,22939.39,22466.54,22472.91
20200612,22082.12,22350.30,21786.93,22305.48
20200615,22135.27,22251.83,21529.83,21530.95
20200616,21912.29,22624.14,21899.48,22582.21
20200617,22517.14,22536.38,22318.07,22455.76
20200618,22363.88,22432.25,22125.35,22355.46
20200619,22515.75,22523.66,22352.16,22478.79
20200622,22353.69,22575.74,22311.94,22437.27
20200623,22636.06,22693.89,22257.14,22549.05
20200624,22541.01,22663.29,22479.86,22534.32
20200625,22287.87,22423.41,22165.14,22259.79
20200626,22424.37,22589.14,22408.27,22512.08
20200629,22255.05,22281.38,21969.59,21995.04
20200630,22335.10,22448.30,22273.38,22288.14
20200701,22338.30,22360.31,22039.56,22121.73
20200702,22182.68,22267.51,22072.11,22145.96
20200703,22266.91,22312.44,22154.97,22306.48
20200706,22341.27,22734.11,22325.75,22714.44
20200707,22649.90,22742.28,22540.44,22614.69
20200708,22481.61,22667.95,22438.65,22438.65
20200709,22442.30,22679.08,22434.38,22529.29
20200710,22534.97,22563.68,22285.07,22290.81
20200713,22591.81,22784.74,22561.47,22784.74
20200714,22631.87,22677.02,22538.78,22587.01
20200715,22817.91,22965.56,22800.11,22945.50
20200716,22907.96,22925.90,22739.42,22770.36
20200717,22807.57,22857.82,22643.52,22696.42
20200720,22772.07,22788.53,22580.19,22717.48
20200721,22789.38,22925.58,22780.22,22884.22
20200722,22791.75,22855.31,22732.92,22751.61
20200727,22495.95,22741.13,22429.57,22715.85
20200728,22735.02,22842.19,22646.22,22657.38
20200729,22543.89,22584.87,22366.34,22397.11
20200730,22489.24,22506.60,22334.71,22339.23
20200731,22267.59,22295.05,21710.00,21710.00
20200803,21947.58,22214.59,21919.83,22195.38
20200804,22379.74,22603.82,22379.74,22573.66
20200805,22479.72,22554.20,22356.25,22514.85
20200806,22471.71,22587.75,22362.89,22418.15
20200807,22433.78,22436.16,22204.61,22329.94
20200811,22505.51,22760.87,22497.07,22750.24
20200812,22747.44,22874.37,22670.74,22843.96
20200813,23123.36,23316.69,23111.50,23249.61
20200814,23323.92,23338.79,23222.85,23289.36
20200817,23189.48,23248.75,23068.53,23096.75
20200818,23097.80,23128.18,22948.89,23051.08
20200819,22997.93,23149.85,22953.60,23110.61
20200820,23003.58,23078.36,22851.83,22880.62
20200821,23022.76,23135.43,22920.30,22920.30
20200824,22913.20,23012.71,22862.54,22985.51
20200825,23242.74,23431.04,23225.39,23296.77
20200826,23257.05,23348.80,23203.00,23290.86
20200827,23311.04,23323.07,23177.85,23208.86
20200828,23232.30,23376.13,22594.79,22882.65
20200831,23147.14,23342.32,23102.61,23139.76
20200901,23089.63,23206.66,23047.77,23138.07
20200902,23261.09,23287.40,23170.82,23247.15
20200903,23524.49,23580.51,23426.11,23465.53
20200904,23130.32,23257.69,23098.77,23205.43
20200907,23145.47,23218.22,23086.89,23089.95
20200908,23188.79,23277.66,23129.66,23274.13
20200909,22966.89,23059.02,22878.71,23032.54
20200910,23193.47,23250.31,23134.02,23235.47
20200911,23114.63,23412.93,23114.63,23406.49
20200914,23431.16,23582.21,23429.42,23559.30
20200915,23438.83,23477.86,23351.35,23454.89
20200916,23425.23,23506.45,23397.43,23475.53
20200917,23416.62,23446.39,23272.23,23319.37
20200918,23321.19,23398.46,23290.19,23360.30
20200923,23245.89,23370.13,23154.45,23346.49
20200924,23215.00,23234.72,23039.48,23087.82
20200925,23217.33,23272.67,23154.66,23204.62
20200928,23391.96,23516.04,23303.03,23511.62
20200929,23410.50,23622.74,23347.64,23539.10
20200930,23478.85,23522.38,23170.89,23185.12
20201002,23294.80,23365.58,22951.41,23029.90
20201005,23254.28,23377.43,23252.69,23312.14
20201006,23420.07,23441.16,23331.40,23433.73
20201007,23272.45,23432.73,23272.45,23422.82
20201008,23506.34,23701.77,23477.73,23647.07
20201009,23713.86,23725.58,23552.73,23619.69
20201012,23588.74,23597.91,23501.26,23558.69
20201013,23667.90,23667.90,23490.95,23601.78
20201014,23545.66,23656.70,23518.81,23626.73
20201015,23548.45,23581.16,23458.43,23507.23
20201016,23478.40,23538.74,23382.67,23410.63
20201019,23543.69,23707.16,23543.69,23671.13
20201020,23587.87,23674.87,23518.29,23567.04
20201021,23615.52,23702.30,23611.33,23639.46
20201022,23525.59,23555.78,23436.17,23474.27
20201023,23558.71,23587.90,23469.13,23516.59
20201026,23520.78,23572.60,23475.52,23494.34
20201027,23376.96,23485.80,23232.31,23485.80
20201028,23372.61,23451.03,23334.23,23418.51
20201029,23170.76,23374.10,23170.76,23331.94
20201030,23320.71,23320.71,22948.47,22977.13
20201102,23110.74,23370.91,23096.79,23295.48
20201104,23619.58,23801.88,23505.78,23695.23
20201105,23776.20,24112.42,23756.78,24105.28
20201106,24076.22,24389.00,24039.16,24325.23
20201109,24568.84,24962.80,24541.28,24839.84
20201110,25087.30,25279.94,24833.18,24905.59
20201111,25145.66,25401.30,25145.66,25349.60
20201112,25439.35,25587.96,25316.60,25520.88
20201113,25405.64,25456.18,25215.31,25385.87
20201116,25652.69,25928.18,25640.29,25906.93
20201117,26043.45,26057.30,25851.54,26014.62
20201118,25860.55,25882.14,25656.70,25728.14
20201119,25628.73,25650.86,25474.94,25634.34
20201120,25486.83,25555.37,25425.59,25527.37
20201124,25901.45,26261.78,25901.45,26165.59
20201125,26468.52,26706.42,26258.35,26296.86
20201126,26255.47,26560.03,26255.47,26537.31
20201127,26530.28,26672.40,26419.05,26644.71
20201130,26830.10,26834.20,26405.83,26433.62
20201201,26624.20,26852.16,26618.39,26787.54
20201202,26884.99,26889.90,26695.28,26800.98
20201203,26740.30,26868.09,26719.23,26809.37
20201204,26697.26,26799.83,26646.08,26751.24
20201207,26894.25,26894.25,26500.32,26547.44
20201208,26380.32,26523.30,26327.08,26467.08
20201209,26526.34,26826.78,26520.60,26817.94
20201210,26688.50,26852.77,26639.98,26756.24
20201211,26732.85,26819.41,26553.01,26652.52
20201214,26659.53,26870.47,26648.69,26732.44
20201215,26683.11,26736.84,26605.54,26687.84
20201216,26835.59,26874.98,26717.03,26757.40
20201217,26744.50,26843.05,26676.28,26806.67
20201218,26775.53,26824.29,26707.30,26763.39
20201221,26834.10,26905.67,26533.63,26714.42
20201222,26559.33,26639.99,26361.66,26436.39
20201223,26580.43,26585.21,26414.74,26524.79
20201224,26635.11,26764.53,26605.26,26668.35
20201225,26708.10,26716.61,26638.28,26656.61
20201228,26691.29,26854.03,26664.60,26854.03
20201229,26936.38,27602.52,26921.14,27568.15
20201230,27559.10,27572.57,27338.56,27444.17
20210104,27575.57,27602.11,27042.32,27258.38
20210105,27151.38,27279.78,27073.46,27158.63
20210106,27102.85,27196.40,27002.18,27055.94
20210107,27340.46,27624.73,27340.46,27490.13
20210108,27720.14,28139.03,27667.75,28139.03
20210112,28004.37,28287.37,27899.45,28164.34
20210113,28140.10,28503.43,28133.59,28456.59
20210114,28442.73,28979.53,28411.58,28698.26
20210115,28777.47,28820.50,28477.03,28519.18
20210118,28238.68,28349.97,28111.54,28242.21
20210119,28405.49,28720.91,28373.34,28633.46
20210120,28798.74,28801.19,28402.11,28523.26
20210121,28710.41,28846.15,28677.61,28756.86
20210122,28580.20,28698.18,28527.16,28631.45
20210125,28698.89,28822.29,28566.85,28822.29
20210126,28696.30,28740.71,28527.81,28546.18
20210127,28665.34,28754.99,28542.00,28635.21
20210128,28169.27,28360.48,27975.85,28197.42
20210129,28320.72,28320.72,27629.80,27663.39
20210201,27649.07,28107.10,27649.07,28091.05
20210202,28207.48,28379.31,28089.12,28362.17
20210203,28482.71,28669.95,28402.30,28646.50
20210204,28557.46,28600.22,28325.89,28341.95
20210205,28631.46,28785.71,28548.27,28779.19
20210208,28831.58,29400.56,28817.60,29388.50
20210209,29435.61,29585.75,29350.48,29505.93
20210210,29412.55,29562.93,29368.18,29562.93
20210212,29635.88,29650.51,29417.32,29520.07
20210215,29662.41,30092.34,29662.41,30084.15
20210216,30229.46,30714.52,30191.65,30467.75
20210217,30366.82,30398.20,30191.01,30292.19
20210218,30311.98,30560.49,30140.01,30236.09
20210219,29970.59,30169.59,29847.33,30017.92
20210222,30281.78,30458.13,30089.18,30156.03
20210224,30020.11,30089.59,29671.70,29671.70
20210225,30077.27,30213.28,30044.43,30168.27
20210226,29753.73,29760.31,28966.01,28966.01
20210301,29419.45,29686.39,29396.04,29663.50
20210302,29939.75,29996.39,29314.82,29408.17
20210303,29482.12,29604.37,29336.60,29559.10
20210304,29198.42,29277.19,28711.04,28930.11
20210305,28725.48,28867.83,28308.57,28864.32
20210308,29208.19,29255.90,28644.26,28743.25
20210309,28748.87,29053.56,28609.21,29027.94
20210310,29118.28,29233.47,28960.09,29036.56
20210311,29033.92,29255.42,28995.33,29211.64
20210312,29287.74,29744.32,29210.40,29717.83
20210315,29804.50,29884.73,29670.31,29766.97
20210316,29770.39,30026.40,29755.47,29921.09
20210317,29836.83,29984.97,29825.16,29914.33
20210318,30148.48,30485.00,30041.50,30216.75
20210319,29904.57,30049.77,29621.22,29792.05
20210322,29444.10,29472.98,29107.63,29174.15
20210323,29381.49,29496.83,28995.92,28995.92
20210324,28765.55,28867.67,28379.06,28405.52
20210325,28457.33,28821.83,28414.92,28729.88
20210326,29068.52,29240.74,28953.22,29176.70
20210329,29478.12,29578.37,29200.88,29384.52
20210330,29365.04,29478.20,29283.89,29432.70
20210331,29278.33,29348.99,29165.52,29178.80
20210401,29441.91,29585.46,29318.82,29388.87
20210402,29704.66,29869.67,29694.09,29854.00
20210405,30084.61,30195.00,30024.25,30089.25
20210406,30208.89,30208.89,29665.86,29696.63
20210407,29743.48,29867.94,29523.55,29730.79
20210408,29675.88,29744.79,29516.42,29708.98
20210409,29865.53,30064.35,29768.06,29768.06
20210412,29874.43,29876.04,29538.73,29538.73
20210413,29605.69,29897.11,29573.79,29751.61
20210414,29718.06,29722.40,29567.18,29620.99
20210415,29573.90,29787.66,29558.55,29642.69
20210416,29789.08,29789.08,29621.83,29683.37
20210419,29688.32,29808.01,29530.84,29685.37
20210420,29355.87,29361.28,29014.36,29100.38
20210421,28660.36,28778.93,28419.84,28508.55
20210422,28880.78,29192.39,28800.86,29188.17
20210423,28939.12,29035.34,28770.62,29020.63
20210426,29095.49,29241.28,28896.37,29126.23
20210427,29174.53,29187.11,28990.19,28991.89
20210428,28935.51,29139.70,28875.91,29053.97
20210430,28996.66,29046.49,28760.27,28812.63
20210506,29024.01,29430.22,28966.47,29331.37
20210507,29330.45,29449.86,29237.36,29357.82
20210510,29376.89,29685.41,29346.14,29518.34
20210511,29238.56,29289.12,28535.36,28608.59
20210512,28712.10,28831.03,27888.59,28147.51
20210513,27929.01,27961.96,27385.03,27448.01
20210514,27723.70,28139.96,27723.70,28084.47
20210517,28310.46,28312.78,27632.53,27824.83
20210518,27931.57,28481.17,27931.57,28406.84
20210519,28031.22,28216.65,27842.98,28044.45
20210520,27875.50,28176.87,27821.96,28098.25
20210521,28269.61,28411.56,28193.03,28317.83
20210524,28212.32,28584.18,28212.32,28364.61
20210525,28516.99,28576.97,28443.74,28553.98
20210526,28396.62,28710.83,28396.62,28642.19
20210527,28543.32,28587.21,28360.56,28549.01
20210528,28912.54,29194.11,28899.66,29149.41
20210531,29019.45,29147.71,28791.60,28860.08
20210601,28998.65,29075.47,28611.25,28814.34
20210602,28730.81,29003.55,28565.83,28946.14
20210603,28890.39,29157.16,28879.15,29058.11
20210604,28901.42,28991.24,28764.68,28941.52
20210607,29214.00,29241.20,28973.05,29019.24
20210608,29046.03,29140.68,28897.64,28963.56
20210609,28901.56,28932.03,28801.83,28860.80
20210610,28799.74,29007.53,28799.74,28958.56
20210611,29030.04,29080.89,28839.54,28948.73
20210614,29153.11,29208.35,29026.27,29161.80
20210615,29256.03,29480.85,29235.71,29441.30
20210616,29306.14,29434.10,29263.72,29291.01
20210617,29149.34,29197.68,28875.39,29018.33
20210618,29136.74,29136.74,28957.98,28964.08
20210621,28506.84,28506.84,27795.86,28010.93
20210622,28513.07,28895.26,28494.46,28884.13
20210623,28886.92,29007.83,28860.06,28874.89
20210624,28811.82,28935.34,28758.37,28875.23
20210625,29137.30,29174.17,28992.74,29066.18
20210628,29112.66,29121.28,28984.93,29048.02
20210629,28927.44,28951.68,28735.55,28812.61
20210630,28896.31,28998.99,28779.76,28791.53
20210701,28832.41,28833.17,28624.80,28707.04
20210702,28719.24,28849.32,28688.63,28783.28
20210705,28709.57,28731.07,28581.08,28598.19
20210706,28677.95,28748.23,28587.61,28643.21
20210707,28262.40,28434.99,28161.75,28366.95
20210708,28332.63,28366.76,28118.03,28118.03
20210709,27739.42,28000.02,27419.40,27940.42
20210712,28412.70,28595.12,28405.60,28569.02
20210713,28713.82,28852.31,28699.04,28718.24
20210714,28517.31,28696.80,28482.82,28608.49
20210715,28539.32,28571.72,28240.21,28279.09
20210716,28039.26,28201.30,27847.35,28003.08
20210719,27663.40,27792.52,27493.63,27652.74
20210720,27351.80,27564.52,27330.15,27388.16
20210721,27747.06,27882.43,27438.07,27548.00
20210726,27990.47,28036.47,27786.44,27833.29
20210727,27911.93,28036.23,27862.69,27970.22
20210728,27674.99,27809.86,27466.99,27581.66
20210729,27722.61,27798.05,27663.41,27782.42
20210730,27677.89,27699.35,27272.49,27283.59
20210802,27493.32,27834.60,27493.32,27781.02
20210803,27580.03,27724.45,27492.40,27641.83
20210804,27612.90,27636.34,27488.74,27584.08
20210805,27526.67,27741.55,27526.67,27728.12
20210806,27709.22,27888.87,27709.22,27820.04
20210810,27887.03,28128.61,27808.54,27888.15
20210811,28045.84,28146.68,27974.99,28070.51
20210812,28177.20,28279.80,28006.31,28015.02
20210813,28038.96,28070.00,27949.33,27977.15
20210816,27806.11,27833.21,27427.38,27523.19
20210817,27666.94,27750.39,27424.47,27424.47
20210818,27418.08,27671.57,27347.77,27585.91
20210819,27398.58,27504.80,27255.58,27281.17
20210820,27238.45,27316.79,26954.81,27013.25
20210823,27193.10,27541.63,27193.10,27494.24
20210824,27653.23,27817.89,27653.23,27732.10
20210825,27768.13,27897.72,27684.05,27724.80
20210826,27793.63,27828.28,27684.50,27742.29
20210827,27581.24,27670.66,27481.23,27641.14
20210830,27867.60,27921.55,27656.63,27789.29
20210831,27690.77,28158.95,27602.21,28089.54
20210901,28179.04,28457.67,28179.04,28451.02
20210902,28522.46,28626.20,28412.91,28543.51
20210903,28626.48,29149.65,28607.87,29128.11
20210906,29501.22,29705.04,29469.35,29659.89
20210907,29883.92,30048.23,29838.43,29916.14
20210908,29819.55,30241.87,29787.13,30181.21
20210909,29959.21,30097.56,29909.92,30008.19
20210910,30089.45,30381.84,30064.02,30381.84
20210913,30372.02,30447.37,30229.01,30447.37
20210914,30584.77,30795.78,30504.81,30670.10
20210915,30464.17,30573.41,30347.30,30511.71
20210916,30606.15,30622.39,30202.51,30323.34
20210917,30387.54,30541.99,30358.93,30500.05
20210921,30021.25,30051.00,29832.52,29839.71
20210922,29744.73,29868.10,29573.88,29639.40
20210924,30141.61,30276.38,30110.30,30248.81
20210927,30277.82,30414.61,30197.40,30240.06
20210928,30142.38,30207.63,30001.99,30183.96
20210929,29611.92,29679.26,29329.16,29544.29
20210930,29569.19,29622.27,29311.34,29452.66
20211001,29235.11,29393.67,28680.73,28771.07
20211004,29044.47,29046.06,28343.58,28444.89
20211005,28050.39,28058.67,27460.29,27822.12
20211006,28033.91,28209.82,27293.62,27528.87
20211007,27665.97,28015.11,27607.97,27678.21
20211008,28031.37,28321.35,28018.89,28048.94
20211011,27977.57,28581.36,27893.32,28498.20
20211012,28458.88,28468.88,28166.38,28230.61
20211013,28085.44,28364.99,27993.46,28140.28
20211014,28264.41,28576.68,28234.01,28550.93
20211015,28787.26,29082.35,28726.22,29068.63
20211018,29093.82,29144.33,28924.40,29025.46
20211019,29117.28,29272.49,29075.37,29215.52
20211020,29385.95,29489.11,29222.32,29255.55
20211021,29152.74,29220.82,28688.78,28708.58
20211022,28578.53,28989.50,28546.57,28804.85
20211025,28527.13,28668.70,28472.55,28600.41
20211026,28927.61,29160.76,28893.95,29106.01
20211027,29056.01,29139.22,28870.25,29098.24
20211028,28871.61,28895.11,28693.06,28820.09
20211029,28819.16,29000.65,28475.06,28892.69
20211101,29330.68,29666.83,29267.63,29647.08
20211102,29462.40,29599.57,29457.18,29520.90
20211104,29859.74,29880.81,29718.78,29794.37
20211105,29840.73,29840.73,29504.07,29611.57
20211108,29735.45,29735.45,29507.05,29507.05
20211109,29557.55,29750.46,29240.31,29285.46
20211110,29209.06,29296.88,29079.77,29106.78
20211111,29046.19,29336.03,29040.08,29277.86
20211112,29381.45,29661.22,29381.45,29609.97
20211115,29807.37,29861.88,29718.21,29776.80
20211116,29749.71,29960.93,29681.25,29808.12
20211117,29906.68,29909.97,29623.79,29688.33
20211118,29597.93,29715.95,29402.57,29598.66
20211119,29641.05,29768.54,29589.19,29745.87
20211122,29618.55,29806.49,29542.29,29774.11
20211124,29663.45,29758.05,29212.93,29302.66
20211125,29469.65,29570.42,29444.45,29499.28
20211126,29324.47,29332.99,28605.61,28751.62
20211129,28337.96,28776.34,28187.12,28283.92
20211130,28611.73,28718.70,27819.14,27821.76
20211201,27866.73,28106.30,27594.01,27935.62
20211202,27716.20,27938.55,27644.96,27753.37
20211203,27841.05,28029.57,27588.61,28029.57
20211206,28069.96,28081.04,27693.91,27927.37
20211207,28138.82,28618.46,27961.66,28455.60
20211208,28792.89,28897.44,28621.47,28860.62
20211209,28827.32,28908.29,28725.47,28725.47
20211210,28542.50,28699.01,28392.87,28437.77
20211213,28705.26,28793.32,28593.45,28640.49
20211214,28554.86,28672.96,28309.67,28432.64
20211215,28358.47,28525.83,28358.47,28459.72
20211216,28868.37,29070.08,28782.19,29066.32
20211217,28854.60,28904.94,28503.08,28545.68
20211220,28325.46,28441.51,27893.18,27937.81
20211221,28309.60,28533.74,28226.43,28517.59
20211222,28614.06,28673.77,28473.85,28562.21
20211223,28703.01,28798.37,28640.15,28798.37
20211224,28836.05,28870.13,28773.50,28782.59
20211227,28786.33,28805.28,28658.82,28676.46
20211228,28953.32,29121.01,28879.68,29069.16
20211229,28995.73,29106.28,28729.61,28906.88
20211230,28794.24,28904.42,28579.49,28791.71
20220104,29098.41,29323.79,28954.56,29301.79
20220105,29288.80,29388.16,29204.45,29332.16
20220106,29136.75,29158.95,28487.87,28487.87
20220107,28711.53,28813.09,28293.70,28478.56
20220111,28380.90,28473.47,28089.49,28222.48
20220112,28449.53,28814.31,28427.60,28765.66
20220113,28658.22,28660.45,28444.96,28489.13
20220114,28246.99,28252.96,27889.21,28124.28
20220117,28332.72,28449.99,28274.18,28333.52
20220118,28451.34,28690.34,28129.66,28257.25
20220119,27928.89,27958.17,27314.41,27467.23
20220120,27401.43,27882.53,27217.59,27772.93
20220121,27404.36,27586.42,27129.61,27522.26
20220124,27258.45,27627.60,27203.33,27588.37
20220125,27466.82,27493.75,26890.94,27131.34
20220126,27105.98,27184.54,26858.68,27011.33
20220127,27139.88,27193.59,26044.52,26170.30
20220128,26429.85,26764.85,26289.69,26717.34
20220131,26690.60,27134.57,26541.65,27001.98
20220201,27167.14,27410.79,27016.71,27078.48
20220202,27302.99,27564.62,27289.16,27533.60
20220203,27330.96,27357.33,27165.93,27241.31
20220204,27095.90,27455.98,27075.99,27439.99
20220207,27327.63,27369.68,27085.32,27248.87
20220208,27318.30,27461.33,27280.25,27284.52
20220209,27488.65,27633.10,27405.88,27579.87
20220210,27818.10,27880.70,27575.07,27696.08
20220214,27305.92,27325.50,26947.65,27079.59
20220215,27183.56,27205.20,26724.91,26865.19
20220216,27269.05,27486.09,27227.24,27460.40
20220217,27431.42,27438.74,27080.92,27232.87
20220218,26895.16,27216.16,26792.54,27122.07
20220221,26771.58,26998.47,26549.00,26910.87
20220222,26515.45,26550.14,26243.73,26449.61
20220224,26281.35,26357.58,25775.64,25970.82
20220225,26213.20,26481.60,26160.19,26476.50
20220228,26457.52,26644.56,26262.63,26526.82
20220301,26836.74,27013.26,26821.75,26844.72
20220302,26532.20,26585.30,26313.72,26393.03
20220303,26628.87,26704.85,26496.72,26577.27
20220304,26421.85,26421.85,25774.28,25985.47
20220307,25634.09,25640.41,25006.26,25221.41
20220308,24974.35,25291.33,24767.33,24790.95
20220309,24876.49,25084.08,24681.74,24717.53
20220310,25108.47,25720.31,25099.85,25690.40
20220311,25495.03,25503.65,24966.50,25162.78
20220314,25338.64,25631.01,25299.64,25307.85
20220315,25228.53,25441.67,25219.13,25346.48
20220316,25574.90,25824.94,25470.46,25762.01
20220317,26170.38,26702.94,26152.89,26652.89
20220318,26649.50,26862.43,26592.98,26827.43
20220322,27091.32,27284.47,27076.33,27224.11
20220323,27606.79,28056.20,27604.37,28040.16
20220324,27693.77,28110.39,27624.62,28110.39
20220325,28338.81,28338.81,27946.79,28149.84
20220328,28084.08,28084.08,27812.67,27943.89
20220329,28173.43,28252.42,28063.92,28252.42
20220330,28250.80,28281.45,27736.27,28027.25
20220331,27809.97,28101.68,27763.96,27821.43
20220401,27624.11,27738.31,27399.48,27665.98
20220404,27685.65,27754.24,27578.81,27736.47
20220405,27965.94,27965.94,27662.28,27787.98
20220406,27533.88,27549.67,27214.61,27350.30
20220407,27032.42,27042.49,26801.79,26888.57
20220408,27097.05,27185.23,26764.36,26985.80
20220411,26877.60,27004.50,26720.46,26821.52
20220412,26606.87,26674.86,26304.08,26334.98
20220413,26436.06,26885.87,26429.47,26843.49
20220414,26925.64,27200.89,26890.68,27172.00
20220415,26932.48,27203.77,26784.92,27093.19
20220418,26831.45,26851.80,26571.38,26799.71
20220419,27096.49,27100.59,26777.71,26985.09
20220420,27210.79,27389.84,27066.18,27217.85
20220421,27259.14,27580.64,27252.83,27553.06
20220422,27197.80,27205.83,26904.38,27105.26
20220425,26692.48,26764.48,26487.84,26590.78
20220426,26743.21,26808.99,26592.99,26700.11
20220427,26313.14,26406.62,26051.04,26386.63
20220428,26430.28,26876.95,26348.36,26847.90
20220502,26851.10,26964.59,26610.86,26818.53
20220506,26784.29,27072.59,26543.29,27003.56
20220509,26705.32,26732.61,26309.22,26319.34
20220510,26149.06,26246.63,25773.83,26167.10
20220511,26045.38,26290.62,26003.26,26213.64
20220512,25945.04,26028.36,25688.11,25748.72
20220513,25918.80,26479.93,25904.40,26427.65
20220516,26753.37,26836.96,26438.61,26547.05
20220517,26555.23,26709.26,26440.62,26659.75
20220518,26826.82,27053.18,26741.34,26911.20
20220519,26435.32,26458.85,26150.09,26402.84
20220520,26448.23,26769.20,26426.99,26739.03
20220523,26991.42,27047.47,26832.65,27001.52
20220524,27005.43,27005.43,26736.01,26748.14
20220525,26711.53,26795.89,26578.03,26677.80
20220526,26685.02,26898.75,26597.97,26604.84
20220527,26947.80,26996.70,26731.60,26781.68
20220530,27092.82,27401.24,27057.20,27369.43
20220531,27318.09,27463.33,27250.70,27279.80
20220601,27295.63,27482.31,27295.42,27457.89
20220602,27340.52,27450.47,27251.24,27413.88
20220603,27660.62,27776.33,27614.86,27761.57
20220606,27549.64,27979.54,27523.95,27915.89
20220607,27984.79,28094.73,27863.38,27943.95
20220608,28100.26,28234.29,28089.78,28234.29
20220609,28189.35,28389.75,28189.35,28246.53
20220610,27996.35,28044.45,27795.17,27824.29
20220613,27369.66,27389.30,26948.22,26987.44
20220614,26555.75,26657.92,26357.90,26629.86
20220615,26625.68,26638.76,26321.68,26326.16
20220616,26715.52,26947.70,26431.20,26431.20
20220617,25988.20,26072.35,25720.80,25963.00
20220620,26156.62,26156.62,25520.23,25771.22
20220621,26070.92,26418.84,25972.28,26246.31
20220622,26441.72,26462.83,26149.17,26149.55
20220623,26134.89,26401.97,26039.57,26171.25
20220624,26228.42,26519.16,26148.56,26491.97
20220627,26741.80,26938.43,26665.44,26871.27
20220628,26795.68,27062.31,26789.50,27049.47
20220629,26814.23,26858.68,26687.47,26804.60
20220630,26753.28,26753.28,26324.31,26393.04
20220701,26460.71,26531.24,25841.75,25935.62
20220704,26086.78,26258.86,25945.83,26153.81
20220705,26386.23,26532.51,26294.84,26423.47
20220706,26190.40,26298.96,26051.19,26107.65
20220707,26280.94,26533.65,26136.99,26490.53
20220708,26623.85,26881.75,26510.53,26517.19
20220711,26892.73,27062.17,26710.59,26812.30
20220712,26701.00,26718.67,26278.28,26336.66
20220713,26403.79,26543.07,26389.10,26478.77
20220714,26357.32,26713.07,26312.79,26643.39
20220715,26736.08,26857.77,26571.38,26788.47
20220719,27003.83,27043.58,26791.71,26961.68
20220720,27295.95,27692.85,27295.95,27680.26
20220721,27627.88,27803.00,27549.56,27803.00
20220722,27773.14,27952.25,27701.25,27914.66
20220725,27697.77,27848.59,27663.16,27699.25
20220726,27682.20,27715.78,27538.39,27655.21
20220727,27575.16,27772.97,27525.09,27715.75
20220728,27909.15,28015.68,27651.99,27815.48
20220729,27915.22,28001.80,27725.24,27801.64
20220801,27813.82,27993.35,27751.59,27993.35
20220802,27812.48,27830.58,27530.60,27594.73
20220803,27673.00,27837.63,27634.65,27741.90
20220804,27930.94,28005.59,27870.05,27932.20
20220805,27915.06,28190.04,27910.22,28175.87
20220808,28050.09,28279.12,28047.08,28249.24
20220809,28236.84,28257.34,27966.91,27999.96
20220810,27955.11,27964.96,27729.46,27819.33
20220812,28251.74,28546.98,28207.86,28546.98
20220815,28623.78,28897.07,28623.78,28871.78
20220816,28829.53,28928.16,28752.88,28868.91
20220817,28952.65,29222.77,28944.71,29222.77
20220818,28957.40,28999.64,28846.52,28942.14
20220819,29095.71,29150.80,28913.05,28930.33
20220822,28654.07,28828.21,28586.36,28794.50
20220823,28580.20,28580.20,28395.30,28452.75
20220824,28481.34,28515.61,28282.21,28313.47
20220825,28415.11,28534.71,28357.03,28479.01
20220826,28639.47,28792.93,28608.70,28641.38
20220829,28161.06,28179.09,27788.12,27878.96
20220830,28086.72,28233.80,27944.25,28195.58
20220831,27928.09,28104.80,27906.17,28091.53
20220901,27797.00,27832.78,27589.70,27661.47
20220902,27755.60,27772.37,27570.74,27650.84
20220905,27567.29,27673.44,27511.68,27619.61
20220906,27650.15,27813.78,27557.99,27626.51
20220907,27546.01,27546.01,27268.70,27430.30
20220908,27732.68,28083.79,27718.30,28065.28
20220909,28204.71,28286.02,28091.38,28214.75
20220912,28483.59,28612.89,28438.37,28542.11
20220913,28556.21,28659.76,28530.36,28614.63
20220914,28132.70,28141.92,27795.64,27818.62
20220915,27873.96,27946.20,27801.44,27875.91
20220916,27631.39,27654.99,27525.68,27567.65
20220920,27788.68,27907.45,27627.86,27688.42
20220921,27440.84,27467.34,27297.50,27313.13
20220922,27053.58,27197.07,26955.18,27153.83
20220926,26779.44,26779.44,26424.60,26431.55
20220927,26585.38,26680.20,26523.77,26571.87
20220928,26422.86,26516.32,25938.36,26173.98
20220929,26280.50,26458.67,26221.78,26422.05
20220930,26240.00,26273.65,25805.59,25937.21
20221003,25778.95,26223.84,25621.96,26215.79
20221004,26653.49,26994.44,26633.52,26992.21
20221005,27211.32,27216.80,27030.55,27120.53
20221006,27137.98,27399.19,27137.98,27311.30
20221007,26975.92,27198.91,26921.90,27116.11
20221011,26757.12,26759.62,26369.56,26401.25
20221012,26353.22,26495.75,26313.41,26396.83
20221013,26398.29,26408.31,26237.42,26237.42
20221014,26599.32,27180.16,26595.35,27090.76
20221017,26785.02,26814.92,26649.13,26775.79
20221018,27167.73,27229.88,26910.10,27156.14
20221019,27225.17,27371.38,27192.79,27257.38
20221020,26981.75,27092.55,26872.45,27006.96
20221021,26903.50,26985.38,26869.38,26890.58
20221024,27233.00,27308.97,26974.90,26974.90
20221025,27113.20,27337.80,27073.18,27250.28
20221026,27410.64,27578.05,27404.90,27431.84
20221027,27407.23,27450.26,27330.79,27345.24
20221028,27097.38,27265.46,26981.08,27105.20
20221031,27404.30,27602.99,27392.99,27587.46
20221101,27614.64,27682.97,27526.18,27678.92
20221102,27562.30,27692.55,27546.88,27663.39
20221104,27371.89,27389.30,27032.02,27199.74
20221107,27406.78,27578.01,27357.53,27527.64
20221108,27718.84,27943.27,27704.64,27872.11
20221109,27884.55,27926.52,27688.86,27716.43
20221110,27459.08,27485.38,27370.62,27446.10
20221111,27868.69,28329.54,27837.09,28263.57
20221114,28277.64,28305.04,27963.47,27963.47
20221115,27940.26,28038.63,27903.27,27990.17
20221116,28020.49,28069.25,27743.15,28028.30
20221117,27952.21,28029.62,27910.01,27930.57
20221118,28009.82,28045.44,27877.78,27899.77
20221121,27982.00,28007.06,27846.30,27944.79
20221122,28059.51,28203.35,28038.16,28115.74
20221124,28373.72,28502.29,28363.66,28383.09
20221125,28398.77,28399.88,28263.60,28283.03
20221128,28220.56,28238.50,28046.32,28162.83
20221129,27991.50,28055.91,27899.98,28027.84
20221130,27886.67,27972.89,27802.71,27968.99
20221201,28273.13,28423.46,28226.08,28226.08
20221202,27983.18,27983.18,27662.12,27777.90
20221205,27752.99,27854.11,27700.86,27820.40
20221206,27704.06,27934.07,27698.31,27885.87
20221207,27670.29,27786.25,27646.78,27686.40
20221208,27622.30,27643.64,27415.66,27574.43
20221209,27633.96,27952.80,27633.96,27901.01
20221212,27741.10,27865.72,27734.66,27842.33
20221213,28067.37,28116.56,27907.49,27954.85
20221214,28005.03,28195.69,27993.78,28156.21
20221215,27991.14,28163.17,27987.54,28051.70
20221216,27706.70,27713.04,27488.83,27527.12
20221219,27279.92,27349.58,27165.78,27237.64
20221220,27257.35,27339.49,26416.91,26568.03
20221221,26547.17,26616.28,26269.80,26387.72
20221222,26552.43,26585.28,26399.31,26507.87
20221223,26207.77,26291.98,26106.38,26235.25
20221226,26299.54,26438.65,26294.85,26405.87
20221227,26570.78,26620.49,26447.87,26447.87
20221228,26309.34,26354.27,26199.67,26340.50
20221229,26074.90,26126.70,25953.92,26093.67
20221230,26288.00,26321.37,26067.92,26094.50
20230104,25834.93,25840.68,25661.89,25716.86
20230105,25825.50,25947.10,25750.46,25820.80
20230106,25740.08,26034.06,25719.61,25973.85
20230110,26176.61,26316.66,26132.80,26175.56
20230111,26362.21,26479.99,26332.05,26446.00
20230112,26524.94,26547.61,26381.93,26449.82
20230113,26391.78,26409.21,26090.84,26119.52
20230116,25836.67,25938.04,25748.10,25822.32
20230117,25915.51,26198.69,25895.30,26138.68
20230118,26251.34,26816.68,26211.84,26791.12
20230119,26541.08,26592.87,26368.97,26405.23
20230120,26346.69,26553.53,26320.96,26553.53
20230123,26880.21,26938.28,26788.76,26906.04
20230124,27150.43,27381.00,27150.43,27299.19
20230125,27175.88,27473.90,27175.88,27395.01
20230126,27444.64,27502.15,27284.08,27362.75
20230127,27428.41,27452.67,27326.91,27382.56
20230130,27384.77,27486.42,27337.25,27433.40
20230131,27458.56,27494.17,27302.22,27327.11
20230201,27483.41,27547.67,27322.79,27346.88
20230202,27453.67,27472.44,27338.43,27402.05
20230203,27455.03,27612.57,27445.69,27509.46
20230206,27764.66,27821.22,27656.47,27693.65
20230207,27744.90,27814.96,27662.11,27685.47
20230208,27690.74,27719.45,27458.53,27606.46
20230209,27453.40,27635.38,27424.69,27584.35
20230210,27711.25,27814.02,27609.33,27670.98
20230213,27550.35,27570.32,27266.94,27427.32
20230214,27705.37,27721.82,27553.18,27602.77
20230215,27686.01,27720.27,27444.13,27501.86
20230216,27654.72,27727.66,27597.12,27696.44
20230217,27484.60,27608.59,27466.61,27513.13
20230220,27497.13,27531.94,27426.48,27531.94
20230221,27486.09,27538.29,27359.12,27473.10
20230222,27265.99,27300.53,27046.08,27104.32
20230224,27144.72,27465.90,27128.32,27453.48
20230227,27322.73,27456.22,27292.74,27423.96
20230228,27515.34,27585.17,27400.36,27445.56
20230301,27363.57,27530.76,27305.37,27516.53
20230302,27564.82,27617.80,27408.54,27498.87
20230303,27683.26,27961.21,27655.34,27927.47
20230306,28182.31,28288.62,28153.82,28237.78
20230307,28202.59,28398.27,28202.59,28309.16
20230308,28237.21,28469.41,28232.68,28444.19
20230309,28648.11,28734.79,28558.88,28623.15
20230310,28385.29,28424.24,28118.74,28143.97
20230313,27886.21,27906.97,27631.53,27832.96
20230314,27455.95,27455.95,27104.75,27222.04
20230315,27421.66,27424.94,27105.99,27229.48
20230316,26796.67,27057.54,26632.92,27010.61
20230317,27232.23,27356.15,27071.71,27333.79
20230320,27253.73,27367.18,26945.67,26945.67
20230322,27298.15,27520.97,27267.26,27466.61
20230323,27232.97,27461.97,27175.63,27419.61
20230324,27368.62,27397.29,27257.44,27385.25
20230327,27482.39,27543.48,27359.72,27476.87
20230328,27573.82,27603.45,27432.76,27518.25
20230329,27549.37,27897.72,27505.48,27883.78
20230330,27827.89,27876.38,27630.55,27782.93
20230331,28009.22,28124.62,27986.62,28041.48
20230403,28203.35,28258.91,28120.71,28188.15
20230404,28213.93,28287.42,28139.12,28287.42
20230405,28111.04,28133.57,27788.77,27813.26
20230406,27589.14,27609.86,27427.66,27472.63
20230407,27554.37,27591.15,27456.25,27518.31
20230410,27658.52,27737.49,27597.18,27633.66
20230411,27895.90,28068.39,27854.82,27923.37
20230412,27985.93,28121.46,27983.97,28082.70
20230413,27952.58,28163.87,27952.01,28156.97
20230414,28321.54,28515.51,28282.82,28493.47
20230417,28537.99,28599.75,28414.98,28514.78
20230418,28567.54,28698.22,28520.76,28658.83
20230419,28619.84,28677.22,28531.54,28606.76
20230420,28472.00,28694.25,28442.45,28657.57
20230421,28590.55,28778.37,28527.80,28564.37
20230424,28631.78,28680.65,28567.24,28593.52
20230425,28697.73,28806.69,28609.77,28620.07
20230426,28478.52,28551.61,28319.77,28416.47
20230427,28340.59,28459.73,28241.67,28457.68
20230428,28705.91,28879.24,28499.51,28856.44
20230501,29058.05,29145.89,29016.83,29123.18
20230502,29278.80,29278.80,29083.13,29157.95
20230508,29095.46,29144.12,28931.81,28949.88
20230509,29020.63,29262.36,29020.63,29242.82
20230510,29189.41,29195.16,29070.11,29122.18
20230511,29110.79,29165.59,29028.71,29126.72
20230512,29199.30,29426.06,29141.52,29388.30
20230515,29547.04,29629.47,29475.97,29626.34
20230516,29838.01,29916.56,29779.07,29842.99
20230517,29912.44,30115.32,29912.44,30093.59
20230518,30432.54,30667.13,30381.90,30573.93
20230519,30847.36,30924.57,30679.16,30808.35
20230522,30735.71,31086.82,30689.27,31086.82
20230523,31245.72,31352.53,30828.73,30957.77
20230524,30728.69,30856.92,30566.83,30682.68
20230525,30599.27,30889.98,30558.14,30801.13
20230526,30909.61,31101.60,30864.49,30916.31
20230529,31388.01,31560.43,31164.00,31233.54
20230530,31196.24,31374.83,31064.19,31328.16
20230531,31057.09,31142.78,30785.98,30887.88
20230601,30886.01,31185.05,30853.44,31148.01
20230602,31300.72,31555.54,31257.01,31524.22
20230605,31864.12,32217.43,31798.72,32217.43
20230606,31988.37,32534.47,31933.87,32506.78
20230607,32618.78,32708.53,31913.74,31913.74
20230608,31877.79,32035.95,31420.45,31641.27
20230609,31927.38,32304.04,31898.75,32265.17
20230612,32412.12,32517.68,32280.54,32434.00
20230613,32668.95,33127.36,32638.21,33018.65
20230614,33331.47,33665.52,33203.95,33502.42
20230615,33493.69,33767.13,33386.01,33485.49
20230616,33399.15,33772.76,33186.93,33706.08
20230619,33768.69,33772.89,33231.56,33370.42
20230620,33269.57,33474.74,33089.02,33388.91
20230621,33200.63,33657.87,33154.68,33575.14
20230622,33438.01,33641.46,33232.19,33264.88
20230623,33458.35,33533.47,32575.56,32781.54
20230626,32647.08,32884.73,32392.72,32698.81
20230627,32629.96,32689.10,32306.99,32538.33
20230628,32807.84,33193.99,32642.87,33193.99
20230629,33306.84,33527.98,33185.20,33234.14
20230630,33068.36,33232.89,32918.77,33189.04
20230703,33517.60,33762.81,33510.55,33753.33
20230704,33512.26,33576.45,33338.78,33422.52
20230705,33165.06,33389.22,33041.14,33338.70
20230706,33058.40,33079.45,32637.72,32773.02
20230707,32450.64,32730.25,32327.90,32388.42
20230710,32393.46,32558.98,32065.63,32189.73
20230711,32434.67,32468.70,32084.42,32203.57
20230712,32280.05,32312.03,31791.71,31943.93
20230713,32106.05,32484.40,31952.98,32419.33
20230714,32587.90,32780.63,32225.37,32391.26
20230718,32457.18,32714.59,32338.30,32493.89
20230719,32812.36,32896.03,32671.03,32896.03
20230720,32803.35,32861.02,32462.86,32490.52
20230721,32336.86,32462.44,32080.95,32304.25
20230724,32648.14,32793.77,32554.46,32700.94
20230725,32705.39,32715.56,32509.94,32682.51
20230726,32704.96,32724.25,32488.52,32668.34
20230727,32523.69,32938.59,32503.69,32891.16
20230728,32444.42,32846.97,32037.55,32759.23
20230731,33128.83,33402.08,33025.93,33172.22
20230801,33292.31,33488.77,33203.88,33476.58
20230802,33123.12,33158.58,32628.29,32707.69
20230803,32375.85,32467.06,32142.25,32159.28
20230804,32019.06,32294.70,31934.35,32192.75
20230807,31921.28,32306.87,31830.23,32254.56
20230808,32430.61,32539.88,32238.59,32377.29
20230809,32346.32,32407.85,32175.64,32204.33
20230810,32015.96,32504.85,32015.96,32473.65
20230814,32456.72,32613.99,32031.54,32059.91
20230815,32372.53,32403.93,32217.52,32238.89
20230816,31965.58,31997.28,31766.82,31766.82
20230817,31621.98,31704.08,31309.68,31626.00
20230818,31321.26,31644.89,31275.25,31450.76
20230821,31552.85,31758.70,31409.86,31565.64
20230822,31792.60,31906.10,31693.76,31856.71
20230823,31717.91,32039.60,31717.91,32010.26
20230824,32130.52,32297.91,32063.14,32287.21
20230825,31840.91,31885.53,31572.06,31624.28
20230828,31915.68,32205.48,31881.93,32169.99
20230829,32280.57,32389.12,32186.57,32226.97
20230830,32432.95,32557.45,32300.56,32333.46
20230831,32361.02,32692.76,32359.15,32619.34
20230901,32521.15,32845.46,32499.44,32710.62
20230904,32797.32,32939.18,32714.94,32939.18
20230905,32941.41,33036.76,32784.32,33036.76
20230906,33115.06,33282.15,33088.22,33241.02
20230907,33118.55,33322.45,32986.35,32991.08
20230908,32916.25,32920.43,32512.80,32606.84
20230911,32690.54,32746.14,32391.69,32467.76
20230912,32629.16,32799.69,32486.48,32776.37
20230913,32742.29,32872.44,32616.65,32706.52
20230914,32925.54,33244.45,32851.24,33168.10
20230915,33428.44,33634.31,33391.46,33533.09
20230919,33296.23,33337.23,33128.86,33242.59
20230920,33261.35,33267.14,32988.65,33023.78
20230921,32865.56,32939.89,32550.65,32571.03
20230922,32189.32,32535.67,32154.53,32402.41
20230925,32517.26,32722.22,32388.28,32678.62
20230926,32640.05,32643.41,32315.05,32315.05
20230927,32023.37,32371.90,31960.32,32371.90
20230928,32119.37,32164.45,31674.42,31872.52
20230929,32018.64,32027.46,31717.74,31857.62
20231002,32101.97,32401.58,31759.88,31759.88
20231003,31607.97,31607.97,31157.40,31237.94
20231004,30765.03,30830.85,30487.67,30526.88
20231005,30733.65,31083.90,30565.32,31075.36
20231006,31003.95,31160.45,30928.16,30994.67
20231010,31314.67,31818.26,31314.67,31746.53
20231011,31847.10,32037.07,31804.09,31936.51
20231012,32120.94,32494.66,32120.94,32494.66
20231013,32328.39,32533.08,32249.03,32315.99
20231016,31983.04,31999.79,31564.31,31659.03
20231017,32063.79,32260.77,31901.39,32040.29
20231018,32033.81,32101.47,31866.95,32042.25
20231019,31579.54,31669.42,31399.17,31430.62
20231020,31164.89,31428.97,31093.90,31259.36
20231023,31151.98,31177.41,30974.26,30999.55
20231024,31157.01,31210.26,30551.67,31062.35
20231025,31302.51,31466.92,31195.58,31269.92
20231026,30902.92,30943.33,30567.61,30601.78
20231027,30713.79,31081.48,30687.33,30991.69
20231030,30663.48,30762.50,30538.29,30696.96
20231031,30694.96,30973.66,30552.65,30858.85
20231101,31311.22,31601.65,31301.51,31601.65
20231102,31987.02,32087.13,31878.36,31949.89
20231106,32450.82,32766.54,32395.50,32708.48
20231107,32551.77,32591.11,32250.93,32271.82
20231108,32457.23,32512.17,32049.34,32166.48
20231109,32316.39,32723.71,32193.20,32646.46
20231110,32491.24,32598.93,32248.24,32568.11
20231113,32818.15,32913.31,32499.28,32585.11
20231114,32760.51,32836.27,32667.40,32695.93
20231115,33112.31,33556.52,33096.93,33519.70
20231116,33399.59,33614.13,33233.84,33424.41
20231117,33344.85,33599.63,33263.67,33585.20
20231120,33559.62,33853.46,33352.69,33388.03
20231121,33453.15,33460.32,33254.73,33354.14
20231122,33182.99,33593.50,33182.99,33451.83
20231124,33752.05,33817.86,33622.57,33625.53
20231127,33710.03,33811.41,33397.04,33447.67
20231128,33520.39,33545.85,33298.04,33408.39
20231129,33244.43,33516.23,33179.07,33321.22
20231130,33260.14,33486.89,33161.07,33486.89
20231201,33537.44,33551.57,33397.42,33431.51
20231204,33318.07,33324.38,33023.04,33231.27
20231205,33022.38,33089.82,32726.68,32775.82
20231206,32928.92,33452.13,32914.09,33445.90
20231207,33165.72,33195.87,32814.69,32858.31
20231208,32600.47,32604.35,32205.38,32307.86
20231211,32665.09,32933.08,32650.10,32791.80
20231212,33107.65,33172.13,32800.24,32843.70
20231213,32973.47,33104.47,32864.38,32926.35
20231214,33032.30,33120.55,32515.04,32686.25
20231215,32760.56,33122.33,32732.66,32970.55
20231218,32769.23,32790.58,32541.23,32758.98
20231219,32774.21,33219.39,32654.43,33219.39
20231220,33467.32,33824.06,33467.32,33675.94
20231221,33276.81,33337.84,33097.79,33140.47
20231222,33257.95,33375.19,33151.70,33169.05
20231225,33414.51,33414.51,33221.57,33254.03
20231226,33295.68,33312.26,33181.36,33305.85
20231227,33532.97,33755.75,33521.52,33681.24
20231228,33477.47,33571.73,33411.24,33539.62
20231229,33458.64,33652.71,33305.17,33464.17
20240104,33193.05,33299.39,32693.18,33288.29
20240105,33397.52,33568.04,33257.43,33377.42
20240109,33704.83,33990.28,33600.32,33763.18
20240110,33896.33,34539.02,33885.74,34441.72
20240111,34871.33,35157.56,34849.57,35049.86
20240112,35601.65,35839.65,35362.24,35577.11
20240115,35634.12,36008.23,35544.32,35901.79
20240116,35909.20,35955.68,35587.53,35619.18
20240117,35850.18,36239.22,35476.52,35477.75
20240118,35371.25,35728.09,35371.25,35466.17
20240119,35913.72,36076.23,35790.07,35963.27
20240122,36294.10,36571.80,36225.91,36546.95
20240123,36605.30,36984.51,36436.07,36517.57
20240124,36415.66,36471.39,36104.89,36226.48
20240125,36213.14,36312.36,35912.54,36236.47
20240126,36003.00,36060.40,35687.58,35751.07
20240129,35814.29,36186.87,35813.77,36026.94
20240130,36196.64,36249.03,36039.31,36065.86
20240131,35747.89,36292.53,35704.58,36286.71
20240201,36008.56,36146.36,35924.60,36011.46
20240202,36249.99,36441.09,36083.61,36158.02
20240205,36419.34,36452.62,36213.00,36354.16
20240206,36249.08,36294.48,36065.98,36160.66
20240207,36002.99,36195.50,35854.63,36119.92
20240208,36258.84,36956.97,36206.20,36863.28
20240209,36915.44,37287.26,36807.03,36897.42
20240213,37248.36,38010.69,37184.10,37963.97
20240214,37712.87,37825.85,37594.47,37703.32
20240215,38017.83,38188.74,37935.36,38157.94
20240216,38517.37,38865.06,38361.55,38487.24
20240219,38473.41,38555.84,38281.70,38470.38
20240220,38510.37,38742.33,38288.04,38363.61
20240221,38191.97,38339.70,38095.15,38262.16
20240222,38508.07,39156.97,38508.07,39098.68
20240226,39320.64,39388.08,39181.03,39233.71
20240227,39260.78,39426.29,39113.03,39239.52
20240228,39189.22,39283.95,39075.47,39208.03
20240229,38935.53,39250.12,38876.81,39166.19
20240301,39254.69,39990.23,39224.64,39910.82
20240304,40201.76,40314.64,40001.55,40109.23
20240305,39881.73,40226.99,39840.34,40097.63
20240306,39792.37,40147.77,39769.04,40090.78
20240307,40331.06,40472.11,39518.40,39598.71
20240308,39809.56,39989.33,39551.60,39688.94
20240311,39232.14,39241.28,38496.66,38820.49
20240312,38470.39,38841.80,38271.38,38797.51
20240313,39059.95,39147.80,38452.57,38695.97
20240314,38591.73,38840.33,38400.17,38807.38
20240315,38548.16,38808.68,38519.94,38707.64
20240318,38960.99,39769.11,38935.47,39740.44
20240319,39622.58,40003.60,39407.50,40003.60
20240321,40511.55,40823.32,40452.19,40815.66
20240322,40942.88,41087.75,40714.14,40888.43
20240325,40798.96,40837.18,40414.12,40414.12
20240326,40345.04,40529.53,40280.85,40398.03
20240327,40517.17,40979.36,40452.21,40762.73
20240328,40324.42,40482.02,40054.06,40168.07
20240329,40277.45,40521.71,40268.11,40369.44
20240401,40646.70,40697.22,39706.45,39803.09
20240402,39892.59,40151.05,39707.87,39838.91
20240403,39503.72,39625.90,39217.04,39451.85
20240404,39928.33,40243.02,39773.14,39773.14
20240405,39237.39,39274.76,38774.24,38992.08
20240408,39391.98,39617.36,39197.00,39347.04
20240409,39496.95,39773.13,39476.13,39773.13
20240410,39582.33,39708.70,39510.48,39581.81
20240411,39090.68,39473.48,39065.31,39442.63
20240412,39722.02,39774.82,39457.73,39523.55
20240415,39056.93,39232.80,38820.95,39232.80
20240416,38750.67,38764.82,38322.32,38471.20
20240417,38587.47,38587.61,37961.80,37961.80
20240418,37745.04,38216.75,37644.91,38079.70
20240419,37724.47,37749.48,36733.06,37068.35
20240422,37240.93,37511.80,37052.63,37438.61
20240423,37797.06,37817.78,37397.27,37552.16
20240424,37871.92,38460.08,37857.47,38460.08
20240425,38065.91,38129.53,37604.23,37628.48
20240426,37725.61,38097.54,37550.70,37934.76
20240430,38312.66,38608.17,38182.11,38405.66
20240501,38107.38,38433.34,38036.24,38274.05
20240502,38004.01,38355.60,37958.19,38236.07
20240507,38636.23,38863.14,38541.97,38835.10
20240508,38677.57,38749.35,38159.85,38202.37
20240509,38242.92,38429.81,38072.24,38073.98
20240510,38361.79,38741.88,38126.91,38229.11
20240513,38211.61,38273.40,37969.58,38179.46
20240514,38287.99,38477.68,38084.71,38356.06
20240515,38533.09,38816.60,38335.61,38385.73
20240516,38645.96,38949.38,38513.33,38920.26
20240517,38561.04,38842.49,38539.56,38787.38
20240520,38761.71,39437.16,38703.70,39069.68
20240521,39232.16,39346.15,38942.28,38946.93
20240522,38823.91,38854.99,38592.94,38617.10
20240523,38803.13,39129.47,38617.43,39103.22
20240524,38506.03,38740.82,38367.70,38646.11
20240527,38766.21,38900.02,38667.93,38900.02
20240528,38879.15,38981.97,38756.13,38855.37
20240529,38880.50,39141.99,38524.24,38556.87
20240530,38112.77,38138.03,37617.00,38054.13
20240531,38173.22,38526.93,38087.61,38487.90
20240603,38734.95,39032.50,38734.95,38923.03
20240604,38702.54,38895.06,38591.79,38837.46
20240605,38654.09,38656.41,38343.98,38490.17
20240606,38841.66,39011.93,38693.50,38703.51
20240607,38597.55,38747.27,38560.85,38683.93
20240610,38689.78,39081.54,38689.78,39038.16
20240611,39175.59,39336.66,39074.88,39134.79
20240612,38865.15,38945.99,38809.36,38876.71
20240613,39182.06,39252.44,38689.79,38720.47
20240614,38587.57,39025.70,38554.75,38814.56
20240617,38440.98,38442.70,37950.20,38102.44
20240618,38433.48,38519.02,38332.89,38482.11
20240619,38653.91,38797.97,38453.41,38570.76
20240620,38410.32,38637.62,38263.08,38633.02
20240621,38608.66,38795.68,38532.13,38596.47
20240624,38497.42,38905.47,38416.07,38804.65
20240625,38833.90,39215.07,38758.07,39173.15
20240626,39364.73,39788.63,39233.56,39667.07
20240627,39434.47,39439.24,39193.51,39341.54
20240628,39593.01,39783.70,39485.73,39583.08
20240701,39839.82,39942.69,39537.10,39631.06
20240702,39543.61,40113.48,39457.62,40074.69
20240703,40225.83,40694.21,40172.85,40580.76
20240704,40747.59,40971.23,40604.15,40913.65
20240705,41009.36,41100.13,40746.89,40912.37
20240708,40863.14,41112.24,40780.70,40780.70
20240709,40953.41,41769.35,40942.44,41580.17
20240710,41444.33,41889.16,41430.38,41831.99
20240711,42343.72,42426.77,42102.46,42224.02
20240712,41668.86,41754.76,41188.29,41190.68
20240716,41366.79,41520.07,41220.65,41275.08
20240717,41416.18,41466.45,41054.72,41097.69
20240718,40521.71,40587.63,40104.22,40126.35
20240719,39965.91,40212.90,39824.58,40063.79
20240722,39947.95,39973.20,39519.39,39599.00
20240723,39864.09,39927.89,39519.91,39594.39
20240724,39336.74,39643.27,39096.50,39154.85
20240725,38524.20,38557.79,37825.58,37869.51
20240726,37792.87,38105.96,37611.19,37667.41
20240729,38139.12,38719.70,38010.01,38468.63
20240730,38241.35,38531.16,38076.70,38525.95
20240731,38140.77,39188.37,37954.38,39101.82
20240801,38781.56,38781.56,37737.88,38126.33
20240802,37444.17,37471.52,35880.15,35909.70
20240805,35249.36,35301.18,31156.12,31458.42
20240806,32077.33,34911.80,32077.33,34675.46
20240807,34122.35,35849.77,33739.46,35089.62
20240808,34645.79,35379.65,34207.16,34831.15
20240809,35272.34,35671.31,34445.57,35025.00
20240813,35490.58,36232.51,35476.79,36232.51
20240814,36535.60,36683.89,36074.71,36442.43
20240815,36381.40,36885.16,36381.40,36726.64
20240816,37304.93,38143.55,37304.93,38062.67
20240819,37863.76,38125.27,37318.04,37388.62
20240820,37847.85,38236.39,37738.30,38062.92
20240821,37653.34,38026.02,37605.83,37951.80
20240822,38033.78,38408.19,37883.86,38211.01
20240823,38278.18,38424.27,38053.47,38364.27
20240826,38156.41,38204.81,37825.31,38110.22
20240827,38066.31,38365.64,37911.32,38288.62
20240828,38221.38,38399.91,38141.49,38371.76
20240829,38119.95,38401.15,37970.20,38362.53
20240830,38388.04,38669.79,38316.87,38647.75
20240902,39025.31,39080.64,38476.51,38700.87
20240903,38745.76,38967.56,38581.55,38686.31
20240904,38039.91,38080.02,36879.33,37047.61
20240905,36536.25,37099.96,36359.23,36657.09
20240906,36815.00,36898.28,36235.61,36391.47
20240909,35805.82,36248.12,35247.87,36215.75
20240910,36386.12,36537.03,36001.58,36159.16
20240911,36029.90,36056.87,35253.43,35619.77
20240912,36185.62,36902.21,36172.26,36833.27
20240913,36882.41,36887.40,36441.34,36581.76
20240917,36601.93,36663.18,35828.54,36203.22
20240918,36546.04,36675.07,36127.45,36380.17
20240919,36958.93,37394.52,36958.93,37155.33
20240920,37714.07,37974.72,37654.11,37723.91
20240924,38171.36,38427.15,37902.99,37940.59
20240925,37947.35,38109.24,37868.84,37870.26
20240926,38266.79,38925.63,38240.65,38925.63
20240927,39108.27,39829.56,38917.98,39829.56
20240930,39117.83,39126.36,37797.91,37919.55
20241001,38232.47,38718.13,38232.47,38651.97
20241002,38136.20,38213.54,37651.07,37808.76
20241003,38459.13,38856.75,38457.62,38552.06
20241004,38594.73,38735.29,38501.82,38635.62
20241007,39239.92,39560.78,39195.93,39332.74
20241008,39021.13,39117.09,38817.54,38937.54
20241009,39385.49,39456.28,39115.63,39277.96
20241010,39575.80,39616.59,39282.19,39380.89
20241011,39636.87,39668.93,39415.26,39605.80
20241015,40047.15,40257.34,39910.55,39910.55
20241016,39362.63,39362.63,39062.85,39180.30
20241017,39263.82,39299.74,38911.19,38911.19
20241018,39092.47,39186.64,38893.52,38981.75
20241021,38960.20,39119.67,38775.59,38954.60
20241022,38933.60,38995.03,38200.82,38411.96
20241023,38397.28,38514.33,37987.62,38104.86
20241024,37804.52,38320.39,37712.19,38143.29
20241025,37954.78,38028.14,37713.00,37913.92
20241028,37757.95,38740.17,37757.95,38605.53
20241029,38524.30,38903.68,38416.85,38903.68
20241030,39102.89,39417.88,39094.30,39277.39
20241031,39179.72,39249.21,38832.21,39081.25
20241101,38504.35,38512.83,37946.66,38053.67
20241105,38274.22,38620.19,38159.73,38474.90
20241106,38677.95,39664.53,38662.17,39480.67
20241107,39745.23,39884.01,39020.22,39381.41
20241108,39783.45,39818.41,39377.87,39500.37
20241111,39417.21,39598.74,39315.61,39533.32
20241112,39642.78,39866.72,39137.89,39376.09
20241113,39317.15,39377.24,38600.26,38721.66
20241114,38911.04,39084.44,38535.70,38535.70
20241115,38749.56,39101.64,38642.91,38642.91
20241118,38259.59,38548.30,38150.39,38220.85
20241119,38396.72,38560.10,38246.36,38414.43
20241120,38475.70,38520.45,38180.15,38352.34
20241121,38352.87,38374.69,37945.21,38026.17
20241122,38146.98,38420.63,38085.13,38283.85
20241125,38679.93,39053.64,38672.17,38780.14
20241126,38596.76,38596.76,38020.08,38442.00
20241127,38327.86,38332.45,37988.99,38134.97
20241128,37935.94,38478.32,37801.62,38349.06
20241129,38205.08,38270.06,37986.97,38208.03
20241202,38216.95,38552.41,37958.55,38513.02
20241203,38748.65,39427.37,38746.05,39248.86
20241204,39354.00,39417.08,39062.03,39276.39
20241205,39610.43,39632.30,39323.04,39395.60
20241206,39371.56,39468.47,38940.44,39091.17
20241209,39332.55,39332.55,38972.78,39160.50
20241210,39375.49,39465.14,39171.69,39367.58
20241211,39357.77,39401.93,39112.80,39372.23
20241212,39849.97,40091.55,39827.59,39849.14
20241213,39624.05,39734.99,39247.41,39470.44
20241216,39551.22,39632.17,39371.42,39457.49
20241217,39589.65,39796.22,39364.68,39364.68
20241218,39176.88,39382.69,39081.71,39081.71
20241219,38522.27,38913.07,38355.52,38813.58
20241220,38950.28,39039.68,38701.90,38701.90
20241223,39040.72,39210.17,38847.13,39161.34
20241224,39210.23,39245.75,38995.76,39036.85
20241225,39168.52,39180.59,38927.16,39130.43
20241226,39129.31,39592.28,39110.92,39568.06
20241227,39672.15,40398.23,39669.39,40281.16
20241230,40325.78,40325.78,39864.46,39894.54
20250106,39945.42,39993.50,39232.78,39307.05
20250107,39584.36,40288.80,39584.36,40083.30
20250108,39879.36,40105.72,39705.81,39981.06
20250109,39888.91,39930.07,39385.05,39605.09
20250110,39550.25,39591.46,39166.05,39190.40
20250114,39010.96,39054.35,38305.91,38474.30
20250115,38721.61,38774.99,38316.01,38444.58
20250116,38732.65,38932.54,38426.20,38572.60
20250117,38454.10,38503.94,38055.68,38451.46
20250120,38671.77,39032.93,38671.77,38902.50
20250121,39163.53,39238.21,38643.84,39027.98
20250122,39355.22,39694.57,39332.63,39646.25
20250123,39810.06,40036.07,39677.22,39958.87
20250124,40060.49,40279.79,39806.69,39931.98
20250127,40127.74,40255.68,39520.79,39565.80
20250128,39400.02,39448.55,38886.05,39016.87
20250129,39273.80,39448.24,39129.14,39414.78
20250130,39302.85,39600.93,39221.36,39513.97
20250131,39574.38,39681.82,39458.95,39572.49
20250203,38932.66,38948.61,38401.82,38520.09
20250204,39078.66,39192.51,38590.96,38798.37
20250205,38979.21,39118.95,38682.18,38831.48
20250206,38977.58,39190.13,38851.51,39066.53
20250207,38907.76,39007.94,38753.20,38787.02
20250210,38736.37,38895.74,38606.32,38801.17
20250212,39049.12,39102.65,38794.24,38963.70
20250213,39225.50,39581.47,39112.17,39461.47
20250214,39419.25,39543.93,39133.94,39149.43
20250217,39094.09,39238.75,39021.23,39174.25
20250218,39187.99,39508.55,39151.71,39270.40
20250219,39230.62,39298.05,38994.70,39164.61
20250220,38942.91,38967.01,38468.72,38678.04
20250221,38523.07,38808.81,38456.53,38776.94
20250225,38359.67,38485.95,38131.79,38237.79
20250226,38143.68,38175.24,37742.76,38142.37
20250227,38251.11,38369.96,38061.94,38256.17
20250228,37853.48,37925.28,36840.12,37155.50
20250303,37617.50,37827.62,37372.26,37785.47
20250304,37532.01,37587.49,36816.16,37331.18
20250305,37345.74,37606.34,37178.72,37418.24
20250306,37654.95,37874.38,37580.88,37704.93
20250307,37198.30,37221.65,36813.62,36887.17
20250310,36972.59,37113.48,36705.02,37028.27
20250311,36584.37,36793.11,35987.13,36793.11
20250312,36763.10,36956.33,36658.86,36819.09
20250313,37081.64,37326.27,36776.94,36790.03
20250314,36606.78,37154.39,36594.04,37053.10
20250317,37453.83,37563.27,37377.55,37396.52
20250318,37868.57,38004.20,37822.87,37845.42
20250319,37839.39,38128.58,37751.88,37751.88
20250321,37619.37,37968.02,37619.37,37677.06
20250324,37841.68,37841.68,37608.49,37608.49
20250325,37953.15,38115.65,37686.26,37780.54
20250326,38106.66,38220.69,37873.28,38027.29
20250327,37750.66,37859.06,37556.75,37799.97
20250328,37357.52,37359.95,36864.93,37120.33
20250331,36440.18,36440.18,35541.72,35617.56
20250401,35961.19,36052.54,35537.86,35624.48
20250402,35751.02,35778.90,35426.33,35725.87
20250403,35041.67,35044.73,34102.00,34735.93
20250404,34304.66,34320.11,33259.76,33780.58
20250407,33154.97,33158.87,30792.74,31136.58
20250408,31729.11,33257.16,31703.69,33012.58
20250409,32529.23,32565.84,31258.18,31714.03
20250410,32321.21,34639.39,32320.66,34609.00
20250411,33951.25,33953.29,32626.58,33585.58
20250414,34006.37,34325.59,33887.70,33982.36
20250415,34349.01,34459.00,34266.31,34267.54
20250416,34249.82,34329.27,33658.47,33920.40
20250417,33987.01,34379.13,33931.53,34377.60
20250418,34353.88,34758.97,34224.57,34730.28
20250421,34556.23,34610.60,34216.98,34279.92
20250422,34111.14,34340.57,34109.85,34220.60
20250423,34787.93,35142.12,34682.28,34868.63
20250424,35194.71,35287.95,34960.65,35039.15
20250425,35387.67,35835.28,35337.98,35705.74
20250428,35962.80,36075.26,35773.49,35839.99
20250430,35946.88,36056.52,35793.33,36045.38
20250501,36197.04,36544.15,36040.05,36452.30
20250502,36636.55,36976.51,36606.58,36830.69
20250507,36903.66,36942.38,36731.39,36779.66
20250508,36863.38,36977.35,36606.71,36928.63
20250509,37332.57,37557.41,37219.03,37503.33
20250512,37697.28,37726.44,37417.39,37644.26
20250513,38149.53,38494.06,38124.20,38183.26
20250514,38199.03,38325.88,37851.80,38128.13
20250515,37832.36,37876.84,37633.36,37755.51
20250516,37748.58,37786.43,37479.21,37753.72
20250519,37572.36,37656.23,37445.93,37498.63
20250520,37723.60,37921.81,37455.70,37529.49
20250521,37590.15,37659.94,37298.98,37298.98
20250522,36931.89,37100.45,36855.83,36985.87
20250523,37161.74,37373.91,37111.63,37160.47
20250526,37209.26,37531.53,37167.01,37531.53
20250527,37523.37,37769.05,37411.68,37724.11
20250528,38094.79,38178.73,37709.71,37722.40
20250529,38046.97,38454.07,38035.32,38432.98
20250530,37912.49,38114.47,37748.17,37965.10
20250602,37651.18,37651.18,37320.72,37470.67
20250603,37598.31,37729.45,37446.81,37446.81
20250604,37686.66,37868.42,37672.47,37747.45
20250605,37590.39,37732.88,37527.88,37554.49
20250606,37590.44,37756.15,37590.42,37741.61
20250609,38028.71,38178.01,38018.22,38088.57
20250610,38278.17,38495.70,38139.10,38211.51
20250611,38431.10,38529.64,38288.28,38421.19
20250612,38324.93,38407.57,38102.05,38173.09
20250613,38130.25,38141.59,37540.20,37834.25
20250616,38056.86,38342.52,38055.52,38311.33
20250617,38366.68,38581.25,38333.35,38536.74
20250618,38364.16,38885.15,38364.16,38885.15
20250619,38858.52,38870.55,38488.34,38488.34
20250620,38472.25,38646.16,38362.54,38403.23
20250623,38260.69,38368.22,38026.32,38354.09
20250624,38779.18,38990.11,38665.61,38790.56
20250625,38904.18,38944.77,38711.11,38942.07
20250626,39072.14,39615.59,39056.14,39584.58
20250627,39866.36,40267.84,39847.31,40150.79
20250630,40550.79,40852.54,40322.54,40487.39
20250701,40340.64,40345.87,39885.38,39986.33
20250702,39631.17,39943.62,39444.70,39762.48
20250703,39796.75,39865.89,39667.82,39785.90
20250704,39994.64,40012.66,39693.40,39810.88
20250707,39729.56,39829.38,39524.25,39587.68
20250708,39542.07,39816.27,39510.48,39688.81
20250709,39942.80,39971.06,39573.34,39821.28
20250710,39795.75,39795.75,39530.95,39646.36
20250711,39886.54,39957.80,39497.70,39569.68
20250714,39416.10,39608.02,39288.90,39459.62
20250715,39525.83,39678.02,39379.32,39678.02
20250716,39734.74,39923.61,39520.96,39663.40
20250717,39492.02,39910.96,39370.43,39901.19
20250718,40072.39,40087.59,39745.42,39819.11
20250722,39864.63,40275.89,39586.53,39774.92
20250723,40189.18,41342.59,40087.86,41171.32
20250724,41657.98,42065.83,41554.18,41826.34
20250725,41760.58,41773.70,41389.79,41456.23
20250728,41515.91,41534.21,40997.87,40998.27
20250729,40767.77,40792.85,40563.53,40674.55
20250730,40744.53,40744.53,40556.61,40654.70
20250731,40693.00,41151.25,40639.32,41069.82
20250801,41029.84,41064.73,40588.17,40799.60
20250804,40118.81,40332.25,39850.52,40290.70
20250805,40521.00,40649.38,40421.88,40549.54
20250806,40430.46,40850.89,40423.13,40794.86
20250807,40668.19,41164.11,40668.19,41059.15
20250808,41283.70,42033.92,41248.05,41820.48
20250812,42098.32,42999.71,42083.58,42718.17
20250813,43090.91,43451.46,43008.20,43274.67
20250814,43129.18,43199.83,42606.73,42649.26
20250815,42866.38,43405.43,42736.86,43378.31
20250818,43452.90,43835.12,43390.22,43714.31
20250819,43846.55,43876.42,43411.97,43546.29
20250820,43400.66,43425.78,42724.15,42888.55
20250821,42783.26,42926.11,42564.30,42610.17
20250822,42629.81,42720.57,42331.39,42633.29
20250825,42977.27,43201.42,42681.37,42807.82
20250826,42619.66,42703.27,42137.62,42394.40
20250827,42476.09,42628.04,42270.18,42520.27
20250828,42308.14,42828.79,42299.79,42828.79
20250829,42774.29,42807.03,42611.31,42718.47
20250901,42362.71,42454.99,41835.17,42188.79
20250902,42299.63,42473.67,42084.78,42310.49
20250903,42085.66,42293.54,41863.20,41938.89
20250904,42093.70,42608.80,42066.59,42580.27
20250905,42983.47,43220.94,42783.54,43018.75
20250908,43451.07,43838.60,43343.58,43643.81
20250909,43907.55,44185.73,43452.74,43459.29
20250910,43513.16,43848.77,43509.02,43837.67
20250911,43876.22,44396.95,43870.54,44372.50
20250912,44803.30,44888.02,44548.57,44768.12
20250916,44948.85,45055.38,44616.32,44902.27
20250917,44751.84,45033.34,44612.07,44790.38
20250918,44910.50,45508.67,44815.40,45303.43
20250919,45634.29,45852.75,44495.46,45045.81
20250922,45193.77,45757.74,45193.77,45493.66
20250924,45484.41,45693.28,45205.47,45630.31
20250925,45600.07,45824.69,45503.31,45754.93
20250926,45634.20,45766.77,45354.99,45354.99
20250929,45113.29,45152.70,44890.20,45043.75
20250930,45054.96,45126.23,44733.60,44932.63
20251001,44831.95,44874.42,44357.65,44550.85
20251002,44736.03,45125.96,44659.22,44936.73
20251003,45042.54,45778.66,45042.54,45769.50
20251006,46636.07,48150.04,46592.99,47944.76
20251007,48281.12,48527.33,47904.38,47950.88
20251008,47925.22,48181.12,47728.27,47734.99
20251009,48035.42,48597.08,47995.22,48580.44
20251010,48510.72,48510.72,47962.61,48088.80
20251014,47446.73,47865.65,46544.05,46847.32
20251015,47002.30,47774.83,46910.83,47672.67
20251016,48107.44,48317.34,47937.72,48277.74
20251017,47820.97,48140.90,47494.31,47582.15
20251020,48332.71,49185.50,48254.83,49185.50
20251021,49675.43,49945.95,49127.20,49316.06
20251022,49252.03,49458.28,48613.70,49307.79
20251023,48866.58,48866.58,48399.05,48641.61
20251024,49095.27,49435.31,48965.78,49299.65
20251027,49905.80,50549.60,49838.98,50512.32
20251028,50357.15,50485.80,50107.77,50219.18
20251029,50453.64,51412.97,50365.62,51307.65
20251030,51146.27,51657.28,50972.56,51325.61
20251031,51629.80,52411.34,51613.03,52411.34
20251104,52294.31,52636.87,51497.20,51497.20
20251105,51291.39,51422.42,49073.58,50212.27
20251106,50792.55,51248.28,50594.19,50883.68
20251107,50524.31,50642.79,49640.56,50276.37
20251110,50645.27,50969.50,50392.44,50911.76
20251111,51314.04,51513.16,50581.17,50842.93
20251112,50988.53,51072.26,50537.50,51063.31
20251113,51013.15,51338.89,50954.27,51281.83
20251114,50767.74,50767.74,50246.60,50376.53
20251117,50282.39,50398.16,49845.86,50323.91
20251118,49812.95,49971.55,48661.52,48702.98
20251119,48822.88,49087.11,48235.30,48537.70
20251120,49129.29,50574.82,49113.39,49823.94
20251121,49251.26,49459.59,48490.03,48625.88
20251125,49113.82,49182.32,48511.95,48659.52
20251126,49012.25,49749.59,48964.19,49559.07
20251127,49868.79,50322.14,49865.17,50167.10
20251128,50218.96,50258.25,49989.54,50253.91
20251201,50318.59,50366.74,49215.96,49303.28
20251202,49494.58,49636.79,49243.55,49303.45
20251203,49540.64,50138.60,49521.23,49864.68
20251204,49942.94,51028.42,49910.06,51028.42
20251205,50530.34,50634.85,50215.41,50491.87
20251208,50643.09,50678.05,50224.65,50581.94
20251209,50677.36,50793.69,50417.11,50655.10
20251210,50878.66,51107.77,50329.27,50602.80
20251211,50818.39,50875.98,49926.27,50148.82
20251212,50480.23,51127.69,50457.42,50836.55
20251215,50352.09,50432.10,49965.68,50168.11
20251216,50051.24,50051.24,49355.87,49383.29
20251217,49413.19,49571.50,49077.81,49512.28
20251218,49058.31,49169.79,48643.78,49001.50
20251219,49387.71,49766.96,49257.15,49507.21
20251222,50084.55,50590.88,49982.20,50402.39
20251223,50374.48,50544.56,50264.42,50412.87
20251224,50475.48,50636.95,50323.92,50344.10
20251225,50450.18,50510.11,50283.76,50407.79
20251226,50527.13,50941.89,50527.13,50750.39
20251229,50691.22,50707.23,50347.65,50526.92
20251230,50312.85,50534.64,50198.97,50339.48
20260105,51010.28,52033.24,50995.67,51832.80
20260106,52157.22,52523.77,52024.62,52518.08
20260107,52144.64,52404.11,51830.40,51961.98
20260108,51769.83,51866.19,51052.83,51117.26
20260109,51367.98,51986.91,51189.14,51939.89
20260113,52808.29,53814.79,52741.64,53549.16
20260114,53827.24,54487.32,53792.68,54341.23
20260115,54039.40,54153.61,53709.87,54110.50
20260116,54071.28,54130.60,53706.79,53936.17
20260119,53390.05,53583.57,53091.45,53583.57
20260120,53348.59,53408.35,52852.90,52991.10
20260121,52228.08,52848.78,52194.81,52774.64
20260122,53327.39,53922.53,53242.38,53688.89
20260123,53898.45,54050.84,53603.68,53846.87
20260126,53023.28,53138.67,52656.00,52885.25
20260127,52847.54,53334.03,52637.66,53333.54
20260128,53023.88,53507.18,52788.10,53358.71
20260129,53301.26,53742.69,52990.42,53375.60
20260130,53434.73,53590.24,52923.12,53322.85
20260202,53575.37,54247.15,52655.18,52655.18
20260203,53332.18,54782.83,53307.74,54720.66
20260204,54250.41,54459.41,53965.51,54293.36
20260205,54289.05,54459.08,53653.06,53818.04
20260206,53435.37,54253.68,52950.15,54253.68
20260209,55130.63,57337.07,55018.57,56363.94
20260210,56812.01,57960.19,56812.01,57650.54
20260212,57864.74,58015.08,57554.49,57639.84
20260213,57197.33,57407.25,56652.48,56941.97
20260216,57212.97,57219.20,56748.18,56806.41
20260217,56819.37,56926.24,56135.12,56566.49
20260218,56734.27,57392.89,56734.27,57143.84
20260219,57472.08,57709.82,57362.01,57467.83
20260220,56979.74,56979.74,56680.88,56825.70
20260224,56764.14,57421.67,56732.93,57321.09
20260225,57695.40,58875.17,57656.50,58583.12
20260226,58995.39,59332.43,58577.84,58753.39
20260227,58606.03,58924.17,58130.57,58850.27
20260302,57976.20,58365.21,57285.77,58057.24
20260303,57729.80,57890.76,56091.54,56279.05
20260304,55470.88,55701.27,53618.20,54245.54
20260305,55204.16,56619.98,54910.33,55278.06
20260306,54674.60,55686.56,54513.43,55620.84
20260309,54608.63,54608.63,51407.66,52728.72
20260310,53524.09,54694.89,53487.19,54248.39
20260311,54917.93,55745.38,54882.58,55025.37
20260312,54387.90,54733.08,53796.01,54452.96
20260313,53587.30,54065.31,53286.69,53819.61
20260316,53627.86,53983.51,53113.95,53751.15
20260317,54286.26,54388.43,53482.59,53700.39
20260318,54148.84,55239.40,54148.84,55239.40
20260319,54287.80,54333.02,53190.18,53372.53
20260323,52468.72,52479.81,50688.76,51515.49
20260324,52380.60,52701.99,51645.15,52252.28
20260325,53015.80,54022.88,53015.80,53749.62
20260326,53855.13,54175.80,53176.77,53603.65
20260327,53239.59,53714.90,52516.92,53373.07
20260330,52054.68,52054.68,50566.99,51885.85
20260331,51382.53,52169.01,50558.91,51063.72
20260401,51959.47,53739.68,51902.84,53739.68
20260402,54066.83,54258.48,52273.07,52463.27
20260403,53039.40,53426.31,52925.10,53123.49
20260406,53205.93,54039.34,53205.93,53413.68
20260407,53571.28,53916.35,53156.94,53429.56
20260408,54386.65,56424.63,54380.02,56308.42
20260409,56199.86,56406.49,55763.05,55895.32
20260410,56265.77,57012.77,56251.18,56924.11
20260413,56421.46,56765.72,56232.78,56502.77
20260414,57085.65,57979.82,57010.18,57877.39
20260415,58265.18,58585.95,58028.75,58134.24
20260416,58479.83,59688.10,58428.19,59518.34
20260417,59255.09,59381.25,58475.90,58475.90
20260420,58821.16,59169.13,58687.96,58824.89
20260421,59031.51,59611.91,59004.76,59349.17
20260422,59104.11,59708.21,59005.48,59585.86
20260423,59758.64,60013.98,58621.48,59140.23
20260424,59407.44,59763.68,59225.37,59716.18
20260427,59880.71,60903.95,59608.63,60537.36
20260428,60531.78,60634.66,59701.84,59917.46
20260430,59484.71,59560.57,58928.20,59284.92
20260501,59379.12,59706.70,59263.50,59513.12
20260507,60241.31,63091.14,60213.02,62833.84
20260508,62654.01,62724.36,62137.95,62713.65
20260511,63203.44,63385.04,62380.62,62417.88
20260512,62618.72,63218.51,62158.43,62742.57
20260513,62398.02,63347.91,62318.87,63272.11
20260514,63263.46,63799.32,62654.05,62654.05
20260515,62878.71,63235.77,60937.30,61409.29
20260518,61299.87,61478.55,60376.98,60815.95
20260519,61202.84,61456.31,60256.33,60550.59
20260520,60567.27,60567.27,59292.25,59804.41
20260521,60374.84,62043.53,60282.35,61684.14
20260522,61913.36,63432.41,61842.56,63339.07
20260525,63658.95,65408.87,63562.51,65158.19
20260526,65247.24,65317.69,64605.69,64996.09
20260527,65777.87,66428.81,64999.41,64999.41
20260528,64770.76,65165.75,63875.04,64693.12
20260529,65133.97,66505.02,65133.97,66329.50
20260601,66363.43,67231.28,66244.84,66934.33
20260602,66629.60,66748.06,65551.13,66734.24
20260603,67238.53,68786.49,67238.53,68402.13
20260604,67860.84,68051.94,66920.80,67470.69
20260605,67115.00,67115.00,65862.21,66588.12
20260608,65947.56,66115.18,63406.66,64024.60
20260609,64625.26,65485.16,63918.96,65416.63
20260610,64952.38,65098.86,63733.04,64179.27
20260611,63329.17,64395.50,62335.75,64217.27
20260612,65176.23,67065.94,64998.11,66020.04
20260615,66783.22,69682.23,66783.22,69317.50
20260616,69288.91,70020.68,69095.67,69404.50
20260617,69005.88,70125.75,68985.63,69902.25
20260618,70163.71,71398.58,70092.94,71053.49
20260619,71551.03,71952.99,70517.98,71250.06
20260622,71067.15,72831.73,71009.52,72353.96
20260623,72404.37,72618.44,69788.38,69788.38
20260624,69615.08,70218.71,68461.10,69174.97
20260625,70114.09,72594.22,69982.67,72366.34
20260626,71587.71,71786.28,68639.84,69360.88
20260629,69609.88,69609.88,67997.57,69468.11
20260630,70085.60,70667.00,69302.19,70062.32
20260701,70774.28,71962.34,70126.14,70474.96
20260702,70039.89,70081.39,68676.26,68733.15
20260703,68676.06,69788.03,67609.49,69744.07
20260706,69973.34,70384.59,68904.41,69737.69
20260707,69460.08,69957.51,68003.92,68256.96
20260708,67704.16,68432.68,66819.05,66819.05
20260709,67046.37,68447.89,67008.89,67743.85
20260710,68526.72,69374.86,68271.91,68557.73
20260713,68410.63,69078.21,66653.11,67242.73
20260714,67002.94,67800.18,66268.60,67743.50
20260715,67989.74,68798.24,67833.17,68751.51
20260716,67900.43,68069.82,66499.49,66835.54
20260717,66339.85,66441.77,62704.60,64141.12
20260721,64544.05,66232.19,64203.47,66232.19
20260722,66449.27,67592.20,65955.60,66115.60
20260723,66421.01,67022.37,66208.66,66422.60
20260724,65584.25,65720.81,64201.03,64611.15
20260727,65164.98,65220.69,64123.40,64931.19
20260728,64539.92,64573.18,61923.60,62364.92
20260729,62734.68,63138.04,60448.90,61434.19
20260730,61258.34,62924.84,61049.70,61867.43
20260731,61957.10,65364.73,61948.23,64362.02
20260803,63834.95,63905.12,62703.47,63754.90
20260804,63995.28,64240.50,62864.43,63957.53
20260805,64565.27,66302.52,64555.52,66300.44
20260806,65896.00,65983.13,64942.07,65683.26
20260807,65746.13,65990.72,64651.49,65606.71
20260810,65905.10,67006.84,65848.58,66970.22
20260812,66994.05,67569.36,66735.76,67524.06
20260813,68033.17,68799.71,68006.17,68308.59
20260814,68811.17,69608.24,68471.15,68713.80
20260817,68882.06,69225.57,68492.04,69220.25
20260818,68847.35,69093.20,67368.96,67460.73
20260819,66812.27,66833.51,65133.98,65326.42
20260820,65732.79,66325.32,65652.25,66216.79
20260821,65427.69,66125.88,65260.22,66016.36
20260824,65978.95,66257.73,65470.95,65528.09
20260825,65195.26,65904.24,64609.47,65856.43
20260826,65604.49,66442.34,65390.55,66262.16
20260827,66775.78,66954.69,65782.59,66131.98
20260828,66104.49,66842.82,66012.20,66405.56
20260831,65668.51,66311.93,64832.10,66311.93
20260901,65885.47,66525.70,65576.61,66215.34
20260902,65195.43,65195.43,64215.47,64325.64
20260903,64724.81,64724.81,63772.80,64214.48
20260904,64498.94,65182.45,64228.47,65020.94
20260907,65600.42,66668.71,65600.42,66399.84
20260908,65843.69,66791.84,65269.33,65269.33
20260909,65087.22,65794.03,65017.68,65142.78
20260910,64768.53,65270.95,64186.68,65270.95
20260911,64276.82,64312.02,63208.63,64011.34
20260914,63659.53,63691.53,62726.18,63492.99
20260915,63190.37,64101.00,63067.18,63484.10
20260916,63672.13,63923.00,63209.92,63923.00
20260917,64643.58,64643.58,63824.56,64136.25
20260918,64681.55,65436.57,64403.85,65018.95
20260924,65476.44,66249.11,65407.37,65513.99
20260925,65639.62,66410.27,65639.62,66364.20
20260928,66505.94,67034.74,65877.62,65877.62
20260929,65557.99,65805.08,64699.49,65481.27
20260930,66128.59,66946.14,66014.48,66753.72
20261001,67106.52,68995.30,67081.66,68956.72
20261002,68313.46,68741.49,68132.16,68309.46
20261005,69113.74,70072.13,69050.23,69946.86
20261006,69954.61,70798.62,69813.16,70683.98
20261007,70582.11,70793.29,70017.19,70035.71
20261008,69840.64,69918.20,69042.11,69042.11
20261009,68648.50,69143.45,68150.02,69030.92
