Date,Open,High,Low,Close
19490701,150.58,150.58,146.14,150
19490708,149.14,149.14,140.03,140.03
19490715,135.84,144.89,134.8,144.89
19490722,147.23,148.55,145.67,146.5
19490729,144.88,145.51,144.59,144.86
19490805,109.91,176.52,109.91,156.26
19490812,156.46,164.73,156.46,162.49
19490819,159,160.04,158.17,160.04
19490826,160.51,176.27,160.51,176.27
19490902,173.22,176.89,171.57,171.57
19490909,172.21,172.41,168.86,170.7
19490916,172.23,172.23,162.54,164.95
19490923,167.07,167.07,162.22,163.98
19490930,162.49,163.29,160.41,162.95
19491007,160.72,160.72,153,158.7
19491014,154.16,154.16,146.97,149.62
19491021,144.44,144.44,137.92,137.92
19491028,135.94,144.45,131.09,144.45
19491104,141.54,141.54,137.03,137.03
19491111,135.97,140.67,132.94,140.67
19491118,140.02,140.02,134.55,134.55
19491125,131.3,131.3,125.97,125.97
19491202,122.01,176.52,109.91,121
19491209,120.92,120.92,111.99,112.01
19491216,110.32,110.96,98.5,110.67
19491223,108.46,109.35,104.14,109.35
19491230,110.24,110.24,108.6,109.91
19500106,108.56,108.56,102.64,102.95
19500113,102.78,102.78,95.04,96.89
19500120,96.2,98.9,95.27,98.25
19500127,97.1,97.12,94.82,94.82
19500203,93.14,97.45,92.54,97.45
19500210,101.71,107.25,101.71,107.16
19500217,112.94,113.4,109.6,111.21
19500224,109.73,109.73,106.62,107.09
19500303,108.27,108.27,105.52,105.52
19500310,104.43,104.43,101.23,102.16
19500317,102.61,102.61,101.07,101.4
19500324,100.61,100.61,99.02,99.97
19500331,99.9,114.55,97.61,114.55
19500407,94.86,94.86,91.76,91.76
19500414,90.97,95.52,88.7,93.9
19500421,93.04,93.4,92.39,92.39
19500428,92.59,99.31,92.59,99.31
19500505,103.78,103.78,101.38,101.38
19500512,100.26,100.26,97.23,97.31
19500519,96.05,98.47,95.16,98.47
19500526,96.87,96.87,94.21,94.34
19500602,93.61,94.32,93.61,94.32
19500609,94.68,94.68,92.26,92.26
19500616,91.47,91.47,89.08,89.72
19500623,88.9,91.94,88.9,91.94
19500630,92.75,92.75,86.17,86.19
19500707,85.65,85.84,85.25,85.65
19500714,86.04,103.82,86.04,103.82
19500721,109.34,109.34,101.58,101.9
19500728,103.16,103.16,99.87,99.87
19500804,97.59,114.55,86.17,101.26
19500811,103.16,105.31,103.04,105.31
19500818,105.33,112.77,105.33,112.77
19500825,114.99,114.99,111.39,112.11
19500901,112.06,114.59,112.06,112.98
19500908,111.25,112.06,108.39,109.43
19500915,108.26,110.98,108.23,110.98
19500922,109.28,109.28,107.22,107.22
19500929,104.95,105.52,103.58,104.98
19501006,103.52,107.28,103.52,107.12
19501013,105.95,107.25,105.95,107.25
19501020,107.23,107.44,106.72,106.85
19501027,106.35,106.35,105.45,105.45
19501103,105.39,112.72,105.39,112.72
19501110,111.21,111.21,109.49,110.18
19501117,110.5,111.42,110.5,111.22
19501124,110.31,111.18,109.91,111.18
19501201,112.93,112.93,86.17,109.45
19501208,107.03,107.03,103.46,103.46
19501215,103.78,103.78,101.04,102.93
19501222,101.42,101.42,98.27,99.26
19501229,100.42,101.91,100.42,101.91
19510105,102.1,104.3,102.1,104.3
19510112,104.9,109.98,104.9,109.98
19510119,109.29,109.29,108.54,108.54
19510126,108.22,111.08,108.22,109.97
19510202,110.56,118.59,110.56,118.59
19510209,119.43,120.47,117.81,117.81
19510216,119.1,119.49,118.24,118.8
19510223,119.8,122.09,119.15,122.09
19510302,120.75,125.36,120.75,125.36
19510309,127.89,130.55,126.89,130.05
19510316,130.14,132.97,130.14,132.64
19510323,129.75,129.75,125.72,126.46
19510330,125.44,125.76,101.91,115.43
19510406,124.87,124.87,121.76,121.76
19510413,121.64,122.16,117.54,118.88
19510420,119.03,122.87,119.03,121.88
19510427,121,123.02,121,121.35
19510504,120.82,123.2,120.82,123.2
19510511,123.71,124.54,123.67,123.76
19510518,123.63,124.9,123.19,124.9
19510525,125.95,126.32,125.11,126.17
19510601,126.08,127.61,125.53,127.61
19510608,129.34,133.73,129.34,133.73
19510615,135.14,136.42,134.95,135.64
19510622,134.13,134.13,132.36,134.03
19510629,132.73,132.73,130.3,130.49
19510706,126.22,128.5,124.48,127.87
19510713,127.52,129.03,127.2,129.03
19510720,129.91,133.23,129.91,132.56
19510727,132.29,133.64,132.08,133.64
19510803,134.25,166.06,115.43,139.89
19510810,140.69,140.69,137.14,137.81
19510817,137.85,137.85,137.09,137.54
19510824,137.46,140.81,137.46,140.61
19510831,142.82,145.93,142.82,145.93
19510907,146.42,146.42,144.46,145.83
19510914,145.99,146.8,145.99,146.8
19510921,145.43,147.67,143.61,147.67
19510928,153.06,154.27,151.69,154.27
19511005,154.07,162.73,154.07,162.12
19511012,157.27,159.89,157.23,159.55
19511019,160.96,164.89,160.96,164.89
19511026,165.71,170.32,164.87,170.32
19511102,165.63,165.63,163.07,163.07
19511109,160.06,162.42,159.19,162.42
19511116,162.23,162.92,162.08,162.33
19511123,161.64,161.64,153.77,153.77
19511130,153.59,166.06,153.59,166.06
19511207,159.93,160.88,159.29,160.88
19511214,160.97,160.97,158.58,158.58
19511221,158.42,160.03,157.06,159.9
19511228,160.55,166.06,160.55,166.06
19520104,167.8,169.5,167.8,169.5
19520111,168.64,174.92,168.64,174.92
19520118,177.37,180.45,177.19,177.41
19520125,180.96,185.56,180.22,185.56
19520201,188.68,192.76,186.36,192.76
19520208,191.7,193.29,189.87,192.79
19520215,189.71,191.83,187.38,187.38
19520222,187.7,190.06,185.8,186.43
19520229,184.68,184.68,180.3,182.15
19520307,184.23,188.08,184.23,188.08
19520314,187.98,188.5,186.02,186.61
19520321,185.18,185.18,180.65,181.67
19520328,180.5,181.48,175.01,175.01
19520404,175.51,183.01,175.51,183.01
19520411,182.28,186.09,182.28,186.09
19520418,185.94,200.6,185.94,200.6
19520425,199.66,206.2,199.66,204.5
19520502,202.54,207.86,202.54,207.86
19520509,207.98,209.85,207.74,209.85
19520516,208.13,208.13,206.06,206.06
19520523,204.85,214.3,204.85,214.3
19520530,214.96,225.38,214.96,225.38
19520606,228.41,228.41,224,226.16
19520613,228.73,239.08,228.73,237.47
19520620,240.96,240.96,234.57,239.88
19520627,234.33,244.2,234.33,244.2
19520704,246.15,255.74,246.15,255.74
19520711,259.59,263.04,257.85,257.85
19520718,256.64,257.62,238.8,244.68
19520725,247.81,248.04,245.37,248.04
19520801,246.92,254.73,246.92,254.73
19520808,256.98,264.71,255.4,264.71
19520815,262.57,262.63,259.67,259.9
19520822,260.07,260.07,256.98,256.98
19520829,250.48,256.91,250.48,254.72
19520905,254.38,258.33,254.38,258.33
19520912,255.97,258.35,255.97,258.17
19520919,258.6,262.17,258.6,262.17
19520926,263.63,267.08,260.03,267.08
19521003,265.97,272.45,265.97,272.45
19521010,275.7,290.83,275.7,290.83
19521017,289.99,303.67,288.41,303.67
19521024,305.73,316.36,301.76,316.36
19521031,321.39,321.39,313.23,318.29
19521107,321.23,324.01,321.23,324.01
19521114,326.48,334.54,326.48,330.42
19521121,333.48,353.58,333.48,353.58
19521128,352.09,352.09,343.16,351.1
19521205,348.95,348.95,340.33,347.47
19521212,352.68,365.74,352.68,365.74
19521219,370.55,370.55,360.71,360.71
19521226,356.37,363.91,354.31,362.64
19530109,364.89,382.09,364.89,382.09
19530116,392.34,416.73,392.34,416.73
19530123,424.96,447.42,421.92,447.42
19530130,445.38,456.43,435.28,456.43
19530206,455.97,474.43,455.97,458.82
19530213,461.88,461.88,409.42,414.55
19530220,426.59,433.86,418.2,425.51
19530227,426,426,392.1,392.1
19530306,393.14,393.14,340.41,377.86
19530313,374.14,375.05,367.44,368.53
19530320,355.29,370.14,355.29,370.14
19530327,366.82,366.82,341.99,341.99
19530403,318.96,319.43,295.18,319.43
19530410,317.6,320.3,313.87,316.49
19530417,316.45,355.03,316.45,353.66
19530424,345.12,345.12,334.89,340.32
19530501,338.25,348.32,338.25,348.32
19530508,355.94,366.69,355.94,362.03
19530515,359.56,361.7,351.18,351.18
19530522,349.43,350.88,348.19,348.19
19530529,345.46,345.46,331.13,331.13
19530605,329.34,329.34,321.79,327.07
19530612,335.34,354.32,335.34,354.32
19530619,350.35,350.35,343.59,348.86
19530626,348.78,348.78,340.05,343.45
19530703,344.41,349.2,344.41,347.32
19530710,346.87,350.75,345.21,350.75
19530717,355.02,365.46,355.02,363.43
19530724,360.41,363.01,356.87,363.01
19530731,367.1,392.36,367.1,392.36
19530807,397.08,401.07,393.97,398.88
19530814,390.44,397.19,390.44,392.11
19530821,393.58,408.58,393.58,408.58
19530828,416.05,416.05,412.4,413.59
19530904,409.47,425.94,406.94,425.94
19530911,433.38,437.67,431.81,437.67
19530918,432.41,432.41,416.65,423.89
19530925,426.68,435.73,426.68,435.73
19531002,442.02,450.87,442.02,448.64
19531009,442.54,444.09,439.03,443.5
19531016,440.19,442.05,431.94,431.94
19531023,429.04,431.97,421.12,431.97
19531030,424.49,434.79,424.33,434.79
19531106,440.19,440.19,433.09,433.09
19531113,429.57,432.25,428.74,431.01
19531120,421.98,423.36,417.79,417.79
19531127,414.12,423.93,407.44,423.93
19531204,423.06,423.06,418.36,418.36
19531211,415.66,420,415.66,420
19531218,420.65,420.65,407,407
19531225,402.15,405.23,391.19,391.19
19540101,377.95,377.95,377.95,377.95
19540108,362.88,375.22,362.88,374.43
19540115,377.27,377.27,360.8,360.8
19540122,359.73,359.73,350.04,352.3
19540129,354.54,360.1,352.66,352.66
19540205,354.5,359.23,354.5,359.23
19540212,362.03,369.38,362.03,367.41
19540219,365.66,367.09,359.76,359.76
19540226,355.35,355.55,352.51,352.51
19540305,349.65,351.31,349.03,349.2
19540312,348.9,348.9,340.17,341.11
19540319,338.75,338.75,319.26,319.26
19540326,314.08,333.76,314.08,333.34
19540402,329.39,329.39,317.79,318.64
19540409,317.62,327.85,316.22,327.83
19540416,326.56,328.16,325.91,327.81
19540423,330.13,351.53,330.13,348.53
19540430,347.03,351.67,344.78,344.78
19540507,344.3,344.3,336.55,336.55
19540514,333.9,333.9,326.59,326.59
19540521,325.37,325.47,323.05,323.05
19540528,320.84,325.48,320.84,325.48
19540604,325.82,326.39,323.44,323.44
19540611,322.75,328.66,322.75,328.66
19540618,334,347.37,334,347.37
19540625,347.88,347.88,341.92,341.92
19540702,343.42,352.86,343.42,352.1
19540709,352.27,352.27,345.38,345.53
19540716,344.34,344.34,340.22,341.47
19540723,341.7,341.7,331.22,331.22
19540730,331.03,331.93,329.22,331.93
19540806,330.81,332.35,329.51,329.51
19540813,329.44,343.47,329.44,343.47
19540820,343.39,347.39,341.98,346.14
19540827,345.3,345.53,339.6,342.86
19540903,339.92,353.36,339.92,353.36
19540910,352.62,352.62,350.03,350.08
19540917,347.4,358.67,347.4,358.58
19540924,358.7,358.7,354.17,354.17
19541001,347.92,351.79,347.92,351.79
19541008,350.85,350.85,346.23,347.51
19541015,348.09,348.09,339.62,339.62
19541022,337.8,337.8,333.57,334.09
19541029,333.49,333.49,328.19,328.19
19541105,330.05,330.37,328.03,328.15
19541112,327.41,327.41,315.61,315.61
19541119,316.75,323.61,316.75,321.02
19541126,322.53,332.89,322.53,326.92
19541203,326.11,326.85,323.86,325.06
19541210,326.9,344.68,326.9,337.77
19541217,337.07,337.07,331.84,333.77
19541224,333.21,351.12,333.21,351.12
19541231,352.57,356.09,352.57,356.09
19550107,361.1,370.37,361.1,370.37
19550114,378.76,378.76,370.86,372.92
19550121,372.49,372.77,365.85,372.77
19550128,376.26,376.26,368.26,368.26
19550204,369.45,377.55,369.45,377.55
19550211,378.34,380.46,374.2,380.12
19550218,376.76,376.76,374.63,374.64
19550225,374.47,374.47,368.24,370.18
19550304,366.99,366.99,353.01,353.01
19550311,353.8,357.25,353.8,357.25
19550318,357.33,357.33,353.52,353.52
19550325,351.23,354.69,350.05,354.69
19550401,346.08,354.63,346.08,354.63
19550408,353.41,353.41,349.95,350.25
19550415,352,355.93,352,354.66
19550422,353.63,353.63,350.03,350.92
19550429,349.76,349.76,345.89,345.98
19550506,345.96,352.51,345.96,352.51
19550513,352.43,352.43,348.74,352.28
19550520,351.77,351.77,350.23,351.21
19550527,349.89,349.89,347.57,348.58
19550603,348.6,359.21,348.6,359.21
19550610,358.41,361.2,358.41,359.22
19550617,354.44,354.98,352.87,354.98
19550624,353.47,353.47,348.05,349.76
19550701,350.26,354.48,348.82,354.48
19550708,353.78,357.5,353.78,357.5
19550715,356.85,356.85,353.89,354.78
19550722,353.49,353.49,351.25,352.21
19550729,353.42,366.9,353.42,366.9
19550805,365.67,370.49,365.67,369.06
19550812,368.4,377.66,368.4,377.66
19550819,378.13,383.85,378.13,383.85
19550826,383.19,387.24,382.05,384.99
19550902,383.11,389.92,383.11,389.15
19550909,386.54,386.54,383.13,383.38
19550916,383.55,392.01,383.55,392.01
19550923,389.66,389.66,386.45,386.45
19550930,385.39,388.42,379.14,387.35
19551007,385.57,398.46,385.57,398.46
19551014,397.34,403.28,395.69,403.28
19551021,407.19,410.29,406.7,406.7
19551028,405.81,409.33,404.05,409.33
19551104,409.17,410.36,404.97,404.97
19551111,406.34,406.34,396.84,403.06
19551118,402.44,402.44,399.25,401.7
19551125,402.53,403.01,398.16,398.16
19551202,394.88,401.34,393.28,401.34
19551209,402.09,407.15,401.22,407.15
19551216,407.03,412.09,407.03,412.09
19551223,412.91,417.12,412.76,417.12
19551230,423.19,425.69,422.68,425.69
19560106,428.59,430.57,427.89,428.17
19560113,423.26,427.8,423.26,427.8
19560120,428.08,431.6,425.91,425.91
19560127,424.1,425.27,420.14,425.27
19560203,424.25,430.64,423.46,430.47
19560210,430.3,430.3,425.99,427.87
19560217,426.15,429.54,422.5,429.54
19560224,430.56,434.46,430.56,434.46
19560302,435.18,441.78,435.18,441.57
19560309,440.43,444.7,440.17,444.7
19560316,443.22,443.41,442.62,443.09
19560323,442.55,442.55,440.83,442.32
19560330,444.25,458.58,444.25,458.58
19560406,462.41,465.04,458.74,465.04
19560413,468.07,477.6,466.58,477.6
19560420,475.86,479.32,471.59,479.32
19560427,480.78,482.71,473.76,473.76
19560504,473.34,482.2,473.34,482.2
19560511,479.81,479.81,472.94,474.46
19560518,472.79,482.84,472.1,482.84
19560525,481.27,490.02,481.27,486.26
19560601,484.38,491.33,484.38,491.33
19560608,493.47,501.98,493.47,498.8
19560615,496.92,505.04,496.92,505.04
19560622,505.75,512.25,505.75,511.15
19560629,511.5,511.5,499.17,499.17
19560706,482.87,493.88,482.87,493.88
19560713,492.8,501.24,492.8,501.24
19560720,501.6,502.92,497.86,497.94
19560727,497.55,502.14,497.55,502.14
19560803,501.98,505.84,500.34,505.84
19560810,507.31,507.31,502.92,502.92
19560817,502.12,502.12,500.22,502.07
19560824,503.83,505.83,503.34,503.34
19560831,501.3,501.3,492.92,492.92
19560907,489.78,491.19,485.4,489.68
19560914,486.8,487.25,482.7,487.25
19560921,486.33,488.06,484.47,488.06
19560928,487.92,491.71,483.26,491.71
19561005,492.54,492.86,487.15,487.24
19561012,487.78,495.14,487.78,495.14
19561019,494.73,498.14,494.23,496.81
19561026,495.57,505.57,495.57,505.57
19561102,506.32,520.44,506.32,520.44
19561109,515.3,518.16,512.94,517.71
19561116,519.34,541.13,519.34,541.13
19561123,534.88,549.42,534.88,548.15
19561130,544.9,559.4,544.9,559.4
19561207,558.3,566.3,557.77,557.77
19561214,554.77,559.43,538.9,538.9
19561221,542.91,552.85,542.91,550.27
19561228,550.61,552.06,547.38,549.14
19570104,549.45,551.89,549.45,551.89
19570111,559.01,573.87,559.01,573.87
19570118,574.2,585.69,574.2,585.69
19570125,586.01,586.01,572.37,574.56
19570201,576.39,576.39,567.78,570.12
19570208,576.5,583.24,576.5,583.24
19570215,585.72,587.88,571.86,571.86
19570222,572.56,572.56,562.13,563.56
19570301,562.91,571.64,562.91,569.42
19570308,570.42,570.52,560.77,560.77
19570315,560.88,568.17,560.88,566.3
19570322,564.93,570.82,564.93,565.22
19570329,560.27,587,560.27,587
19570405,590.6,590.6,585.4,589.16
19570412,584.57,585.52,581.03,585.52
19570419,586.14,586.6,584.26,586.6
19570426,588.84,594.81,588.84,592.59
19570503,589.69,595.46,589.69,595.46
19570510,590.05,590.05,554.71,561.37
19570517,559.39,559.39,521.56,521.56
19570524,520.33,537.26,520.33,533.24
19570531,527.41,527.41,512.63,522.2
19570607,517.19,519.91,517.01,519.91
19570614,520.07,532.72,520.07,532.72
19570621,530.3,531.7,529.85,529.85
19570628,527.76,527.76,520.83,521.6
19570705,515.86,515.86,503.81,504.75
19570712,507.71,515.01,506.18,506.18
19570719,499.13,499.13,489.95,490.59
19570726,487.09,487.09,472.43,473.52
19570802,477.85,499.82,477.85,499.82
19570809,495.7,505.33,495.7,505.33
19570816,503.71,512.86,502.64,511.96
19570823,513.86,522.67,513.86,519.14
19570830,522.65,530.54,522.65,530.37
19570906,526.52,538.03,526.52,538.03
19570913,538.44,539.57,529.79,529.79
19570920,529.1,533.34,529.1,533.34
19570927,532.22,532.22,523.13,530.07
19571004,529.35,539.59,529.35,535.67
19571011,530.07,530.07,508.62,508.62
19571018,506.03,518.28,506.03,515.31
19571025,511.28,511.28,507.86,508.06
19571101,510.38,517.38,509.77,517.38
19571108,513.46,513.46,509.86,509.86
19571115,507.7,507.7,499.43,504.85
19571122,501.49,501.49,497.2,501.02
19571129,500.87,500.87,489.7,492
19571206,494.01,496.69,492.38,496.69
19571213,498.2,503.03,497.57,502.3
19571220,500.13,500.13,484.21,485.79
19571227,485.25,485.25,471.53,474.55
19580103,475.2,475.2,475.2,475.2
19580110,481.61,505.72,481.61,505.72
19580117,511.37,513.49,508.22,508.22
19580124,504.76,507.71,503.16,507.17
19580131,512.27,524.25,512.27,524.11
19580207,530.15,531.33,522.08,522.08
19580214,525.13,534.58,525.13,534.58
19580221,533.85,533.85,525.45,528.15
19580228,528.58,532.8,528.16,530.18
19580307,526.07,532.51,523.3,532.51
19580314,536.46,539.31,533.66,533.66
19580321,532.07,532.07,522.22,522.86
19580328,524.51,526.01,516.64,526.01
19580404,529.98,544.31,529.73,544.31
19580411,546.43,546.43,539.29,541.32
19580418,539.58,550.05,538.13,550.05
19580425,553.1,557.62,553.1,556.14
19580502,558.31,563.63,556.57,563.63
19580509,556.73,567.08,556.73,567.08
19580516,563.14,564.4,555.27,558.54
19580523,557.61,562.26,557.28,557.28
19580530,556.11,563.46,555.91,563.46
19580606,565.14,569.93,565.14,569.93
19580613,566.96,574.04,565.5,574.04
19580620,573.72,584.59,573.72,582.49
19580627,583.96,584.92,578.29,584.92
19580704,584.42,586.56,566.59,573.29
19580711,579.24,579.24,566.27,571.16
19580718,566.19,574.43,564.15,572.43
19580725,571.4,571.4,562.79,562.79
19580801,564.04,575.4,564.04,575.4
19580808,575.77,580.38,572.72,580.38
19580815,581.34,587.37,581.34,587.37
19580822,586.8,594.75,586.8,591.14
19580829,593.76,593.76,589.72,592.57
19580905,588.06,593.7,585.76,589.04
19580912,592.92,593.06,589.06,593.06
19580919,590.79,590.81,584.07,590.18
19580926,588.36,588.36,577.92,580.79
19581003,584.4,596.21,584.4,596.21
19581010,600.13,607.32,600.13,607.32
19581017,605.14,612.7,605.14,612.7
19581024,609.26,609.26,605.75,607.39
19581031,601.29,612.79,601.29,612.79
19581107,614.82,624.56,614.82,624.56
19581114,620.38,622.33,614.01,620.03
19581121,616.52,630.74,616.52,630.74
19581128,632.8,632.8,622.22,629.04
19581205,629.77,638.69,629.77,637.3
19581212,640.51,650.78,640.51,645.75
19581219,648.61,654.44,648.61,653.04
19581226,655.72,666.54,655.72,666.54
19590109,671.28,675.27,664.69,669.46
19590116,670.45,671.89,668.63,671.89
19590123,674.72,682.32,674.72,681.04
19590130,681.25,692.12,679.65,692.12
19590206,692.2,694.78,689.97,694.31
19590213,699.42,704.3,696.96,699.68
19590220,696.32,712.82,696.32,712.82
19590227,717.82,721.06,714.9,721.06
19590306,727.81,731,721.15,731
19590313,736.07,747.21,734.63,747.21
19590320,742.33,749.43,742.33,749.43
19590327,750.63,754.08,747.78,754.08
19590403,759.42,767.78,759.42,765.72
19590410,769.06,773.39,759.75,764.95
19590417,764.5,764.5,751.5,757.35
19590424,746.15,746.15,737.56,744.25
19590501,738.82,756.89,738.82,756.89
19590508,757.46,765.33,757.45,765.33
19590515,768.75,783.62,768.75,781.95
19590522,773.34,783.54,773.34,783.54
19590529,783.8,803.08,783.8,803.08
19590605,802.13,809.77,802.13,807.43
19590612,806.64,821.38,806.25,806.25
19590619,808.78,815.78,785.01,810.93
19590626,814.23,814.23,795.19,800.86
19590703,804.95,823.2,804.95,823.2
19590710,823.93,823.93,815.24,820.12
19590717,823.66,839.42,823.66,837.48
19590724,841.63,846.16,841.63,842.68
19590731,843.44,859.51,842.01,859.51
19590807,858.19,860.44,852.09,857.95
19590814,848.52,862.08,845.95,860.53
19590821,859.64,869.99,857.2,869.99
19590828,871.18,881.43,870.41,879.91
19590904,881.53,897.59,881.53,892.27
19590911,890.56,895.98,890.18,890.18
19590918,892.85,897.49,892.37,892.37
19590925,881.9,891.8,881.9,890.13
19591002,897.53,906.44,896.54,906.44
19591009,896.74,927.78,896.74,927.78
19591016,934.34,946.76,933.49,946.76
19591023,945.31,955.14,945.31,955.14
19591030,953.89,955.64,939.62,955.64
19591106,953.14,955.95,944.66,944.66
19591113,934.46,943.98,920.39,943.98
19591120,950.85,953.15,947.81,948.99
19591127,950.1,968.89,950.1,968.89
19591204,976.93,976.93,958.99,966.03
19591211,956.92,957.62,935.75,942.53
19591218,938.78,938.78,876.17,876.17
19591225,854.45,896.58,854.45,880.83
19600101,874.88,874.88,874.88,874.88
19600108,869.34,912.3,869.34,912.3
19600115,918.63,935.89,914.83,935.89
19600122,946.74,956.21,946.74,954.24
19600129,947.81,962.55,947.81,957.13
19600205,962.7,968.57,958.98,968.57
19600212,977.11,990.89,977.11,987.92
19600219,987.56,1002.46,976.59,1002.46
19600226,1004.33,1007.46,993.52,1007.46
19600304,1015.06,1032.3,1015.06,1027.82
19600311,1025.06,1032.07,1008.16,1016.62
19600318,1006.06,1023.18,1006.06,1017.48
19600325,1024.06,1040.93,1024.06,1038.48
19600401,1039.58,1071.92,1039.58,1071.92
19600408,1074.41,1075.39,1069.28,1073.26
19600415,1071.99,1071.99,1052.23,1067.11
19600422,1078.45,1094.73,1078.45,1088.12
19600429,1087.57,1092.12,1087.57,1091.21
19600506,1101.95,1109.47,1099.43,1109.47
19600513,1101.17,1101.17,1065.67,1065.67
19600520,1067.1,1067.1,1030.36,1041.59
19600527,1015.33,1028.29,1002.88,1004.49
19600603,1001.1,1018.99,967.22,1018.99
19600610,1032.44,1060.22,1032.44,1046.63
19600617,1054.2,1060.43,1010.17,1024.84
19600624,1022.43,1061.04,1022.43,1061.04
19600701,1058.52,1093.28,1058.52,1093.28
19600708,1093.98,1103.82,1093.98,1101.24
19600715,1102.41,1113.75,1101.42,1112.14
19600722,1121.1,1121.1,1104.29,1104.29
19600729,1091.56,1098.33,1091.08,1097.09
19600805,1097.29,1121.68,1097.29,1121.25
19600812,1120.12,1133.95,1120.12,1133.95
19600819,1138.44,1144.94,1138.17,1141.95
19600826,1139.72,1158.3,1139.72,1158.3
19600902,1167.08,1184.75,1166.56,1181.25
19600909,1173.67,1191.84,1173.67,1191.84
19600916,1192.02,1198.92,1192.02,1198.29
19600923,1202.85,1215.33,1200.37,1215.09
19600930,1209.49,1230.34,1209.49,1230.34
19601007,1229.38,1234.95,1219.85,1219.85
19601014,1227.69,1255.83,1227.69,1255.83
19601021,1254.3,1263.37,1247.15,1263.37
19601028,1258.57,1258.57,1245.29,1250.61
19601104,1250.06,1287.12,1250.06,1287.12
19601111,1294.57,1316.88,1294.57,1316.88
19601118,1321.44,1321.44,1276.16,1276.16
19601125,1267.92,1305.47,1267.92,1294.21
19601202,1268.49,1319.97,1268.49,1319.97
19601209,1317.7,1317.7,1294.39,1310.16
19601216,1292.45,1302.9,1277.17,1302.9
19601223,1288.46,1319.36,1287.89,1319.36
19601230,1332.63,1356.71,1332.63,1356.71
19610106,1366.74,1383.06,1366.74,1383.06
19610113,1383.63,1423.51,1383.63,1423.51
19610120,1437.91,1466.93,1437.91,1466.93
19610127,1474.63,1490.15,1468.16,1490.15
19610203,1501.5,1534.13,1493.85,1534.13
19610210,1552.17,1558.32,1543.6,1558.32
19610217,1569.56,1587.67,1567.16,1574.29
19610224,1580.4,1580.4,1562.66,1566.75
19610303,1545.13,1554.61,1524.53,1554.61
19610310,1544.04,1544.04,1485.98,1525.26
19610317,1511.46,1511.46,1481.38,1499.26
19610324,1487.49,1531.47,1480.79,1531.47
19610331,1537.16,1590.5,1537.16,1590.5
19610407,1599.66,1609.86,1588.7,1609.86
19610414,1619.59,1649.59,1619.59,1649.59
19610421,1664.14,1673.99,1652.3,1662.94
19610428,1665.78,1665.78,1645.55,1645.55
19610505,1646.95,1682.08,1637.44,1682.08
19610512,1675.33,1696.72,1675.33,1696.72
19610519,1696.71,1703.36,1642.81,1642.81
19610526,1650.77,1677.33,1650.77,1677.33
19610602,1682.4,1682.4,1635.34,1639.07
19610609,1635.12,1635.12,1579.73,1613.67
19610616,1616.75,1649.25,1616.75,1647.14
19610623,1663.15,1706.27,1663.15,1706.27
19610630,1715.16,1742.14,1715.16,1742.14
19610707,1760.72,1784.26,1760.72,1784.26
19610714,1795.31,1822.02,1793.45,1817.06
19610721,1811.95,1829.74,1772.43,1777.85
19610728,1793.19,1793.19,1761.17,1766.74
19610804,1745.26,1763.89,1718.97,1718.97
19610811,1691.82,1733.12,1660.04,1733.12
19610818,1727.8,1739.34,1721.01,1729.93
19610825,1721.56,1721.56,1679.41,1679.44
19610901,1663.92,1663.92,1602.37,1621.21
19610908,1614.94,1614.94,1544.58,1613.03
19610915,1585.93,1585.93,1509.68,1520.39
19610922,1482.02,1509.03,1482.02,1489.74
19610929,1488.47,1526.03,1488.47,1526.03
19611006,1486.52,1486.52,1395.31,1398.13
19611013,1345.4,1414.33,1345.4,1414.33
19611020,1409.79,1409.79,1305.68,1305.68
19611027,1299.76,1349.48,1299.76,1324.41
19611103,1322.11,1368.46,1322.11,1368.46
19611110,1388.3,1428.83,1388.3,1417.54
19611117,1398.75,1399.32,1381.62,1381.62
19611124,1376.8,1376.8,1360.25,1360.25
19611201,1342.45,1342.45,1303.15,1337.36
19611208,1327.35,1332.91,1296.68,1299.57
19611215,1281.65,1291.19,1267.59,1269.87
19611222,1263.47,1354.37,1258,1354.37
19611229,1384.37,1432.6,1384.37,1432.6
19620105,1425.3,1425.3,1403.07,1414.84
19620112,1426.12,1467.21,1426.12,1467.21
19620119,1477.46,1491.55,1467.31,1491.55
19620126,1496.54,1511.53,1488.35,1509.25
19620202,1508.37,1536.87,1497.52,1536.87
19620209,1549.86,1578.52,1536.86,1574.09
19620216,1573.7,1589.76,1525.46,1525.46
19620223,1528.26,1532.21,1508.85,1508.85
19620302,1492.44,1502.88,1472.33,1477.22
19620309,1482.27,1505.12,1481.1,1481.1
19620316,1477.14,1486.41,1454.6,1486.41
19620323,1497.31,1514.93,1494.24,1514.21
19620330,1503.28,1508.36,1436.01,1449.78
19620406,1420.36,1424.09,1382.21,1382.21
19620413,1390.78,1425.34,1386.53,1425.34
19620420,1406.35,1406.35,1359.85,1368.08
19620427,1343.85,1381.73,1342.3,1379.73
19620504,1378.42,1378.42,1366.87,1372.48
19620511,1375.18,1445.89,1375.18,1431.37
19620518,1426.94,1439.36,1409.32,1412.84
19620525,1420.03,1420.03,1394.02,1403.89
19620601,1393.45,1397.52,1362.3,1397.52
19620608,1395.32,1436.04,1395.32,1435.99
19620615,1437.74,1441.63,1432.34,1434.36
19620622,1438.79,1440.79,1418.39,1418.39
19620629,1406.97,1450.25,1406.97,1450.25
19620706,1462.22,1486.44,1462.22,1486.44
19620713,1487.2,1487.2,1460.8,1475.7
19620720,1477.79,1479.12,1452.18,1452.18
19620727,1433.86,1450.26,1407.19,1407.19
19620803,1421.81,1421.81,1409,1409
19620810,1389.79,1425.43,1382.87,1425.43
19620817,1421.95,1429.27,1411.95,1429.27
19620824,1432.29,1432.29,1405.11,1405.11
19620831,1403.34,1424.92,1403.34,1412.07
19620907,1399.72,1399.72,1357.05,1357.05
19620914,1340.92,1357.71,1329.81,1354.41
19620921,1339.82,1339.82,1326.26,1339.56
19620928,1328.37,1328.37,1289.61,1289.61
19621005,1261.79,1315.36,1240.16,1315.36
19621012,1327.77,1327.77,1281.87,1286.38
19621019,1272.76,1272.76,1245.52,1266.48
19621026,1255.57,1255.57,1236.5,1236.5
19621102,1216.04,1321.72,1216.04,1321.72
19621109,1329.45,1405.96,1329.45,1405.96
19621116,1429.65,1429.65,1403.47,1428.24
19621123,1416.88,1431.19,1392.65,1431.19
19621130,1432.44,1454.71,1432.44,1443.41
19621207,1457.11,1457.11,1434.66,1436.98
19621214,1423.01,1437.83,1411.32,1437.83
19621221,1432.74,1441.83,1420.25,1434.06
19621228,1430.04,1432.31,1420.43,1420.43
19630104,1418.25,1418.25,1400.58,1400.58
19630111,1391.22,1421.27,1391.22,1408.4
19630118,1416.33,1455.59,1413.75,1455.59
19630125,1473.79,1475.25,1453.94,1475.25
19630201,1469.61,1469.61,1452.49,1465.36
19630208,1470.71,1502.26,1470.71,1502.26
19630215,1510.96,1510.96,1478.45,1478.45
19630222,1475.78,1495.38,1475.78,1489.59
19630301,1482.98,1515.85,1482.98,1515.85
19630308,1522.28,1522.28,1509.89,1514.85
19630315,1518.66,1536.28,1517.76,1534.44
19630322,1541.45,1562.77,1541.45,1562.77
19630329,1559.69,1614.13,1559.69,1614.13
19630405,1624.17,1634.37,1612.61,1621.13
19630412,1629.5,1629.5,1586.73,1586.73
19630419,1602.29,1603.37,1584.15,1584.15
19630426,1575.05,1592.59,1563.64,1592.59
19630503,1592.57,1600.18,1592.57,1600.18
19630510,1594.92,1608.16,1590.61,1603.81
19630517,1598.17,1598.17,1558.28,1570.32
19630524,1550.05,1559.9,1527.74,1559.9
19630531,1556.11,1560.15,1546.09,1560.15
19630607,1550.78,1563.05,1528.52,1563.05
19630614,1558.06,1570.17,1554.74,1568.99
19630621,1549.25,1558.88,1534.87,1538.41
19630628,1532.69,1570.58,1532.69,1570.58
19630705,1596.55,1598.69,1585.75,1588.35
19630712,1588.2,1588.2,1531.19,1535.67
19630719,1514.33,1522.44,1390.99,1390.99
19630726,1429.21,1450.03,1411.68,1412.27
19630802,1352.73,1407.86,1352.73,1407.86
19630809,1391.67,1391.67,1361.97,1386.76
19630816,1402.81,1413.67,1386.64,1389.96
19630823,1371.38,1371.38,1314.53,1314.53
19630830,1314.01,1359.14,1314.01,1349.22
19630906,1344.36,1344.36,1305.71,1311.77
19630913,1295.81,1398.23,1295.81,1398.23
19630920,1387.78,1402.27,1352.43,1352.43
19630927,1355.82,1355.82,1319.91,1319.91
19631004,1301.68,1361.14,1301.68,1361.14
19631011,1351.91,1351.91,1324.62,1324.62
19631018,1319.67,1356.32,1319.67,1356.32
19631025,1356.21,1387.36,1356.21,1375.86
19631101,1380,1380,1334.57,1352.82
19631108,1340.57,1340.57,1296.09,1296.09
19631115,1299.17,1302.23,1281.82,1302.23
19631122,1314.46,1314.46,1285.5,1285.5
19631129,1245.23,1284.02,1245.23,1278.23
19631206,1257.3,1261.92,1239.54,1258.88
19631213,1258.85,1258.85,1224.92,1236.22
19631220,1216.31,1224.45,1200.64,1213.61
19631227,1216.21,1243.94,1216.21,1225.1
19640103,1204.4,1204.4,1204.4,1204.4
19640110,1205.48,1245.68,1205.48,1245.68
19640117,1259.08,1293.54,1259.08,1293.54
19640124,1316.78,1333.79,1316.78,1321.38
19640131,1324.32,1338.18,1323.53,1329.71
19640207,1305.1,1305.1,1290.08,1290.6
19640214,1285.66,1306.25,1278.59,1278.59
19640221,1280.33,1284.74,1268.23,1268.23
19640228,1264.2,1269.5,1257.26,1257.26
19640306,1253.9,1278.56,1253.9,1269.8
19640313,1263.49,1263.49,1224.91,1228.48
19640320,1221.01,1221.01,1204.63,1216.3
19640327,1214.44,1241.55,1213.44,1221.92
19640403,1214.66,1235.95,1214.66,1215.34
19640410,1210.82,1215.01,1203.21,1215.01
19640417,1216.9,1235.46,1216.48,1227.85
19640424,1221.86,1225.22,1213.68,1214.53
19640501,1217.07,1247.02,1217.07,1247.02
19640508,1245.64,1268.25,1244.4,1268.25
19640515,1268.47,1301.13,1268.47,1301.13
19640522,1303.72,1319.72,1303.72,1307.23
19640529,1317.71,1322.26,1311.68,1318.81
19640605,1319.34,1319.34,1295.69,1295.69
19640612,1298.54,1335.88,1298.54,1335.88
19640619,1344.94,1344.94,1319.74,1323.65
19640626,1315.8,1338.96,1315.8,1338.96
19640703,1348.47,1369,1348.47,1361.68
19640710,1362.78,1362.78,1337.12,1337.12
19640717,1331.4,1343.99,1331.4,1338.45
19640724,1325.43,1325.43,1310.49,1323.6
19640731,1326.19,1326.19,1306.72,1313.09
19640807,1303.76,1303.76,1294.43,1303.47
19640814,1304.94,1304.94,1275.49,1286.89
19640821,1284.59,1294.63,1281.75,1288.49
19640828,1280.23,1287.54,1262.19,1267.18
19640904,1276.11,1299.96,1276.11,1289.36
19640911,1286.26,1286.26,1256.55,1264.43
19640918,1259.94,1263.22,1239.03,1255.51
19640925,1247.6,1247.6,1216.45,1216.45
19641002,1210.34,1223.64,1210.34,1213.79
19641009,1206.5,1231.07,1203.14,1230.51
19641016,1222.41,1222.41,1209.81,1209.81
19641023,1210.22,1212.3,1206.53,1206.53
19641030,1207.81,1212.56,1204.68,1212.56
19641106,1207.62,1208.54,1203.42,1203.42
19641113,1202.69,1216.7,1202.69,1216.7
19641120,1217.53,1224.55,1217.53,1219.79
19641127,1208.57,1212.58,1206.76,1212.58
19641204,1209.31,1209.31,1205.98,1205.98
19641211,1206.93,1218.53,1206.93,1218.53
19641218,1219.81,1219.81,1214.49,1214.73
19641225,1218.21,1234.65,1214.73,1215.48
19650101,1216.55,1216.55,1216.55,1216.55
19650108,1227.11,1286.43,1227.11,1278.32
19650115,1289.98,1289.98,1279.25,1279.25
19650122,1271.68,1271.68,1253.82,1253.82
19650129,1249.72,1258.21,1240.86,1240.86
19650205,1242.83,1263.59,1238.75,1255.84
19650212,1258.93,1260.73,1248.61,1255.75
19650219,1249.5,1249.5,1231.03,1231.03
19650226,1224.82,1224.82,1212.88,1212.88
19650305,1206.48,1213.03,1202.54,1203.09
19650312,1190.98,1190.98,1164.63,1189.07
19650319,1188.49,1188.49,1170.61,1170.61
19650326,1170.28,1170.28,1133.91,1133.91
19650402,1118.79,1139.3,1115.07,1115.07
19650409,1124.45,1183.12,1124.45,1171.61
19650416,1163,1163,1141.57,1141.57
19650423,1136.13,1144.55,1119.86,1129
19650430,1144.22,1177.33,1144.22,1177.33
19650507,1173.48,1173.48,1162.63,1168.92
19650514,1162.5,1163.87,1148.21,1148.21
19650521,1149.03,1149.03,1140.79,1141.13
19650528,1133.63,1133.63,1081.51,1109.14
19650604,1096.62,1131.32,1092.85,1119.99
19650611,1114.52,1114.52,1089.94,1089.94
19650618,1080.29,1089.68,1055.6,1089.68
19650625,1075.6,1104.03,1075.6,1084.45
19650702,1072.41,1072.41,1057.04,1057.04
19650709,1049.07,1049.07,1024.31,1024.31
19650716,1020.49,1037.97,1020.49,1031.65
19650723,1037.52,1045.69,1027.85,1028.09
19650730,1034.34,1105.54,1034.34,1105.54
19650806,1120.59,1153.71,1111.69,1144.09
19650813,1150.57,1150.57,1122.09,1150.5
19650820,1158.35,1168.62,1151.77,1167.51
19650827,1170.92,1230.46,1170.92,1230.46
19650903,1245.49,1256.22,1240.07,1254.21
19650910,1235.78,1277.15,1235.78,1265.56
19650917,1250.29,1269.15,1241.93,1269.15
19650924,1271.76,1271.76,1243.4,1244.08
19651001,1233.41,1251.88,1205.2,1205.2
19651008,1204.48,1210.05,1191.89,1210.05
19651015,1219.12,1258.34,1219.12,1249.63
19651022,1248.84,1253.34,1230.12,1230.12
19651029,1222.83,1257.31,1222.83,1257.31
19651105,1268,1274.69,1262.8,1274.69
19651112,1284.31,1323.11,1284.31,1312.6
19651119,1304.22,1340.47,1304.22,1329.88
19651126,1343.67,1354.42,1325.56,1340.13
19651203,1359.81,1409.07,1337.2,1337.2
19651210,1315.26,1357.78,1315.26,1353.01
19651217,1340.05,1373.62,1340.05,1372.12
19651224,1367.42,1400.85,1364.97,1400.85
19651231,1412.77,1417.83,1412.77,1417.83
19660107,1430.13,1434.94,1412.98,1412.98
19660114,1421.5,1421.5,1410.43,1416.12
19660121,1421.1,1442.01,1414.01,1442.01
19660128,1451.68,1470.41,1445.34,1470.41
19660204,1470.38,1492.42,1470.38,1484.09
19660211,1498.89,1505.7,1474.03,1474.03
19660218,1464.27,1464.67,1442.02,1455.04
19660225,1465.79,1499.3,1465.42,1499.3
19660304,1507.41,1530.36,1507.41,1530.36
19660311,1533.75,1545.78,1512.19,1519.87
19660318,1535.04,1560.09,1535.04,1554.96
19660325,1568.28,1571.83,1550.21,1560.86
19660401,1566.6,1588.73,1566.6,1586.95
19660408,1573.87,1573.87,1535.88,1535.88
19660415,1536.88,1555.71,1535.2,1541.2
19660422,1531.53,1531.53,1486.93,1530.93
19660429,1530.16,1557.97,1523,1557.97
19660506,1565.55,1582.15,1560.28,1560.28
19660513,1572.94,1582.73,1567.17,1567.17
19660520,1558.15,1564.94,1552.76,1554.42
19660527,1561.14,1574.06,1517.05,1517.05
19660603,1512.63,1527.92,1490.85,1527.92
19660610,1524.5,1524.5,1507.03,1518.18
19660617,1526.5,1545.77,1513.26,1513.26
19660624,1514.94,1522.71,1504.14,1513.8
19660701,1521,1521,1494.9,1519.97
19660708,1532.66,1532.66,1506.03,1506.03
19660715,1480.5,1480.5,1443.83,1456.66
19660722,1434.68,1480.05,1434.68,1480.05
19660729,1470.98,1502.13,1468.23,1502.13
19660805,1495.88,1495.88,1475.87,1475.87
19660812,1475.05,1495.61,1475.05,1495.61
19660819,1496.94,1497.35,1465.34,1465.34
19660826,1463.69,1469.55,1450.61,1451.1
19660902,1456.63,1472.86,1456.63,1457.29
19660909,1456.77,1456.77,1436.15,1441.29
19660916,1442.37,1442.37,1416.55,1416.55
19660923,1435.89,1461.44,1435.89,1452.63
19660930,1467.69,1471.61,1464.59,1471.61
19661007,1469.24,1469.24,1444.89,1450.54
19661014,1442.22,1448.17,1436.71,1439.92
19661021,1432.92,1441.43,1418.54,1418.54
19661028,1413.78,1433.59,1408.08,1433.59
19661104,1441.02,1441.02,1431.92,1435.63
19661111,1445.08,1445.08,1415.35,1415.35
19661118,1415.02,1428.78,1414.6,1428.78
19661125,1431.27,1431.27,1405.58,1406.4
19661202,1391.77,1392.24,1378.34,1379
19661209,1364.34,1393.64,1364.34,1391.97
19661216,1391.49,1391.49,1376.49,1381.22
19661223,1394.23,1445.86,1394.23,1445.86
19661230,1449.6,1452.1,1444.91,1452.1
19670106,1441.35,1441.35,1413.93,1418.9
19670113,1424.02,1424.02,1410.31,1423.07
19670120,1441.83,1447.14,1437.59,1437.59
19670127,1443.27,1446.48,1427.93,1427.93
19670203,1457.5,1480.51,1457.5,1468.76
19670210,1481.81,1488.78,1446.66,1472.85
19670217,1460.38,1476.21,1454.86,1475.39
19670224,1476.01,1484.95,1472.21,1484.54
19670303,1499.09,1506.27,1485.07,1489.19
19670310,1487.41,1487.41,1462.11,1462.11
19670317,1460.62,1469.54,1459.36,1469.54
19670324,1467.74,1467.74,1455.45,1458.42
19670331,1450.31,1456.47,1438,1445.91
19670407,1439.12,1439.12,1425.71,1430.41
19670414,1432.63,1436.44,1418.02,1436.44
19670421,1431.85,1445.46,1431.85,1444.24
19670428,1436.68,1443.43,1436.68,1437.24
19670505,1441.12,1456.03,1441.12,1453.26
19670512,1457.49,1477.53,1451.64,1477.53
19670519,1480.81,1480.81,1477.4,1477.4
19670526,1474.77,1485.62,1474.75,1474.85
19670602,1490.82,1505.94,1490.82,1499.09
19670609,1488.69,1490.58,1476.9,1485.6
19670616,1487.8,1487.8,1475.25,1476.44
19670623,1468.5,1477.45,1468.5,1476.12
19670630,1489.45,1495.26,1486.16,1495.26
19670707,1494.44,1494.44,1473.21,1473.21
19670714,1481.99,1484.45,1475.66,1484.45
19670721,1481.55,1494.07,1481.24,1493.67
19670728,1494.21,1494.21,1476.44,1476.44
19670804,1476.33,1476.33,1446.02,1446.78
19670811,1429.36,1435.39,1394.09,1394.09
19670818,1369.45,1383.73,1344.98,1344.98
19670825,1321.54,1350.9,1321.54,1337.25
19670901,1335.15,1364.96,1324.83,1364.96
19670908,1373.83,1373.83,1337.49,1339.15
19670915,1331.67,1345.61,1329.72,1345.61
19670922,1344.12,1350.27,1339.19,1346.75
19670929,1340.38,1340.38,1317.81,1318.77
19671006,1312.28,1366.8,1312.28,1366.8
19671013,1380.43,1380.43,1362.66,1367.36
19671020,1372.99,1378.7,1366,1377.01
19671027,1382.53,1385.43,1376.09,1377.44
19671103,1385.61,1385.61,1360.23,1360.23
19671110,1368.92,1368.92,1344.69,1347.47
19671117,1342.04,1351.96,1340.63,1340.63
19671124,1273.33,1282.4,1265.24,1268.16
19671201,1269.05,1288.36,1269.05,1288.36
19671208,1294.93,1294.93,1256.26,1256.26
19671215,1250.14,1264.2,1250.14,1257.91
19671222,1259.57,1291.08,1259.57,1288.11
19671229,1290.29,1290.29,1278.96,1283.47
19680105,1266.27,1282.38,1266.27,1280.78
19680112,1283.53,1318.46,1283.53,1318.46
19680119,1314.98,1322.99,1312.74,1315.41
19680126,1306.49,1313.18,1304.45,1310
19680202,1306.61,1318.11,1306.61,1315.86
19680209,1320.58,1331.77,1320.58,1329.78
19680216,1329.18,1346.54,1329.18,1346.54
19680223,1345.01,1352.03,1339.87,1339.87
19680301,1341.03,1355.49,1341.03,1345.75
19680308,1337.6,1337.6,1321.41,1322.47
19680315,1326.68,1340.54,1318.01,1338.4
19680322,1373,1373,1348.37,1348.37
19680329,1356.72,1377.58,1354.69,1377.58
19680405,1367.36,1394.24,1367.36,1394.24
19680412,1406.32,1422.29,1402.19,1422.29
19680419,1443.65,1443.65,1431.21,1431.21
19680426,1440.48,1450.32,1438.24,1441.79
19680503,1456.07,1466.73,1456.07,1466.73
19680510,1482.69,1482.69,1461.69,1461.69
19680517,1469.5,1488.81,1466.37,1488.81
19680524,1500.41,1500.41,1456.23,1456.23
19680531,1460.02,1466.4,1452.32,1466.4
19680607,1496.56,1523.49,1496.56,1523.49
19680614,1522.59,1531.46,1519.06,1527.02
19680621,1532,1532,1481.24,1496.54
19680628,1506.94,1544.7,1501.71,1544.7
19680705,1548.9,1554.8,1540.42,1554.8
19680712,1552.76,1572.69,1544.68,1572.69
19680719,1581.56,1581.56,1561.66,1567.18
19680726,1573.8,1582.83,1569.13,1582.51
19680802,1592.11,1602.97,1583,1598.38
19680809,1604.57,1622.86,1598.44,1622.06
19680816,1627.82,1631.24,1612.26,1614
19680823,1623.19,1648.17,1623.19,1646.97
19680830,1655.68,1703.91,1655.68,1703.91
19680906,1717.6,1743,1705.15,1743
19680913,1748.56,1775.54,1748.56,1775.54
19680920,1777.05,1811.22,1777.05,1811.22
19680927,1802.98,1826.68,1802.98,1826.68
19681004,1839.81,1851.49,1803.24,1814.27
19681011,1830.64,1830.64,1715.47,1756.12
19681018,1747.06,1754.09,1700.48,1754.09
19681025,1746.83,1763.79,1726.62,1763.79
19681101,1755.51,1768.94,1734.09,1734.09
19681108,1710.07,1710.07,1668.09,1670.1
19681115,1658.45,1697.08,1658.45,1693.95
19681122,1705.01,1712.29,1693.04,1693.04
19681129,1668.55,1726.09,1668.55,1726.09
19681206,1743.21,1743.21,1710.95,1710.95
19681213,1690.98,1725.43,1690.98,1717.76
19681220,1722.33,1722.33,1689.87,1689.87
19681227,1686.64,1714.89,1686.64,1714.89
19690103,1733.64,1733.64,1733.64,1733.64
19690110,1755.15,1761.93,1753.31,1760.27
19690117,1767.35,1790.48,1767.35,1790.48
19690124,1798.9,1830.87,1798.9,1826.57
19690131,1833.29,1833.29,1820.62,1831.72
19690207,1828.04,1849.25,1815.07,1849.25
19690214,1851.08,1852.38,1825.96,1825.96
19690221,1824.27,1828.85,1775.43,1776.71
19690228,1765.9,1777.97,1758.54,1770.62
19690307,1769.55,1796.63,1748.88,1796.63
19690314,1789.32,1803.11,1778.99,1802.8
19690321,1806.64,1806.64,1783.2,1794.14
19690328,1815.74,1832.86,1815.74,1820.15
19690404,1841.02,1868.12,1827.44,1864.83
19690411,1872.1,1898.67,1865.89,1898.67
19690418,1900.26,1900.26,1871.84,1884.31
19690425,1878.45,1896.09,1877.25,1893.99
19690502,1901.03,1911.54,1901.03,1906.44
19690509,1925.14,1935.69,1917.44,1935.69
19690516,1938.98,1947.71,1933.84,1933.84
19690523,1939.83,1939.83,1928.29,1930.93
19690530,1939.37,2002.46,1939.37,2002.46
19690606,2007.61,2012.79,2000.47,2012.79
19690613,2029.1,2029.59,1913.32,1921.34
19690620,1955.69,1955.69,1866.65,1866.65
19690627,1867.31,1976.24,1867.31,1976.24
19690704,1984.61,1998,1969.67,1997.47
19690711,1983.14,1987.6,1930.56,1935.07
19690718,1911.12,1938.08,1898.88,1920.99
19690725,1922.52,1922.52,1888.04,1890.89
19690801,1875,1881.01,1842.57,1881.01
19690808,1878.14,1878.7,1844.03,1872.03
19690815,1877.2,1910.87,1877.2,1889.35
19690822,1896.83,1897.75,1871.79,1882.04
19690829,1880.43,1923.19,1880.43,1915.68
19690905,1951.54,1984.69,1951.54,1977.62
19690912,1983.95,2000.63,1964.46,2000.63
19690919,2014.16,2016.71,1995.26,2008.25
19690926,2016.85,2016.85,1968.73,1968.73
19691003,1995.96,2036.8,1995.96,2022.78
19691010,2038.72,2044.49,2022.7,2044.49
19691017,2068.32,2122.65,2062.85,2122.65
19691024,2079.75,2120.94,2079.75,2116.57
19691031,2117.12,2150.1,2117.12,2122.53
19691107,2133.97,2135.44,2096.9,2096.9
19691114,2121.31,2148.66,2104.52,2148.66
19691121,2155.14,2210.6,2155.14,2196.02
19691128,2199.11,2230.58,2199.11,2211.9
19691205,2251.37,2252.61,2170.15,2194.56
19691212,2198.98,2262.87,2193.04,2262.87
19691219,2261.9,2278.83,2261.43,2269.62
19691226,2258.26,2358.96,2258.26,2358.96
19700109,2402.8,2406.2,2283.7,2359
19700116,2324.2,2324.2,2286.4,2286.4
19700123,2309.4,2325.3,2309.4,2312
19700130,2316.7,2328.6,2296.4,2296.4
19700206,2310.4,2326.8,2296.7,2302.9
19700213,2306.4,2311.8,2298.6,2298.6
19700220,2293.9,2324.4,2293.9,2323
19700227,2375.4,2385.1,2375.4,2380.3
19700306,2399.8,2452.3,2396.6,2452.3
19700313,2455.2,2470.2,2433.1,2446.4
19700320,2459.6,2491.2,2459.6,2491.2
19700327,2495.2,2504.8,2481,2504.8
19700403,2510.2,2523.8,2500.1,2500.1
19700410,2534.4,2534.4,2513.5,2513.5
19700417,2508.1,2508.1,2471.2,2471.2
19700424,2470.6,2470.6,2416.7,2422.8
19700501,2386.1,2386.1,2114.3,2125.6
19700508,2200.7,2209.6,2190.5,2190.5
19700515,2139.1,2149.4,2018.7,2018.7
19700522,2047.9,2047.9,1963.1,1989.3
19700529,1933.3,2026.1,1929.6,2026.1
19700605,2082.3,2133.8,2082.3,2123.8
19700612,2109.6,2109.6,2029.4,2048.9
19700619,2072.8,2113.2,2054.4,2113.2
19700626,2149.3,2149.3,2131.9,2135.9
19700703,2131.7,2148.8,2131.7,2146.9
19700710,2117.6,2121.5,2102.2,2102.2
19700717,2110,2110.9,2067.8,2110.5
19700724,2133.9,2148.9,2125.6,2128.3
19700731,2130,2159.1,2130,2159.1
19700807,2164.8,2169.8,2143.1,2143.1
19700814,2141.4,2142.9,2122.8,2136.1
19700821,2140.6,2164.3,2140.6,2164.3
19700828,2168.1,2168.1,2153.2,2157.8
19700904,2132.2,2144.9,2118,2144.9
19700911,2165.2,2177,2157.3,2157.3
19700918,2168.4,2168.4,2079.8,2079.8
19700925,2077,2094,2077,2094
19701002,2042.9,2065.6,2020.9,2065.6
19701009,2087.3,2094.4,2079.9,2081.3
19701016,2092.4,2118.4,2092.4,2114.2
19701023,2133,2133,2101.7,2101.7
19701030,2094.9,2117.3,2094.9,2114.2
19701106,2138.3,2143.7,2134.1,2136.6
19701113,2148,2148,2110,2111.1
19701120,2098.4,2098.4,2065,2065
19701127,2060,2060,2012.1,2012.1
19701204,1990.5,2027.3,1989.7,1989.7
19701211,1969.6,2018.1,1963.4,2018.1
19701218,2015.9,2015.9,1972.8,1977.5
19701225,1988.9,1988.9,1979.7,1987.9
19710101,1987.1,1987.1,1987.1,1987.1
19710108,2001.3,2040.9,1981.7,2040.9
19710115,2085.3,2093.9,2085.3,2093.9
19710129,2105,2109.2,2099.1,2100.9
19710205,2104.8,2133.3,2104.8,2125.1
19710212,2128.2,2149.8,2122.6,2149.8
19710219,2173.3,2213.4,2166.7,2213.4
19710226,2230.1,2232.4,2184.5,2232.4
19710305,2256,2275.3,2246.6,2256.4
19710312,2273.4,2316.2,2271.1,2316.2
19710319,2301.4,2341.9,2301.4,2341.9
19710326,2365.4,2390,2345.3,2390
19710402,2404.6,2415.7,2401.3,2415.7
19710409,2373.4,2416.9,2373.4,2413.9
19710416,2435.3,2464.1,2428.5,2464.1
19710423,2439.9,2439.9,2374.7,2433.3
19710430,2436.9,2468.2,2436.9,2468.2
19710507,2489.4,2489.4,2444.8,2444.8
19710514,2390.2,2431.3,2390.2,2415.2
19710521,2417.6,2417.6,2365.9,2385.2
19710528,2398.5,2432.7,2398.5,2432.7
19710604,2455.9,2490.4,2455.9,2490.4
19710611,2506.1,2528.8,2504.3,2528.8
19710618,2531.5,2584.5,2531.5,2584.5
19710625,2587.9,2600.5,2584.5,2600.3
19710702,2628.4,2651,2625.1,2647.2
19710709,2571.3,2659.6,2571.3,2659.6
19710716,2686.4,2686.4,2664.2,2670.8
19710723,2692.6,2692.6,2643.1,2671.3
19710730,2673.8,2683.2,2661.6,2661.6
19710806,2640.6,2648.5,2630.1,2648.5
19710813,2698.2,2727.8,2690.1,2727.8
19710820,2530.5,2530.5,2190.1,2283.9
19710827,2163.8,2282.3,2162.8,2267.2
19710903,2303.9,2352.3,2297,2346.8
19710910,2341.7,2341.7,2321.8,2321.8
19710917,2351.1,2364.6,2347.3,2352.3
19710924,2377,2377,2360.8,2364
19711001,2351.9,2429.3,2351.9,2429.3
19711008,2412.6,2412.6,2372.5,2372.5
19711015,2360.4,2360.4,2254.9,2254.9
19711022,2255.2,2259.5,2227.3,2259.5
19711029,2253.7,2278.4,2229.4,2278.4
19711105,2279,2279,2228.8,2234.1
19711112,2236.2,2307.8,2236.2,2307.8
19711119,2329.1,2391.9,2326.5,2378.8
19711126,2408.1,2413.8,2404.7,2413.8
19711203,2450.7,2480.5,2441.6,2441.6
19711210,2475.7,2482.5,2453.3,2482.5
19711217,2496.7,2496.7,2468.1,2480.2
19711224,2487.6,2586.3,2487.6,2586.3
19711231,2693.5,2713.7,2693.5,2713.7
19720107,2712.3,2762.5,2712.3,2762.5
19720114,2773.9,2823.5,2769.6,2823.5
19720121,2799.7,2840.8,2799.7,2822.5
19720128,2800.1,2862.4,2800.1,2862.4
19720204,2856.5,2879.7,2852.3,2857.3
19720211,2883.4,2889.8,2870.7,2871.8
19720218,2890.6,2932.2,2876.4,2932.2
19720225,2966.6,2995.5,2960.9,2995.5
19720303,3027.5,3027.5,3011.3,3015.1
19720310,3028.9,3040.2,3027.4,3027.4
19720317,2976.1,3022.9,2976.1,3022.9
19720324,3036.4,3073.2,3036.4,3073.2
19720331,3102.5,3146.1,3102.5,3146.1
19720407,3194.2,3299.1,3165.3,3299.1
19720414,3275,3322,3275,3302.5
19720421,3218,3269.1,3218,3240.1
19720428,3257.7,3339.1,3257.7,3339.1
19720505,3353.3,3371.2,3353.3,3371.2
19720512,3362.8,3408.1,3342.9,3408.1
19720519,3424.9,3438.2,3416.4,3420.5
19720526,3446.7,3506.4,3446.7,3506.4
19720602,3594.9,3667.2,3594.9,3667.2
19720609,3678.9,3678.9,3615.8,3615.8
19720616,3651.3,3680.7,3640.4,3680.7
19720623,3722.6,3722.6,3663.1,3663.1
19720630,3569.6,3710.7,3548.9,3710.7
19720707,3751.3,3751.3,3645.4,3695.3
19720714,3710.5,3727.5,3707.4,3727.5
19720721,3693.8,3807.1,3693.8,3807.1
19720728,3815.3,3913.8,3815.3,3913.8
19720804,3938.4,3954.4,3870.3,3954.4
19720811,3946.3,3946.3,3908,3929.8
19720818,3957.7,4014.4,3957.7,4014.4
19720825,4013.9,4041.8,4010.4,4010.4
19720901,3996.9,4090.4,3996.9,4090.4
19720908,4137.5,4181.9,4137.5,4181.9
19720915,4203.2,4203.2,4160.3,4174.8
19720922,4178.8,4204.2,4157.5,4204.2
19720929,4254.6,4320.6,4251.3,4320.6
19721006,4393.6,4425.5,4355.3,4355.3
19721013,4422.1,4480,4422.1,4472.7
19721020,4433.6,4452.2,4324.8,4324.8
19721027,4415,4455,4415,4455
19721103,4522.2,4547.9,4522.2,4547.9
19721110,4543.8,4564.5,4540.1,4540.1
19721117,4553.8,4602.8,4553.8,4585.9
19721124,4591,4731.4,4591,4731.4
19721201,4742.2,4879.2,4742.2,4781.4
19721208,4872.5,4902.8,4838.8,4862.4
19721215,4859.4,4909.2,4859.4,4909.2
19721222,4923.4,5025.5,4920.8,5025.5
19721229,5106.7,5194.4,5106.7,5194.4
19730105,5252.8,5253.1,5252.8,5253.1
19730112,5307.2,5307.2,5243.1,5251.7
19730119,5188.4,5290.8,5188.4,5290.8
19730126,5270.5,5289.7,5236.8,5236.8
19730202,5349.5,5415.2,4829.5,4829.5
19730209,4949.8,4949.8,4832.5,4843.5
19730216,4985.4,5187.3,4984.9,5187.3
19730223,5334.7,5334.7,5215,5215
19730302,5129.3,5194.9,5024.1,5024.1
19730309,4771.6,4987.4,4771.6,4987.4
19730316,5003.5,5096.3,5003.5,5096.3
19730323,5123.5,5131,5060.2,5060.2
19730330,5066,5233.8,5066,5233.8
19730406,5181.7,5181.7,5013,5023.1
19730413,4988.6,4988.6,4735.6,4735.6
19730420,4539.4,4735.5,4539.4,4727.5
19730427,4495.2,4570.3,4374.8,4570.3
19730504,4594.6,4655.4,4594.6,4655.4
19730511,4671,4694.2,4637,4694.2
19730518,4767.8,4774.9,4701.1,4774.9
19730525,4667.5,4675.2,4593.2,4627.4
19730601,4626.2,4626.2,4546.7,4546.7
19730608,4500.5,4625.8,4500.5,4625.8
19730615,4606.1,4611.1,4571.4,4582
19730622,4543,4668.8,4543,4668.8
19730629,4687.2,4687.2,4637.7,4675.1
19730706,4688.8,4754.2,4688.8,4754.2
19730713,4778,4943.5,4778,4943.5
19730720,4965.3,5015.8,4962.5,5015.8
19730727,5000.2,5123.2,5000.2,5123.2
19730803,5108.4,5108.4,4972.8,4983.9
19730810,4946,4972.9,4926,4926
19730817,4908.3,4957,4834.4,4834.4
19730824,4828.7,4893.9,4828,4828
19730831,4829.7,4889.2,4829.7,4882.1
19730907,4785.8,4785.8,4677.6,4677.6
19730914,4686.4,4686.4,4587.4,4644.1
19730921,4623.8,4623.8,4393.4,4393.4
19730928,4472.8,4622.6,4472.8,4617.3
19731005,4582.7,4643.7,4562.1,4562.1
19731012,4509.3,4509.3,4452.6,4452.6
19731019,4468.4,4552.2,4468.4,4552.2
19731026,4549.5,4667.1,4549.5,4628.5
19731102,4638.3,4702.9,4634.8,4665.9
19731109,4677,4677,4616.6,4649
19731116,4510.3,4510.3,4388.1,4388.1
19731123,4450.9,4450.9,4371.5,4371.5
19731130,4371.7,4461.8,4288.8,4461.8
19731207,4510.5,4510.5,4253.8,4253.8
19731214,4165.1,4165.1,4033.1,4037.9
19731221,4041.4,4157.1,3958.5,4157.1
19731228,4028.4,4306.8,4028.4,4306.8
19740104,4259.2,4259.2,4259.2,4259.2
19740111,4180.7,4195.2,4151,4171.1
19740118,4274.8,4369.7,4274.8,4369.7
19740125,4352.6,4488,4352.6,4473.9
19740201,4536.9,4536.9,4449.9,4489.9
19740208,4551.9,4586.7,4551.9,4576.6
19740215,4601.2,4601.2,4525.3,4552.2
19740222,4523.3,4523.3,4460.4,4460.4
19740301,4453,4538.7,4453,4538.7
19740308,4610.7,4610.7,4527,4527
19740315,4514.7,4514.7,4456.9,4486.6
19740322,4446.1,4446.1,4403.1,4403.1
19740329,4389.9,4480.1,4389.9,4466.1
19740405,4486.3,4486.3,4403.6,4424.1
19740412,4448.4,4461.9,4444.8,4461.9
19740419,4573.5,4613.5,4533.7,4613.5
19740426,4608.3,4608.3,4554.3,4576.4
19740503,4632.3,4684.7,4614.3,4684.7
19740510,4680.8,4706.4,4680.8,4695
19740517,4704.4,4704.4,4666,4703.9
19740524,4680.5,4754.2,4680.5,4709.6
19740531,4748.9,4778.3,4748.9,4772.7
19740607,4771.9,4782.3,4729.2,4729.2
19740614,4640.4,4720.6,4640.4,4685.1
19740621,4686,4709.5,4666.7,4666.7
19740628,4659.9,4671.5,4602.9,4602.9
19740705,4622.1,4626.7,4573.8,4626.7
19740712,4562.5,4580.5,4507,4527.6
19740719,4479.9,4525,4479.9,4516.8
19740726,4529.2,4552.4,4518.2,4545
19740802,4498.2,4498.2,4396.1,4396.1
19740809,4262.9,4297.4,4196,4285.1
19740816,4228.5,4250.5,4179.8,4250.5
19740823,4237.6,4237.6,4041.3,4100.5
19740830,3995,4069.7,3973.1,4069.7
19740906,4094.3,4134,4052.7,4080.8
19740913,4091.8,4091.8,4035.9,4035.9
19740920,3965.5,4048.4,3965.5,4048.4
19740927,4036.6,4037.6,3961.4,3961.4
19741004,3950,3950,3584.1,3668.2
19741011,3605.8,3605.8,3355.1,3513.2
19741018,3601.9,3748.7,3601.9,3748.7
19741025,3696.6,3696.6,3580.3,3580.3
19741101,3403.6,3594.6,3403.6,3547.6
19741108,3558.3,3778.1,3558.3,3648.8
19741115,3732.2,3795.1,3732.2,3755.7
19741122,3738.5,3759.9,3707.2,3759.9
19741129,3823,3929.4,3823,3927.5
19741206,3974.7,3974.7,3850.2,3850.2
19741213,3870.5,3943.4,3870.5,3886.1
19741220,3902.2,3916.6,3886.5,3886.5
19741227,3867.7,3889.9,3834.2,3836.9
19750110,3717.6,3742.6,3627,3627
19750117,3657.8,3741.2,3657.8,3741.2
19750124,3823.3,3823.3,3747,3747
19750131,3781,3967.5,3781,3967.5
19750207,3998.5,4038.3,3998.5,4036.4
19750214,4092.3,4120.9,4092.3,4107.6
19750221,4084.9,4105,4063.5,4105
19750228,4182.8,4273.4,4182.8,4273.4
19750307,4320,4320,4257.4,4281
19750314,4330.1,4348,4260.5,4260.5
19750321,4273.3,4293.4,4247,4247
19750328,4226.9,4320.5,4226.9,4320.5
19750404,4485,4494,4442.9,4442.9
19750411,4394.7,4462,4394.7,4461.1
19750418,4473.1,4473.1,4421.4,4421.4
19750425,4398.6,4398.6,4355.1,4392
19750502,4474.5,4548,4474.5,4548
19750509,4548.4,4552.6,4534.9,4534.9
19750516,4564.5,4564.5,4515.2,4545
19750523,4511.3,4521.4,4473.6,4473.6
19750530,4457.4,4459.2,4407.7,4407.7
19750606,4378.5,4534.7,4378.5,4534.7
19750613,4489,4490.4,4468.8,4468.8
19750620,4506.2,4510.2,4488.2,4488.2
19750627,4500.2,4523.7,4485,4488.1
19750704,4532.5,4541.3,4491.4,4491.4
19750711,4410.6,4427.3,4389.9,4427.3
19750718,4427.5,4435.2,4377.4,4377.4
19750725,4303.3,4322.9,4302.3,4322.9
19750801,4250.9,4333,4250.9,4292.5
19750808,4305,4344.8,4215.8,4344.8
19750815,4240.6,4240.6,4194.5,4229.7
19750822,4238.6,4238.6,4103.9,4135
19750829,4098.5,4098.5,4007.1,4060.5
19750905,4047.8,4047.8,3887.9,3887.9
19750912,3972.8,4027.8,3947.1,4027.8
19750919,4031.8,4031.8,3973.7,3973.7
19750926,3934.2,3942.3,3895,3895
19751003,3814,3981.5,3814,3981.5
19751010,4101.7,4201.6,4100.8,4201.6
19751017,4180.5,4257.8,4180.5,4257.8
19751024,4289.2,4311.1,4260.6,4311.1
19751031,4332.8,4360.4,4300.1,4352
19751107,4339.5,4339.5,4282.3,4322.8
19751114,4355,4355,4309.9,4313.8
19751121,4312.1,4318.3,4282.4,4287.9
19751128,4245.4,4329.8,4245.4,4329.8
19751205,4306.8,4331.9,4305.2,4310
19751212,4267.5,4267.5,4230.2,4230.2
19751219,4225,4225,4177.1,4220.2
19751226,4235,4342.1,4222.4,4342.1
19760109,4403,4485.7,4403,4484
19760116,4580.7,4629.5,4580.7,4629.5
19760123,4609.3,4627,4568.1,4582.6
19760130,4639.6,4660.4,4626.9,4656.9
19760206,4670.3,4670.3,4587.7,4587.7
19760213,4519,4568.1,4519,4568.1
19760220,4540.5,4540.5,4461.6,4489.2
19760227,4496.3,4628.8,4496.3,4628.8
19760305,4630.5,4630.5,4602.7,4612.6
19760312,4592.5,4611.2,4587.4,4588.8
19760319,4607.3,4610.7,4582.9,4610.7
19760326,4625.7,4635.4,4607.8,4607.8
19760402,4566.7,4596.4,4552.5,4574.4
19760409,4511.9,4522.5,4464.3,4464.3
19760416,4423.1,4457.7,4408.2,4457.7
19760423,4477.4,4573.3,4477.4,4573.3
19760430,4566,4657,4566,4657
19760507,4638.1,4638.1,4581.8,4614.8
19760514,4631.1,4648,4615.1,4633.2
19760521,4630.6,4630.6,4573.3,4581.7
19760528,4589.9,4608.9,4569.1,4608.9
19760604,4686,4727.7,4686,4717.3
19760611,4733.9,4733.9,4688.5,4688.5
19760618,4707,4753.4,4696.3,4696.3
19760625,4739.3,4739.3,4700.8,4725.4
19760702,4794.7,4865.5,4794.7,4853.6
19760709,4843.3,4854.5,4814.2,4839
19760716,4808,4808,4695.6,4708.4
19760723,4688.4,4721.4,4688.4,4721.4
19760730,4667.1,4679.5,4641.8,4641.8
19760806,4640.9,4717.9,4640.9,4717.9
19760813,4711.9,4743.9,4711.9,4736.9
19760820,4722.8,4734,4716.9,4716.9
19760827,4696.6,4697.3,4682.3,4689.6
19760903,4696.8,4786.1,4696.8,4764.8
19760910,4700.8,4707.7,4676.6,4707.7
19760917,4729.7,4729.7,4702.8,4722.9
19760924,4726.5,4744.5,4726.5,4730.6
19761001,4722,4834.1,4722,4815.5
19761008,4835.2,4835.2,4778.8,4778.8
19761015,4658.2,4704.5,4658.2,4697.1
19761022,4684.4,4684.4,4618.8,4618.8
19761029,4615.5,4646.3,4615.5,4646.3
19761105,4645.5,4645.5,4522.1,4522.1
19761112,4528.6,4598.9,4528.6,4565.4
19761119,4553.1,4553.1,4451.6,4451.6
19761126,4478.1,4571.3,4478.1,4571.3
19761203,4541.6,4542.9,4496.5,4542.9
19761210,4585.9,4765.6,4585.9,4765.3
19761217,4751.4,4793.8,4731,4793.8
19761224,4820.1,4911.8,4820.1,4909.5
19761231,4973.7,4990.8,4973.7,4990.8
19770107,4988.8,4988.8,4950.7,4960.2
19770114,5008.2,5008.2,4928.1,4994.8
19770121,4983,5011.9,4942.8,5011.9
19770128,5054.1,5073,5041,5041
19770204,4962.5,5072,4962.5,5065.3
19770211,5078.8,5086.7,5053.5,5053.5
19770218,4979,5056.5,4979,5037.9
19770225,5024.6,5050.8,5024.6,5050.8
19770304,5079.1,5079.1,5056.9,5059.8
19770311,5034.5,5034.5,5009.5,5010.6
19770318,4962.6,5013.7,4960.6,5013.7
19770325,4989.1,4989.1,4961.8,4975.6
19770401,4978.2,5036.4,4978.2,5001.2
19770408,4970.6,4970.6,4870.2,4870.2
19770415,4926.5,5037.7,4926.5,5037.7
19770422,5034.8,5157.1,5034.8,5143.3
19770429,5102.9,5102.9,5092,5099
19770506,5132.9,5141.9,5132.9,5140.3
19770513,5124.2,5124.2,5048.9,5049.3
19770520,5044.5,5044.5,5024.4,5027.7
19770527,5027.6,5027.6,4980.7,4980.7
19770603,5026.1,5026.1,4982.2,4991.7
19770610,5012,5012,4927.5,4927.5
19770617,4926.4,4992,4813.6,4992
19770624,4973.9,4980.5,4935.2,4977.2
19770701,4999.5,5006.8,4975.9,4978.4
19770708,4942.5,5038.6,4942.5,5038.6
19770715,5079.3,5079.3,5025.1,5025.1
19770722,5001,5001,4950.3,4950.3
19770729,4936.4,4936.4,4849.4,4898.1
19770805,4970.7,5074.8,4970.7,5074.8
19770812,5076,5160.2,5066.6,5160.2
19770819,5202,5231.6,5202,5220.1
19770826,5165,5190.8,5150.2,5190.8
19770902,5234.2,5246.5,5234.2,5246.5
19770909,5270.7,5280.3,5199.7,5199.7
19770916,5203.1,5207.5,5201.9,5207.5
19770923,5177.7,5196,5157.3,5157.3
19770930,5159.8,5264.7,5159.8,5264.4
19771007,5262.3,5262.3,5223.1,5231.6
19771014,5138,5189.4,5125.2,5125.2
19771021,5108.3,5150,5108.3,5137.4
19771028,5134.1,5134.1,5069.4,5069.4
19771104,5079.6,5079.6,5021,5030.5
19771111,5024.3,5024.3,4941.2,4950.8
19771118,4996.3,4996.3,4836.5,4853.4
19771125,4829.2,4829.2,4647.8,4647.8
19771202,4822.5,4945.7,4822.5,4945.7
19771209,4904.4,4904.4,4815.9,4833.3
19771216,4808.9,4880.4,4778.5,4880.4
19771223,4910.5,4910.5,4821.8,4821.8
19771230,4863,4865.6,4863,4865.6
19780106,4867.9,4974.6,4867.9,4974.6
19780113,4994.7,5030.8,4968.4,5030.8
19780120,5038.5,5096.1,5038.5,5044.1
19780127,5046.2,5046.2,5007.2,5028.4
19780203,5077.5,5188.4,5077.5,5129
19780210,5133,5458.3,5133,5458.3
19780217,5436.2,5436.2,5086.3,5086.3
19780224,5061.8,5121.8,5061.8,5121.8
19780303,5222.1,5237.9,5210.5,5237.9
19780310,5209.2,5211.7,5177.5,5211.7
19780317,5275.5,5297.7,5269.2,5290.6
19780324,5269.7,5273.6,5266.8,5266.8
19780331,5317.1,5469.8,5317.1,5469.8
19780407,5430.3,5527.5,5430.3,5485.2
19780414,5464.8,5503.5,5449.8,5503.5
19780421,5544.6,5555.8,5502.3,5502.3
19780428,5514.8,5540.2,5514.8,5534.2
19780505,5532.9,5542.1,5532.9,5542.1
19780512,5526.6,5526.6,5486.1,5498
19780519,5499.5,5499.5,5404.2,5404.2
19780526,5408.2,5455.9,5408.2,5439.4
19780602,5438.5,5480.5,5438.5,5480.5
19780609,5495.3,5504.7,5489.8,5500.6
19780616,5512,5512,5491.5,5491.5
19780623,5477.3,5481.3,5463.8,5481.3
19780630,5472.1,5543.1,5472.1,5543.1
19780707,5529.1,5616.9,5529.1,5616.9
19780714,5631.4,5631.4,5624.2,5629.2
19780721,5636.9,5640.6,5614.3,5614.3
19780728,5578,5578,5562.4,5578
19780804,5601.3,5601.3,5550.8,5576.6
19780811,5457.9,5502.6,5457.9,5502.6
19780818,5508.1,5508.1,5489.7,5495.5
19780825,5543.3,5570.7,5508.7,5510.4
19780901,5506.1,5585.4,5506.1,5560
19780908,5641.3,5651.2,5637.2,5650.3
19780915,5640.2,5662,5640.2,5660.3
19780922,5672.3,5672.3,5622.1,5637.2
19780929,5662,5772.3,5662,5772.3
19781006,5780.8,5792.5,5779.5,5792.5
19781013,5758.9,5758.9,5727.9,5727.9
19781020,5797,5873.4,5797,5873.4
19781027,5860.2,5887.3,5811.3,5887.3
19781103,5926.8,5926.8,5872.4,5896.3
19781110,5936.1,5968.2,5936.1,5968.2
19781117,5973.3,5973.3,5900.2,5933.9
19781124,5945.9,5985.4,5945.9,5985.4
19781201,5979.4,6002.7,5945.3,6002.7
19781208,6056.6,6074.9,6050.9,6074.9
19781215,6097,6097.3,6030.3,6030.3
19781222,5978.4,5983.3,5873.1,5884.3
19781229,5925.6,6001.9,5925.6,6001.9
19790105,6041.6,6072.3,6041.6,6072.3
19790112,6076.9,6116.3,6076.9,6113.4
19790119,6118,6118,6106.1,6106.1
19790126,6107.6,6160.1,6107.6,6160.1
19790202,6192.3,6212.8,6186,6187.3
19790209,6148.8,6148.8,6036.9,6036.9
19790216,6023.6,6128.9,6023.6,6128.9
19790223,6116.1,6116.1,6080.9,6080.9
19790302,6089.1,6089.1,5972.9,5972.9
19790309,6014.2,6042.9,5992.8,6042.9
19790316,6062.6,6062.6,6024.5,6025.7
19790323,6029.8,6079.8,6029.8,6079.8
19790330,6101.6,6170,6101.6,6133.9
19790406,6008.9,6050,6008.9,6050
19790413,6010.9,6071,5925.8,6071
19790420,6110,6110,6054.9,6102.9
19790427,6120.5,6225.1,6120.5,6225.1
19790504,6236.9,6286.1,6236.9,6286.1
19790511,6201.5,6274.1,6201.5,6274.1
19790518,6296.9,6341.3,6287,6315.5
19790525,6306.7,6313.8,6233.5,6313.8
19790601,6293,6307.4,6176.9,6176.9
19790608,6198.7,6198.7,6123.9,6176.5
19790615,6065.1,6143.9,6065.1,6143.9
19790622,6188.2,6248.4,6186.4,6247.5
19790629,6239.8,6258,6239.8,6247.3
19790706,6283.1,6303,6280.1,6280.1
19790713,6258.7,6258.7,6109.3,6109.3
19790720,6188.7,6188.7,6179.5,6179.5
19790727,6180.4,6264.7,6180.4,6264.7
19790803,6275.3,6355.7,6275.3,6355.7
19790810,6392.2,6402.7,6364.7,6395
19790817,6394.6,6452.5,6394.6,6452.5
19790824,6448.7,6448.7,6384.5,6384.5
19790831,6408.1,6445.4,6408.1,6436.1
19790907,6401.6,6425.5,6401.6,6410.9
19790914,6410.4,6455,6410.4,6455
19790921,6438.3,6490.3,6438.1,6490.3
19790928,6491,6568.6,6477.8,6568.6
19791005,6577.9,6577.9,6532.9,6568.8
19791012,6495.7,6512.8,6397,6439.8
19791019,6526.8,6526.8,6416.8,6416.8
19791026,6341.7,6371.1,6207.9,6207.9
19791102,6319.4,6444.1,6319.4,6425
19791109,6423.2,6451.8,6368.1,6403.4
19791116,6414.8,6414.8,6322.6,6327.1
19791123,6325,6325,6301.8,6301.8
19791130,6387.5,6450.2,6387.5,6450.2
19791207,6475.5,6507.6,6461.3,6461.3
19791214,6452.1,6501.2,6443.9,6500.7
19791221,6491.3,6535.9,6477.1,6535.9
19791228,6522.9,6569.5,6522.9,6569.5
19800104,6569.7,6569.7,6560.2,6560.2
19800111,6552.6,6615.5,6552.6,6615.5
19800118,6659.5,6659.5,6649.3,6649.3
19800125,6666.3,6767.7,6666.3,6767.7
19800201,6763.6,6777.6,6763.6,6777.6
19800208,6794.2,6816,6765.1,6816
19800215,6828,6838.9,6827.7,6827.7
19800222,6763.1,6806,6763.1,6783.2
19800229,6751.3,6777.3,6739.4,6764.9
19800307,6793.5,6794,6625.2,6625.2
19800314,6507.1,6609.4,6507.1,6593.4
19800321,6562.6,6584.8,6562.6,6571.8
19800328,6567.3,6567.3,6475.9,6475.9
19800404,6556.2,6614.2,6502.8,6614.2
19800411,6737,6767.7,6682.5,6767.7
19800418,6808.1,6811.4,6770.4,6811.4
19800425,6810.6,6904.8,6799,6904.8
19800502,6875.6,6882.6,6865.1,6882.6
19800509,6856,6856,6757.7,6808.3
19800516,6754.9,6766.9,6733,6733
19800523,6634.3,6839.9,6634.3,6839.9
19800530,6826.5,6855.7,6826.5,6855.7
19800606,6862.7,6862.7,6795.6,6814.5
19800613,6823,6826,6783.2,6821.8
19800620,6852.6,6852.6,6791.9,6813.8
19800627,6860.9,6860.9,6761.3,6825
19800704,6870.7,6870.7,6819.4,6863.8
19800711,6708.4,6794.2,6708.4,6787.9
19800718,6779.4,6819.8,6779.4,6819.8
19800725,6842.5,6842.5,6795.9,6810.5
19800801,6816.7,6821.1,6788.3,6788.3
19800808,6753.4,6771.5,6739.9,6771.5
19800815,6778.5,6836.8,6778.5,6836.8
19800822,6835.7,6886.1,6835.7,6886.1
19800829,6923,6930.6,6879.8,6914
19800905,6915.4,6943.7,6915.4,6943.7
19800912,6938.4,7000,6938,7000
19800919,7020.1,7041.6,7020.1,7041.6
19800926,7046.5,7046.5,6972.6,6998.5
19801003,7060.7,7142.2,7060.7,7142.2
19801010,7155.9,7155.9,7115.3,7130.3
19801017,7160.2,7174.3,7151.8,7169.3
19801024,7175.3,7175.3,7117.1,7117.1
19801031,7089.2,7150.7,7088.4,7150.7
19801107,7176.4,7188.2,7150.3,7150.3
19801114,7166.8,7166.8,7134.5,7159.5
19801121,7126.1,7135.9,7102.5,7117.9
19801128,7145.4,7186.3,7123.6,7123.6
19801205,7160.3,7160.3,7136.6,7136.6
19801212,7115.1,7115.1,7033.7,7033.7
19801219,7042.7,7063.5,7038.1,7060.5
19801226,7050.7,7063.1,7023.5,7063.1
19810109,7150.9,7248.1,7137.6,7248.1
19810116,7251.9,7255.8,7244.8,7255.8
19810123,7296,7315.3,7267.5,7267.5
19810130,7249.4,7285,7215.1,7254
19810206,7322,7322,7264.1,7264.1
19810213,7239.9,7261.5,7207.2,7207.2
19810220,7135.9,7157,7100.8,7100.8
19810227,7095.1,7146.5,7095.1,7146.5
19810306,7155.5,7155.5,7081.2,7081.2
19810313,7068.7,7068.7,6956.5,6956.5
19810320,7124.3,7220.9,7120.4,7220.9
19810327,7293.5,7325.9,7293.5,7303
19810403,7304.7,7421.2,7304.7,7421.2
19810410,7447.7,7517.3,7447.7,7517.3
19810417,7537,7537,7418.7,7418.7
19810424,7497.3,7534.4,7497.3,7534.4
19810501,7588,7623.8,7575.6,7575.6
19810508,7465.3,7495.2,7440.5,7495.2
19810515,7551.2,7551.2,7390.6,7486.9
19810522,7451.9,7541,7264,7541
19810529,7576.1,7576.1,7502,7539.7
19810605,7589.9,7589.9,7413.2,7430.4
19810612,7335,7635,7335,7635
19810619,7711.7,7714.6,7696.5,7714.6
19810626,7668.8,7726,7668.8,7726
19810703,7851.7,7904.5,7851.7,7904.5
19810710,7927.3,7927.3,7826.4,7913
19810717,7923.8,7923.8,7853.9,7876.9
19810724,7840.2,7840.2,7717.1,7743
19810731,7816.8,7831.3,7784.8,7828.2
19810807,7815.9,7968.9,7815.9,7968.9
19810814,7978.4,7985.6,7938.9,7976.4
19810821,8019.1,8019.1,7949.4,7995.2
19810828,7917.5,7917.5,7726.6,7726.6
19810904,7735.7,7735.7,7662.5,7662.5
19810911,7594.8,7629.2,7543.4,7543.4
19810918,7542.8,7548.5,7506.3,7548.5
19810925,7522.6,7522.6,7363.6,7363.6
19811002,7357.7,7455.5,7305.9,7377.1
19811009,7499.8,7545.8,7499.8,7516.2
19811016,7587.8,7587.8,7231.4,7231.4
19811023,7076.6,7262.2,7076.6,7262.2
19811030,7261.8,7449.5,7261.8,7449.5
19811106,7572.1,7572.1,7546.5,7546.5
19811113,7528.2,7569.5,7505,7569.5
19811120,7674.9,7674.9,7647,7647
19811127,7602.7,7664.7,7602.7,7664.7
19811204,7521.7,7716.1,7521.7,7716.1
19811211,7789.2,7789.2,7743.1,7743.1
19811218,7654.2,7682.5,7654.2,7682.5
19811225,7668.9,7682,7644.6,7662.5
19820101,7681.8,7681.8,7681.8,7681.8
19820108,7718.8,7719.3,7662.2,7662.2
19820115,7631.8,7667,7631.8,7667
19820122,7659.3,7823.3,7659.3,7823.3
19820129,7906.3,7926.5,7863.4,7918.8
19820205,7909.8,7909.8,7801.9,7801.9
19820212,7784.9,7794.2,7690.3,7690.3
19820219,7693.9,7713.3,7644.4,7713.3
19820226,7758.3,7758.3,7548.5,7548.5
19820305,7309.4,7474.4,7285.5,7285.5
19820312,7248.4,7292.9,7102.6,7102.6
19820319,7078.6,7078.6,6889.5,7065.4
19820326,7097.8,7203.8,7097.8,7203.8
19820402,7199.2,7332.9,7193.8,7332.9
19820409,7344.4,7344.4,7204.6,7204.6
19820416,7252.9,7252.9,7120.8,7129.7
19820423,7135.2,7333.9,7135.2,7333.9
19820430,7404.2,7417.2,7390.8,7390.8
19820507,7457.1,7518.8,7457.1,7518.8
19820514,7564.6,7603.2,7538.1,7575.8
19820521,7619.4,7619.4,7497,7497
19820528,7468.2,7468.2,7325.6,7325.6
19820604,7368.6,7368.6,7300.5,7300.5
19820611,7242.4,7242.4,7152.3,7195.4
19820618,7242.6,7242.6,7127.7,7127.7
19820625,7091.1,7202.4,7091.1,7202.4
19820702,7204.2,7213.8,7084.9,7084.9
19820709,7019.5,7035.1,6991.5,6991.5
19820716,7146.7,7197.7,7146.7,7175.9
19820723,7237.8,7237.8,7210.5,7220.5
19820730,7203.9,7203.9,7122.1,7122.1
19820806,7208.2,7213.4,7068.2,7068.2
19820813,6976.1,6976.1,6880.2,6927.7
19820820,6939.4,6990.8,6864.5,6968.4
19820827,7053.4,7185.1,7053.4,7185.1
19820903,7118.8,7175.6,7118.8,7175.6
19820910,7209.4,7209.4,7105,7105
19820917,7073.9,7096.3,7073.9,7082.5
19820924,7042.6,7071.1,7040.3,7066
19821001,6975.5,6979.1,6849.8,6849.8
19821008,6942.2,7361.6,6932.1,7361.6
19821015,7413.2,7414.8,7373.5,7373.5
19821022,7370.2,7378,7319.9,7324
19821029,7304.9,7304.9,7199.6,7259.1
19821105,7334.6,7528.9,7334.6,7528.9
19821112,7551.7,7708.3,7551.7,7689.4
19821119,7762.2,7854.9,7698.3,7854.9
19821126,7901.5,7901.5,7846.8,7890.4
19821203,7936.2,8001,7895.6,7991.6
19821210,8020.5,8027,7870.8,7870.8
19821217,7885.5,7913.6,7828.9,7865.8
19821224,7858,7858,7772.3,7830.8
19821231,8015.1,8016.7,8015.1,8016.7
19830107,8021.4,8169.2,8021.4,8169.2
19830114,8172.7,8172.7,8039.8,8088.5
19830121,8082.7,8082.7,7923.3,7989.4
19830128,7833.9,8014.6,7803.1,8014.6
19830204,8103.4,8108,7991.3,8012.6
19830211,8010.9,8027.2,7995.9,8017.5
19830218,8132,8145.4,8048.3,8048.3
19830225,7918.1,8056,7918.1,8056
19830304,8085.5,8085.5,7988.8,8014.7
19830311,8041.1,8081.4,8008.2,8081.4
19830318,8089,8234.9,8089,8234.9
19830325,8281.5,8340.1,8281.5,8302.7
19830401,8387.9,8478.7,8387.9,8478.7
19830408,8485.8,8485.8,8420.3,8435.4
19830415,8475.2,8554.2,8468.6,8552.2
19830422,8582.5,8582.5,8541.9,8563.1
19830429,8596,8636.5,8507.5,8636.5
19830506,8704.4,8704.4,8663,8670.6
19830513,8719.9,8719.9,8629.5,8629.5
19830520,8591.8,8598.8,8561.4,8561.4
19830527,8528.6,8626,8528.6,8617.9
19830603,8617.6,8617.6,8517.9,8517.9
19830610,8475.3,8500.5,8445.4,8500.5
19830617,8598.6,8702.7,8598.6,8702.7
19830624,8711.7,8845.4,8711.7,8845.4
19830701,8838.2,8935.6,8838.2,8935.6
19830708,8928.1,9012.4,8928.1,9012.4
19830715,8968.8,8968.8,8883.6,8900
19830722,8885.1,9019.7,8866.7,8993.4
19830729,8991.9,9112.1,8991.9,9078.8
19830805,9015.5,9040.4,8961,8961
19830812,8960,8960,8874.2,8920.8
19830819,9020.3,9139.7,9010.1,9139.7
19830826,9203.8,9203.8,9143,9145.5
19830902,9172.5,9228.3,9172.5,9183.1
19830909,9255.1,9340,9255.1,9340
19830916,9355.1,9355.1,9195.6,9195.6
19830923,9141.3,9280.3,9141.3,9280.3
19830930,9345.8,9445.3,9345.8,9402.6
19831007,9450.1,9562.5,9424.3,9562.5
19831014,9493.1,9493.1,9323.6,9323.6
19831021,9420.9,9420.9,9230.8,9370.2
19831028,9260.2,9323.1,9232.7,9321.3
19831104,9356.8,9356.8,9341.7,9341.7
19831111,9316.2,9319.3,9244.2,9305.6
19831118,9348.5,9430.8,9348.5,9386.7
19831125,9409.8,9416.5,9340.8,9340.8
19831202,9294.7,9379.8,9256.3,9379.8
19831209,9445.1,9461,9405,9448.9
19831216,9442,9530.6,9385.5,9530.6
19831223,9484.2,9717.6,9484.2,9709.4
19831230,9883.9,9893.8,9883.9,9893.8
19840106,9927,9961,9927,9961
19840113,9954,10151,9954,10151
19840120,10156,10156,10098,10104
19840127,10071,10181,10023,10181
19840203,10236,10236,10134,10134
19840210,10121,10121,9959,9959
19840217,9963,9963,9830,9925
19840224,9938,9971,9938,9963
19840302,10071,10074,9920,9948
19840309,10089,10089,9959,9997
19840316,10087,10458,10087,10458
19840323,10479,10506,10414,10506
19840330,10484,10929,10484,10929
19840406,11050,11050,10915,10915
19840413,10890,11015,10890,11015
19840420,11020,11020,10783,10803
19840427,10801,10981,10762,10981
19840504,11013,11130,11013,11130
19840511,11159,11159,10833,10833
19840518,10563,10620,10126,10126
19840525,10165,10251,10023,10142
19840601,10116,10164,9913,9913
19840608,10132,10350,10132,10350
19840615,10377,10377,10057,10057
19840622,10123,10237,10123,10153
19840629,10146,10378,10146,10378
19840706,10411,10462,10349,10462
19840713,10373,10387,10154,10154
19840720,10178,10242,9945,9945
19840727,9703,10036,9703,10036
19840803,10014,10234,9948,10234
19840810,10431,10431,10247,10376
19840817,10390,10449,10361,10449
19840824,10533,10554,10486,10554
19840831,10569,10586,10569,10584
19840907,10630,10630,10458,10501
19840914,10472,10604,10472,10604
19840921,10636,10636,10505,10505
19840928,10605,10649,10605,10649
19841005,10654,10738,10540,10738
19841012,10677,10697,10669,10685
19841019,10780,10845,10743,10845
19841026,11078,11179,11030,11155
19841102,11177,11253,11170,11250
19841109,11374,11374,11167,11239
19841116,11235,11321,11235,11271
19841123,11284,11284,11208,11208
19841130,11163,11429,11163,11429
19841207,11514,11560,11466,11466
19841214,11317,11419,11251,11419
19841221,11456,11558,11456,11474
19841228,11492,11543,11492,11543
19850104,11543,11558,11543,11558
19850111,11575,11824,11575,11812
19850118,11824,11933,11824,11910
19850125,11976,11976,11737,11737
19850201,11799,11993,11799,11947
19850208,11891,12009,11823,12009
19850215,12028,12148,12026,12148
19850222,12149,12157,12128,12147
19850301,12201,12412,12201,12412
19850308,12509,12509,12348,12348
19850315,12264,12469,12264,12469
19850322,12507,12543,12478,12543
19850329,12493,12604,12486,12590
19850405,12677,12683,12570,12570
19850412,12636,12636,12574,12588
19850419,12553,12553,12053,12232
19850426,12180,12466,12124,12466
19850503,12426,12457,12426,12452
19850510,12415,12527,12415,12527
19850517,12542,12542,12358,12420
19850524,12559,12697,12559,12649
19850531,12643,12790,12643,12790
19850607,12473,12717,12473,12717
19850614,12683,12759,12683,12685
19850621,12769,12774,12635,12635
19850628,12766,12911,12766,12882
19850705,12919,12970,12914,12970
19850712,13030,13030,12840,12840
19850719,12599,12853,12599,12789
19850726,12772,12777,12647,12648
19850802,12591,12591,12263,12526
19850809,12451,12451,12386,12401
19850816,12373,12583,12327,12583
19850823,12640,12734,12640,12691
19850830,12652,12729,12631,12713
19850906,12531,12531,12454,12454
19850913,12456,12625,12456,12586
19850920,12592,12667,12530,12667
19850927,12756,12756,12639,12639
19851004,12700,12721,12685,12714
19851011,12792,12857,12792,12850
19851018,13017,13056,12973,12973
19851025,13026,13026,12855,12855
19851101,12957,12957,12808,12808
19851108,12821,12882,12821,12851
19851115,12821,12857,12590,12857
19851122,12701,12758,12607,12758
19851129,12783,12783,12741,12763
19851206,12797,12864,12775,12794
19851213,12798,13108,12798,13108
19851220,13118,13129,13011,13011
19851227,13043,13101,13043,13083
19860110,13054,13056,12898,12898
19860117,12977,13027,12929,13010
19860124,12952,12952,12882,12904
19860131,12983,13024,12937,13024
19860207,13087,13212,13087,13212
19860214,13226,13343,13226,13343
19860221,13448,13467,13355,13394
19860228,13506,13642,13506,13641
19860307,13768,13995,13768,13995
19860314,14057,14517,14057,14517
19860321,14656,15014,14477,15014
19860328,14975,15337,14827,15337
19860404,15860,15860,15020,15020
19860411,15062,15326,15014,15326
19860418,15397,15759,15352,15759
19860425,15827,15827,15682,15690
19860502,15758,15826,15758,15783
19860509,15900,16105,15900,16105
19860516,16195,16195,15739,15739
19860523,15698,16205,15690,16205
19860530,16410,16739,16410,16739
19860606,16739,16818,16670,16818
19860613,17008,17206,16968,17206
19860620,17186,17403,17076,17403
19860627,17458,17601,17342,17500
19860704,17654,17692,17598,17598
19860711,17714,17734,17470,17670
19860718,17821,17883,17701,17839
19860725,17522,18051,17522,18051
19860801,18039,18039,17322,17322
19860808,17263,17436,17263,17436
19860815,17479,18376,17479,18376
19860822,18597,18951,18597,18951
19860829,18566,18821,18370,18821
19860905,18695,18812,18393,18764
19860912,18765,18784,17939,18101
19860919,18087,18087,17327,17523
19860926,17527,18197,17527,18181
19861003,18185,18263,16820,17606
19861010,17599,17683,17431,17650
19861017,17623,17623,16671,16700
19861024,16692,16692,15624,16164
19861031,16186,17091,16135,16837
19861107,16840,16977,16700,16974
19861114,16989,17487,16961,17391
19861121,17400,17648,17200,17648
19861128,17658,18326,17658,18326
19861205,18339,18726,18132,18605
19861212,18609,18895,18585,18831
19861219,18831,18989,18644,18930
19861226,18949,18984,18673,18701
19870109,18703,19041,18635,18810
19870116,18794,19151,18526,19150
19870123,19137,19553,18986,19539
19870130,19554,20051,19536,20024
19870206,20041,20156,19457,19550
19870213,19546,19941,19517,19629
19870220,19622,20246,19514,20080
19870227,20071,20767,19905,20767
19870306,20771,21346,20771,21123
19870313,21139,21527,21104,21498
19870320,21493,21884,21343,21658
19870327,21657,22184,21290,22178
19870403,22183,22743,21304,22739
19870410,22750,23225,22581,23217
19870417,23222,23990,22651,23938
19870424,23940,24256,23762,23904
19870501,23915,24035,22006,24009
19870508,24015,24611,23786,24589
19870515,24605,24843,24356,24729
19870522,24729,24729,23368,24533
19870529,24539,24902,24428,24902
19870605,24905,25537,24829,25364
19870612,25381,26000,25370,25894
19870619,25900,25986,25195,25288
19870626,25289,25311,24619,24903
19870703,24911,24950,23733,24159
19870710,24159,24159,23392,24103
19870717,24123,24237,23870,23983
19870724,23817,24029,22401,23965
19870731,23967,24756,23844,24756
19870807,24760,24813,24142,24801
19870814,24811,25665,24811,25494
19870821,25494,25772,25068,25765
19870828,25767,26048,25603,26048
19870904,26061,26178,25350,25355
19870911,25364,25377,24785,24828
19870918,24855,25122,24806,24845
19870925,24872,25513,24744,25513
19871002,25546,26085,25546,26007
19871009,25999,26382,25770,26339
19871016,26332,26647,26101,26367
19871023,26357,26357,21910,23299
19871030,23289,23362,21616,23329
19871106,23323,23359,22511,22637
19871113,22631,22631,20514,22448
19871120,22451,22870,22175,22706
19871127,22730,23314,22730,23052
19871204,22996,23026,22302,22673
19871211,22703,23281,22581,23036
19871218,23036,23156,22739,22827
19871225,22850,23057,21515,21533
19880101,21522,21564,20937,21564
19880108,21551,22985,21148,22873
19880115,22849,22849,22260,22604
19880122,22625,23141,22603,23125
19880129,23167,23746,23167,23719
19880205,23726,23820,23578,23792
19880212,23792,23983,23631,23982
19880219,23997,24774,23997,24773
19880226,24785,25289,24760,25285
19880304,25264,25757,25128,25628
19880311,25624,25686,25465,25544
19880318,25533,26013,25340,25966
19880325,25945,25960,25284,25321
19880401,25302,26377,25302,26282
19880408,26313,26926,26266,26749
19880415,26761,27123,26761,26894
19880422,26884,27058,26445,27058
19880429,27067,27510,27067,27510
19880506,27521,27671,27469,27488
19880513,27496,27555,26929,27468
19880520,27474,27967,27305,27394
19880527,27391,27641,26962,26963
19880603,26962,27943,26962,27906
19880610,27913,28174,27880,27920
19880617,27916,28395,27916,28342
19880624,28350,28390,27512,27556
19880701,27562,27828,27178,27363
19880708,27366,27947,27276,27917
19880715,27926,28207,27881,27914
19880722,27910,27975,27109,27301
19880729,27322,28200,27180,28200
19880805,28234,28476,28234,28362
19880812,28352,28394,27470,27834
19880819,27869,28323,27781,28209
19880826,28220,28282,27524,27679
19880902,27699,27827,26701,27488
19880909,27531,27874,27211,27647
19880916,27658,27914,27639,27866
19880923,27900,28034,27291,27390
19880930,27357,27935,27186,27700
19881007,27693,27776,26963,27258
19881014,27293,27580,27209,27307
19881021,27325,27582,27090,27339
19881028,27320,27961,27258,27961
19881104,27955,28109,27798,28047
19881111,28044,28493,27866,28490
19881118,28481,29225,28402,29180
19881125,29190,29479,29179,29364
19881202,29340,29684,28930,29666
19881209,29654,30051,29439,29793
19881216,29792,29848,29292,29537
19881223,29534,29958,29384,29686
19881230,29868,30264,29868,30159
19890106,30166,30398,30083,30210
19890113,30223,31321,30223,31298
19890120,31299,31464,31074,31170
19890127,31199,31730,31199,31679
19890203,31684,31743,31304,31686
19890210,31686,32270,31686,32132
19890217,32110,32355,31936,32173
19890224,32188,32509,31950,32452
19890303,32424,32598,31781,32000
19890310,31991,32119,31484,31702
19890317,31689,32283,31427,32021
19890324,32000,32000,31344,31493
19890331,31581,32964,31505,32839
19890407,32863,33413,32839,33185
19890414,33192,33435,32910,33150
19890421,33189,33414,32781,33030
19890428,33037,33738,32704,33713
19890505,33722,33978,33722,33955
19890512,33980,34175,33839,33866
19890519,33864,34040,33612,34001
19890526,34007,34192,33582,34192
19890602,34214,34338,33628,33667
19890609,33650,33838,33248,33640
19890616,33615,33615,32606,33055
19890623,33039,33702,32858,33531
19890630,33565,33693,32642,32949
19890707,32895,33714,32697,33704
19890714,33719,33843,33539,33575
19890721,33585,33971,33309,33899
19890728,33912,34946,33867,34706
19890804,34723,35016,34660,34742
19890811,34737,34911,34531,34713
19890818,34693,35192,34590,35063
19890825,35097,35191,34639,34740
19890901,34740,34759,34220,34348
19890908,34355,34635,34107,34116
19890915,34129,34410,33955,34402
19890922,34394,34865,34368,34772
19890929,34836,35778,34834,35637
19891006,35672,35771,35051,35209
19891013,35229,35405,34795,35116
19891020,35076,35611,34461,35486
19891027,35514,35743,35375,35527
19891103,35523,35640,35336,35495
19891110,35495,35742,35099,35663
19891117,35714,36025,35678,35964
19891124,35963,36486,35882,36484
19891201,36488,37333,36488,37133
19891208,37135,37880,37124,37724
19891215,37714,38273,37676,38271
19891222,38304,38586,37863,38040
19891229,38060,38957,37905,38916
19900105,38922,38951,38091,38275
19900112,38332,38564,37460,37517
19900119,37469,37469,36365,36837
19900126,36853,37463,36683,36874
19900202,36913,37665,36913,37650
19900209,37677,37887,37181,37288
19900216,37320,37674,37018,37460
19900223,37496,37611,34841,34891
19900302,34863,34863,32443,34058
19900309,34072,34320,32971,33993
19900316,33985,34006,32280,32616
19900323,32609,32721,28830,30372
19900330,30378,32164,29828,29980
19900406,29980,29980,27251,29279
19900413,29298,30524,28954,29214
19900420,29153,30200,28336,29835
19900427,29834,29953,29285,29585
19900504,29594,30174,29519,30174
19900511,30212,31513,30212,31512
19900518,31542,32323,31542,32014
19900525,31987,32839,31600,32794
19900601,32839,33228,32465,32891
19900608,32911,33345,32839,32993
19900615,32964,32964,32191,32538
19900622,32530,32634,31645,31695
19900629,31638,32343,31086,31940
19900706,31924,32627,31766,32445
19900713,32458,32768,32144,32644
19900720,32678,33187,32417,32422
19900727,32421,32421,30378,30863
19900803,30846,31372,29516,29516
19900810,29486,29486,27168,27330
19900817,27282,28159,25914,26787
19900824,26760,26956,23547,24166
19900831,24183,26183,24183,25978
19900907,26014,26163,23406,23962
19900914,23997,25488,23997,24897
19900921,24889,24889,23050,23778
19900928,23762,23762,20671,20984
19901005,20986,23463,19782,22828
19901012,22858,23971,22132,22390
19901019,22404,25003,22404,24481
19901026,24490,25486,24490,25006
19901102,25004,25445,23672,24195
19901109,24232,24645,22482,22932
19901116,22939,24046,22874,23172
19901123,23193,23518,22615,23400
19901130,23417,23767,21934,22455
19901207,22457,23538,21627,23522
19901214,23565,24643,23351,24350
19901221,24327,25064,23964,24120
19901228,24090,24264,23695,23849
19910104,23827,24110,23796,24069
19910111,24037,24037,22662,23241
19910118,23198,24050,22100,23808
19910125,23755,23755,22952,23573
19910201,23575,23655,22860,23157
19910208,23179,24384,23135,24296
19910215,24333,25406,24333,25344
19910222,25378,26482,25378,25903
19910301,25908,26710,25852,25882
19910308,25852,26608,25813,26608
19910315,26630,27003,26366,26843
19910322,26916,27270,26449,26613
19910329,26603,26803,25786,26292
19910405,26238,26803,25914,26767
19910412,26765,26825,26191,26583
19910419,26620,27092,26517,26542
19910426,26492,26586,25994,26124
19910503,26147,26649,26094,26478
19910510,26500,26524,26178,26274
19910517,26215,26338,25497,25702
19910524,25731,25769,25228,25529
19910531,25544,25901,25341,25790
19910607,25841,26017,24912,25035
19910614,25001,25136,24334,25094
19910621,25090,25100,23885,24275
19910628,24263,24263,23215,23291
19910705,23377,24322,22898,22898
19910712,22885,23179,21731,23138
19910719,23194,23598,22660,22866
19910726,22874,23675,22541,23519
19910802,23546,24157,23418,24028
19910809,24041,24084,23373,23435
19910816,23415,23415,22798,22814
19910823,22779,22779,21309,22065
19910830,22064,22350,21459,22336
19910906,22329,22999,22175,22693
19910913,22727,23134,22270,23134
19910920,23182,23582,23179,23193
19910927,23191,24158,23183,23969
19911004,23959,24746,23862,24597
19911011,24560,24560,24115,24158
19911018,24126,24898,23861,24895
19911025,24946,25101,24716,24906
19911101,24912,25255,24864,25044
19911108,25060,25101,24389,24486
19911115,24438,24814,23993,24099
19911122,24011,24011,22925,23117
19911129,23078,23308,22538,22687
19911206,22646,22737,21923,22445
19911213,22435,22759,21124,22755
19911220,22767,22996,21768,21777
19911227,21820,22813,21452,22437
19920103,22508,23022,22508,22984
19920110,23031,23902,22203,22382
19920117,22300,22300,21146,21321
19920124,21349,21794,20638,21072
19920131,21061,22343,20860,22023
19920207,22076,22373,21836,22107
19920214,22054,22054,20884,20884
19920221,20851,21326,20486,21292
19920228,21287,21548,20744,21339
19920306,21348,21551,20841,20993
19920313,20990,20990,20168,20456
19920320,20443,20443,19491,20185
19920327,20235,20435,19587,19637
19920403,19615,19915,17847,18560
19920410,18597,18671,16598,17851
19920417,17880,18193,16880,17581
19920424,17548,17563,16572,17542
19920501,17525,17616,17273,17303
19920508,17326,18500,17326,18376
19920515,18408,19004,18034,18074
19920522,18128,18928,18128,18221
19920529,18222,18555,17648,18348
19920605,18328,18503,17724,17790
19920612,17796,17972,17331,17384
19920619,17339,17339,16031,16520
19920626,16570,16650,15733,15813
19920703,15835,16956,15642,16718
19920710,16716,17024,16272,16784
19920717,16796,17274,16548,16548
19920724,16490,16490,15333,15498
19920731,15533,15974,15025,15910
19920807,15903,16139,15451,15518
19920814,15471,15471,14657,14820
19920821,14855,16217,14194,16217
19920828,16253,18169,16166,17971
19920904,17935,18834,17396,18555
19920911,18577,19284,18096,18108
19920918,18149,18553,17758,18167
19920925,18216,18702,17994,18395
19921002,18384,18397,17104,17324
19921009,17265,17531,16902,17060
19921016,17094,17714,17087,17370
19921023,17332,17332,16821,17118
19921030,17125,17306,16675,16767
19921106,16733,17122,16617,16870
19921113,16825,16825,16089,16331
19921120,16315,17188,15942,17034
19921127,17095,17602,17026,17471
19921204,17505,17704,17187,17296
19921211,17305,17705,17136,17441
19921218,17422,17712,17210,17681
19921225,17718,17788,17528,17557
19930101,17539,17539,16892,16925
19930108,16980,17058,16634,16635
19930115,16645,16734,16438,16516
19930122,16526,16842,16336,16337
19930129,16355,17178,16216,17024
19930205,17038,17419,16958,17333
19930212,17357,17393,16852,16852
19930219,16884,17172,16761,17010
19930226,17007,17059,16751,16953
19930305,16956,16971,16721,16818
19930312,16856,18105,16856,18038
19930319,18029,18836,17945,18537
19930326,18560,18898,18423,18789
19930402,18830,19751,18527,19447
19930409,19458,20126,19358,19892
19930416,19909,20875,19725,20298
19930423,20254,20332,19555,19704
19930430,19704,20919,19563,20919
19930507,20939,20942,20492,20811
19930514,20816,21225,20402,20474
19930521,20528,20689,20123,20557
19930528,20634,21106,20454,20844
19930604,20830,21223,20470,20882
19930611,20901,21102,20400,20501
19930618,20529,20560,19647,19805
19930625,19742,19845,19040,19660
19930702,19675,19977,19434,19621
19930709,19652,19947,19545,19877
19930716,19935,20395,19890,20332
19930723,20347,20350,19734,19735
19930730,19770,20546,19708,20380
19930806,20393,20668,20231,20358
19930813,20340,20939,20340,20745
19930820,20693,21026,20549,20607
19930827,20595,20863,20345,20792
19930903,20817,21281,20748,21116
19930910,21164,21250,20686,20818
19930917,20850,21172,20305,20391
19930924,20396,20565,20112,20308
19931001,20316,20384,19928,20283
19931008,20262,20530,20151,20379
19931015,20376,20376,19912,20174
19931022,20209,20378,20042,20265
19931029,20342,20474,19444,19703
19931105,19657,19657,18470,18590
19931112,18604,18672,17818,18494
19931119,18489,18507,17878,17941
19931126,17906,17906,16676,16726
19931203,16689,17887,15672,17459
19931210,17425,17535,16217,17257
19931217,17247,18052,17124,18052
19931224,18026,18026,17037,17141
19931231,17082,17417,16634,17417
19940107,17422,18131,17242,18124
19940114,18187,19044,18187,18974
19940121,18912,19342,18515,19307
19940128,19294,19705,18320,18758
19940204,18791,20510,18791,20301
19940211,20255,20526,19651,19990
19940218,19939,19939,18769,18960
19940225,18909,19891,18827,19803
19940304,19849,20241,19532,19967
19940311,19979,20279,19666,20115
19940318,20158,20782,20158,20469
19940325,20459,20459,19772,19836
19940401,19820,20063,19083,19277
19940408,19233,19973,18896,19935
19940415,19949,20282,19648,20165
19940422,20222,20495,19794,19964
19940429,19921,19921,19512,19725
19940506,19649,19908,19489,19862
19940513,19821,20360,19721,20271
19940520,20318,20438,19966,20342
19940527,20386,20825,20328,20777
19940603,20836,21199,20802,20954
19940610,20955,21560,20708,21395
19940617,21378,21573,21235,21503
19940624,21516,21516,20371,20767
19940701,20645,20733,20169,20543
19940708,20599,20908,20440,20526
19940715,20468,20878,20294,20770
19940722,20743,20872,20427,20463
19940729,20427,20517,19994,20449
19940805,20422,20729,20271,20522
19940812,20526,20845,20502,20664
19940819,20648,20876,20501,20513
19940826,20536,20603,20312,20471
19940902,20519,20723,20504,20658
19940909,20645,20645,19853,19898
19940916,19918,20097,19795,19796
19940923,19794,19962,19543,19834
19940930,19827,19922,19414,19564
19941007,19580,19754,19488,19745
19941014,19790,20177,19790,19969
19941021,19974,20055,19785,19899
19941028,19909,19953,19706,19805
19941104,19855,20000,19714,19812
19941111,19755,19755,19132,19284
19941118,19246,19444,19116,19303
19941125,19310,19315,18666,18667
19941202,18728,19134,18728,18998
19941209,19067,19342,18972,18978
19941216,19008,19178,18823,19163
19941223,19160,19634,19160,19634
19941230,19646,19833,19509,19723
19950106,19725,19725,19417,19519
19950113,19502,19603,19265,19331
19950120,19322,19362,18754,18840
19950127,18807,18818,17699,18104
19950203,18137,18869,18137,18539
19950210,18585,18672,18011,18291
19950217,18320,18428,17618,18021
19950224,18037,18271,17473,17473
19950303,17465,17465,16479,17040
19950310,16987,17134,16258,16358
19950317,16391,16699,16071,16251
19950324,16217,16245,15424,15750
19950331,15813,16848,15813,16140
19950407,16080,16080,15256,15720
19950414,15739,16564,15584,16048
19950421,16046,16968,15893,16968
19950428,16944,17110,16713,16807
19950505,16820,17116,16708,17089
19950512,17111,17190,16387,16421
19950519,16457,16636,16043,16141
19950526,16102,16102,15406,15694
19950602,15608,16016,15292,15849
19950609,15854,15923,14978,15044
19950616,15030,15030,14376,14703
19950623,14705,15265,14528,15265
19950630,15320,15378,14445,14517
19950707,14519,16389,14296,16213
19950714,16285,16834,15955,16518
19950721,16574,17018,16182,16589
19950728,16611,16726,16148,16649
19950804,16652,17160,16274,16741
19950811,16805,16931,16507,16792
19950818,16819,18300,16819,18032
19950825,18000,18029,17600,17771
19950901,17742,18242,17581,18121
19950908,18116,18501,17503,18280
19950915,18271,18791,18195,18759
19950922,18781,18848,17666,17714
19950929,17734,18295,17566,17913
19951006,17921,18547,17684,18506
19951013,18504,18504,17777,17881
19951020,17915,18219,17746,18157
19951027,18122,18261,17337,17337
19951103,17380,18040,17358,18029
19951110,18006,18252,17737,17844
19951117,17856,18175,17655,18151
19951124,18189,18460,18147,18215
19951201,18231,18986,18231,18833
19951208,18889,19454,18823,19287
19951215,19315,19548,19162,19347
19951222,19365,19809,19077,19744
19951229,19772,20024,19691,19868
19960105,19946,20670,19946,20669
19960112,20617,20676,20208,20287
19960119,20304,20754,20156,20366
19960126,20381,20693,19985,20664
19960202,20658,21069,20532,20904
19960209,20882,21157,20556,20935
19960216,20964,21056,20581,20803
19960223,20760,20760,20267,20300
19960301,20294,20480,19879,20169
19960308,20166,20304,19823,20156
19960315,20056,20247,19628,20191
19960322,20243,20811,20224,20701
19960329,20746,21486,20746,21407
19960405,21451,21758,21350,21696
19960412,21636,21871,21398,21660
19960419,21705,22078,21680,21884
19960426,21913,22348,21913,22235
19960503,22141,22163,21517,21662
19960510,21624,21744,21298,21420
19960517,21459,22251,21171,21917
19960524,21977,22311,21621,21798
19960531,21840,22145,21557,21956
19960607,21971,22033,21589,21752
19960614,21730,22481,21594,22289
19960621,22339,22599,22133,22531
19960628,22566,22757,22439,22531
19960705,22568,22600,22204,22232
19960712,22148,22148,21558,21656
19960719,21622,21753,21282,21476
19960726,21476,21476,20628,21125
19960802,21188,21285,20525,20940
19960809,21020,21188,20453,20551
19960816,20516,21106,20449,20834
19960823,20848,21398,20848,21229
19960830,21213,21213,20092,20167
19960906,20187,20487,19920,20153
19960913,20232,20924,20159,20843
19960920,20929,21366,20929,21112
19960927,21105,21604,21041,21547
19961004,21538,21590,21060,21148
19961011,21157,21206,20806,20968
19961018,20997,21789,20905,21612
19961025,21607,21607,20700,20740
19961101,20740,21055,20388,20633
19961108,20655,21227,20494,21201
19961115,21153,21263,20920,20930
19961122,20932,21301,20733,21216
19961129,21276,21461,20978,21020
19961206,21035,21068,20172,20277
19961213,20397,20854,19952,20341
19961220,20410,20501,19556,19690
19961227,19698,19700,18820,19369
19970103,19391,19392,19109,19361
19970110,19364,19501,17124,17304
19970117,17338,18447,17020,18090
19970124,18104,18129,17237,17689
19970131,17658,18610,17195,18330
19970207,18308,18629,17792,17867
19970214,17882,18881,17843,18722
19970221,18731,19173,18329,19035
19970228,19066,19229,18540,18557
19970307,18517,18689,17837,18199
19970314,18196,18326,17617,17924
19970321,17962,18634,17864,18633
19970328,18683,18750,18003,18190
19970404,18158,18205,17529,17861
19970411,17902,18035,17448,17847
19970418,17761,18370,17547,18352
19970425,18400,18983,18400,18613
19970502,18617,19588,18545,19515
19970509,19617,20237,19617,19803
19970516,19731,20452,19560,20325
19970523,20290,20612,19687,20009
19970530,20037,20390,19848,20069
19970606,20084,20708,20041,20486
19970613,20474,20815,20224,20528
19970620,20595,20778,20357,20386
19970627,20429,20911,20215,20524
19970704,20586,20684,19907,19968
19970711,19932,19964,19496,19875
19970718,19909,20585,19909,20249
19970725,20247,20390,19999,20390
19970801,20420,20699,19798,19804
19970808,19839,19930,19233,19604
19970815,19462,19466,18802,19326
19970822,19213,19394,18576,18650
19970829,18683,18867,17974,18229
19970905,18215,18749,17885,18650
19970912,18661,18775,17803,17966
19970919,18005,18176,17564,18058
19970926,18077,18440,17933,17995
19971003,17992,18054,17402,17647
19971010,17646,17890,17331,17377
19971017,17318,17764,16968,17478
19971024,17391,17694,16864,17364
19971031,17262,17262,16082,16459
19971107,16494,16641,15824,15836
19971114,15722,15912,14966,15083
19971121,15154,17006,15154,16722
19971128,16608,16785,15774,16633
19971205,16594,17118,16249,16424
19971212,16439,16687,15738,15904
19971219,15866,16817,15171,15315
19971226,15280,15730,14569,14803
19980102,14830,15259,14582,15259
19980109,15269,15608,14714,14995
19980116,14877,16063,14546,16046
19980123,16155,16797,16077,16789
19980130,16835,17353,16628,16628
19980206,16685,17144,16641,17040
19980213,17102,17256,16711,16791
19980220,16750,16866,16502,16756
19980227,16717,16832,15932,16832
19980306,16901,17326,16845,17132
19980313,17205,17352,16555,17060
19980320,17063,17063,16470,16830
19980327,16884,17112,16551,16739
19980403,16840,17010,15465,15518
19980410,15568,16624,15488,16481
19980417,16374,16417,15465,15704
19980424,15706,16201,15583,16011
19980501,15969,15969,15334.5,15601.1
19980508,15537,15537,15020,15149
19980515,15213.3,15448.5,15162.9,15242.9
19980522,15277.2,15972.9,15069.7,15801.6
19980529,15784.4,15942.2,15549.9,15670.8
19980605,15670.7,15702,15256.1,15323.4
19980612,15283.5,15530.2,14784.5,15022.3
19980619,14964.3,15398.2,14614.7,15268
19980626,15285,15413.8,14977.7,15210
19980703,15254.8,16743.4,15230.8,16511.2
19980710,16433.7,16635.9,16066,16090.1
19980717,15993.2,16756.9,15804.4,16570.8
19980724,16619.8,16698.2,16091.4,16361.9
19980731,16282,16399.9,15944.3,16379
19980807,16303.6,16303.6,15797.3,15829.2
19980814,15800.4,15800.4,15049.5,15123.9
19980821,15130.8,15445.8,14655.7,15298.2
19980828,15145.2,15227,13792.8,13915.6
19980904,13955.8,14589.4,13664.7,14042.9
19980911,13984.5,15294.3,13725.6,13917
19980918,13979.3,14375.6,13697.8,13983.1
19980925,13875.8,14297.5,13521.1,13723.8
19981002,13760.7,14121.5,12973.2,13223.7
19981009,13186,13825.6,12787.9,12880
19981016,12977.8,13591.8,12893,13280.5
19981023,13263.2,14742.4,13263.2,14144.7
19981030,14054.9,14054.9,13432.1,13564.5
19981106,13648.3,14625.1,13648.3,14122
19981113,14172.8,14428,13984.7,14268.2
19981120,14339.4,14779.9,14205.1,14779.9
19981127,14904.2,15320.2,14904.2,15069.4
19981204,15107.1,15139.9,14536,14640
19981211,14703.6,15007,14382.1,14405.6
19981218,14349.2,14349.2,13917.3,14194.3
19981225,14158.8,14185.5,13657,13798
19990101,13876.5,13913.5,13664.8,13842.2
19990108,13779,13854.2,13122.6,13391.8
19990115,13354.4,13738.9,13212.3,13738.9
19990122,13762.3,14407.2,13739,14154.4
19990129,14141.6,14628.9,14076.4,14499.2
19990205,14544.1,14641.4,13769.2,13898.1
19990212,13886.6,14062.9,13770.9,13973.7
19990219,14008.4,14407.3,14003.2,14098
19990226,14149.7,14534.8,14096.7,14367.5
19990305,14362.9,14895.4,13921.1,14894
19990312,14925.6,15840.2,14779,15488.9
19990319,15526.5,16421.8,15404.1,16378.8
19990326,16402,16437.2,15515.5,16017
19990402,16031.3,16453.5,15651.4,16290.2
19990409,16320.1,17166.06,16084.7,16855.63
19990416,16797.08,16979.06,16436.19,16851.58
19990423,16858.28,16923.25,16454.34,16923.25
19990430,16919.76,17149.91,16701.53,16701.53
19990507,16762.78,17300.61,16762.78,16946.52
19990514,16983.29,17104.49,16736.9,16810.39
19990521,16750.91,16750.91,15946.66,16292.98
19990528,16261.15,16409.76,15886.62,15972.68
19990604,15979.2,16458.34,15901.8,16300.75
19990611,16318.44,17483.38,16318.44,17198.55
19990618,17193.61,17650.38,16990.55,17431.26
19990625,17485.9,17843.53,17430.42,17436.52
19990702,17501.12,18066.28,17501.12,17932.47
19990709,18001.16,18243.14,17813.46,17937.73
19990716,17921.58,18623.15,17843.39,18248.3
19990723,18288.37,18532.58,17414.36,17534.44
19990730,17568.32,17959.28,17367.08,17861.86
19990806,17827.24,17969.93,17046.12,17084.24
19990813,17105.93,17493.95,17040.72,17435.17
19990820,17499.12,18123.29,17499.12,18098.11
19990827,18133.2,18397.93,17567.86,17599.37
19990903,17642.05,17925.07,17425.49,17629.99
19990910,17664.06,17859.71,17509.73,17711.02
19990917,17735.6,17988.59,17058.13,17342.27
19990924,17418.23,17932.79,16652.04,16871.73
19991001,16888.02,17886.39,16820.93,17712.56
19991008,17747.56,18228.39,17675.28,18062.18
19991015,18098.2,18221.69,17511.11,17601.57
19991022,17568.92,17607.66,17178.47,17438.8
19991029,17494.93,17947.57,17360.83,17942.08
19991105,17982.39,18491.31,17857.11,18354.9
19991112,18381.24,18659.55,18179.78,18258.55
19991119,18295.5,18837.01,18071.25,18570.84
19991126,18607.05,19036.08,18607.05,18914.5
19991203,18883.41,18909.89,18339.85,18368.14
19991210,18380.7,18664.49,18081.78,18271.85
19991217,18284.98,18302.83,18006.32,18095.12
19991224,18137.94,18777.04,18024.64,18584.95
19991231,18596.49,18960.33,18472.6,18934.34
20000107,18937.45,19187.61,18068.1,18193.41
20000114,18246.1,19058.02,18246.1,18956.55
20000121,19025.62,19442.58,18713.17,18878.09
20000128,18878.46,19595.83,18815.37,19434.78
20000204,19375.11,20011.91,19224.47,19763.13
20000211,19832.76,20046.14,19710.02,19710.02
20000218,19698.57,19862.94,19300.14,19789.03
20000225,19736.15,19817.88,19353.4,19817.88
20000303,19783.44,20202.96,19713.86,19927.54
20000310,20041.48,20160.03,19614.82,19750.4
20000317,19731.5,19760.35,18765.88,19566.32
20000324,19598.53,20012.41,19455.11,19958.08
20000331,19976.14,20809.79,19880.11,20337.32
20000407,20327.79,20747.82,20171.62,20252.81
20000414,20368.81,20833.21,20330.89,20434.68
20000421,20341.5,20341.5,18091.1,18252.68
20000428,18247.48,18987.34,17926.43,17973.7
20000505,17979.25,18586.16,17979.25,18439.36
20000512,18465.71,18475.45,16779.42,17357.86
20000519,17396.45,17691.39,16572.05,16858.17
20000526,16802.66,16802.66,15870.25,16008.14
20000602,16028.76,16941.42,16028.76,16800.06
20000609,16842.04,17261.87,16785.77,16861.91
20000616,16876.68,17018.64,16289.92,16318.31
20000623,16382.11,17364.26,16359.96,16963.21
20000630,16927.27,17511.32,16761.59,17411.05
20000707,17451.65,17661.11,17154.58,17398.24
20000714,17421.56,17594.66,17009.65,17142.9
20000721,17188.98,17476.86,16703.01,16811.49
20000728,16767.2,16767.2,15815.53,15838.57
20000804,15821.31,16211.55,15394.71,15667.36
20000811,15666.81,16125.66,15666.81,16117.5
20000818,16109.95,16409.13,16055.07,16280.49
20000825,16249.94,16926.22,15945.92,16911.33
20000901,16895.55,17210.8,16700.36,16739.78
20000908,16764.33,16883.31,16239.26,16501.55
20000915,16467.69,16477.53,15885.32,16213.28
20000922,16174.92,16523.27,15774.72,15818.25
20000929,15850.56,16144.19,15621.88,15747.26
20001006,15735.71,16192.78,15514.04,15994.24
20001013,15958.12,15958.12,15101.64,15330.31
20001020,15366.81,15688.17,14707.88,15198.73
20001027,15197.93,15229.46,14577.2,14582.2
20001103,14607.02,14961.69,14333.16,14837.78
20001110,14904.29,15602.39,14873.52,14988.54
20001117,14824.71,14958.33,14420.36,14544.3
20001124,14510.39,14577.73,14172.64,14315.35
20001201,14422.25,14984.37,14385.16,14835.33
20001208,14922.67,15109.64,14622.83,14696.51
20001215,14775.93,15273.4,14552.29,14552.29
20001222,14462.35,14566.21,13182.51,13427.08
20001229,13597.57,14019.73,13597.57,13785.69
20010105,13898.09,13990.57,13667.68,13867.61
20010112,13732.85,13732.85,13123.81,13347.74
20010119,13450.28,14186.62,13441.52,13989.12
20010126,14010.07,14060.23,13626.05,13696.06
20010202,13724.26,13910.71,13667.93,13703.63
20010209,13588.64,13588.64,12966.83,13422.83
20010216,13431.72,13461.11,13119.34,13175.49
20010223,13060.2,13272.81,12861.33,13246
20010302,13255.29,13315.86,12261.8,12261.8
20010309,12285.46,12824.19,12133.9,12627.9
20010316,12509.67,12509.67,11433.88,12232.98
20010323,12183.98,13242.72,12100.97,13214.54
20010330,13309.72,13867.58,12992.45,12999.7
20010406,13057.65,13674.58,12781.34,13383.76
20010413,13304.36,13578.64,12579.56,13385.72
20010420,13338.92,14099.49,13019.6,13765.67
20010427,13837.19,14084.55,13403.27,13934.32
20010504,14096.32,14444.84,14096.32,14421.64
20010511,14384.14,14556.11,13957.81,14043.92
20010518,14041.79,14103.06,13694.27,13877.77
20010525,13938.78,14345.42,13758.66,13765.92
20010601,13732.1,13836.4,13216.57,13261.84
20010608,13294.21,13510.7,12984.07,13430.22
20010615,13413.1,13447.39,12578.78,12790.38
20010622,12766.38,13079.11,12511.66,13044.61
20010629,13052.96,13073.49,12567.26,12969.05
20010706,12929.66,12929.66,12289.61,12306.08
20010713,12191.31,12444.56,12005.11,12355.15
20010720,12408.39,12408.39,11847.73,11908.39
20010727,11902.23,12054.3,11531.68,11798.08
20010803,11846,12407.37,11539.16,12241.97
20010810,12170.11,12388.61,11683.22,11735.06
20010817,11697.12,11936.75,11412.36,11445.54
20010824,11347.24,11504.06,11075.42,11166.31
20010831,11273.96,11366.18,10684.16,10713.51
20010907,10729.6,10812.89,10325.83,10516.79
20010914,10395.1,10457.09,9476.87,10008.89
20010921,9881.06,10061.1,9382.95,9554.99
20010928,9637.6,9933.69,9551.73,9774.68
20011005,9766.75,10261.86,9604.09,10205.87
20011012,10143.39,10632.35,9934,10632.35
20011019,10545.25,10790.03,10412.25,10538.79
20011026,10529.23,11052.01,10516.59,10795.16
20011102,10779.19,10798.08,10318.17,10383.78
20011109,10427.35,10633.72,10213.01,10215.71
20011116,10225.59,10850.48,9955.09,10649.09
20011123,10643.33,10849.19,10490.6,10696.82
20011130,10797.12,11186.75,10512.66,10697.44
20011207,10694.65,11052.51,10326.52,10796.89
20011214,10736.12,10821.13,10379.59,10511.65
20011221,10482.4,10582.07,10253.72,10335.45
20011228,10359.22,10571.75,10170.9,10542.62
20020104,10631,10871.49,10617.08,10871.49
20020111,10803.45,10979.92,10441.59,10441.59
20020118,10359.44,10359.44,10074.45,10293.32
20020125,10252.43,10393.56,10012.8,10144.14
20020201,10190.28,10303.74,9735.05,9791.43
20020208,9808.82,9808.82,9420.85,9686.06
20020215,9816.96,10235.38,9816.96,10048.1
20020222,10021.55,10418.64,9773.95,10356.78
20020301,10394.73,10813.45,10183.52,10812
20020308,10942.5,12010.25,10941.36,11885.79
20020315,11941.92,12034.04,11347.25,11648.01
20020322,11745.81,11833.97,11326.22,11345.08
20020329,11339.06,11524.23,11024.94,11024.94
20020405,11106.07,11537.13,11007.63,11335.49
20020412,11321.28,11430.03,10896.12,10962.98
20020419,11013.67,11635.98,10941.81,11512.01
20020426,11555.08,11812.99,11464.59,11541.39
20020503,11532.57,11609.69,11440.66,11551.01
20020510,11500.13,11727.52,11250.86,11531.11
20020517,11473.93,11926.9,11309.48,11847.32
20020524,11887.8,12023.42,11765.21,11976.28
20020531,11975.33,12081.43,11680.58,11763.7
20020607,11804.04,11905.16,11365.61,11438.53
20020614,11470.92,11522.04,10911.07,10920.63
20020621,10858.05,10888.04,10325.55,10354.35
20020628,10255.99,10621.84,10060.72,10621.84
20020705,10655,10885.83,10371.26,10826.09
20020712,10969.21,11050.69,10457.07,10601.45
20020719,10548.21,10548.21,10113.61,10202.36
20020726,10076.3,10295.71,9547.85,9591.03
20020802,9654.13,10013.99,9633.83,9709.66
20020809,9637.31,10043.3,9439.41,9999.79
20020816,9931.82,9931.82,9618.87,9788.13
20020823,9773.38,9979.88,9499.51,9867.45
20020830,9811.84,10162.3,9524.78,9619.3
20020906,9564.9,9565.08,8969.26,9129.07
20020913,9221.5,9455.85,9156.79,9241.93
20020920,9349.38,9884.6,9257.86,9481.08
20020927,9396.42,9572.37,9106.45,9530.44
20021004,9421.25,9470.71,8860.65,9027.55
20021011,8920.74,8920.74,8197.22,8529.61
20021018,8641.66,9134.8,8641.66,9086.13
20021025,9108.51,9116.52,8499.49,8726.29
20021101,8680.06,8842.78,8557.93,8685.72
20021108,8790.66,9100.68,8657.18,8690.77
20021115,8619.74,8619.74,8303.39,8503.59
20021122,8477.66,8819.6,8246.53,8772.56
20021129,8818.4,9294.1,8749.88,9215.56
20021206,9208.61,9320.11,8805.04,8863.26
20021213,8836.68,8942.21,8496.29,8516.07
20021220,8499.09,8583.68,8256.52,8406.88
20021227,8434.26,8714.05,8389.49,8714.05
20030103,8617.65,8617.65,8543.7,8578.95
20030110,8669.89,8829.06,8378.18,8470.45
20030117,8512.82,8732.85,8451.7,8690.25
20030124,8639.04,8825.67,8495,8731.65
20030131,8656.5,8690.13,8237.03,8339.94
20030207,8285.55,8595.23,8253.76,8448.16
20030214,8427.3,8771.63,8427.3,8701.92
20030221,8765.69,8821.31,8506.83,8513.54
20030228,8503.98,8606.58,8266.97,8363.04
20030307,8397.15,8509.43,8144.12,8144.12
20030314,8097.27,8112.87,7862.43,8002.69
20030321,8010.39,8287.09,7824.82,8195.05
20030328,8300.32,8451.05,8231.95,8280.16
20030404,8240.1,8240.1,7866.67,8074.12
20030411,8123.94,8249.98,7807.99,7816.49
20030418,7830.94,7934.69,7693.46,7874.51
20030425,7889.42,7996.54,7660.62,7699.5
20030502,7679.11,7907.19,7603.76,7907.19
20030509,7995.49,8156,7995.49,8152.16
20030516,8193.73,8339.07,8080.53,8117.29
20030523,8091.39,8219.87,7962.37,8184.76
20030530,8192.12,8461.73,8106.9,8424.51
20030606,8490.22,8814.04,8488.89,8785.87
20030613,8790.03,9020.89,8716.62,8980.64
20030620,8923.79,9188.95,8809.47,9120
20030627,9112.56,9172.53,8846.75,9104.06
20030704,9119.59,9896.64,9076.62,9547.73
20030711,9589.19,10070.11,9589.19,9635.35
20030718,9713.96,9909.65,9460.28,9527.73
20030725,9501.59,9718.38,9406.49,9648.01
20030801,9750.2,9932.18,9507.39,9611.67
20030808,9538.94,9538.94,9224.05,9327.53
20030815,9349.05,10038.09,9332.47,9863.47
20030822,9933.55,10378.13,9933.55,10281.17
20030829,10264.61,10415.53,10171.17,10343.55
20030905,10399.53,10813.59,10381.98,10650.77
20030912,10584.36,10938.3,10540.28,10712.81
20030919,10786.33,11160.19,10758.33,10938.42
20030926,10858.09,10858.09,10213.75,10318.44
20031003,10303.26,10726.92,10148.36,10709.29
20031010,10813.56,10905.19,10485.6,10786.04
20031017,10873.3,11112.29,10831.76,11037.89
20031024,10988.48,11238.63,10186.77,10335.7
20031031,10360.86,10791.75,10349.76,10559.59
20031107,10693.66,10869.35,10479.25,10628.98
20031114,10592.35,10617.98,10112.1,10167.06
20031121,10077.88,10077.88,9614.6,9852.83
20031128,9976.13,10173.6,9959.51,10100.57
20031205,10006.13,10552.35,9911.92,10373.46
20031212,10281.25,10293.74,9859,10169.66
20031219,10308.34,10490.77,10058.34,10284.54
20031226,10248.81,10417.41,10248.62,10417.41
20040102,10454.69,10681.28,10454.69,10676.64
20040109,10787.83,11008.56,10710.3,10965.05
20040116,10965.61,10965.61,10665.15,10857.2
20040123,10937.46,11193.64,10916.99,11069.01
20040130,11004.44,11075.3,10666.55,10783.61
20040206,10784.93,10861.97,10374.9,10460.92
20040213,10533.4,10595.94,10299.43,10557.69
20040220,10566.02,10813.06,10529.26,10720.69
20040227,10745.05,11069.28,10617.86,11041.92
20040305,11112.68,11537.29,11096.68,11537.29
20040312,11578.02,11643.37,11045.94,11162.75
20040319,11284.35,11647.71,11236.35,11418.51
20040326,11332.24,11782.18,11071.66,11770.65
20040402,11775.46,11869,11592.83,11815.95
20040409,11949.31,12119.31,11862.34,11897.51
20040416,11926.48,12189.98,11690.24,11824.56
20040423,11854.64,12120.66,11623.65,12120.66
20040430,12135.31,12195.66,11652.17,11761.79
20040507,11777.44,11785.26,11438.82,11438.82
20040514,11384.03,11392.79,10739.49,10849.63
20040521,10790.79,11076.43,10489.84,11070.25
20040528,11094.71,11345.4,10927.44,11309.57
20040604,11288.79,11358.51,10963.56,11128.05
20040611,11212.64,11637.73,11212.64,11526.82
20040618,11495.8,11673.48,11310.16,11382.08
20040625,11474.39,11780.4,11472.08,11780.4
20040702,11801.88,11988.12,11693,11721.49
20040709,11622.85,11648.85,11251.35,11423.53
20040716,11532.64,11664,11243.28,11436
20040723,11318.14,11433.86,11170.54,11187.33
20040730,11099.87,11325.99,11018.79,11325.78
20040806,11274.45,11279.71,10888.78,10972.57
20040813,10827.6,11091.64,10737.42,10757.2
20040820,10728.98,10938.94,10545.89,10889.14
20040827,10961.91,11225.95,10897.11,11209.59
20040903,11181.3,11226.3,11013.36,11022.49
20040910,11086.69,11357.85,10960.03,11083.23
20040917,11139.97,11352.42,11046.1,11082.49
20040924,11148.21,11151.11,10826.4,10895.16
20041001,10863.35,10987.18,10737.78,10985.17
20041008,11111.45,11410.4,11105,11349.35
20041015,11295.05,11320.79,10913.21,10982.95
20041022,11022.11,11106.82,10753.07,10857.13
20041029,10718.93,10895.09,10575.23,10771.42
20041105,10731.02,11089.6,10690.95,11061.77
20041112,11095.5,11096.45,10841.43,11019.98
20041119,11079.17,11268.81,11062.73,11082.84
20041126,10956.41,10956.41,10769.52,10833.75
20041203,10844.36,11107.1,10721.59,11074.89
20041210,11021.16,11026.86,10730.38,10756.8
20041217,10825.06,11130.82,10785.59,11078.32
20041224,11073.55,11369.98,11036.8,11365.48
20041231,11374.52,11500.95,11314.4,11488.76
20050107,11458.27,11547.02,11372.21,11433.24
20050114,11495.46,11580.69,11320.49,11438.39
20050121,11475.2,11535.86,11222.24,11238.37
20050128,11213.03,11390.09,11212.63,11320.58
20050204,11296.99,11467.5,11266.09,11360.4
20050211,11393.04,11553.73,11381.78,11553.56
20050218,11644.4,11684.91,11562.93,11660.12
20050225,11682.19,11690.49,11452.42,11658.25
20050304,11742.01,11881.98,11704.32,11873.05
20050311,11935.8,11975.46,11838.02,11923.89
20050318,11947.29,11955.29,11754.98,11879.81
20050325,11867.34,11889.13,11681.16,11761.1
20050401,11709.79,11816.72,11506.85,11723.63
20050408,11666.31,11911.9,11652.66,11874.75
20050415,11847.92,11847.92,11343.73,11370.69
20050422,11223.65,11223.65,10770.58,11045.95
20050429,11064.95,11114.45,10892.71,11008.9
20050506,10954.21,11192.17,10913.97,11192.17
20050513,11199.1,11211.36,11017.79,11049.11
20050520,11045.29,11110.45,10788.59,11037.29
20050527,11073.01,11199.23,10978.85,11192.33
20050603,11201.32,11374.69,11197.79,11300.05
20050610,11232.65,11331.37,11148.36,11304.23
20050617,11308.65,11514.03,11299.78,11514.03
20050624,11539.18,11576.75,11445.43,11537.03
20050701,11445.64,11663.66,11378.99,11630.13
20050708,11664.22,11676.2,11563.84,11565.99
20050715,11676.97,11828.31,11659.65,11758.68
20050722,11761.61,11867.23,11650.37,11695.05
20050729,11721.7,11913.5,11718.66,11899.6
20050805,11907.42,12009.56,11724.61,11766.48
20050812,11670.71,12324.43,11614.71,12261.68
20050819,12254.53,12369.74,12219.52,12291.73
20050826,12330.7,12612.16,12330.7,12439.48
20050902,12386.76,12600,12274.81,12600
20050909,12616.3,12730.21,12498.4,12692.04
20050916,12841.02,12992.99,12806.71,12958.68
20050923,12991.63,13235.42,12991.63,13159.36
20050930,13229.27,13678.44,13229.27,13574.3
20051007,13566.2,13783.6,13221.33,13227.74
20051014,13280.33,13704.09,13241.84,13420.54
20051021,13486.18,13510.63,12996.29,13199.95
20051028,13232.41,13501.24,13083.04,13346.54
20051104,13459.99,14099.49,13456.07,14075.96
20051111,14084.11,14206.14,13951.4,14155.06
20051118,14218.72,14633.35,14015.62,14623.12
20051125,14719.28,14866.99,14590.56,14784.29
20051202,14847.58,15421.6,14821.75,15421.6
20051209,15413.52,15572.72,15117.15,15404.04
20051216,15549.65,15885.51,15095.55,15173.07
20051223,15252.15,16010.16,15196,15941.37
20051230,16027.66,16445.56,15911.23,16111.42
20060106,16294.65,16479.55,16250.75,16428.21
20060113,16487.05,16490.26,16005.24,16454.94
20060120,16360.04,16387.63,15059.51,15696.69
20060127,15497.61,16460.67,15312.71,16460.67
20060203,16615.91,16754.59,16480.08,16659.64
20060210,16736.23,16777.36,16090.92,16257.83
20060217,16191.92,16312.74,15691.86,15713.45
20060224,15620.58,16118.11,15389.58,16101.91
20060303,16156.15,16290.15,15658.63,15663.33
20060310,15668.62,16264.88,15553.13,16115.62
20060317,16264.58,16410.28,16032.54,16339.73
20060324,16299.34,16667.13,16299.34,16560.86
20060331,16599.91,17125.64,16463.94,17059.66
20060407,17127.6,17563.36,17105.5,17563.36
20060414,17455.02,17489.6,17068.96,17233.82
20060421,17233.73,17479.73,16945.3,17403.96
20060428,17245.61,17245.61,16750.5,16906.23
20060505,16929.83,17188.53,16868.68,17153.76
20060512,17334.18,17375.25,16422.49,16601.77
20060519,16395.88,16596.48,15914.38,16155.45
20060526,16254.55,16268.5,15508.5,15970.75
20060602,16111.54,16111.54,15266.96,15789.3
20060609,15719.3,15784.95,14389.3,14750.83
20060616,14685.46,14976.66,14045.53,14879.33
20060623,14815.86,15138.46,14482.96,15124.04
20060630,15080.23,15521.21,14824.79,15505.17
20060707,15573.34,15710.38,15276.15,15307.61
20060714,15149.91,15555.42,14815.9,14845.24
20060721,14714.17,14962.12,14437.24,14821.25
20060728,14700.58,15351.79,14560.66,15342.87
20060804,15462.38,15580.91,15287.8,15499.17
20060811,15494.46,15690.86,15154.05,15565.01
20060818,15550.96,16204.59,15549.66,16105.98
20060825,16104.5,16244.83,15874.62,15938.66
20060901,15953.08,16207.41,15745,16134.25
20060908,16280.17,16414.93,15831.75,16080.46
20060915,16053.12,16053.12,15675.37,15866.92
20060922,15948.46,16096.17,15580.19,15634.66
20060929,15550.55,16127.58,15513.87,16127.58
20061006,16169,16481.31,16028.32,16436.06
20061013,16325.48,16620.15,16325.48,16536.53
20061020,16663.22,16732.43,16466.74,16651.63
20061027,16641.32,16901.52,16598.52,16669.07
20061103,16544.5,16549.71,16209.13,16350.01
20061110,16278.78,16512.5,16094.49,16112.42
20061117,16016.41,16373.48,15913.86,16091.73
20061124,16004.33,16036.17,15639.19,15734.59
20061201,15615.55,16376.29,15615.55,16321.78
20061208,16263.98,16550.73,16185.91,16417.82
20061215,16487.3,16959.91,16470.4,16914.31
20061222,16962.65,17109.16,16754.21,17104.96
20061229,17104.8,17301.68,17056.58,17225.83
20070105,17322.5,17379.46,17011.09,17091.58
20070112,17018.89,17261.02,16758.46,17057
20070119,17160.25,17408.61,17002.66,17310.43
20070126,17429.9,17617.64,17300.83,17421.92
20070202,17393.18,17633.6,17275.83,17547.1
20070209,17531.41,17545.71,17199.66,17504.33
20070216,17481.76,17911.58,17440.42,17875.65
20070223,17835.13,18239.13,17810.05,18188.41
20070302,18219.75,18300.39,17160.42,17217.92
20070309,16992.43,17246.21,16532.91,17164.03
20070316,17312.14,17325.44,16628.84,16744.15
20070323,16713.99,17534.76,16713.99,17480.6
20070330,17517.91,17558.03,17036.22,17287.65
20070406,17346.25,17576.5,16999.05,17484.77
20070413,17606.02,17747.82,17327.36,17363.94
20070420,17507.17,17782.08,17219.73,17452.61
20070427,17589.6,17656.55,17221.55,17400.41
20070504,17396.3,17441.09,17203.02,17394.91
20070511,17564.16,17827.48,17455.27,17553.72
20070518,17682.74,17786.65,17320.81,17399.58
20070525,17455.55,17802.71,17370.17,17481.21
20070601,17544.98,18017.73,17484.3,17958.88
20070608,18067.9,18073.05,17696.5,17779.08
20070615,17899.01,18007.99,17591.92,17971.49
20070622,18127.41,18297,18092.35,18188.63
20070629,18107.67,18203.56,17848.05,18138.35
20070706,18139.03,18295.26,18062.49,18140.93
20070713,18226.07,18282.15,17919.16,18238.94
20070720,18269.35,18269.35,17964.27,18157.92
20070727,17995.71,18018.93,17196.16,17283.81
20070803,17138.52,17318,16652.8,16979.85
20070810,16781.14,17274.33,16651.71,16764.08
20070817,16791.8,16948.4,15262.09,15273.67
20070824,15477.25,16333.36,15477.25,16248.96
20070831,16429,16569.08,15830.28,16569.08
20070907,16511.07,16575.97,15840.04,16122.16
20070914,15906.51,16142.08,15610.65,16127.41
20070921,16037.49,16491.44,15780.9,16312.61
20070928,16317.19,16929.25,16240.25,16785.68
20071005,16773.09,17205.41,16685.8,17065.03
20071012,17166.16,17488.97,17133.51,17331.16
20071019,17399.66,17430.08,16711.57,16814.36
20071026,16563.57,16578.58,16199.01,16505.63
20071102,16613.3,16887.03,16484.53,16517.48
20071109,16458.14,16458.14,15566.12,15583.41
20071116,15377.37,15587.3,14988.76,15154.61
20071123,15177.16,15302.75,14669.84,14888.76
20071130,14921.57,15751.2,14801.87,15680.66
20071207,15747.46,16107.65,15365.38,15956.37
20071214,16007.33,16075.61,15433.76,15514.5
20071221,15433.29,15508.5,14998,15257
20071228,15441.33,15653.54,15240.96,15307.78
20080104,15155.73,15156.66,14542.58,14691.41
20080111,14549.37,14667.84,14096.54,14110.79
20080118,14134.91,14224,13365.32,13861.29
20080125,13701.42,13704.65,12572.67,13629.16
20080201,13482.83,13648.38,13087.91,13497.16
20080208,13642.59,13889.24,12972.54,13017.24
20080215,12998.87,13666.67,12923.41,13622.55
20080222,13627.3,13853.21,13310.37,13500.46
20080229,13612.3,14105.46,13533.25,13603.01
20080307,13412.87,13413.62,12744.51,12782.79
20080314,12716.83,13071.21,12167.08,12241.59
20080321,12089.03,12496.41,11691,12482.57
20080328,12473.05,12874.45,12438.2,12820.46
20080404,12709.28,13389.9,12430.62,13293.21
20080411,13240.55,13485.9,12898.49,13323.73
20080418,13132.66,13495.94,12858.62,13476.45
20080425,13639.84,13886.37,13449.04,13863.46
20080502,13907.96,14072.91,13727.07,14049.25
20080509,14147.57,14208.66,13639.99,13655.33
20080516,13565.91,14392.53,13540.67,14219.48
20080523,14294.51,14343.19,13658.01,14012.2
20080530,13875.98,14366.62,13665.57,14338.54
20080606,14342.96,14601.26,14127.75,14489.44
20080613,14275.33,14308.88,13810.37,13973.73
20080620,14118.23,14469.99,13903.21,13942.08
20080627,13769.44,13950.55,13453.34,13544.36
20080704,13584.5,13598.48,13118.88,13237.88
20080711,13212.79,13409.29,12918.21,13039.69
20080718,13022.29,13185.9,12671.33,12803.7
20080725,12944.55,13603.3,12921.01,13334.75
20080801,13407.36,13468.94,13018.21,13094.58
20080808,13083.28,13295.5,12893.33,13168.41
20080815,13259.46,13468.8,12926.98,13019.41
20080822,12971.49,13270.37,12631.94,12666.04
20080829,12797.54,13079.37,12656.08,13072.87
20080905,12936.8,12940.54,12163.33,12212.23
20080912,12359.92,12671.75,12059.09,12214.76
20080919,12028.45,12028.45,11301.46,11920.86
20080926,12037.89,12263.95,11788.73,11893.16
20081003,11883.25,12062.67,10938.14,10938.14
20081010,10817.27,10839.5,8115.41,8276.43
20081017,8407.94,9601.3,8407.94,8693.82
20081024,8775.24,9358.51,7647.07,7649.08
20081031,7568.36,9030.85,6994.9,8576.98
20081107,8702.77,9521.24,8266.09,8583
20081114,8711.99,9106.29,8148.3,8462.39
20081121,8366.88,8767.98,7406.18,7910.79
20081128,8026.06,8518.13,8025.69,8512.27
20081205,8464.36,8464.36,7849.84,7917.51
20081212,7970.69,8720.55,7959.01,8235.87
20081219,8349.85,8743.22,8349.85,8588.52
20081226,8602.5,8751.18,8476.69,8739.52
20090102,8726.31,8859.56,8638.6,8859.56
20090109,8991.21,9325.35,8773.2,8836.8
20090116,8732.63,8732.93,7997.73,8230.15
20090123,8318.26,8351.68,7745.25,7745.25
20090130,7714.26,8305.38,7671.04,7994.05
20090206,7908.51,8169.04,7795.27,8076.62
20090213,8178.07,8257.71,7685.68,7779.4
20090220,7732.68,7804.24,7382.33,7416.38
20090227,7314.3,7599.81,7155.16,7568.42
20090306,7454.28,7532.87,7088.47,7173.1
20090313,7191.13,7571.45,7021.28,7569.28
20090320,7630.2,8054.35,7630.2,7945.96
20090327,7943.14,8843.18,7922.55,8626.97
20090403,8621.85,8884.63,8084.62,8749.84
20090410,8856.84,9068.8,8556.75,8964.11
20090417,8930.35,9030,8681.03,8907.58
20090424,8899.59,8933.8,8612.76,8707.99
20090501,8783.34,9017.32,8493.77,8977.37
20090508,9102.35,9464.43,9100.11,9432.83
20090515,9460.72,9503.91,9052.41,9265.02
20090522,9167.05,9399.4,8997.74,9225.81
20090529,9245.95,9522.5,9231.93,9522.5
20090605,9517.49,9793.47,9491.26,9768.01
20090612,9829.28,10170.82,9755.81,10135.82
20090619,10126.55,10126.55,9649.83,9786.26
20090626,9788.07,9893,9511.45,9877.39
20090703,9866.28,10086.18,9691.16,9816.07
20090710,9738.49,9771.76,9265.24,9287.28
20090717,9242.13,9489.67,9050.33,9395.32
20090724,9512.52,9950.04,9508.92,9944.55
20090731,10020.87,10359.07,10015.11,10356.83
20090807,10355.23,10479.19,10249.04,10412.09
20090814,10530.62,10630.38,10434.09,10597.33
20090821,10521.02,10521.02,10142.22,10238.2
20090828,10389.57,10668.74,10388.78,10534.14
20090904,10608.16,10767,10143.26,10187.11
20090911,10288.56,10522.23,10249.11,10444.33
20090918,10388.32,10443.8,10170.74,10370.54
20090925,10405.53,10566.98,10228.6,10265.98
20091002,10136.24,10151.6,9714.18,9731.87
20091009,9733.07,10016.39,9628.67,10016.39
20091016,10066.85,10290.31,10016.24,10257.56
20091023,10179.46,10364.17,10125.33,10282.99
20091030,10271.84,10397.69,9850.12,10034.74
20091106,9903.77,9904.61,9691.69,9789.35
20091113,9777.64,9979.46,9719.38,9770.31
20091120,9784.14,9847.64,9423.66,9497.68
20091127,9511,9511,9076.41,9081.52
20091204,9189.17,10022.59,9162.18,10022.59
20091211,10131.9,10204.58,9834.22,10107.87
20091218,10126.61,10260.12,10009.6,10142.05
20091225,10196.71,10558.41,10183.47,10494.71
20100101,10521.81,10707.51,10513.55,10546.44
20100108,10609.34,10816.45,10608.14,10798.32
20100115,10770.35,10982.1,10729.86,10982.1
20100122,10887.61,10895.1,10528.33,10590.55
20100129,10478.31,10566.49,10198.04,10198.04
20100205,10212.36,10438.41,10036.33,10057.09
20100212,10007.47,10099.46,9867.39,10092.19
20100219,10097.82,10354.42,10012.53,10123.58
20100226,10302.07,10449.75,10085.13,10126.03
20100305,10128.73,10376.41,10116.86,10368.96
20100312,10538.12,10777.49,10514.28,10751.26
20100319,10802.11,10864.3,10708.97,10824.72
20100326,10793.05,11001.59,10766.65,10996.37
20100402,10909.98,11313.98,10901.2,11286.09
20100409,11380.63,11408.17,11148.8,11204.34
20100416,11300.79,11351.55,11084.72,11102.18
20100423,10929.64,11093.3,10865.92,10914.46
20100430,11039.59,11213.45,10882.4,11057.4
20100507,10847.9,10847.9,10257.32,10364.59
20100514,10399.05,10643.28,10345.19,10462.51
20100521,10329.37,10336.53,9696.63,9784.54
20100528,9754.99,9824.85,9395.29,9762.98
20100604,9735.47,9962.42,9560.16,9901.19
20100611,9705.36,9764.73,9378.23,9705.25
20100618,9824.93,10109.86,9819.95,9995.02
20100625,10109.27,10251.9,9697.87,9737.48
20100702,9758.91,9762.23,9147.68,9203.71
20100709,9230,9610.59,9091.7,9585.32
20100716,9540.47,9807.36,9392.21,9408.36
20100723,9267.24,9474.11,9176.12,9430.96
20100730,9520.73,9760.31,9487.65,9537.3
20100806,9574.64,9750.88,9474.67,9642.12
20100813,9535.51,9667.04,9065.94,9253.46
20100820,9145.22,9362.68,9084.24,9179.38
20100827,9147.24,9171.42,8807.41,8991.06
20100903,9141.45,9280.7,8796.45,9114.13
20100910,9199.99,9311.02,8997.63,9239.17
20100917,9325.64,9643.28,9199.08,9626.09
20100924,9700.88,9704.25,9415.96,9471.67
20101001,9557.37,9613.47,9358.62,9404.23
20101008,9410.92,9716.92,9332.19,9588.88
20101015,9648.59,9650.2,9387.73,9500.25
20101022,9517.68,9575.14,9316.97,9426.71
20101029,9424.44,9460.7,9179.15,9202.45
20101105,9166.85,9680.68,9123.62,9625.99
20101112,9699.79,9885.37,9659.86,9724.81
20101119,9782.11,10130.23,9693.21,10022.39
20101126,10133.48,10157.97,9904.92,10039.56
20101203,10075.66,10254,9918.55,10178.32
20101210,10175.23,10373.7,10094.41,10211.95
20101217,10212.52,10347.39,10199.73,10303.83
20101224,10296.55,10394.22,10182.74,10279.19
20101231,10292.84,10376.91,10209.93,10228.92
20110107,10352.19,10550.71,10321.28,10541.04
20110114,10484.62,10620.57,10476.29,10499.04
20110121,10562.09,10580.68,10257.99,10274.52
20110128,10318.6,10496.4,10278.81,10360.34
20110204,10219.98,10580.36,10182.57,10543.52
20110211,10641.3,10701.92,10570.62,10605.65
20110218,10689.65,10891.6,10674.44,10842.8
20110225,10820.78,10859.39,10428.38,10526.76
20110304,10504.54,10768.43,10448.83,10693.66
20110311,10626.97,10662.07,10254.43,10254.43
20110318,10044.17,10049.92,8227.63,9206.75
20110325,9403.05,9625.03,9387.95,9536.13
20110401,9541.76,9822.06,9317.38,9708.39
20110408,9773.91,9808.6,9536.68,9768.08
20110415,9731.32,9775.6,9513.27,9591.52
20110422,9593.41,9732.63,9405.19,9682.21
20110429,9705.9,9849.74,9536.51,9849.74
20110506,9964.39,10017.47,9782.66,9859.2
20110513,9881.67,9929.04,9552.93,9648.77
20110520,9571.13,9731.12,9502.39,9607.08
20110527,9547.86,9588.7,9406.04,9521.94
20110603,9489.78,9720.73,9448,9492.21
20110610,9467.37,9613.75,9358.31,9514.44
20110617,9405.16,9599.9,9318.62,9351.4
20110624,9383.24,9695.09,9346.76,9678.71
20110701,9633.92,9900.57,9570.58,9868.07
20110708,9980.16,10207.91,9940.47,10137.73
20110715,10069.01,10109.3,9884,9974.47
20110722,9921.5,10149.18,9889.72,10132.11
20110729,10080.82,10130.25,9824.34,9833.03
20110805,9907.04,10040.13,9264.09,9299.88
20110812,9169.67,9215.09,8656.79,8963.72
20110819,9082.53,9150.31,8707.47,8719.24
20110826,8686.91,8849.94,8619.21,8797.78
20110902,8802.25,9098.15,8751.29,8950.74
20110909,8828.46,8876.49,8588.34,8737.66
20110916,8578.71,8864.16,8499.34,8864.16
20110923,8763.61,8771.72,8545.46,8560.26
20110930,8547.62,8756,8359.7,8700.29
20111007,8567.98,8663.57,8343.01,8605.62
20111014,8733.54,8854.16,8689.38,8747.96
20111021,8881.44,8911.7,8652.26,8678.89
20111028,8764.92,9086.43,8642.56,9050.47
20111104,9011.18,9152.39,8640.42,8801.4
20111111,8771.82,8779.55,8485.77,8514.47
20111118,8631.28,8655.31,8359.6,8374.91
20111125,8349.05,8375.6,8135.79,8160.01
20111202,8269.91,8653.88,8259.71,8643.75
20111209,8697.78,8729.81,8503.03,8536.46
20111216,8652.98,8682.47,8374.25,8401.72
20111223,8363.39,8471.11,8272.26,8395.16
20111230,8504.46,8516.53,8330.87,8455.35
20120106,8549.54,8581.45,8349.33,8390.35
20120113,8422.99,8509.76,8360.33,8500.02
20120120,8409.79,8791.39,8352.23,8766.36
20120127,8753.91,8911.62,8744.54,8841.22
20120203,8803.79,8893.22,8774.23,8831.93
20120210,8939.99,9018.49,8887.19,8947.17
20120217,8954.03,9435.03,8948.54,9384.17
20120224,9534.03,9647.38,9440.41,9647.38
20120302,9726.2,9866.41,9528.77,9777.03
20120309,9756.98,10007.62,9509.1,9929.74
20120316,10015.92,10158.74,9888.3,10129.83
20120323,10150.85,10172.64,9999.37,10011.47
20120330,10040.1,10255.15,10016.05,10083.56
20120406,10161.72,10190.35,9659.16,9688.45
20120413,9565.31,9690.29,9388.14,9637.99
20120420,9522.7,9682.88,9455.32,9561.36
20120427,9599.2,9691.7,9423.3,9520.89
20120504,9471.66,9472.25,9332.79,9380.25
20120511,9198.17,9207.56,8944.63,8953.31
20120518,8986.22,9031.09,8588.16,8611.31
20120525,8617.92,8740.48,8496.61,8580.39
20120601,8604.99,8657.08,8422.5,8440.25
20120608,8278.65,8647.79,8238.96,8459.26
20120615,8612.14,8665.8,8452.5,8569.32
20120622,8723.55,8859.04,8630.66,8798.35
20120629,8837.83,9044.04,8619.36,9006.78
20120706,9103.79,9136.02,8977.35,9020.75
20120713,8922.99,8966.99,8695.44,8724.12
20120720,8740.98,8835.8,8662.72,8669.87
20120727,8582.28,8606.23,8328.02,8566.64
20120803,8658.83,8732.84,8513.2,8555.11
20120810,8683.2,9004.81,8676.25,8891.44
20120817,8871.68,9181.57,8866.06,9162.5
20120824,9202.36,9222.87,9045.79,9070.76
20120831,9140.41,9150.48,8839.91,8839.91
20120907,8836.61,8893.39,8646.03,8871.65
20120914,8853.19,9193.27,8769.47,9159.39
20120921,9155.49,9288.53,9079.19,9110
20120928,9071.32,9112.54,8838.85,8870.16
20121005,8815.07,8880.23,8729.56,8863.3
20121012,8822.39,8840.69,8514.63,8534.12
20121019,8517.77,9016.9,8488.14,9002.68
20121026,8874.52,9075.59,8867.79,8933.06
20121102,8958.79,9072.39,8841.98,9051.22
20121109,9000.81,9040.18,8729.45,8757.6
20121116,8701.28,9032.35,8619.45,9024.16
20121123,9141.27,9366.8,9129.43,9366.8
20121130,9466.06,9492.91,9308.35,9446.01
20121207,9484.2,9572.75,9376.97,9527.39
20121214,9584.46,9775.75,9487.95,9737.56
20121221,9895.68,10175.06,9826.3,9940.06
20121228,10092.35,10433.63,10030.44,10395.18
20130104,10604.5,10734.23,10602.24,10688.11
20130111,10743.69,10830.43,10398.61,10801.57
20130118,10914.65,10952.31,10432.97,10913.3
20130125,10941.45,10941.45,10441.11,10926.65
20130201,11002.86,11237.84,10751.01,11191.34
20130208,11254.16,11498.42,11046.92,11153.16
20130215,11346.72,11460.64,11065.06,11173.83
20130222,11318.22,11510.52,11175.67,11385.94
20130301,11564.55,11662.52,11253.97,11606.38
20130308,11695.45,12283.62,11613.59,12283.62
20130315,12363.09,12560.95,12234.48,12560.95
20130322,12365.44,12650.26,12220.63,12338.53
20130329,12507.61,12594.36,12286.37,12397.91
20130405,12371.34,13225.62,11805.78,12833.64
20130412,13082.61,13568.25,13080.29,13485.14
20130419,13345.86,13408.29,13004.46,13316.48
20130426,13537.17,13983.87,13505.53,13884.13
20130503,13854.82,13897.06,13637.96,13694.04
20130510,13960.04,14636.81,13951.81,14607.54
20130517,14759.5,15157.32,14727.7,15138.12
20130524,15260.61,15942.6,13981.52,14612.45
20130531,14373.82,14512.28,13555.66,13774.54
20130607,13551.36,13711.42,12548.2,12877.53
20130614,13141.85,13584.31,12415.85,12686.52
20130621,12584.37,13330.35,12549.82,13230.13
20130628,13417.54,13724.44,12758.22,13677.32
20130705,13746.72,14309.97,13562.7,14309.97
20130712,14491.07,14574.17,14109.34,14506.25
20130719,14594.88,14953.29,14413.28,14589.91
20130726,14770.02,14820.18,14114.52,14129.98
20130802,13899.27,14466.16,13613.78,14466.16
20130809,14318.21,14401.06,13527.81,13615.19
20130816,13469.7,14050.16,13430.64,13650.11
20130823,13669.74,13774.66,13238.73,13660.55
20130830,13719.56,13741.49,13188.14,13388.86
20130906,13438.07,14156.5,13407.53,13860.81
20130913,14141.67,14561.46,14117.68,14404.67
20130920,14456.99,14816.65,14311.67,14742.42
20130927,14626.04,14817.5,14410.52,14760.07
20131004,14530.62,14642.97,13944.27,14024.31
20131011,14057.79,14447.87,13748.94,14404.74
20131018,14510.27,14664.22,14415.76,14561.54
20131025,14624.03,14799.28,14088.19,14088.19
20131101,14261.65,14526.88,14126.41,14201.57
20131108,14319.75,14407.69,14026.17,14086.8
20131115,14271.48,15203.11,14208.13,15165.92
20131122,15253.24,15579.39,15020.33,15381.72
20131129,15504.78,15729.09,15414.52,15661.87
20131206,15659.74,15794.15,15112.54,15299.86
20131213,15556.6,15650.21,15251.45,15403.11
20131220,15408.35,15891.82,15146.13,15870.42
20131227,15955.9,16232.69,15849,16178.94
20140103,16269.22,16320.22,16182.71,16291.31
20140110,16147.54,16164.01,15754.7,15912.06
20140117,15657.2,15941.08,15383.69,15734.46
20140124,15724.14,15958.58,15288.32,15391.56
20140131,15091.45,15383.91,14764.57,14914.53
20140207,14788.56,14846.93,13995.86,14462.41
20140214,14647.83,14874.79,14243.17,14313.03
20140221,14343.73,14900.24,14214.6,14865.67
20140228,14803.64,15094.54,14658.14,14841.07
20140307,14666.93,15312.6,14443.1,15274.07
20140314,15197.53,15266.12,14280.75,14327.66
20140321,14254.32,14663.54,14203.21,14224.23
20140328,14297.58,14713.45,14227.81,14696.03
20140404,14839.54,15164.39,14718.01,15063.77
20140411,14880.82,14895.58,13885.11,13960.05
20140418,13887.23,14536.67,13885.22,14516.27
20140425,14549.45,14649.5,14327.6,14429.26
20140502,14289.82,14493.03,14224.47,14457.51
20140509,14296.25,14299.13,14033.45,14199.59
20140516,14173.49,14464.01,14016.49,14096.59
20140523,14130.09,14528.04,13964.43,14462.17
20140530,14592.6,14744.16,14531.32,14632.38
20140606,14777.51,15144.34,14777.51,15077.24
20140613,15204.31,15206.57,14830.99,15097.84
20140620,15049.61,15422.06,14867.15,15349.42
20140627,15419.47,15442.67,15027.31,15095
20140704,15159.45,15490.37,15052.34,15437.13
20140711,15433.49,15477.77,15101.49,15164.04
20140718,15199.18,15465.74,15110.45,15215.71
20140725,15296.42,15457.87,15232.14,15457.87
20140801,15426.98,15759.66,15426.98,15523.11
20140808,15474.65,15535.62,14753.84,14778.37
20140815,15022.64,15338.85,14973.71,15318.34
20140822,15318.5,15628.78,15303.39,15539.19
20140829,15609.43,15628.61,15356,15424.59
20140905,15454.59,15829.38,15440.99,15668.68
20140912,15718.13,15984.9,15656.4,15948.29
20140919,15896.06,16364.08,15871.12,16321.17
20140926,16281.36,16374.14,16087.95,16229.86
20141003,16339.03,16344.32,15559.07,15708.65
20141010,15882.28,15970.65,15221.83,15300.55
20141017,15036.87,15089.9,14529.03,14532.51
20141024,14822.84,15377.05,14761.84,15291.64
20141031,15404.28,16533.91,15263.36,16413.76
20141107,16732.85,17127.66,16720.99,16880.38
20141114,16758.27,17520.54,16713.37,17490.83
20141121,17381.38,17472.57,16907.43,17357.51
20141128,17490.39,17490.39,17212.48,17459.85
20141205,17475.1,17922.29,17474.27,17920.45
20141212,18004.66,18030.83,17043.63,17371.58
20141219,17111.49,17621.4,16672.94,17621.4
20141226,17685.53,17875.41,17572.62,17818.96
20150102,17914.55,17914.55,17450.77,17450.77
20150109,17325.68,17540.92,16808.26,17197.73
20150116,16970.88,17141.98,16592.57,16864.16
20150123,17000.78,17532.06,16911.58,17511.75
20150130,17285.71,17850.59,17285.71,17674.39
20150206,17536.61,17743.11,17271.87,17648.5
20150213,17790.31,18005.45,17550.03,17913.36
20150220,18024.01,18360.92,17901.26,18332.3
20150227,18499.58,18865.39,18402.02,18797.94
20150306,18869.4,18979.64,18586.84,18971
20150313,18872.96,19335.8,18577.06,19254.25
20150320,19245.38,19565.44,19226.71,19560.22
20150327,19607.98,19778.6,19099.87,19285.63
20150403,19295.21,19607.25,18927.95,19435.08
20150410,19295.03,20006,19241.29,19907.63
20150417,19967.38,19975.66,19638.37,19652.88
20150424,19501,20252.12,19474.23,20020.04
20150501,20063.8,20133.78,19399.16,19531.63
20150508,19356.46,19461.08,19257.85,19379.19
20150515,19637.58,19791.88,19467.65,19732.92
20150522,19766.16,20320.9,19741.22,20264.41
20150529,20331.92,20655.33,20318.54,20563.15
20150605,20444.54,20619.61,20363.18,20460.9
20150612,20537.85,20544.94,20016.32,20407.08
20150619,20205.1,20401.48,19990.55,20174.24
20150626,20174.14,20952.71,20174.14,20706.15
20150703,20305.97,20601.73,20093.16,20539.79
20150710,20200.15,20428,19115.2,19779.83
20150717,19929.92,20658.95,19911.39,20650.92
20150724,20763.31,20850,20527.78,20544.53
20150731,20374.05,20585.24,20070.62,20585.24
20150807,20540.21,20817.48,20396.5,20724.56
20150814,20618.31,20946.93,20303.02,20519.45
20150821,20600.16,20668.87,19435.83,19435.83
20150828,19075.05,19192.82,17714.3,19136.32
20150904,19006.98,19019.61,17608.17,17792.16
20150911,17674.82,18770.51,17415.61,18264.22
20150918,18341.01,18468.2,17925.09,18070.21
20150925,17803.41,17880.51,17483.69,17880.51
20151002,17811.12,17886.49,16901.49,17725.13
20151009,17921,18438.67,17869.74,18438.67
20151016,18335.15,18397.52,17758.12,18291.8
20151023,18282.78,18915.64,18078.43,18825.3
20151030,19036.13,19202.34,18760.79,19083.1
20151106,18827.11,19294.15,18641.22,19265.6
20151113,19411.51,19725.83,19388.91,19596.91
20151120,19263.96,19959.06,19252.04,19879.81
20151127,19875.99,19994.05,19786.53,19883.94
20151204,19857.38,20012.4,19444.54,19504.48
20151211,19710.39,19811.51,19020.75,19230.48
20151218,18887.09,19869.08,18562.51,18986.8
20151225,18845.5,19071.41,18651.13,18769.06
20160101,18838.91,19113.18,18764.54,19033.71
20160108,18818.58,18951.12,17509.64,17697.96
20160115,17470.93,17717.75,16944.41,17147.11
20160122,16826.93,17088.31,16017.26,16958.53
20160129,17145.81,17638.93,16652.26,17518.3
20160205,17699.6,17905.37,16627.8,16819.59
20160212,16620.91,17099.01,14865.77,14952.61
20160219,15248.38,16341.56,15243.88,15967.17
20160226,15851.39,16472.5,15753.77,16188.41
20160304,16313.31,17042.92,15857.37,17014.78
20160311,17024.64,17026.25,16494.8,16938.87
20160318,17155.52,17291.35,16613.69,16724.81
20160325,16937.31,17142.08,16843.99,17002.75
20160401,17129.27,17167.88,16113.01,16164.16
20160408,16087.76,16238.51,15471.8,15821.52
20160415,15761.57,16928.67,15525.49,16848.03
20160422,16521.25,17572.49,16254.2,17572.49
20160429,17613.56,17613.56,16652.74,16666.05
20160506,16357.1,16357.1,15975.47,16106.72
20160513,16226.57,16814.64,16159.31,16412.21
20160520,16391.92,16841.04,16391.92,16736.35
20160527,16671.28,16957.56,16417.84,16834.84
20160603,16973.72,17251.36,16525.47,16642.23
20160610,16373.32,16830.92,16322.64,16601.36
20160617,16319.11,16335.38,15395.98,15599.66
20160624,15839.06,16389.17,14864.01,14952.02
20160701,15153.08,15781.69,14987.79,15682.48
20160708,15554.04,15805.31,15106.52,15106.98
20160715,15375.94,16607.32,15375.94,16497.85
20160722,16612.09,16938.96,16514.66,16627.25
20160729,16655.81,16821.43,16174.35,16569.27
20160805,16415.31,16677.49,15921.04,16254.45
