Date,Open,High,Low,Close
17890503,0.51,0.51,0.51,0.51
17890607,0.51,0.51,0.51,0.51
17890705,0.5,0.5,0.5,0.5
17890731,0.5,0.51,0.5,0.51
17890906,0.51,0.51,0.5,0.51
17891004,0.51,0.51,0.51,0.51
17891101,0.51,0.51,0.5,0.5
17891206,0.5,0.5,0.5,0.5
17900103,0.5,0.5,0.49,0.49
17900207,0.49,0.49,0.49,0.49
17900307,0.49,0.51,0.49,0.5
17900404,0.5,0.5,0.49,0.5
17900430,0.51,0.52,0.51,0.52
17900606,0.52,0.53,0.52,0.53
17900704,0.53,0.53,0.53,0.53
17900801,0.53,0.54,0.53,0.54
17900905,0.54,0.55,0.54,0.55
17901003,0.55,0.57,0.55,0.56
17901107,0.56,0.57,0.55,0.55
17901205,0.57,0.57,0.57,0.57
17901231,0.57,0.58,0.57,0.58
17910206,0.58,0.59,0.58,0.59
17910306,0.59,0.59,0.59,0.59
17910403,0.6,0.6,0.6,0.6
17910501,0.6,0.6,0.6,0.6
17910605,0.6,0.6,0.6,0.6
17910703,0.6,0.6,0.6,0.6
17910807,0.6,0.61,0.6,0.61
17910904,0.61,0.62,0.61,0.62
17910930,0.62,0.62,0.62,0.62
17911106,0.62,0.62,0.62,0.62
17911204,0.63,0.63,0.63,0.63
17920101,0.63,0.64,0.63,0.63
17920205,0.63,0.63,0.62,0.62
17920304,0.63,0.63,0.62,0.62
17920401,0.62,0.62,0.62,0.62
17920506,0.61,0.61,0.59,0.59
17920603,0.59,0.59,0.58,0.58
17920701,0.58,0.58,0.57,0.57
17920805,0.57,0.57,0.57,0.57
17920831,0.56,0.61,0.56,0.56
17921007,0.56,0.56,0.52,0.54
17921104,0.53,0.54,0.53,0.54
17921130,0.54,0.54,0.54,0.54
17930106,0.54,0.55,0.54,0.55
17930203,0.55,0.57,0.55,0.57
17930303,0.57,0.58,0.57,0.58
17930407,0.58,0.61,0.58,0.59
17930505,0.59,0.59,0.58,0.59
17930531,0.59,0.6,0.59,0.6
17930707,0.6,0.6,0.6,0.6
17930804,0.6,0.6,0.6,0.6
17930901,0.6,0.6,0.6,0.6
17931006,0.6,0.61,0.6,0.61
17931103,0.61,0.61,0.61,0.61
17931201,0.62,0.62,0.61,0.62
17940105,0.62,0.63,0.62,0.63
17940131,0.63,0.64,0.63,0.64
17940228,0.64,0.66,0.64,0.66
17940406,0.66,0.66,0.66,0.66
17940504,0.67,0.68,0.67,0.68
17940601,0.68,0.7,0.68,0.7
17940706,0.7,0.76,0.7,0.71
17940803,0.72,0.73,0.68,0.73
17940907,0.73,0.74,0.73,0.74
17941005,0.74,0.74,0.74,0.74
17941031,0.75,0.76,0.75,0.76
17941207,0.76,0.76,0.76,0.76
17950104,0.76,0.76,0.76,0.76
17950201,0.76,0.78,0.76,0.78
17950301,0.76,0.77,0.76,0.77
17950405,0.76,0.78,0.76,0.78
17950503,0.78,0.78,0.78,0.78
17950607,0.78,0.78,0.78,0.78
17950705,0.78,0.78,0.77,0.77
17950731,0.77,0.77,0.77,0.77
17950906,0.77,0.77,0.75,0.75
17951004,0.75,0.77,0.75,0.75
17951101,0.75,0.75,0.73,0.74
17951206,0.74,0.74,0.73,0.73
17960103,0.73,0.73,0.73,0.73
17960207,0.73,0.73,0.72,0.72
17960306,0.72,0.72,0.71,0.71
17960403,0.71,0.71,0.71,0.71
17960501,0.7,0.72,0.7,0.7
17960605,0.7,0.7,0.67,0.67
17960703,0.68,0.68,0.67,0.67
17960807,0.67,0.67,0.66,0.66
17960904,0.66,0.66,0.65,0.65
17960930,0.65,0.65,0.65,0.65
17961106,0.65,0.65,0.64,0.64
17961204,0.64,0.64,0.63,0.63
17970101,0.63,0.63,0.63,0.63
17970205,0.63,0.63,0.62,0.63
17970305,0.62,0.62,0.62,0.62
17970331,0.62,0.62,0.62,0.62
17970507,0.61,0.61,0.61,0.61
17970604,0.61,0.61,0.61,0.61
17970630,0.61,0.61,0.61,0.61
17970806,0.61,0.62,0.6,0.6
17970903,0.6,0.6,0.58,0.59
17971001,0.59,0.59,0.58,0.58
17971105,0.58,0.58,0.58,0.58
17971203,0.58,0.58,0.58,0.58
17980107,0.58,0.58,0.57,0.57
17980204,0.57,0.58,0.57,0.58
17980304,0.58,0.59,0.58,0.59
17980401,0.62,0.62,0.59,0.6
17980506,0.6,0.61,0.57,0.61
17980603,0.61,0.62,0.61,0.62
17980701,0.62,0.63,0.62,0.63
17980805,0.64,0.65,0.64,0.65
17980831,0.66,0.67,0.66,0.67
17981007,0.67,0.68,0.67,0.68
17981104,0.68,0.7,0.68,0.68
17981130,0.68,0.69,0.67,0.69
17990106,0.69,0.69,0.69,0.69
17990203,0.7,0.71,0.7,0.71
17990303,0.71,0.71,0.71,0.71
17990407,0.71,0.72,0.71,0.72
17990505,0.72,0.73,0.72,0.73
17990531,0.73,0.73,0.73,0.73
17990707,0.74,0.74,0.73,0.74
17990804,0.74,0.74,0.73,0.74
17990901,0.74,0.74,0.74,0.74
17991006,0.74,0.76,0.74,0.76
17991103,0.76,0.77,0.76,0.77
17991201,0.77,0.79,0.77,0.79
18000105,0.79,0.8,0.79,0.8
18000131,0.8,0.86,0.8,0.8
18000228,0.81,0.85,0.76,0.85
18000406,0.86,0.89,0.86,0.89
18000504,0.89,0.9,0.89,0.9
18000601,0.9,0.92,0.9,0.92
18000706,0.93,0.94,0.93,0.94
18000803,0.94,0.96,0.94,0.96
18000907,0.97,1.03,0.97,1
18001005,1,1.01,1,1.01
18001031,1,1.02,1,1.01
18001207,1.01,1.01,1,1
18010104,1,1,0.98,0.98
18010201,0.98,0.98,0.96,0.96
18010301,0.95,0.95,0.91,0.91
18010405,0.9,0.9,0.88,0.88
18010503,0.87,0.96,0.84,0.84
18010607,0.83,0.83,0.72,0.81
18010705,0.8,0.8,0.77,0.77
18010731,0.76,0.76,0.74,0.74
18010906,0.73,0.73,0.71,0.71
18011004,0.7,0.7,0.68,0.68
18011101,0.67,0.67,0.65,0.65
18011206,0.65,0.66,0.63,0.63
18020103,0.63,0.63,0.59,0.59
18020207,0.61,0.61,0.6,0.6
18020307,0.6,0.6,0.6,0.6
18020404,0.6,0.6,0.6,0.6
18020430,0.61,0.61,0.61,0.61
18020606,0.61,0.61,0.61,0.61
18020704,0.61,0.62,0.61,0.62
18020801,0.62,0.64,0.62,0.62
18020905,0.63,0.63,0.62,0.63
18021003,0.63,0.64,0.63,0.64
18021107,0.64,0.65,0.64,0.65
18021205,0.65,0.65,0.65,0.65
18021231,0.65,0.66,0.65,0.66
18030206,0.66,0.67,0.66,0.67
18030306,0.68,0.7,0.68,0.68
18030403,0.69,0.7,0.69,0.7
18030501,0.7,0.71,0.7,0.71
18030605,0.71,0.71,0.71,0.71
18030703,0.71,0.71,0.71,0.71
18030807,0.71,0.72,0.71,0.72
18030904,0.72,0.72,0.72,0.72
18030930,0.72,0.73,0.72,0.73
18031106,0.73,0.74,0.73,0.74
18031204,0.74,0.75,0.72,0.75
18040101,0.76,0.77,0.76,0.77
18040205,0.78,0.8,0.78,0.8
18040304,0.8,0.83,0.8,0.83
18040401,0.84,0.86,0.84,0.86
18040506,0.87,0.89,0.87,0.89
18040603,0.9,1.02,0.9,0.93
18040701,0.93,0.96,0.86,0.96
18040805,0.98,1.01,0.98,1.01
18040831,1.03,1.06,1.03,1.06
18041007,1.07,1.08,1.07,1.08
18041104,1.08,1.09,1.08,1.09
18041130,1.09,1.11,1.09,1.11
18050106,1.11,1.14,1.11,1.14
18050203,1.12,1.12,1.12,1.12
18050303,1.12,1.12,1.1,1.12
18050407,1.12,1.12,1.11,1.11
18050505,1.11,1.11,1.11,1.11
18050531,1.11,1.12,1.11,1.12
18050707,1.12,1.12,1.11,1.11
18050804,1.11,1.11,1.1,1.1
18050901,1.1,1.14,1.09,1.09
18051006,1.09,1.09,1.06,1.09
18051103,1.08,1.09,1.08,1.09
18051201,1.09,1.1,1.09,1.1
18060105,1.1,1.11,1.1,1.11
18060131,1.12,1.15,1.12,1.15
18060228,1.16,1.19,1.16,1.19
18060406,1.2,1.29,1.2,1.21
18060504,1.22,1.23,1.17,1.17
18060601,1.23,1.24,1.23,1.24
18060706,1.25,1.26,1.25,1.26
18060803,1.27,1.3,1.27,1.3
18060907,1.3,1.31,1.29,1.29
18061005,1.28,1.28,1.26,1.26
18061031,1.26,1.26,1.24,1.24
18061207,1.23,1.31,1.2,1.2
18070104,1.2,1.2,1.08,1.17
18070201,1.15,1.15,1.11,1.11
18070301,1.09,1.09,1.03,1.03
18070405,1.01,1.01,0.97,0.97
18070503,0.96,0.96,0.91,0.91
18070607,0.89,0.89,0.86,0.86
18070705,0.85,0.98,0.81,0.81
18070731,0.8,0.8,0.65,0.65
18070906,0.76,0.76,0.72,0.72
18071004,0.71,0.71,0.69,0.69
18071101,0.68,0.68,0.66,0.66
18071206,0.66,0.66,0.65,0.65
18080103,0.64,0.65,0.64,0.65
18080207,0.65,0.66,0.65,0.66
18080306,0.66,0.7,0.66,0.67
18080403,0.68,0.69,0.64,0.69
18080501,0.7,0.71,0.7,0.71
18080605,0.72,0.74,0.72,0.74
18080703,0.75,0.77,0.75,0.77
18080807,0.78,0.79,0.78,0.79
18080904,0.8,0.83,0.8,0.83
18080930,0.84,0.94,0.84,0.86
18081106,0.87,0.89,0.81,0.89
18081204,0.89,0.9,0.89,0.9
18090101,0.91,0.94,0.91,0.94
18090205,0.95,0.97,0.95,0.97
18090305,0.98,1,0.98,1
18090331,1,1.01,1,1.01
18090507,1.02,1.03,1.02,1.03
18090604,1.13,1.13,1.04,1.07
18090630,1.08,1.11,1.01,1.11
18090806,1.11,1.13,1.11,1.13
18090903,1.13,1.15,1.13,1.15
18091001,1.16,1.17,1.16,1.17
18091105,1.18,1.19,1.18,1.19
18091203,1.19,1.19,1.19,1.19
18100107,1.19,1.2,1.18,1.18
18100204,1.18,1.18,1.17,1.18
18100304,1.18,1.18,1.17,1.17
18100401,1.17,1.17,1.16,1.16
18100506,1.16,1.16,1.16,1.16
18100603,1.16,1.16,1.15,1.15
18100701,1.14,1.14,1.13,1.13
18100805,1.12,1.15,1.1,1.15
18100831,1.09,1.09,1.06,1.06
18101007,1.01,1.06,1.01,1.05
18101104,1.05,1.05,1.04,1.04
18101130,1.04,1.04,1.02,1.02
18110106,1.02,1.02,1,1
18110203,1.01,1.01,1.01,1.01
18110303,1.02,1.02,1.02,1.02
18110407,1.02,1.06,1.02,1.03
18110505,1.04,1.05,1.01,1.05
18110531,1.05,1.06,1.05,1.06
18110707,1.06,1.08,1.06,1.08
18110804,1.08,1.08,1.06,1.06
18110901,1.06,1.06,1.03,1.03
18111006,1.03,1.03,1.01,1.01
18111103,1,1.06,0.99,0.99
18111201,0.99,0.99,0.93,0.93
18120105,0.98,0.98,0.96,0.96
18120131,0.95,0.95,0.93,0.93
18120301,0.92,0.92,0.9,0.9
18120405,0.9,0.9,0.89,0.89
18120503,0.89,0.89,0.88,0.88
18120607,0.87,0.87,0.84,0.84
18120705,0.84,0.86,0.83,0.83
18120731,0.82,0.82,0.8,0.81
18120906,0.81,0.81,0.81,0.81
18121004,0.8,0.8,0.8,0.8
18121101,0.8,0.8,0.8,0.8
18121206,0.8,0.8,0.8,0.8
18130103,0.8,0.8,0.8,0.8
18130207,0.8,0.84,0.8,0.81
18130307,0.81,0.81,0.78,0.81
18130404,0.81,0.81,0.81,0.81
18130430,0.81,0.81,0.81,0.81
18130606,0.81,0.81,0.81,0.81
18130704,0.82,0.82,0.82,0.82
18130801,0.83,0.83,0.83,0.83
18130905,0.83,0.83,0.83,0.83
18131003,0.85,0.85,0.83,0.84
18131107,0.84,0.86,0.8,0.86
18131205,0.87,0.89,0.87,0.89
18131231,0.9,0.96,0.9,0.96
18140206,0.97,1.01,0.97,1.01
18140306,1.03,1.08,1.03,1.08
18140403,1.1,1.14,1.1,1.14
18140501,1.15,1.46,1.15,1.18
18140605,1.19,1.22,1,1.22
18140703,1.23,1.3,1.23,1.3
18140807,1.32,1.35,1.32,1.35
18140904,1.37,1.43,1.37,1.43
18140930,1.44,1.45,1.44,1.45
18141106,1.46,1.47,1.46,1.47
18141204,1.48,1.48,1.48,1.48
18150101,1.53,1.53,1.48,1.48
18150205,1.49,1.49,1.44,1.49
18150305,1.49,1.5,1.49,1.5
18150331,1.5,1.51,1.5,1.51
18150507,1.51,1.51,1.51,1.51
18150604,1.52,1.52,1.52,1.52
18150630,1.53,1.54,1.53,1.54
18150806,1.54,1.56,1.54,1.55
18150903,1.55,1.56,1.54,1.56
18151001,1.56,1.57,1.56,1.57
18151105,1.57,1.57,1.56,1.56
18151203,1.56,1.56,1.56,1.56
18160107,1.56,1.56,1.55,1.55
18160204,1.55,1.55,1.55,1.55
18160303,1.54,1.54,1.54,1.54
18160407,1.54,1.54,1.54,1.54
18160505,1.54,1.54,1.54,1.54
18160531,1.54,1.54,1.52,1.52
18160707,1.52,1.52,1.5,1.5
18160804,1.5,1.5,1.49,1.49
18160901,1.49,1.49,1.49,1.49
18161006,1.49,1.49,1.49,1.49
18161103,1.49,1.54,1.49,1.5
18161201,1.5,1.5,1.5,1.5
18170105,1.5,1.51,1.47,1.47
18170131,1.51,1.52,1.51,1.52
18170228,1.52,1.52,1.52,1.52
18170406,1.52,1.53,1.52,1.53
18170504,1.53,1.53,1.53,1.53
18170601,1.53,1.54,1.53,1.54
18170706,1.55,1.56,1.54,1.56
18170803,1.57,1.6,1.57,1.6
18170907,1.6,1.62,1.54,1.62
18171005,1.62,1.65,1.62,1.65
18171031,1.66,1.68,1.66,1.68
18171207,1.68,1.7,1.68,1.7
18180104,1.71,1.73,1.71,1.73
18180201,1.74,1.82,1.74,1.78
18180301,1.79,1.81,1.79,1.81
18180405,1.82,1.83,1.79,1.83
18180503,1.83,1.84,1.83,1.84
18180607,1.84,1.84,1.84,1.84
18180705,1.85,1.85,1.85,1.85
18180731,1.86,1.89,1.86,1.89
18180906,1.89,1.89,1.89,1.89
18181004,1.88,1.88,1.88,1.88
18181101,1.88,1.89,1.88,1.89
18181206,1.89,1.89,1.86,1.89
18190103,1.89,1.89,1.88,1.88
18190207,1.88,1.88,1.88,1.88
18190307,1.88,1.88,1.88,1.88
18190404,1.88,1.88,1.88,1.88
18190430,1.88,1.91,1.88,1.88
18190606,1.88,1.88,1.87,1.87
18190704,1.87,1.87,1.82,1.86
18190801,1.85,1.85,1.84,1.84
18190905,1.83,1.83,1.82,1.82
18191003,1.8,1.8,1.78,1.78
18191107,1.78,1.78,1.77,1.77
18191205,1.76,1.8,1.75,1.75
18191231,1.75,1.75,1.74,1.74
18200206,1.74,1.74,1.74,1.74
18200305,1.74,1.74,1.68,1.74
18200331,1.74,1.76,1.74,1.76
18200507,1.76,1.77,1.76,1.77
18200604,1.78,1.8,1.78,1.8
18200630,1.8,1.81,1.8,1.81
18200806,1.82,1.88,1.82,1.83
18200903,1.84,1.87,1.84,1.87
18201001,1.87,1.9,1.84,1.9
18201105,1.9,1.91,1.9,1.91
18201203,1.92,1.93,1.92,1.93
18210107,1.94,1.96,1.94,1.96
18210204,1.97,1.98,1.97,1.98
18210304,1.98,2.04,1.98,1.99
18210401,1.99,2,1.99,2
18210506,2,2.01,1.96,1.96
18210603,2.02,2.07,2.02,2.07
18210701,2.08,2.08,2.08,2.08
18210805,2.08,2.09,2.08,2.09
18210831,2.09,2.09,2.08,2.08
18211007,2.08,2.08,2.08,2.08
18211104,2.1,2.1,2.08,2.08
18211130,2.08,2.09,2.08,2.09
18220106,2.09,2.09,2.07,2.08
18220203,2.08,2.08,2.07,2.07
18220303,2.07,2.07,2.06,2.06
18220407,2.05,2.05,2.03,2.03
18220505,2.03,2.03,2.02,2.02
18220531,2.02,2.05,2.02,2.03
18220707,2.03,2.03,2.02,2.02
18220804,2.02,2.02,1.98,1.98
18220901,2.01,2.01,2,2
18221006,2,2,1.99,1.99
18221103,1.99,1.99,1.99,1.99
18221201,2,2,2,2
18230105,2.01,2.05,2.01,2.05
18230131,2.02,2.02,2.01,2.01
18230228,2.01,2.01,2.01,2.01
18230406,2.01,2.01,1.98,2.01
18230504,2.01,2.02,2.01,2.02
18230601,2.02,2.03,2.02,2.03
18230706,2.03,2.04,2.03,2.04
18230803,2.04,2.05,2.04,2.05
18230907,2.06,2.08,2.06,2.08
18231005,2.09,2.09,2.09,2.09
18231031,2.1,2.11,2.09,2.11
18231207,2.11,2.12,2.11,2.12
18240104,2.12,2.15,2.12,2.15
18240201,2.16,2.17,2.16,2.17
18240307,2.18,2.19,2.18,2.19
18240404,2.19,2.23,2.19,2.2
18240430,2.2,2.21,2.2,2.21
18240606,2.22,2.24,2.22,2.24
18240704,2.24,2.33,2.23,2.33
18240801,2.34,2.34,2.34,2.34
18240905,2.34,2.34,2.34,2.34
18241003,2.34,2.34,2.34,2.34
18241107,2.34,2.34,2.34,2.34
18241205,2.35,2.49,2.35,2.37
18241231,2.37,2.37,2.33,2.33
18250206,2.3,2.3,2.24,2.27
18250306,2.26,2.26,2.25,2.25
18250403,2.24,2.24,2.22,2.22
18250501,2.22,2.22,2.21,2.21
18250605,2.21,2.21,2.2,2.2
18250703,2.2,2.23,2.2,2.2
18250807,2.19,2.19,2.19,2.19
18250904,2.18,2.18,2.17,2.17
18250930,2.16,2.16,2.13,2.13
18251106,2.11,2.11,2.1,2.1
18251204,2.09,2.09,2.08,2.08
18260101,2.08,2.08,2.07,2.07
18260205,2.07,2.07,2.06,2.06
18260305,2.05,2.09,2.01,2.01
18260331,2.01,2.01,2.01,2.01
18260507,2.01,2.02,1.99,2.02
18260604,2.02,2.03,2.02,2.03
18260630,2.03,2.03,2.02,2.02
18260806,2.02,2.02,2.02,2.02
18260903,2.02,2.02,2.01,2.01
18261001,2.01,2.02,2,2
18261105,2,2,1.99,1.99
18261203,1.99,1.99,1.99,1.99
18270107,1.98,1.98,1.97,1.97
18270204,1.97,1.98,1.97,1.98
18270304,1.98,1.99,1.98,1.99
18270401,2,2,2,2
18270506,2.01,2.02,2.01,2.02
18270603,2.08,2.08,2.02,2.03
18270701,2.04,2.06,2.04,2.06
18270805,2.07,2.09,2.07,2.09
18270831,2.1,2.1,2.1,2.1
18271007,2.11,2.11,2.11,2.11
18271104,2.11,2.11,2.08,2.08
18271130,2.06,2.06,2.05,2.05
18280106,2.04,2.13,2.02,2.02
18280203,2.02,2.02,1.99,1.99
18280229,1.98,1.98,1.95,1.95
18280406,1.88,1.95,1.88,1.93
18280504,1.92,1.92,1.91,1.91
18280601,1.91,1.92,1.91,1.92
18280706,1.92,1.92,1.92,1.92
18280803,1.93,1.94,1.93,1.94
18280907,1.93,1.93,1.93,1.93
18281005,1.93,1.93,1.93,1.93
18281031,1.93,1.93,1.91,1.91
18281207,1.91,1.91,1.9,1.9
18290104,1.9,1.9,1.9,1.9
18290201,1.9,1.9,1.89,1.89
18290301,1.89,1.89,1.89,1.89
18290405,1.89,1.94,1.89,1.9
18290503,1.9,1.92,1.9,1.92
18290607,1.93,1.93,1.88,1.88
18290705,1.94,1.94,1.94,1.94
18290731,1.95,1.97,1.95,1.97
18290906,1.98,1.99,1.98,1.99
18291004,2,2.02,2,2.02
18291101,2.03,2.12,2.03,2.08
18291206,2.08,2.1,2.08,2.1
18300103,2.1,2.11,2.1,2.11
18300207,2.12,2.15,2.05,2.15
18300307,2.16,2.2,2.16,2.2
18300404,2.21,2.24,2.21,2.24
18300430,2.27,2.34,2.27,2.34
18300606,2.35,2.37,2.35,2.37
18300704,2.37,2.5,2.37,2.38
18300801,2.39,2.42,2.39,2.42
18300905,2.43,2.45,2.41,2.45
18301003,2.45,2.45,2.45,2.45
18301107,2.45,2.45,2.45,2.45
18301205,2.44,2.44,2.41,2.41
18301231,2.4,2.4,2.39,2.39
18310206,2.39,2.49,2.38,2.38
18310306,2.38,2.38,2.34,2.34
18310403,2.33,2.33,2.29,2.29
18310501,2.28,2.28,2.24,2.25
18310605,2.24,2.24,2.22,2.22
18310703,2.21,2.21,2.2,2.2
18310807,2.19,2.19,2.18,2.18
18310904,2.17,2.17,2.15,2.15
18310930,2.19,2.19,2.12,2.12
18311106,2.12,2.12,2.1,2.1
18311204,2.09,2.09,2.06,2.09
18320101,2.09,2.09,2.09,2.09
18320205,2.1,2.1,2.1,2.1
18320304,2.1,2.12,2.1,2.12
18320401,2.12,2.12,2.12,2.12
18320506,2.12,2.13,2.12,2.13
18320603,2.14,2.19,2.14,2.19
18320701,2.2,2.23,2.2,2.23
18320805,2.24,2.27,2.15,2.27
18320831,2.28,2.38,2.28,2.38
18321007,2.41,2.44,2.41,2.44
18321104,2.46,2.52,2.46,2.52
18321130,2.55,2.62,2.55,2.62
18330106,2.96,2.96,2.64,2.69
18330203,2.71,2.77,2.71,2.77
18330303,2.8,2.9,2.62,2.9
18330407,2.92,2.98,2.92,2.98
18330505,3,3.05,3,3.05
18330531,3.06,3.1,3.06,3.1
18330707,3.1,3.11,3.1,3.11
18330804,3.1,3.12,3.06,3.06
18330901,3.05,3.05,2.97,2.97
18331006,2.95,2.95,2.89,2.89
18331103,2.72,2.87,2.72,2.84
18331201,2.83,2.83,2.7,2.7
18340105,2.66,2.66,2.62,2.62
18340131,2.61,2.61,2.59,2.59
18340228,2.56,2.75,2.53,2.54
18340406,2.54,2.54,2.54,2.54
18340504,2.54,2.55,2.54,2.55
18340601,2.55,2.57,2.36,2.57
18340706,2.59,2.64,2.59,2.64
18340803,2.68,2.77,2.68,2.77
18340907,2.79,2.83,2.79,2.83
18341005,2.84,2.89,2.84,2.89
18341031,2.91,3.17,2.91,2.99
18341207,3.02,3.04,3.02,3.04
18350104,3.05,3.14,2.87,2.87
18350201,3.17,3.25,3.17,3.25
18350301,3.3,3.47,3.3,3.47
18350405,3.5,3.58,3.5,3.58
18350503,3.6,3.62,3.6,3.62
18350607,3.63,4.04,3.63,3.7
18350705,3.73,3.82,3.73,3.82
18350731,3.84,3.88,3.84,3.88
18350906,3.95,3.95,3.79,3.79
18351004,3.76,3.76,3.71,3.71
18351101,3.69,3.69,3.66,3.66
18351206,3.66,3.66,3.62,3.62
18360103,3.6,3.6,3.55,3.55
18360207,3.53,3.76,3.52,3.52
18360306,3.52,3.53,3.52,3.53
18360403,3.53,3.54,3.34,3.54
18360501,3.55,3.55,3.53,3.53
18360605,3.5,3.5,3.41,3.41
18360703,3.38,3.38,3.27,3.27
18360807,3.23,3.23,3.11,3.11
18360904,3.07,3.46,2.99,2.99
18360930,2.97,2.97,2.91,2.91
18361106,2.88,2.88,2.81,2.81
18361204,2.79,2.79,2.52,2.74
18370101,2.72,2.72,2.72,2.72
18370205,2.73,2.73,2.67,2.67
18370305,2.64,2.64,2.54,2.54
18370331,2.52,2.52,2.44,2.44
18370507,2.92,2.92,2.39,2.39
18370604,2.39,2.39,2.37,2.37
18370630,2.33,2.33,1.97,2.2
18370806,2.18,2.18,2.18,2.18
18370903,2.18,2.18,2.18,2.18
18371001,2.18,2.23,2.18,2.23
18371105,2.28,2.31,2.28,2.28
18371203,2.26,2.36,2.23,2.23
18380107,2.22,2.22,2.14,2.14
18380204,2.12,2.12,2.1,2.1
18380304,2.1,2.1,1.89,2.07
18380401,2.05,2.05,2.01,2.01
18380506,2,2.03,2,2.03
18380603,2.04,2.06,2.04,2.06
18380701,2.08,2.38,2.08,2.38
18380805,2.12,2.15,2.12,2.15
18380831,2.16,2.23,2.16,2.23
18381007,2.25,2.26,2.13,2.21
18381104,2.19,2.19,2.18,2.18
18381130,2.18,2.18,2.17,2.17
18390106,2.17,2.17,2.14,2.14
18390203,2.11,2.11,2.11,2.11
18390303,2.11,2.26,2.11,2.12
18390407,2.12,2.15,2.12,2.15
18390505,2.15,2.15,1.97,1.97
18390531,2.09,2.09,2.05,2.05
18390707,2.04,2.04,1.99,1.99
18390804,1.97,1.97,1.92,1.92
18390901,1.9,1.9,1.8,1.8
18391006,1.77,1.95,1.72,1.72
18391103,1.71,1.71,1.68,1.68
18391201,1.67,1.67,1.66,1.66
18400105,1.64,1.64,1.51,1.6
18400131,1.59,1.59,1.57,1.57
18400301,1.57,1.59,1.57,1.59
18400405,1.6,1.61,1.6,1.61
18400503,1.61,1.62,1.61,1.62
18400607,1.62,1.63,1.62,1.62
18400705,1.62,1.62,1.61,1.61
18400731,1.63,1.72,1.6,1.6
18400906,1.72,1.72,1.72,1.72
18401004,1.72,1.73,1.72,1.73
18401101,1.73,1.73,1.73,1.73
18401206,1.73,1.74,1.73,1.74
18410103,1.75,1.84,1.67,1.67
18410207,1.64,1.64,1.61,1.61
18410307,1.61,1.61,1.58,1.58
18410404,1.57,1.57,1.42,1.54
18410430,1.53,1.53,1.52,1.52
18410606,1.52,1.52,1.52,1.52
18410704,1.53,1.53,1.53,1.53
18410801,1.55,1.57,1.55,1.57
18410905,1.57,1.63,1.57,1.57
18411003,1.57,1.57,1.53,1.53
18411107,1.51,1.51,1.3,1.42
18411205,1.4,1.4,1.34,1.34
18411231,1.31,1.31,1.25,1.25
18420206,1.24,1.24,1.23,1.23
18420306,1.22,1.22,1.2,1.2
18420403,1.19,1.37,1.15,1.15
18420501,1.13,1.13,1.11,1.11
18420605,1.11,1.11,1.11,1.11
18420703,1.11,1.12,1.01,1.12
18420807,1.13,1.17,1.13,1.17
18420904,1.18,1.18,1.18,1.18
18420930,1.18,1.18,1.18,1.18
18421106,1.18,1.18,1.18,1.18
18421204,1.22,1.22,1.16,1.16
18430101,1.16,1.16,1.15,1.15
18430205,1.13,1.13,1.1,1.11
18430305,1.13,1.23,1.13,1.23
18430331,1.24,1.27,1.24,1.27
18430507,1.28,1.28,1.28,1.28
18430604,1.28,1.3,1.28,1.3
18430630,1.3,1.55,1.3,1.32
18430806,1.33,1.37,1.33,1.37
18430903,1.41,1.57,1.41,1.57
18431001,1.45,1.71,1.45,1.71
18431105,1.72,1.74,1.72,1.74
18431203,1.74,1.75,1.74,1.75
18440107,1.77,1.81,1.77,1.81
18440204,1.83,2.34,1.83,2.34
18440303,1.95,2.13,1.95,2.13
18440407,2.17,2.24,2.17,2.24
18440505,2.24,2.25,1.99,2.25
18440531,2.26,2.29,2.26,2.29
18440707,2.31,2.36,2.31,2.36
18440804,2.39,2.45,2.39,2.45
18440901,2.45,2.45,2.36,2.36
18441006,2.33,2.4,2.32,2.32
18441103,2.31,2.31,2.29,2.29
18441201,2.29,2.29,2.16,2.16
18450105,2.28,2.28,2.27,2.27
18450131,2.27,2.27,2.24,2.24
18450228,2.23,2.23,2.23,2.23
18450406,2.23,2.23,2.23,2.23
18450504,2.22,2.29,2.2,2.2
18450601,2.2,2.2,2.18,2.18
18450706,2.18,2.18,2.18,2.18
18450803,2.18,2.18,2.11,2.18
18450907,2.17,2.21,2.17,2.21
18451005,2.22,2.23,2.22,2.23
18451031,2.23,2.23,2.23,2.23
18451207,2.23,2.23,2.23,2.23
18460104,2.24,2.4,2.24,2.3
18460201,2.31,2.33,2.31,2.33
18460301,2.36,2.37,2.25,2.37
18460405,2.37,2.37,2.37,2.37
18460503,2.37,2.37,2.36,2.36
18460607,2.36,2.36,2.36,2.36
18460705,2.36,2.36,2.33,2.33
18460731,2.33,2.41,2.33,2.35
18460906,2.36,2.36,2.35,2.35
18461004,2.35,2.35,2.34,2.34
18461101,2.34,2.34,2.29,2.34
18461206,2.33,2.33,2.32,2.33
18470103,2.34,2.34,2.34,2.34
18470207,2.34,2.35,2.34,2.35
18470307,2.35,2.39,2.35,2.39
18470404,2.55,2.55,2.42,2.48
18470430,2.49,2.53,2.49,2.53
18470606,2.55,2.58,2.4,2.58
18470704,2.58,2.6,2.58,2.6
18470801,2.61,2.63,2.61,2.63
18470905,2.65,2.67,2.62,2.62
18471003,2.6,2.6,2.55,2.55
18471107,2.54,2.79,2.53,2.53
18471205,2.53,2.53,2.51,2.51
18471231,2.5,2.5,2.47,2.47
18480206,2.46,2.46,2.29,2.4
18480305,2.37,2.37,2.35,2.35
18480331,2.35,2.35,2.35,2.35
18480507,2.36,2.37,2.36,2.37
18480604,2.36,2.36,2.34,2.34
18480630,2.4,2.4,2.32,2.32
18480806,2.32,2.32,2.28,2.28
18480903,2.26,2.26,2.17,2.23
18481001,2.22,2.22,2.21,2.21
18481105,2.2,2.2,2.2,2.2
18481203,2.2,2.21,2.2,2.21
18490107,2.23,2.28,2.23,2.28
18490204,2.29,2.44,2.29,2.29
18490304,2.3,2.32,2.3,2.32
18490401,2.35,2.4,2.35,2.4
18490506,2.29,2.42,2.29,2.42
18490603,2.42,2.46,2.42,2.46
18490701,2.48,2.48,2.48,2.48
18490805,2.48,2.48,2.48,2.48
18490831,2.48,2.53,2.48,2.48
18491007,2.47,2.47,2.46,2.46
18491104,2.45,2.45,2.42,2.42
18491130,2.41,2.41,2.38,2.39
18500106,2.39,2.44,2.39,2.44
18500203,2.45,2.46,2.45,2.46
18500303,2.46,2.47,2.46,2.47
18500407,2.47,2.53,2.47,2.53
18500505,2.54,2.65,2.54,2.54
18500531,2.54,2.55,2.54,2.55
18500707,2.55,2.55,2.44,2.44
18500804,2.58,2.68,2.58,2.68
18500901,2.7,2.77,2.7,2.77
18501006,2.77,2.81,2.77,2.81
18501103,2.82,2.84,2.82,2.84
18501201,2.84,3.04,2.84,2.85
18510105,2.85,2.93,2.85,2.93
18510131,2.96,2.99,2.96,2.99
18510228,2.99,3,2.96,3
18510406,3,3.01,3,3.01
18510504,3.01,3.01,3.01,3.01
18510601,3.01,3.01,2.98,2.98
18510706,2.96,2.96,2.95,2.95
18510803,2.94,3.04,2.94,2.94
18510907,2.93,2.93,2.91,2.91
18511005,2.9,2.9,2.8,2.88
18511031,2.88,2.88,2.85,2.85
18511207,2.85,2.85,2.85,2.85
18520104,2.85,2.9,2.85,2.9
18520201,2.91,2.97,2.91,2.97
18520307,2.99,3.13,2.99,3.04
18520404,3.04,3.08,3.04,3.08
18520430,3.09,3.13,3.09,3.13
18520606,3.14,3.2,2.96,3.2
18520704,3.23,3.29,3.23,3.29
18520801,3.3,3.37,3.3,3.37
18520905,3.38,3.42,3.38,3.42
18521003,3.44,3.49,3.44,3.49
18521107,3.63,3.63,3.52,3.56
18521205,3.58,3.6,3.58,3.6
18521231,3.6,3.63,3.57,3.63
18530206,3.63,3.63,3.62,3.62
18530306,3.62,3.62,3.6,3.6
18530403,3.59,3.59,3.58,3.58
18530501,3.58,3.58,3.54,3.54
18530605,3.51,3.53,3.44,3.44
18530703,3.42,3.42,3.38,3.38
18530807,3.36,3.36,3.34,3.34
18530904,3.32,3.32,3.13,3.23
18530930,3.22,3.22,3.18,3.18
18531106,3.16,3.16,3.11,3.11
18531204,3.09,3.09,3.07,3.08
18540101,3.08,3.24,3.08,3.24
18540205,3.09,3.09,3.09,3.09
18540305,3.09,3.14,3.09,3.14
18540331,3.13,3.13,3.01,3.09
18540507,3.08,3.08,2.97,2.97
18540604,2.94,2.94,2.84,2.84
18540630,2.81,2.81,2.78,2.78
18540806,2.76,2.76,2.71,2.71
18540903,2.7,2.92,2.62,2.62
18541001,2.6,2.6,2.52,2.52
18541105,2.49,2.49,2.27,2.27
18541203,2.38,2.38,2.36,2.36
18550107,2.35,2.35,2.35,2.35
18550204,2.35,2.37,2.35,2.37
18550304,2.37,2.38,2.37,2.38
18550401,2.38,2.53,2.38,2.44
18550506,2.46,2.52,2.46,2.52
18550603,2.53,2.55,2.53,2.55
18550701,2.55,2.56,2.5,2.56
18550805,2.56,2.57,2.56,2.57
18550831,2.57,2.58,2.52,2.52
18551007,2.52,2.52,2.5,2.5
18551104,2.5,2.5,2.49,2.49
18551130,2.49,2.6,2.48,2.48
18560106,2.47,2.47,2.46,2.46
18560203,2.45,2.45,2.39,2.39
18560229,2.43,2.46,2.43,2.46
18560406,2.46,2.47,2.46,2.47
18560504,2.48,2.49,2.48,2.49
18560601,2.49,2.49,2.49,2.49
18560706,2.5,2.56,2.5,2.52
18560803,2.53,2.54,2.53,2.54
18560907,2.54,2.6,2.54,2.6
18561005,2.61,2.63,2.52,2.63
18561031,2.64,2.66,2.64,2.66
18561207,2.67,2.68,2.67,2.68
18570104,2.68,2.69,2.68,2.69
18570201,2.69,2.7,2.69,2.7
18570301,2.68,2.76,2.64,2.64
18570405,2.62,2.62,2.55,2.55
18570503,2.53,2.53,2.32,2.49
18570607,2.48,2.48,2.4,2.4
18570705,2.36,2.36,2.2,2.2
18570731,2.15,2.15,1.92,1.92
18570906,1.87,1.87,1.82,1.82
18571004,1.81,2.25,1.77,1.77
18571101,1.77,1.77,1.75,1.75
18571206,1.74,1.74,1.67,1.67
18580103,1.66,1.66,1.4,1.66
18580207,1.67,1.71,1.67,1.71
18580307,1.75,1.85,1.75,1.85
18580404,1.86,1.88,1.86,1.88
18580430,1.87,1.87,1.87,1.87
18580606,1.96,1.96,1.86,1.86
18580704,1.85,1.85,1.82,1.82
18580801,1.81,1.81,1.75,1.79
18580905,1.79,1.79,1.76,1.76
18581003,1.76,1.76,1.76,1.76
18581107,1.76,1.77,1.76,1.77
18581205,1.77,1.77,1.75,1.75
18581231,1.75,1.79,1.74,1.74
18590206,1.74,1.74,1.71,1.71
18590306,1.7,1.7,1.62,1.62
18590403,1.52,1.61,1.52,1.59
18590501,1.59,1.59,1.57,1.57
18590605,1.57,1.57,1.56,1.56
18590703,1.55,1.55,1.54,1.54
18590807,1.54,1.58,1.53,1.58
18590904,1.52,1.52,1.52,1.52
18590930,1.53,1.54,1.53,1.54
18591106,1.55,1.56,1.53,1.56
18591204,1.56,1.56,1.55,1.55
18600101,1.56,1.59,1.56,1.59
18600205,1.61,1.65,1.61,1.65
18600304,1.66,1.69,1.66,1.69
18600401,1.7,1.89,1.7,1.72
18600506,1.74,1.78,1.74,1.78
18600603,1.81,1.92,1.61,1.61
18600701,1.96,2.03,1.96,2.03
18600805,2.05,2.1,2.05,2.1
18600831,2.12,2.16,2.12,2.16
18601007,2.17,2.17,2.13,2.13
18601104,2.13,2.39,2.12,2.12
18601130,2.12,2.12,2.11,2.11
18610106,2.11,2.11,2.08,2.08
18610203,2.07,2.07,1.87,2.01
18610303,2,2,2,2
18610407,1.99,1.99,1.98,1.98
18610505,1.98,1.98,1.97,1.97
18610531,1.97,1.97,1.97,1.97
18610707,1.96,2.08,1.93,1.93
18610804,1.95,1.98,1.95,1.98
18610901,1.99,2.02,1.88,2.02
18611006,2.02,2.06,2.02,2.06
18611103,2.07,2.11,2.07,2.11
18611201,2.12,2.15,2.12,2.15
18620105,2.16,2.2,2.16,2.2
18620131,2.21,2.32,2.21,2.21
18620228,2.24,2.31,2.24,2.31
18620406,2.32,2.38,2.32,2.38
18620504,2.41,2.45,2.27,2.45
18620601,2.46,2.52,2.46,2.52
18620706,2.56,2.64,2.56,2.64
18620803,2.68,2.81,2.68,2.81
18620907,2.84,2.89,2.84,2.89
18621005,3.26,3.26,2.89,2.9
18621031,2.91,3.08,2.91,3.08
18621207,3.12,3.24,2.79,3.24
18630104,3.29,3.44,3.29,3.44
18630201,3.46,3.47,3.46,3.47
18630301,3.49,3.58,3.49,3.58
18630405,3.59,3.68,3.59,3.68
18630503,3.76,4.12,3.76,3.94
18630607,3.99,4.12,3.99,4.12
18630705,4.14,4.17,4.14,4.17
18630731,4.18,4.22,3.94,4.22
18630906,4.25,4.38,4.25,4.38
18631004,4.39,4.41,4.39,4.41
18631101,4.42,4.51,4.42,4.51
18631206,4.55,4.55,4.55,4.55
18640103,4.65,4.65,4.55,4.55
18640207,4.56,4.58,4.56,4.58
18640306,4.58,4.59,4.47,4.59
18640403,4.6,4.61,4.6,4.6
18640501,4.59,4.59,4.57,4.57
18640605,4.57,4.57,4.56,4.56
18640703,4.55,4.55,4.52,4.52
18640807,4.5,4.57,4.34,4.34
18640904,4.29,4.29,4.24,4.24
18640930,4.24,4.24,4.22,4.22
18641106,4.05,4.22,4.05,4.2
18641204,4.2,4.2,4.19,4.19
18650101,4.19,4.19,4.05,4.05
18650205,4.02,4.02,4,4
18650305,3.99,4.29,3.98,3.98
18650331,3.98,3.98,3.97,3.97
18650507,3.96,3.96,3.93,3.93
18650604,3.91,3.92,3.71,3.92
18650630,3.93,4.02,3.93,4.02
18650806,4.05,4.17,4.05,4.17
18650903,4.19,4.21,4.19,4.21
18651001,4.22,4.31,4.22,4.31
18651105,4.34,4.55,4.34,4.35
18651203,4.36,4.4,4.36,4.4
18660107,4.38,4.38,4.19,4.19
18660204,4.36,4.36,4.35,4.35
18660304,4.34,4.34,4.32,4.32
18660401,4.32,4.32,4.29,4.29
18660506,4.28,4.28,4.26,4.28
18660603,4.3,4.47,4.3,4.35
18660701,4.37,4.42,4.37,4.42
18660805,4.46,4.54,4.46,4.54
18660831,4.55,4.57,4.29,4.57
18661007,4.58,4.64,4.58,4.64
18661104,4.66,4.67,4.62,4.62
18661130,4.59,4.59,4.57,4.57
18670106,4.56,4.56,4.54,4.54
18670203,4.53,4.76,4.49,4.49
18670303,4.46,4.46,4.37,4.37
18670407,4.35,4.35,4.21,4.28
18670505,4.28,4.34,4.28,4.34
18670531,4.34,4.36,4.34,4.36
18670707,4.36,4.37,4.36,4.37
18670804,4.38,4.39,4.38,4.39
18670901,4.42,4.66,4.42,4.51
18671006,4.53,4.61,4.53,4.61
18671103,4.61,4.66,4.61,4.66
18671201,4.68,4.72,4.53,4.72
18680105,4.74,4.78,4.74,4.78
18680131,4.79,4.85,4.79,4.85
18680301,4.85,4.88,4.85,4.88
18680405,4.9,4.98,4.9,4.98
18680503,5.12,5.12,5.01,5.04
18680607,5.04,5.04,5.04,5.04
18680705,5.05,5.06,4.95,5.06
18680731,5.07,5.11,5.07,5.11
18680906,5.12,5.14,5.12,5.13
18681004,5.12,5.12,5.09,5.09
18681101,5.09,5.17,5.09,5.17
18681206,5.18,5.38,5.18,5.21
18690103,5.21,5.22,5.21,5.22
18690207,5.23,5.25,5.23,5.25
18690307,5.25,5.28,5.07,5.28
18690404,5.28,5.28,5.27,5.27
18690430,5.27,5.27,5.26,5.26
18690606,5.26,5.26,5.26,5.26
18690704,5.26,5.4,5.21,5.4
18690801,5.19,5.19,5.16,5.16
18690905,5.16,5.16,5.07,5.07
18691003,5.04,5.04,4.61,4.96
18691107,4.95,4.95,4.92,4.92
18691205,4.91,4.91,4.77,4.77
18691231,4.71,4.71,4.61,4.61
18700206,4.6,4.6,4.56,4.56
18700306,4.54,4.61,4.53,4.56
18700403,4.57,4.6,4.57,4.6
18700501,4.61,4.62,4.49,4.49
18700605,4.63,4.64,4.63,4.64
18700703,4.64,4.64,4.64,4.64
18700807,4.64,4.64,4.63,4.63
18700904,4.63,4.63,4.62,4.62
18700930,4.61,4.66,4.58,4.58
18701106,4.57,4.57,4.55,4.56
18701204,4.56,4.59,4.56,4.59
18710101,4.61,4.66,4.61,4.66
18710205,4.68,4.73,4.68,4.73
18710305,4.75,4.8,4.75,4.8
18710331,4.81,4.82,4.81,4.82
18710507,4.83,4.86,4.83,4.86
18710604,4.88,5.01,4.88,4.91
18710630,4.92,4.96,4.92,4.96
18710806,4.96,4.96,4.9,4.9
18710903,4.91,4.91,4.88,4.88
18711001,4.88,4.88,4.88,4.88
18711105,4.88,4.88,4.87,4.87
18711203,4.87,4.9,4.87,4.9
18720107,4.92,5.16,4.92,4.97
18720204,5,5.05,5,5.05
18720303,5.07,5.13,5.07,5.13
18720407,5.15,5.2,4.97,5.2
18720505,5.21,5.24,5.21,5.24
18720531,5.25,5.3,5.25,5.3
18720707,5.31,5.31,5.28,5.28
18720804,5.27,5.27,5.25,5.25
18720901,5.23,5.28,5.21,5.21
18721006,5.2,5.2,5.18,5.18
18721103,5.18,5.19,5.16,5.19
18721201,5.19,5.21,5.19,5.21
18730105,5.21,5.23,5.21,5.23
18730131,5.23,5.25,5.23,5.25
18730228,5.26,5.29,5.26,5.29
18730406,5.28,5.3,5.27,5.27
18730504,5.27,5.27,5.25,5.25
18730601,5.24,5.24,5.21,5.21
18730706,5.17,5.17,4.98,4.98
18730803,4.93,4.93,4.78,4.78
18730907,4.76,4.76,4.67,4.67
18731005,4.66,4.66,4.64,4.64
18731031,4.64,4.64,4.62,4.62
18731207,5.06,5.06,4.53,4.53
18740104,4.54,4.55,4.54,4.55
18740201,4.56,4.57,4.22,4.57
18740301,4.58,4.72,4.58,4.72
18740405,4.78,4.82,4.78,4.81
18740503,4.8,4.8,4.79,4.79
18740607,4.78,4.78,4.75,4.75
18740705,4.73,4.76,4.69,4.69
18740731,4.67,4.67,4.65,4.66
18740906,4.66,4.67,4.66,4.67
18741004,4.66,4.68,4.66,4.68
18741101,4.68,4.69,4.68,4.69
18741206,4.69,4.71,4.69,4.71
18750103,4.71,4.71,4.71,4.71
18750207,4.71,4.75,4.71,4.75
18750307,4.74,4.75,4.74,4.74
18750404,4.73,4.73,4.7,4.7
18750430,4.69,4.69,4.59,4.68
18750606,4.67,4.67,4.67,4.67
18750704,4.66,4.66,4.65,4.65
18750801,4.64,4.64,4.59,4.59
18750905,4.57,4.57,4.52,4.52
18751003,4.52,4.54,4.51,4.51
18751107,4.51,4.52,4.5,4.52
18751205,4.52,4.55,4.49,4.49
18751231,4.55,4.58,4.55,4.58
18760206,4.58,4.6,4.58,4.6
18760305,4.6,4.6,4.53,4.53
18760331,4.52,4.52,4.5,4.5
18760507,4.5,4.64,4.47,4.47
18760604,4.45,4.45,4.37,4.37
18760630,4.34,4.34,4.22,4.22
18760806,4.18,4.18,3.88,4.1
18760903,4.08,4.08,4.01,4.01
18761001,4,4,3.97,3.97
18761105,3.96,3.96,3.88,3.88
18761203,3.84,3.84,3.7,3.7
18770107,3.65,3.77,3.55,3.55
18770204,3.52,3.52,3.39,3.39
18770304,3.38,3.38,3.08,3.35
18770401,3.33,3.33,3.25,3.25
18770506,3.23,3.23,3.16,3.16
18770603,3.14,3.14,3.08,3.08
18770701,3.06,3.06,3.04,3.06
18770805,3.07,3.36,3.07,3.1
18770831,3.1,3.12,3.1,3.12
18771007,3.13,3.16,3.13,3.16
18771104,3.18,3.25,2.97,3.25
18771130,3.27,3.33,3.27,3.33
18780106,3.36,3.36,3.35,3.35
18780203,3.35,3.36,3.34,3.36
18780303,3.36,3.37,3.36,3.37
18780407,3.44,3.44,3.38,3.4
18780505,3.42,3.45,3.42,3.45
18780531,3.46,3.48,3.37,3.48
18780707,3.49,3.52,3.49,3.52
18780804,3.54,3.56,3.54,3.56
18780901,3.56,3.6,3.56,3.6
18781006,3.6,3.61,3.6,3.61
18781103,3.61,3.62,3.61,3.62
18781201,3.64,3.68,3.64,3.68
18790105,3.69,3.69,3.69,3.69
18790131,3.69,3.72,3.59,3.72
18790228,3.75,3.82,3.75,3.82
18790406,3.82,3.87,3.82,3.87
18790504,3.9,3.96,3.9,3.96
18790601,3.97,4,3.97,4
18790706,4.22,4.22,4.02,4.13
18790803,4.2,4.4,4.2,4.4
18790907,4.47,4.59,4.16,4.59
18791005,4.6,4.64,4.6,4.64
18791031,4.65,4.72,4.65,4.72
18791207,4.74,4.83,4.74,4.83
18800104,4.86,5,4.86,5
18800201,5.06,5.42,5.06,5.23
18800307,5.27,5.3,5.24,5.24
18800404,5.23,5.23,5.21,5.21
18800430,4.99,5.21,4.99,5.2
18800606,5.2,5.2,5.19,5.19
18800704,5.18,5.18,5.16,5.16
18800801,5.16,5.23,5.16,5.23
18800905,5.27,5.82,5.27,5.4
18801003,5.43,5.59,5.43,5.59
18801107,5.65,5.82,5.65,5.82
18801205,5.85,5.88,5.42,5.88
18801231,5.88,5.93,5.88,5.93
18810206,5.96,6.08,5.96,6.08
18810306,6.14,6.36,6.14,6.36
18810403,6.4,6.54,6.4,6.54
18810501,6.59,6.74,6.59,6.61
18810605,6.62,6.64,6.62,6.64
18810703,6.64,6.64,6.5,6.5
18810807,6.63,6.63,6.62,6.62
18810904,6.61,6.61,6.58,6.58
18810930,6.56,6.56,6.45,6.45
18811106,6.41,6.41,6.34,6.34
18811204,6.32,6.39,6.25,6.25
18820101,6.23,6.23,6.2,6.2
18820205,6.2,6.2,6.18,6.18
18820305,6.17,6.17,6.03,6.09
18820331,6.06,6.06,6.01,6.01
18820507,5.99,6.05,5.99,6.05
18820604,6.08,6.12,6.08,6.12
18820630,6.12,6.14,6.12,6.14
18820806,6.15,6.4,6.15,6.17
18820903,6.17,6.2,6.17,6.2
18821001,6.21,6.25,6.08,6.25
18821105,6.24,6.24,6.23,6.23
18821203,6.22,6.22,6.18,6.18
18830107,6.16,6.16,6.1,6.1
18830204,6.08,6.08,5.99,5.99
18830304,5.96,6.03,5.96,5.98
18830401,5.98,5.99,5.98,5.99
18830506,6,6.01,6,6.01
18830603,6.01,6.01,5.9,5.9
18830701,5.89,5.89,5.87,5.87
18830805,5.86,5.86,5.83,5.83
18830831,5.82,5.82,5.78,5.78
18831007,5.77,5.77,5.73,5.73
18831104,5.86,5.86,5.59,5.59
18831130,5.56,5.56,5.53,5.53
18840106,5.51,5.51,5.41,5.51
18840203,5.5,5.5,5.48,5.48
18840229,5.42,5.42,5.18,5.18
18840406,5.15,5.15,5.07,5.07
18840504,5.06,5.06,5.03,5.03
18840601,5.03,5.42,5.01,5.01
18840706,5,5,4.95,4.95
18840803,4.92,4.92,4.82,4.82
18840907,4.78,4.78,4.65,4.74
18841005,4.73,4.73,4.71,4.71
18841031,4.71,4.71,4.66,4.66
18841207,4.64,4.64,4.59,4.59
18850104,4.56,4.56,4.5,4.56
18850201,4.55,4.55,4.37,4.37
18850220,4.37,4.45,4.37,4.45
18850227,4.51,4.58,4.43,4.45
18850306,4.45,4.49,4.4,4.49
18850313,4.5,4.53,4.46,4.48
18850320,4.46,4.46,4.26,4.26
18850327,4.3,4.32,4.25,4.32
18850403,4.27,4.29,4.27,4.29
18850410,4.29,4.38,4.23,4.38
18850417,4.38,4.47,4.38,4.38
18850424,4.4,4.41,4.39,4.39
18850501,4.39,4.42,4.38,4.38
18850508,4.27,4.34,4.25,4.34
18850515,4.29,4.33,4.27,4.33
18850522,4.33,4.39,4.31,4.39
18850531,4.33,4.35,4.28,4.28
18850605,4.26,4.31,4.25,4.26
18850612,4.24,4.33,4.24,4.33
18850619,4.36,4.44,4.35,4.44
18850626,4.38,4.42,4.34,4.34
18850705,4.29,4.29,4.22,4.27
18850710,4.27,4.42,4.25,4.42
18850717,4.48,4.66,4.48,4.66
18850724,4.59,4.73,4.59,4.6
18850731,4.62,4.68,4.62,4.66
18850809,4.64,4.71,4.64,4.71
18850814,4.73,4.86,4.72,4.86
18850821,4.95,4.95,4.84,4.9
18850828,4.85,4.88,4.77,4.77
18850904,4.78,4.78,4.7,4.7
18850911,4.6,4.65,4.6,4.64
18850918,4.7,4.78,4.68,4.78
18850925,4.72,4.74,4.69,4.69
18851002,4.76,4.82,4.73,4.82
18851009,4.87,5.05,4.87,5.05
18851016,5.05,5.2,5.05,5.2
18851023,5.25,5.31,5.21,5.26
18851030,5.18,5.38,5.18,5.38
18851106,5.37,5.42,5.33,5.42
18851113,5.38,5.55,5.38,5.5
18851120,5.54,5.68,5.54,5.56
18851127,5.48,5.63,5.48,5.55
18851204,5.52,5.57,5.47,5.57
18851211,5.5,5.51,5.33,5.33
18851218,5.29,5.47,5.29,5.43
18851225,5.39,5.47,5.29,5.47
18860101,5.42,5.52,5.42,5.5
18860108,5.51,5.51,5.43,5.45
18860115,5.4,5.4,5.21,5.21
18860122,5.16,5.24,5.13,5.13
18860129,5.12,5.27,5.12,5.27
18860205,5.34,5.43,5.34,5.37
18860212,5.48,5.54,5.46,5.54
18860219,5.5,5.52,5.35,5.35
18860226,5.38,5.38,5.34,5.34
18860305,5.33,5.42,5.33,5.38
18860312,5.36,5.36,5.26,5.26
18860319,5.29,5.29,5.21,5.25
18860326,5.23,5.23,5.09,5.14
18860402,5.12,5.22,5.12,5.13
18860409,5.14,5.2,5.14,5.2
18860416,5.28,5.28,5.13,5.14
18860423,5.13,5.19,5.13,5.18
18860430,5.17,5.17,5.01,5.01
18860507,4.93,5.07,4.93,5.07
18860514,5.08,5.13,5.05,5.06
18860521,5.08,5.16,5.03,5.16
18860528,5.14,5.26,5.14,5.26
18860604,5.29,5.29,5.22,5.23
18860611,5.25,5.3,5.24,5.29
18860618,5.31,5.46,5.31,5.46
18860625,5.41,5.44,5.36,5.41
18860702,5.39,5.45,5.35,5.45
18860709,5.37,5.4,5.36,5.37
18860716,5.3,5.39,5.3,5.39
18860723,5.36,5.41,5.36,5.4
18860730,5.43,5.5,5.43,5.5
18860806,5.54,5.56,5.51,5.52
18860813,5.49,5.52,5.47,5.47
18860820,5.44,5.45,5.33,5.45
18860827,5.42,5.44,5.4,5.44
18860903,5.43,5.5,5.4,5.49
18860910,5.52,5.57,5.51,5.57
18860917,5.59,5.69,5.59,5.69
18860924,5.73,5.76,5.73,5.76
18861001,5.7,5.79,5.69,5.71
18861008,5.74,5.79,5.74,5.74
18861015,5.71,5.81,5.68,5.81
18861022,5.79,5.81,5.77,5.79
18861029,5.76,5.86,5.76,5.86
18861105,5.88,5.9,5.84,5.87
18861112,5.85,5.89,5.85,5.87
18861119,5.89,5.92,5.89,5.9
18861126,5.9,5.91,5.88,5.91
18861203,5.96,6.01,5.9,5.99
18861210,5.98,5.98,5.84,5.84
18861217,5.78,5.78,5.57,5.65
18861226,5.52,5.61,5.52,5.6
18870102,5.54,5.75,5.54,5.75
18870107,5.73,5.73,5.62,5.63
18870114,5.65,5.69,5.63,5.69
18870121,5.67,5.71,5.65,5.66
18870128,5.52,5.62,5.52,5.56
18870204,5.53,5.62,5.5,5.62
18870211,5.61,5.72,5.61,5.7
18870218,5.66,5.67,5.53,5.67
18870225,5.66,5.75,5.66,5.7
18870304,5.67,5.72,5.64,5.69
18870311,5.73,5.73,5.67,5.67
18870318,5.64,5.7,5.64,5.7
18870325,5.68,5.75,5.68,5.75
18870401,5.78,5.8,5.77,5.8
18870408,5.81,5.86,5.81,5.86
18870415,5.83,5.84,5.8,5.83
18870422,5.83,5.85,5.82,5.83
18870429,5.84,5.84,5.79,5.84
18870506,5.81,5.84,5.8,5.8
18870513,5.8,5.89,5.8,5.88
18870520,5.9,5.95,5.9,5.93
18870527,5.88,5.9,5.87,5.88
18870603,5.9,5.9,5.85,5.88
18870610,5.88,5.88,5.83,5.83
18870617,5.79,5.8,5.75,5.79
18870624,5.79,5.79,5.62,5.62
18870703,5.53,5.7,5.53,5.65
18870708,5.6,5.6,5.53,5.55
18870715,5.55,5.55,5.45,5.54
18870722,5.55,5.56,5.5,5.54
18870729,5.51,5.51,5.26,5.26
18870805,5.33,5.46,5.25,5.44
18870812,5.39,5.46,5.39,5.46
18870819,5.46,5.46,5.39,5.39
18870826,5.35,5.36,5.25,5.28
18870902,5.29,5.51,5.18,5.51
18870909,5.49,5.49,5.4,5.41
18870916,5.38,5.4,5.3,5.3
18870923,5.18,5.26,5.18,5.21
18870930,5.22,5.31,5.22,5.31
18871007,5.24,5.26,5.17,5.17
18871014,5.11,5.12,4.94,4.94
18871021,4.97,5.11,4.97,5.08
18871028,4.99,5.09,4.99,5.07
18871104,5.03,5.2,5.03,5.17
18871111,5.17,5.21,5.14,5.21
18871118,5.27,5.38,5.27,5.35
18871125,5.33,5.39,5.33,5.36
18871202,5.29,5.29,5.24,5.29
18871209,5.34,5.34,5.21,5.22
18871216,5.15,5.2,5.13,5.2
18871225,5.17,5.24,5.16,5.24
18880101,5.26,5.28,5.24,5.26
18880106,5.25,5.28,5.23,5.28
18880113,5.32,5.32,5.27,5.29
18880120,5.29,5.29,5.21,5.23
18880127,5.2,5.31,5.19,5.31
18880203,5.31,5.31,5.21,5.21
18880210,5.22,5.22,5.18,5.2
18880217,5.19,5.27,5.19,5.27
18880224,5.24,5.26,5.23,5.23
18880302,5.18,5.2,5.16,5.16
18880309,5.11,5.14,5.09,5.11
18880316,5.11,5.12,5.04,5.04
18880323,5.11,5.11,4.96,4.98
18880330,4.97,4.97,4.84,4.84
18880406,4.8,5.02,4.8,5
18880413,4.97,4.98,4.92,4.97
18880420,4.99,5.09,4.99,5.09
18880427,5.11,5.26,5.11,5.26
18880504,5.3,5.33,5.22,5.22
18880511,5.19,5.19,5.12,5.14
18880518,5.14,5.15,5.12,5.15
18880525,5.15,5.15,5.04,5.04
18880601,5.01,5.04,5.01,5.01
18880608,5.04,5.06,5.01,5.01
18880615,4.94,5.01,4.92,5.01
18880622,5.03,5.05,5,5.05
18880629,4.99,5.04,4.99,5.01
18880706,5,5.1,5,5.1
18880713,5.08,5.28,5.08,5.28
18880720,5.23,5.29,5.23,5.27
18880727,5.3,5.35,5.25,5.31
18880803,5.34,5.39,5.34,5.39
18880810,5.45,5.49,5.45,5.48
18880817,5.48,5.48,5.35,5.35
18880824,5.41,5.46,5.41,5.46
18880902,5.49,5.52,5.49,5.5
18880907,5.57,5.58,5.55,5.58
18880914,5.56,5.58,5.39,5.39
18880921,5.41,5.53,5.41,5.46
18880928,5.43,5.6,5.43,5.6
18881005,5.62,5.62,5.5,5.5
18881012,5.5,5.55,5.5,5.54
18881019,5.49,5.54,5.49,5.52
18881026,5.48,5.51,5.47,5.49
18881102,5.44,5.51,5.44,5.49
18881109,5.52,5.54,5.51,5.51
18881116,5.46,5.46,5.41,5.46
18881123,5.4,5.43,5.35,5.39
18881130,5.34,5.39,5.33,5.33
18881207,5.27,5.3,5.22,5.27
18881214,5.25,5.34,5.25,5.3
18881221,5.37,5.43,5.34,5.43
18881228,5.53,5.53,5.49,5.49
18890104,5.52,5.52,5.46,5.46
18890111,5.47,5.53,5.45,5.53
18890118,5.56,5.56,5.48,5.48
18890125,5.51,5.51,5.47,5.48
18890201,5.5,5.6,5.5,5.59
18890208,5.57,5.6,5.55,5.55
18890215,5.59,5.6,5.57,5.6
18890222,5.6,5.6,5.53,5.55
18890301,5.53,5.57,5.53,5.57
18890308,5.59,5.59,5.46,5.46
18890315,5.49,5.49,5.39,5.41
18890322,5.33,5.43,5.33,5.41
18890329,5.39,5.41,5.35,5.36
18890405,5.37,5.47,5.37,5.47
18890412,5.43,5.51,5.43,5.51
18890419,5.49,5.49,5.48,5.49
18890426,5.5,5.54,5.47,5.54
18890503,5.56,5.58,5.56,5.57
18890510,5.58,5.58,5.54,5.55
18890517,5.58,5.63,5.57,5.63
18890524,5.64,5.74,5.64,5.74
18890531,5.74,5.77,5.74,5.75
18890607,5.76,5.79,5.75,5.78
18890614,5.8,5.83,5.79,5.79
18890621,5.79,5.83,5.77,5.77
18890628,5.75,5.75,5.7,5.7
18890705,5.72,5.72,5.6,5.6
18890712,5.56,5.65,5.56,5.61
18890719,5.61,5.61,5.51,5.51
18890726,5.51,5.58,5.51,5.57
18890802,5.57,5.62,5.57,5.62
18890809,5.67,5.73,5.67,5.73
18890816,5.75,5.75,5.74,5.75
18890823,5.73,5.74,5.67,5.68
18890830,5.74,5.84,5.74,5.84
18890906,5.88,5.95,5.87,5.95
18890913,5.96,5.98,5.93,5.95
18890920,5.9,5.93,5.9,5.92
18890927,5.92,5.95,5.89,5.95
18891004,5.95,5.95,5.87,5.87
18891011,5.83,5.88,5.83,5.87
18891018,5.89,5.89,5.8,5.8
18891025,5.74,5.87,5.74,5.87
18891101,5.83,5.84,5.8,5.81
18891108,5.81,5.86,5.81,5.82
18891115,5.79,5.92,5.79,5.92
18891122,5.91,5.91,5.88,5.9
18891129,5.9,5.9,5.76,5.76
18891206,5.75,5.86,5.75,5.86
18891213,5.85,5.87,5.83,5.86
18891220,5.87,5.9,5.86,5.9
18891227,5.88,5.88,5.81,5.81
18900103,5.78,5.92,5.78,5.92
18900110,5.92,5.92,5.88,5.91
18900117,5.86,5.86,5.84,5.84
18900124,5.86,5.92,5.86,5.92
18900131,5.94,5.96,5.93,5.94
18900207,5.9,5.93,5.9,5.92
18900214,5.89,5.89,5.83,5.83
18900223,5.81,5.83,5.79,5.79
18900228,5.79,5.79,5.75,5.75
18900307,5.76,5.79,5.74,5.78
18900314,5.77,5.84,5.77,5.82
18900321,5.83,5.83,5.78,5.81
18900328,5.82,5.82,5.79,5.79
18900404,5.79,5.83,5.79,5.82
18900411,5.81,5.82,5.76,5.77
18900418,5.8,5.88,5.8,5.88
18900425,5.92,6.05,5.92,6.05
18900502,6.09,6.16,6.09,6.14
18900509,6.21,6.25,6.18,6.25
18900516,6.23,6.33,6.23,6.33
18900523,6.34,6.34,6.28,6.34
18900530,6.34,6.34,6.27,6.28
18900606,6.22,6.37,6.22,6.3
18900613,6.32,6.32,6.24,6.24
18900620,6.23,6.23,6.12,6.12
18900627,6.13,6.16,6.08,6.11
18900706,6.15,6.15,6.13,6.14
18900711,6.11,6.14,6.08,6.13
18900718,6.15,6.17,6.13,6.14
18900725,6.12,6.16,6.12,6.13
18900801,6.08,6.12,6.06,6.07
18900808,6.03,6.03,5.92,5.92
18900815,5.86,6.05,5.86,6.05
18900822,5.99,5.99,5.83,5.89
18900829,5.92,6.01,5.92,6
18900905,6.01,6.01,5.92,5.92
18900912,5.92,5.96,5.8,5.8
18900919,5.76,5.9,5.76,5.87
18900926,5.78,5.82,5.74,5.74
18901003,5.74,5.76,5.6,5.6
18901010,5.59,5.61,5.49,5.58
18901017,5.57,5.61,5.47,5.61
18901024,5.56,5.62,5.5,5.5
18901031,5.52,5.52,5.45,5.47
18901107,5.5,5.5,5.22,5.22
18901114,5,5.14,4.84,4.84
18901121,4.92,5.12,4.81,5.12
18901128,5.2,5.2,5.12,5.14
18901205,4.97,5.05,4.75,4.75
18901212,4.72,4.97,4.72,4.96
18901219,4.97,4.98,4.91,4.96
18901226,4.94,4.94,4.89,4.92
18910102,5.01,5.12,4.99,5.12
18910109,5.14,5.31,5.14,5.31
18910116,5.28,5.38,5.27,5.31
18910123,5.29,5.29,5.19,5.19
18910130,5.12,5.23,5.12,5.21
18910206,5.29,5.37,5.28,5.37
18910213,5.4,5.4,5.3,5.32
18910220,5.36,5.36,5.3,5.32
18910227,5.31,5.34,5.3,5.31
18910306,5.29,5.32,5.16,5.16
18910313,5.19,5.25,5.17,5.25
18910320,5.29,5.29,5.19,5.2
18910327,5.24,5.24,5.22,5.23
18910403,5.3,5.3,5.26,5.3
18910410,5.35,5.42,5.34,5.41
18910417,5.4,5.42,5.38,5.42
18910424,5.5,5.59,5.48,5.59
18910501,5.54,5.61,5.54,5.58
18910508,5.55,5.55,5.38,5.38
18910515,5.41,5.41,5.31,5.31
18910522,5.25,5.42,5.24,5.42
18910531,5.4,5.4,5.35,5.35
18910605,5.28,5.3,5.26,5.29
18910612,5.26,5.32,5.23,5.32
18910619,5.33,5.33,5.28,5.29
18910626,5.24,5.24,5.11,5.11
18910705,5.09,5.21,5.09,5.21
18910710,5.25,5.29,5.25,5.29
18910717,5.28,5.28,5.2,5.2
18910724,5.17,5.18,5.12,5.12
18910731,5.07,5.09,4.99,5.08
18910807,5.1,5.11,5.05,5.11
18910814,5.08,5.22,5.07,5.22
18910821,5.33,5.35,5.33,5.35
18910828,5.39,5.62,5.39,5.62
18910904,5.68,5.72,5.58,5.72
18910911,5.74,5.75,5.72,5.72
18910918,5.73,5.9,5.73,5.9
18910925,5.95,5.95,5.75,5.85
18911002,5.83,5.83,5.64,5.82
18911009,5.81,5.81,5.76,5.77
18911016,5.71,5.76,5.67,5.75
18911023,5.73,5.8,5.73,5.79
18911030,5.78,5.78,5.69,5.72
18911106,5.7,5.7,5.57,5.58
18911113,5.48,5.65,5.48,5.65
18911120,5.62,5.72,5.62,5.72
18911127,5.69,5.72,5.69,5.71
18911204,5.72,5.72,5.67,5.7
18911211,5.68,5.75,5.68,5.7
18911218,5.72,5.81,5.72,5.81
18911227,5.81,5.92,5.81,5.92
18920101,5.95,5.96,5.9,5.96
18920108,5.97,5.97,5.92,5.93
18920115,5.91,5.96,5.9,5.9
18920122,5.83,5.89,5.75,5.87
18920129,5.81,5.95,5.81,5.89
18920205,5.86,5.93,5.85,5.93
18920212,6.01,6.03,5.96,6.03
18920219,6.12,6.12,5.97,5.97
18920226,6.02,6.02,5.96,6.01
18920304,6.09,6.15,6.06,6.08
18920311,6.06,6.12,6.03,6.1
18920318,6.09,6.09,6.04,6.06
18920325,6.01,6.05,5.96,5.96
18920401,5.95,6,5.85,5.85
18920408,5.9,5.99,5.9,5.96
18920415,6,6.06,5.98,6.06
18920422,6.08,6.08,5.96,5.96
18920429,5.95,5.97,5.92,5.96
18920506,5.96,5.97,5.93,5.97
18920513,6,6,5.86,5.86
18920520,5.91,5.91,5.79,5.81
18920527,5.85,5.86,5.81,5.86
18920603,5.84,5.84,5.79,5.79
18920610,5.75,5.8,5.71,5.8
18920617,5.85,5.88,5.81,5.82
18920624,5.81,5.87,5.81,5.85
18920703,5.85,5.85,5.83,5.83
18920708,5.71,5.76,5.69,5.76
18920715,5.73,5.77,5.73,5.75
18920722,5.75,5.82,5.75,5.81
18920729,5.8,5.93,5.8,5.91
18920805,5.93,5.93,5.88,5.89
18920812,5.87,5.89,5.84,5.84
18920819,5.85,5.88,5.81,5.81
18920826,5.9,5.91,5.85,5.85
18920902,5.81,5.83,5.65,5.66
18920909,5.66,5.71,5.66,5.68
18920916,5.61,5.61,5.52,5.58
18920923,5.63,5.67,5.6,5.65
18920930,5.69,5.69,5.65,5.65
18921007,5.7,5.75,5.7,5.72
18921014,5.73,5.8,5.73,5.8
18921023,5.77,5.77,5.75,5.76
18921028,5.79,5.79,5.75,5.76
18921104,5.79,5.83,5.75,5.77
18921111,5.78,5.78,5.75,5.75
18921118,5.69,5.72,5.67,5.67
18921125,5.63,5.64,5.54,5.54
18921202,5.55,5.55,5.48,5.53
18921209,5.57,5.61,5.53,5.61
18921216,5.58,5.59,5.46,5.46
18921223,5.43,5.5,5.43,5.44
18921230,5.46,5.53,5.46,5.53
18930106,5.49,5.49,5.45,5.49
18930113,5.51,5.63,5.51,5.63
18930120,5.68,5.75,5.65,5.75
18930127,5.72,5.72,5.7,5.71
18930203,5.63,5.69,5.63,5.69
18930210,5.63,5.64,5.56,5.58
18930217,5.59,5.59,5.49,5.49
18930224,5.38,5.39,5.26,5.27
18930303,5.22,5.33,5.22,5.26
18930310,5.19,5.25,5.19,5.19
18930317,5.2,5.2,5.1,5.18
18930324,5.14,5.28,5.14,5.28
18930331,5.26,5.34,5.24,5.34
18930407,5.34,5.38,5.29,5.36
18930414,5.33,5.33,5.21,5.21
18930421,5.16,5.2,5.09,5.1
18930428,5.14,5.19,5.13,5.13
18930505,5.02,5.02,4.8,4.87
18930512,4.94,4.94,4.59,4.59
18930519,4.6,4.86,4.6,4.84
18930526,4.8,4.8,4.71,4.71
18930602,4.66,4.67,4.55,4.57
18930609,4.59,4.74,4.56,4.74
18930616,4.67,4.67,4.63,4.66
18930623,4.65,4.66,4.58,4.58
18930630,4.51,4.58,4.45,4.54
18930707,4.53,4.53,4.44,4.47
18930714,4.41,4.41,4.23,4.29
18930721,4.19,4.19,3.98,3.99
18930728,3.94,3.94,3.53,3.65
18930804,3.68,4.02,3.68,4
18930811,3.92,3.96,3.85,3.92
18930818,3.84,3.84,3.78,3.81
18930825,3.88,3.96,3.85,3.96
18930901,3.99,4.23,3.99,4.23
18930908,4.32,4.35,4.23,4.35
18930915,4.39,4.39,4.3,4.3
18930922,4.28,4.3,4.26,4.26
18930929,4.17,4.26,4.08,4.25
18931006,4.22,4.27,4.21,4.27
18931013,4.28,4.28,4.13,4.13
18931020,4.15,4.32,4.12,4.32
18931027,4.45,4.7,4.45,4.7
18931103,4.6,4.62,4.54,4.54
18931110,4.51,4.56,4.49,4.49
18931117,4.46,4.46,4.42,4.46
18931124,4.44,4.62,4.44,4.62
18931201,4.55,4.66,4.55,4.65
18931208,4.62,4.62,4.47,4.47
18931215,4.48,4.51,4.45,4.45
18931222,4.39,4.39,4.25,4.26
18931229,4.2,4.21,4.15,4.17
18940105,4.12,4.32,4.12,4.32
18940112,4.23,4.24,4.16,4.21
18940119,4.32,4.36,4.27,4.36
18940126,4.37,4.38,4.34,4.38
18940202,4.37,4.42,4.37,4.4
18940209,4.39,4.39,4.36,4.36
18940216,4.31,4.36,4.3,4.35
18940223,4.33,4.35,4.33,4.34
18940302,4.34,4.45,4.34,4.42
18940309,4.46,4.47,4.43,4.47
18940316,4.5,4.54,4.49,4.52
18940323,4.54,4.56,4.54,4.54
18940330,4.57,4.61,4.55,4.61
18940406,4.58,4.65,4.56,4.63
18940413,4.62,4.62,4.58,4.6
18940420,4.57,4.57,4.54,4.56
18940427,4.5,4.52,4.49,4.5
18940504,4.52,4.56,4.49,4.49
18940511,4.48,4.49,4.46,4.48
18940518,4.47,4.47,4.29,4.29
18940525,4.26,4.38,4.26,4.37
18940601,4.32,4.35,4.32,4.34
18940608,4.37,4.43,4.36,4.4
18940615,4.38,4.4,4.32,4.33
18940622,4.33,4.33,4.22,4.22
18940629,4.22,4.31,4.22,4.25
18940706,4.24,4.26,4.19,4.19
18940713,4.21,4.29,4.2,4.29
18940720,4.3,4.3,4.27,4.27
18940727,4.24,4.25,4.21,4.21
18940803,4.19,4.27,4.18,4.27
18940810,4.24,4.34,4.24,4.32
18940817,4.42,4.56,4.42,4.56
18940824,4.59,4.66,4.53,4.63
18940831,4.68,4.68,4.57,4.59
18940907,4.64,4.64,4.56,4.56
18940914,4.6,4.61,4.53,4.53
18940921,4.46,4.51,4.46,4.48
18940928,4.43,4.43,4.35,4.35
18941005,4.3,4.38,4.3,4.38
18941012,4.33,4.33,4.29,4.32
18941019,4.28,4.35,4.28,4.33
18941026,4.32,4.32,4.23,4.23
18941102,4.16,4.24,4.16,4.24
18941109,4.27,4.45,4.27,4.45
18941116,4.39,4.4,4.27,4.27
18941123,4.28,4.28,4.21,4.25
18941130,4.21,4.23,4.14,4.2
18941207,4.21,4.27,4.2,4.24
18941214,4.2,4.32,4.2,4.25
18941221,4.26,4.26,4.2,4.21
18941228,4.2,4.2,4.14,4.16
18950104,4.15,4.15,4.09,4.09
18950111,4.12,4.18,4.12,4.17
18950118,4.19,4.22,4.17,4.19
18950125,4.15,4.15,4.09,4.09
18950201,4.06,4.15,4.04,4.15
18950208,4.16,4.16,4.07,4.07
18950215,4.04,4.05,4.02,4.04
18950222,4.04,4.05,4.03,4.03
18950301,4.01,4.01,3.96,3.96
18950308,3.98,4.01,3.96,3.97
18950315,4,4.02,4,4.02
18950322,4.07,4.2,4.07,4.2
18950329,4.23,4.26,4.16,4.26
18950405,4.24,4.25,4.19,4.19
18950412,4.21,4.28,4.2,4.28
18950419,4.29,4.39,4.29,4.39
18950426,4.4,4.46,4.4,4.45
18950503,4.45,4.49,4.43,4.47
18950510,4.53,4.75,4.53,4.75
18950517,4.71,4.76,4.62,4.72
18950524,4.66,4.73,4.66,4.73
18950531,4.74,4.74,4.67,4.67
18950607,4.72,4.72,4.63,4.66
18950614,4.67,4.77,4.67,4.75
18950621,4.79,4.8,4.72,4.72
18950628,4.77,4.78,4.69,4.69
18950705,4.72,4.74,4.7,4.74
18950712,4.76,4.78,4.71,4.71
18950719,4.71,4.75,4.69,4.75
18950726,4.81,4.89,4.81,4.89
18950802,4.92,4.95,4.89,4.91
18950809,4.89,4.92,4.87,4.92
18950816,4.91,4.92,4.89,4.91
18950823,4.92,4.95,4.92,4.95
18950830,4.98,5.09,4.98,5.09
18950906,5.15,5.18,5.11,5.14
18950913,5.16,5.16,4.84,4.84
18950920,4.89,5.03,4.89,5.03
18950927,5.08,5.08,5.02,5.04
18951004,4.99,5.05,4.97,4.97
18951011,4.97,4.98,4.94,4.98
18951018,4.97,5.03,4.94,4.94
18951025,4.94,4.94,4.87,4.88
18951101,4.86,4.86,4.73,4.73
18951108,4.64,4.68,4.61,4.61
18951115,4.65,4.74,4.65,4.71
18951122,4.69,4.69,4.63,4.63
18951129,4.67,4.7,4.66,4.66
18951206,4.67,4.7,4.63,4.65
18951213,4.63,4.63,4.61,4.63
18951220,4.69,4.69,3.94,3.94
18951227,4.15,4.28,4.15,4.2
18960103,4.17,4.24,4.12,4.12
18960110,4.01,4.14,3.99,4.14
18960117,4.23,4.23,4.11,4.11
18960124,4.13,4.28,4.13,4.28
18960131,4.3,4.4,4.3,4.4
18960207,4.36,4.51,4.36,4.51
18960214,4.55,4.55,4.48,4.48
18960223,4.5,4.57,4.49,4.57
18960228,4.61,4.61,4.45,4.45
18960306,4.46,4.52,4.46,4.46
18960313,4.47,4.47,4.44,4.44
18960320,4.43,4.45,4.37,4.37
18960327,4.3,4.33,4.3,4.33
18960403,4.35,4.4,4.35,4.4
18960410,4.38,4.39,4.36,4.38
18960417,4.41,4.44,4.41,4.44
18960424,4.51,4.56,4.51,4.53
18960501,4.55,4.55,4.5,4.51
18960508,4.52,4.52,4.41,4.44
18960515,4.38,4.42,4.37,4.38
18960522,4.39,4.44,4.37,4.44
18960531,4.41,4.41,4.33,4.38
18960605,4.38,4.38,4.32,4.36
18960612,4.32,4.34,4.19,4.34
18960619,4.4,4.45,4.37,4.37
18960626,4.27,4.27,4.17,4.17
18960705,4.04,4.09,3.96,4
18960710,4,4.08,3.96,4.08
18960717,3.98,3.98,3.67,3.67
18960724,3.57,3.72,3.57,3.71
18960731,3.67,3.69,3.59,3.66
18960807,3.64,3.64,3.29,3.29
18960814,3.44,3.56,3.42,3.55
18960821,3.6,3.62,3.51,3.54
18960828,3.51,3.6,3.47,3.6
18960904,3.65,3.88,3.64,3.88
18960911,3.9,3.9,3.83,3.85
18960918,3.83,3.85,3.73,3.85
18960925,3.91,4.04,3.9,4.04
18961002,4,4.03,3.99,3.99
18961009,4,4,3.86,3.86
18961016,3.82,3.94,3.82,3.9
18961023,3.97,4.16,3.97,4.16
18961030,4.19,4.23,4.04,4.23
18961106,4.34,4.6,4.34,4.6
18961113,4.65,4.66,4.6,4.61
18961120,4.54,4.54,4.47,4.47
18961127,4.47,4.47,4.39,4.39
18961204,4.32,4.45,4.32,4.43
18961211,4.4,4.4,4.36,4.36
18961218,4.28,4.32,4.09,4.15
18961227,4.22,4.22,4.16,4.2
18970101,4.2,4.26,4.2,4.26
18970108,4.22,4.29,4.22,4.28
18970115,4.25,4.44,4.25,4.44
18970122,4.43,4.46,4.34,4.34
18970129,4.32,4.42,4.32,4.42
18970205,4.41,4.41,4.33,4.34
18970212,4.32,4.32,4.24,4.24
18970219,4.24,4.29,4.24,4.28
18970226,4.29,4.37,4.25,4.37
18970305,4.37,4.43,4.36,4.36
18970312,4.39,4.43,4.36,4.43
18970319,4.43,4.44,4.37,4.37
18970326,4.36,4.36,4.15,4.15
18970402,4.09,4.16,4.09,4.16
18970409,4.12,4.19,4.12,4.15
18970416,4.12,4.18,4.06,4.06
18970423,3.98,4.09,3.98,4.05
18970430,4.12,4.12,4.04,4.04
18970507,4.06,4.12,4.06,4.11
18970514,4.14,4.14,4.05,4.05
18970521,4.06,4.11,4.05,4.08
18970528,4.12,4.18,4.11,4.18
18970604,4.21,4.3,4.21,4.3
18970611,4.32,4.39,4.32,4.39
18970618,4.44,4.44,4.39,4.43
18970625,4.42,4.55,4.42,4.55
18970702,4.6,4.6,4.53,4.53
18970709,4.5,4.53,4.5,4.53
18970716,4.55,4.63,4.55,4.63
18970723,4.69,4.81,4.69,4.81
18970730,4.79,4.85,4.77,4.85
18970806,4.9,5.17,4.9,5.17
18970813,5.12,5.22,5.12,5.22
18970820,5.23,5.23,5.15,5.16
18970827,5.25,5.34,5.23,5.34
18970903,5.32,5.5,5.32,5.5
18970910,5.52,5.57,5.51,5.57
18970917,5.51,5.62,5.51,5.6
18970924,5.53,5.53,5.33,5.33
18971001,5.39,5.39,5.19,5.34
18971008,5.34,5.34,5.18,5.18
18971015,5.17,5.17,4.99,5.01
18971022,5.08,5.18,5.08,5.1
18971029,4.99,5.04,4.98,5.04
18971105,5.05,5.05,4.77,4.8
18971112,4.74,4.91,4.74,4.91
18971119,4.86,4.91,4.86,4.89
18971126,4.87,4.94,4.85,4.94
18971203,4.9,5.04,4.9,5.01
18971210,5.04,5.14,5.04,5.12
18971217,5.16,5.16,5.06,5.13
18971226,5.11,5.16,5.08,5.16
18980102,5.15,5.15,5.13,5.14
18980107,5.11,5.26,5.06,5.26
18980114,5.24,5.26,5.17,5.17
18980121,5.22,5.22,5.16,5.16
18980128,5.1,5.34,5.1,5.34
18980204,5.38,5.39,5.33,5.39
18980213,5.37,5.39,5.33,5.37
18980218,5.3,5.36,5.18,5.18
18980225,5.1,5.1,4.88,4.93
18980304,5.01,5.11,4.94,4.94
18980311,4.83,4.88,4.61,4.61
18980318,4.77,4.87,4.76,4.81
18980325,4.78,4.78,4.54,4.62
18980401,4.87,4.93,4.72,4.76
18980408,4.83,4.87,4.79,4.82
18980415,4.87,4.87,4.73,4.73
18980422,4.75,4.75,4.58,4.69
18980429,4.63,4.82,4.63,4.82
18980506,5.02,5.22,5,5.22
18980513,5.27,5.33,5.22,5.25
18980520,5.2,5.3,5.2,5.3
18980527,5.34,5.43,5.34,5.42
18980603,5.47,5.52,5.46,5.52
18980610,5.55,5.55,5.49,5.5
18980617,5.46,5.46,5.35,5.39
18980624,5.42,5.46,5.39,5.46
18980703,5.45,5.45,5.41,5.44
18980708,5.44,5.5,5.42,5.5
18980715,5.5,5.5,5.37,5.37
18980722,5.36,5.42,5.35,5.42
18980729,5.44,5.5,5.44,5.5
18980805,5.52,5.67,5.52,5.67
18980812,5.7,5.73,5.68,5.71
18980821,5.77,5.87,5.77,5.87
18980826,5.89,5.96,5.87,5.94
18980904,5.86,5.88,5.86,5.86
18980909,5.86,5.86,5.71,5.74
18980916,5.69,5.75,5.65,5.75
18980923,5.7,5.74,5.67,5.68
18980930,5.64,5.64,5.45,5.45
18981007,5.5,5.55,5.5,5.51
18981014,5.46,5.5,5.43,5.44
18981021,5.45,5.49,5.41,5.49
18981028,5.44,5.6,5.44,5.56
18981104,5.59,5.59,5.53,5.59
18981111,5.64,5.79,5.64,5.79
18981118,5.8,5.81,5.77,5.81
18981125,5.82,5.87,5.82,5.87
18981202,5.91,5.96,5.89,5.96
18981209,5.93,6.11,5.93,6.11
18981216,6.15,6.15,6.08,6.08
18981225,6.07,6.15,6.07,6.15
18990101,6.2,6.22,6.12,6.22
18990106,6.22,6.26,6.22,6.26
18990113,6.31,6.41,6.31,6.41
18990120,6.38,6.61,6.38,6.61
18990127,6.64,6.78,6.52,6.78
18990203,6.76,6.76,6.71,6.71
18990212,6.7,6.7,6.6,6.66
18990217,6.71,6.88,6.71,6.88
18990224,6.99,6.99,6.93,6.93
18990303,6.93,6.93,6.77,6.85
18990310,6.77,6.92,6.77,6.92
18990317,6.94,7.03,6.91,7.03
18990324,7.03,7.17,7.03,7.17
18990331,7.26,7.38,7.26,7.38
18990407,7.41,7.41,7.18,7.18
18990414,7.16,7.39,7.16,7.39
18990421,7.35,7.41,7.35,7.41
18990428,7.35,7.4,7.33,7.33
18990505,7.15,7.26,7.04,7.04
18990512,6.91,6.95,6.72,6.72
18990519,6.76,6.96,6.76,6.88
18990526,6.83,6.83,6.75,6.76
18990602,6.6,6.77,6.6,6.75
18990609,6.72,6.96,6.72,6.96
18990616,6.99,6.99,6.86,6.86
18990623,6.8,6.87,6.77,6.87
18990630,6.96,7.05,6.96,7.05
18990707,7.09,7.12,7.07,7.07
18990714,6.97,7.09,6.97,7.04
18990721,7.01,7.09,7,7.08
18990728,7.08,7.17,7.08,7.17
18990804,7.21,7.21,7.15,7.15
18990811,7.14,7.25,7.14,7.25
18990818,7.26,7.3,7.2,7.3
18990825,7.27,7.29,7.23,7.28
18990901,7.29,7.3,7.25,7.29
18990908,7.38,7.38,7.27,7.29
18990915,7.18,7.23,7,7
18990922,6.91,7.08,6.91,7.04
18991001,6.96,6.97,6.93,6.97
18991006,6.82,6.95,6.82,6.95
18991013,6.93,6.99,6.86,6.87
18991020,6.92,7.03,6.92,7.03
18991027,7.13,7.18,7.1,7.18
18991103,7.16,7.26,7.16,7.18
18991110,7.19,7.19,6.99,6.99
18991117,7.09,7.2,7.05,7.2
18991126,7.15,7.18,7.13,7.18
18991201,7.17,7.19,7.17,7.18
18991208,7.08,7.08,6.81,6.81
18991215,6.73,6.73,6.44,6.44
18991222,6.07,6.24,6.02,6.16
18991229,6.25,6.56,6.25,6.56
19000105,6.69,6.69,6.55,6.55
19000112,6.53,6.53,6.37,6.48
19000119,6.43,6.54,6.43,6.52
19000126,6.55,6.55,6.46,6.46
19000202,6.46,6.68,6.46,6.68
19000209,6.75,6.78,6.64,6.64
19000216,6.71,6.71,6.61,6.61
19000223,6.65,6.65,6.52,6.52
19000302,6.5,6.55,6.43,6.47
19000309,6.45,6.45,6.39,6.45
19000316,6.54,6.54,6.46,6.49
19000323,6.51,6.68,6.51,6.68
19000330,6.7,6.82,6.7,6.82
19000406,6.79,6.85,6.79,6.85
19000415,6.81,6.81,6.74,6.77
19000420,6.62,6.64,6.52,6.52
19000427,6.53,6.63,6.53,6.55
19000504,6.5,6.51,6.47,6.51
19000511,6.46,6.46,6.23,6.23
19000518,6.23,6.37,6.22,6.37
19000525,6.29,6.33,6.27,6.28
19000601,6.28,6.46,6.28,6.43
19000608,6.34,6.34,6.2,6.2
19000615,6.17,6.25,6.07,6.07
19000622,6.04,6.04,5.88,5.88
19000629,5.9,6.01,5.9,6.01
19000706,6.07,6.13,6.07,6.07
19000713,6.06,6.18,6.06,6.09
19000720,6.11,6.24,6.11,6.24
19000727,6.31,6.31,6.2,6.21
19000803,6.15,6.23,6.15,6.23
19000810,6.21,6.24,6.21,6.24
19000817,6.29,6.34,6.29,6.3
19000824,6.29,6.3,6.25,6.25
19000902,6.24,6.27,6.22,6.25
19000907,6.27,6.29,6.25,6.25
19000914,6.27,6.28,6.11,6.11
19000921,6.13,6.14,5.92,5.92
19000928,5.9,6.06,5.9,6.03
19001005,6.09,6.17,6.07,6.15
19001012,6.11,6.19,6.1,6.19
19001019,6.32,6.46,6.32,6.46
19001026,6.52,6.53,6.49,6.49
19001102,6.43,6.48,6.43,6.48
19001109,6.58,6.94,6.58,6.94
19001116,6.99,7.19,6.9,7.19
19001123,7.16,7.24,7.1,7.12
19001130,7.19,7.2,7.16,7.18
19001207,7.18,7.18,7.02,7.02
19001214,7.07,7.25,7.07,7.25
19001221,7.28,7.55,7.28,7.55
19001228,7.61,7.64,7.59,7.64
19010104,7.68,7.68,7.46,7.61
19010111,7.64,7.73,7.64,7.73
19010118,7.67,7.67,7.4,7.4
19010125,7.44,7.59,7.44,7.59
19010203,7.57,7.73,7.57,7.73
19010208,7.82,7.92,7.82,7.89
19010215,7.9,7.92,7.8,7.88
19010224,7.79,7.79,7.71,7.74
19010301,7.73,7.75,7.69,7.74
19010308,7.78,7.82,7.78,7.82
19010315,7.83,7.93,7.83,7.93
19010322,8.03,8.08,8.03,8.08
19010329,8.03,8.21,8.03,8.21
19010407,8.27,8.44,8.27,8.44
19010412,8.3,8.57,8.3,8.57
19010419,8.62,8.84,8.62,8.84
19010428,8.74,8.85,8.68,8.85
19010503,8.99,9.13,8.99,9.03
19010512,9.11,9.11,8.04,8.55
19010517,8.54,8.63,8.18,8.63
19010524,8.52,8.58,8.52,8.54
19010531,8.54,8.97,8.54,8.97
19010607,9.07,9.07,8.95,8.95
19010614,8.95,9.17,8.95,9.17
19010621,9.2,9.2,9.09,9.13
19010628,9.15,9.16,9.03,9.16
19010707,9.03,9.03,8.98,8.98
19010712,8.66,8.8,8.32,8.35
19010719,8.27,8.64,8.27,8.43
19010726,8.28,8.47,8.28,8.47
19010802,8.5,8.5,8.36,8.36
19010809,8.18,8.32,8.18,8.25
19010816,8.29,8.51,8.29,8.41
19010823,8.44,8.69,8.44,8.69
19010901,8.72,8.72,8.62,8.7
19010906,8.59,8.66,8.25,8.25
19010915,8.43,8.52,8.14,8.14
19010920,8.44,8.53,8.43,8.53
19010927,8.41,8.41,8.25,8.36
19011004,8.28,8.28,8.09,8.09
19011011,8.07,8.33,8.07,8.27
19011018,8.29,8.31,8.25,8.31
19011025,8.29,8.4,8.29,8.38
19011101,8.27,8.42,8.27,8.42
19011108,8.39,8.59,8.39,8.59
19011115,8.63,8.63,8.47,8.56
19011122,8.53,8.65,8.5,8.63
19011129,8.6,8.63,8.56,8.56
19011206,8.47,8.58,8.37,8.37
19011213,8.41,8.41,8.22,8.28
19011220,8.28,8.43,8.28,8.43
19011227,8.37,8.53,8.34,8.53
19020103,8.51,8.63,8.51,8.59
19020110,8.63,8.63,8.49,8.51
19020117,8.43,8.49,8.34,8.46
19020124,8.43,8.47,8.43,8.43
19020131,8.45,8.56,8.45,8.56
19020207,8.53,8.66,8.53,8.64
19020214,8.65,8.66,8.6,8.61
19020223,8.65,8.65,8.52,8.55
19020228,8.56,8.59,8.53,8.54
19020307,8.57,8.64,8.53,8.6
19020314,8.54,8.63,8.54,8.63
19020321,8.65,8.77,8.65,8.76
19020330,8.77,8.77,8.72,8.72
19020404,8.74,8.81,8.72,8.81
19020411,8.75,8.81,8.75,8.78
19020418,8.82,8.99,8.82,8.99
19020425,8.94,8.99,8.87,8.99
19020502,9.01,9.06,8.9,8.95
19020509,8.89,9.03,8.89,8.89
19020516,8.81,8.92,8.76,8.76
19020523,8.74,8.92,8.74,8.92
19020601,8.87,8.9,8.87,8.9
19020606,8.88,8.88,8.8,8.82
19020613,8.83,8.94,8.83,8.94
19020620,8.95,8.98,8.91,8.91
19020627,8.88,8.88,8.82,8.88
19020706,8.88,8.97,8.88,8.97
19020711,9.01,9.04,9,9.04
19020718,9.1,9.25,9.1,9.25
19020725,9.2,9.34,9.2,9.34
19020801,9.32,9.32,9.21,9.21
19020810,9.22,9.31,9.22,9.3
19020815,9.23,9.3,9.22,9.25
19020822,9.23,9.29,9.21,9.27
19020831,9.31,9.33,9.3,9.33
19020905,9.38,9.42,9.38,9.38
19020912,9.44,9.48,9.34,9.37
19020919,9.34,9.46,9.34,9.43
19020926,9.38,9.38,9.16,9.21
19021003,8.88,9.19,8.88,9.05
19021010,8.91,8.99,8.81,8.81
19021017,8.8,9.16,8.8,9.13
19021024,9.13,9.13,9.02,9.06
19021031,8.98,9.02,8.9,8.98
19021107,8.95,8.95,8.66,8.66
19021114,8.62,8.62,8.39,8.51
19021121,8.55,8.73,8.48,8.72
19021128,8.73,8.73,8.57,8.65
19021205,8.72,8.72,8.58,8.58
19021212,8.62,8.62,8.33,8.33
19021219,8.32,8.56,8.32,8.56
19021226,8.66,8.73,8.59,8.73
19030102,8.67,8.83,8.67,8.82
19030109,8.87,9,8.87,8.97
19030116,8.93,8.93,8.86,8.91
19030123,8.85,8.89,8.8,8.8
19030130,8.87,8.88,8.82,8.84
19030206,8.87,8.94,8.87,8.91
19030213,8.97,8.97,8.93,8.93
19030222,8.96,8.96,8.78,8.84
19030227,8.81,8.81,8.66,8.66
19030306,8.62,8.62,8.38,8.38
19030313,8.41,8.41,8.32,8.4
19030320,8.35,8.55,8.35,8.54
19030327,8.48,8.48,8.23,8.24
19030403,8.19,8.28,8.19,8.19
19030412,8.21,8.21,8.18,8.18
19030417,7.95,8.25,7.95,8.25
19030424,8.3,8.34,8.27,8.27
19030501,8.21,8.27,8.21,8.26
19030508,8.34,8.34,8.24,8.24
19030515,8.26,8.26,8.12,8.12
19030522,8.04,8.07,7.93,7.93
19030531,7.83,7.94,7.82,7.82
19030605,7.77,7.83,7.69,7.69
19030612,7.61,7.8,7.46,7.76
19030619,7.63,7.67,7.6,7.63
19030626,7.58,7.64,7.58,7.63
19030705,7.76,7.79,7.7,7.71
19030710,7.71,7.71,7.44,7.44
19030717,7.45,7.45,7.25,7.32
19030724,7.21,7.21,6.96,6.96
19030731,7.1,7.15,7.09,7.09
19030807,7.05,7.05,6.66,6.66
19030814,6.74,7.26,6.74,7.25
19030821,7.32,7.32,7.13,7.13
19030828,7.12,7.24,7.12,7.24
19030906,7.26,7.26,7.16,7.21
19030911,7.16,7.17,7.12,7.12
19030918,7,7.02,6.88,6.88
19030925,6.88,6.88,6.61,6.61
19031002,6.47,6.78,6.47,6.74
19031009,6.67,6.68,6.52,6.52
19031016,6.47,6.65,6.42,6.65
19031023,6.47,6.65,6.47,6.61
19031030,6.71,6.73,6.68,6.7
19031106,6.74,6.74,6.57,6.62
19031113,6.56,6.58,6.47,6.52
19031120,6.55,6.71,6.55,6.65
19031127,6.7,6.7,6.64,6.68
19031204,6.73,6.91,6.73,6.88
19031211,6.97,6.98,6.86,6.86
19031218,6.94,6.98,6.93,6.98
19031227,6.97,7.07,6.96,7.07
19040101,7.16,7.18,6.97,6.97
19040108,7,7.04,6.92,7.04
19040115,7.04,7.04,6.99,7.02
19040122,7.1,7.25,7.1,7.25
19040129,7.18,7.25,7.11,7.11
19040205,7.11,7.11,6.93,6.93
19040212,6.86,6.87,6.86,6.87
19040219,6.92,6.92,6.79,6.79
19040226,6.72,6.77,6.7,6.73
19040304,6.75,6.81,6.75,6.75
19040311,6.77,6.77,6.67,6.67
19040318,6.66,6.95,6.66,6.95
19040325,6.9,6.99,6.9,6.92
19040401,6.99,7.04,6.99,7.01
19040408,7,7.11,7,7.08
19040415,7.13,7.13,7.04,7.04
19040422,7.03,7.06,6.99,7.06
19040429,7.02,7.04,7,7
19040506,6.95,6.97,6.95,6.95
19040513,6.96,6.96,6.84,6.84
19040520,6.82,6.91,6.82,6.91
19040529,6.95,6.95,6.89,6.89
19040603,6.89,6.89,6.88,6.89
19040610,6.9,7.01,6.9,7.01
19040617,6.99,7.04,6.99,7.01
19040624,7.03,7.09,7.03,7.08
19040703,7.08,7.11,7.07,7.11
19040708,7.18,7.27,7.18,7.27
19040715,7.25,7.41,7.25,7.41
19040722,7.44,7.49,7.44,7.49
19040729,7.46,7.46,7.33,7.37
19040805,7.42,7.45,7.4,7.45
19040812,7.44,7.6,7.44,7.6
19040819,7.62,7.66,7.56,7.56
19040826,7.62,7.72,7.62,7.72
19040904,7.76,7.79,7.71,7.79
19040909,7.84,7.97,7.84,7.97
19040916,7.87,7.95,7.86,7.9
19040923,7.87,7.88,7.81,7.88
19040930,7.92,8.04,7.92,8.04
19041007,8.07,8.12,8.04,8.12
19041014,8.14,8.4,8.14,8.4
19041021,8.41,8.53,8.41,8.53
19041028,8.53,8.6,8.39,8.6
19041104,8.45,8.55,8.45,8.53
19041111,8.61,8.82,8.61,8.82
19041118,8.81,8.91,8.81,8.89
19041125,8.92,8.97,8.85,8.97
19041202,9.03,9.12,9.03,9.12
19041209,9.13,9.13,8.78,8.9
19041216,8.55,8.79,8.55,8.79
19041225,8.79,8.85,8.72,8.78
19041230,8.85,9.01,8.85,8.9
19050106,8.98,8.98,8.86,8.86
19050113,8.89,8.99,8.88,8.99
19050120,8.99,9.04,8.97,9.02
19050127,8.93,9.1,8.86,9.1
19050203,9.11,9.22,9.11,9.2
19050210,9.19,9.3,9.19,9.29
19050217,9.31,9.33,9.31,9.33
19050224,9.38,9.57,9.38,9.57
19050303,9.53,9.57,9.44,9.54
19050310,9.56,9.69,9.52,9.69
19050317,9.73,9.73,9.57,9.57
19050324,9.66,9.66,9.49,9.66
19050331,9.59,9.69,9.52,9.69
19050407,9.73,9.83,9.71,9.77
19050414,9.78,9.91,9.76,9.85
19050423,9.86,9.86,9.61,9.61
19050428,9.53,9.66,9.13,9.13
19050505,9.28,9.35,9.06,9.17
19050512,9.07,9.32,9.07,9.27
19050519,9.29,9.29,8.93,8.93
19050526,8.79,9.03,8.79,8.98
19050602,9.11,9.16,8.99,9.01
19050609,9.04,9.18,8.95,9.18
19050616,9.16,9.16,9.07,9.07
19050623,9.11,9.33,9.11,9.29
19050630,9.42,9.5,9.42,9.49
19050707,9.61,9.65,9.57,9.64
19050714,9.63,9.65,9.5,9.63
19050721,9.65,9.67,9.49,9.49
19050728,9.55,9.75,9.55,9.75
19050804,9.8,9.84,9.74,9.83
19050811,9.9,10.03,9.88,10.02
19050818,10.06,10.11,10.03,10.05
19050825,10.11,10.16,10.11,10.14
19050901,10.1,10.16,9.82,9.89
19050908,9.99,9.99,9.75,9.82
19050915,9.85,10.04,9.85,10.04
19050922,10.07,10.14,10,10.13
19050929,10.04,10.12,10.03,10.12
19051006,10.13,10.17,10.07,10.07
19051013,10.02,10.09,9.98,10.04
19051020,10.04,10.19,9.99,10.19
19051027,10.19,10.19,10.04,10.04
19051103,10.1,10.22,10.1,10.13
19051110,10.17,10.17,9.95,9.96
19051117,9.86,10.15,9.86,10.15
19051124,10.23,10.27,10.21,10.27
19051201,10.39,10.39,10.26,10.26
19051208,10.25,10.45,10.25,10.45
19051215,10.51,10.63,10.51,10.59
19051222,10.55,10.63,10.55,10.63
19051229,10.66,10.7,10.48,10.67
19060105,10.63,10.77,10.56,10.77
19060112,10.82,11,10.81,10.99
19060119,11.03,11.18,11.03,11.17
19060126,11.16,11.16,11.04,11.04
19060202,10.82,11,10.76,10.83
19060209,10.83,10.91,10.81,10.88
19060216,10.91,10.91,10.56,10.56
19060223,10.67,10.67,10.57,10.61
19060302,10.68,10.68,10.39,10.41
19060309,10.3,10.58,10.3,10.54
19060316,10.53,10.6,10.48,10.48
19060323,10.33,10.5,10.33,10.49
19060330,10.61,10.67,10.55,10.67
19060406,10.72,10.72,10.6,10.6
19060413,10.51,10.66,10.46,10.66
19060420,10.67,10.67,10.33,10.4
19060427,10.21,10.22,9.79,9.79
19060504,9.97,9.97,9.62,9.94
19060511,9.99,10.29,9.99,10.25
19060518,10.22,10.29,10.2,10.2
19060525,10.19,10.3,10.15,10.28
19060601,10.28,10.39,10.28,10.39
19060608,10.46,10.49,10.4,10.4
19060615,10.49,10.49,10.16,10.16
19060622,10.12,10.32,10.12,10.15
19060629,10.07,10.1,9.81,9.81
19060706,9.69,9.93,9.69,9.93
19060713,9.92,9.92,9.7,9.72
19060720,9.83,10,9.81,10
19060727,10.01,10.29,9.96,10.29
19060803,10.25,10.46,10.25,10.32
19060810,10.44,10.45,10.35,10.41
19060817,10.46,10.77,10.45,10.77
19060824,10.87,10.88,10.72,10.88
19060831,10.79,10.79,10.7,10.77
19060907,10.73,10.84,10.73,10.83
19060914,10.83,10.91,10.72,10.91
19060921,10.91,10.93,10.86,10.86
19060928,10.89,10.89,10.74,10.78
19061005,10.86,10.86,10.77,10.85
19061012,10.88,10.94,10.87,10.87
19061019,10.86,10.87,10.47,10.47
19061026,10.65,10.65,10.5,10.53
19061102,10.56,10.63,10.46,10.63
19061109,10.66,10.66,10.52,10.52
19061116,10.44,10.8,10.44,10.8
19061123,10.81,10.84,10.72,10.72
19061130,10.72,10.81,10.72,10.81
19061207,10.85,10.85,10.74,10.81
19061214,10.84,10.9,10.7,10.85
19061221,10.73,10.73,10.38,10.38
19061228,10.29,10.45,10.29,10.35
19070104,10.42,10.6,10.41,10.6
19070111,10.59,10.59,10.4,10.45
19070118,10.39,10.39,10.05,10.05
19070125,10.13,10.18,10.02,10.02
19070201,9.92,9.92,9.75,9.75
19070208,9.72,9.92,9.72,9.84
19070215,9.92,10,9.92,10
19070224,9.94,9.94,9.8,9.8
19070301,9.61,9.67,9.54,9.54
19070308,9.37,9.37,9.05,9.06
19070315,9.12,9.19,8.13,8.88
19070322,8.72,8.72,8.27,8.27
19070331,8.02,8.6,8.02,8.6
19070405,8.78,8.99,8.72,8.96
19070412,8.96,8.96,8.72,8.72
19070419,8.63,8.8,8.63,8.8
19070426,8.97,8.97,8.86,8.9
19070503,8.96,9.02,8.92,8.96
19070510,8.91,8.91,8.75,8.76
19070517,8.84,8.84,8.65,8.65
19070524,8.5,8.5,8.37,8.38
19070531,8.18,8.29,8.18,8.23
19070607,8.16,8.44,8.16,8.44
19070614,8.43,8.43,8.21,8.21
19070621,8.25,8.26,8.21,8.21
19070628,8.27,8.57,8.27,8.57
19070705,8.63,8.76,8.57,8.76
19070712,8.74,8.74,8.51,8.64
19070719,8.63,8.72,8.6,8.72
19070726,8.7,8.74,8.68,8.73
19070802,8.62,8.62,8.49,8.52
19070809,8.39,8.39,7.96,7.96
19070816,7.75,7.88,7.65,7.65
19070823,7.67,7.76,7.63,7.63
19070901,7.75,7.89,7.75,7.89
19070906,8.02,8.09,7.96,8.07
19070913,8.07,8.07,7.79,7.79
19070920,7.81,8.01,7.81,8.01
19070927,7.93,7.95,7.68,7.68
19071004,7.77,7.8,7.71,7.71
19071011,7.75,7.75,7.31,7.31
19071018,7.27,7.29,7.01,7.01
19071025,7.19,7.19,6.69,6.75
19071101,6.76,6.76,6.58,6.63
19071108,6.71,6.73,6.6,6.65
19071115,6.71,6.71,6.39,6.44
19071122,6.57,6.57,6.33,6.51
19071129,6.37,6.83,6.37,6.83
19071206,6.95,7.13,6.88,7.08
19071213,6.99,6.99,6.78,6.83
19071220,6.76,6.99,6.75,6.99
19071227,6.88,6.91,6.79,6.91
19080103,7,7.09,6.93,7.09
19080110,7.16,7.39,7.15,7.39
19080117,7.45,7.52,7.44,7.51
19080124,7.41,7.41,7.18,7.22
19080131,7.26,7.32,7.17,7.17
19080207,7.15,7.2,6.95,6.95
19080214,6.79,6.89,6.78,6.82
19080223,6.78,6.92,6.78,6.92
19080228,6.89,6.93,6.86,6.87
19080306,6.9,7.12,6.9,7.12
19080313,7.21,7.41,7.16,7.41
19080320,7.33,7.41,7.27,7.41
19080327,7.49,7.62,7.49,7.53
19080403,7.51,7.51,7.38,7.42
19080410,7.4,7.57,7.4,7.54
19080419,7.51,7.55,7.51,7.55
19080424,7.5,7.74,7.5,7.72
19080501,7.76,7.87,7.75,7.87
19080508,7.82,8.03,7.82,8.03
19080515,8.1,8.26,8.04,8.26
19080522,8.36,8.36,8.03,8.03
19080531,8.11,8.11,7.93,7.98
19080605,8.2,8.2,8.04,8.13
19080612,8.12,8.12,8.01,8.03
19080619,8.03,8.1,7.97,7.99
19080626,7.88,7.99,7.88,7.96
19080705,8.04,8.04,8.02,8.04
19080710,8.16,8.31,8.16,8.21
19080717,8.27,8.45,8.27,8.45
19080724,8.52,8.63,8.46,8.6
19080731,8.54,8.68,8.54,8.68
19080807,8.67,8.88,8.67,8.88
19080814,8.96,8.96,8.67,8.67
19080821,8.74,8.75,8.69,8.7
19080828,8.68,8.93,8.68,8.93
19080906,8.94,8.94,8.81,8.9
19080911,8.93,8.97,8.85,8.88
19080918,8.92,8.92,8.55,8.55
19080925,8.4,8.63,8.37,8.56
19081002,8.56,8.76,8.55,8.76
19081009,8.71,8.76,8.65,8.65
19081016,8.76,8.8,8.74,8.74
19081023,8.76,8.91,8.76,8.88
19081030,8.9,8.96,8.89,8.89
19081106,8.95,9.34,8.95,9.34
19081113,9.33,9.49,9.33,9.47
19081120,9.48,9.51,9.3,9.3
19081127,9.31,9.49,9.31,9.48
19081204,9.47,9.48,9.41,9.43
19081211,9.41,9.53,9.41,9.51
19081218,9.46,9.47,9.29,9.29
19081227,9.24,9.48,9.24,9.48
19090101,9.61,9.65,9.56,9.65
19090108,9.55,9.62,9.48,9.49
19090115,9.46,9.53,9.41,9.53
19090122,9.5,9.58,9.5,9.55
19090129,9.54,9.54,9.36,9.36
19090205,9.37,9.44,9.37,9.41
19090214,9.47,9.52,9.46,9.52
19090219,9.61,9.61,9.32,9.32
19090226,9.05,9.25,9.05,9.25
19090305,9.31,9.34,9.22,9.24
19090312,9.26,9.26,9.22,9.24
19090319,9.23,9.35,9.23,9.3
19090326,9.4,9.52,9.36,9.52
19090402,9.61,9.69,9.6,9.68
19090411,9.78,9.8,9.73,9.8
19090416,9.83,9.83,9.68,9.76
19090423,9.82,9.86,9.8,9.83
19090430,9.78,9.87,9.77,9.87
19090507,9.92,10.04,9.92,10.04
19090514,10,10.09,10,10.07
19090521,10.04,10.1,10.04,10.1
19090530,10.11,10.11,10.04,10.11
19090604,10.15,10.33,10.15,10.33
19090611,10.29,10.32,10.29,10.32
19090618,10.32,10.32,10.11,10.13
19090625,9.99,10.18,9.99,10.15
19090704,10.18,10.27,10.18,10.27
19090709,10.28,10.29,10.24,10.25
19090716,10.29,10.36,10.25,10.36
19090723,10.37,10.4,10.33,10.37
19090730,10.35,10.58,10.35,10.58
19090806,10.62,10.71,10.58,10.71
19090813,10.71,10.84,10.71,10.84
19090820,10.78,10.82,10.61,10.7
19090827,10.73,10.74,10.42,10.45
19090905,10.61,10.63,10.54,10.63
19090910,10.5,10.54,10.34,10.47
19090917,10.44,10.74,10.44,10.74
19090926,10.77,10.77,10.63,10.63
19091001,10.66,10.78,10.66,10.78
19091008,10.77,10.77,10.58,10.58
19091015,10.47,10.63,10.47,10.62
19091022,10.62,10.62,10.32,10.32
19091029,10.41,10.58,10.35,10.57
19091105,10.6,10.62,10.54,10.54
19091112,10.53,10.53,10.46,10.5
19091119,10.49,10.58,10.47,10.51
19091126,10.45,10.49,10.4,10.42
19091203,10.28,10.43,10.27,10.43
19091210,10.39,10.51,10.39,10.49
19091217,10.54,10.59,10.5,10.59
19091226,10.56,10.56,10.53,10.54
19100102,10.51,10.61,10.51,10.61
19100107,10.53,10.56,10.44,10.5
19100114,10.38,10.38,10.07,10.14
19100121,10.05,10.12,9.94,10.12
19100128,9.98,9.98,9.8,9.97
19100204,9.94,9.94,9.63,9.73
19100213,9.52,9.8,9.5,9.8
19100218,9.86,9.98,9.81,9.96
19100225,9.94,10.01,9.92,9.92
19100304,9.97,10.06,9.97,10.06
19100311,10.17,10.19,10.06,10.08
19100318,10.1,10.1,9.94,9.98
19100327,10.01,10.02,9.96,9.96
19100401,9.83,9.87,9.8,9.82
19100408,9.81,9.94,9.77,9.77
19100415,9.94,10.06,9.91,10.06
19100422,9.98,10,9.84,9.84
19100429,9.71,9.72,9.5,9.5
19100506,9.43,9.65,9.39,9.6
19100513,9.7,9.79,9.7,9.79
19100520,9.79,9.9,9.74,9.9
19100529,9.82,9.85,9.76,9.76
19100603,9.58,9.58,9.24,9.25
19100610,9.16,9.43,9.16,9.29
19100617,9.36,9.44,9.36,9.44
19100624,9.49,9.57,9.43,9.44
19100703,9.24,9.24,8.96,9
19100708,8.87,9,8.87,9
19100715,9.02,9.08,8.93,9.02
19100722,9,9.02,8.71,8.71
19100729,8.59,8.81,8.37,8.67
19100805,8.61,8.82,8.61,8.82
19100812,8.82,9.04,8.82,9.04
19100819,9.01,9.18,9.01,9.04
19100826,8.94,8.96,8.83,8.9
19100904,8.95,8.95,8.84,8.84
19100909,8.81,8.86,8.81,8.86
19100916,8.9,8.98,8.86,8.89
19100923,8.89,9,8.89,8.93
19100930,9,9.09,9,9.09
19101007,9.14,9.16,9.1,9.16
19101014,9.21,9.44,9.21,9.44
19101021,9.47,9.5,9.43,9.48
19101028,9.39,9.43,9.35,9.37
19101104,9.37,9.46,9.37,9.43
19101111,9.44,9.44,9.23,9.23
19101118,9.3,9.39,9.3,9.39
19101125,9.34,9.37,9.34,9.37
19101202,9.18,9.21,8.96,8.98
19101209,9.01,9.06,8.89,9.06
19101216,9.01,9.08,9,9.08
19101225,9.15,9.15,9.06,9.06
19101230,9.01,9.12,9.01,9.1
19110106,9.19,9.25,9.18,9.25
19110113,9.23,9.3,9.16,9.29
19110120,9.27,9.38,9.27,9.35
19110127,9.33,9.41,9.32,9.41
19110203,9.46,9.58,9.46,9.58
19110210,9.56,9.59,9.55,9.56
19110217,9.55,9.55,9.44,9.53
19110224,9.55,9.55,9.37,9.37
19110303,9.37,9.41,9.22,9.22
19110310,9.26,9.3,9.25,9.26
19110317,9.3,9.4,9.3,9.35
19110324,9.41,9.41,9.36,9.36
19110331,9.4,9.45,9.37,9.38
19110407,9.38,9.4,9.36,9.37
19110416,9.36,9.36,9.34,9.35
19110421,9.32,9.32,9.22,9.22
19110428,9.26,9.41,9.26,9.41
19110505,9.48,9.49,9.4,9.4
19110512,9.39,9.41,9.37,9.38
19110519,9.38,9.65,9.38,9.65
19110526,9.66,9.66,9.59,9.62
19110602,9.64,9.73,9.61,9.73
19110609,9.74,9.78,9.73,9.78
19110616,9.79,9.8,9.74,9.74
19110623,9.78,9.8,9.69,9.8
19110630,9.78,9.79,9.74,9.74
19110707,9.69,9.71,9.63,9.71
19110714,9.72,9.76,9.72,9.74
19110721,9.71,9.82,9.71,9.82
19110728,9.79,9.79,9.71,9.73
19110804,9.76,9.76,9.39,9.39
19110811,9.44,9.44,9.11,9.11
19110818,9.21,9.21,9.07,9.21
19110825,9.11,9.12,8.96,8.96
19110903,8.98,8.98,8.94,8.98
19110908,9.03,9.07,8.85,8.85
19110915,8.86,8.9,8.79,8.9
19110922,8.88,8.88,8.67,8.67
19110929,8.61,8.78,8.6,8.78
19111006,8.79,8.82,8.78,8.8
19111013,8.81,9.01,8.81,9.01
19111020,8.98,9,8.95,8.96
19111027,8.97,8.98,8.82,8.87
19111103,8.88,9.14,8.88,9.14
19111110,9.2,9.34,9.13,9.3
19111117,9.25,9.31,9.2,9.29
19111124,9.25,9.41,9.25,9.35
19111201,9.32,9.33,9.21,9.26
19111208,9.25,9.25,9.11,9.13
19111215,9.22,9.34,9.22,9.34
19111224,9.29,9.33,9.29,9.3
19111229,9.3,9.3,9.22,9.27
19120105,9.3,9.3,9.26,9.28
19120112,9.27,9.27,9.16,9.2
19120119,9.19,9.3,9.19,9.3
19120126,9.28,9.28,9.18,9.18
19120202,9.18,9.21,9.12,9.13
19120209,9.12,9.17,9.12,9.13
19120216,9.17,9.19,9.16,9.17
19120223,9.18,9.19,9.15,9.18
19120301,9.15,9.23,9.15,9.23
19120308,9.27,9.33,9.26,9.32
19120315,9.29,9.41,9.29,9.34
19120322,9.4,9.58,9.4,9.58
19120329,9.6,9.63,9.59,9.63
19120405,9.66,9.76,9.64,9.76
19120412,9.76,9.82,9.69,9.69
19120419,9.77,9.77,9.7,9.7
19120426,9.68,9.88,9.68,9.86
19120503,9.86,9.86,9.69,9.69
19120510,9.61,9.77,9.61,9.77
19120517,9.77,9.82,9.75,9.82
19120524,9.8,9.8,9.74,9.78
19120531,9.75,9.75,9.57,9.6
19120607,9.61,9.78,9.61,9.73
19120614,9.73,9.73,9.63,9.64
19120621,9.66,9.74,9.65,9.72
19120628,9.69,9.78,9.68,9.74
19120705,9.77,9.79,9.7,9.73
19120712,9.65,9.65,9.53,9.54
19120719,9.57,9.71,9.57,9.7
19120726,9.7,9.71,9.66,9.7
19120802,9.67,9.84,9.67,9.81
19120809,9.83,9.93,9.81,9.93
19120816,9.95,10.02,9.94,9.94
19120823,9.95,9.97,9.88,9.89
19120901,9.89,9.96,9.89,9.9
19120906,9.8,9.87,9.8,9.86
19120913,9.83,9.83,9.76,9.78
19120920,9.8,10,9.8,10
19120927,10.01,10.09,10.01,10.09
19121004,10.09,10.1,10.04,10.1
19121013,10.08,10.08,9.92,9.92
19121018,9.9,10.01,9.9,9.98
19121025,9.88,9.89,9.77,9.8
19121103,9.83,9.83,9.71,9.77
19121108,9.78,9.95,9.77,9.77
19121115,9.7,9.8,9.7,9.79
19121122,9.77,9.85,9.75,9.78
19121129,9.72,9.81,9.72,9.81
19121206,9.76,9.76,9.56,9.56
19121213,9.4,9.41,9.32,9.34
19121220,9.41,9.52,9.35,9.48
19121227,9.45,9.46,9.42,9.42
19130103,9.41,9.54,9.41,9.51
19130110,9.45,9.57,9.45,9.52
19130117,9.38,9.38,9.27,9.29
19130124,9.12,9.27,9.12,9.18
19130131,9.18,9.27,9.18,9.25
19130207,9.23,9.23,9.18,9.21
19130214,9.14,9.14,8.99,8.99
19130223,8.9,8.91,8.84,8.86
19130228,8.81,8.93,8.76,8.9
19130307,8.98,8.98,8.81,8.81
19130314,8.75,8.84,8.75,8.81
19130323,8.77,8.77,8.72,8.72
19130328,8.78,8.97,8.78,8.97
19130404,8.96,9.14,8.96,9.1
19130411,9.04,9.1,8.99,9.01
19130418,8.99,8.99,8.94,8.94
19130425,9,9,8.78,8.78
19130502,8.76,8.76,8.66,8.72
19130509,8.8,8.8,8.7,8.7
19130516,8.67,8.71,8.65,8.67
19130523,8.68,8.8,8.68,8.8
19130601,8.77,8.77,8.63,8.63
19130606,8.49,8.49,8.3,8.32
19130613,8.23,8.39,8.04,8.39
19130620,8.3,8.41,8.23,8.23
19130627,8.27,8.36,8.27,8.36
19130706,8.3,8.36,8.3,8.36
19130711,8.33,8.33,8.29,8.32
19130718,8.3,8.47,8.3,8.45
19130725,8.54,8.59,8.52,8.59
19130801,8.63,8.63,8.51,8.51
19130808,8.57,8.63,8.57,8.6
19130815,8.66,8.74,8.61,8.64
19130822,8.66,8.68,8.64,8.66
19130831,8.67,8.73,8.64,8.73
19130905,8.66,8.67,8.59,8.67
19130912,8.65,8.9,8.65,8.9
19130919,8.85,8.88,8.82,8.84
19130926,8.86,8.86,8.78,8.79
19131003,8.73,8.76,8.68,8.7
19131010,8.64,8.65,8.48,8.48
19131017,8.43,8.43,8.34,8.41
19131024,8.4,8.56,8.4,8.48
19131031,8.54,8.54,8.44,8.45
19131107,8.4,8.42,8.32,8.32
19131114,8.24,8.37,8.24,8.36
19131121,8.35,8.36,8.3,8.3
19131128,8.3,8.38,8.3,8.3
19131205,8.29,8.41,8.29,8.38
19131212,8.42,8.42,8.28,8.3
19131219,8.23,8.43,8.23,8.43
19131226,8.46,8.47,8.42,8.45
19140102,8.41,8.44,8.4,8.41
19140109,8.47,8.49,8.46,8.49
19140116,8.5,8.68,8.5,8.66
19140123,8.72,8.88,8.71,8.84
19140130,8.86,8.89,8.76,8.89
19140206,8.84,8.89,8.77,8.77
19140213,8.74,8.78,8.74,8.78
19140220,8.71,8.74,8.69,8.71
19140227,8.69,8.69,8.6,8.65
19140306,8.59,8.65,8.5,8.5
19140313,8.51,8.56,8.49,8.55
19140320,8.54,8.66,8.54,8.64
19140327,8.7,8.7,8.54,8.54
19140403,8.55,8.63,8.55,8.59
19140410,8.6,8.61,8.51,8.51
19140417,8.48,8.48,8.36,8.36
19140424,8.27,8.33,8.13,8.13
19140501,8.18,8.41,8.18,8.38
19140508,8.42,8.42,8.32,8.34
19140515,8.38,8.48,8.38,8.46
19140522,8.51,8.52,8.45,8.5
19140531,8.48,8.53,8.48,8.5
19140605,8.45,8.48,8.39,8.48
19140612,8.49,8.52,8.49,8.5
19140619,8.5,8.5,8.45,8.49
19140626,8.52,8.52,8.28,8.35
19140705,8.34,8.46,8.34,8.46
19140710,8.47,8.5,8.41,8.41
19140717,8.36,8.38,8.29,8.32
19140724,8.19,8.23,8.1,8.1
19140802,8.05,8.05,7.39,7.39
19141211,7.55,7.55,7.55,7.55
19141218,7.78,7.78,7.61,7.63
19141225,7.54,7.54,7.33,7.36
19150101,7.48,7.48,7.45,7.46
19150108,7.57,7.64,7.55,7.64
19150115,7.73,7.78,7.72,7.75
19150122,7.83,7.96,7.83,7.93
19150129,7.89,7.93,7.69,7.76
19150205,7.7,7.76,7.63,7.64
19150212,7.65,7.76,7.65,7.69
19150219,7.67,7.67,7.52,7.52
19150226,7.42,7.48,7.41,7.48
19150305,7.47,7.64,7.47,7.62
19150312,7.69,7.69,7.62,7.62
19150319,7.65,7.68,7.62,7.68
19150326,7.73,7.96,7.73,7.96
19150402,8.01,8.08,8.01,8.08
19150409,8.15,8.43,8.15,8.43
19150416,8.36,8.7,8.36,8.7
19150423,8.64,8.75,8.64,8.75
19150430,8.69,8.82,8.67,8.79
19150507,8.63,8.65,8.13,8.13
19150514,8.02,8.26,7.88,8.03
19150521,8.15,8.28,8.08,8.28
19150528,8.27,8.27,8.18,8.18
19150604,8.17,8.45,8.17,8.45
19150611,8.46,8.62,8.34,8.62
19150618,8.6,8.61,8.56,8.57
19150625,8.62,8.65,8.5,8.58
19150702,8.57,8.57,8.42,8.42
19150709,8.43,8.43,8.17,8.24
19150716,8.38,8.47,8.38,8.46
19150723,8.43,8.57,8.43,8.57
19150730,8.59,8.76,8.59,8.73
19150806,8.82,8.91,8.82,8.88
19150813,8.93,9.05,8.93,9.02
19150820,9.15,9.18,8.8,8.8
19150827,8.82,9.18,8.82,9.18
19150903,9.17,9.17,9.1,9.17
19150910,9.18,9.24,9.13,9.13
19150917,9.2,9.34,9.2,9.34
19150924,9.4,9.69,9.4,9.69
19151001,9.82,9.89,9.81,9.89
19151008,9.85,10.11,9.75,10.11
19151015,10.22,10.23,10.1,10.15
19151022,10.28,10.37,10.2,10.36
19151029,10.38,10.59,10.33,10.59
19151105,10.59,10.66,10.47,10.47
19151112,10.37,10.54,10.24,10.54
19151119,10.52,10.62,10.52,10.53
19151126,10.54,10.66,10.54,10.63
19151203,10.64,10.64,10.43,10.58
19151210,10.7,10.7,10.5,10.54
19151217,10.48,10.65,10.48,10.58
19151226,10.6,10.68,10.6,10.68
19160102,10.78,10.78,10.67,10.7
19160107,10.67,10.67,10.49,10.58
19160114,10.44,10.5,10.34,10.5
19160121,10.49,10.49,10.26,10.33
19160128,10.22,10.23,10.01,10.01
19160204,9.88,10.19,9.88,10.08
19160213,10.18,10.3,10.18,10.3
19160218,10.21,10.21,10.1,10.15
19160225,10.12,10.12,10.02,10.02
19160303,9.91,9.96,9.87,9.93
19160310,10.03,10.08,10.01,10.05
19160317,10.17,10.31,10.17,10.3
19160324,10.15,10.17,10.13,10.13
19160331,10.14,10.15,10.04,10.08
19160407,10.12,10.19,10.09,10.09
19160414,10.14,10.14,9.93,9.95
19160421,9.92,9.92,9.5,9.5
19160428,9.64,9.89,9.64,9.89
19160505,9.95,9.95,9.73,9.94
19160512,9.97,10.1,9.93,10.1
19160519,10.18,10.28,10.11,10.28
19160526,10.37,10.37,10.22,10.22
19160602,10.27,10.27,10.22,10.24
19160609,10.28,10.41,10.28,10.39
19160616,10.47,10.47,10.28,10.28
19160623,10.1,10.17,10.03,10.05
19160630,9.9,10.1,9.9,10.05
19160707,10.12,10.2,10.12,10.13
19160714,10.05,10.05,9.88,9.94
19160721,9.93,10.05,9.93,10.05
19160728,9.99,9.99,9.88,9.94
19160804,9.96,9.96,9.9,9.91
19160811,9.92,10.11,9.9,10.09
19160818,10.12,10.23,10.12,10.18
19160825,10.27,10.38,10.27,10.27
19160901,10.24,10.24,10.08,10.17
19160908,10.23,10.4,10.23,10.4
19160915,10.4,10.7,10.4,10.7
19160922,10.7,10.83,10.64,10.83
19160929,10.81,11.04,10.81,10.99
19161006,11,11.14,11,11.09
19161013,10.82,10.94,10.73,10.75
19161020,10.93,11.06,10.93,11.06
19161027,11.16,11.16,11.07,11.09
19161103,11.06,11.18,11.06,11.16
19161110,11.27,11.27,11.14,11.14
19161117,11.04,11.28,11.04,11.28
19161124,11.32,11.32,11.11,11.26
19161201,11.15,11.15,11.04,11.15
19161208,11.09,11.13,11.02,11.02
19161215,10.93,10.93,10.53,10.67
19161222,10.61,10.61,10,10.36
19161231,10.44,10.44,10.3,10.34
19170105,10.41,10.58,10.37,10.4
19170112,10.39,10.44,10.25,10.25
19170119,10.29,10.47,10.29,10.47
19170126,10.39,10.42,10.34,10.37
19170202,10.3,10.3,9.53,9.71
19170209,9.84,9.85,9.66,9.69
19170216,9.83,9.83,9.74,9.83
19170223,9.9,10,9.85,9.85
19170302,9.92,9.92,9.69,9.88
19170309,9.96,10.02,9.92,10.02
19170316,9.95,10.02,9.92,10.02
19170323,10.15,10.33,10.13,10.33
19170330,10.16,10.24,10.11,10.11
19170406,10.21,10.21,9.82,9.82
19170413,9.74,9.89,9.67,9.89
19170420,9.76,9.76,9.7,9.7
19170427,9.68,9.86,9.65,9.78
19170504,9.81,9.81,9.39,9.39
19170511,9.48,9.48,9.28,9.33
19170518,9.4,9.59,9.34,9.57
19170525,9.64,9.89,9.64,9.89
19170601,9.93,9.95,9.88,9.88
19170608,9.84,10.04,9.84,10.04
19170615,9.95,10.02,9.93,9.93
19170622,9.79,9.97,9.77,9.97
19170629,10.01,10.01,9.81,9.81
19170706,9.69,9.72,9.59,9.67
19170713,9.63,9.71,9.62,9.69
19170720,9.62,9.66,9.51,9.64
19170727,9.57,9.59,9.54,9.59
19170805,9.58,9.65,9.57,9.65
19170810,9.7,9.7,9.54,9.56
19170817,9.61,9.61,9.47,9.47
19170824,9.43,9.43,9.21,9.32
19170902,9.27,9.27,8.93,8.93
19170907,8.69,8.86,8.69,8.83
19170914,8.87,8.87,8.69,8.79
19170921,8.65,8.89,8.63,8.88
19170928,8.97,9.04,8.77,8.8
19171005,8.74,8.74,8.52,8.63
19171014,8.55,8.55,8.3,8.32
19171019,8.09,8.42,8.09,8.42
19171026,8.4,8.4,8.23,8.34
19171102,8.12,8.12,7.67,7.73
19171109,7.5,7.65,7.39,7.58
19171116,7.61,7.61,7.47,7.53
19171123,7.67,7.88,7.67,7.83
19171130,7.86,7.86,7.67,7.7
19171207,7.65,7.69,7.52,7.54
19171214,7.56,7.56,7.2,7.26
19171221,7.23,7.24,7.06,7.23
19171228,7.34,7.85,7.23,7.85
19180104,7.96,8.06,7.9,7.9
19180111,7.95,8.05,7.9,7.9
19180118,7.8,7.9,7.78,7.9
19180125,7.96,8.03,7.9,8.03
19180201,8.09,8.3,8.07,8.3
19180208,8.26,8.26,8.11,8.18
19180215,8.15,8.3,8.15,8.3
19180222,8.41,8.44,8.3,8.3
19180301,8.23,8.35,8.23,8.23
19180308,8.22,8.36,8.22,8.34
19180315,8.38,8.38,8.28,8.32
19180322,8.22,8.28,8,8
19180329,8.04,8.09,8.04,8.09
19180405,8.12,8.16,8.07,8.16
19180412,8.12,8.12,7.93,7.97
19180419,8.09,8.22,8.03,8.22
19180426,8.21,8.21,8.09,8.09
19180503,8.09,8.19,8.06,8.15
19180510,8.23,8.47,8.23,8.47
19180517,8.52,8.7,8.52,8.63
19180524,8.57,8.62,8.47,8.49
19180531,8.31,8.36,8.29,8.29
19180607,8.3,8.42,8.3,8.36
19180614,8.34,8.5,8.34,8.5
19180621,8.46,8.54,8.46,8.53
19180628,8.57,8.61,8.56,8.56
19180705,8.49,8.59,8.49,8.59
19180712,8.54,8.57,8.46,8.47
19180719,8.4,8.57,8.4,8.53
19180726,8.47,8.49,8.41,8.49
19180802,8.48,8.48,8.43,8.44
19180809,8.48,8.54,8.45,8.54
19180816,8.56,8.61,8.56,8.56
19180823,8.58,8.74,8.58,8.74
19180830,8.72,8.74,8.69,8.74
19180906,8.82,8.82,8.68,8.7
19180913,8.62,8.62,8.45,8.53
19180920,8.52,8.6,8.52,8.6
19180927,8.61,8.7,8.61,8.69
19181004,8.79,8.79,8.73,8.77
19181013,8.76,8.83,8.7,8.83
19181018,9,9.22,8.95,9.22
19181025,9.22,9.27,9.05,9.15
19181101,9.11,9.11,8.86,8.97
19181108,9.06,9.34,9.06,9.34
19181115,9.23,9.23,9.07,9.07
19181122,9.03,9.03,8.74,8.74
19181129,8.52,8.69,8.52,8.69
19181206,8.72,8.81,8.72,8.8
19181213,8.84,8.92,8.73,8.75
19181220,8.77,8.78,8.57,8.58
19181227,8.53,8.54,8.44,8.54
19190103,8.46,8.68,8.46,8.65
19190110,8.59,8.63,8.56,8.56
19190117,8.55,8.58,8.45,8.45
19190124,8.36,8.49,8.3,8.47
19190131,8.47,8.48,8.38,8.38
19190207,8.39,8.45,8.3,8.3
19190214,8.33,8.48,8.33,8.48
19190223,8.54,8.67,8.52,8.67
19190228,8.72,8.79,8.69,8.71
19190307,8.8,8.88,8.62,8.88
19190314,8.9,8.98,8.9,8.9
19190321,8.94,8.95,8.87,8.93
19190328,8.88,8.9,8.77,8.9
19190404,8.9,9,8.9,9
19190411,9.03,9.06,8.95,8.95
19190418,9,9.05,9,9.04
19190425,9.07,9.21,9.07,9.21
19190502,9.23,9.34,9.19,9.34
19190509,9.41,9.58,9.41,9.55
19190516,9.57,9.84,9.57,9.84
19190523,9.77,9.91,9.77,9.91
19190601,10.06,10.15,10.05,10.15
19190606,10.21,10.23,9.98,10.21
19190613,10.19,10.19,9.79,9.79
19190620,9.57,10.04,9.57,10.04
19190627,10,10.01,9.92,10.01
19190706,9.99,10.16,9.99,10.16
19190711,10.18,10.28,10.18,10.27
19190720,10.35,10.41,10.33,10.33
19190725,10.1,10.3,10.1,10.3
19190803,10.28,10.28,10,10.05
19190808,9.61,9.72,9.37,9.59
19190817,9.56,9.63,9.43,9.43
19190822,9.22,9.37,9.14,9.37
19190831,9.45,9.6,9.38,9.6
19190905,9.68,9.81,9.64,9.64
19190912,9.64,9.76,9.64,9.76
19190919,9.78,9.78,9.5,9.5
19190926,9.59,9.82,9.59,9.82
19191003,9.84,9.97,9.8,9.93
19191010,10.04,10.16,10.04,10.16
19191017,10.02,10.04,10.01,10.04
19191024,10.15,10.25,10,10
19191031,10.12,10.29,10.12,10.26
19191107,10.3,10.3,10.14,10.14
19191114,9.96,9.96,9.59,9.88
19191121,9.86,9.86,9.58,9.7
19191128,9.72,9.72,9.24,9.27
19191205,9.24,9.52,9.24,9.52
19191212,9.54,9.54,9.16,9.29
19191219,9.24,9.4,9.21,9.31
19191226,9.24,9.35,9.22,9.35
19200102,9.26,9.62,9.26,9.62
19200109,9.57,9.57,9.39,9.39
19200116,9.25,9.27,9.11,9.16
19200123,9.16,9.2,9.09,9.14
19200130,9.19,9.22,9.16,9.22
19200206,9.18,9.18,8.6,8.65
19200213,8.61,8.61,8.18,8.49
19200220,8.37,8.84,8.37,8.84
19200227,8.69,8.69,8.42,8.57
19200305,8.65,8.73,8.58,8.72
19200312,8.96,9.2,8.96,9.19
19200319,9.24,9.42,9.2,9.38
19200326,9.39,9.39,9.14,9.32
19200404,9.23,9.24,9.22,9.22
19200409,9.23,9.4,9.23,9.34
19200416,9.23,9.32,9.23,9.28
19200423,9.11,9.11,8.63,8.66
19200502,8.89,8.89,8.56,8.56
19200507,8.56,8.7,8.56,8.7
19200514,8.62,8.62,8.39,8.48
19200521,8.45,8.45,8.12,8.21
19200528,8.13,8.54,8.13,8.54
19200604,8.39,8.48,8.39,8.48
19200611,8.41,8.48,8.41,8.46
19200618,8.36,8.42,8.36,8.41
19200625,8.37,8.37,8.29,8.36
19200704,8.32,8.44,8.32,8.44
19200709,8.51,8.71,8.51,8.71
19200716,8.59,8.59,8.4,8.42
19200723,8.41,8.48,8.4,8.41
19200730,8.25,8.3,8.2,8.26
19200806,8.16,8.29,8.16,8.16
19200813,8.06,8.26,8.06,8.24
19200820,8.21,8.35,8.13,8.35
19200827,8.33,8.46,8.33,8.43
19200905,8.45,8.62,8.45,8.62
19200910,8.62,8.62,8.48,8.48
19200917,8.49,8.78,8.49,8.78
19200924,8.73,8.73,8.56,8.61
19201001,8.44,8.71,8.44,8.71
19201008,8.76,8.77,8.67,8.67
19201015,8.64,8.78,8.64,8.73
19201022,8.66,8.74,8.66,8.74
19201029,8.72,8.72,8.61,8.65
19201105,8.71,8.8,8.62,8.62
19201112,8.51,8.51,8,8
19201119,8.03,8.07,7.7,7.82
19201126,8.1,8.1,7.95,7.95
19201203,7.99,8.01,7.93,8.01
19201210,7.9,7.92,7.51,7.51
19201217,7.34,7.53,7.29,7.29
19201226,7.22,7.34,7.05,7.29
19210102,7.26,7.64,7.26,7.64
19210107,7.67,7.86,7.67,7.85
19210114,7.92,7.92,7.8,7.88
19210121,7.84,7.91,7.75,7.76
19210128,7.77,7.9,7.77,7.9
19210204,7.86,7.86,7.68,7.74
19210213,7.71,7.77,7.7,7.7
19210218,7.78,7.81,7.75,7.75
19210225,7.69,7.73,7.66,7.7
19210304,7.66,7.68,7.6,7.68
19210311,7.65,7.65,7.3,7.35
19210318,7.34,7.62,7.34,7.62
19210325,7.54,7.68,7.54,7.65
19210401,7.56,7.68,7.51,7.51
19210408,7.5,7.6,7.5,7.5
19210415,7.51,7.57,7.38,7.57
19210422,7.54,7.72,7.5,7.72
19210429,7.74,7.76,7.67,7.75
19210506,7.81,7.95,7.79,7.94
19210513,7.96,7.96,7.75,7.75
19210520,7.78,7.83,7.59,7.59
19210529,7.63,7.63,7.52,7.55
19210603,7.5,7.51,7.45,7.48
19210610,7.36,7.36,7.16,7.16
19210617,7.17,7.21,6.98,6.98
19210624,6.73,7.06,6.73,7.06
19210703,6.97,7.2,6.97,7.17
19210708,7.13,7.34,7.13,7.25
19210715,7.25,7.25,7.1,7.11
19210722,7.16,7.34,7.16,7.34
19210729,7.38,7.38,7.32,7.36
19210805,7.42,7.5,7.29,7.29
19210812,7.29,7.29,7.11,7.16
19210819,7.12,7.14,7.07,7.09
19210826,7,7.06,6.91,7.06
19210904,7.11,7.24,7.11,7.22
19210909,7.3,7.5,7.3,7.5
19210916,7.43,7.54,7.43,7.44
19210923,7.38,7.52,7.33,7.51
19210930,7.48,7.55,7.41,7.55
19211007,7.54,7.54,7.43,7.49
19211014,7.46,7.46,7.29,7.29
19211021,7.2,7.37,7.2,7.37
19211028,7.45,7.58,7.42,7.58
19211104,7.53,7.57,7.53,7.56
19211111,7.58,7.74,7.58,7.74
19211118,7.66,7.83,7.66,7.83
19211125,7.8,7.92,7.77,7.92
19211202,7.96,7.98,7.93,7.98
19211209,7.95,7.99,7.9,7.99
19211216,8,8.04,8,8.02
19211223,8.02,8.02,7.86,7.91
19211230,7.97,8.02,7.95,8.02
19220106,7.87,7.93,7.86,7.9
19220113,7.86,8.09,7.86,8.09
19220120,8.11,8.21,8.11,8.17
19220127,8.15,8.16,8.06,8.09
19220203,8.07,8.25,8.06,8.25
19220210,8.28,8.28,8.23,8.25
19220217,8.33,8.35,8.32,8.35
19220224,8.39,8.46,8.39,8.39
19220303,8.42,8.5,8.42,8.45
19220310,8.44,8.61,8.44,8.61
19220317,8.59,8.67,8.59,8.67
19220324,8.69,8.69,8.57,8.59
19220331,8.54,8.77,8.54,8.77
19220407,8.85,9.01,8.79,9.01
19220414,9.04,9.16,9.03,9.16
19220421,9.17,9.21,9.04,9.21
19220428,9.18,9.18,9.02,9.15
19220505,9.18,9.2,9.17,9.2
19220512,9.15,9.15,9.02,9.13
19220519,9.07,9.33,9.07,9.33
19220526,9.35,9.4,9.29,9.4
19220602,9.46,9.46,9.35,9.36
19220609,9.34,9.34,9.11,9.11
19220616,8.91,9.1,8.91,8.95
19220623,8.98,9.17,8.98,9.17
19220630,9.2,9.2,9.07,9.16
19220707,9.16,9.39,9.16,9.28
19220714,9.3,9.39,9.3,9.39
19220721,9.39,9.47,9.39,9.41
19220728,9.31,9.55,9.31,9.55
19220804,9.61,9.62,9.53,9.62
19220811,9.66,9.66,9.61,9.62
19220818,9.52,9.84,9.52,9.84
19220825,9.95,9.98,9.89,9.89
19220901,9.8,10,9.8,9.98
19220908,10.01,10.1,9.9,10.1
19220915,10.12,10.12,10,10.01
19220922,9.85,9.96,9.8,9.86
19220929,9.85,9.85,9.6,9.6
19221006,9.73,9.95,9.73,9.93
19221013,10.03,10.16,9.98,10.16
19221020,10.14,10.14,10.01,10.09
19221027,9.95,9.96,9.78,9.83
19221103,9.64,9.83,9.57,9.81
19221110,9.74,9.81,9.51,9.51
19221117,9.44,9.44,9.27,9.37
19221124,9.39,9.39,9.05,9.05
19221201,8.99,9.38,8.99,9.38
19221208,9.31,9.42,9.26,9.41
19221215,9.41,9.46,9.41,9.44
19221224,9.37,9.53,9.37,9.53
19221229,9.55,9.55,9.45,9.54
19230105,9.55,9.58,9.46,9.46
19230112,9.47,9.52,9.4,9.52
19230119,9.47,9.47,9.38,9.45
19230126,9.41,9.53,9.41,9.53
19230202,9.58,9.64,9.48,9.64
19230209,9.71,9.88,9.71,9.88
19230216,9.9,9.94,9.86,9.94
19230223,9.95,10.02,9.95,9.97
19230302,9.92,10.08,9.92,10.08
19230309,10.08,10.08,9.96,9.96
19230316,9.98,10.07,9.95,10.02
19230323,10.05,10.07,9.92,9.92
19230330,9.81,9.88,9.8,9.8
19230406,9.67,9.77,9.67,9.76
19230413,9.74,9.78,9.67,9.78
19230420,9.75,9.85,9.7,9.7
19230427,9.67,9.71,9.67,9.67
19230504,9.46,9.47,9.32,9.33
19230511,9.08,9.32,9.08,9.14
19230518,9.27,9.27,9.07,9.07
19230525,8.93,9.3,8.93,9.3
19230601,9.31,9.33,9.13,9.16
19230608,9.21,9.4,9.21,9.4
19230615,9.38,9.38,9.2,9.2
19230622,9.03,9.09,8.85,9.07
19230629,8.93,8.93,8.5,8.5
19230706,8.64,8.68,8.52,8.68
19230713,8.67,8.71,8.55,8.71
19230720,8.69,8.89,8.69,8.89
19230727,8.86,8.86,8.51,8.51
19230803,8.58,8.58,8.47,8.47
19230810,8.6,8.67,8.6,8.63
19230817,8.62,8.88,8.62,8.88
19230824,8.84,8.86,8.79,8.79
19230831,8.86,8.97,8.86,8.94
19230907,8.84,8.93,8.84,8.93
19230914,8.96,8.99,8.63,8.63
19230921,8.66,8.66,8.59,8.64
19230928,8.68,8.68,8.58,8.58
19231005,8.62,8.81,8.62,8.78
19231012,8.74,8.74,8.59,8.59
19231019,8.66,8.66,8.53,8.61
19231026,8.56,8.56,8.44,8.44
19231102,8.47,8.76,8.45,8.76
19231109,8.75,8.88,8.74,8.88
19231116,8.86,8.88,8.75,8.75
19231123,8.88,8.97,8.88,8.97
19231130,9.01,9.01,8.96,9
19231207,8.96,9.1,8.96,9.09
19231214,9.06,9.08,9.01,9.08
19231221,9.06,9.06,8.93,8.95
19231228,9,9.08,9,9.08
19240104,9.11,9.17,9.07,9.17
19240111,9.21,9.3,9.21,9.29
19240118,9.16,9.16,9.09,9.16
19240125,9.2,9.39,9.19,9.39
19240201,9.37,9.46,9.35,9.46
19240208,9.48,9.49,9.38,9.43
19240215,9.46,9.46,9.14,9.25
19240222,9.12,9.25,9.12,9.25
19240229,9.2,9.26,9.15,9.23
19240307,9.17,9.28,9.17,9.26
19240314,9.18,9.31,9.18,9.26
19240321,9.17,9.21,9.16,9.18
19240328,9.17,9.17,8.95,8.95
19240404,9,9.2,9,9.15
19240411,9.08,9.08,8.87,8.89
19240418,8.8,8.93,8.8,8.92
19240425,8.79,8.95,8.79,8.95
19240502,8.88,8.97,8.86,8.96
19240509,8.97,9,8.89,8.89
19240516,8.83,8.87,8.8,8.84
19240523,8.87,8.96,8.76,8.96
19240601,8.98,8.98,8.89,8.89
19240606,8.9,8.97,8.87,8.89
19240613,8.95,9.19,8.95,9.19
19240620,9.23,9.24,9.2,9.23
19240627,9.15,9.38,9.15,9.38
19240704,9.41,9.43,9.41,9.43
19240711,9.48,9.54,9.47,9.54
19240718,9.55,9.64,9.54,9.64
19240725,9.72,9.85,9.72,9.85
19240801,9.88,9.96,9.86,9.96
19240808,9.97,9.97,9.91,9.96
19240815,10.04,10.16,9.96,10.16
19240822,10.21,10.21,9.98,9.98
19240829,9.99,10.11,9.92,10.11
19240905,10.1,10.1,9.79,9.79
19240912,9.83,9.91,9.81,9.89
19240919,9.85,10,9.85,10
19240926,9.95,10.09,9.95,10.04
19241003,9.96,10.04,9.89,9.9
19241010,9.86,9.87,9.76,9.76
19241017,9.57,9.8,9.57,9.8
19241024,9.75,9.91,9.75,9.88
19241031,9.83,9.99,9.83,9.99
19241107,9.99,10.31,9.99,10.31
19241114,10.3,10.48,10.3,10.46
19241121,10.55,10.67,10.55,10.61
19241128,10.62,10.73,10.62,10.73
19241205,10.67,10.82,10.67,10.76
19241212,10.76,10.85,10.67,10.85
19241219,10.91,11.13,10.91,11.13
19241226,11.13,11.26,11.03,11.26
19250102,11.21,11.44,11.14,11.44
19250109,11.29,11.52,11.29,11.49
19250116,11.55,11.57,11.35,11.48
19250123,11.43,11.48,11.37,11.45
19250130,11.37,11.49,11.36,11.49
19250206,11.36,11.46,11.33,11.45
19250213,11.49,11.49,11.35,11.35
19250220,11.14,11.45,11.14,11.45
19250227,11.44,11.55,11.44,11.49
19250306,11.6,11.69,11.53,11.63
19250313,11.56,11.58,11.42,11.53
19250320,11.28,11.29,11.09,11.2
19250327,10.97,11.05,10.85,10.85
19250403,10.74,11,10.74,11
19250410,11.11,11.11,11.04,11.06
19250417,11.11,11.29,11.11,11.29
19250424,11.23,11.23,11.08,11.13
19250501,11.11,11.31,11.11,11.31
19250508,11.39,11.51,11.39,11.45
19250515,11.39,11.55,11.39,11.55
19250522,11.6,11.77,11.6,11.77
19250531,11.72,11.87,11.72,11.87
19250605,11.81,11.84,11.74,11.74
19250612,11.58,11.75,11.55,11.75
19250619,11.68,11.77,11.68,11.75
19250626,11.67,11.79,11.6,11.79
19250705,11.72,11.91,11.72,11.9
19250710,11.94,11.98,11.87,11.87
19250717,11.9,12.08,11.9,12.08
19250724,12.1,12.12,12,12.12
19250731,12.17,12.17,12.01,12.06
19250807,12.14,12.32,12.14,12.32
19250814,12.29,12.51,12.29,12.51
19250821,12.64,12.71,12.63,12.71
19250828,12.72,12.73,12.58,12.58
19250904,12.55,12.55,12.24,12.54
19250911,12.52,12.81,12.52,12.81
19250918,12.88,12.98,12.71,12.98
19250925,12.87,12.9,12.78,12.78
19251002,12.76,12.87,12.7,12.87
19251009,12.86,12.86,12.73,12.86
19251016,12.86,13,12.86,12.91
19251023,13.03,13.33,13.03,13.33
19251030,13.36,13.51,13.29,13.51
19251106,13.58,13.6,13.53,13.55
19251113,13.5,13.71,13.16,13.65
19251120,13.41,13.43,13.22,13.32
19251127,13.13,13.42,13.12,13.37
19251204,13.35,13.6,13.35,13.6
19251211,13.6,13.65,13.47,13.65
19251218,13.68,13.71,13.61,13.63
19251227,13.55,13.87,13.55,13.87
19260101,13.9,14.03,13.85,14.03
19260108,14,14.05,13.94,14.01
19260115,13.94,13.98,13.68,13.68
19260122,13.75,13.75,13.5,13.64
19260129,13.69,13.88,13.64,13.88
19260205,13.8,14.02,13.8,13.99
19260212,13.92,14.13,13.92,14.12
19260219,13.83,14.05,13.83,14.05
19260226,13.88,13.88,13.55,13.55
19260305,13.32,13.36,12.79,13.31
19260312,13.28,13.64,13.28,13.38
19260319,13.41,13.41,12.99,12.99
19260326,13.12,13.12,12.72,12.72
19260402,12.43,12.7,12.27,12.69
19260409,12.76,12.88,12.74,12.74
19260416,12.48,12.64,12.47,12.5
19260423,12.5,13.1,12.5,13.1
19260430,13.02,13.08,12.97,12.97
19260507,12.75,12.88,12.73,12.73
19260514,12.64,12.73,12.61,12.61
19260521,12.61,12.87,12.58,12.87
19260530,12.91,13.1,12.91,13.1
19260604,13,13.23,13,13.23
19260611,13.24,13.49,13.22,13.49
19260618,13.56,13.77,13.5,13.77
19260625,13.82,13.82,13.67,13.67
19260704,13.71,13.9,13.71,13.9
19260709,13.89,14.01,13.89,13.98
19260716,14.02,14.16,14.01,14.16
19260723,14.15,14.15,13.81,13.81
19260730,13.92,14.3,13.92,14.3
19260806,14.38,14.56,14.38,14.56
19260813,14.64,14.72,14.31,14.72
19260820,14.71,14.71,14.47,14.51
19260827,14.56,14.56,14.37,14.48
19260905,14.54,14.82,14.54,14.82
19260910,14.93,14.93,14.57,14.57
19260917,14.4,14.54,14.25,14.4
19260924,14.29,14.52,14.29,14.52
19261001,14.47,14.54,14.38,14.52
19261008,14.28,14.28,13.77,13.77
19261015,13.65,13.93,13.52,13.52
19261022,13.63,13.75,13.47,13.74
19261029,13.71,13.97,13.71,13.84
19261105,13.86,14.04,13.86,14.04
19261112,14.16,14.16,14.04,14.12
19261119,14.14,14.22,13.96,14.02
19261126,14.08,14.24,14.08,14.17
19261203,14.13,14.3,14.13,14.3
19261210,14.29,14.44,14.25,14.44
19261217,14.44,14.68,14.42,14.68
19261226,14.62,14.62,14.55,14.56
19270102,14.49,14.49,14.29,14.36
19270107,14.21,14.28,14.19,14.28
19270114,14.32,14.32,14.23,14.27
19270121,14.26,14.36,14.26,14.32
19270128,14.27,14.27,14.08,14.22
19270204,14.31,14.35,14.3,14.33
19270213,14.33,14.5,14.33,14.5
19270218,14.58,14.86,14.58,14.83
19270225,14.76,14.89,14.76,14.87
19270304,14.96,14.96,14.69,14.69
19270311,14.63,14.88,14.63,14.88
19270318,14.9,14.97,14.77,14.85
19270325,14.92,14.92,14.73,14.91
19270401,15.03,15.03,14.94,15.01
19270408,15.12,15.25,15.12,15.25
19270415,15.3,15.38,15.25,15.38
19270422,15.36,15.55,15.36,15.52
19270429,15.29,15.37,15.17,15.24
19270506,15.26,15.57,15.26,15.57
19270513,15.61,15.61,15.49,15.61
19270520,15.48,15.89,15.48,15.89
19270527,15.88,16,15.84,16
19270603,16.02,16.02,15.78,15.86
19270610,15.97,15.97,15.84,15.85
19270617,15.56,15.86,15.56,15.84
19270624,15.81,15.81,15.63,15.65
19270701,15.44,15.7,15.44,15.7
19270708,15.85,15.94,15.85,15.9
19270715,15.97,16.2,15.97,16.2
19270722,16.23,16.35,16.23,16.34
19270729,16.43,16.72,16.43,16.72
19270805,16.87,16.96,16.64,16.64
19270812,16.44,16.59,16.17,16.33
19270819,16.57,16.81,16.57,16.81
19270826,16.92,17.03,16.92,17
19270902,17.04,17.21,16.95,17.14
19270909,17.41,17.46,17.23,17.3
19270916,17.18,17.51,17.18,17.4
19270923,17.3,17.41,17.2,17.35
19270930,17.2,17.63,17.2,17.63
19271007,17.79,17.79,17.14,17.14
19271014,16.99,17.11,16.97,17.08
19271021,16.83,16.87,16.26,16.26
19271028,16.36,16.66,16.21,16.21
19271104,16.32,16.86,16.31,16.86
19271111,17.03,17.22,16.89,17.22
19271118,17.34,17.39,17.25,17.39
19271125,17.25,17.44,17.25,17.43
19271202,17.27,17.6,17.27,17.6
19271209,17.53,17.53,17.23,17.41
19271216,17.45,17.61,17.42,17.61
19271223,17.62,17.66,17.62,17.65
19271230,17.63,17.7,17.47,17.7
19280106,17.76,17.76,17.55,17.68
19280113,17.5,17.58,17.35,17.44
19280120,17.29,17.53,17.26,17.53
19280127,17.64,17.71,17.52,17.58
19280203,17.49,17.63,17.4,17.43
19280210,17.45,17.55,17.44,17.53
19280217,17.44,17.44,16.99,16.99
19280224,16.95,17.19,16.95,17.19
19280302,17.11,17.42,17.11,17.42
19280309,17.57,17.93,17.57,17.87
19280316,18,18.32,17.92,18.32
19280323,18.36,18.79,18.36,18.79
19280330,19.05,19.28,18.89,19.13
19280408,18.91,19.23,18.91,19.23
19280413,19.27,19.73,19.1,19.59
19280422,19.68,19.68,19.34,19.34
19280427,19.15,19.75,19.15,19.75
19280506,19.75,20.24,19.75,20.24
19280513,20.41,20.41,20.21,20.36
19280520,20.44,20.44,19.92,19.92
19280527,19.63,19.9,19.36,19.9
19280601,19.57,20.22,19.57,20.22
19280608,19.8,19.85,19.12,19.12
19280615,18.68,19.05,18.34,18.75
19280622,18.4,18.57,18.34,18.46
19280629,18.47,19.19,18.47,19.19
19280706,18.98,19.48,18.98,19.44
19280713,19.46,19.46,18.81,18.93
19280720,18.7,19.03,18.7,18.96
19280727,19.12,19.47,19.09,19.47
19280803,19.47,19.47,19.33,19.41
19280810,19.58,19.58,19.25,19.3
19280817,19.29,19.71,19.13,19.71
19280824,19.77,20.45,19.77,20.45
19280831,20.38,20.87,20.38,20.87
19280907,20.97,21.09,20.94,21.03
19280914,20.92,21.23,20.92,21.23
19280921,21.33,21.36,21.18,21.24
19280928,21.43,21.43,21.13,21.37
19281005,21.2,21.58,20.82,21.17
19281012,21.16,21.74,20.75,21.63
19281019,21.58,22.23,21.42,21.84
19281026,21.83,22.32,21.31,21.87
19281102,21.86,22.23,21.39,21.97
19281109,21.95,22.87,21.92,22.73
19281116,22.51,23.54,22.39,23.37
19281125,23.26,24.28,22.79,23.7
19281130,23.55,24.75,23.55,24.03
19281207,23.98,24.26,21.72,21.92
19281214,21.74,23.02,21.5,22.52
19281221,22.48,23.52,22.11,23.33
19281228,23.38,24.32,22.88,24.05
19290104,24.13,25.33,23.7,24.57
19290111,24.59,24.88,23.84,24.47
19290118,24.36,25.1,24.08,24.88
19290125,24.97,25.83,24.68,25.43
19290201,25.4,26.2,25.06,25.8
19290210,25.7,26.01,24.16,24.44
19290215,24.26,25.6,24.05,24.05
19290224,24,24.96,23.8,24.86
19290301,24.82,26.09,24.61,25.77
19290308,25.91,26,24.67,25.31
19290315,25.42,26.33,24.9,26.13
19290322,26.24,26.38,25.12,25.21
19290331,25.23,25.71,23.12,25.53
19290405,25.19,25.46,24.36,25.07
19290412,24.94,25.51,24.37,25.17
19290419,25.17,25.7,24.66,25.45
19290426,25.43,26.14,25.32,25.65
19290503,25.68,26.65,25.19,26.48
19290510,26.39,26.71,25.69,26.24
19290517,26.29,26.43,25.41,26.05
19290524,26.1,26.2,24.68,25.03
19290531,25.09,25.13,24.01,24.92
19290607,24.85,25.95,24.8,25.39
19290614,25.42,26.24,24.98,26.05
19290621,26,26.88,25.94,26.72
19290628,26.7,27.71,26.33,27.62
19290705,27.65,28.68,27.5,28.36
19290712,28.21,28.89,27.95,28.64
19290719,28.78,29.09,28.3,28.81
19290726,28.8,29.17,28.26,28.55
19290802,28.55,30,27.95,29.81
19290809,29.8,30.06,28.22,28.83
19290816,28.82,30.48,28.82,30.24
19290823,30.12,31.43,29.71,31.15
19290901,31.14,32.02,30.84,31.71
19290906,31.74,32.24,30.82,31.92
19290913,31.9,32.15,30.76,31.47
19290920,31.4,32.18,31.21,31.39
19290927,31.57,31.9,29.9,30.44
19291004,30.48,30.7,28.24,29.98
19291013,30.06,31.29,29.59,30.76
19291018,30.7,31.18,27.82,28.01
19291025,27.99,28.83,23.41,25.94
19291103,25.76,25.76,18.85,24.15
19291110,23.95,23.95,19.54,21.18
19291117,21.18,21.18,17.37,20.3
19291124,20.19,21.98,19.72,21.53
19291201,21.48,21.52,20.45,20.92
19291206,20.72,22.92,20.46,22.73
19291213,22.77,23.13,20.83,21.96
19291220,21.95,21.96,19.84,20.55
19291227,20.5,21.31,19.71,20.66
19300103,20.66,21.88,20.45,21.48
19300110,21.57,21.8,21.08,21.45
19300117,21.44,21.89,21.08,21.37
19300124,21.46,22.27,21.29,22.23
19300131,22.06,23,21.9,22.93
19300207,22.9,23.49,22.59,23.16
19300214,23.22,23.59,22.93,23.13
19300223,23.16,23.6,22.55,22.92
19300228,22.97,23.54,22.43,23.45
19300307,23.54,23.84,23.12,23.6
19300314,23.55,23.93,23.21,23.32
19300321,23.32,24.59,23.2,24.04
19300328,24.05,25.2,23.92,25.05
19300404,25.15,25.83,24.85,25.73
19300411,25.58,26.26,25.25,25.89
19300420,25.75,26.01,25.39,25.75
19300425,25.81,25.97,25,25.37
19300502,25.53,25.58,22.73,22.84
19300509,22.86,24.15,22.1,24.13
19300516,24.25,24.82,23.95,24.28
19300523,24.33,24.33,23.3,24.19
19300601,24.16,24.63,24.07,24.49
19300606,24.45,24.61,22.95,23.03
19300613,23,23.17,21.57,21.8
19300620,21.64,21.64,19.27,19.67
19300627,19.7,20.41,18.82,19.9
19300706,19.81,20.83,19.81,20.25
19300711,20.1,20.96,19.56,20.93
19300718,20.9,21.93,20.89,21.57
19300725,21.61,21.89,20.82,21.71
19300801,21.77,22.08,20.77,21.23
19300808,21.19,21.75,19.9,20.25
19300815,20.26,20.82,19.61,20.65
19300822,20.56,21.06,20.23,20.9
19300831,20.94,21.46,20.55,21.37
19300905,21.38,21.73,20.88,21.65
19300912,21.7,22.05,21.19,21.47
19300919,21.49,21.49,20.45,20.73
19300926,20.76,20.76,19.08,19.29
19301003,19.26,19.67,18.33,19.23
19301010,19.18,19.18,17.03,17.63
19301017,17.57,18.32,16.82,16.98
19301024,17.01,17.97,16.58,17.64
19301031,17.62,18.19,16.76,17.09
19301107,17.08,17.3,15.74,15.89
19301114,15.68,17.13,15.24,17.05
19301121,16.9,17.29,16.13,17
19301128,17.02,17.38,16.2,16.57
19301205,16.61,17.07,16.09,16.22
19301212,16.14,16.14,14.96,15
19301219,14.94,15.67,14.1,15.39
19301226,15.52,15.58,14.61,14.76
19310102,14.73,16.16,14.55,16.08
19310109,16.06,16.59,15.66,16.16
19310116,16.19,16.23,15.33,15.56
19310123,15.59,16.53,15.33,16.27
19310130,16.27,16.49,15.78,16.09
19310206,16.05,16.56,15.86,16.51
19310213,16.53,17.66,16.53,17.16
19310220,17.13,18,16.96,17.93
19310227,17.88,18.53,17.69,17.93
19310306,18.02,18.23,17.18,17.64
19310313,17.62,18.15,17.03,17.49
19310320,17.5,18.21,17.38,17.89
19310327,17.85,18.07,16.74,16.84
19310403,16.8,17.09,16.3,16.67
19310410,16.76,16.99,16.19,16.46
19310417,16.41,16.98,15.56,15.89
19310424,15.86,16.06,14.87,14.95
19310501,14.98,15.48,14.18,14.82
19310508,14.76,15.7,14.61,15.21
19310515,15.16,15.37,14.17,14.33
19310522,14.19,14.23,13.46,13.84
19310531,13.85,13.85,12.9,13.02
19310605,12.97,13.96,12.02,13.06
19310612,12.96,13.93,12.77,13.73
19310619,13.8,14.1,13.05,14.02
19310626,14.04,15.6,14.04,15.5
19310705,15.48,15.48,14.55,15.26
19310710,15.23,15.45,14.13,14.37
19310717,14.33,14.49,13.45,14.27
19310724,14.29,14.72,13.87,13.92
19310731,13.89,14.24,13.54,13.84
19310807,13.85,14.12,13.4,13.59
19310814,13.61,14.49,13.35,14.43
19310821,14.38,14.41,13.72,13.81
19310828,13.77,14.15,13.54,14.1
19310906,14.13,14.13,13.17,13.29
19310911,13.11,13.11,12.32,12.37
19310918,12.27,12.27,11,11.07
19310925,11.02,11.7,10.34,10.73
19311002,10.8,10.94,9.25,9.37
19311009,9.39,11,8.72,10.64
19311016,10.62,10.62,9.74,10.38
19311023,10.37,11.05,10.23,10.94
19311030,10.94,10.94,9.86,10.53
19311106,10.59,11.54,10.31,11.37
19311113,11.4,11.76,10.42,10.6
19311120,10.59,10.78,9.67,9.77
19311127,9.78,10.02,9.1,9.17
19311204,9.11,9.69,8.87,9.33
19311211,9.29,9.55,8.02,8.2
19311218,8.19,8.64,7.51,8.4
19311227,8.43,8.54,7.89,7.96
19320101,7.97,8.33,7.61,7.82
19320108,7.82,8.68,7.41,8.4
19320115,8.44,9.15,8.14,8.72
19320122,8.81,8.91,8.07,8.16
19320129,8.13,8.41,7.69,7.89
19320205,7.89,8.35,7.65,7.72
19320212,7.72,8.87,7.37,8.8
19320219,8.83,9.11,8.29,8.52
19320226,8.56,8.6,8.11,8.35
19320304,8.35,9.01,8.21,8.98
19320311,8.95,9.11,8.47,8.6
19320318,8.64,8.64,7.9,7.96
19320325,7.88,8.15,7.55,7.62
19320401,7.65,7.78,6.96,7.1
19320408,7.07,7.12,6.2,6.31
19320415,6.31,6.62,5.84,6.33
19320422,6.35,6.35,5.9,6.01
19320429,6.06,6.36,5.75,5.83
19320506,5.81,6.21,5.47,6
19320513,6.06,6.18,5.43,5.5
19320520,5.45,5.77,5.22,5.47
19320527,5.43,5.56,4.71,4.85
19320603,4.69,5.25,4.27,5.22
19320610,5.2,5.2,4.49,4.87
19320617,4.84,5.23,4.72,4.85
19320624,4.87,4.98,4.54,4.59
19320703,4.64,4.64,4.35,4.6
19320708,4.59,4.72,4.35,4.46
19320715,4.45,5.02,4.38,4.94
19320722,4.93,5.27,4.75,5.21
19320729,5.28,6.14,5.28,6.1
19320805,6.04,7.33,5.78,7.22
19320812,7.31,7.91,6.69,6.94
19320819,7.07,7.86,7.04,7.56
19320826,7.62,8.67,7.62,8.57
19320902,8.63,9.16,8.15,9.06
19320909,9.03,9.42,8.61,8.78
19320916,8.62,8.65,7.25,7.5
19320923,7.49,8.63,7.3,8.52
19320930,8.46,8.56,7.88,8.15
19321007,8.16,8.21,6.68,6.77
19321014,6.72,7.32,6.33,7.2
19321021,7.16,7.45,6.72,6.79
19321028,6.82,7.18,6.62,7
19321104,6.98,7.02,6.36,6.98
19321111,7.08,7.78,6.84,7.68
19321118,7.69,7.69,7.06,7.24
19321125,7.25,7.31,6.63,6.81
19321202,6.77,6.89,6.37,6.46
19321209,6.46,7.11,6.44,7.03
19321216,7.05,7.25,6.81,6.99
19321223,6.97,7.13,6.49,6.65
19321230,6.66,6.98,6.51,6.89
19330108,6.9,7.33,6.78,7.23
19330113,7.21,7.49,7.04,7.23
19330120,7.23,7.32,6.91,7.1
19330127,7.06,7.18,6.88,6.96
19330203,6.97,7.01,6.42,6.45
19330210,6.42,6.85,6.32,6.67
19330217,6.5,6.5,6.04,6.19
19330224,6.14,6.14,5.52,5.59
19330305,5.61,6.01,5.41,5.84
19330317,6.26,7.11,6.26,6.61
19330324,6.58,6.65,6.07,6.22
19330331,6.21,6.22,5.8,5.88
19330407,5.87,6.26,5.78,6.21
19330414,6.32,6.77,6.32,6.66
19330421,6.66,8.13,6.45,7.75
19330428,7.76,8.37,7.48,8.32
19330505,8.42,8.9,8.23,8.48
19330512,8.45,9.19,8.23,8.81
19330519,8.81,9.11,8.61,8.66
19330526,8.67,9.73,8.5,9.64
19330602,9.74,10.18,9.55,9.85
19330609,9.86,10.62,9.76,10.49
19330616,10.62,10.92,9.51,9.96
19330623,10.34,10.86,10.09,10.59
19330630,10.58,11.27,10.58,11.19
19330707,11.37,12.2,11.36,11.97
19330714,11.99,12.26,11.56,11.91
19330721,11.78,12.4,9.19,9.71
19330730,10.09,10.82,10.09,10.43
19330806,10.32,10.56,9.62,10.13
19330813,10.05,10.9,9.94,10.59
19330820,10.56,10.85,10.05,10.58
19330827,10.58,11.33,10.58,11.28
19330903,11.3,11.39,10.83,11.23
19330908,11.18,11.18,10.51,10.66
19330915,10.68,11.32,10.67,11.1
19330922,11,11.25,9.91,10.41
19330929,10.29,10.36,9.57,9.83
19331006,9.81,10.35,9.49,10.13
19331013,10.16,10.41,9.69,9.88
19331020,9.66,9.66,8.43,8.57
19331027,8.84,9.81,8.84,9.41
19331103,9.41,9.61,8.79,9.51
19331110,9.51,10.06,9.37,9.84
19331117,9.82,10.17,9.47,9.94
19331124,9.97,10.28,9.73,10.04
19331201,10.04,10.06,9.64,9.92
19331208,9.92,10.3,9.83,10.28
19331215,10.41,10.52,9.82,9.89
19331222,9.86,9.96,9.41,9.77
19331229,9.73,10.16,9.51,10.1
19340105,10.06,10.26,9.71,9.77
19340112,9.78,10.3,9.72,10.06
19340119,10.26,11.05,10.26,10.94
19340126,10.95,11.24,10.83,11.01
19340202,11,11.64,11,11.58
19340209,11.68,11.94,10.9,11.15
19340216,11.16,11.69,11.06,11.59
19340223,11.53,11.58,10.92,10.94
19340302,10.84,11.15,10.58,11.07
19340309,11.07,11.1,10.55,10.76
19340316,10.81,11.1,10.64,10.69
19340323,10.59,10.74,10.35,10.41
19340330,10.7,10.89,10.27,10.75
19340406,10.75,10.98,10.68,10.92
19340413,10.88,11.12,10.81,10.95
19340420,10.93,11.2,10.71,11.14
19340427,11.13,11.17,10.7,10.71
19340504,10.69,10.69,10.11,10.16
19340511,10.09,10.14,9.32,9.42
19340518,9.49,9.99,9.17,9.82
19340525,9.77,9.93,9.49,9.75
19340601,9.8,9.9,9.3,9.35
19340608,9.4,10.27,9.4,10.22
19340615,10.18,10.41,10.02,10.37
19340622,10.32,10.41,9.72,9.83
19340629,9.81,10.07,9.7,9.81
19340706,9.78,9.96,9.61,9.89
19340713,9.9,10.06,9.82,9.94
19340720,9.87,9.89,9.41,9.44
19340727,9.35,9.41,8.27,8.73
19340803,8.72,9.03,8.54,8.72
19340810,8.74,9.18,8.53,8.95
19340817,8.97,9.25,8.96,9.01
19340824,9.02,9.57,8.94,9.54
19340831,9.47,9.47,9.07,9.13
19340907,9.09,9.25,8.86,8.89
19340914,8.85,8.89,8.45,8.52
19340921,8.51,9.01,8.35,8.96
19340928,8.96,9.24,8.85,9.1
19341005,9.01,9.06,8.7,8.98
19341012,8.96,9.24,8.79,9.09
19341019,9.07,9.22,8.98,9.04
19341026,9.04,9.15,8.72,8.81
19341102,8.8,8.97,8.7,8.95
19341109,8.92,9.36,8.9,9.32
19341116,9.23,9.34,9.08,9.14
19341123,9.06,9.4,9.04,9.39
19341130,9.46,9.6,9.37,9.53
19341207,9.49,9.62,9.37,9.4
19341214,9.36,9.42,9.07,9.15
19341221,9.16,9.24,8.95,9.03
19341228,9.02,9.48,9,9.44
19350104,9.49,9.58,9.38,9.57
19350111,9.55,9.65,9.1,9.15
19350118,9.13,9.26,8.87,9.25
19350125,9.24,9.32,9.14,9.2
19350201,9.14,9.14,8.94,9.09
19350208,9.04,9.08,8.79,9.06
19350215,9.05,9.09,8.95,9.05
19350222,9.1,9.44,8.84,8.86
19350301,8.87,8.89,8.68,8.79
19350308,8.77,8.77,8.33,8.48
19350315,8.47,8.5,8.04,8.22
19350322,8.19,8.57,8.06,8.46
19350329,8.45,8.53,8.31,8.47
19350405,8.51,8.84,8.43,8.82
19350412,8.81,9.09,8.75,9.07
19350419,9.09,9.36,8.95,9.34
19350426,9.37,9.53,9.29,9.34
19350503,9.37,9.53,9.18,9.5
19350510,9.45,9.83,9.33,9.8
19350517,9.79,10.12,9.73,9.87
19350524,9.88,10.13,9.85,9.96
19350531,9.96,10.18,9.41,9.51
19350607,9.56,10.01,9.56,9.98
19350614,9.93,10.3,9.87,10.26
19350621,10.26,10.52,10.04,10.52
19350628,10.54,10.58,10.09,10.23
19350705,10.23,10.49,10.21,10.47
19350712,10.46,10.66,10.44,10.6
19350719,10.62,10.73,10.51,10.61
19350726,10.65,10.93,10.65,10.92
19350802,10.93,11.15,10.89,11.12
19350809,11.18,11.65,11.13,11.6
19350816,11.59,11.74,11.5,11.7
19350823,11.57,11.68,11.31,11.32
19350830,11.36,11.5,11.02,11.32
19350906,11.26,11.76,11.17,11.72
19350913,11.71,12.02,11.64,11.77
19350920,11.76,11.93,11.22,11.31
19350927,11.35,11.68,11.35,11.57
19351004,11.58,11.65,11.06,11.44
19351013,11.49,11.84,11.41,11.75
19351018,11.76,12.04,11.72,12
19351025,12.02,12.57,12.02,12.55
19351101,12.52,12.65,12.27,12.58
19351108,12.63,13.02,12.52,12.94
19351115,12.97,13.36,12.77,13.33
19351122,13.3,13.53,13.04,13.35
19351129,13.31,13.44,12.84,12.95
19351206,12.9,13.33,12.72,13.3
19351213,13.36,13.41,12.79,12.86
19351220,12.85,13.01,12.71,12.94
19351227,12.92,13.22,12.89,13.03
19360103,13.15,13.61,13.15,13.47
19360110,13.5,13.86,13.27,13.72
19360117,13.74,13.86,13.6,13.64
19360124,13.6,13.98,13.4,13.95
19360131,13.96,14.42,13.93,14.3
19360207,14.34,14.51,14.22,14.35
19360214,14.35,14.84,14.29,14.74
19360223,14.68,14.97,14.48,14.83
19360228,14.79,14.8,14.28,14.55
19360306,14.59,15.2,14.54,14.99
19360313,14.83,14.98,14.17,14.62
19360320,14.65,15.17,14.46,14.95
19360327,14.94,15.22,14.76,14.84
19360403,14.82,15.45,14.79,15.39
19360410,15.46,15.62,15.31,15.43
19360417,15.39,15.47,14.92,14.97
19360424,14.97,15.03,14.26,14.52
19360501,14.41,14.41,13.37,13.8
19360508,13.76,14.26,13.56,14.01
19360515,13.95,14.37,13.8,14.29
19360522,14.28,14.38,13.82,14.23
19360531,14.24,14.51,14.2,14.4
19360605,14.37,14.5,14.04,14.2
19360612,14.25,14.8,14.25,14.71
19360619,14.69,14.99,14.69,14.91
19360626,14.91,15.23,14.88,14.97
19360705,14.94,15.12,14.75,15.02
19360710,15.04,15.49,14.74,15.45
19360717,15.38,15.8,15.34,15.75
19360724,15.83,16.02,15.77,15.99
19360731,16.02,16.24,15.79,15.87
19360807,15.92,16.3,15.66,16.24
19360814,16.23,16.33,15.83,15.91
19360821,15.85,15.99,15.29,15.5
19360828,15.56,16.03,15.52,15.96
19360904,16.05,16.14,15.83,16.12
19360911,16.17,16.33,16.01,16.07
19360918,16.07,16.16,15.73,16.13
19360925,16.16,16.32,15.83,16.03
19361002,16.06,16.56,15.96,16.51
19361009,16.49,17,16.45,16.98
19361016,16.94,17.17,16.74,17.12
19361023,17.15,17.27,16.99,17.11
19361030,16.88,17.32,16.64,17.21
19361106,17.22,17.72,17.04,17.68
19361113,17.66,17.8,17.01,17.13
19361120,17.29,17.71,17.08,17.31
19361127,17.19,17.43,16.82,17.37
19361204,17.29,17.36,16.89,17.03
19361211,17,17.28,16.87,17.16
19361218,17.22,17.44,16.81,16.86
19361227,16.81,17.15,16.59,17.06
19370101,17.08,17.36,16.89,17.02
19370108,17,17.57,16.86,17.5
19370115,17.52,17.89,17.43,17.86
19370122,17.81,18.02,17.54,17.92
19370129,17.88,17.9,17.45,17.83
19370205,17.79,18.27,17.74,18.02
19370212,18,18.43,17.89,18.26
19370219,18.22,18.47,18.01,18.36
19370226,18.25,18.25,17.86,18.09
19370305,18.05,18.76,17.93,18.68
19370312,18.7,18.8,18.19,18.28
19370319,18.25,18.35,17.63,17.71
19370326,17.51,17.87,17.17,17.75
19370402,17.72,18.07,17.31,17.54
19370409,17.55,17.71,16.74,16.96
19370416,16.97,17.43,16.79,17.07
19370423,17.1,17.46,16.65,16.74
19370430,16.47,16.53,15.87,16.43
19370507,16.45,16.79,16.43,16.6
19370514,16.49,16.49,15.57,15.83
19370521,15.79,16.53,15.53,16.49
19370530,16.4,16.53,16.13,16.26
19370604,16.06,16.32,15.88,16.25
19370611,16.23,16.27,15.54,15.59
19370618,15.48,15.57,14.99,15.47
19370625,15.4,15.66,15.29,15.36
19370704,15.28,15.73,15.05,15.7
19370709,15.92,16.48,15.92,16.28
19370716,16.35,16.59,16.29,16.44
19370723,16.56,17.1,16.56,17.1
19370730,17.11,17.13,16.64,16.98
19370806,16.95,17.11,16.83,17.01
19370813,17.03,17.36,16.94,17.32
19370820,17.22,17.22,16.43,16.59
19370827,16.62,16.67,15.81,15.91
19370903,15.96,16.19,15.27,15.58
19370910,15.22,15.22,14.14,14.43
19370917,14.41,14.94,13.95,14.17
19370924,14.06,14.32,13.04,13.09
19371001,13.23,13.98,13.12,13.76
19371008,13.76,13.8,12.66,12.78
19371015,12.65,12.65,11.71,11.86
19371022,11.67,12.38,10.13,11.28
19371029,11.36,12.59,11.13,12.36
19371105,12.18,12.18,11.09,11.13
19371112,11.2,12.14,10.9,11.93
19371119,11.88,11.99,10.49,10.83
19371126,10.71,11.24,10.09,11.18
19371203,11.12,11.5,10.75,11.35
19371210,11.27,11.54,10.99,11.11
19371217,11.01,11.18,10.69,11.15
19371226,11.15,11.45,11.02,11.06
19380102,10.96,10.96,10.2,10.55
19380107,10.55,11.65,10.43,11.62
19380114,11.62,12,11.57,11.91
19380121,11.83,11.86,11.33,11.41
19380128,11.41,11.45,10.39,10.51
19380204,10.53,10.95,10.24,10.76
19380213,10.69,11.12,10.52,10.93
19380218,10.93,11.23,10.74,11.19
19380225,11.21,11.72,11.21,11.54
19380304,11.45,11.5,11.09,11.12
19380311,11.07,11.07,10.54,10.61
19380318,10.71,11.13,10.09,10.41
19380325,10.39,10.57,9.16,9.2
19380401,9.21,9.38,8.37,9.26
19380408,9.28,10.31,9.14,10.27
19380415,10.16,10.66,9.85,10.62
19380422,10.58,10.63,9.85,10.37
19380429,10.27,10.27,9.61,9.7
19380506,9.63,10.47,9.53,10.4
19380513,10.43,10.67,10.21,10.28
19380520,10.23,10.27,9.8,9.82
19380527,9.83,9.92,9.14,9.4
19380603,9.34,9.69,9.2,9.65
19380610,9.64,9.97,9.64,9.77
19380617,9.65,9.79,9.51,9.67
19380624,9.91,11.41,9.91,11.39
19380701,11.38,12.19,11.16,12.14
19380708,12.16,12.32,11.78,11.96
19380715,11.87,12.26,11.68,12.12
19380722,12.18,12.78,12.11,12.76
19380729,12.74,12.92,12.18,12.4
19380805,12.3,12.86,12.2,12.81
19380812,12.85,12.87,11.82,11.88
19380819,11.88,12.4,11.88,12.31
19380826,12.3,12.68,12.2,12.37
19380902,12.07,12.38,11.81,12.35
19380909,12.31,12.44,11.85,11.88
19380916,11.9,12.1,11.09,11.18
19380923,11.45,12.04,11.13,11.36
19380930,11.18,12.48,10.85,12.46
19381007,12.42,13.03,12.37,13
19381014,12.93,13.32,12.74,13.27
19381021,13.17,13.43,12.95,13.4
19381028,13.4,13.52,13.06,13.11
19381104,13.12,13.26,13.02,13.21
19381111,13.19,13.82,13.18,13.78
19381118,13.6,13.6,12.78,12.88
19381125,12.89,12.94,12.61,12.64
19381202,12.52,12.75,12.29,12.47
19381209,12.4,12.65,12.28,12.43
19381216,12.43,13.01,12.42,12.76
19381223,12.68,12.89,12.54,12.86
19381230,12.81,13.24,12.69,13.21
19390106,13.18,13.26,12.9,12.92
19390113,12.87,12.88,12.29,12.63
19390120,12.63,12.83,12.44,12.47
19390127,12.17,12.17,11.5,11.81
19390203,11.96,12.44,11.96,12.4
19390210,12.48,12.59,12.24,12.44
19390217,12.39,12.54,12.31,12.51
19390224,12.31,12.68,12.14,12.64
19390303,12.65,12.94,12.59,12.9
19390310,12.85,13.13,12.76,13.02
19390317,12.99,13,11.93,12.02
19390324,11.98,12.24,11.66,12.04
19390331,12.03,12.16,10.95,11.23
19390407,11.3,11.54,10.15,10.18
19390414,10.22,11.11,10.1,11.06
19390421,10.89,11.04,10.61,10.94
19390428,10.89,11.19,10.72,10.92
19390505,10.92,11.36,10.83,11.24
19390512,11.23,11.46,11.14,11.24
19390519,11.22,11.33,10.81,11.08
19390526,11.06,11.59,11,11.56
19390602,11.57,11.68,11.36,11.52
19390609,11.51,11.86,11.44,11.76
19390616,11.74,11.74,11.2,11.35
19390623,11.36,11.55,11.36,11.47
19390630,11.38,11.38,10.73,10.97
19390707,10.98,11.25,10.94,11.12
19390714,11.12,11.73,11.12,11.6
19390721,11.72,12.26,11.72,12.23
19390728,12.17,12.27,12.02,12.11
19390804,12.1,12.25,11.87,11.97
19390811,11.95,11.97,11.48,11.68
19390818,11.66,11.98,11.22,11.28
19390825,11.12,11.42,10.64,11.38
19390901,11.31,11.67,10.65,11.53
19390908,12.15,12.91,12.15,12.74
19390915,12.67,13.34,12.67,12.92
19390922,12.71,13.17,12.44,13
19390929,12.98,13.26,12.68,13.02
19391006,12.97,13.01,12.65,12.69
19391013,12.7,12.89,12.65,12.7
19391020,12.71,13.15,12.67,13.02
19391027,13.01,13.25,12.92,12.98
19391103,12.95,13,12.73,12.91
19391112,12.9,12.9,12.52,12.64
19391117,12.65,12.85,12.6,12.81
19391124,12.77,12.87,12.46,12.51
19391201,12.52,12.59,12.13,12.3
19391208,12.31,12.54,12.23,12.36
19391215,12.3,12.46,12.15,12.39
19391222,12.39,12.47,12.3,12.45
19391229,12.43,12.54,12.24,12.49
19400105,12.55,12.81,12.55,12.66
19400112,12.66,12.74,12.07,12.09
19400119,12.11,12.23,11.94,12.12
19400126,12.1,12.28,12.02,12.16
19400202,12.18,12.23,12.01,12.08
19400209,12.09,12.46,12.02,12.34
19400216,12.33,12.4,12.22,12.32
19400223,12.31,12.38,12.14,12.16
19400301,12.18,12.21,12.04,12.08
19400308,12.08,12.28,12.06,12.2
19400315,12.23,12.36,11.98,12.01
19400322,12.02,12.18,11.96,12.13
19400329,12.1,12.27,11.98,12.25
19400405,12.23,12.59,12.19,12.57
19400412,12.57,12.66,12.28,12.33
19400419,12.32,12.4,11.97,12.09
19400426,12.12,12.26,12.05,12.09
19400503,12.1,12.25,12.01,12.09
19400510,12.08,12.17,11.72,11.8
19400517,11.66,11.66,9.61,9.75
19400524,9.79,10,8.86,9.25
19400531,9.28,9.48,8.88,9.23
19400607,9.19,9.41,9.01,9.33
19400614,9.2,10.08,8.88,10
19400621,10.03,10.18,9.69,9.98
19400628,10.02,10.17,9.67,9.98
19400705,9.93,9.98,9.81,9.97
19400712,9.94,10.03,9.91,9.95
19400719,9.96,10.15,9.95,9.96
19400726,9.95,10.03,9.86,10.01
19400802,10.02,10.38,10,10.28
19400809,10.28,10.39,10.13,10.36
19400816,10.36,10.4,9.81,9.93
19400823,9.9,10.36,9.88,10.21
19400830,10.21,10.58,10.2,10.56
19400906,10.54,10.96,10.51,10.81
19400913,10.63,10.63,10.27,10.37
19400920,10.42,10.67,10.42,10.67
19400927,10.73,10.95,10.55,10.65
19401004,10.64,10.93,10.62,10.78
19401013,10.75,10.8,10.45,10.58
19401018,10.55,10.75,10.48,10.7
19401025,10.71,10.87,10.62,10.85
19401101,10.85,11.2,10.74,11.12
19401108,11.14,11.43,10.75,11.4
19401115,11.42,11.45,11,11.06
19401122,11.04,11.11,10.75,10.78
19401129,10.75,10.86,10.48,10.61
19401206,10.63,10.71,10.47,10.6
19401213,10.59,10.74,10.55,10.68
19401220,10.68,10.68,10.35,10.43
19401227,10.42,10.55,10.33,10.5
19410103,10.51,10.78,10.46,10.72
19410110,10.71,10.92,10.69,10.85
19410117,10.84,10.87,10.46,10.5
19410124,10.52,10.53,10.34,10.49
19410131,10.49,10.53,9.92,10
19410207,10.01,10.23,9.94,10.2
19410214,10.19,10.22,9.52,9.6
19410223,9.61,9.79,9.51,9.76
19410228,9.75,9.99,9.75,9.9
19410307,9.83,9.96,9.74,9.91
19410314,9.93,10.11,9.93,10.05
19410321,10.02,10.09,9.89,9.9
19410328,9.88,10.05,9.87,9.92
19410404,9.94,10.2,9.93,10.11
19410411,10.09,10.09,9.59,9.6
19410418,9.6,9.67,9.35,9.38
19410425,9.38,9.51,9.29,9.39
19410502,9.4,9.5,9.26,9.35
19410509,9.32,9.61,9.28,9.59
19410516,9.59,9.62,9.31,9.38
19410523,9.39,9.61,9.38,9.45
19410530,9.38,9.43,9.31,9.35
19410606,9.33,9.58,9.3,9.57
19410613,9.56,9.91,9.56,9.83
19410620,9.81,9.96,9.74,9.79
19410627,9.9,10.04,9.85,9.88
19410704,9.87,9.94,9.79,9.92
19410711,9.95,10.38,9.95,10.29
19410718,10.3,10.37,10.19,10.31
19410725,10.34,10.57,10.31,10.39
19410801,10.36,10.54,10.29,10.32
19410808,10.36,10.4,10.14,10.15
19410815,10.17,10.19,10.01,10.07
19410822,10.1,10.21,10.1,10.16
19410829,10.17,10.32,10.14,10.3
19410905,10.3,10.36,10.19,10.22
19410912,10.21,10.28,10.11,10.25
19410919,10.25,10.49,10.22,10.25
19410926,10.27,10.36,10.03,10.13
19411003,10.12,10.24,10.09,10.13
19411010,10.14,10.15,9.8,9.84
19411017,9.84,9.86,9.52,9.71
19411024,9.71,9.86,9.67,9.78
19411031,9.71,9.71,9.47,9.54
19411107,9.53,9.69,9.49,9.55
19411114,9.54,9.55,9.15,9.31
19411121,9.32,9.42,9.2,9.39
19411128,9.38,9.47,9.07,9.1
19411205,9.12,9.45,9.03,9.38
19411212,9.21,9.21,8.51,8.72
19411219,8.69,8.82,8.41,8.48
19411226,8.49,8.57,8.3,8.45
19420102,8.36,8.99,8.28,8.97
19420109,9.06,9.14,8.77,8.79
19420116,8.82,9.08,8.79,8.92
19420123,8.95,9,8.76,8.88
19420130,8.87,9.03,8.79,8.81
19420206,8.81,9,8.81,8.86
19420213,8.8,8.8,8.56,8.68
19420220,8.65,8.71,8.42,8.5
19420227,8.48,8.61,8.44,8.59
19420306,8.53,8.62,8.15,8.23
19420313,8.22,8.26,7.91,8.02
19420320,8.03,8.31,8.02,8.12
19420327,8.12,8.24,8.03,8.05
19420403,8.06,8.14,7.99,8.11
19420410,8.09,8.23,7.95,7.96
19420417,7.97,7.99,7.68,7.76
19420424,7.76,7.85,7.51,7.57
19420501,7.57,7.77,7.45,7.75
19420508,7.75,7.99,7.74,7.94
19420515,7.96,8.02,7.73,7.95
19420522,7.93,8.07,7.82,8
19420531,7.99,8.22,7.94,8.15
19420605,8.16,8.44,8.14,8.4
19420612,8.4,8.49,8.28,8.36
19420619,8.36,8.56,8.35,8.37
19420626,8.31,8.31,8.16,8.25
19420705,8.24,8.46,8.2,8.44
19420710,8.43,8.85,8.43,8.77
19420717,8.77,8.88,8.68,8.69
19420724,8.73,8.81,8.58,8.63
19420731,8.61,8.65,8.47,8.56
19420807,8.55,8.6,8.44,8.48
19420814,8.48,8.62,8.46,8.61
19420821,8.63,8.77,8.61,8.71
19420828,8.73,8.76,8.52,8.62
19420904,8.63,8.66,8.58,8.62
19420911,8.62,8.7,8.51,8.55
19420918,8.55,8.67,8.53,8.65
19420925,8.64,8.92,8.63,8.88
19421002,8.87,9.1,8.82,9.08
19421009,9.08,9.42,9.06,9.41
19421016,9.44,9.52,9.28,9.34
19421023,9.33,9.53,9.31,9.44
19421030,9.46,9.5,9.26,9.42
19421106,9.43,9.67,9.4,9.65
19421113,9.66,9.76,9.53,9.56
19421120,9.52,9.53,9.35,9.49
19421127,9.44,9.44,9.27,9.34
19421204,9.33,9.4,9.24,9.35
19421211,9.32,9.44,9.28,9.4
19421218,9.42,9.75,9.37,9.7
19421225,9.69,9.78,9.63,9.76
19430101,9.75,9.86,9.56,9.84
19430108,9.89,9.97,9.86,9.94
19430115,9.92,10.12,9.89,10.1
19430122,10.12,10.25,9.96,10.21
19430129,10.19,10.49,10.18,10.47
19430205,10.49,10.56,10.37,10.51
19430212,10.52,10.74,10.47,10.72
19430219,10.76,10.86,10.56,10.77
19430226,10.76,11.02,10.71,11
19430305,10.98,11.1,10.78,11.07
19430312,11.02,11.11,10.84,11.06
19430319,11.05,11.07,10.84,10.87
19430326,10.89,11.35,10.86,11.33
19430402,11.38,11.62,11.38,11.58
19430409,11.52,11.81,11.11,11.19
19430416,11.18,11.42,11.02,11.39
19430423,11.39,11.53,11.31,11.48
19430430,11.48,11.68,11.43,11.65
19430507,11.72,11.99,11.71,11.93
19430514,11.95,12.03,11.64,11.73
19430521,11.75,12.01,11.66,11.89
19430528,11.87,12.12,11.81,12.11
19430604,12.15,12.29,12.12,12.28
19430611,12.25,12.25,12.01,12.1
19430618,12.03,12.03,11.83,11.97
19430625,11.96,12.28,11.83,12.25
19430702,12.31,12.4,12.24,12.37
19430709,12.36,12.45,12.3,12.42
19430716,12.46,12.7,12.43,12.56
19430723,12.55,12.6,12.44,12.49
19430730,12.45,12.45,11.64,11.68
19430806,11.64,11.84,11.46,11.61
19430813,11.62,11.87,11.57,11.84
19430820,11.82,11.95,11.7,11.72
19430827,11.66,11.76,11.54,11.68
19430903,11.68,11.87,11.64,11.84
19430910,11.82,11.96,11.74,11.92
19430917,11.93,12.23,11.86,12.21
19430924,12.2,12.29,12.06,12.09
19431001,12.06,12.12,11.95,12.08
19431008,12.07,12.07,11.64,11.79
19431015,11.74,11.88,11.65,11.87
19431022,11.85,11.98,11.81,11.89
19431029,11.89,12.02,11.85,11.92
19431105,11.9,11.95,11.56,11.6
19431112,11.54,11.54,11.21,11.25
19431119,11.27,11.38,11.1,11.35
19431126,11.36,11.37,11.09,11.12
19431203,11.1,11.26,10.96,11.24
19431210,11.23,11.54,11.21,11.52
19431217,11.52,11.63,11.4,11.61
19431226,11.62,11.68,11.56,11.61
19440102,11.6,11.74,11.44,11.67
19440107,11.66,11.96,11.63,11.89
19440114,11.88,11.95,11.77,11.92
19440121,11.93,11.94,11.83,11.92
19440128,11.91,11.93,11.72,11.81
19440204,11.82,11.89,11.58,11.63
19440213,11.64,11.8,11.55,11.74
19440218,11.74,11.89,11.71,11.78
19440225,11.78,11.91,11.74,11.88
19440303,11.87,11.93,11.79,11.9
19440310,11.9,12.16,11.9,12.14
19440317,12.19,12.34,12.18,12.25
19440324,12.23,12.3,12.08,12.11
19440331,12.11,12.15,11.91,12.04
19440407,12.02,12.09,11.93,12.07
19440414,12.06,12.1,11.92,11.98
19440421,11.97,11.98,11.66,11.79
19440428,11.77,11.9,11.66,11.87
19440505,11.88,12.11,11.88,12.1
19440512,12.11,12.12,11.95,11.98
19440519,11.99,12.15,11.97,12.13
19440526,12.13,12.27,12.1,12.25
19440602,12.24,12.38,12.23,12.31
19440609,12.29,12.38,12.2,12.33
19440616,12.45,12.89,12.45,12.86
19440623,12.87,13.04,12.87,12.91
19440630,12.93,13.06,12.87,12.99
19440707,13.04,13.25,13.03,13.23
19440714,13.23,13.31,13.18,13.24
19440721,13.21,13.21,12.64,12.66
19440728,12.68,12.86,12.66,12.7
19440804,12.71,12.84,12.6,12.64
19440811,12.65,12.86,12.59,12.85
19440820,12.83,13.07,12.8,13.04
19440827,13.02,13.05,12.75,12.8
19440903,12.81,12.9,12.77,12.86
19440908,12.83,12.86,12.33,12.41
19440915,12.42,12.56,12.32,12.51
19440922,12.5,12.7,12.48,12.69
19440929,12.7,12.8,12.66,12.78
19441006,12.78,13.01,12.76,13
19441013,12.96,13.05,12.88,13.01
19441020,12.99,13.1,12.94,13.03
19441027,12.96,12.97,12.66,12.79
19441103,12.78,12.94,12.72,12.92
19441112,12.92,13.01,12.88,12.98
19441117,12.97,12.98,12.63,12.7
19441124,12.69,12.88,12.67,12.76
19441201,12.76,12.9,12.74,12.83
19441208,12.85,13.18,12.82,13.15
19441215,13.14,13.33,13.08,13.29
19441222,13.26,13.26,13.08,13.15
19441229,13.09,13.33,12.9,13.28
19450105,13.3,13.55,13.24,13.44
19450112,13.47,13.75,13.47,13.65
19450119,13.62,13.69,13.33,13.35
19450126,13.34,13.55,13.17,13.52
19450202,13.54,13.66,13.37,13.65
19450209,13.65,13.82,13.63,13.7
19450216,13.78,14.1,13.78,14.07
19450223,14.09,14.24,14.04,14.12
19450302,14.12,14.36,14.01,14.23
19450309,14.21,14.44,13.79,13.92
19450316,13.94,14.13,13.93,14.09
19450323,14.09,14.1,13.58,13.62
19450330,13.5,13.66,13.34,13.64
19450406,13.65,13.87,13.65,13.84
19450415,13.83,14.22,13.77,14.2
19450420,14.33,14.69,14.33,14.55
19450427,14.59,14.81,14.54,14.79
19450504,14.78,14.97,14.72,14.95
19450511,14.95,15.04,14.57,14.73
19450518,14.67,14.93,14.6,14.89
19450525,14.86,14.9,14.64,14.87
19450601,14.88,15.15,14.88,15.06
19450608,15.04,15.09,14.9,14.94
19450615,14.94,15.16,14.87,15.13
19450622,15.14,15.35,15.05,15.3
19450629,15.31,15.43,14.8,14.96
19450708,14.98,15.11,14.8,14.91
19450715,14.87,15.16,14.86,15.05
19450722,15.02,15.06,14.46,14.66
19450729,14.58,14.7,14.36,14.45
19450805,14.49,14.73,14.49,14.68
19450812,14.71,14.91,14.48,14.78
19450819,14.69,14.77,14.49,14.62
19450826,14.51,15.06,14.36,15.05
19450902,15.1,15.37,15.01,15.15
19450907,15.55,15.82,15.44,15.76
19450914,15.78,16.01,15.54,15.56
19450921,15.54,16.07,15.38,15.92
19450928,15.91,16.18,15.79,16.16
19451005,16.2,16.47,16.2,16.46
19451014,16.44,16.64,16.43,16.58
19451019,16.61,16.79,16.49,16.65
19451028,16.58,16.73,16.27,16.49
19451102,16.47,16.93,16.26,16.85
19451109,16.86,17.21,16.81,17.1
19451116,17.11,17.29,16.86,17.21
19451123,17.26,17.33,16.68,16.73
19451130,16.78,17.32,16.78,17.29
19451207,17.32,17.68,17.29,17.65
19451214,17.64,17.77,17.23,17.34
19451221,17.16,17.19,16.84,17.17
19451228,17.3,17.47,17.24,17.36
19460104,17.35,17.41,17.13,17.3
19460111,17.28,18.21,17.23,18.06
19460118,18.18,18.48,18.01,18.1
19460125,17.87,18.2,17.64,18.1
19460201,18.39,18.77,18.39,18.71
19460208,18.73,18.77,18.32,18.38
19460215,18.35,18.73,17.89,18.64
19460224,18.61,18.61,17.26,17.72
19460301,17.52,17.52,16.64,17.1
19460308,17.11,17.55,16.94,17.52
19460315,17.52,17.54,17.01,17.43
19460322,17.46,17.81,17.41,17.79
19460329,17.86,18.18,17.85,18.08
19460405,18.11,18.67,18,18.54
19460412,18.58,18.93,18.52,18.64
19460419,18.62,18.98,18.49,18.9
19460426,18.89,18.96,18.4,18.74
19460503,18.72,18.8,18.37,18.41
19460510,18.38,18.9,18.13,18.85
19460517,18.86,18.89,18.45,18.52
19460526,18.52,18.88,18.46,18.78
19460602,18.83,19.33,18.83,19.18
19460609,19.12,19.14,18.69,18.82
19460616,18.79,18.91,18.56,18.79
19460623,18.84,18.91,17.86,18.23
19460630,18.23,18.5,17.97,18.43
19460707,18.48,18.73,18.41,18.43
19460714,18.37,18.54,18.15,18.27
19460721,18.24,18.26,17.86,17.98
19460728,17.98,18.03,17.31,17.6
19460804,17.61,18.07,17.6,18.02
19460811,17.99,18.15,17.78,18.05
19460818,18.1,18.29,17.79,17.84
19460825,17.85,17.96,17.36,17.58
19460901,17.54,17.65,16.49,16.65
19460908,16.36,16.36,15.19,15.84
19460915,15.49,15.49,14.53,15.31
19460922,15.3,15.56,14.23,14.69
19460929,14.63,15.31,14.31,15.11
19461004,15.06,15.11,14.68,14.7
19461013,14.71,14.78,14.04,14.63
19461018,14.55,15.48,14.5,14.93
19461025,14.95,15.06,14.6,14.69
19461101,14.6,15.21,14,15.18
19461108,15.21,15.45,14.61,15.03
19461115,15.02,15.17,14.65,14.72
19461122,14.68,14.68,14.02,14.33
19461129,14.3,14.75,14.24,14.67
19461206,14.58,14.86,14.33,14.81
19461213,15.11,15.43,15.06,15.25
19461220,15.22,15.56,15.11,15.54
19461227,15.49,15.51,15.03,15.22
19470103,15.14,15.36,15.08,15.3
19470110,15.32,15.5,15.01,15.02
19470117,14.97,15.3,14.62,15.22
19470124,15.14,15.24,14.89,15.18
19470131,15.18,15.77,15.15,15.74
19470207,15.71,16.23,15.69,16.2
19470214,16.13,16.17,15.77,15.85
19470223,15.81,15.97,15.58,15.8
19470228,15.75,15.77,15.22,15.44
19470307,15.4,15.7,15.07,15.1
19470314,15.06,15.11,14.72,14.77
19470321,14.74,15.28,14.74,15.26
19470328,15.19,15.43,15,15.31
19470404,15.27,15.31,15.1,15.17
19470411,15.12,15.12,14.53,14.56
19470418,14.45,14.45,14.03,14.34
19470425,14.43,14.65,14.36,14.4
19470502,14.39,14.88,14.29,14.84
19470509,14.83,14.93,14.54,14.66
19470516,14.62,14.62,13.69,13.71
19470523,13.74,14.27,13.58,14.21
19470601,14.2,14.49,13.98,14.45
19470608,14.36,14.55,14.25,14.5
19470615,14.45,15.02,14.37,14.98
19470622,14.99,15.25,14.89,15.16
19470629,15.15,15.3,14.91,15.12
19470706,15.15,15.63,15.08,15.6
19470713,15.58,15.93,15.47,15.87
19470720,15.89,16.1,15.67,15.85
19470727,15.89,16.19,15.76,16.08
19470803,16.06,16.16,15.43,15.8
19470810,15.72,15.76,15.4,15.43
19470817,15.42,15.63,15.26,15.58
19470824,15.55,15.59,15.35,15.45
19470831,15.41,15.42,15.13,15.32
19470907,15.29,15.44,14.98,15.1
19470914,15.02,15.12,14.78,14.99
19470921,14.98,15.33,14.89,15.2
19470928,15.19,15.25,14.81,14.85
19471003,14.86,15.32,14.84,15.26
19471010,15.22,15.37,15.12,15.31
19471017,15.36,15.7,15.36,15.69
19471024,15.7,15.87,15.42,15.52
19471031,15.48,15.63,15.21,15.48
19471107,15.44,15.53,15.22,15.33
19471114,15.31,15.45,15.13,15.19
19471121,15.18,15.45,15.12,15.32
19471128,15.27,15.33,14.95,14.99
19471205,14.97,15.17,14.58,14.61
19471212,14.69,15.06,14.64,15.04
19471219,15.08,15.28,14.99,15.26
19471226,15.28,15.33,15.07,15.1
19480104,15.09,15.38,14.98,15.34
19480109,15.33,15.39,15.04,15.26
19480116,15.25,15.28,14.79,14.86
19480123,14.8,14.81,14.3,14.36
19480201,14.36,14.75,14.28,14.71
19480208,14.7,14.7,14.11,14.31
19480215,14.16,14.16,13.74,14.04
19480220,13.92,14.11,13.88,13.97
19480227,14,14.12,13.85,14
19480305,14.02,14.23,14.01,14.16
19480312,14.14,14.16,13.88,14.07
19480319,14.06,14.7,13.81,14.68
19480326,14.65,14.83,14.62,14.72
19480402,14.73,15.22,14.61,15.15
19480409,15.15,15.35,15.11,15.3
19480416,15.31,15.52,15.21,15.42
19480423,15.41,15.84,15.37,15.76
19480430,15.69,15.69,15.4,15.44
19480507,15.53,15.8,15.46,15.75
19480514,15.78,16.65,15.71,16.55
19480521,16.6,16.66,16.3,16.53
19480530,16.56,16.79,16.43,16.69
19480606,16.7,16.84,16.54,16.59
19480613,16.55,17.01,16.44,16.95
19480620,16.98,17.12,16.86,16.96
19480627,16.97,17,16.65,16.83
19480704,16.77,16.89,16.5,16.85
19480711,16.81,16.96,16.72,16.92
19480718,16.89,16.96,16.17,16.25
19480725,16.03,16.37,15.58,16.27
19480801,16.22,16.34,15.74,15.85
19480808,15.87,16.23,15.81,16.12
19480815,16.02,16.09,15.5,15.7
19480822,15.68,16.18,15.67,16.15
19480829,16.09,16.15,15.91,16.11
19480905,16.08,16.31,15.93,16.27
19480912,16.26,16.37,15.69,15.83
19480919,15.8,15.88,15.66,15.73
19480926,15.66,15.66,15.4,15.6
19481001,15.39,15.76,15.17,15.75
19481008,15.77,15.99,15.76,15.9
19481015,15.87,16.23,15.84,16.14
19481022,16.16,16.71,16.13,16.67
19481029,16.64,16.69,16.39,16.54
19481105,16.59,16.76,15.4,15.51
19481112,15.56,15.65,14.88,15.11
19481119,15.13,15.4,15.13,15.33
19481126,15.3,15.34,14.84,14.91
19481203,14.87,15.26,14.68,15.25
19481210,15.22,15.33,15.11,15.33
19481217,15.35,15.43,15.11,15.19
19481226,15.1,15.28,15.04,15.25
19490102,15.19,15.39,15.01,15.2
19490107,15.12,15.71,14.9,15.62
19490114,15.58,15.59,15.19,15.29
19490121,15.3,15.55,15.2,15.51
19490128,15.5,15.57,15.12,15.23
19490204,15.25,15.4,14.84,14.85
19490213,14.86,14.96,14.48,14.56
19490218,14.58,14.9,14.55,14.76
19490225,14.77,14.78,14.34,14.45
19490304,14.49,14.82,14.49,14.81
19490311,14.8,15.07,14.75,15.06
19490318,15.07,15.13,14.87,14.9
19490325,14.91,15.05,14.73,14.89
19490401,14.91,15.27,14.88,15
19490408,15.01,15.08,14.87,15.01
19490415,15.02,15.1,14.64,15.05
19490422,15.06,15.11,14.63,14.74
19490429,14.7,14.81,14.64,14.74
19490506,14.75,15.09,14.73,14.91
19490513,14.9,14.93,14.79,14.91
19490520,14.91,15,14.68,14.72
19490529,14.67,14.67,14.47,14.51
19490605,14.45,14.46,14.01,14.05
19490612,13.99,14,13.74,13.81
19490619,13.74,13.94,13.5,13.87
19490626,13.93,14.17,13.9,14.13
19490703,14.14,14.29,13.91,14.26
19490710,14.27,14.56,14.25,14.51
19490717,14.52,14.82,14.45,14.76
19490724,14.76,15.01,14.73,14.89
19490731,14.89,15.1,14.87,15.04
19490807,15.04,15.38,15.03,15.35
19490814,15.4,15.57,15.26,15.32
19490821,15.28,15.56,15.18,15.41
19490828,15.43,15.44,15.1,15.28
19490904,15.23,15.37,15.09,15.29
19490911,15.3,15.48,15.24,15.4
19490918,15.43,15.82,15.43,15.66
19490925,15.61,15.61,15.16,15.57
19490930,15.56,15.71,15.32,15.52
19491007,15.54,15.89,15.45,15.86
19491014,15.85,16.06,15.77,15.89
19491021,15.85,15.99,15.66,15.86
19491028,15.84,16.21,15.79,16.13
19491104,16.12,16.38,16.01,16.22
19491111,16.2,16.33,16.08,16.13
19491118,16.13,16.21,15.67,16.18
19491125,16.17,16.27,16.01,16.14
19491202,16.13,16.44,15.93,16.41
19491209,16.38,16.5,16.29,16.45
19491216,16.44,16.76,16.42,16.64
19491225,16.57,16.71,16.43,16.64
19491230,16.63,16.82,16.53,16.76
19500106,16.66,17.09,16.66,17.09
19500113,17.08,17.09,16.65,16.65
19500120,16.72,16.94,16.72,16.94
19500127,16.92,16.92,16.73,16.9
19500203,17.02,17.35,17.02,17.35
19500210,17.32,17.32,17.21,17.21
19500217,17.06,17.23,16.99,17.23
19500224,17.2,17.28,17.17,17.26
19500303,17.28,17.33,17.22,17.33
19500310,17.32,17.32,17.07,17.14
19500317,17.12,17.49,17.12,17.49
19500324,17.44,17.61,17.44,17.61
19500331,17.46,17.53,17.29,17.34
19500407,17.53,17.82,17.53,17.82
19500414,17.85,17.98,17.75,17.86
19500421,17.88,18.05,17.88,17.95
19500428,17.83,18.07,17.76,18.07
19500505,18.22,18.33,18.11,18.33
19500512,18.27,18.29,18.18,18.2
19500519,18.26,18.71,18.26,18.71
19500526,18.6,18.71,18.6,18.65
19500604,18.72,18.79,18.72,18.79
19500611,18.6,19.26,18.6,19.26
19500618,19.4,19.4,18.93,18.97
19500625,18.92,19.16,18.83,19.14
19500702,18.11,18.11,17.44,17.69
19500709,17.64,17.91,17.64,17.67
19500716,17.59,17.59,16.69,16.87
19500723,16.68,17.61,16.68,17.59
19500730,17.48,17.69,17.23,17.69
19500806,17.84,18.14,17.84,18.14
19500813,18.41,18.61,18.28,18.28
19500820,18.29,18.68,18.29,18.68
19500827,18.7,18.82,18.54,18.54
19500903,18.53,18.55,18.42,18.55
19500910,18.68,18.75,18.54,18.75
19500917,18.61,19.29,18.61,19.29
19500924,19.37,19.44,19.21,19.44
19501001,19.42,19.45,19.14,19.45
19501006,19.69,20.16,19.66,20.16
19501013,20,20,19.71,19.71
19501020,19.71,20.02,19.71,20.01
19501027,19.96,20.08,19.61,19.79
19501103,19.61,19.85,19.53,19.78
19501112,19.36,19.94,19.36,19.94
19501117,20.01,20.01,19.72,19.95
19501124,19.93,20.32,19.88,20.28
19501201,20.18,20.18,19.37,19.54
19501208,19,19.5,19,19.5
19501215,19.72,19.72,19.33,19.64
19501224,19.85,20.07,19.85,20.07
19501229,19.92,20.43,19.92,20.41
19510105,20.77,20.88,20.69,20.88
19510112,21,21.19,20.85,21.1
19510119,21.3,21.55,21.3,21.41
19510126,21.18,21.53,21.03,21.53
19510202,21.67,22.08,21.66,22.08
19510209,22.2,22.21,21.99,22.21
19510216,22.18,22.18,22,22.15
19510223,21.83,21.96,21.79,21.96
19510302,21.93,21.94,21.76,21.94
19510309,21.79,21.95,21.79,21.91
19510316,21.7,21.7,21.25,21.67
19510323,21.56,21.73,21.47,21.47
19510330,21.53,21.53,21.26,21.4
19510406,21.32,21.72,21.26,21.68
19510413,21.68,22.2,21.64,22.2
19510420,22.04,22.13,22.04,22.05
19510427,22.05,22.43,21.96,22.43
19510504,22.43,22.81,22.43,22.69
19510511,22.63,22.64,22.22,22.22
19510518,22.18,22.18,21.51,21.55
19510525,21.46,21.46,21.03,21.08
19510603,21.21,21.52,21.21,21.48
19510610,21.24,21.56,21.24,21.49
19510617,21.61,22.04,21.52,22.04
19510624,22.05,22.05,21.55,21.55
19510701,21.29,21.37,20.96,20.96
19510708,21.1,21.64,21.1,21.64
19510715,21.73,21.98,21.63,21.98
19510722,21.73,21.92,21.73,21.88
19510729,22.1,22.53,22.1,22.53
19510805,22.63,22.85,22.4,22.85
19510812,23.01,23.03,22.79,22.79
19510819,22.8,22.94,22.7,22.94
19510826,22.93,22.93,22.75,22.88
19510902,22.85,23.28,22.85,23.28
19510909,23.28,23.53,23.28,23.53
19510916,23.62,23.71,23.5,23.69
19510923,23.62,23.62,23.4,23.4
19510930,23.3,23.4,23.26,23.26
19511005,23.47,23.79,23.47,23.77
19511012,23.75,23.8,23.61,23.8
19511019,23.85,23.85,23.13,23.13
19511026,22.75,23.03,22.45,22.45
19511102,22.69,23.1,22.66,22.74
19511109,22.82,22.89,22.47,22.89
19511116,22.79,22.85,22.79,22.84
19511123,22.73,22.73,22.3,22.3
19511130,22.43,22.94,22.43,22.94
19511207,23.01,23.41,23.01,23.41
19511214,23.42,23.42,23.3,23.36
19511221,23.41,23.57,23.41,23.53
19511228,23.54,23.69,23.44,23.69
19520104,23.77,23.94,23.77,23.94
19520111,23.91,24.06,23.74,24.06
19520118,24.16,24.33,24.06,24.33
19520125,24.46,24.66,24.46,24.59
19520201,24.61,24.61,24.14,24.41
19520208,24.12,24.25,24.11,24.25
19520215,24.11,24.11,23.84,23.84
19520222,23.74,23.74,23.09,23.36
19520229,23.23,23.29,23.15,23.28
19520307,23.29,23.77,23.29,23.77
19520314,23.6,23.83,23.6,23.83
19520321,23.92,23.94,23.82,23.94
19520328,23.93,24.34,23.78,24.34
19520404,24.37,24.37,24,24
19520411,23.8,24.15,23.8,24.15
19520418,23.95,23.95,23.41,23.51
19520425,23.69,23.69,23.43,23.58
19520502,23.55,23.59,23.17,23.59
19520509,23.66,23.86,23.66,23.8
19520516,23.75,23.78,23.56,23.56
19520523,23.61,23.91,23.61,23.89
19520601,23.94,23.94,23.84,23.86
19520608,23.8,24.26,23.78,24.26
19520615,24.37,24.37,24.23,24.37
19520622,24.3,24.59,24.3,24.59
19520629,24.56,24.83,24.56,24.83
19520706,24.96,25.12,24.96,25.05
19520713,24.97,24.98,24.81,24.98
19520720,25.03,25.16,24.85,24.85
19520727,24.95,25.24,24.95,25.16
19520803,25.2,25.45,25.2,25.45
19520810,25.43,25.55,25.43,25.55
19520817,25.52,25.52,25.2,25.2
19520824,24.94,24.99,24.89,24.99
19520831,24.87,25.03,24.83,25.03
19520907,25.15,25.25,25.15,25.21
19520914,25.11,25.11,24.69,24.71
19520921,24.45,24.58,24.45,24.57
19520928,24.59,24.81,24.59,24.73
19521005,24.68,24.68,24.48,24.5
19521012,24.44,24.58,24.4,24.55
19521019,24.48,24.48,23.91,24.2
19521026,24.13,24.13,23.8,24.03
19521102,24.09,24.52,24.09,24.52
19521109,24.6,24.78,24.6,24.78
19521116,24.77,24.77,24.65,24.75
19521123,24.8,25.33,24.8,25.27
19521130,25.42,25.66,25.36,25.66
19521207,25.68,25.74,25.61,25.62
19521214,25.76,26.04,25.76,26.04
19521221,26.04,26.15,26.03,26.15
19521228,26.3,26.3,26.19,26.25
19530104,26.4,26.59,26.4,26.54
19530111,26.66,26.66,26.08,26.08
19530118,25.86,26.13,25.86,26.02
19530125,26.01,26.14,26.01,26.07
19530201,26.02,26.38,26.02,26.38
19530208,26.51,26.54,26.15,26.51
19530215,25.69,25.74,25.62,25.74
19530222,25.65,25.65,25.48,25.63
19530301,25.75,25.95,25.75,25.9
19530308,25.93,26,25.78,25.84
19530315,25.83,26.18,25.83,26.18
19530322,26.22,26.33,26.18,26.18
19530329,26.02,26.17,25.95,25.99
19530405,25.61,25.61,25.23,25.23
19530412,24.61,24.93,24.61,24.82
19530419,24.77,24.96,24.62,24.62
19530426,24.73,24.73,24.19,24.2
19530503,24.34,24.73,24.34,24.73
19530510,25,25.03,24.9,24.9
19530517,24.91,24.91,24.71,24.84
19530524,24.75,25.06,24.7,25.03
19530531,24.99,24.99,24.46,24.54
19530607,24.15,24.22,24.03,24.09
19530614,24.01,24.01,23.54,23.82
19530621,23.62,23.85,23.55,23.84
19530628,23.96,24.21,23.96,24.21
19530705,24.14,24.36,24.14,24.36
19530712,24.38,24.51,24.38,24.41
19530719,24.17,24.35,24.08,24.35
19530726,24.22,24.23,24.16,24.23
19530802,24.07,24.75,24.07,24.75
19530809,24.84,24.84,24.68,24.78
19530816,24.75,24.78,24.62,24.62
19530823,24.56,24.56,24.29,24.35
19530830,24.09,24.09,23.74,23.74
19530906,23.32,23.57,23.32,23.57
19530913,23.61,23.65,23.14,23.14
19530920,22.71,23.07,22.71,22.95
19530927,22.88,23.3,22.88,23.3
19531004,23.45,23.59,23.35,23.59
19531011,23.48,23.66,23.39,23.66
19531018,23.57,24.14,23.57,24.14
19531025,24.16,24.35,24.16,24.35
19531101,24.31,24.58,24.26,24.54
19531108,24.66,24.66,24.51,24.61
19531115,24.66,24.66,24.37,24.54
19531122,24.38,24.44,24.25,24.44
19531129,24.36,24.66,24.36,24.66
19531206,24.76,24.98,24.76,24.98
19531213,24.95,24.95,24.76,24.76
19531220,24.69,24.99,24.69,24.99
19531227,24.95,24.95,24.69,24.8
19540103,24.71,24.81,24.55,24.81
19540110,24.95,25.14,24.93,24.93
19540117,24.8,25.43,24.8,25.43
19540124,25.43,25.85,25.43,25.85
19540131,25.93,26.09,25.93,26.08
19540207,25.99,26.3,25.92,26.3
19540214,26.23,26.23,26.06,26.12
19540221,26.04,26.04,25.81,25.92
19540228,25.83,26.15,25.83,26.15
19540307,26.25,26.52,26.25,26.52
19540314,26.45,26.69,26.45,26.69
19540321,26.57,26.81,26.56,26.81
19540328,26.79,26.79,26.42,26.56
19540404,26.66,27.21,26.66,27.21
19540411,27.26,27.38,27.01,27.38
19540418,27.57,27.94,27.57,27.94
19540425,27.76,27.78,27.64,27.78
19540502,27.88,28.26,27.71,28.26
19540509,28.21,28.65,28.21,28.65
19540516,28.62,28.8,28.49,28.8
19540523,28.84,28.99,28.72,28.99
19540530,29,29.19,28.93,29.19
19540606,29.19,29.19,29.1,29.1
19540613,28.99,28.99,28.15,28.58
19540620,28.62,29.04,28.62,29.04
19540627,29.06,29.26,29.06,29.2
19540704,29.28,29.59,29.21,29.59
19540711,29.92,30.14,29.92,30.14
19540718,30.12,30.19,30.02,30.06
19540725,29.98,30.31,29.84,30.31
19540801,30.34,30.88,30.34,30.88
19540808,30.99,30.99,30.38,30.38
19540815,30.12,30.72,30.12,30.72
19540822,31.05,31.21,31.05,31.21
19540829,31,31,30.57,30.66
19540905,30.35,30.5,29.83,30.5
19540912,30.66,30.84,30.66,30.84
19540919,31.12,31.71,31.12,31.71
19540926,31.57,32.4,31.57,32.4
19541003,32.53,32.69,32.29,32.29
19541010,32.47,32.76,32.47,32.67
19541017,32.41,32.41,31.71,31.71
19541024,31.83,32.17,31.83,32.13
19541031,31.96,32.02,31.68,31.68
19541107,31.79,32.82,31.79,32.71
19541114,33.02,33.54,33.02,33.54
19541121,33.47,33.63,33.44,33.45
19541128,33.58,34.55,33.58,34.55
19541205,34.54,34.54,33.99,34.49
19541212,34.76,34.92,34.56,34.56
19541219,34.59,35.92,34.35,35.92
19541226,35.33,35.38,35.33,35.37
19550102,35.07,35.98,35.07,35.98
19550109,36.75,36.75,35.04,35.33
19550116,35.79,35.79,35.28,35.28
19550123,34.58,35.44,34.58,35.44
19550130,35.52,36.19,35.51,36.19
19550206,36.63,36.96,36.44,36.96
19550213,36.96,37.15,36.46,37.15
19550220,36.89,36.89,36.77,36.89
19550227,36.85,36.85,36.57,36.57
19550306,36.76,37.52,36.76,37.52
19550313,37.28,37.28,35.82,35.82
19550320,34.96,36.18,34.96,36.18
19550327,35.95,36.96,35.95,36.96
19550403,36.83,36.95,36.52,36.95
19550410,36.83,37.34,36.83,37.34
19550417,37.44,37.96,37.44,37.96
19550424,38.27,38.32,38.01,38.01
19550501,38.11,38.31,37.68,37.96
19550508,38.04,38.04,37.64,37.89
19550515,37.93,37.93,37.2,37.44
19550522,37.02,37.74,36.97,37.74
19550529,37.48,37.93,37.46,37.93
19550605,37.91,38.37,37.91,38.37
19550612,39.69,39.96,39.01,39.25
19550619,39.62,40.1,39.62,40.1
19550626,40.14,40.96,40.14,40.96
19550703,40.99,41.19,40.77,41.19
19550710,41.69,43.18,41.69,42.64
19550717,42.75,42.75,42.24,42.4
19550724,42.36,43,42.1,43
19550731,43.48,43.76,43.48,43.52
19550807,42.93,43.09,42.36,42.56
19550814,42.31,42.31,41.74,42.21
19550821,42.17,42.17,41.84,42.02
19550828,41.98,42.99,41.98,42.99
19550904,42.96,43.6,42.92,43.6
19550911,43.86,43.89,43.85,43.89
19550918,44.19,45.09,44.19,45.09
19550925,45.16,45.63,45.13,45.63
19551002,42.61,44.31,42.61,43.67
19551009,42.49,42.99,42.38,42.38
19551016,41.15,41.52,40.8,41.22
19551023,41.35,42.59,41.35,42.59
19551030,42.91,42.91,42.29,42.37
19551106,42.34,43.96,42.28,43.96
19551113,44.15,45.24,44.15,45.24
19551120,46.41,46.41,45.54,45.54
19551127,45.22,45.72,45.22,45.68
19551204,45.38,45.56,45.35,45.44
19551211,45.7,45.89,45.55,45.89
19551218,45.42,45.45,45.06,45.13
19551225,45.02,45.84,44.95,45.5
19560101,45.22,45.48,45.05,45.48
19560108,45.16,45.16,44.95,45.14
19560115,44.51,44.75,44.16,44.67
19560122,44.14,44.47,43.22,43.22
19560129,43.11,43.72,43.11,43.35
19560205,43.5,44.78,43.5,44.78
19560212,44.81,44.81,43.64,43.64
19560219,43.58,44.52,43.42,44.52
19560226,44.45,45.32,44.45,45.32
19560304,45.27,45.81,45.27,45.81
19560311,46.06,46.7,46.01,46.7
19560318,47.13,48.14,47.06,48.14
19560325,48.59,48.87,48.23,48.83
19560401,48.62,48.62,48.25,48.48
19560408,48.7,48.85,48.53,48.85
19560415,48.61,48.61,47.93,47.95
19560422,47.96,47.96,47.57,47.76
19560429,47.65,47.99,47.09,47.99
19560506,48.38,48.51,48.16,48.51
19560513,48.22,48.22,47.12,47.12
19560520,46.86,46.86,46.05,46.39
19560527,45.99,45.99,44.6,44.62
19560603,44.1,45.58,44.1,45.58
19560610,45.85,45.99,45.14,45.14
19560617,45.71,46.42,45.71,46.37
19560624,46.17,46.73,46.17,46.59
19560701,46.41,47.13,46.41,46.97
19560708,46.93,48.04,46.93,48.04
19560715,48.25,48.72,48.25,48.72
19560722,49.14,49.35,49.14,49.35
19560729,49.33,49.48,49.08,49.08
19560805,49,49.64,49,49.64
19560812,48.96,49.36,48.96,49.09
19560819,48.58,48.99,48,48.82
19560826,48.25,48.25,47.42,47.95
19560902,47.66,47.66,46.94,47.51
19560909,47.89,48.1,47.81,47.81
19560916,47.56,47.56,46.09,47.21
19560923,47.1,47.1,46.21,46.58
19560930,46.4,46.4,45.35,45.35
19561007,44.7,46.45,44.7,46.45
19561014,46.43,47,46.2,47
19561021,46.86,46.86,46.24,46.24
19561028,46.23,46.27,45.85,46.27
19561104,46.4,46.98,45.58,46.98
19561111,47.6,47.6,46.34,46.34
19561118,46.49,46.49,45.72,45.74
19561125,45.29,45.29,44.67,45.14
19561202,44.87,45.08,44.38,45.08
19561209,45.98,47.04,45.84,47.04
19561216,46.8,46.8,46.13,46.54
19561223,46.54,46.54,46.07,46.37
19561230,46.39,46.56,46.35,46.56
19570106,46.67,46.67,46.2,46.66
19570113,46.42,46.42,46.16,46.18
19570120,45.86,45.86,44.64,44.64
19570127,44.4,45.03,44.4,44.82
19570203,44.49,44.91,44.49,44.62
19570210,44.53,44.53,43.32,43.32
19570217,42.57,43.51,42.39,43.51
19570224,43.46,43.63,43.46,43.48
19570303,43.38,43.74,43.26,43.74
19570310,44.06,44.23,44.06,44.07
19570317,43.78,44.07,43.75,44.05
19570324,43.85,44.11,43.85,44.06
19570331,43.88,44.18,43.88,44.11
19570407,44.14,44.54,44.14,44.49
19570414,44.39,44.98,44.39,44.98
19570421,44.95,45.41,44.95,45.41
19570428,45.48,45.72,45.48,45.5
19570505,45.73,46.39,45.73,46.34
19570512,46.27,46.59,46.13,46.59
19570519,46.88,47.15,46.67,47.15
19570526,47.35,47.35,47.14,47.21
19570602,46.78,47.43,46.69,47.43
19570609,47.37,47.85,47.27,47.85
19570616,47.9,48.15,47.9,48.15
19570623,48.24,48.24,47.15,47.15
19570630,46.78,47.37,46.78,47.37
19570707,47.43,48.69,47.43,48.69
19570714,48.9,49.08,48.86,49.08
19570721,49.13,49.13,48.53,48.58
19570728,48.47,48.61,48.45,48.45
19570804,47.92,47.92,47.68,47.68
19570811,47.26,47.26,46.67,46.92
19570818,46.33,46.33,45.73,45.83
19570825,44.91,45.49,44.51,44.51
19570901,43.89,45.22,43.89,45.22
19570908,45.44,45.44,44.68,44.68
19570915,44.28,44.82,43.87,44.8
19570922,44.58,44.69,43.69,43.69
19570929,42.69,42.98,42.55,42.55
19571006,42.42,43.14,42.42,42.79
19571013,42.22,42.22,40.94,40.94
19571020,41.24,41.67,40.33,40.33
19571027,39.15,40.73,38.98,40.59
19571103,40.42,41.06,40.42,40.44
19571110,40.37,40.67,40.19,40.19
19571117,40.18,40.37,39.44,40.37
19571124,40.04,40.87,39.81,40.87
19571201,41.18,41.72,40.09,41.72
19571208,41.36,41.54,41.31,41.31
19571215,40.92,40.92,40.51,40.73
19571222,40.12,40.12,39.38,39.48
19571229,39.48,39.92,39.48,39.78
19580105,39.58,40.87,39.58,40.87
19580112,40.68,41,40.37,40.37
19580119,40.49,41.1,40.49,41.1
19580126,41.35,41.71,41.2,41.71
19580202,41.59,41.88,41.59,41.7
19580209,42.04,42.46,41.73,41.73
19580216,41.48,41.48,40.93,41.33
19580223,41.11,41.17,40.88,40.88
19580302,40.65,40.92,40.61,40.84
19580309,41.13,42.07,41.13,42.07
19580316,42.21,42.51,42.21,42.33
19580323,42.04,42.42,41.89,42.42
19580330,42.58,42.58,42.17,42.2
19580406,42.1,42.1,41.48,41.48
19580413,41.33,41.74,41.33,41.74
19580420,42,42.71,42,42.71
19580427,42.93,43.36,42.8,43.36
19580504,43.22,43.69,43,43.69
19580511,43.79,44.09,43.79,44.09
19580518,43.75,43.75,43.12,43.36
19580525,43.24,43.87,43.24,43.87
19580601,43.85,44.09,43.79,44.09
19580608,44.31,44.64,44.31,44.64
19580615,44.57,45.02,44.48,45.02
19580622,45.18,45.34,44.61,44.85
19580629,44.69,44.9,44.52,44.9
19580706,45.24,45.47,45.24,45.47
19580713,45.62,45.72,45.25,45.72
19580720,45.14,45.77,45.11,45.77
19580727,46.33,46.97,46.33,46.97
19580803,47.15,47.49,46.96,47.49
19580810,47.94,48.05,47.46,48.05
19580817,48.16,48.16,47.5,47.5
19580824,47.22,47.73,47.22,47.73
19580831,47.74,47.91,47.66,47.75
19580907,48,48.18,47.97,47.97
19580914,48.13,48.64,48.13,48.53
19580921,48.96,49.4,48.96,49.4
19580928,49.2,49.78,49.2,49.66
19581005,49.87,50.37,49.87,50.37
19581012,51.07,51.39,51.05,51.39
19581019,51.62,51.62,50.58,51.46
19581026,51.27,51.27,50.81,50.81
19581102,50.42,51.33,50.42,51.33
19581109,51.56,52.45,51.56,52.26
19581116,52.57,53.09,52.57,53.09
19581123,53.24,53.24,52.7,52.7
19581130,52.03,52.48,51.02,52.48
19581207,52.69,52.69,52.46,52.46
19581214,52.46,53.46,52.46,53.22
19581221,53.37,54.15,53.37,54.07
19581228,53.71,54.11,53.42,54.11
19590104,54.74,55.44,54.74,55.44
19590111,55.66,55.77,54.89,55.77
19590118,55.78,55.83,55.47,55.81
19590125,55.68,56.04,55.68,56
19590201,55.77,55.78,55.16,55.45
19590208,55.21,55.28,54.37,54.37
19590215,53.58,54.42,53.58,54.42
19590222,54.5,55.52,54.29,55.52
19590301,55.48,55.48,55.24,55.41
19590308,55.73,56.43,55.73,56.21
19590315,56.15,56.67,56.15,56.67
19590322,56.06,56.52,56.06,56.39
19590329,55.87,55.96,55.76,55.76
19590405,55.45,56.44,55.44,56.44
19590412,56.6,56.6,56.17,56.22
19590419,56.43,57.92,56.43,57.92
19590426,58.17,58.17,57.6,57.96
19590503,58.14,58.14,57.59,57.65
19590510,57.65,57.75,56.88,57.32
19590517,57.96,58.37,57.96,58.16
19590524,58.15,58.33,58.09,58.33
19590531,58.18,58.68,58.09,58.68
19590607,58.63,58.63,57.51,57.51
19590614,56.76,57.29,56.36,57.29
19590621,56.99,57.13,56.56,57.13
19590628,57.13,57.98,57.12,57.98
19590705,58.37,59.28,58.37,59.28
19590712,59.65,60.03,59.65,59.91
19590719,59.41,59.59,59.19,59.19
19590726,58.91,59.67,58.91,59.65
19590802,60.02,60.62,60.02,60.51
19590809,60.71,60.71,59.87,59.87
19590816,58.62,59.39,58.62,59.29
19590823,59.17,59.17,58.27,59.08
19590830,58.87,59.6,58.87,59.6
19590906,59.6,59.6,58.26,58.54
19590913,57.7,57.7,56.99,57.41
19590920,56.99,56.99,56.19,56.19
19590927,55.27,56.78,55.14,56.73
19591004,57.15,57.51,56.88,57.2
19591011,57.14,57.14,56.81,57
19591018,57.32,57.33,56.71,57.33
19591025,57.01,57.01,56,56.56
19591101,56.94,57.52,56.94,57.52
19591108,57.41,57.6,57.26,57.6
19591115,57.5,57.5,56.85,56.85
19591122,56.22,56.99,56.22,56.97
19591129,57.08,57.7,57.08,57.7
19591206,58.28,58.85,58.28,58.85
19591213,58.96,59.34,58.88,58.88
19591220,59.04,59.14,58.86,59.14
19591227,59.21,59.21,58.96,59
19600103,58.98,59.89,58.98,59.89
19600110,59.91,60.39,59.5,59.5
19600117,58.77,58.77,58.08,58.38
19600124,57.89,57.89,57.07,57.38
19600131,56.78,56.86,55.61,55.61
19600207,55.96,56.82,55.96,55.98
19600214,55.32,55.84,55.18,55.46
19600221,55.17,56.24,54.73,56.24
19600228,55.94,56.16,55.74,56.16
19600306,56.12,56.12,54.57,54.57
19600313,54.02,54.24,53.47,54.24
19600320,54.32,55.04,54.32,55.01
19600327,55.07,55.98,55.07,55.98
19600403,55.86,55.86,55.34,55.43
19600410,55.54,56.52,55.37,56.39
19600417,56.17,56.43,56.17,56.43
19600424,56.59,56.59,55.42,55.42
19600501,54.86,55.04,54.37,54.37
19600508,54.13,55.04,54.13,54.75
19600515,54.8,55.3,54.42,55.3
19600522,55.25,55.73,55.25,55.73
19600529,55.76,55.76,55.67,55.74
19600605,55.83,56.23,55.83,56.23
19600612,56.89,58,56.89,57.97
19600619,57.99,57.99,57.44,57.44
19600626,57.16,57.68,57.11,57.68
19600703,57.33,57.33,56.92,57.06
19600710,57.02,57.38,56.94,57.38
19600717,56.87,56.87,56.05,56.05
19600724,55.7,55.7,54.72,54.72
19600731,54.18,55.51,54.17,55.51
19600807,55.53,55.53,54.72,55.44
19600814,55.52,56.66,55.52,56.66
19600821,56.61,57.01,56.61,57.01
19600828,57.19,58.07,57.19,57.6
19600904,57.44,57.44,56.84,57
19600911,56.49,56.49,55.74,56.11
19600918,55.72,55.83,55.11,55.11
19600925,53.86,54.57,53.86,53.9
19601002,53.06,53.52,52.48,53.52
19601009,53.36,54.03,52.99,54.03
19601016,54.14,54.86,54.14,54.86
19601023,54.63,54.63,53.72,53.72
19601030,52.7,53.62,52.2,53.41
19601106,53.39,54.9,53.39,54.9
19601113,55.11,56.43,55.11,55.87
19601120,55.59,55.82,55.55,55.82
19601127,55.93,56.13,55.72,56.13
19601204,56.03,56.03,55.3,55.39
19601211,55.31,56.65,55.31,56.65
19601218,56.85,57.2,56.68,57.2
19601225,57.13,57.55,57.09,57.44
19610101,57.52,58.11,57.52,58.11
19610108,57.57,58.57,57.57,58.4
19610115,58.81,59.6,58.81,59.6
19610122,59.58,59.96,59.58,59.96
19610129,60.29,61.24,60.29,61.24
19610205,61.97,62.3,61.78,62.22
19610212,61.76,62.21,61.5,61.5
19610219,61.14,62.3,61.14,62.1
19610226,62.32,62.84,62.32,62.84
19610305,63.3,63.95,63.3,63.95
19610312,64.05,64.05,63.44,63.48
19610319,63.66,64.21,63.38,64
19610326,64.86,64.86,64.42,64.42
19610402,64.35,65.06,64.35,65.06
19610409,65.6,65.96,65.46,65.96
19610416,66.53,66.62,66.26,66.37
19610423,68.68,68.68,65.77,65.77
19610430,64.4,65.55,64.4,65.31
19610507,65.17,66.52,65.17,66.52
19610514,66.41,66.5,66.39,66.5
19610521,66.83,67.39,66.83,67.27
19610528,66.85,66.85,66.01,66.43
19610604,66.56,66.73,66.56,66.73
19610611,67.08,67.08,65.64,66.66
19610618,66.15,66.15,65.18,65.18
19610625,64.58,65.16,64.58,65.16
19610702,64.47,64.64,64.47,64.64
19610709,65.21,65.81,65.21,65.77
19610716,65.71,65.71,64.86,65.28
19610723,64.79,64.86,64.41,64.86
19610730,64.87,66.71,64.87,66.71
19610806,66.76,67.68,66.76,67.68
19610813,67.67,68.06,67.67,68.06
19610820,67.72,68.29,67.55,68.29
19610827,68.43,68.44,67.59,67.67
19610903,67.7,68.19,67.55,68.19
19610910,67.96,68.46,67.88,67.88
19610917,67.28,68.01,67.28,67.65
19610924,67.21,67.21,66.08,66.72
19611001,65.77,66.73,65.77,66.73
19611008,66.77,67.77,66.73,66.97
19611015,67.94,68.17,67.94,68.04
19611022,67.85,68.45,67.85,68
19611029,68.06,68.46,67.98,68.34
19611105,68.42,69.47,68.42,69.47
19611112,70.01,71.07,70.01,71.07
19611119,71.27,71.67,71.27,71.62
19611126,71.72,71.84,71.7,71.84
19611203,71.85,71.85,71.32,71.78
19611210,72.01,72.04,71.7,72.04
19611217,72.39,72.64,71.98,72.01
19611224,71.76,71.76,70.86,70.91
19611231,71.02,71.69,71.02,71.55
19620107,71.55,71.96,69.35,69.66
19620114,69.66,70.17,68.17,69.61
19620121,69.61,70.08,67.75,68.75
19620128,68.75,69.37,67.55,68.13
19620204,68.13,70.02,67.55,69.81
19620211,69.81,70.95,69.41,70.48
19620218,70.48,71.13,70.03,70.59
19620225,70.59,70.97,69.73,70.16
19620304,70.16,70.6,69.44,70.16
19620311,70.16,70.71,69.37,70.42
19620318,70.42,71.44,70.02,70.94
19620325,70.94,71.31,70.12,70.45
19620401,70.45,70.63,69.16,69.55
19620408,69.55,69.82,68.12,68.84
19620415,68.84,69.26,67.03,67.9
19620422,67.9,68.9,67.21,68.59
19620429,68.59,69.01,65.99,66.3
19620506,66.3,66.93,63.76,66.24
19620513,66.24,66.56,62.44,62.65
19620520,62.65,64.88,61.11,63.82
19620527,63.82,64,59,59.47
19620603,59.15,60.82,53.13,59.38
19620610,59.12,59.17,56.33,58.45
19620617,58.45,58.58,53.66,55.89
19620624,55.89,56.53,52.48,52.68
19620701,52.68,55.47,51.35,54.75
19620708,54.75,57.1,54.47,56.17
19620715,56.17,58.67,55.54,57.83
19620722,57.83,58.1,55.86,56.81
19620729,56.81,57.36,55.78,57.2
19620805,57.2,58.58,57.08,58.12
19620812,58.12,58.35,56.76,57.55
19620819,57.55,59.24,57.22,59.01
19620826,59.01,60.33,58.9,59.58
19620902,59.58,59.94,58.17,59.12
19620909,59.12,59.49,57.72,58.38
19620916,58.38,59.18,57.88,58.89
19620923,58.89,59.54,57.43,57.69
19620930,57.45,57.45,55.53,56.27
19621007,56.27,57.3,55.26,57.07
19621014,57.07,57.83,56.66,56.95
19621021,56.95,57.63,55.34,55.59
19621028,55.48,55.48,52.55,54.54
19621104,55.34,58.19,55.34,57.75
19621111,57.75,59.12,57.69,58.78
19621118,58.78,60.67,58.59,60.16
19621125,60.16,62.03,59.46,61.54
19621202,61.54,62.78,60.95,62.26
19621209,62.26,63.5,61.28,63.06
19621216,63.06,63.35,61.72,62.57
19621223,62.57,63.28,61.72,62.64
19621230,62.64,63.41,62.19,62.96
19630106,62.96,64.45,62.32,64.13
19630113,64.13,65.22,63.67,64.85
19630120,64.85,65.7,64.35,65.18
19630127,65.18,66.23,64.64,65.92
19630203,65.92,66.59,65.51,66.31
19630210,66.31,66.81,65.38,66.17
19630217,66.17,66.75,65.16,66.41
19630224,66.41,66.96,65.36,65.92
19630303,65.92,66.09,63.8,64.1
19630310,64.1,65.74,63.88,65.33
19630317,65.33,66.27,65.11,65.93
19630324,65.93,66.44,65.19,66.19
19630331,66.19,67.01,65.92,66.57
19630407,66.57,68.46,66.23,68.28
19630414,68.28,69.07,67.66,68.77
19630421,68.77,69.61,68.47,69.23
19630428,69.23,70.12,68.95,69.7
19630505,69.7,70.51,69.26,70.03
19630512,70.03,70.81,69.03,70.52
19630519,70.52,70.89,69.83,70.29
19630526,70.29,70.68,69.59,70.02
19630602,70.02,71.14,69.48,70.8
19630609,70.8,71.24,70.1,70.41
19630616,70.41,70.85,69.57,70.25
19630623,70.19,71.01,69.31,70.25
19630630,70.25,70.67,68.78,69.37
19630707,69.37,70.48,68.58,70.22
19630714,70.22,70.39,69.36,69.64
19630721,69.64,69.73,67.9,68.35
19630728,68.35,68.92,67.54,68.54
19630804,68.54,69.83,68.32,69.3
19630811,69.3,70.65,69.2,70.48
19630818,70.48,71.95,70.19,71.49
19630825,71.49,72.14,70.95,71.76
19630901,71.76,72.71,71.27,72.5
19630908,72.5,73.51,72.15,72.84
19630915,72.84,73.79,72.25,73.17
19630922,73.17,73.71,72.51,73.3
19630929,73.3,73.87,71.6,72.13
19631006,72.13,73.19,71.28,72.85
19631013,72.85,73.27,71.6,72.27
19631020,72.27,73.77,71.85,73.32
19631027,73.32,74.41,72.48,74.01
19631103,74.01,75.18,73.25,73.83
19631110,73.83,74.27,72.33,73.36
19631117,72.52,73.67,71.42,72.35
19631124,72.35,73.14,69.48,69.61
19631201,71.4,73.47,71.4,73.23
19631208,73.23,74.63,73.02,74
19631215,74,74.48,73.4,74.06
19631222,74.06,75.21,73.78,74.28
19631229,74.28,74.91,73.44,74.44
19640105,74.44,76.04,74.13,75.5
19640112,75.5,76.67,75.18,76.24
19640119,76.24,77.21,75.78,76.56
19640126,76.56,77.62,75.87,77.11
19640202,77.11,77.78,76.26,77.04
19640209,77.04,77.55,76.36,77.18
19640216,77.18,77.93,76.81,77.48
19640223,77.48,77.99,77,77.62
19640301,77.62,78.31,77.19,77.8
19640308,77.8,78.7,77.5,78.31
19640315,78.31,79.59,77.95,79.14
19640322,79.14,79.89,78.72,78.92
19640329,78.92,79.58,78.17,79.19
19640405,79.19,80.37,78.57,79.94
19640412,79.94,80.45,79.26,79.85
19640419,79.85,80.98,79.42,80.55
19640426,80.55,81.2,79.45,79.75
19640503,79.75,80.6,78.9,80.17
19640510,80.17,81.72,78.44,78.64
19640517,80.58,81.81,80.37,81.1
19640524,81.1,81.49,79.96,80.73
19640531,80.73,81.16,79.78,80.37
19640607,80.37,80.83,78.44,79.02
19640614,79.02,80.13,78.15,79.6
19640621,79.6,81.34,79.39,80.89
19640628,80.89,81.78,80.41,81.46
19640705,81.46,82.98,81.1,82.6
19640712,82.6,83.99,82.37,83.36
19640719,83.36,84.33,82.72,84.01
19640726,84.01,84.33,82.96,83.46
19640802,83.46,83.82,82.4,83.18
19640809,83.18,83.49,80.8,81.86
19640816,81.86,82.87,81.43,82.35
19640823,82.35,82.85,81.6,82.07
19640830,82.07,82.48,80.99,81.99
19640906,81.99,83.03,81.46,82.76
19640913,82.76,83.84,82.46,83.45
19640920,83.45,84.29,82.57,83.48
19640927,83.48,84.62,83.41,84.21
19641004,84.21,84.8,83.71,84.36
19641011,84.36,85.6,84.2,85.22
19641018,85.22,85.58,83.65,84.83
19641025,84.83,85.64,84.47,85.14
19641101,85.14,85.7,84.36,84.86
19641108,84.86,85.9,84.51,85.23
19641115,85.23,85.72,84.49,85.21
19641122,85.21,86.8,84.88,86.28
19641129,86.28,86.59,84.55,85.16
19641206,85.16,85.41,83.12,84.35
19641213,84.35,85.03,82.98,83.66
19641220,83.66,84.65,82.65,84.29
19641227,84.29,84.91,83.74,84.15
19650103,84.15,85.18,83.38,84.75
19650110,84.75,85.84,83.77,85.37
19650117,85.37,86.52,84.9,86.21
19650124,86.21,87.15,85.99,86.74
19650131,86.74,88.19,86.39,87.56
19650207,87.56,88.06,86.9,87.29
19650214,87,87.7,85.4,86.17
19650221,86.17,86.86,85.25,86.21
19650228,86.21,87.84,86.03,87.43
19650307,87.43,87.93,86,86.8
19650314,86.8,87.65,86.17,87.21
19650321,87.21,87.92,86.43,86.84
19650328,86.84,87.55,85.96,86.2
19650404,86.2,86.89,85.65,86.53
19650411,86.53,87.87,86.08,87.56
19650418,87.56,88.65,87.31,88.15
19650425,88.15,89.41,87.7,88.88
19650502,88.88,89.64,88.3,89.11
19650509,89.11,90.57,88.62,89.85
19650516,89.85,90.68,89.05,90.1
19650523,90.1,90.44,88.4,88.75
19650530,88.75,89.22,87.24,88.42
19650606,88.42,88.8,86.25,87.11
19650613,87.11,87.45,84.1,85.12
19650620,85.12,86.22,83.01,85.34
19650627,85.34,85.7,82.6,83.06
19650704,83.06,85.4,80.73,85.16
19650711,85.16,86.11,84.28,85.71
19650718,85.71,86.47,85.12,85.69
19650725,85.69,86.04,83.53,84.07
19650801,84.07,85.64,83.3,85.25
19650808,85.25,86.4,84.8,86.07
19650815,86.07,87.14,85.45,86.77
19650822,86.77,87.57,86.21,86.69
19650829,86.69,87.74,86.22,87.2
19650905,87.2,88.41,86.69,88.06
19650912,88.06,89.85,87.76,89.12
19650919,89.12,90.47,88.69,90.05
19650926,90.05,90.78,89.13,90.02
19651003,90.65,91.13,89.3,89.9
19651010,89.9,91.31,89.47,90.85
19651017,90.85,92.09,90.71,91.38
19651024,91.38,92.74,91.06,91.98
19651031,91.98,93.19,91.34,92.42
19651107,92.42,93.07,91.62,92.37
19651114,92.37,93.07,91.31,92.55
19651121,92.55,93.3,91.72,92.24
19651128,92.24,92.65,91.14,92.03
19651205,92.03,92.6,90.53,91.27
19651212,91.2,92.28,89.2,91.8
19651219,91.8,92.95,91.27,92.08
19651226,92.08,93.07,91.09,92.19
19660102,92.19,93.05,90.63,92.43
19660109,92.43,93.65,91.63,93.14
19660116,93.14,94.14,92.68,93.5
19660123,93.5,94.64,92.6,93.47
19660130,93.47,94.56,92.84,93.31
19660206,93.31,93.77,91.32,93.26
19660213,93.26,94.72,92.58,93.81
19660220,93.81,94.4,91.8,92.41
19660227,92.41,92.83,90.43,91.14
19660306,91.14,91.95,88.26,89.24
19660313,89.24,90.14,87.17,88.85
19660320,88.85,89.23,86.69,88.53
19660327,88.53,90.28,88.4,89.54
19660403,89.54,90.41,88.31,89.94
19660410,89.94,92.42,89.92,91.76
19660417,91.76,92.81,90.73,91.99
19660424,91.99,93.02,90.89,92.27
19660501,92.27,92.86,90.24,91.06
19660508,91.06,91.75,86.24,87.84
19660515,87.84,88.38,84.77,85.47
19660522,85.47,86.33,83.18,85.43
19660529,85.43,87.88,85.29,87.33
19660605,87.33,87.65,85.28,86.06
19660612,86.06,86.97,84.25,86.44
19660619,86.44,87.74,85.88,86.51
19660626,86.51,87.73,85.68,86.58
19660703,86.58,87.31,83.75,85.61
19660710,85.61,88.04,85.09,87.61
19660717,87.61,88.19,85.83,87.08
19660724,87.08,87.59,84.77,85.41
19660731,85.41,85.57,83.05,83.6
19660807,83.5,84.7,81.77,84
19660814,84,84.36,82.34,83.17
19660821,83.17,83.69,79.24,79.62
19660828,79.62,79.88,76.1,76.41
19660904,76.24,78.5,73.91,77.42
19660911,77.42,78.16,75.03,76.29
19660918,76.47,80.81,76.47,79.99
19660925,79.99,80.5,76.81,77.67
19661002,77.67,79.1,75.45,76.56
19661009,76.56,76.98,72.77,73.2
19661016,73.2,78.45,72.28,76.6
19661023,76.6,79.34,76.48,78.19
19661030,78.19,80.91,77.56,80.24
19661106,80.24,81.68,79.34,80.81
19661113,80.81,82.43,80.16,81.94
19661120,81.94,83.01,80.79,81.26
19661127,81.09,81.37,78.89,80.85
19661204,80.85,81.38,79.49,80.13
19661211,80.13,82.72,79.6,82.14
19661218,82.14,83.88,80.94,81.58
19661225,81.58,82.34,80.31,81.47
19670101,81.47,81.84,79.66,80.33
19670108,80.33,82.79,79.43,82.18
19670115,82.18,84.9,81.37,84.53
19670122,84.53,86.61,83.73,86.07
19670129,86.07,88.17,84.87,86.16
19670205,86.16,87.97,85.68,87.36
19670212,87.36,88.57,86.48,87.63
19670219,87.63,89,86.95,87.89
19670226,87.89,88.16,86.64,87.41
19670305,87.41,89,85.61,88.29
19670312,88.29,90.37,87.34,88.89
19670319,88.89,90.84,87.58,90.25
19670326,90.25,91.51,89.17,90.94
19670402,90.94,91.72,89.75,90.2
19670409,90.2,90.74,88.45,89.36
19670416,89.32,91.08,87.86,90.43
19670423,90.43,92.9,90.18,92.3
19670430,92.3,94.77,91.78,94.01
19670507,94.01,95.14,92.94,94.44
19670514,94.44,95.25,92.51,93.48
19670521,93.48,93.85,91.4,92.07
19670528,92.07,92.4,89.68,90.98
19670604,90.98,91.22,88.71,89.79
19670611,89.56,92.26,87.19,91.56
19670618,91.56,93.28,91.12,92.54
19670625,92.51,92.51,91.97,92
19670702,91.64,91.64,90.64,90.64
19670709,90.64,92.28,90.12,91.69
19670716,91.69,93.35,91.11,92.74
19670723,92.74,94.92,92.1,94.04
19670730,94.04,95.23,92.91,94.49
19670806,94.49,96.64,94.01,95.83
19670813,95.83,96.67,94.62,95.15
19670820,95.15,95.54,93.93,94.78
19670827,94.78,95.22,92.04,92.7
19670903,92.7,94.21,92.01,93.68
19670910,93.68,95.06,93.36,94.36
19670917,94.36,97.4,93.88,96.27
19670924,96.27,97.61,95.39,97
19671001,97,98.31,96,96.71
19671008,96.71,97.83,95.75,97.26
19671015,97.26,98.25,95.16,96
19671022,96,96.55,94.19,95.38
19671029,95.38,95.98,93.47,94.96
19671105,94.96,95.67,91.33,91.78
19671112,91.78,93.07,90.39,92.21
19671119,92.21,93.62,90.44,92.82
19671126,92.38,94.46,90.09,93.9
19671203,93.9,95.51,93.32,94.5
19671210,94.5,96.67,94.09,95.42
19671217,95.42,96.35,94.34,95.03
19671224,95.03,96.25,94,95.2
19671231,95.2,96.9,94.61,96.47
19680107,96.47,97.33,94.31,95.94
19680114,95.94,97.84,95.54,96.72
19680121,96.72,97.46,94.6,95.24
19680128,95.24,95.4,91.96,93.45
19680204,93.45,94.38,91.27,92.27
19680211,92.27,92.74,89.23,89.86
19680218,89.86,90.62,86.73,89.96
19680225,89.96,91.87,89.42,90.89
19680303,90.89,91.19,88.58,89.11
19680310,89.11,89.98,86.99,89.03
19680317,89.03,90.78,87.61,89.1
19680324,89.11,91.09,87.5,88.42
19680331,88.42,90.92,87.65,90.2
19680407,91.11,95.13,91.11,93.29
19680414,93.29,97.11,93.11,96.53
19680421,96.53,97.89,95.15,95.85
19680428,95.85,97.83,94.22,97.21
19680505,97.21,100.19,96.58,98.66
19680512,98.66,99.74,97.27,98.5
19680519,98.5,99.1,96.11,96.9
19680526,96.9,98.17,95.8,97.15
19680602,97.15,99.4,96.29,98.68
19680609,98.72,101.89,98.72,101.27
19680616,101.27,102.84,99.98,101.13
19680623,101.13,101.71,99.43,100.66
19680630,100.66,101.48,98.91,99.58
19680707,99.58,101.36,98.6,100.91
19680714,100.91,103.67,100.72,102.34
19680721,102.34,103.15,99.8,100.46
19680728,100.46,100.88,97.22,98.34
19680804,98.34,98.82,95.79,96.63
19680811,96.63,98.32,95.95,97.01
19680818,97.01,99.36,96.72,98.68
19680825,98.68,99.65,97.71,98.69
19680901,98.69,99.67,97.9,98.86
19680908,98.86,101.88,98.31,101.2
19680915,101.2,102.09,99.7,100.86
19680922,100.86,102.53,100.33,101.66
19680929,101.66,103.63,101.2,102.31
19681006,102.31,104.35,101.71,103.71
19681013,103.71,104.45,102.39,103.18
19681020,103.18,105.34,102.48,104.82
19681027,104.82,105.78,103.14,104.2
19681103,104.2,104.89,102.36,103.06
19681110,103.06,104.59,101.85,103.95
19681117,103.95,106.44,103.51,105.78
19681124,105.78,106.89,104.85,106.3
19681201,106.3,109.09,105.47,108.37
19681208,108.37,109.37,106.71,107.93
19681215,107.93,108.77,106.33,107.58
19681222,107.58,108.4,105.1,106.34
19681229,106.34,106.68,104.2,104.74
19690105,104.74,104.99,102.98,103.99
19690112,103.99,104.36,100.14,100.93
19690119,100.93,103.25,96.63,102.03
19690126,102.03,103.23,100.88,102.38
19690202,102.38,103.64,101.56,103.01
19690209,103.01,104.3,102.04,103.53
19690216,103.53,104.61,102.86,103.61
19690223,103.61,104.03,99.29,99.79
19690302,99.79,100.07,97.36,98.13
19690309,98.13,100.48,97.32,98.65
19690316,98.65,100.14,97.4,98
19690323,98,100.39,97.06,99.63
19690330,99.63,102.35,98.85,101.51
19690406,101.51,102.45,99.87,100.68
19690413,100.63,102.28,99.08,101.65
19690420,101.65,102.4,99.99,101.24
19690427,101.24,102.29,99.52,101.72
19690504,101.72,104.63,100.97,104
19690511,104,106.01,103.48,105.05
19690518,105.05,106.74,104.12,105.94
19690525,105.94,106.15,103.37,104.59
19690601,104.59,105.14,102.29,103.46
19690608,103.46,103.75,101.68,102.12
19690615,102.12,102.16,97.59,98.65
19690622,98.65,99.64,96.29,96.67
19690629,96.67,98.3,95.21,97.33
19690706,97.33,100.25,96.82,99.61
19690713,99.61,100.33,94.81,95.77
19690720,95.77,96.71,93.11,94.95
19690727,94.95,95.45,91.54,92.06
19690803,91.91,94.19,88.04,93.47
19690810,93.47,94.77,92.13,93.94
19690817,93.94,94.5,91.48,94
19690824,94,96.43,93.51,95.92
19690831,95.92,96.13,93.65,95.51
19690907,95.51,96.31,93.09,93.64
19690914,93.64,95.77,91.77,94.13
19690921,94.13,95.92,93.73,95.19
19690928,95.19,96.62,93.53,94.16
19691005,94.16,94.45,91.66,93.19
19691012,93.19,94.19,91.75,93.56
19691019,93.56,97.54,93.2,96.26
19691026,96.26,98.83,95.29,98.12
19691102,98.12,98.78,95.61,97.12
19691109,97.12,99.01,95.84,98.26
19691116,98.26,99.23,96.36,97.07
19691123,97.07,97.36,93.87,94.32
19691130,94.32,94.43,92.24,93.81
19691207,93.81,94.47,90.36,91.73
19691214,91.73,92.05,89.33,90.81
19691221,90.81,92.34,88.62,91.38
19691228,91.38,92.3,89.4,91.89
19700104,91.89,93.54,90.47,93
19700111,93,94.25,91.82,92.4
19700118,92.4,92.67,90.36,90.92
19700125,90.72,90.8,88.64,89.37
19700201,89.23,89.23,84.42,85.02
19700208,85.02,87.66,84.64,86.33
19700215,86.33,87.85,85.3,86.54
19700222,86.54,88.74,85.57,88.03
19700301,88.03,90.33,87.11,89.5
19700308,89.5,91.05,88.84,89.44
19700315,89.43,89.58,87.29,87.86
19700322,87.86,88.28,86.36,87.06
19700329,87.06,91.07,86.19,89.92
19700405,89.92,90.7,88.81,89.39
19700412,89.39,89.61,87.82,88.24
19700419,88.24,88.67,84.75,85.67
19700426,85.67,86.54,81.96,82.77
19700503,82.77,83.23,79.31,81.44
19700510,81.28,81.28,78.02,79.44
19700517,79.44,79.72,74.03,76.9
19700524,76.9,77.68,70.94,72.25
19700531,72.16,76.92,68.61,76.55
19700607,76.55,79.42,75.25,76.17
19700614,76.17,79.96,73.25,73.88
19700621,73.88,78.05,73.67,77.05
19700628,77.05,77.43,73.09,73.47
19700705,73.47,73.92,72.11,72.92
19700712,72.92,75.21,70.69,74.45
19700719,74.45,78.23,73.78,77.69
19700726,77.69,78.72,76.22,77.82
19700802,77.82,79.03,76.96,78.05
19700809,78.05,78.24,76.12,77.28
19700816,77.28,77.4,74.13,75.18
19700823,75.18,79.6,74.52,79.24
19700830,79.41,82.47,79.41,81.86
19700906,81.86,83.42,79.95,82.83
19700913,82.83,83.78,81.48,82.52
19700920,82.52,83.5,80.61,82.62
19700927,82.62,83.6,80.82,82.83
19701004,82.83,85.56,82.61,85.16
19701011,85.16,87.75,84.54,85.08
19701018,85.05,85.28,83.24,84.28
19701025,84.28,84.72,82.62,83.77
19701101,83.77,84.26,82.29,83.25
19701108,83.25,85.26,82.66,84.22
19701115,84.22,86.24,82.92,83.37
19701122,83.37,84.17,82.23,83.72
19701129,83.72,86.21,83.47,85.93
19701206,85.93,89.89,85.79,89.46
19701213,89.46,90.93,88.48,90.26
19701220,90.26,90.81,88.77,90.22
19701227,90.22,91.08,89.35,90.61
19710103,90.61,92.99,90.28,92.15
19710110,92.15,93.26,90.64,92.19
19710117,92.19,93.94,90.99,93.03
19710124,93.03,95.53,92.63,94.88
19710131,94.88,96.49,93.96,95.88
19710207,95.88,97.58,95.38,96.93
19710214,96.93,98.96,96.13,98.43
19710221,98.43,99.59,96.25,96.74
19710228,96.65,97.71,94.92,96.75
19710307,96.75,99.49,96.11,98.96
19710314,98.96,100.31,98.42,99.57
19710321,99.57,102.03,99.12,101.01
19710328,101.01,101.46,98.36,99.95
19710404,99.95,101.23,99.36,100.56
19710411,100.56,102.87,99.88,102.1
19710418,102.1,104.4,101.75,103.49
19710425,103.49,104.63,102.55,104.05
19710502,104.05,105.6,103.19,103.95
19710509,103.95,104.42,101.86,102.87
19710516,102.87,103.57,101.5,102.21
19710523,102.08,102.17,99.68,100.99
19710530,100.99,101.24,98.68,99.63
19710606,99.63,102.07,99.22,101.3
19710613,101.3,102.02,99.28,101.07
19710620,101.07,101.37,98.65,98.97
19710627,98.97,99.18,96.92,97.99
19710704,97.99,100.65,97.02,99.78
19710711,99.78,101.33,99.1,100.69
19710718,100.69,101.52,98.23,99.11
19710725,99.11,100.01,98.11,98.94
19710801,98.94,99.47,95.08,95.58
19710808,95.58,96.76,93.33,94.25
19710815,94.25,96.53,92.81,95.69
19710822,97.9,101,97.35,98.33
19710829,98.33,101.51,98.09,100.48
19710905,100.48,100.93,98.32,100.69
19710912,100.69,102.25,99.69,100.42
19710919,100.42,100.84,98.79,99.96
19710926,99.96,100.4,97.61,98.15
19711003,98.15,99.49,96.97,98.93
19711010,98.93,100.96,98.34,99.36
19711017,99.36,100.2,97.03,97.79
19711024,97.79,98.33,94.59,95.57
19711031,95.57,95.76,92.96,94.23
19711107,94.23,96.08,91.84,94.46
19711114,94.46,95.31,90.93,92.12
19711121,92.12,93.62,90.95,91.61
19711128,91.61,92.19,89.34,91.94
19711205,92.04,97.57,92.04,97.06
19711212,97.06,98.17,95.4,97.69
19711219,97.97,100.26,97.67,100.26
19711226,101.55,101.8,100.74,100.74
19720102,100.95,102.21,100.95,102.09
19720109,102.09,104.29,100.87,103.47
19720116,103.47,104.66,102.29,103.39
19720123,103.39,105,102.75,103.65
19720130,103.65,104.98,101.63,104.16
19720206,104.16,105.48,103.1,104.86
19720213,104.86,106.69,103.9,105.08
19720220,105.08,106.65,104.03,105.28
19720227,105.28,106.73,104.65,106.18
19720305,106.18,108.51,105.37,107.94
19720312,107.94,109.75,107.64,108.38
19720319,108.38,108.61,106.55,107.92
19720326,107.92,108.81,105.86,107.52
19720402,107.52,108.08,105.98,107.2
19720409,107.2,110.29,106.75,109.62
19720416,109.62,111.11,108.76,109.84
19720423,109.84,110.64,108.08,108.89
19720430,108.89,109.19,106.18,107.67
19720507,107.67,108,105.14,106.63
19720514,106.63,107.02,103.83,106.38
19720521,106.38,109.59,106.02,108.98
19720528,108.98,111.31,108.79,110.66
19720604,110.66,111.48,108.92,109.73
19720611,109.73,109.92,106.3,106.86
19720618,106.86,109.52,106.29,108.36
19720625,108.36,109.66,107.37,108.27
19720702,108.23,108.29,105.94,107.14
19720709,107.14,110.27,106.72,108.69
19720716,108.69,109.16,105.62,106.8
19720723,106.8,107.37,104.43,106.66
19720730,106.66,108.88,106.52,107.38
19720806,107.38,111.12,106.6,110.43
19720813,110.43,112.4,109.67,111.95
19720820,111.95,113.45,110.72,111.76
19720827,111.76,113.27,109.78,110.67
19720903,110.67,112.12,109.26,111.51
19720910,111.51,112.08,109.67,110.15
19720917,110.15,110.57,107.81,108.81
19720924,108.81,109.57,107.72,108.52
19721001,108.52,110.75,107.35,110.55
19721008,110.55,111.35,107.78,109.62
19721015,109.62,111.11,107.17,107.92
19721022,107.92,109.79,106.27,109.24
19721029,109.51,112.26,109.38,110.62
19721105,110.62,114.81,109.66,114.22
19721112,114.22,115.23,112.08,113.73
19721119,113.73,116.23,112.91,115.49
19721126,115.49,117.91,114.57,117.27
19721203,117.27,118.18,115.56,117.38
19721210,117.38,119.54,116.89,118.86
19721217,118.86,119.79,117.37,118.26
19721224,117.88,117.88,114.63,115.83
19721231,115.83,118.77,115.54,118.05
19730107,118.06,120.71,118.06,119.87
19730114,119.87,121.74,118.69,119.3
19730121,119.3,120.82,117.04,118.78
19730128,118.78,119.63,114.97,116.45
19730204,116.45,117.18,113.45,114.35
19730211,114.35,115.48,111.85,114.68
19730218,114.69,118.98,113.7,114.98
19730225,114.98,116.26,112.77,113.16
19730304,113.16,113.26,109.45,112.28
19730311,112.28,115.23,111.33,113.79
19730318,113.79,115.61,112.84,113.54
19730325,113.5,113.5,107.41,108.88
19730401,108.88,113.22,108.29,111.52
19730408,111.52,111.7,107.44,109.28
19730415,109.28,113.65,108.74,112.08
19730422,112.08,112.93,109.99,112.17
19730429,112.17,112.66,106.76,107.23
19730506,107.23,111.99,105.34,111
19730513,111,112.25,107.7,108.17
19730520,107.74,107.74,103.18,103.86
19730527,103.77,108.86,101.36,107.94
19730603,107.94,108.58,103.31,103.93
19730610,103.93,107.75,102.33,107.03
19730617,107.03,109.52,104.37,105.1
19730624,104.96,105.66,102.46,103.7
19730701,103.64,105.3,101.45,104.26
19730708,104.1,104.1,100.67,101.28
19730715,101.28,106.62,100.44,104.09
19730722,104.09,108.02,103.42,107.14
19730729,107.14,111.04,106.31,109.59
19730805,109.59,110.12,105.51,106.49
19730812,106.49,107.57,104.21,104.77
19730819,104.77,104.83,101.38,102.31
19730826,102.31,102.65,99.74,101.62
19730902,101.62,104.92,101.09,104.25
19730909,104.25,105.95,103.6,104.76
19730916,104.76,105.12,102.13,104.44
19730923,104.44,108.02,102.41,107.2
19730930,107.2,110.45,106.21,108.43
19731007,108.43,110.46,107.08,109.85
19731014,109.85,112.82,108.02,111.44
19731021,111.32,111.56,108.5,110.22
19731028,110.22,112.31,107.4,111.38
19731104,111.38,112.56,106.33,107.07
19731111,106.97,108.45,104.52,105.3
19731118,105.3,105.75,100.69,103.88
19731125,103.65,103.65,97.64,99.44
19731202,98.64,98.72,94.88,95.96
19731209,95.83,97.58,91.55,96.51
19731216,96.51,99.09,91.05,93.29
19731223,93.29,96.83,91.87,93.54
19731230,93.54,98.76,91.68,97.54
19740106,97.54,100.94,95.95,98.9
19740113,98.9,99.31,91.62,93.66
19740120,93.66,98.35,92.35,95.56
19740127,95.56,98.11,93.23,96.63
19740203,96.63,98.06,94.66,95.32
19740210,94.89,94.89,91.87,92.33
19740217,92.33,92.98,89.53,92.27
19740224,92.27,96.19,91.34,95.39
19740303,95.39,97.43,94.2,95.53
19740310,95.53,98.57,94.19,97.78
19740317,97.78,101.05,96.38,99.28
19740324,99.28,99.71,96.35,97.27
19740331,97.27,98.66,93.44,93.98
19740407,93.98,95.14,92.55,93.01
19740414,93,93.52,91.5,92.12
19740421,92.12,95.42,91.49,93.75
19740428,93.75,94.12,88.62,90.18
19740505,90.18,93.59,89.02,91.29
19740512,91.29,93.57,90.13,91.47
19740519,91.47,91.72,87.67,88.21
19740526,88.21,89.27,86.12,88.58
19740602,88.58,89.37,85.87,87.28
19740609,87.28,93.76,86.78,92.55
19740616,92.55,93.64,90.73,91.3
19740623,91.3,91.34,86.77,87.46
19740630,87.46,89.48,85.13,86
19740707,86,86.89,83.17,83.66
19740714,83.13,83.65,79.08,83.15
19740721,83.15,85.39,81.7,83.54
19740728,83.54,85.67,82,82.4
19740804,82.02,82.02,77.84,78.59
19740811,78.59,83.53,78.03,80.86
19740818,80.86,81.26,75.19,75.67
19740825,75.65,76.11,70.75,71.55
19740901,71.55,73.17,69.37,72.15
19740908,72.15,73.01,67.64,71.42
19740915,71.35,71.35,64.74,65.2
19740922,65.2,71.12,64.15,70.14
19740929,70.14,71.02,64.58,64.94
19741006,64.85,64.85,60.96,62.34
19741013,62.78,71.99,62.78,71.14
19741020,71.17,74.43,69.41,72.28
19741027,72.28,75.09,68.8,70.12
19741103,70.12,75.9,68.89,73.88
19741110,73.8,77.41,71.93,74.91
19741117,74.91,75.7,71.41,71.91
19741124,71.1,71.1,66.85,68.9
19741201,68.9,71.31,67.79,69.97
19741208,69.8,69.8,64.4,65.01
19741215,65.01,69.03,64.13,67.07
19741222,67.07,69.01,65.86,66.91
19741229,66.91,68.19,65.34,67.14
19750105,67.14,71.64,66.23,70.71
19750112,70.71,73.75,69.04,72.61
19750119,72.61,73.81,70.45,70.96
19750126,70.96,73.57,69.8,72.98
19750202,73.76,78.69,73.76,76.98
19750209,76.98,80.72,76,78.63
19750216,78.63,82.53,77.38,81.5
19750223,81.5,83.56,79.83,82.62
19750302,82.62,82.71,78.91,81.59
19750309,81.59,85.43,81.32,84.3
19750316,84.3,85.89,82.52,84.76
19750323,84.76,87.08,82.52,83.39
19750330,82.39,84.88,80.08,83.85
19750406,83.85,84.62,80.29,80.88
19750413,80.88,84.7,79.66,84.18
19750420,84.18,88.79,83.98,86.3
19750427,86.3,88.64,85,86.62
19750504,86.62,89.98,85,89.22
19750511,89.22,91.24,87.6,90.53
19750518,90.53,93.51,89.74,90.43
19750525,90.43,91.45,88.35,90.58
19750601,90.58,91.62,88.83,91.15
19750608,91.32,93.76,91.32,92.48
19750615,92.48,92.87,89.3,90.52
19750622,90.52,93.75,89.6,92.61
19750629,92.61,95.72,91.81,94.81
19750706,94.81,95.85,93.37,94.36
19750713,94.36,96.19,92.51,94.66
19750720,94.66,96.58,92.39,93.2
19750727,93.2,93.93,88.72,89.29
19750803,89.29,90.07,87.46,87.99
19750810,87.99,88.17,85.34,86.02
19750817,86.02,88.17,85.02,86.36
19750824,86.36,87.21,82.21,84.28
19750831,84.28,87.73,83.35,86.88
19750907,86.88,87.42,84.62,85.62
19750914,85.62,86.73,82.84,83.3
19750921,83.3,86.39,81.57,85.88
19750928,85.88,86.86,83.8,86.19
19751005,86.19,86.38,82.57,85.95
19751012,85.98,89.42,85.56,88.21
19751019,88.21,90.8,87.73,88.86
19751026,88.86,91.75,88.43,89.83
19751102,89.83,91.01,88.35,89.04
19751109,89.04,90.18,87.63,89.33
19751116,89.33,92.33,88.35,90.97
19751123,90.97,92.3,88.79,89.53
19751130,89.53,91.74,88.65,91.24
19751207,91.24,91.9,86.54,86.82
19751214,86.82,88.79,86.15,87.83
19751221,87.83,90.09,87.32,88.8
19751228,88.8,90.45,87.64,90.25
19760104,90.25,91.18,89.17,90.9
19760111,90.9,95.71,90.85,94.95
19760118,94.95,98.34,94.38,97
19760125,97,99.88,96.36,99.21
19760201,99.21,101.99,97.66,100.86
19760208,100.86,102.57,98.64,99.46
19760215,99.46,101.8,98.77,99.67
19760222,99.67,103.07,98.5,102.1
19760229,102.1,102.92,98.6,99.71
19760307,99.71,101.26,98.23,99.11
19760314,99.11,102.46,98.93,100.86
19760321,100.86,102.01,99.24,100.58
19760328,100.58,104.39,100.14,102.85
19760404,102.85,103.36,101.23,102.25
19760411,102.32,104.63,99.87,100.35
19760418,100.35,101.77,99.57,100.67
19760425,100.67,104.04,100.32,102.29
19760502,102.29,103.18,100.91,101.64
19760509,101.64,102.27,100.14,101.88
19760516,101.88,103.99,100.82,101.34
19760523,101.34,102.53,100.41,101.26
19760530,101.07,101.07,98.26,100.18
19760606,100.18,101.1,98.79,99.15
19760613,99.15,101.22,97.97,100.92
19760620,101,104.8,100.84,103.76
19760627,103.76,104.82,102.4,103.72
19760704,103.72,105.07,102.95,104.11
19760711,104.11,105.41,102.8,104.98
19760718,104.98,106.78,103.87,104.68
19760725,104.68,105.32,103.05,104.06
19760801,104.06,104.69,102.31,103.44
19760808,103.44,105.18,102.64,103.79
19760815,103.79,105.24,103.01,104.25
19760822,104.25,105.41,101.96,102.37
19760829,102.37,102.65,100.43,101.48
19760905,101.48,104.84,101.22,104.3
19760912,104.3,105.73,103.79,104.65
19760919,104.65,106.81,103.28,106.27
19760926,106.27,108.72,105.74,106.8
19761003,106.8,107.7,103.6,104.17
19761010,104.17,104.62,102.05,102.56
19761017,102.48,102.48,100.02,100.88
19761024,100.88,102.32,99.24,99.96
19761031,99.96,103.1,99.21,102.9
19761107,102.9,103.78,100.48,100.82
19761114,100.62,100.62,98.18,99.24
19761121,99.24,102.77,98.53,101.92
19761128,101.92,103.51,101.41,103.15
19761205,103.15,103.46,101.46,102.76
19761212,102.76,105.36,102.53,104.7
19761219,104.7,105.89,103.8,104.26
19761226,104.26,105.59,102.99,104.84
19770102,104.84,107.82,104.58,107.46
19770109,107.46,107.97,104.3,105.01
19770116,105.01,105.75,102.75,104.01
19770123,104.01,104.45,102.35,103.32
19770130,103.32,104.08,101.08,101.93
19770206,101.93,103.32,100.91,101.88
19770213,101.88,102.65,99.74,100.22
19770220,100.22,102.22,99.51,100.49
19770227,100.49,101.22,98.82,99.48
19770306,99.48,101.67,98.91,101.2
19770313,101.2,101.85,99.49,100.65
19770320,100.65,102.7,100.24,101.86
19770327,101.86,102.13,98.71,99.06
19770403,99.06,100.12,97.8,99.21
19770410,99.21,99.5,97.43,98.35
19770417,98.35,102.07,98.08,101.04
19770424,101.04,101.36,98.08,98.44
19770501,98.32,98.87,96.53,98.44
19770508,98.44,100.79,97.97,99.49
19770515,99.49,100.09,97.91,99.03
19770522,99.03,100.93,98.76,99.45
19770529,99.35,99.35,95.92,96.27
19770605,96.27,98.12,95.52,97.69
19770612,97.69,98.86,96.6,98.46
19770619,98.46,100.47,98.06,99.97
19770626,99.97,101.65,99.56,101.19
19770703,101.19,101.63,99.3,100.1
19770710,100.1,100.72,99.12,99.79
19770717,99.79,100.68,98.81,100.18
19770724,100.18,102.57,99.94,101.67
19770731,101.67,101.85,97.71,98.85
19770807,98.85,99.84,97.53,98.76
19770814,98.76,99.45,97.31,97.88
19770821,97.88,98.69,96.78,97.51
19770828,97.51,98.52,95.04,96.06
19770904,96.06,97.76,95.59,97.45
19770911,97.45,98.43,95.97,96.37
19770918,96.37,97.31,95.37,96.48
19770925,96.48,96.59,94.51,95.04
19771002,95.04,96.85,94.44,96.53
19771009,96.53,97.27,95.2,95.97
19771016,95.97,96.15,92.88,93.56
19771023,93.56,94.19,91.6,92.32
19771030,92.32,93.15,90.2,92.61
19771106,92.61,93.03,90.01,91.58
19771113,91.58,96.49,91.32,95.98
19771120,95.98,96.47,94.59,95.33
19771127,95.33,97.11,94.59,96.69
19771204,96.69,96.98,93.78,94.67
19771211,94.67,95.01,92.15,93.65
19771218,93.65,94.42,92.9,93.4
19771225,93.4,94.99,91.76,94.69
19780101,94.69,95.67,93.99,95.1
19780108,95.1,95.15,91.05,91.62
19780115,91.48,91.48,89.23,89.69
19780122,89.69,91.04,88.88,89.89
19780129,89.89,90.08,88.02,88.58
19780205,88.58,90.91,88.26,89.62
19780212,89.62,91.32,88.95,90.08
19780219,90.08,90.3,87.55,87.96
19780226,87.96,88.87,86.83,88.49
19780305,88.49,88.97,86.45,87.45
19780312,87.45,89.25,86.48,88.88
19780319,88.88,90.52,88.21,90.2
19780326,90.2,91.35,88.83,89.36
19780402,89.36,90.17,88.47,89.21
19780409,89.2,90.59,88.07,90.17
19780416,90.17,93.31,89.65,92.92
19780423,93.6,95.89,92.75,94.34
19780430,94.34,97.91,94.08,96.83
19780507,96.83,98.3,94.57,96.53
19780514,96.53,98.89,95.33,98.07
19780521,98.07,100.32,97.4,98.12
19780528,98.12,99.43,96.01,96.58
19780604,96.58,98.52,95.95,98.14
19780611,98.14,101.84,97.97,99.93
19780618,99.93,100.68,97.1,97.42
19780625,97.42,97.94,95.42,95.85
19780702,95.85,96.26,93.99,95.53
19780709,95.53,95.65,93.59,94.89
19780716,94.89,97.88,94.28,97.58
19780723,97.58,99.18,96.52,97.75
19780730,97.75,100.51,96.72,100
19780806,100,105.41,99.37,103.92
19780813,103.92,105.72,102.6,103.96
19780820,103.96,106.27,102.86,104.73
19780827,104.73,105.86,103.14,104.9
19780903,104.9,105.14,102.63,103.68
19780910,103.68,107.19,103.31,106.79
19780917,106.79,108.05,103.56,104.12
19780924,104.12,105.03,100.66,101.84
19781001,101.84,103.44,100.94,102.54
19781008,102.54,104.23,101.76,103.52
19781015,103.52,106.23,103.31,104.66
19781022,104.63,104.63,97.12,97.95
19781029,97.95,98.95,94.3,94.59
19781105,94.59,97.41,91.65,96.18
19781112,96.18,96.49,92.89,94.77
19781119,94.77,95.03,91.77,94.42
19781126,94.42,96.17,94.29,95.79
19781203,95.79,96.69,93.29,96.28
19781210,96.28,98.58,95.37,96.63
19781217,96.63,97.58,94.88,95.33
19781224,94.33,96.62,92.64,96.31
19781231,96.31,97.89,95.48,96.11
19790107,96.11,99.79,95.22,99.13
19790114,99.13,100.91,97.83,99.93
19790121,99.93,101.13,98.33,99.75
19790128,99.75,102.59,98.9,101.86
19790204,101.86,102.33,99.01,99.5
19790211,99.07,99.07,96.51,97.87
19790218,97.87,99.64,97.05,98.67
19790225,98.67,100.07,97.29,97.78
19790304,97.78,98.28,95.38,96.97
19790311,97.03,100.58,97.03,99.54
19790318,99.54,101.16,98.56,100.69
19790325,100.69,102.41,99.87,101.6
19790401,101.6,103.31,100.6,101.59
19790408,101.56,103.95,100.14,103.18
19790415,103.18,103.83,101.51,102
19790422,102,102.4,100.46,101.23
19790429,101.23,103.07,100.68,101.8
19790506,101.8,102.57,100.42,100.69
19790513,100.37,100.37,97.92,98.52
19790520,98.52,100.73,97.49,99.93
19790527,99.93,101.31,99.14,100.22
19790603,100.22,100.76,98.29,99.17
19790610,99.17,102.54,98.61,101.49
19790617,101.49,103.64,100.91,102.09
19790624,102.09,103.16,100.91,102.64
19790701,102.64,103.67,101.22,102.91
19790708,102.91,103.91,101.31,103.62
19790715,103.62,105.17,101.49,102.32
19790722,102.32,103.2,100.35,101.82
19790729,101.82,103.63,100.84,103.1
19790805,103.1,105.02,102.42,104.04
19790812,104.04,106.84,103.27,106.4
19790819,106.4,109.18,106.28,108.3
19790826,108.3,109.68,107.65,108.6
19790902,108.6,109.84,108.12,109.32
19790909,109.32,109.41,105.38,107.66
19790916,107.66,109.48,106.72,108.76
19790923,108.76,111.58,107.32,110.47
19790930,110.47,111.25,108.27,109.32
19791007,109.19,112.16,107.7,111.27
19791014,111.27,111.83,102.31,104.49
19791021,104.49,104.74,101.24,101.6
19791028,101.38,101.45,99.06,100.57
19791104,100.57,103.21,100.13,102.51
19791111,102.51,102.66,99.42,101.51
19791118,101.51,104.94,101.27,103.79
19791125,103.79,105.13,102.04,104.67
19791202,104.83,107.89,104.83,106.16
19791209,106.16,109.24,105.07,107.52
19791216,107.52,109.49,106.65,108.92
19791223,108.92,110.33,106.99,107.59
19791230,107.59,108.61,106.8,107.84
19800106,107.84,108.53,103.26,106.52
19800113,106.52,111.16,105.8,109.92
19800120,109.92,112.9,109.34,111.07
19800127,111.07,115.27,110.66,113.61
19800203,113.61,117.17,112.93,115.12
19800210,115.12,118.66,112.15,117.95
19800217,117.95,120.22,114.12,115.41
19800224,115.41,117.9,113.35,115.04
19800302,114.93,115.12,111.33,113.66
19800309,113.66,114.34,105.99,106.9
19800316,106.9,108.54,104.01,105.43
19800323,105.23,105.72,101.14,102.31
19800330,102.18,102.18,94.23,100.68
19800406,100.68,103.87,100.02,102.15
19800413,102.15,105.15,99.23,103.79
19800420,103.79,104.42,99.97,100.55
19800427,100.55,105.57,98.95,105.16
19800504,105.16,106.86,104.5,105.58
19800511,105.58,108.12,104.18,104.72
19800518,104.72,107.99,103.5,107.35
19800525,107.35,111.37,106.51,110.62
19800601,110.62,112.72,108.87,111.24
19800608,111.24,114.38,109.77,113.2
19800615,113.2,117.01,112.68,115.81
19800622,115.81,117.16,113.12,114.06
19800629,114.06,117.98,113.35,116
19800706,116,117.8,113.54,117.46
19800713,117.46,119.52,116.29,117.84
19800720,117.84,123.19,117.45,122.04
19800727,122.04,123.9,119.94,120.78
19800803,120.78,123.93,119.4,121.21
19800810,121.21,125.23,119.42,123.61
19800817,123.61,126.61,122.49,125.72
19800824,125.28,127.78,121.91,126.02
19800831,126.02,126.29,121.06,122.38
19800907,122.38,127.7,121.79,124.88
19800914,124.88,126.75,121.94,125.54
19800921,125.54,130.38,124.09,129.25
19800928,129.25,132.17,125.29,126.35
19801005,125.41,130.44,122.87,129.33
19801012,129.35,132.88,129.35,130.29
19801019,130.29,135.88,129.37,131.52
19801026,131.52,134.01,128.04,129.85
19801102,129.85,129.94,125.29,127.47
19801109,127.47,135.65,127.23,129.18
19801116,129.18,138.96,128.19,137.15
19801123,137.15,141.76,134.9,139.11
19801130,139.11,141.96,136.36,140.52
19801207,140.52,140.66,132.91,134.03
19801214,133.19,133.19,125.32,129.23
19801221,129.23,135.9,128.33,133.7
19801228,133.7,137.48,132.88,136.57
19810104,136.57,137.51,134.04,136.34
19810111,136.34,140.32,131.71,133.48
19810118,133.48,135.91,131.69,134.77
19810125,134.77,135.86,129,130.23
19810201,130.23,132.41,128.57,129.55
19810208,129.48,131.81,125.82,130.6
19810215,130.6,131.39,126.04,126.98
19810222,126.98,129.25,124.66,126.58
19810301,126.58,132.02,125.69,131.27
19810308,131.27,132.96,128.56,129.85
19810315,129.85,135.53,128.72,133.11
19810322,133.11,136.09,132.1,134.08
19810329,134.08,138.38,133.41,134.65
19810405,134.65,137.72,133.51,135.49
19810412,135.49,136.23,132.59,134.51
19810419,134.51,135.82,131.58,134.7
19810426,134.7,136.38,132.72,135.14
19810503,135.14,136.56,131.43,132.72
19810510,131.78,132.69,128.93,131.66
19810517,131.66,133.21,128.78,132.17
19810524,132.17,133.65,130.42,131.33
19810531,131.33,134.92,130.64,132.59
19810607,132.59,134.62,128.77,132.22
19810614,132.22,135.09,130.94,133.49
19810621,133.49,135.67,130.49,132.27
19810628,132.27,134.3,131.1,132.56
19810705,132.56,133.5,127.84,128.64
19810712,128.64,130.43,126.39,129.37
19810719,129.37,131.6,128.14,130.76
19810726,130.6,130.6,125.96,128.46
19810802,128.46,131.78,128.28,130.92
19810809,130.92,134.04,129.42,131.75
19810816,131.75,135.18,130.83,132.49
19810823,132.49,133.02,128.7,129.23
19810830,128.59,128.59,122.85,124.08
19810906,124.08,125.58,119.24,120.07
19810913,120.07,122.18,116.85,121.61
19810920,121.61,122,115.18,116.26
19810927,116.26,118.19,111.64,112.77
19811004,112.77,120.16,110.19,119.36
19811011,119.36,123.28,118.08,121.45
19811018,121.45,122.37,118.01,119.19
19811025,119.19,121.94,117.58,118.6
19811101,118.6,122.53,116.81,121.89
19811108,122.35,126,121.85,122.67
19811115,122.67,124.71,121.06,121.67
19811122,121.64,122.59,119.13,121.71
19811129,121.71,125.71,120.76,125.09
19811206,125.09,127.32,123.63,126.26
19811213,126.26,126.91,123.52,124.93
19811220,124.37,124.87,121.73,124
19811227,124,124.71,121.57,122.54
19820103,122.54,123.42,121.04,122.55
19820110,122.55,123.72,117.7,119.55
19820117,119.55,120.34,114.07,116.33
19820124,116.33,118.15,114.29,115.38
19820131,115.38,121.38,113.63,120.4
19820207,119.81,119.81,114.88,117.26
19820214,117.04,117.04,112.82,114.38
19820221,114.38,115.09,112.06,113.22
19820228,113.22,114.9,110.03,113.11
19820307,113.11,114.8,108.31,109.34
19820314,109.34,111.06,104.46,108.61
19820321,108.61,111.59,107.47,110.61
19820328,110.71,114.51,110.71,111.94
19820404,111.94,115.79,110.9,115.12
19820411,115.12,116.94,113.7,116.22
19820418,116.22,117.7,114.8,116.81
19820425,116.81,118.64,114.83,118.64
19820502,118.94,119.33,116.07,116.44
19820509,115.96,119.89,115.91,119.47
19820516,119.08,119.92,118.01,118.01
19820523,117.62,118.02,114.37,114.89
19820530,114.46,115.51,111.66,111.88
19820606,111.97,112.48,110.02,110.09
19820613,109.59,111.48,108.53,111.24
19820620,110.5,111.22,107.07,107.28
19820627,107.28,110.92,107.01,109.14
19820704,109.3,111,107.6,107.65
19820711,107.27,108.97,105.57,108.83
19820718,109.48,111.48,108.89,111.07
19820725,111.75,112.39,110.35,111.17
19820801,110.66,111.16,106.62,107.09
19820808,107.71,109.43,103.67,103.71
19820815,103.69,103.85,102.2,103.85
19820822,103.86,113.02,103.86,113.02
19820829,113.02,120.26,112.65,117.11
19820905,117.05,123.64,115.79,122.68
19820912,122.68,123.22,120.27,120.97
19820919,120.94,124.88,120.25,122.55
19820926,122.54,126.43,121.48,123.32
19821003,123.32,124.16,120.14,121.97
19821010,121.97,131.11,120.56,131.05
19821017,131.06,137.97,131.06,133.57
19821024,133.59,140.4,133.59,138.83
19821031,138.81,138.81,131.5,133.72
19821107,133.72,143.99,133.22,142.16
19821114,142.12,144.36,139.53,139.53
19821121,139.54,139.54,134.05,137.02
19821128,137.03,137.1,132.89,134.88
19821205,134.89,140.37,133.69,138.69
19821212,138.7,143.68,138.01,139.57
19821219,139.57,142.5,134.79,137.49
19821226,137.49,139.94,136.07,139.72
19830102,139.73,142.34,139.72,140.64
19830109,140.65,146.46,138.08,145.18
19830116,145.19,148.36,144.58,146.65
19830123,146.65,147.9,143.25,143.85
19830130,143.84,145.47,139.1,144.51
19830206,144.51,146.14,141.9,146.14
19830213,146.14,148.81,144.09,147.65
19830220,147.71,149.41,143.84,148
19830227,148.01,150.88,145.4,149.74
19830306,149.74,154.16,147.81,153.67
19830313,153.67,154.01,150.65,151.24
19830320,151.28,151.62,149.12,149.9
19830327,149.82,153.78,149.32,152.67
19830403,152.67,155.02,151.42,152.96
19830410,152.92,153.92,150.17,152.85
19830417,152.87,158.75,152.87,158.75
19830424,158.75,161.08,158.41,160.42
19830501,160.43,164.43,158.07,164.43
19830508,164.41,166.99,160.8,166.1
19830515,166.1,166.46,163.82,164.91
19830522,164.9,165.18,161.25,162.14
19830529,162.06,166.39,160.29,164.46
19830605,164.44,164.79,161.33,164.42
19830612,164.43,165.09,160.8,162.68
19830619,162.7,169.64,162.7,169.13
19830626,169.13,171.6,168.25,170.41
19830703,170.4,170.46,165.43,168.64
19830710,166.55,169.15,165.8,167.08
19830717,167.09,168.11,164.03,164.29
19830724,164.28,169.8,163.3,168.89
19830731,167.67,170.72,161.5,162.56
19830807,162.34,163.44,159.63,161.74
19830814,161.73,162.6,158.5,162.16
19830821,162.22,165.91,162.22,163.98
19830828,164.18,165.64,159.96,162.14
19830904,162.14,165.07,160.97,165
19830911,165.2,168.48,165.03,166.92
19830918,166.95,169.2,164.17,166.25
19830925,166.27,170.17,166.26,169.51
19831002,169.53,170.41,165.63,166.07
19831009,165.99,171.1,164.93,170.8
19831016,170.77,172.65,169.13,169.86
19831023,169.85,171.18,164.98,165.95
19831030,165.85,167.15,163.23,163.37
19831106,163.37,165.21,162.22,162.44
19831113,162.42,166.3,161.63,166.29
19831120,166.29,167.58,164.5,165.09
19831127,165.04,167.26,165,167.18
19831204,167.2,168.07,165.25,165.44
19831211,165.44,166.34,164.5,165.08
19831218,165.13,165.63,161.58,162.39
19831225,162.34,164.18,161.64,163.22
19840101,163.22,165.84,163.22,164.93
19840108,164.93,169.31,163.98,169.28
19840115,169.18,169.54,166.64,167.02
19840122,167.02,168.34,165.87,166.21
19840129,166.21,167.12,163.07,163.94
19840205,164.4,164.67,160.82,160.91
19840212,160.91,160.91,154.3,156.3
19840219,156.3,157.48,154.13,155.74
19840226,155.71,157.51,152.13,157.51
19840304,157.51,159.9,156.41,159.24
19840311,159.24,159.24,153.77,154.35
19840318,154.35,160.45,154.35,159.27
19840325,159.27,159.27,156.02,156.86
19840401,156.86,160.46,156.31,159.18
19840408,159.18,159.87,154.12,155.48
19840415,155.48,158.87,154.17,157.31
19840422,157.31,159.59,156.49,158.02
19840429,158.02,160.69,156.61,159.89
19840506,159.89,162.11,158.93,159.11
19840513,159.11,161.31,157.42,158.49
19840520,158.49,158.49,155.24,155.78
19840527,155.78,156.11,150.8,151.62
19840603,151.62,153.24,148.68,153.24
19840610,153.24,155.4,153.24,155.17
19840617,155.17,155.17,149.02,149.03
19840624,149.03,155.64,148.53,154.46
19840701,154.46,154.67,151.3,153.18
19840708,153.16,153.87,151.63,152.24
19840715,152.24,153.53,149.63,150.88
19840722,150.88,152.6,149.07,149.55
19840729,149.55,151.38,147.26,151.19
19840805,151.19,162.56,149.65,162.35
19840812,162.35,168.59,160.81,165.42
19840819,164.84,166.09,162.75,164.14
19840826,164.14,168.8,163.76,167.51
19840902,167.51,168.21,165.78,166.68
19840909,166.68,166.68,163.84,164.37
19840916,164.37,169.65,163.06,168.78
19840923,168.78,169.37,165.66,165.67
19840930,165.67,167.2,164.45,166.1
19841007,166.1,166.1,162.2,162.68
19841014,162.68,164.47,160.02,164.18
19841021,164.18,169.62,163.71,167.96
19841028,167.96,168.36,164.93,165.29
19841104,165.29,167.95,164.67,167.42
19841111,167.42,170.41,167.33,167.6
19841118,167.65,167.65,164.09,164.1
19841125,164.1,166.92,163.03,166.92
19841202,166.92,166.92,162.99,163.58
19841209,163.58,163.91,161.76,162.26
19841216,162.26,163.53,161.54,162.69
19841223,162.69,169.03,162.44,165.51
19841230,165.51,166.93,165.5,166.26
19850106,166.26,167.34,163.36,163.68
19850113,163.68,168.72,163.68,167.91
19850120,167.91,171.94,167.58,171.32
19850127,171.32,178.16,171.31,177.35
19850203,177.35,180.27,176.56,178.63
19850210,178.63,182.39,177.75,182.19
19850217,182.19,183.95,179.45,181.6
19850224,181.6,182.1,179.23,179.36
19850303,179.36,183.89,178.13,183.23
19850310,183.23,183.41,179.07,179.1
19850317,179.1,180.14,176.53,176.53
19850324,176.53,180.22,176.53,179.04
19850331,179.04,180.66,177.85,180.66
19850407,180.66,181.86,178.29,179.03
19850414,179.03,180.91,177.86,180.54
19850421,180.54,182.56,180.19,181.11
19850428,181.11,183.61,180.25,182.18
19850505,182.18,182.34,178.35,180.08
19850512,180.08,184.74,179.82,184.28
19850519,184.28,187.94,183.65,187.42
19850526,187.42,189.98,187.29,188.29
19850602,188.29,189.59,187.09,189.55
19850609,189.55,191.29,188.88,189.68
19850616,189.68,189.68,185.03,187.1
19850623,187.1,189.66,185.97,189.61
19850630,188.77,191.85,187.84,191.85
19850707,191.85,192.67,191.17,192.52
19850714,192.47,193.32,190.81,193.29
19850721,193.29,196.07,192.55,195.13
19850728,195.13,195.13,190.66,192.4
19850804,192.4,192.42,189.3,191.48
19850811,191.48,191.48,187.39,188.32
19850818,188.32,188.32,186.1,186.1
19850825,186.1,189.23,186.1,187.17
19850901,187.17,189.13,186.46,188.63
19850908,188.63,188.63,186.89,188.24
19850915,188.24,188.8,182.05,182.91
19850922,182.91,183.99,180.78,182.05
19850929,182.05,184.65,179.45,181.29
19851006,181.3,185.94,181.22,183.22
19851013,183.22,184.28,181.16,184.28
19851020,184.31,188.52,184.28,187.04
19851027,187.04,189.45,186.79,187.52
19851103,187.52,191.53,186.93,191.53
19851110,191.45,193.97,190.66,193.72
19851117,193.72,199.58,193.7,198.11
19851124,198.11,202.01,197.51,201.52
19851201,201.52,203.4,200.08,202.17
19851208,202.17,205.86,200.1,202.99
19851215,202.99,210.31,202.98,209.94
19851222,209.94,213.08,209.24,210.94
19851229,210.57,210.94,206.44,209.61
19860105,209.61,211.61,208.93,210.88
19860112,210.88,214.57,204.51,205.96
19860119,205.96,209.4,205.52,208.43
19860126,208.43,208.43,202.6,206.43
19860202,206.43,212.42,206.43,211.78
19860209,211.78,215.27,210.82,214.56
19860216,214.56,219.76,214.47,219.76
19860223,219.76,224.62,219.22,224.62
19860302,224.58,227.92,222.63,226.92
19860309,226.92,227.33,222.18,225.57
19860316,225.57,236.55,225.36,236.55
19860323,236.55,237.35,233.29,233.34
19860330,233.34,240.11,232.92,238.97
19860406,238.97,239.86,228.32,228.69
19860413,228.69,237.85,226.3,235.97
19860420,235.97,243.47,235.43,242.38
19860427,242.38,245.47,240.08,242.29
19860504,242.29,243.57,234.15,234.79
19860511,234.79,238.28,233.98,237.85
19860518,237.85,238.53,232.26,232.76
19860525,232.76,242.16,232.41,241.35
19860601,241.35,249.19,241.35,247.35
19860608,246.04,247.74,242.59,245.67
19860615,245.67,245.91,238.23,245.73
19860622,245.73,247.6,242.57,247.58
19860629,247.58,250.13,244.45,249.6
19860706,249.6,253.2,249.6,251.79
19860713,251.79,251.81,239.07,242.22
19860720,242.22,242.22,233.6,236.36
19860727,236.36,240.36,235.53,240.22
19860803,240.2,240.25,233.07,234.91
19860810,234.91,238.31,231.92,236.88
19860817,236.88,247.15,236.87,247.15
19860824,247.15,250.61,245.48,250.19
19860831,250.19,254.24,247.76,252.93
19860907,252.93,254.13,247.59,250.47
19860914,250.47,250.47,228.74,230.67
19860921,230.67,233.81,228.32,232.21
19860928,232.2,237.06,230.64,232.23
19861005,232.23,236.16,228.08,233.71
19861012,233.71,238.2,233.17,235.48
19861019,235.52,240.18,234.37,238.84
19861026,238.84,239.76,234.78,238.26
19861102,238.22,244.51,236.72,243.98
19861109,243.97,247.05,243.93,245.77
19861116,245.75,247.67,241.96,244.5
19861123,244.5,246.38,235.51,245.86
19861130,245.86,249.22,245.21,249.22
19861207,249.22,254.87,245.72,251.17
19861214,251.16,252.36,247.02,247.35
19861221,247.31,250.04,244.92,249.73
19861228,249.73,249.73,245.85,246.92
19870104,246.9,246.92,241.28,246.45
19870111,246.45,259.2,246.45,258.73
19870118,258.72,267.24,257.92,266.28
19870125,266.26,280.96,264,270.1
19870201,270.1,276.85,267.73,274.08
19870208,274.08,282.26,273.16,280.04
19870215,280.04,280.91,273.49,279.7
19870222,279.7,287.55,279.7,285.48
19870301,285.48,285.5,279.37,284.2
19870308,284.17,291.24,282.3,290.66
19870315,290.66,292.51,287.12,289.89
19870322,289.88,298.17,286.64,298.17
19870329,298.16,302.72,296.06,296.13
19870405,296.1,301.3,286.69,300.41
19870412,300.46,303.65,290.94,292.49
19870419,292.48,293.36,275.67,286.91
19870426,286.91,293.46,281.18,281.52
19870503,281.52,290.08,276.22,288.03
19870510,288.02,296.8,286.39,293.37
19870517,293.37,298.69,287.11,287.43
19870524,287.43,287.43,277.01,282.16
19870531,282.16,292.87,282.16,290.1
19870607,290.12,295.11,286.93,293.45
19870614,293.46,302.26,291.55,301.62
19870621,301.62,306.97,301.62,306.97
19870628,306.98,310.27,306.32,307.16
19870705,307.15,308.15,302.53,305.63
19870712,305.64,309.56,304.23,308.37
19870719,308.41,314.59,305.49,314.59
19870726,314.56,314.59,306.1,309.27
19870802,309.3,318.85,308.61,318.66
19870809,318.62,324.15,314.51,323
19870816,322.98,336.08,322.95,333.99
19870823,333.98,336.37,326.43,335.9
19870830,335.89,337.89,327.03,327.04
19870906,327.03,332.18,316.53,316.7
19870913,316.68,322.45,308.56,321.98
19870920,322.02,323.81,313.45,314.86
19870927,314.92,322.01,308.69,320.16
19871004,320.16,328.94,320.16,328.07
19871011,328.07,328.57,310.97,311.07
19871018,311.07,314.53,281.52,282.7
19871025,282.7,282.7,216.46,248.22
19871101,248.2,254.04,226.26,251.79
19871108,251.73,257.21,242.78,250.41
19871115,250.41,250.41,237.64,245.64
19871122,245.69,249.54,235.89,242
19871129,242,247.9,240.34,240.34
19871206,240.27,240.34,221.24,223.92
19871213,223.98,240.09,223.92,235.32
19871220,235.3,249.18,235.04,249.16
19871227,249.14,253.35,247.01,252.03
19880103,252.01,252.02,244.19,247.08
19880110,247.1,261.78,242.95,243.4
19880117,243.38,253.65,240.46,252.05
19880124,252.05,253.33,240.17,246.5
19880131,246.53,257.07,246.5,257.07
19880207,257.05,258.27,250.34,250.96
19880214,250.95,258.86,247.82,257.63
19880221,257.61,261.61,256.57,261.61
19880228,261.6,267.75,260.88,262.46
19880306,262.46,268.75,262.46,267.3
19880313,267.28,270.76,261.27,264.94
19880320,264.93,272.64,264.52,271.12
19880327,271.1,271.12,258.12,258.51
19880403,258.5,261.59,256.07,258.89
19880410,258.89,270.22,255.68,269.43
19880417,269.43,272.05,255.97,259.77
19880424,259.75,262.38,254.71,260.14
19880501,260.15,265.09,259.97,261.33
19880508,261.36,263.7,257.03,257.48
19880515,257.47,258.3,252.32,256.78
19880522,256.75,260.2,248.85,253.02
19880529,253,255.34,249.82,253.42
19880605,253.44,267.43,253.42,266.45
19880612,266.46,273.21,264.5,271.26
19880619,271.28,276.14,268.09,270.68
19880626,270.67,276.88,267.52,273.78
19880703,273.78,273.8,268.85,271.78
19880710,271.78,276.36,269.31,270.02
19880717,270.03,272.06,266.12,272.05
19880724,271.99,272.05,263.29,263.5
19880731,263.49,272.02,262.48,272.02
19880807,272.03,274.2,270.08,271.15
19880814,271.13,272.47,260.34,262.55
19880821,262.49,262.76,257.5,260.24
19880828,260.24,261.13,256.53,259.68
19880904,259.68,264.9,256.98,264.48
19880911,264.42,268.26,263.66,266.84
19880918,266.85,270.81,265.22,270.65
19880925,270.64,270.65,267.41,269.76
19881002,269.77,274.87,267.77,271.91
19881009,271.89,278.07,268.84,278.07
19881016,278.06,278.69,273.05,275.5
19881023,275.48,283.66,274.41,283.66
19881030,283.63,283.95,276,278.53
19881106,278.54,280.37,276.31,276.31
19881113,276.3,276.31,267.92,267.92
19881120,267.93,269.25,262.85,266.47
19881127,266.35,269.56,263.41,267.23
19881204,267.22,274.36,266.97,271.81
19881211,274.93,279.01,271.81,277.03
19881218,277.03,278.82,274.01,276.29
19881225,276.29,280.45,275.61,277.87
19890101,277.87,279.78,276.17,277.72
19890108,277.72,282.06,273.81,280.67
19890115,280.67,284.63,279.44,283.87
19890122,283.87,287.9,282.65,286.63
19890129,287.85,296.08,284.5,293.82
19890205,293.82,298.33,293.54,296.97
19890212,296.97,300.57,291.96,292.02
19890219,292.02,297.12,290.88,296.76
19890226,296.76,297.04,287.13,287.13
19890305,287.13,291.18,286.26,291.18
19890312,291.2,295.62,291.18,292.88
19890319,292.88,299.99,291.08,292.69
19890326,292.69,292.69,288.56,288.98
19890402,288.98,294.96,288.07,294.87
19890409,294.87,297.62,294.35,297.16
19890416,297.16,301.38,296.27,301.36
19890423,301.36,309.61,300.71,309.61
19890430,309.61,310.45,306.07,309.64
19890507,309.64,310.69,306.98,307.61
19890514,307.61,313.84,304.06,313.84
19890521,313.84,321.38,313.84,321.24
19890528,321.24,323.06,317.58,321.59
19890604,321.59,325.63,317.83,325.52
19890611,325.52,327.39,321.27,326.69
19890618,326.69,326.69,318.69,321.35
19890625,321.35,328,319.25,328
19890702,328,329.19,314.38,317.98
19890709,317.98,325.87,317.26,324.91
19890716,324.93,331.89,324.91,331.84
19890723,331.78,337.4,330.75,335.9
19890730,335.9,342.96,332.6,342.15
19890806,342.13,347.99,342.02,343.92
19890813,343.92,351.18,343.91,344.74
19890820,344.71,346.39,341.96,346.03
19890827,346.03,352.73,339,350.52
19890903,350.52,353.9,348.66,353.73
19890910,353.73,354.13,345.74,348.76
19890917,348.76,350.1,341.37,345.06
19890924,345.06,348.46,344.6,347.05
19891001,347.05,350.31,342.85,349.15
19891008,349.15,359.05,348.35,358.78
19891015,358.76,360.44,332.81,333.65
19891022,333.65,348.82,327.12,347.16
19891029,347.11,348.19,333.26,335.06
19891105,335.06,341.74,334.48,337.62
19891112,337.61,339.41,330.91,339.1
19891119,339.08,342.24,337.06,341.61
19891126,341.61,344.24,337.53,343.97
19891203,343.98,351.88,343.36,350.63
19891210,350.63,352.24,346,348.69
19891217,348.68,354.1,346.08,350.14
19891224,350.14,350.88,339.63,347.42
19891231,347.42,353.41,346.53,353.4
19900107,353.4,360.59,351.35,352.2
19900114,352.2,354.24,339.49,339.93
19900121,339.93,342.01,333.37,339.15
19900128,339.14,339.96,321.44,325.8
19900204,325.8,332.1,319.83,330.92
19900211,330.92,336.09,326.55,333.62
19900218,333.62,335.64,327.92,332.72
19900225,332.72,332.72,322.1,324.15
19900304,324.16,335.54,323.98,335.54
19900311,335.54,340.66,333.49,337.93
19900318,337.93,341.91,334.93,341.91
19900325,341.91,344.49,333.62,337.22
19900401,337.22,342.58,337.03,339.94
19900408,339.94,344.12,336.33,340.08
19900415,340.08,344.79,339.88,344.34
19900422,344.34,347.3,333.41,335.12
19900429,335.12,335.12,328.71,329.11
19900506,329.11,338.46,327.76,338.39
19900513,338.39,352.31,338.11,352
19900520,352,358.41,351.95,354.64
19900527,354.64,360.5,353.78,354.58
19900603,354.58,363.52,354.55,363.16
19900610,363.16,368.78,357.68,358.71
19900617,358.71,367.27,357.7,362.91
19900624,362.91,363.2,355.31,355.43
19900701,355.42,359.09,351.23,358.02
19900708,358.02,360.73,354.64,358.42
19900715,358.42,369.68,356.41,367.31
19900722,367.31,369.78,361.29,361.61
19900729,361.61,361.61,350.09,353.44
19900805,353.44,357.54,338.2,344.86
19900812,344.86,344.86,332.22,335.52
19900819,335.39,341.92,324.63,327.83
19900826,327.83,329.9,306.18,311.51
19900902,311.55,325.83,311.55,322.56
19900909,322.56,324.52,319.11,323.4
19900916,323.42,326.53,314.76,316.83
19900923,316.83,319.35,307.98,311.32
19900930,311.3,311.3,295.98,306.05
19901007,306.1,319.69,305.76,311.5
19901014,311.5,315.03,294.51,300.03
19901021,300.03,312.48,296.41,312.48
19901028,312.48,315.83,304.71,304.71
19901104,304.74,311.94,299.44,311.85
19901111,311.85,314.76,305.03,313.74
19901118,313.74,321.7,313.73,317.12
19901125,317.15,319.39,312.42,315.1
19901202,315.08,323.02,311.48,322.22
19901209,322.23,333.98,321.97,327.75
19901216,327.75,330.58,325.16,326.82
19901223,326.82,332.47,324.46,331.75
19901230,331.74,331.74,327.24,328.72
19910106,328.71,330.75,318.87,321
19910113,320.97,320.97,310.93,315.23
19910120,315.23,332.23,309.35,332.23
19910127,332.23,336.92,327.83,336.07
19910203,336.06,344.9,334.26,343.05
19910210,343.05,363.43,342.96,359.35
19910217,359.36,370.54,359.32,369.06
19910224,369.06,370.96,364.23,365.65
19910303,365.65,370.47,362.19,370.47
19910310,370.47,379.66,369.07,374.95
19910317,374.94,378.28,369.55,373.59
19910324,373.59,374.09,365.58,367.48
19910331,367.48,378.48,367.46,375.22
19910407,375.22,381.88,370.27,375.36
19910414,375.35,381.07,371.21,380.4
19910421,380.4,391.26,378.78,384.2
19910428,384.19,384.19,376.77,379.02
19910505,379.01,382.14,373.01,380.8
19910512,380.78,383.91,375.61,375.74
19910519,375.74,377.02,365.83,372.39
19910526,372.39,378.08,371.26,377.49
19910602,377.49,389.85,377.12,389.83
19910609,389.81,389.81,378.76,379.43
19910616,379.43,382.3,374.46,382.29
19910623,382.3,382.31,373.87,377.75
19910630,377.74,377.74,367.98,371.16
19910707,371.18,377.93,371.18,374.08
19910714,374.09,381.41,370.92,380.25
19910721,380.28,385.83,380.24,384.22
19910728,384.21,384.86,378.15,380.93
19910804,380.93,389.56,380.45,387.18
19910811,387.17,391.8,384.29,387.12
19910818,387.11,392.12,383.16,385.58
19910825,385.58,395.34,374.09,394.17
19910901,394.17,396.82,391.77,395.43
19910908,395.43,397.62,387.36,389.1
19910915,389.11,389.34,382.85,383.59
19910922,383.59,389.42,382.77,387.92
19910929,387.9,389.09,384.46,385.9
19911006,385.91,390.03,381.24,381.25
19911013,381.22,381.46,376.11,381.45
19911020,381.45,393.81,381.45,392.5
19911027,392.49,392.49,382.97,384.2
19911103,384.2,395.1,384.2,391.32
19911110,391.29,396.43,387.58,392.89
19911117,392.9,398.22,382.62,382.62
19911124,382.62,385.4,374.52,376.14
19911201,376.14,378.29,371.63,375.22
19911208,375.11,382.39,371.36,379.1
19911215,379.09,385.04,374.78,384.47
19911222,384.48,388.24,380.64,387.04
19911229,387.05,406.58,386.96,406.46
19920105,406.49,419.79,406.49,419.34
19920112,419.31,420.5,413.31,415.1
19920119,415.05,421.18,413.54,418.86
19920126,418.86,419.78,411.32,415.48
19920202,415.44,417.83,408.64,408.78
19920209,408.79,416.17,407.45,411.09
19920216,411.07,418.08,411.07,412.48
19920223,412.48,414.26,406.34,411.43
19920301,411.46,416.07,408.02,412.7
19920308,412.68,413.78,403.65,404.44
19920315,404.45,409.16,401.94,405.84
19920322,405.85,411.3,403.55,411.3
19920329,411.29,411.43,402.87,403.5
19920405,403.5,405.21,398.21,401.55
19920412,401.54,405.93,392.41,404.29
19920419,404.28,416.28,403.9,416.04
19920426,416.05,416.05,406.86,409.02
19920503,409.03,415.21,406.33,412.53
19920510,412.54,418.53,412.54,416.05
19920517,416.05,418.75,409.85,410.09
19920524,410.13,416.83,410.13,414.02
19920531,414.02,418.36,410.23,415.35
19920607,415.35,417.3,410.97,413.48
19920614,413.48,413.95,406.11,409.76
19920621,409.76,411.68,400.51,403.67
19920628,403.64,405.53,399.92,403.45
19920705,403.47,415.71,403.47,411.77
19920712,411.77,415.88,407.2,414.62
19920719,414.62,417.93,412.96,415.62
19920726,415.62,415.62,409.81,411.6
19920802,411.6,424.8,411.27,424.21
19920809,424.19,425.14,418.51,418.88
19920816,418.87,420.4,416.4,419.91
19920823,419.89,421.89,413.58,414.85
19920830,414.8,415.83,408.3,414.84
19920906,414.87,420.31,413.35,417.08
19920913,417.08,420.58,414.3,419.58
19920920,419.65,425.27,417.77,422.93
19920927,422.9,422.9,412.71,414.35
19921004,414.35,418.67,410.45,410.47
19921011,410.47,410.47,396.8,402.66
19921018,402.66,411.73,402.66,411.73
19921025,411.73,417.98,410.66,414.1
19921101,414.09,421.16,413.71,418.68
19921108,418.66,422.81,415.58,417.58
19921115,417.58,423.1,416.79,422.43
19921122,422.44,426.98,418.31,426.65
19921129,426.65,431.93,424.83,430.16
19921206,430.19,432.89,428.61,432.06
19921213,432.06,436.99,432.06,433.73
19921220,433.73,441.29,430.88,441.28
19921227,441.26,441.64,438.25,439.77
19930103,439.77,442.65,435.71,435.71
19930110,435.7,437.32,426.88,429.05
19930117,429.04,439.49,428.19,437.15
19930124,437.13,437.81,432.48,436.11
19930131,436.11,442.66,436.11,438.78
19930207,438.78,449.86,438.78,448.93
19930214,448.94,450.04,444.24,444.58
19930221,444.53,444.53,428.25,434.22
19930228,434.21,443.77,432.41,443.38
19930307,443.38,450,441.07,446.11
19930314,446.12,456.76,446.12,449.83
19930321,449.83,453.32,447.99,450.18
19930328,450.17,452.09,446.08,447.78
19930404,447.76,454.88,440.71,441.39
19930411,441.42,443.77,439.48,441.84
19930418,441.84,450.4,441.84,448.94
19930425,448.94,449.14,436.82,437.03
19930502,437.03,442.29,432.3,440.19
19930509,440.19,446.09,438.25,442.31
19930516,442.34,445.42,438.1,439.56
19930523,439.56,450.59,436.86,445.84
19930530,445.84,454.55,445.26,450.19
19930606,450.23,455.63,448.92,450.06
19930613,450.07,450.75,444.09,447.26
19930620,447.26,448.98,443.61,443.68
19930627,443.68,448.64,442.5,447.6
19930704,447.6,451.9,445.2,445.84
19930711,445.86,448.94,441.4,448.11
19930718,448.13,451.12,445.66,445.75
19930725,445.75,447.63,443.71,447.1
19930801,447.06,450.77,446.59,448.13
19930808,448.13,450.43,446.94,448.68
19930815,448.68,451.63,447.53,450.14
19930822,450.25,456.99,450.25,456.16
19930829,456.12,462.87,454.29,460.54
19930905,460.54,463.8,459.91,461.34
19930912,461.34,462.07,453.75,461.72
19930919,461.7,463.38,456.31,458.83
19930926,458.84,459.91,449.64,457.63
19931003,457.63,462.17,457.63,461.28
19931010,461.28,463.15,456.4,460.31
19931017,460.31,471.1,460.31,469.5
19931024,469.5,470.04,463.27,463.27
19931031,463.27,468.76,462.05,467.83
19931107,467.83,469.11,454.36,459.57
19931114,459.57,465.84,458.78,465.39
19931121,465.39,467.24,460.03,462.6
19931128,462.6,463.63,457.08,463.06
19931205,463.06,464.89,460.45,464.89
19931212,464.89,466.89,462.66,463.93
19931219,463.93,466.38,461.84,466.38
19931226,466.38,468.97,464.03,467.38
19940102,467.4,471.29,466.45,466.45
19940109,466.51,470.26,464.36,469.9
19940116,469.9,475.32,469.55,474.91
19940123,474.91,475.56,472.21,474.72
19940130,474.72,479.75,470.27,478.7
19940206,478.7,482.85,469.28,469.81
19940213,469.81,473.41,466.89,470.18
19940220,470.18,475.12,466.07,467.69
19940227,467.69,472.41,464.26,466.07
19940306,466.07,469.16,457.49,464.74
19940313,464.74,468.07,462.46,466.44
19940320,466.44,471.09,465.48,471.06
19940327,471.06,471.06,460.58,460.58
19940403,460.58,461.12,436.16,445.77
19940410,445.66,451.1,435.86,447.1
19940417,447.12,450.8,442.62,446.18
19940424,446.27,449.96,438.83,447.63
19940501,447.64,452.79,447.58,450.91
19940508,450.91,453.98,445.64,447.82
19940515,447.82,447.82,440.78,444.14
19940522,444.15,456.88,443.62,454.92
19940529,454.92,457.77,451.79,457.33
19940605,457.32,460.86,453.99,460.13
19940612,460.13,461.87,455.43,458.67
19940619,458.67,463.23,457.18,458.45
19940626,458.45,458.45,442.51,442.8
19940703,442.78,449.83,439.83,446.2
19940710,446.2,449.75,444.18,449.55
19940717,449.56,454.33,444.65,454.16
19940724,454.41,455.71,450.69,453.11
19940731,453.1,459.33,451.36,458.26
19940807,458.28,462.77,456.08,457.09
19940814,457.08,462.27,456.66,461.94
19940821,461.97,465.91,459.89,463.68
19940828,463.61,474.65,461.46,473.8
19940904,473.89,477.59,470.67,470.99
19940911,471,473.4,466.55,468.18
19940918,468.18,474.81,466.15,471.19
19940925,471.21,473.15,458.47,459.67
19941002,459.65,465.55,459.31,462.71
19941009,462.69,463.31,449.27,455.1
19941016,455.12,471.3,455.12,469.1
19941023,469.11,471.43,463.83,464.89
19941030,464.89,473.78,458.26,473.77
19941106,473.76,474.74,462.28,462.28
19941113,462.31,469.95,461.25,462.35
19941120,462.44,468.51,460.25,461.47
19941127,461.69,463.41,444.18,452.29
19941204,452.26,457.13,447.97,453.3
19941211,453.3,455.04,442.88,446.96
19941218,446.95,458.8,445.62,458.8
19941225,458.78,461.7,456.37,459.83
19950101,459.85,462.73,459,459.27
19950108,459.21,462.49,457.2,460.68
19950115,460.67,466.43,458.65,465.97
19950122,465.97,470.43,463.99,464.78
19950129,464.78,471.36,461.14,470.39
19950205,470.39,479.91,467.49,478.65
19950212,478.64,482.6,478.36,481.46
19950219,481.46,485.54,480.89,481.97
19950226,481.95,489.19,481.94,488.11
19950305,488.26,488.26,483.07,485.42
19950312,485.42,490.37,479.7,489.57
19950319,489.57,496.67,489.35,495.52
19950326,495.52,500.97,493.67,500.97
19950402,500.97,508.15,495.7,500.71
19950409,500.7,507.19,500.2,506.42
19950416,506.3,509.83,504.61,509.23
19950423,509.23,512.03,501.19,508.49
19950430,508.49,515.29,507.44,514.71
19950507,514.76,525.4,513.03,520.12
19950514,520.09,527.05,519.14,525.55
19950521,525.55,529.08,517.07,519.19
19950528,519.19,531.91,519.19,523.65
19950604,523.65,536.91,521.38,532.51
19950611,532.51,537.73,526,527.94
19950618,527.94,539.98,527.94,539.83
19950625,539.83,551.07,539.83,549.71
19950702,549.71,549.79,540.72,544.75
19950709,544.75,556.57,544.43,556.37
19950716,556.37,562,553.8,559.89
19950723,560.34,562.94,542.51,553.62
19950730,553.62,565.4,553.62,562.93
19950806,562.93,565.62,554.1,558.94
19950813,558.94,561.59,553.04,555.11
19950820,555.11,561.24,554.76,559.21
19950827,559.21,563.34,555.2,560.1
19950903,560.1,564.62,555.71,563.84
19950910,563.86,572.68,563.84,572.68
19950917,572.68,585.07,572.68,583.35
19950924,583.35,586.79,578.25,581.73
19951001,581.73,587.61,574.68,584.41
19951008,584.41,585.05,578.48,582.49
19951015,582.49,587.39,571.55,584.5
19951022,584.5,590.66,581.9,587.46
19951029,587.46,587.46,572.53,579.7
19951105,579.7,590.57,579.7,590.57
19951112,590.57,593.9,584.24,592.72
19951119,592.72,600.14,588.36,600.07
19951126,600.07,600.71,595.42,599.97
19951203,599.97,608.69,599.02,606.98
19951210,606.98,621.11,606.84,617.48
19951217,617.48,622.88,614.46,616.34
19951224,616.34,616.34,605.05,611.95
19951231,611.96,615.93,611.96,615.93
19960107,615.93,624.49,612.02,616.71
19960114,616.71,619.15,597.29,601.81
19960121,601.81,612.92,598.47,611.83
19960128,611.83,621.7,610.65,621.62
19960204,621.62,639.26,621.42,635.84
19960211,635.84,661.08,633.71,656.37
19960218,656.37,664.23,646.99,647.98
19960225,647.98,663,638.79,659.08
19960303,659.08,659.08,635,644.37
19960310,644.37,656.97,627.63,633.5
19960317,633.5,644.17,628.82,641.43
19960324,641.43,656.18,641.43,650.62
19960331,650.62,655.5,644.89,645.5
19960407,645.5,656.68,645.5,655.86
19960414,655.86,655.86,624.14,636.71
19960421,636.71,647.32,636.71,645.07
19960428,645.07,656.43,645.07,653.46
19960505,653.46,656.44,640.23,641.63
19960512,641.63,653,630.07,652.09
19960519,652.09,669.84,652.09,668.91
19960526,668.91,681.1,667.64,678.51
19960602,678.51,679.98,664.56,669.12
19960609,669.12,680.32,662.48,673.31
19960616,673.31,676.72,664.35,665.85
19960623,665.85,668.27,658.75,666.84
19960630,666.84,672.68,661.56,670.63
19960707,670.63,675.88,657.41,657.44
19960714,657.44,657.65,639.52,646.19
19960721,646.19,646.19,605.88,638.73
19960728,638.73,638.73,616.43,635.9
19960804,635.9,662.49,629.22,662.49
19960811,662.49,665.37,656.83,662.1
19960818,662.1,666.34,658.47,665.21
19960825,665.21,670.68,662.16,667.03
19960901,667.03,667.41,650.52,651.99
19960908,651.99,658.21,643.97,655.68
19960915,655.68,681.39,655.68,680.54
19960922,680.54,687.07,679.06,687.03
19960929,687.03,690.88,681.01,686.19
19961006,686.19,701.74,684.44,701.46
19961013,701.46,705.76,693.34,700.66
19961020,700.66,711.04,699.07,710.82
19961027,710.82,714.1,700.53,700.92
19961103,700.92,708.6,696.22,703.77
19961110,703.77,730.82,702.84,730.82
19961117,730.82,741.92,728.03,737.62
19961124,737.62,748.73,734.39,748.73
19961201,748.73,762.12,747.99,757.02
19961208,757.02,761.75,726.89,739.6
19961215,739.6,753.43,721.97,728.64
19961222,728.64,755.41,716.69,748.87
19961229,748.87,758.75,743.28,756.79
19970105,756.79,759.2,729.55,748.03
19970112,748.03,759.65,742.18,759.5
19970119,759.5,776.37,756.69,776.17
19970126,776.17,794.67,768.17,770.52
19970202,770.52,791.86,761.75,786.16
19970209,786.16,792.71,773.43,789.56
19970216,789.56,812.93,780.95,808.48
19970223,808.48,817.68,799.99,801.77
19970302,801.77,812.85,788.5,790.82
19970309,790.82,808.19,785.66,804.97
19970316,804.97,814.9,789.44,793.17
19970323,793.17,797.18,778.04,784.1
19970330,784.1,798.11,767.32,773.88
19970406,773.88,773.88,744.04,757.9
19970413,757.9,769.53,737.64,737.65
19970420,737.65,768.55,733.54,766.34
19970427,766.34,779.89,756.38,765.37
19970504,765.37,812.99,763.3,812.97
19970511,812.97,832.29,811.8,824.78
19970518,824.78,842.45,824.78,829.75
19970525,829.75,848.49,826.41,847.03
19970601,847.03,851.87,831.87,848.28
19970608,848.28,859.24,838.82,858.01
19970615,858.01,894.69,858.01,893.27
19970622,893.27,901.77,886.19,898.7
19970629,898.7,902.09,878.43,887.3
19970706,887.3,917.82,879.82,916.92
19970713,916.92,923.26,902.48,916.68
19970720,916.68,939.32,912.02,915.3
19970727,915.3,945.65,907.12,938.79
19970803,938.79,957.73,932.56,947.14
19970810,947.14,964.17,925.74,933.54
19970817,933.54,942.99,900.81,900.81
19970824,900.81,939.47,893.34,923.54
19970831,923.55,930.93,896.82,899.47
19970907,899.47,940.37,899.47,929.05
19970914,929.05,938.9,902.56,923.91
19970921,923.91,958.19,919.41,950.51
19970928,950.51,960.59,937.38,945.22
19971005,945.22,975.47,941.94,965.03
19971012,965.03,983.12,963.34,966.98
19971019,966.98,973.46,931.58,944.16
19971026,944.16,972.61,937.55,941.64
19971102,941.64,941.64,855.27,914.62
19971109,914.62,949.62,914.62,927.51
19971116,927.51,935.9,900.61,928.35
19971123,928.35,964.55,928.35,963.09
19971130,963.09,963.09,944.71,955.4
19971207,955.4,986.25,955.4,983.79
19971214,983.79,985.67,947,953.39
19971221,953.39,974.3,924.92,946.78
19971228,946.78,956.73,932.7,936.46
19980104,936.46,975.04,936.46,975.04
19980111,975.04,982.63,921.72,927.69
19980118,927.69,965.12,912.83,961.51
19980125,961.51,978.6,950.86,957.59
19980201,957.59,992.65,954.24,980.28
19980208,980.28,1013.51,980.28,1012.46
19980215,1012.46,1026.3,1006.28,1020.09
19980222,1020.09,1034.21,1020.09,1034.21
19980301,1034.21,1051.66,1028.89,1049.34
19980308,1049.34,1055.69,1030.87,1055.69
19980315,1055.69,1075.86,1050.02,1068.61
19980322,1068.61,1101.04,1068.61,1099.16
19980329,1099.16,1113.07,1091.14,1095.44
19980405,1095.44,1126.36,1090.02,1122.7
19980412,1122.7,1131.99,1098.21,1110.67
19980419,1110.67,1122.72,1100.6,1122.72
19980426,1122.72,1132.98,1104.77,1107.9
19980503,1107.9,1121.02,1076.7,1121
19980510,1121,1130.52,1094.53,1108.14
19980517,1108.14,1124.03,1102.78,1108.73
19980524,1108.73,1124.45,1097.99,1110.47
19980531,1110.47,1116.79,1074.39,1090.82
19980607,1090.82,1113.88,1078.1,1113.86
19980614,1113.86,1126,1080.83,1098.84
19980621,1098.84,1112.87,1074.67,1100.65
19980628,1100.65,1142.04,1099.42,1133.2
19980705,1133.2,1148.56,1131.98,1146.42
19980712,1146.42,1166.93,1145.03,1164.33
19980719,1164.33,1188.1,1160.21,1186.75
19980726,1186.75,1190.58,1129.11,1140.8
19980802,1140.8,1147.27,1114.3,1120.67
19980809,1120.67,1121.79,1057.35,1089.45
19980816,1089.45,1092.82,1054,1062.75
19980823,1062.75,1106.32,1054.92,1081.24
19980830,1081.24,1106.64,1021.04,1027.14
19980906,1027.14,1033.47,939.98,973.89
19980913,973.89,1027.72,968.64,1009.06
19980920,1009.06,1046.07,1009.06,1020.09
19980927,1020.09,1066.11,993.82,1044.75
19981004,1044.75,1061.46,971.69,1002.6
19981011,1002.6,1008.77,923.32,984.39
19981018,984.39,1062.65,984.39,1056.42
19981025,1056.42,1084.06,1054.23,1070.67
19981101,1070.67,1103.78,1059.65,1098.67
19981108,1098.67,1141.3,1098.67,1141.01
19981115,1141.01,1141.01,1115.55,1125.72
19981122,1125.72,1163.55,1125.72,1163.55
19981129,1163.55,1192.97,1163.55,1192.33
19981206,1192.33,1192.72,1149.61,1176.74
19981213,1176.74,1193.53,1153.19,1166.46
19981220,1166.46,1188.89,1136.89,1188.03
19981227,1188.03,1229.89,1188.03,1226.27
19990103,1226.27,1244.93,1220.78,1229.23
19990110,1229.23,1278.24,1219.1,1275.09
19990117,1275.09,1276.22,1205.46,1243.26
19990124,1243.26,1274.07,1217.97,1225.19
19990131,1225.19,1280.37,1219.46,1279.64
19990207,1279.64,1283.75,1232.28,1239.4
19990214,1239.4,1254.05,1211.89,1230.13
19990221,1230.13,1252.17,1220.7,1239.22
19990228,1239.22,1283.84,1225.01,1238.33
19990307,1238.33,1275.73,1216.03,1275.47
19990314,1275.47,1306.43,1271.58,1294.59
19990321,1294.59,1323.82,1291.03,1299.29
19990328,1299.29,1303.84,1256.43,1282.8
19990404,1282.8,1313.6,1282.56,1293.72
19990411,1293.72,1351.22,1293.72,1348.35
19990418,1348.35,1362.38,1308.38,1319
19990425,1319,1363.65,1284.21,1356.85
19990502,1356.85,1371.56,1314.58,1335.18
19990509,1335.18,1354.64,1317.44,1345
19990516,1345,1375.98,1332.63,1337.8
19990523,1337.8,1350.49,1321.19,1330.29
19990530,1330.29,1333.02,1277.31,1301.84
19990606,1301.84,1327.75,1277.47,1327.75
19990613,1327.75,1336.42,1287.88,1293.64
19990620,1293.64,1344.48,1292.2,1342.84
19990627,1342.84,1351.12,1308.47,1315.31
19990704,1315.31,1391.22,1315.31,1391.22
19990711,1391.22,1405.29,1384.95,1403.28
19990718,1403.28,1418.78,1386.51,1418.78
19990725,1418.78,1420.33,1349.91,1356.94
19990801,1356.94,1370.53,1328.49,1328.72
19990808,1328.72,1344.69,1287.23,1300.29
19990815,1300.29,1327.72,1267.73,1327.68
19990822,1327.68,1344.16,1315.35,1336.61
19990829,1336.61,1382.84,1336.61,1348.27
19990905,1348.27,1357.74,1304.88,1357.24
19990912,1357.24,1361.39,1333.91,1351.66
19990919,1351.66,1351.66,1299.97,1335.42
19990926,1335.42,1338.38,1263.84,1277.36
19991003,1277.36,1295.03,1256.26,1282.81
19991010,1282.81,1336.61,1282.81,1336.02
19991017,1336.02,1339.23,1245.39,1247.41
19991024,1247.41,1308.81,1233.7,1301.65
19991031,1301.65,1373.17,1280.48,1362.93
19991107,1362.93,1387.48,1346.41,1370.23
19991114,1370.23,1396.12,1359.98,1396.06
19991121,1396.06,1425.31,1392.28,1422
19991128,1422,1425.24,1399.17,1416.62
19991205,1416.62,1447.42,1386.95,1433.3
19991212,1433.3,1434.15,1391.47,1417.04
19991219,1417.04,1431.77,1396.2,1421.03
19991226,1421.03,1461.44,1411.1,1458.34
20000102,1458.34,1473.13,1450.83,1469.25
20000109,1469.25,1478,1377.68,1441.47
20000116,1441.47,1473,1427.08,1465.15
20000123,1465.15,1465.71,1438.54,1441.36
20000130,1441.36,1454.09,1356.2,1360.16
20000206,1360.16,1435.91,1350.14,1424.37
20000213,1424.37,1444.55,1378.89,1387.12
20000220,1387.12,1407.72,1345.32,1346.09
20000227,1346.09,1370.11,1329.15,1333.36
20000305,1333.36,1410.88,1325.07,1409.17
20000312,1409.17,1413.46,1346.62,1395.07
20000319,1395.07,1477.33,1356.99,1464.47
20000326,1464.47,1552.87,1446.06,1527.46
20000402,1527.46,1534.63,1474.63,1498.58
20000409,1498.58,1526.45,1416.41,1516.35
20000416,1516.35,1527.19,1339.4,1356.56
20000423,1356.56,1447.69,1346.5,1434.54
20000430,1434.54,1482.94,1407.13,1452.43
20000507,1452.43,1481.51,1398.36,1432.63
20000514,1432.63,1432.63,1375.14,1420.96
20000521,1420.96,1470.4,1401.74,1406.95
20000528,1406.95,1411.65,1361.09,1378.02
20000604,1378.02,1483.23,1378.02,1477.26
20000611,1477.26,1477.28,1454.74,1456.95
20000618,1456.95,1483.62,1442.38,1464.46
20000625,1464.46,1488.93,1438.31,1441.48
20000702,1441.48,1467.63,1434.63,1454.6
20000709,1454.6,1484.12,1439.56,1478.9
20000716,1478.9,1509.99,1470.48,1509.98
20000723,1509.98,1517.32,1477.91,1480.19
20000730,1480.19,1485.88,1413.89,1419.89
20000806,1419.89,1462.93,1418.71,1462.93
20000813,1462.93,1490.33,1453.06,1471.84
20000820,1471.84,1499.47,1468.56,1491.72
20000827,1491.72,1513.47,1489.52,1506.45
20000903,1506.45,1530.09,1500.09,1520.77
20000910,1520.77,1520.77,1489.88,1494.5
20000917,1494.5,1506.76,1460.22,1465.81
20000924,1465.81,1467.77,1421.88,1448.72
20001001,1448.72,1461.69,1419.44,1436.51
20001008,1436.52,1454.82,1397.06,1408.99
20001015,1408.99,1409.69,1327.08,1374.17
20001022,1374.17,1408.47,1305.79,1396.93
20001029,1396.93,1415.64,1337.81,1379.58
20001105,1379.58,1433.4,1376.86,1426.69
20001112,1428.76,1438.46,1365.97,1365.98
20001119,1365.98,1395.96,1328.62,1367.72
20001126,1367.72,1367.72,1321.89,1341.77
20001203,1341.77,1362.5,1294.9,1315.23
20001210,1315.18,1380.33,1310.23,1369.89
20001217,1369.89,1389.05,1305.38,1312.15
20001224,1312.15,1346.44,1254.07,1305.95
20001231,1305.97,1340.1,1301.64,1320.28
20010107,1320.28,1350.24,1274.62,1298.35
20010114,1298.35,1333.21,1276.29,1318.55
20010121,1318.32,1354.55,1313.33,1342.54
20010128,1342.54,1369.75,1333.84,1354.95
20010204,1354.92,1383.37,1348.72,1349.47
20010211,1349.47,1363.55,1309.98,1314.76
20010218,1314.76,1336.62,1293.18,1301.53
20010225,1301.53,1307.16,1215.44,1245.86
20010304,1245.86,1272.76,1214.5,1234.18
20010311,1234.18,1267.42,1228.42,1233.42
20010318,1233.42,1233.42,1148.64,1150.53
20010325,1150.53,1180.56,1081.19,1139.83
20010401,1139.83,1183.35,1136.26,1160.33
20010408,1160.33,1169.51,1091.99,1128.43
20010415,1128.43,1183.51,1126.38,1183.5
20010422,1183.5,1253.71,1167.38,1242.98
20010429,1242.98,1253.07,1207.38,1253.05
20010506,1253.05,1272.93,1232,1266.61
20010513,1266.61,1270,1240.79,1245.67
20010520,1245.67,1296.48,1241.02,1291.96
20010527,1291.96,1315.93,1276.42,1277.89
20010603,1277.89,1278.42,1245.96,1260.67
20010610,1260.67,1286.62,1256.36,1264.96
20010617,1264.96,1264.96,1203.03,1214.36
20010624,1214.36,1240.24,1207.71,1225.35
20010701,1225.35,1237.29,1204.64,1224.38
20010708,1224.42,1239.78,1188.74,1190.59
20010715,1190.59,1218.54,1168.46,1215.68
20010722,1215.68,1225.04,1196.14,1210.85
20010729,1210.85,1215.22,1165.54,1205.82
20010805,1205.82,1226.27,1200.41,1214.35
20010812,1214.35,1214.35,1169.55,1190.16
20010819,1190.16,1198.79,1156.07,1161.97
20010826,1161.97,1185.15,1153.34,1184.93
20010902,1184.93,1186.85,1124.87,1133.58
20010909,1133.58,1155.4,1082.12,1085.78
20010916,1085.78,1096.94,1073.15,1092.54
20010923,1092.54,1092.54,944.75,965.8
20010930,965.8,1040.94,965.8,1040.94
20011007,1040.94,1084.12,1026.76,1071.38
20011014,1071.37,1099.16,1052.76,1091.65
20011021,1091.65,1107.12,1057.24,1073.48
20011028,1073.48,1110.61,1065.64,1104.61
20011104,1104.61,1104.61,1053.61,1087.2
20011111,1087.2,1135.75,1087.2,1120.31
20011118,1120.31,1148.28,1098.32,1138.65
20011125,1138.65,1152.45,1129.78,1150.34
20011202,1150.34,1163.38,1125.51,1139.45
20011209,1139.45,1173.62,1125.78,1158.31
20011216,1158.31,1158.31,1114.53,1123.09
20011223,1123.09,1152.44,1122.66,1144.89
20011230,1144.89,1164.64,1144.62,1161.02
20020106,1161.02,1176.55,1136.23,1172.51
20020113,1172.51,1176.97,1145.45,1145.6
20020120,1145.6,1148.81,1124.45,1127.58
20020127,1127.58,1139.5,1117.43,1133.28
20020203,1133.28,1138.63,1081.66,1122.2
20020210,1122.2,1122.2,1077.78,1096.22
20020217,1096.22,1124.72,1094.68,1104.18
20020224,1104.18,1104.18,1074.36,1089.84
20020303,1089.84,1131.79,1089.84,1131.78
20020310,1131.78,1172.76,1130.93,1164.31
20020317,1164.31,1173.03,1151.01,1166.16
20020324,1166.16,1173.94,1139.48,1148.7
20020331,1148.7,1154.45,1131.61,1147.39
20020407,1147.39,1147.84,1119.49,1122.73
20020414,1122.73,1131.76,1102.42,1111.01
20020421,1111.01,1133,1099.41,1125.17
20020428,1125.17,1125.17,1076.31,1076.32
20020505,1076.32,1091.42,1063.46,1073.43
20020512,1073.43,1088.92,1048.96,1054.99
20020519,1054.99,1106.59,1053.9,1106.59
20020526,1106.59,1106.59,1075.64,1083.82
20020602,1083.82,1085.98,1054.26,1067.14
20020609,1067.14,1070.74,1012.49,1027.53
20020616,1027.53,1039.04,981.63,1007.27
20020623,1007.27,1040.83,985.65,989.14
20020630,989.14,1005.88,952.92,989.82
20020707,989.82,994.46,934.87,989.03
20020714,989.03,993.56,900.94,921.39
20020721,921.39,926.52,842.07,847.75
20020728,847.76,854.13,775.68,852.84
20020804,852.84,911.64,852.84,864.24
20020811,864.24,913.95,833.44,908.64
20020818,908.64,935.38,876.2,928.77
20020825,928.77,965,927.21,940.86
20020901,940.86,955.82,903.33,916.07
20020908,916.07,916.07,870.5,893.92
20020915,893.92,924.02,877.05,889.81
20020922,889.81,902.68,839.09,845.39
20020929,845.39,856.6,817.38,827.37
20021006,827.37,851.93,794.1,800.58
20021013,800.58,843.27,768.63,835.32
20021020,835.32,886.68,828.37,884.39
20021027,884.39,902.94,873.06,897.65
20021103,897.65,907.44,867.91,900.96
20021110,900.96,925.66,891.62,894.74
20021117,894.74,910.21,872.05,909.83
20021124,909.83,937.28,893.09,930.55
20021201,930.55,941.82,912.1,936.31
20021208,936.31,954.28,895.96,912.23
20021215,912.23,912.23,888.48,889.48
20021222,889.48,911.22,880.32,895.76
20021229,895.74,903.89,873.62,875.4
20030105,875.4,911.25,869.45,908.59
20030112,908.59,932.89,908.32,927.57
20030119,927.57,935.05,899.02,901.78
20030126,901.78,906,859.71,861.4
20030202,861.4,868.72,840.34,855.7
20030209,855.7,864.64,826.7,829.69
20030216,829.69,843.02,806.29,834.89
20030223,834.89,852.87,831.48,848.17
20030302,848.17,848.17,818.54,841.15
20030309,841.15,852.34,811.23,828.89
20030316,828.89,841.39,788.9,833.27
20030323,833.27,895.9,827.17,895.79
20030330,895.79,895.79,858.09,863.5
20030406,863.5,885.89,843.68,878.85
20030413,878.85,904.89,862.76,868.3
20030420,868.3,896.77,868.3,893.58
20030427,893.58,919.74,886.7,898.81
20030504,898.81,930.56,898.81,930.08
20030511,930.08,939.61,919.72,933.41
20030518,933.41,948.65,929.3,944.3
20030525,944.3,944.3,912.05,933.22
20030601,933.22,965.38,927.33,963.59
20030608,963.59,1007.69,963.59,987.76
20030615,987.76,1002.74,972.59,988.61
20030622,988.61,1015.33,988.61,995.69
20030629,995.69,995.69,973.8,976.22
20030706,976.22,995,962.1,985.7
20030713,985.7,1010.43,983.63,998.14
20030720,998.14,1015.41,978.6,993.32
20030727,993.32,998.89,975.63,998.68
20030803,998.68,1004.59,978.86,980.15
20030810,980.15,985.75,960.84,977.59
20030817,977.59,992.5,974.21,990.67
20030824,990.67,1011.01,990.67,993.06
20030831,993.06,1008.85,983.57,1008.01
20030907,1008.01,1029.34,1005.73,1021.39
20030914,1021.39,1032.41,1007.71,1018.63
20030921,1018.63,1040.29,1013.59,1036.3
20030928,1036.3,1036.3,996.08,996.85
20031005,996.85,1039.31,990.36,1029.85
20031012,1029.85,1048.28,1026.27,1038.06
20031019,1038.06,1053.79,1036.57,1039.32
20031026,1039.32,1048.57,1018.32,1028.91
20031102,1028.91,1053.09,1028.91,1050.71
20031109,1050.71,1062.39,1044.88,1053.21
20031116,1053.21,1063.65,1043.46,1050.35
20031123,1050.35,1050.35,1031.2,1035.28
20031130,1035.28,1060.63,1035.28,1058.2
20031207,1058.2,1074.3,1058.2,1061.5
20031214,1061.5,1074.76,1053.41,1074.14
20031221,1074.14,1091.06,1068,1088.66
20031228,1088.66,1098.47,1086.14,1095.89
20040104,1095.89,1118.85,1095.89,1108.48
20040111,1108.48,1131.92,1108.48,1121.86
20040118,1121.86,1139.83,1115.19,1139.83
20040125,1139.83,1150.51,1134.62,1141.55
20040201,1141.55,1155.38,1122.38,1131.13
20040208,1131.13,1142.79,1124.44,1142.76
20040215,1142.76,1158.89,1138.7,1145.81
20040222,1145.81,1158.98,1139,1144.11
20040229,1144.11,1151.68,1134.43,1144.94
20040307,1144.94,1163.23,1143.78,1156.86
20040314,1156.86,1159.94,1105.87,1120.57
20040321,1120.57,1125.76,1102.61,1109.78
20040328,1109.78,1115.27,1087.16,1108.06
20040404,1108.06,1144.81,1108.06,1141.81
20040411,1141.81,1150.57,1134.52,1139.32
20040418,1139.32,1147.78,1120.75,1134.61
20040425,1134.56,1142.77,1116.03,1140.6
20040502,1140.6,1146.56,1107.23,1107.3
20040509,1107.3,1127.74,1098.63,1098.7
20040516,1098.7,1102.77,1076.32,1095.7
20040523,1095.7,1105.93,1079.36,1093.56
20040530,1093.56,1123.95,1090.74,1120.68
20040606,1120.68,1129.17,1113.32,1122.5
20040613,1122.5,1142.18,1122.5,1136.47
20040620,1136.47,1138.96,1122.16,1135.02
20040627,1135.02,1146.34,1124.37,1134.43
20040704,1134.43,1144.2,1123.06,1125.38
20040711,1125.38,1125.38,1108.72,1112.81
20040718,1112.81,1119.6,1101.07,1101.39
20040725,1101.39,1116.27,1083.56,1086.2
20040801,1086.2,1103.73,1078.78,1101.72
20040808,1101.72,1108.6,1062.23,1063.97
20040815,1063.97,1079.04,1060.72,1064.8
20040822,1064.8,1100.26,1064.8,1098.35
20040829,1098.35,1109.68,1092.82,1107.77
20040905,1107.77,1120.8,1094.72,1113.63
20040912,1113.63,1125.26,1113.62,1123.92
20040919,1123.92,1130.14,1119.82,1128.55
20040926,1128.55,1131.54,1108.05,1110.11
20041003,1110.11,1131.64,1101.29,1131.5
20041010,1131.5,1142.05,1120.19,1122.14
20041017,1122.14,1127.01,1102.06,1108.2
20041024,1108.2,1117.96,1094.25,1095.74
20041031,1095.74,1131.4,1090.29,1130.2
20041107,1130.2,1170.87,1127.6,1166.17
20041114,1166.17,1184.17,1162.32,1184.17
20041121,1184.17,1188.46,1169.19,1170.34
20041128,1170.34,1186.62,1167.89,1182.65
20041205,1182.65,1197.46,1172.37,1191.17
20041212,1191.17,1192.41,1173.79,1188
20041219,1188,1207.97,1188,1194.2
20041226,1194.2,1213.66,1193.36,1210.13
20050102,1210.13,1217.33,1204.92,1211.92
20050109,1211.92,1217.8,1182.16,1186.19
20050116,1186.19,1194.78,1175.64,1184.52
20050123,1184.52,1195.98,1167.82,1167.87
20050130,1167.87,1177.5,1163.75,1171.36
20050206,1171.36,1203.47,1171.36,1203.03
20050213,1203.03,1208.38,1191.54,1205.3
20050220,1205.3,1212.44,1197.35,1201.59
20050227,1201.59,1212.15,1184.16,1211.37
20050306,1211.37,1224.76,1198.13,1222.12
20050313,1222.12,1229.11,1198.15,1200.08
20050320,1200.08,1210.54,1182.78,1189.65
20050327,1189.65,1189.65,1168.7,1171.42
20050403,1171.42,1189.8,1163.69,1172.92
20050410,1172.79,1191.88,1167.72,1181.2
20050417,1181.2,1190.17,1141.92,1142.62
20050424,1142.62,1159.95,1136.15,1152.12
20050501,1152.12,1164.8,1139.19,1156.85
20050508,1156.85,1178.62,1154.71,1171.35
20050515,1171.35,1178.87,1146.18,1154.05
20050522,1154.05,1191.22,1153.64,1189.28
20050529,1189.28,1199.56,1185.96,1198.78
20050605,1198.78,1205.64,1191.03,1196.02
20050612,1196.02,1208.85,1191.09,1198.11
20050619,1198.11,1219.55,1194.51,1216.96
20050626,1216.96,1219.59,1191.45,1191.57
20050703,1191.57,1204.07,1188.3,1194.44
20050710,1194.44,1212.73,1183.55,1211.86
20050717,1211.86,1233.16,1211.86,1227.92
20050724,1227.92,1236.56,1221.13,1233.68
20050731,1233.68,1245.15,1228.15,1234.18
20050807,1234.18,1245.86,1225.62,1226.42
20050814,1226.42,1242.69,1222.67,1230.39
20050821,1230.4,1236.24,1215.93,1219.71
20050828,1219.71,1228.96,1204.23,1205.1
20050904,1205.1,1227.29,1201.07,1218.02
20050911,1218.02,1243.13,1218.02,1241.48
20050918,1241.48,1242.6,1224.85,1237.91
20050925,1237.91,1237.91,1205.35,1215.29
20051002,1215.29,1229.57,1211.11,1228.81
20051009,1228.81,1233.34,1181.92,1195.9
20051016,1195.9,1196.52,1168.2,1186.57
20051023,1186.57,1197.3,1170.55,1179.59
20051030,1179.59,1204.01,1178.89,1198.41
20051106,1198.41,1224.7,1198.41,1220.14
20051113,1220.14,1235.7,1215.05,1234.72
20051120,1234.72,1249.58,1226.41,1248.27
20051127,1248.27,1270.64,1246.9,1268.25
20051204,1268.25,1268.44,1249.39,1265.08
20051211,1265.08,1272.89,1250.91,1259.37
20051218,1259.37,1275.8,1255.52,1267.32
20051225,1267.32,1270.51,1257.21,1268.66
20060101,1268.66,1271.83,1246.59,1248.29
20060108,1248.29,1286.09,1245.74,1285.45
20060115,1285.45,1294.9,1282.78,1287.61
20060122,1287.61,1287.79,1260.92,1261.49
20060129,1261.49,1286.38,1259.42,1283.72
20060205,1283.72,1287.94,1261.02,1264.03
20060212,1264.03,1274.56,1253.61,1266.99
20060219,1266.99,1289.47,1258.34,1287.24
20060226,1287.24,1294.17,1281.33,1289.43
20060305,1289.43,1297.57,1278.66,1287.23
20060312,1287.23,1288.23,1268.42,1281.42
20060319,1281.58,1310.45,1281.58,1307.25
20060326,1307.25,1310.88,1295.81,1302.95
20060402,1302.95,1310.15,1291.84,1294.87
20060409,1302.88,1314.07,1294.18,1295.5
20060416,1295.51,1300.74,1282.96,1289.12
20060423,1289.12,1318.16,1280.74,1311.28
20060430,1311.28,1316.04,1295.57,1310.61
20060507,1310.61,1326.53,1303.46,1325.76
20060514,1325.76,1326.7,1290.38,1291.24
20060521,1291.19,1297.88,1256.28,1267.03
20060528,1267.03,1280.54,1245.34,1280.16
20060604,1280.04,1290.68,1259.38,1288.22
20060611,1288.16,1288.16,1235.18,1252.3
20060618,1252.27,1258.64,1219.29,1251.54
20060625,1251.54,1257.96,1237.17,1244.5
20060702,1244.5,1276.3,1237.59,1270.2
20060709,1270.06,1280.38,1263.13,1265.48
20060716,1265.46,1274.06,1228.45,1236.2
20060723,1236.2,1262.56,1224.54,1240.29
20060730,1240.25,1280.42,1240.25,1278.55
20060806,1278.53,1292.92,1265.71,1279.36
20060813,1279.31,1283.74,1261.3,1266.74
20060820,1266.67,1302.3,1266.67,1302.3
20060827,1302.3,1302.49,1289.82,1295.09
20060903,1295.09,1312.03,1293.97,1311.01
20060910,1310.94,1314.67,1292.13,1298.92
20060917,1298.86,1324.65,1290.93,1319.66
20060924,1319.85,1328.53,1310.94,1314.78
20061001,1314.78,1340.28,1311.58,1335.85
20061008,1335.82,1353.79,1327.1,1349.59
20061015,1349.58,1366.63,1343.57,1365.62
20061022,1365.61,1372.87,1356.87,1368.6
20061029,1368.58,1389.45,1363.94,1377.34
20061105,1377.3,1381.95,1360.98,1364.3
20061112,1364.27,1388.92,1364.27,1380.9
20061119,1380.58,1403.76,1378.8,1401.2
20061126,1401.17,1407.89,1397.85,1400.95
20061203,1400.95,1406.3,1377.83,1396.71
20061210,1396.67,1418.27,1396.67,1409.84
20061217,1409.81,1431.63,1404.75,1427.09
20061224,1427.08,1431.81,1410.28,1410.76
20061231,1410.75,1427.72,1410.45,1418.3
20070107,1418.03,1429.42,1405.75,1409.71
20070114,1409.26,1431.23,1403.97,1430.73
20070121,1430.73,1435.27,1424.21,1430.5
20070128,1430.47,1440.69,1416.96,1422.18
20070204,1422.03,1449.33,1418.46,1448.39
20070211,1448.33,1452.99,1433.44,1438.06
20070218,1438,1457.97,1431.44,1455.54
20070225,1455.53,1461.57,1448.36,1451.19
20070304,1451.04,1456.95,1380.87,1387.17
20070311,1387.11,1410.15,1373.97,1402.84
20070318,1402.8,1409.34,1363.98,1386.95
20070325,1386.95,1438.89,1386.95,1436.11
20070401,1436.11,1437.65,1408.9,1420.86
20070408,1420.83,1444.88,1416.37,1443.76
20070415,1443.77,1453.11,1433.91,1452.85
20070422,1452.84,1484.74,1452.84,1484.35
20070429,1484.33,1498.02,1473.74,1494.07
20070506,1494.07,1510.34,1476.7,1505.62
20070513,1505.57,1513.8,1491.42,1505.85
20070520,1505.76,1522.75,1498.34,1522.75
20070527,1522.75,1532.43,1505.18,1515.73
20070603,1515.55,1540.56,1510.06,1536.34
20070610,1536.28,1540.53,1487.41,1507.67
20070617,1507.64,1538.71,1492.65,1532.91
20070624,1532.9,1537.32,1500.74,1502.56
20070701,1502.56,1517.53,1484.18,1503.35
20070708,1504.66,1532.4,1504.66,1530.44
20070715,1530.43,1555.1,1506.1,1552.5
20070722,1552.5,1555.9,1529.2,1534.1
20070729,1534.06,1547.23,1458.95,1458.95
20070805,1458.93,1488.3,1432.8,1433.06
20070812,1433.04,1503.89,1427.39,1453.64
20070819,1453.42,1466.29,1370.6,1445.94
20070826,1445.94,1479.4,1430.54,1479.37
20070902,1479.36,1481.47,1432.01,1473.99
20070909,1473.96,1496.4,1449.07,1453.55
20070916,1453.5,1489.58,1439.29,1484.25
20070923,1484.24,1538.74,1471.82,1525.75
20070930,1525.75,1533.74,1507.13,1526.75
20071007,1527.29,1561.91,1527.25,1557.59
20071014,1556.51,1576.09,1546.72,1561.8
20071021,1562.25,1564.74,1500.26,1500.63
20071028,1497.79,1535.53,1489.56,1535.28
20071104,1536.92,1552.76,1492.53,1509.65
20071111,1505.61,1520.77,1448.51,1453.7
20071118,1453.66,1492.14,1438.53,1458.74
20071125,1456.7,1456.7,1415.64,1440.7
20071202,1440.74,1488.94,1406.1,1481.14
20071209,1479.63,1510.63,1460.66,1504.66
20071216,1505.11,1523.57,1467.78,1467.95
20071223,1465.05,1485.4,1435.65,1484.46
20071230,1484.55,1498.85,1471.7,1478.49
20080106,1475.25,1475.83,1411.19,1411.63
20080113,1414.07,1430.28,1378.7,1401.02
20080120,1402.91,1417.89,1312.51,1325.19
20080127,1312.94,1368.56,1270.05,1330.61
20080203,1330.7,1396.02,1322.26,1395.42
20080210,1395.38,1395.38,1316.75,1331.29
20080217,1331.92,1369.23,1320.32,1349.99
20080224,1355.86,1367.94,1327.04,1353.11
20080302,1352.75,1388.34,1325.42,1330.63
20080309,1330.45,1344.19,1282.43,1293.37
20080316,1293.16,1333.26,1272.66,1288.14
20080323,1283.21,1341.51,1256.98,1329.51
20080330,1330.29,1359.68,1312.95,1315.22
20080406,1315.92,1380.91,1312.81,1370.4
20080413,1373.69,1386.74,1331.21,1332.83
20080420,1332.2,1395.9,1324.35,1390.33
20080427,1387.72,1399.11,1369.84,1397.84
20080504,1397.96,1422.72,1383.07,1413.9
20080511,1415.34,1421.57,1384.11,1388.28
20080518,1389.4,1425.82,1386.2,1425.35
20080525,1425.28,1440.24,1373.72,1375.93
20080601,1375.97,1406.32,1373.07,1400.38
20080608,1399.62,1404.05,1359.9,1360.68
20080615,1360.83,1370.63,1331.29,1360.03
20080622,1358.85,1366.59,1314.46,1317.93
20080629,1319.77,1335.63,1272,1278.38
20080706,1278.06,1292.17,1252.01,1262.9
20080713,1262.9,1277.36,1225.35,1239.49
20080720,1241.61,1262.31,1200.44,1260.68
20080727,1261.82,1291.17,1248.83,1257.76
20080803,1257.76,1284.93,1234.37,1260.31
20080810,1253.27,1297.85,1247.45,1296.32
20080817,1294.42,1313.15,1274.86,1298.2
20080824,1298.14,1300.22,1261.16,1292.2
20080831,1290.47,1300.68,1263.21,1282.83
20080907,1287.83,1303.04,1217.23,1242.31
20080914,1249.5,1274.42,1211.54,1251.7
20080921,1250.92,1265.12,1133.5,1255.08
20080928,1255.37,1255.37,1179.79,1213.27
20081005,1209.07,1209.07,1098.14,1099.23
20081012,1097.56,1097.56,839.8,899.22
20081019,912.75,1044.31,865.83,940.55
20081026,943.51,985.44,852.85,876.77
20081102,874.28,984.38,845.27,968.75
20081109,968.67,1007.51,899.73,930.99
20081116,936.75,951.95,818.69,873.29
20081123,873.23,882.29,741.02,800.03
20081130,801.2,896.25,801.2,896.24
20081207,888.61,888.61,815.69,876.07
20081214,882.71,918.57,851.35,879.73
20081221,881.07,918.85,857.72,887.88
20081228,887.2,887.37,857.09,872.8
20090104,872.37,934.73,857.07,931.8
20090111,929.17,943.85,888.31,890.35
20090118,890.4,890.4,817.04,850.12
20090125,849.64,849.64,804.3,831.95
20090201,832.5,877.86,821.67,825.88
20090208,823.09,870.75,812.87,868.6
20090215,868.24,875.01,808.06,826.84
20090222,818.61,818.61,754.25,770.05
20090301,773.25,780.12,734.52,735.09
20090308,729.57,729.57,666.79,683.38
20090315,680.76,758.29,672.88,756.55
20090322,758.84,803.24,749.93,768.54
20090329,772.31,832.98,772.31,815.94
20090405,809.07,845.61,779.81,842.5
20090412,839.75,856.91,814.53,856.56
20090419,855.33,875.63,835.58,869.6
20090426,868.27,871.8,826.83,866.23
20090503,862.82,888.7,847.12,877.52
20090510,879.21,930.17,879.21,929.23
20090517,922.99,922.99,878.94,882.88
20090524,886.07,924.6,879.61,887
20090531,887,920.02,881.46,919.14
20090607,923.26,951.69,923.26,940.09
20090614,938.12,956.23,926.44,946.21
20090621,942.45,942.45,903.78,921.23
20090628,918.13,922,888.86,918.9
20090705,919.86,931.92,896.42,896.42
20090712,894.27,898.72,869.32,879.13
20090719,879.57,943.96,875.32,940.38
20090726,942.07,979.79,940.99,979.26
20090802,978.63,996.68,968.65,987.48
20090809,990.22,1018,990.22,1010.48
20090816,1008.89,1013.14,992.4,1004.09
20090823,998.18,1027.59,978.51,1026.13
20090830,1026.59,1039.47,1016.2,1028.93
20090906,1025.21,1028.45,991.97,1016.4
20090913,1018.67,1048.18,1018.67,1042.73
20090920,1040.15,1074.77,1035,1068.3
20090927,1067.14,1080.15,1041.17,1044.38
20091004,1045.38,1069.62,1019.95,1025.21
20091011,1026.87,1071.51,1025.92,1071.49
20091018,1071.63,1096.56,1066.71,1087.68
20091025,1088.22,1101.36,1074.31,1079.6
20091101,1080.36,1091.75,1033.38,1036.19
20091108,1036.18,1071.48,1029.38,1069.3
20091115,1072.31,1105.37,1072.31,1093.48
20091122,1094.13,1113.69,1086.81,1091.38
20091129,1094.86,1112.38,1083.74,1091.49
20091206,1091.07,1119.13,1086.25,1105.98
20091213,1105.52,1110.72,1085.89,1106.41
20091220,1107.84,1116.21,1093.88,1102.47
20091227,1105.31,1126.48,1105.31,1126.48
20100103,1127.53,1130.38,1114.81,1115.1
20100110,1116.56,1145.39,1116.56,1144.98
20100117,1145.96,1150.41,1131.39,1136.03
20100124,1136.03,1150.45,1090.18,1091.76
20100131,1092.4,1103.69,1071.59,1073.87
20100207,1073.89,1104.73,1044.5,1066.19
20100214,1065.51,1080.04,1056.51,1075.51
20100221,1079.13,1112.42,1079.13,1109.17
20100228,1110,1112.29,1086.02,1104.49
20100307,1105.36,1139.38,1105.36,1138.7
20100314,1138.4,1153.41,1134.9,1149.99
20100321,1148.53,1169.84,1141.45,1159.9
20100328,1157.25,1180.69,1152.88,1166.59
20100404,1167.71,1181.43,1165.77,1178.1
20100411,1178.71,1194.66,1175.12,1194.37
20100418,1194.94,1213.92,1186.77,1192.13
20100425,1192.06,1217.28,1183.68,1217.28
20100502,1217.07,1219.8,1181.62,1186.69
20100509,1188.58,1205.13,1065.79,1110.88
20100516,1122.27,1173.57,1122.27,1135.68
20100523,1136.52,1148.66,1055.9,1087.69
20100530,1084.78,1103.52,1040.78,1089.41
20100606,1087.3,1105.67,1060.5,1064.88
20100613,1065.84,1092.25,1042.17,1091.6
20100620,1095,1121.01,1089.03,1117.51
20100627,1122.79,1131.23,1067.89,1076.76
20100704,1077.5,1082.6,1010.91,1022.58
20100711,1028.09,1078.16,1018.35,1077.96
20100718,1077.23,1099.46,1063.32,1064.88
20100725,1066.85,1103.73,1056.88,1102.66
20100801,1102.89,1120.95,1088.01,1101.6
20100808,1107.53,1128.75,1107.17,1121.64
20100815,1122.8,1129.24,1076.69,1079.25
20100822,1077.49,1100.14,1063.91,1071.69
20100829,1073.36,1081.58,1039.7,1064.59
20100905,1062.9,1105.1,1040.88,1104.51
20100912,1102.6,1110.88,1091.15,1109.55
20100919,1113.38,1131.47,1113.38,1125.59
20100926,1126.57,1148.9,1122.79,1148.67
20101003,1148.64,1157.16,1132.09,1146.24
20101010,1144.96,1167.73,1131.87,1165.15
20101017,1165.32,1184.38,1155.71,1176.19
20101024,1176.83,1189.43,1159.71,1183.08
20101031,1184.74,1196.14,1171.7,1183.26
20101107,1185.71,1227.08,1177.65,1225.85
20101114,1223.24,1226.84,1194.08,1199.21
20101121,1200.44,1207.43,1173,1199.73
20101128,1198.07,1198.94,1176.91,1189.4
20101205,1189.08,1225.57,1173.64,1224.71
20101212,1223.87,1240.4,1219.5,1240.4
20101219,1242.52,1246.73,1232.85,1243.91
20101226,1245.76,1259.39,1241.51,1256.77
20110102,1254.66,1262.6,1251.48,1257.64
20110109,1257.62,1278.17,1257.62,1271.5
20110116,1270.84,1293.24,1262.18,1293.24
20110123,1293.22,1296.06,1271.26,1283.35
20110130,1283.29,1302.67,1275.1,1276.34
20110206,1276.5,1311,1276.5,1310.87
20110213,1311.85,1330.79,1311.74,1329.15
20110220,1328.73,1344.07,1324.61,1343.01
20110227,1338.91,1338.91,1294.26,1319.88
20110306,1321.61,1332.28,1302.58,1321.15
20110313,1322.72,1327.68,1291.99,1304.28
20110320,1301.19,1301.19,1249.05,1279.21
20110327,1281.65,1319.18,1281.65,1313.8
20110403,1315.45,1337.85,1305.26,1332.41
20110410,1333.56,1339.46,1322.94,1328.17
20110417,1329.01,1333.77,1302.42,1319.68
20110424,1313.35,1337.49,1294.7,1337.38
20110501,1337.14,1364.56,1331.47,1363.61
20110508,1365.21,1370.58,1329.17,1340.2
20110515,1340.2,1359.44,1332.03,1337.77
20110522,1334.77,1346.82,1318.51,1333.27
20110529,1333.07,1334.62,1311.8,1331.1
20110605,1331.1,1345.2,1297.9,1300.16
20110612,1300.26,1300.26,1268.28,1270.98
20110619,1271.31,1292.5,1258.07,1271.5
20110626,1271.5,1298.61,1262.87,1268.45
20110703,1268.44,1341.01,1267.53,1339.67
20110710,1339.59,1356.48,1330.92,1343.8
20110717,1343.31,1343.31,1306.51,1316.14
20110724,1315.94,1347,1295.92,1345.02
20110731,1344.32,1344.32,1282.86,1292.28
20110807,1292.59,1307.38,1168.09,1199.38
20110814,1198.48,1198.48,1101.54,1178.81
20110821,1178.86,1208.47,1122.05,1123.53
20110828,1123.55,1190.68,1121.09,1176.8
20110904,1177.91,1230.71,1170.56,1173.97
20110911,1173.97,1204.4,1140.13,1154.23
20110918,1153.5,1220.06,1136.07,1216.01
20110925,1214.99,1220.39,1114.22,1136.43
20111002,1136.91,1195.86,1131.07,1131.42
20111009,1131.21,1171.4,1074.77,1155.46
20111016,1158.15,1224.61,1158.15,1224.58
20111023,1224.47,1239.03,1191.48,1238.25
20111030,1238.72,1292.66,1221.06,1285.09
20111106,1284.96,1284.96,1215.42,1253.23
20111113,1253.21,1277.55,1226.64,1263.85
20111120,1263.85,1264.25,1209.43,1215.65
20111127,1215.62,1215.62,1158.66,1158.67
20111204,1158.67,1260.08,1158.67,1244.28
20111211,1244.33,1267.06,1231.47,1255.19
20111218,1255.05,1255.05,1209.47,1219.66
20111225,1219.74,1265.42,1202.37,1265.33
20120101,1265.02,1269.37,1248.64,1257.6
20120108,1258.86,1284.62,1258.86,1277.81
20120115,1277.83,1296.82,1274.55,1289.09
20120122,1290.22,1315.49,1290.22,1315.38
20120129,1315.29,1333.47,1306.06,1316.33
20120205,1316.16,1345.34,1300.49,1344.9
20120212,1344.32,1354.32,1335.92,1342.64
20120219,1343.06,1363.4,1340.8,1361.23
20120226,1361.22,1368.92,1352.28,1365.74
20120304,1365.2,1378.04,1354.92,1369.63
20120311,1369.59,1374.76,1340.03,1370.87
20120318,1370.78,1405.88,1366.69,1404.17
20120325,1404.17,1414,1386.87,1397.11
20120401,1397.11,1419.15,1391.56,1408.47
20120408,1408.47,1422.38,1392.92,1398.08
20120415,1397.45,1397.45,1357.38,1370.26
20120422,1370.27,1392.76,1365.38,1378.53
20120429,1378.53,1406.64,1358.79,1403.36
20120506,1403.26,1415.32,1367.96,1369.1
20120513,1368.79,1373.91,1343.13,1353.39
20120520,1351.93,1351.93,1291.98,1295.22
20120527,1295.73,1328.49,1295.73,1317.82
20120603,1318.9,1334.93,1277.25,1278.04
20120610,1278.29,1329.05,1266.74,1325.66
20120617,1325.72,1343.32,1306.62,1342.84
20120624,1342.42,1363.46,1324.41,1335.02
20120701,1334.9,1362.17,1309.27,1362.16
20120708,1362.33,1374.81,1348.03,1354.68
20120715,1354.66,1361.54,1325.41,1356.78
20120722,1356.5,1380.39,1345.07,1362.66
20120729,1362.34,1389.19,1329.24,1385.97
20120805,1385.94,1394.16,1354.65,1390.99
20120812,1391.04,1407.14,1391.04,1405.87
20120819,1405.87,1418.71,1397.32,1418.16
20120826,1417.85,1426.68,1398.04,1411.13
20120902,1411.13,1416.17,1397.01,1406.58
20120909,1406.54,1437.92,1396.56,1437.92
20120916,1437.92,1474.51,1428.98,1465.77
20120923,1465.42,1467.07,1449.98,1460.15
20120930,1459.76,1463.24,1430.53,1440.67
20121007,1440.9,1470.96,1439.01,1460.93
20121014,1460.93,1460.93,1425.53,1428.59
20121021,1428.75,1464.02,1427.24,1433.19
20121028,1433.21,1435.46,1403.28,1411.94
20121104,1410.99,1434.27,1405.95,1414.2
20121111,1414.02,1433.38,1373.03,1379.85
20121118,1379.86,1388.81,1343.35,1359.88
20121125,1359.88,1409.16,1359.88,1409.15
20121202,1409.15,1419.7,1385.43,1416.18
20121209,1416.34,1423.73,1398.23,1418.07
20121216,1418.07,1438.59,1411.88,1413.58
20121223,1413.54,1448,1413.54,1430.15
20121230,1430.15,1430.15,1401.58,1402.43
20130106,1402.43,1467.94,1398.11,1466.47
20130113,1466.47,1472.75,1451.64,1472.05
20130120,1472.05,1485.98,1463.76,1485.98
20130127,1485.98,1503.26,1481.16,1502.96
20130203,1502.96,1514.41,1496.33,1513.17
20130210,1513.17,1518.31,1495.02,1517.93
20130217,1517.93,1524.69,1513.61,1519.79
20130224,1519.79,1530.94,1497.29,1515.6
20130303,1515.6,1525.84,1485.01,1518.2
20130310,1518.2,1552.48,1512.29,1551.18
20130317,1551.15,1563.62,1547.36,1560.7
20130324,1560.7,1561.56,1538.57,1556.89
20130331,1556.89,1570.28,1546.22,1569.19
20130407,1569.18,1573.66,1539.5,1553.28
20130414,1553.26,1597.35,1548.63,1588.85
20130421,1588.84,1588.84,1536.03,1555.25
20130428,1555.25,1592.64,1548.19,1582.24
20130505,1582.34,1618.46,1581.28,1614.42
20130512,1614.4,1635.01,1614.21,1633.7
20130519,1632.1,1667.47,1626.74,1667.47
20130526,1665.71,1687.18,1635.53,1649.6
20130602,1652.63,1674.21,1630.74,1630.74
20130609,1631.71,1646.53,1598.23,1643.38
20130616,1644.67,1648.69,1608.07,1626.73
20130623,1630.64,1654.19,1577.7,1592.43
20130630,1588.77,1620.07,1560.33,1606.28
20130707,1609.78,1632.07,1604.57,1631.89
20130714,1634.2,1680.19,1634.2,1680.19
20130721,1679.59,1693.12,1671.84,1692.09
20130728,1694.41,1698.78,1676.03,1691.65
20130804,1690.32,1709.67,1681.86,1709.67
20130811,1708.01,1709.24,1684.91,1691.42
20130818,1688.37,1696.81,1652.61,1655.83
20130825,1655.25,1664.85,1639.43,1663.5
20130901,1664.29,1669.51,1627.47,1632.97
20130908,1635.95,1664.83,1633.41,1655.17
20130915,1656.85,1689.97,1656.85,1687.99
20130922,1691.7,1729.86,1691.7,1709.91
20130929,1711.44,1711.44,1687.11,1691.75
20131006,1687.26,1696.55,1670.36,1690.5
20131013,1687.15,1703.44,1646.47,1703.2
20131020,1699.86,1745.31,1692.13,1744.5
20131027,1745.2,1759.82,1740.5,1759.77
20131103,1759.42,1775.22,1752.7,1761.64
20131110,1763.4,1774.54,1746.2,1770.61
20131117,1769.96,1798.22,1760.64,1798.18
20131124,1798.82,1804.84,1777.23,1804.76
20131201,1806.33,1813.55,1800.58,1805.81
20131208,1806.55,1810.02,1779.09,1805.09
20131215,1806.21,1811.52,1772.28,1775.32
20131222,1777.48,1823.75,1767.99,1818.32
20131229,1822.92,1844.89,1822.92,1841.4
20140105,1841.47,1849.44,1827.74,1831.37
20140112,1832.31,1843.23,1823.73,1842.37
20140119,1841.26,1850.84,1815.52,1838.7
20140126,1841.05,1849.31,1790.29,1790.29
20140202,1791.03,1798.77,1770.45,1782.59
20140209,1782.68,1798.03,1737.92,1797.02
20140216,1796.2,1841.65,1791.83,1838.63
20140223,1839.03,1847.5,1824.58,1836.25
20140302,1836.78,1867.92,1836.78,1859.45
20140309,1857.68,1883.57,1834.44,1878.04
20140316,1877.86,1882.35,1839.57,1841.13
20140323,1842.81,1883.97,1842.81,1866.52
20140330,1867.67,1875.92,1842.11,1857.62
20140406,1859.16,1897.28,1859.16,1865.09
20140413,1863.92,1872.53,1814.36,1815.69
20140420,1818.18,1869.63,1815.8,1864.85
20140427,1865.79,1884.89,1859.7,1863.4
20140504,1865,1891.33,1850.61,1881.14
20140511,1879.45,1889.07,1859.79,1878.48
20140518,1880.03,1902.17,1862.36,1877.86
20140525,1876.66,1901.26,1868.14,1900.53
20140601,1902.01,1924.03,1902.01,1923.57
20140608,1923.87,1949.44,1915.98,1949.44
20140615,1948.97,1955.55,1925.78,1936.16
20140622,1934.84,1963.91,1930.91,1962.87
20140629,1962.92,1968.17,1944.69,1960.96
20140706,1960.79,1985.59,1958.22,1985.44
20140713,1984.22,1984.22,1952.86,1967.57
20140720,1969.86,1983.94,1955.59,1978.22
20140727,1976.93,1991.39,1965.77,1978.34
20140803,1978.25,1984.85,1916.37,1925.15
20140810,1926.62,1942.92,1904.78,1931.59
20140817,1933.43,1964.04,1928.29,1955.06
20140824,1958.36,1994.76,1958.36,1988.4
20140831,1991.74,2005.04,1990.52,2003.37
20140907,2004.07,2011.17,1990.1,2007.71
20140914,2007.17,2007.17,1980.26,1985.54
20140921,1986.04,2019.26,1978.48,2010.4
20140928,2009.08,2009.08,1965.99,1982.85
20141005,1978.96,1985.17,1926.03,1967.9
20141012,1970.01,1977.84,1906.05,1906.13
20141019,1905.65,1912.09,1820.66,1886.76
20141026,1885.62,1965.27,1882.3,1964.58
20141102,1962.97,2018.19,1951.37,2018.05
20141109,2018.21,2034.26,2001.01,2031.92
20141116,2032.01,2046.18,2030.17,2039.82
20141123,2038.29,2071.46,2034.46,2063.5
20141130,2065.07,2075.76,2064.75,2067.56
20141207,2065.78,2079.47,2049.57,2075.37
20141214,2074.84,2075.78,2002.33,2002.33
20141221,2005.03,2077.85,1972.56,2070.65
20141228,2069.28,2092.7,2069.28,2088.77
20150104,2087.63,2093.55,2046.04,2058.2
20150111,2054.44,2064.43,1992.44,2044.81
20150118,2046.13,2056.93,1988.12,2019.42
20150125,2020.76,2064.62,2004.49,2051.82
20150201,2050.42,2057.62,1989.18,1994.99
20150208,1996.67,2072.4,1980.9,2055.47
20150215,2053.47,2097.03,2041.88,2096.99
20150222,2096.47,2110.61,2085.44,2110.3
20150301,2109.83,2119.59,2103,2104.5
20150308,2105.23,2117.52,2067.27,2071.26
20150315,2072.25,2083.49,2039.69,2053.4
20150322,2055.35,2113.92,2055.35,2108.1
20150329,2107.99,2114.86,2045.5,2061.02
20150405,2064.11,2088.97,2048.38,2066.96
20150412,2064.87,2102.61,2056.52,2102.06
20150419,2102.03,2111.91,2072.37,2081.18
20150426,2084.11,2120.92,2084.11,2117.69
20150503,2119.29,2125.92,2077.59,2108.29
20150510,2110.23,2120.95,2067.93,2116.1
20150517,2115.56,2123.89,2085.57,2122.73
20150524,2121.3,2134.72,2120.01,2126.06
20150531,2125.34,2126.22,2099.18,2107.39
20150607,2108.64,2121.92,2085.67,2092.83
20150614,2092.34,2115.02,2072.14,2094.11
20150621,2091.34,2126.65,2072.49,2109.99
20150628,2112.5,2129.87,2095.38,2101.49
20150705,2098.63,2098.63,2056.32,2076.78
20150712,2073.95,2083.74,2044.02,2076.62
20150719,2080.03,2128.91,2080.03,2126.64
20150726,2126.85,2132.82,2077.09,2079.65
20150802,2078.19,2114.24,2063.52,2103.84
20150809,2104.49,2112.66,2067.91,2077.57
20150816,2080.98,2105.35,2052.09,2091.54
20150823,2089.7,2103.47,1970.89,1970.89
20150830,1965.15,1993.48,1867.01,1988.87
20150906,1986.73,1986.73,1903.07,1921.22
20150913,1927.3,1988.63,1927.3,1961.05
20150920,1963.06,2020.86,1948.27,1958.03
20150927,1960.84,1979.64,1908.92,1931.34
20151004,1929.18,1951.36,1871.91,1951.36
20151011,1954.33,2020.13,1954.33,2014.89
20151018,2015.65,2033.54,1990.73,2033.11
20151025,2031.73,2079.74,2017.22,2075.15
20151101,2075.08,2094.32,2058.84,2079.36
20151108,2080.76,2116.48,2080.76,2099.2
20151115,2096.56,2096.56,2022.02,2023.04
20151122,2022.08,2097.06,2019.39,2089.17
20151129,2089.41,2095.61,2070.29,2090.11
20151206,2090.95,2104.27,2042.35,2091.69
20151213,2090.42,2090.42,2008.8,2012.37
20151220,2013.37,2076.72,1993.26,2005.55
20151227,2010.27,2067.36,2005.93,2060.99
20160103,2057.77,2081.56,2043.62,2043.94
20160110,2038.2,2038.2,1918.46,1922.03
20160117,1926.12,1950.33,1857.83,1880.33
20160124,1888.66,1908.85,1812.29,1906.9
20160131,1906.28,1940.24,1872.7,1940.24
20160207,1936.94,1947.2,1872.23,1880.05
20160214,1873.25,1881.6,1810.1,1864.78
20160221,1871.44,1930.68,1871.44,1917.78
20160228,1924.44,1962.96,1891,1948.05
20160306,1947.13,2009.13,1931.81,1999.99
20160313,1996.11,2022.37,1969.25,2022.19
20160320,2019.27,2052.36,2005.23,2049.58
20160327,2047.88,2056.6,2022.49,2035.94
20160403,2037.89,2075.07,2028.31,2072.78
20160410,2073.19,2074.02,2033.8,2047.6
20160417,2050.23,2087.84,2039.74,2080.73
20160424,2078.83,2111.05,2073.65,2091.58
20160501,2089.37,2099.89,2052.28,2065.3
20160508,2067.17,2083.42,2039.45,2057.14
20160515,2057.55,2084.87,2043.13,2046.61
20160522,2046.53,2071.88,2025.91,2052.32
20160529,2052.23,2099.06,2047.26,2099.06
20160605,2100.13,2105.26,2085.1,2099.13
20160612,2100.83,2120.55,2089.96,2096.07
20160619,2091.75,2098.12,2050.37,2071.22
20160626,2075.58,2113.32,2032.57,2037.41
20160703,2031.45,2108.71,1991.68,2102.95
20160710,2095.05,2131.71,2074.02,2129.9
20160717,2131.72,2169.05,2131.72,2161.74
20160724,2162.04,2175.63,2159.01,2175.03
20160731,2173.71,2177.09,2159.07,2173.6
20160807,2173.15,2182.87,2147.58,2182.87
20160814,2183.76,2188.45,2172,2184.05
20160821,2186.08,2193.81,2168.5,2183.87
20160828,2181.58,2193.42,2160.39,2169.04
20160904,2170.19,2184.87,2157.09,2179.98
20160911,2181.61,2187.87,2127.81,2127.81
20160918,2120.86,2163.3,2119.12,2139.16
20160925,2143.99,2179.99,2135.91,2164.69
20161002,2158.54,2175.3,2141.55,2168.27
20161009,2164.33,2165.86,2144.01,2153.74
20161016,2160.39,2169.6,2114.72,2132.98
20161023,2132.95,2148.44,2124.43,2141.16
20161030,2148.5,2154.79,2119.36,2126.41
20161106,2129.78,2133.25,2083.79,2085.18
20161113,2100.59,2182.3,2100.59,2164.45
20161120,2165.64,2189.89,2156.08,2181.9
20161127,2186.43,2213.35,2186.43,2213.35
20161204,2210.21,2214.1,2187.44,2191.95
20161211,2200.65,2259.8,2199.97,2259.53
20161218,2258.83,2277.53,2248.44,2258.07
20161225,2259.24,2272.56,2256.08,2263.79
20170101,2266.23,2273.82,2233.62,2238.83
20170108,2251.57,2282.1,2245.13,2276.98
20170115,2273.59,2279.27,2254.25,2274.64
20170122,2269.14,2276.96,2258.41,2271.31
20170129,2267.78,2300.99,2257.02,2294.69
20170205,2286.01,2298.31,2267.21,2297.42
20170212,2294.28,2319.23,2285.38,2316.1
20170219,2321.72,2351.31,2321.42,2351.16
20170226,2354.91,2368.26,2352.87,2367.34
20170305,2365.23,2400.98,2358.96,2383.12
20170312,2375.23,2378.8,2354.54,2372.6
20170319,2371.56,2390.01,2358.18,2378.25
20170326,2378.24,2381.93,2335.74,2343.98
20170402,2329.11,2370.42,2322.25,2362.72
20170409,2362.34,2378.36,2344.73,2355.54
20170416,2357.16,2366.37,2328.95,2328.95
20170423,2332.62,2361.37,2332.51,2348.69
20170430,2370.33,2398.16,2369.19,2384.2
20170507,2388.5,2399.29,2379.75,2399.29
20170514,2399.94,2403.87,2381.74,2390.9
20170521,2393.98,2405.77,2352.72,2381.73
20170528,2387.21,2418.71,2386.92,2415.82
20170604,2411.67,2440.23,2403.59,2439.07
20170611,2437.83,2446.2,2415.7,2431.77
20170618,2425.88,2443.75,2418.53,2433.15
20170625,2442.55,2453.82,2430.74,2438.3
20170702,2443.32,2450.42,2405.7,2423.41
20170709,2431.39,2439.17,2407.7,2425.18
20170716,2424.51,2463.54,2412.79,2459.27
20170723,2459.5,2477.62,2450.34,2472.54
20170730,2472.04,2484.04,2459.93,2472.1
20170806,2475.94,2480.38,2466.48,2476.83
20170813,2477.14,2490.87,2437.75,2441.32
20170820,2454.96,2474.93,2420.69,2425.55
20170827,2425.5,2454.77,2417.35,2443.05
20170903,2447.35,2480.38,2428.2,2476.55
20170910,2470.35,2471.97,2446.55,2461.43
20170917,2474.52,2500.23,2474.52,2500.23
20170924,2502.51,2508.85,2496.54,2502.22
20171001,2499.39,2519.44,2488.03,2519.36
20171008,2521.2,2552.51,2520.4,2549.33
20171015,2551.39,2557.65,2541.6,2553.17
20171022,2555.57,2575.44,2547.92,2575.21
20171029,2578.08,2582.98,2544,2581.07
20171105,2577.75,2588.42,2566.17,2587.84
20171112,2587.47,2597.02,2566.33,2582.3
20171119,2576.53,2590.09,2557.45,2578.85
20171126,2579.49,2604.21,2578.24,2602.42
20171203,2602.66,2657.74,2598.87,2642.22
20171210,2657.19,2665.19,2624.75,2651.5
20171217,2652.19,2679.63,2651.47,2675.81
20171224,2685.92,2694.97,2676.11,2683.34
20171231,2679.09,2692.12,2673.61,2673.61
20180107,2683.73,2743.45,2682.36,2743.15
20180114,2742.67,2787.85,2736.06,2786.24
20180121,2798.96,2810.33,2768.64,2810.3
20180128,2809.16,2872.87,2808.12,2872.87
20180204,2867.23,2870.62,2759.97,2762.13
20180211,2741.06,2763.39,2532.69,2619.55
20180218,2636.75,2754.42,2622.45,2732.22
20180225,2722.99,2747.76,2697.77,2747.3
20180304,2757.37,2789.15,2647.32,2691.25
20180311,2681.06,2786.57,2675.75,2786.57
20180318,2790.54,2801.9,2741.47,2752.01
20180325,2741.38,2741.38,2585.89,2588.26
20180401,2619.35,2674.78,2593.06,2640.87
20180408,2633.45,2672.08,2553.8,2604.47
20180415,2617.18,2680.26,2610.79,2656.3
20180422,2670.1,2717.49,2660.61,2670.14
20180429,2675.4,2683.55,2612.67,2669.91
20180506,2682.51,2682.87,2594.62,2663.42
20180513,2680.34,2732.86,2655.2,2727.72
20180520,2738.47,2742.1,2701.91,2712.97
20180527,2735.39,2742.24,2707.38,2721.33
20180603,2705.11,2736.93,2676.81,2734.62
20180610,2741.67,2779.9,2739.51,2779.03
20180617,2780.18,2791.47,2761.73,2779.66
20180624,2765.79,2774.99,2743.19,2754.88
20180701,2742.94,2746.09,2691.99,2718.37
20180708,2704.95,2764.41,2698.95,2759.82
20180715,2775.62,2804.53,2770.73,2801.31
20180722,2797.36,2816.76,2789.24,2801.83
20180729,2799.17,2848.03,2795.14,2818.82
20180805,2819,2840.38,2796.34,2840.35
20180812,2840.29,2863.43,2825.81,2833.28
20180819,2835.46,2855.63,2802.49,2850.13
20180826,2853.93,2876.16,2850.62,2874.69
20180902,2884.69,2916.5,2884.69,2901.52
20180909,2896.96,2900.18,2864.12,2871.68
20180916,2881.39,2908.3,2866.78,2904.98
20180923,2903.83,2940.91,2886.16,2929.67
20180930,2921.83,2931.15,2903.28,2913.98
20181007,2926.29,2939.86,2869.29,2885.57
20181014,2877.53,2894.83,2710.51,2767.13
20181021,2763.83,2816.94,2749.03,2767.78
20181028,2773.94,2778.94,2628.16,2658.69
20181104,2682.65,2756.55,2603.54,2723.06
20181111,2726.37,2815.15,2717.94,2781.01
20181118,2773.93,2775.99,2670.75,2736.27
20181125,2730.74,2733.16,2631.09,2632.56
20181202,2649.97,2760.88,2649.97,2760.17
20181209,2790.5,2800.18,2621.53,2633.08
20181216,2630.86,2685.44,2583.23,2599.95
20181223,2590.75,2601.13,2408.55,2416.62
20181230,2400.56,2520.27,2346.58,2485.74
20190106,2498.94,2538.07,2443.96,2531.94
20190113,2535.61,2597.82,2524.56,2596.26
20190120,2580.31,2675.47,2570.41,2670.71
20190127,2657.88,2672.38,2612.86,2664.76
20190203,2644.97,2716.66,2624.06,2706.53
20190210,2706.49,2738.98,2681.83,2707.88
20190217,2712.4,2775.66,2703.79,2775.6
20190224,2769.28,2794.2,2764.55,2792.67
20190303,2804.35,2813.49,2775.13,2803.69
20190310,2814.37,2816.88,2722.27,2743.07
20190317,2747.61,2830.73,2747.61,2822.48
20190324,2822.61,2860.31,2800.47,2800.71
20190331,2796.01,2836.03,2785.02,2834.4
20190407,2848.63,2893.24,2848.63,2892.74
20190414,2888.46,2910.54,2873.33,2907.41
20190421,2908.32,2918,2891.9,2905.03
20190428,2898.78,2939.88,2896.35,2939.88
20190505,2940.58,2954.13,2900.5,2945.64
20190512,2908.89,2937.32,2825.39,2881.4
20190519,2840.19,2892.15,2801.43,2859.53
20190526,2841.94,2868.88,2805.49,2826.06
20190602,2830.03,2840.51,2750.52,2752.06
20190609,2751.53,2884.97,2728.81,2873.34
20190616,2885.83,2910.61,2874.68,2886.98
20190623,2889.75,2964.15,2887.3,2950.46
20190630,2951.42,2954.92,2912.99,2941.76
20190707,2971.41,2995.84,2952.22,2990.41
20190714,2979.77,3013.92,2963.44,3013.77
20190721,3017.8,3017.8,2973.09,2976.61
20190728,2981.93,3027.98,2976.65,3025.86
20190804,3024.47,3025.61,2914.11,2932.05
20190811,2898.07,2938.72,2822.12,2918.65
20190818,2907.07,2943.31,2825.51,2888.68
20190825,2913.48,2939.08,2834.97,2847.11
20190901,2866.7,2940.43,2853.05,2926.46
20190908,2909.01,2985.86,2891.85,2978.71
20190915,2988.43,3020.74,2957.01,3007.39
20190922,2996.41,3021.99,2978.57,2992.07
20190929,2983.5,3007.98,2945.53,2961.79
20191006,2967.07,2992.53,2855.94,2952.01
20191013,2944.23,2993.28,2892.66,2970.27
20191020,2965.81,3008.29,2962.94,2986.2
20191027,2996.48,3027.39,2991.21,3022.55
20191103,3032.12,3066.95,3023.19,3066.91
20191110,3078.96,3097.77,3065.89,3093.08
20191117,3080.33,3120.46,3075.82,3120.46
20191124,3117.91,3127.64,3091.41,3110.29
20191201,3117.44,3154.26,3117.44,3140.98
20191208,3143.85,3150.6,3070.33,3145.91
20191215,3141.86,3182.68,3126.09,3168.8
20191222,3183.63,3225.65,3183.63,3221.22
20191229,3226.05,3247.93,3220.51,3240.02
20200105,3240.09,3258.14,3212.03,3234.85
20200112,3217.55,3282.99,3214.64,3265.35
20200119,3271.13,3329.88,3268.43,3329.62
20200126,3321.03,3337.77,3281.53,3295.47
20200202,3247.16,3293.47,3214.68,3225.52
20200209,3235.66,3347.96,3235.66,3327.71
20200216,3318.28,3385.09,3317.77,3380.16
20200223,3369.04,3393.52,3328.45,3337.75
20200301,3257.61,3259.81,2855.84,2954.22
20200308,2974.28,3136.72,2901.54,2972.37
20200315,2863.89,2882.59,2478.86,2711.02
20200322,2508.59,2562.98,2280.52,2304.92
20200329,2290.71,2637.01,2191.86,2541.47
20200405,2558.98,2641.39,2447.49,2488.65
20200412,2578.28,2818.57,2574.57,2789.82
20200419,2782.46,2879.22,2721.17,2874.56
20200426,2845.62,2868.98,2727.1,2836.74
20200503,2854.65,2954.86,2821.61,2830.71
20200510,2815.01,2932.16,2797.85,2929.8
20200517,2915.46,2945.82,2766.64,2863.7
20200524,2913.86,2980.29,2913.86,2955.45
20200531,3004.08,3068.67,2969.75,3044.31
20200607,3038.78,3211.72,3031.54,3193.93
20200614,3199.92,3233.13,2984.47,3041.31
20200621,2993.76,3155.53,2965.66,3097.74
20200628,3094.42,3154.9,3004.63,3009.05
20200705,3018.59,3165.81,2999.74,3130.01
20200712,3155.29,3186.82,3115.7,3185.04
20200719,3205.08,3238.28,3127.66,3224.73
20200726,3224.29,3279.99,3200.05,3215.63
20200802,3219.84,3272.17,3204.13,3271.12
20200809,3288.26,3352.54,3284.53,3351.28
20200816,3356.04,3387.89,3326.44,3372.85
20200823,3380.86,3399.96,3354.69,3397.16
20200830,3418.09,3509.23,3413.13,3508.01
20200906,3509.73,3588.11,3349.63,3426.96
20200913,3371.88,3425.55,3310.47,3340.97
20200920,3363.56,3428.92,3292.4,3319.47
20200927,3285.57,3323.35,3209.45,3298.46
20201004,3333.9,3397.18,3323.69,3348.42
20201011,3367.27,3482.34,3354.54,3477.14
20201018,3500.02,3549.85,3440.89,3483.81
20201025,3493.66,3502.42,3415.34,3465.39
20201101,3441.42,3441.42,3233.94,3269.96
20201108,3296.2,3529.05,3279.74,3509.44
20201115,3583.04,3645.99,3511.91,3585.15
20201122,3600.16,3628.51,3543.84,3557.54
20201129,3566.82,3644.31,3552.77,3638.35
20201206,3634.18,3699.2,3594.39,3699.12
20201213,3694.73,3712.39,3633.4,3663.46
20201220,3675.27,3726.7,3645.84,3709.41
20201227,3684.28,3711.24,3636.48,3703.06
20210103,3723.03,3760.2,3723.03,3756.07
20210110,3764.61,3826.69,3662.71,3824.68
20210117,3803.14,3823.6,3749.62,3768.25
20210124,3781.88,3861.45,3780.37,3841.47
20210131,3851.68,3870.9,3694.12,3714.24
20210207,3731.17,3894.56,3725.62,3886.83
20210214,3892.59,3937.23,3884.94,3934.83
20210221,3939.61,3950.43,3885.03,3906.71
20210228,3885.55,3928.65,3789.54,3811.15
20210307,3842.51,3914.5,3723.34,3841.94
20210314,3844.39,3960.27,3819.25,3943.34
20210321,3942.96,3983.87,3886.75,3913.1
20210328,3916.48,3978.19,3853.5,3974.54
20210404,3969.31,4020.63,3943.25,4019.87
20210411,4034.44,4129.48,4034.44,4128.8
20210418,4124.71,4191.31,4114.82,4185.47
20210425,4179.8,4194.17,4118.38,4180.17
20210502,4185.03,4218.78,4174.85,4181.17
20210509,4191.98,4238.04,4128.59,4232.6
20210516,4228.29,4236.39,4056.88,4173.85
20210523,4169.92,4188.72,4061.41,4155.86
20210530,4170.16,4218.36,4170.16,4204.11
20210606,4216.52,4234.12,4167.93,4229.89
20210613,4229.34,4249.74,4208.41,4247.44
20210620,4248.31,4257.16,4164.4,4166.45
20210627,4173.4,4286.12,4173.4,4280.7
20210704,4284.9,4355.43,4274.67,4352.34
20210711,4356.46,4371.6,4289.37,4369.55
20210718,4372.41,4393.68,4322.53,4327.16
20210725,4296.4,4415.18,4233.13,4411.79
20210801,4409.58,4429.97,4372.51,4395.26
20210808,4406.86,4440.82,4373,4436.52
20210815,4437.77,4468.37,4424.74,4468
20210822,4461.65,4480.26,4367.73,4441.67
20210829,4450.29,4513.33,4450.29,4509.37
20210905,4513.76,4545.85,4513.76,4535.43
20210912,4535.38,4535.38,4457.66,4458.58
20210919,4474.81,4492.99,4427.76,4432.99
20210926,4402.95,4465.4,4305.91,4455.48
20211003,4442.12,4457.3,4288.52,4357.04
20211010,4348.84,4429.97,4278.94,4391.34
20211017,4385.44,4475.82,4329.92,4471.37
20211024,4463.72,4559.67,4447.47,4544.9
20211031,4553.69,4608.08,4537.36,4605.38
20211107,4610.62,4718.5,4595.06,4697.53
20211114,4701.48,4714.92,4630.86,4682.85
20211121,4689.3,4717.75,4672.78,4697.96
20211128,4712,4743.83,4585.43,4594.62
20211205,4628.75,4672.95,4495.12,4538.43
20211212,4548.37,4713.57,4540.51,4712.02
20211219,4710.3,4731.99,4600.22,4620.64
20211226,4587.9,4740.74,4531.1,4725.79
20220102,4733.99,4808.93,4733.99,4766.18
20220109,4778.14,4818.62,4662.74,4677.03
20220116,4655.34,4748.83,4582.24,4662.85
20220123,4632.24,4632.24,4395.34,4397.94
20220130,4356.32,4453.23,4222.62,4431.85
20220206,4431.79,4595.31,4414.02,4500.53
20220213,4505.75,4590.03,4401.41,4418.64
20220220,4412.61,4489.55,4327.22,4348.87
20220227,4332.74,4385.34,4114.65,4384.65
20220306,4354.17,4416.78,4279.54,4328.87
20220313,4327.01,4327.01,4157.87,4204.31
20220320,4202.75,4465.4,4161.72,4463.12
20220327,4462.4,4546.03,4424.3,4543.06
20220403,4541.09,4637.3,4507.57,4545.86
20220410,4547.97,4593.45,4450.04,4488.28
20220417,4462.64,4471,4381.34,4392.59
20220424,4385.63,4512.94,4267.62,4271.78
20220501,4255.34,4308.45,4124.28,4131.93
20220508,4130.61,4307.66,4062.51,4123.34
20220515,4081.27,4081.27,3858.87,4023.89
20220522,4013.02,4090.72,3810.32,3901.36
20220529,3919.42,4158.49,3875.13,4158.24
20220605,4151.09,4177.51,4073.85,4108.54
20220612,4134.72,4168.78,3900.52,3900.86
20220619,3838.15,3838.15,3639.82,3666.77
