Date,Open,High,Low,Close
18710101,5.32,5.32,5.32,5.32
18710201,5.32,5.32,5.32,5.32
18710301,5.32,5.33,5.32,5.33
18710401,5.33,5.33,5.33,5.33
18710501,5.33,5.33,5.33,5.33
18710601,5.33,5.34,5.33,5.34
18710701,5.34,5.34,5.34,5.34
18710801,5.34,5.34,5.34,5.34
18710901,5.34,5.35,5.34,5.35
18711001,5.35,5.35,5.35,5.35
18711101,5.35,5.35,5.35,5.35
18711201,5.35,5.36,5.35,5.36
18720101,5.36,5.36,5.36,5.36
18720201,5.36,5.38,5.36,5.38
18720301,5.38,5.40,5.38,5.40
18720401,5.40,5.42,5.40,5.42
18720501,5.42,5.43,5.42,5.43
18720601,5.43,5.45,5.43,5.45
18720701,5.45,5.47,5.45,5.47
18720801,5.47,5.49,5.47,5.49
18720901,5.49,5.51,5.49,5.51
18721001,5.51,5.53,5.51,5.53
18721101,5.53,5.54,5.53,5.54
18721201,5.54,5.56,5.54,5.56
18730101,5.56,5.58,5.56,5.58
18730201,5.58,5.58,5.57,5.57
18730301,5.57,5.57,5.56,5.56
18730401,5.56,5.56,5.55,5.55
18730501,5.55,5.55,5.54,5.54
18730601,5.54,5.54,5.53,5.53
18730701,5.53,5.53,5.53,5.53
18730801,5.53,5.53,5.52,5.52
18730901,5.52,5.52,5.51,5.51
18731001,5.51,5.51,5.50,5.50
18731101,5.50,5.50,5.49,5.49
18731201,5.49,5.49,5.48,5.48
18740101,5.48,5.48,5.47,5.47
18740201,5.47,5.47,5.44,5.44
18740301,5.44,5.44,5.40,5.40
18740401,5.40,5.40,5.37,5.37
18740501,5.37,5.37,5.34,5.34
18740601,5.34,5.34,5.30,5.30
18740701,5.30,5.30,5.27,5.27
18740801,5.27,5.27,5.24,5.24
18740901,5.24,5.24,5.20,5.20
18741001,5.20,5.20,5.17,5.17
18741101,5.17,5.17,5.14,5.14
18741201,5.14,5.14,5.10,5.10
18750101,5.10,5.10,5.07,5.07
18750201,5.07,5.07,5.03,5.03
18750301,5.03,5.03,4.99,4.99
18750401,4.99,4.99,4.95,4.95
18750501,4.95,4.95,4.91,4.91
18750601,4.91,4.91,4.87,4.87
18750701,4.87,4.87,4.83,4.83
18750801,4.83,4.83,4.79,4.79
18750901,4.79,4.79,4.75,4.75
18751001,4.75,4.75,4.71,4.71
18751101,4.71,4.71,4.67,4.67
18751201,4.67,4.67,4.63,4.63
18760101,4.63,4.63,4.59,4.59
18760201,4.59,4.59,4.58,4.58
18760301,4.58,4.58,4.57,4.57
18760401,4.57,4.57,4.56,4.56
18760501,4.56,4.56,4.54,4.54
18760601,4.54,4.54,4.53,4.53
18760701,4.53,4.53,4.52,4.52
18760801,4.52,4.52,4.51,4.51
18760901,4.51,4.51,4.50,4.50
18761001,4.50,4.50,4.49,4.49
18761101,4.49,4.49,4.47,4.47
18761201,4.47,4.47,4.46,4.46
18770101,4.46,4.46,4.45,4.45
18770201,4.45,4.45,4.44,4.44
18770301,4.44,4.44,4.43,4.43
18770401,4.43,4.43,4.42,4.42
18770501,4.42,4.42,4.41,4.41
18770601,4.41,4.41,4.40,4.40
18770701,4.40,4.40,4.40,4.40
18770801,4.40,4.40,4.39,4.39
18770901,4.39,4.39,4.38,4.38
18771001,4.38,4.38,4.37,4.37
18771101,4.37,4.37,4.36,4.36
18771201,4.36,4.36,4.35,4.35
18780101,4.35,4.35,4.34,4.34
18780201,4.34,4.34,4.33,4.33
18780301,4.33,4.33,4.32,4.32
18780401,4.32,4.32,4.31,4.31
18780501,4.31,4.31,4.30,4.30
18780601,4.30,4.30,4.29,4.29
18780701,4.29,4.29,4.28,4.28
18780801,4.28,4.28,4.27,4.27
18780901,4.27,4.27,4.26,4.26
18781001,4.26,4.26,4.25,4.25
18781101,4.25,4.25,4.24,4.24
18781201,4.24,4.24,4.23,4.23
18790101,4.23,4.23,4.22,4.22
18790201,4.22,4.22,4.20,4.20
18790301,4.20,4.20,4.19,4.19
18790401,4.19,4.19,4.17,4.17
18790501,4.17,4.17,4.15,4.15
18790601,4.15,4.15,4.14,4.14
18790701,4.14,4.14,4.12,4.12
18790801,4.12,4.12,4.10,4.10
18790901,4.10,4.10,4.09,4.09
18791001,4.09,4.09,4.07,4.07
18791101,4.07,4.07,4.05,4.05
18791201,4.05,4.05,4.04,4.04
18800101,4.04,4.04,4.02,4.02
18800201,4.02,4.02,3.99,3.99
18800301,3.99,3.99,3.97,3.97
18800401,3.97,3.97,3.94,3.94
18800501,3.94,3.94,3.91,3.91
18800601,3.91,3.91,3.89,3.89
18800701,3.89,3.89,3.86,3.86
18800801,3.86,3.86,3.83,3.83
18800901,3.83,3.83,3.81,3.81
18801001,3.81,3.81,3.78,3.78
18801101,3.78,3.78,3.75,3.75
18801201,3.75,3.75,3.73,3.73
18810101,3.73,3.73,3.70,3.70
18810201,3.70,3.70,3.69,3.69
18810301,3.69,3.69,3.69,3.69
18810401,3.69,3.69,3.68,3.68
18810501,3.68,3.68,3.67,3.67
18810601,3.67,3.67,3.67,3.67
18810701,3.67,3.67,3.66,3.66
18810801,3.66,3.66,3.65,3.65
18810901,3.65,3.65,3.65,3.65
18811001,3.65,3.65,3.64,3.64
18811101,3.64,3.64,3.63,3.63
18811201,3.63,3.63,3.63,3.63
18820101,3.63,3.63,3.62,3.62
18820201,3.62,3.62,3.62,3.62
18820301,3.62,3.62,3.62,3.62
18820401,3.62,3.62,3.62,3.62
18820501,3.62,3.62,3.62,3.62
18820601,3.62,3.62,3.62,3.62
18820701,3.62,3.63,3.62,3.63
18820801,3.63,3.63,3.63,3.63
18820901,3.63,3.63,3.63,3.63
18821001,3.63,3.63,3.63,3.63
18821101,3.63,3.63,3.63,3.63
18821201,3.63,3.63,3.63,3.63
18830101,3.63,3.63,3.63,3.63
18830201,3.63,3.63,3.63,3.63
18830301,3.63,3.63,3.63,3.63
18830401,3.63,3.63,3.63,3.63
18830501,3.63,3.63,3.63,3.63
18830601,3.63,3.63,3.63,3.63
18830701,3.63,3.63,3.63,3.63
18830801,3.63,3.63,3.62,3.62
18830901,3.62,3.62,3.62,3.62
18831001,3.62,3.62,3.62,3.62
18831101,3.62,3.62,3.62,3.62
18831201,3.62,3.62,3.62,3.62
18840101,3.62,3.62,3.62,3.62
18840201,3.62,3.62,3.61,3.61
18840301,3.61,3.61,3.60,3.60
18840401,3.60,3.60,3.60,3.60
18840501,3.60,3.60,3.59,3.59
18840601,3.59,3.59,3.58,3.58
18840701,3.58,3.58,3.57,3.57
18840801,3.57,3.57,3.56,3.56
18840901,3.56,3.56,3.55,3.55
18841001,3.55,3.55,3.55,3.55
18841101,3.55,3.55,3.54,3.54
18841201,3.54,3.54,3.53,3.53
18850101,3.53,3.53,3.52,3.52
18850201,3.52,3.52,3.51,3.51
18850301,3.51,3.51,3.50,3.50
18850401,3.50,3.50,3.48,3.48
18850501,3.48,3.48,3.47,3.47
18850601,3.47,3.47,3.46,3.46
18850701,3.46,3.46,3.45,3.45
18850801,3.45,3.45,3.43,3.43
18850901,3.43,3.43,3.42,3.42
18851001,3.42,3.42,3.41,3.41
18851101,3.41,3.41,3.40,3.40
18851201,3.40,3.40,3.38,3.38
18860101,3.38,3.38,3.37,3.37
18860201,3.37,3.38,3.37,3.38
18860301,3.38,3.40,3.38,3.40
18860401,3.40,3.41,3.40,3.41
18860501,3.41,3.42,3.41,3.42
18860601,3.42,3.43,3.42,3.43
18860701,3.43,3.45,3.43,3.45
18860801,3.45,3.46,3.45,3.46
18860901,3.46,3.47,3.46,3.47
18861001,3.47,3.48,3.47,3.48
18861101,3.48,3.50,3.48,3.50
18861201,3.50,3.51,3.50,3.51
18870101,3.51,3.52,3.51,3.52
18870201,3.52,3.53,3.52,3.53
18870301,3.53,3.55,3.53,3.55
18870401,3.55,3.56,3.55,3.56
18870501,3.56,3.57,3.56,3.57
18870601,3.57,3.58,3.57,3.58
18870701,3.58,3.60,3.58,3.60
18870801,3.60,3.61,3.60,3.61
18870901,3.61,3.62,3.61,3.62
18871001,3.62,3.63,3.62,3.63
18871101,3.63,3.65,3.63,3.65
18871201,3.65,3.66,3.65,3.66
18880101,3.66,3.67,3.66,3.67
18880201,3.67,3.67,3.65,3.65
18880301,3.65,3.65,3.63,3.63
18880401,3.63,3.63,3.62,3.62
18880501,3.62,3.62,3.60,3.60
18880601,3.60,3.60,3.58,3.58
18880701,3.58,3.58,3.56,3.56
18880801,3.56,3.56,3.54,3.54
18880901,3.54,3.54,3.52,3.52
18881001,3.52,3.52,3.51,3.51
18881101,3.51,3.51,3.49,3.49
18881201,3.49,3.49,3.47,3.47
18890101,3.47,3.47,3.45,3.45
18890201,3.45,3.45,3.45,3.45
18890301,3.45,3.45,3.45,3.45
18890401,3.45,3.45,3.44,3.44
18890501,3.44,3.44,3.44,3.44
18890601,3.44,3.44,3.44,3.44
18890701,3.44,3.44,3.44,3.44
18890801,3.44,3.44,3.43,3.43
18890901,3.43,3.43,3.43,3.43
18891001,3.43,3.43,3.43,3.43
18891101,3.43,3.43,3.43,3.43
18891201,3.43,3.43,3.42,3.42
18900101,3.42,3.42,3.42,3.42
18900201,3.42,3.44,3.42,3.44
18900301,3.44,3.45,3.44,3.45
18900401,3.45,3.47,3.45,3.47
18900501,3.47,3.49,3.47,3.49
18900601,3.49,3.50,3.49,3.50
18900701,3.50,3.52,3.50,3.52
18900801,3.52,3.54,3.52,3.54
18900901,3.54,3.55,3.54,3.55
18901001,3.55,3.57,3.55,3.57
18901101,3.57,3.59,3.57,3.59
18901201,3.59,3.60,3.59,3.60
18910101,3.60,3.62,3.60,3.62
18910201,3.62,3.62,3.62,3.62
18910301,3.62,3.62,3.62,3.62
18910401,3.62,3.62,3.62,3.62
18910501,3.62,3.62,3.61,3.61
18910601,3.61,3.61,3.61,3.61
18910701,3.61,3.61,3.61,3.61
18910801,3.61,3.61,3.61,3.61
18910901,3.61,3.61,3.61,3.61
18911001,3.61,3.61,3.61,3.61
18911101,3.61,3.61,3.60,3.60
18911201,3.60,3.60,3.60,3.60
18920101,3.60,3.60,3.60,3.60
18920201,3.60,3.61,3.60,3.61
18920301,3.61,3.63,3.61,3.63
18920401,3.63,3.64,3.63,3.64
18920501,3.64,3.65,3.64,3.65
18920601,3.65,3.66,3.65,3.66
18920701,3.66,3.68,3.66,3.68
18920801,3.68,3.69,3.68,3.69
18920901,3.69,3.70,3.69,3.70
18921001,3.70,3.71,3.70,3.71
18921101,3.71,3.73,3.71,3.73
18921201,3.73,3.74,3.73,3.74
18930101,3.74,3.75,3.74,3.75
18930201,3.75,3.75,3.75,3.75
18930301,3.75,3.75,3.74,3.74
18930401,3.74,3.74,3.74,3.74
18930501,3.74,3.74,3.73,3.73
18930601,3.73,3.73,3.73,3.73
18930701,3.73,3.73,3.73,3.73
18930801,3.73,3.73,3.72,3.72
18930901,3.72,3.72,3.72,3.72
18931001,3.72,3.72,3.71,3.71
18931101,3.71,3.71,3.71,3.71
18931201,3.71,3.71,3.70,3.70
18940101,3.70,3.70,3.70,3.70
18940201,3.70,3.70,3.68,3.68
18940301,3.68,3.68,3.66,3.66
18940401,3.66,3.66,3.64,3.64
18940501,3.64,3.64,3.62,3.62
18940601,3.62,3.62,3.60,3.60
18940701,3.60,3.60,3.58,3.58
18940801,3.58,3.58,3.56,3.56
18940901,3.56,3.56,3.54,3.54
18941001,3.54,3.54,3.52,3.52
18941101,3.52,3.52,3.50,3.50
18941201,3.50,3.50,3.48,3.48
18950101,3.48,3.48,3.46,3.46
18950201,3.46,3.47,3.46,3.47
18950301,3.47,3.48,3.47,3.48
18950401,3.48,3.50,3.48,3.50
18950501,3.50,3.51,3.50,3.51
18950601,3.51,3.52,3.51,3.52
18950701,3.52,3.53,3.52,3.53
18950801,3.53,3.54,3.53,3.54
18950901,3.54,3.55,3.54,3.55
18951001,3.55,3.57,3.55,3.57
18951101,3.57,3.58,3.57,3.58
18951201,3.58,3.59,3.58,3.59
18960101,3.59,3.60,3.59,3.60
18960201,3.60,3.60,3.58,3.58
18960301,3.58,3.58,3.57,3.57
18960401,3.57,3.57,3.55,3.55
18960501,3.55,3.55,3.53,3.53
18960601,3.53,3.53,3.52,3.52
18960701,3.52,3.52,3.50,3.50
18960801,3.50,3.50,3.48,3.48
18960901,3.48,3.48,3.47,3.47
18961001,3.47,3.47,3.45,3.45
18961101,3.45,3.45,3.43,3.43
18961201,3.43,3.43,3.42,3.42
18970101,3.42,3.42,3.40,3.40
18970201,3.40,3.40,3.40,3.40
18970301,3.40,3.40,3.39,3.39
18970401,3.39,3.39,3.39,3.39
18970501,3.39,3.39,3.38,3.38
18970601,3.38,3.38,3.38,3.38
18970701,3.38,3.38,3.38,3.38
18970801,3.38,3.38,3.37,3.37
18970901,3.37,3.37,3.37,3.37
18971001,3.37,3.37,3.36,3.36
18971101,3.36,3.36,3.36,3.36
18971201,3.36,3.36,3.35,3.35
18980101,3.35,3.35,3.35,3.35
18980201,3.35,3.35,3.33,3.33
18980301,3.33,3.33,3.31,3.31
18980401,3.31,3.31,3.29,3.29
18980501,3.29,3.29,3.27,3.27
18980601,3.27,3.27,3.25,3.25
18980701,3.25,3.25,3.23,3.23
18980801,3.23,3.23,3.20,3.20
18980901,3.20,3.20,3.18,3.18
18981001,3.18,3.18,3.16,3.16
18981101,3.16,3.16,3.14,3.14
18981201,3.14,3.14,3.12,3.12
18990101,3.12,3.12,3.10,3.10
18990201,3.10,3.10,3.10,3.10
18990301,3.10,3.11,3.10,3.11
18990401,3.11,3.11,3.11,3.11
18990501,3.11,3.12,3.11,3.12
18990601,3.12,3.12,3.12,3.12
18990701,3.12,3.13,3.12,3.13
18990801,3.13,3.13,3.13,3.13
18990901,3.13,3.13,3.13,3.13
18991001,3.13,3.14,3.13,3.14
18991101,3.14,3.14,3.14,3.14
18991201,3.14,3.15,3.14,3.15
19000101,3.15,3.15,3.15,3.15
19000201,3.15,3.15,3.15,3.15
19000301,3.15,3.15,3.14,3.14
19000401,3.14,3.14,3.14,3.14
19000501,3.14,3.14,3.13,3.13
19000601,3.13,3.13,3.13,3.13
19000701,3.13,3.13,3.13,3.13
19000801,3.13,3.13,3.12,3.12
19000901,3.12,3.12,3.12,3.12
19001001,3.12,3.12,3.11,3.11
19001101,3.11,3.11,3.11,3.11
19001201,3.11,3.11,3.10,3.10
19010101,3.10,3.10,3.10,3.10
19010201,3.10,3.11,3.10,3.11
19010301,3.11,3.11,3.11,3.11
19010401,3.11,3.12,3.11,3.12
19010501,3.12,3.13,3.12,3.13
19010601,3.13,3.13,3.13,3.13
19010701,3.13,3.14,3.13,3.14
19010801,3.14,3.15,3.14,3.15
19010901,3.15,3.15,3.15,3.15
19011001,3.15,3.16,3.15,3.16
19011101,3.16,3.17,3.16,3.17
19011201,3.17,3.17,3.17,3.17
19020101,3.17,3.18,3.17,3.18
19020201,3.18,3.19,3.18,3.19
19020301,3.19,3.20,3.19,3.20
19020401,3.20,3.21,3.20,3.21
19020501,3.21,3.22,3.21,3.22
19020601,3.22,3.23,3.22,3.23
19020701,3.23,3.24,3.23,3.24
19020801,3.24,3.25,3.24,3.25
19020901,3.25,3.26,3.25,3.26
19021001,3.26,3.27,3.26,3.27
19021101,3.27,3.28,3.27,3.28
19021201,3.28,3.29,3.28,3.29
19030101,3.29,3.30,3.29,3.30
19030201,3.30,3.31,3.30,3.31
19030301,3.31,3.32,3.31,3.32
19030401,3.32,3.33,3.32,3.33
19030501,3.33,3.33,3.33,3.33
19030601,3.33,3.34,3.33,3.34
19030701,3.34,3.35,3.34,3.35
19030801,3.35,3.36,3.35,3.36
19030901,3.36,3.37,3.36,3.37
19031001,3.37,3.38,3.37,3.38
19031101,3.38,3.38,3.38,3.38
19031201,3.38,3.39,3.38,3.39
19040101,3.39,3.40,3.39,3.40
19040201,3.40,3.41,3.40,3.41
19040301,3.41,3.41,3.41,3.41
19040401,3.41,3.42,3.41,3.42
19040501,3.42,3.43,3.42,3.43
19040601,3.43,3.43,3.43,3.43
19040701,3.43,3.44,3.43,3.44
19040801,3.44,3.45,3.44,3.45
19040901,3.45,3.45,3.45,3.45
19041001,3.45,3.46,3.45,3.46
19041101,3.46,3.47,3.46,3.47
19041201,3.47,3.47,3.47,3.47
19050101,3.47,3.48,3.47,3.48
19050201,3.48,3.48,3.48,3.48
19050301,3.48,3.48,3.47,3.47
19050401,3.47,3.47,3.47,3.47
19050501,3.47,3.47,3.46,3.46
19050601,3.46,3.46,3.46,3.46
19050701,3.46,3.46,3.46,3.46
19050801,3.46,3.46,3.45,3.45
19050901,3.45,3.45,3.45,3.45
19051001,3.45,3.45,3.44,3.44
19051101,3.44,3.44,3.44,3.44
19051201,3.44,3.44,3.43,3.43
19060101,3.43,3.43,3.43,3.43
19060201,3.43,3.45,3.43,3.45
19060301,3.45,3.47,3.45,3.47
19060401,3.47,3.49,3.47,3.49
19060501,3.49,3.51,3.49,3.51
19060601,3.51,3.53,3.51,3.53
19060701,3.53,3.55,3.53,3.55
19060801,3.55,3.57,3.55,3.57
19060901,3.57,3.59,3.57,3.59
19061001,3.59,3.61,3.59,3.61
19061101,3.61,3.63,3.61,3.63
19061201,3.63,3.65,3.63,3.65
19070101,3.65,3.67,3.65,3.67
19070201,3.67,3.69,3.67,3.69
19070301,3.69,3.70,3.69,3.70
19070401,3.70,3.72,3.70,3.72
19070501,3.72,3.74,3.72,3.74
19070601,3.74,3.75,3.74,3.75
19070701,3.75,3.77,3.75,3.77
19070801,3.77,3.79,3.77,3.79
19070901,3.79,3.80,3.79,3.80
19071001,3.80,3.82,3.80,3.82
19071101,3.82,3.84,3.82,3.84
19071201,3.84,3.85,3.84,3.85
19080101,3.85,3.87,3.85,3.87
19080201,3.87,3.87,3.86,3.86
19080301,3.86,3.86,3.85,3.85
19080401,3.85,3.85,3.84,3.84
19080501,3.84,3.84,3.83,3.83
19080601,3.83,3.83,3.82,3.82
19080701,3.82,3.82,3.82,3.82
19080801,3.82,3.82,3.81,3.81
19080901,3.81,3.81,3.80,3.80
19081001,3.80,3.80,3.79,3.79
19081101,3.79,3.79,3.78,3.78
19081201,3.78,3.78,3.77,3.77
19090101,3.77,3.77,3.76,3.76
19090201,3.76,3.77,3.76,3.77
19090301,3.77,3.79,3.77,3.79
19090401,3.79,3.80,3.79,3.80
19090501,3.80,3.81,3.80,3.81
19090601,3.81,3.82,3.81,3.82
19090701,3.82,3.84,3.82,3.84
19090801,3.84,3.85,3.84,3.85
19090901,3.85,3.86,3.85,3.86
19091001,3.86,3.87,3.86,3.87
19091101,3.87,3.89,3.87,3.89
19091201,3.89,3.90,3.89,3.90
19100101,3.90,3.91,3.90,3.91
19100201,3.91,3.92,3.91,3.92
19100301,3.92,3.92,3.92,3.92
19100401,3.92,3.93,3.92,3.93
19100501,3.93,3.93,3.93,3.93
19100601,3.93,3.94,3.93,3.94
19100701,3.94,3.95,3.94,3.95
19100801,3.95,3.95,3.95,3.95
19100901,3.95,3.96,3.95,3.96
19101001,3.96,3.96,3.96,3.96
19101101,3.96,3.97,3.96,3.97
19101201,3.97,3.97,3.97,3.97
19110101,3.97,3.98,3.97,3.98
19110201,3.98,3.98,3.98,3.98
19110301,3.98,3.99,3.98,3.99
19110401,3.99,3.99,3.99,3.99
19110501,3.99,3.99,3.99,3.99
19110601,3.99,3.99,3.99,3.99
19110701,3.99,4.00,3.99,4.00
19110801,4.00,4.00,4.00,4.00
19110901,4.00,4.00,4.00,4.00
19111001,4.00,4.00,4.00,4.00
19111101,4.00,4.01,4.00,4.01
19111201,4.01,4.01,4.01,4.01
19120101,4.01,4.01,4.01,4.01
19120201,4.01,4.05,4.01,4.05
19120301,4.05,4.08,4.05,4.08
19120401,4.08,4.12,4.08,4.12
19120501,4.12,4.16,4.12,4.16
19120601,4.16,4.19,4.16,4.19
19120701,4.19,4.23,4.19,4.23
19120801,4.23,4.27,4.23,4.27
19120901,4.27,4.30,4.27,4.30
19121001,4.30,4.34,4.30,4.34
19121101,4.34,4.38,4.34,4.38
19121201,4.38,4.41,4.38,4.41
19130101,4.41,4.45,4.41,4.45
19130201,4.45,4.45,4.43,4.43
19130301,4.43,4.43,4.40,4.40
19130401,4.40,4.40,4.38,4.38
19130501,4.38,4.38,4.35,4.35
19130601,4.35,4.35,4.33,4.33
19130701,4.33,4.33,4.31,4.31
19130801,4.31,4.31,4.28,4.28
19130901,4.28,4.28,4.26,4.26
19131001,4.26,4.26,4.23,4.23
19131101,4.23,4.23,4.21,4.21
19131201,4.21,4.21,4.18,4.18
19140101,4.18,4.18,4.16,4.16
19140201,4.16,4.17,4.16,4.17
19140301,4.17,4.17,4.17,4.17
19140401,4.17,4.18,4.17,4.18
19140501,4.18,4.19,4.18,4.19
19140601,4.19,4.19,4.19,4.19
19140701,4.19,4.20,4.19,4.20
19140801,4.20,4.21,4.20,4.21
19140901,4.21,4.21,4.21,4.21
19141001,4.21,4.22,4.21,4.22
19141101,4.22,4.23,4.22,4.23
19141201,4.23,4.23,4.23,4.23
19150101,4.23,4.24,4.23,4.24
19150201,4.24,4.24,4.22,4.22
19150301,4.22,4.22,4.21,4.21
19150401,4.21,4.21,4.19,4.19
19150501,4.19,4.19,4.18,4.18
19150601,4.18,4.18,4.16,4.16
19150701,4.16,4.16,4.15,4.15
19150801,4.15,4.15,4.13,4.13
19150901,4.13,4.13,4.11,4.11
19151001,4.11,4.11,4.10,4.10
19151101,4.10,4.10,4.08,4.08
19151201,4.08,4.08,4.07,4.07
19160101,4.07,4.07,4.05,4.05
19160201,4.05,4.07,4.05,4.07
19160301,4.07,4.08,4.07,4.08
19160401,4.08,4.10,4.08,4.10
19160501,4.10,4.11,4.10,4.11
19160601,4.11,4.13,4.11,4.13
19160701,4.13,4.14,4.13,4.14
19160801,4.14,4.16,4.14,4.16
19160901,4.16,4.17,4.16,4.17
19161001,4.17,4.19,4.17,4.19
19161101,4.19,4.20,4.19,4.20
19161201,4.20,4.22,4.20,4.22
19170101,4.22,4.23,4.22,4.23
19170201,4.23,4.26,4.23,4.26
19170301,4.26,4.29,4.26,4.29
19170401,4.29,4.32,4.29,4.32
19170501,4.32,4.34,4.32,4.34
19170601,4.34,4.37,4.34,4.37
19170701,4.37,4.40,4.37,4.40
19170801,4.40,4.43,4.40,4.43
19170901,4.43,4.46,4.43,4.46
19171001,4.46,4.49,4.46,4.49
19171101,4.49,4.51,4.49,4.51
19171201,4.51,4.54,4.51,4.54
19180101,4.54,4.57,4.54,4.57
19180201,4.57,4.57,4.56,4.56
19180301,4.56,4.56,4.56,4.56
19180401,4.56,4.56,4.55,4.55
19180501,4.55,4.55,4.55,4.55
19180601,4.55,4.55,4.54,4.54
19180701,4.54,4.54,4.54,4.54
19180801,4.54,4.54,4.53,4.53
19180901,4.53,4.53,4.52,4.52
19181001,4.52,4.52,4.52,4.52
19181101,4.52,4.52,4.51,4.51
19181201,4.51,4.51,4.51,4.51
19190101,4.51,4.51,4.50,4.50
19190201,4.50,4.54,4.50,4.54
19190301,4.54,4.58,4.54,4.58
19190401,4.58,4.62,4.58,4.62
19190501,4.62,4.66,4.62,4.66
19190601,4.66,4.70,4.66,4.70
19190701,4.70,4.74,4.70,4.74
19190801,4.74,4.77,4.74,4.77
19190901,4.77,4.81,4.77,4.81
19191001,4.81,4.85,4.81,4.85
19191101,4.85,4.89,4.85,4.89
19191201,4.89,4.93,4.89,4.93
19200101,4.93,4.97,4.93,4.97
19200201,4.97,4.98,4.97,4.98
19200301,4.98,4.99,4.98,4.99
19200401,4.99,5.00,4.99,5.00
19200501,5.00,5.01,5.00,5.01
19200601,5.01,5.02,5.01,5.02
19200701,5.02,5.03,5.02,5.03
19200801,5.03,5.04,5.03,5.04
19200901,5.04,5.05,5.04,5.05
19201001,5.05,5.06,5.05,5.06
19201101,5.06,5.07,5.06,5.07
19201201,5.07,5.08,5.07,5.08
19210101,5.08,5.09,5.08,5.09
19210201,5.09,5.09,5.02,5.02
19210301,5.02,5.02,4.96,4.96
19210401,4.96,4.96,4.89,4.89
19210501,4.89,4.89,4.83,4.83
19210601,4.83,4.83,4.76,4.76
19210701,4.76,4.76,4.70,4.70
19210801,4.70,4.70,4.63,4.63
19210901,4.63,4.63,4.56,4.56
19211001,4.56,4.56,4.50,4.50
19211101,4.50,4.50,4.43,4.43
19211201,4.43,4.43,4.37,4.37
19220101,4.37,4.37,4.30,4.30
19220201,4.30,4.31,4.30,4.31
19220301,4.31,4.31,4.31,4.31
19220401,4.31,4.32,4.31,4.32
19220501,4.32,4.32,4.32,4.32
19220601,4.32,4.33,4.32,4.33
19220701,4.33,4.33,4.33,4.33
19220801,4.33,4.34,4.33,4.34
19220901,4.34,4.34,4.34,4.34
19221001,4.34,4.35,4.34,4.35
19221101,4.35,4.35,4.35,4.35
19221201,4.35,4.36,4.35,4.36
19230101,4.36,4.36,4.36,4.36
19230201,4.36,4.36,4.34,4.34
19230301,4.34,4.34,4.31,4.31
19230401,4.31,4.31,4.29,4.29
19230501,4.29,4.29,4.26,4.26
19230601,4.26,4.26,4.24,4.24
19230701,4.24,4.24,4.21,4.21
19230801,4.21,4.21,4.19,4.19
19230901,4.19,4.19,4.16,4.16
19231001,4.16,4.16,4.14,4.14
19231101,4.14,4.14,4.11,4.11
19231201,4.11,4.11,4.09,4.09
19240101,4.09,4.09,4.06,4.06
19240201,4.06,4.06,4.04,4.04
19240301,4.04,4.04,4.03,4.03
19240401,4.03,4.03,4.01,4.01
19240501,4.01,4.01,3.99,3.99
19240601,3.99,3.99,3.98,3.98
19240701,3.98,3.98,3.96,3.96
19240801,3.96,3.96,3.94,3.94
19240901,3.94,3.94,3.93,3.93
19241001,3.93,3.93,3.91,3.91
19241101,3.91,3.91,3.89,3.89
19241201,3.89,3.89,3.88,3.88
19250101,3.88,3.88,3.86,3.86
19250201,3.86,3.86,3.85,3.85
19250301,3.85,3.85,3.83,3.83
19250401,3.83,3.83,3.82,3.82
19250501,3.82,3.82,3.80,3.80
19250601,3.80,3.80,3.79,3.79
19250701,3.79,3.79,3.77,3.77
19250801,3.77,3.77,3.76,3.76
19250901,3.76,3.76,3.74,3.74
19251001,3.74,3.74,3.73,3.73
19251101,3.73,3.73,3.71,3.71
19251201,3.71,3.71,3.70,3.70
19260101,3.70,3.70,3.68,3.68
19260201,3.68,3.68,3.65,3.65
19260301,3.65,3.65,3.62,3.62
19260401,3.62,3.62,3.60,3.60
19260501,3.60,3.60,3.57,3.57
19260601,3.57,3.57,3.54,3.54
19260701,3.54,3.54,3.51,3.51
19260801,3.51,3.51,3.48,3.48
19260901,3.48,3.48,3.45,3.45
19261001,3.45,3.45,3.43,3.43
19261101,3.43,3.43,3.40,3.40
19261201,3.40,3.40,3.37,3.37
19270101,3.37,3.37,3.34,3.34
19270201,3.34,3.34,3.34,3.34
19270301,3.34,3.34,3.34,3.34
19270401,3.34,3.34,3.34,3.34
19270501,3.34,3.34,3.34,3.34
19270601,3.34,3.34,3.34,3.34
19270701,3.34,3.34,3.34,3.34
19270801,3.34,3.34,3.33,3.33
19270901,3.33,3.33,3.33,3.33
19271001,3.33,3.33,3.33,3.33
19271101,3.33,3.33,3.33,3.33
19271201,3.33,3.33,3.33,3.33
19280101,3.33,3.33,3.33,3.33
19280201,3.33,3.35,3.33,3.35
19280301,3.35,3.38,3.35,3.38
19280401,3.38,3.40,3.38,3.40
19280501,3.40,3.42,3.40,3.42
19280601,3.42,3.44,3.42,3.44
19280701,3.44,3.47,3.44,3.47
19280801,3.47,3.49,3.47,3.49
19280901,3.49,3.51,3.49,3.51
19281001,3.51,3.53,3.51,3.53
19281101,3.53,3.56,3.53,3.56
19281201,3.56,3.58,3.56,3.58
19290101,3.58,3.60,3.58,3.60
19290201,3.60,3.60,3.57,3.57
19290301,3.57,3.57,3.55,3.55
19290401,3.55,3.55,3.52,3.52
19290501,3.52,3.52,3.50,3.50
19290601,3.50,3.50,3.47,3.47
19290701,3.47,3.47,3.45,3.45
19290801,3.45,3.45,3.42,3.42
19290901,3.42,3.42,3.39,3.39
19291001,3.39,3.39,3.37,3.37
19291101,3.37,3.37,3.34,3.34
19291201,3.34,3.34,3.32,3.32
19300101,3.32,3.32,3.29,3.29
19300201,3.29,3.29,3.29,3.29
19300301,3.29,3.30,3.29,3.30
19300401,3.30,3.30,3.30,3.30
19300501,3.30,3.31,3.30,3.31
19300601,3.31,3.31,3.31,3.31
19300701,3.31,3.32,3.31,3.32
19300801,3.32,3.32,3.32,3.32
19300901,3.32,3.32,3.32,3.32
19301001,3.32,3.33,3.32,3.33
19301101,3.33,3.33,3.33,3.33
19301201,3.33,3.34,3.33,3.34
19310101,3.34,3.34,3.34,3.34
19310201,3.34,3.37,3.34,3.37
19310301,3.37,3.40,3.37,3.40
19310401,3.40,3.43,3.40,3.43
19310501,3.43,3.45,3.43,3.45
19310601,3.45,3.48,3.45,3.48
19310701,3.48,3.51,3.48,3.51
19310801,3.51,3.54,3.51,3.54
19310901,3.54,3.57,3.54,3.57
19311001,3.57,3.60,3.57,3.60
19311101,3.60,3.62,3.60,3.62
19311201,3.62,3.65,3.62,3.65
19320101,3.65,3.68,3.65,3.68
19320201,3.68,3.68,3.65,3.65
19320301,3.65,3.65,3.62,3.62
19320401,3.62,3.62,3.59,3.59
19320501,3.59,3.59,3.56,3.56
19320601,3.56,3.56,3.53,3.53
19320701,3.53,3.53,3.50,3.50
19320801,3.50,3.50,3.46,3.46
19320901,3.46,3.46,3.43,3.43
19321001,3.43,3.43,3.40,3.40
19321101,3.40,3.40,3.37,3.37
19321201,3.37,3.37,3.34,3.34
19330101,3.34,3.34,3.31,3.31
19330201,3.31,3.31,3.29,3.29
19330301,3.29,3.29,3.28,3.28
19330401,3.28,3.28,3.26,3.26
19330501,3.26,3.26,3.25,3.25
19330601,3.25,3.25,3.23,3.23
19330701,3.23,3.23,3.22,3.22
19330801,3.22,3.22,3.20,3.20
19330901,3.20,3.20,3.18,3.18
19331001,3.18,3.18,3.17,3.17
19331101,3.17,3.17,3.15,3.15
19331201,3.15,3.15,3.14,3.14
19340101,3.14,3.14,3.12,3.12
19340201,3.12,3.12,3.09,3.09
19340301,3.09,3.09,3.07,3.07
19340401,3.07,3.07,3.04,3.04
19340501,3.04,3.04,3.01,3.01
19340601,3.01,3.01,2.98,2.98
19340701,2.98,2.98,2.96,2.96
19340801,2.96,2.96,2.93,2.93
19340901,2.93,2.93,2.90,2.90
19341001,2.90,2.90,2.87,2.87
19341101,2.87,2.87,2.85,2.85
19341201,2.85,2.85,2.82,2.82
19350101,2.82,2.82,2.79,2.79
19350201,2.79,2.79,2.78,2.78
19350301,2.78,2.78,2.77,2.77
19350401,2.77,2.77,2.76,2.76
19350501,2.76,2.76,2.74,2.74
19350601,2.74,2.74,2.73,2.73
19350701,2.73,2.73,2.72,2.72
19350801,2.72,2.72,2.71,2.71
19350901,2.71,2.71,2.70,2.70
19351001,2.70,2.70,2.69,2.69
19351101,2.69,2.69,2.67,2.67
19351201,2.67,2.67,2.66,2.66
19360101,2.66,2.66,2.65,2.65
19360201,2.65,2.65,2.65,2.65
19360301,2.65,2.66,2.65,2.66
19360401,2.66,2.66,2.66,2.66
19360501,2.66,2.66,2.66,2.66
19360601,2.66,2.66,2.66,2.66
19360701,2.66,2.67,2.66,2.67
19360801,2.67,2.67,2.67,2.67
19360901,2.67,2.67,2.67,2.67
19361001,2.67,2.67,2.67,2.67
19361101,2.67,2.68,2.67,2.68
19361201,2.68,2.68,2.68,2.68
19370101,2.68,2.68,2.68,2.68
19370201,2.68,2.68,2.67,2.67
19370301,2.67,2.67,2.66,2.66
19370401,2.66,2.66,2.65,2.65
19370501,2.65,2.65,2.64,2.64
19370601,2.64,2.64,2.63,2.63
19370701,2.63,2.63,2.62,2.62
19370801,2.62,2.62,2.61,2.61
19370901,2.61,2.61,2.60,2.60
19371001,2.60,2.60,2.59,2.59
19371101,2.59,2.59,2.58,2.58
19371201,2.58,2.58,2.57,2.57
19380101,2.57,2.57,2.56,2.56
19380201,2.56,2.56,2.54,2.54
19380301,2.54,2.54,2.53,2.53
19380401,2.53,2.53,2.51,2.51
19380501,2.51,2.51,2.49,2.49
19380601,2.49,2.49,2.48,2.48
19380701,2.48,2.48,2.46,2.46
19380801,2.46,2.46,2.44,2.44
19380901,2.44,2.44,2.43,2.43
19381001,2.43,2.43,2.41,2.41
19381101,2.41,2.41,2.39,2.39
19381201,2.39,2.39,2.38,2.38
19390101,2.38,2.38,2.36,2.36
19390201,2.36,2.36,2.35,2.35
19390301,2.35,2.35,2.34,2.34
19390401,2.34,2.34,2.32,2.32
19390501,2.32,2.32,2.31,2.31
19390601,2.31,2.31,2.30,2.30
19390701,2.30,2.30,2.29,2.29
19390801,2.29,2.29,2.27,2.27
19390901,2.27,2.27,2.26,2.26
19391001,2.26,2.26,2.25,2.25
19391101,2.25,2.25,2.24,2.24
19391201,2.24,2.24,2.22,2.22
19400101,2.22,2.22,2.21,2.21
19400201,2.21,2.21,2.19,2.19
19400301,2.19,2.19,2.17,2.17
19400401,2.17,2.17,2.15,2.15
19400501,2.15,2.15,2.12,2.12
19400601,2.12,2.12,2.10,2.10
19400701,2.10,2.10,2.08,2.08
19400801,2.08,2.08,2.06,2.06
19400901,2.06,2.06,2.04,2.04
19401001,2.04,2.04,2.02,2.02
19401101,2.02,2.02,1.99,1.99
19401201,1.99,1.99,1.97,1.97
19410101,1.97,1.97,1.95,1.95
19410201,1.95,1.99,1.95,1.99
19410301,1.99,2.04,1.99,2.04
19410401,2.04,2.08,2.04,2.08
19410501,2.08,2.12,2.08,2.12
19410601,2.12,2.16,2.12,2.16
19410701,2.16,2.21,2.16,2.21
19410801,2.21,2.25,2.21,2.25
19410901,2.25,2.29,2.25,2.29
19411001,2.29,2.33,2.29,2.33
19411101,2.33,2.38,2.33,2.38
19411201,2.38,2.42,2.38,2.42
19420101,2.42,2.46,2.42,2.46
19420201,2.46,2.46,2.46,2.46
19420301,2.46,2.46,2.46,2.46
19420401,2.46,2.46,2.46,2.46
19420501,2.46,2.46,2.46,2.46
19420601,2.46,2.46,2.46,2.46
19420701,2.46,2.47,2.46,2.47
19420801,2.47,2.47,2.47,2.47
19420901,2.47,2.47,2.47,2.47
19421001,2.47,2.47,2.47,2.47
19421101,2.47,2.47,2.47,2.47
19421201,2.47,2.47,2.47,2.47
19430101,2.47,2.47,2.47,2.47
19430201,2.47,2.47,2.47,2.47
19430301,2.47,2.47,2.47,2.47
19430401,2.47,2.47,2.47,2.47
19430501,2.47,2.47,2.47,2.47
19430601,2.47,2.47,2.47,2.47
19430701,2.47,2.48,2.47,2.48
19430801,2.48,2.48,2.48,2.48
19430901,2.48,2.48,2.48,2.48
19431001,2.48,2.48,2.48,2.48
19431101,2.48,2.48,2.48,2.48
19431201,2.48,2.48,2.48,2.48
19440101,2.48,2.48,2.48,2.48
19440201,2.48,2.48,2.47,2.47
19440301,2.47,2.47,2.46,2.46
19440401,2.46,2.46,2.45,2.45
19440501,2.45,2.45,2.44,2.44
19440601,2.44,2.44,2.43,2.43
19440701,2.43,2.43,2.43,2.43
19440801,2.43,2.43,2.42,2.42
19440901,2.42,2.42,2.41,2.41
19441001,2.41,2.41,2.40,2.40
19441101,2.40,2.40,2.39,2.39
19441201,2.39,2.39,2.38,2.38
19450101,2.38,2.38,2.37,2.37
19450201,2.37,2.37,2.36,2.36
19450301,2.36,2.36,2.34,2.34
19450401,2.34,2.34,2.33,2.33
19450501,2.33,2.33,2.31,2.31
19450601,2.31,2.31,2.30,2.30
19450701,2.30,2.30,2.28,2.28
19450801,2.28,2.28,2.27,2.27
19450901,2.27,2.27,2.25,2.25
19451001,2.25,2.25,2.24,2.24
19451101,2.24,2.24,2.22,2.22
19451201,2.22,2.22,2.21,2.21
19460101,2.21,2.21,2.19,2.19
19460201,2.19,2.20,2.19,2.20
19460301,2.20,2.20,2.20,2.20
19460401,2.20,2.21,2.20,2.21
19460501,2.21,2.21,2.21,2.21
19460601,2.21,2.22,2.21,2.22
19460701,2.22,2.22,2.22,2.22
19460801,2.22,2.23,2.22,2.23
19460901,2.23,2.23,2.23,2.23
19461001,2.23,2.24,2.23,2.24
19461101,2.24,2.24,2.24,2.24
19461201,2.24,2.25,2.24,2.25
19470101,2.25,2.25,2.25,2.25
19470201,2.25,2.27,2.25,2.27
19470301,2.27,2.28,2.27,2.28
19470401,2.28,2.30,2.28,2.30
19470501,2.30,2.31,2.30,2.31
19470601,2.31,2.33,2.31,2.33
19470701,2.33,2.35,2.33,2.35
19470801,2.35,2.36,2.35,2.36
19470901,2.36,2.38,2.36,2.38
19471001,2.38,2.39,2.38,2.39
19471101,2.39,2.41,2.39,2.41
19471201,2.41,2.42,2.41,2.42
19480101,2.42,2.44,2.42,2.44
19480201,2.44,2.44,2.43,2.43
19480301,2.43,2.43,2.42,2.42
19480401,2.42,2.42,2.41,2.41
19480501,2.41,2.41,2.40,2.40
19480601,2.40,2.40,2.39,2.39
19480701,2.39,2.39,2.38,2.38
19480801,2.38,2.38,2.36,2.36
19480901,2.36,2.36,2.35,2.35
19481001,2.35,2.35,2.34,2.34
19481101,2.34,2.34,2.33,2.33
19481201,2.33,2.33,2.32,2.32
19490101,2.32,2.32,2.31,2.31
19490201,2.31,2.31,2.31,2.31
19490301,2.31,2.31,2.31,2.31
19490401,2.31,2.31,2.31,2.31
19490501,2.31,2.31,2.31,2.31
19490601,2.31,2.31,2.31,2.31
19490701,2.31,2.32,2.31,2.32
19490801,2.32,2.32,2.32,2.32
19490901,2.32,2.32,2.32,2.32
19491001,2.32,2.32,2.32,2.32
19491101,2.32,2.32,2.32,2.32
19491201,2.32,2.32,2.32,2.32
19500101,2.32,2.32,2.32,2.32
19500201,2.32,2.34,2.32,2.34
19500301,2.34,2.36,2.34,2.36
19500401,2.36,2.38,2.36,2.38
19500501,2.38,2.40,2.38,2.40
19500601,2.40,2.42,2.40,2.42
19500701,2.42,2.45,2.42,2.45
19500801,2.45,2.47,2.45,2.47
19500901,2.47,2.49,2.47,2.49
19501001,2.49,2.51,2.49,2.51
19501101,2.51,2.53,2.51,2.53
19501201,2.53,2.55,2.53,2.55
19510101,2.55,2.57,2.55,2.57
19510201,2.57,2.58,2.57,2.58
19510301,2.58,2.59,2.58,2.59
19510401,2.59,2.60,2.59,2.60
19510501,2.60,2.61,2.60,2.61
19510601,2.61,2.62,2.61,2.62
19510701,2.62,2.63,2.62,2.63
19510801,2.63,2.63,2.63,2.63
19510901,2.63,2.64,2.63,2.64
19511001,2.64,2.65,2.64,2.65
19511101,2.65,2.66,2.65,2.66
19511201,2.66,2.67,2.66,2.67
19520101,2.67,2.68,2.67,2.68
19520201,2.68,2.69,2.68,2.69
19520301,2.69,2.71,2.69,2.71
19520401,2.71,2.72,2.71,2.72
19520501,2.72,2.73,2.72,2.73
19520601,2.73,2.74,2.73,2.74
19520701,2.74,2.76,2.74,2.76
19520801,2.76,2.77,2.76,2.77
19520901,2.77,2.78,2.77,2.78
19521001,2.78,2.79,2.78,2.79
19521101,2.79,2.81,2.79,2.81
19521201,2.81,2.82,2.81,2.82
19530101,2.82,2.83,2.82,2.83
19530201,2.83,2.83,2.80,2.80
19530301,2.80,2.80,2.77,2.77
19530401,2.77,2.89,2.77,2.83
19530501,2.83,3.05,2.83,3.05
19530601,3.05,3.11,3.05,3.11
19530701,3.11,3.11,2.93,2.93
19530801,2.93,2.95,2.93,2.95
19530901,2.95,2.95,2.87,2.87
19531001,2.87,2.87,2.66,2.66
19531101,2.66,2.68,2.66,2.68
19531201,2.68,2.68,2.59,2.59
19540101,2.59,2.59,2.48,2.48
19540201,2.48,2.48,2.47,2.47
19540301,2.47,2.47,2.37,2.37
19540401,2.37,2.37,2.29,2.29
19540501,2.29,2.37,2.29,2.37
19540601,2.37,2.38,2.37,2.38
19540701,2.38,2.38,2.30,2.30
19540801,2.30,2.36,2.30,2.36
19540901,2.36,2.38,2.36,2.38
19541001,2.38,2.43,2.38,2.43
19541101,2.43,2.48,2.43,2.48
19541201,2.48,2.51,2.48,2.51
19550101,2.51,2.61,2.51,2.61
19550201,2.61,2.65,2.61,2.65
19550301,2.65,2.68,2.65,2.68
19550401,2.68,2.75,2.68,2.75
19550501,2.75,2.76,2.75,2.76
19550601,2.76,2.78,2.76,2.78
19550701,2.78,2.90,2.78,2.90
19550801,2.90,2.97,2.90,2.97
19550901,2.97,2.97,2.97,2.97
19551001,2.97,2.97,2.88,2.88
19551101,2.88,2.89,2.88,2.89
19551201,2.89,2.96,2.89,2.96
19560101,2.96,2.96,2.90,2.90
19560201,2.90,2.90,2.84,2.84
19560301,2.84,2.96,2.84,2.96
19560401,2.96,3.18,2.96,3.18
19560501,3.18,3.18,3.07,3.07
19560601,3.07,3.07,3.00,3.00
19560701,3.00,3.11,3.00,3.11
19560801,3.11,3.33,3.11,3.33
19560901,3.33,3.38,3.33,3.38
19561001,3.38,3.38,3.34,3.34
19561101,3.34,3.49,3.34,3.49
19561201,3.49,3.59,3.49,3.59
19570101,3.59,3.59,3.46,3.46
19570201,3.46,3.46,3.34,3.34
19570301,3.34,3.41,3.34,3.41
19570401,3.41,3.48,3.41,3.48
19570501,3.48,3.60,3.48,3.60
19570601,3.60,3.80,3.60,3.80
19570701,3.80,3.93,3.80,3.93
19570801,3.93,3.93,3.93,3.93
19570901,3.93,3.93,3.92,3.92
19571001,3.92,3.97,3.92,3.97
19571101,3.97,3.97,3.72,3.72
19571201,3.72,3.72,3.21,3.21
19580101,3.21,3.21,3.09,3.09
19580201,3.09,3.09,3.05,3.05
19580301,3.05,3.05,2.98,2.98
19580401,2.98,2.98,2.88,2.88
19580501,2.88,2.92,2.88,2.92
19580601,2.92,2.97,2.92,2.97
19580701,2.97,3.20,2.97,3.20
19580801,3.20,3.54,3.20,3.54
19580901,3.54,3.76,3.54,3.76
19581001,3.76,3.80,3.76,3.80
19581101,3.80,3.80,3.74,3.74
19581201,3.74,3.86,3.74,3.86
19590101,3.86,4.02,3.86,4.02
19590201,4.02,4.02,3.96,3.96
19590301,3.96,3.99,3.96,3.99
19590401,3.99,4.12,3.99,4.12
19590501,4.12,4.31,4.12,4.31
19590601,4.31,4.34,4.31,4.34
19590701,4.34,4.40,4.34,4.40
19590801,4.40,4.43,4.40,4.43
19590901,4.43,4.68,4.43,4.68
19591001,4.68,4.68,4.53,4.53
19591101,4.53,4.53,4.53,4.53
19591201,4.53,4.69,4.53,4.69
19600101,4.69,4.72,4.69,4.72
19600201,4.72,4.72,4.49,4.49
19600301,4.49,4.49,4.25,4.25
19600401,4.25,4.28,4.25,4.28
19600501,4.28,4.35,4.28,4.35
19600601,4.35,4.35,4.15,4.15
19600701,4.15,4.15,3.90,3.90
19600801,3.90,3.90,3.80,3.80
19600901,3.80,3.80,3.80,3.80
19601001,3.80,3.89,3.80,3.89
19601101,3.89,3.93,3.89,3.93
19601201,3.93,3.93,3.84,3.84
19610101,3.84,3.84,3.84,3.84
19610201,3.84,3.84,3.78,3.78
19610301,3.78,3.78,3.74,3.74
19610401,3.74,3.78,3.74,3.78
19610501,3.78,3.78,3.71,3.71
19610601,3.71,3.88,3.71,3.88
19610701,3.88,3.92,3.88,3.92
19610801,3.92,4.04,3.92,4.04
19610901,4.04,4.04,3.98,3.98
19611001,3.98,3.98,3.92,3.92
19611101,3.92,3.94,3.92,3.94
19611201,3.94,4.06,3.94,4.06
19620101,4.06,4.08,4.06,4.08
19620201,4.08,4.09,4.08,4.09
19620202,4.08,4.08,4.08,4.08
19620205,4.07,4.07,4.07,4.07
19620206,4.06,4.06,4.06,4.06
19620207,4.07,4.07,4.07,4.07
19620208,4.07,4.07,4.07,4.07
19620209,4.05,4.05,4.05,4.05
19620213,4.03,4.03,4.03,4.03
19620214,4.03,4.03,4.03,4.03
19620215,4.02,4.02,4.02,4.02
19620216,4.02,4.02,4.02,4.02
19620219,4.01,4.01,4.01,4.01
19620220,4.05,4.05,4.05,4.05
19620221,4.03,4.03,4.03,4.03
19620223,4.02,4.02,4.02,4.02
19620226,4.00,4.00,4.00,4.00
19620227,4.01,4.01,4.01,4.01
19620228,4.00,4.00,4.00,4.00
19620301,3.98,3.98,3.98,3.98
19620302,3.98,3.98,3.98,3.98
19620305,4.00,4.00,4.00,4.00
19620306,4.01,4.01,4.01,4.01
19620307,4.00,4.00,4.00,4.00
19620308,3.98,3.98,3.98,3.98
19620309,3.96,3.96,3.96,3.96
19620312,3.94,3.94,3.94,3.94
19620313,3.92,3.92,3.92,3.92
19620314,3.93,3.93,3.93,3.93
19620315,3.96,3.96,3.96,3.96
19620316,3.96,3.96,3.96,3.96
19620319,3.93,3.93,3.93,3.93
19620320,3.91,3.91,3.91,3.91
19620321,3.86,3.86,3.86,3.86
19620322,3.83,3.83,3.83,3.83
19620323,3.87,3.87,3.87,3.87
19620326,3.89,3.89,3.89,3.89
19620327,3.90,3.90,3.90,3.90
19620328,3.90,3.90,3.90,3.90
19620329,3.90,3.90,3.90,3.90
19620330,3.86,3.86,3.86,3.86
19620402,3.86,3.86,3.86,3.86
19620403,3.83,3.83,3.83,3.83
19620404,3.78,3.78,3.78,3.78
19620405,3.84,3.84,3.84,3.84
19620406,3.81,3.81,3.81,3.81
19620409,3.83,3.83,3.83,3.83
19620410,3.83,3.83,3.83,3.83
19620411,3.87,3.87,3.87,3.87
19620412,3.86,3.86,3.86,3.86
19620413,3.85,3.85,3.85,3.85
19620416,3.83,3.83,3.83,3.83
19620417,3.82,3.82,3.82,3.82
19620418,3.81,3.81,3.81,3.81
19620419,3.82,3.82,3.82,3.82
19620423,3.86,3.86,3.86,3.86
19620424,3.87,3.87,3.87,3.87
19620425,3.88,3.88,3.88,3.88
19620426,3.89,3.89,3.89,3.89
19620427,3.86,3.86,3.86,3.86
19620430,3.86,3.86,3.86,3.86
19620501,3.85,3.85,3.85,3.85
19620502,3.86,3.86,3.86,3.86
19620503,3.86,3.86,3.86,3.86
19620504,3.87,3.87,3.87,3.87
19620507,3.86,3.86,3.86,3.86
19620508,3.85,3.85,3.85,3.85
19620509,3.82,3.82,3.82,3.82
19620510,3.83,3.83,3.83,3.83
19620511,3.82,3.82,3.82,3.82
19620514,3.85,3.85,3.85,3.85
19620515,3.87,3.87,3.87,3.87
19620516,3.86,3.86,3.86,3.86
19620517,3.87,3.87,3.87,3.87
19620518,3.93,3.93,3.93,3.93
19620521,3.94,3.94,3.94,3.94
19620522,3.93,3.93,3.93,3.93
19620523,3.91,3.91,3.91,3.91
19620524,3.90,3.90,3.90,3.90
19620525,3.88,3.88,3.88,3.88
19620528,3.87,3.87,3.87,3.87
19620529,3.89,3.89,3.89,3.89
19620531,3.90,3.90,3.90,3.90
19620601,3.89,3.89,3.89,3.89
19620604,3.88,3.88,3.88,3.88
19620605,3.89,3.89,3.89,3.89
19620606,3.89,3.89,3.89,3.89
19620607,3.87,3.87,3.87,3.87
19620608,3.86,3.86,3.86,3.86
19620611,3.87,3.87,3.87,3.87
19620612,3.86,3.86,3.86,3.86
19620613,3.87,3.87,3.87,3.87
19620614,3.90,3.90,3.90,3.90
19620615,3.89,3.89,3.89,3.89
19620618,3.91,3.91,3.91,3.91
19620619,3.93,3.93,3.93,3.93
19620620,3.92,3.92,3.92,3.92
19620621,3.90,3.90,3.90,3.90
19620622,3.90,3.90,3.90,3.90
19620625,3.95,3.95,3.95,3.95
19620626,3.97,3.97,3.97,3.97
19620627,3.96,3.96,3.96,3.96
19620628,3.98,3.98,3.98,3.98
19620629,4.00,4.00,4.00,4.00
19620702,4.00,4.00,4.00,4.00
19620703,4.00,4.00,4.00,4.00
19620705,4.00,4.00,4.00,4.00
19620706,4.02,4.02,4.02,4.02
19620709,4.05,4.05,4.05,4.05
19620710,4.02,4.02,4.02,4.02
19620711,3.99,3.99,3.99,3.99
19620712,4.00,4.00,4.00,4.00
19620713,4.00,4.00,4.00,4.00
19620716,4.01,4.01,4.01,4.01
19620717,4.03,4.03,4.03,4.03
19620718,4.02,4.02,4.02,4.02
19620719,4.02,4.02,4.02,4.02
19620720,4.01,4.01,4.01,4.01
19620723,4.00,4.00,4.00,4.00
19620724,4.01,4.01,4.01,4.01
19620725,4.02,4.02,4.02,4.02
19620726,4.01,4.01,4.01,4.01
19620727,4.02,4.02,4.02,4.02
19620730,4.03,4.03,4.03,4.03
19620731,4.04,4.04,4.04,4.04
19620801,4.03,4.03,4.03,4.03
19620802,4.00,4.00,4.00,4.00
19620803,4.01,4.01,4.01,4.01
19620806,4.01,4.01,4.01,4.01
19620807,4.02,4.02,4.02,4.02
19620808,4.01,4.01,4.01,4.01
19620809,3.99,3.99,3.99,3.99
19620810,3.99,3.99,3.99,3.99
19620813,3.99,3.99,3.99,3.99
19620814,3.98,3.98,3.98,3.98
19620815,3.98,3.98,3.98,3.98
19620816,3.96,3.96,3.96,3.96
19620817,3.96,3.96,3.96,3.96
19620820,3.94,3.94,3.94,3.94
19620821,3.94,3.94,3.94,3.94
19620822,3.95,3.95,3.95,3.95
19620823,3.95,3.95,3.95,3.95
19620824,3.95,3.95,3.95,3.95
19620827,3.95,3.95,3.95,3.95
19620828,3.96,3.96,3.96,3.96
19620829,3.96,3.96,3.96,3.96
19620830,3.95,3.95,3.95,3.95
19620831,3.96,3.96,3.96,3.96
19620904,3.96,3.96,3.96,3.96
19620905,3.97,3.97,3.97,3.97
19620906,3.99,3.99,3.99,3.99
19620907,4.01,4.01,4.01,4.01
19620910,4.00,4.00,4.00,4.00
19620911,4.00,4.00,4.00,4.00
19620912,4.00,4.00,4.00,4.00
19620913,3.99,3.99,3.99,3.99
19620914,3.99,3.99,3.99,3.99
19620917,3.99,3.99,3.99,3.99
19620918,3.98,3.98,3.98,3.98
19620919,3.99,3.99,3.99,3.99
19620920,3.98,3.98,3.98,3.98
19620921,3.98,3.98,3.98,3.98
19620924,3.97,3.97,3.97,3.97
19620925,3.96,3.96,3.96,3.96
19620926,3.95,3.95,3.95,3.95
19620927,3.95,3.95,3.95,3.95
19620928,3.94,3.94,3.94,3.94
19621001,3.93,3.93,3.93,3.93
19621002,3.92,3.92,3.92,3.92
19621003,3.90,3.90,3.90,3.90
19621004,3.90,3.90,3.90,3.90
19621005,3.92,3.92,3.92,3.92
19621008,3.93,3.93,3.93,3.93
19621009,3.95,3.95,3.95,3.95
19621010,3.93,3.93,3.93,3.93
19621011,3.94,3.94,3.94,3.94
19621015,3.94,3.94,3.94,3.94
19621016,3.94,3.94,3.94,3.94
19621017,3.94,3.94,3.94,3.94
19621018,3.92,3.92,3.92,3.92
19621019,3.88,3.88,3.88,3.88
19621022,3.91,3.91,3.91,3.91
19621023,3.94,3.94,3.94,3.94
19621024,3.94,3.94,3.94,3.94
19621025,3.94,3.94,3.94,3.94
19621026,3.93,3.93,3.93,3.93
19621029,3.92,3.92,3.92,3.92
19621030,3.92,3.92,3.92,3.92
19621031,3.92,3.92,3.92,3.92
19621101,3.92,3.92,3.92,3.92
19621102,3.91,3.91,3.91,3.91
19621105,3.91,3.91,3.91,3.91
19621107,3.91,3.91,3.91,3.91
19621108,3.90,3.90,3.90,3.90
19621109,3.89,3.89,3.89,3.89
19621113,3.90,3.90,3.90,3.90
19621114,3.91,3.91,3.91,3.91
19621115,3.91,3.91,3.91,3.91
19621116,3.93,3.93,3.93,3.93
19621119,3.93,3.93,3.93,3.93
19621120,3.93,3.93,3.93,3.93
19621121,3.92,3.92,3.92,3.92
19621123,3.92,3.92,3.92,3.92
19621126,3.93,3.93,3.93,3.93
19621127,3.92,3.92,3.92,3.92
19621128,3.92,3.92,3.92,3.92
19621129,3.92,3.92,3.92,3.92
19621130,3.92,3.92,3.92,3.92
19621203,3.93,3.93,3.93,3.93
19621204,3.94,3.94,3.94,3.94
19621205,3.93,3.93,3.93,3.93
19621206,3.92,3.92,3.92,3.92
19621207,3.91,3.91,3.91,3.91
19621210,3.90,3.90,3.90,3.90
19621211,3.89,3.89,3.89,3.89
19621212,3.88,3.88,3.88,3.88
19621213,3.88,3.88,3.88,3.88
19621214,3.87,3.87,3.87,3.87
19621217,3.85,3.85,3.85,3.85
19621218,3.83,3.83,3.83,3.83
19621219,3.84,3.84,3.84,3.84
19621220,3.83,3.83,3.83,3.83
19621221,3.81,3.81,3.81,3.81
19621224,3.79,3.79,3.79,3.79
19621226,3.79,3.79,3.79,3.79
19621227,3.81,3.81,3.81,3.81
19621228,3.84,3.84,3.84,3.84
19621231,3.85,3.85,3.85,3.85
19630102,3.82,3.82,3.82,3.82
19630103,3.81,3.81,3.81,3.81
19630104,3.84,3.84,3.84,3.84
19630107,3.83,3.83,3.83,3.83
19630108,3.81,3.81,3.81,3.81
19630109,3.82,3.82,3.82,3.82
19630110,3.81,3.81,3.81,3.81
19630111,3.80,3.80,3.80,3.80
19630114,3.81,3.81,3.81,3.81
19630115,3.80,3.80,3.80,3.80
19630116,3.80,3.80,3.80,3.80
19630117,3.82,3.82,3.82,3.82
19630118,3.84,3.84,3.84,3.84
19630121,3.85,3.85,3.85,3.85
19630122,3.86,3.86,3.86,3.86
19630123,3.86,3.86,3.86,3.86
19630124,3.86,3.86,3.86,3.86
19630125,3.85,3.85,3.85,3.85
19630128,3.86,3.86,3.86,3.86
19630129,3.86,3.86,3.86,3.86
19630130,3.86,3.86,3.86,3.86
19630131,3.87,3.87,3.87,3.87
19630201,3.88,3.88,3.88,3.88
19630204,3.89,3.89,3.89,3.89
19630205,3.90,3.90,3.90,3.90
19630206,3.91,3.91,3.91,3.91
19630207,3.91,3.91,3.91,3.91
19630208,3.91,3.91,3.91,3.91
19630211,3.92,3.92,3.92,3.92
19630213,3.92,3.92,3.92,3.92
19630214,3.91,3.91,3.91,3.91
19630215,3.91,3.91,3.91,3.91
19630218,3.91,3.91,3.91,3.91
19630219,3.93,3.93,3.93,3.93
19630220,3.94,3.94,3.94,3.94
19630221,3.95,3.95,3.95,3.95
19630225,3.95,3.95,3.95,3.95
19630226,3.95,3.95,3.95,3.95
19630227,3.95,3.95,3.95,3.95
19630228,3.94,3.94,3.94,3.94
19630301,3.93,3.93,3.93,3.93
19630304,3.92,3.92,3.92,3.92
19630305,3.92,3.92,3.92,3.92
19630306,3.91,3.91,3.91,3.91
19630307,3.92,3.92,3.92,3.92
19630308,3.92,3.92,3.92,3.92
19630311,3.92,3.92,3.92,3.92
19630312,3.92,3.92,3.92,3.92
19630313,3.92,3.92,3.92,3.92
19630314,3.92,3.92,3.92,3.92
19630315,3.92,3.92,3.92,3.92
19630318,3.92,3.92,3.92,3.92
19630319,3.92,3.92,3.92,3.92
19630320,3.92,3.92,3.92,3.92
19630321,3.92,3.92,3.92,3.92
19630322,3.93,3.93,3.93,3.93
19630325,3.94,3.94,3.94,3.94
19630326,3.96,3.96,3.96,3.96
19630327,3.96,3.96,3.96,3.96
19630328,3.96,3.96,3.96,3.96
19630329,3.95,3.95,3.95,3.95
19630401,3.95,3.95,3.95,3.95
19630402,3.96,3.96,3.96,3.96
19630403,3.96,3.96,3.96,3.96
19630404,3.95,3.95,3.95,3.95
19630405,3.95,3.95,3.95,3.95
19630408,3.97,3.97,3.97,3.97
19630409,3.98,3.98,3.98,3.98
19630410,4.00,4.00,4.00,4.00
19630411,4.00,4.00,4.00,4.00
19630415,4.01,4.01,4.01,4.01
19630416,4.00,4.00,4.00,4.00
19630417,4.00,4.00,4.00,4.00
19630418,3.99,3.99,3.99,3.99
19630419,3.97,3.97,3.97,3.97
19630422,3.97,3.97,3.97,3.97
19630423,3.97,3.97,3.97,3.97
19630424,3.96,3.96,3.96,3.96
19630425,3.95,3.95,3.95,3.95
19630426,3.95,3.95,3.95,3.95
19630429,3.95,3.95,3.95,3.95
19630430,3.95,3.95,3.95,3.95
19630501,3.94,3.94,3.94,3.94
19630502,3.94,3.94,3.94,3.94
19630503,3.93,3.93,3.93,3.93
19630506,3.92,3.92,3.92,3.92
19630507,3.91,3.91,3.91,3.91
19630508,3.92,3.92,3.92,3.92
19630509,3.93,3.93,3.93,3.93
19630510,3.93,3.93,3.93,3.93
19630513,3.92,3.92,3.92,3.92
19630514,3.91,3.91,3.91,3.91
19630515,3.91,3.91,3.91,3.91
19630516,3.90,3.90,3.90,3.90
19630517,3.92,3.92,3.92,3.92
19630520,3.93,3.93,3.93,3.93
19630521,3.92,3.92,3.92,3.92
19630522,3.92,3.92,3.92,3.92
19630523,3.93,3.93,3.93,3.93
19630524,3.95,3.95,3.95,3.95
19630527,3.95,3.95,3.95,3.95
19630528,3.96,3.96,3.96,3.96
19630529,3.96,3.96,3.96,3.96
19630531,3.96,3.96,3.96,3.96
19630603,3.98,3.98,3.98,3.98
19630604,3.98,3.98,3.98,3.98
19630605,3.98,3.98,3.98,3.98
19630606,3.99,3.99,3.99,3.99
19630607,3.99,3.99,3.99,3.99
19630610,3.99,3.99,3.99,3.99
19630611,3.98,3.98,3.98,3.98
19630612,3.99,3.99,3.99,3.99
19630613,3.99,3.99,3.99,3.99
19630614,3.99,3.99,3.99,3.99
19630617,4.00,4.00,4.00,4.00
19630618,4.00,4.00,4.00,4.00
19630619,4.00,4.00,4.00,4.00
19630620,4.00,4.00,4.00,4.00
19630621,4.00,4.00,4.00,4.00
19630624,4.00,4.00,4.00,4.00
19630625,4.00,4.00,4.00,4.00
19630626,4.00,4.00,4.00,4.00
19630627,4.00,4.00,4.00,4.00
19630628,4.00,4.00,4.00,4.00
19630701,4.01,4.01,4.01,4.01
19630702,4.03,4.03,4.03,4.03
19630703,4.03,4.03,4.03,4.03
19630705,4.04,4.04,4.04,4.04
19630708,4.05,4.05,4.05,4.05
19630709,4.04,4.04,4.04,4.04
19630710,4.03,4.03,4.03,4.03
19630711,4.04,4.04,4.04,4.04
19630712,4.03,4.03,4.03,4.03
19630715,4.02,4.02,4.02,4.02
19630716,4.02,4.02,4.02,4.02
19630717,4.03,4.03,4.03,4.03
19630718,4.02,4.02,4.02,4.02
19630719,4.02,4.02,4.02,4.02
19630722,4.02,4.02,4.02,4.02
19630723,4.02,4.02,4.02,4.02
19630724,4.01,4.01,4.01,4.01
19630725,4.01,4.01,4.01,4.01
19630726,3.99,3.99,3.99,3.99
19630729,3.99,3.99,3.99,3.99
19630730,4.00,4.00,4.00,4.00
19630731,4.00,4.00,4.00,4.00
19630801,3.99,3.99,3.99,3.99
19630802,3.99,3.99,3.99,3.99
19630805,3.99,3.99,3.99,3.99
19630806,4.00,4.00,4.00,4.00
19630807,4.01,4.01,4.01,4.01
19630808,4.00,4.00,4.00,4.00
19630809,4.00,4.00,4.00,4.00
19630812,4.01,4.01,4.01,4.01
19630813,4.02,4.02,4.02,4.02
19630814,4.02,4.02,4.02,4.02
19630815,4.01,4.01,4.01,4.01
19630816,4.00,4.00,4.00,4.00
19630819,3.99,3.99,3.99,3.99
19630820,3.99,3.99,3.99,3.99
19630821,4.00,4.00,4.00,4.00
19630822,4.00,4.00,4.00,4.00
19630823,4.00,4.00,4.00,4.00
19630826,4.00,4.00,4.00,4.00
19630827,4.00,4.00,4.00,4.00
19630828,4.00,4.00,4.00,4.00
19630829,4.01,4.01,4.01,4.01
19630830,4.02,4.02,4.02,4.02
19630903,4.03,4.03,4.03,4.03
19630904,4.04,4.04,4.04,4.04
19630905,4.08,4.08,4.08,4.08
19630906,4.09,4.09,4.09,4.09
19630909,4.09,4.09,4.09,4.09
19630910,4.09,4.09,4.09,4.09
19630911,4.09,4.09,4.09,4.09
19630912,4.09,4.09,4.09,4.09
19630913,4.09,4.09,4.09,4.09
19630916,4.09,4.09,4.09,4.09
19630917,4.09,4.09,4.09,4.09
19630918,4.08,4.08,4.08,4.08
19630919,4.08,4.08,4.08,4.08
19630920,4.07,4.07,4.07,4.07
19630923,4.07,4.07,4.07,4.07
19630924,4.08,4.08,4.08,4.08
19630925,4.08,4.08,4.08,4.08
19630926,4.08,4.08,4.08,4.08
19630927,4.07,4.07,4.07,4.07
19630930,4.07,4.07,4.07,4.07
19631001,4.07,4.07,4.07,4.07
19631002,4.07,4.07,4.07,4.07
19631003,4.07,4.07,4.07,4.07
19631004,4.08,4.08,4.08,4.08
19631007,4.08,4.08,4.08,4.08
19631008,4.09,4.09,4.09,4.09
19631009,4.10,4.10,4.10,4.10
19631010,4.10,4.10,4.10,4.10
19631011,4.10,4.10,4.10,4.10
19631014,4.10,4.10,4.10,4.10
19631015,4.11,4.11,4.11,4.11
19631016,4.11,4.11,4.11,4.11
19631017,4.12,4.12,4.12,4.12
19631018,4.12,4.12,4.12,4.12
19631021,4.12,4.12,4.12,4.12
19631022,4.11,4.11,4.11,4.11
19631023,4.12,4.12,4.12,4.12
19631024,4.11,4.11,4.11,4.11
19631025,4.12,4.12,4.12,4.12
19631028,4.12,4.12,4.12,4.12
19631029,4.13,4.13,4.13,4.13
19631030,4.14,4.14,4.14,4.14
19631031,4.15,4.15,4.15,4.15
19631101,4.15,4.15,4.15,4.15
19631104,4.15,4.15,4.15,4.15
19631106,4.17,4.17,4.17,4.17
19631107,4.17,4.17,4.17,4.17
19631108,4.16,4.16,4.16,4.16
19631112,4.16,4.16,4.16,4.16
19631113,4.15,4.15,4.15,4.15
19631114,4.12,4.12,4.12,4.12
19631115,4.11,4.11,4.11,4.11
19631118,4.11,4.11,4.11,4.11
19631119,4.10,4.10,4.10,4.10
19631120,4.09,4.09,4.09,4.09
19631121,4.10,4.10,4.10,4.10
19631122,4.09,4.09,4.09,4.09
19631126,4.08,4.08,4.08,4.08
19631127,4.08,4.08,4.08,4.08
19631129,4.08,4.08,4.08,4.08
19631202,4.09,4.09,4.09,4.09
19631203,4.10,4.10,4.10,4.10
19631204,4.10,4.10,4.10,4.10
19631205,4.11,4.11,4.11,4.11
19631206,4.11,4.11,4.11,4.11
19631209,4.10,4.10,4.10,4.10
19631210,4.10,4.10,4.10,4.10
19631211,4.12,4.12,4.12,4.12
19631212,4.12,4.12,4.12,4.12
19631213,4.13,4.13,4.13,4.13
19631216,4.15,4.15,4.15,4.15
19631217,4.15,4.15,4.15,4.15
19631218,4.15,4.15,4.15,4.15
19631219,4.14,4.14,4.14,4.14
19631220,4.15,4.15,4.15,4.15
19631223,4.15,4.15,4.15,4.15
19631224,4.15,4.15,4.15,4.15
19631226,4.15,4.15,4.15,4.15
19631227,4.15,4.15,4.15,4.15
19631230,4.14,4.14,4.14,4.14
19631231,4.14,4.14,4.14,4.14
19640102,4.14,4.14,4.14,4.14
19640103,4.15,4.15,4.15,4.15
19640106,4.16,4.16,4.16,4.16
19640107,4.15,4.15,4.15,4.15
19640108,4.18,4.18,4.18,4.18
19640109,4.18,4.18,4.18,4.18
19640110,4.18,4.18,4.18,4.18
19640113,4.18,4.18,4.18,4.18
19640114,4.18,4.18,4.18,4.18
19640115,4.18,4.18,4.18,4.18
19640116,4.17,4.17,4.17,4.17
19640117,4.17,4.17,4.17,4.17
19640120,4.16,4.16,4.16,4.16
19640121,4.16,4.16,4.16,4.16
19640122,4.16,4.16,4.16,4.16
19640123,4.16,4.16,4.16,4.16
19640124,4.18,4.18,4.18,4.18
19640127,4.18,4.18,4.18,4.18
19640128,4.17,4.17,4.17,4.17
19640129,4.17,4.17,4.17,4.17
19640130,4.16,4.16,4.16,4.16
19640131,4.15,4.15,4.15,4.15
19640203,4.15,4.15,4.15,4.15
19640204,4.15,4.15,4.15,4.15
19640205,4.15,4.15,4.15,4.15
19640206,4.14,4.14,4.14,4.14
19640207,4.14,4.14,4.14,4.14
19640210,4.14,4.14,4.14,4.14
19640211,4.14,4.14,4.14,4.14
19640213,4.13,4.13,4.13,4.13
19640214,4.13,4.13,4.13,4.13
19640217,4.13,4.13,4.13,4.13
19640218,4.14,4.14,4.14,4.14
19640219,4.14,4.14,4.14,4.14
19640220,4.14,4.14,4.14,4.14
19640224,4.15,4.15,4.15,4.15
19640225,4.15,4.15,4.15,4.15
19640226,4.15,4.15,4.15,4.15
19640227,4.17,4.17,4.17,4.17
19640228,4.18,4.18,4.18,4.18
19640302,4.17,4.17,4.17,4.17
19640303,4.18,4.18,4.18,4.18
19640304,4.19,4.19,4.19,4.19
19640305,4.19,4.19,4.19,4.19
19640306,4.19,4.19,4.19,4.19
19640309,4.20,4.20,4.20,4.20
19640310,4.20,4.20,4.20,4.20
19640311,4.21,4.21,4.21,4.21
19640312,4.21,4.21,4.21,4.21
19640313,4.22,4.22,4.22,4.22
19640316,4.21,4.21,4.21,4.21
19640317,4.22,4.22,4.22,4.22
19640318,4.23,4.23,4.23,4.23
19640319,4.24,4.24,4.24,4.24
19640320,4.25,4.25,4.25,4.25
19640323,4.25,4.25,4.25,4.25
19640324,4.26,4.26,4.26,4.26
19640325,4.26,4.26,4.26,4.26
19640326,4.25,4.25,4.25,4.25
19640330,4.25,4.25,4.25,4.25
19640331,4.23,4.23,4.23,4.23
19640401,4.23,4.23,4.23,4.23
19640402,4.24,4.24,4.24,4.24
19640403,4.25,4.25,4.25,4.25
19640406,4.25,4.25,4.25,4.25
19640407,4.25,4.25,4.25,4.25
19640408,4.22,4.22,4.22,4.22
19640409,4.22,4.22,4.22,4.22
19640410,4.22,4.22,4.22,4.22
19640413,4.23,4.23,4.23,4.23
19640414,4.24,4.24,4.24,4.24
19640415,4.23,4.23,4.23,4.23
19640416,4.23,4.23,4.23,4.23
19640417,4.24,4.24,4.24,4.24
19640420,4.24,4.24,4.24,4.24
19640421,4.23,4.23,4.23,4.23
19640422,4.23,4.23,4.23,4.23
19640423,4.23,4.23,4.23,4.23
19640424,4.23,4.23,4.23,4.23
19640427,4.23,4.23,4.23,4.23
19640428,4.23,4.23,4.23,4.23
19640429,4.22,4.22,4.22,4.22
19640430,4.22,4.22,4.22,4.22
19640501,4.22,4.22,4.22,4.22
19640504,4.22,4.22,4.22,4.22
19640505,4.22,4.22,4.22,4.22
19640506,4.22,4.22,4.22,4.22
19640507,4.22,4.22,4.22,4.22
19640508,4.20,4.20,4.20,4.20
19640511,4.19,4.19,4.19,4.19
19640512,4.19,4.19,4.19,4.19
19640513,4.19,4.19,4.19,4.19
19640514,4.19,4.19,4.19,4.19
19640515,4.19,4.19,4.19,4.19
19640518,4.19,4.19,4.19,4.19
19640519,4.19,4.19,4.19,4.19
19640520,4.20,4.20,4.20,4.20
19640521,4.20,4.20,4.20,4.20
19640522,4.20,4.20,4.20,4.20
19640525,4.19,4.19,4.19,4.19
19640526,4.19,4.19,4.19,4.19
19640527,4.20,4.20,4.20,4.20
19640528,4.19,4.19,4.19,4.19
19640601,4.19,4.19,4.19,4.19
19640602,4.19,4.19,4.19,4.19
19640603,4.19,4.19,4.19,4.19
19640604,4.19,4.19,4.19,4.19
19640605,4.18,4.18,4.18,4.18
19640608,4.18,4.18,4.18,4.18
19640609,4.17,4.17,4.17,4.17
19640610,4.17,4.17,4.17,4.17
19640611,4.18,4.18,4.18,4.18
19640612,4.18,4.18,4.18,4.18
19640615,4.18,4.18,4.18,4.18
19640616,4.18,4.18,4.18,4.18
19640617,4.18,4.18,4.18,4.18
19640618,4.17,4.17,4.17,4.17
19640619,4.16,4.16,4.16,4.16
19640622,4.15,4.15,4.15,4.15
19640623,4.15,4.15,4.15,4.15
19640624,4.15,4.15,4.15,4.15
19640625,4.15,4.15,4.15,4.15
19640626,4.15,4.15,4.15,4.15
19640629,4.15,4.15,4.15,4.15
19640630,4.15,4.15,4.15,4.15
19640701,4.15,4.15,4.15,4.15
19640702,4.15,4.15,4.15,4.15
19640706,4.16,4.16,4.16,4.16
19640707,4.15,4.15,4.15,4.15
19640708,4.15,4.15,4.15,4.15
19640709,4.18,4.18,4.18,4.18
19640710,4.19,4.19,4.19,4.19
19640713,4.19,4.19,4.19,4.19
19640714,4.19,4.19,4.19,4.19
19640715,4.19,4.19,4.19,4.19
19640716,4.19,4.19,4.19,4.19
19640717,4.20,4.20,4.20,4.20
19640720,4.21,4.21,4.21,4.21
19640721,4.20,4.20,4.20,4.20
19640722,4.21,4.21,4.21,4.21
19640723,4.20,4.20,4.20,4.20
19640724,4.20,4.20,4.20,4.20
19640727,4.20,4.20,4.20,4.20
19640728,4.20,4.20,4.20,4.20
19640729,4.20,4.20,4.20,4.20
19640730,4.19,4.19,4.19,4.19
19640731,4.19,4.19,4.19,4.19
19640803,4.19,4.19,4.19,4.19
19640804,4.19,4.19,4.19,4.19
19640805,4.19,4.19,4.19,4.19
19640806,4.18,4.18,4.18,4.18
19640807,4.19,4.19,4.19,4.19
19640810,4.19,4.19,4.19,4.19
19640811,4.20,4.20,4.20,4.20
19640812,4.20,4.20,4.20,4.20
19640813,4.19,4.19,4.19,4.19
19640814,4.19,4.19,4.19,4.19
19640817,4.19,4.19,4.19,4.19
19640818,4.19,4.19,4.19,4.19
19640819,4.19,4.19,4.19,4.19
19640820,4.19,4.19,4.19,4.19
19640821,4.19,4.19,4.19,4.19
19640824,4.19,4.19,4.19,4.19
19640825,4.20,4.20,4.20,4.20
19640826,4.20,4.20,4.20,4.20
19640827,4.20,4.20,4.20,4.20
19640828,4.21,4.21,4.21,4.21
19640831,4.21,4.21,4.21,4.21
19640901,4.21,4.21,4.21,4.21
19640902,4.22,4.22,4.22,4.22
19640903,4.22,4.22,4.22,4.22
19640904,4.22,4.22,4.22,4.22
19640908,4.22,4.22,4.22,4.22
19640909,4.22,4.22,4.22,4.22
19640910,4.22,4.22,4.22,4.22
19640911,4.22,4.22,4.22,4.22
19640914,4.22,4.22,4.22,4.22
19640915,4.22,4.22,4.22,4.22
19640916,4.21,4.21,4.21,4.21
19640917,4.20,4.20,4.20,4.20
19640918,4.20,4.20,4.20,4.20
19640921,4.19,4.19,4.19,4.19
19640922,4.19,4.19,4.19,4.19
19640923,4.19,4.19,4.19,4.19
19640924,4.19,4.19,4.19,4.19
19640925,4.19,4.19,4.19,4.19
19640928,4.17,4.17,4.17,4.17
19640929,4.18,4.18,4.18,4.18
19640930,4.18,4.18,4.18,4.18
19641001,4.18,4.18,4.18,4.18
19641002,4.18,4.18,4.18,4.18
19641005,4.20,4.20,4.20,4.20
19641006,4.19,4.19,4.19,4.19
19641007,4.19,4.19,4.19,4.19
19641008,4.19,4.19,4.19,4.19
19641009,4.19,4.19,4.19,4.19
19641013,4.19,4.19,4.19,4.19
19641014,4.19,4.19,4.19,4.19
19641015,4.20,4.20,4.20,4.20
19641016,4.21,4.21,4.21,4.21
19641019,4.21,4.21,4.21,4.21
19641020,4.20,4.20,4.20,4.20
19641021,4.19,4.19,4.19,4.19
19641022,4.19,4.19,4.19,4.19
19641023,4.19,4.19,4.19,4.19
19641026,4.19,4.19,4.19,4.19
19641027,4.18,4.18,4.18,4.18
19641028,4.17,4.17,4.17,4.17
19641029,4.16,4.16,4.16,4.16
19641030,4.16,4.16,4.16,4.16
19641102,4.15,4.15,4.15,4.15
19641104,4.15,4.15,4.15,4.15
19641105,4.15,4.15,4.15,4.15
19641106,4.15,4.15,4.15,4.15
19641109,4.15,4.15,4.15,4.15
19641110,4.14,4.14,4.14,4.14
19641112,4.12,4.12,4.12,4.12
19641113,4.13,4.13,4.13,4.13
19641116,4.13,4.13,4.13,4.13
19641117,4.14,4.14,4.14,4.14
19641118,4.14,4.14,4.14,4.14
19641119,4.13,4.13,4.13,4.13
19641120,4.13,4.13,4.13,4.13
19641123,4.18,4.18,4.18,4.18
19641124,4.18,4.18,4.18,4.18
19641125,4.19,4.19,4.19,4.19
19641127,4.19,4.19,4.19,4.19
19641130,4.20,4.20,4.20,4.20
19641201,4.20,4.20,4.20,4.20
19641202,4.19,4.19,4.19,4.19
19641203,4.18,4.18,4.18,4.18
19641204,4.18,4.18,4.18,4.18
19641207,4.17,4.17,4.17,4.17
19641208,4.16,4.16,4.16,4.16
19641209,4.16,4.16,4.16,4.16
19641210,4.15,4.15,4.15,4.15
19641211,4.15,4.15,4.15,4.15
19641214,4.16,4.16,4.16,4.16
19641215,4.17,4.17,4.17,4.17
19641216,4.18,4.18,4.18,4.18
19641217,4.18,4.18,4.18,4.18
19641218,4.19,4.19,4.19,4.19
19641221,4.18,4.18,4.18,4.18
19641222,4.18,4.18,4.18,4.18
19641223,4.19,4.19,4.19,4.19
19641224,4.19,4.19,4.19,4.19
19641228,4.19,4.19,4.19,4.19
19641229,4.19,4.19,4.19,4.19
19641230,4.20,4.20,4.20,4.20
19641231,4.21,4.21,4.21,4.21
19650104,4.20,4.20,4.20,4.20
19650105,4.20,4.20,4.20,4.20
19650106,4.20,4.20,4.20,4.20
19650107,4.20,4.20,4.20,4.20
19650108,4.20,4.20,4.20,4.20
19650111,4.20,4.20,4.20,4.20
19650112,4.19,4.19,4.19,4.19
19650113,4.19,4.19,4.19,4.19
19650114,4.19,4.19,4.19,4.19
19650115,4.19,4.19,4.19,4.19
19650118,4.19,4.19,4.19,4.19
19650119,4.18,4.18,4.18,4.18
19650120,4.18,4.18,4.18,4.18
19650121,4.17,4.17,4.17,4.17
19650122,4.17,4.17,4.17,4.17
19650125,4.18,4.18,4.18,4.18
19650126,4.19,4.19,4.19,4.19
19650127,4.19,4.19,4.19,4.19
19650128,4.19,4.19,4.19,4.19
19650129,4.19,4.19,4.19,4.19
19650201,4.20,4.20,4.20,4.20
19650202,4.20,4.20,4.20,4.20
19650203,4.20,4.20,4.20,4.20
19650204,4.21,4.21,4.21,4.21
19650205,4.22,4.22,4.22,4.22
19650208,4.21,4.21,4.21,4.21
19650209,4.21,4.21,4.21,4.21
19650210,4.21,4.21,4.21,4.21
19650211,4.21,4.21,4.21,4.21
19650215,4.22,4.22,4.22,4.22
19650216,4.21,4.21,4.21,4.21
19650217,4.21,4.21,4.21,4.21
19650218,4.21,4.21,4.21,4.21
19650219,4.22,4.22,4.22,4.22
19650223,4.21,4.21,4.21,4.21
19650224,4.22,4.22,4.22,4.22
19650225,4.21,4.21,4.21,4.21
19650226,4.22,4.22,4.22,4.22
19650301,4.22,4.22,4.22,4.22
19650302,4.24,4.24,4.24,4.24
19650303,4.23,4.23,4.23,4.23
19650304,4.22,4.22,4.22,4.22
19650305,4.23,4.23,4.23,4.23
19650308,4.23,4.23,4.23,4.23
19650309,4.23,4.23,4.23,4.23
19650310,4.23,4.23,4.23,4.23
19650311,4.22,4.22,4.22,4.22
19650312,4.22,4.22,4.22,4.22
19650315,4.21,4.21,4.21,4.21
19650316,4.21,4.21,4.21,4.21
19650317,4.20,4.20,4.20,4.20
19650318,4.20,4.20,4.20,4.20
19650319,4.20,4.20,4.20,4.20
19650322,4.19,4.19,4.19,4.19
19650323,4.19,4.19,4.19,4.19
19650324,4.18,4.18,4.18,4.18
19650325,4.19,4.19,4.19,4.19
19650326,4.20,4.20,4.20,4.20
19650329,4.20,4.20,4.20,4.20
19650330,4.20,4.20,4.20,4.20
19650331,4.20,4.20,4.20,4.20
19650401,4.20,4.20,4.20,4.20
19650402,4.20,4.20,4.20,4.20
19650405,4.20,4.20,4.20,4.20
19650406,4.20,4.20,4.20,4.20
19650407,4.20,4.20,4.20,4.20
19650408,4.19,4.19,4.19,4.19
19650409,4.20,4.20,4.20,4.20
19650412,4.20,4.20,4.20,4.20
19650413,4.20,4.20,4.20,4.20
19650414,4.19,4.19,4.19,4.19
19650415,4.20,4.20,4.20,4.20
19650419,4.21,4.21,4.21,4.21
19650420,4.21,4.21,4.21,4.21
19650421,4.21,4.21,4.21,4.21
19650422,4.21,4.21,4.21,4.21
19650423,4.21,4.21,4.21,4.21
19650426,4.21,4.21,4.21,4.21
19650427,4.21,4.21,4.21,4.21
19650428,4.21,4.21,4.21,4.21
19650429,4.21,4.21,4.21,4.21
19650430,4.21,4.21,4.21,4.21
19650503,4.21,4.21,4.21,4.21
19650504,4.20,4.20,4.20,4.20
19650505,4.20,4.20,4.20,4.20
19650506,4.20,4.20,4.20,4.20
19650507,4.20,4.20,4.20,4.20
19650510,4.20,4.20,4.20,4.20
19650511,4.20,4.20,4.20,4.20
19650512,4.20,4.20,4.20,4.20
19650513,4.21,4.21,4.21,4.21
19650514,4.21,4.21,4.21,4.21
19650517,4.21,4.21,4.21,4.21
19650518,4.22,4.22,4.22,4.22
19650519,4.22,4.22,4.22,4.22
19650520,4.22,4.22,4.22,4.22
19650521,4.22,4.22,4.22,4.22
19650524,4.22,4.22,4.22,4.22
19650525,4.22,4.22,4.22,4.22
19650526,4.22,4.22,4.22,4.22
19650527,4.22,4.22,4.22,4.22
19650528,4.23,4.23,4.23,4.23
19650601,4.23,4.23,4.23,4.23
19650602,4.23,4.23,4.23,4.23
19650603,4.23,4.23,4.23,4.23
19650604,4.23,4.23,4.23,4.23
19650607,4.23,4.23,4.23,4.23
19650608,4.23,4.23,4.23,4.23
19650609,4.23,4.23,4.23,4.23
19650610,4.23,4.23,4.23,4.23
19650611,4.23,4.23,4.23,4.23
19650614,4.21,4.21,4.21,4.21
19650615,4.21,4.21,4.21,4.21
19650616,4.21,4.21,4.21,4.21
19650617,4.21,4.21,4.21,4.21
19650618,4.21,4.21,4.21,4.21
19650621,4.20,4.20,4.20,4.20
19650622,4.20,4.20,4.20,4.20
19650623,4.20,4.20,4.20,4.20
19650624,4.19,4.19,4.19,4.19
19650625,4.19,4.19,4.19,4.19
19650628,4.19,4.19,4.19,4.19
19650629,4.20,4.20,4.20,4.20
19650630,4.20,4.20,4.20,4.20
19650701,4.20,4.20,4.20,4.20
19650702,4.21,4.21,4.21,4.21
19650706,4.21,4.21,4.21,4.21
19650707,4.21,4.21,4.21,4.21
19650708,4.20,4.20,4.20,4.20
19650709,4.21,4.21,4.21,4.21
19650712,4.21,4.21,4.21,4.21
19650713,4.21,4.21,4.21,4.21
19650714,4.21,4.21,4.21,4.21
19650715,4.20,4.20,4.20,4.20
19650716,4.20,4.20,4.20,4.20
19650719,4.20,4.20,4.20,4.20
19650720,4.20,4.20,4.20,4.20
19650721,4.20,4.20,4.20,4.20
19650722,4.20,4.20,4.20,4.20
19650723,4.20,4.20,4.20,4.20
19650726,4.20,4.20,4.20,4.20
19650727,4.20,4.20,4.20,4.20
19650728,4.20,4.20,4.20,4.20
19650729,4.21,4.21,4.21,4.21
19650730,4.22,4.22,4.22,4.22
19650802,4.22,4.22,4.22,4.22
19650803,4.22,4.22,4.22,4.22
19650804,4.23,4.23,4.23,4.23
19650805,4.23,4.23,4.23,4.23
19650806,4.24,4.24,4.24,4.24
19650809,4.24,4.24,4.24,4.24
19650810,4.24,4.24,4.24,4.24
19650811,4.25,4.25,4.25,4.25
19650812,4.25,4.25,4.25,4.25
19650813,4.25,4.25,4.25,4.25
19650816,4.26,4.26,4.26,4.26
19650817,4.27,4.27,4.27,4.27
19650818,4.26,4.26,4.26,4.26
19650819,4.26,4.26,4.26,4.26
19650820,4.26,4.26,4.26,4.26
19650823,4.26,4.26,4.26,4.26
19650824,4.27,4.27,4.27,4.27
19650825,4.26,4.26,4.26,4.26
19650826,4.27,4.27,4.27,4.27
19650827,4.27,4.27,4.27,4.27
19650830,4.27,4.27,4.27,4.27
19650831,4.27,4.27,4.27,4.27
19650901,4.28,4.28,4.28,4.28
19650902,4.28,4.28,4.28,4.28
19650903,4.27,4.27,4.27,4.27
19650907,4.27,4.27,4.27,4.27
19650908,4.27,4.27,4.27,4.27
19650909,4.27,4.27,4.27,4.27
19650910,4.28,4.28,4.28,4.28
19650913,4.28,4.28,4.28,4.28
19650914,4.28,4.28,4.28,4.28
19650915,4.28,4.28,4.28,4.28
19650916,4.27,4.27,4.27,4.27
19650917,4.27,4.27,4.27,4.27
19650920,4.27,4.27,4.27,4.27
19650921,4.28,4.28,4.28,4.28
19650922,4.29,4.29,4.29,4.29
19650923,4.30,4.30,4.30,4.30
19650924,4.31,4.31,4.31,4.31
19650927,4.31,4.31,4.31,4.31
19650928,4.33,4.33,4.33,4.33
19650929,4.36,4.36,4.36,4.36
19650930,4.35,4.35,4.35,4.35
19651001,4.36,4.36,4.36,4.36
19651004,4.35,4.35,4.35,4.35
19651005,4.33,4.33,4.33,4.33
19651006,4.32,4.32,4.32,4.32
19651007,4.31,4.31,4.31,4.31
19651008,4.32,4.32,4.32,4.32
19651011,4.31,4.31,4.31,4.31
19651013,4.30,4.30,4.30,4.30
19651014,4.31,4.31,4.31,4.31
19651015,4.34,4.34,4.34,4.34
19651018,4.34,4.34,4.34,4.34
19651019,4.35,4.35,4.35,4.35
19651020,4.36,4.36,4.36,4.36
19651021,4.37,4.37,4.37,4.37
19651022,4.36,4.36,4.36,4.36
19651025,4.38,4.38,4.38,4.38
19651026,4.38,4.38,4.38,4.38
19651027,4.39,4.39,4.39,4.39
19651028,4.40,4.40,4.40,4.40
19651029,4.41,4.41,4.41,4.41
19651101,4.43,4.43,4.43,4.43
19651103,4.43,4.43,4.43,4.43
19651104,4.43,4.43,4.43,4.43
19651105,4.43,4.43,4.43,4.43
19651108,4.45,4.45,4.45,4.45
19651109,4.47,4.47,4.47,4.47
19651110,4.46,4.46,4.46,4.46
19651112,4.44,4.44,4.44,4.44
19651115,4.45,4.45,4.45,4.45
19651116,4.44,4.44,4.44,4.44
19651117,4.45,4.45,4.45,4.45
19651118,4.45,4.45,4.45,4.45
19651119,4.46,4.46,4.46,4.46
19651122,4.45,4.45,4.45,4.45
19651123,4.45,4.45,4.45,4.45
19651124,4.45,4.45,4.45,4.45
19651126,4.45,4.45,4.45,4.45
19651129,4.46,4.46,4.46,4.46
19651130,4.48,4.48,4.48,4.48
19651201,4.52,4.52,4.52,4.52
19651202,4.52,4.52,4.52,4.52
19651203,4.52,4.52,4.52,4.52
19651206,4.61,4.61,4.61,4.61
19651207,4.59,4.59,4.59,4.59
19651208,4.60,4.60,4.60,4.60
19651209,4.60,4.60,4.60,4.60
19651210,4.60,4.60,4.60,4.60
19651213,4.65,4.65,4.65,4.65
19651214,4.67,4.67,4.67,4.67
19651215,4.67,4.67,4.67,4.67
19651216,4.66,4.66,4.66,4.66
19651217,4.65,4.65,4.65,4.65
19651220,4.61,4.61,4.61,4.61
19651221,4.64,4.64,4.64,4.64
19651222,4.65,4.65,4.65,4.65
19651223,4.65,4.65,4.65,4.65
19651227,4.62,4.62,4.62,4.62
19651228,4.61,4.61,4.61,4.61
19651229,4.62,4.62,4.62,4.62
19651230,4.63,4.63,4.63,4.63
19651231,4.65,4.65,4.65,4.65
19660103,4.63,4.63,4.63,4.63
19660104,4.65,4.65,4.65,4.65
19660105,4.63,4.63,4.63,4.63
19660106,4.60,4.60,4.60,4.60
19660107,4.60,4.60,4.60,4.60
19660110,4.61,4.61,4.61,4.61
19660111,4.60,4.60,4.60,4.60
19660112,4.56,4.56,4.56,4.56
19660113,4.58,4.58,4.58,4.58
19660114,4.59,4.59,4.59,4.59
19660117,4.61,4.61,4.61,4.61
19660118,4.61,4.61,4.61,4.61
19660119,4.61,4.61,4.61,4.61
19660120,4.60,4.60,4.60,4.60
19660121,4.59,4.59,4.59,4.59
19660124,4.60,4.60,4.60,4.60
19660125,4.61,4.61,4.61,4.61
19660126,4.61,4.61,4.61,4.61
19660127,4.63,4.63,4.63,4.63
19660128,4.65,4.65,4.65,4.65
19660131,4.69,4.69,4.69,4.69
19660201,4.69,4.69,4.69,4.69
19660202,4.70,4.70,4.70,4.70
19660203,4.70,4.70,4.70,4.70
19660204,4.71,4.71,4.71,4.71
19660207,4.73,4.73,4.73,4.73
19660208,4.72,4.72,4.72,4.72
19660209,4.74,4.74,4.74,4.74
19660210,4.78,4.78,4.78,4.78
19660211,4.86,4.86,4.86,4.86
19660214,4.87,4.87,4.87,4.87
19660215,4.88,4.88,4.88,4.88
19660216,4.89,4.89,4.89,4.89
19660217,4.88,4.88,4.88,4.88
19660218,4.90,4.90,4.90,4.90
19660221,4.92,4.92,4.92,4.92
19660223,4.92,4.92,4.92,4.92
19660224,4.93,4.93,4.93,4.93
19660225,4.97,4.97,4.97,4.97
19660228,5.02,5.02,5.02,5.02
19660301,5.01,5.01,5.01,5.01
19660302,5.00,5.00,5.00,5.00
19660303,5.00,5.00,5.00,5.00
19660304,4.98,4.98,4.98,4.98
19660307,4.96,4.96,4.96,4.96
19660308,4.93,4.93,4.93,4.93
19660309,4.93,4.93,4.93,4.93
19660310,4.95,4.95,4.95,4.95
19660311,4.96,4.96,4.96,4.96
19660314,4.94,4.94,4.94,4.94
19660315,4.91,4.91,4.91,4.91
19660316,4.90,4.90,4.90,4.90
19660317,4.86,4.86,4.86,4.86
19660318,4.84,4.84,4.84,4.84
19660321,4.81,4.81,4.81,4.81
19660322,4.78,4.78,4.78,4.78
19660323,4.73,4.73,4.73,4.73
19660324,4.76,4.76,4.76,4.76
19660325,4.82,4.82,4.82,4.82
19660328,4.81,4.81,4.81,4.81
19660329,4.80,4.80,4.80,4.80
19660330,4.70,4.70,4.70,4.70
19660331,4.71,4.71,4.71,4.71
19660401,4.70,4.70,4.70,4.70
19660404,4.69,4.69,4.69,4.69
19660405,4.66,4.66,4.66,4.66
19660406,4.71,4.71,4.71,4.71
19660407,4.73,4.73,4.73,4.73
19660411,4.73,4.73,4.73,4.73
19660412,4.73,4.73,4.73,4.73
19660413,4.74,4.74,4.74,4.74
19660414,4.76,4.76,4.76,4.76
19660415,4.77,4.77,4.77,4.77
19660418,4.76,4.76,4.76,4.76
19660419,4.76,4.76,4.76,4.76
19660420,4.80,4.80,4.80,4.80
19660421,4.77,4.77,4.77,4.77
19660422,4.77,4.77,4.77,4.77
19660425,4.78,4.78,4.78,4.78
19660426,4.79,4.79,4.79,4.79
19660427,4.78,4.78,4.78,4.78
19660428,4.78,4.78,4.78,4.78
19660429,4.79,4.79,4.79,4.79
19660502,4.80,4.80,4.80,4.80
19660503,4.81,4.81,4.81,4.81
19660504,4.81,4.81,4.81,4.81
19660505,4.81,4.81,4.81,4.81
19660506,4.79,4.79,4.79,4.79
19660509,4.75,4.75,4.75,4.75
19660510,4.75,4.75,4.75,4.75
19660511,4.77,4.77,4.77,4.77
19660512,4.77,4.77,4.77,4.77
19660513,4.77,4.77,4.77,4.77
19660516,4.77,4.77,4.77,4.77
19660517,4.75,4.75,4.75,4.75
19660518,4.75,4.75,4.75,4.75
19660519,4.75,4.75,4.75,4.75
19660520,4.75,4.75,4.75,4.75
19660523,4.77,4.77,4.77,4.77
19660524,4.79,4.79,4.79,4.79
19660525,4.78,4.78,4.78,4.78
19660526,4.80,4.80,4.80,4.80
19660527,4.81,4.81,4.81,4.81
19660531,4.80,4.80,4.80,4.80
19660601,4.79,4.79,4.79,4.79
19660602,4.77,4.77,4.77,4.77
19660603,4.78,4.78,4.78,4.78
19660606,4.79,4.79,4.79,4.79
19660607,4.81,4.81,4.81,4.81
19660608,4.83,4.83,4.83,4.83
19660609,4.83,4.83,4.83,4.83
19660610,4.83,4.83,4.83,4.83
19660613,4.83,4.83,4.83,4.83
19660614,4.83,4.83,4.83,4.83
19660615,4.79,4.79,4.79,4.79
19660616,4.81,4.81,4.81,4.81
19660617,4.80,4.80,4.80,4.80
19660620,4.76,4.76,4.76,4.76
19660621,4.75,4.75,4.75,4.75
19660622,4.76,4.76,4.76,4.76
19660623,4.77,4.77,4.77,4.77
19660624,4.80,4.80,4.80,4.80
19660627,4.83,4.83,4.83,4.83
19660628,4.89,4.89,4.89,4.89
19660629,4.90,4.90,4.90,4.90
19660630,4.97,4.97,4.97,4.97
19660701,4.99,4.99,4.99,4.99
19660705,4.96,4.96,4.96,4.96
19660706,4.95,4.95,4.95,4.95
19660707,4.95,4.95,4.95,4.95
19660708,4.97,4.97,4.97,4.97
19660711,5.03,5.03,5.03,5.03
19660712,5.05,5.05,5.05,5.05
19660713,5.07,5.07,5.07,5.07
19660714,5.10,5.10,5.10,5.10
19660715,5.09,5.09,5.09,5.09
19660718,5.04,5.04,5.04,5.04
19660719,5.03,5.03,5.03,5.03
19660720,5.02,5.02,5.02,5.02
19660721,5.04,5.04,5.04,5.04
19660722,5.02,5.02,5.02,5.02
19660725,4.99,4.99,4.99,4.99
19660726,4.99,4.99,4.99,4.99
19660727,4.99,4.99,4.99,4.99
19660728,5.03,5.03,5.03,5.03
19660729,5.05,5.05,5.05,5.05
19660801,5.05,5.05,5.05,5.05
19660802,5.04,5.04,5.04,5.04
19660803,5.06,5.06,5.06,5.06
19660804,5.07,5.07,5.07,5.07
19660805,5.07,5.07,5.07,5.07
19660808,5.08,5.08,5.08,5.08
19660809,5.10,5.10,5.10,5.10
19660810,5.10,5.10,5.10,5.10
19660811,5.11,5.11,5.11,5.11
19660812,5.11,5.11,5.11,5.11
19660815,5.15,5.15,5.15,5.15
19660816,5.18,5.18,5.18,5.18
19660817,5.24,5.24,5.24,5.24
19660818,5.29,5.29,5.29,5.29
19660819,5.31,5.31,5.31,5.31
19660822,5.29,5.29,5.29,5.29
19660823,5.33,5.33,5.33,5.33
19660824,5.36,5.36,5.36,5.36
19660825,5.39,5.39,5.39,5.39
19660826,5.48,5.48,5.48,5.48
19660829,5.51,5.51,5.51,5.51
19660830,5.48,5.48,5.48,5.48
19660831,5.36,5.36,5.36,5.36
19660901,5.30,5.30,5.30,5.30
19660902,5.23,5.23,5.23,5.23
19660906,5.19,5.19,5.19,5.19
19660907,5.20,5.20,5.20,5.20
19660908,5.18,5.18,5.18,5.18
19660909,5.17,5.17,5.17,5.17
19660912,5.18,5.18,5.18,5.18
19660913,5.16,5.16,5.16,5.16
19660914,5.21,5.21,5.21,5.21
19660915,5.25,5.25,5.25,5.25
19660916,5.24,5.24,5.24,5.24
19660919,5.32,5.32,5.32,5.32
19660920,5.27,5.27,5.27,5.27
19660921,5.21,5.21,5.21,5.21
19660922,5.15,5.15,5.15,5.15
19660923,5.17,5.17,5.17,5.17
19660926,5.17,5.17,5.17,5.17
19660927,5.13,5.13,5.13,5.13
19660928,5.09,5.09,5.09,5.09
19660929,4.99,4.99,4.99,4.99
19660930,5.02,5.02,5.02,5.02
19661003,5.08,5.08,5.08,5.08
19661004,5.06,5.06,5.06,5.06
19661005,5.05,5.05,5.05,5.05
19661006,5.03,5.03,5.03,5.03
19661007,5.02,5.02,5.02,5.02
19661010,5.05,5.05,5.05,5.05
19661011,5.05,5.05,5.05,5.05
19661013,5.07,5.07,5.07,5.07
19661014,5.06,5.06,5.06,5.06
19661017,5.04,5.04,5.04,5.04
19661018,4.99,4.99,4.99,4.99
19661019,5.00,5.00,5.00,5.00
19661020,5.02,5.02,5.02,5.02
19661021,4.94,4.94,4.94,4.94
19661024,4.94,4.94,4.94,4.94
19661025,4.94,4.94,4.94,4.94
19661026,4.96,4.96,4.96,4.96
19661027,4.99,4.99,4.99,4.99
19661028,4.97,4.97,4.97,4.97
19661031,4.97,4.97,4.97,4.97
19661101,4.99,4.99,4.99,4.99
19661102,5.04,5.04,5.04,5.04
19661103,5.06,5.06,5.06,5.06
19661104,5.11,5.11,5.11,5.11
19661107,5.11,5.11,5.11,5.11
19661109,5.12,5.12,5.12,5.12
19661110,5.17,5.17,5.17,5.17
19661114,5.19,5.19,5.19,5.19
19661115,5.21,5.21,5.21,5.21
19661116,5.22,5.22,5.22,5.22
19661117,5.23,5.23,5.23,5.23
19661118,5.22,5.22,5.22,5.22
19661121,5.17,5.17,5.17,5.17
19661122,5.20,5.20,5.20,5.20
19661123,5.22,5.22,5.22,5.22
19661125,5.23,5.23,5.23,5.23
19661128,5.19,5.19,5.19,5.19
19661129,5.15,5.15,5.15,5.15
19661130,5.12,5.12,5.12,5.12
19661201,5.09,5.09,5.09,5.09
19661202,5.03,5.03,5.03,5.03
19661205,5.06,5.06,5.06,5.06
19661206,5.07,5.07,5.07,5.07
19661207,5.07,5.07,5.07,5.07
19661208,5.10,5.10,5.10,5.10
19661209,5.05,5.05,5.05,5.05
19661212,4.93,4.93,4.93,4.93
19661213,4.86,4.86,4.86,4.86
19661214,4.83,4.83,4.83,4.83
19661215,4.76,4.76,4.76,4.76
19661216,4.78,4.78,4.78,4.78
19661219,4.72,4.72,4.72,4.72
19661220,4.69,4.69,4.69,4.69
19661221,4.66,4.66,4.66,4.66
19661222,4.68,4.68,4.68,4.68
19661223,4.67,4.67,4.67,4.67
19661227,4.71,4.71,4.71,4.71
19661228,4.64,4.64,4.64,4.64
19661229,4.66,4.66,4.66,4.66
19661230,4.64,4.64,4.64,4.64
19670103,4.69,4.69,4.69,4.69
19670104,4.65,4.65,4.65,4.65
19670105,4.63,4.63,4.63,4.63
19670106,4.64,4.64,4.64,4.64
19670109,4.71,4.71,4.71,4.71
19670110,4.69,4.69,4.69,4.69
19670111,4.54,4.54,4.54,4.54
19670112,4.55,4.55,4.55,4.55
19670113,4.51,4.51,4.51,4.51
19670116,4.49,4.49,4.49,4.49
19670117,4.51,4.51,4.51,4.51
19670118,4.53,4.53,4.53,4.53
19670119,4.58,4.58,4.58,4.58
19670120,4.60,4.60,4.60,4.60
19670123,4.60,4.60,4.60,4.60
19670124,4.65,4.65,4.65,4.65
19670125,4.62,4.62,4.62,4.62
19670126,4.50,4.50,4.50,4.50
19670127,4.47,4.47,4.47,4.47
19670130,4.48,4.48,4.48,4.48
19670131,4.52,4.52,4.52,4.52
19670201,4.52,4.52,4.52,4.52
19670202,4.51,4.51,4.51,4.51
19670203,4.52,4.52,4.52,4.52
19670206,4.53,4.53,4.53,4.53
19670207,4.54,4.54,4.54,4.54
19670208,4.54,4.54,4.54,4.54
19670209,4.53,4.53,4.53,4.53
19670210,4.59,4.59,4.59,4.59
19670214,4.64,4.64,4.64,4.64
19670215,4.69,4.69,4.69,4.69
19670216,4.67,4.67,4.67,4.67
19670217,4.68,4.68,4.68,4.68
19670220,4.70,4.70,4.70,4.70
19670221,4.71,4.71,4.71,4.71
19670223,4.74,4.74,4.74,4.74
19670224,4.73,4.73,4.73,4.73
19670227,4.72,4.72,4.72,4.72
19670228,4.72,4.72,4.72,4.72
19670301,4.66,4.66,4.66,4.66
19670302,4.63,4.63,4.63,4.63
19670303,4.62,4.62,4.62,4.62
19670306,4.61,4.61,4.61,4.61
19670307,4.60,4.60,4.60,4.60
19670308,4.61,4.61,4.61,4.61
19670309,4.57,4.57,4.57,4.57
19670310,4.58,4.58,4.58,4.58
19670313,4.56,4.56,4.56,4.56
19670314,4.53,4.53,4.53,4.53
19670315,4.49,4.49,4.49,4.49
19670316,4.45,4.45,4.45,4.45
19670317,4.47,4.47,4.47,4.47
19670320,4.45,4.45,4.45,4.45
19670321,4.51,4.51,4.51,4.51
19670322,4.52,4.52,4.52,4.52
19670323,4.50,4.50,4.50,4.50
19670327,4.52,4.52,4.52,4.52
19670328,4.52,4.52,4.52,4.52
19670329,4.52,4.52,4.52,4.52
19670330,4.50,4.50,4.50,4.50
19670331,4.50,4.50,4.50,4.50
19670403,4.50,4.50,4.50,4.50
19670404,4.49,4.49,4.49,4.49
19670405,4.50,4.50,4.50,4.50
19670406,4.49,4.49,4.49,4.49
19670407,4.48,4.48,4.48,4.48
19670410,4.50,4.50,4.50,4.50
19670411,4.51,4.51,4.51,4.51
19670412,4.51,4.51,4.51,4.51
19670413,4.54,4.54,4.54,4.54
19670414,4.56,4.56,4.56,4.56
19670417,4.61,4.61,4.61,4.61
19670418,4.63,4.63,4.63,4.63
19670419,4.63,4.63,4.63,4.63
19670420,4.63,4.63,4.63,4.63
19670421,4.66,4.66,4.66,4.66
19670424,4.68,4.68,4.68,4.68
19670425,4.71,4.71,4.71,4.71
19670426,4.73,4.73,4.73,4.73
19670427,4.73,4.73,4.73,4.73
19670428,4.78,4.78,4.78,4.78
19670501,4.77,4.77,4.77,4.77
19670502,4.75,4.75,4.75,4.75
19670503,4.75,4.75,4.75,4.75
19670504,4.76,4.76,4.76,4.76
19670505,4.77,4.77,4.77,4.77
19670508,4.83,4.83,4.83,4.83
19670509,4.87,4.87,4.87,4.87
19670510,4.87,4.87,4.87,4.87
19670511,4.84,4.84,4.84,4.84
19670512,4.82,4.82,4.82,4.82
19670515,4.86,4.86,4.86,4.86
19670516,4.87,4.87,4.87,4.87
19670517,4.88,4.88,4.88,4.88
19670518,4.88,4.88,4.88,4.88
19670519,4.89,4.89,4.89,4.89
19670522,4.94,4.94,4.94,4.94
19670523,4.94,4.94,4.94,4.94
19670524,4.93,4.93,4.93,4.93
19670525,4.92,4.92,4.92,4.92
19670526,4.86,4.86,4.86,4.86
19670529,4.84,4.84,4.84,4.84
19670531,4.81,4.81,4.81,4.81
19670601,4.81,4.81,4.81,4.81
19670602,4.82,4.82,4.82,4.82
19670605,4.85,4.85,4.85,4.85
19670606,4.84,4.84,4.84,4.84
19670607,4.84,4.84,4.84,4.84
19670608,4.86,4.86,4.86,4.86
19670609,4.89,4.89,4.89,4.89
19670612,4.94,4.94,4.94,4.94
19670613,4.95,4.95,4.95,4.95
19670614,5.02,5.02,5.02,5.02
19670615,5.02,5.02,5.02,5.02
19670616,5.07,5.07,5.07,5.07
19670619,5.07,5.07,5.07,5.07
19670620,5.14,5.14,5.14,5.14
19670621,5.14,5.14,5.14,5.14
19670622,5.13,5.13,5.13,5.13
19670623,5.14,5.14,5.14,5.14
19670626,5.16,5.16,5.16,5.16
19670627,5.21,5.21,5.21,5.21
19670628,5.18,5.18,5.18,5.18
19670629,5.20,5.20,5.20,5.20
19670630,5.22,5.22,5.22,5.22
19670703,5.22,5.22,5.22,5.22
19670705,5.17,5.17,5.17,5.17
19670706,5.11,5.11,5.11,5.11
19670707,5.15,5.15,5.15,5.15
19670710,5.16,5.16,5.16,5.16
19670711,5.09,5.09,5.09,5.09
19670712,5.06,5.06,5.06,5.06
19670713,5.08,5.08,5.08,5.08
19670714,5.08,5.08,5.08,5.08
19670717,5.09,5.09,5.09,5.09
19670718,5.16,5.16,5.16,5.16
19670719,5.18,5.18,5.18,5.18
19670720,5.20,5.20,5.20,5.20
19670721,5.20,5.20,5.20,5.20
19670724,5.23,5.23,5.23,5.23
19670725,5.23,5.23,5.23,5.23
19670726,5.23,5.23,5.23,5.23
19670727,5.20,5.20,5.20,5.20
19670728,5.18,5.18,5.18,5.18
19670731,5.16,5.16,5.16,5.16
19670801,5.18,5.18,5.18,5.18
19670802,5.21,5.21,5.21,5.21
19670803,5.20,5.20,5.20,5.20
19670804,5.26,5.26,5.26,5.26
19670807,5.30,5.30,5.30,5.30
19670808,5.28,5.28,5.28,5.28
19670809,5.27,5.27,5.27,5.27
19670810,5.28,5.28,5.28,5.28
19670811,5.29,5.29,5.29,5.29
19670814,5.29,5.29,5.29,5.29
19670815,5.29,5.29,5.29,5.29
19670816,5.28,5.28,5.28,5.28
19670817,5.28,5.28,5.28,5.28
19670818,5.28,5.28,5.28,5.28
19670821,5.30,5.30,5.30,5.30
19670822,5.30,5.30,5.30,5.30
19670823,5.31,5.31,5.31,5.31
19670824,5.31,5.31,5.31,5.31
19670825,5.32,5.32,5.32,5.32
19670828,5.29,5.29,5.29,5.29
19670829,5.27,5.27,5.27,5.27
19670830,5.28,5.28,5.28,5.28
19670831,5.27,5.27,5.27,5.27
19670901,5.25,5.25,5.25,5.25
19670905,5.22,5.22,5.22,5.22
19670906,5.20,5.20,5.20,5.20
19670907,5.20,5.20,5.20,5.20
19670908,5.26,5.26,5.26,5.26
19670911,5.28,5.28,5.28,5.28
19670912,5.29,5.29,5.29,5.29
19670913,5.27,5.27,5.27,5.27
19670914,5.28,5.28,5.28,5.28
19670915,5.29,5.29,5.29,5.29
19670918,5.30,5.30,5.30,5.30
19670919,5.35,5.35,5.35,5.35
19670920,5.34,5.34,5.34,5.34
19670921,5.36,5.36,5.36,5.36
19670922,5.36,5.36,5.36,5.36
19670925,5.38,5.38,5.38,5.38
19670926,5.37,5.37,5.37,5.37
19670927,5.37,5.37,5.37,5.37
19670928,5.36,5.36,5.36,5.36
19670929,5.31,5.31,5.31,5.31
19671002,5.35,5.35,5.35,5.35
19671003,5.35,5.35,5.35,5.35
19671004,5.37,5.37,5.37,5.37
19671005,5.37,5.37,5.37,5.37
19671006,5.37,5.37,5.37,5.37
19671009,5.39,5.39,5.39,5.39
19671010,5.42,5.42,5.42,5.42
19671011,5.42,5.42,5.42,5.42
19671013,5.45,5.45,5.45,5.45
19671016,5.47,5.47,5.47,5.47
19671017,5.49,5.49,5.49,5.49
19671018,5.52,5.52,5.52,5.52
19671019,5.53,5.53,5.53,5.53
19671020,5.52,5.52,5.52,5.52
19671023,5.56,5.56,5.56,5.56
19671024,5.56,5.56,5.56,5.56
19671025,5.57,5.57,5.57,5.57
19671026,5.58,5.58,5.58,5.58
19671027,5.57,5.57,5.57,5.57
19671030,5.60,5.60,5.60,5.60
19671031,5.64,5.64,5.64,5.64
19671101,5.70,5.70,5.70,5.70
19671102,5.71,5.71,5.71,5.71
19671103,5.75,5.75,5.75,5.75
19671106,5.77,5.77,5.77,5.77
19671108,5.74,5.74,5.74,5.74
19671109,5.78,5.78,5.78,5.78
19671110,5.83,5.83,5.83,5.83
19671113,5.87,5.87,5.87,5.87
19671114,5.81,5.81,5.81,5.81
19671115,5.78,5.78,5.78,5.78
19671116,5.72,5.72,5.72,5.72
19671117,5.75,5.75,5.75,5.75
19671120,5.85,5.85,5.85,5.85
19671121,5.71,5.71,5.71,5.71
19671122,5.70,5.70,5.70,5.70
19671124,5.78,5.78,5.78,5.78
19671127,5.76,5.76,5.76,5.76
19671128,5.65,5.65,5.65,5.65
19671129,5.67,5.67,5.67,5.67
19671130,5.74,5.74,5.74,5.74
19671201,5.78,5.78,5.78,5.78
19671204,5.76,5.76,5.76,5.76
19671205,5.74,5.74,5.74,5.74
19671206,5.69,5.69,5.69,5.69
19671207,5.71,5.71,5.71,5.71
19671208,5.72,5.72,5.72,5.72
19671211,5.74,5.74,5.74,5.74
19671212,5.75,5.75,5.75,5.75
19671213,5.71,5.71,5.71,5.71
19671214,5.70,5.70,5.70,5.70
19671215,5.71,5.71,5.71,5.71
19671218,5.68,5.68,5.68,5.68
19671219,5.66,5.66,5.66,5.66
19671220,5.62,5.62,5.62,5.62
19671221,5.64,5.64,5.64,5.64
19671222,5.69,5.69,5.69,5.69
19671226,5.64,5.64,5.64,5.64
19671227,5.64,5.64,5.64,5.64
19671228,5.70,5.70,5.70,5.70
19671229,5.70,5.70,5.70,5.70
19680102,5.63,5.63,5.63,5.63
19680103,5.63,5.63,5.63,5.63
19680104,5.51,5.51,5.51,5.51
19680105,5.48,5.48,5.48,5.48
19680108,5.50,5.50,5.50,5.50
19680109,5.52,5.52,5.52,5.52
19680110,5.46,5.46,5.46,5.46
19680111,5.46,5.46,5.46,5.46
19680112,5.43,5.43,5.43,5.43
19680115,5.49,5.49,5.49,5.49
19680116,5.52,5.52,5.52,5.52
19680117,5.48,5.48,5.48,5.48
19680118,5.55,5.55,5.55,5.55
19680119,5.59,5.59,5.59,5.59
19680122,5.61,5.61,5.61,5.61
19680123,5.56,5.56,5.56,5.56
19680124,5.56,5.56,5.56,5.56
19680125,5.52,5.52,5.52,5.52
19680126,5.53,5.53,5.53,5.53
19680129,5.53,5.53,5.53,5.53
19680130,5.53,5.53,5.53,5.53
19680131,5.54,5.54,5.54,5.54
19680201,5.58,5.58,5.58,5.58
19680202,5.58,5.58,5.58,5.58
19680205,5.60,5.60,5.60,5.60
19680206,5.61,5.61,5.61,5.61
19680207,5.59,5.59,5.59,5.59
19680208,5.60,5.60,5.60,5.60
19680209,5.59,5.59,5.59,5.59
19680213,5.55,5.55,5.55,5.55
19680214,5.54,5.54,5.54,5.54
19680215,5.51,5.51,5.51,5.51
19680216,5.50,5.50,5.50,5.50
19680219,5.53,5.53,5.53,5.53
19680220,5.54,5.54,5.54,5.54
19680221,5.54,5.54,5.54,5.54
19680223,5.56,5.56,5.56,5.56
19680226,5.58,5.58,5.58,5.58
19680227,5.58,5.58,5.58,5.58
19680228,5.57,5.57,5.57,5.57
19680229,5.56,5.56,5.56,5.56
19680301,5.56,5.56,5.56,5.56
19680304,5.57,5.57,5.57,5.57
19680305,5.59,5.59,5.59,5.59
19680306,5.61,5.61,5.61,5.61
19680307,5.67,5.67,5.67,5.67
19680308,5.75,5.75,5.75,5.75
19680311,5.75,5.75,5.75,5.75
19680312,5.79,5.79,5.79,5.79
19680313,5.86,5.86,5.86,5.86
19680314,5.95,5.95,5.95,5.95
19680315,5.84,5.84,5.84,5.84
19680318,5.76,5.76,5.76,5.76
19680319,5.77,5.77,5.77,5.77
19680320,5.73,5.73,5.73,5.73
19680321,5.76,5.76,5.76,5.76
19680322,5.74,5.74,5.74,5.74
19680325,5.74,5.74,5.74,5.74
19680326,5.78,5.78,5.78,5.78
19680327,5.78,5.78,5.78,5.78
19680328,5.78,5.78,5.78,5.78
19680329,5.76,5.76,5.76,5.76
19680401,5.64,5.64,5.64,5.64
19680402,5.62,5.62,5.62,5.62
19680403,5.49,5.49,5.49,5.49
19680404,5.52,5.52,5.52,5.52
19680405,5.52,5.52,5.52,5.52
19680408,5.54,5.54,5.54,5.54
19680410,5.53,5.53,5.53,5.53
19680411,5.54,5.54,5.54,5.54
19680415,5.60,5.60,5.60,5.60
19680416,5.62,5.62,5.62,5.62
19680417,5.62,5.62,5.62,5.62
19680418,5.64,5.64,5.64,5.64
19680419,5.76,5.76,5.76,5.76
19680422,5.78,5.78,5.78,5.78
19680423,5.73,5.73,5.73,5.73
19680424,5.72,5.72,5.72,5.72
19680425,5.72,5.72,5.72,5.72
19680426,5.71,5.71,5.71,5.71
19680429,5.73,5.73,5.73,5.73
19680430,5.74,5.74,5.74,5.74
19680501,5.73,5.73,5.73,5.73
19680502,5.76,5.76,5.76,5.76
19680503,5.80,5.80,5.80,5.80
19680506,5.78,5.78,5.78,5.78
19680507,5.79,5.79,5.79,5.79
19680508,5.80,5.80,5.80,5.80
19680509,5.79,5.79,5.79,5.79
19680510,5.79,5.79,5.79,5.79
19680513,5.79,5.79,5.79,5.79
19680514,5.82,5.82,5.82,5.82
19680515,5.85,5.85,5.85,5.85
19680516,5.90,5.90,5.90,5.90
19680517,5.92,5.92,5.92,5.92
19680520,5.96,5.96,5.96,5.96
19680521,6.02,6.02,6.02,6.02
19680522,6.02,6.02,6.02,6.02
19680523,5.98,5.98,5.98,5.98
19680524,5.96,5.96,5.96,5.96
19680527,5.92,5.92,5.92,5.92
19680528,5.94,5.94,5.94,5.94
19680529,5.95,5.95,5.95,5.95
19680531,5.86,5.86,5.86,5.86
19680603,5.79,5.79,5.79,5.79
19680604,5.78,5.78,5.78,5.78
19680605,5.81,5.81,5.81,5.81
19680606,5.83,5.83,5.83,5.83
19680607,5.82,5.82,5.82,5.82
19680610,5.80,5.80,5.80,5.80
19680611,5.79,5.79,5.79,5.79
19680612,5.77,5.77,5.77,5.77
19680613,5.76,5.76,5.76,5.76
19680614,5.72,5.72,5.72,5.72
19680617,5.71,5.71,5.71,5.71
19680618,5.71,5.71,5.71,5.71
19680619,5.67,5.67,5.67,5.67
19680620,5.62,5.62,5.62,5.62
19680621,5.60,5.60,5.60,5.60
19680624,5.61,5.61,5.61,5.61
19680625,5.64,5.64,5.64,5.64
19680626,5.64,5.64,5.64,5.64
19680627,5.65,5.65,5.65,5.65
19680628,5.64,5.64,5.64,5.64
19680701,5.62,5.62,5.62,5.62
19680702,5.58,5.58,5.58,5.58
19680703,5.57,5.57,5.57,5.57
19680705,5.56,5.56,5.56,5.56
19680708,5.53,5.53,5.53,5.53
19680709,5.51,5.51,5.51,5.51
19680710,5.52,5.52,5.52,5.52
19680711,5.52,5.52,5.52,5.52
19680712,5.53,5.53,5.53,5.53
19680715,5.56,5.56,5.56,5.56
19680716,5.57,5.57,5.57,5.57
19680717,5.55,5.55,5.55,5.55
19680718,5.56,5.56,5.56,5.56
19680719,5.53,5.53,5.53,5.53
19680722,5.45,5.45,5.45,5.45
19680723,5.38,5.38,5.38,5.38
19680724,5.39,5.39,5.39,5.39
19680725,5.37,5.37,5.37,5.37
19680726,5.39,5.39,5.39,5.39
19680729,5.41,5.41,5.41,5.41
19680730,5.41,5.41,5.41,5.41
19680731,5.39,5.39,5.39,5.39
19680801,5.38,5.38,5.38,5.38
19680802,5.34,5.34,5.34,5.34
19680805,5.37,5.37,5.37,5.37
19680806,5.38,5.38,5.38,5.38
19680807,5.36,5.36,5.36,5.36
19680808,5.37,5.37,5.37,5.37
19680809,5.39,5.39,5.39,5.39
19680812,5.42,5.42,5.42,5.42
19680813,5.43,5.43,5.43,5.43
19680814,5.43,5.43,5.43,5.43
19680815,5.45,5.45,5.45,5.45
19680816,5.42,5.42,5.42,5.42
19680819,5.43,5.43,5.43,5.43
19680820,5.43,5.43,5.43,5.43
19680821,5.46,5.46,5.46,5.46
19680822,5.50,5.50,5.50,5.50
19680823,5.47,5.47,5.47,5.47
19680826,5.46,5.46,5.46,5.46
19680827,5.46,5.46,5.46,5.46
19680828,5.45,5.45,5.45,5.45
19680829,5.43,5.43,5.43,5.43
19680830,5.42,5.42,5.42,5.42
19680903,5.41,5.41,5.41,5.41
19680904,5.43,5.43,5.43,5.43
19680905,5.46,5.46,5.46,5.46
19680906,5.48,5.48,5.48,5.48
19680909,5.49,5.49,5.49,5.49
19680910,5.51,5.51,5.51,5.51
19680911,5.50,5.50,5.50,5.50
19680912,5.49,5.49,5.49,5.49
19680913,5.48,5.48,5.48,5.48
19680916,5.46,5.46,5.46,5.46
19680917,5.46,5.46,5.46,5.46
19680918,5.42,5.42,5.42,5.42
19680919,5.43,5.43,5.43,5.43
19680920,5.45,5.45,5.45,5.45
19680923,5.45,5.45,5.45,5.45
19680924,5.44,5.44,5.44,5.44
19680925,5.44,5.44,5.44,5.44
19680926,5.45,5.45,5.45,5.45
19680927,5.46,5.46,5.46,5.46
19680930,5.49,5.49,5.49,5.49
19681001,5.49,5.49,5.49,5.49
19681002,5.49,5.49,5.49,5.49
19681003,5.50,5.50,5.50,5.50
19681004,5.52,5.52,5.52,5.52
19681007,5.55,5.55,5.55,5.55
19681008,5.57,5.57,5.57,5.57
19681009,5.60,5.60,5.60,5.60
19681010,5.61,5.61,5.61,5.61
19681011,5.61,5.61,5.61,5.61
19681014,5.62,5.62,5.62,5.62
19681015,5.65,5.65,5.65,5.65
19681016,5.62,5.62,5.62,5.62
19681017,5.58,5.58,5.58,5.58
19681018,5.57,5.57,5.57,5.57
19681021,5.58,5.58,5.58,5.58
19681022,5.58,5.58,5.58,5.58
19681023,5.58,5.58,5.58,5.58
19681024,5.61,5.61,5.61,5.61
19681025,5.60,5.60,5.60,5.60
19681028,5.61,5.61,5.61,5.61
19681029,5.62,5.62,5.62,5.62
19681030,5.63,5.63,5.63,5.63
19681031,5.61,5.61,5.61,5.61
19681101,5.61,5.61,5.61,5.61
19681104,5.63,5.63,5.63,5.63
19681106,5.62,5.62,5.62,5.62
19681107,5.63,5.63,5.63,5.63
19681108,5.65,5.65,5.65,5.65
19681112,5.68,5.68,5.68,5.68
19681113,5.66,5.66,5.66,5.66
19681114,5.66,5.66,5.66,5.66
19681115,5.68,5.68,5.68,5.68
19681118,5.71,5.71,5.71,5.71
19681119,5.74,5.74,5.74,5.74
19681120,5.74,5.74,5.74,5.74
19681121,5.73,5.73,5.73,5.73
19681122,5.74,5.74,5.74,5.74
19681125,5.75,5.75,5.75,5.75
19681126,5.76,5.76,5.76,5.76
19681127,5.76,5.76,5.76,5.76
19681129,5.78,5.78,5.78,5.78
19681202,5.89,5.89,5.89,5.89
19681203,5.96,5.96,5.96,5.96
19681204,5.95,5.95,5.95,5.95
19681205,5.93,5.93,5.93,5.93
19681206,5.91,5.91,5.91,5.91
19681209,5.92,5.92,5.92,5.92
19681210,5.93,5.93,5.93,5.93
19681211,5.93,5.93,5.93,5.93
19681212,5.94,5.94,5.94,5.94
19681213,5.93,5.93,5.93,5.93
19681216,5.96,5.96,5.96,5.96
19681217,5.97,5.97,5.97,5.97
19681218,6.00,6.00,6.00,6.00
19681219,6.07,6.07,6.07,6.07
19681220,6.14,6.14,6.14,6.14
19681223,6.23,6.23,6.23,6.23
19681224,6.27,6.27,6.27,6.27
19681226,6.17,6.17,6.17,6.17
19681227,6.20,6.20,6.20,6.20
19681230,6.21,6.21,6.21,6.21
19681231,6.16,6.16,6.16,6.16
19690102,6.04,6.04,6.04,6.04
19690103,6.01,6.01,6.01,6.01
19690106,6.04,6.04,6.04,6.04
19690107,6.14,6.14,6.14,6.14
19690108,6.09,6.09,6.09,6.09
19690109,6.04,6.04,6.04,6.04
19690110,6.03,6.03,6.03,6.03
19690113,6.04,6.04,6.04,6.04
19690114,6.04,6.04,6.04,6.04
19690115,6.02,6.02,6.02,6.02
19690116,5.98,5.98,5.98,5.98
19690117,5.97,5.97,5.97,5.97
19690120,5.95,5.95,5.95,5.95
19690121,5.97,5.97,5.97,5.97
19690122,6.03,6.03,6.03,6.03
19690123,6.02,6.02,6.02,6.02
19690124,6.01,6.01,6.01,6.01
19690127,6.03,6.03,6.03,6.03
19690128,6.05,6.05,6.05,6.05
19690129,6.09,6.09,6.09,6.09
19690130,6.14,6.14,6.14,6.14
19690131,6.19,6.19,6.19,6.19
19690203,6.22,6.22,6.22,6.22
19690204,6.20,6.20,6.20,6.20
19690205,6.19,6.19,6.19,6.19
19690206,6.20,6.20,6.20,6.20
19690207,6.14,6.14,6.14,6.14
19690211,6.14,6.14,6.14,6.14
19690212,6.10,6.10,6.10,6.10
19690213,6.09,6.09,6.09,6.09
19690214,6.11,6.11,6.11,6.11
19690217,6.14,6.14,6.14,6.14
19690218,6.16,6.16,6.16,6.16
19690219,6.20,6.20,6.20,6.20
19690220,6.23,6.23,6.23,6.23
19690221,6.24,6.24,6.24,6.24
19690224,6.22,6.22,6.22,6.22
19690225,6.24,6.24,6.24,6.24
19690226,6.24,6.24,6.24,6.24
19690227,6.27,6.27,6.27,6.27
19690228,6.26,6.26,6.26,6.26
19690303,6.25,6.25,6.25,6.25
19690304,6.24,6.24,6.24,6.24
19690305,6.24,6.24,6.24,6.24
19690306,6.26,6.26,6.26,6.26
19690307,6.27,6.27,6.27,6.27
19690310,6.27,6.27,6.27,6.27
19690311,6.30,6.30,6.30,6.30
19690312,6.31,6.31,6.31,6.31
19690313,6.32,6.32,6.32,6.32
19690314,6.31,6.31,6.31,6.31
19690317,6.35,6.35,6.35,6.35
19690318,6.35,6.35,6.35,6.35
19690319,6.32,6.32,6.32,6.32
19690320,6.31,6.31,6.31,6.31
19690321,6.29,6.29,6.29,6.29
19690324,6.28,6.28,6.28,6.28
19690325,6.30,6.30,6.30,6.30
19690326,6.32,6.32,6.32,6.32
19690327,6.33,6.33,6.33,6.33
19690328,6.30,6.30,6.30,6.30
19690401,6.25,6.25,6.25,6.25
19690402,6.25,6.25,6.25,6.25
19690403,6.26,6.26,6.26,6.26
19690407,6.28,6.28,6.28,6.28
19690408,6.25,6.25,6.25,6.25
19690409,6.19,6.19,6.19,6.19
19690410,6.18,6.18,6.18,6.18
19690411,6.15,6.15,6.15,6.15
19690414,6.06,6.06,6.06,6.06
19690415,6.11,6.11,6.11,6.11
19690416,6.10,6.10,6.10,6.10
19690417,6.13,6.13,6.13,6.13
19690418,6.16,6.16,6.16,6.16
19690421,6.14,6.14,6.14,6.14
19690422,6.12,6.12,6.12,6.12
19690423,6.12,6.12,6.12,6.12
19690424,6.14,6.14,6.14,6.14
19690425,6.15,6.15,6.15,6.15
19690428,6.19,6.19,6.19,6.19
19690429,6.21,6.21,6.21,6.21
19690430,6.20,6.20,6.20,6.20
19690501,6.25,6.25,6.25,6.25
19690502,6.23,6.23,6.23,6.23
19690505,6.19,6.19,6.19,6.19
19690506,6.22,6.22,6.22,6.22
19690507,6.22,6.22,6.22,6.22
19690508,6.20,6.20,6.20,6.20
19690509,6.23,6.23,6.23,6.23
19690512,6.27,6.27,6.27,6.27
19690513,6.25,6.25,6.25,6.25
19690514,6.24,6.24,6.24,6.24
19690515,6.26,6.26,6.26,6.26
19690516,6.31,6.31,6.31,6.31
19690519,6.36,6.36,6.36,6.36
19690520,6.36,6.36,6.36,6.36
19690521,6.36,6.36,6.36,6.36
19690522,6.36,6.36,6.36,6.36
19690523,6.38,6.38,6.38,6.38
19690526,6.44,6.44,6.44,6.44
19690527,6.54,6.54,6.54,6.54
19690528,6.56,6.56,6.56,6.56
19690529,6.56,6.56,6.56,6.56
19690602,6.56,6.56,6.56,6.56
19690603,6.55,6.55,6.55,6.55
19690604,6.56,6.56,6.56,6.56
19690605,6.54,6.54,6.54,6.54
19690606,6.52,6.52,6.52,6.52
19690609,6.59,6.59,6.59,6.59
19690610,6.56,6.56,6.56,6.56
19690611,6.56,6.56,6.56,6.56
19690612,6.54,6.54,6.54,6.54
19690613,6.51,6.51,6.51,6.51
19690616,6.49,6.49,6.49,6.49
19690617,6.52,6.52,6.52,6.52
19690618,6.53,6.53,6.53,6.53
19690619,6.57,6.57,6.57,6.57
19690620,6.59,6.59,6.59,6.59
19690623,6.60,6.60,6.60,6.60
19690624,6.63,6.63,6.63,6.63
19690625,6.63,6.63,6.63,6.63
19690626,6.62,6.62,6.62,6.62
19690627,6.66,6.66,6.66,6.66
19690630,6.73,6.73,6.73,6.73
19690701,6.75,6.75,6.75,6.75
19690702,6.77,6.77,6.77,6.77
19690703,6.75,6.75,6.75,6.75
19690707,6.76,6.76,6.76,6.76
19690708,6.79,6.79,6.79,6.79
19690709,6.82,6.82,6.82,6.82
19690710,6.78,6.78,6.78,6.78
19690711,6.64,6.64,6.64,6.64
19690714,6.69,6.69,6.69,6.69
19690715,6.72,6.72,6.72,6.72
19690716,6.67,6.67,6.67,6.67
19690717,6.69,6.69,6.69,6.69
19690718,6.70,6.70,6.70,6.70
19690722,6.66,6.66,6.66,6.66
19690723,6.68,6.68,6.68,6.68
19690724,6.70,6.70,6.70,6.70
19690725,6.71,6.71,6.71,6.71
19690728,6.73,6.73,6.73,6.73
19690729,6.72,6.72,6.72,6.72
19690730,6.72,6.72,6.72,6.72
19690731,6.66,6.66,6.66,6.66
19690801,6.66,6.66,6.66,6.66
19690804,6.63,6.63,6.63,6.63
19690805,6.60,6.60,6.60,6.60
19690806,6.62,6.62,6.62,6.62
19690807,6.63,6.63,6.63,6.63
19690808,6.64,6.64,6.64,6.64
19690811,6.69,6.69,6.69,6.69
19690812,6.70,6.70,6.70,6.70
19690813,6.70,6.70,6.70,6.70
19690814,6.68,6.68,6.68,6.68
19690815,6.68,6.68,6.68,6.68
19690818,6.66,6.66,6.66,6.66
19690819,6.65,6.65,6.65,6.65
19690820,6.66,6.66,6.66,6.66
19690821,6.68,6.68,6.68,6.68
19690822,6.71,6.71,6.71,6.71
19690825,6.72,6.72,6.72,6.72
19690826,6.76,6.76,6.76,6.76
19690827,6.79,6.79,6.79,6.79
19690828,6.83,6.83,6.83,6.83
19690829,6.83,6.83,6.83,6.83
19690902,6.87,6.87,6.87,6.87
19690903,6.94,6.94,6.94,6.94
19690904,6.96,6.96,6.96,6.96
19690905,6.99,6.99,6.99,6.99
19690908,7.03,7.03,7.03,7.03
19690909,7.04,7.04,7.04,7.04
19690910,7.02,7.02,7.02,7.02
19690911,7.05,7.05,7.05,7.05
19690912,7.08,7.08,7.08,7.08
19690915,7.09,7.09,7.09,7.09
19690916,7.14,7.14,7.14,7.14
19690917,7.14,7.14,7.14,7.14
19690918,7.27,7.27,7.27,7.27
19690919,7.28,7.28,7.28,7.28
19690922,7.26,7.26,7.26,7.26
19690923,7.26,7.26,7.26,7.26
19690924,7.27,7.27,7.27,7.27
19690925,7.30,7.30,7.30,7.30
19690926,7.40,7.40,7.40,7.40
19690929,7.45,7.45,7.45,7.45
19690930,7.51,7.51,7.51,7.51
19691001,7.52,7.52,7.52,7.52
19691002,7.45,7.45,7.45,7.45
19691003,7.38,7.38,7.38,7.38
19691006,7.35,7.35,7.35,7.35
19691007,7.31,7.31,7.31,7.31
19691008,7.29,7.29,7.29,7.29
19691009,7.30,7.30,7.30,7.30
19691010,7.22,7.22,7.22,7.22
19691014,7.10,7.10,7.10,7.10
19691015,7.12,7.12,7.12,7.12
19691016,7.04,7.04,7.04,7.04
19691017,6.99,6.99,6.99,6.99
19691020,6.83,6.83,6.83,6.83
19691021,6.77,6.77,6.77,6.77
19691022,6.80,6.80,6.80,6.80
19691023,6.90,6.90,6.90,6.90
19691024,6.90,6.90,6.90,6.90
19691027,6.93,6.93,6.93,6.93
19691028,7.00,7.00,7.00,7.00
19691029,7.00,7.00,7.00,7.00
19691030,6.96,6.96,6.96,6.96
19691031,6.94,6.94,6.94,6.94
19691103,6.90,6.90,6.90,6.90
19691105,6.97,6.97,6.97,6.97
19691106,7.01,7.01,7.01,7.01
19691107,6.99,6.99,6.99,6.99
19691110,6.99,6.99,6.99,6.99
19691112,7.06,7.06,7.06,7.06
19691113,7.12,7.12,7.12,7.12
19691114,7.08,7.08,7.08,7.08
19691117,7.13,7.13,7.13,7.13
19691118,7.22,7.22,7.22,7.22
19691119,7.25,7.25,7.25,7.25
19691120,7.31,7.31,7.31,7.31
19691121,7.28,7.28,7.28,7.28
19691124,7.27,7.27,7.27,7.27
19691125,7.28,7.28,7.28,7.28
19691126,7.30,7.30,7.30,7.30
19691128,7.29,7.29,7.29,7.29
19691201,7.29,7.29,7.29,7.29
19691202,7.35,7.35,7.35,7.35
19691203,7.39,7.39,7.39,7.39
19691204,7.35,7.35,7.35,7.35
19691205,7.35,7.35,7.35,7.35
19691208,7.40,7.40,7.40,7.40
19691209,7.50,7.50,7.50,7.50
19691210,7.59,7.59,7.59,7.59
19691211,7.62,7.62,7.62,7.62
19691212,7.60,7.60,7.60,7.60
19691215,7.63,7.63,7.63,7.63
19691216,7.72,7.72,7.72,7.72
19691217,7.76,7.76,7.76,7.76
19691218,7.81,7.81,7.81,7.81
19691219,7.79,7.79,7.79,7.79
19691222,7.76,7.76,7.76,7.76
19691223,7.82,7.82,7.82,7.82
19691224,7.89,7.89,7.89,7.89
19691226,7.87,7.87,7.87,7.87
19691229,8.05,8.05,8.05,8.05
19691230,7.97,7.97,7.97,7.97
19691231,7.88,7.88,7.88,7.88
19700102,7.86,7.86,7.86,7.86
19700105,7.88,7.88,7.88,7.88
19700106,7.96,7.96,7.96,7.96
19700107,7.99,7.99,7.99,7.99
19700108,7.96,7.96,7.96,7.96
19700109,7.86,7.86,7.86,7.86
19700112,7.82,7.82,7.82,7.82
19700113,7.81,7.81,7.81,7.81
19700114,7.86,7.86,7.86,7.86
19700115,7.85,7.85,7.85,7.85
19700116,7.75,7.75,7.75,7.75
19700119,7.69,7.69,7.69,7.69
19700120,7.72,7.72,7.72,7.72
19700121,7.69,7.69,7.69,7.69
19700122,7.67,7.67,7.67,7.67
19700123,7.69,7.69,7.69,7.69
19700126,7.71,7.71,7.71,7.71
19700127,7.70,7.70,7.70,7.70
19700128,7.70,7.70,7.70,7.70
19700129,7.77,7.77,7.77,7.77
19700130,7.75,7.75,7.75,7.75
19700202,7.65,7.65,7.65,7.65
19700203,7.58,7.58,7.58,7.58
19700204,7.50,7.50,7.50,7.50
19700205,7.45,7.45,7.45,7.45
19700206,7.36,7.36,7.36,7.36
19700209,7.28,7.28,7.28,7.28
19700210,7.32,7.32,7.32,7.32
19700211,7.33,7.33,7.33,7.33
19700213,7.15,7.15,7.15,7.15
19700216,7.17,7.17,7.17,7.17
19700217,7.15,7.15,7.15,7.15
19700218,7.12,7.12,7.12,7.12
19700219,7.09,7.09,7.09,7.09
19700220,7.12,7.12,7.12,7.12
19700224,7.14,7.14,7.14,7.14
19700225,7.04,7.04,7.04,7.04
19700226,6.94,6.94,6.94,6.94
19700227,6.90,6.90,6.90,6.90
19700302,6.95,6.95,6.95,6.95
19700303,6.99,6.99,6.99,6.99
19700304,6.97,6.97,6.97,6.97
19700305,6.98,6.98,6.98,6.98
19700306,6.96,6.96,6.96,6.96
19700309,6.99,6.99,6.99,6.99
19700310,7.04,7.04,7.04,7.04
19700311,7.11,7.11,7.11,7.11
19700312,7.16,7.16,7.16,7.16
19700313,7.23,7.23,7.23,7.23
19700316,7.24,7.24,7.24,7.24
19700317,7.36,7.36,7.36,7.36
19700318,7.28,7.28,7.28,7.28
19700319,7.07,7.07,7.07,7.07
19700320,7.06,7.06,7.06,7.06
19700323,7.05,7.05,7.05,7.05
19700324,7.02,7.02,7.02,7.02
19700325,6.96,6.96,6.96,6.96
19700326,6.98,6.98,6.98,6.98
19700330,7.05,7.05,7.05,7.05
19700331,7.08,7.08,7.08,7.08
19700401,7.04,7.04,7.04,7.04
19700402,7.08,7.08,7.08,7.08
19700403,7.14,7.14,7.14,7.14
19700406,7.17,7.17,7.17,7.17
19700407,7.18,7.18,7.18,7.18
19700408,7.17,7.17,7.17,7.17
19700409,7.18,7.18,7.18,7.18
19700410,7.17,7.17,7.17,7.17
19700413,7.20,7.20,7.20,7.20
19700414,7.22,7.22,7.22,7.22
19700415,7.27,7.27,7.27,7.27
19700416,7.34,7.34,7.34,7.34
19700417,7.40,7.40,7.40,7.40
19700420,7.44,7.44,7.44,7.44
19700421,7.50,7.50,7.50,7.50
19700422,7.61,7.61,7.61,7.61
19700423,7.64,7.64,7.64,7.64
19700424,7.72,7.72,7.72,7.72
19700427,7.74,7.74,7.74,7.74
19700428,7.79,7.79,7.79,7.79
19700429,7.78,7.78,7.78,7.78
19700430,7.82,7.82,7.82,7.82
19700501,7.85,7.85,7.85,7.85
19700504,7.94,7.94,7.94,7.94
19700505,7.92,7.92,7.92,7.92
19700506,7.86,7.86,7.86,7.86
19700507,7.82,7.82,7.82,7.82
19700508,7.78,7.78,7.78,7.78
19700511,7.82,7.82,7.82,7.82
19700512,7.84,7.84,7.84,7.84
19700513,7.85,7.85,7.85,7.85
19700514,7.86,7.86,7.86,7.86
19700515,7.83,7.83,7.83,7.83
19700518,7.80,7.80,7.80,7.80
19700519,7.80,7.80,7.80,7.80
19700520,7.85,7.85,7.85,7.85
19700521,7.90,7.90,7.90,7.90
19700522,7.99,7.99,7.99,7.99
19700525,8.15,8.15,8.15,8.15
19700526,8.22,8.22,8.22,8.22
19700527,8.02,8.02,8.02,8.02
19700528,7.98,7.98,7.98,7.98
19700529,7.95,7.95,7.95,7.95
19700601,7.84,7.84,7.84,7.84
19700602,7.78,7.78,7.78,7.78
19700603,7.76,7.76,7.76,7.76
19700604,7.80,7.80,7.80,7.80
19700605,7.88,7.88,7.88,7.88
19700608,7.89,7.89,7.89,7.89
19700609,7.88,7.88,7.88,7.88
19700610,7.87,7.87,7.87,7.87
19700611,7.92,7.92,7.92,7.92
19700612,7.98,7.98,7.98,7.98
19700615,7.98,7.98,7.98,7.98
19700616,7.87,7.87,7.87,7.87
19700617,7.90,7.90,7.90,7.90
19700618,7.90,7.90,7.90,7.90
19700619,7.90,7.90,7.90,7.90
19700622,7.86,7.86,7.86,7.86
19700623,7.79,7.79,7.79,7.79
19700624,7.74,7.74,7.74,7.74
19700625,7.76,7.76,7.76,7.76
19700626,7.78,7.78,7.78,7.78
19700629,7.76,7.76,7.76,7.76
19700630,7.68,7.68,7.68,7.68
19700701,7.64,7.64,7.64,7.64
19700702,7.55,7.55,7.55,7.55
19700706,7.49,7.49,7.49,7.49
19700707,7.46,7.46,7.46,7.46
19700708,7.49,7.49,7.49,7.49
19700709,7.49,7.49,7.49,7.49
19700710,7.54,7.54,7.54,7.54
19700713,7.55,7.55,7.55,7.55
19700714,7.53,7.53,7.53,7.53
19700715,7.49,7.49,7.49,7.49
19700716,7.46,7.46,7.46,7.46
19700717,7.45,7.45,7.45,7.45
19700720,7.46,7.46,7.46,7.46
19700721,7.45,7.45,7.45,7.45
19700722,7.43,7.43,7.43,7.43
19700723,7.32,7.32,7.32,7.32
19700724,7.34,7.34,7.34,7.34
19700727,7.36,7.36,7.36,7.36
19700728,7.41,7.41,7.41,7.41
19700729,7.39,7.39,7.39,7.39
19700730,7.38,7.38,7.38,7.38
19700731,7.38,7.38,7.38,7.38
19700803,7.39,7.39,7.39,7.39
19700804,7.40,7.40,7.40,7.40
19700805,7.42,7.42,7.42,7.42
19700806,7.43,7.43,7.43,7.43
19700807,7.45,7.45,7.45,7.45
19700810,7.50,7.50,7.50,7.50
19700811,7.54,7.54,7.54,7.54
19700812,7.56,7.56,7.56,7.56
19700813,7.58,7.58,7.58,7.58
19700814,7.67,7.67,7.67,7.67
19700817,7.71,7.71,7.71,7.71
19700818,7.68,7.68,7.68,7.68
19700819,7.65,7.65,7.65,7.65
19700820,7.64,7.64,7.64,7.64
19700821,7.60,7.60,7.60,7.60
19700824,7.48,7.48,7.48,7.48
19700825,7.46,7.46,7.46,7.46
19700826,7.45,7.45,7.45,7.45
19700827,7.48,7.48,7.48,7.48
19700828,7.49,7.49,7.49,7.49
19700831,7.49,7.49,7.49,7.49
19700901,7.47,7.47,7.47,7.47
19700902,7.48,7.48,7.48,7.48
19700903,7.48,7.48,7.48,7.48
19700904,7.47,7.47,7.47,7.47
19700908,7.50,7.50,7.50,7.50
19700909,7.54,7.54,7.54,7.54
19700910,7.52,7.52,7.52,7.52
19700911,7.50,7.50,7.50,7.50
19700914,7.48,7.48,7.48,7.48
19700915,7.46,7.46,7.46,7.46
19700916,7.40,7.40,7.40,7.40
19700917,7.32,7.32,7.32,7.32
19700918,7.31,7.31,7.31,7.31
19700921,7.29,7.29,7.29,7.29
19700922,7.28,7.28,7.28,7.28
19700923,7.24,7.24,7.24,7.24
19700924,7.26,7.26,7.26,7.26
19700925,7.28,7.28,7.28,7.28
19700928,7.31,7.31,7.31,7.31
19700929,7.30,7.30,7.30,7.30
19700930,7.29,7.29,7.29,7.29
19701001,7.29,7.29,7.29,7.29
19701002,7.26,7.26,7.26,7.26
19701005,7.26,7.26,7.26,7.26
19701006,7.24,7.24,7.24,7.24
19701007,7.23,7.23,7.23,7.23
19701008,7.25,7.25,7.25,7.25
19701009,7.25,7.25,7.25,7.25
19701013,7.25,7.25,7.25,7.25
19701014,7.30,7.30,7.30,7.30
19701015,7.30,7.30,7.30,7.30
19701016,7.31,7.31,7.31,7.31
19701019,7.35,7.35,7.35,7.35
19701020,7.37,7.37,7.37,7.37
19701021,7.42,7.42,7.42,7.42
19701022,7.46,7.46,7.46,7.46
19701023,7.44,7.44,7.44,7.44
19701026,7.44,7.44,7.44,7.44
19701027,7.42,7.42,7.42,7.42
19701028,7.38,7.38,7.38,7.38
19701029,7.31,7.31,7.31,7.31
19701030,7.33,7.33,7.33,7.33
19701102,7.24,7.24,7.24,7.24
19701104,7.23,7.23,7.23,7.23
19701105,7.20,7.20,7.20,7.20
19701106,7.15,7.15,7.15,7.15
19701109,7.06,7.06,7.06,7.06
19701110,7.06,7.06,7.06,7.06
19701112,7.03,7.03,7.03,7.03
19701113,7.00,7.00,7.00,7.00
19701116,6.96,6.96,6.96,6.96
19701117,6.93,6.93,6.93,6.93
19701118,6.86,6.86,6.86,6.86
19701119,6.72,6.72,6.72,6.72
19701120,6.48,6.48,6.48,6.48
19701123,6.32,6.32,6.32,6.32
19701124,6.45,6.45,6.45,6.45
19701125,6.48,6.48,6.48,6.48
19701127,6.48,6.48,6.48,6.48
19701130,6.49,6.49,6.49,6.49
19701201,6.48,6.48,6.48,6.48
19701202,6.41,6.41,6.41,6.41
19701203,6.31,6.31,6.31,6.31
19701204,6.21,6.21,6.21,6.21
19701207,6.27,6.27,6.27,6.27
19701208,6.29,6.29,6.29,6.29
19701209,6.34,6.34,6.34,6.34
19701210,6.34,6.34,6.34,6.34
19701211,6.31,6.31,6.31,6.31
19701214,6.26,6.26,6.26,6.26
19701215,6.29,6.29,6.29,6.29
19701216,6.29,6.29,6.29,6.29
19701217,6.30,6.30,6.30,6.30
19701218,6.33,6.33,6.33,6.33
19701221,6.45,6.45,6.45,6.45
19701222,6.52,6.52,6.52,6.52
19701223,6.57,6.57,6.57,6.57
19701224,6.53,6.53,6.53,6.53
19701228,6.54,6.54,6.54,6.54
19701229,6.56,6.56,6.56,6.56
19701230,6.51,6.51,6.51,6.51
19701231,6.50,6.50,6.50,6.50
19710104,6.46,6.46,6.46,6.46
19710105,6.47,6.47,6.47,6.47
19710106,6.47,6.47,6.47,6.47
19710107,6.45,6.45,6.45,6.45
19710108,6.44,6.44,6.44,6.44
19710111,6.39,6.39,6.39,6.39
19710112,6.35,6.35,6.35,6.35
19710113,6.29,6.29,6.29,6.29
19710114,6.22,6.22,6.22,6.22
19710115,6.22,6.22,6.22,6.22
19710118,6.16,6.16,6.16,6.16
19710119,6.17,6.17,6.17,6.17
19710120,6.15,6.15,6.15,6.15
19710121,6.09,6.09,6.09,6.09
19710122,6.06,6.06,6.06,6.06
19710125,6.05,6.05,6.05,6.05
19710126,6.07,6.07,6.07,6.07
19710127,6.09,6.09,6.09,6.09
19710128,6.08,6.08,6.08,6.08
19710129,6.09,6.09,6.09,6.09
19710201,6.09,6.09,6.09,6.09
19710202,6.11,6.11,6.11,6.11
19710203,6.11,6.11,6.11,6.11
19710204,6.10,6.10,6.10,6.10
19710205,6.10,6.10,6.10,6.10
19710208,6.09,6.09,6.09,6.09
19710209,6.07,6.07,6.07,6.07
19710210,6.08,6.08,6.08,6.08
19710211,6.08,6.08,6.08,6.08
19710216,6.11,6.11,6.11,6.11
19710217,6.11,6.11,6.11,6.11
19710218,6.11,6.11,6.11,6.11
19710219,6.12,6.12,6.12,6.12
19710222,6.15,6.15,6.15,6.15
19710223,6.18,6.18,6.18,6.18
19710224,6.16,6.16,6.16,6.16
19710225,6.11,6.11,6.11,6.11
19710226,6.14,6.14,6.14,6.14
19710301,6.12,6.12,6.12,6.12
19710302,6.09,6.09,6.09,6.09
19710303,6.05,6.05,6.05,6.05
19710304,6.05,6.05,6.05,6.05
19710305,6.03,6.03,6.03,6.03
19710308,5.99,5.99,5.99,5.99
19710309,5.90,5.90,5.90,5.90
19710310,5.80,5.80,5.80,5.80
19710311,5.69,5.69,5.69,5.69
19710312,5.72,5.72,5.72,5.72
19710315,5.70,5.70,5.70,5.70
19710316,5.68,5.68,5.68,5.68
19710317,5.61,5.61,5.61,5.61
19710318,5.55,5.55,5.55,5.55
19710319,5.51,5.51,5.51,5.51
19710322,5.42,5.42,5.42,5.42
19710323,5.38,5.38,5.38,5.38
19710324,5.41,5.41,5.41,5.41
19710325,5.43,5.43,5.43,5.43
19710326,5.48,5.48,5.48,5.48
19710329,5.54,5.54,5.54,5.54
19710330,5.50,5.50,5.50,5.50
19710331,5.53,5.53,5.53,5.53
19710401,5.58,5.58,5.58,5.58
19710402,5.60,5.60,5.60,5.60
19710405,5.63,5.63,5.63,5.63
19710406,5.60,5.60,5.60,5.60
19710407,5.58,5.58,5.58,5.58
19710408,5.62,5.62,5.62,5.62
19710412,5.73,5.73,5.73,5.73
19710413,5.72,5.72,5.72,5.72
19710414,5.77,5.77,5.77,5.77
19710415,5.80,5.80,5.80,5.80
19710416,5.82,5.82,5.82,5.82
19710419,5.88,5.88,5.88,5.88
19710420,5.97,5.97,5.97,5.97
19710421,6.04,6.04,6.04,6.04
19710422,6.02,6.02,6.02,6.02
19710423,6.01,6.01,6.01,6.01
19710426,6.00,6.00,6.00,6.00
19710427,6.00,6.00,6.00,6.00
19710428,5.99,5.99,5.99,5.99
19710429,6.07,6.07,6.07,6.07
19710430,6.08,6.08,6.08,6.08
19710503,6.15,6.15,6.15,6.15
19710504,6.25,6.25,6.25,6.25
19710505,6.26,6.26,6.26,6.26
19710506,6.28,6.28,6.28,6.28
19710507,6.25,6.25,6.25,6.25
19710510,6.22,6.22,6.22,6.22
19710511,6.26,6.26,6.26,6.26
19710512,6.35,6.35,6.35,6.35
19710513,6.47,6.47,6.47,6.47
19710514,6.49,6.49,6.49,6.49
19710517,6.57,6.57,6.57,6.57
19710518,6.65,6.65,6.65,6.65
19710519,6.60,6.60,6.60,6.60
19710520,6.49,6.49,6.49,6.49
19710521,6.53,6.53,6.53,6.53
19710524,6.49,6.49,6.49,6.49
19710525,6.44,6.44,6.44,6.44
19710526,6.37,6.37,6.37,6.37
19710527,6.35,6.35,6.35,6.35
19710528,6.38,6.38,6.38,6.38
19710601,6.36,6.36,6.36,6.36
19710602,6.24,6.24,6.24,6.24
19710603,6.19,6.19,6.19,6.19
19710604,6.26,6.26,6.26,6.26
19710607,6.34,6.34,6.34,6.34
19710608,6.38,6.38,6.38,6.38
19710609,6.44,6.44,6.44,6.44
19710610,6.48,6.48,6.48,6.48
19710611,6.50,6.50,6.50,6.50
19710614,6.63,6.63,6.63,6.63
19710615,6.73,6.73,6.73,6.73
19710616,6.68,6.68,6.68,6.68
19710617,6.68,6.68,6.68,6.68
19710618,6.58,6.58,6.58,6.58
19710621,6.53,6.53,6.53,6.53
19710622,6.62,6.62,6.62,6.62
19710623,6.61,6.61,6.61,6.61
19710624,6.61,6.61,6.61,6.61
19710625,6.62,6.62,6.62,6.62
19710628,6.64,6.64,6.64,6.64
19710629,6.67,6.67,6.67,6.67
19710630,6.70,6.70,6.70,6.70
19710701,6.69,6.69,6.69,6.69
19710702,6.69,6.69,6.69,6.69
19710706,6.68,6.68,6.68,6.68
19710707,6.66,6.66,6.66,6.66
19710708,6.67,6.67,6.67,6.67
19710709,6.68,6.68,6.68,6.68
19710712,6.60,6.60,6.60,6.60
19710713,6.61,6.61,6.61,6.61
19710714,6.60,6.60,6.60,6.60
19710715,6.59,6.59,6.59,6.59
19710716,6.66,6.66,6.66,6.66
19710719,6.71,6.71,6.71,6.71
19710720,6.70,6.70,6.70,6.70
19710721,6.70,6.70,6.70,6.70
19710722,6.79,6.79,6.79,6.79
19710723,6.84,6.84,6.84,6.84
19710726,6.86,6.86,6.86,6.86
19710727,6.91,6.91,6.91,6.91
19710728,6.95,6.95,6.95,6.95
19710729,6.88,6.88,6.88,6.88
19710730,6.85,6.85,6.85,6.85
19710802,6.86,6.86,6.86,6.86
19710803,6.91,6.91,6.91,6.91
19710804,6.89,6.89,6.89,6.89
19710805,6.86,6.86,6.86,6.86
19710806,6.86,6.86,6.86,6.86
19710809,6.88,6.88,6.88,6.88
19710810,6.89,6.89,6.89,6.89
19710811,6.86,6.86,6.86,6.86
19710812,6.80,6.80,6.80,6.80
19710813,6.68,6.68,6.68,6.68
19710816,6.41,6.41,6.41,6.41
19710817,6.30,6.30,6.30,6.30
19710818,6.35,6.35,6.35,6.35
19710819,6.34,6.34,6.34,6.34
19710820,6.37,6.37,6.37,6.37
19710823,6.48,6.48,6.48,6.48
19710824,6.38,6.38,6.38,6.38
19710825,6.40,6.40,6.40,6.40
19710826,6.37,6.37,6.37,6.37
19710827,6.33,6.33,6.33,6.33
19710830,6.32,6.32,6.32,6.32
19710831,6.28,6.28,6.28,6.28
19710901,6.22,6.22,6.22,6.22
19710902,6.17,6.17,6.17,6.17
19710903,6.12,6.12,6.12,6.12
19710907,6.07,6.07,6.07,6.07
19710908,6.08,6.08,6.08,6.08
19710909,6.13,6.13,6.13,6.13
19710910,6.12,6.12,6.12,6.12
19710913,6.20,6.20,6.20,6.20
19710914,6.18,6.18,6.18,6.18
19710915,6.17,6.17,6.17,6.17
19710916,6.14,6.14,6.14,6.14
19710917,6.13,6.13,6.13,6.13
19710920,6.15,6.15,6.15,6.15
19710921,6.17,6.17,6.17,6.17
19710922,6.19,6.19,6.19,6.19
19710923,6.20,6.20,6.20,6.20
19710924,6.16,6.16,6.16,6.16
19710927,6.13,6.13,6.13,6.13
19710928,6.12,6.12,6.12,6.12
19710929,6.08,6.08,6.08,6.08
19710930,6.00,6.00,6.00,6.00
19711001,6.00,6.00,6.00,6.00
19711004,5.98,5.98,5.98,5.98
19711005,6.01,6.01,6.01,6.01
19711006,5.98,5.98,5.98,5.98
19711007,5.97,5.97,5.97,5.97
19711008,5.94,5.94,5.94,5.94
19711012,5.88,5.88,5.88,5.88
19711013,5.86,5.86,5.86,5.86
19711014,5.88,5.88,5.88,5.88
19711015,5.90,5.90,5.90,5.90
19711018,5.95,5.95,5.95,5.95
19711019,5.96,5.96,5.96,5.96
19711020,5.92,5.92,5.92,5.92
19711021,5.88,5.88,5.88,5.88
19711022,5.90,5.90,5.90,5.90
19711026,5.89,5.89,5.89,5.89
19711027,5.92,5.92,5.92,5.92
19711028,5.90,5.90,5.90,5.90
19711029,5.87,5.87,5.87,5.87
19711101,5.80,5.80,5.80,5.80
19711103,5.72,5.72,5.72,5.72
19711104,5.72,5.72,5.72,5.72
19711105,5.72,5.72,5.72,5.72
19711108,5.77,5.77,5.77,5.77
19711109,5.77,5.77,5.77,5.77
19711110,5.82,5.82,5.82,5.82
19711111,5.79,5.79,5.79,5.79
19711112,5.77,5.77,5.77,5.77
19711115,5.77,5.77,5.77,5.77
19711116,5.76,5.76,5.76,5.76
19711117,5.75,5.75,5.75,5.75
19711118,5.77,5.77,5.77,5.77
19711119,5.79,5.79,5.79,5.79
19711122,5.82,5.82,5.82,5.82
19711123,5.89,5.89,5.89,5.89
19711124,5.95,5.95,5.95,5.95
19711126,5.94,5.94,5.94,5.94
19711129,5.95,5.95,5.95,5.95
19711130,5.93,5.93,5.93,5.93
19711201,5.92,5.92,5.92,5.92
19711202,5.90,5.90,5.90,5.90
19711203,5.88,5.88,5.88,5.88
19711206,5.88,5.88,5.88,5.88
19711207,5.92,5.92,5.92,5.92
19711208,5.92,5.92,5.92,5.92
19711209,5.94,5.94,5.94,5.94
19711210,5.93,5.93,5.93,5.93
19711213,5.90,5.90,5.90,5.90
19711214,5.94,5.94,5.94,5.94
19711215,5.96,5.96,5.96,5.96
19711216,5.95,5.95,5.95,5.95
19711217,5.93,5.93,5.93,5.93
19711220,5.97,5.97,5.97,5.97
19711221,6.00,6.00,6.00,6.00
19711222,6.01,6.01,6.01,6.01
19711223,5.97,5.97,5.97,5.97
19711227,5.91,5.91,5.91,5.91
19711228,5.86,5.86,5.86,5.86
19711229,5.90,5.90,5.90,5.90
19711230,5.90,5.90,5.90,5.90
19711231,5.89,5.89,5.89,5.89
19720103,5.94,5.94,5.94,5.94
19720104,5.93,5.93,5.93,5.93
19720105,5.91,5.91,5.91,5.91
19720106,5.90,5.90,5.90,5.90
19720107,5.88,5.88,5.88,5.88
19720110,5.86,5.86,5.86,5.86
19720111,5.88,5.88,5.88,5.88
19720112,5.88,5.88,5.88,5.88
19720113,5.86,5.86,5.86,5.86
19720114,5.85,5.85,5.85,5.85
19720117,5.89,5.89,5.89,5.89
19720118,5.92,5.92,5.92,5.92
19720119,5.96,5.96,5.96,5.96
19720120,5.98,5.98,5.98,5.98
19720121,5.99,5.99,5.99,5.99
19720124,6.02,6.02,6.02,6.02
19720125,6.02,6.02,6.02,6.02
19720126,6.01,6.01,6.01,6.01
19720127,6.05,6.05,6.05,6.05
19720128,6.08,6.08,6.08,6.08
19720131,6.09,6.09,6.09,6.09
19720201,6.09,6.09,6.09,6.09
19720202,6.08,6.08,6.08,6.08
19720203,6.08,6.08,6.08,6.08
19720204,6.08,6.08,6.08,6.08
19720207,6.09,6.09,6.09,6.09
19720208,6.11,6.11,6.11,6.11
19720209,6.12,6.12,6.12,6.12
19720210,6.11,6.11,6.11,6.11
19720211,6.12,6.12,6.12,6.12
19720214,6.10,6.10,6.10,6.10
19720215,6.10,6.10,6.10,6.10
19720216,6.08,6.08,6.08,6.08
19720217,6.06,6.06,6.06,6.06
19720218,6.06,6.06,6.06,6.06
19720222,6.06,6.06,6.06,6.06
19720223,6.07,6.07,6.07,6.07
19720224,6.07,6.07,6.07,6.07
19720225,6.06,6.06,6.06,6.06
19720228,6.04,6.04,6.04,6.04
19720229,6.04,6.04,6.04,6.04
19720301,6.04,6.04,6.04,6.04
19720302,6.03,6.03,6.03,6.03
19720303,6.02,6.02,6.02,6.02
19720306,6.01,6.01,6.01,6.01
19720307,6.02,6.02,6.02,6.02
19720308,6.02,6.02,6.02,6.02
19720309,6.02,6.02,6.02,6.02
19720310,6.03,6.03,6.03,6.03
19720313,6.07,6.07,6.07,6.07
19720314,6.06,6.06,6.06,6.06
19720315,6.11,6.11,6.11,6.11
19720316,6.08,6.08,6.08,6.08
19720317,6.08,6.08,6.08,6.08
19720320,6.09,6.09,6.09,6.09
19720321,6.08,6.08,6.08,6.08
19720322,6.08,6.08,6.08,6.08
19720323,6.10,6.10,6.10,6.10
19720324,6.12,6.12,6.12,6.12
19720327,6.10,6.10,6.10,6.10
19720328,6.11,6.11,6.11,6.11
19720329,6.12,6.12,6.12,6.12
19720330,6.12,6.12,6.12,6.12
19720403,6.14,6.14,6.14,6.14
19720404,6.18,6.18,6.18,6.18
19720405,6.18,6.18,6.18,6.18
19720406,6.18,6.18,6.18,6.18
19720407,6.18,6.18,6.18,6.18
19720410,6.17,6.17,6.17,6.17
19720411,6.18,6.18,6.18,6.18
19720412,6.21,6.21,6.21,6.21
19720413,6.25,6.25,6.25,6.25
19720414,6.25,6.25,6.25,6.25
19720417,6.24,6.24,6.24,6.24
19720418,6.24,6.24,6.24,6.24
19720419,6.22,6.22,6.22,6.22
19720420,6.21,6.21,6.21,6.21
19720421,6.20,6.20,6.20,6.20
19720424,6.21,6.21,6.21,6.21
19720425,6.21,6.21,6.21,6.21
19720426,6.19,6.19,6.19,6.19
19720427,6.11,6.11,6.11,6.11
19720428,6.14,6.14,6.14,6.14
19720501,6.14,6.14,6.14,6.14
19720502,6.16,6.16,6.16,6.16
19720503,6.17,6.17,6.17,6.17
19720504,6.17,6.17,6.17,6.17
19720505,6.17,6.17,6.17,6.17
19720508,6.17,6.17,6.17,6.17
19720509,6.20,6.20,6.20,6.20
19720510,6.19,6.19,6.19,6.19
19720511,6.19,6.19,6.19,6.19
19720512,6.16,6.16,6.16,6.16
19720515,6.16,6.16,6.16,6.16
19720516,6.16,6.16,6.16,6.16
19720517,6.15,6.15,6.15,6.15
19720518,6.13,6.13,6.13,6.13
19720519,6.10,6.10,6.10,6.10
19720522,6.07,6.07,6.07,6.07
19720523,6.05,6.05,6.05,6.05
19720524,6.06,6.06,6.06,6.06
19720525,6.04,6.04,6.04,6.04
19720526,6.04,6.04,6.04,6.04
19720530,6.05,6.05,6.05,6.05
19720531,6.05,6.05,6.05,6.05
19720601,6.07,6.07,6.07,6.07
19720602,6.09,6.09,6.09,6.09
19720605,6.10,6.10,6.10,6.10
19720606,6.13,6.13,6.13,6.13
19720607,6.12,6.12,6.12,6.12
19720608,6.12,6.12,6.12,6.12
19720609,6.11,6.11,6.11,6.11
19720612,6.10,6.10,6.10,6.10
19720613,6.10,6.10,6.10,6.10
19720614,6.10,6.10,6.10,6.10
19720615,6.10,6.10,6.10,6.10
19720616,6.10,6.10,6.10,6.10
19720619,6.08,6.08,6.08,6.08
19720620,6.08,6.08,6.08,6.08
19720621,6.09,6.09,6.09,6.09
19720622,6.11,6.11,6.11,6.11
19720623,6.10,6.10,6.10,6.10
19720626,6.12,6.12,6.12,6.12
19720627,6.12,6.12,6.12,6.12
19720628,6.12,6.12,6.12,6.12
19720629,6.14,6.14,6.14,6.14
19720630,6.15,6.15,6.15,6.15
19720703,6.14,6.14,6.14,6.14
19720705,6.13,6.13,6.13,6.13
19720706,6.13,6.13,6.13,6.13
19720707,6.13,6.13,6.13,6.13
19720710,6.13,6.13,6.13,6.13
19720711,6.13,6.13,6.13,6.13
19720712,6.12,6.12,6.12,6.12
19720713,6.11,6.11,6.11,6.11
19720714,6.10,6.10,6.10,6.10
19720717,6.11,6.11,6.11,6.11
19720718,6.11,6.11,6.11,6.11
19720719,6.09,6.09,6.09,6.09
19720720,6.09,6.09,6.09,6.09
19720721,6.10,6.10,6.10,6.10
19720724,6.10,6.10,6.10,6.10
19720725,6.09,6.09,6.09,6.09
19720726,6.08,6.08,6.08,6.08
19720727,6.13,6.13,6.13,6.13
19720728,6.12,6.12,6.12,6.12
19720731,6.12,6.12,6.12,6.12
19720801,6.14,6.14,6.14,6.14
19720802,6.14,6.14,6.14,6.14
19720803,6.15,6.15,6.15,6.15
19720804,6.16,6.16,6.16,6.16
19720807,6.16,6.16,6.16,6.16
19720808,6.15,6.15,6.15,6.15
19720809,6.14,6.14,6.14,6.14
19720810,6.14,6.14,6.14,6.14
19720811,6.14,6.14,6.14,6.14
19720814,6.16,6.16,6.16,6.16
19720815,6.17,6.17,6.17,6.17
19720816,6.18,6.18,6.18,6.18
19720817,6.20,6.20,6.20,6.20
19720818,6.21,6.21,6.21,6.21
19720821,6.21,6.21,6.21,6.21
19720822,6.20,6.20,6.20,6.20
19720823,6.22,6.22,6.22,6.22
19720824,6.23,6.23,6.23,6.23
19720825,6.26,6.26,6.26,6.26
19720828,6.30,6.30,6.30,6.30
19720829,6.34,6.34,6.34,6.34
19720830,6.42,6.42,6.42,6.42
19720831,6.42,6.42,6.42,6.42
19720901,6.43,6.43,6.43,6.43
19720905,6.46,6.46,6.46,6.46
19720906,6.49,6.49,6.49,6.49
19720907,6.52,6.52,6.52,6.52
19720908,6.56,6.56,6.56,6.56
19720911,6.54,6.54,6.54,6.54
19720912,6.54,6.54,6.54,6.54
19720913,6.54,6.54,6.54,6.54
19720914,6.57,6.57,6.57,6.57
19720915,6.56,6.56,6.56,6.56
19720918,6.55,6.55,6.55,6.55
19720919,6.55,6.55,6.55,6.55
19720920,6.56,6.56,6.56,6.56
19720921,6.59,6.59,6.59,6.59
19720922,6.62,6.62,6.62,6.62
19720925,6.62,6.62,6.62,6.62
19720926,6.60,6.60,6.60,6.60
19720927,6.59,6.59,6.59,6.59
19720928,6.56,6.56,6.56,6.56
19720929,6.54,6.54,6.54,6.54
19721002,6.54,6.54,6.54,6.54
19721003,6.54,6.54,6.54,6.54
19721004,6.53,6.53,6.53,6.53
19721005,6.53,6.53,6.53,6.53
19721006,6.52,6.52,6.52,6.52
19721010,6.48,6.48,6.48,6.48
19721011,6.47,6.47,6.47,6.47
19721012,6.50,6.50,6.50,6.50
19721013,6.50,6.50,6.50,6.50
19721016,6.49,6.49,6.49,6.49
19721017,6.49,6.49,6.49,6.49
19721018,6.49,6.49,6.49,6.49
19721019,6.48,6.48,6.48,6.48
19721020,6.47,6.47,6.47,6.47
19721024,6.45,6.45,6.45,6.45
19721025,6.44,6.44,6.44,6.44
19721026,6.42,6.42,6.42,6.42
19721027,6.42,6.42,6.42,6.42
19721030,6.42,6.42,6.42,6.42
19721031,6.41,6.41,6.41,6.41
19721101,6.39,6.39,6.39,6.39
19721102,6.34,6.34,6.34,6.34
19721103,6.30,6.30,6.30,6.30
19721106,6.27,6.27,6.27,6.27
19721108,6.30,6.30,6.30,6.30
19721109,6.30,6.30,6.30,6.30
19721110,6.30,6.30,6.30,6.30
19721113,6.27,6.27,6.27,6.27
19721114,6.26,6.26,6.26,6.26
19721115,6.23,6.23,6.23,6.23
19721116,6.24,6.24,6.24,6.24
19721117,6.24,6.24,6.24,6.24
19721120,6.23,6.23,6.23,6.23
19721121,6.26,6.26,6.26,6.26
19721122,6.27,6.27,6.27,6.27
19721124,6.27,6.27,6.27,6.27
19721127,6.30,6.30,6.30,6.30
19721128,6.29,6.29,6.29,6.29
19721129,6.27,6.27,6.27,6.27
19721130,6.28,6.28,6.28,6.28
19721201,6.29,6.29,6.29,6.29
19721204,6.30,6.30,6.30,6.30
19721205,6.31,6.31,6.31,6.31
19721206,6.31,6.31,6.31,6.31
19721207,6.31,6.31,6.31,6.31
19721208,6.32,6.32,6.32,6.32
19721211,6.34,6.34,6.34,6.34
19721212,6.35,6.35,6.35,6.35
19721213,6.35,6.35,6.35,6.35
19721214,6.35,6.35,6.35,6.35
19721215,6.35,6.35,6.35,6.35
19721218,6.38,6.38,6.38,6.38
19721219,6.40,6.40,6.40,6.40
19721220,6.40,6.40,6.40,6.40
19721221,6.40,6.40,6.40,6.40
19721222,6.40,6.40,6.40,6.40
19721226,6.39,6.39,6.39,6.39
19721227,6.40,6.40,6.40,6.40
19721228,6.41,6.41,6.41,6.41
19721229,6.41,6.41,6.41,6.41
19730102,6.43,6.43,6.43,6.43
19730103,6.42,6.42,6.42,6.42
19730104,6.40,6.40,6.40,6.40
19730105,6.42,6.42,6.42,6.42
19730108,6.43,6.43,6.43,6.43
19730109,6.42,6.42,6.42,6.42
19730110,6.43,6.43,6.43,6.43
19730111,6.43,6.43,6.43,6.43
19730112,6.44,6.44,6.44,6.44
19730115,6.44,6.44,6.44,6.44
19730116,6.44,6.44,6.44,6.44
19730117,6.45,6.45,6.45,6.45
19730118,6.46,6.46,6.46,6.46
19730119,6.49,6.49,6.49,6.49
19730122,6.50,6.50,6.50,6.50
19730123,6.48,6.48,6.48,6.48
19730124,6.49,6.49,6.49,6.49
19730126,6.51,6.51,6.51,6.51
19730129,6.53,6.53,6.53,6.53
19730130,6.55,6.55,6.55,6.55
19730131,6.52,6.52,6.52,6.52
19730201,6.54,6.54,6.54,6.54
19730202,6.60,6.60,6.60,6.60
19730205,6.64,6.64,6.64,6.64
19730206,6.64,6.64,6.64,6.64
19730207,6.64,6.64,6.64,6.64
19730208,6.64,6.64,6.64,6.64
19730209,6.66,6.66,6.66,6.66
19730212,6.63,6.63,6.63,6.63
19730213,6.61,6.61,6.61,6.61
19730214,6.62,6.62,6.62,6.62
19730215,6.62,6.62,6.62,6.62
19730216,6.63,6.63,6.63,6.63
19730220,6.66,6.66,6.66,6.66
19730221,6.66,6.66,6.66,6.66
19730222,6.65,6.65,6.65,6.65
19730223,6.61,6.61,6.61,6.61
19730226,6.65,6.65,6.65,6.65
19730227,6.64,6.64,6.64,6.64
19730228,6.64,6.64,6.64,6.64
19730301,6.65,6.65,6.65,6.65
19730302,6.67,6.67,6.67,6.67
19730305,6.68,6.68,6.68,6.68
19730306,6.68,6.68,6.68,6.68
19730307,6.66,6.66,6.66,6.66
19730308,6.67,6.67,6.67,6.67
19730309,6.68,6.68,6.68,6.68
19730312,6.68,6.68,6.68,6.68
19730313,6.70,6.70,6.70,6.70
19730314,6.71,6.71,6.71,6.71
19730315,6.73,6.73,6.73,6.73
19730316,6.77,6.77,6.77,6.77
19730319,6.75,6.75,6.75,6.75
19730320,6.76,6.76,6.76,6.76
19730321,6.76,6.76,6.76,6.76
19730322,6.76,6.76,6.76,6.76
19730323,6.76,6.76,6.76,6.76
19730326,6.73,6.73,6.73,6.73
19730327,6.72,6.72,6.72,6.72
19730328,6.67,6.67,6.67,6.67
19730329,6.68,6.68,6.68,6.68
19730330,6.73,6.73,6.73,6.73
19730402,6.74,6.74,6.74,6.74
19730403,6.73,6.73,6.73,6.73
19730404,6.70,6.70,6.70,6.70
19730405,6.68,6.68,6.68,6.68
19730406,6.64,6.64,6.64,6.64
19730409,6.62,6.62,6.62,6.62
19730410,6.64,6.64,6.64,6.64
19730411,6.65,6.65,6.65,6.65
19730412,6.66,6.66,6.66,6.66
19730413,6.63,6.63,6.63,6.63
19730416,6.62,6.62,6.62,6.62
19730417,6.64,6.64,6.64,6.64
19730418,6.64,6.64,6.64,6.64
19730419,6.66,6.66,6.66,6.66
19730423,6.73,6.73,6.73,6.73
19730424,6.66,6.66,6.66,6.66
19730425,6.66,6.66,6.66,6.66
19730426,6.68,6.68,6.68,6.68
19730427,6.69,6.69,6.69,6.69
19730430,6.70,6.70,6.70,6.70
19730501,6.72,6.72,6.72,6.72
19730502,6.76,6.76,6.76,6.76
19730503,6.77,6.77,6.77,6.77
19730504,6.79,6.79,6.79,6.79
19730507,6.81,6.81,6.81,6.81
19730508,6.80,6.80,6.80,6.80
19730509,6.80,6.80,6.80,6.80
19730510,6.81,6.81,6.81,6.81
19730511,6.82,6.82,6.82,6.82
19730514,6.83,6.83,6.83,6.83
19730515,6.86,6.86,6.86,6.86
19730516,6.84,6.84,6.84,6.84
19730517,6.85,6.85,6.85,6.85
19730518,6.86,6.86,6.86,6.86
19730521,6.89,6.89,6.89,6.89
19730522,6.90,6.90,6.90,6.90
19730523,6.92,6.92,6.92,6.92
19730524,6.91,6.91,6.91,6.91
19730525,6.91,6.91,6.91,6.91
19730529,6.93,6.93,6.93,6.93
19730530,6.93,6.93,6.93,6.93
19730531,6.93,6.93,6.93,6.93
19730601,6.96,6.96,6.96,6.96
19730604,6.98,6.98,6.98,6.98
19730605,6.95,6.95,6.95,6.95
19730606,6.89,6.89,6.89,6.89
19730607,6.89,6.89,6.89,6.89
19730608,6.87,6.87,6.87,6.87
19730611,6.87,6.87,6.87,6.87
19730612,6.86,6.86,6.86,6.86
19730613,6.85,6.85,6.85,6.85
19730614,6.85,6.85,6.85,6.85
19730615,6.86,6.86,6.86,6.86
19730618,6.87,6.87,6.87,6.87
19730619,6.87,6.87,6.87,6.87
19730620,6.89,6.89,6.89,6.89
19730621,6.89,6.89,6.89,6.89
19730622,6.91,6.91,6.91,6.91
19730625,6.93,6.93,6.93,6.93
19730626,6.93,6.93,6.93,6.93
19730627,6.92,6.92,6.92,6.92
19730628,6.92,6.92,6.92,6.92
19730629,6.94,6.94,6.94,6.94
19730702,7.01,7.01,7.01,7.01
19730703,7.01,7.01,7.01,7.01
19730705,7.01,7.01,7.01,7.01
19730706,7.03,7.03,7.03,7.03
19730709,7.05,7.05,7.05,7.05
19730710,7.05,7.05,7.05,7.05
19730711,7.05,7.05,7.05,7.05
19730712,7.04,7.04,7.04,7.04
19730713,7.05,7.05,7.05,7.05
19730716,7.06,7.06,7.06,7.06
19730717,7.06,7.06,7.06,7.06
19730718,7.07,7.07,7.07,7.07
19730719,7.11,7.11,7.11,7.11
19730720,7.17,7.17,7.17,7.17
19730723,7.17,7.17,7.17,7.17
19730724,7.19,7.19,7.19,7.19
19730725,7.19,7.19,7.19,7.19
19730726,7.28,7.28,7.28,7.28
19730727,7.35,7.35,7.35,7.35
19730730,7.37,7.37,7.37,7.37
19730731,7.43,7.43,7.43,7.43
19730801,7.55,7.55,7.55,7.55
19730802,7.52,7.52,7.52,7.52
19730803,7.53,7.53,7.53,7.53
19730806,7.54,7.54,7.54,7.54
19730807,7.58,7.58,7.58,7.58
19730808,7.52,7.52,7.52,7.52
19730809,7.54,7.54,7.54,7.54
19730810,7.52,7.52,7.52,7.52
19730813,7.47,7.47,7.47,7.47
19730814,7.46,7.46,7.46,7.46
19730815,7.45,7.45,7.45,7.45
19730816,7.37,7.37,7.37,7.37
19730817,7.28,7.28,7.28,7.28
19730820,7.38,7.38,7.38,7.38
19730821,7.36,7.36,7.36,7.36
19730822,7.39,7.39,7.39,7.39
19730823,7.31,7.31,7.31,7.31
19730824,7.23,7.23,7.23,7.23
19730827,7.26,7.26,7.26,7.26
19730828,7.29,7.29,7.29,7.29
19730829,7.26,7.26,7.26,7.26
19730830,7.25,7.25,7.25,7.25
19730831,7.25,7.25,7.25,7.25
19730904,7.21,7.21,7.21,7.21
19730905,7.11,7.11,7.11,7.11
19730906,7.10,7.10,7.10,7.10
19730907,7.11,7.11,7.11,7.11
19730910,7.16,7.16,7.16,7.16
19730911,7.19,7.19,7.19,7.19
19730912,7.20,7.20,7.20,7.20
19730913,7.21,7.21,7.21,7.21
19730914,7.21,7.21,7.21,7.21
19730917,7.16,7.16,7.16,7.16
19730918,7.08,7.08,7.08,7.08
19730919,7.10,7.10,7.10,7.10
19730920,7.09,7.09,7.09,7.09
19730921,7.02,7.02,7.02,7.02
19730924,7.00,7.00,7.00,7.00
19730925,6.96,6.96,6.96,6.96
19730926,6.97,6.97,6.97,6.97
19730927,6.94,6.94,6.94,6.94
19730928,6.90,6.90,6.90,6.90
19731001,6.91,6.91,6.91,6.91
19731002,6.89,6.89,6.89,6.89
19731003,6.90,6.90,6.90,6.90
19731004,6.88,6.88,6.88,6.88
19731005,6.86,6.86,6.86,6.86
19731009,6.78,6.78,6.78,6.78
19731010,6.77,6.77,6.77,6.77
19731011,6.78,6.78,6.78,6.78
19731012,6.75,6.75,6.75,6.75
19731015,6.77,6.77,6.77,6.77
19731016,6.81,6.81,6.81,6.81
19731017,6.82,6.82,6.82,6.82
19731018,6.81,6.81,6.81,6.81
19731019,6.80,6.80,6.80,6.80
19731023,6.80,6.80,6.80,6.80
19731024,6.75,6.75,6.75,6.75
19731025,6.73,6.73,6.73,6.73
19731026,6.72,6.72,6.72,6.72
19731029,6.72,6.72,6.72,6.72
19731030,6.72,6.72,6.72,6.72
19731031,6.71,6.71,6.71,6.71
19731101,6.71,6.71,6.71,6.71
19731102,6.72,6.72,6.72,6.72
19731105,6.74,6.74,6.74,6.74
19731107,6.76,6.76,6.76,6.76
19731108,6.77,6.77,6.77,6.77
19731109,6.76,6.76,6.76,6.76
19731112,6.76,6.76,6.76,6.76
19731113,6.76,6.76,6.76,6.76
19731114,6.79,6.79,6.79,6.79
19731115,6.76,6.76,6.76,6.76
19731116,6.72,6.72,6.72,6.72
19731119,6.71,6.71,6.71,6.71
19731120,6.72,6.72,6.72,6.72
19731121,6.71,6.71,6.71,6.71
19731123,6.70,6.70,6.70,6.70
19731126,6.69,6.69,6.69,6.69
19731127,6.70,6.70,6.70,6.70
19731128,6.70,6.70,6.70,6.70
19731129,6.70,6.70,6.70,6.70
19731130,6.69,6.69,6.69,6.69
19731203,6.69,6.69,6.69,6.69
19731204,6.69,6.69,6.69,6.69
19731205,6.72,6.72,6.72,6.72
19731206,6.75,6.75,6.75,6.75
19731207,6.74,6.74,6.74,6.74
19731210,6.71,6.71,6.71,6.71
19731211,6.69,6.69,6.69,6.69
19731212,6.69,6.69,6.69,6.69
19731213,6.68,6.68,6.68,6.68
19731214,6.68,6.68,6.68,6.68
19731217,6.67,6.67,6.67,6.67
19731218,6.68,6.68,6.68,6.68
19731219,6.71,6.71,6.71,6.71
19731220,6.73,6.73,6.73,6.73
19731221,6.78,6.78,6.78,6.78
19731226,6.83,6.83,6.83,6.83
19731227,6.88,6.88,6.88,6.88
19731228,6.91,6.91,6.91,6.91
19731231,6.90,6.90,6.90,6.90
19740102,6.94,6.94,6.94,6.94
19740103,6.96,6.96,6.96,6.96
19740104,6.94,6.94,6.94,6.94
19740107,6.96,6.96,6.96,6.96
19740108,6.96,6.96,6.96,6.96
19740109,6.96,6.96,6.96,6.96
19740110,7.00,7.00,7.00,7.00
19740111,7.01,7.01,7.01,7.01
19740114,7.01,7.01,7.01,7.01
19740115,6.99,6.99,6.99,6.99
19740116,6.99,6.99,6.99,6.99
19740117,6.97,6.97,6.97,6.97
19740118,6.98,6.98,6.98,6.98
19740121,6.99,6.99,6.99,6.99
19740122,7.00,7.00,7.00,7.00
19740123,7.01,7.01,7.01,7.01
19740124,7.02,7.02,7.02,7.02
19740125,7.02,7.02,7.02,7.02
19740128,7.01,7.01,7.01,7.01
19740129,7.02,7.02,7.02,7.02
19740130,7.01,7.01,7.01,7.01
19740131,7.00,7.00,7.00,7.00
19740201,7.00,7.00,7.00,7.00
19740204,6.98,6.98,6.98,6.98
19740205,6.95,6.95,6.95,6.95
19740206,6.93,6.93,6.93,6.93
19740207,6.93,6.93,6.93,6.93
19740208,6.93,6.93,6.93,6.93
19740211,6.93,6.93,6.93,6.93
19740213,6.93,6.93,6.93,6.93
19740214,6.93,6.93,6.93,6.93
19740215,6.93,6.93,6.93,6.93
19740219,6.93,6.93,6.93,6.93
19740220,6.96,6.96,6.96,6.96
19740221,6.98,6.98,6.98,6.98
19740222,6.97,6.97,6.97,6.97
19740225,6.96,6.96,6.96,6.96
19740226,6.98,6.98,6.98,6.98
19740227,7.00,7.00,7.00,7.00
19740228,7.01,7.01,7.01,7.01
19740301,7.08,7.08,7.08,7.08
19740304,7.09,7.09,7.09,7.09
19740305,7.10,7.10,7.10,7.10
19740306,7.09,7.09,7.09,7.09
19740307,7.06,7.06,7.06,7.06
19740308,7.06,7.06,7.06,7.06
19740311,7.08,7.08,7.08,7.08
19740312,7.09,7.09,7.09,7.09
19740313,7.13,7.13,7.13,7.13
19740314,7.13,7.13,7.13,7.13
19740315,7.18,7.18,7.18,7.18
19740318,7.23,7.23,7.23,7.23
19740319,7.24,7.24,7.24,7.24
19740320,7.27,7.27,7.27,7.27
19740321,7.30,7.30,7.30,7.30
19740322,7.35,7.35,7.35,7.35
19740325,7.39,7.39,7.39,7.39
19740326,7.38,7.38,7.38,7.38
19740327,7.35,7.35,7.35,7.35
19740328,7.38,7.38,7.38,7.38
19740329,7.41,7.41,7.41,7.41
19740401,7.42,7.42,7.42,7.42
19740402,7.43,7.43,7.43,7.43
19740403,7.43,7.43,7.43,7.43
19740404,7.51,7.51,7.51,7.51
19740405,7.54,7.54,7.54,7.54
19740408,7.50,7.50,7.50,7.50
19740409,7.49,7.49,7.49,7.49
19740410,7.46,7.46,7.46,7.46
19740411,7.45,7.45,7.45,7.45
19740415,7.42,7.42,7.42,7.42
19740416,7.43,7.43,7.43,7.43
19740417,7.45,7.45,7.45,7.45
19740418,7.50,7.50,7.50,7.50
19740419,7.51,7.51,7.51,7.51
19740422,7.52,7.52,7.52,7.52
19740423,7.54,7.54,7.54,7.54
19740424,7.58,7.58,7.58,7.58
19740425,7.63,7.63,7.63,7.63
19740426,7.64,7.64,7.64,7.64
19740429,7.65,7.65,7.65,7.65
19740430,7.66,7.66,7.66,7.66
19740501,7.62,7.62,7.62,7.62
19740502,7.58,7.58,7.58,7.58
19740503,7.65,7.65,7.65,7.65
19740506,7.65,7.65,7.65,7.65
19740507,7.65,7.65,7.65,7.65
19740508,7.65,7.65,7.65,7.65
19740509,7.70,7.70,7.70,7.70
19740510,7.63,7.63,7.63,7.63
19740513,7.54,7.54,7.54,7.54
19740514,7.57,7.57,7.57,7.57
19740515,7.55,7.55,7.55,7.55
19740516,7.54,7.54,7.54,7.54
19740517,7.57,7.57,7.57,7.57
19740520,7.58,7.58,7.58,7.58
19740521,7.57,7.57,7.57,7.57
19740522,7.56,7.56,7.56,7.56
19740523,7.52,7.52,7.52,7.52
19740524,7.49,7.49,7.49,7.49
19740528,7.50,7.50,7.50,7.50
19740529,7.52,7.52,7.52,7.52
19740530,7.51,7.51,7.51,7.51
19740531,7.52,7.52,7.52,7.52
19740603,7.53,7.53,7.53,7.53
19740604,7.52,7.52,7.52,7.52
19740605,7.52,7.52,7.52,7.52
19740606,7.50,7.50,7.50,7.50
19740607,7.46,7.46,7.46,7.46
19740610,7.47,7.47,7.47,7.47
19740611,7.48,7.48,7.48,7.48
19740612,7.50,7.50,7.50,7.50
19740613,7.50,7.50,7.50,7.50
19740614,7.50,7.50,7.50,7.50
19740617,7.49,7.49,7.49,7.49
19740618,7.52,7.52,7.52,7.52
19740619,7.52,7.52,7.52,7.52
19740620,7.55,7.55,7.55,7.55
19740621,7.55,7.55,7.55,7.55
19740624,7.58,7.58,7.58,7.58
19740625,7.62,7.62,7.62,7.62
19740626,7.62,7.62,7.62,7.62
19740627,7.64,7.64,7.64,7.64
19740628,7.64,7.64,7.64,7.64
19740701,7.65,7.65,7.65,7.65
19740702,7.65,7.65,7.65,7.65
19740703,7.70,7.70,7.70,7.70
19740705,7.71,7.71,7.71,7.71
19740708,7.77,7.77,7.77,7.77
19740709,7.81,7.81,7.81,7.81
19740710,7.82,7.82,7.82,7.82
19740711,7.84,7.84,7.84,7.84
19740712,7.85,7.85,7.85,7.85
19740715,7.86,7.86,7.86,7.86
19740716,7.88,7.88,7.88,7.88
19740717,7.91,7.91,7.91,7.91
19740718,7.90,7.90,7.90,7.90
19740719,7.87,7.87,7.87,7.87
19740722,7.77,7.77,7.77,7.77
19740723,7.79,7.79,7.79,7.79
19740724,7.76,7.76,7.76,7.76
19740725,7.75,7.75,7.75,7.75
19740726,7.79,7.79,7.79,7.79
19740729,7.85,7.85,7.85,7.85
19740730,7.89,7.89,7.89,7.89
19740731,7.89,7.89,7.89,7.89
19740801,7.92,7.92,7.92,7.92
19740802,7.96,7.96,7.96,7.96
19740805,7.99,7.99,7.99,7.99
19740806,7.97,7.97,7.97,7.97
19740807,7.97,7.97,7.97,7.97
19740808,7.97,7.97,7.97,7.97
19740809,8.03,8.03,8.03,8.03
19740812,8.05,8.05,8.05,8.05
19740813,8.06,8.06,8.06,8.06
19740814,8.05,8.05,8.05,8.05
19740815,8.02,8.02,8.02,8.02
19740816,8.00,8.00,8.00,8.00
19740819,7.98,7.98,7.98,7.98
19740820,7.99,7.99,7.99,7.99
19740821,8.05,8.05,8.05,8.05
19740822,8.09,8.09,8.09,8.09
19740823,8.15,8.15,8.15,8.15
19740826,8.16,8.16,8.16,8.16
19740827,8.15,8.15,8.15,8.15
19740828,8.15,8.15,8.15,8.15
19740829,8.15,8.15,8.15,8.15
19740830,8.11,8.11,8.11,8.11
19740903,8.11,8.11,8.11,8.11
19740904,8.12,8.12,8.12,8.12
19740905,8.10,8.10,8.10,8.10
19740906,8.09,8.09,8.09,8.09
19740909,8.02,8.02,8.02,8.02
19740910,8.04,8.04,8.04,8.04
19740911,8.05,8.05,8.05,8.05
19740912,8.13,8.13,8.13,8.13
19740913,8.13,8.13,8.13,8.13
19740916,8.10,8.10,8.10,8.10
19740917,8.09,8.09,8.09,8.09
19740918,8.08,8.08,8.08,8.08
19740919,8.04,8.04,8.04,8.04
19740920,8.02,8.02,8.02,8.02
19740923,7.91,7.91,7.91,7.91
19740924,7.94,7.94,7.94,7.94
19740925,7.94,7.94,7.94,7.94
19740926,7.96,7.96,7.96,7.96
19740927,7.94,7.94,7.94,7.94
19740930,7.94,7.94,7.94,7.94
19741001,7.97,7.97,7.97,7.97
19741002,7.98,7.98,7.98,7.98
19741003,8.04,8.04,8.04,8.04
19741004,8.02,8.02,8.02,8.02
19741007,8.01,8.01,8.01,8.01
19741008,7.95,7.95,7.95,7.95
19741009,7.95,7.95,7.95,7.95
19741010,7.93,7.93,7.93,7.93
19741011,7.88,7.88,7.88,7.88
19741015,7.87,7.87,7.87,7.87
19741016,7.87,7.87,7.87,7.87
19741017,7.88,7.88,7.88,7.88
19741018,7.86,7.86,7.86,7.86
19741021,7.81,7.81,7.81,7.81
19741022,7.81,7.81,7.81,7.81
19741023,7.85,7.85,7.85,7.85
19741024,7.87,7.87,7.87,7.87
19741025,7.86,7.86,7.86,7.86
19741028,7.88,7.88,7.88,7.88
19741029,7.84,7.84,7.84,7.84
19741030,7.81,7.81,7.81,7.81
19741031,7.79,7.79,7.79,7.79
19741101,7.80,7.80,7.80,7.80
19741104,7.80,7.80,7.80,7.80
19741106,7.76,7.76,7.76,7.76
19741107,7.74,7.74,7.74,7.74
19741108,7.72,7.72,7.72,7.72
19741112,7.78,7.78,7.78,7.78
19741113,7.75,7.75,7.75,7.75
19741114,7.72,7.72,7.72,7.72
19741115,7.61,7.61,7.61,7.61
19741118,7.63,7.63,7.63,7.63
19741119,7.63,7.63,7.63,7.63
19741120,7.59,7.59,7.59,7.59
19741121,7.60,7.60,7.60,7.60
19741122,7.60,7.60,7.60,7.60
19741125,7.62,7.62,7.62,7.62
19741126,7.63,7.63,7.63,7.63
19741127,7.64,7.64,7.64,7.64
19741129,7.64,7.64,7.64,7.64
19741202,7.71,7.71,7.71,7.71
19741203,7.74,7.74,7.74,7.74
19741204,7.68,7.68,7.68,7.68
19741205,7.64,7.64,7.64,7.64
19741206,7.59,7.59,7.59,7.59
19741209,7.40,7.40,7.40,7.40
19741210,7.42,7.42,7.42,7.42
19741211,7.38,7.38,7.38,7.38
19741212,7.39,7.39,7.39,7.39
19741213,7.38,7.38,7.38,7.38
19741216,7.34,7.34,7.34,7.34
19741217,7.28,7.28,7.28,7.28
19741218,7.25,7.25,7.25,7.25
19741219,7.25,7.25,7.25,7.25
19741220,7.27,7.27,7.27,7.27
19741223,7.41,7.41,7.41,7.41
19741224,7.43,7.43,7.43,7.43
19741226,7.37,7.37,7.37,7.37
19741227,7.39,7.39,7.39,7.39
19741230,7.39,7.39,7.39,7.39
19741231,7.40,7.40,7.40,7.40
19750102,7.42,7.42,7.42,7.42
19750103,7.43,7.43,7.43,7.43
19750106,7.39,7.39,7.39,7.39
19750107,7.38,7.38,7.38,7.38
19750108,7.39,7.39,7.39,7.39
19750109,7.35,7.35,7.35,7.35
19750110,7.37,7.37,7.37,7.37
19750113,7.46,7.46,7.46,7.46
19750114,7.49,7.49,7.49,7.49
19750115,7.54,7.54,7.54,7.54
19750116,7.54,7.54,7.54,7.54
19750117,7.53,7.53,7.53,7.53
19750120,7.59,7.59,7.59,7.59
19750121,7.55,7.55,7.55,7.55
19750122,7.51,7.51,7.51,7.51
19750123,7.57,7.57,7.57,7.57
19750124,7.64,7.64,7.64,7.64
19750127,7.61,7.61,7.61,7.61
19750128,7.61,7.61,7.61,7.61
19750129,7.59,7.59,7.59,7.59
19750130,7.54,7.54,7.54,7.54
19750131,7.53,7.53,7.53,7.53
19750203,7.49,7.49,7.49,7.49
19750204,7.47,7.47,7.47,7.47
19750205,7.35,7.35,7.35,7.35
19750206,7.43,7.43,7.43,7.43
19750207,7.38,7.38,7.38,7.38
19750210,7.45,7.45,7.45,7.45
19750211,7.42,7.42,7.42,7.42
19750213,7.44,7.44,7.44,7.44
19750214,7.35,7.35,7.35,7.35
19750218,7.28,7.28,7.28,7.28
19750219,7.26,7.26,7.26,7.26
19750220,7.30,7.30,7.30,7.30
19750221,7.22,7.22,7.22,7.22
19750224,7.36,7.36,7.36,7.36
19750225,7.43,7.43,7.43,7.43
19750226,7.50,7.50,7.50,7.50
19750227,7.47,7.47,7.47,7.47
19750228,7.46,7.46,7.46,7.46
19750303,7.50,7.50,7.50,7.50
19750304,7.53,7.53,7.53,7.53
19750305,7.48,7.48,7.48,7.48
19750306,7.49,7.49,7.49,7.49
19750307,7.52,7.52,7.52,7.52
19750310,7.56,7.56,7.56,7.56
19750311,7.58,7.58,7.58,7.58
19750312,7.58,7.58,7.58,7.58
19750313,7.56,7.56,7.56,7.56
19750314,7.58,7.58,7.58,7.58
19750317,7.70,7.70,7.70,7.70
19750318,7.70,7.70,7.70,7.70
19750319,7.80,7.80,7.80,7.80
19750320,7.95,7.95,7.95,7.95
19750321,7.84,7.84,7.84,7.84
19750324,8.05,8.05,8.05,8.05
19750325,8.03,8.03,8.03,8.03
19750326,8.02,8.02,8.02,8.02
19750327,8.08,8.08,8.08,8.08
19750331,8.01,8.01,8.01,8.01
19750401,8.08,8.08,8.08,8.08
19750402,8.22,8.22,8.22,8.22
19750403,8.13,8.13,8.13,8.13
19750404,8.15,8.15,8.15,8.15
19750407,8.26,8.26,8.26,8.26
19750408,8.21,8.21,8.21,8.21
19750409,8.17,8.17,8.17,8.17
19750410,8.19,8.19,8.19,8.19
19750411,8.22,8.22,8.22,8.22
19750414,8.16,8.16,8.16,8.16
19750415,8.16,8.16,8.16,8.16
19750416,8.15,8.15,8.15,8.15
19750417,8.21,8.21,8.21,8.21
19750418,8.27,8.27,8.27,8.27
19750421,8.32,8.32,8.32,8.32
19750422,8.32,8.32,8.32,8.32
19750423,8.27,8.27,8.27,8.27
19750424,8.25,8.25,8.25,8.25
19750425,8.25,8.25,8.25,8.25
19750428,8.35,8.35,8.35,8.35
19750429,8.34,8.34,8.34,8.34
19750430,8.31,8.31,8.31,8.31
19750501,8.31,8.31,8.31,8.31
19750502,8.11,8.11,8.11,8.11
19750505,8.08,8.08,8.08,8.08
19750506,8.11,8.11,8.11,8.11
19750507,8.07,8.07,8.07,8.07
19750508,8.09,8.09,8.09,8.09
19750509,8.08,8.08,8.08,8.08
19750512,8.07,8.07,8.07,8.07
19750513,8.06,8.06,8.06,8.06
19750514,8.02,8.02,8.02,8.02
19750515,8.02,8.02,8.02,8.02
19750516,8.01,8.01,8.01,8.01
19750519,8.00,8.00,8.00,8.00
19750520,7.98,7.98,7.98,7.98
19750521,7.98,7.98,7.98,7.98
19750522,8.02,8.02,8.02,8.02
19750523,8.02,8.02,8.02,8.02
19750527,7.98,7.98,7.98,7.98
19750528,8.02,8.02,8.02,8.02
19750529,8.18,8.18,8.18,8.18
19750530,8.04,8.04,8.04,8.04
19750602,8.02,8.02,8.02,8.02
19750603,8.00,8.00,8.00,8.00
19750604,7.99,7.99,7.99,7.99
19750605,7.97,7.97,7.97,7.97
19750606,7.88,7.88,7.88,7.88
19750609,7.78,7.78,7.78,7.78
19750610,7.77,7.77,7.77,7.77
19750611,7.65,7.65,7.65,7.65
19750612,7.67,7.67,7.67,7.67
19750613,7.69,7.69,7.69,7.69
19750616,7.66,7.66,7.66,7.66
19750617,7.72,7.72,7.72,7.72
19750618,7.83,7.83,7.83,7.83
19750619,7.80,7.80,7.80,7.80
19750620,7.94,7.94,7.94,7.94
19750623,7.90,7.90,7.90,7.90
19750624,7.90,7.90,7.90,7.90
19750625,8.02,8.02,8.02,8.02
19750626,7.98,7.98,7.98,7.98
19750627,7.95,7.95,7.95,7.95
19750630,7.96,7.96,7.96,7.96
19750701,7.97,7.97,7.97,7.97
19750702,8.05,8.05,8.05,8.05
19750703,8.05,8.05,8.05,8.05
19750707,8.06,8.06,8.06,8.06
19750708,8.01,8.01,8.01,8.01
19750709,8.02,8.02,8.02,8.02
19750710,8.02,8.02,8.02,8.02
19750711,7.99,7.99,7.99,7.99
19750714,7.99,7.99,7.99,7.99
19750715,7.98,7.98,7.98,7.98
19750716,8.03,8.03,8.03,8.03
19750717,8.04,8.04,8.04,8.04
19750718,8.06,8.06,8.06,8.06
19750721,8.07,8.07,8.07,8.07
19750722,8.10,8.10,8.10,8.10
19750723,8.09,8.09,8.09,8.09
19750724,8.09,8.09,8.09,8.09
19750725,8.12,8.12,8.12,8.12
19750728,8.12,8.12,8.12,8.12
19750729,8.13,8.13,8.13,8.13
19750730,8.16,8.16,8.16,8.16
19750731,8.20,8.20,8.20,8.20
19750801,8.26,8.26,8.26,8.26
19750804,8.37,8.37,8.37,8.37
19750805,8.37,8.37,8.37,8.37
19750806,8.40,8.40,8.40,8.40
19750807,8.48,8.48,8.48,8.48
19750808,8.40,8.40,8.40,8.40
19750811,8.38,8.38,8.38,8.38
19750812,8.40,8.40,8.40,8.40
19750813,8.39,8.39,8.39,8.39
19750814,8.45,8.45,8.45,8.45
19750815,8.48,8.48,8.48,8.48
19750818,8.46,8.46,8.46,8.46
19750819,8.42,8.42,8.42,8.42
19750820,8.42,8.42,8.42,8.42
19750821,8.48,8.48,8.48,8.48
19750822,8.46,8.46,8.46,8.46
19750825,8.46,8.46,8.46,8.46
19750826,8.40,8.40,8.40,8.40
19750827,8.37,8.37,8.37,8.37
19750828,8.28,8.28,8.28,8.28
19750829,8.22,8.22,8.22,8.22
19750902,8.26,8.26,8.26,8.26
19750903,8.29,8.29,8.29,8.29
19750904,8.29,8.29,8.29,8.29
19750905,8.35,8.35,8.35,8.35
19750908,8.36,8.36,8.36,8.36
19750909,8.40,8.40,8.40,8.40
19750910,8.46,8.46,8.46,8.46
19750911,8.55,8.55,8.55,8.55
19750912,8.57,8.57,8.57,8.57
19750915,8.58,8.58,8.58,8.58
19750916,8.59,8.59,8.59,8.59
19750917,8.53,8.53,8.53,8.53
19750918,8.50,8.50,8.50,8.50
19750919,8.42,8.42,8.42,8.42
19750922,8.38,8.38,8.38,8.38
19750923,8.35,8.35,8.35,8.35
19750924,8.31,8.31,8.31,8.31
19750925,8.38,8.38,8.38,8.38
19750926,8.45,8.45,8.45,8.45
19750929,8.46,8.46,8.46,8.46
19750930,8.48,8.48,8.48,8.48
19751001,8.47,8.47,8.47,8.47
19751002,8.44,8.44,8.44,8.44
19751003,8.33,8.33,8.33,8.33
19751006,8.30,8.30,8.30,8.30
19751007,8.33,8.33,8.33,8.33
19751008,8.30,8.30,8.30,8.30
19751009,8.23,8.23,8.23,8.23
19751010,8.15,8.15,8.15,8.15
19751014,8.19,8.19,8.19,8.19
19751015,8.19,8.19,8.19,8.19
19751016,8.07,8.07,8.07,8.07
19751017,8.07,8.07,8.07,8.07
19751020,8.07,8.07,8.07,8.07
19751021,8.05,8.05,8.05,8.05
19751022,8.05,8.05,8.05,8.05
19751023,7.99,7.99,7.99,7.99
19751024,8.00,8.00,8.00,8.00
19751027,8.00,8.00,8.00,8.00
19751028,7.99,7.99,7.99,7.99
19751029,7.98,7.98,7.98,7.98
19751030,7.92,7.92,7.92,7.92
19751031,7.91,7.91,7.91,7.91
19751105,7.97,7.97,7.97,7.97
19751106,7.91,7.91,7.91,7.91
19751107,7.94,7.94,7.94,7.94
19751110,7.91,7.91,7.91,7.91
19751111,7.90,7.90,7.90,7.90
19751112,7.95,7.95,7.95,7.95
19751113,7.97,7.97,7.97,7.97
19751114,8.06,8.06,8.06,8.06
19751117,8.08,8.08,8.08,8.08
19751118,8.13,8.13,8.13,8.13
19751119,8.14,8.14,8.14,8.14
19751120,8.12,8.12,8.12,8.12
19751121,8.21,8.21,8.21,8.21
19751124,8.16,8.16,8.16,8.16
19751125,8.16,8.16,8.16,8.16
19751126,8.15,8.15,8.15,8.15
19751128,8.14,8.14,8.14,8.14
19751201,8.12,8.12,8.12,8.12
19751202,8.10,8.10,8.10,8.10
19751203,8.10,8.10,8.10,8.10
19751204,8.15,8.15,8.15,8.15
19751205,8.13,8.13,8.13,8.13
19751208,8.19,8.19,8.19,8.19
19751209,8.23,8.23,8.23,8.23
19751210,8.23,8.23,8.23,8.23
19751211,8.16,8.16,8.16,8.16
19751212,8.12,8.12,8.12,8.12
19751215,8.06,8.06,8.06,8.06
19751216,8.00,8.00,8.00,8.00
19751217,7.95,7.95,7.95,7.95
19751218,7.96,7.96,7.96,7.96
19751219,7.88,7.88,7.88,7.88
19751222,7.87,7.87,7.87,7.87
19751223,7.87,7.87,7.87,7.87
19751224,7.82,7.82,7.82,7.82
19751226,7.75,7.75,7.75,7.75
19751229,7.75,7.75,7.75,7.75
19751230,7.73,7.73,7.73,7.73
19751231,7.76,7.76,7.76,7.76
19760102,7.77,7.77,7.77,7.77
19760105,7.74,7.74,7.74,7.74
19760106,7.64,7.64,7.64,7.64
19760107,7.69,7.69,7.69,7.69
19760108,7.74,7.74,7.74,7.74
19760109,7.64,7.64,7.64,7.64
19760112,7.63,7.63,7.63,7.63
19760113,7.64,7.64,7.64,7.64
19760114,7.71,7.71,7.71,7.71
19760115,7.73,7.73,7.73,7.73
19760116,7.79,7.79,7.79,7.79
19760119,7.76,7.76,7.76,7.76
19760120,7.71,7.71,7.71,7.71
19760121,7.78,7.78,7.78,7.78
19760122,7.80,7.80,7.80,7.80
19760123,7.78,7.78,7.78,7.78
19760126,7.79,7.79,7.79,7.79
19760127,7.80,7.80,7.80,7.80
19760128,7.83,7.83,7.83,7.83
19760129,7.82,7.82,7.82,7.82
19760130,7.80,7.80,7.80,7.80
19760202,7.80,7.80,7.80,7.80
19760203,7.82,7.82,7.82,7.82
19760204,7.85,7.85,7.85,7.85
19760205,7.83,7.83,7.83,7.83
19760206,7.88,7.88,7.88,7.88
19760209,7.86,7.86,7.86,7.86
19760210,7.88,7.88,7.88,7.88
19760211,7.85,7.85,7.85,7.85
19760213,7.82,7.82,7.82,7.82
19760217,7.78,7.78,7.78,7.78
19760218,7.79,7.79,7.79,7.79
19760219,7.80,7.80,7.80,7.80
19760220,7.77,7.77,7.77,7.77
19760223,7.72,7.72,7.72,7.72
19760224,7.69,7.69,7.69,7.69
19760225,7.68,7.68,7.68,7.68
19760226,7.68,7.68,7.68,7.68
19760227,7.77,7.77,7.77,7.77
19760301,7.86,7.86,7.86,7.86
19760302,7.82,7.82,7.82,7.82
19760303,7.82,7.82,7.82,7.82
19760304,7.85,7.85,7.85,7.85
19760305,7.80,7.80,7.80,7.80
19760308,7.76,7.76,7.76,7.76
19760309,7.78,7.78,7.78,7.78
19760310,7.76,7.76,7.76,7.76
19760311,7.77,7.77,7.77,7.77
19760312,7.71,7.71,7.71,7.71
19760315,7.74,7.74,7.74,7.74
19760316,7.76,7.76,7.76,7.76
19760317,7.76,7.76,7.76,7.76
19760318,7.73,7.73,7.73,7.73
19760319,7.74,7.74,7.74,7.74
19760322,7.68,7.68,7.68,7.68
19760323,7.67,7.67,7.67,7.67
19760324,7.65,7.65,7.65,7.65
19760325,7.64,7.64,7.64,7.64
19760326,7.64,7.64,7.64,7.64
19760329,7.64,7.64,7.64,7.64
19760330,7.65,7.65,7.65,7.65
19760331,7.66,7.66,7.66,7.66
19760401,7.68,7.68,7.68,7.68
19760402,7.67,7.67,7.67,7.67
19760405,7.62,7.62,7.62,7.62
19760406,7.59,7.59,7.59,7.59
19760407,7.56,7.56,7.56,7.56
19760408,7.55,7.55,7.55,7.55
19760409,7.52,7.52,7.52,7.52
19760412,7.52,7.52,7.52,7.52
19760413,7.50,7.50,7.50,7.50
19760414,7.47,7.47,7.47,7.47
19760415,7.47,7.47,7.47,7.47
19760419,7.51,7.51,7.51,7.51
19760420,7.50,7.50,7.50,7.50
19760421,7.47,7.47,7.47,7.47
19760422,7.52,7.52,7.52,7.52
19760423,7.59,7.59,7.59,7.59
19760426,7.61,7.61,7.61,7.61
19760427,7.62,7.62,7.62,7.62
19760428,7.60,7.60,7.60,7.60
19760429,7.61,7.61,7.61,7.61
19760430,7.67,7.67,7.67,7.67
19760503,7.69,7.69,7.69,7.69
19760504,7.66,7.66,7.66,7.66
19760505,7.68,7.68,7.68,7.68
19760506,7.78,7.78,7.78,7.78
19760507,7.87,7.87,7.87,7.87
19760510,7.92,7.92,7.92,7.92
19760511,7.92,7.92,7.92,7.92
19760512,7.94,7.94,7.94,7.94
19760513,7.92,7.92,7.92,7.92
19760514,7.93,7.93,7.93,7.93
19760517,7.94,7.94,7.94,7.94
19760518,7.94,7.94,7.94,7.94
19760519,7.94,7.94,7.94,7.94
19760520,7.95,7.95,7.95,7.95
19760521,8.00,8.00,8.00,8.00
19760524,7.98,7.98,7.98,7.98
19760525,7.94,7.94,7.94,7.94
19760526,7.95,7.95,7.95,7.95
19760527,7.99,7.99,7.99,7.99
19760528,7.96,7.96,7.96,7.96
19760601,7.94,7.94,7.94,7.94
19760602,7.94,7.94,7.94,7.94
19760603,7.92,7.92,7.92,7.92
19760604,7.89,7.89,7.89,7.89
19760607,7.88,7.88,7.88,7.88
19760608,7.90,7.90,7.90,7.90
19760609,7.90,7.90,7.90,7.90
19760610,7.86,7.86,7.86,7.86
19760611,7.86,7.86,7.86,7.86
19760614,7.84,7.84,7.84,7.84
19760615,7.85,7.85,7.85,7.85
19760616,7.87,7.87,7.87,7.87
19760617,7.85,7.85,7.85,7.85
19760618,7.81,7.81,7.81,7.81
19760621,7.80,7.80,7.80,7.80
19760622,7.81,7.81,7.81,7.81
19760623,7.81,7.81,7.81,7.81
19760624,7.81,7.81,7.81,7.81
19760625,7.83,7.83,7.83,7.83
19760628,7.86,7.86,7.86,7.86
19760629,7.86,7.86,7.86,7.86
19760630,7.86,7.86,7.86,7.86
19760701,7.88,7.88,7.88,7.88
19760702,7.84,7.84,7.84,7.84
19760706,7.82,7.82,7.82,7.82
19760707,7.84,7.84,7.84,7.84
19760708,7.82,7.82,7.82,7.82
19760709,7.78,7.78,7.78,7.78
19760712,7.76,7.76,7.76,7.76
19760713,7.77,7.77,7.77,7.77
19760714,7.79,7.79,7.79,7.79
19760715,7.77,7.77,7.77,7.77
19760716,7.83,7.83,7.83,7.83
19760719,7.86,7.86,7.86,7.86
19760720,7.87,7.87,7.87,7.87
19760721,7.86,7.86,7.86,7.86
19760722,7.86,7.86,7.86,7.86
19760723,7.84,7.84,7.84,7.84
19760726,7.87,7.87,7.87,7.87
19760727,7.85,7.85,7.85,7.85
19760728,7.85,7.85,7.85,7.85
19760729,7.85,7.85,7.85,7.85
19760730,7.86,7.86,7.86,7.86
19760802,7.85,7.85,7.85,7.85
19760803,7.82,7.82,7.82,7.82
19760804,7.81,7.81,7.81,7.81
19760805,7.82,7.82,7.82,7.82
19760806,7.84,7.84,7.84,7.84
19760809,7.84,7.84,7.84,7.84
19760810,7.84,7.84,7.84,7.84
19760811,7.82,7.82,7.82,7.82
19760812,7.81,7.81,7.81,7.81
19760813,7.78,7.78,7.78,7.78
19760816,7.74,7.74,7.74,7.74
19760817,7.75,7.75,7.75,7.75
19760818,7.76,7.76,7.76,7.76
19760819,7.76,7.76,7.76,7.76
19760820,7.76,7.76,7.76,7.76
19760823,7.73,7.73,7.73,7.73
19760824,7.72,7.72,7.72,7.72
19760825,7.69,7.69,7.69,7.69
19760826,7.68,7.68,7.68,7.68
19760827,7.72,7.72,7.72,7.72
19760830,7.71,7.71,7.71,7.71
19760831,7.66,7.66,7.66,7.66
19760901,7.64,7.64,7.64,7.64
19760902,7.67,7.67,7.67,7.67
19760903,7.65,7.65,7.65,7.65
19760907,7.64,7.64,7.64,7.64
19760908,7.64,7.64,7.64,7.64
19760909,7.66,7.66,7.66,7.66
19760910,7.64,7.64,7.64,7.64
19760913,7.64,7.64,7.64,7.64
19760914,7.64,7.64,7.64,7.64
19760915,7.62,7.62,7.62,7.62
19760916,7.60,7.60,7.60,7.60
19760917,7.49,7.49,7.49,7.49
19760920,7.52,7.52,7.52,7.52
19760921,7.51,7.51,7.51,7.51
19760922,7.53,7.53,7.53,7.53
19760923,7.54,7.54,7.54,7.54
19760924,7.58,7.58,7.58,7.58
19760927,7.60,7.60,7.60,7.60
19760928,7.56,7.56,7.56,7.56
19760929,7.56,7.56,7.56,7.56
19760930,7.55,7.55,7.55,7.55
19761001,7.49,7.49,7.49,7.49
19761004,7.46,7.46,7.46,7.46
19761005,7.47,7.47,7.47,7.47
19761006,7.44,7.44,7.44,7.44
19761007,7.43,7.43,7.43,7.43
19761008,7.38,7.38,7.38,7.38
19761012,7.35,7.35,7.35,7.35
19761013,7.35,7.35,7.35,7.35
19761014,7.34,7.34,7.34,7.34
19761015,7.31,7.31,7.31,7.31
19761018,7.31,7.31,7.31,7.31
19761019,7.35,7.35,7.35,7.35
19761020,7.38,7.38,7.38,7.38
19761021,7.39,7.39,7.39,7.39
19761022,7.48,7.48,7.48,7.48
19761025,7.53,7.53,7.53,7.53
19761026,7.48,7.48,7.48,7.48
19761027,7.45,7.45,7.45,7.45
19761028,7.41,7.41,7.41,7.41
19761029,7.42,7.42,7.42,7.42
19761101,7.38,7.38,7.38,7.38
19761103,7.44,7.44,7.44,7.44
19761104,7.38,7.38,7.38,7.38
19761105,7.41,7.41,7.41,7.41
19761108,7.46,7.46,7.46,7.46
19761109,7.46,7.46,7.46,7.46
19761110,7.45,7.45,7.45,7.45
19761112,7.43,7.43,7.43,7.43
19761115,7.41,7.41,7.41,7.41
19761116,7.33,7.33,7.33,7.33
19761117,7.32,7.32,7.32,7.32
19761118,7.33,7.33,7.33,7.33
19761119,7.24,7.24,7.24,7.24
19761122,7.17,7.17,7.17,7.17
19761123,7.16,7.16,7.16,7.16
19761124,7.14,7.14,7.14,7.14
19761126,6.99,6.99,6.99,6.99
19761129,7.02,7.02,7.02,7.02
19761130,7.01,7.01,7.01,7.01
19761201,6.97,6.97,6.97,6.97
19761202,6.92,6.92,6.92,6.92
19761203,6.86,6.86,6.86,6.86
19761206,6.87,6.87,6.87,6.87
19761207,6.88,6.88,6.88,6.88
19761208,6.91,6.91,6.91,6.91
19761209,6.92,6.92,6.92,6.92
19761210,6.82,6.82,6.82,6.82
19761213,6.90,6.90,6.90,6.90
19761214,6.89,6.89,6.89,6.89
19761215,6.88,6.88,6.88,6.88
19761216,6.88,6.88,6.88,6.88
19761217,6.88,6.88,6.88,6.88
19761220,6.84,6.84,6.84,6.84
19761221,6.85,6.85,6.85,6.85
19761222,6.86,6.86,6.86,6.86
19761223,6.84,6.84,6.84,6.84
19761227,6.84,6.84,6.84,6.84
19761228,6.86,6.86,6.86,6.86
19761229,6.84,6.84,6.84,6.84
19761230,6.80,6.80,6.80,6.80
19761231,6.81,6.81,6.81,6.81
19770103,6.84,6.84,6.84,6.84
19770104,6.90,6.90,6.90,6.90
19770105,6.88,6.88,6.88,6.88
19770106,6.93,6.93,6.93,6.93
19770107,7.07,7.07,7.07,7.07
19770110,7.20,7.20,7.20,7.20
19770111,7.28,7.28,7.28,7.28
19770112,7.26,7.26,7.26,7.26
19770113,7.18,7.18,7.18,7.18
19770114,7.28,7.28,7.28,7.28
19770117,7.28,7.28,7.28,7.28
19770118,7.34,7.34,7.34,7.34
19770119,7.28,7.28,7.28,7.28
19770120,7.26,7.26,7.26,7.26
19770121,7.28,7.28,7.28,7.28
19770124,7.34,7.34,7.34,7.34
19770125,7.32,7.32,7.32,7.32
19770126,7.33,7.33,7.33,7.33
19770127,7.43,7.43,7.43,7.43
19770128,7.40,7.40,7.40,7.40
19770131,7.40,7.40,7.40,7.40
19770201,7.41,7.41,7.41,7.41
19770202,7.47,7.47,7.47,7.47
19770203,7.46,7.46,7.46,7.46
19770204,7.28,7.28,7.28,7.28
19770207,7.34,7.34,7.34,7.34
19770208,7.35,7.35,7.35,7.35
19770209,7.34,7.34,7.34,7.34
19770210,7.34,7.34,7.34,7.34
19770211,7.36,7.36,7.36,7.36
19770214,7.38,7.38,7.38,7.38
19770215,7.36,7.36,7.36,7.36
19770216,7.34,7.34,7.34,7.34
19770217,7.26,7.26,7.26,7.26
19770218,7.41,7.41,7.41,7.41
19770222,7.42,7.42,7.42,7.42
19770223,7.48,7.48,7.48,7.48
19770224,7.50,7.50,7.50,7.50
19770225,7.48,7.48,7.48,7.48
19770228,7.45,7.45,7.45,7.45
19770301,7.49,7.49,7.49,7.49
19770302,7.45,7.45,7.45,7.45
19770303,7.43,7.43,7.43,7.43
19770304,7.48,7.48,7.48,7.48
19770307,7.50,7.50,7.50,7.50
19770308,7.52,7.52,7.52,7.52
19770309,7.50,7.50,7.50,7.50
19770310,7.49,7.49,7.49,7.49
19770311,7.44,7.44,7.44,7.44
19770314,7.45,7.45,7.45,7.45
19770315,7.44,7.44,7.44,7.44
19770316,7.44,7.44,7.44,7.44
19770317,7.47,7.47,7.47,7.47
19770318,7.44,7.44,7.44,7.44
19770321,7.43,7.43,7.43,7.43
19770322,7.43,7.43,7.43,7.43
19770323,7.44,7.44,7.44,7.44
19770324,7.46,7.46,7.46,7.46
19770325,7.48,7.48,7.48,7.48
19770328,7.47,7.47,7.47,7.47
19770329,7.47,7.47,7.47,7.47
19770330,7.44,7.44,7.44,7.44
19770331,7.42,7.42,7.42,7.42
19770401,7.43,7.43,7.43,7.43
19770404,7.44,7.44,7.44,7.44
19770405,7.47,7.47,7.47,7.47
19770406,7.46,7.46,7.46,7.46
19770407,7.43,7.43,7.43,7.43
19770411,7.39,7.39,7.39,7.39
19770412,7.39,7.39,7.39,7.39
19770413,7.36,7.36,7.36,7.36
19770414,7.22,7.22,7.22,7.22
19770415,7.25,7.25,7.25,7.25
19770418,7.25,7.25,7.25,7.25
19770419,7.30,7.30,7.30,7.30
19770420,7.32,7.32,7.32,7.32
19770421,7.33,7.33,7.33,7.33
19770422,7.36,7.36,7.36,7.36
19770425,7.40,7.40,7.40,7.40
19770426,7.38,7.38,7.38,7.38
19770427,7.38,7.38,7.38,7.38
19770428,7.40,7.40,7.40,7.40
19770429,7.45,7.45,7.45,7.45
19770502,7.45,7.45,7.45,7.45
19770503,7.44,7.44,7.44,7.44
19770504,7.45,7.45,7.45,7.45
19770505,7.47,7.47,7.47,7.47
19770506,7.50,7.50,7.50,7.50
19770509,7.50,7.50,7.50,7.50
19770510,7.52,7.52,7.52,7.52
19770511,7.52,7.52,7.52,7.52
19770512,7.50,7.50,7.50,7.50
19770513,7.48,7.48,7.48,7.48
19770516,7.46,7.46,7.46,7.46
19770517,7.45,7.45,7.45,7.45
19770518,7.43,7.43,7.43,7.43
19770519,7.49,7.49,7.49,7.49
19770520,7.49,7.49,7.49,7.49
19770523,7.46,7.46,7.46,7.46
19770524,7.41,7.41,7.41,7.41
19770525,7.39,7.39,7.39,7.39
19770526,7.42,7.42,7.42,7.42
19770527,7.38,7.38,7.38,7.38
19770531,7.38,7.38,7.38,7.38
19770601,7.38,7.38,7.38,7.38
19770602,7.39,7.39,7.39,7.39
19770603,7.36,7.36,7.36,7.36
19770606,7.37,7.37,7.37,7.37
19770607,7.36,7.36,7.36,7.36
19770608,7.36,7.36,7.36,7.36
19770609,7.35,7.35,7.35,7.35
19770610,7.30,7.30,7.30,7.30
19770613,7.27,7.27,7.27,7.27
19770614,7.22,7.22,7.22,7.22
19770615,7.23,7.23,7.23,7.23
19770616,7.24,7.24,7.24,7.24
19770617,7.24,7.24,7.24,7.24
19770620,7.27,7.27,7.27,7.27
19770621,7.26,7.26,7.26,7.26
19770622,7.25,7.25,7.25,7.25
19770623,7.26,7.26,7.26,7.26
19770624,7.20,7.20,7.20,7.20
19770627,7.20,7.20,7.20,7.20
19770628,7.16,7.16,7.16,7.16
19770629,7.19,7.19,7.19,7.19
19770630,7.20,7.20,7.20,7.20
19770701,7.34,7.34,7.34,7.34
19770705,7.35,7.35,7.35,7.35
19770706,7.37,7.37,7.37,7.37
19770707,7.29,7.29,7.29,7.29
19770708,7.31,7.31,7.31,7.31
19770711,7.33,7.33,7.33,7.33
19770712,7.32,7.32,7.32,7.32
19770713,7.28,7.28,7.28,7.28
19770715,7.31,7.31,7.31,7.31
19770718,7.34,7.34,7.34,7.34
19770719,7.33,7.33,7.33,7.33
19770720,7.32,7.32,7.32,7.32
19770721,7.32,7.32,7.32,7.32
19770722,7.31,7.31,7.31,7.31
19770725,7.28,7.28,7.28,7.28
19770726,7.28,7.28,7.28,7.28
19770727,7.36,7.36,7.36,7.36
19770728,7.41,7.41,7.41,7.41
19770729,7.42,7.42,7.42,7.42
19770801,7.43,7.43,7.43,7.43
19770802,7.44,7.44,7.44,7.44
19770803,7.42,7.42,7.42,7.42
19770804,7.43,7.43,7.43,7.43
19770805,7.42,7.42,7.42,7.42
19770808,7.41,7.41,7.41,7.41
19770809,7.45,7.45,7.45,7.45
19770810,7.46,7.46,7.46,7.46
19770811,7.47,7.47,7.47,7.47
19770812,7.48,7.48,7.48,7.48
19770815,7.48,7.48,7.48,7.48
19770816,7.48,7.48,7.48,7.48
19770817,7.44,7.44,7.44,7.44
19770818,7.42,7.42,7.42,7.42
19770819,7.40,7.40,7.40,7.40
19770822,7.39,7.39,7.39,7.39
19770823,7.36,7.36,7.36,7.36
19770824,7.35,7.35,7.35,7.35
19770825,7.32,7.32,7.32,7.32
19770826,7.27,7.27,7.27,7.27
19770829,7.25,7.25,7.25,7.25
19770830,7.27,7.27,7.27,7.27
19770831,7.28,7.28,7.28,7.28
19770901,7.30,7.30,7.30,7.30
19770902,7.24,7.24,7.24,7.24
19770906,7.24,7.24,7.24,7.24
19770907,7.26,7.26,7.26,7.26
19770908,7.28,7.28,7.28,7.28
19770909,7.36,7.36,7.36,7.36
19770912,7.38,7.38,7.38,7.38
19770913,7.37,7.37,7.37,7.37
19770914,7.34,7.34,7.34,7.34
19770915,7.33,7.33,7.33,7.33
19770916,7.32,7.32,7.32,7.32
19770919,7.32,7.32,7.32,7.32
19770920,7.36,7.36,7.36,7.36
19770921,7.36,7.36,7.36,7.36
19770922,7.39,7.39,7.39,7.39
19770923,7.39,7.39,7.39,7.39
19770926,7.42,7.42,7.42,7.42
19770927,7.38,7.38,7.38,7.38
19770928,7.38,7.38,7.38,7.38
19770929,7.39,7.39,7.39,7.39
19770930,7.41,7.41,7.41,7.41
19771003,7.41,7.41,7.41,7.41
19771004,7.40,7.40,7.40,7.40
19771005,7.40,7.40,7.40,7.40
19771006,7.44,7.44,7.44,7.44
19771007,7.48,7.48,7.48,7.48
19771011,7.54,7.54,7.54,7.54
19771012,7.54,7.54,7.54,7.54
19771013,7.54,7.54,7.54,7.54
19771014,7.54,7.54,7.54,7.54
19771017,7.55,7.55,7.55,7.55
19771018,7.55,7.55,7.55,7.55
19771019,7.54,7.54,7.54,7.54
19771020,7.54,7.54,7.54,7.54
19771021,7.55,7.55,7.55,7.55
19771024,7.56,7.56,7.56,7.56
19771025,7.58,7.58,7.58,7.58
19771026,7.57,7.57,7.57,7.57
19771027,7.56,7.56,7.56,7.56
19771028,7.56,7.56,7.56,7.56
19771031,7.62,7.62,7.62,7.62
19771101,7.63,7.63,7.63,7.63
19771102,7.69,7.69,7.69,7.69
19771103,7.68,7.68,7.68,7.68
19771104,7.64,7.64,7.64,7.64
19771107,7.62,7.62,7.62,7.62
19771109,7.60,7.60,7.60,7.60
19771110,7.59,7.59,7.59,7.59
19771114,7.56,7.56,7.56,7.56
19771115,7.56,7.56,7.56,7.56
19771116,7.55,7.55,7.55,7.55
19771117,7.54,7.54,7.54,7.54
19771118,7.54,7.54,7.54,7.54
19771121,7.56,7.56,7.56,7.56
19771122,7.54,7.54,7.54,7.54
19771123,7.52,7.52,7.52,7.52
19771125,7.52,7.52,7.52,7.52
19771128,7.53,7.53,7.53,7.53
19771129,7.55,7.55,7.55,7.55
19771130,7.55,7.55,7.55,7.55
19771201,7.58,7.58,7.58,7.58
19771202,7.59,7.59,7.59,7.59
19771205,7.60,7.60,7.60,7.60
19771206,7.63,7.63,7.63,7.63
19771207,7.63,7.63,7.63,7.63
19771208,7.64,7.64,7.64,7.64
19771209,7.63,7.63,7.63,7.63
19771212,7.64,7.64,7.64,7.64
19771213,7.65,7.65,7.65,7.65
19771214,7.66,7.66,7.66,7.66
19771215,7.67,7.67,7.67,7.67
19771216,7.67,7.67,7.67,7.67
19771219,7.69,7.69,7.69,7.69
19771220,7.74,7.74,7.74,7.74
19771221,7.72,7.72,7.72,7.72
19771222,7.75,7.75,7.75,7.75
19771223,7.75,7.75,7.75,7.75
19771227,7.77,7.77,7.77,7.77
19771228,7.78,7.78,7.78,7.78
19771229,7.82,7.82,7.82,7.82
19771230,7.78,7.78,7.78,7.78
19780103,7.83,7.83,7.83,7.83
19780104,7.82,7.82,7.82,7.82
19780105,7.83,7.83,7.83,7.83
19780106,7.85,7.85,7.85,7.85
19780109,8.01,8.01,8.01,8.01
19780110,8.02,8.02,8.02,8.02
19780111,8.03,8.03,8.03,8.03
19780112,8.02,8.02,8.02,8.02
19780113,7.98,7.98,7.98,7.98
19780116,7.98,7.98,7.98,7.98
19780117,7.98,7.98,7.98,7.98
19780118,7.98,7.98,7.98,7.98
19780119,7.97,7.97,7.97,7.97
19780120,7.97,7.97,7.97,7.97
19780123,7.97,7.97,7.97,7.97
19780124,7.99,7.99,7.99,7.99
19780125,8.00,8.00,8.00,8.00
19780126,7.98,7.98,7.98,7.98
19780127,7.97,7.97,7.97,7.97
19780130,7.96,7.96,7.96,7.96
19780131,7.94,7.94,7.94,7.94
19780201,7.96,7.96,7.96,7.96
19780202,7.96,7.96,7.96,7.96
19780203,7.97,7.97,7.97,7.97
19780206,7.99,7.99,7.99,7.99
19780207,7.99,7.99,7.99,7.99
19780208,8.00,8.00,8.00,8.00
19780209,8.01,8.01,8.01,8.01
19780210,8.02,8.02,8.02,8.02
19780214,8.05,8.05,8.05,8.05
19780215,8.08,8.08,8.08,8.08
19780216,8.10,8.10,8.10,8.10
19780217,8.09,8.09,8.09,8.09
19780221,8.10,8.10,8.10,8.10
19780222,8.10,8.10,8.10,8.10
19780223,8.08,8.08,8.08,8.08
19780224,8.04,8.04,8.04,8.04
19780227,8.02,8.02,8.02,8.02
19780228,8.04,8.04,8.04,8.04
19780301,8.05,8.05,8.05,8.05
19780302,8.04,8.04,8.04,8.04
19780303,8.04,8.04,8.04,8.04
19780306,8.05,8.05,8.05,8.05
19780307,8.03,8.03,8.03,8.03
19780308,8.03,8.03,8.03,8.03
19780309,8.02,8.02,8.02,8.02
19780310,8.00,8.00,8.00,8.00
19780313,7.99,7.99,7.99,7.99
19780314,7.99,7.99,7.99,7.99
19780315,8.00,8.00,8.00,8.00
19780316,8.00,8.00,8.00,8.00
19780317,8.00,8.00,8.00,8.00
19780320,7.97,7.97,7.97,7.97
19780321,7.97,7.97,7.97,7.97
19780322,7.98,7.98,7.98,7.98
19780323,8.01,8.01,8.01,8.01
19780327,8.12,8.12,8.12,8.12
19780328,8.12,8.12,8.12,8.12
19780329,8.11,8.11,8.11,8.11
19780330,8.12,8.12,8.12,8.12
19780331,8.15,8.15,8.15,8.15
19780403,8.13,8.13,8.13,8.13
19780404,8.12,8.12,8.12,8.12
19780405,8.14,8.14,8.14,8.14
19780406,8.16,8.16,8.16,8.16
19780407,8.14,8.14,8.14,8.14
19780410,8.15,8.15,8.15,8.15
19780411,8.16,8.16,8.16,8.16
19780412,8.16,8.16,8.16,8.16
19780413,8.15,8.15,8.15,8.15
19780414,8.12,8.12,8.12,8.12
19780417,8.08,8.08,8.08,8.08
19780418,8.08,8.08,8.08,8.08
19780419,8.13,8.13,8.13,8.13
19780420,8.14,8.14,8.14,8.14
19780421,8.16,8.16,8.16,8.16
19780424,8.18,8.18,8.18,8.18
19780425,8.18,8.18,8.18,8.18
19780426,8.22,8.22,8.22,8.22
19780427,8.24,8.24,8.24,8.24
19780428,8.24,8.24,8.24,8.24
19780501,8.24,8.24,8.24,8.24
19780502,8.25,8.25,8.25,8.25
19780503,8.28,8.28,8.28,8.28
19780504,8.27,8.27,8.27,8.27
19780505,8.34,8.34,8.34,8.34
19780508,8.35,8.35,8.35,8.35
19780509,8.34,8.34,8.34,8.34
19780510,8.34,8.34,8.34,8.34
19780511,8.34,8.34,8.34,8.34
19780512,8.36,8.36,8.36,8.36
19780515,8.35,8.35,8.35,8.35
19780516,8.34,8.34,8.34,8.34
19780517,8.33,8.33,8.33,8.33
19780518,8.37,8.37,8.37,8.37
19780519,8.38,8.38,8.38,8.38
19780522,8.38,8.38,8.38,8.38
19780523,8.37,8.37,8.37,8.37
19780524,8.39,8.39,8.39,8.39
19780525,8.40,8.40,8.40,8.40
19780526,8.42,8.42,8.42,8.42
19780531,8.42,8.42,8.42,8.42
19780601,8.41,8.41,8.41,8.41
19780602,8.39,8.39,8.39,8.39
19780605,8.38,8.38,8.38,8.38
19780606,8.37,8.37,8.37,8.37
19780607,8.37,8.37,8.37,8.37
19780608,8.38,8.38,8.38,8.38
19780609,8.41,8.41,8.41,8.41
19780612,8.40,8.40,8.40,8.40
19780613,8.41,8.41,8.41,8.41
19780614,8.41,8.41,8.41,8.41
19780615,8.41,8.41,8.41,8.41
19780616,8.43,8.43,8.43,8.43
19780619,8.45,8.45,8.45,8.45
19780620,8.47,8.47,8.47,8.47
19780621,8.50,8.50,8.50,8.50
19780622,8.50,8.50,8.50,8.50
19780623,8.55,8.55,8.55,8.55
19780626,8.59,8.59,8.59,8.59
19780627,8.58,8.58,8.58,8.58
19780628,8.57,8.57,8.57,8.57
19780629,8.57,8.57,8.57,8.57
19780630,8.62,8.62,8.62,8.62
19780703,8.59,8.59,8.59,8.59
19780705,8.62,8.62,8.62,8.62
19780706,8.62,8.62,8.62,8.62
19780707,8.66,8.66,8.66,8.66
19780710,8.68,8.68,8.68,8.68
19780711,8.68,8.68,8.68,8.68
19780712,8.67,8.67,8.67,8.67
19780713,8.68,8.68,8.68,8.68
19780714,8.68,8.68,8.68,8.68
19780717,8.65,8.65,8.65,8.65
19780718,8.63,8.63,8.63,8.63
19780719,8.62,8.62,8.62,8.62
19780720,8.66,8.66,8.66,8.66
19780721,8.67,8.67,8.67,8.67
19780724,8.67,8.67,8.67,8.67
19780725,8.67,8.67,8.67,8.67
19780726,8.66,8.66,8.66,8.66
19780727,8.58,8.58,8.58,8.58
19780728,8.55,8.55,8.55,8.55
19780731,8.56,8.56,8.56,8.56
19780801,8.54,8.54,8.54,8.54
19780802,8.44,8.44,8.44,8.44
19780803,8.39,8.39,8.39,8.39
19780804,8.38,8.38,8.38,8.38
19780807,8.36,8.36,8.36,8.36
19780808,8.35,8.35,8.35,8.35
19780809,8.34,8.34,8.34,8.34
19780810,8.45,8.45,8.45,8.45
19780811,8.44,8.44,8.44,8.44
19780814,8.45,8.45,8.45,8.45
19780815,8.46,8.46,8.46,8.46
19780816,8.55,8.55,8.55,8.55
19780817,8.48,8.48,8.48,8.48
19780818,8.46,8.46,8.46,8.46
19780821,8.41,8.41,8.41,8.41
19780822,8.41,8.41,8.41,8.41
19780823,8.32,8.32,8.32,8.32
19780824,8.35,8.35,8.35,8.35
19780825,8.34,8.34,8.34,8.34
19780828,8.35,8.35,8.35,8.35
19780829,8.37,8.37,8.37,8.37
19780830,8.42,8.42,8.42,8.42
19780831,8.39,8.39,8.39,8.39
19780901,8.38,8.38,8.38,8.38
19780905,8.34,8.34,8.34,8.34
19780906,8.35,8.35,8.35,8.35
19780907,8.34,8.34,8.34,8.34
19780908,8.34,8.34,8.34,8.34
19780911,8.31,8.31,8.31,8.31
19780912,8.29,8.29,8.29,8.29
19780913,8.30,8.30,8.30,8.30
19780914,8.32,8.32,8.32,8.32
19780915,8.35,8.35,8.35,8.35
19780918,8.37,8.37,8.37,8.37
19780919,8.38,8.38,8.38,8.38
19780920,8.46,8.46,8.46,8.46
19780921,8.51,8.51,8.51,8.51
19780922,8.56,8.56,8.56,8.56
19780925,8.56,8.56,8.56,8.56
19780926,8.53,8.53,8.53,8.53
19780927,8.54,8.54,8.54,8.54
19780928,8.54,8.54,8.54,8.54
19780929,8.56,8.56,8.56,8.56
19781002,8.58,8.58,8.58,8.58
19781003,8.57,8.57,8.57,8.57
19781004,8.59,8.59,8.59,8.59
19781005,8.60,8.60,8.60,8.60
19781006,8.58,8.58,8.58,8.58
19781010,8.58,8.58,8.58,8.58
19781011,8.56,8.56,8.56,8.56
19781012,8.51,8.51,8.51,8.51
19781013,8.52,8.52,8.52,8.52
19781016,8.59,8.59,8.59,8.59
19781017,8.60,8.60,8.60,8.60
19781018,8.62,8.62,8.62,8.62
19781019,8.64,8.64,8.64,8.64
19781020,8.66,8.66,8.66,8.66
19781023,8.66,8.66,8.66,8.66
19781024,8.64,8.64,8.64,8.64
19781025,8.65,8.65,8.65,8.65
19781026,8.72,8.72,8.72,8.72
19781027,8.78,8.78,8.78,8.78
19781030,8.88,8.88,8.88,8.88
19781031,8.96,8.96,8.96,8.96
19781101,8.66,8.66,8.66,8.66
19781102,8.73,8.73,8.73,8.73
19781103,8.86,8.86,8.86,8.86
19781106,8.85,8.85,8.85,8.85
19781107,8.86,8.86,8.86,8.86
19781109,8.87,8.87,8.87,8.87
19781110,8.86,8.86,8.86,8.86
19781113,8.83,8.83,8.83,8.83
19781114,8.82,8.82,8.82,8.82
19781115,8.76,8.76,8.76,8.76
19781116,8.72,8.72,8.72,8.72
19781117,8.72,8.72,8.72,8.72
19781120,8.72,8.72,8.72,8.72
19781121,8.77,8.77,8.77,8.77
19781122,8.77,8.77,8.77,8.77
19781124,8.86,8.86,8.86,8.86
19781127,8.86,8.86,8.86,8.86
19781128,8.86,8.86,8.86,8.86
19781129,8.86,8.86,8.86,8.86
19781130,8.86,8.86,8.86,8.86
19781201,8.80,8.80,8.80,8.80
19781204,8.82,8.82,8.82,8.82
19781205,8.85,8.85,8.85,8.85
19781206,8.85,8.85,8.85,8.85
19781207,8.89,8.89,8.89,8.89
19781208,8.90,8.90,8.90,8.90
19781211,8.90,8.90,8.90,8.90
19781212,8.92,8.92,8.92,8.92
19781213,8.98,8.98,8.98,8.98
19781214,8.96,8.96,8.96,8.96
19781215,9.00,9.00,9.00,9.00
19781218,9.13,9.13,9.13,9.13
19781219,9.14,9.14,9.14,9.14
19781220,9.16,9.16,9.16,9.16
19781221,9.16,9.16,9.16,9.16
19781222,9.11,9.11,9.11,9.11
19781226,9.13,9.13,9.13,9.13
19781227,9.12,9.12,9.12,9.12
19781228,9.16,9.16,9.16,9.16
19781229,9.15,9.15,9.15,9.15
19790102,9.18,9.18,9.18,9.18
19790103,9.16,9.16,9.16,9.16
19790104,9.11,9.11,9.11,9.11
19790105,9.10,9.10,9.10,9.10
19790108,9.14,9.14,9.14,9.14
19790109,9.16,9.16,9.16,9.16
19790110,9.16,9.16,9.16,9.16
19790111,9.15,9.15,9.15,9.15
19790112,9.14,9.14,9.14,9.14
19790115,9.15,9.15,9.15,9.15
19790116,9.16,9.16,9.16,9.16
19790117,9.18,9.18,9.18,9.18
19790118,9.18,9.18,9.18,9.18
19790119,9.15,9.15,9.15,9.15
19790122,9.12,9.12,9.12,9.12
19790123,9.10,9.10,9.10,9.10
19790124,9.08,9.08,9.08,9.08
19790125,8.98,8.98,8.98,8.98
19790126,8.93,8.93,8.93,8.93
19790129,8.96,8.96,8.96,8.96
19790130,8.95,8.95,8.95,8.95
19790131,8.95,8.95,8.95,8.95
19790201,8.94,8.94,8.94,8.94
19790202,8.89,8.89,8.89,8.89
19790205,8.95,8.95,8.95,8.95
19790206,9.00,9.00,9.00,9.00
19790207,9.09,9.09,9.09,9.09
19790208,9.09,9.09,9.09,9.09
19790209,9.11,9.11,9.11,9.11
19790213,9.11,9.11,9.11,9.11
19790214,9.12,9.12,9.12,9.12
19790215,9.12,9.12,9.12,9.12
19790216,9.11,9.11,9.11,9.11
19790220,9.12,9.12,9.12,9.12
19790221,9.15,9.15,9.15,9.15
19790222,9.20,9.20,9.20,9.20
19790223,9.21,9.21,9.21,9.21
19790226,9.20,9.20,9.20,9.20
19790227,9.19,9.19,9.19,9.19
19790228,9.17,9.17,9.17,9.17
19790301,9.17,9.17,9.17,9.17
19790302,9.16,9.16,9.16,9.16
19790305,9.11,9.11,9.11,9.11
19790306,9.14,9.14,9.14,9.14
19790307,9.10,9.10,9.10,9.10
19790308,9.10,9.10,9.10,9.10
19790309,9.11,9.11,9.11,9.11
19790312,9.11,9.11,9.11,9.11
19790313,9.11,9.11,9.11,9.11
19790314,9.12,9.12,9.12,9.12
19790315,9.14,9.14,9.14,9.14
19790316,9.12,9.12,9.12,9.12
19790319,9.12,9.12,9.12,9.12
19790320,9.13,9.13,9.13,9.13
19790321,9.13,9.13,9.13,9.13
19790322,9.12,9.12,9.12,9.12
19790323,9.12,9.12,9.12,9.12
19790326,9.12,9.12,9.12,9.12
19790327,9.11,9.11,9.11,9.11
19790328,9.07,9.07,9.07,9.07
19790329,9.06,9.06,9.06,9.06
19790330,9.11,9.11,9.11,9.11
19790402,9.11,9.11,9.11,9.11
19790403,9.10,9.10,9.10,9.10
19790404,9.09,9.09,9.09,9.09
19790405,9.07,9.07,9.07,9.07
19790406,9.10,9.10,9.10,9.10
19790409,9.14,9.14,9.14,9.14
19790410,9.17,9.17,9.17,9.17
19790411,9.20,9.20,9.20,9.20
19790412,9.20,9.20,9.20,9.20
19790416,9.19,9.19,9.19,9.19
19790417,9.16,9.16,9.16,9.16
19790418,9.15,9.15,9.15,9.15
19790419,9.15,9.15,9.15,9.15
19790420,9.19,9.19,9.19,9.19
19790423,9.21,9.21,9.21,9.21
19790424,9.24,9.24,9.24,9.24
19790425,9.23,9.23,9.23,9.23
19790426,9.27,9.27,9.27,9.27
19790427,9.32,9.32,9.32,9.32
19790430,9.35,9.35,9.35,9.35
19790501,9.36,9.36,9.36,9.36
19790502,9.34,9.34,9.34,9.34
19790503,9.38,9.38,9.38,9.38
19790504,9.39,9.39,9.39,9.39
19790507,9.39,9.39,9.39,9.39
19790508,9.38,9.38,9.38,9.38
19790509,9.36,9.36,9.36,9.36
19790510,9.36,9.36,9.36,9.36
19790511,9.34,9.34,9.34,9.34
19790514,9.30,9.30,9.30,9.30
19790515,9.32,9.32,9.32,9.32
19790516,9.31,9.31,9.31,9.31
19790517,9.24,9.24,9.24,9.24
19790518,9.23,9.23,9.23,9.23
19790521,9.24,9.24,9.24,9.24
19790522,9.15,9.15,9.15,9.15
19790523,9.07,9.07,9.07,9.07
19790524,9.06,9.06,9.06,9.06
19790525,9.01,9.01,9.01,9.01
19790529,9.01,9.01,9.01,9.01
19790531,9.06,9.06,9.06,9.06
19790601,9.05,9.05,9.05,9.05
19790604,9.06,9.06,9.06,9.06
19790605,9.02,9.02,9.02,9.02
19790606,8.97,8.97,8.97,8.97
19790607,8.89,8.89,8.89,8.89
19790608,8.90,8.90,8.90,8.90
19790611,8.94,8.94,8.94,8.94
19790612,8.79,8.79,8.79,8.79
19790613,8.83,8.83,8.83,8.83
19790614,8.87,8.87,8.87,8.87
19790615,8.96,8.96,8.96,8.96
19790618,8.95,8.95,8.95,8.95
19790619,8.95,8.95,8.95,8.95
19790620,8.94,8.94,8.94,8.94
19790621,8.93,8.93,8.93,8.93
19790622,8.98,8.98,8.98,8.98
19790625,8.93,8.93,8.93,8.93
19790626,8.82,8.82,8.82,8.82
19790627,8.80,8.80,8.80,8.80
19790628,8.80,8.80,8.80,8.80
19790629,8.81,8.81,8.81,8.81
19790702,8.76,8.76,8.76,8.76
19790703,8.77,8.77,8.77,8.77
19790705,8.80,8.80,8.80,8.80
19790706,8.82,8.82,8.82,8.82
19790709,8.86,8.86,8.86,8.86
19790710,8.92,8.92,8.92,8.92
19790711,8.97,8.97,8.97,8.97
19790712,8.95,8.95,8.95,8.95
19790713,8.94,8.94,8.94,8.94
19790716,8.99,8.99,8.99,8.99
19790717,9.01,9.01,9.01,9.01
19790718,9.03,9.03,9.03,9.03
19790719,9.04,9.04,9.04,9.04
19790720,8.98,8.98,8.98,8.98
19790723,9.03,9.03,9.03,9.03
19790724,9.06,9.06,9.06,9.06
19790725,8.99,8.99,8.99,8.99
19790726,8.97,8.97,8.97,8.97
19790727,9.02,9.02,9.02,9.02
19790730,9.03,9.03,9.03,9.03
19790731,9.01,9.01,9.01,9.01
19790801,8.99,8.99,8.99,8.99
19790802,8.91,8.91,8.91,8.91
19790803,8.92,8.92,8.92,8.92
19790806,8.91,8.91,8.91,8.91
19790807,8.91,8.91,8.91,8.91
19790808,8.93,8.93,8.93,8.93
19790809,8.97,8.97,8.97,8.97
19790810,9.00,9.00,9.00,9.00
19790813,9.00,9.00,9.00,9.00
19790814,8.98,8.98,8.98,8.98
19790815,9.00,9.00,9.00,9.00
19790816,9.00,9.00,9.00,9.00
19790817,9.01,9.01,9.01,9.01
19790820,9.02,9.02,9.02,9.02
19790821,9.04,9.04,9.04,9.04
19790822,9.04,9.04,9.04,9.04
19790823,9.05,9.05,9.05,9.05
19790824,9.14,9.14,9.14,9.14
19790827,9.12,9.12,9.12,9.12
19790828,9.15,9.15,9.15,9.15
19790829,9.14,9.14,9.14,9.14
19790830,9.21,9.21,9.21,9.21
19790831,9.24,9.24,9.24,9.24
19790904,9.32,9.32,9.32,9.32
19790905,9.32,9.32,9.32,9.32
19790906,9.35,9.35,9.35,9.35
19790907,9.34,9.34,9.34,9.34
19790910,9.36,9.36,9.36,9.36
19790911,9.25,9.25,9.25,9.25
19790912,9.30,9.30,9.30,9.30
19790913,9.34,9.34,9.34,9.34
19790914,9.29,9.29,9.29,9.29
19790917,9.37,9.37,9.37,9.37
19790918,9.36,9.36,9.36,9.36
19790919,9.31,9.31,9.31,9.31
19790920,9.29,9.29,9.29,9.29
19790921,9.26,9.26,9.26,9.26
19790924,9.34,9.34,9.34,9.34
19790925,9.32,9.32,9.32,9.32
19790926,9.36,9.36,9.36,9.36
19790927,9.44,9.44,9.44,9.44
19790928,9.44,9.44,9.44,9.44
19791001,9.51,9.51,9.51,9.51
19791002,9.47,9.47,9.47,9.47
19791003,9.50,9.50,9.50,9.50
19791004,9.58,9.58,9.58,9.58
19791005,9.60,9.60,9.60,9.60
19791009,9.93,9.93,9.93,9.93
19791010,10.09,10.09,10.09,10.09
19791011,10.17,10.17,10.17,10.17
19791012,10.15,10.15,10.15,10.15
19791015,10.31,10.31,10.31,10.31
19791016,10.27,10.27,10.27,10.27
19791017,10.20,10.20,10.20,10.20
19791018,10.41,10.41,10.41,10.41
19791019,10.68,10.68,10.68,10.68
19791022,10.96,10.96,10.96,10.96
19791023,11.02,11.02,11.02,11.02
19791024,10.83,10.83,10.83,10.83
19791025,10.98,10.98,10.98,10.98
19791026,10.67,10.67,10.67,10.67
19791029,10.78,10.78,10.78,10.78
19791030,10.75,10.75,10.75,10.75
19791031,10.72,10.72,10.72,10.72
19791101,10.79,10.79,10.79,10.79
19791102,10.84,10.84,10.84,10.84
19791105,10.85,10.85,10.85,10.85
19791107,11.00,11.00,11.00,11.00
19791108,10.96,10.96,10.96,10.96
19791109,10.68,10.68,10.68,10.68
19791113,10.63,10.63,10.63,10.63
19791114,10.75,10.75,10.75,10.75
19791115,10.62,10.62,10.62,10.62
19791116,10.77,10.77,10.77,10.77
19791119,10.80,10.80,10.80,10.80
19791120,10.78,10.78,10.78,10.78
19791121,10.73,10.73,10.73,10.73
19791123,10.51,10.51,10.51,10.51
19791126,10.37,10.37,10.37,10.37
19791127,10.24,10.24,10.24,10.24
19791128,10.37,10.37,10.37,10.37
19791129,10.34,10.34,10.34,10.34
19791130,10.38,10.38,10.38,10.38
19791203,10.44,10.44,10.44,10.44
19791204,10.32,10.32,10.32,10.32
19791205,10.27,10.27,10.27,10.27
19791206,10.13,10.13,10.13,10.13
19791207,10.30,10.30,10.30,10.30
19791210,10.27,10.27,10.27,10.27
19791211,10.46,10.46,10.46,10.46
19791212,10.58,10.58,10.58,10.58
19791213,10.51,10.51,10.51,10.51
19791214,10.45,10.45,10.45,10.45
19791217,10.42,10.42,10.42,10.42
19791218,10.34,10.34,10.34,10.34
19791219,10.33,10.33,10.33,10.33
19791220,10.38,10.38,10.38,10.38
19791221,10.39,10.39,10.39,10.39
19791224,10.45,10.45,10.45,10.45
19791226,10.48,10.48,10.48,10.48
19791227,10.46,10.46,10.46,10.46
19791228,10.41,10.41,10.41,10.41
19791231,10.33,10.33,10.33,10.33
19800102,10.50,10.50,10.50,10.50
19800103,10.60,10.60,10.60,10.60
19800104,10.66,10.66,10.66,10.66
19800107,10.63,10.63,10.63,10.63
19800108,10.57,10.57,10.57,10.57
19800109,10.58,10.58,10.58,10.58
19800110,10.51,10.51,10.51,10.51
19800111,10.68,10.68,10.68,10.68
19800114,10.70,10.70,10.70,10.70
19800115,10.65,10.65,10.65,10.65
19800116,10.65,10.65,10.65,10.65
19800117,10.71,10.71,10.71,10.71
19800118,10.82,10.82,10.82,10.82
19800121,10.96,10.96,10.96,10.96
19800122,10.85,10.85,10.85,10.85
19800123,10.82,10.82,10.82,10.82
19800124,11.01,11.01,11.01,11.01
19800125,11.10,11.10,11.10,11.10
19800128,11.15,11.15,11.15,11.15
19800129,11.21,11.21,11.21,11.21
19800130,11.16,11.16,11.16,11.16
19800131,11.13,11.13,11.13,11.13
19800201,11.29,11.29,11.29,11.29
19800204,11.40,11.40,11.40,11.40
19800205,11.73,11.73,11.73,11.73
19800206,11.92,11.92,11.92,11.92
19800207,11.71,11.71,11.71,11.71
19800208,11.80,11.80,11.80,11.80
19800211,12.01,12.01,12.01,12.01
19800213,11.86,11.86,11.86,11.86
19800214,11.97,11.97,11.97,11.97
19800215,12.20,12.20,12.20,12.20
19800219,12.85,12.85,12.85,12.85
19800220,12.84,12.84,12.84,12.84
19800221,13.22,13.22,13.22,13.22
19800222,13.06,13.06,13.06,13.06
19800225,13.27,13.27,13.27,13.27
19800226,13.65,13.65,13.65,13.65
19800227,13.46,13.46,13.46,13.46
19800228,12.92,12.92,12.92,12.92
19800229,12.72,12.72,12.72,12.72
19800303,12.79,12.79,12.79,12.79
19800304,12.91,12.91,12.91,12.91
19800305,13.03,13.03,13.03,13.03
19800306,13.13,13.13,13.13,13.13
19800307,12.86,12.86,12.86,12.86
19800310,12.63,12.63,12.63,12.63
19800311,12.41,12.41,12.41,12.41
19800312,12.62,12.62,12.62,12.62
19800313,12.50,12.50,12.50,12.50
19800314,12.52,12.52,12.52,12.52
19800317,12.58,12.58,12.58,12.58
19800318,12.40,12.40,12.40,12.40
19800319,12.35,12.35,12.35,12.35
19800320,12.62,12.62,12.62,12.62
19800321,12.75,12.75,12.75,12.75
19800324,13.17,13.17,13.17,13.17
19800325,13.10,13.10,13.10,13.10
19800326,13.03,13.03,13.03,13.03
19800327,12.97,12.97,12.97,12.97
19800328,12.72,12.72,12.72,12.72
19800331,12.64,12.64,12.64,12.64
19800401,12.69,12.69,12.69,12.69
19800402,12.63,12.63,12.63,12.63
19800403,12.52,12.52,12.52,12.52
19800407,12.13,12.13,12.13,12.13
19800408,12.21,12.21,12.21,12.21
19800409,12.06,12.06,12.06,12.06
19800410,12.06,12.06,12.06,12.06
19800411,11.79,11.79,11.79,11.79
19800414,11.62,11.62,11.62,11.62
19800415,11.57,11.57,11.57,11.57
19800416,10.90,10.90,10.90,10.90
19800417,11.13,11.13,11.13,11.13
19800418,11.05,11.05,11.05,11.05
19800421,10.90,10.90,10.90,10.90
19800422,10.82,10.82,10.82,10.82
19800423,10.89,10.89,10.89,10.89
19800424,10.96,10.96,10.96,10.96
19800425,10.95,10.95,10.95,10.95
19800428,10.63,10.63,10.63,10.63
19800429,10.67,10.67,10.67,10.67
19800430,10.76,10.76,10.76,10.76
19800501,10.57,10.57,10.57,10.57
19800502,10.24,10.24,10.24,10.24
19800505,10.18,10.18,10.18,10.18
19800506,9.80,9.80,9.80,9.80
19800507,9.96,9.96,9.96,9.96
19800508,10.18,10.18,10.18,10.18
19800509,10.30,10.30,10.30,10.30
19800512,10.30,10.30,10.30,10.30
19800513,10.13,10.13,10.13,10.13
19800514,10.14,10.14,10.14,10.14
19800515,10.31,10.31,10.31,10.31
19800516,10.37,10.37,10.37,10.37
19800519,10.53,10.53,10.53,10.53
19800520,10.22,10.22,10.22,10.22
19800521,10.08,10.08,10.08,10.08
19800522,10.10,10.10,10.10,10.10
19800523,9.85,9.85,9.85,9.85
19800527,9.96,9.96,9.96,9.96
19800528,10.10,10.10,10.10,10.10
19800529,10.24,10.24,10.24,10.24
19800530,10.25,10.25,10.25,10.25
19800602,10.31,10.31,10.31,10.31
19800603,10.16,10.16,10.16,10.16
19800604,10.07,10.07,10.07,10.07
19800605,10.02,10.02,10.02,10.02
19800606,9.81,9.81,9.81,9.81
19800609,9.73,9.73,9.73,9.73
19800610,9.83,9.83,9.83,9.83
19800611,9.70,9.70,9.70,9.70
19800612,9.53,9.53,9.53,9.53
19800613,9.51,9.51,9.51,9.51
19800616,9.47,9.47,9.47,9.47
19800617,9.49,9.49,9.49,9.49
19800618,9.56,9.56,9.56,9.56
19800619,9.56,9.56,9.56,9.56
19800620,9.49,9.49,9.49,9.49
19800623,9.63,9.63,9.63,9.63
19800624,9.68,9.68,9.68,9.68
19800625,9.79,9.79,9.79,9.79
19800626,9.87,9.87,9.87,9.87
19800627,10.04,10.04,10.04,10.04
19800630,10.09,10.09,10.09,10.09
19800701,10.13,10.13,10.13,10.13
19800702,10.19,10.19,10.19,10.19
19800703,10.01,10.01,10.01,10.01
19800707,10.20,10.20,10.20,10.20
19800708,10.09,10.09,10.09,10.09
19800709,10.14,10.14,10.14,10.14
19800710,10.21,10.21,10.21,10.21
19800711,10.28,10.28,10.28,10.28
19800714,10.33,10.33,10.33,10.33
19800715,10.17,10.17,10.17,10.17
19800716,10.07,10.07,10.07,10.07
19800717,10.21,10.21,10.21,10.21
19800718,10.20,10.20,10.20,10.20
19800721,10.13,10.13,10.13,10.13
19800722,10.18,10.18,10.18,10.18
19800723,10.12,10.12,10.12,10.12
19800724,10.24,10.24,10.24,10.24
19800725,10.35,10.35,10.35,10.35
19800728,10.46,10.46,10.46,10.46
19800729,10.45,10.45,10.45,10.45
19800730,10.53,10.53,10.53,10.53
19800731,10.76,10.76,10.76,10.76
19800801,10.76,10.76,10.76,10.76
19800804,10.69,10.69,10.69,10.69
19800805,10.70,10.70,10.70,10.70
19800806,10.80,10.80,10.80,10.80
19800807,10.71,10.71,10.71,10.71
19800808,10.87,10.87,10.87,10.87
19800811,11.03,11.03,11.03,11.03
19800812,10.98,10.98,10.98,10.98
19800813,10.89,10.89,10.89,10.89
19800814,10.90,10.90,10.90,10.90
19800815,10.86,10.86,10.86,10.86
19800818,11.13,11.13,11.13,11.13
19800819,11.24,11.24,11.24,11.24
19800820,11.22,11.22,11.22,11.22
19800821,11.30,11.30,11.30,11.30
19800822,11.13,11.13,11.13,11.13
19800825,11.40,11.40,11.40,11.40
19800826,11.42,11.42,11.42,11.42
19800827,11.67,11.67,11.67,11.67
19800828,11.89,11.89,11.89,11.89
19800829,11.55,11.55,11.55,11.55
19800902,11.32,11.32,11.32,11.32
19800903,11.08,11.08,11.08,11.08
19800904,11.16,11.16,11.16,11.16
19800905,11.21,11.21,11.21,11.21
19800908,11.29,11.29,11.29,11.29
19800909,11.19,11.19,11.19,11.19
19800910,11.14,11.14,11.14,11.14
19800911,11.32,11.32,11.32,11.32
19800912,11.37,11.37,11.37,11.37
19800915,11.62,11.62,11.62,11.62
19800916,11.52,11.52,11.52,11.52
19800917,11.57,11.57,11.57,11.57
19800918,11.53,11.53,11.53,11.53
19800919,11.33,11.33,11.33,11.33
19800922,11.69,11.69,11.69,11.69
19800923,11.76,11.76,11.76,11.76
19800924,11.75,11.75,11.75,11.75
19800925,11.91,11.91,11.91,11.91
19800926,11.99,11.99,11.99,11.99
19800929,12.07,12.07,12.07,12.07
19800930,11.86,11.86,11.86,11.86
19801001,11.78,11.78,11.78,11.78
19801002,11.83,11.83,11.83,11.83
19801003,11.40,11.40,11.40,11.40
19801006,11.35,11.35,11.35,11.35
19801007,11.43,11.43,11.43,11.43
19801008,11.51,11.51,11.51,11.51
19801009,11.39,11.39,11.39,11.39
19801010,11.44,11.44,11.44,11.44
19801014,11.37,11.37,11.37,11.37
19801015,11.29,11.29,11.29,11.29
19801016,11.47,11.47,11.47,11.47
19801017,11.62,11.62,11.62,11.62
19801020,11.64,11.64,11.64,11.64
19801021,11.70,11.70,11.70,11.70
19801022,11.88,11.88,11.88,11.88
19801023,11.82,11.82,11.82,11.82
19801024,11.74,11.74,11.74,11.74
19801027,12.13,12.13,12.13,12.13
19801028,12.32,12.32,12.32,12.32
19801029,12.48,12.48,12.48,12.48
19801030,12.48,12.48,12.48,12.48
19801031,12.46,12.46,12.46,12.46
19801103,12.46,12.46,12.46,12.46
19801105,12.61,12.61,12.61,12.61
19801106,13.04,13.04,13.04,13.04
19801107,12.66,12.66,12.66,12.66
19801110,12.78,12.78,12.78,12.78
19801112,12.47,12.47,12.47,12.47
19801113,12.49,12.49,12.49,12.49
19801114,12.79,12.79,12.79,12.79
19801117,12.95,12.95,12.95,12.95
19801118,12.62,12.62,12.62,12.62
19801119,12.51,12.51,12.51,12.51
19801120,12.59,12.59,12.59,12.59
19801121,12.80,12.80,12.80,12.80
19801124,12.76,12.76,12.76,12.76
19801125,12.74,12.74,12.74,12.74
19801126,12.65,12.65,12.65,12.65
19801128,12.72,12.72,12.72,12.72
19801201,12.92,12.92,12.92,12.92
19801202,12.95,12.95,12.95,12.95
19801203,12.92,12.92,12.92,12.92
19801204,12.91,12.91,12.91,12.91
19801205,12.85,12.85,12.85,12.85
19801208,12.91,12.91,12.91,12.91
19801209,13.10,13.10,13.10,13.10
19801210,13.15,13.15,13.15,13.15
19801211,13.57,13.57,13.57,13.57
19801212,13.21,13.21,13.21,13.21
19801215,13.25,13.25,13.25,13.25
19801216,13.51,13.51,13.51,13.51
19801217,13.28,13.28,13.28,13.28
19801218,13.22,13.22,13.22,13.22
19801219,12.64,12.64,12.64,12.64
19801222,12.14,12.14,12.14,12.14
19801223,12.35,12.35,12.35,12.35
19801224,12.42,12.42,12.42,12.42
19801226,12.25,12.25,12.25,12.25
19801229,12.20,12.20,12.20,12.20
19801230,12.39,12.39,12.39,12.39
19801231,12.43,12.43,12.43,12.43
19810102,12.42,12.42,12.42,12.42
19810105,12.15,12.15,12.15,12.15
19810106,12.11,12.11,12.11,12.11
19810107,12.38,12.38,12.38,12.38
19810108,12.35,12.35,12.35,12.35
19810109,12.57,12.57,12.57,12.57
19810112,12.45,12.45,12.45,12.45
19810113,12.53,12.53,12.53,12.53
19810114,12.53,12.53,12.53,12.53
19810115,12.62,12.62,12.62,12.62
19810116,12.53,12.53,12.53,12.53
19810119,12.64,12.64,12.64,12.64
19810120,12.50,12.50,12.50,12.50
19810121,12.77,12.77,12.77,12.77
19810122,12.87,12.87,12.87,12.87
19810123,12.84,12.84,12.84,12.84
19810126,12.70,12.70,12.70,12.70
19810127,12.73,12.73,12.73,12.73
19810128,12.77,12.77,12.77,12.77
19810129,12.80,12.80,12.80,12.80
19810130,12.68,12.68,12.68,12.68
19810202,12.86,12.86,12.86,12.86
19810203,12.98,12.98,12.98,12.98
19810204,12.86,12.86,12.86,12.86
19810205,12.95,12.95,12.95,12.95
19810206,13.09,13.09,13.09,13.09
19810209,13.21,13.21,13.21,13.21
19810210,13.27,13.27,13.27,13.27
19810211,13.42,13.42,13.42,13.42
19810213,13.65,13.65,13.65,13.65
19810217,13.33,13.33,13.33,13.33
19810218,13.30,13.30,13.30,13.30
19810219,13.09,13.09,13.09,13.09
19810220,12.90,12.90,12.90,12.90
19810223,13.19,13.19,13.19,13.19
19810224,13.21,13.21,13.21,13.21
19810225,13.29,13.29,13.29,13.29
19810226,13.47,13.47,13.47,13.47
19810227,13.43,13.43,13.43,13.43
19810302,13.62,13.62,13.62,13.62
19810303,13.43,13.43,13.43,13.43
19810304,13.45,13.45,13.45,13.45
19810305,13.43,13.43,13.43,13.43
19810306,13.20,13.20,13.20,13.20
19810309,13.09,13.09,13.09,13.09
19810310,13.08,13.08,13.08,13.08
19810311,13.12,13.12,13.12,13.12
19810312,13.03,13.03,13.03,13.03
19810313,12.86,12.86,12.86,12.86
19810316,12.85,12.85,12.85,12.85
19810317,12.68,12.68,12.68,12.68
19810318,12.58,12.58,12.58,12.58
19810319,12.67,12.67,12.67,12.67
19810320,12.77,12.77,12.77,12.77
19810323,13.13,13.13,13.13,13.13
19810324,13.30,13.30,13.30,13.30
19810325,13.21,13.21,13.21,13.21
19810326,13.34,13.34,13.34,13.34
19810327,13.36,13.36,13.36,13.36
19810330,13.22,13.22,13.22,13.22
19810331,13.13,13.13,13.13,13.13
19810401,13.14,13.14,13.14,13.14
19810402,13.25,13.25,13.25,13.25
19810403,13.40,13.40,13.40,13.40
19810406,13.74,13.74,13.74,13.74
19810407,13.41,13.41,13.41,13.41
19810408,13.61,13.61,13.61,13.61
19810409,13.45,13.45,13.45,13.45
19810410,13.59,13.59,13.59,13.59
19810413,13.68,13.68,13.68,13.68
19810414,13.58,13.58,13.58,13.58
19810415,13.74,13.74,13.74,13.74
19810416,13.79,13.79,13.79,13.79
19810420,13.69,13.69,13.69,13.69
19810421,13.73,13.73,13.73,13.73
19810422,13.78,13.78,13.78,13.78
19810423,13.80,13.80,13.80,13.80
19810424,13.88,13.88,13.88,13.88
19810427,13.92,13.92,13.92,13.92
19810428,13.93,13.93,13.93,13.93
19810429,14.05,14.05,14.05,14.05
19810430,14.11,14.11,14.11,14.11
19810501,14.05,14.05,14.05,14.05
19810504,14.47,14.47,14.47,14.47
19810505,14.69,14.69,14.69,14.69
19810506,14.56,14.56,14.56,14.56
19810507,14.33,14.33,14.33,14.33
19810508,14.23,14.23,14.23,14.23
19810511,14.34,14.34,14.34,14.34
19810512,14.46,14.46,14.46,14.46
19810513,14.49,14.49,14.49,14.49
19810514,14.24,14.24,14.24,14.24
19810515,14.07,14.07,14.07,14.07
19810518,13.80,13.80,13.80,13.80
19810519,13.95,13.95,13.95,13.95
19810520,14.00,14.00,14.00,14.00
19810521,14.05,14.05,14.05,14.05
19810522,13.82,13.82,13.82,13.82
19810526,13.67,13.67,13.67,13.67
19810527,13.71,13.71,13.71,13.71
19810528,13.56,13.56,13.56,13.56
19810529,13.50,13.50,13.50,13.50
19810601,13.46,13.46,13.46,13.46
19810602,13.58,13.58,13.58,13.58
19810603,13.55,13.55,13.55,13.55
19810604,13.51,13.51,13.51,13.51
19810605,13.56,13.56,13.56,13.56
19810608,13.36,13.36,13.36,13.36
19810609,13.37,13.37,13.37,13.37
19810610,13.31,13.31,13.31,13.31
19810611,13.32,13.32,13.32,13.32
19810612,13.35,13.35,13.35,13.35
19810615,13.09,13.09,13.09,13.09
19810616,13.08,13.08,13.08,13.08
19810617,13.23,13.23,13.23,13.23
19810618,13.57,13.57,13.57,13.57
19810619,13.46,13.46,13.46,13.46
19810622,13.44,13.44,13.44,13.44
19810623,13.56,13.56,13.56,13.56
19810624,13.66,13.66,13.66,13.66
19810625,13.70,13.70,13.70,13.70
19810626,13.69,13.69,13.69,13.69
19810629,13.68,13.68,13.68,13.68
19810630,13.86,13.86,13.86,13.86
19810701,14.04,14.04,14.04,14.04
19810702,13.95,13.95,13.95,13.95
19810706,13.81,13.81,13.81,13.81
19810707,14.04,14.04,14.04,14.04
19810708,14.11,14.11,14.11,14.11
19810709,14.12,14.12,14.12,14.12
19810710,13.94,13.94,13.94,13.94
19810713,13.99,13.99,13.99,13.99
19810714,14.15,14.15,14.15,14.15
19810715,14.07,14.07,14.07,14.07
19810716,14.11,14.11,14.11,14.11
19810717,14.09,14.09,14.09,14.09
19810720,14.59,14.59,14.59,14.59
19810721,14.61,14.61,14.61,14.61
19810722,14.63,14.63,14.63,14.63
19810723,14.57,14.57,14.57,14.57
19810724,14.41,14.41,14.41,14.41
19810727,14.43,14.43,14.43,14.43
19810728,14.53,14.53,14.53,14.53
19810729,14.61,14.61,14.61,14.61
19810730,14.71,14.71,14.71,14.71
19810731,14.67,14.67,14.67,14.67
19810803,14.95,14.95,14.95,14.95
19810804,14.95,14.95,14.95,14.95
19810805,14.91,14.91,14.91,14.91
19810806,14.86,14.86,14.86,14.86
19810807,14.83,14.83,14.83,14.83
19810810,14.65,14.65,14.65,14.65
19810811,14.40,14.40,14.40,14.40
19810812,14.61,14.61,14.61,14.61
19810813,14.65,14.65,14.65,14.65
19810814,14.74,14.74,14.74,14.74
19810817,14.71,14.71,14.71,14.71
19810818,14.79,14.79,14.79,14.79
19810819,14.77,14.77,14.77,14.77
19810820,14.89,14.89,14.89,14.89
19810821,14.97,14.97,14.97,14.97
19810824,15.32,15.32,15.32,15.32
19810825,15.35,15.35,15.35,15.35
19810826,15.31,15.31,15.31,15.31
19810827,15.36,15.36,15.36,15.36
19810828,15.25,15.25,15.25,15.25
19810831,15.41,15.41,15.41,15.41
19810901,15.41,15.41,15.41,15.41
19810902,15.40,15.40,15.40,15.40
19810903,15.48,15.48,15.48,15.48
19810904,15.51,15.51,15.51,15.51
19810908,15.59,15.59,15.59,15.59
19810909,15.53,15.53,15.53,15.53
19810910,15.30,15.30,15.30,15.30
19810911,15.05,15.05,15.05,15.05
19810914,15.20,15.20,15.20,15.20
19810915,15.08,15.08,15.08,15.08
19810916,15.11,15.11,15.11,15.11
19810917,14.95,14.95,14.95,14.95
19810918,14.91,14.91,14.91,14.91
19810921,14.78,14.78,14.78,14.78
19810922,15.03,15.03,15.03,15.03
19810923,15.23,15.23,15.23,15.23
19810924,15.31,15.31,15.31,15.31
19810925,15.68,15.68,15.68,15.68
19810928,15.65,15.65,15.65,15.65
19810929,15.76,15.76,15.76,15.76
19810930,15.84,15.84,15.84,15.84
19811001,15.75,15.75,15.75,15.75
19811002,15.41,15.41,15.41,15.41
19811005,15.19,15.19,15.19,15.19
19811006,15.14,15.14,15.14,15.14
19811007,15.04,15.04,15.04,15.04
19811008,15.00,15.00,15.00,15.00
19811009,14.73,14.73,14.73,14.73
19811013,14.83,14.83,14.83,14.83
19811014,14.87,14.87,14.87,14.87
19811015,14.88,14.88,14.88,14.88
19811016,14.94,14.94,14.94,14.94
19811019,14.95,14.95,14.95,14.95
19811020,15.09,15.09,15.09,15.09
19811021,15.34,15.34,15.34,15.34
19811022,15.38,15.38,15.38,15.38
19811023,15.30,15.30,15.30,15.30
19811026,15.60,15.60,15.60,15.60
19811027,15.54,15.54,15.54,15.54
19811028,15.44,15.44,15.44,15.44
19811029,15.06,15.06,15.06,15.06
19811030,14.63,14.63,14.63,14.63
19811102,14.57,14.57,14.57,14.57
19811104,14.18,14.18,14.18,14.18
19811105,14.19,14.19,14.19,14.19
19811106,13.94,13.94,13.94,13.94
19811109,13.39,13.39,13.39,13.39
19811110,13.40,13.40,13.40,13.40
19811112,13.19,13.19,13.19,13.19
19811113,13.18,13.18,13.18,13.18
19811116,13.07,13.07,13.07,13.07
19811117,13.18,13.18,13.18,13.18
19811118,13.00,13.00,13.00,13.00
19811119,13.04,13.04,13.04,13.04
19811120,13.14,13.14,13.14,13.14
19811123,13.44,13.44,13.44,13.44
19811124,13.13,13.13,13.13,13.13
19811125,12.98,12.98,12.98,12.98
19811127,12.92,12.92,12.92,12.92
19811130,13.13,13.13,13.13,13.13
19811201,13.37,13.37,13.37,13.37
19811202,13.49,13.49,13.49,13.49
19811203,13.45,13.45,13.45,13.45
19811204,13.15,13.15,13.15,13.15
19811207,13.50,13.50,13.50,13.50
19811208,13.50,13.50,13.50,13.50
19811209,13.64,13.64,13.64,13.64
19811210,13.80,13.80,13.80,13.80
19811211,13.84,13.84,13.84,13.84
19811214,13.62,13.62,13.62,13.62
19811215,13.55,13.55,13.55,13.55
19811216,13.53,13.53,13.53,13.53
19811217,13.71,13.71,13.71,13.71
19811218,13.51,13.51,13.51,13.51
19811221,13.83,13.83,13.83,13.83
19811222,14.02,14.02,14.02,14.02
19811223,14.14,14.14,14.14,14.14
19811224,14.01,14.01,14.01,14.01
19811228,14.01,14.01,14.01,14.01
19811229,14.12,14.12,14.12,14.12
19811230,14.17,14.17,14.17,14.17
19811231,13.98,13.98,13.98,13.98
19820104,14.19,14.19,14.19,14.19
19820105,14.44,14.44,14.44,14.44
19820106,14.59,14.59,14.59,14.59
19820107,14.63,14.63,14.63,14.63
19820108,14.48,14.48,14.48,14.48
19820111,14.81,14.81,14.81,14.81
19820112,14.62,14.62,14.62,14.62
19820113,14.83,14.83,14.83,14.83
19820114,14.70,14.70,14.70,14.70
19820115,14.82,14.82,14.82,14.82
19820118,14.75,14.75,14.75,14.75
19820119,14.80,14.80,14.80,14.80
19820120,14.81,14.81,14.81,14.81
19820121,14.62,14.62,14.62,14.62
19820122,14.69,14.69,14.69,14.69
19820125,14.62,14.62,14.62,14.62
19820126,14.54,14.54,14.54,14.54
19820127,14.51,14.51,14.51,14.51
19820128,14.29,14.29,14.29,14.29
19820129,14.14,14.14,14.14,14.14
19820201,14.58,14.58,14.58,14.58
19820202,14.47,14.47,14.47,14.47
19820203,14.69,14.69,14.69,14.69
19820204,14.76,14.76,14.76,14.76
19820205,14.65,14.65,14.65,14.65
19820208,14.88,14.88,14.88,14.88
19820209,14.95,14.95,14.95,14.95
19820210,14.81,14.81,14.81,14.81
19820211,14.71,14.71,14.71,14.71
19820216,14.53,14.53,14.53,14.53
19820217,14.50,14.50,14.50,14.50
19820218,14.28,14.28,14.28,14.28
19820219,14.24,14.24,14.24,14.24
19820222,13.87,13.87,13.87,13.87
19820223,13.93,13.93,13.93,13.93
19820224,13.87,13.87,13.87,13.87
19820225,13.91,13.91,13.91,13.91
19820226,14.03,14.03,14.03,14.03
19820301,13.85,13.85,13.85,13.85
19820302,13.74,13.74,13.74,13.74
19820303,13.69,13.69,13.69,13.69
19820304,13.61,13.61,13.61,13.61
19820305,13.59,13.59,13.59,13.59
19820308,13.67,13.67,13.67,13.67
19820309,13.69,13.69,13.69,13.69
19820310,13.73,13.73,13.73,13.73
19820311,13.95,13.95,13.95,13.95
19820312,13.97,13.97,13.97,13.97
19820315,13.96,13.96,13.96,13.96
19820316,13.91,13.91,13.91,13.91
19820317,13.88,13.88,13.88,13.88
19820318,13.87,13.87,13.87,13.87
19820319,13.89,13.89,13.89,13.89
19820322,13.74,13.74,13.74,13.74
19820323,13.72,13.72,13.72,13.72
19820324,13.91,13.91,13.91,13.91
19820325,13.90,13.90,13.90,13.90
19820326,14.01,14.01,14.01,14.01
19820329,14.16,14.16,14.16,14.16
19820330,14.19,14.19,14.19,14.19
19820331,14.18,14.18,14.18,14.18
19820401,14.10,14.10,14.10,14.10
19820402,14.10,14.10,14.10,14.10
19820405,14.16,14.16,14.16,14.16
19820406,14.18,14.18,14.18,14.18
19820407,14.18,14.18,14.18,14.18
19820408,13.98,13.98,13.98,13.98
19820412,13.83,13.83,13.83,13.83
19820413,13.83,13.83,13.83,13.83
19820414,13.95,13.95,13.95,13.95
19820415,13.91,13.91,13.91,13.91
19820416,13.71,13.71,13.71,13.71
19820419,13.66,13.66,13.66,13.66
19820420,13.72,13.72,13.72,13.72
19820421,13.69,13.69,13.69,13.69
19820422,13.71,13.71,13.71,13.71
19820423,13.69,13.69,13.69,13.69
19820426,13.70,13.70,13.70,13.70
19820427,13.70,13.70,13.70,13.70
19820428,13.77,13.77,13.77,13.77
19820429,13.87,13.87,13.87,13.87
19820430,13.87,13.87,13.87,13.87
19820503,13.95,13.95,13.95,13.95
19820504,13.87,13.87,13.87,13.87
19820505,13.80,13.80,13.80,13.80
19820506,13.54,13.54,13.54,13.54
19820507,13.48,13.48,13.48,13.48
19820510,13.49,13.49,13.49,13.49
19820511,13.46,13.46,13.46,13.46
19820512,13.59,13.59,13.59,13.59
19820513,13.62,13.62,13.62,13.62
19820514,13.48,13.48,13.48,13.48
19820517,13.57,13.57,13.57,13.57
19820518,13.60,13.60,13.60,13.60
19820519,13.64,13.64,13.64,13.64
19820520,13.53,13.53,13.53,13.53
19820521,13.52,13.52,13.52,13.52
19820524,13.58,13.58,13.58,13.58
19820525,13.62,13.62,13.62,13.62
19820526,13.68,13.68,13.68,13.68
19820527,13.72,13.72,13.72,13.72
19820528,13.71,13.71,13.71,13.71
19820601,13.93,13.93,13.93,13.93
19820602,13.86,13.86,13.86,13.86
19820603,13.90,13.90,13.90,13.90
19820604,13.98,13.98,13.98,13.98
19820607,13.94,13.94,13.94,13.94
19820608,13.98,13.98,13.98,13.98
19820609,13.99,13.99,13.99,13.99
19820610,14.02,14.02,14.02,14.02
19820611,13.93,13.93,13.93,13.93
19820614,14.21,14.21,14.21,14.21
19820615,14.21,14.21,14.21,14.21
19820616,14.26,14.26,14.26,14.26
19820617,14.48,14.48,14.48,14.48
19820618,14.62,14.62,14.62,14.62
19820621,14.63,14.63,14.63,14.63
19820622,14.66,14.66,14.66,14.66
19820623,14.74,14.74,14.74,14.74
19820624,14.71,14.71,14.71,14.71
19820625,14.76,14.76,14.76,14.76
19820628,14.73,14.73,14.73,14.73
19820629,14.61,14.61,14.61,14.61
19820630,14.44,14.44,14.44,14.44
19820701,14.40,14.40,14.40,14.40
19820702,14.50,14.50,14.50,14.50
19820706,14.48,14.48,14.48,14.48
19820707,14.49,14.49,14.49,14.49
19820708,14.19,14.19,14.19,14.19
19820709,14.03,14.03,14.03,14.03
19820712,13.87,13.87,13.87,13.87
19820713,14.02,14.02,14.02,14.02
19820714,14.10,14.10,14.10,14.10
19820715,13.96,13.96,13.96,13.96
19820716,13.70,13.70,13.70,13.70
19820719,13.68,13.68,13.68,13.68
19820720,13.53,13.53,13.53,13.53
19820721,13.60,13.60,13.60,13.60
19820722,13.51,13.51,13.51,13.51
19820723,13.56,13.56,13.56,13.56
19820726,13.91,13.91,13.91,13.91
19820727,13.86,13.86,13.86,13.86
19820728,13.97,13.97,13.97,13.97
19820729,13.83,13.83,13.83,13.83
19820730,13.68,13.68,13.68,13.68
19820802,13.41,13.41,13.41,13.41
19820803,13.51,13.51,13.51,13.51
19820804,13.68,13.68,13.68,13.68
19820805,13.70,13.70,13.70,13.70
19820806,13.85,13.85,13.85,13.85
19820809,13.70,13.70,13.70,13.70
19820810,13.69,13.69,13.69,13.69
19820811,13.71,13.71,13.71,13.71
19820812,13.55,13.55,13.55,13.55
19820813,13.20,13.20,13.20,13.20
19820816,13.09,13.09,13.09,13.09
19820817,12.65,12.65,12.65,12.65
19820818,12.57,12.57,12.57,12.57
19820819,12.47,12.47,12.47,12.47
19820820,12.24,12.24,12.24,12.24
19820823,12.47,12.47,12.47,12.47
19820824,12.35,12.35,12.35,12.35
19820825,12.43,12.43,12.43,12.43
19820826,12.55,12.55,12.55,12.55
19820827,12.77,12.77,12.77,12.77
19820830,12.81,12.81,12.81,12.81
19820831,12.81,12.81,12.81,12.81
19820901,12.76,12.76,12.76,12.76
19820902,12.60,12.60,12.60,12.60
19820903,12.47,12.47,12.47,12.47
19820907,12.53,12.53,12.53,12.53
19820908,12.51,12.51,12.51,12.51
19820909,12.53,12.53,12.53,12.53
19820910,12.73,12.73,12.73,12.73
19820913,12.63,12.63,12.63,12.63
19820914,12.56,12.56,12.56,12.56
19820915,12.60,12.60,12.60,12.60
19820916,12.60,12.60,12.60,12.60
19820917,12.51,12.51,12.51,12.51
19820920,12.47,12.47,12.47,12.47
19820921,12.18,12.18,12.18,12.18
19820922,12.04,12.04,12.04,12.04
19820923,11.94,11.94,11.94,11.94
19820924,12.09,12.09,12.09,12.09
19820927,11.99,11.99,11.99,11.99
19820928,11.85,11.85,11.85,11.85
19820929,11.80,11.80,11.80,11.80
19820930,11.73,11.73,11.73,11.73
19821001,11.51,11.51,11.51,11.51
19821004,11.72,11.72,11.72,11.72
19821005,11.69,11.69,11.69,11.69
19821006,11.50,11.50,11.50,11.50
19821007,10.91,10.91,10.91,10.91
19821008,10.83,10.83,10.83,10.83
19821012,10.53,10.53,10.53,10.53
19821013,10.39,10.39,10.39,10.39
19821014,10.61,10.61,10.61,10.61
19821015,10.75,10.75,10.75,10.75
19821018,10.58,10.58,10.58,10.58
19821019,10.56,10.56,10.56,10.56
19821020,10.69,10.69,10.69,10.69
19821021,10.69,10.69,10.69,10.69
19821022,10.81,10.81,10.81,10.81
19821025,11.11,11.11,11.11,11.11
19821026,10.87,10.87,10.87,10.87
19821027,10.90,10.90,10.90,10.90
19821028,10.77,10.77,10.77,10.77
19821029,10.71,10.71,10.71,10.71
19821101,10.56,10.56,10.56,10.56
19821103,10.46,10.46,10.46,10.46
19821104,10.42,10.42,10.42,10.42
19821105,10.48,10.48,10.48,10.48
19821108,10.55,10.55,10.55,10.55
19821109,10.51,10.51,10.51,10.51
19821110,10.48,10.48,10.48,10.48
19821112,10.58,10.58,10.58,10.58
19821115,10.65,10.65,10.65,10.65
19821116,10.67,10.67,10.67,10.67
19821117,10.59,10.59,10.59,10.59
19821118,10.46,10.46,10.46,10.46
19821119,10.42,10.42,10.42,10.42
19821122,10.43,10.43,10.43,10.43
19821123,10.53,10.53,10.53,10.53
19821124,10.59,10.59,10.59,10.59
19821126,10.51,10.51,10.51,10.51
19821129,10.78,10.78,10.78,10.78
19821130,10.79,10.79,10.79,10.79
19821201,10.74,10.74,10.74,10.74
19821202,10.68,10.68,10.68,10.68
19821203,10.47,10.47,10.47,10.47
19821206,10.46,10.46,10.46,10.46
19821207,10.48,10.48,10.48,10.48
19821208,10.62,10.62,10.62,10.62
19821209,10.58,10.58,10.58,10.58
19821210,10.66,10.66,10.66,10.66
19821213,10.61,10.61,10.61,10.61
19821214,10.46,10.46,10.46,10.46
19821215,10.50,10.50,10.50,10.50
19821216,10.59,10.59,10.59,10.59
19821217,10.64,10.64,10.64,10.64
19821220,10.70,10.70,10.70,10.70
19821221,10.54,10.54,10.54,10.54
19821222,10.53,10.53,10.53,10.53
19821223,10.47,10.47,10.47,10.47
19821227,10.44,10.44,10.44,10.44
19821228,10.44,10.44,10.44,10.44
19821229,10.47,10.47,10.47,10.47
19821230,10.44,10.44,10.44,10.44
19821231,10.36,10.36,10.36,10.36
19830103,10.32,10.32,10.32,10.32
19830104,10.37,10.37,10.37,10.37
19830105,10.35,10.35,10.35,10.35
19830106,10.39,10.39,10.39,10.39
19830107,10.36,10.36,10.36,10.36
19830110,10.38,10.38,10.38,10.38
19830111,10.34,10.34,10.34,10.34
19830112,10.32,10.32,10.32,10.32
19830113,10.27,10.27,10.27,10.27
19830114,10.28,10.28,10.28,10.28
19830117,10.28,10.28,10.28,10.28
19830118,10.30,10.30,10.30,10.30
19830119,10.41,10.41,10.41,10.41
19830120,10.43,10.43,10.43,10.43
19830121,10.61,10.61,10.61,10.61
19830124,10.70,10.70,10.70,10.70
19830125,10.62,10.62,10.62,10.62
19830126,10.69,10.69,10.69,10.69
19830127,10.67,10.67,10.67,10.67
19830128,10.71,10.71,10.71,10.71
19830131,10.80,10.80,10.80,10.80
19830201,10.78,10.78,10.78,10.78
19830202,10.88,10.88,10.88,10.88
19830203,10.93,10.93,10.93,10.93
19830204,10.99,10.99,10.99,10.99
19830207,10.96,10.96,10.96,10.96
19830208,10.99,10.99,10.99,10.99
19830209,11.00,11.00,11.00,11.00
19830210,10.83,10.83,10.83,10.83
19830211,10.80,10.80,10.80,10.80
19830214,10.80,10.80,10.80,10.80
19830215,10.84,10.84,10.84,10.84
19830216,10.81,10.81,10.81,10.81
19830217,10.71,10.71,10.71,10.71
19830218,10.60,10.60,10.60,10.60
19830222,10.46,10.46,10.46,10.46
19830223,10.44,10.44,10.44,10.44
19830224,10.42,10.42,10.42,10.42
19830225,10.26,10.26,10.26,10.26
19830228,10.27,10.27,10.27,10.27
19830301,10.22,10.22,10.22,10.22
19830302,10.26,10.26,10.26,10.26
19830303,10.23,10.23,10.23,10.23
19830304,10.27,10.27,10.27,10.27
19830307,10.43,10.43,10.43,10.43
19830308,10.52,10.52,10.52,10.52
19830309,10.48,10.48,10.48,10.48
19830310,10.55,10.55,10.55,10.55
19830311,10.59,10.59,10.59,10.59
19830314,10.48,10.48,10.48,10.48
19830315,10.46,10.46,10.46,10.46
19830316,10.53,10.53,10.53,10.53
19830317,10.56,10.56,10.56,10.56
19830318,10.58,10.58,10.58,10.58
19830321,10.60,10.60,10.60,10.60
19830322,10.62,10.62,10.62,10.62
19830323,10.58,10.58,10.58,10.58
19830324,10.58,10.58,10.58,10.58
19830325,10.64,10.64,10.64,10.64
19830328,10.66,10.66,10.66,10.66
19830329,10.60,10.60,10.60,10.60
19830330,10.59,10.59,10.59,10.59
19830331,10.62,10.62,10.62,10.62
19830404,10.60,10.60,10.60,10.60
19830405,10.49,10.49,10.49,10.49
19830406,10.49,10.49,10.49,10.49
19830407,10.51,10.51,10.51,10.51
19830408,10.51,10.51,10.51,10.51
19830411,10.41,10.41,10.41,10.41
19830412,10.42,10.42,10.42,10.42
19830413,10.39,10.39,10.39,10.39
19830414,10.29,10.29,10.29,10.29
19830415,10.33,10.33,10.33,10.33
19830418,10.29,10.29,10.29,10.29
19830419,10.39,10.39,10.39,10.39
19830420,10.39,10.39,10.39,10.39
19830421,10.43,10.43,10.43,10.43
19830422,10.42,10.42,10.42,10.42
19830425,10.40,10.40,10.40,10.40
19830426,10.37,10.37,10.37,10.37
19830427,10.29,10.29,10.29,10.29
19830428,10.31,10.31,10.31,10.31
19830429,10.27,10.27,10.27,10.27
19830502,10.26,10.26,10.26,10.26
19830503,10.26,10.26,10.26,10.26
19830504,10.12,10.12,10.12,10.12
19830505,10.16,10.16,10.16,10.16
19830506,10.13,10.13,10.13,10.13
19830509,10.25,10.25,10.25,10.25
19830510,10.16,10.16,10.16,10.16
19830511,10.18,10.18,10.18,10.18
19830512,10.23,10.23,10.23,10.23
19830513,10.22,10.22,10.22,10.22
19830516,10.37,10.37,10.37,10.37
19830517,10.41,10.41,10.41,10.41
19830518,10.43,10.43,10.43,10.43
19830519,10.49,10.49,10.49,10.49
19830520,10.54,10.54,10.54,10.54
19830523,10.57,10.57,10.57,10.57
19830524,10.56,10.56,10.56,10.56
19830525,10.58,10.58,10.58,10.58
19830526,10.63,10.63,10.63,10.63
19830527,10.62,10.62,10.62,10.62
19830531,10.81,10.81,10.81,10.81
19830601,10.77,10.77,10.77,10.77
19830602,10.78,10.78,10.78,10.78
19830603,10.79,10.79,10.79,10.79
19830606,10.79,10.79,10.79,10.79
19830607,10.85,10.85,10.85,10.85
19830608,10.92,10.92,10.92,10.92
19830609,10.88,10.88,10.88,10.88
19830610,10.89,10.89,10.89,10.89
19830613,10.75,10.75,10.75,10.75
19830614,10.77,10.77,10.77,10.77
19830615,10.72,10.72,10.72,10.72
19830616,10.64,10.64,10.64,10.64
19830617,10.68,10.68,10.68,10.68
19830620,10.80,10.80,10.80,10.80
19830621,10.79,10.79,10.79,10.79
19830622,10.83,10.83,10.83,10.83
19830623,10.90,10.90,10.90,10.90
19830624,11.02,11.02,11.02,11.02
19830627,11.11,11.11,11.11,11.11
19830628,11.04,11.04,11.04,11.04
19830629,10.99,10.99,10.99,10.99
19830630,10.96,10.96,10.96,10.96
19830701,10.93,10.93,10.93,10.93
19830705,11.21,11.21,11.21,11.21
19830706,11.16,11.16,11.16,11.16
19830707,11.29,11.29,11.29,11.29
19830708,11.33,11.33,11.33,11.33
19830711,11.28,11.28,11.28,11.28
19830712,11.42,11.42,11.42,11.42
19830713,11.40,11.40,11.40,11.40
19830714,11.38,11.38,11.38,11.38
19830715,11.51,11.51,11.51,11.51
19830718,11.41,11.41,11.41,11.41
19830719,11.36,11.36,11.36,11.36
19830720,11.28,11.28,11.28,11.28
19830721,11.32,11.32,11.32,11.32
19830722,11.43,11.43,11.43,11.43
19830725,11.41,11.41,11.41,11.41
19830726,11.49,11.49,11.49,11.49
19830727,11.51,11.51,11.51,11.51
19830728,11.66,11.66,11.66,11.66
19830729,11.76,11.76,11.76,11.76
19830801,11.80,11.80,11.80,11.80
19830802,11.82,11.82,11.82,11.82
19830803,11.92,11.92,11.92,11.92
19830804,12.12,12.12,12.12,12.12
19830805,12.10,12.10,12.10,12.10
19830808,12.20,12.20,12.20,12.20
19830809,12.13,12.13,12.13,12.13
19830810,12.17,12.17,12.17,12.17
19830811,12.04,12.04,12.04,12.04
19830812,11.96,11.96,11.96,11.96
19830815,11.76,11.76,11.76,11.76
19830816,11.71,11.71,11.71,11.71
19830817,11.65,11.65,11.65,11.65
19830818,11.70,11.70,11.70,11.70
19830819,11.72,11.72,11.72,11.72
19830822,11.54,11.54,11.54,11.54
19830823,11.57,11.57,11.57,11.57
19830824,11.54,11.54,11.54,11.54
19830825,11.62,11.62,11.62,11.62
19830826,11.65,11.65,11.65,11.65
19830829,11.86,11.86,11.86,11.86
19830830,11.90,11.90,11.90,11.90
19830831,11.98,11.98,11.98,11.98
19830901,11.97,11.97,11.97,11.97
19830902,12.01,12.01,12.01,12.01
19830906,11.85,11.85,11.85,11.85
19830907,11.70,11.70,11.70,11.70
19830908,11.77,11.77,11.77,11.77
19830909,11.73,11.73,11.73,11.73
19830912,11.56,11.56,11.56,11.56
19830913,11.63,11.63,11.63,11.63
19830914,11.76,11.76,11.76,11.76
19830915,11.82,11.82,11.82,11.82
19830916,11.68,11.68,11.68,11.68
19830919,11.66,11.66,11.66,11.66
19830920,11.57,11.57,11.57,11.57
19830921,11.64,11.64,11.64,11.64
19830922,11.60,11.60,11.60,11.60
19830923,11.49,11.49,11.49,11.49
19830926,11.41,11.41,11.41,11.41
19830927,11.45,11.45,11.45,11.45
19830928,11.49,11.49,11.49,11.49
19830929,11.50,11.50,11.50,11.50
19830930,11.44,11.44,11.44,11.44
19831003,11.47,11.47,11.47,11.47
19831004,11.46,11.46,11.46,11.46
19831005,11.35,11.35,11.35,11.35
19831006,11.31,11.31,11.31,11.31
19831007,11.33,11.33,11.33,11.33
19831011,11.57,11.57,11.57,11.57
19831012,11.59,11.59,11.59,11.59
19831013,11.65,11.65,11.65,11.65
19831014,11.58,11.58,11.58,11.58
19831017,11.47,11.47,11.47,11.47
19831018,11.49,11.49,11.49,11.49
19831019,11.49,11.49,11.49,11.49
19831020,11.47,11.47,11.47,11.47
19831021,11.43,11.43,11.43,11.43
19831024,11.66,11.66,11.66,11.66
19831025,11.70,11.70,11.70,11.70
19831026,11.72,11.72,11.72,11.72
19831027,11.66,11.66,11.66,11.66
19831028,11.68,11.68,11.68,11.68
19831031,11.74,11.74,11.74,11.74
19831101,11.69,11.69,11.69,11.69
19831102,11.70,11.70,11.70,11.70
19831103,11.75,11.75,11.75,11.75
19831104,11.85,11.85,11.85,11.85
19831107,11.85,11.85,11.85,11.85
19831109,11.84,11.84,11.84,11.84
19831110,11.71,11.71,11.71,11.71
19831114,11.68,11.68,11.68,11.68
19831115,11.70,11.70,11.70,11.70
19831116,11.70,11.70,11.70,11.70
19831117,11.72,11.72,11.72,11.72
19831118,11.72,11.72,11.72,11.72
19831121,11.65,11.65,11.65,11.65
19831122,11.57,11.57,11.57,11.57
19831123,11.59,11.59,11.59,11.59
19831125,11.55,11.55,11.55,11.55
19831128,11.63,11.63,11.63,11.63
19831129,11.58,11.58,11.58,11.58
19831130,11.63,11.63,11.63,11.63
19831201,11.63,11.63,11.63,11.63
19831202,11.75,11.75,11.75,11.75
19831205,11.78,11.78,11.78,11.78
19831206,11.76,11.76,11.76,11.76
19831207,11.79,11.79,11.79,11.79
19831208,11.89,11.89,11.89,11.89
19831209,11.90,11.90,11.90,11.90
19831212,11.87,11.87,11.87,11.87
19831213,11.95,11.95,11.95,11.95
19831214,11.97,11.97,11.97,11.97
19831215,11.96,11.96,11.96,11.96
19831216,11.88,11.88,11.88,11.88
19831219,11.87,11.87,11.87,11.87
19831220,11.86,11.86,11.86,11.86
19831221,11.83,11.83,11.83,11.83
19831222,11.77,11.77,11.77,11.77
19831223,11.79,11.79,11.79,11.79
19831227,11.75,11.75,11.75,11.75
19831228,11.81,11.81,11.81,11.81
19831229,11.79,11.79,11.79,11.79
19831230,11.82,11.82,11.82,11.82
19840103,11.86,11.86,11.86,11.86
19840104,11.78,11.78,11.78,11.78
19840105,11.77,11.77,11.77,11.77
19840106,11.73,11.73,11.73,11.73
19840109,11.75,11.75,11.75,11.75
19840110,11.71,11.71,11.71,11.71
19840111,11.76,11.76,11.76,11.76
19840112,11.76,11.76,11.76,11.76
19840113,11.59,11.59,11.59,11.59
19840116,11.54,11.54,11.54,11.54
19840117,11.57,11.57,11.57,11.57
19840118,11.61,11.61,11.61,11.61
19840119,11.60,11.60,11.60,11.60
19840120,11.64,11.64,11.64,11.64
19840123,11.63,11.63,11.63,11.63
19840124,11.63,11.63,11.63,11.63
19840125,11.64,11.64,11.64,11.64
19840126,11.63,11.63,11.63,11.63
19840127,11.63,11.63,11.63,11.63
19840130,11.66,11.66,11.66,11.66
19840131,11.67,11.67,11.67,11.67
19840201,11.64,11.64,11.64,11.64
19840202,11.60,11.60,11.60,11.60
19840203,11.60,11.60,11.60,11.60
19840206,11.70,11.70,11.70,11.70
19840207,11.71,11.71,11.71,11.71
19840208,11.72,11.72,11.72,11.72
19840209,11.73,11.73,11.73,11.73
19840210,11.83,11.83,11.83,11.83
19840214,11.85,11.85,11.85,11.85
19840215,11.81,11.81,11.81,11.81
19840216,11.83,11.83,11.83,11.83
19840217,11.92,11.92,11.92,11.92
19840221,11.91,11.91,11.91,11.91
19840222,11.93,11.93,11.93,11.93
19840223,12.05,12.05,12.05,12.05
19840224,11.99,11.99,11.99,11.99
19840227,12.05,12.05,12.05,12.05
19840228,12.09,12.09,12.09,12.09
19840229,12.04,12.04,12.04,12.04
19840301,12.07,12.07,12.07,12.07
19840302,11.99,11.99,11.99,11.99
19840305,12.07,12.07,12.07,12.07
19840306,12.09,12.09,12.09,12.09
19840307,12.22,12.22,12.22,12.22
19840308,12.24,12.24,12.24,12.24
19840309,12.28,12.28,12.28,12.28
19840312,12.24,12.24,12.24,12.24
19840313,12.27,12.27,12.27,12.27
19840314,12.31,12.31,12.31,12.31
19840315,12.31,12.31,12.31,12.31
19840316,12.34,12.34,12.34,12.34
19840319,12.45,12.45,12.45,12.45
19840320,12.44,12.44,12.44,12.44
19840321,12.45,12.45,12.45,12.45
19840322,12.49,12.49,12.49,12.49
19840323,12.48,12.48,12.48,12.48
19840326,12.46,12.46,12.46,12.46
19840327,12.46,12.46,12.46,12.46
19840328,12.42,12.42,12.42,12.42
19840329,12.41,12.41,12.41,12.41
19840330,12.53,12.53,12.53,12.53
19840402,12.56,12.56,12.56,12.56
19840403,12.65,12.65,12.65,12.65
19840404,12.67,12.67,12.67,12.67
19840405,12.65,12.65,12.65,12.65
19840406,12.51,12.51,12.51,12.51
19840409,12.47,12.47,12.47,12.47
19840410,12.52,12.52,12.52,12.52
19840411,12.50,12.50,12.50,12.50
19840412,12.40,12.40,12.40,12.40
19840413,12.57,12.57,12.57,12.57
19840416,12.61,12.61,12.61,12.61
19840417,12.57,12.57,12.57,12.57
19840418,12.70,12.70,12.70,12.70
19840419,12.77,12.77,12.77,12.77
19840423,12.80,12.80,12.80,12.80
19840424,12.75,12.75,12.75,12.75
19840425,12.69,12.69,12.69,12.69
19840426,12.67,12.67,12.67,12.67
19840427,12.79,12.79,12.79,12.79
19840430,12.82,12.82,12.82,12.82
19840501,12.82,12.82,12.82,12.82
19840502,12.86,12.86,12.86,12.86
19840503,12.89,12.89,12.89,12.89
19840504,13.07,13.07,13.07,13.07
19840507,13.13,13.13,13.13,13.13
19840508,13.09,13.09,13.09,13.09
19840509,13.21,13.21,13.21,13.21
19840510,13.25,13.25,13.25,13.25
19840511,13.46,13.46,13.46,13.46
19840514,13.58,13.58,13.58,13.58
19840515,13.48,13.48,13.48,13.48
19840516,13.41,13.41,13.41,13.41
19840517,13.54,13.54,13.54,13.54
19840518,13.45,13.45,13.45,13.45
19840521,13.43,13.43,13.43,13.43
19840522,13.52,13.52,13.52,13.52
19840523,13.54,13.54,13.54,13.54
19840524,13.72,13.72,13.72,13.72
19840525,13.75,13.75,13.75,13.75
19840529,13.89,13.89,13.89,13.89
19840530,13.99,13.99,13.99,13.99
19840531,13.91,13.91,13.91,13.91
19840601,13.63,13.63,13.63,13.63
19840604,13.42,13.42,13.42,13.42
19840605,13.37,13.37,13.37,13.37
19840606,13.54,13.54,13.54,13.54
19840607,13.54,13.54,13.54,13.54
19840608,13.46,13.46,13.46,13.46
19840611,13.58,13.58,13.58,13.58
19840612,13.54,13.54,13.54,13.54
19840613,13.44,13.44,13.44,13.44
19840614,13.39,13.39,13.39,13.39
19840615,13.21,13.21,13.21,13.21
19840618,13.27,13.27,13.27,13.27
19840619,13.38,13.38,13.38,13.38
19840620,13.65,13.65,13.65,13.65
19840621,13.72,13.72,13.72,13.72
19840622,13.74,13.74,13.74,13.74
19840625,13.75,13.75,13.75,13.75
19840626,13.79,13.79,13.79,13.79
19840627,13.76,13.76,13.76,13.76
19840628,13.80,13.80,13.80,13.80
19840629,13.84,13.84,13.84,13.84
19840702,13.87,13.87,13.87,13.87
19840703,13.80,13.80,13.80,13.80
19840705,13.77,13.77,13.77,13.77
19840706,13.75,13.75,13.75,13.75
19840709,13.48,13.48,13.48,13.48
19840710,13.53,13.53,13.53,13.53
19840711,13.55,13.55,13.55,13.55
19840712,13.42,13.42,13.42,13.42
19840713,13.30,13.30,13.30,13.30
19840716,13.32,13.32,13.32,13.32
19840717,13.37,13.37,13.37,13.37
19840718,13.32,13.32,13.32,13.32
19840719,13.25,13.25,13.25,13.25
19840720,13.36,13.36,13.36,13.36
19840723,13.35,13.35,13.35,13.35
19840724,13.31,13.31,13.31,13.31
19840725,13.06,13.06,13.06,13.06
19840726,12.89,12.89,12.89,12.89
19840727,12.95,12.95,12.95,12.95
19840730,13.05,13.05,13.05,13.05
19840731,12.91,12.91,12.91,12.91
19840801,12.81,12.81,12.81,12.81
19840802,12.74,12.74,12.74,12.74
19840803,12.61,12.61,12.61,12.61
19840806,12.73,12.73,12.73,12.73
19840807,12.69,12.69,12.69,12.69
19840808,12.66,12.66,12.66,12.66
19840809,12.61,12.61,12.61,12.61
19840810,12.68,12.68,12.68,12.68
19840813,12.74,12.74,12.74,12.74
19840814,12.67,12.67,12.67,12.67
19840815,12.74,12.74,12.74,12.74
19840816,12.70,12.70,12.70,12.70
19840817,12.70,12.70,12.70,12.70
19840820,12.69,12.69,12.69,12.69
19840821,12.62,12.62,12.62,12.62
19840822,12.65,12.65,12.65,12.65
19840823,12.69,12.69,12.69,12.69
19840824,12.66,12.66,12.66,12.66
19840827,12.81,12.81,12.81,12.81
19840828,12.81,12.81,12.81,12.81
19840829,12.83,12.83,12.83,12.83
19840830,12.84,12.84,12.84,12.84
19840831,12.79,12.79,12.79,12.79
19840904,12.88,12.88,12.88,12.88
19840905,12.92,12.92,12.92,12.92
19840906,12.81,12.81,12.81,12.81
19840907,12.70,12.70,12.70,12.70
19840910,12.62,12.62,12.62,12.62
19840911,12.54,12.54,12.54,12.54
19840912,12.55,12.55,12.55,12.55
19840913,12.44,12.44,12.44,12.44
19840914,12.42,12.42,12.42,12.42
19840917,12.40,12.40,12.40,12.40
19840918,12.35,12.35,12.35,12.35
19840919,12.25,12.25,12.25,12.25
19840920,12.28,12.28,12.28,12.28
19840921,12.45,12.45,12.45,12.45
19840924,12.52,12.52,12.52,12.52
19840925,12.56,12.56,12.56,12.56
19840926,12.46,12.46,12.46,12.46
19840927,12.31,12.31,12.31,12.31
19840928,12.47,12.47,12.47,12.47
19841001,12.54,12.54,12.54,12.54
19841002,12.54,12.54,12.54,12.54
19841003,12.54,12.54,12.54,12.54
19841004,12.52,12.52,12.52,12.52
19841005,12.39,12.39,12.39,12.39
19841009,12.36,12.36,12.36,12.36
19841010,12.36,12.36,12.36,12.36
19841011,12.31,12.31,12.31,12.31
19841012,12.28,12.28,12.28,12.28
19841015,12.34,12.34,12.34,12.34
19841016,12.32,12.32,12.32,12.32
19841017,12.28,12.28,12.28,12.28
19841018,12.09,12.09,12.09,12.09
19841019,11.93,11.93,11.93,11.93
19841022,11.90,11.90,11.90,11.90
19841023,11.78,11.78,11.78,11.78
19841024,11.74,11.74,11.74,11.74
19841025,11.83,11.83,11.83,11.83
19841026,11.99,11.99,11.99,11.99
19841029,11.95,11.95,11.95,11.95
19841030,11.75,11.75,11.75,11.75
19841031,11.79,11.79,11.79,11.79
19841101,11.66,11.66,11.66,11.66
19841102,11.66,11.66,11.66,11.66
19841105,11.60,11.60,11.60,11.60
19841107,11.72,11.72,11.72,11.72
19841108,11.81,11.81,11.81,11.81
19841109,11.71,11.71,11.71,11.71
19841113,11.78,11.78,11.78,11.78
19841114,11.81,11.81,11.81,11.81
19841115,11.73,11.73,11.73,11.73
19841116,11.69,11.69,11.69,11.69
19841119,11.61,11.61,11.61,11.61
19841120,11.53,11.53,11.53,11.53
19841121,11.39,11.39,11.39,11.39
19841123,11.24,11.24,11.24,11.24
19841126,11.28,11.28,11.28,11.28
19841127,11.28,11.28,11.28,11.28
19841128,11.38,11.38,11.38,11.38
19841129,11.42,11.42,11.42,11.42
19841130,11.58,11.58,11.58,11.58
19841203,11.56,11.56,11.56,11.56
19841204,11.52,11.52,11.52,11.52
19841205,11.52,11.52,11.52,11.52
19841206,11.61,11.61,11.61,11.61
19841207,11.70,11.70,11.70,11.70
19841210,11.66,11.66,11.66,11.66
19841211,11.57,11.57,11.57,11.57
19841212,11.54,11.54,11.54,11.54
19841213,11.70,11.70,11.70,11.70
19841214,11.56,11.56,11.56,11.56
19841217,11.49,11.49,11.49,11.49
19841218,11.29,11.29,11.29,11.29
19841219,11.34,11.34,11.34,11.34
19841220,11.37,11.37,11.37,11.37
19841221,11.34,11.34,11.34,11.34
19841224,11.31,11.31,11.31,11.31
19841226,11.45,11.45,11.45,11.45
19841227,11.45,11.45,11.45,11.45
19841228,11.46,11.46,11.46,11.46
19841231,11.55,11.55,11.55,11.55
19850102,11.70,11.70,11.70,11.70
19850103,11.62,11.62,11.62,11.62
19850104,11.67,11.67,11.67,11.67
19850107,11.50,11.50,11.50,11.50
19850108,11.45,11.45,11.45,11.45
19850109,11.47,11.47,11.47,11.47
19850110,11.48,11.48,11.48,11.48
19850111,11.59,11.59,11.59,11.59
19850114,11.60,11.60,11.60,11.60
19850115,11.49,11.49,11.49,11.49
19850116,11.51,11.51,11.51,11.51
19850117,11.48,11.48,11.48,11.48
19850118,11.39,11.39,11.39,11.39
19850122,11.27,11.27,11.27,11.27
19850123,11.21,11.21,11.21,11.21
19850124,11.06,11.06,11.06,11.06
19850125,11.11,11.11,11.11,11.11
19850128,11.11,11.11,11.11,11.11
19850129,11.11,11.11,11.11,11.11
19850130,11.08,11.08,11.08,11.08
19850131,11.17,11.17,11.17,11.17
19850201,11.29,11.29,11.29,11.29
19850204,11.35,11.35,11.35,11.35
19850205,11.30,11.30,11.30,11.30
19850206,11.40,11.40,11.40,11.40
19850207,11.41,11.41,11.41,11.41
19850208,11.37,11.37,11.37,11.37
19850211,11.42,11.42,11.42,11.42
19850213,11.39,11.39,11.39,11.39
19850214,11.29,11.29,11.29,11.29
19850215,11.38,11.38,11.38,11.38
19850219,11.37,11.37,11.37,11.37
19850220,11.52,11.52,11.52,11.52
19850221,11.64,11.64,11.64,11.64
19850222,11.76,11.76,11.76,11.76
19850225,11.75,11.75,11.75,11.75
19850226,11.72,11.72,11.72,11.72
19850227,11.89,11.89,11.89,11.89
19850228,11.91,11.91,11.91,11.91
19850301,11.86,11.86,11.86,11.86
19850304,11.93,11.93,11.93,11.93
19850305,11.86,11.86,11.86,11.86
19850306,11.92,11.92,11.92,11.92
19850307,11.94,11.94,11.94,11.94
19850308,11.71,11.71,11.71,11.71
19850311,11.72,11.72,11.72,11.72
19850312,11.78,11.78,11.78,11.78
19850313,11.90,11.90,11.90,11.90
19850314,11.92,11.92,11.92,11.92
19850315,11.93,11.93,11.93,11.93
19850318,12.02,12.02,12.02,12.02
19850319,11.99,11.99,11.99,11.99
19850320,11.91,11.91,11.91,11.91
19850321,11.82,11.82,11.82,11.82
19850322,11.88,11.88,11.88,11.88
19850325,11.86,11.86,11.86,11.86
19850326,11.77,11.77,11.77,11.77
19850327,11.84,11.84,11.84,11.84
19850328,11.75,11.75,11.75,11.75
19850329,11.65,11.65,11.65,11.65
19850401,11.66,11.66,11.66,11.66
19850402,11.70,11.70,11.70,11.70
19850403,11.73,11.73,11.73,11.73
19850404,11.75,11.75,11.75,11.75
19850408,11.77,11.77,11.77,11.77
19850409,11.66,11.66,11.66,11.66
19850410,11.58,11.58,11.58,11.58
19850411,11.42,11.42,11.42,11.42
19850412,11.43,11.43,11.43,11.43
19850415,11.37,11.37,11.37,11.37
19850416,11.25,11.25,11.25,11.25
19850417,11.29,11.29,11.29,11.29
19850418,11.13,11.13,11.13,11.13
19850419,11.16,11.16,11.16,11.16
19850422,11.13,11.13,11.13,11.13
19850423,11.25,11.25,11.25,11.25
19850424,11.25,11.25,11.25,11.25
19850425,11.37,11.37,11.37,11.37
19850426,11.35,11.35,11.35,11.35
19850429,11.47,11.47,11.47,11.47
19850430,11.41,11.41,11.41,11.41
19850501,11.27,11.27,11.27,11.27
19850502,11.29,11.29,11.29,11.29
19850503,11.21,11.21,11.21,11.21
19850506,11.19,11.19,11.19,11.19
19850507,11.17,11.17,11.17,11.17
19850508,11.26,11.26,11.26,11.26
19850509,11.20,11.20,11.20,11.20
19850510,11.04,11.04,11.04,11.04
19850513,11.04,11.04,11.04,11.04
19850514,10.87,10.87,10.87,10.87
19850515,10.89,10.89,10.89,10.89
19850516,10.81,10.81,10.81,10.81
19850517,10.84,10.84,10.84,10.84
19850520,10.56,10.56,10.56,10.56
19850521,10.60,10.60,10.60,10.60
19850522,10.62,10.62,10.62,10.62
19850523,10.64,10.64,10.64,10.64
19850524,10.57,10.57,10.57,10.57
19850528,10.43,10.43,10.43,10.43
19850529,10.46,10.46,10.46,10.46
19850530,10.39,10.39,10.39,10.39
19850531,10.28,10.28,10.28,10.28
19850603,10.05,10.05,10.05,10.05
19850604,10.05,10.05,10.05,10.05
19850605,9.83,9.83,9.83,9.83
19850606,9.89,9.89,9.89,9.89
19850607,10.19,10.19,10.19,10.19
19850610,10.16,10.16,10.16,10.16
19850611,10.08,10.08,10.08,10.08
19850612,10.16,10.16,10.16,10.16
19850613,10.21,10.21,10.21,10.21
19850614,9.98,9.98,9.98,9.98
19850617,9.97,9.97,9.97,9.97
19850618,9.90,9.90,9.90,9.90
19850619,10.04,10.04,10.04,10.04
19850620,10.14,10.14,10.14,10.14
19850621,10.34,10.34,10.34,10.34
19850624,10.45,10.45,10.45,10.45
19850625,10.50,10.50,10.50,10.50
19850626,10.54,10.54,10.54,10.54
19850627,10.39,10.39,10.39,10.39
19850628,10.25,10.25,10.25,10.25
19850701,10.19,10.19,10.19,10.19
19850702,10.20,10.20,10.20,10.20
19850703,10.23,10.23,10.23,10.23
19850705,9.93,9.93,9.93,9.93
19850708,10.05,10.05,10.05,10.05
19850709,10.05,10.05,10.05,10.05
19850710,10.07,10.07,10.07,10.07
19850711,10.22,10.22,10.22,10.22
19850712,10.23,10.23,10.23,10.23
19850715,10.22,10.22,10.22,10.22
19850716,10.15,10.15,10.15,10.15
19850717,10.12,10.12,10.12,10.12
19850718,10.30,10.30,10.30,10.30
19850719,10.34,10.34,10.34,10.34
19850722,10.46,10.46,10.46,10.46
19850723,10.47,10.47,10.47,10.47
19850724,10.51,10.51,10.51,10.51
19850725,10.52,10.52,10.52,10.52
19850726,10.59,10.59,10.59,10.59
19850729,10.67,10.67,10.67,10.67
19850730,10.66,10.66,10.66,10.66
19850731,10.57,10.57,10.57,10.57
19850801,10.51,10.51,10.51,10.51
19850802,10.66,10.66,10.66,10.66
19850805,10.64,10.64,10.64,10.64
19850806,10.65,10.65,10.65,10.65
19850807,10.55,10.55,10.55,10.55
19850808,10.43,10.43,10.43,10.43
19850809,10.37,10.37,10.37,10.37
19850812,10.38,10.38,10.38,10.38
19850813,10.46,10.46,10.46,10.46
19850814,10.38,10.38,10.38,10.38
19850815,10.36,10.36,10.36,10.36
19850816,10.26,10.26,10.26,10.26
19850819,10.23,10.23,10.23,10.23
19850820,10.20,10.20,10.20,10.20
19850821,10.12,10.12,10.12,10.12
19850822,10.10,10.10,10.10,10.10
19850823,10.14,10.14,10.14,10.14
19850826,10.18,10.18,10.18,10.18
19850827,10.12,10.12,10.12,10.12
19850828,10.16,10.16,10.16,10.16
19850829,10.12,10.12,10.12,10.12
19850830,10.28,10.28,10.28,10.28
19850903,10.24,10.24,10.24,10.24
19850904,10.16,10.16,10.16,10.16
19850905,10.27,10.27,10.27,10.27
19850906,10.50,10.50,10.50,10.50
19850909,10.49,10.49,10.49,10.49
19850910,10.48,10.48,10.48,10.48
19850911,10.51,10.51,10.51,10.51
19850912,10.52,10.52,10.52,10.52
19850913,10.40,10.40,10.40,10.40
19850916,10.37,10.37,10.37,10.37
19850917,10.41,10.41,10.41,10.41
19850918,10.43,10.43,10.43,10.43
19850919,10.43,10.43,10.43,10.43
19850920,10.36,10.36,10.36,10.36
19850923,10.39,10.39,10.39,10.39
19850924,10.33,10.33,10.33,10.33
19850925,10.27,10.27,10.27,10.27
19850926,10.22,10.22,10.22,10.22
19850930,10.31,10.31,10.31,10.31
19851001,10.29,10.29,10.29,10.29
19851002,10.30,10.30,10.30,10.30
19851003,10.32,10.32,10.32,10.32
19851004,10.36,10.36,10.36,10.36
19851007,10.42,10.42,10.42,10.42
19851008,10.36,10.36,10.36,10.36
19851009,10.37,10.37,10.37,10.37
19851010,10.35,10.35,10.35,10.35
19851011,10.34,10.34,10.34,10.34
19851015,10.30,10.30,10.30,10.30
19851016,10.25,10.25,10.25,10.25
19851017,10.21,10.21,10.21,10.21
19851018,10.17,10.17,10.17,10.17
19851021,10.18,10.18,10.18,10.18
19851022,10.12,10.12,10.12,10.12
19851023,10.14,10.14,10.14,10.14
19851024,10.15,10.15,10.15,10.15
19851025,10.21,10.21,10.21,10.21
19851028,10.28,10.28,10.28,10.28
19851029,10.11,10.11,10.11,10.11
19851030,9.97,9.97,9.97,9.97
19851031,10.01,10.01,10.01,10.01
19851101,9.98,9.98,9.98,9.98
19851104,9.98,9.98,9.98,9.98
19851105,9.93,9.93,9.93,9.93
19851106,9.93,9.93,9.93,9.93
19851107,9.91,9.91,9.91,9.91
19851108,9.84,9.84,9.84,9.84
19851112,9.74,9.74,9.74,9.74
19851113,9.78,9.78,9.78,9.78
19851114,9.84,9.84,9.84,9.84
19851115,9.92,9.92,9.92,9.92
19851118,9.72,9.72,9.72,9.72
19851119,9.73,9.73,9.73,9.73
19851120,9.72,9.72,9.72,9.72
19851121,9.58,9.58,9.58,9.58
19851122,9.66,9.66,9.66,9.66
19851125,9.68,9.68,9.68,9.68
19851126,9.68,9.68,9.68,9.68
19851127,9.64,9.64,9.64,9.64
19851129,9.59,9.59,9.59,9.59
19851202,9.69,9.69,9.69,9.69
19851203,9.68,9.68,9.68,9.68
19851204,9.63,9.63,9.63,9.63
19851205,9.62,9.62,9.62,9.62
19851206,9.65,9.65,9.65,9.65
19851209,9.49,9.49,9.49,9.49
19851210,9.36,9.36,9.36,9.36
19851211,9.20,9.20,9.20,9.20
19851212,9.27,9.27,9.27,9.27
19851213,9.21,9.21,9.21,9.21
19851216,9.16,9.16,9.16,9.16
19851217,9.04,9.04,9.04,9.04
19851218,9.11,9.11,9.11,9.11
19851219,9.10,9.10,9.10,9.10
19851220,9.04,9.04,9.04,9.04
19851223,9.08,9.08,9.08,9.08
19851224,9.07,9.07,9.07,9.07
19851226,9.04,9.04,9.04,9.04
19851227,8.99,8.99,8.99,8.99
19851230,9.01,9.01,9.01,9.01
19851231,9.00,9.00,9.00,9.00
19860102,9.04,9.04,9.04,9.04
19860103,9.05,9.05,9.05,9.05
19860106,9.07,9.07,9.07,9.07
19860107,8.94,8.94,8.94,8.94
19860108,9.13,9.13,9.13,9.13
19860109,9.27,9.27,9.27,9.27
19860110,9.39,9.39,9.39,9.39
19860113,9.49,9.49,9.49,9.49
19860114,9.43,9.43,9.43,9.43
19860115,9.31,9.31,9.31,9.31
19860116,9.30,9.30,9.30,9.30
19860117,9.24,9.24,9.24,9.24
19860121,9.22,9.22,9.22,9.22
19860122,9.28,9.28,9.28,9.28
19860123,9.23,9.23,9.23,9.23
19860124,9.23,9.23,9.23,9.23
19860127,9.13,9.13,9.13,9.13
19860128,9.05,9.05,9.05,9.05
19860129,9.09,9.09,9.09,9.09
19860130,9.10,9.10,9.10,9.10
19860131,9.08,9.08,9.08,9.08
19860203,9.02,9.02,9.02,9.02
19860204,8.96,8.96,8.96,8.96
19860205,8.97,8.97,8.97,8.97
19860206,9.03,9.03,9.03,9.03
19860207,9.11,9.11,9.11,9.11
19860210,9.00,9.00,9.00,9.00
19860211,8.93,8.93,8.93,8.93
19860212,8.91,8.91,8.91,8.91
19860213,8.85,8.85,8.85,8.85
19860214,8.68,8.68,8.68,8.68
19860218,8.64,8.64,8.64,8.64
19860219,8.70,8.70,8.70,8.70
19860220,8.67,8.67,8.67,8.67
19860221,8.48,8.48,8.48,8.48
19860224,8.39,8.39,8.39,8.39
19860225,8.40,8.40,8.40,8.40
19860226,8.36,8.36,8.36,8.36
19860227,8.15,8.15,8.15,8.15
19860228,8.13,8.13,8.13,8.13
19860303,7.99,7.99,7.99,7.99
19860304,7.93,7.93,7.93,7.93
19860305,8.12,8.12,8.12,8.12
19860306,8.04,8.04,8.04,8.04
19860307,7.96,7.96,7.96,7.96
19860310,7.76,7.76,7.76,7.76
19860311,7.70,7.70,7.70,7.70
19860312,7.68,7.68,7.68,7.68
19860313,7.75,7.75,7.75,7.75
19860314,7.72,7.72,7.72,7.72
19860317,7.77,7.77,7.77,7.77
19860318,7.83,7.83,7.83,7.83
19860319,7.82,7.82,7.82,7.82
19860320,7.78,7.78,7.78,7.78
19860321,7.80,7.80,7.80,7.80
19860324,7.70,7.70,7.70,7.70
19860325,7.70,7.70,7.70,7.70
19860326,7.64,7.64,7.64,7.64
19860327,7.49,7.49,7.49,7.49
19860331,7.39,7.39,7.39,7.39
19860401,7.37,7.37,7.37,7.37
19860402,7.33,7.33,7.33,7.33
19860403,7.41,7.41,7.41,7.41
19860404,7.45,7.45,7.45,7.45
19860407,7.43,7.43,7.43,7.43
19860408,7.31,7.31,7.31,7.31
19860409,7.27,7.27,7.27,7.27
19860410,7.23,7.23,7.23,7.23
19860411,7.29,7.29,7.29,7.29
19860414,7.19,7.19,7.19,7.19
19860415,7.22,7.22,7.22,7.22
19860416,6.98,6.98,6.98,6.98
19860417,7.03,7.03,7.03,7.03
19860418,7.09,7.09,7.09,7.09
19860421,7.04,7.04,7.04,7.04
19860422,7.25,7.25,7.25,7.25
19860423,7.36,7.36,7.36,7.36
19860424,7.51,7.51,7.51,7.51
19860425,7.58,7.58,7.58,7.58
19860428,7.48,7.48,7.48,7.48
19860429,7.38,7.38,7.38,7.38
19860430,7.38,7.38,7.38,7.38
19860501,7.45,7.45,7.45,7.45
19860502,7.51,7.51,7.51,7.51
19860505,7.45,7.45,7.45,7.45
19860506,7.46,7.46,7.46,7.46
19860507,7.43,7.43,7.43,7.43
19860508,7.40,7.40,7.40,7.40
19860509,7.48,7.48,7.48,7.48
19860512,7.67,7.67,7.67,7.67
19860513,7.63,7.63,7.63,7.63
19860514,7.66,7.66,7.66,7.66
19860515,7.79,7.79,7.79,7.79
19860516,7.99,7.99,7.99,7.99
19860519,7.98,7.98,7.98,7.98
19860520,7.88,7.88,7.88,7.88
19860521,7.90,7.90,7.90,7.90
19860522,7.88,7.88,7.88,7.88
19860523,7.84,7.84,7.84,7.84
19860527,7.73,7.73,7.73,7.73
19860528,7.73,7.73,7.73,7.73
19860529,7.99,7.99,7.99,7.99
19860530,8.05,8.05,8.05,8.05
19860602,8.32,8.32,8.32,8.32
19860603,8.19,8.19,8.19,8.19
19860604,8.39,8.39,8.39,8.39
19860605,8.31,8.31,8.31,8.31
19860606,7.95,7.95,7.95,7.95
19860609,8.13,8.13,8.13,8.13
19860610,8.07,8.07,8.07,8.07
19860611,8.01,8.01,8.01,8.01
19860612,7.98,7.98,7.98,7.98
19860613,7.73,7.73,7.73,7.73
19860616,7.63,7.63,7.63,7.63
19860617,7.63,7.63,7.63,7.63
19860618,7.57,7.57,7.57,7.57
19860619,7.69,7.69,7.69,7.69
19860620,7.60,7.60,7.60,7.60
19860623,7.55,7.55,7.55,7.55
19860624,7.47,7.47,7.47,7.47
19860625,7.42,7.42,7.42,7.42
19860626,7.42,7.42,7.42,7.42
19860627,7.38,7.38,7.38,7.38
19860630,7.35,7.35,7.35,7.35
19860701,7.37,7.37,7.37,7.37
19860702,7.37,7.37,7.37,7.37
19860703,7.31,7.31,7.31,7.31
19860707,7.31,7.31,7.31,7.31
19860708,7.44,7.44,7.44,7.44
19860709,7.31,7.31,7.31,7.31
19860710,7.31,7.31,7.31,7.31
19860711,7.30,7.30,7.30,7.30
19860714,7.25,7.25,7.25,7.25
19860715,7.16,7.16,7.16,7.16
19860716,7.20,7.20,7.20,7.20
19860717,7.18,7.18,7.18,7.18
19860718,7.16,7.16,7.16,7.16
19860721,7.14,7.14,7.14,7.14
19860722,7.20,7.20,7.20,7.20
19860723,7.29,7.29,7.29,7.29
19860724,7.35,7.35,7.35,7.35
19860725,7.33,7.33,7.33,7.33
19860728,7.53,7.53,7.53,7.53
19860729,7.41,7.41,7.41,7.41
19860730,7.41,7.41,7.41,7.41
19860731,7.34,7.34,7.34,7.34
19860801,7.34,7.34,7.34,7.34
19860804,7.33,7.33,7.33,7.33
19860805,7.39,7.39,7.39,7.39
19860806,7.47,7.47,7.47,7.47
19860807,7.45,7.45,7.45,7.45
19860808,7.30,7.30,7.30,7.30
19860811,7.25,7.25,7.25,7.25
19860812,7.23,7.23,7.23,7.23
19860813,7.15,7.15,7.15,7.15
19860814,7.16,7.16,7.16,7.16
19860815,7.14,7.14,7.14,7.14
19860818,7.14,7.14,7.14,7.14
19860819,7.02,7.02,7.02,7.02
19860820,7.00,7.00,7.00,7.00
19860821,6.96,6.96,6.96,6.96
19860822,7.07,7.07,7.07,7.07
19860825,7.06,7.06,7.06,7.06
19860826,6.97,6.97,6.97,6.97
19860827,7.06,7.06,7.06,7.06
19860828,7.04,7.04,7.04,7.04
19860829,6.95,6.95,6.95,6.95
19860902,7.03,7.03,7.03,7.03
19860903,7.20,7.20,7.20,7.20
19860904,7.15,7.15,7.15,7.15
19860905,7.32,7.32,7.32,7.32
19860908,7.38,7.38,7.38,7.38
19860909,7.35,7.35,7.35,7.35
19860910,7.35,7.35,7.35,7.35
19860911,7.57,7.57,7.57,7.57
19860912,7.63,7.63,7.63,7.63
19860915,7.53,7.53,7.53,7.53
19860916,7.53,7.53,7.53,7.53
19860917,7.46,7.46,7.46,7.46
19860918,7.62,7.62,7.62,7.62
19860919,7.67,7.67,7.67,7.67
19860922,7.62,7.62,7.62,7.62
19860923,7.58,7.58,7.58,7.58
19860924,7.48,7.48,7.48,7.48
19860925,7.47,7.47,7.47,7.47
19860926,7.47,7.47,7.47,7.47
19860929,7.54,7.54,7.54,7.54
19860930,7.45,7.45,7.45,7.45
19861001,7.41,7.41,7.41,7.41
19861002,7.45,7.45,7.45,7.45
19861003,7.31,7.31,7.31,7.31
19861006,7.28,7.28,7.28,7.28
19861007,7.28,7.28,7.28,7.28
19861008,7.31,7.31,7.31,7.31
19861009,7.33,7.33,7.33,7.33
19861010,7.36,7.36,7.36,7.36
19861014,7.49,7.49,7.49,7.49
19861015,7.51,7.51,7.51,7.51
19861016,7.53,7.53,7.53,7.53
19861017,7.57,7.57,7.57,7.57
19861020,7.66,7.66,7.66,7.66
19861021,7.57,7.57,7.57,7.57
19861022,7.49,7.49,7.49,7.49
19861023,7.43,7.43,7.43,7.43
19861024,7.47,7.47,7.47,7.47
19861027,7.42,7.42,7.42,7.42
19861028,7.45,7.45,7.45,7.45
19861029,7.41,7.41,7.41,7.41
19861030,7.31,7.31,7.31,7.31
19861031,7.34,7.34,7.34,7.34
19861103,7.29,7.29,7.29,7.29
19861104,7.31,7.31,7.31,7.31
19861105,7.24,7.24,7.24,7.24
19861106,7.32,7.32,7.32,7.32
19861107,7.40,7.40,7.40,7.40
19861110,7.38,7.38,7.38,7.38
19861112,7.35,7.35,7.35,7.35
19861113,7.33,7.33,7.33,7.33
19861114,7.29,7.29,7.29,7.29
19861117,7.22,7.22,7.22,7.22
19861118,7.27,7.27,7.27,7.27
19861119,7.19,7.19,7.19,7.19
19861120,7.19,7.19,7.19,7.19
19861121,7.17,7.17,7.17,7.17
19861124,7.11,7.11,7.11,7.11
19861125,7.15,7.15,7.15,7.15
19861126,7.15,7.15,7.15,7.15
19861128,7.15,7.15,7.15,7.15
19861201,7.18,7.18,7.18,7.18
19861202,7.08,7.08,7.08,7.08
19861203,7.06,7.06,7.06,7.06
19861204,7.01,7.01,7.01,7.01
19861205,7.12,7.12,7.12,7.12
19861208,7.10,7.10,7.10,7.10
19861209,7.07,7.07,7.07,7.07
19861210,7.05,7.05,7.05,7.05
19861211,7.12,7.12,7.12,7.12
19861212,7.13,7.13,7.13,7.13
19861215,7.15,7.15,7.15,7.15
19861216,7.12,7.12,7.12,7.12
19861217,7.12,7.12,7.12,7.12
19861218,7.11,7.11,7.11,7.11
19861219,7.10,7.10,7.10,7.10
19861222,7.10,7.10,7.10,7.10
19861223,7.08,7.08,7.08,7.08
19861224,7.07,7.07,7.07,7.07
19861226,7.08,7.08,7.08,7.08
19861229,7.17,7.17,7.17,7.17
19861230,7.23,7.23,7.23,7.23
19861231,7.23,7.23,7.23,7.23
19870102,7.18,7.18,7.18,7.18
19870105,7.08,7.08,7.08,7.08
19870106,7.08,7.08,7.08,7.08
19870107,7.05,7.05,7.05,7.05
19870108,7.04,7.04,7.04,7.04
19870109,7.01,7.01,7.01,7.01
19870112,7.05,7.05,7.05,7.05
19870113,7.10,7.10,7.10,7.10
19870114,7.11,7.11,7.11,7.11
19870115,7.08,7.08,7.08,7.08
19870116,7.03,7.03,7.03,7.03
19870120,7.01,7.01,7.01,7.01
19870121,7.01,7.01,7.01,7.01
19870122,7.03,7.03,7.03,7.03
19870123,7.06,7.06,7.06,7.06
19870126,7.17,7.17,7.17,7.17
19870127,7.16,7.16,7.16,7.16
19870128,7.13,7.13,7.13,7.13
19870129,7.13,7.13,7.13,7.13
19870130,7.18,7.18,7.18,7.18
19870202,7.23,7.23,7.23,7.23
19870203,7.25,7.25,7.25,7.25
19870204,7.23,7.23,7.23,7.23
19870205,7.20,7.20,7.20,7.20
19870206,7.19,7.19,7.19,7.19
19870209,7.25,7.25,7.25,7.25
19870210,7.33,7.33,7.33,7.33
19870211,7.37,7.37,7.37,7.37
19870212,7.31,7.31,7.31,7.31
19870213,7.28,7.28,7.28,7.28
19870217,7.33,7.33,7.33,7.33
19870218,7.30,7.30,7.30,7.30
19870219,7.23,7.23,7.23,7.23
19870220,7.24,7.24,7.24,7.24
19870223,7.23,7.23,7.23,7.23
19870224,7.18,7.18,7.18,7.18
19870225,7.21,7.21,7.21,7.21
19870226,7.21,7.21,7.21,7.21
19870227,7.19,7.19,7.19,7.19
19870302,7.17,7.17,7.17,7.17
19870303,7.21,7.21,7.21,7.21
19870304,7.14,7.14,7.14,7.14
19870305,7.16,7.16,7.16,7.16
19870306,7.23,7.23,7.23,7.23
19870309,7.23,7.23,7.23,7.23
19870310,7.23,7.23,7.23,7.23
19870311,7.23,7.23,7.23,7.23
19870312,7.22,7.22,7.22,7.22
19870313,7.19,7.19,7.19,7.19
19870316,7.22,7.22,7.22,7.22
19870317,7.20,7.20,7.20,7.20
19870318,7.21,7.21,7.21,7.21
19870319,7.21,7.21,7.21,7.21
19870320,7.22,7.22,7.22,7.22
19870323,7.25,7.25,7.25,7.25
19870324,7.27,7.27,7.27,7.27
19870325,7.26,7.26,7.26,7.26
19870326,7.24,7.24,7.24,7.24
19870327,7.33,7.33,7.33,7.33
19870330,7.54,7.54,7.54,7.54
19870331,7.51,7.51,7.51,7.51
19870401,7.59,7.59,7.59,7.59
19870402,7.59,7.59,7.59,7.59
19870403,7.59,7.59,7.59,7.59
19870406,7.54,7.54,7.54,7.54
19870407,7.62,7.62,7.62,7.62
19870408,7.61,7.61,7.61,7.61
19870409,7.78,7.78,7.78,7.78
19870410,7.98,7.98,7.98,7.98
19870413,8.07,8.07,8.07,8.07
19870414,8.28,8.28,8.28,8.28
19870415,8.10,8.10,8.10,8.10
19870416,8.03,8.03,8.03,8.03
19870420,8.20,8.20,8.20,8.20
19870421,8.19,8.19,8.19,8.19
19870422,8.24,8.24,8.24,8.24
19870423,8.39,8.39,8.39,8.39
19870424,8.47,8.47,8.47,8.47
19870427,8.37,8.37,8.37,8.37
19870428,8.28,8.28,8.28,8.28
19870429,8.35,8.35,8.35,8.35
19870430,8.21,8.21,8.21,8.21
19870501,8.39,8.39,8.39,8.39
19870504,8.52,8.52,8.52,8.52
19870505,8.45,8.45,8.45,8.45
19870506,8.54,8.54,8.54,8.54
19870507,8.50,8.50,8.50,8.50
19870508,8.43,8.43,8.43,8.43
19870511,8.57,8.57,8.57,8.57
19870512,8.55,8.55,8.55,8.55
19870513,8.55,8.55,8.55,8.55
19870514,8.57,8.57,8.57,8.57
19870515,8.80,8.80,8.80,8.80
19870518,8.73,8.73,8.73,8.73
19870519,8.89,8.89,8.89,8.89
19870520,8.92,8.92,8.92,8.92
19870521,8.87,8.87,8.87,8.87
19870522,8.78,8.78,8.78,8.78
19870526,8.55,8.55,8.55,8.55
19870527,8.60,8.60,8.60,8.60
19870528,8.56,8.56,8.56,8.56
19870529,8.49,8.49,8.49,8.49
19870601,8.45,8.45,8.45,8.45
19870602,8.72,8.72,8.72,8.72
19870603,8.64,8.64,8.64,8.64
19870604,8.58,8.58,8.58,8.58
19870605,8.50,8.50,8.50,8.50
19870608,8.53,8.53,8.53,8.53
19870609,8.56,8.56,8.56,8.56
19870610,8.56,8.56,8.56,8.56
19870611,8.52,8.52,8.52,8.52
19870612,8.32,8.32,8.32,8.32
19870615,8.28,8.28,8.28,8.28
19870616,8.28,8.28,8.28,8.28
19870617,8.23,8.23,8.23,8.23
19870618,8.27,8.27,8.27,8.27
19870619,8.30,8.30,8.30,8.30
19870622,8.23,8.23,8.23,8.23
19870623,8.23,8.23,8.23,8.23
19870624,8.31,8.31,8.31,8.31
19870625,8.25,8.25,8.25,8.25
19870626,8.37,8.37,8.37,8.37
19870629,8.34,8.34,8.34,8.34
19870630,8.38,8.38,8.38,8.38
19870701,8.36,8.36,8.36,8.36
19870702,8.30,8.30,8.30,8.30
19870706,8.29,8.29,8.29,8.29
19870707,8.28,8.28,8.28,8.28
19870708,8.32,8.32,8.32,8.32
19870709,8.37,8.37,8.37,8.37
19870710,8.32,8.32,8.32,8.32
19870713,8.38,8.38,8.38,8.38
19870714,8.33,8.33,8.33,8.33
19870715,8.43,8.43,8.43,8.43
19870716,8.41,8.41,8.41,8.41
19870717,8.36,8.36,8.36,8.36
19870720,8.41,8.41,8.41,8.41
19870721,8.49,8.49,8.49,8.49
19870722,8.54,8.54,8.54,8.54
19870723,8.56,8.56,8.56,8.56
19870724,8.58,8.58,8.58,8.58
19870727,8.60,8.60,8.60,8.60
19870728,8.62,8.62,8.62,8.62
19870729,8.61,8.61,8.61,8.61
19870730,8.61,8.61,8.61,8.61
19870731,8.66,8.66,8.66,8.66
19870803,8.81,8.81,8.81,8.81
19870804,8.81,8.81,8.81,8.81
19870805,8.71,8.71,8.71,8.71
19870806,8.73,8.73,8.73,8.73
19870807,8.70,8.70,8.70,8.70
19870810,8.74,8.74,8.74,8.74
19870811,8.73,8.73,8.73,8.73
19870812,8.72,8.72,8.72,8.72
19870813,8.63,8.63,8.63,8.63
19870814,8.58,8.58,8.58,8.58
19870817,8.56,8.56,8.56,8.56
19870818,8.73,8.73,8.73,8.73
19870819,8.77,8.77,8.77,8.77
19870820,8.74,8.74,8.74,8.74
19870821,8.77,8.77,8.77,8.77
19870824,8.78,8.78,8.78,8.78
19870825,8.73,8.73,8.73,8.73
19870826,8.79,8.79,8.79,8.79
19870827,8.92,8.92,8.92,8.92
19870828,9.02,9.02,9.02,9.02
19870831,9.00,9.00,9.00,9.00
19870901,9.05,9.05,9.05,9.05
19870902,9.28,9.28,9.28,9.28
19870903,9.29,9.29,9.29,9.29
19870904,9.30,9.30,9.30,9.30
19870908,9.50,9.50,9.50,9.50
19870909,9.48,9.48,9.48,9.48
19870910,9.42,9.42,9.42,9.42
19870911,9.33,9.33,9.33,9.33
19870914,9.34,9.34,9.34,9.34
19870915,9.44,9.44,9.44,9.44
19870916,9.52,9.52,9.52,9.52
19870917,9.48,9.48,9.48,9.48
19870918,9.38,9.38,9.38,9.38
19870921,9.45,9.45,9.45,9.45
19870922,9.37,9.37,9.37,9.37
19870923,9.40,9.40,9.40,9.40
19870924,9.51,9.51,9.51,9.51
19870925,9.53,9.53,9.53,9.53
19870928,9.52,9.52,9.52,9.52
19870929,9.64,9.64,9.64,9.64
19870930,9.63,9.63,9.63,9.63
19871001,9.66,9.66,9.66,9.66
19871002,9.60,9.60,9.60,9.60
19871005,9.69,9.69,9.69,9.69
19871006,9.72,9.72,9.72,9.72
19871007,9.71,9.71,9.71,9.71
19871008,9.86,9.86,9.86,9.86
19871009,9.94,9.94,9.94,9.94
19871013,9.90,9.90,9.90,9.90
19871014,10.13,10.13,10.13,10.13
19871015,10.18,10.18,10.18,10.18
19871016,10.23,10.23,10.23,10.23
19871019,10.15,10.15,10.15,10.15
19871020,9.40,9.40,9.40,9.40
19871021,9.30,9.30,9.30,9.30
19871022,8.97,8.97,8.97,8.97
19871023,8.98,8.98,8.98,8.98
19871026,8.80,8.80,8.80,8.80
19871027,8.92,8.92,8.92,8.92
19871028,9.01,9.01,9.01,9.01
19871029,8.89,8.89,8.89,8.89
19871030,8.88,8.88,8.88,8.88
19871102,8.98,8.98,8.98,8.98
19871103,8.91,8.91,8.91,8.91
19871104,8.85,8.85,8.85,8.85
19871105,8.72,8.72,8.72,8.72
19871106,8.76,8.76,8.76,8.76
19871109,8.78,8.78,8.78,8.78
19871110,8.79,8.79,8.79,8.79
19871112,8.80,8.80,8.80,8.80
19871113,8.84,8.84,8.84,8.84
19871116,8.82,8.82,8.82,8.82
19871117,8.86,8.86,8.86,8.86
19871118,8.85,8.85,8.85,8.85
19871119,8.83,8.83,8.83,8.83
19871120,8.79,8.79,8.79,8.79
19871123,8.80,8.80,8.80,8.80
19871124,8.89,8.89,8.89,8.89
19871125,8.98,8.98,8.98,8.98
19871127,9.11,9.11,9.11,9.11
19871130,8.99,8.99,8.99,8.99
19871201,9.01,9.01,9.01,9.01
19871202,9.01,9.01,9.01,9.01
19871203,8.94,8.94,8.94,8.94
19871204,8.94,8.94,8.94,8.94
19871207,9.07,9.07,9.07,9.07
19871208,9.09,9.09,9.09,9.09
19871209,9.05,9.05,9.05,9.05
19871210,9.23,9.23,9.23,9.23
19871211,9.28,9.28,9.28,9.28
19871214,9.23,9.23,9.23,9.23
19871215,9.09,9.09,9.09,9.09
19871216,9.00,9.00,9.00,9.00
19871217,9.03,9.03,9.03,9.03
19871218,8.89,8.89,8.89,8.89
19871221,8.88,8.88,8.88,8.88
19871222,8.95,8.95,8.95,8.95
19871223,8.83,8.83,8.83,8.83
19871224,8.82,8.82,8.82,8.82
19871228,8.93,8.93,8.93,8.93
19871229,8.85,8.85,8.85,8.85
19871230,8.78,8.78,8.78,8.78
19871231,8.83,8.83,8.83,8.83
19880104,8.83,8.83,8.83,8.83
19880105,8.76,8.76,8.76,8.76
19880106,8.82,8.82,8.82,8.82
19880107,8.83,8.83,8.83,8.83
19880108,8.97,8.97,8.97,8.97
19880111,8.94,8.94,8.94,8.94
19880112,8.93,8.93,8.93,8.93
19880113,8.87,8.87,8.87,8.87
19880114,8.86,8.86,8.86,8.86
19880115,8.60,8.60,8.60,8.60
19880119,8.65,8.65,8.65,8.65
19880120,8.61,8.61,8.61,8.61
19880121,8.53,8.53,8.53,8.53
19880122,8.49,8.49,8.49,8.49
19880125,8.45,8.45,8.45,8.45
19880126,8.54,8.54,8.54,8.54
19880127,8.38,8.38,8.38,8.38
19880128,8.33,8.33,8.33,8.33
19880129,8.26,8.26,8.26,8.26
19880201,8.26,8.26,8.26,8.26
19880202,8.18,8.18,8.18,8.18
19880203,8.21,8.21,8.21,8.21
19880204,8.24,8.24,8.24,8.24
19880205,8.12,8.12,8.12,8.12
19880208,8.19,8.19,8.19,8.19
19880209,8.16,8.16,8.16,8.16
19880210,8.11,8.11,8.11,8.11
19880211,8.16,8.16,8.16,8.16
19880212,8.28,8.28,8.28,8.28
19880216,8.31,8.31,8.31,8.31
19880217,8.32,8.32,8.32,8.32
19880218,8.28,8.28,8.28,8.28
19880219,8.26,8.26,8.26,8.26
19880222,8.24,8.24,8.24,8.24
19880223,8.17,8.17,8.17,8.17
19880224,8.18,8.18,8.18,8.18
19880225,8.23,8.23,8.23,8.23
19880226,8.18,8.18,8.18,8.18
19880229,8.16,8.16,8.16,8.16
19880301,8.15,8.15,8.15,8.15
19880302,8.13,8.13,8.13,8.13
19880303,8.12,8.12,8.12,8.12
19880304,8.28,8.28,8.28,8.28
19880307,8.30,8.30,8.30,8.30
19880308,8.33,8.33,8.33,8.33
19880309,8.32,8.32,8.32,8.32
19880310,8.35,8.35,8.35,8.35
19880311,8.29,8.29,8.29,8.29
19880314,8.29,8.29,8.29,8.29
19880315,8.30,8.30,8.30,8.30
19880316,8.36,8.36,8.36,8.36
19880317,8.30,8.30,8.30,8.30
19880318,8.41,8.41,8.41,8.41
19880321,8.47,8.47,8.47,8.47
19880322,8.46,8.46,8.46,8.46
19880323,8.47,8.47,8.47,8.47
19880324,8.51,8.51,8.51,8.51
19880325,8.47,8.47,8.47,8.47
19880328,8.58,8.58,8.58,8.58
19880329,8.56,8.56,8.56,8.56
19880330,8.57,8.57,8.57,8.57
19880331,8.57,8.57,8.57,8.57
19880404,8.68,8.68,8.68,8.68
19880405,8.67,8.67,8.67,8.67
19880406,8.61,8.61,8.61,8.61
19880407,8.60,8.60,8.60,8.60
19880408,8.52,8.52,8.52,8.52
19880411,8.59,8.59,8.59,8.59
19880412,8.57,8.57,8.57,8.57
19880413,8.56,8.56,8.56,8.56
19880414,8.67,8.67,8.67,8.67
19880415,8.74,8.74,8.74,8.74
19880418,8.81,8.81,8.81,8.81
19880419,8.81,8.81,8.81,8.81
19880420,8.83,8.83,8.83,8.83
19880421,8.82,8.82,8.82,8.82
19880422,8.78,8.78,8.78,8.78
19880425,8.78,8.78,8.78,8.78
19880426,8.80,8.80,8.80,8.80
19880427,8.80,8.80,8.80,8.80
19880428,8.86,8.86,8.86,8.86
19880429,8.87,8.87,8.87,8.87
19880502,8.94,8.94,8.94,8.94
19880503,8.89,8.89,8.89,8.89
19880504,8.90,8.90,8.90,8.90
19880505,8.92,8.92,8.92,8.92
19880506,9.01,9.01,9.01,9.01
19880509,9.03,9.03,9.03,9.03
19880510,9.07,9.07,9.07,9.07
19880511,9.05,9.05,9.05,9.05
19880512,9.04,9.04,9.04,9.04
19880513,9.00,9.00,9.00,9.00
19880516,9.01,9.01,9.01,9.01
19880517,9.12,9.12,9.12,9.12
19880518,9.19,9.19,9.19,9.19
19880519,9.18,9.18,9.18,9.18
19880520,9.22,9.22,9.22,9.22
19880523,9.23,9.23,9.23,9.23
19880524,9.22,9.22,9.22,9.22
19880525,9.20,9.20,9.20,9.20
19880526,9.21,9.21,9.21,9.21
19880527,9.24,9.24,9.24,9.24
19880531,9.20,9.20,9.20,9.20
19880601,9.03,9.03,9.03,9.03
19880602,9.07,9.07,9.07,9.07
19880603,8.97,8.97,8.97,8.97
19880606,8.97,8.97,8.97,8.97
19880607,9.02,9.02,9.02,9.02
19880608,8.92,8.92,8.92,8.92
19880609,8.96,8.96,8.96,8.96
19880610,8.92,8.92,8.92,8.92
19880613,8.91,8.91,8.91,8.91
19880614,8.69,8.69,8.69,8.69
19880615,8.71,8.71,8.71,8.71
19880616,8.89,8.89,8.89,8.89
19880617,9.02,9.02,9.02,9.02
19880620,9.02,9.02,9.02,9.02
19880621,9.03,9.03,9.03,9.03
19880622,8.90,8.90,8.90,8.90
19880623,8.88,8.88,8.88,8.88
19880624,8.85,8.85,8.85,8.85
19880627,8.94,8.94,8.94,8.94
19880628,8.87,8.87,8.87,8.87
19880629,8.88,8.88,8.88,8.88
19880630,8.82,8.82,8.82,8.82
19880701,8.77,8.77,8.77,8.77
19880705,8.82,8.82,8.82,8.82
19880706,8.91,8.91,8.91,8.91
19880707,8.95,8.95,8.95,8.95
19880708,9.04,9.04,9.04,9.04
19880711,9.02,9.02,9.02,9.02
19880712,9.08,9.08,9.08,9.08
19880713,9.12,9.12,9.12,9.12
19880714,9.12,9.12,9.12,9.12
19880715,9.08,9.08,9.08,9.08
19880718,9.15,9.15,9.15,9.15
19880719,9.10,9.10,9.10,9.10
19880720,9.11,9.11,9.11,9.11
19880721,9.16,9.16,9.16,9.16
19880722,9.11,9.11,9.11,9.11
19880725,9.07,9.07,9.07,9.07
19880726,9.09,9.09,9.09,9.09
19880727,9.14,9.14,9.14,9.14
19880728,9.16,9.16,9.16,9.16
19880729,9.12,9.12,9.12,9.12
19880801,9.07,9.07,9.07,9.07
19880802,9.00,9.00,9.00,9.00
19880803,9.04,9.04,9.04,9.04
19880804,8.99,8.99,8.99,8.99
19880805,9.12,9.12,9.12,9.12
19880808,9.12,9.12,9.12,9.12
19880809,9.20,9.20,9.20,9.20
19880810,9.30,9.30,9.30,9.30
19880811,9.35,9.35,9.35,9.35
19880812,9.36,9.36,9.36,9.36
19880815,9.37,9.37,9.37,9.37
19880816,9.35,9.35,9.35,9.35
19880817,9.38,9.38,9.38,9.38
19880818,9.35,9.35,9.35,9.35
19880819,9.35,9.35,9.35,9.35
19880822,9.37,9.37,9.37,9.37
19880823,9.32,9.32,9.32,9.32
19880824,9.34,9.34,9.34,9.34
19880825,9.41,9.41,9.41,9.41
19880826,9.38,9.38,9.38,9.38
19880829,9.30,9.30,9.30,9.30
19880830,9.27,9.27,9.27,9.27
19880831,9.25,9.25,9.25,9.25
19880901,9.25,9.25,9.25,9.25
19880902,9.00,9.00,9.00,9.00
19880906,8.99,8.99,8.99,8.99
19880907,8.99,8.99,8.99,8.99
19880908,8.99,8.99,8.99,8.99
19880909,8.93,8.93,8.93,8.93
19880912,8.97,8.97,8.97,8.97
19880913,8.94,8.94,8.94,8.94
19880914,8.88,8.88,8.88,8.88
19880915,8.91,8.91,8.91,8.91
19880916,8.93,8.93,8.93,8.93
19880919,8.97,8.97,8.97,8.97
19880920,8.97,8.97,8.97,8.97
19880921,8.93,8.93,8.93,8.93
19880922,8.95,8.95,8.95,8.95
19880923,8.97,8.97,8.97,8.97
19880926,9.00,9.00,9.00,9.00
19880927,9.04,9.04,9.04,9.04
19880928,9.06,9.06,9.06,9.06
19880929,8.98,8.98,8.98,8.98
19880930,8.87,8.87,8.87,8.87
19881003,8.84,8.84,8.84,8.84
19881004,8.87,8.87,8.87,8.87
19881005,8.87,8.87,8.87,8.87
19881006,8.87,8.87,8.87,8.87
19881007,8.70,8.70,8.70,8.70
19881011,8.75,8.75,8.75,8.75
19881012,8.84,8.84,8.84,8.84
19881013,8.84,8.84,8.84,8.84
19881014,8.81,8.81,8.81,8.81
19881017,8.79,8.79,8.79,8.79
19881018,8.78,8.78,8.78,8.78
19881019,8.82,8.82,8.82,8.82
19881020,8.79,8.79,8.79,8.79
19881021,8.83,8.83,8.83,8.83
19881024,8.83,8.83,8.83,8.83
19881025,8.83,8.83,8.83,8.83
19881026,8.79,8.79,8.79,8.79
19881027,8.72,8.72,8.72,8.72
19881028,8.69,8.69,8.69,8.69
19881031,8.65,8.65,8.65,8.65
19881101,8.68,8.68,8.68,8.68
19881102,8.73,8.73,8.73,8.73
19881103,8.69,8.69,8.69,8.69
19881104,8.85,8.85,8.85,8.85
19881107,8.91,8.91,8.91,8.91
19881108,8.91,8.91,8.91,8.91
19881109,8.91,8.91,8.91,8.91
19881110,8.90,8.90,8.90,8.90
19881114,8.91,8.91,8.91,8.91
19881115,8.92,8.92,8.92,8.92
19881116,9.00,9.00,9.00,9.00
19881117,9.06,9.06,9.06,9.06
19881118,9.05,9.05,9.05,9.05
19881121,9.04,9.04,9.04,9.04
19881122,9.09,9.09,9.09,9.09
19881123,9.08,9.08,9.08,9.08
19881125,9.17,9.17,9.17,9.17
19881128,9.16,9.16,9.16,9.16
19881129,9.13,9.13,9.13,9.13
19881130,9.06,9.06,9.06,9.06
19881201,9.01,9.01,9.01,9.01
19881202,9.18,9.18,9.18,9.18
19881205,9.13,9.13,9.13,9.13
19881206,8.95,8.95,8.95,8.95
19881207,9.00,9.00,9.00,9.00
19881208,9.02,9.02,9.02,9.02
19881209,9.07,9.07,9.07,9.07
19881212,9.08,9.08,9.08,9.08
19881213,9.15,9.15,9.15,9.15
19881214,9.19,9.19,9.19,9.19
19881215,9.19,9.19,9.19,9.19
19881216,9.17,9.17,9.17,9.17
19881219,9.15,9.15,9.15,9.15
19881220,9.08,9.08,9.08,9.08
19881221,9.07,9.07,9.07,9.07
19881222,9.07,9.07,9.07,9.07
19881223,9.05,9.05,9.05,9.05
19881227,9.13,9.13,9.13,9.13
19881228,9.21,9.21,9.21,9.21
19881229,9.18,9.18,9.18,9.18
19881230,9.14,9.14,9.14,9.14
19890103,9.23,9.23,9.23,9.23
19890104,9.22,9.22,9.22,9.22
19890105,9.27,9.27,9.27,9.27
19890106,9.25,9.25,9.25,9.25
19890109,9.23,9.23,9.23,9.23
19890110,9.24,9.24,9.24,9.24
19890111,9.24,9.24,9.24,9.24
19890112,9.14,9.14,9.14,9.14
19890113,9.06,9.06,9.06,9.06
19890117,9.06,9.06,9.06,9.06
19890118,8.99,8.99,8.99,8.99
19890119,9.00,9.00,9.00,9.00
19890120,9.03,9.03,9.03,9.03
19890123,9.00,9.00,9.00,9.00
19890124,8.93,8.93,8.93,8.93
19890125,8.99,8.99,8.99,8.99
19890126,8.99,8.99,8.99,8.99
19890127,8.95,8.95,8.95,8.95
19890130,9.00,9.00,9.00,9.00
19890131,9.01,9.01,9.01,9.01
19890201,8.99,8.99,8.99,8.99
19890202,8.98,8.98,8.98,8.98
19890203,9.01,9.01,9.01,9.01
19890206,9.01,9.01,9.01,9.01
19890207,8.96,8.96,8.96,8.96
19890208,8.95,8.95,8.95,8.95
19890209,9.13,9.13,9.13,9.13
19890210,9.19,9.19,9.19,9.19
19890213,9.20,9.20,9.20,9.20
19890214,9.23,9.23,9.23,9.23
19890215,9.22,9.22,9.22,9.22
19890216,9.21,9.21,9.21,9.21
19890217,9.20,9.20,9.20,9.20
19890221,9.22,9.22,9.22,9.22
19890222,9.29,9.29,9.29,9.29
19890223,9.36,9.36,9.36,9.36
19890224,9.38,9.38,9.38,9.38
19890227,9.36,9.36,9.36,9.36
19890228,9.32,9.32,9.32,9.32
19890301,9.36,9.36,9.36,9.36
19890302,9.31,9.31,9.31,9.31
19890303,9.31,9.31,9.31,9.31
19890306,9.26,9.26,9.26,9.26
19890307,9.26,9.26,9.26,9.26
19890308,9.23,9.23,9.23,9.23
19890309,9.24,9.24,9.24,9.24
19890310,9.34,9.34,9.34,9.34
19890313,9.35,9.35,9.35,9.35
19890314,9.32,9.32,9.32,9.32
19890315,9.31,9.31,9.31,9.31
19890316,9.30,9.30,9.30,9.30
19890317,9.49,9.49,9.49,9.49
19890320,9.53,9.53,9.53,9.53
19890321,9.53,9.53,9.53,9.53
19890322,9.45,9.45,9.45,9.45
19890323,9.43,9.43,9.43,9.43
19890327,9.44,9.44,9.44,9.44
19890328,9.41,9.41,9.41,9.41
19890329,9.36,9.36,9.36,9.36
19890330,9.34,9.34,9.34,9.34
19890331,9.30,9.30,9.30,9.30
19890403,9.21,9.21,9.21,9.21
19890404,9.17,9.17,9.17,9.17
19890405,9.17,9.17,9.17,9.17
19890406,9.20,9.20,9.20,9.20
19890407,9.27,9.27,9.27,9.27
19890410,9.27,9.27,9.27,9.27
19890411,9.27,9.27,9.27,9.27
19890412,9.29,9.29,9.29,9.29
19890413,9.34,9.34,9.34,9.34
19890414,9.18,9.18,9.18,9.18
19890417,9.20,9.20,9.20,9.20
19890418,9.06,9.06,9.06,9.06
19890419,9.08,9.08,9.08,9.08
19890420,9.20,9.20,9.20,9.20
19890421,9.15,9.15,9.15,9.15
19890424,9.15,9.15,9.15,9.15
19890425,9.12,9.12,9.12,9.12
19890426,9.11,9.11,9.11,9.11
19890427,9.05,9.05,9.05,9.05
19890428,9.02,9.02,9.02,9.02
19890501,9.14,9.14,9.14,9.14
19890502,9.08,9.08,9.08,9.08
19890503,9.06,9.06,9.06,9.06
19890504,9.06,9.06,9.06,9.06
19890505,8.99,8.99,8.99,8.99
19890508,9.04,9.04,9.04,9.04
19890509,9.15,9.15,9.15,9.15
19890510,9.16,9.16,9.16,9.16
19890511,9.10,9.10,9.10,9.10
19890512,8.81,8.81,8.81,8.81
19890515,8.82,8.82,8.82,8.82
19890516,8.82,8.82,8.82,8.82
19890517,8.80,8.80,8.80,8.80
19890518,8.78,8.78,8.78,8.78
19890519,8.71,8.71,8.71,8.71
19890522,8.58,8.58,8.58,8.58
19890523,8.60,8.60,8.60,8.60
19890524,8.63,8.63,8.63,8.63
19890525,8.67,8.67,8.67,8.67
19890526,8.66,8.66,8.66,8.66
19890530,8.64,8.64,8.64,8.64
19890531,8.60,8.60,8.60,8.60
19890601,8.61,8.61,8.61,8.61
19890602,8.43,8.43,8.43,8.43
19890605,8.36,8.36,8.36,8.36
19890606,8.36,8.36,8.36,8.36
19890607,8.27,8.27,8.27,8.27
19890608,8.27,8.27,8.27,8.27
19890609,8.15,8.15,8.15,8.15
19890612,8.16,8.16,8.16,8.16
19890613,8.25,8.25,8.25,8.25
19890614,8.20,8.20,8.20,8.20
19890615,8.33,8.33,8.33,8.33
19890616,8.35,8.35,8.35,8.35
19890619,8.37,8.37,8.37,8.37
19890620,8.31,8.31,8.31,8.31
19890621,8.37,8.37,8.37,8.37
19890622,8.38,8.38,8.38,8.38
19890623,8.25,8.25,8.25,8.25
19890626,8.18,8.18,8.18,8.18
19890627,8.11,8.11,8.11,8.11
19890628,8.17,8.17,8.17,8.17
19890629,8.12,8.12,8.12,8.12
19890630,8.10,8.10,8.10,8.10
19890703,8.09,8.09,8.09,8.09
19890705,8.11,8.11,8.11,8.11
19890706,8.08,8.08,8.08,8.08
19890707,8.02,8.02,8.02,8.02
19890710,7.99,7.99,7.99,7.99
19890711,8.00,8.00,8.00,8.00
19890712,8.00,8.00,8.00,8.00
19890713,8.00,8.00,8.00,8.00
19890714,8.04,8.04,8.04,8.04
19890717,8.05,8.05,8.05,8.05
19890718,8.13,8.13,8.13,8.13
19890719,8.09,8.09,8.09,8.09
19890720,8.01,8.01,8.01,8.01
19890721,8.07,8.07,8.07,8.07
19890724,8.05,8.05,8.05,8.05
19890725,8.01,8.01,8.01,8.01
19890726,8.02,8.02,8.02,8.02
19890727,7.92,7.92,7.92,7.92
19890728,7.87,7.87,7.87,7.87
19890731,7.82,7.82,7.82,7.82
19890801,7.74,7.74,7.74,7.74
19890802,7.76,7.76,7.76,7.76
19890803,7.80,7.80,7.80,7.80
19890804,8.00,8.00,8.00,8.00
19890807,8.03,8.03,8.03,8.03
19890808,8.00,8.00,8.00,8.00
19890809,8.05,8.05,8.05,8.05
19890810,8.02,8.02,8.02,8.02
19890811,8.09,8.09,8.09,8.09
19890814,8.24,8.24,8.24,8.24
19890815,8.21,8.21,8.21,8.21
19890816,8.12,8.12,8.12,8.12
19890817,8.18,8.18,8.18,8.18
19890818,8.15,8.15,8.15,8.15
19890821,8.20,8.20,8.20,8.20
19890822,8.29,8.29,8.29,8.29
19890823,8.25,8.25,8.25,8.25
19890824,8.20,8.20,8.20,8.20
19890825,8.21,8.21,8.21,8.21
19890828,8.27,8.27,8.27,8.27
19890829,8.27,8.27,8.27,8.27
19890830,8.25,8.25,8.25,8.25
19890831,8.26,8.26,8.26,8.26
19890901,8.19,8.19,8.19,8.19
19890905,8.19,8.19,8.19,8.19
19890906,8.17,8.17,8.17,8.17
19890907,8.17,8.17,8.17,8.17
19890908,8.14,8.14,8.14,8.14
19890911,8.13,8.13,8.13,8.13
19890912,8.13,8.13,8.13,8.13
19890913,8.18,8.18,8.18,8.18
19890914,8.13,8.13,8.13,8.13
19890915,8.09,8.09,8.09,8.09
19890918,8.10,8.10,8.10,8.10
19890919,8.09,8.09,8.09,8.09
19890920,8.15,8.15,8.15,8.15
19890921,8.20,8.20,8.20,8.20
19890922,8.22,8.22,8.22,8.22
19890925,8.32,8.32,8.32,8.32
19890926,8.30,8.30,8.30,8.30
19890927,8.30,8.30,8.30,8.30
19890928,8.30,8.30,8.30,8.30
19890929,8.31,8.31,8.31,8.31
19891002,8.28,8.28,8.28,8.28
19891003,8.23,8.23,8.23,8.23
19891004,8.22,8.22,8.22,8.22
19891005,8.15,8.15,8.15,8.15
19891006,8.03,8.03,8.03,8.03
19891010,8.03,8.03,8.03,8.03
19891011,8.07,8.07,8.07,8.07
19891012,8.04,8.04,8.04,8.04
19891013,7.87,7.87,7.87,7.87
19891016,7.98,7.98,7.98,7.98
19891017,8.00,8.00,8.00,8.00
19891018,8.01,8.01,8.01,8.01
19891019,7.96,7.96,7.96,7.96
19891020,7.98,7.98,7.98,7.98
19891023,7.92,7.92,7.92,7.92
19891024,7.87,7.87,7.87,7.87
19891025,7.86,7.86,7.86,7.86
19891026,7.88,7.88,7.88,7.88
19891027,7.94,7.94,7.94,7.94
19891030,7.92,7.92,7.92,7.92
19891031,7.92,7.92,7.92,7.92
19891101,7.91,7.91,7.91,7.91
19891102,7.87,7.87,7.87,7.87
19891103,7.96,7.96,7.96,7.96
19891106,8.00,8.00,8.00,8.00
19891107,7.90,7.90,7.90,7.90
19891108,7.87,7.87,7.87,7.87
19891109,7.90,7.90,7.90,7.90
19891110,7.92,7.92,7.92,7.92
19891113,7.89,7.89,7.89,7.89
19891114,7.87,7.87,7.87,7.87
19891115,7.82,7.82,7.82,7.82
19891116,7.82,7.82,7.82,7.82
19891117,7.88,7.88,7.88,7.88
19891120,7.86,7.86,7.86,7.86
19891121,7.85,7.85,7.85,7.85
19891122,7.81,7.81,7.81,7.81
19891124,7.80,7.80,7.80,7.80
19891127,7.85,7.85,7.85,7.85
19891128,7.86,7.86,7.86,7.86
19891129,7.88,7.88,7.88,7.88
19891130,7.84,7.84,7.84,7.84
19891201,7.81,7.81,7.81,7.81
19891204,7.82,7.82,7.82,7.82
19891205,7.82,7.82,7.82,7.82
19891206,7.85,7.85,7.85,7.85
19891207,7.88,7.88,7.88,7.88
19891208,7.82,7.82,7.82,7.82
19891211,7.83,7.83,7.83,7.83
19891212,7.84,7.84,7.84,7.84
19891213,7.82,7.82,7.82,7.82
19891214,7.79,7.79,7.79,7.79
19891215,7.80,7.80,7.80,7.80
19891218,7.77,7.77,7.77,7.77
19891219,7.78,7.78,7.78,7.78
19891220,7.77,7.77,7.77,7.77
19891221,7.77,7.77,7.77,7.77
19891222,7.82,7.82,7.82,7.82
19891226,7.95,7.95,7.95,7.95
19891227,7.94,7.94,7.94,7.94
19891228,7.91,7.91,7.91,7.91
19891229,7.93,7.93,7.93,7.93
19900102,7.94,7.94,7.94,7.94
19900103,7.99,7.99,7.99,7.99
19900104,7.98,7.98,7.98,7.98
19900105,7.99,7.99,7.99,7.99
19900108,8.02,8.02,8.02,8.02
19900109,8.02,8.02,8.02,8.02
19900110,8.03,8.03,8.03,8.03
19900111,8.04,8.04,8.04,8.04
19900112,8.10,8.10,8.10,8.10
19900116,8.20,8.20,8.20,8.20
19900117,8.19,8.19,8.19,8.19
19900118,8.32,8.32,8.32,8.32
19900119,8.26,8.26,8.26,8.26
19900122,8.27,8.27,8.27,8.27
19900123,8.26,8.26,8.26,8.26
19900124,8.38,8.38,8.38,8.38
19900125,8.42,8.42,8.42,8.42
19900126,8.49,8.49,8.49,8.49
19900129,8.50,8.50,8.50,8.50
19900130,8.51,8.51,8.51,8.51
19900131,8.43,8.43,8.43,8.43
19900201,8.42,8.42,8.42,8.42
19900202,8.50,8.50,8.50,8.50
19900205,8.53,8.53,8.53,8.53
19900206,8.57,8.57,8.57,8.57
19900207,8.52,8.52,8.52,8.52
19900208,8.49,8.49,8.49,8.49
19900209,8.31,8.31,8.31,8.31
19900212,8.40,8.40,8.40,8.40
19900213,8.35,8.35,8.35,8.35
19900214,8.36,8.36,8.36,8.36
19900215,8.43,8.43,8.43,8.43
19900216,8.42,8.42,8.42,8.42
19900220,8.62,8.62,8.62,8.62
19900221,8.62,8.62,8.62,8.62
19900222,8.54,8.54,8.54,8.54
19900223,8.53,8.53,8.53,8.53
19900226,8.46,8.46,8.46,8.46
19900227,8.41,8.41,8.41,8.41
19900228,8.51,8.51,8.51,8.51
19900301,8.59,8.59,8.59,8.59
19900302,8.54,8.54,8.54,8.54
19900305,8.65,8.65,8.65,8.65
19900306,8.59,8.59,8.59,8.59
19900307,8.58,8.58,8.58,8.58
19900308,8.57,8.57,8.57,8.57
19900309,8.65,8.65,8.65,8.65
19900312,8.63,8.63,8.63,8.63
19900313,8.73,8.73,8.73,8.73
19900314,8.65,8.65,8.65,8.65
19900315,8.66,8.66,8.66,8.66
19900316,8.59,8.59,8.59,8.59
19900319,8.59,8.59,8.59,8.59
19900320,8.54,8.54,8.54,8.54
19900321,8.55,8.55,8.55,8.55
19900322,8.53,8.53,8.53,8.53
19900323,8.52,8.52,8.52,8.52
19900326,8.51,8.51,8.51,8.51
19900327,8.52,8.52,8.52,8.52
19900328,8.51,8.51,8.51,8.51
19900329,8.60,8.60,8.60,8.60
19900330,8.65,8.65,8.65,8.65
19900402,8.65,8.65,8.65,8.65
19900403,8.63,8.63,8.63,8.63
19900404,8.55,8.55,8.55,8.55
19900405,8.57,8.57,8.57,8.57
19900406,8.56,8.56,8.56,8.56
19900409,8.59,8.59,8.59,8.59
19900410,8.60,8.60,8.60,8.60
19900411,8.63,8.63,8.63,8.63
19900412,8.64,8.64,8.64,8.64
19900416,8.68,8.68,8.68,8.68
19900417,8.77,8.77,8.77,8.77
19900418,8.86,8.86,8.86,8.86
19900419,8.87,8.87,8.87,8.87
19900420,8.95,8.95,8.95,8.95
19900423,8.98,8.98,8.98,8.98
19900424,9.00,9.00,9.00,9.00
19900425,9.01,9.01,9.01,9.01
19900426,9.07,9.07,9.07,9.07
19900427,9.06,9.06,9.06,9.06
19900430,9.04,9.04,9.04,9.04
19900501,9.08,9.08,9.08,9.08
19900502,9.09,9.09,9.09,9.09
19900503,9.04,9.04,9.04,9.04
19900504,8.84,8.84,8.84,8.84
19900507,8.87,8.87,8.87,8.87
19900508,8.84,8.84,8.84,8.84
19900509,8.88,8.88,8.88,8.88
19900510,8.82,8.82,8.82,8.82
19900511,8.64,8.64,8.64,8.64
19900514,8.61,8.61,8.61,8.61
19900515,8.65,8.65,8.65,8.65
19900516,8.68,8.68,8.68,8.68
19900517,8.69,8.69,8.69,8.69
19900518,8.75,8.75,8.75,8.75
19900521,8.74,8.74,8.74,8.74
19900522,8.65,8.65,8.65,8.65
19900523,8.61,8.61,8.61,8.61
19900524,8.63,8.63,8.63,8.63
19900525,8.69,8.69,8.69,8.69
19900529,8.66,8.66,8.66,8.66
19900530,8.62,8.62,8.62,8.62
19900531,8.60,8.60,8.60,8.60
19900601,8.44,8.44,8.44,8.44
19900604,8.44,8.44,8.44,8.44
19900605,8.47,8.47,8.47,8.47
19900606,8.46,8.46,8.46,8.46
19900607,8.46,8.46,8.46,8.46
19900608,8.46,8.46,8.46,8.46
19900611,8.48,8.48,8.48,8.48
19900612,8.48,8.48,8.48,8.48
19900613,8.40,8.40,8.40,8.40
19900614,8.38,8.38,8.38,8.38
19900615,8.46,8.46,8.46,8.46
19900618,8.50,8.50,8.50,8.50
19900619,8.51,8.51,8.51,8.51
19900620,8.55,8.55,8.55,8.55
19900621,8.52,8.52,8.52,8.52
19900622,8.51,8.51,8.51,8.51
19900625,8.58,8.58,8.58,8.58
19900626,8.56,8.56,8.56,8.56
19900627,8.52,8.52,8.52,8.52
19900628,8.47,8.47,8.47,8.47
19900629,8.43,8.43,8.43,8.43
19900702,8.43,8.43,8.43,8.43
19900703,8.40,8.40,8.40,8.40
19900705,8.42,8.42,8.42,8.42
19900706,8.51,8.51,8.51,8.51
19900709,8.57,8.57,8.57,8.57
19900710,8.57,8.57,8.57,8.57
19900711,8.57,8.57,8.57,8.57
19900712,8.50,8.50,8.50,8.50
19900713,8.45,8.45,8.45,8.45
19900716,8.44,8.44,8.44,8.44
19900717,8.44,8.44,8.44,8.44
19900718,8.50,8.50,8.50,8.50
19900719,8.51,8.51,8.51,8.51
19900720,8.48,8.48,8.48,8.48
19900723,8.48,8.48,8.48,8.48
19900724,8.53,8.53,8.53,8.53
19900725,8.49,8.49,8.49,8.49
19900726,8.49,8.49,8.49,8.49
19900727,8.42,8.42,8.42,8.42
19900730,8.34,8.34,8.34,8.34
19900731,8.36,8.36,8.36,8.36
19900801,8.29,8.29,8.29,8.29
19900802,8.41,8.41,8.41,8.41
19900803,8.43,8.43,8.43,8.43
19900806,8.71,8.71,8.71,8.71
19900807,8.78,8.78,8.78,8.78
19900808,8.77,8.77,8.77,8.77
19900809,8.66,8.66,8.66,8.66
19900810,8.68,8.68,8.68,8.68
19900813,8.71,8.71,8.71,8.71
19900814,8.66,8.66,8.66,8.66
19900815,8.64,8.64,8.64,8.64
19900816,8.76,8.76,8.76,8.76
19900817,8.80,8.80,8.80,8.80
19900820,8.81,8.81,8.81,8.81
19900821,8.84,8.84,8.84,8.84
19900822,8.91,8.91,8.91,8.91
19900823,9.00,9.00,9.00,9.00
19900824,9.05,9.05,9.05,9.05
19900827,8.90,8.90,8.90,8.90
19900828,8.94,8.94,8.94,8.94
19900829,8.84,8.84,8.84,8.84
19900830,8.86,8.86,8.86,8.86
19900831,8.86,8.86,8.86,8.86
19900904,8.90,8.90,8.90,8.90
19900905,8.86,8.86,8.86,8.86
19900906,8.84,8.84,8.84,8.84
19900907,8.81,8.81,8.81,8.81
19900910,8.85,8.85,8.85,8.85
19900911,8.83,8.83,8.83,8.83
19900912,8.82,8.82,8.82,8.82
19900913,8.82,8.82,8.82,8.82
19900914,8.87,8.87,8.87,8.87
19900917,8.90,8.90,8.90,8.90
19900918,8.90,8.90,8.90,8.90
19900919,8.88,8.88,8.88,8.88
19900920,8.91,8.91,8.91,8.91
19900921,8.99,8.99,8.99,8.99
19900924,9.04,9.04,9.04,9.04
19900925,9.02,9.02,9.02,9.02
19900926,9.00,9.00,9.00,9.00
19900927,8.91,8.91,8.91,8.91
19900928,8.82,8.82,8.82,8.82
19901001,8.71,8.71,8.71,8.71
19901002,8.69,8.69,8.69,8.69
19901003,8.71,8.71,8.71,8.71
19901004,8.67,8.67,8.67,8.67
19901005,8.65,8.65,8.65,8.65
19901009,8.83,8.83,8.83,8.83
19901010,8.89,8.89,8.89,8.89
19901011,8.92,8.92,8.92,8.92
19901012,8.84,8.84,8.84,8.84
19901015,8.80,8.80,8.80,8.80
19901016,8.79,8.79,8.79,8.79
19901017,8.76,8.76,8.76,8.76
19901018,8.71,8.71,8.71,8.71
19901019,8.62,8.62,8.62,8.62
19901022,8.63,8.63,8.63,8.63
19901023,8.65,8.65,8.65,8.65
19901024,8.66,8.66,8.66,8.66
19901025,8.62,8.62,8.62,8.62
19901026,8.63,8.63,8.63,8.63
19901029,8.70,8.70,8.70,8.70
19901030,8.70,8.70,8.70,8.70
19901031,8.65,8.65,8.65,8.65
19901101,8.57,8.57,8.57,8.57
19901102,8.57,8.57,8.57,8.57
19901105,8.50,8.50,8.50,8.50
19901106,8.52,8.52,8.52,8.52
19901107,8.57,8.57,8.57,8.57
19901108,8.58,8.58,8.58,8.58
19901109,8.49,8.49,8.49,8.49
19901113,8.37,8.37,8.37,8.37
19901114,8.36,8.36,8.36,8.36
19901115,8.37,8.37,8.37,8.37
19901116,8.30,8.30,8.30,8.30
19901119,8.35,8.35,8.35,8.35
19901120,8.31,8.31,8.31,8.31
19901121,8.27,8.27,8.27,8.27
19901123,8.28,8.28,8.28,8.28
19901126,8.27,8.27,8.27,8.27
19901127,8.28,8.28,8.28,8.28
19901128,8.30,8.30,8.30,8.30
19901129,8.32,8.32,8.32,8.32
19901130,8.26,8.26,8.26,8.26
19901203,8.22,8.22,8.22,8.22
19901204,8.20,8.20,8.20,8.20
19901205,8.16,8.16,8.16,8.16
19901206,8.18,8.18,8.18,8.18
19901207,8.03,8.03,8.03,8.03
19901210,7.98,7.98,7.98,7.98
19901211,7.94,7.94,7.94,7.94
19901212,7.91,7.91,7.91,7.91
19901213,7.98,7.98,7.98,7.98
19901214,8.05,8.05,8.05,8.05
19901217,8.02,8.02,8.02,8.02
19901218,7.99,7.99,7.99,7.99
19901219,8.00,8.00,8.00,8.00
19901220,8.05,8.05,8.05,8.05
19901221,8.11,8.11,8.11,8.11
19901224,8.20,8.20,8.20,8.20
19901226,8.15,8.15,8.15,8.15
19901227,8.11,8.11,8.11,8.11
19901228,8.14,8.14,8.14,8.14
19901231,8.08,8.08,8.08,8.08
19910102,7.97,7.97,7.97,7.97
19910103,7.93,7.93,7.93,7.93
19910104,8.02,8.02,8.02,8.02
19910107,8.13,8.13,8.13,8.13
19910108,8.16,8.16,8.16,8.16
19910109,8.25,8.25,8.25,8.25
19910110,8.16,8.16,8.16,8.16
19910111,8.20,8.20,8.20,8.20
19910114,8.23,8.23,8.23,8.23
19910115,8.22,8.22,8.22,8.22
19910116,8.24,8.24,8.24,8.24
19910117,8.05,8.05,8.05,8.05
19910118,8.03,8.03,8.03,8.03
19910122,8.07,8.07,8.07,8.07
19910123,8.04,8.04,8.04,8.04
19910124,8.00,8.00,8.00,8.00
19910125,8.06,8.06,8.06,8.06
19910128,8.06,8.06,8.06,8.06
19910129,8.05,8.05,8.05,8.05
19910130,8.05,8.05,8.05,8.05
19910131,8.03,8.03,8.03,8.03
19910201,7.91,7.91,7.91,7.91
19910204,7.88,7.88,7.88,7.88
19910205,7.85,7.85,7.85,7.85
19910206,7.79,7.79,7.79,7.79
19910207,7.82,7.82,7.82,7.82
19910208,7.77,7.77,7.77,7.77
19910211,7.78,7.78,7.78,7.78
19910212,7.78,7.78,7.78,7.78
19910213,7.78,7.78,7.78,7.78
19910214,7.80,7.80,7.80,7.80
19910215,7.78,7.78,7.78,7.78
19910219,7.80,7.80,7.80,7.80
19910220,7.84,7.84,7.84,7.84
19910221,7.88,7.88,7.88,7.88
19910222,7.91,7.91,7.91,7.91
19910225,7.91,7.91,7.91,7.91
19910226,7.96,7.96,7.96,7.96
19910227,7.98,7.98,7.98,7.98
19910228,8.02,8.02,8.02,8.02
19910301,8.12,8.12,8.12,8.12
19910304,8.12,8.12,8.12,8.12
19910305,8.08,8.08,8.08,8.08
19910306,8.11,8.11,8.11,8.11
19910307,8.07,8.07,8.07,8.07
19910308,8.13,8.13,8.13,8.13
19910311,8.06,8.06,8.06,8.06
19910312,8.09,8.09,8.09,8.09
19910313,8.02,8.02,8.02,8.02
19910314,8.02,8.02,8.02,8.02
19910315,8.10,8.10,8.10,8.10
19910318,8.15,8.15,8.15,8.15
19910319,8.25,8.25,8.25,8.25
19910320,8.20,8.20,8.20,8.20
19910321,8.16,8.16,8.16,8.16
19910322,8.13,8.13,8.13,8.13
19910325,8.13,8.13,8.13,8.13
19910326,8.13,8.13,8.13,8.13
19910327,8.08,8.08,8.08,8.08
19910328,8.05,8.05,8.05,8.05
19910401,8.07,8.07,8.07,8.07
19910402,8.03,8.03,8.03,8.03
19910403,8.05,8.05,8.05,8.05
19910404,8.00,8.00,8.00,8.00
19910405,7.99,7.99,7.99,7.99
19910408,7.98,7.98,7.98,7.98
19910409,8.03,8.03,8.03,8.03
19910410,8.10,8.10,8.10,8.10
19910411,8.09,8.09,8.09,8.09
19910412,7.98,7.98,7.98,7.98
19910415,7.95,7.95,7.95,7.95
19910416,7.97,7.97,7.97,7.97
19910417,7.95,7.95,7.95,7.95
19910418,8.02,8.02,8.02,8.02
19910419,8.10,8.10,8.10,8.10
19910422,8.15,8.15,8.15,8.15
19910423,8.12,8.12,8.12,8.12
19910424,8.06,8.06,8.06,8.06
19910425,8.07,8.07,8.07,8.07
19910426,8.06,8.06,8.06,8.06
19910429,8.07,8.07,8.07,8.07
19910430,8.02,8.02,8.02,8.02
19910501,8.01,8.01,8.01,8.01
19910502,7.97,7.97,7.97,7.97
19910503,8.04,8.04,8.04,8.04
19910506,8.05,8.05,8.05,8.05
19910507,8.06,8.06,8.06,8.06
19910508,8.04,8.04,8.04,8.04
19910509,8.02,8.02,8.02,8.02
19910510,8.12,8.12,8.12,8.12
19910513,8.07,8.07,8.07,8.07
19910514,8.14,8.14,8.14,8.14
19910515,8.13,8.13,8.13,8.13
19910516,8.12,8.12,8.12,8.12
19910517,8.08,8.08,8.08,8.08
19910520,8.10,8.10,8.10,8.10
19910521,8.06,8.06,8.06,8.06
19910522,8.06,8.06,8.06,8.06
19910523,8.10,8.10,8.10,8.10
19910524,8.10,8.10,8.10,8.10
19910528,8.07,8.07,8.07,8.07
19910529,8.07,8.07,8.07,8.07
19910530,8.02,8.02,8.02,8.02
19910531,8.06,8.06,8.06,8.06
19910603,8.14,8.14,8.14,8.14
19910604,8.14,8.14,8.14,8.14
19910605,8.19,8.19,8.19,8.19
19910606,8.23,8.23,8.23,8.23
19910607,8.29,8.29,8.29,8.29
19910610,8.29,8.29,8.29,8.29
19910611,8.29,8.29,8.29,8.29
19910612,8.36,8.36,8.36,8.36
19910613,8.34,8.34,8.34,8.34
19910614,8.29,8.29,8.29,8.29
19910617,8.30,8.30,8.30,8.30
19910618,8.32,8.32,8.32,8.32
19910619,8.33,8.33,8.33,8.33
19910620,8.30,8.30,8.30,8.30
19910621,8.32,8.32,8.32,8.32
19910624,8.33,8.33,8.33,8.33
19910625,8.33,8.33,8.33,8.33
19910626,8.33,8.33,8.33,8.33
19910627,8.32,8.32,8.32,8.32
19910628,8.24,8.24,8.24,8.24
19910701,8.26,8.26,8.26,8.26
19910702,8.27,8.27,8.27,8.27
19910703,8.26,8.26,8.26,8.26
19910705,8.34,8.34,8.34,8.34
19910708,8.34,8.34,8.34,8.34
19910709,8.36,8.36,8.36,8.36
19910710,8.35,8.35,8.35,8.35
19910711,8.30,8.30,8.30,8.30
19910712,8.26,8.26,8.26,8.26
19910715,8.26,8.26,8.26,8.26
19910716,8.27,8.27,8.27,8.27
19910717,8.30,8.30,8.30,8.30
19910718,8.31,8.31,8.31,8.31
19910719,8.28,8.28,8.28,8.28
19910722,8.28,8.28,8.28,8.28
19910723,8.31,8.31,8.31,8.31
19910724,8.24,8.24,8.24,8.24
19910725,8.20,8.20,8.20,8.20
19910726,8.20,8.20,8.20,8.20
19910729,8.20,8.20,8.20,8.20
19910730,8.21,8.21,8.21,8.21
19910731,8.20,8.20,8.20,8.20
19910801,8.20,8.20,8.20,8.20
19910802,8.06,8.06,8.06,8.06
19910805,8.04,8.04,8.04,8.04
19910806,7.97,7.97,7.97,7.97
19910807,7.93,7.93,7.93,7.93
19910808,7.98,7.98,7.98,7.98
19910809,7.98,7.98,7.98,7.98
19910812,7.95,7.95,7.95,7.95
19910813,7.91,7.91,7.91,7.91
19910814,7.82,7.82,7.82,7.82
19910815,7.84,7.84,7.84,7.84
19910816,7.84,7.84,7.84,7.84
19910819,7.83,7.83,7.83,7.83
19910820,7.81,7.81,7.81,7.81
19910821,7.80,7.80,7.80,7.80
19910822,7.78,7.78,7.78,7.78
19910823,7.88,7.88,7.88,7.88
19910826,7.91,7.91,7.91,7.91
19910827,7.89,7.89,7.89,7.89
19910828,7.82,7.82,7.82,7.82
19910829,7.74,7.74,7.74,7.74
19910830,7.82,7.82,7.82,7.82
19910903,7.81,7.81,7.81,7.81
19910904,7.81,7.81,7.81,7.81
19910905,7.83,7.83,7.83,7.83
19910906,7.76,7.76,7.76,7.76
19910909,7.73,7.73,7.73,7.73
19910910,7.73,7.73,7.73,7.73
19910911,7.74,7.74,7.74,7.74
19910912,7.67,7.67,7.67,7.67
19910913,7.66,7.66,7.66,7.66
19910916,7.63,7.63,7.63,7.63
19910917,7.62,7.62,7.62,7.62
19910918,7.62,7.62,7.62,7.62
19910919,7.61,7.61,7.61,7.61
19910920,7.57,7.57,7.57,7.57
19910923,7.55,7.55,7.55,7.55
19910924,7.56,7.56,7.56,7.56
19910925,7.58,7.58,7.58,7.58
19910926,7.56,7.56,7.56,7.56
19910927,7.49,7.49,7.49,7.49
19910930,7.47,7.47,7.47,7.47
19911001,7.45,7.45,7.45,7.45
19911002,7.47,7.47,7.47,7.47
19911003,7.47,7.47,7.47,7.47
19911004,7.39,7.39,7.39,7.39
19911007,7.40,7.40,7.40,7.40
19911008,7.43,7.43,7.43,7.43
19911009,7.51,7.51,7.51,7.51
19911010,7.58,7.58,7.58,7.58
19911011,7.49,7.49,7.49,7.49
19911015,7.46,7.46,7.46,7.46
19911016,7.45,7.45,7.45,7.45
19911017,7.55,7.55,7.55,7.55
19911018,7.53,7.53,7.53,7.53
19911021,7.62,7.62,7.62,7.62
19911022,7.67,7.67,7.67,7.67
19911023,7.69,7.69,7.69,7.69
19911024,7.65,7.65,7.65,7.65
19911025,7.68,7.68,7.68,7.68
19911028,7.65,7.65,7.65,7.65
19911029,7.51,7.51,7.51,7.51
19911030,7.48,7.48,7.48,7.48
19911031,7.47,7.47,7.47,7.47
19911101,7.48,7.48,7.48,7.48
19911104,7.50,7.50,7.50,7.50
19911105,7.56,7.56,7.56,7.56
19911106,7.51,7.51,7.51,7.51
19911107,7.43,7.43,7.43,7.43
19911108,7.41,7.41,7.41,7.41
19911112,7.37,7.37,7.37,7.37
19911113,7.41,7.41,7.41,7.41
19911114,7.35,7.35,7.35,7.35
19911115,7.33,7.33,7.33,7.33
19911118,7.33,7.33,7.33,7.33
19911119,7.37,7.37,7.37,7.37
19911120,7.38,7.38,7.38,7.38
19911121,7.39,7.39,7.39,7.39
19911122,7.44,7.44,7.44,7.44
19911125,7.45,7.45,7.45,7.45
19911126,7.42,7.42,7.42,7.42
19911127,7.42,7.42,7.42,7.42
19911129,7.38,7.38,7.38,7.38
19911202,7.32,7.32,7.32,7.32
19911203,7.28,7.28,7.28,7.28
19911204,7.17,7.17,7.17,7.17
19911205,7.21,7.21,7.21,7.21
19911206,7.26,7.26,7.26,7.26
19911209,7.22,7.22,7.22,7.22
19911210,7.21,7.21,7.21,7.21
19911211,7.22,7.22,7.22,7.22
19911212,7.19,7.19,7.19,7.19
19911213,7.22,7.22,7.22,7.22
19911216,7.21,7.21,7.21,7.21
19911217,7.18,7.18,7.18,7.18
19911218,7.19,7.19,7.19,7.19
19911219,7.11,7.11,7.11,7.11
19911220,6.97,6.97,6.97,6.97
19911223,6.88,6.88,6.88,6.88
19911224,6.88,6.88,6.88,6.88
19911226,6.85,6.85,6.85,6.85
19911227,6.82,6.82,6.82,6.82
19911230,6.76,6.76,6.76,6.76
19911231,6.71,6.71,6.71,6.71
19920102,6.78,6.78,6.78,6.78
19920103,6.85,6.85,6.85,6.85
19920106,6.82,6.82,6.82,6.82
19920107,6.76,6.76,6.76,6.76
19920108,6.77,6.77,6.77,6.77
19920109,6.79,6.79,6.79,6.79
19920110,6.85,6.85,6.85,6.85
19920113,6.92,6.92,6.92,6.92
19920114,7.03,7.03,7.03,7.03
19920115,7.05,7.05,7.05,7.05
19920116,7.13,7.13,7.13,7.13
19920117,7.09,7.09,7.09,7.09
19920121,7.03,7.03,7.03,7.03
19920122,7.09,7.09,7.09,7.09
19920123,7.20,7.20,7.20,7.20
19920124,7.25,7.25,7.25,7.25
19920127,7.24,7.24,7.24,7.24
19920128,7.16,7.16,7.16,7.16
19920129,7.25,7.25,7.25,7.25
19920130,7.31,7.31,7.31,7.31
19920131,7.31,7.31,7.31,7.31
19920203,7.36,7.36,7.36,7.36
19920204,7.29,7.29,7.29,7.29
19920205,7.21,7.21,7.21,7.21
19920206,7.20,7.20,7.20,7.20
19920207,7.20,7.20,7.20,7.20
19920210,7.21,7.21,7.21,7.21
19920211,7.23,7.23,7.23,7.23
19920212,7.30,7.30,7.30,7.30
19920213,7.40,7.40,7.40,7.40
19920214,7.41,7.41,7.41,7.41
19920218,7.47,7.47,7.47,7.47
19920219,7.42,7.42,7.42,7.42
19920220,7.41,7.41,7.41,7.41
19920221,7.45,7.45,7.45,7.45
19920224,7.47,7.47,7.47,7.47
19920225,7.44,7.44,7.44,7.44
19920226,7.33,7.33,7.33,7.33
19920227,7.35,7.35,7.35,7.35
19920228,7.27,7.27,7.27,7.27
19920302,7.38,7.38,7.38,7.38
19920303,7.43,7.43,7.43,7.43
19920304,7.43,7.43,7.43,7.43
19920305,7.51,7.51,7.51,7.51
19920306,7.48,7.48,7.48,7.48
19920309,7.42,7.42,7.42,7.42
19920310,7.43,7.43,7.43,7.43
19920311,7.51,7.51,7.51,7.51
19920312,7.62,7.62,7.62,7.62
19920313,7.71,7.71,7.71,7.71
19920316,7.69,7.69,7.69,7.69
19920317,7.62,7.62,7.62,7.62
19920318,7.62,7.62,7.62,7.62
19920319,7.57,7.57,7.57,7.57
19920320,7.64,7.64,7.64,7.64
19920323,7.62,7.62,7.62,7.62
19920324,7.53,7.53,7.53,7.53
19920325,7.53,7.53,7.53,7.53
19920326,7.57,7.57,7.57,7.57
19920327,7.54,7.54,7.54,7.54
19920330,7.54,7.54,7.54,7.54
19920331,7.54,7.54,7.54,7.54
19920401,7.46,7.46,7.46,7.46
19920402,7.47,7.47,7.47,7.47
19920403,7.42,7.42,7.42,7.42
19920406,7.41,7.41,7.41,7.41
19920407,7.41,7.41,7.41,7.41
19920408,7.44,7.44,7.44,7.44
19920409,7.35,7.35,7.35,7.35
19920410,7.37,7.37,7.37,7.37
19920413,7.33,7.33,7.33,7.33
19920414,7.35,7.35,7.35,7.35
19920415,7.37,7.37,7.37,7.37
19920416,7.45,7.45,7.45,7.45
19920420,7.59,7.59,7.59,7.59
19920421,7.58,7.58,7.58,7.58
19920422,7.57,7.57,7.57,7.57
19920423,7.59,7.59,7.59,7.59
19920424,7.55,7.55,7.55,7.55
19920427,7.60,7.60,7.60,7.60
19920428,7.57,7.57,7.57,7.57
19920429,7.60,7.60,7.60,7.60
19920430,7.61,7.61,7.61,7.61
19920501,7.56,7.56,7.56,7.56
19920504,7.58,7.58,7.58,7.58
19920505,7.56,7.56,7.56,7.56
19920506,7.46,7.46,7.46,7.46
19920507,7.49,7.49,7.49,7.49
19920508,7.41,7.41,7.41,7.41
19920511,7.40,7.40,7.40,7.40
19920512,7.36,7.36,7.36,7.36
19920513,7.34,7.34,7.34,7.34
19920514,7.34,7.34,7.34,7.34
19920515,7.28,7.28,7.28,7.28
19920518,7.28,7.28,7.28,7.28
19920519,7.20,7.20,7.20,7.20
19920520,7.25,7.25,7.25,7.25
19920521,7.39,7.39,7.39,7.39
19920522,7.35,7.35,7.35,7.35
19920526,7.46,7.46,7.46,7.46
19920527,7.44,7.44,7.44,7.44
19920528,7.36,7.36,7.36,7.36
19920529,7.33,7.33,7.33,7.33
19920601,7.39,7.39,7.39,7.39
19920602,7.35,7.35,7.35,7.35
19920603,7.34,7.34,7.34,7.34
19920604,7.34,7.34,7.34,7.34
19920605,7.31,7.31,7.31,7.31
19920608,7.31,7.31,7.31,7.31
19920609,7.33,7.33,7.33,7.33
19920610,7.35,7.35,7.35,7.35
19920611,7.33,7.33,7.33,7.33
19920612,7.29,7.29,7.29,7.29
19920615,7.28,7.28,7.28,7.28
19920616,7.24,7.24,7.24,7.24
19920617,7.23,7.23,7.23,7.23
19920618,7.19,7.19,7.19,7.19
19920619,7.24,7.24,7.24,7.24
19920622,7.24,7.24,7.24,7.24
19920623,7.25,7.25,7.25,7.25
19920624,7.20,7.20,7.20,7.20
19920625,7.14,7.14,7.14,7.14
19920626,7.15,7.15,7.15,7.15
19920629,7.12,7.12,7.12,7.12
19920630,7.14,7.14,7.14,7.14
19920701,7.10,7.10,7.10,7.10
19920702,6.93,6.93,6.93,6.93
19920706,6.90,6.90,6.90,6.90
19920707,6.87,6.87,6.87,6.87
19920708,6.91,6.91,6.91,6.91
19920709,6.91,6.91,6.91,6.91
19920710,6.93,6.93,6.93,6.93
19920713,6.97,6.97,6.97,6.97
19920714,6.97,6.97,6.97,6.97
19920715,6.90,6.90,6.90,6.90
19920716,6.87,6.87,6.87,6.87
19920717,6.90,6.90,6.90,6.90
19920720,6.90,6.90,6.90,6.90
19920721,6.89,6.89,6.89,6.89
19920722,6.85,6.85,6.85,6.85
19920723,6.72,6.72,6.72,6.72
19920724,6.73,6.73,6.73,6.73
19920727,6.69,6.69,6.69,6.69
19920728,6.63,6.63,6.63,6.63
19920729,6.60,6.60,6.60,6.60
19920730,6.69,6.69,6.69,6.69
19920731,6.72,6.72,6.72,6.72
19920803,6.72,6.72,6.72,6.72
19920804,6.66,6.66,6.66,6.66
19920805,6.64,6.64,6.64,6.64
19920806,6.65,6.65,6.65,6.65
19920807,6.57,6.57,6.57,6.57
19920810,6.52,6.52,6.52,6.52
19920811,6.50,6.50,6.50,6.50
19920812,6.48,6.48,6.48,6.48
19920813,6.55,6.55,6.55,6.55
19920814,6.53,6.53,6.53,6.53
19920817,6.56,6.56,6.56,6.56
19920818,6.48,6.48,6.48,6.48
19920819,6.47,6.47,6.47,6.47
19920820,6.46,6.46,6.46,6.46
19920821,6.53,6.53,6.53,6.53
19920824,6.68,6.68,6.68,6.68
19920825,6.73,6.73,6.73,6.73
19920826,6.68,6.68,6.68,6.68
19920827,6.64,6.64,6.64,6.64
19920828,6.63,6.63,6.63,6.63
19920831,6.62,6.62,6.62,6.62
19920901,6.56,6.56,6.56,6.56
19920902,6.54,6.54,6.54,6.54
19920903,6.54,6.54,6.54,6.54
19920904,6.40,6.40,6.40,6.40
19920908,6.29,6.29,6.29,6.29
19920909,6.31,6.31,6.31,6.31
19920910,6.31,6.31,6.31,6.31
19920911,6.37,6.37,6.37,6.37
19920914,6.32,6.32,6.32,6.32
19920915,6.40,6.40,6.40,6.40
19920916,6.41,6.41,6.41,6.41
19920917,6.40,6.40,6.40,6.40
19920918,6.41,6.41,6.41,6.41
19920921,6.42,6.42,6.42,6.42
19920922,6.50,6.50,6.50,6.50
19920923,6.54,6.54,6.54,6.54
19920924,6.48,6.48,6.48,6.48
19920925,6.41,6.41,6.41,6.41
19920928,6.37,6.37,6.37,6.37
19920929,6.37,6.37,6.37,6.37
19920930,6.37,6.37,6.37,6.37
19921001,6.23,6.23,6.23,6.23
19921002,6.26,6.26,6.26,6.26
19921005,6.24,6.24,6.24,6.24
19921006,6.30,6.30,6.30,6.30
19921007,6.46,6.46,6.46,6.46
19921008,6.41,6.41,6.41,6.41
19921009,6.52,6.52,6.52,6.52
19921013,6.51,6.51,6.51,6.51
19921014,6.51,6.51,6.51,6.51
19921015,6.53,6.53,6.53,6.53
19921016,6.60,6.60,6.60,6.60
19921019,6.69,6.69,6.69,6.69
19921020,6.86,6.86,6.86,6.86
19921021,6.80,6.80,6.80,6.80
19921022,6.74,6.74,6.74,6.74
19921023,6.83,6.83,6.83,6.83
19921026,6.83,6.83,6.83,6.83
19921027,6.78,6.78,6.78,6.78
19921028,6.76,6.76,6.76,6.76
19921029,6.71,6.71,6.71,6.71
19921030,6.80,6.80,6.80,6.80
19921102,6.88,6.88,6.88,6.88
19921103,6.87,6.87,6.87,6.87
19921104,6.89,6.89,6.89,6.89
19921105,6.87,6.87,6.87,6.87
19921106,6.97,6.97,6.97,6.97
19921109,7.00,7.00,7.00,7.00
19921110,6.91,6.91,6.91,6.91
19921112,6.79,6.79,6.79,6.79
19921113,6.82,6.82,6.82,6.82
19921116,6.90,6.90,6.90,6.90
19921117,6.86,6.86,6.86,6.86
19921118,6.78,6.78,6.78,6.78
19921119,6.81,6.81,6.81,6.81
19921120,6.84,6.84,6.84,6.84
19921123,6.86,6.86,6.86,6.86
19921124,6.82,6.82,6.82,6.82
19921125,6.84,6.84,6.84,6.84
19921127,6.93,6.93,6.93,6.93
19921130,6.95,6.95,6.95,6.95
19921201,6.94,6.94,6.94,6.94
19921202,6.93,6.93,6.93,6.93
19921203,6.91,6.91,6.91,6.91
19921204,6.84,6.84,6.84,6.84
19921207,6.78,6.78,6.78,6.78
19921208,6.73,6.73,6.73,6.73
19921209,6.76,6.76,6.76,6.76
19921210,6.77,6.77,6.77,6.77
19921211,6.80,6.80,6.80,6.80
19921214,6.83,6.83,6.83,6.83
19921215,6.83,6.83,6.83,6.83
19921216,6.77,6.77,6.77,6.77
19921217,6.77,6.77,6.77,6.77
19921218,6.76,6.76,6.76,6.76
19921221,6.71,6.71,6.71,6.71
19921222,6.65,6.65,6.65,6.65
19921223,6.68,6.68,6.68,6.68
19921224,6.69,6.69,6.69,6.69
19921228,6.72,6.72,6.72,6.72
19921229,6.69,6.69,6.69,6.69
19921230,6.68,6.68,6.68,6.68
19921231,6.70,6.70,6.70,6.70
19930104,6.60,6.60,6.60,6.60
19930105,6.61,6.61,6.61,6.61
19930106,6.63,6.63,6.63,6.63
19930107,6.76,6.76,6.76,6.76
19930108,6.75,6.75,6.75,6.75
19930111,6.71,6.71,6.71,6.71
19930112,6.72,6.72,6.72,6.72
19930113,6.71,6.71,6.71,6.71
19930114,6.65,6.65,6.65,6.65
19930115,6.60,6.60,6.60,6.60
19930119,6.59,6.59,6.59,6.59
19930120,6.61,6.61,6.61,6.61
19930121,6.60,6.60,6.60,6.60
19930122,6.57,6.57,6.57,6.57
19930125,6.48,6.48,6.48,6.48
19930126,6.50,6.50,6.50,6.50
19930127,6.48,6.48,6.48,6.48
19930128,6.44,6.44,6.44,6.44
19930129,6.39,6.39,6.39,6.39
19930201,6.38,6.38,6.38,6.38
19930202,6.46,6.46,6.46,6.46
19930203,6.45,6.45,6.45,6.45
19930204,6.39,6.39,6.39,6.39
19930205,6.32,6.32,6.32,6.32
19930208,6.37,6.37,6.37,6.37
19930209,6.41,6.41,6.41,6.41
19930210,6.40,6.40,6.40,6.40
19930211,6.37,6.37,6.37,6.37
19930212,6.35,6.35,6.35,6.35
19930216,6.34,6.34,6.34,6.34
19930217,6.28,6.28,6.28,6.28
19930218,6.17,6.17,6.17,6.17
19930219,6.15,6.15,6.15,6.15
19930222,6.09,6.09,6.09,6.09
19930223,5.92,5.92,5.92,5.92
19930224,6.01,6.01,6.01,6.01
19930225,6.03,6.03,6.03,6.03
19930226,6.03,6.03,6.03,6.03
19930301,5.94,5.94,5.94,5.94
19930302,5.95,5.95,5.95,5.95
19930303,5.88,5.88,5.88,5.88
19930304,5.83,5.83,5.83,5.83
19930305,5.90,5.90,5.90,5.90
19930308,5.85,5.85,5.85,5.85
19930309,5.91,5.91,5.91,5.91
19930310,5.97,5.97,5.97,5.97
19930311,5.96,5.96,5.96,5.96
19930312,6.11,6.11,6.11,6.11
19930315,6.17,6.17,6.17,6.17
19930316,6.06,6.06,6.06,6.06
19930317,6.02,6.02,6.02,6.02
19930318,5.93,5.93,5.93,5.93
19930319,5.95,5.95,5.95,5.95
19930322,5.96,5.96,5.96,5.96
19930323,5.91,5.91,5.91,5.91
19930324,5.95,5.95,5.95,5.95
19930325,5.98,5.98,5.98,5.98
19930326,6.09,6.09,6.09,6.09
19930329,6.06,6.06,6.06,6.06
19930330,6.02,6.02,6.02,6.02
19930331,6.03,6.03,6.03,6.03
19930401,6.06,6.06,6.06,6.06
19930402,6.16,6.16,6.16,6.16
19930405,6.13,6.13,6.13,6.13
19930406,6.08,6.08,6.08,6.08
19930407,6.07,6.07,6.07,6.07
19930408,5.97,5.97,5.97,5.97
19930412,5.92,5.92,5.92,5.92
19930413,5.93,5.93,5.93,5.93
19930414,5.90,5.90,5.90,5.90
19930415,5.88,5.88,5.88,5.88
19930416,5.89,5.89,5.89,5.89
19930419,5.87,5.87,5.87,5.87
19930420,5.87,5.87,5.87,5.87
19930421,5.86,5.86,5.86,5.86
19930422,5.85,5.85,5.85,5.85
19930423,5.89,5.89,5.89,5.89
19930426,5.94,5.94,5.94,5.94
19930427,6.02,6.02,6.02,6.02
19930428,6.03,6.03,6.03,6.03
19930429,5.99,5.99,5.99,5.99
19930430,6.05,6.05,6.05,6.05
19930503,5.96,5.96,5.96,5.96
19930504,5.92,5.92,5.92,5.92
19930505,5.93,5.93,5.93,5.93
19930506,5.89,5.89,5.89,5.89
19930507,5.92,5.92,5.92,5.92
19930510,5.89,5.89,5.89,5.89
19930511,5.89,5.89,5.89,5.89
19930512,5.96,5.96,5.96,5.96
19930513,6.02,6.02,6.02,6.02
19930514,6.03,6.03,6.03,6.03
19930517,6.07,6.07,6.07,6.07
19930518,6.15,6.15,6.15,6.15
19930519,6.11,6.11,6.11,6.11
19930520,6.09,6.09,6.09,6.09
19930521,6.16,6.16,6.16,6.16
19930524,6.16,6.16,6.16,6.16
19930525,6.17,6.17,6.17,6.17
19930526,6.12,6.12,6.12,6.12
19930527,6.11,6.11,6.11,6.11
19930528,6.16,6.16,6.16,6.16
19930601,6.07,6.07,6.07,6.07
19930602,6.06,6.06,6.06,6.06
19930603,6.02,6.02,6.02,6.02
19930604,6.11,6.11,6.11,6.11
19930607,6.08,6.08,6.08,6.08
19930608,6.09,6.09,6.09,6.09
19930609,6.07,6.07,6.07,6.07
19930610,6.07,6.07,6.07,6.07
19930611,5.97,5.97,5.97,5.97
19930614,5.97,5.97,5.97,5.97
19930615,5.96,5.96,5.96,5.96
19930616,5.96,5.96,5.96,5.96
19930617,5.93,5.93,5.93,5.93
19930618,5.97,5.97,5.97,5.97
19930621,5.92,5.92,5.92,5.92
19930622,5.91,5.91,5.91,5.91
19930623,5.91,5.91,5.91,5.91
19930624,5.88,5.88,5.88,5.88
19930625,5.84,5.84,5.84,5.84
19930628,5.80,5.80,5.80,5.80
19930629,5.79,5.79,5.79,5.79
19930630,5.80,5.80,5.80,5.80
19930701,5.80,5.80,5.80,5.80
19930702,5.76,5.76,5.76,5.76
19930706,5.80,5.80,5.80,5.80
19930707,5.80,5.80,5.80,5.80
19930708,5.78,5.78,5.78,5.78
19930709,5.76,5.76,5.76,5.76
19930712,5.75,5.75,5.75,5.75
19930713,5.78,5.78,5.78,5.78
19930714,5.72,5.72,5.72,5.72
19930715,5.72,5.72,5.72,5.72
19930716,5.71,5.71,5.71,5.71
19930719,5.71,5.71,5.71,5.71
19930720,5.75,5.75,5.75,5.75
19930721,5.83,5.83,5.83,5.83
19930722,5.90,5.90,5.90,5.90
19930723,5.95,5.95,5.95,5.95
19930726,5.93,5.93,5.93,5.93
19930727,5.92,5.92,5.92,5.92
19930728,5.90,5.90,5.90,5.90
19930729,5.81,5.81,5.81,5.81
19930730,5.83,5.83,5.83,5.83
19930802,5.85,5.85,5.85,5.85
19930803,5.83,5.83,5.83,5.83
19930804,5.87,5.87,5.87,5.87
19930805,5.86,5.86,5.86,5.86
19930806,5.86,5.86,5.86,5.86
19930809,5.82,5.82,5.82,5.82
19930810,5.82,5.82,5.82,5.82
19930811,5.75,5.75,5.75,5.75
19930812,5.77,5.77,5.77,5.77
19930813,5.72,5.72,5.72,5.72
19930816,5.68,5.68,5.68,5.68
19930817,5.70,5.70,5.70,5.70
19930818,5.69,5.69,5.69,5.69
19930819,5.64,5.64,5.64,5.64
19930820,5.61,5.61,5.61,5.61
19930823,5.60,5.60,5.60,5.60
19930824,5.54,5.54,5.54,5.54
19930825,5.51,5.51,5.51,5.51
19930826,5.42,5.42,5.42,5.42
19930827,5.48,5.48,5.48,5.48
19930830,5.44,5.44,5.44,5.44
19930831,5.45,5.45,5.45,5.45
19930901,5.46,5.46,5.46,5.46
19930902,5.41,5.41,5.41,5.41
19930903,5.31,5.31,5.31,5.31
19930907,5.23,5.23,5.23,5.23
19930908,5.23,5.23,5.23,5.23
19930909,5.35,5.35,5.35,5.35
19930910,5.29,5.29,5.29,5.29
19930913,5.26,5.26,5.26,5.26
19930914,5.37,5.37,5.37,5.37
19930915,5.39,5.39,5.39,5.39
19930916,5.37,5.37,5.37,5.37
19930917,5.38,5.38,5.38,5.38
19930920,5.42,5.42,5.42,5.42
19930921,5.47,5.47,5.47,5.47
19930922,5.45,5.45,5.45,5.45
19930923,5.42,5.42,5.42,5.42
19930924,5.42,5.42,5.42,5.42
19930927,5.30,5.30,5.30,5.30
19930928,5.28,5.28,5.28,5.28
19930929,5.35,5.35,5.35,5.35
19930930,5.40,5.40,5.40,5.40
19931001,5.34,5.34,5.34,5.34
19931004,5.34,5.34,5.34,5.34
19931005,5.35,5.35,5.35,5.35
19931006,5.35,5.35,5.35,5.35
19931007,5.33,5.33,5.33,5.33
19931008,5.26,5.26,5.26,5.26
19931012,5.27,5.27,5.27,5.27
19931013,5.27,5.27,5.27,5.27
19931014,5.23,5.23,5.23,5.23
19931015,5.19,5.19,5.19,5.19
19931018,5.27,5.27,5.27,5.27
19931019,5.27,5.27,5.27,5.27
19931020,5.26,5.26,5.26,5.26
19931021,5.35,5.35,5.35,5.35
19931022,5.42,5.42,5.42,5.42
19931025,5.47,5.47,5.47,5.47
19931026,5.43,5.43,5.43,5.43
19931027,5.44,5.44,5.44,5.44
19931028,5.41,5.41,5.41,5.41
19931029,5.37,5.39,5.37,5.39
19931102,5.73,5.73,5.57,5.61
19931103,5.59,5.64,5.58,5.61
19931104,5.61,5.67,5.60,5.67
19931105,5.68,5.75,5.47,5.73
19931108,5.72,5.72,5.67,5.67
19931109,5.63,5.64,5.52,5.62
19931110,5.61,5.69,5.60,5.68
19931112,5.74,5.79,5.64,5.64
19931115,5.64,5.67,5.63,5.66
19931116,5.62,5.66,5.60,5.63
19931117,5.61,5.64,5.57,5.62
19931118,5.63,5.70,5.63,5.69
19931119,5.74,5.83,5.74,5.83
19931122,5.86,5.86,5.81,5.86
19931123,5.87,5.88,5.79,5.79
19931124,5.79,5.83,5.76,5.82
19931126,5.74,5.77,5.74,5.75
19931129,5.73,5.74,5.68,5.73
19931130,5.77,5.85,5.76,5.79
19931201,5.81,5.83,5.77,5.78
19931202,5.78,5.80,5.76,5.78
19931203,5.79,5.83,5.77,5.78
19931206,5.72,5.74,5.68,5.68
19931207,5.68,5.71,5.66,5.68
19931208,5.68,5.70,5.67,5.67
19931209,5.65,5.69,5.63,5.64
19931210,5.63,5.70,5.62,5.69
19931213,5.76,5.77,5.73,5.75
19931214,5.74,5.79,5.73,5.78
19931215,5.78,5.80,5.77,5.79
19931216,5.79,5.81,5.78,5.80
19931217,5.77,5.79,5.76,5.77
19931220,5.79,5.80,5.79,5.80
19931221,5.82,5.85,5.81,5.82
19931222,5.81,5.81,5.71,5.71
19931223,5.72,5.73,5.68,5.68
19931227,5.68,5.68,5.66,5.68
19931228,5.69,5.71,5.68,5.68
19931229,5.68,5.70,5.67,5.69
19931230,5.71,5.79,5.71,5.79
19931231,5.77,5.81,5.77,5.78
19940103,5.80,5.90,5.80,5.89
19940104,5.89,5.89,5.84,5.86
19940105,5.82,5.87,5.82,5.87
19940106,5.84,5.84,5.79,5.80
19940107,5.81,5.82,5.65,5.66
19940110,5.66,5.68,5.62,5.62
19940111,5.62,5.64,5.61,5.62
19940112,5.61,5.61,5.54,5.55
19940113,5.58,5.66,5.58,5.66
19940114,5.67,5.76,5.66,5.73
19940118,5.71,5.73,5.69,5.70
19940119,5.69,5.72,5.69,5.71
19940120,5.71,5.73,5.66,5.66
19940121,5.65,5.69,5.64,5.68
19940124,5.70,5.70,5.66,5.69
19940125,5.71,5.73,5.69,5.72
19940126,5.74,5.75,5.71,5.72
19940127,5.68,5.71,5.67,5.67
19940128,5.69,5.70,5.58,5.62
19940131,5.63,5.66,5.60,5.64
19940201,5.65,5.72,5.65,5.71
19940202,5.71,5.73,5.70,5.71
19940203,5.72,5.78,5.71,5.76
19940204,5.77,5.89,5.58,5.89
19940207,5.88,5.96,5.88,5.91
19940208,5.95,5.97,5.94,5.95
19940209,5.97,5.97,5.93,5.93
19940210,5.88,5.90,5.84,5.90
19940211,5.92,5.95,5.87,5.87
19940214,5.86,5.89,5.86,5.88
19940215,5.88,5.89,5.85,5.87
19940216,5.86,5.88,5.85,5.88
19940217,5.89,5.99,5.82,5.98
19940218,5.97,6.11,5.96,6.08
19940222,6.06,6.09,6.04,6.04
19940223,6.05,6.14,6.04,6.12
19940224,6.15,6.21,6.12,6.20
19940225,6.16,6.21,6.15,6.19
19940228,6.17,6.18,6.13,6.15
19940301,6.17,6.30,6.14,6.28
19940302,6.35,6.37,6.25,6.29
19940303,6.25,6.37,6.25,6.34
19940304,6.36,6.42,6.32,6.36
19940307,6.32,6.32,6.28,6.31
19940308,6.27,6.36,6.27,6.36
19940309,6.39,6.42,6.27,6.37
19940310,6.34,6.49,6.34,6.47
19940311,6.49,6.53,6.45,6.45
19940314,6.44,6.51,6.43,6.48
19940315,6.51,6.51,6.42,6.46
19940316,6.42,6.44,6.38,6.38
19940317,6.38,6.40,6.32,6.38
19940318,6.44,6.51,6.43,6.48
19940321,6.52,6.56,6.51,6.54
19940322,6.54,6.55,6.43,6.43
19940323,6.42,6.43,6.39,6.42
19940324,6.50,6.59,6.49,6.57
19940325,6.57,6.60,6.54,6.59
19940328,6.57,6.64,6.57,6.61
19940329,6.62,6.72,6.60,6.70
19940330,6.70,6.77,6.67,6.76
19940331,6.76,6.85,6.74,6.77
19940404,6.91,7.18,6.91,7.15
19940405,7.06,7.11,6.95,6.95
19940406,6.88,7.02,6.88,6.90
19940407,6.88,6.92,6.85,6.85
19940408,6.87,6.95,6.87,6.93
19940411,6.93,6.98,6.90,6.91
19940412,6.89,6.91,6.84,6.85
19940413,6.87,6.92,6.80,6.92
19940414,6.95,7.00,6.92,6.96
19940415,7.00,7.00,6.94,6.95
19940418,6.95,7.13,6.95,7.12
19940419,7.17,7.17,7.07,7.08
19940420,7.09,7.11,7.04,7.04
19940421,6.99,7.03,6.88,6.88
19940422,6.90,6.95,6.86,6.91
19940425,6.94,6.95,6.85,6.86
19940426,6.86,6.88,6.80,6.83
19940428,6.80,7.04,6.78,7.02
19940429,7.01,7.09,7.00,7.04
19940502,7.05,7.13,7.05,7.08
19940503,7.10,7.13,7.06,7.11
19940504,7.09,7.19,7.07,7.14
19940505,7.11,7.11,7.08,7.09
19940506,7.11,7.34,7.11,7.33
19940509,7.36,7.49,7.36,7.47
19940510,7.36,7.41,7.27,7.28
19940511,7.27,7.48,7.27,7.41
19940512,7.44,7.44,7.26,7.35
19940513,7.29,7.37,7.23,7.28
19940516,7.27,7.28,7.20,7.23
19940517,7.22,7.25,7.08,7.09
19940518,7.01,7.07,7.00,7.02
19940519,7.04,7.07,6.93,6.95
19940520,6.96,7.03,6.96,7.01
19940523,7.05,7.19,7.05,7.18
19940524,7.19,7.19,7.10,7.15
19940525,7.18,7.22,7.11,7.12
19940526,7.09,7.10,7.05,7.09
19940527,7.07,7.20,7.06,7.11
19940531,7.15,7.20,7.14,7.15
19940601,7.18,7.24,7.11,7.11
19940602,7.09,7.09,7.06,7.06
19940603,7.01,7.24,6.95,6.96
19940606,6.91,6.92,6.86,6.89
19940607,6.94,6.95,6.91,6.94
19940608,6.86,6.95,6.86,6.95
19940609,6.95,6.98,6.95,6.96
19940610,6.94,7.03,6.93,7.01
19940613,7.04,7.07,7.03,7.05
19940614,7.06,7.06,6.96,6.99
19940615,6.95,7.08,6.94,7.08
19940616,7.08,7.14,7.05,7.06
19940617,7.01,7.13,7.01,7.12
19940620,7.18,7.18,7.11,7.15
19940621,7.16,7.22,7.15,7.20
19940622,7.17,7.19,7.10,7.11
19940623,7.11,7.24,7.05,7.08
19940624,7.14,7.21,7.10,7.20
19940627,7.25,7.28,7.15,7.15
19940628,7.16,7.26,7.16,7.24
19940629,7.24,7.26,7.20,7.23
19940630,7.22,7.33,7.21,7.33
19940701,7.29,7.34,7.29,7.32
19940705,7.33,7.35,7.29,7.30
19940706,7.32,7.34,7.28,7.30
19940707,7.28,7.28,7.26,7.28
19940708,7.29,7.42,7.29,7.40
19940711,7.42,7.47,7.41,7.46
19940712,7.43,7.47,7.37,7.41
19940713,7.39,7.44,7.38,7.40
19940714,7.33,7.34,7.22,7.23
19940715,7.28,7.28,7.16,7.23
19940718,7.23,7.24,7.16,7.18
19940719,7.18,7.20,7.12,7.12
19940720,7.14,7.24,7.11,7.22
19940721,7.25,7.27,7.22,7.25
19940722,7.25,7.29,7.22,7.27
19940725,7.29,7.29,7.23,7.24
19940726,7.23,7.27,7.23,7.25
19940727,7.27,7.33,7.27,7.32
19940728,7.35,7.37,7.26,7.27
19940729,7.28,7.29,7.09,7.09
19940801,7.18,7.18,7.09,7.11
19940802,7.07,7.09,7.03,7.09
19940803,7.12,7.12,7.08,7.08
19940804,7.06,7.11,7.06,7.10
19940805,7.11,7.27,7.09,7.26
19940808,7.27,7.27,7.24,7.26
19940809,7.29,7.33,7.28,7.30
19940810,7.32,7.33,7.29,7.30
19940811,7.29,7.38,7.27,7.34
19940812,7.38,7.38,7.25,7.27
19940815,7.29,7.30,7.27,7.29
19940816,7.29,7.29,7.17,7.17
19940817,7.13,7.13,7.09,7.13
19940818,7.19,7.27,7.18,7.27
19940819,7.25,7.30,7.24,7.26
19940822,7.29,7.31,7.28,7.31
19940823,7.28,7.29,7.25,7.27
19940824,7.26,7.27,7.20,7.20
19940825,7.20,7.28,7.20,7.27
19940826,7.27,7.27,7.18,7.23
19940829,7.21,7.24,7.19,7.24
19940830,7.21,7.22,7.19,7.19
19940831,7.18,7.22,7.17,7.17
19940901,7.17,7.21,7.17,7.17
19940902,7.16,7.20,7.07,7.20
19940906,7.23,7.27,7.22,7.25
19940907,7.24,7.29,7.23,7.29
19940908,7.28,7.29,7.25,7.29
19940909,7.27,7.44,7.27,7.43
19940912,7.42,7.44,7.41,7.44
19940913,7.43,7.46,7.39,7.42
19940914,7.40,7.43,7.38,7.39
19940915,7.37,7.39,7.33,7.34
19940916,7.35,7.53,7.35,7.51
19940919,7.49,7.49,7.47,7.47
19940920,7.52,7.56,7.51,7.51
19940921,7.51,7.56,7.48,7.55
19940922,7.54,7.56,7.53,7.54
19940923,7.50,7.57,7.50,7.55
19940926,7.56,7.56,7.53,7.56
19940927,7.56,7.60,7.55,7.59
19940928,7.57,7.59,7.52,7.55
19940929,7.55,7.65,7.55,7.62
19940930,7.63,7.64,7.58,7.60
19941003,7.60,7.66,7.58,7.65
19941004,7.66,7.68,7.63,7.68
19941005,7.69,7.77,7.68,7.75
19941006,7.73,7.76,7.72,7.75
19941007,7.80,7.82,7.67,7.68
19941011,7.67,7.67,7.59,7.62
19941012,7.66,7.67,7.65,7.67
19941013,7.68,7.68,7.55,7.62
19941014,7.63,7.67,7.58,7.59
19941017,7.63,7.63,7.59,7.60
19941018,7.58,7.62,7.58,7.61
19941019,7.65,7.67,7.64,7.65
19941020,7.65,7.78,7.65,7.78
19941021,7.77,7.82,7.76,7.78
19941024,7.78,7.84,7.78,7.83
19941025,7.87,7.88,7.83,7.86
19941026,7.84,7.89,7.82,7.86
19941027,7.85,7.88,7.84,7.86
19941028,7.86,7.90,7.78,7.79
19941031,7.81,7.97,7.79,7.79
19941101,7.83,7.89,7.83,7.89
19941102,7.89,7.96,7.88,7.93
19941103,7.92,7.96,7.92,7.95
19941104,7.94,8.02,7.83,8.01
19941107,8.03,8.04,8.00,8.02
19941108,8.02,8.02,7.98,7.99
19941109,7.94,7.95,7.92,7.92
19941110,7.97,7.97,7.86,7.96
19941111,7.98,7.98,7.98,7.98
19941114,7.98,8.00,7.92,7.92
19941115,7.91,7.96,7.83,7.89
19941116,7.91,7.96,7.85,7.96
19941117,7.97,8.15,7.96,8.01
19941118,7.99,8.16,7.99,8.00
19941121,8.01,8.03,8.00,8.02
19941122,8.01,8.01,7.98,7.99
19941123,7.88,7.89,7.78,7.80
19941125,7.83,7.83,7.78,7.79
19941128,7.80,7.89,7.80,7.87
19941129,7.89,7.97,7.89,7.94
19941130,7.93,7.96,7.87,7.89
19941201,7.88,7.94,7.88,7.91
19941202,7.93,7.99,7.79,7.79
19941205,7.80,7.83,7.77,7.82
19941206,7.79,7.80,7.72,7.72
19941207,7.73,7.82,7.73,7.80
19941208,7.82,7.88,7.78,7.81
19941209,7.76,7.80,7.75,7.78
19941212,7.83,7.86,7.83,7.84
19941213,7.87,7.91,7.81,7.81
19941214,7.81,7.82,7.74,7.77
19941215,7.78,7.80,7.75,7.78
19941216,7.78,7.81,7.77,7.80
19941219,7.80,7.81,7.79,7.79
19941220,7.78,7.81,7.76,7.80
19941221,7.78,7.80,7.77,7.79
19941222,7.79,7.84,7.78,7.83
19941223,7.82,7.85,7.82,7.83
19941227,7.80,7.80,7.75,7.75
19941228,7.73,7.79,7.72,7.79
19941229,7.77,7.81,7.77,7.80
19941230,7.79,7.83,7.79,7.83
19950103,7.82,7.88,7.82,7.88
19950104,7.86,7.86,7.81,7.81
19950105,7.84,7.87,7.83,7.87
19950106,7.85,7.93,7.83,7.85
19950109,7.87,7.90,7.86,7.88
19950110,7.87,7.87,7.81,7.82
19950111,7.82,7.82,7.77,7.78
19950112,7.77,7.82,7.75,7.79
19950113,7.77,7.78,7.64,7.68
19950116,7.68,7.68,7.68,7.68
19950117,7.69,7.74,7.68,7.68
19950118,7.69,7.71,7.67,7.70
19950119,7.72,7.74,7.70,7.72
19950120,7.74,7.81,7.74,7.81
19950123,7.81,7.84,7.80,7.82
19950124,7.83,7.85,7.83,7.84
19950125,7.87,7.89,7.79,7.79
19950126,7.80,7.81,7.74,7.74
19950127,7.70,7.70,7.62,7.62
19950130,7.62,7.64,7.59,7.63
19950131,7.65,7.67,7.59,7.59
19950201,7.55,7.64,7.55,7.64
19950202,7.67,7.68,7.65,7.67
19950203,7.62,7.62,7.43,7.46
19950206,7.50,7.52,7.49,7.51
19950207,7.50,7.51,7.47,7.51
19950208,7.51,7.54,7.51,7.51
19950209,7.52,7.57,7.52,7.57
19950210,7.55,7.64,7.51,7.62
19950213,7.61,7.64,7.59,7.59
19950214,7.56,7.58,7.50,7.50
19950215,7.47,7.54,7.37,7.44
19950216,7.43,7.44,7.36,7.39
19950217,7.43,7.45,7.41,7.42
19950221,7.41,7.43,7.40,7.43
19950222,7.43,7.45,7.32,7.32
19950223,7.27,7.33,7.21,7.33
19950224,7.31,7.37,7.30,7.33
19950227,7.27,7.29,7.23,7.24
19950228,7.22,7.30,7.21,7.21
19950301,7.23,7.26,7.17,7.21
19950302,7.23,7.30,7.23,7.29
19950303,7.30,7.39,7.30,7.36
19950306,7.42,7.45,7.40,7.40
19950307,7.43,7.45,7.37,7.43
19950308,7.38,7.41,7.35,7.36
19950309,7.33,7.36,7.28,7.28
19950310,7.27,7.36,7.19,7.22
19950313,7.21,7.21,7.15,7.17
19950314,7.15,7.15,7.06,7.08
19950315,7.11,7.14,7.07,7.08
19950316,7.10,7.11,7.00,7.04
19950317,7.08,7.14,7.08,7.10
19950320,7.08,7.12,7.08,7.11
19950321,7.11,7.15,7.10,7.15
19950322,7.17,7.22,7.17,7.20
19950323,7.21,7.22,7.16,7.20
19950324,7.15,7.15,7.08,7.08
19950327,7.08,7.09,7.03,7.03
19950328,7.05,7.15,7.04,7.14
19950329,7.16,7.18,7.08,7.14
19950330,7.07,7.18,7.07,7.16
19950331,7.21,7.27,7.18,7.19
19950403,7.20,7.20,7.12,7.13
19950404,7.10,7.12,7.08,7.11
19950405,7.12,7.14,7.08,7.11
19950406,7.08,7.09,7.07,7.08
19950407,7.04,7.11,7.01,7.09
19950410,7.13,7.14,7.10,7.10
19950411,7.09,7.11,7.04,7.07
19950412,7.07,7.10,7.04,7.05
19950413,7.04,7.05,6.99,7.00
19950417,6.95,7.02,6.93,7.02
19950418,7.01,7.03,6.96,7.02
19950419,7.03,7.08,7.02,7.03
19950420,7.00,7.03,6.98,7.00
19950421,6.98,7.01,6.98,6.99
19950424,7.01,7.03,6.99,6.99
19950425,6.98,7.03,6.98,6.99
19950426,6.98,7.03,6.96,6.99
19950427,7.01,7.04,7.01,7.03
19950428,7.03,7.10,7.01,7.05
19950501,7.06,7.07,7.05,7.07
19950502,7.05,7.05,7.02,7.02
19950503,7.00,7.00,6.94,6.94
19950504,6.92,6.92,6.79,6.83
19950505,6.86,6.86,6.66,6.67
19950508,6.70,6.71,6.66,6.67
19950509,6.67,6.67,6.52,6.58
19950510,6.52,6.67,6.45,6.64
19950511,6.62,6.72,6.60,6.67
19950512,6.73,6.77,6.65,6.67
19950515,6.62,6.64,6.60,6.62
19950516,6.55,6.58,6.51,6.55
19950517,6.48,6.54,6.47,6.53
19950518,6.56,6.63,6.56,6.60
19950519,6.56,6.62,6.56,6.60
19950522,6.62,6.63,6.61,6.61
19950523,6.60,6.60,6.54,6.55
19950524,6.51,6.51,6.41,6.43
19950525,6.37,6.41,6.30,6.38
19950526,6.39,6.41,6.38,6.39
19950530,6.34,6.35,6.29,6.29
19950531,6.26,6.32,6.26,6.29
19950601,6.29,6.32,6.17,6.18
19950602,6.19,6.19,5.84,6.08
19950605,6.01,6.08,5.97,6.06
19950606,6.11,6.12,6.03,6.08
19950607,6.09,6.20,6.05,6.16
19950608,6.20,6.23,6.18,6.20
19950609,6.27,6.39,6.22,6.38
19950612,6.32,6.40,6.32,6.37
19950613,6.30,6.30,6.12,6.13
19950614,6.15,6.17,6.11,6.13
19950615,6.13,6.17,6.09,6.16
19950616,6.22,6.27,6.18,6.20
19950619,6.17,6.17,6.11,6.11
19950620,6.11,6.16,6.09,6.14
19950621,6.10,6.13,6.08,6.12
19950622,6.08,6.08,5.99,6.02
19950623,6.00,6.08,6.00,6.04
19950626,6.09,6.11,6.07,6.09
19950627,6.13,6.14,6.06,6.13
19950628,6.12,6.14,6.09,6.09
19950629,6.10,6.28,6.09,6.25
19950630,6.23,6.25,6.20,6.20
19950703,6.20,6.21,6.18,6.20
19950705,6.18,6.19,6.17,6.18
19950706,6.17,6.23,6.04,6.04
19950707,5.99,6.11,5.96,6.02
19950710,6.03,6.04,6.01,6.02
19950711,6.06,6.09,6.05,6.09
19950712,6.10,6.11,6.08,6.09
19950713,6.08,6.11,6.05,6.07
19950714,6.11,6.18,6.11,6.13
19950717,6.14,6.20,6.14,6.20
19950718,6.25,6.26,6.20,6.26
19950719,6.29,6.46,6.24,6.41
19950720,6.39,6.46,6.35,6.41
19950721,6.38,6.51,6.38,6.49
19950724,6.50,6.52,6.44,6.44
19950725,6.43,6.51,6.39,6.41
19950726,6.41,6.47,6.39,6.46
19950727,6.46,6.46,6.40,6.42
19950728,6.41,6.47,6.39,6.47
19950731,6.46,6.47,6.42,6.43
19950801,6.43,6.51,6.42,6.49
19950802,6.43,6.45,6.39,6.43
19950803,6.45,6.54,6.45,6.51
19950804,6.48,6.57,6.46,6.47
19950807,6.47,6.48,6.45,6.46
19950808,6.42,6.46,6.40,6.45
19950809,6.48,6.50,6.46,6.48
19950810,6.47,6.53,6.35,6.51
19950811,6.50,6.62,6.47,6.59
19950814,6.60,6.61,6.57,6.58
19950815,6.63,6.67,6.57,6.58
19950816,6.56,6.59,6.53,6.53
19950817,6.53,6.58,6.53,6.57
19950818,6.56,6.57,6.56,6.56
19950821,6.53,6.53,6.49,6.53
19950822,6.52,6.56,6.52,6.56
19950823,6.56,6.58,6.55,6.58
19950824,6.57,6.57,6.48,6.49
19950825,6.45,6.47,6.37,6.38
19950828,6.37,6.37,6.30,6.33
19950829,6.34,6.38,6.33,6.36
19950830,6.33,6.35,6.32,6.32
19950831,6.34,6.34,6.26,6.27
19950901,6.29,6.39,6.19,6.21
19950905,6.25,6.25,6.16,6.16
19950906,6.18,6.19,6.16,6.17
19950907,6.18,6.21,6.14,6.20
19950908,6.20,6.25,6.15,6.23
19950911,6.22,6.24,6.20,6.22
19950912,6.20,6.21,6.15,6.15
19950913,6.16,6.18,6.14,6.17
19950914,6.16,6.16,6.05,6.07
19950915,6.08,6.13,6.08,6.10
19950918,6.14,6.17,6.13,6.17
19950919,6.17,6.17,6.12,6.13
19950920,6.14,6.16,6.09,6.09
19950921,6.11,6.24,6.09,6.20
19950922,6.20,6.28,6.20,6.23
19950925,6.24,6.28,6.22,6.23
19950926,6.25,6.27,6.20,6.26
19950927,6.28,6.33,6.26,6.27
19950928,6.25,6.28,6.24,6.26
19950929,6.29,6.29,6.15,6.16
19951002,6.16,6.17,6.09,6.14
19951003,6.13,6.14,6.09,6.12
19951004,6.10,6.12,6.08,6.08
19951005,6.08,6.10,6.04,6.07
19951006,6.06,6.11,6.01,6.06
19951010,6.06,6.06,6.04,6.06
19951011,6.08,6.10,6.07,6.08
19951012,6.09,6.11,6.04,6.05
19951013,6.01,6.01,5.93,5.94
19951016,5.96,5.98,5.95,5.96
19951017,5.92,5.99,5.91,5.94
19951018,5.94,5.98,5.93,5.97
19951019,6.00,6.00,5.95,5.96
19951020,5.98,6.04,5.98,6.02
19951023,6.05,6.07,6.04,6.05
19951024,6.06,6.07,5.99,6.00
19951025,5.98,6.00,5.96,5.99
19951026,5.99,6.05,5.98,6.05
19951027,6.08,6.14,6.02,6.02
19951030,6.02,6.04,6.01,6.02
19951031,6.05,6.05,6.00,6.00
19951101,6.02,6.03,5.93,5.96
19951102,5.96,5.96,5.89,5.90
19951103,5.90,5.93,5.87,5.92
19951106,5.92,5.94,5.92,5.94
19951107,5.95,5.98,5.95,5.97
19951108,5.94,5.95,5.90,5.90
19951109,5.90,5.96,5.90,5.95
19951110,5.99,6.01,5.98,5.99
19951113,6.02,6.03,5.93,5.96
19951114,5.93,5.96,5.91,5.95
19951115,5.92,5.99,5.91,5.98
19951116,5.94,5.95,5.87,5.91
19951117,5.92,5.94,5.88,5.90
19951120,5.89,5.92,5.89,5.91
19951121,5.93,5.94,5.91,5.93
19951122,5.92,5.94,5.91,5.92
19951124,5.90,5.92,5.90,5.90
19951127,5.89,5.90,5.86,5.87
19951128,5.89,5.90,5.86,5.88
19951129,5.87,5.87,5.84,5.84
19951130,5.79,5.80,5.73,5.75
19951201,5.73,5.75,5.69,5.70
19951204,5.68,5.69,5.59,5.62
19951205,5.64,5.66,5.62,5.65
19951206,5.65,5.68,5.59,5.67
19951207,5.69,5.72,5.67,5.71
19951208,5.72,5.74,5.62,5.73
19951211,5.70,5.71,5.69,5.70
19951212,5.68,5.75,5.68,5.71
19951213,5.71,5.74,5.70,5.73
19951214,5.72,5.74,5.70,5.74
19951215,5.72,5.75,5.71,5.74
19951218,5.79,5.84,5.79,5.84
19951219,5.85,5.91,5.72,5.73
19951220,5.72,5.76,5.69,5.74
19951221,5.74,5.78,5.74,5.75
19951222,5.72,5.72,5.67,5.69
19951226,5.69,5.70,5.68,5.68
19951227,5.66,5.66,5.63,5.64
19951228,5.64,5.64,5.62,5.62
19951229,5.59,5.63,5.34,5.58
19960102,5.58,5.62,5.57,5.59
19960103,5.57,5.59,5.54,5.57
19960104,5.54,5.63,5.53,5.62
19960105,5.62,5.71,5.62,5.68
19960108,5.68,5.68,5.67,5.67
19960109,5.66,5.70,5.64,5.67
19960110,5.72,5.75,5.71,5.74
19960111,5.78,5.81,5.76,5.76
19960112,5.72,5.76,5.70,5.75
19960116,5.69,5.69,5.65,5.66
19960117,5.62,5.64,5.55,5.56
19960118,5.55,5.55,5.50,5.52
19960119,5.51,5.58,5.49,5.51
19960122,5.54,5.59,5.54,5.59
19960123,5.64,5.65,5.60,5.63
19960124,5.62,5.64,5.58,5.59
19960125,5.57,5.69,5.57,5.68
19960126,5.71,5.79,5.63,5.63
19960129,5.64,5.70,5.62,5.67
19960130,5.65,5.65,5.60,5.61
19960131,5.60,5.62,5.57,5.58
19960201,5.59,5.61,5.56,5.60
19960202,5.61,5.64,5.56,5.64
19960205,5.68,5.71,5.68,5.68
19960206,5.65,5.67,5.63,5.66
19960207,5.63,5.67,5.63,5.66
19960208,5.65,5.68,5.65,5.66
19960209,5.68,5.70,5.61,5.65
19960212,5.65,5.66,5.60,5.60
19960213,5.58,5.59,5.55,5.57
19960214,5.59,5.61,5.57,5.61
19960215,5.62,5.70,5.61,5.69
19960216,5.68,5.75,5.68,5.75
19960220,5.85,5.99,5.85,5.99
19960221,5.95,6.01,5.91,5.97
19960222,5.94,5.94,5.89,5.91
19960223,5.85,6.00,5.82,5.96
19960226,5.99,6.04,5.98,6.00
19960227,6.00,6.06,5.97,6.05
19960228,6.04,6.11,6.01,6.11
19960229,6.10,6.19,6.09,6.11
19960301,6.03,6.07,5.97,5.98
19960304,5.96,5.97,5.90,5.91
19960305,5.92,5.97,5.92,5.95
19960306,6.00,6.04,5.97,6.04
19960307,6.08,6.09,6.05,6.06
19960308,6.08,6.43,6.07,6.41
19960311,6.52,6.52,6.30,6.30
19960312,6.36,6.41,6.34,6.34
19960313,6.31,6.38,6.29,6.34
19960314,6.32,6.35,6.30,6.35
19960315,6.36,6.46,6.36,6.45
19960318,6.43,6.45,6.39,6.42
19960319,6.41,6.42,6.36,6.39
19960320,6.43,6.44,6.32,6.33
19960321,6.28,6.33,6.25,6.27
19960322,6.28,6.32,6.27,6.31
19960325,6.29,6.30,6.22,6.23
19960326,6.23,6.28,6.22,6.23
19960327,6.22,6.31,6.20,6.31
19960328,6.35,6.43,6.33,6.41
19960329,6.34,6.38,6.33,6.33
19960401,6.31,6.33,6.29,6.31
19960402,6.25,6.27,6.24,6.24
19960403,6.26,6.29,6.25,6.25
19960404,6.27,6.34,6.27,6.33
19960408,6.62,6.67,6.59,6.61
19960409,6.57,6.61,6.55,6.55
19960410,6.54,6.63,6.54,6.62
19960411,6.67,6.73,6.60,6.67
19960412,6.63,6.65,6.48,6.50
19960415,6.48,6.51,6.45,6.46
19960416,6.46,6.52,6.44,6.46
19960417,6.50,6.53,6.48,6.51
19960418,6.49,6.58,6.48,6.56
19960419,6.54,6.55,6.50,6.51
19960422,6.48,6.48,6.44,6.47
19960423,6.50,6.52,6.49,6.50
19960424,6.50,6.55,6.49,6.55
19960425,6.57,6.61,6.54,6.54
19960426,6.50,6.53,6.50,6.52
19960429,6.54,6.59,6.54,6.57
19960430,6.60,6.66,6.59,6.63
19960501,6.69,6.69,6.62,6.67
19960502,6.66,6.84,6.65,6.83
19960503,6.89,6.90,6.77,6.88
19960506,6.87,6.87,6.83,6.84
19960507,6.83,6.87,6.83,6.85
19960508,6.88,6.89,6.80,6.80
19960509,6.78,6.84,6.78,6.83
19960510,6.86,6.86,6.69,6.74
19960513,6.72,6.75,6.70,6.71
19960514,6.70,6.70,6.63,6.65
19960515,6.62,6.64,6.61,6.63
19960516,6.68,6.71,6.67,6.69
19960517,6.71,6.72,6.63,6.64
19960520,6.62,6.62,6.58,6.61
19960521,6.62,6.64,6.59,6.64
19960522,6.68,6.69,6.62,6.62
19960523,6.61,6.67,6.59,6.67
19960524,6.68,6.69,6.63,6.64
19960528,6.62,6.66,6.61,6.66
19960529,6.67,6.76,6.65,6.76
19960530,6.79,6.83,6.75,6.76
19960531,6.78,6.87,6.78,6.84
19960603,6.87,6.88,6.82,6.86
19960604,6.84,6.86,6.81,6.84
19960605,6.84,6.86,6.82,6.82
19960606,6.77,6.78,6.71,6.75
19960607,6.71,6.97,6.71,6.92
19960610,6.91,6.96,6.91,6.96
19960611,6.99,7.00,6.93,6.98
19960612,6.99,7.02,6.96,7.01
19960613,7.05,7.06,6.88,7.00
19960614,7.01,7.03,6.92,6.94
19960617,6.93,6.93,6.88,6.89
19960618,6.91,6.92,6.86,6.91
19960619,6.92,6.97,6.91,6.95
19960620,6.95,6.99,6.94,6.96
19960621,6.92,6.95,6.91,6.94
19960624,6.94,6.94,6.92,6.93
19960625,6.93,6.93,6.89,6.90
19960626,6.90,6.92,6.87,6.90
19960627,6.90,6.91,6.82,6.82
19960628,6.80,6.81,6.68,6.71
19960701,6.72,6.78,6.72,6.72
19960702,6.75,6.81,6.74,6.79
19960703,6.79,6.81,6.75,6.75
19960705,6.79,7.05,6.77,7.05
19960708,7.09,7.10,7.01,7.05
19960709,7.02,7.04,6.98,7.00
19960710,6.93,6.96,6.92,6.93
19960711,6.94,6.97,6.85,6.89
19960712,6.90,6.92,6.79,6.83
19960715,6.85,6.89,6.83,6.87
19960716,6.92,6.92,6.77,6.81
19960717,6.83,6.84,6.80,6.82
19960718,6.81,6.84,6.71,6.71
19960719,6.74,6.77,6.73,6.77
19960722,6.79,6.83,6.76,6.83
19960723,6.84,6.84,6.79,6.79
19960724,6.76,6.87,6.73,6.86
19960725,6.89,6.89,6.81,6.85
19960726,6.82,6.86,6.82,6.84
19960729,6.87,6.92,6.87,6.92
19960730,6.92,6.92,6.85,6.87
19960731,6.86,6.88,6.79,6.79
19960801,6.77,6.80,6.58,6.63
19960802,6.60,6.60,6.44,6.49
19960805,6.51,6.52,6.50,6.51
19960806,6.54,6.54,6.51,6.53
19960807,6.51,6.55,6.49,6.54
19960808,6.54,6.56,6.52,6.56
19960809,6.53,6.53,6.47,6.49
19960812,6.46,6.50,6.46,6.48
19960813,6.46,6.57,6.46,6.57
19960814,6.57,6.59,6.55,6.57
19960815,6.57,6.62,6.57,6.61
19960816,6.57,6.70,6.43,6.54
19960819,6.54,6.59,6.54,6.57
19960820,6.56,6.59,6.56,6.57
19960821,6.59,6.60,6.59,6.60
19960822,6.58,6.62,6.58,6.61
19960823,6.62,6.71,6.62,6.70
19960826,6.73,6.80,6.73,6.79
19960827,6.76,6.79,6.75,6.77
19960828,6.75,6.79,6.75,6.78
19960829,6.76,6.85,6.76,6.85
19960830,6.85,6.98,6.84,6.94
19960903,6.99,7.02,6.89,6.89
19960904,6.88,6.95,6.88,6.93
19960905,6.94,6.99,6.93,6.96
19960906,6.98,7.07,6.89,6.92
19960909,6.89,6.93,6.88,6.88
19960910,6.87,6.94,6.87,6.92
19960911,6.95,6.96,6.91,6.92
19960912,6.91,6.91,6.84,6.86
19960913,6.86,6.87,6.70,6.72
19960916,6.72,6.73,6.71,6.71
19960917,6.72,6.79,6.72,6.79
19960918,6.82,6.83,6.80,6.81
19960919,6.79,6.87,6.79,6.84
19960920,6.83,6.84,6.80,6.83
19960923,6.85,6.86,6.80,6.81
19960924,6.79,6.82,6.71,6.74
19960925,6.75,6.76,6.69,6.69
19960926,6.69,6.69,6.61,6.64
19960927,6.63,6.67,6.59,6.67
19960930,6.65,6.71,6.64,6.70
19961001,6.70,6.70,6.62,6.63
19961002,6.62,6.62,6.58,6.59
19961003,6.56,6.61,6.56,6.59
19961004,6.56,6.56,6.43,6.46
19961007,6.50,6.51,6.48,6.51
19961008,6.52,6.52,6.49,6.52
19961009,6.50,6.55,6.48,6.54
19961010,6.57,6.62,6.56,6.60
19961011,6.59,6.61,6.53,6.55
19961015,6.52,6.56,6.52,6.55
19961016,6.55,6.60,6.52,6.57
19961017,6.54,6.55,6.50,6.50
19961018,6.46,6.48,6.46,6.48
19961021,6.48,6.50,6.48,6.50
19961022,6.52,6.55,6.52,6.55
19961023,6.56,6.59,6.55,6.55
19961024,6.54,6.58,6.54,6.56
19961025,6.57,6.61,6.51,6.53
19961028,6.52,6.55,6.52,6.54
19961029,6.56,6.56,6.38,6.39
19961030,6.37,6.41,6.32,6.38
19961031,6.38,6.39,6.34,6.35
19961101,6.31,6.37,6.25,6.36
19961104,6.38,6.38,6.33,6.34
19961105,6.31,6.31,6.26,6.27
19961106,6.26,6.29,6.24,6.28
19961107,6.34,6.34,6.24,6.24
19961108,6.23,6.28,6.23,6.25
19961111,6.25,6.25,6.25,6.25
19961112,6.23,6.23,6.17,6.17
19961113,6.17,6.22,6.16,6.19
19961114,6.21,6.22,6.14,6.14
19961115,6.15,6.18,6.13,6.17
19961118,6.16,6.20,6.15,6.18
19961119,6.18,6.18,6.14,6.15
19961120,6.18,6.19,6.11,6.12
19961121,6.11,6.12,6.09,6.12
19961122,6.13,6.14,6.12,6.13
19961125,6.15,6.15,6.09,6.12
19961126,6.10,6.12,6.05,6.12
19961127,6.08,6.13,6.07,6.12
19961129,6.09,6.09,6.04,6.04
19961202,6.06,6.09,6.05,6.05
19961203,6.03,6.07,6.00,6.04
19961204,6.06,6.11,6.04,6.10
19961205,6.10,6.22,6.10,6.21
19961206,6.34,6.34,6.22,6.24
19961209,6.19,6.21,6.18,6.19
19961210,6.19,6.21,6.19,6.20
19961211,6.25,6.35,6.25,6.35
19961212,6.33,6.39,6.28,6.38
19961213,6.39,6.39,6.30,6.31
19961216,6.30,6.37,6.30,6.36
19961217,6.38,6.44,6.38,6.39
19961218,6.41,6.44,6.38,6.44
19961219,6.46,6.46,6.34,6.34
19961220,6.30,6.35,6.29,6.33
19961223,6.34,6.35,6.30,6.33
19961224,6.33,6.33,6.32,6.33
19961226,6.33,6.33,6.32,6.33
19961227,6.32,6.32,6.28,6.28
19961230,6.27,6.29,6.26,6.29
19961231,6.29,6.41,6.29,6.41
19970102,6.41,6.54,6.38,6.52
19970103,6.49,6.50,6.46,6.50
19970106,6.51,6.52,6.49,6.52
19970107,6.52,6.57,6.49,6.55
19970108,6.52,6.57,6.51,6.57
19970109,6.57,6.60,6.50,6.51
19970110,6.49,6.65,6.47,6.61
19970113,6.58,6.62,6.58,6.60
19970114,6.60,6.62,6.51,6.51
19970115,6.49,6.55,6.49,6.51
19970116,6.50,6.58,6.47,6.56
19970117,6.54,6.56,6.52,6.53
19970120,6.53,6.53,6.53,6.53
19970121,6.57,6.59,6.49,6.49
19970122,6.49,6.53,6.48,6.53
19970123,6.53,6.57,6.52,6.56
19970124,6.58,6.64,6.48,6.61
19970127,6.62,6.67,6.61,6.66
19970128,6.64,6.65,6.54,6.62
19970129,6.66,6.76,6.58,6.60
19970130,6.59,6.61,6.56,6.58
19970131,6.56,6.59,6.49,6.50
19970203,6.49,6.51,6.43,6.44
19970204,6.46,6.46,6.42,6.43
19970205,6.42,6.45,6.40,6.44
19970206,6.45,6.47,6.44,6.45
19970207,6.44,6.44,6.35,6.39
19970210,6.41,6.42,6.38,6.40
19970211,6.39,6.41,6.38,6.40
19970212,6.42,6.43,6.38,6.42
19970213,6.37,6.38,6.24,6.31
19970214,6.28,6.28,6.24,6.26
19970218,6.22,6.28,6.22,6.27
19970219,6.27,6.30,6.11,6.28
19970220,6.32,6.34,6.31,6.34
19970221,6.36,6.37,6.34,6.35
19970224,6.37,6.39,6.37,6.38
19970225,6.36,6.39,6.35,6.38
19970226,6.39,6.57,6.30,6.55
19970227,6.54,6.58,6.52,6.56
19970228,6.54,6.57,6.54,6.54
19970303,6.58,6.60,6.55,6.56
19970304,6.54,6.59,6.53,6.58
19970305,6.61,6.61,6.57,6.58
19970306,6.55,6.62,6.55,6.61
19970307,6.62,6.68,6.53,6.55
19970310,6.53,6.56,6.53,6.55
19970311,6.54,6.59,6.54,6.56
19970312,6.58,6.60,6.56,6.58
19970313,6.61,6.72,6.60,6.71
19970314,6.68,6.70,6.63,6.68
19970317,6.70,6.75,6.70,6.70
19970318,6.73,6.77,6.69,6.71
19970319,6.68,6.74,6.66,6.73
19970320,6.73,6.78,6.71,6.73
19970321,6.71,6.74,6.71,6.73
19970324,6.72,6.73,6.71,6.71
19970325,6.68,6.76,6.65,6.75
19970326,6.74,6.82,6.74,6.78
19970327,6.76,6.89,6.76,6.88
19970331,6.91,6.91,6.88,6.91
19970401,6.90,6.95,6.86,6.88
19970402,6.87,6.90,6.85,6.86
19970403,6.88,6.88,6.83,6.85
19970404,6.84,6.93,6.83,6.91
19970407,6.88,6.88,6.85,6.86
19970408,6.84,6.91,6.84,6.89
19970409,6.87,6.89,6.85,6.89
19970410,6.90,6.91,6.89,6.89
19970411,6.88,6.99,6.88,6.96
19970414,6.97,6.98,6.96,6.96
19970415,6.94,6.94,6.85,6.87
19970416,6.88,6.94,6.86,6.89
19970417,6.86,6.86,6.81,6.84
19970418,6.84,6.85,6.81,6.82
19970421,6.81,6.86,6.80,6.86
19970422,6.87,6.87,6.82,6.83
19970423,6.81,6.88,6.81,6.87
19970424,6.86,6.91,6.86,6.91
19970425,6.92,6.94,6.92,6.93
19970428,6.93,6.95,6.90,6.90
19970429,6.91,6.93,6.75,6.75
19970430,6.77,6.82,6.67,6.70
19970501,6.70,6.72,6.67,6.68
19970502,6.65,6.71,6.63,6.67
19970505,6.65,6.68,6.64,6.65
19970506,6.67,6.68,6.65,6.65
19970507,6.68,6.74,6.67,6.72
19970508,6.79,6.79,6.70,6.71
19970509,6.67,6.71,6.63,6.65
19970512,6.66,6.67,6.63,6.63
19970513,6.65,6.71,6.62,6.70
19970514,6.70,6.70,6.63,6.67
19970515,6.69,6.74,6.65,6.66
19970516,6.65,6.70,6.65,6.69
19970519,6.68,6.71,6.68,6.69
19970520,6.69,6.74,6.65,6.69
19970521,6.65,6.74,6.65,6.72
19970522,6.73,6.75,6.72,6.74
19970523,6.72,6.74,6.71,6.73
19970527,6.73,6.79,6.73,6.78
19970528,6.79,6.81,6.75,6.78
19970529,6.77,6.78,6.74,6.74
19970530,6.72,6.73,6.65,6.66
19970602,6.64,6.68,6.62,6.65
19970603,6.63,6.66,6.62,6.62
19970604,6.62,6.64,6.60,6.61
19970605,6.62,6.64,6.60,6.61
19970606,6.60,6.65,6.49,6.49
19970609,6.50,6.54,6.49,6.54
19970610,6.53,6.56,6.50,6.55
19970611,6.54,6.55,6.53,6.54
19970612,6.55,6.56,6.45,6.46
19970613,6.46,6.46,6.39,6.41
19970616,6.40,6.41,6.38,6.39
19970617,6.39,6.45,6.37,6.41
19970618,6.43,6.44,6.37,6.38
19970619,6.39,6.42,6.37,6.38
19970620,6.40,6.40,6.34,6.36
19970623,6.37,6.39,6.37,6.39
19970624,6.39,6.42,6.38,6.40
19970625,6.42,6.44,6.39,6.43
19970626,6.44,6.49,6.44,6.48
19970627,6.47,6.48,6.44,6.45
19970630,6.45,6.53,6.45,6.50
19970701,6.50,6.51,6.42,6.44
19970702,6.42,6.43,6.40,6.40
19970703,6.39,6.39,6.27,6.29
19970707,6.29,6.29,6.23,6.25
19970708,6.25,6.28,6.24,6.26
19970709,6.24,6.25,6.21,6.23
19970710,6.24,6.27,6.23,6.24
19970711,6.23,6.25,6.19,6.22
19970714,6.23,6.24,6.22,6.24
19970715,6.27,6.31,6.24,6.25
19970716,6.23,6.23,6.17,6.18
19970717,6.17,6.19,6.14,6.18
19970718,6.21,6.24,6.20,6.23
19970721,6.25,6.26,6.24,6.25
19970722,6.24,6.24,6.14,6.14
19970723,6.11,6.13,6.10,6.12
19970724,6.13,6.16,6.11,6.13
19970725,6.15,6.19,6.13,6.16
19970728,6.16,6.17,6.14,6.14
19970729,6.11,6.14,6.09,6.09
19970730,6.08,6.08,6.03,6.04
19970731,6.05,6.05,5.99,6.00
19970801,5.99,6.18,5.99,6.18
19970804,6.19,6.24,6.18,6.21
19970805,6.23,6.24,6.21,6.22
19970806,6.23,6.23,6.20,6.21
19970807,6.18,6.22,6.16,6.22
19970808,6.27,6.40,6.27,6.36
19970811,6.34,6.39,6.33,6.35
19970812,6.33,6.37,6.30,6.37
19970813,6.40,6.42,6.27,6.34
19970814,6.30,6.31,6.26,6.26
19970815,6.26,6.31,6.24,6.25
19970818,6.22,6.24,6.17,6.20
19970819,6.22,6.23,6.18,6.21
19970820,6.21,6.25,6.21,6.23
19970821,6.24,6.30,6.23,6.29
19970822,6.35,6.38,6.33,6.36
19970825,6.36,6.38,6.36,6.38
19970826,6.40,6.42,6.36,6.37
19970827,6.35,6.40,6.34,6.37
19970828,6.36,6.37,6.29,6.29
19970829,6.28,6.36,6.27,6.33
19970902,6.36,6.38,6.29,6.29
19970903,6.28,6.31,6.27,6.30
19970904,6.33,6.33,6.30,6.32
19970905,6.32,6.37,6.26,6.34
19970908,6.34,6.34,6.31,6.32
19970909,6.33,6.34,6.32,6.33
19970910,6.34,6.37,6.34,6.34
19970911,6.36,6.39,6.36,6.37
19970912,6.38,6.38,6.27,6.28
19970915,6.28,6.29,6.26,6.26
19970916,6.26,6.26,6.09,6.09
19970917,6.09,6.11,6.04,6.09
19970918,6.07,6.09,6.04,6.09
19970919,6.11,6.12,6.07,6.08
19970922,6.06,6.07,6.04,6.05
19970923,6.06,6.09,6.06,6.08
19970924,6.09,6.09,6.02,6.04
19970925,6.05,6.12,6.05,6.12
19970926,6.10,6.11,6.06,6.07
19970929,6.09,6.11,6.08,6.08
19970930,6.07,6.12,6.06,6.11
19971001,6.08,6.08,6.00,6.03
19971002,6.01,6.04,5.98,6.00
19971003,5.97,6.06,5.81,6.00
19971006,5.95,5.97,5.92,5.95
19971007,5.93,5.97,5.92,5.92
19971008,5.90,6.08,5.87,6.07
19971009,6.13,6.17,6.07,6.08
19971010,6.08,6.21,6.08,6.14
19971013,6.14,6.14,6.14,6.14
19971014,6.10,6.10,6.06,6.06
19971015,6.05,6.12,6.04,6.09
19971016,6.12,6.12,6.03,6.08
19971017,6.09,6.17,6.09,6.14
19971020,6.14,6.16,6.13,6.13
19971021,6.13,6.15,6.12,6.13
19971022,6.13,6.15,6.12,6.12
19971023,6.01,6.05,5.97,6.02
19971024,6.06,6.06,5.97,6.00
19971027,5.92,5.98,5.89,5.90
19971028,5.78,5.97,5.74,5.97
19971029,5.95,5.97,5.87,5.90
19971030,5.82,5.87,5.80,5.84
19971031,5.86,5.89,5.81,5.82
19971103,5.88,5.91,5.87,5.89
19971104,5.90,5.94,5.88,5.94
19971105,5.96,5.96,5.91,5.93
19971106,5.94,5.95,5.89,5.89
19971107,5.82,5.91,5.82,5.88
19971110,5.93,5.93,5.90,5.91
19971111,5.91,5.91,5.91,5.91
19971112,5.86,5.93,5.86,5.88
19971113,5.88,5.90,5.81,5.86
19971114,5.82,5.86,5.80,5.85
19971117,5.89,5.91,5.83,5.83
19971118,5.82,5.86,5.80,5.83
19971119,5.81,5.83,5.79,5.80
19971120,5.83,5.83,5.78,5.83
19971121,5.86,5.88,5.80,5.80
19971124,5.82,5.85,5.82,5.85
19971125,5.85,5.86,5.82,5.84
19971126,5.86,5.87,5.84,5.85
19971128,5.85,5.86,5.84,5.85
19971201,5.85,5.86,5.83,5.85
19971202,5.84,5.86,5.84,5.85
19971203,5.84,5.84,5.81,5.83
19971204,5.82,5.83,5.78,5.83
19971205,5.84,5.98,5.84,5.89
19971208,5.89,5.94,5.89,5.94
19971209,5.95,5.96,5.92,5.94
19971210,5.91,5.92,5.88,5.89
19971211,5.84,5.84,5.78,5.81
19971212,5.78,5.79,5.73,5.73
19971215,5.72,5.77,5.72,5.77
19971216,5.76,5.79,5.74,5.76
19971217,5.80,5.82,5.77,5.79
19971218,5.79,5.79,5.73,5.75
19971219,5.72,5.73,5.66,5.71
19971222,5.70,5.73,5.70,5.71
19971223,5.72,5.73,5.68,5.72
19971224,5.73,5.74,5.72,5.73
19971226,5.76,5.76,5.73,5.74
19971229,5.73,5.75,5.73,5.75
19971230,5.76,5.82,5.76,5.79
19971231,5.77,5.78,5.74,5.74
19980102,5.73,5.74,5.64,5.66
19980105,5.58,5.58,5.49,5.50
19980106,5.49,5.53,5.47,5.47
19980107,5.49,5.54,5.47,5.53
19980108,5.48,5.49,5.44,5.46
19980109,5.46,5.51,5.37,5.38
19980112,5.36,5.40,5.28,5.37
19980113,5.40,5.42,5.38,5.40
19980114,5.46,5.47,5.39,5.44
19980115,5.41,5.47,5.41,5.46
19980116,5.49,5.52,5.49,5.51
19980120,5.49,5.55,5.48,5.55
19980121,5.54,5.58,5.52,5.53
19980122,5.51,5.55,5.50,5.53
19980123,5.59,5.69,5.58,5.68
19980126,5.67,5.68,5.61,5.62
19980127,5.62,5.70,5.62,5.68
19980128,5.67,5.72,5.64,5.68
19980129,5.67,5.69,5.55,5.56
19980130,5.56,5.59,5.51,5.51
19980202,5.53,5.57,5.52,5.56
19980203,5.56,5.57,5.52,5.54
19980204,5.56,5.57,5.53,5.55
19980205,5.56,5.60,5.55,5.60
19980206,5.60,5.66,5.59,5.60
19980209,5.62,5.66,5.61,5.64
19980210,5.63,5.64,5.62,5.62
19980211,5.59,5.60,5.57,5.57
19980212,5.52,5.53,5.45,5.53
19980213,5.47,5.50,5.46,5.47
19980217,5.43,5.44,5.42,5.43
19980218,5.43,5.47,5.41,5.47
19980219,5.48,5.50,5.47,5.50
19980220,5.52,5.54,5.51,5.52
19980223,5.49,5.57,5.49,5.57
19980224,5.54,5.70,5.54,5.67
19980225,5.64,5.65,5.61,5.62
19980226,5.62,5.65,5.61,5.64
19980227,5.64,5.70,5.62,5.62
19980302,5.63,5.70,5.63,5.70
19980303,5.70,5.78,5.69,5.75
19980304,5.78,5.78,5.72,5.75
19980305,5.70,5.78,5.70,5.77
19980306,5.78,5.83,5.70,5.71
19980309,5.70,5.71,5.64,5.66
19980310,5.65,5.67,5.64,5.65
19980311,5.63,5.64,5.61,5.62
19980312,5.62,5.64,5.55,5.55
19980313,5.56,5.60,5.55,5.57
19980316,5.56,5.56,5.52,5.53
19980317,5.53,5.55,5.50,5.55
19980318,5.54,5.57,5.54,5.56
19980319,5.56,5.61,5.56,5.57
19980320,5.57,5.57,5.55,5.56
19980323,5.59,5.59,5.55,5.56
19980324,5.57,5.57,5.54,5.56
19980325,5.54,5.63,5.53,5.62
19980326,5.64,5.66,5.62,5.66
19980327,5.65,5.69,5.64,5.67
19980330,5.67,5.72,5.67,5.70
19980331,5.70,5.71,5.66,5.66
19980401,5.64,5.66,5.60,5.60
19980402,5.58,5.59,5.54,5.54
19980403,5.50,5.50,5.40,5.45
19980406,5.46,5.50,5.46,5.50
19980407,5.50,5.52,5.49,5.52
19980408,5.51,5.58,5.50,5.57
19980409,5.54,5.62,5.52,5.57
19980413,5.58,5.67,5.57,5.65
19980414,5.62,5.65,5.60,5.62
19980415,5.59,5.63,5.59,5.59
19980416,5.58,5.59,5.56,5.57
19980417,5.57,5.59,5.55,5.58
19980420,5.59,5.64,5.59,5.63
19980421,5.64,5.67,5.63,5.67
19980422,5.68,5.69,5.64,5.67
19980423,5.68,5.69,5.67,5.67
19980424,5.69,5.70,5.65,5.65
19980427,5.71,5.81,5.71,5.79
19980428,5.76,5.79,5.75,5.79
19980429,5.80,5.82,5.79,5.80
19980430,5.82,5.83,5.67,5.67
19980501,5.64,5.67,5.61,5.65
19980504,5.66,5.67,5.64,5.65
19980505,5.67,5.69,5.65,5.68
19980506,5.69,5.70,5.65,5.66
19980507,5.67,5.68,5.64,5.66
19980508,5.67,5.73,5.67,5.70
19980511,5.71,5.77,5.71,5.77
19980512,5.76,5.76,5.69,5.69
19980513,5.69,5.70,5.64,5.67
19980514,5.63,5.67,5.63,5.67
19980515,5.66,5.67,5.65,5.67
19980518,5.66,5.67,5.63,5.63
19980519,5.65,5.65,5.63,5.65
19980520,5.64,5.64,5.59,5.60
19980521,5.61,5.65,5.58,5.64
19980522,5.63,5.65,5.62,5.63
19980526,5.60,5.60,5.57,5.58
19980527,5.53,5.55,5.53,5.55
19980528,5.56,5.58,5.55,5.57
19980529,5.55,5.55,5.53,5.55
19980601,5.53,5.54,5.51,5.52
19980602,5.54,5.56,5.54,5.55
19980603,5.56,5.58,5.55,5.56
19980604,5.58,5.60,5.56,5.58
19980605,5.58,5.62,5.55,5.57
19980608,5.57,5.59,5.57,5.58
19980609,5.58,5.59,5.57,5.58
19980610,5.54,5.54,5.50,5.50
19980611,5.50,5.52,5.43,5.43
19980612,5.43,5.46,5.39,5.41
19980615,5.37,5.39,5.37,5.37
19980616,5.40,5.43,5.39,5.43
19980617,5.50,5.55,5.48,5.53
19980618,5.51,5.51,5.48,5.49
19980619,5.52,5.53,5.46,5.46
19980622,5.43,5.45,5.43,5.45
19980623,5.45,5.46,5.44,5.44
19980624,5.45,5.46,5.42,5.45
19980625,5.45,5.49,5.45,5.46
19980626,5.48,5.49,5.43,5.44
19980629,5.45,5.46,5.45,5.46
19980630,5.48,5.49,5.43,5.43
19980701,5.45,5.45,5.40,5.43
19980702,5.39,5.41,5.37,5.40
19980706,5.39,5.39,5.38,5.38
19980707,5.39,5.41,5.39,5.41
19980708,5.39,5.42,5.39,5.42
19980709,5.41,5.42,5.39,5.39
19980710,5.39,5.41,5.39,5.41
19980713,5.40,5.47,5.40,5.45
19980714,5.46,5.49,5.43,5.47
19980715,5.46,5.47,5.45,5.47
19980716,5.49,5.50,5.45,5.49
19980717,5.48,5.50,5.47,5.50
19980720,5.50,5.50,5.46,5.47
19980721,5.44,5.47,5.43,5.44
19980722,5.45,5.45,5.43,5.45
19980723,5.43,5.45,5.41,5.43
19980724,5.44,5.45,5.42,5.44
19980727,5.44,5.45,5.42,5.45
19980728,5.46,5.48,5.45,5.48
19980729,5.48,5.52,5.47,5.51
19980730,5.51,5.55,5.48,5.49
19980731,5.48,5.51,5.48,5.49
19980803,5.47,5.47,5.44,5.45
19980804,5.45,5.46,5.41,5.43
19980805,5.42,5.45,5.41,5.42
19980806,5.42,5.44,5.42,5.43
19980807,5.41,5.42,5.39,5.39
19980810,5.41,5.41,5.38,5.40
19980811,5.33,5.37,5.32,5.36
19980812,5.40,5.41,5.38,5.39
19980813,5.38,5.42,5.37,5.42
19980814,5.43,5.44,5.39,5.39
19980817,5.37,5.39,5.36,5.39
19980818,5.40,5.42,5.40,5.40
19980819,5.41,5.43,5.41,5.41
19980820,5.43,5.43,5.37,5.37
19980821,5.31,5.32,5.18,5.32
19980824,5.28,5.32,5.27,5.29
19980825,5.26,5.27,5.24,5.24
19980826,5.20,5.23,5.18,5.19
19980827,5.14,5.15,5.02,5.10
19980828,5.08,5.12,5.06,5.08
19980831,5.10,5.11,5.02,5.03
19980901,5.02,5.07,4.97,5.04
19980902,5.08,5.11,5.06,5.08
19980903,5.02,5.04,5.01,5.02
19980904,5.05,5.06,4.99,5.00
19980908,5.02,5.05,5.01,5.03
19980909,4.99,5.00,4.93,4.93
19980910,4.90,4.91,4.73,4.74
19980911,4.75,4.84,4.63,4.82
19980914,4.84,4.89,4.84,4.85
19980915,4.81,4.89,4.80,4.88
19980916,4.90,4.92,4.85,4.85
19980917,4.79,4.80,4.75,4.77
19980918,4.77,4.78,4.67,4.68
19980921,4.57,4.69,4.53,4.66
19980922,4.72,4.72,4.66,4.71
19980923,4.68,4.74,4.65,4.66
19980924,4.68,4.70,4.61,4.61
19980925,4.53,4.63,4.53,4.58
19980928,4.58,4.59,4.56,4.59
19980929,4.58,4.64,4.56,4.56
19980930,4.51,4.53,4.40,4.41
19981001,4.33,4.37,4.29,4.30
19981002,4.33,4.36,4.22,4.28
19981005,4.24,4.25,4.10,4.15
19981006,4.22,4.27,4.20,4.22
19981007,4.26,4.41,4.21,4.39
19981008,4.33,4.55,4.32,4.55
19981009,4.65,4.84,4.62,4.77
19981012,4.77,4.77,4.77,4.77
19981013,4.67,4.77,4.65,4.72
19981014,4.67,4.67,4.54,4.56
19981015,4.53,4.62,4.52,4.56
19981016,4.41,4.44,4.34,4.42
19981019,4.40,4.45,4.39,4.44
19981020,4.44,4.58,4.44,4.52
19981021,4.58,4.58,4.52,4.55
19981022,4.57,4.62,4.54,4.58
19981023,4.60,4.69,4.60,4.66
19981026,4.73,4.75,4.63,4.70
19981027,4.65,4.67,4.57,4.59
19981028,4.56,4.60,4.54,4.58
19981029,4.55,4.57,4.50,4.51
19981030,4.51,4.61,4.51,4.60
19981102,4.63,4.74,4.61,4.74
19981103,4.73,4.77,4.71,4.74
19981104,4.77,4.91,4.76,4.88
19981105,4.79,4.86,4.71,4.82
19981106,4.81,4.97,4.81,4.92
19981109,4.94,4.96,4.87,4.87
19981110,4.79,4.83,4.77,4.82
19981111,4.82,4.82,4.82,4.82
19981112,4.77,4.80,4.73,4.77
19981113,4.76,4.84,4.75,4.81
19981116,4.83,4.85,4.82,4.84
19981117,4.83,4.86,4.77,4.85
19981118,4.86,4.90,4.81,4.84
19981119,4.85,4.85,4.82,4.85
19981120,4.83,4.83,4.79,4.81
19981123,4.80,4.83,4.78,4.83
19981124,4.85,4.86,4.81,4.84
19981125,4.81,4.83,4.80,4.82
19981127,4.81,4.81,4.79,4.80
19981130,4.78,4.78,4.71,4.73
19981201,4.68,4.69,4.62,4.66
19981202,4.64,4.65,4.52,4.57
19981203,4.55,4.60,4.54,4.56
19981204,4.55,4.64,4.55,4.61
19981207,4.59,4.69,4.58,4.68
19981208,4.65,4.66,4.59,4.59
19981209,4.56,4.58,4.53,4.55
19981210,4.56,4.58,4.50,4.52
19981211,4.51,4.63,4.50,4.60
19981214,4.59,4.59,4.54,4.58
19981215,4.59,4.62,4.58,4.62
19981216,4.62,4.62,4.56,4.57
19981217,4.57,4.60,4.56,4.56
19981218,4.58,4.59,4.57,4.57
19981221,4.59,4.65,4.59,4.63
19981222,4.70,4.70,4.66,4.69
19981223,4.71,4.79,4.70,4.78
19981224,4.79,4.88,4.79,4.85
19981228,4.82,4.82,4.76,4.77
19981229,4.78,4.79,4.69,4.70
19981230,4.68,4.68,4.63,4.64
19981231,4.63,4.68,4.62,4.64
19990104,4.64,4.72,4.63,4.68
19990105,4.72,4.75,4.71,4.73
19990106,4.74,4.79,4.72,4.72
19990107,4.71,4.78,4.70,4.76
19990108,4.78,4.88,4.78,4.84
19990111,4.90,4.94,4.87,4.87
19990112,4.90,4.90,4.79,4.81
19990113,4.67,4.77,4.63,4.72
19990114,4.75,4.76,4.61,4.61
19990115,4.66,4.68,4.64,4.67
19990119,4.69,4.73,4.66,4.70
19990120,4.73,4.79,4.71,4.75
19990121,4.71,4.72,4.67,4.69
19990122,4.65,4.66,4.63,4.63
19990125,4.63,4.67,4.62,4.65
19990126,4.64,4.69,4.64,4.68
19990127,4.71,4.72,4.67,4.67
19990128,4.69,4.69,4.64,4.67
19990129,4.68,4.72,4.65,4.65
19990201,4.67,4.76,4.67,4.75
19990202,4.78,4.80,4.77,4.79
19990203,4.82,4.82,4.78,4.82
19990204,4.84,4.93,4.84,4.89
19990205,4.88,4.95,4.87,4.93
19990208,4.95,4.95,4.90,4.92
19990209,4.89,4.91,4.86,4.89
19990210,4.89,4.92,4.86,4.90
19990211,4.94,4.94,4.89,4.91
19990212,4.98,5.08,4.96,5.05
19990216,5.02,5.07,4.99,5.03
19990217,5.02,5.02,4.96,4.98
19990218,4.96,5.03,4.96,5.03
19990219,5.05,5.09,5.03,5.06
19990222,5.07,5.08,5.02,5.02
19990223,5.02,5.10,5.00,5.08
19990224,5.08,5.16,5.07,5.16
19990225,5.16,5.34,5.16,5.29
19990226,5.30,5.33,5.24,5.27
19990301,5.29,5.40,5.29,5.38
19990302,5.38,5.38,5.32,5.34
19990303,5.29,5.39,5.29,5.38
19990304,5.37,5.43,5.37,5.40
19990305,5.40,5.40,5.20,5.32
19990308,5.29,5.29,5.26,5.28
19990309,5.29,5.31,5.16,5.17
19990310,5.15,5.21,5.14,5.19
19990311,5.21,5.23,5.16,5.20
19990312,5.18,5.21,5.15,5.15
19990315,5.16,5.17,5.12,5.13
19990316,5.12,5.14,5.08,5.10
19990317,5.07,5.13,5.06,5.12
19990318,5.12,5.12,5.08,5.10
19990319,5.09,5.16,5.08,5.15
19990322,5.18,5.20,5.16,5.19
19990323,5.19,5.21,5.17,5.19
19990324,5.13,5.17,5.11,5.16
19990325,5.14,5.20,5.13,5.20
19990326,5.20,5.20,5.13,5.20
19990329,5.20,5.27,5.19,5.26
19990330,5.25,5.25,5.19,5.19
19990331,5.19,5.27,5.18,5.23
19990401,5.21,5.29,5.21,5.27
19990405,5.18,5.21,5.16,5.18
19990406,5.16,5.17,5.11,5.12
19990407,5.12,5.14,5.11,5.12
19990408,5.11,5.13,5.02,5.02
19990409,5.02,5.05,5.00,5.04
19990412,5.01,5.04,5.00,5.04
19990413,5.03,5.11,5.03,5.10
19990414,5.09,5.13,5.09,5.11
19990415,5.13,5.16,5.12,5.15
19990416,5.17,5.21,5.17,5.21
19990419,5.21,5.22,5.16,5.17
19990420,5.02,5.16,5.02,5.13
19990421,5.11,5.16,5.11,5.13
19990422,5.17,5.24,5.15,5.24
19990423,5.23,5.25,5.21,5.24
19990426,5.26,5.29,5.21,5.21
19990427,5.23,5.24,5.20,5.21
19990428,5.23,5.26,5.22,5.24
19990429,5.25,5.25,5.16,5.19
19990430,5.19,5.37,5.18,5.35
19990503,5.36,5.38,5.34,5.36
19990504,5.35,5.42,5.34,5.41
19990505,5.37,5.41,5.37,5.38
19990506,5.39,5.50,5.39,5.50
19990507,5.50,5.54,5.43,5.54
19990510,5.56,5.58,5.50,5.51
19990511,5.52,5.58,5.51,5.57
19990512,5.58,5.60,5.53,5.56
19990513,5.48,5.48,5.39,5.39
19990514,5.40,5.65,5.40,5.60
19990517,5.64,5.66,5.61,5.65
19990518,5.62,5.69,5.58,5.66
19990519,5.62,5.65,5.59,5.59
19990520,5.59,5.61,5.57,5.58
19990521,5.56,5.57,5.49,5.52
19990524,5.51,5.54,5.47,5.49
19990525,5.49,5.51,5.47,5.48
19990526,5.49,5.55,5.47,5.54
19990527,5.53,5.65,5.53,5.61
19990528,5.63,5.67,5.60,5.61
19990601,5.65,5.77,5.62,5.77
19990602,5.77,5.83,5.76,5.78
19990603,5.75,5.80,5.74,5.79
19990604,5.80,5.81,5.74,5.81
19990607,5.79,5.80,5.75,5.80
19990608,5.78,5.82,5.77,5.82
19990609,5.80,5.88,5.80,5.86
19990610,5.92,5.96,5.90,5.92
19990611,5.92,6.01,5.88,6.00
19990614,5.99,6.00,5.96,5.97
19990615,5.92,5.96,5.90,5.96
19990616,5.92,5.94,5.86,5.94
19990617,5.90,5.92,5.77,5.78
19990618,5.79,5.82,5.78,5.82
19990621,5.81,5.92,5.81,5.89
19990622,5.91,5.95,5.90,5.93
19990623,5.92,6.02,5.92,6.00
19990624,6.00,6.06,5.99,6.03
19990625,6.01,6.02,5.97,6.01
19990628,6.01,6.02,5.95,5.96
19990629,5.94,5.97,5.91,5.93
19990630,5.93,5.99,5.81,5.81
19990701,5.82,5.92,5.81,5.84
19990702,5.83,5.85,5.80,5.82
19990706,5.87,5.91,5.85,5.87
19990707,5.89,5.91,5.88,5.89
19990708,5.91,5.94,5.83,5.83
19990709,5.81,5.84,5.79,5.82
19990712,5.82,5.83,5.71,5.72
19990713,5.71,5.72,5.65,5.69
19990714,5.71,5.74,5.68,5.72
19990715,5.73,5.74,5.68,5.71
19990716,5.68,5.69,5.65,5.67
19990719,5.65,5.66,5.64,5.65
19990720,5.68,5.71,5.63,5.63
19990721,5.64,5.66,5.63,5.65
19990722,5.64,5.78,5.63,5.77
19990723,5.81,5.84,5.79,5.83
19990726,5.88,5.88,5.84,5.85
19990727,5.83,5.84,5.79,5.80
19990728,5.81,5.81,5.78,5.79
19990729,5.81,5.92,5.81,5.86
19990730,5.89,5.93,5.89,5.91
19990802,5.90,5.98,5.88,5.91
19990803,5.92,5.94,5.90,5.94
19990804,5.96,5.96,5.92,5.95
19990805,5.95,5.95,5.85,5.88
19990806,5.84,6.01,5.84,6.01
19990809,6.05,6.12,6.04,6.12
19990810,6.13,6.16,6.10,6.14
19990811,6.12,6.16,6.11,6.11
19990812,6.01,6.07,6.01,6.07
19990813,6.08,6.08,5.97,5.97
19990816,5.99,5.99,5.95,5.97
19990817,5.97,5.97,5.87,5.87
19990818,5.87,5.92,5.87,5.87
19990819,5.87,5.90,5.84,5.88
19990820,5.88,5.90,5.86,5.87
19990823,5.87,5.89,5.87,5.88
19990824,5.89,5.90,5.83,5.84
19990825,5.81,5.82,5.72,5.72
19990826,5.72,5.77,5.72,5.74
19990827,5.78,5.84,5.78,5.84
19990830,5.86,5.96,5.78,5.94
19990831,5.93,6.01,5.91,5.98
19990901,5.97,5.99,5.94,5.97
19990902,5.97,6.03,5.97,6.01
19990903,5.98,5.99,5.87,5.88
19990907,5.89,5.94,5.89,5.94
19990908,5.96,5.97,5.89,5.92
19990909,5.95,5.97,5.92,5.96
19990910,5.93,5.93,5.87,5.89
19990913,5.92,5.92,5.91,5.91
19990914,5.89,5.97,5.89,5.95
19990915,5.95,5.95,5.88,5.93
19990916,5.92,5.92,5.89,5.89
19990917,5.85,5.87,5.84,5.85
19990920,5.84,5.90,5.84,5.90
19990921,5.95,5.95,5.92,5.92
19990922,5.91,5.94,5.91,5.92
19990923,5.91,5.92,5.85,5.85
19990924,5.78,5.79,5.74,5.74
19990927,5.79,5.82,5.79,5.82
19990928,5.80,5.87,5.80,5.87
19990929,5.88,5.95,5.88,5.95
19990930,5.93,5.97,5.88,5.88
19991001,5.92,6.00,5.92,5.99
19991004,5.96,5.98,5.93,5.93
19991005,5.93,6.02,5.92,6.02
19991006,6.01,6.03,6.01,6.03
19991007,6.05,6.07,6.00,6.03
19991008,6.00,6.04,5.97,6.02
19991011,6.02,6.02,6.02,6.02
19991012,6.05,6.08,6.05,6.06
19991013,6.03,6.11,6.03,6.11
19991014,6.10,6.17,6.10,6.16
19991015,6.13,6.21,6.07,6.07
19991018,6.08,6.12,6.07,6.11
19991019,6.14,6.17,6.10,6.17
19991020,6.17,6.19,6.16,6.18
19991021,6.14,6.18,6.12,6.18
19991022,6.19,6.21,6.15,6.19
19991025,6.23,6.25,6.20,6.21
19991026,6.21,6.24,6.18,6.23
19991027,6.19,6.21,6.17,6.18
19991028,6.16,6.16,6.08,6.11
19991029,6.07,6.08,6.00,6.00
19991101,6.04,6.07,6.03,6.05
19991102,6.05,6.07,6.01,6.02
19991103,6.04,6.04,5.97,6.00
19991104,5.96,5.98,5.94,5.94
19991105,5.96,5.96,5.87,5.91
19991108,5.93,5.94,5.92,5.93
19991109,5.94,5.96,5.93,5.95
19991110,5.94,6.02,5.93,5.98
19991112,5.93,5.95,5.91,5.91
19991115,5.92,5.93,5.92,5.92
19991116,5.90,5.96,5.89,5.95
19991117,5.97,6.03,5.97,6.02
19991118,6.05,6.07,6.02,6.05
19991119,6.03,6.07,6.03,6.05
19991122,6.08,6.10,6.08,6.08
19991123,6.09,6.09,6.07,6.08
19991124,6.10,6.12,6.08,6.08
19991126,6.11,6.11,6.09,6.11
19991129,6.10,6.19,6.10,6.19
19991130,6.19,6.21,6.15,6.16
19991201,6.22,6.24,6.18,6.19
19991202,6.20,6.23,6.19,6.22
19991203,6.22,6.22,6.14,6.16
19991206,6.14,6.15,6.13,6.14
19991207,6.13,6.13,6.09,6.10
19991208,6.10,6.14,6.10,6.13
19991209,6.12,6.12,6.10,6.12
19991210,6.12,6.12,6.06,6.07
19991213,6.08,6.09,6.06,6.09
19991214,6.11,6.20,6.11,6.20
19991215,6.19,6.24,6.18,6.24
19991216,6.26,6.29,6.25,6.29
19991217,6.29,6.31,6.26,6.29
19991220,6.28,6.35,6.27,6.34
19991221,6.32,6.36,6.30,6.36
19991222,6.36,6.38,6.34,6.38
19991223,6.35,6.40,6.34,6.39
19991227,6.39,6.41,6.38,6.38
19991228,6.39,6.42,6.38,6.42
19991229,6.40,6.40,6.38,6.39
19991230,6.38,6.39,6.36,6.37
19991231,6.38,6.44,6.38,6.43
20000103,6.50,6.60,6.50,6.55
20000104,6.53,6.55,6.49,6.49
20000105,6.52,6.60,6.51,6.60
20000106,6.56,6.58,6.54,6.55
20000107,6.54,6.59,6.50,6.50
20000110,6.54,6.57,6.54,6.56
20000111,6.60,6.66,6.59,6.66
20000112,6.66,6.70,6.64,6.70
20000113,6.66,6.71,6.62,6.62
20000114,6.62,6.69,6.56,6.67
20000118,6.71,6.76,6.70,6.75
20000119,6.72,6.73,6.71,6.72
20000120,6.78,6.78,6.71,6.75
20000121,6.77,6.82,6.77,6.78
20000124,6.76,6.76,6.68,6.68
20000125,6.67,6.71,6.66,6.68
20000126,6.68,6.70,6.65,6.68
20000127,6.67,6.75,6.41,6.68
20000128,6.74,6.80,6.57,6.65
20000131,6.71,6.71,6.60,6.67
20000201,6.63,6.65,6.60,6.62
20000202,6.62,6.66,6.56,6.60
20000203,6.53,6.55,6.33,6.47
20000204,6.43,6.54,6.41,6.52
20000207,6.58,6.63,6.56,6.63
20000208,6.62,6.62,6.58,6.60
20000209,6.59,6.68,6.58,6.67
20000210,6.55,6.66,6.55,6.66
20000211,6.63,6.65,6.61,6.62
20000214,6.61,6.62,6.54,6.54
20000215,6.56,6.57,6.53,6.55
20000216,6.57,6.57,6.55,6.55
20000217,6.53,6.58,6.50,6.57
20000218,6.54,6.55,6.47,6.48
20000222,6.44,6.45,6.34,6.34
20000223,6.39,6.43,6.37,6.43
20000224,6.39,6.39,6.32,6.35
20000225,6.37,6.48,6.34,6.34
20000228,6.33,6.42,6.33,6.41
20000229,6.42,6.45,6.41,6.41
20000301,6.39,6.41,6.36,6.38
20000302,6.40,6.43,6.38,6.40
20000303,6.40,6.40,6.34,6.37
20000306,6.41,6.43,6.40,6.41
20000307,6.42,6.44,6.38,6.38
20000308,6.39,6.40,6.35,6.38
20000309,6.34,6.34,6.30,6.34
20000310,6.36,6.39,6.36,6.39
20000313,6.33,6.37,6.27,6.36
20000314,6.38,6.40,6.30,6.30
20000315,6.30,6.32,6.23,6.28
20000316,6.27,6.28,6.23,6.24
20000317,6.22,6.23,6.17,6.19
20000320,6.20,6.21,6.16,6.17
20000321,6.17,6.21,6.13,6.14
20000322,6.11,6.13,6.10,6.12
20000323,6.07,6.08,6.01,6.07
20000324,6.11,6.17,6.11,6.17
20000327,6.22,6.25,6.19,6.20
20000328,6.21,6.21,6.15,6.17
20000329,6.14,6.20,6.14,6.15
20000330,6.10,6.13,5.94,6.07
20000331,6.07,6.08,5.99,6.02
20000403,6.00,6.03,5.99,5.99
20000404,6.00,6.00,5.71,5.84
20000405,5.83,5.91,5.77,5.88
20000406,5.91,5.97,5.91,5.92
20000407,5.96,5.99,5.85,5.85
20000410,5.84,5.85,5.79,5.79
20000411,5.76,5.90,5.71,5.88
20000412,5.91,6.00,5.89,5.97
20000413,5.98,6.03,5.91,5.91
20000414,5.93,6.01,5.86,5.88
20000417,5.90,5.99,5.86,5.99
20000418,6.01,6.08,6.00,6.05
20000419,6.05,6.06,5.97,5.97
20000420,5.99,6.01,5.96,5.99
20000424,5.96,5.99,5.94,5.99
20000425,6.03,6.12,6.03,6.12
20000426,6.11,6.13,6.08,6.13
20000427,6.12,6.24,6.11,6.24
20000428,6.25,6.29,6.07,6.21
20000501,6.23,6.25,6.21,6.25
20000502,6.28,6.32,6.25,6.31
20000503,6.32,6.40,6.30,6.40
20000504,6.42,6.46,6.38,6.45
20000505,6.39,6.52,6.39,6.51
20000508,6.48,6.56,6.47,6.56
20000509,6.54,6.56,6.51,6.52
20000510,6.50,6.50,6.42,6.44
20000511,6.41,6.46,6.38,6.41
20000512,6.41,6.52,6.37,6.50
20000515,6.50,6.50,6.44,6.46
20000516,6.43,6.45,6.38,6.40
20000517,6.45,6.49,6.44,6.46
20000518,6.47,6.56,6.47,6.55
20000519,6.53,6.54,6.50,6.51
20000522,6.48,6.49,6.39,6.42
20000523,6.44,6.48,6.44,6.45
20000524,6.44,6.46,6.42,6.46
20000525,6.48,6.49,6.37,6.37
20000526,6.40,6.40,6.31,6.32
20000530,6.34,6.38,6.32,6.37
20000531,6.35,6.35,6.27,6.29
20000601,6.27,6.27,6.15,6.20
20000602,6.19,6.19,5.97,6.15
20000605,6.11,6.17,6.10,6.10
20000606,6.14,6.19,6.12,6.13
20000607,6.15,6.17,6.10,6.11
20000608,6.14,6.18,6.10,6.11
20000609,6.13,6.14,6.08,6.11
20000612,6.12,6.13,6.08,6.08
20000613,6.08,6.11,6.03,6.10
20000614,6.11,6.12,6.03,6.04
20000615,6.04,6.08,6.03,6.04
20000616,6.03,6.04,5.95,5.97
20000619,5.98,6.00,5.98,5.99
20000620,6.00,6.02,5.97,6.01
20000621,6.04,6.10,6.04,6.10
20000622,6.10,6.13,6.08,6.11
20000623,6.10,6.18,6.10,6.18
20000626,6.18,6.18,6.09,6.09
20000627,6.09,6.13,6.07,6.08
20000628,6.08,6.13,6.07,6.10
20000629,6.07,6.08,6.01,6.03
20000630,6.01,6.03,6.00,6.02
20000703,6.04,6.06,5.97,5.98
20000705,5.95,5.98,5.92,5.98
20000706,6.00,6.04,6.00,6.03
20000707,6.04,6.04,5.96,6.00
20000710,6.02,6.04,6.02,6.03
20000711,6.05,6.05,6.02,6.05
20000712,6.06,6.08,6.06,6.08
20000713,6.05,6.05,5.99,5.99
20000714,5.99,6.09,5.97,6.09
20000717,6.09,6.16,6.09,6.15
20000718,6.14,6.16,6.11,6.14
20000719,6.16,6.18,6.14,6.15
20000720,6.14,6.15,6.00,6.01
20000721,6.00,6.02,5.96,6.00
20000724,6.00,6.03,6.00,6.03
20000725,6.01,6.03,5.99,6.02
20000726,6.02,6.03,6.00,6.02
20000727,6.01,6.06,5.97,6.00
20000728,5.99,6.06,5.99,6.03
20000731,6.05,6.05,6.03,6.03
20000801,6.02,6.02,5.98,5.99
20000802,5.98,6.00,5.96,5.97
20000803,5.94,5.96,5.92,5.94
20000804,5.89,5.95,5.88,5.90
20000807,5.90,5.95,5.89,5.95
20000808,5.95,5.96,5.91,5.91
20000809,5.93,5.96,5.91,5.91
20000810,5.79,5.80,5.74,5.75
20000811,5.73,5.80,5.70,5.79
20000814,5.80,5.82,5.77,5.77
20000815,5.80,5.82,5.79,5.80
20000816,5.80,5.84,5.80,5.82
20000817,5.82,5.83,5.80,5.80
20000818,5.80,5.80,5.75,5.77
20000821,5.78,5.79,5.77,5.77
20000822,5.78,5.78,5.76,5.76
20000823,5.75,5.75,5.72,5.72
20000824,5.70,5.73,5.68,5.72
20000825,5.73,5.74,5.70,5.72
20000828,5.71,5.78,5.71,5.77
20000829,5.77,5.81,5.77,5.81
20000830,5.82,5.83,5.80,5.80
20000831,5.79,5.80,5.72,5.73
20000901,5.72,5.72,5.65,5.67
20000905,5.70,5.72,5.67,5.68
20000906,5.70,5.72,5.69,5.71
20000907,5.73,5.76,5.71,5.75
20000908,5.73,5.75,5.72,5.72
20000911,5.74,5.77,5.73,5.76
20000912,5.76,5.79,5.75,5.77
20000913,5.76,5.76,5.72,5.73
20000914,5.71,5.80,5.68,5.77
20000915,5.76,5.85,5.76,5.83
20000918,5.87,5.90,5.85,5.87
20000919,5.99,5.99,5.85,5.85
20000920,5.85,5.89,5.84,5.89
20000921,5.87,5.92,5.86,5.87
20000922,5.84,5.85,5.57,5.83
20000925,5.86,5.87,5.83,5.83
20000926,5.84,5.85,5.80,5.80
20000927,5.83,5.85,5.82,5.82
20000928,5.82,5.82,5.79,5.81
20000929,5.81,5.81,5.76,5.78
20001002,5.79,5.85,5.79,5.82
20001003,5.84,5.87,5.82,5.87
20001004,5.85,5.90,5.83,5.89
20001005,5.88,5.90,5.85,5.85
20001006,5.85,5.89,5.81,5.82
20001009,5.82,5.82,5.82,5.82
20001010,5.84,5.84,5.79,5.79
20001011,5.76,5.79,5.74,5.77
20001012,5.79,5.80,5.69,5.71
20001013,5.70,5.74,5.69,5.71
20001016,5.76,5.76,5.72,5.74
20001017,5.74,5.75,5.66,5.67
20001018,5.64,5.66,5.55,5.66
20001019,5.69,5.70,5.62,5.65
20001020,5.64,5.66,5.63,5.64
20001023,5.63,5.63,5.58,5.58
20001024,5.62,5.65,5.58,5.62
20001025,5.61,5.69,5.59,5.69
20001026,5.70,5.71,5.63,5.67
20001027,5.68,5.73,5.66,5.71
20001030,5.69,5.74,5.69,5.73
20001031,5.72,5.76,5.69,5.76
20001101,5.74,5.76,5.73,5.74
20001102,5.73,5.74,5.71,5.74
20001103,5.72,5.82,5.71,5.80
20001106,5.81,5.87,5.72,5.86
20001107,5.86,5.88,5.83,5.86
20001108,5.88,5.88,5.84,5.85
20001109,5.83,5.83,5.77,5.81
20001110,5.79,5.81,5.78,5.79
20001113,5.77,5.77,5.74,5.76
20001114,5.78,5.80,5.74,5.74
20001115,5.75,5.75,5.69,5.70
20001116,5.68,5.71,5.67,5.67
20001117,5.66,5.70,5.66,5.69
20001120,5.67,5.68,5.66,5.66
20001121,5.67,5.68,5.66,5.66
20001122,5.61,5.63,5.59,5.59
20001124,5.63,5.64,5.62,5.62
20001127,5.66,5.66,5.62,5.63
20001128,5.59,5.62,5.58,5.59
20001129,5.57,5.60,5.54,5.54
20001130,5.49,5.52,5.43,5.44
20001201,5.49,5.52,5.46,5.51
20001204,5.46,5.53,5.46,5.52
20001205,5.52,5.52,5.43,5.43
20001206,5.40,5.43,5.32,5.32
20001207,5.29,5.37,5.29,5.30
20001208,5.29,5.38,5.29,5.34
20001211,5.35,5.37,5.34,5.36
20001212,5.38,5.40,5.34,5.34
20001213,5.32,5.32,5.28,5.28
20001214,5.22,5.25,5.17,5.21
20001215,5.22,5.23,5.17,5.18
20001218,5.17,5.17,5.10,5.16
20001219,5.20,5.22,5.16,5.18
20001220,5.12,5.12,5.07,5.08
20001221,5.06,5.09,5.00,5.02
20001222,5.05,5.07,4.99,5.00
20001226,5.02,5.05,5.00,5.02
20001227,5.06,5.11,5.05,5.09
20001228,5.11,5.15,5.09,5.11
20001229,5.10,5.12,5.07,5.11
20010102,5.08,5.08,4.89,4.92
20010103,4.88,5.13,4.87,5.10
20010104,5.13,5.19,5.01,5.01
20010105,4.98,5.03,4.95,4.95
20010108,4.96,4.97,4.89,4.90
20010109,4.96,5.03,4.96,4.96
20010110,4.99,5.10,4.99,5.08
20010111,5.05,5.15,5.04,5.12
20010112,5.14,5.24,5.14,5.23
20010116,5.21,5.25,5.18,5.23
20010117,5.23,5.49,5.14,5.16
20010118,5.15,5.19,5.08,5.09
20010119,5.13,5.18,5.09,5.17
20010122,5.17,5.23,5.17,5.22
20010123,5.22,5.28,5.17,5.27
20010124,5.29,5.32,5.24,5.30
20010125,5.32,5.38,5.25,5.27
20010126,5.20,5.29,5.20,5.25
20010129,5.24,5.29,5.24,5.29
20010130,5.29,5.29,5.19,5.21
20010131,5.18,5.20,5.17,5.18
20010201,5.08,5.09,5.03,5.06
20010202,5.07,5.15,5.07,5.14
20010205,5.15,5.16,5.11,5.15
20010206,5.17,5.21,5.15,5.20
20010207,5.16,5.18,5.12,5.18
20010208,5.11,5.15,5.08,5.10
20010209,5.08,5.08,5.02,5.02
20010212,5.01,5.05,5.00,5.05
20010213,5.03,5.08,5.00,5.07
20010214,5.07,5.11,5.06,5.11
20010215,5.16,5.20,5.14,5.18
20010216,5.15,5.23,5.09,5.09
20010220,5.14,5.14,5.10,5.10
20010221,5.10,5.15,5.08,5.13
20010222,5.14,5.16,5.11,5.15
20010223,5.14,5.14,5.07,5.08
20010226,5.11,5.13,5.04,5.04
20010227,4.87,5.11,4.87,4.96
20010228,4.92,4.96,4.91,4.91
20010301,4.86,4.91,4.83,4.86
20010302,4.89,4.94,4.83,4.94
20010305,4.92,4.98,4.92,4.96
20010306,4.98,5.00,4.94,4.97
20010307,4.96,4.97,4.91,4.92
20010308,4.88,4.90,4.87,4.89
20010309,4.88,4.97,4.87,4.93
20010312,4.90,4.93,4.89,4.92
20010313,4.92,4.93,4.90,4.93
20010314,4.86,4.88,4.82,4.85
20010315,4.84,4.85,4.78,4.80
20010316,4.78,4.80,4.72,4.75
20010319,4.79,4.82,4.79,4.82
20010320,4.82,4.83,4.79,4.79
20010321,4.72,4.79,4.72,4.77
20010322,4.74,4.76,4.69,4.71
20010323,4.78,4.80,4.77,4.80
20010326,4.83,4.86,4.83,4.85
20010327,4.86,4.99,4.82,4.98
20010328,4.96,4.99,4.95,4.97
20010329,4.97,4.99,4.94,4.96
20010330,5.01,5.12,4.88,4.92
20010402,4.89,4.99,4.88,4.97
20010403,4.97,5.00,4.93,4.93
20010404,4.93,4.96,4.91,4.92
20010405,4.96,4.97,4.94,4.96
20010406,4.95,4.96,4.84,4.87
20010409,4.90,4.92,4.89,4.91
20010410,4.97,5.08,4.97,5.07
20010411,5.11,5.16,5.10,5.11
20010412,5.14,5.15,5.07,5.15
20010416,5.16,5.28,5.15,5.28
20010417,5.20,5.25,5.19,5.19
20010418,5.26,5.32,5.12,5.12
20010419,5.13,5.23,5.13,5.23
20010420,5.29,5.30,5.23,5.26
20010423,5.26,5.26,5.18,5.19
20010424,5.18,5.23,5.17,5.19
20010425,5.20,5.25,5.17,5.25
20010426,5.24,5.29,5.17,5.19
20010427,5.19,5.32,5.19,5.31
20010430,5.33,5.39,5.33,5.34
20010501,5.33,5.34,5.27,5.29
20010502,5.28,5.31,5.25,5.28
20010503,5.27,5.27,5.20,5.20
20010504,5.18,5.21,5.08,5.18
20010507,5.18,5.21,5.18,5.21
20010508,5.18,5.22,5.17,5.22
20010509,5.20,5.22,5.16,5.17
20010510,5.19,5.28,5.19,5.27
20010511,5.30,5.49,5.30,5.48
20010514,5.46,5.47,5.42,5.42
20010515,5.42,5.48,5.42,5.48
20010516,5.45,5.49,5.43,5.47
20010517,5.42,5.48,5.42,5.47
20010518,5.39,5.53,5.27,5.39
20010521,5.42,5.43,5.39,5.39
20010522,5.38,5.40,5.37,5.40
20010523,5.40,5.41,5.37,5.39
20010524,5.38,5.49,5.36,5.49
20010525,5.47,5.51,5.47,5.49
20010529,5.47,5.51,5.47,5.51
20010530,5.49,5.50,5.49,5.50
20010531,5.48,5.48,5.41,5.41
20010601,5.37,5.44,5.32,5.35
20010604,5.35,5.35,5.32,5.32
20010605,5.33,5.33,5.26,5.26
20010606,5.28,5.29,5.26,5.26
20010607,5.26,5.31,5.22,5.29
20010608,5.32,5.34,5.31,5.33
20010611,5.33,5.33,5.28,5.29
20010612,5.29,5.29,5.24,5.24
20010613,5.25,5.29,5.25,5.26
20010614,5.24,5.24,5.19,5.21
20010615,5.22,5.24,5.19,5.23
20010618,5.21,5.25,5.21,5.24
20010619,5.24,5.29,5.23,5.23
20010620,5.20,5.22,5.19,5.20
20010621,5.19,5.20,5.15,5.18
20010622,5.17,5.17,5.12,5.12
20010625,5.14,5.14,5.12,5.13
20010626,5.12,5.23,5.00,5.22
20010627,5.21,5.25,5.20,5.23
20010628,5.20,5.33,5.20,5.33
20010629,5.36,5.42,5.35,5.39
20010702,5.41,5.41,5.33,5.33
20010703,5.34,5.38,5.33,5.38
20010705,5.36,5.42,5.35,5.41
20010706,5.39,5.41,5.36,5.37
20010709,5.37,5.38,5.34,5.34
20010710,5.34,5.35,5.27,5.27
20010711,5.25,5.29,5.22,5.29
20010712,5.31,5.31,5.22,5.23
20010713,5.24,5.28,5.23,5.23
20010716,5.22,5.22,5.17,5.17
20010717,5.17,5.20,5.17,5.18
20010718,5.18,5.20,5.09,5.09
20010719,5.12,5.12,5.09,5.10
20010720,5.08,5.12,5.07,5.11
20010723,5.12,5.15,5.10,5.11
20010724,5.08,5.11,5.08,5.09
20010725,5.10,5.16,5.10,5.16
20010726,5.17,5.19,5.14,5.15
20010727,5.13,5.13,5.08,5.10
20010730,5.10,5.10,5.09,5.10
20010731,5.07,5.08,5.03,5.04
20010801,5.05,5.10,5.05,5.07
20010802,5.10,5.13,5.10,5.13
20010803,5.16,5.19,5.15,5.16
20010806,5.15,5.18,5.15,5.18
20010807,5.18,5.18,5.14,5.17
20010808,5.16,5.16,5.05,5.05
20010809,4.96,5.03,4.96,5.03
20010810,5.01,5.02,4.98,5.02
20010813,4.98,4.98,4.93,4.96
20010814,4.99,5.01,4.96,4.97
20010815,4.95,5.01,4.94,4.99
20010816,4.98,4.98,4.92,4.94
20010817,4.91,4.91,4.84,4.84
20010820,4.86,4.90,4.86,4.90
20010821,4.90,4.91,4.88,4.88
20010822,4.91,4.93,4.88,4.90
20010823,4.88,4.89,4.87,4.88
20010824,4.88,4.94,4.88,4.91
20010827,4.93,4.93,4.91,4.93
20010828,4.91,4.91,4.84,4.85
20010829,4.79,4.84,4.78,4.78
20010830,4.75,4.79,4.71,4.78
20010831,4.80,4.84,4.80,4.82
20010904,4.85,4.99,4.82,4.98
20010905,4.95,4.97,4.94,4.97
20010906,4.92,4.93,4.85,4.86
20010907,4.85,4.85,4.74,4.80
20010910,4.75,4.84,4.75,4.83
20010917,4.58,4.62,4.58,4.61
20010918,4.60,4.71,4.60,4.71
20010919,4.72,4.72,4.68,4.68
20010920,4.67,4.73,4.66,4.73
20010921,4.68,4.74,4.65,4.69
20010924,4.74,4.75,4.70,4.70
20010925,4.70,4.70,4.67,4.70
20010926,4.68,4.70,4.64,4.64
20010927,4.61,4.63,4.54,4.56
20010928,4.55,4.58,4.51,4.58
20011001,4.57,4.57,4.54,4.54
20011002,4.52,4.52,4.50,4.51
20011003,4.45,4.46,4.43,4.46
20011004,4.45,4.53,4.43,4.51
20011005,4.49,4.52,4.49,4.50
20011008,4.50,4.50,4.50,4.50
20011009,4.54,4.57,4.54,4.57
20011010,4.61,4.64,4.59,4.59
20011011,4.60,4.68,4.60,4.66
20011012,4.66,4.70,4.64,4.66
20011015,4.64,4.66,4.60,4.61
20011016,4.60,4.60,4.56,4.57
20011017,4.58,4.60,4.54,4.56
20011018,4.56,4.57,4.55,4.56
20011019,4.55,4.60,4.53,4.60
20011022,4.59,4.61,4.59,4.60
20011023,4.64,4.65,4.62,4.63
20011024,4.62,4.63,4.58,4.58
20011025,4.57,4.57,4.52,4.54
20011026,4.53,4.57,4.51,4.52
20011029,4.49,4.50,4.46,4.47
20011030,4.46,4.47,4.41,4.41
20011031,4.42,4.44,4.25,4.26
20011101,4.22,4.24,4.10,4.22
20011102,4.26,4.35,4.24,4.35
20011105,4.34,4.36,4.29,4.30
20011106,4.30,4.30,4.24,4.27
20011107,4.23,4.23,4.18,4.20
20011108,4.20,4.30,4.18,4.30
20011109,4.27,4.31,4.24,4.31
20011112,4.31,4.31,4.31,4.31
20011113,4.34,4.38,4.34,4.37
20011114,4.41,4.51,4.41,4.51
20011115,4.59,4.73,4.56,4.73
20011116,4.72,4.88,4.70,4.88
20011119,4.87,4.87,4.76,4.76
20011120,4.75,4.87,4.73,4.87
20011121,4.84,5.01,4.84,4.97
20011123,4.92,5.01,4.92,4.99
20011126,5.00,5.00,4.89,5.00
20011127,5.04,5.08,4.93,4.95
20011128,4.92,4.96,4.84,4.95
20011129,4.89,4.90,4.76,4.76
20011130,4.77,4.79,4.70,4.74
20011203,4.74,4.77,4.70,4.70
20011204,4.72,4.74,4.62,4.65
20011205,4.70,5.00,4.70,4.90
20011206,4.97,5.04,4.93,5.00
20011207,4.99,5.20,4.92,5.15
20011210,5.10,5.19,5.08,5.14
20011211,5.07,5.10,5.01,5.08
20011212,5.02,5.04,4.96,4.97
20011213,4.98,5.14,4.94,5.09
20011214,5.09,5.17,5.05,5.16
20011217,5.23,5.38,5.23,5.27
20011218,5.19,5.19,5.13,5.13
20011219,5.09,5.12,5.03,5.04
20011220,5.06,5.11,5.02,5.05
20011221,5.04,5.08,5.02,5.08
20011224,5.09,5.14,5.09,5.13
20011226,5.14,5.19,5.14,5.18
20011227,5.20,5.21,5.09,5.09
20011228,5.09,5.17,5.08,5.11
20011231,5.11,5.11,5.01,5.03
20020102,5.07,5.17,5.02,5.16
20020103,5.13,5.16,5.10,5.12
20020104,5.11,5.22,5.09,5.14
20020107,5.12,5.13,5.06,5.06
20020108,5.07,5.09,5.03,5.06
20020109,5.09,5.12,5.06,5.06
20020110,5.07,5.07,4.94,4.96
20020111,4.97,4.97,4.83,4.86
20020114,4.84,4.87,4.81,4.87
20020115,4.88,4.91,4.82,4.83
20020116,4.80,4.86,4.79,4.84
20020117,4.86,4.94,4.86,4.93
20020118,4.93,4.98,4.89,4.89
20020122,4.93,4.95,4.90,4.90
20020123,4.94,5.03,4.90,5.00
20020124,5.01,5.05,4.98,5.03
20020125,5.04,5.13,5.04,5.07
20020128,5.09,5.12,5.06,5.08
20020129,5.10,5.13,4.97,4.97
20020130,4.96,5.00,4.95,4.97
20020131,5.01,5.03,4.96,5.03
20020201,5.04,5.05,4.96,4.98
20020204,4.93,4.96,4.89,4.90
20020205,4.89,4.95,4.86,4.92
20020206,4.89,4.94,4.88,4.93
20020207,4.81,5.03,4.81,4.93
20020208,4.96,4.96,4.85,4.88
20020211,4.91,4.93,4.89,4.90
20020212,4.89,4.97,4.88,4.97
20020213,4.98,5.05,4.98,5.00
20020214,5.00,5.01,4.95,4.96
20020215,4.93,4.94,4.85,4.86
20020219,4.84,4.90,4.84,4.88
20020220,4.90,4.91,4.83,4.88
20020221,4.89,4.90,4.86,4.87
20020222,4.83,4.83,4.80,4.83
20020225,4.83,4.86,4.82,4.85
20020226,4.85,4.92,4.83,4.92
20020227,4.93,4.94,4.85,4.85
20020228,4.83,4.89,4.83,4.86
20020301,4.89,4.98,4.89,4.97
20020304,5.01,5.04,5.00,5.00
20020305,5.02,5.04,5.00,5.01
20020306,4.99,5.05,4.99,5.03
20020307,5.06,5.21,5.05,5.21
20020308,5.26,5.33,5.25,5.32
20020311,5.28,5.33,5.27,5.32
20020312,5.27,5.32,5.25,5.30
20020313,5.34,5.36,5.25,5.26
20020314,5.31,5.40,5.26,5.40
20020315,5.41,5.44,5.33,5.36
20020318,5.35,5.35,5.30,5.30
20020319,5.30,5.33,5.28,5.33
20020320,5.25,5.41,5.25,5.40
20020321,5.41,5.45,5.36,5.38
20020322,5.42,5.43,5.36,5.39
20020325,5.40,5.45,5.40,5.41
20020326,5.37,5.40,5.32,5.33
20020327,5.32,5.35,5.31,5.33
20020328,5.36,5.45,5.33,5.41
20020401,5.39,5.44,5.36,5.43
20020402,5.45,5.46,5.34,5.35
20020403,5.36,5.37,5.29,5.29
20020404,5.26,5.28,5.21,5.27
20020405,5.28,5.28,5.18,5.21
20020408,5.22,5.25,5.18,5.24
20020409,5.28,5.28,5.21,5.21
20020410,5.21,5.24,5.19,5.22
20020411,5.24,5.24,5.18,5.20
20020412,5.21,5.23,5.15,5.16
20020415,5.14,5.28,5.12,5.13
20020416,5.18,5.22,5.17,5.18
20020417,5.21,5.23,5.19,5.22
20020418,5.24,5.25,5.16,5.21
20020419,5.23,5.25,5.18,5.19
20020422,5.19,5.20,5.17,5.17
20020423,5.18,5.19,5.15,5.17
20020424,5.17,5.17,5.09,5.09
20020425,5.04,5.09,5.03,5.09
20020426,5.07,5.11,5.06,5.06
20020429,5.07,5.11,5.05,5.10
20020430,5.12,5.13,5.09,5.09
20020501,5.08,5.09,5.03,5.06
20020502,5.09,5.13,5.08,5.10
20020503,5.10,5.11,5.03,5.06
20020506,5.08,5.09,5.06,5.08
20020507,5.06,5.10,5.05,5.07
20020508,5.11,5.22,5.11,5.21
20020509,5.23,5.26,5.18,5.19
20020510,5.21,5.23,5.12,5.13
20020513,5.15,5.22,5.14,5.22
20020514,5.25,5.33,5.24,5.29
20020515,5.27,5.30,5.25,5.25
20020516,5.25,5.25,5.17,5.19
20020517,5.21,5.27,5.19,5.24
20020520,5.21,5.22,5.18,5.19
20020521,5.19,5.21,5.15,5.15
20020522,5.11,5.13,5.09,5.10
20020523,5.14,5.16,5.04,5.15
20020524,5.13,5.16,5.11,5.14
20020528,5.18,5.20,5.13,5.13
20020529,5.12,5.13,5.07,5.08
20020530,5.05,5.08,5.01,5.03
20020531,5.04,5.09,5.01,5.04
20020603,5.08,5.11,5.03,5.04
20020604,4.97,5.03,4.96,5.01
20020605,5.04,5.07,5.01,5.04
20020606,5.06,5.09,4.99,5.01
20020607,4.98,5.09,4.96,5.06
20020610,5.08,5.08,5.03,5.04
20020611,5.05,5.07,4.99,4.99
20020612,4.99,4.99,4.94,4.95
20020613,4.97,4.97,4.86,4.91
20020614,4.84,4.85,4.78,4.81
20020617,4.82,4.87,4.81,4.86
20020618,4.80,4.87,4.80,4.85
20020619,4.80,4.81,4.72,4.73
20020620,4.73,4.83,4.72,4.83
20020621,4.82,4.82,4.75,4.75
20020624,4.74,4.85,4.71,4.84
20020625,4.85,4.91,4.83,4.84
20020626,4.65,4.76,4.62,4.71
20020627,4.77,4.83,4.72,4.81
20020628,4.82,4.87,4.80,4.82
20020701,4.80,4.87,4.80,4.82
20020702,4.79,4.80,4.73,4.74
20020703,4.74,4.76,4.71,4.74
20020705,4.81,4.87,4.77,4.80
20020708,4.82,4.85,4.81,4.81
20020709,4.81,4.83,4.74,4.74
20020710,4.75,4.77,4.63,4.65
20020711,4.63,4.64,4.55,4.62
20020712,4.67,4.70,4.56,4.59
20020715,4.59,4.62,4.54,4.62
20020716,4.61,4.72,4.60,4.71
20020717,4.73,4.75,4.66,4.67
20020718,4.68,4.70,4.61,4.61
20020719,4.58,4.60,4.55,4.57
20020722,4.53,4.54,4.43,4.47
20020723,4.50,4.51,4.42,4.43
20020724,4.27,4.41,4.22,4.40
20020725,4.45,4.46,4.35,4.39
20020726,4.37,4.41,4.33,4.37
20020729,4.45,4.55,4.44,4.53
20020730,4.55,4.61,4.51,4.58
20020731,4.60,4.61,4.45,4.46
20020801,4.45,4.47,4.39,4.40
20020802,4.37,4.40,4.25,4.26
20020805,4.27,4.29,4.22,4.24
20020806,4.30,4.37,4.29,4.37
20020807,4.35,4.36,4.26,4.29
20020808,4.41,4.42,4.36,4.42
20020809,4.37,4.39,4.26,4.27
20020812,4.23,4.24,4.17,4.22
20020813,4.19,4.21,4.11,4.12
20020814,4.04,4.10,3.96,4.06
20020815,4.17,4.21,4.11,4.16
20020816,4.18,4.32,4.13,4.32
20020819,4.31,4.35,4.28,4.30
20020820,4.25,4.26,4.16,4.16
20020821,4.22,4.24,4.19,4.19
20020822,4.24,4.29,4.24,4.29
20020823,4.27,4.29,4.22,4.23
20020826,4.27,4.27,4.18,4.21
20020827,4.21,4.30,4.21,4.28
20020828,4.24,4.24,4.20,4.22
20020829,4.16,4.18,4.12,4.16
20020830,4.13,4.17,4.11,4.14
20020903,4.05,4.08,3.96,3.98
20020904,3.97,4.00,3.92,3.95
20020905,3.91,3.97,3.90,3.91
20020906,3.92,4.04,3.91,4.04
20020909,4.05,4.05,3.98,4.05
20020910,4.09,4.11,3.97,3.99
20020911,4.09,4.10,4.05,4.06
20020912,4.04,4.04,3.96,3.97
20020913,3.94,3.97,3.89,3.90
20020916,3.93,3.94,3.85,3.87
20020917,3.97,3.97,3.85,3.86
20020918,3.82,3.85,3.80,3.85
20020919,3.81,3.82,3.75,3.78
20020920,3.82,3.83,3.77,3.78
20020923,3.73,3.73,3.66,3.68
20020924,3.65,3.67,3.59,3.65
20020925,3.67,3.77,3.67,3.76
20020926,3.73,3.85,3.73,3.77
20020927,3.74,3.76,3.69,3.69
20020930,3.64,3.65,3.57,3.61
20021001,3.68,3.72,3.64,3.70
20021002,3.72,3.76,3.69,3.70
20021003,3.66,3.73,3.65,3.68
20021004,3.67,3.79,3.63,3.69
20021008,3.63,3.66,3.56,3.64
20021009,3.60,3.62,3.56,3.58
20021010,3.58,3.67,3.56,3.65
20021011,3.68,3.82,3.67,3.81
20021015,3.95,4.01,3.92,4.00
20021016,4.02,4.07,3.98,4.03
20021017,4.14,4.18,4.11,4.14
20021018,4.12,4.25,4.11,4.13
20021021,4.12,4.24,4.10,4.22
20021022,4.21,4.27,4.20,4.25
20021023,4.21,4.25,4.16,4.24
20021024,4.22,4.27,4.14,4.14
20021025,4.14,4.14,4.08,4.09
20021028,4.07,4.09,4.05,4.08
20021029,4.06,4.06,3.89,3.93
20021030,3.98,4.00,3.91,3.97
20021031,3.96,4.00,3.89,3.91
20021101,3.91,4.03,3.90,3.98
20021104,4.04,4.09,4.03,4.04
20021105,4.08,4.11,4.05,4.08
20021106,4.13,4.14,3.96,4.04
20021107,3.97,3.97,3.86,3.88
20021108,3.86,3.88,3.82,3.85
20021112,3.80,3.86,3.77,3.85
20021113,3.86,3.90,3.82,3.84
20021114,3.87,4.03,3.87,4.02
20021115,4.09,4.14,4.04,4.05
20021118,4.07,4.07,4.01,4.02
20021119,3.97,4.01,3.94,3.98
20021120,3.96,4.09,3.94,4.08
20021121,4.07,4.19,4.07,4.14
20021122,4.15,4.19,4.11,4.17
20021125,4.19,4.19,4.14,4.18
20021126,4.16,4.18,4.07,4.08
20021127,4.11,4.27,4.11,4.26
20021129,4.21,4.25,4.19,4.21
20021202,4.35,4.35,4.19,4.22
20021203,4.18,4.24,4.17,4.23
20021204,4.18,4.19,4.14,4.17
20021205,4.21,4.25,4.10,4.11
20021206,4.10,4.14,3.97,4.09
20021209,4.07,4.09,4.02,4.05
20021210,4.08,4.08,4.03,4.05
20021211,4.05,4.06,3.98,3.99
20021212,4.01,4.05,3.98,4.01
20021213,4.00,4.09,3.98,4.06
20021216,4.08,4.14,4.05,4.13
20021217,4.13,4.15,4.09,4.11
20021218,4.08,4.09,4.04,4.05
20021219,4.04,4.04,3.94,3.95
20021220,3.98,4.00,3.95,3.95
20021223,3.96,4.01,3.95,3.97
20021224,3.95,3.95,3.90,3.94
20021226,3.93,3.95,3.91,3.91
20021227,3.89,3.89,3.81,3.81
20021230,3.84,3.84,3.77,3.78
20021231,3.80,3.84,3.76,3.82
20030102,3.88,4.05,3.86,4.03
20030103,4.07,4.09,4.02,4.04
20030106,4.07,4.11,4.05,4.07
20030107,4.05,4.08,3.99,4.03
20030108,4.00,4.00,3.96,3.98
20030109,4.05,4.18,4.05,4.15
20030110,4.15,4.18,4.06,4.15
20030113,4.20,4.20,4.12,4.13
20030114,4.12,4.13,4.07,4.08
20030115,4.09,4.10,4.03,4.07
20030116,4.08,4.17,4.07,4.07
20030117,4.04,4.05,3.99,4.01
20030121,4.00,4.05,3.98,3.99
20030122,3.96,3.97,3.92,3.92
20030123,3.95,3.98,3.93,3.95
20030124,3.92,3.93,3.87,3.90
20030127,3.89,3.98,3.89,3.96
20030128,3.96,4.03,3.95,3.98
20030129,3.97,4.05,3.96,4.03
20030130,4.04,4.08,3.99,3.99
20030131,3.97,4.01,3.95,3.98
20030203,4.00,4.03,3.99,3.99
20030204,3.96,3.96,3.93,3.93
20030205,3.94,4.03,3.92,4.00
20030206,3.97,3.98,3.94,3.94
20030207,3.96,4.04,3.92,3.92
20030210,3.97,4.00,3.93,3.98
20030211,4.00,4.00,3.95,3.96
20030212,3.93,3.96,3.91,3.91
20030213,3.92,3.94,3.84,3.87
20030214,3.88,3.96,3.88,3.95
20030218,3.94,4.00,3.94,3.95
20030219,3.94,3.94,3.88,3.88
20030220,3.90,3.92,3.84,3.85
20030221,3.85,3.91,3.83,3.89
20030224,3.85,3.88,3.83,3.84
20030225,3.81,3.82,3.75,3.81
20030226,3.81,3.82,3.77,3.77
20030227,3.75,3.80,3.75,3.75
20030228,3.75,3.78,3.69,3.70
20030303,3.71,3.71,3.66,3.68
20030304,3.66,3.69,3.63,3.65
20030305,3.62,3.68,3.61,3.62
20030306,3.63,3.69,3.62,3.65
20030307,3.63,3.67,3.58,3.62
20030310,3.60,3.60,3.57,3.57
20030311,3.58,3.60,3.55,3.59
20030312,3.57,3.60,3.55,3.59
20030313,3.65,3.75,3.64,3.73
20030314,3.74,3.75,3.69,3.71
20030317,3.65,3.82,3.64,3.82
20030318,3.85,3.91,3.80,3.90
20030319,3.94,3.99,3.91,3.96
20030320,3.96,4.04,3.91,4.01
20030321,4.01,4.12,4.00,4.09
20030324,4.00,4.01,3.94,3.97
20030325,3.93,4.02,3.91,3.96
20030326,3.96,3.98,3.92,3.94
20030327,3.89,3.95,3.89,3.93
20030328,3.90,3.91,3.88,3.90
20030331,3.84,3.85,3.80,3.82
20030401,3.80,3.88,3.78,3.83
20030402,3.89,3.95,3.89,3.93
20030403,3.95,3.97,3.89,3.92
20030404,3.93,3.98,3.91,3.94
20030407,4.04,4.08,4.01,4.01
20030408,4.00,4.01,3.93,3.94
20030409,3.90,3.96,3.89,3.90
20030410,3.89,3.94,3.89,3.93
20030411,3.98,4.03,3.96,3.98
20030414,4.00,4.04,3.98,4.02
20030415,4.00,4.01,3.96,3.97
20030416,3.99,4.00,3.93,3.94
20030417,3.94,3.96,3.90,3.96
20030421,3.97,4.03,3.97,3.98
20030422,3.95,4.00,3.93,3.98
20030423,4.00,4.01,3.97,4.00
20030424,3.94,3.96,3.88,3.90
20030425,3.92,3.93,3.86,3.89
20030428,3.88,3.91,3.85,3.90
20030429,3.94,3.97,3.92,3.93
20030430,3.92,3.95,3.85,3.86
20030501,3.83,3.87,3.79,3.86
20030502,3.87,3.93,3.85,3.91
20030505,3.94,3.96,3.88,3.89
20030506,3.90,3.91,3.80,3.81
20030507,3.73,3.75,3.69,3.69
20030508,3.65,3.71,3.61,3.67
20030509,3.70,3.74,3.68,3.69
20030512,3.62,3.67,3.60,3.64
20030513,3.63,3.67,3.61,3.62
20030514,3.61,3.61,3.51,3.54
20030515,3.51,3.57,3.49,3.54
20030516,3.50,3.52,3.44,3.46
20030519,3.41,3.48,3.39,3.45
20030520,3.48,3.49,3.36,3.37
20030521,3.41,3.44,3.32,3.39
20030522,3.34,3.38,3.33,3.34
20030523,3.31,3.34,3.29,3.33
20030527,3.32,3.42,3.32,3.40
20030528,3.47,3.48,3.41,3.43
20030529,3.42,3.42,3.34,3.34
20030530,3.33,3.42,3.32,3.35
20030602,3.41,3.46,3.40,3.43
20030603,3.39,3.40,3.30,3.34
20030604,3.34,3.36,3.29,3.29
20030605,3.29,3.35,3.24,3.33
20030606,3.29,3.40,3.29,3.35
20030609,3.29,3.32,3.27,3.28
20030610,3.27,3.28,3.18,3.19
20030611,3.17,3.19,3.15,3.19
20030612,3.22,3.23,3.14,3.17
20030613,3.13,3.14,3.08,3.10
20030616,3.11,3.18,3.07,3.17
20030617,3.17,3.27,3.16,3.27
20030618,3.31,3.37,3.29,3.36
20030619,3.33,3.42,3.32,3.34
20030620,3.33,3.43,3.33,3.40
20030623,3.36,3.38,3.31,3.31
20030624,3.33,3.35,3.26,3.27
20030625,3.24,3.39,3.20,3.36
20030626,3.47,3.54,3.42,3.53
20030627,3.51,3.60,3.46,3.58
20030630,3.54,3.57,3.50,3.53
20030701,3.51,3.56,3.46,3.55
20030702,3.61,3.63,3.51,3.54
20030703,3.60,3.66,3.53,3.65
20030707,3.67,3.73,3.65,3.71
20030708,3.69,3.77,3.67,3.73
20030709,3.69,3.73,3.67,3.71
20030710,3.65,3.70,3.64,3.68
20030711,3.69,3.70,3.64,3.64
20030714,3.66,3.72,3.62,3.71
20030715,3.73,3.97,3.71,3.91
20030716,4.02,4.09,3.93,3.94
20030717,3.92,4.04,3.92,3.95
20030718,3.95,4.00,3.95,3.97
20030721,4.00,4.18,3.99,4.17
20030722,4.15,4.22,4.14,4.15
20030723,4.12,4.13,4.04,4.10
20030724,4.11,4.21,4.11,4.17
20030725,4.17,4.21,4.08,4.18
20030728,4.21,4.29,4.20,4.28
20030729,4.33,4.40,4.19,4.40
20030730,4.38,4.41,4.25,4.32
20030731,4.25,4.57,4.25,4.47
20030801,4.58,4.59,4.38,4.42
20030804,4.36,4.42,4.31,4.32
20030805,4.28,4.46,4.28,4.44
20030806,4.40,4.42,4.28,4.29
20030807,4.25,4.32,4.22,4.23
20030808,4.25,4.29,4.19,4.29
20030811,4.33,4.41,4.32,4.37
20030812,4.36,4.40,4.32,4.36
20030813,4.48,4.57,4.44,4.56
20030814,4.61,4.67,4.56,4.59
20030815,4.52,4.56,4.48,4.53
20030818,4.54,4.56,4.46,4.48
20030819,4.50,4.52,4.36,4.38
20030820,4.36,4.48,4.33,4.44
20030821,4.45,4.56,4.43,4.51
20030822,4.48,4.53,4.44,4.46
20030825,4.43,4.56,4.41,4.53
20030826,4.55,4.61,4.47,4.49
20030827,4.47,4.55,4.47,4.54
20030828,4.53,4.54,4.43,4.43
20030829,4.42,4.49,4.42,4.45
20030902,4.56,4.61,4.50,4.60
20030903,4.57,4.62,4.57,4.60
20030904,4.57,4.58,4.50,4.51
20030905,4.50,4.50,4.34,4.35
20030908,4.38,4.39,4.28,4.39
20030909,4.41,4.45,4.35,4.37
20030910,4.37,4.37,4.26,4.27
20030911,4.29,4.35,4.28,4.33
20030912,4.31,4.32,4.17,4.27
20030915,4.28,4.32,4.23,4.25
20030916,4.25,4.32,4.24,4.29
20030917,4.23,4.27,4.15,4.19
20030918,4.13,4.25,4.13,4.18
20030919,4.13,4.20,4.12,4.16
20030922,4.24,4.32,4.22,4.24
20030923,4.29,4.29,4.21,4.21
20030924,4.22,4.24,4.11,4.13
20030925,4.14,4.17,4.08,4.10
20030926,4.08,4.11,4.00,4.02
20030929,4.03,4.08,4.01,4.08
20030930,4.06,4.07,3.94,3.94
20031001,3.95,3.98,3.91,3.93
20031002,4.00,4.07,3.97,4.01
20031003,4.03,4.22,4.03,4.20
20031006,4.20,4.23,4.15,4.15
20031007,4.16,4.25,4.15,4.24
20031008,4.26,4.29,4.21,4.24
20031009,4.26,4.35,4.26,4.30
20031010,4.29,4.30,4.23,4.25
20031013,4.25,4.25,4.25,4.25
20031014,4.33,4.35,4.29,4.35
20031015,4.37,4.44,4.36,4.40
20031016,4.41,4.47,4.34,4.46
20031017,4.43,4.47,4.38,4.39
20031020,4.43,4.45,4.34,4.38
20031021,4.38,4.38,4.32,4.37
20031022,4.29,4.31,4.25,4.27
20031023,4.22,4.35,4.22,4.32
20031024,4.28,4.30,4.21,4.21
20031027,4.26,4.29,4.23,4.26
20031028,4.29,4.32,4.19,4.19
20031029,4.21,4.28,4.20,4.28
20031030,4.28,4.39,4.28,4.34
20031031,4.35,4.35,4.28,4.30
20031103,4.33,4.39,4.32,4.37
20031104,4.33,4.33,4.30,4.30
20031105,4.30,4.36,4.29,4.35
20031106,4.36,4.43,4.36,4.42
20031107,4.42,4.49,4.39,4.45
20031110,4.43,4.48,4.41,4.46
20031112,4.43,4.43,4.39,4.41
20031113,4.38,4.38,4.27,4.27
20031114,4.27,4.32,4.22,4.23
20031117,4.20,4.23,4.16,4.19
20031118,4.21,4.24,4.16,4.17
20031119,4.16,4.25,4.13,4.24
20031120,4.21,4.22,4.14,4.15
20031121,4.13,4.16,4.11,4.15
20031124,4.19,4.24,4.18,4.23
20031125,4.24,4.26,4.16,4.19
20031126,4.17,4.25,4.17,4.24
20031128,4.30,4.33,4.29,4.32
20031201,4.34,4.45,4.34,4.39
20031202,4.38,4.44,4.37,4.38
20031203,4.39,4.43,4.35,4.41
20031204,4.42,4.43,4.36,4.37
20031205,4.25,4.28,4.18,4.21
20031208,4.24,4.29,4.20,4.28
20031209,4.26,4.37,4.21,4.35
20031210,4.31,4.37,4.30,4.32
20031211,4.34,4.37,4.23,4.24
20031212,4.27,4.28,4.18,4.24
20031215,4.28,4.29,4.22,4.28
20031216,4.25,4.28,4.21,4.23
20031217,4.20,4.20,4.15,4.19
20031218,4.17,4.21,4.14,4.14
20031219,4.14,4.18,4.12,4.13
20031222,4.12,4.19,4.10,4.16
20031223,4.19,4.28,4.17,4.27
20031224,4.24,4.25,4.18,4.19
20031226,4.18,4.18,4.15,4.15
20031229,4.17,4.24,4.16,4.23
20031230,4.25,4.30,4.24,4.28
20031231,4.26,4.28,4.25,4.26
20040102,4.27,4.40,4.27,4.37
20040105,4.37,4.42,4.37,4.39
20040106,4.34,4.36,4.26,4.28
20040107,4.30,4.32,4.22,4.25
20040108,4.27,4.29,4.23,4.25
20040109,4.26,4.26,4.08,4.09
20040112,4.11,4.12,4.04,4.08
20040113,4.10,4.11,4.02,4.03
20040114,4.03,4.06,3.98,3.99
20040115,3.99,4.03,3.96,3.97
20040116,3.95,4.03,3.92,4.01
20040120,4.03,4.07,4.01,4.06
20040121,4.05,4.07,4.03,4.04
20040122,4.01,4.03,3.96,3.97
20040123,3.95,4.08,3.92,4.07
20040126,4.08,4.15,4.07,4.14
20040127,4.11,4.14,4.08,4.09
20040128,4.11,4.26,4.03,4.20
20040129,4.20,4.25,4.18,4.20
20040130,4.18,4.19,4.13,4.14
20040202,4.17,4.17,4.11,4.15
20040203,4.11,4.14,4.10,4.10
20040204,4.10,4.15,4.08,4.12
20040205,4.16,4.20,4.11,4.17
20040206,4.17,4.20,4.07,4.09
20040209,4.09,4.09,4.06,4.07
20040210,4.07,4.12,4.06,4.10
20040211,4.12,4.13,3.99,4.02
20040212,4.03,4.06,4.00,4.06
20040213,4.03,4.06,4.01,4.05
20040217,4.04,4.06,4.02,4.05
20040218,4.02,4.05,3.99,4.05
20040219,4.07,4.09,4.03,4.05
20040220,4.04,4.11,4.04,4.10
20040223,4.11,4.11,4.05,4.05
20040224,4.02,4.05,4.00,4.03
20040225,4.01,4.03,4.00,4.01
20040226,4.03,4.06,4.01,4.05
20040227,4.00,4.03,3.98,3.98
20040301,3.99,4.01,3.94,3.99
20040302,4.00,4.07,4.00,4.05
20040303,4.08,4.11,4.06,4.06
20040304,4.08,4.09,4.02,4.03
20040305,4.03,4.03,3.78,3.83
20040308,3.81,3.82,3.77,3.78
20040309,3.78,3.78,3.70,3.72
20040310,3.73,3.75,3.70,3.73
20040311,3.69,3.79,3.68,3.75
20040312,3.71,3.76,3.71,3.76
20040315,3.73,3.79,3.72,3.77
20040316,3.76,3.81,3.69,3.69
20040317,3.67,3.72,3.65,3.68
20040318,3.71,3.77,3.69,3.75
20040319,3.77,3.79,3.75,3.79
20040322,3.75,3.76,3.72,3.72
20040323,3.73,3.74,3.70,3.71
20040324,3.71,3.73,3.67,3.71
20040325,3.72,3.75,3.72,3.74
20040326,3.77,3.84,3.75,3.84
20040329,3.86,3.91,3.86,3.89
20040330,3.86,3.90,3.86,3.90
20040331,3.89,3.89,3.84,3.84
20040401,3.84,3.91,3.83,3.90
20040402,3.90,4.17,3.90,4.14
20040405,4.16,4.23,4.16,4.22
20040406,4.22,4.22,4.16,4.17
20040407,4.15,4.18,4.12,4.17
20040408,4.18,4.21,4.16,4.20
20040412,4.22,4.25,4.21,4.23
20040413,4.26,4.35,4.26,4.34
20040414,4.35,4.47,4.35,4.38
20040415,4.35,4.41,4.34,4.40
20040416,4.37,4.38,4.33,4.35
20040419,4.32,4.37,4.31,4.37
20040420,4.39,4.42,4.37,4.42
20040421,4.48,4.48,4.40,4.42
20040422,4.43,4.44,4.37,4.37
20040423,4.37,4.47,4.37,4.45
20040426,4.44,4.45,4.42,4.43
20040427,4.41,4.45,4.40,4.40
20040428,4.41,4.48,4.40,4.47
20040429,4.53,4.63,4.41,4.54
20040430,4.54,4.55,4.49,4.50
20040503,4.53,4.54,4.48,4.50
20040504,4.48,4.57,4.44,4.54
20040505,4.51,4.59,4.49,4.57
20040506,4.58,4.62,4.58,4.60
20040507,4.58,4.79,4.54,4.77
20040510,4.77,4.80,4.74,4.78
20040511,4.78,4.80,4.76,4.77
20040512,4.76,4.80,4.75,4.80
20040513,4.83,4.87,4.81,4.85
20040514,4.88,4.90,4.77,4.79
20040517,4.74,4.75,4.70,4.70
20040518,4.70,4.76,4.70,4.74
20040519,4.78,4.81,4.77,4.79
20040520,4.77,4.77,4.71,4.72
20040521,4.70,4.77,4.68,4.76
20040524,4.75,4.77,4.73,4.74
20040525,4.72,4.74,4.71,4.72
20040526,4.70,4.71,4.67,4.67
20040527,4.68,4.69,4.59,4.59
20040528,4.64,4.67,4.59,4.66
20040601,4.68,4.74,4.67,4.70
20040602,4.71,4.74,4.70,4.73
20040603,4.75,4.76,4.70,4.71
20040604,4.72,4.78,4.68,4.77
20040607,4.79,4.81,4.76,4.76
20040608,4.78,4.82,4.76,4.77
20040609,4.79,4.84,4.79,4.81
20040610,4.82,4.84,4.79,4.79
20040614,4.85,4.87,4.82,4.87
20040615,4.84,4.84,4.68,4.69
20040616,4.71,4.75,4.71,4.73
20040617,4.74,4.76,4.69,4.69
20040618,4.67,4.71,4.65,4.71
20040621,4.69,4.71,4.68,4.69
20040622,4.69,4.72,4.69,4.70
20040623,4.72,4.74,4.68,4.70
20040624,4.67,4.68,4.61,4.65
20040625,4.64,4.67,4.64,4.64
20040628,4.64,4.75,4.63,4.74
20040629,4.72,4.76,4.69,4.70
20040630,4.68,4.68,4.59,4.62
20040701,4.60,4.63,4.56,4.56
20040702,4.58,4.58,4.41,4.46
20040706,4.46,4.49,4.44,4.48
20040707,4.49,4.49,4.46,4.47
20040708,4.49,4.50,4.44,4.47
20040709,4.48,4.49,4.46,4.47
20040712,4.45,4.46,4.43,4.44
20040713,4.48,4.51,4.47,4.48
20040714,4.46,4.50,4.44,4.48
20040715,4.48,4.50,4.48,4.49
20040716,4.49,4.49,4.36,4.36
20040719,4.36,4.38,4.35,4.36
20040720,4.38,4.45,4.37,4.45
20040721,4.47,4.52,4.47,4.49
20040722,4.46,4.49,4.44,4.46
20040723,4.46,4.46,4.43,4.43
20040726,4.45,4.49,4.44,4.47
20040727,4.51,4.60,4.49,4.59
20040728,4.62,4.64,4.58,4.58
20040729,4.61,4.63,4.57,4.58
20040730,4.56,4.57,4.47,4.47
20040802,4.43,4.47,4.43,4.45
20040803,4.47,4.47,4.41,4.42
20040804,4.41,4.45,4.39,4.43
20040805,4.42,4.43,4.38,4.40
20040806,4.38,4.40,4.17,4.22
20040809,4.25,4.25,4.22,4.24
20040810,4.25,4.29,4.22,4.29
20040811,4.29,4.31,4.26,4.28
20040812,4.28,4.31,4.24,4.25
20040813,4.24,4.24,4.20,4.21
20040816,4.24,4.29,4.23,4.26
20040817,4.27,4.27,4.20,4.21
20040818,4.17,4.23,4.15,4.23
20040819,4.23,4.25,4.21,4.21
20040820,4.21,4.24,4.20,4.23
20040823,4.27,4.30,4.26,4.28
20040824,4.29,4.32,4.28,4.28
20040825,4.29,4.30,4.23,4.26
20040826,4.27,4.27,4.22,4.23
20040827,4.19,4.23,4.19,4.23
20040830,4.22,4.22,4.19,4.19
20040831,4.18,4.18,4.10,4.13
20040901,4.09,4.16,4.08,4.12
20040902,4.13,4.20,4.12,4.19
20040903,4.18,4.30,4.17,4.29
20040907,4.28,4.29,4.25,4.25
20040908,4.26,4.29,4.16,4.16
20040909,4.13,4.20,4.13,4.20
20040910,4.19,4.19,4.13,4.18
20040913,4.18,4.19,4.14,4.15
20040914,4.15,4.18,4.12,4.13
20040915,4.13,4.18,4.13,4.17
20040916,4.17,4.18,4.06,4.07
20040917,4.06,4.13,4.06,4.13
20040920,4.10,4.11,4.05,4.06
20040921,4.07,4.11,4.03,4.04
20040922,4.03,4.06,3.98,3.99
20040923,3.99,4.03,3.96,4.03
20040924,4.01,4.06,4.01,4.03
20040927,4.03,4.03,3.98,4.00
20040928,3.98,4.03,3.96,4.01
20040929,4.04,4.10,4.03,4.09
20040930,4.07,4.17,4.06,4.12
20041001,4.16,4.21,4.16,4.19
20041004,4.22,4.24,4.17,4.17
20041005,4.18,4.19,4.16,4.17
20041006,4.18,4.23,4.17,4.22
20041007,4.22,4.26,4.21,4.24
20041008,4.25,4.25,4.12,4.13
20041012,4.09,4.11,4.08,4.10
20041013,4.13,4.14,4.07,4.08
20041014,4.05,4.07,4.01,4.01
20041015,4.01,4.11,4.00,4.05
20041018,4.06,4.08,4.05,4.05
20041019,4.06,4.11,4.03,4.04
20041020,4.00,4.02,3.98,3.99
20041021,3.96,4.00,3.95,4.00
20041022,4.03,4.03,3.98,3.98
20041025,3.95,3.98,3.94,3.97
20041026,3.97,4.00,3.96,3.99
20041027,3.98,4.09,3.96,4.09
20041028,4.09,4.12,4.04,4.08
20041029,4.08,4.09,4.03,4.03
20041101,4.05,4.09,4.04,4.09
20041102,4.09,4.10,4.07,4.08
20041103,4.13,4.16,4.07,4.07
20041104,4.06,4.07,4.04,4.07
20041105,4.07,4.24,4.07,4.19
20041108,4.20,4.22,4.20,4.21
20041109,4.21,4.22,4.19,4.22
20041110,4.24,4.27,4.21,4.25
20041112,4.21,4.24,4.17,4.20
20041115,4.20,4.21,4.18,4.19
20041116,4.17,4.22,4.17,4.21
20041117,4.23,4.25,4.13,4.14
20041118,4.14,4.16,4.11,4.12
20041119,4.12,4.22,4.10,4.20
20041122,4.19,4.20,4.17,4.17
20041123,4.20,4.21,4.14,4.18
20041124,4.18,4.20,4.18,4.20
20041126,4.20,4.25,4.20,4.24
20041129,4.22,4.34,4.22,4.33
20041130,4.33,4.38,4.33,4.36
20041201,4.34,4.39,4.32,4.38
20041202,4.38,4.42,4.37,4.40
20041203,4.40,4.40,4.23,4.27
20041206,4.24,4.26,4.22,4.24
20041207,4.24,4.26,4.22,4.23
20041208,4.22,4.22,4.13,4.13
20041209,4.15,4.18,4.11,4.16
20041210,4.13,4.17,4.13,4.16
20041213,4.14,4.17,4.12,4.15
20041214,4.17,4.19,4.13,4.13
20041215,4.10,4.10,4.07,4.08
20041216,4.09,4.19,4.08,4.18
20041217,4.17,4.25,4.17,4.21
20041220,4.19,4.21,4.18,4.20
20041221,4.18,4.20,4.17,4.17
20041222,4.18,4.21,4.17,4.20
20041223,4.21,4.23,4.21,4.22
20041227,4.24,4.31,4.24,4.29
20041228,4.30,4.35,4.29,4.29
20041229,4.29,4.33,4.28,4.32
20041230,4.32,4.32,4.25,4.26
20041231,4.23,4.24,4.22,4.22
20050103,4.26,4.27,4.20,4.22
20050104,4.21,4.31,4.20,4.28
20050105,4.30,4.30,4.25,4.28
20050106,4.29,4.30,4.26,4.27
20050107,4.25,4.31,4.15,4.29
20050110,4.27,4.29,4.26,4.28
20050111,4.29,4.30,4.24,4.24
20050112,4.25,4.27,4.22,4.24
20050113,4.24,4.24,4.17,4.19
20050114,4.18,4.23,4.16,4.22
20050118,4.23,4.24,4.19,4.20
20050119,4.16,4.21,4.15,4.19
20050120,4.20,4.21,4.15,4.17
20050121,4.18,4.18,4.14,4.14
20050124,4.14,4.15,4.12,4.12
20050125,4.13,4.20,4.12,4.19
20050126,4.20,4.20,4.17,4.19
20050127,4.22,4.24,4.20,4.21
20050128,4.19,4.20,4.13,4.14
20050131,4.16,4.17,4.13,4.13
20050201,4.13,4.15,4.12,4.14
20050202,4.14,4.16,4.13,4.14
20050203,4.16,4.19,4.16,4.16
20050204,4.16,4.16,4.05,4.07
20050207,4.08,4.09,4.04,4.05
20050208,4.06,4.07,4.01,4.04
20050209,4.03,4.06,3.98,3.98
20050210,4.01,4.08,4.01,4.07
20050211,4.09,4.11,4.06,4.09
20050214,4.11,4.11,4.06,4.08
20050215,4.08,4.11,4.08,4.10
20050216,4.10,4.17,4.09,4.16
20050217,4.18,4.20,4.17,4.18
20050218,4.21,4.28,4.21,4.26
20050222,4.28,4.29,4.26,4.29
20050223,4.28,4.30,4.22,4.27
20050224,4.25,4.29,4.23,4.28
20050225,4.27,4.29,4.25,4.27
20050228,4.27,4.38,4.27,4.36
20050301,4.36,4.39,4.36,4.37
20050302,4.39,4.41,4.36,4.38
20050303,4.37,4.39,4.35,4.38
20050304,4.38,4.43,4.30,4.31
20050307,4.31,4.31,4.29,4.30
20050308,4.33,4.39,4.33,4.38
20050309,4.48,4.51,4.44,4.51
20050310,4.55,4.55,4.45,4.46
20050311,4.49,4.55,4.49,4.54
20050314,4.54,4.57,4.51,4.52
20050315,4.49,4.55,4.47,4.54
20050316,4.52,4.54,4.46,4.52
20050317,4.52,4.52,4.44,4.47
20050318,4.50,4.51,4.49,4.51
20050321,4.52,4.54,4.51,4.53
20050322,4.51,4.62,4.47,4.61
20050323,4.61,4.69,4.59,4.61
20050324,4.59,4.61,4.57,4.59
20050328,4.62,4.64,4.61,4.62
20050329,4.61,4.61,4.58,4.59
20050330,4.57,4.60,4.55,4.56
20050331,4.56,4.56,4.49,4.50
20050401,4.49,4.54,4.40,4.45
20050404,4.46,4.47,4.42,4.46
20050405,4.46,4.48,4.44,4.47
20050406,4.46,4.46,4.43,4.44
20050407,4.42,4.49,4.39,4.47
20050408,4.50,4.53,4.47,4.49
20050411,4.49,4.49,4.43,4.45
20050412,4.45,4.47,4.35,4.36
20050413,4.36,4.40,4.33,4.37
20050414,4.35,4.38,4.34,4.36
20050415,4.31,4.33,4.27,4.27
20050418,4.24,4.27,4.22,4.25
20050419,4.28,4.28,4.19,4.20
20050420,4.23,4.30,4.20,4.21
20050421,4.24,4.31,4.22,4.30
20050422,4.27,4.29,4.25,4.25
20050425,4.24,4.26,4.24,4.25
20050426,4.24,4.29,4.22,4.27
20050427,4.29,4.29,4.21,4.24
20050428,4.22,4.23,4.17,4.17
20050429,4.17,4.21,4.14,4.20
20050502,4.19,4.23,4.18,4.19
20050503,4.19,4.22,4.16,4.19
20050504,4.17,4.24,4.17,4.19
20050505,4.21,4.22,4.13,4.16
20050506,4.16,4.28,4.16,4.27
20050509,4.27,4.29,4.27,4.28
20050510,4.26,4.26,4.22,4.22
20050511,4.21,4.23,4.15,4.20
20050512,4.22,4.25,4.18,4.18
20050513,4.16,4.17,4.10,4.12
20050516,4.14,4.14,4.10,4.13
20050517,4.14,4.16,4.09,4.12
20050518,4.11,4.12,4.04,4.07
20050519,4.09,4.11,4.07,4.11
20050520,4.12,4.13,4.11,4.13
20050523,4.14,4.14,4.05,4.07
20050524,4.03,4.07,4.01,4.04
20050525,4.02,4.08,4.00,4.07
20050526,4.08,4.10,4.06,4.08
20050527,4.08,4.09,4.07,4.07
20050531,4.05,4.05,3.99,4.01
20050601,3.97,3.98,3.89,3.91
20050602,3.91,3.92,3.89,3.89
20050603,3.90,3.98,3.80,3.98
20050606,3.96,4.00,3.96,3.96
20050607,3.92,3.95,3.90,3.91
20050608,3.91,3.94,3.91,3.94
20050609,3.97,4.00,3.96,3.96
20050610,3.98,4.05,3.98,4.05
20050613,4.07,4.10,4.07,4.09
20050614,4.08,4.13,4.06,4.13
20050615,4.11,4.15,4.09,4.12
20050616,4.12,4.19,4.07,4.08
20050617,4.09,4.10,4.06,4.08
20050620,4.08,4.15,4.07,4.10
20050621,4.11,4.11,4.05,4.05
20050622,4.00,4.01,3.94,3.94
20050623,3.97,3.99,3.95,3.96
20050624,3.94,3.95,3.91,3.91
20050627,3.91,3.92,3.89,3.90
20050628,3.94,3.98,3.93,3.98
20050629,3.97,4.00,3.93,3.99
20050630,3.98,3.99,3.94,3.94
20050701,3.94,4.05,3.94,4.05
20050705,4.07,4.11,4.06,4.10
20050706,4.09,4.10,4.07,4.08
20050707,3.99,4.05,3.99,4.03
20050708,4.08,4.11,4.03,4.11
20050711,4.11,4.15,4.10,4.10
20050712,4.10,4.15,4.09,4.14
20050713,4.16,4.17,4.15,4.16
20050714,4.16,4.20,4.13,4.18
20050715,4.18,4.21,4.17,4.17
20050718,4.16,4.22,4.16,4.22
20050719,4.23,4.25,4.18,4.19
20050720,4.19,4.24,4.18,4.18
20050721,4.21,4.29,4.20,4.28
20050722,4.26,4.26,4.21,4.22
20050725,4.23,4.26,4.22,4.25
20050726,4.24,4.26,4.23,4.24
20050727,4.22,4.27,4.22,4.26
20050728,4.25,4.27,4.19,4.20
20050729,4.20,4.30,4.19,4.29
20050801,4.30,4.35,4.29,4.32
20050802,4.32,4.35,4.30,4.34
20050803,4.33,4.34,4.29,4.30
20050804,4.30,4.33,4.29,4.32
20050805,4.31,4.40,4.30,4.39
20050808,4.40,4.42,4.39,4.42
20050809,4.42,4.43,4.39,4.39
20050810,4.38,4.42,4.36,4.40
20050811,4.40,4.40,4.30,4.33
20050812,4.39,4.40,4.24,4.24
20050815,4.25,4.27,4.25,4.27
20050816,4.28,4.28,4.20,4.23
20050817,4.22,4.27,4.22,4.27
20050818,4.24,4.25,4.21,4.22
20050819,4.21,4.24,4.21,4.21
20050822,4.22,4.25,4.22,4.22
20050823,4.23,4.23,4.17,4.19
20050824,4.17,4.20,4.15,4.18
20050825,4.18,4.19,4.15,4.16
20050826,4.17,4.20,4.14,4.19
20050829,4.16,4.18,4.15,4.17
20050830,4.18,4.18,4.09,4.09
20050831,4.10,4.10,4.00,4.02
20050901,4.04,4.05,3.98,4.02
20050902,4.01,4.05,4.01,4.03
20050906,4.06,4.09,4.03,4.08
20050907,4.10,4.17,4.10,4.14
20050908,4.11,4.15,4.10,4.14
20050909,4.12,4.13,4.10,4.12
20050912,4.15,4.20,4.14,4.17
20050913,4.17,4.17,4.11,4.13
20050914,4.11,4.17,4.11,4.17
20050915,4.16,4.23,4.13,4.21
20050916,4.23,4.28,4.22,4.26
20050919,4.25,4.28,4.24,4.25
20050920,4.26,4.29,4.23,4.24
20050921,4.20,4.21,4.18,4.19
20050922,4.16,4.19,4.15,4.18
20050923,4.21,4.25,4.20,4.25
20050926,4.28,4.30,4.28,4.29
20050927,4.32,4.32,4.26,4.30
20050928,4.30,4.32,4.25,4.26
20050929,4.25,4.30,4.25,4.29
20050930,4.29,4.34,4.28,4.33
20051003,4.32,4.40,4.32,4.39
20051004,4.39,4.39,4.35,4.38
20051005,4.36,4.37,4.33,4.36
20051006,4.35,4.38,4.33,4.37
20051007,4.40,4.44,4.36,4.36
20051011,4.36,4.41,4.36,4.38
20051012,4.41,4.46,4.40,4.44
20051013,4.49,4.50,4.47,4.47
20051014,4.48,4.53,4.43,4.49
20051017,4.48,4.50,4.46,4.49
20051018,4.50,4.51,4.47,4.48
20051019,4.44,4.46,4.43,4.46
20051020,4.49,4.50,4.45,4.46
20051021,4.45,4.45,4.38,4.39
20051024,4.40,4.46,4.39,4.45
20051025,4.45,4.51,4.43,4.51
20051026,4.58,4.60,4.55,4.59
20051027,4.55,4.58,4.54,4.56
20051028,4.55,4.61,4.53,4.57
20051031,4.58,4.59,4.53,4.56
20051101,4.54,4.58,4.54,4.58
20051102,4.62,4.62,4.57,4.61
20051103,4.60,4.65,4.58,4.64
20051104,4.67,4.68,4.60,4.66
20051107,4.62,4.65,4.62,4.64
20051108,4.59,4.60,4.55,4.57
20051109,4.56,4.64,4.56,4.63
20051110,4.63,4.64,4.56,4.56
20051114,4.57,4.62,4.55,4.60
20051115,4.60,4.62,4.54,4.56
20051116,4.55,4.56,4.47,4.48
20051117,4.49,4.52,4.43,4.46
20051118,4.48,4.51,4.47,4.50
20051121,4.48,4.48,4.45,4.46
20051122,4.47,4.48,4.42,4.43
20051123,4.44,4.48,4.42,4.47
20051125,4.47,4.47,4.42,4.43
20051128,4.44,4.45,4.39,4.41
20051129,4.40,4.49,4.39,4.48
20051130,4.47,4.51,4.46,4.50
20051201,4.48,4.54,4.46,4.52
20051202,4.53,4.54,4.51,4.52
20051205,4.55,4.58,4.54,4.57
20051206,4.55,4.56,4.48,4.49
20051207,4.51,4.53,4.50,4.52
20051208,4.50,4.50,4.46,4.46
20051209,4.47,4.53,4.47,4.53
20051212,4.52,4.56,4.50,4.54
20051213,4.54,4.55,4.50,4.53
20051214,4.49,4.49,4.43,4.45
20051215,4.43,4.50,4.43,4.46
20051216,4.44,4.45,4.42,4.44
20051219,4.45,4.46,4.42,4.44
20051220,4.46,4.47,4.45,4.46
20051221,4.47,4.49,4.46,4.48
20051222,4.48,4.48,4.42,4.43
20051223,4.44,4.45,4.37,4.38
20051227,4.38,4.39,4.33,4.34
20051228,4.36,4.38,4.33,4.37
20051229,4.37,4.39,4.36,4.37
20051230,4.35,4.39,4.33,4.39
20060103,4.42,4.42,4.34,4.37
20060104,4.36,4.39,4.34,4.35
20060105,4.36,4.38,4.34,4.35
20060106,4.36,4.41,4.32,4.37
20060109,4.36,4.39,4.36,4.37
20060110,4.39,4.43,4.38,4.42
20060111,4.43,4.46,4.41,4.45
20060112,4.43,4.45,4.40,4.41
20060113,4.42,4.43,4.34,4.35
20060117,4.34,4.37,4.33,4.33
20060118,4.30,4.36,4.28,4.34
20060119,4.36,4.38,4.34,4.37
20060120,4.35,4.38,4.34,4.36
20060123,4.38,4.40,4.34,4.35
20060124,4.37,4.40,4.36,4.39
20060125,4.41,4.48,4.41,4.47
20060126,4.48,4.53,4.48,4.52
20060127,4.48,4.52,4.47,4.50
20060130,4.54,4.55,4.51,4.53
20060131,4.53,4.55,4.51,4.52
20060201,4.52,4.57,4.52,4.56
20060202,4.55,4.57,4.54,4.56
20060203,4.55,4.61,4.51,4.53
20060206,4.53,4.55,4.52,4.54
20060207,4.52,4.57,4.51,4.56
20060208,4.56,4.59,4.55,4.59
20060209,4.57,4.57,4.52,4.54
20060210,4.51,4.60,4.50,4.58
20060213,4.59,4.59,4.57,4.58
20060214,4.59,4.63,4.59,4.61
20060215,4.60,4.63,4.57,4.60
20060216,4.59,4.61,4.59,4.59
20060217,4.57,4.58,4.53,4.54
20060221,4.53,4.56,4.53,4.56
20060222,4.58,4.59,4.52,4.53
20060223,4.53,4.57,4.53,4.56
20060224,4.54,4.58,4.53,4.56
20060227,4.56,4.60,4.55,4.59
20060228,4.58,4.58,4.53,4.54
20060301,4.56,4.59,4.55,4.58
20060302,4.59,4.66,4.58,4.63
20060303,4.64,4.69,4.63,4.68
20060306,4.71,4.74,4.70,4.73
20060307,4.77,4.78,4.72,4.73
20060308,4.73,4.75,4.72,4.73
20060309,4.74,4.75,4.72,4.73
20060310,4.74,4.78,4.71,4.75
20060313,4.78,4.79,4.76,4.77
20060314,4.74,4.75,4.68,4.69
20060315,4.71,4.75,4.70,4.73
20060316,4.74,4.74,4.63,4.64
20060317,4.64,4.68,4.64,4.67
20060320,4.67,4.67,4.63,4.65
20060321,4.65,4.72,4.64,4.71
20060322,4.71,4.71,4.68,4.70
20060323,4.68,4.74,4.68,4.73
20060324,4.73,4.73,4.65,4.67
20060327,4.67,4.71,4.67,4.70
20060328,4.72,4.79,4.72,4.77
20060329,4.78,4.81,4.77,4.81
20060330,4.80,4.88,4.80,4.85
20060331,4.85,4.87,4.83,4.85
20060403,4.88,4.89,4.85,4.87
20060404,4.84,4.88,4.83,4.87
20060405,4.84,4.85,4.83,4.83
20060406,4.87,4.90,4.86,4.89
20060407,4.90,4.97,4.87,4.96
20060410,4.96,4.97,4.95,4.96
20060411,4.93,4.95,4.92,4.93
20060412,4.90,4.98,4.90,4.97
20060413,5.00,5.04,4.99,5.03
20060417,5.03,5.04,4.99,5.00
20060418,5.00,5.00,4.95,4.97
20060419,4.95,5.05,4.95,5.02
20060420,5.02,5.05,5.01,5.03
20060421,5.01,5.05,5.00,5.01
20060424,5.00,5.01,4.96,4.98
20060425,4.99,5.08,4.99,5.07
20060426,5.07,5.12,5.07,5.10
20060427,5.14,5.14,5.05,5.08
20060428,5.10,5.11,5.06,5.06
20060501,5.05,5.14,5.05,5.13
20060502,5.12,5.14,5.10,5.11
20060503,5.12,5.16,5.12,5.14
20060504,5.15,5.17,5.13,5.15
20060505,5.15,5.17,5.08,5.10
20060508,5.10,5.13,5.10,5.11
20060509,5.13,5.14,5.12,5.12
20060510,5.12,5.14,5.08,5.12
20060511,5.14,5.17,5.11,5.15
20060512,5.15,5.19,5.15,5.18
20060515,5.17,5.19,5.13,5.15
20060516,5.16,5.16,5.09,5.10
20060517,5.11,5.18,5.11,5.15
20060518,5.14,5.14,5.06,5.07
20060519,5.07,5.08,5.02,5.05
20060522,5.01,5.03,4.99,5.03
20060523,5.05,5.08,5.05,5.06
20060524,5.00,5.04,4.98,5.03
20060525,5.05,5.08,5.02,5.07
20060526,5.07,5.09,5.04,5.05
20060530,5.05,5.09,5.05,5.08
20060531,5.07,5.12,5.05,5.11
20060601,5.13,5.14,5.09,5.10
20060602,5.09,5.10,4.99,4.99
20060605,4.99,5.02,4.98,5.02
20060606,5.03,5.04,4.99,5.00
20060607,5.01,5.04,5.01,5.02
20060608,5.00,5.01,4.95,4.99
20060609,4.99,5.01,4.96,4.98
20060612,4.99,5.00,4.98,4.98
20060613,4.95,4.98,4.94,4.96
20060614,4.97,5.06,4.96,5.05
20060615,5.06,5.10,5.06,5.09
20060616,5.07,5.13,5.07,5.12
20060619,5.14,5.15,5.12,5.14
20060620,5.12,5.16,5.12,5.15
20060621,5.14,5.15,5.13,5.15
20060622,5.16,5.20,5.16,5.19
20060623,5.19,5.23,5.17,5.22
20060626,5.22,5.24,5.21,5.23
20060627,5.22,5.22,5.19,5.21
20060628,5.20,5.24,5.20,5.24
20060629,5.23,5.24,5.18,5.20
20060630,5.22,5.22,5.13,5.13
20060703,5.15,5.17,5.14,5.15
20060705,5.19,5.24,5.18,5.22
20060706,5.22,5.22,5.17,5.18
20060707,5.17,5.18,5.12,5.13
20060710,5.14,5.15,5.12,5.13
20060711,5.12,5.12,5.08,5.10
20060712,5.13,5.14,5.10,5.10
20060713,5.08,5.11,5.07,5.07
20060714,5.05,5.08,5.04,5.05
20060717,5.07,5.09,5.06,5.07
20060718,5.08,5.14,5.08,5.13
20060719,5.14,5.18,5.05,5.06
20060720,5.07,5.08,5.02,5.03
20060721,5.02,5.05,5.01,5.04
20060724,5.06,5.06,5.03,5.04
20060725,5.04,5.07,5.03,5.07
20060726,5.08,5.08,5.02,5.04
20060727,5.03,5.05,5.01,5.04
20060728,5.04,5.05,4.98,4.99
20060731,5.00,5.01,4.99,4.99
20060801,5.00,5.02,4.98,4.98
20060802,4.98,5.00,4.96,4.96
20060803,4.97,4.99,4.94,4.95
20060804,4.96,4.96,4.88,4.90
20060807,4.91,4.93,4.91,4.92
20060808,4.93,4.93,4.88,4.92
20060809,4.95,4.96,4.93,4.94
20060810,4.92,4.96,4.91,4.93
20060811,4.94,4.97,4.94,4.97
20060814,4.99,5.00,4.98,5.00
20060815,4.99,5.00,4.92,4.93
20060816,4.92,4.94,4.86,4.87
20060817,4.84,4.88,4.84,4.87
20060818,4.86,4.87,4.83,4.83
20060821,4.83,4.84,4.82,4.82
20060822,4.82,4.82,4.80,4.81
20060823,4.81,4.84,4.81,4.81
20060824,4.81,4.82,4.79,4.80
20060825,4.79,4.81,4.78,4.79
20060828,4.80,4.81,4.79,4.80
20060829,4.81,4.84,4.78,4.78
20060830,4.79,4.79,4.75,4.76
20060831,4.75,4.76,4.73,4.73
20060901,4.72,4.77,4.72,4.73
20060905,4.75,4.78,4.75,4.78
20060906,4.81,4.83,4.80,4.80
20060907,4.83,4.83,4.78,4.79
20060908,4.78,4.79,4.76,4.77
20060911,4.78,4.82,4.77,4.80
20060912,4.82,4.82,4.77,4.77
20060913,4.76,4.77,4.74,4.76
20060914,4.75,4.80,4.73,4.79
20060915,4.79,4.80,4.75,4.80
20060918,4.80,4.85,4.80,4.81
20060919,4.81,4.81,4.74,4.74
20060920,4.75,4.75,4.71,4.73
20060921,4.74,4.74,4.65,4.65
20060922,4.61,4.64,4.59,4.60
20060925,4.58,4.59,4.53,4.55
20060926,4.57,4.59,4.56,4.58
20060927,4.57,4.60,4.54,4.59
20060928,4.61,4.64,4.59,4.63
20060929,4.60,4.66,4.60,4.63
20061002,4.65,4.65,4.60,4.62
20061003,4.62,4.63,4.60,4.62
20061004,4.60,4.61,4.56,4.57
20061005,4.57,4.62,4.57,4.61
20061006,4.60,4.70,4.57,4.70
20061010,4.72,4.76,4.72,4.75
20061011,4.74,4.79,4.72,4.78
20061012,4.77,4.78,4.75,4.78
20061013,4.76,4.82,4.75,4.81
20061016,4.79,4.81,4.78,4.79
20061017,4.77,4.79,4.73,4.78
20061018,4.77,4.80,4.76,4.76
20061019,4.78,4.81,4.77,4.79
20061020,4.78,4.79,4.77,4.78
20061023,4.82,4.85,4.81,4.83
20061024,4.82,4.83,4.82,4.82
20061025,4.83,4.83,4.77,4.77
20061026,4.76,4.76,4.71,4.72
20061027,4.71,4.71,4.67,4.67
20061030,4.66,4.69,4.66,4.67
20061031,4.66,4.67,4.61,4.61
20061101,4.61,4.62,4.55,4.56
20061102,4.58,4.61,4.57,4.60
20061103,4.60,4.72,4.59,4.71
20061106,4.73,4.74,4.71,4.71
20061107,4.69,4.69,4.63,4.66
20061108,4.64,4.67,4.63,4.63
20061109,4.63,4.66,4.63,4.63
20061110,4.61,4.62,4.58,4.59
20061113,4.59,4.63,4.59,4.61
20061114,4.61,4.61,4.54,4.57
20061115,4.57,4.62,4.56,4.62
20061116,4.61,4.67,4.56,4.66
20061117,4.65,4.66,4.58,4.61
20061120,4.59,4.62,4.59,4.59
20061121,4.60,4.61,4.57,4.58
20061122,4.58,4.58,4.56,4.57
20061124,4.55,4.55,4.53,4.55
20061127,4.57,4.60,4.54,4.54
20061128,4.53,4.54,4.49,4.51
20061129,4.51,4.53,4.49,4.52
20061130,4.50,4.51,4.46,4.46
20061201,4.48,4.48,4.40,4.42
20061204,4.45,4.46,4.42,4.43
20061205,4.42,4.47,4.41,4.44
20061206,4.47,4.48,4.46,4.48
20061207,4.47,4.50,4.46,4.48
20061208,4.49,4.55,4.48,4.55
20061211,4.55,4.55,4.51,4.52
20061212,4.52,4.53,4.49,4.49
20061213,4.48,4.59,4.48,4.58
20061214,4.58,4.61,4.57,4.59
20061215,4.61,4.61,4.51,4.60
20061218,4.60,4.61,4.58,4.59
20061219,4.58,4.62,4.57,4.60
20061220,4.59,4.61,4.59,4.59
20061221,4.59,4.60,4.54,4.55
20061222,4.58,4.63,4.55,4.62
20061226,4.62,4.62,4.59,4.60
20061227,4.61,4.67,4.59,4.65
20061228,4.65,4.72,4.63,4.69
20061229,4.69,4.72,4.69,4.71
20070103,4.66,4.69,4.64,4.66
20070104,4.66,4.66,4.60,4.62
20070105,4.59,4.70,4.58,4.65
20070108,4.67,4.68,4.65,4.66
20070109,4.66,4.67,4.64,4.66
20070110,4.67,4.70,4.66,4.68
20070111,4.72,4.75,4.71,4.74
20070112,4.74,4.78,4.74,4.77
20070116,4.76,4.76,4.74,4.75
20070117,4.74,4.79,4.74,4.79
20070118,4.79,4.82,4.75,4.75
20070119,4.75,4.79,4.75,4.77
20070122,4.78,4.78,4.75,4.76
20070123,4.76,4.81,4.75,4.80
20070124,4.79,4.82,4.79,4.81
20070125,4.81,4.88,4.81,4.87
20070126,4.89,4.91,4.86,4.88
20070129,4.87,4.90,4.86,4.89
20070130,4.88,4.89,4.87,4.88
20070131,4.87,4.90,4.83,4.83
20070201,4.81,4.84,4.77,4.84
20070202,4.84,4.87,4.79,4.83
20070205,4.81,4.82,4.80,4.81
20070206,4.81,4.83,4.76,4.76
20070207,4.77,4.78,4.74,4.75
20070208,4.77,4.78,4.71,4.73
20070209,4.75,4.79,4.75,4.78
20070212,4.78,4.81,4.78,4.80
20070213,4.80,4.82,4.79,4.81
20070214,4.80,4.80,4.72,4.73
20070215,4.72,4.72,4.69,4.71
20070216,4.68,4.70,4.66,4.69
20070220,4.71,4.71,4.68,4.68
20070221,4.67,4.72,4.67,4.69
20070222,4.71,4.74,4.70,4.73
20070223,4.71,4.72,4.66,4.68
20070226,4.65,4.66,4.62,4.63
20070227,4.61,4.61,4.51,4.51
20070228,4.55,4.58,4.53,4.55
20070301,4.52,4.57,4.49,4.56
20070302,4.52,4.55,4.50,4.51
20070305,4.49,4.52,4.48,4.52
20070306,4.53,4.54,4.50,4.53
20070307,4.52,4.54,4.49,4.50
20070308,4.52,4.53,4.50,4.51
20070309,4.51,4.60,4.51,4.59
20070312,4.58,4.58,4.54,4.55
20070313,4.52,4.53,4.49,4.50
20070314,4.47,4.52,4.47,4.52
20070315,4.54,4.56,4.52,4.54
20070316,4.55,4.58,4.54,4.54
20070319,4.56,4.58,4.56,4.57
20070320,4.56,4.57,4.53,4.55
20070321,4.55,4.59,4.51,4.52
20070322,4.55,4.60,4.54,4.59
20070323,4.57,4.62,4.57,4.61
20070326,4.63,4.63,4.56,4.59
20070327,4.59,4.62,4.59,4.61
20070328,4.60,4.63,4.57,4.62
20070329,4.62,4.65,4.62,4.63
20070330,4.64,4.67,4.58,4.65
20070402,4.64,4.65,4.63,4.64
20070403,4.66,4.67,4.65,4.66
20070404,4.66,4.66,4.63,4.65
20070405,4.65,4.68,4.65,4.67
20070409,4.74,4.75,4.73,4.75
20070410,4.73,4.73,4.71,4.72
20070411,4.71,4.74,4.70,4.74
20070412,4.72,4.74,4.71,4.74
20070413,4.74,4.77,4.72,4.76
20070416,4.77,4.78,4.73,4.74
20070417,4.77,4.78,4.68,4.69
20070418,4.74,4.75,4.65,4.65
20070419,4.64,4.68,4.63,4.67
20070420,4.66,4.69,4.66,4.67
20070423,4.67,4.69,4.64,4.65
20070424,4.64,4.65,4.61,4.62
20070425,4.64,4.66,4.62,4.65
20070426,4.66,4.69,4.65,4.68
20070427,4.68,4.71,4.66,4.70
20070430,4.68,4.68,4.63,4.63
20070501,4.62,4.67,4.61,4.64
20070502,4.64,4.65,4.63,4.65
20070503,4.64,4.69,4.62,4.67
20070504,4.68,4.71,4.63,4.64
20070507,4.65,4.65,4.63,4.64
20070508,4.61,4.64,4.61,4.63
20070509,4.63,4.67,4.62,4.67
20070510,4.67,4.68,4.64,4.65
20070511,4.62,4.68,4.60,4.67
20070514,4.67,4.69,4.67,4.69
20070515,4.69,4.73,4.67,4.71
20070516,4.69,4.72,4.69,4.71
20070517,4.72,4.76,4.71,4.76
20070518,4.75,4.81,4.74,4.80
20070521,4.81,4.82,4.79,4.79
20070522,4.79,4.83,4.79,4.83
20070523,4.84,4.88,4.82,4.86
20070524,4.84,4.90,4.84,4.86
20070525,4.86,4.87,4.85,4.86
20070529,4.86,4.89,4.85,4.88
20070530,4.87,4.89,4.84,4.88
20070531,4.87,4.92,4.87,4.89
20070601,4.90,4.96,4.87,4.96
20070604,4.95,4.96,4.92,4.93
20070605,4.95,4.99,4.93,4.98
20070606,4.99,5.00,4.96,4.97
20070607,5.03,5.11,5.03,5.10
20070608,5.16,5.18,5.11,5.12
20070611,5.13,5.16,5.12,5.14
20070612,5.18,5.25,5.18,5.25
20070613,5.28,5.32,5.20,5.20
20070614,5.21,5.25,5.17,5.22
20070615,5.23,5.24,5.16,5.17
20070618,5.14,5.19,5.13,5.14
20070619,5.14,5.14,5.08,5.09
20070620,5.09,5.14,5.09,5.12
20070621,5.14,5.17,5.12,5.16
20070622,5.19,5.21,5.13,5.14
20070625,5.11,5.12,5.07,5.08
20070626,5.08,5.11,5.07,5.10
20070627,5.05,5.08,5.03,5.07
20070628,5.09,5.12,5.08,5.12
20070629,5.09,5.09,5.03,5.03
20070702,5.03,5.04,5.00,5.00
20070703,4.99,5.05,4.99,5.05
20070705,5.09,5.14,5.08,5.14
20070706,5.15,5.20,5.15,5.20
20070709,5.17,5.17,5.15,5.16
20070710,5.11,5.12,5.04,5.04
20070711,5.01,5.09,5.01,5.08
20070712,5.08,5.14,5.07,5.12
20070713,5.12,5.14,5.08,5.11
20070716,5.09,5.10,5.04,5.04
20070717,5.05,5.10,5.04,5.08
20070718,5.04,5.07,4.99,5.01
20070719,5.05,5.07,5.02,5.03
20070720,4.99,5.01,4.93,4.96
20070723,4.95,4.98,4.95,4.96
20070724,4.97,4.97,4.93,4.94
20070725,4.93,4.95,4.90,4.90
20070726,4.86,4.87,4.76,4.78
20070727,4.74,4.82,4.74,4.79
20070730,4.76,4.81,4.76,4.80
20070731,4.84,4.84,4.77,4.77
20070801,4.73,4.78,4.72,4.76
20070802,4.80,4.81,4.75,4.75
20070803,4.77,4.77,4.69,4.70
20070806,4.68,4.74,4.68,4.73
20070807,4.74,4.76,4.70,4.74
20070808,4.82,4.89,4.80,4.86
20070809,4.79,4.82,4.74,4.79
20070810,4.74,4.78,4.73,4.78
20070813,4.82,4.89,4.77,4.78
20070814,4.79,4.82,4.73,4.73
20070815,4.72,4.75,4.69,4.71
20070816,4.67,4.69,4.58,4.60
20070817,4.64,4.73,4.63,4.67
20070820,4.68,4.69,4.61,4.63
20070821,4.60,4.63,4.58,4.59
20070822,4.63,4.67,4.61,4.62
20070823,4.67,4.68,4.60,4.62
20070824,4.63,4.65,4.61,4.63
20070827,4.64,4.64,4.59,4.60
20070828,4.56,4.58,4.52,4.53
20070829,4.51,4.56,4.50,4.55
20070830,4.54,4.54,4.50,4.50
20070831,4.55,4.58,4.52,4.54
20070904,4.51,4.58,4.51,4.56
20070905,4.53,4.53,4.46,4.47
20070906,4.49,4.60,4.49,4.50
20070907,4.49,4.49,4.36,4.37
20070910,4.38,4.38,4.30,4.32
20070911,4.35,4.37,4.32,4.36
20070912,4.33,4.42,4.33,4.41
20070913,4.43,4.50,4.41,4.48
20070914,4.44,4.50,4.41,4.46
20070917,4.47,4.50,4.46,4.47
20070918,4.48,4.54,4.45,4.48
20070919,4.50,4.57,4.49,4.52
20070920,4.57,4.68,4.57,4.67
20070921,4.68,4.70,4.62,4.63
20070924,4.66,4.66,4.62,4.62
20070925,4.58,4.62,4.57,4.61
20070926,4.63,4.67,4.61,4.62
20070927,4.60,4.64,4.57,4.57
20070928,4.54,4.61,4.53,4.58
20071001,4.58,4.59,4.54,4.56
20071002,4.57,4.58,4.50,4.53
20071003,4.52,4.57,4.50,4.54
20071004,4.56,4.58,4.52,4.52
20071005,4.53,4.66,4.53,4.64
20071009,4.63,4.67,4.61,4.65
20071010,4.67,4.68,4.62,4.65
20071011,4.67,4.71,4.66,4.66
20071012,4.65,4.70,4.64,4.69
20071015,4.69,4.72,4.67,4.67
20071016,4.65,4.67,4.63,4.66
20071017,4.65,4.65,4.53,4.55
20071018,4.53,4.53,4.50,4.50
20071019,4.47,4.49,4.39,4.40
20071022,4.38,4.44,4.37,4.39
20071023,4.41,4.44,4.40,4.41
20071024,4.38,4.38,4.31,4.33
20071025,4.35,4.37,4.33,4.35
20071026,4.39,4.41,4.35,4.39
20071029,4.42,4.42,4.37,4.38
20071030,4.38,4.41,4.37,4.38
20071031,4.42,4.48,4.39,4.47
20071101,4.46,4.46,4.34,4.36
20071102,4.35,4.41,4.28,4.29
20071105,4.30,4.34,4.29,4.32
20071106,4.36,4.38,4.31,4.36
20071107,4.32,4.37,4.32,4.33
20071108,4.31,4.33,4.26,4.27
20071109,4.25,4.27,4.22,4.22
20071113,4.23,4.27,4.22,4.26
20071114,4.27,4.31,4.26,4.27
20071115,4.24,4.24,4.15,4.16
20071116,4.16,4.19,4.13,4.15
20071119,4.14,4.17,4.04,4.08
20071120,4.08,4.12,4.04,4.05
20071121,4.01,4.03,3.98,4.02
20071123,4.05,4.06,4.01,4.01
20071126,4.04,4.04,3.85,3.85
20071127,3.88,4.02,3.87,3.94
20071128,3.98,4.04,3.95,4.03
20071129,4.00,4.00,3.90,3.94
20071130,3.97,4.04,3.94,3.97
20071203,3.94,3.94,3.87,3.90
20071204,3.85,3.92,3.84,3.89
20071205,3.94,3.95,3.88,3.91
20071206,3.97,4.01,3.96,4.00
20071207,4.03,4.14,4.03,4.12
20071210,4.12,4.18,4.09,4.15
20071211,4.13,4.13,3.99,3.99
20071212,4.06,4.18,4.05,4.08
20071213,4.09,4.19,4.08,4.17
20071214,4.21,4.26,4.20,4.23
20071217,4.21,4.23,4.18,4.19
20071218,4.17,4.18,4.09,4.12
20071219,4.08,4.15,4.01,4.07
20071220,4.05,4.05,3.99,4.03
20071221,4.07,4.18,4.06,4.17
20071224,4.18,4.23,4.16,4.21
20071226,4.22,4.28,4.18,4.28
20071227,4.24,4.24,4.18,4.20
20071228,4.16,4.16,4.05,4.10
20071231,4.04,4.06,4.01,4.04
20080102,4.03,4.05,3.89,3.90
20080103,3.89,3.96,3.89,3.90
20080104,3.91,3.99,3.81,3.85
20080107,3.89,3.90,3.83,3.84
20080108,3.87,3.90,3.84,3.84
20080109,3.81,3.82,3.76,3.79
20080110,3.81,3.89,3.79,3.89
20080111,3.88,3.88,3.81,3.81
20080114,3.81,3.82,3.77,3.79
20080115,3.74,3.74,3.70,3.70
20080116,3.66,3.73,3.65,3.71
20080117,3.71,3.74,3.63,3.64
20080118,3.67,3.68,3.62,3.65
20080122,3.52,3.60,3.47,3.48
20080123,3.28,3.43,3.28,3.43
20080124,3.57,3.68,3.53,3.64
20080125,3.71,3.75,3.57,3.58
20080128,3.56,3.61,3.55,3.59
20080129,3.62,3.70,3.61,3.66
20080130,3.71,3.75,3.67,3.73
20080131,3.63,3.66,3.57,3.64
20080201,3.65,3.70,3.54,3.60
20080204,3.63,3.66,3.62,3.64
20080205,3.62,3.63,3.53,3.59
20080206,3.58,3.63,3.58,3.61
20080207,3.57,3.81,3.55,3.74
20080208,3.71,3.71,3.65,3.65
20080211,3.67,3.67,3.58,3.62
20080212,3.68,3.72,3.66,3.68
20080213,3.69,3.72,3.66,3.69
20080214,3.71,3.83,3.71,3.82
20080215,3.77,3.81,3.75,3.78
20080219,3.85,3.91,3.81,3.88
20080220,3.90,3.96,3.86,3.92
20080221,3.88,3.88,3.75,3.78
20080222,3.74,3.79,3.72,3.79
20080225,3.83,3.92,3.80,3.90
20080226,3.90,3.93,3.85,3.86
20080227,3.80,3.90,3.77,3.85
20080228,3.78,3.79,3.70,3.71
20080229,3.60,3.62,3.53,3.53
20080303,3.56,3.59,3.53,3.53
20080304,3.55,3.58,3.50,3.58
20080305,3.60,3.70,3.59,3.69
20080306,3.63,3.69,3.58,3.62
20080307,3.54,3.62,3.48,3.54
20080310,3.52,3.54,3.42,3.44
20080311,3.50,3.63,3.49,3.60
20080312,3.56,3.59,3.48,3.48
20080313,3.40,3.57,3.39,3.53
20080314,3.49,3.54,3.36,3.42
20080317,3.37,3.42,3.29,3.31
20080318,3.39,3.46,3.36,3.45
20080319,3.42,3.50,3.36,3.36
20080320,3.35,3.38,3.32,3.33
20080324,3.40,3.52,3.39,3.52
20080325,3.50,3.53,3.48,3.49
20080326,3.49,3.51,3.45,3.49
20080327,3.50,3.56,3.47,3.53
20080328,3.56,3.56,3.46,3.47
20080331,3.43,3.43,3.38,3.43
20080401,3.49,3.58,3.49,3.54
20080402,3.60,3.61,3.54,3.58
20080403,3.58,3.60,3.54,3.59
20080404,3.57,3.61,3.47,3.48
20080407,3.53,3.61,3.52,3.56
20080408,3.52,3.57,3.50,3.56
20080409,3.55,3.55,3.45,3.47
20080410,3.46,3.55,3.45,3.53
20080411,3.48,3.51,3.45,3.47
20080414,3.43,3.52,3.43,3.50
20080415,3.50,3.59,3.50,3.57
20080416,3.62,3.72,3.57,3.70
20080417,3.72,3.76,3.67,3.73
20080418,3.77,3.85,3.74,3.74
20080421,3.73,3.77,3.71,3.71
20080422,3.75,3.76,3.68,3.72
20080423,3.69,3.77,3.68,3.73
20080424,3.73,3.87,3.72,3.83
20080425,3.88,3.88,3.83,3.87
20080428,3.89,3.89,3.83,3.83
20080429,3.81,3.83,3.77,3.83
20080430,3.82,3.87,3.76,3.76
20080501,3.75,3.78,3.68,3.75
20080502,3.74,3.88,3.71,3.85
20080505,3.85,3.88,3.83,3.85
20080506,3.83,3.90,3.80,3.89
20080507,3.91,3.95,3.85,3.87
20080508,3.88,3.89,3.80,3.81
20080509,3.73,3.79,3.72,3.77
20080512,3.79,3.80,3.73,3.77
20080513,3.78,3.91,3.77,3.91
20080514,3.96,3.99,3.86,3.94
20080515,3.93,3.93,3.84,3.84
20080516,3.85,3.89,3.78,3.85
20080519,3.85,3.89,3.81,3.84
20080520,3.84,3.87,3.78,3.78
20080521,3.81,3.84,3.78,3.82
20080522,3.85,3.96,3.85,3.92
20080523,3.88,3.88,3.83,3.83
20080527,3.88,3.93,3.86,3.92
20080528,3.94,4.03,3.93,4.01
20080529,4.05,4.14,4.03,4.08
20080530,4.06,4.06,4.02,4.05
20080602,4.03,4.05,3.95,3.97
20080603,3.95,4.03,3.88,3.90
20080604,3.89,3.96,3.86,3.94
20080605,3.96,4.04,3.95,4.03
20080606,4.04,4.06,3.91,3.94
20080609,3.93,4.04,3.92,3.99
20080610,4.01,4.12,4.00,4.10
20080611,4.08,4.11,4.01,4.07
20080612,4.13,4.22,4.11,4.21
20080613,4.25,4.32,4.17,4.26
20080616,4.22,4.27,4.21,4.25
20080617,4.22,4.26,4.18,4.22
20080618,4.20,4.21,4.13,4.15
20080619,4.16,4.22,4.15,4.20
20080620,4.15,4.17,4.12,4.14
20080623,4.16,4.18,4.12,4.17
20080624,4.15,4.15,4.09,4.11
20080625,4.12,4.18,4.11,4.12
20080626,4.11,4.11,4.02,4.03
20080627,4.01,4.03,3.95,3.99
20080630,3.99,4.00,3.95,3.98
20080701,3.94,4.00,3.90,3.99
20080702,3.99,4.00,3.95,3.96
20080703,3.95,4.01,3.93,3.97
20080707,3.98,4.01,3.86,3.93
20080708,3.90,3.93,3.87,3.88
20080709,3.92,3.92,3.83,3.83
20080710,3.83,3.85,3.78,3.81
20080711,3.81,3.97,3.80,3.94
20080714,3.99,3.99,3.84,3.88
20080715,3.85,3.86,3.77,3.84
20080716,3.84,3.94,3.84,3.93
20080717,3.94,4.04,3.94,4.04
20080718,4.07,4.09,4.00,4.08
20080721,4.08,4.12,4.06,4.07
20080722,4.04,4.13,4.04,4.10
20080723,4.15,4.17,4.12,4.15
20080724,4.09,4.11,4.01,4.02
20080725,4.01,4.11,4.01,4.11
20080728,4.09,4.09,4.00,4.02
20080729,4.06,4.09,4.04,4.04
20080730,4.07,4.12,4.01,4.05
20080731,4.04,4.05,3.95,3.98
20080801,3.94,4.00,3.93,3.95
20080804,3.95,3.98,3.92,3.97
20080805,3.98,4.01,3.96,4.01
20080806,4.00,4.09,4.00,4.05
20080807,4.04,4.04,3.93,3.94
20080808,3.95,3.96,3.90,3.95
20080811,3.94,4.04,3.93,4.00
20080812,3.98,3.98,3.91,3.92
20080813,3.90,3.97,3.87,3.95
20080814,3.94,3.97,3.88,3.89
20080815,3.89,3.90,3.82,3.85
20080818,3.85,3.87,3.81,3.82
20080819,3.79,3.85,3.79,3.84
20080820,3.82,3.82,3.78,3.80
20080821,3.80,3.85,3.79,3.84
20080822,3.85,3.90,3.84,3.87
20080825,3.84,3.84,3.76,3.79
20080826,3.79,3.82,3.78,3.78
20080827,3.81,3.84,3.77,3.77
20080828,3.79,3.83,3.77,3.79
20080829,3.78,3.85,3.76,3.81
20080902,3.85,3.87,3.74,3.75
20080903,3.73,3.75,3.69,3.70
20080904,3.69,3.70,3.63,3.64
20080905,3.60,3.66,3.55,3.66
20080908,3.79,3.81,3.65,3.67
20080909,3.68,3.69,3.57,3.60
20080910,3.59,3.68,3.59,3.64
20080911,3.59,3.65,3.56,3.62
20080912,3.63,3.73,3.61,3.73
20080915,3.53,3.57,3.47,3.48
20080916,3.33,3.50,3.25,3.49
20080917,3.45,3.46,3.33,3.41
20080918,3.45,3.49,3.35,3.44
20080919,3.73,3.82,3.71,3.77
20080922,3.85,3.90,3.82,3.83
20080923,3.79,3.86,3.78,3.84
20080924,3.78,3.82,3.74,3.77
20080925,3.80,3.90,3.77,3.86
20080926,3.79,3.83,3.78,3.83
20080929,3.82,3.82,3.57,3.63
20080930,3.62,3.83,3.61,3.83
20081001,3.75,3.80,3.64,3.77
20081002,3.71,3.73,3.63,3.65
20081003,3.58,3.77,3.58,3.64
20081006,3.53,3.57,3.42,3.43
20081007,3.46,3.59,3.46,3.51
20081008,3.47,3.84,3.40,3.71
20081009,3.73,3.84,3.70,3.83
20081010,3.84,3.92,3.82,3.86
20081014,4.03,4.06,3.98,4.02
20081015,4.02,4.11,3.97,4.01
20081016,4.00,4.07,3.92,3.94
20081017,3.94,3.99,3.88,3.94
20081020,3.96,3.96,3.89,3.89
20081021,3.82,3.83,3.69,3.70
20081022,3.66,3.70,3.60,3.62
20081023,3.57,3.67,3.51,3.53
20081024,3.48,3.70,3.48,3.70
20081027,3.65,3.75,3.63,3.73
20081028,3.81,3.83,3.73,3.82
20081029,3.80,3.88,3.76,3.87
20081030,3.90,3.96,3.90,3.94
20081031,3.88,3.97,3.84,3.97
20081103,3.94,3.96,3.90,3.90
20081104,3.94,3.94,3.73,3.77
20081105,3.73,3.75,3.68,3.69
20081106,3.68,3.79,3.67,3.71
20081107,3.68,3.79,3.65,3.78
20081110,3.83,3.84,3.75,3.76
20081111,3.75,3.75,3.75,3.75
20081112,3.73,3.73,3.63,3.67
20081113,3.74,3.84,3.71,3.82
20081114,3.75,3.77,3.70,3.75
20081117,3.71,3.73,3.67,3.68
20081118,3.62,3.65,3.51,3.54
20081119,3.44,3.51,3.35,3.39
20081120,3.25,3.26,3.12,3.14
20081121,3.08,3.27,3.08,3.17
20081124,3.23,3.35,3.21,3.34
20081125,3.25,3.26,3.06,3.09
20081126,3.04,3.10,2.98,3.00
20081128,2.97,3.00,2.93,2.96
20081201,2.88,2.89,2.65,2.72
20081202,2.74,2.80,2.66,2.69
20081203,2.73,2.77,2.65,2.68
20081204,2.66,2.67,2.57,2.57
20081205,2.56,2.66,2.51,2.66
20081208,2.75,2.76,2.67,2.73
20081209,2.71,2.75,2.64,2.67
20081210,2.70,2.75,2.66,2.68
20081211,2.70,2.71,2.62,2.65
20081212,2.55,2.75,2.54,2.59
20081215,2.58,2.58,2.51,2.53
20081216,2.50,2.55,2.35,2.36
20081217,2.17,2.22,2.07,2.19
20081218,2.10,2.13,2.04,2.07
20081219,2.12,2.17,2.07,2.13
20081222,2.13,2.18,2.11,2.14
20081223,2.19,2.23,2.14,2.16
20081224,2.16,2.22,2.15,2.18
20081226,2.17,2.24,2.13,2.14
20081229,2.13,2.13,2.05,2.10
20081230,2.12,2.15,2.06,2.09
20081231,2.08,2.25,2.07,2.24
20090102,2.20,2.42,2.16,2.42
20090105,2.48,2.52,2.41,2.49
20090106,2.56,2.61,2.47,2.50
20090107,2.47,2.54,2.46,2.49
20090108,2.44,2.49,2.41,2.44
20090109,2.45,2.50,2.35,2.41
20090112,2.42,2.45,2.31,2.31
20090113,2.31,2.35,2.30,2.30
20090114,2.28,2.28,2.16,2.21
20090115,2.18,2.23,2.17,2.20
20090116,2.35,2.40,2.26,2.30
20090120,2.38,2.50,2.33,2.35
20090121,2.43,2.53,2.40,2.53
20090122,2.51,2.64,2.49,2.59
20090123,2.59,2.68,2.58,2.62
20090126,2.66,2.69,2.61,2.64
20090127,2.61,2.64,2.52,2.52
20090128,2.56,2.66,2.50,2.66
20090129,2.67,2.82,2.66,2.81
20090130,2.83,2.86,2.76,2.84
20090202,2.83,2.85,2.70,2.72
20090203,2.76,2.86,2.75,2.84
20090204,2.85,2.96,2.85,2.91
20090205,2.91,2.95,2.86,2.90
20090206,2.91,3.00,2.90,2.98
20090209,2.99,3.05,2.99,3.03
20090210,2.96,2.96,2.81,2.85
20090211,2.83,2.83,2.73,2.76
20090212,2.77,2.83,2.72,2.73
20090213,2.79,2.90,2.77,2.88
20090217,2.76,2.76,2.65,2.66
20090218,2.63,2.76,2.63,2.73
20090219,2.80,2.88,2.78,2.86
20090220,2.78,2.81,2.69,2.77
20090223,2.85,2.88,2.77,2.78
20090224,2.78,2.80,2.69,2.80
20090225,2.81,2.95,2.80,2.94
20090226,2.99,3.02,2.96,2.98
20090227,2.93,3.05,2.92,3.04
20090302,2.96,2.98,2.88,2.92
20090303,2.94,2.97,2.86,2.94
20090304,2.99,3.04,2.98,3.01
20090305,2.93,2.93,2.81,2.82
20090306,2.80,2.89,2.77,2.83
20090309,2.87,2.94,2.85,2.89
20090310,2.92,2.99,2.92,2.98
20090311,2.99,3.04,2.90,2.92
20090312,2.89,2.93,2.82,2.89
20090313,2.93,2.97,2.83,2.88
20090316,2.97,2.99,2.93,2.95
20090317,2.94,3.01,2.90,3.00
20090318,3.01,3.02,2.47,2.53
20090319,2.48,2.60,2.46,2.60
20090320,2.58,2.63,2.57,2.63
20090323,2.65,2.66,2.61,2.66
20090324,2.72,2.75,2.65,2.65
20090325,2.73,2.81,2.71,2.77
20090326,2.82,2.82,2.72,2.73
20090327,2.72,2.79,2.70,2.76
20090330,2.70,2.75,2.68,2.71
20090331,2.74,2.74,2.68,2.69
20090401,2.66,2.69,2.63,2.66
20090402,2.71,2.77,2.69,2.75
20090403,2.79,2.92,2.77,2.91
20090406,2.89,2.94,2.85,2.94
20090407,2.90,2.93,2.88,2.91
20090408,2.89,2.90,2.84,2.85
20090409,2.90,2.95,2.87,2.93
20090413,2.93,2.93,2.84,2.85
20090414,2.87,2.88,2.77,2.79
20090415,2.76,2.83,2.76,2.76
20090416,2.79,2.84,2.78,2.83
20090417,2.85,2.95,2.85,2.93
20090420,2.88,2.89,2.83,2.84
20090421,2.82,2.91,2.78,2.90
20090422,2.89,2.97,2.88,2.96
20090423,2.95,2.98,2.93,2.93
20090424,2.98,3.00,2.95,3.00
20090427,2.95,2.99,2.92,2.92
20090428,2.90,3.02,2.87,3.00
20090429,3.01,3.12,2.98,3.10
20090430,3.13,3.17,3.10,3.12
20090501,3.17,3.21,3.15,3.17
20090504,3.16,3.20,3.14,3.16
20090505,3.14,3.20,3.13,3.16
20090506,3.19,3.19,3.11,3.15
20090507,3.23,3.34,3.22,3.29
20090508,3.37,3.39,3.27,3.29
20090511,3.23,3.23,3.18,3.18
20090512,3.21,3.23,3.15,3.17
20090513,3.17,3.17,3.09,3.10
20090514,3.09,3.14,3.08,3.11
20090515,3.09,3.16,3.09,3.12
20090518,3.10,3.21,3.09,3.21
20090519,3.25,3.28,3.23,3.24
20090520,3.23,3.26,3.18,3.20
20090521,3.17,3.38,3.15,3.35
20090522,3.33,3.45,3.32,3.45
20090526,3.42,3.49,3.40,3.49
20090527,3.52,3.71,3.51,3.69
20090528,3.69,3.76,3.58,3.67
20090529,3.63,3.63,3.46,3.46
20090601,3.50,3.74,3.50,3.71
20090602,3.65,3.72,3.62,3.64
20090603,3.59,3.61,3.54,3.55
20090604,3.60,3.72,3.58,3.72
20090605,3.77,3.90,3.75,3.86
20090608,3.82,3.90,3.80,3.89
20090609,3.85,3.90,3.83,3.86
20090610,3.92,4.00,3.87,3.94
20090611,4.00,4.01,3.81,3.86
20090612,3.82,3.85,3.75,3.79
20090615,3.76,3.78,3.71,3.71
20090616,3.76,3.78,3.66,3.67
20090617,3.68,3.69,3.58,3.65
20090618,3.71,3.85,3.71,3.83
20090619,3.84,3.88,3.78,3.79
20090622,3.72,3.74,3.69,3.69
20090623,3.71,3.73,3.63,3.64
20090624,3.65,3.70,3.58,3.69
20090625,3.70,3.71,3.54,3.55
20090626,3.54,3.55,3.49,3.51
20090629,3.48,3.51,3.46,3.49
20090630,3.49,3.58,3.47,3.52
20090701,3.59,3.61,3.54,3.54
20090702,3.56,3.57,3.46,3.50
20090706,3.50,3.56,3.49,3.51
20090707,3.54,3.54,3.46,3.46
20090708,3.44,3.45,3.28,3.29
20090709,3.35,3.43,3.34,3.41
20090710,3.33,3.35,3.27,3.29
20090713,3.29,3.35,3.28,3.35
20090714,3.42,3.45,3.40,3.45
20090715,3.49,3.60,3.49,3.60
20090716,3.58,3.60,3.51,3.56
20090717,3.54,3.66,3.54,3.65
20090720,3.69,3.69,3.57,3.58
20090721,3.64,3.67,3.45,3.48
20090722,3.46,3.56,3.46,3.55
20090723,3.53,3.71,3.51,3.71
20090724,3.70,3.70,3.65,3.67
20090727,3.71,3.77,3.70,3.71
20090728,3.68,3.73,3.62,3.69
20090729,3.66,3.74,3.63,3.66
20090730,3.68,3.73,3.62,3.64
20090731,3.64,3.65,3.50,3.50
20090803,3.56,3.67,3.56,3.64
20090804,3.62,3.73,3.59,3.68
20090805,3.73,3.77,3.64,3.76
20090806,3.74,3.80,3.71,3.75
20090807,3.75,3.89,3.74,3.85
20090810,3.86,3.86,3.76,3.77
20090811,3.75,3.77,3.68,3.69
20090812,3.66,3.79,3.65,3.70
20090813,3.76,3.77,3.59,3.59
20090814,3.60,3.60,3.49,3.56
20090817,3.48,3.52,3.47,3.49
20090818,3.51,3.53,3.47,3.53
20090819,3.42,3.50,3.40,3.46
20090820,3.48,3.50,3.43,3.44
20090821,3.43,3.56,3.43,3.56
20090824,3.58,3.61,3.48,3.49
20090825,3.49,3.52,3.44,3.45
20090826,3.45,3.46,3.42,3.44
20090827,3.47,3.51,3.42,3.46
20090828,3.49,3.53,3.44,3.45
20090831,3.42,3.46,3.39,3.40
20090901,3.40,3.46,3.35,3.38
20090902,3.38,3.38,3.29,3.29
20090903,3.35,3.35,3.31,3.33
20090904,3.37,3.44,3.34,3.44
20090908,3.45,3.48,3.42,3.47
20090909,3.50,3.54,3.47,3.48
20090910,3.45,3.46,3.34,3.34
20090911,3.34,3.36,3.27,3.34
20090914,3.36,3.41,3.36,3.41
20090915,3.44,3.49,3.43,3.45
20090916,3.39,3.50,3.38,3.47
20090917,3.48,3.50,3.39,3.40
20090918,3.40,3.49,3.40,3.47
20090921,3.46,3.50,3.42,3.49
20090922,3.50,3.51,3.44,3.46
20090923,3.48,3.52,3.40,3.42
20090924,3.41,3.44,3.36,3.38
20090925,3.39,3.40,3.32,3.33
20090928,3.33,3.34,3.29,3.30
20090929,3.30,3.34,3.28,3.29
20090930,3.31,3.33,3.28,3.31
20091001,3.29,3.30,3.17,3.19
20091002,3.16,3.22,3.11,3.22
20091005,3.20,3.23,3.18,3.22
20091006,3.24,3.27,3.23,3.25
20091007,3.24,3.25,3.17,3.17
20091008,3.20,3.26,3.16,3.25
20091009,3.25,3.40,3.24,3.38
20091013,3.34,3.34,3.30,3.31
20091014,3.41,3.44,3.36,3.42
20091015,3.43,3.48,3.40,3.47
20091016,3.46,3.47,3.40,3.42
20091019,3.42,3.43,3.38,3.40
20091020,3.38,3.38,3.31,3.34
20091021,3.37,3.43,3.37,3.41
20091022,3.42,3.45,3.40,3.42
20091023,3.47,3.49,3.45,3.48
20091026,3.50,3.58,3.48,3.55
20091027,3.55,3.56,3.45,3.46
20091028,3.45,3.46,3.39,3.41
20091029,3.42,3.53,3.42,3.50
20091030,3.47,3.47,3.39,3.39
20091102,3.40,3.45,3.39,3.42
20091103,3.40,3.49,3.39,3.47
20091104,3.51,3.56,3.49,3.55
20091105,3.52,3.55,3.51,3.53
20091106,3.52,3.55,3.46,3.50
20091109,3.52,3.52,3.46,3.49
20091110,3.46,3.50,3.44,3.48
20091112,3.47,3.53,3.44,3.45
20091113,3.45,3.47,3.42,3.43
20091116,3.40,3.41,3.33,3.33
20091117,3.36,3.39,3.31,3.32
20091118,3.35,3.38,3.32,3.37
20091119,3.36,3.37,3.31,3.35
20091120,3.33,3.38,3.33,3.36
20091123,3.39,3.42,3.36,3.36
20091124,3.34,3.36,3.31,3.32
20091125,3.31,3.35,3.26,3.28
20091127,3.21,3.25,3.20,3.21
20091130,3.24,3.25,3.20,3.20
20091201,3.23,3.28,3.22,3.27
20091202,3.30,3.32,3.27,3.32
20091203,3.37,3.40,3.36,3.38
20091204,3.38,3.51,3.37,3.48
20091207,3.45,3.47,3.42,3.45
20091208,3.38,3.41,3.35,3.39
20091209,3.41,3.45,3.37,3.42
20091210,3.45,3.52,3.45,3.48
20091211,3.52,3.58,3.51,3.54
20091214,3.54,3.56,3.52,3.55
20091215,3.60,3.62,3.58,3.60
20091216,3.59,3.61,3.54,3.60
20091217,3.55,3.55,3.48,3.49
20091218,3.50,3.55,3.49,3.55
20091221,3.59,3.69,3.59,3.68
20091222,3.73,3.76,3.70,3.74
20091223,3.73,3.75,3.69,3.75
20091224,3.74,3.81,3.74,3.81
20091228,3.85,3.85,3.82,3.84
20091229,3.85,3.87,3.81,3.81
20091230,3.80,3.83,3.78,3.78
20091231,3.81,3.92,3.81,3.84
20100104,3.86,3.86,3.81,3.84
20100105,3.79,3.80,3.75,3.75
20100106,3.77,3.84,3.76,3.81
20100107,3.85,3.86,3.80,3.82
20100108,3.84,3.85,3.78,3.81
20100111,3.85,3.86,3.81,3.82
20100112,3.85,3.86,3.73,3.73
20100113,3.74,3.80,3.72,3.78
20100114,3.78,3.78,3.71,3.73
20100115,3.70,3.71,3.68,3.68
20100119,3.69,3.73,3.69,3.71
20100120,3.67,3.67,3.66,3.66
20100121,3.68,3.68,3.61,3.61
20100122,3.60,3.63,3.59,3.60
20100125,3.64,3.65,3.62,3.63
20100126,3.58,3.64,3.58,3.63
20100127,3.63,3.66,3.63,3.64
20100128,3.68,3.69,3.65,3.66
20100129,3.66,3.69,3.61,3.61
20100201,3.63,3.67,3.63,3.65
20100202,3.65,3.66,3.63,3.63
20100203,3.68,3.71,3.68,3.70
20100204,3.68,3.68,3.61,3.61
20100205,3.58,3.65,3.55,3.55
20100208,3.58,3.60,3.58,3.59
20100209,3.61,3.65,3.61,3.63
20100210,3.62,3.71,3.62,3.69
20100211,3.71,3.76,3.71,3.73
20100212,3.70,3.71,3.69,3.69
20100216,3.72,3.73,3.66,3.66
20100217,3.69,3.76,3.69,3.74
20100218,3.72,3.82,3.72,3.80
20100219,3.80,3.83,3.78,3.78
20100222,3.79,3.80,3.79,3.80
20100223,3.78,3.78,3.69,3.69
20100224,3.71,3.71,3.69,3.69
20100225,3.66,3.66,3.64,3.64
20100226,3.63,3.64,3.58,3.60
20100301,3.62,3.63,3.61,3.61
20100302,3.64,3.65,3.61,3.61
20100303,3.62,3.65,3.62,3.63
20100304,3.63,3.65,3.61,3.61
20100305,3.63,3.70,3.63,3.68
20100308,3.72,3.73,3.71,3.71
20100309,3.69,3.72,3.69,3.70
20100310,3.72,3.75,3.72,3.72
20100311,3.74,3.75,3.72,3.72
20100312,3.75,3.78,3.71,3.71
20100315,3.69,3.73,3.69,3.70
20100316,3.71,3.71,3.65,3.65
20100317,3.64,3.66,3.64,3.64
20100318,3.63,3.68,3.63,3.67
20100319,3.69,3.71,3.69,3.69
20100322,3.69,3.69,3.66,3.66
20100323,3.66,3.68,3.66,3.68
20100324,3.72,3.85,3.72,3.83
20100325,3.84,3.93,3.84,3.90
20100326,3.88,3.90,3.85,3.85
20100329,3.87,3.89,3.86,3.86
20100330,3.86,3.90,3.86,3.87
20100331,3.82,3.85,3.82,3.83
20100401,3.86,3.89,3.86,3.86
20100405,3.96,4.01,3.96,3.99
20100406,3.95,3.98,3.94,3.97
20100407,3.95,3.97,3.86,3.86
20100408,3.86,3.90,3.84,3.90
20100409,3.90,3.93,3.88,3.89
20100412,3.90,3.90,3.83,3.85
20100413,3.84,3.84,3.80,3.81
20100414,3.84,3.86,3.80,3.85
20100415,3.85,3.89,3.83,3.85
20100416,3.82,3.84,3.76,3.77
20100419,3.77,3.81,3.77,3.81
20100420,3.82,3.82,3.80,3.81
20100421,3.79,3.79,3.74,3.74
20100422,3.74,3.77,3.71,3.77
20100423,3.80,3.83,3.80,3.82
20100426,3.80,3.82,3.78,3.81
20100427,3.78,3.78,3.68,3.69
20100428,3.73,3.78,3.71,3.77
20100429,3.78,3.78,3.73,3.73
20100430,3.75,3.75,3.65,3.66
20100503,3.69,3.71,3.69,3.71
20100504,3.65,3.65,3.60,3.61
20100505,3.55,3.58,3.49,3.55
20100506,3.58,3.58,3.27,3.40
20100507,3.47,3.51,3.30,3.43
20100510,3.58,3.59,3.52,3.54
20100511,3.50,3.58,3.49,3.54
20100512,3.56,3.58,3.54,3.57
20100513,3.57,3.61,3.52,3.56
20100514,3.50,3.51,3.41,3.44
20100517,3.46,3.47,3.40,3.47
20100518,3.49,3.50,3.37,3.38
20100519,3.37,3.40,3.31,3.36
20100520,3.29,3.29,3.20,3.26
20100521,3.16,3.24,3.10,3.20
20100524,3.19,3.23,3.17,3.23
20100525,3.14,3.17,3.10,3.16
20100526,3.25,3.27,3.20,3.22
20100527,3.28,3.35,3.26,3.34
20100528,3.33,3.34,3.29,3.30
20100601,3.26,3.31,3.23,3.30
20100602,3.29,3.34,3.25,3.33
20100603,3.40,3.42,3.34,3.38
20100604,3.34,3.34,3.19,3.19
20100607,3.23,3.24,3.17,3.18
20100608,3.18,3.19,3.15,3.17
20100609,3.21,3.24,3.19,3.19
20100610,3.21,3.32,3.21,3.32
20100611,3.30,3.30,3.22,3.22
20100614,3.29,3.33,3.26,3.27
20100615,3.26,3.32,3.25,3.31
20100616,3.27,3.30,3.24,3.28
20100617,3.27,3.27,3.18,3.19
20100618,3.21,3.23,3.19,3.22
20100621,3.30,3.31,3.23,3.24
20100622,3.21,3.24,3.16,3.17
20100623,3.18,3.19,3.09,3.12
20100624,3.07,3.14,3.07,3.12
20100625,3.13,3.17,3.08,3.11
20100628,3.09,3.10,3.03,3.03
20100629,2.99,3.00,2.96,2.97
20100630,2.95,2.99,2.95,2.95
20100701,2.93,2.94,2.88,2.93
20100702,2.94,2.99,2.91,2.98
20100706,2.97,2.99,2.93,2.93
20100707,2.92,2.98,2.92,2.98
20100708,3.00,3.05,3.00,3.02
20100709,3.04,3.06,3.02,3.06
20100712,3.04,3.05,3.01,3.05
20100713,3.07,3.12,3.07,3.11
20100714,3.10,3.12,3.04,3.05
20100715,3.07,3.08,2.96,2.98
20100716,2.98,3.01,2.92,2.94
20100719,2.95,2.97,2.93,2.96
20100720,2.92,2.95,2.90,2.93
20100721,2.96,2.97,2.89,2.89
20100722,2.91,2.95,2.90,2.93
20100723,2.97,3.00,2.93,2.99
20100726,2.99,3.03,2.98,2.99
20100727,3.04,3.05,3.02,3.05
20100728,3.04,3.06,3.00,3.00
20100729,3.00,3.03,2.96,3.00
20100730,2.96,2.96,2.90,2.91
20100802,2.93,2.96,2.93,2.96
20100803,2.91,2.94,2.89,2.91
20100804,2.90,2.96,2.89,2.95
20100805,2.95,2.96,2.90,2.92
20100806,2.91,2.92,2.82,2.82
20100809,2.81,2.84,2.81,2.82
20100810,2.81,2.84,2.75,2.78
20100811,2.73,2.73,2.68,2.69
20100812,2.73,2.75,2.69,2.73
20100813,2.71,2.73,2.69,2.69
20100816,2.62,2.63,2.57,2.58
20100817,2.60,2.66,2.60,2.65
20100818,2.60,2.64,2.58,2.64
20100819,2.67,2.67,2.56,2.58
20100820,2.55,2.62,2.55,2.61
20100823,2.63,2.64,2.60,2.61
20100824,2.52,2.55,2.47,2.50
20100825,2.46,2.54,2.42,2.54
20100826,2.51,2.55,2.50,2.50
20100827,2.50,2.66,2.49,2.65
20100830,2.60,2.60,2.53,2.54
20100831,2.50,2.51,2.47,2.48
20100901,2.49,2.63,2.49,2.58
20100902,2.59,2.64,2.59,2.63
20100903,2.65,2.77,2.65,2.71
20100907,2.65,2.65,2.61,2.61
20100908,2.63,2.68,2.63,2.65
20100909,2.68,2.76,2.68,2.76
20100910,2.78,2.82,2.78,2.79
20100913,2.83,2.83,2.74,2.74
20100914,2.73,2.75,2.67,2.67
20100915,2.66,2.73,2.66,2.72
20100916,2.70,2.79,2.69,2.76
20100917,2.72,2.76,2.69,2.75
20100920,2.73,2.75,2.70,2.71
20100921,2.68,2.71,2.59,2.59
20100922,2.54,2.57,2.50,2.55
20100923,2.53,2.57,2.48,2.56
20100924,2.57,2.62,2.56,2.61
20100927,2.55,2.57,2.51,2.52
20100928,2.54,2.54,2.45,2.46
20100929,2.48,2.51,2.45,2.51
20100930,2.48,2.60,2.47,2.52
20101001,2.55,2.57,2.50,2.53
20101004,2.49,2.51,2.47,2.48
20101005,2.46,2.50,2.45,2.47
20101006,2.40,2.41,2.36,2.40
20101007,2.41,2.42,2.37,2.40
20101008,2.41,2.43,2.33,2.38
20101012,2.35,2.42,2.35,2.42
20101013,2.46,2.49,2.43,2.43
20101014,2.44,2.51,2.42,2.50
20101015,2.47,2.59,2.45,2.58
20101018,2.53,2.53,2.49,2.49
20101019,2.53,2.56,2.46,2.48
20101020,2.49,2.52,2.45,2.47
20101021,2.48,2.54,2.48,2.53
20101022,2.57,2.59,2.55,2.56
20101025,2.53,2.57,2.50,2.55
20101026,2.60,2.65,2.60,2.64
20101027,2.71,2.72,2.67,2.71
20101028,2.68,2.71,2.64,2.66
20101029,2.65,2.66,2.61,2.61
20101101,2.59,2.64,2.56,2.63
20101102,2.61,2.62,2.59,2.59
20101103,2.63,2.65,2.53,2.62
20101104,2.55,2.55,2.46,2.48
20101105,2.51,2.59,2.49,2.54
20101108,2.54,2.57,2.51,2.56
20101109,2.55,2.66,2.53,2.66
20101110,2.71,2.78,2.65,2.65
20101112,2.67,2.78,2.67,2.76
20101115,2.89,2.91,2.81,2.91
20101116,2.92,2.96,2.87,2.95
20101117,2.86,2.88,2.80,2.86
20101118,2.92,2.96,2.90,2.90
20101119,2.88,2.91,2.87,2.88
20101122,2.84,2.85,2.80,2.83
20101123,2.75,2.76,2.73,2.73
20101124,2.81,2.93,2.81,2.91
20101126,2.90,2.90,2.84,2.86
20101129,2.84,2.85,2.81,2.82
20101130,2.77,2.81,2.75,2.80
20101201,2.90,2.98,2.89,2.96
20101202,3.02,3.02,2.94,3.00
20101203,3.03,3.06,2.90,3.02
20101206,2.96,2.98,2.94,2.94
20101207,3.03,3.18,3.02,3.17
20101208,3.22,3.33,3.17,3.24
20101209,3.25,3.28,3.18,3.22
20101210,3.23,3.30,3.23,3.30
20101213,3.37,3.37,3.25,3.28
20101214,3.31,3.47,3.30,3.46
20101215,3.41,3.56,3.40,3.52
20101216,3.51,3.57,3.46,3.48
20101217,3.39,3.42,3.33,3.33
20101220,3.29,3.37,3.25,3.35
20101221,3.32,3.38,3.30,3.33
20101222,3.33,3.37,3.30,3.35
20101223,3.38,3.41,3.35,3.39
20101227,3.42,3.43,3.35,3.35
20101228,3.34,3.49,3.33,3.48
20101229,3.48,3.49,3.34,3.34
20101230,3.38,3.42,3.35,3.37
20101231,3.32,3.36,3.28,3.31
20110103,3.38,3.42,3.31,3.34
20110104,3.34,3.36,3.30,3.35
20110105,3.38,3.50,3.38,3.48
20110106,3.44,3.46,3.39,3.42
20110107,3.44,3.46,3.30,3.33
20110110,3.31,3.33,3.28,3.30
20110111,3.31,3.37,3.29,3.34
20110112,3.40,3.42,3.35,3.35
20110113,3.37,3.39,3.30,3.30
20110114,3.33,3.33,3.25,3.33
20110118,3.29,3.41,3.28,3.36
20110119,3.35,3.39,3.33,3.34
20110120,3.36,3.47,3.36,3.46
20110121,3.43,3.47,3.41,3.42
20110124,3.41,3.43,3.38,3.41
20110125,3.37,3.42,3.31,3.32
20110126,3.38,3.44,3.36,3.43
20110127,3.46,3.46,3.38,3.38
20110128,3.42,3.45,3.31,3.33
20110131,3.36,3.40,3.33,3.38
20110201,3.43,3.47,3.42,3.44
20110202,3.41,3.51,3.40,3.49
20110203,3.51,3.55,3.49,3.54
20110204,3.56,3.67,3.53,3.65
20110207,3.67,3.69,3.64,3.64
20110208,3.64,3.73,3.64,3.73
20110209,3.71,3.74,3.63,3.64
20110210,3.67,3.72,3.65,3.71
20110211,3.66,3.67,3.61,3.65
20110214,3.65,3.66,3.60,3.61
20110215,3.65,3.66,3.60,3.62
20110216,3.59,3.65,3.58,3.62
20110217,3.60,3.61,3.55,3.57
20110218,3.61,3.63,3.58,3.59
20110222,3.53,3.54,3.46,3.46
20110223,3.48,3.49,3.43,3.49
20110224,3.43,3.46,3.42,3.44
20110225,3.47,3.47,3.42,3.42
20110228,3.42,3.43,3.40,3.41
20110301,3.46,3.49,3.41,3.41
20110302,3.43,3.47,3.41,3.46
20110303,3.48,3.57,3.48,3.57
20110304,3.58,3.60,3.48,3.49
20110307,3.53,3.55,3.47,3.50
20110308,3.50,3.56,3.49,3.54
20110309,3.54,3.54,3.45,3.47
20110310,3.48,3.48,3.38,3.39
20110311,3.38,3.41,3.35,3.39
20110314,3.39,3.39,3.33,3.35
20110315,3.23,3.33,3.23,3.32
20110316,3.30,3.31,3.14,3.21
20110317,3.25,3.29,3.23,3.25
20110318,3.25,3.33,3.24,3.28
20110321,3.31,3.37,3.30,3.32
20110322,3.35,3.36,3.33,3.33
20110323,3.33,3.33,3.33,3.33
20110324,3.38,3.40,3.36,3.40
20110325,3.39,3.46,3.38,3.44
20110328,3.47,3.48,3.44,3.44
20110329,3.45,3.50,3.43,3.49
20110330,3.49,3.49,3.45,3.46
20110331,3.43,3.48,3.40,3.45
20110401,3.50,3.53,3.45,3.45
20110404,3.44,3.44,3.33,3.42
20110405,3.41,3.48,3.33,3.47
20110406,3.50,3.55,3.50,3.54
20110407,3.57,3.58,3.52,3.56
20110408,3.60,3.62,3.58,3.60
20110411,3.60,3.60,3.56,3.58
20110412,3.53,3.54,3.47,3.50
20110413,3.52,3.54,3.46,3.47
20110414,3.44,3.50,3.42,3.48
20110415,3.47,3.47,3.40,3.41
20110418,3.37,3.46,3.36,3.37
20110419,3.40,3.40,3.35,3.36
20110420,3.40,3.40,3.37,3.40
20110421,3.39,3.40,3.37,3.40
20110425,3.38,3.40,3.36,3.36
20110426,3.36,3.37,3.31,3.32
20110427,3.35,3.39,3.34,3.37
20110428,3.33,3.35,3.30,3.31
20110429,3.30,3.33,3.29,3.30
20110502,3.31,3.31,3.26,3.29
20110503,3.26,3.28,3.25,3.25
20110504,3.26,3.27,3.21,3.22
20110505,3.19,3.20,3.16,3.17
20110506,3.17,3.24,3.13,3.16
20110509,3.17,3.18,3.13,3.14
20110510,3.16,3.20,3.16,3.19
20110511,3.22,3.22,3.15,3.16
20110512,3.18,3.25,3.17,3.23
20110513,3.23,3.23,3.13,3.19
20110516,3.17,3.20,3.15,3.15
20110517,3.15,3.15,3.10,3.12
20110518,3.10,3.18,3.10,3.17
20110519,3.19,3.24,3.17,3.17
20110520,3.16,3.19,3.15,3.15
20110523,3.10,3.14,3.09,3.13
20110524,3.15,3.16,3.11,3.12
20110525,3.12,3.14,3.10,3.13
20110526,3.15,3.15,3.06,3.06
20110527,3.09,3.10,3.06,3.06
20110531,3.09,3.10,3.04,3.05
20110601,3.02,3.02,2.95,2.97
20110602,2.97,3.03,2.97,3.03
20110603,3.02,3.02,2.95,3.00
20110606,3.00,3.04,3.00,3.00
20110607,3.03,3.06,3.01,3.01
20110608,2.97,2.98,2.93,2.96
20110609,2.93,3.02,2.92,3.00
20110610,2.97,2.98,2.94,2.97
20110613,2.99,3.01,2.95,2.99
20110614,3.02,3.10,3.01,3.10
20110615,3.08,3.10,2.96,2.97
20110616,2.90,2.96,2.89,2.91
20110617,2.97,2.98,2.93,2.94
20110620,2.90,2.98,2.90,2.96
20110621,2.98,3.00,2.95,2.98
20110622,2.96,2.99,2.94,2.99
20110623,2.94,2.94,2.89,2.91
20110624,2.91,2.94,2.85,2.87
20110627,2.88,2.93,2.85,2.93
20110628,2.93,3.06,2.93,3.04
20110629,3.07,3.13,3.06,3.11
20110630,3.10,3.22,3.09,3.16
20110701,3.15,3.22,3.14,3.20
20110705,3.15,3.16,3.12,3.14
20110706,3.08,3.12,3.07,3.10
20110707,3.16,3.17,3.14,3.15
20110708,3.17,3.18,3.01,3.02
20110711,2.95,2.98,2.91,2.92
20110712,2.90,2.94,2.88,2.91
20110713,2.94,2.95,2.89,2.89
20110714,2.91,2.95,2.89,2.94
20110715,2.95,2.98,2.90,2.91
20110718,2.88,2.93,2.88,2.91
20110719,2.95,2.96,2.88,2.89
20110720,2.92,2.94,2.90,2.93
20110721,2.96,3.04,2.95,3.01
20110722,2.99,2.99,2.96,2.96
20110725,2.96,3.03,2.94,3.00
20110726,3.02,3.03,2.94,2.95
20110727,2.96,3.01,2.94,2.98
20110728,2.96,2.97,2.93,2.95
20110729,2.92,2.92,2.81,2.81
20110801,2.79,2.82,2.72,2.74
20110802,2.69,2.72,2.60,2.62
20110803,2.61,2.63,2.55,2.60
20110804,2.58,2.60,2.46,2.46
20110805,2.46,2.58,2.43,2.56
20110808,2.50,2.50,2.33,2.34
20110809,2.39,2.41,2.17,2.18
20110810,2.21,2.22,2.09,2.14
20110811,2.13,2.36,2.13,2.34
20110812,2.28,2.31,2.22,2.24
20110815,2.27,2.29,2.23,2.29
20110816,2.27,2.30,2.20,2.21
20110817,2.24,2.26,2.16,2.17
20110818,2.10,2.11,1.98,2.08
20110819,2.11,2.12,2.07,2.07
20110822,2.12,2.13,2.08,2.09
20110823,2.16,2.16,2.06,2.14
20110824,2.15,2.27,2.14,2.26
20110825,2.29,2.29,2.21,2.22
20110826,2.19,2.22,2.12,2.19
20110829,2.23,2.30,2.23,2.27
20110830,2.20,2.21,2.16,2.18
20110831,2.17,2.22,2.14,2.22
20110901,2.20,2.28,2.14,2.15
20110902,2.12,2.16,2.00,2.00
20110906,1.95,1.99,1.93,1.98
20110907,2.02,2.06,2.00,2.04
20110908,1.99,2.04,1.98,1.99
20110909,2.01,2.02,1.90,1.92
20110912,1.90,1.95,1.90,1.93
20110913,1.95,2.01,1.94,1.99
20110914,2.02,2.03,1.96,2.01
20110915,2.03,2.12,2.03,2.08
20110916,2.09,2.12,2.06,2.08
20110919,1.99,1.99,1.93,1.94
20110920,1.97,1.99,1.94,1.95
20110921,1.93,1.96,1.86,1.88
20110922,1.76,1.79,1.70,1.72
20110923,1.70,1.82,1.70,1.81
20110926,1.85,1.91,1.83,1.90
20110927,1.98,2.02,1.96,2.02
20110928,1.98,2.06,1.97,2.00
20110929,1.97,2.03,1.95,1.96
20110930,1.95,1.96,1.89,1.92
20111003,1.88,1.89,1.78,1.78
20111004,1.74,1.84,1.72,1.78
20111005,1.86,1.91,1.84,1.91
20111006,1.92,1.99,1.92,1.99
20111007,2.01,2.12,2.01,2.07
20111010,2.08,2.08,2.08,2.08
20111011,2.15,2.18,2.13,2.16
20111012,2.19,2.27,2.19,2.23
20111013,2.20,2.20,2.12,2.17
20111014,2.23,2.26,2.21,2.23
20111017,2.23,2.24,2.15,2.15
20111018,2.10,2.17,2.10,2.15
20111019,2.19,2.23,2.13,2.16
20111020,2.17,2.21,2.11,2.18
20111021,2.21,2.24,2.18,2.20
20111024,2.18,2.24,2.17,2.23
20111025,2.25,2.26,2.11,2.13
20111026,2.14,2.21,2.11,2.20
20111027,2.30,2.41,2.27,2.40
20111028,2.37,2.37,2.29,2.31
20111031,2.24,2.24,2.17,2.17
20111101,2.03,2.05,1.96,2.00
20111102,2.05,2.06,1.99,2.01
20111103,2.04,2.08,2.02,2.07
20111104,2.08,2.14,2.02,2.05
20111107,2.03,2.06,1.96,1.99
20111108,2.05,2.07,2.00,2.07
20111109,1.97,2.01,1.93,1.96
20111110,2.03,2.10,2.01,2.06
20111111,2.06,2.06,2.06,2.06
20111114,2.10,2.10,2.03,2.04
20111115,2.01,2.07,2.00,2.06
20111116,2.04,2.05,2.01,2.02
20111117,1.99,2.04,1.94,1.96
20111118,2.00,2.03,1.99,2.01
20111121,1.96,1.97,1.94,1.96
20111122,1.96,1.99,1.94,1.94
20111123,1.92,1.96,1.88,1.88
20111125,1.92,1.97,1.91,1.97
20111128,2.06,2.08,1.95,1.96
20111129,2.00,2.05,1.97,2.00
20111130,2.06,2.11,2.05,2.07
20111201,2.13,2.14,2.07,2.12
20111202,2.13,2.16,2.04,2.04
20111205,2.08,2.11,2.04,2.05
20111206,2.07,2.10,2.05,2.09
20111207,2.07,2.09,2.01,2.02
20111208,2.06,2.10,1.97,1.97
20111209,2.00,2.06,1.97,2.05
20111212,2.03,2.03,1.99,2.01
20111213,2.04,2.06,1.95,1.96
20111214,1.96,1.97,1.90,1.90
20111215,1.90,1.94,1.90,1.91
20111216,1.93,1.93,1.83,1.85
20111219,1.86,1.88,1.80,1.81
20111220,1.85,1.93,1.85,1.93
20111221,1.91,1.98,1.90,1.97
20111222,1.96,1.97,1.92,1.95
20111223,1.97,2.04,1.96,2.03
20111227,2.03,2.03,2.00,2.01
20111228,2.01,2.01,1.91,1.91
20111229,1.91,1.94,1.89,1.90
20111230,1.90,1.90,1.86,1.87
20120103,1.95,1.97,1.92,1.96
20120104,1.94,2.01,1.93,1.99
20120105,1.99,2.02,1.94,1.99
20120106,2.00,2.04,1.95,1.96
20120109,1.98,1.99,1.92,1.96
20120110,1.99,2.01,1.95,1.97
20120111,1.95,1.95,1.90,1.90
20120112,1.92,1.94,1.89,1.93
20120113,1.91,1.91,1.84,1.85
20120117,1.90,1.91,1.85,1.85
20120118,1.86,1.90,1.84,1.90
20120119,1.93,2.00,1.92,1.97
20120120,1.99,2.03,1.98,2.03
20120123,2.06,2.09,2.05,2.07
20120124,2.05,2.08,2.04,2.06
20120125,2.06,2.07,1.92,2.01
20120126,1.96,1.98,1.92,1.93
20120127,1.96,1.97,1.89,1.90
20120130,1.84,1.85,1.81,1.84
20120131,1.85,1.86,1.80,1.80
20120201,1.81,1.85,1.80,1.85
20120202,1.82,1.85,1.81,1.82
20120203,1.82,1.95,1.81,1.95
20120206,1.92,1.95,1.89,1.90
20120207,1.91,1.99,1.91,1.97
20120208,2.00,2.00,1.96,1.98
20120209,2.03,2.07,2.03,2.05
20120210,1.98,2.00,1.96,1.97
20120213,2.00,2.02,1.96,1.99
20120214,1.97,1.97,1.92,1.92
20120215,1.93,1.95,1.90,1.93
20120216,1.92,2.01,1.92,1.99
20120217,2.03,2.04,2.01,2.01
20120221,2.02,2.08,2.02,2.04
20120222,2.05,2.05,2.00,2.00
20120223,2.04,2.04,1.97,1.98
20120224,1.99,1.99,1.97,1.98
20120227,1.94,1.94,1.91,1.92
20120228,1.93,1.93,1.90,1.93
20120229,1.92,2.01,1.92,1.98
20120301,2.03,2.06,2.02,2.04
20120302,2.01,2.01,1.97,1.99
20120305,1.99,2.01,1.97,2.00
20120306,1.98,1.98,1.93,1.94
20120307,1.95,1.98,1.95,1.97
20120308,2.00,2.02,1.98,2.01
20120309,2.02,2.06,2.02,2.04
20120312,2.00,2.03,1.99,2.03
20120313,2.05,2.12,2.05,2.11
20120314,2.19,2.29,2.17,2.27
20120315,2.33,2.34,2.25,2.28
20120316,2.33,2.36,2.29,2.30
20120319,2.27,2.39,2.27,2.38
20120320,2.33,2.40,2.33,2.37
20120321,2.35,2.35,2.28,2.29
20120322,2.26,2.29,2.25,2.27
20120323,2.25,2.26,2.21,2.24
20120326,2.27,2.29,2.24,2.24
20120327,2.23,2.24,2.18,2.19
20120328,2.21,2.23,2.16,2.20
20120329,2.19,2.20,2.15,2.16
20120330,2.15,2.24,2.14,2.22
20120402,2.20,2.21,2.16,2.19
20120403,2.16,2.28,2.15,2.28
20120404,2.26,2.26,2.23,2.24
20120405,2.17,2.21,2.14,2.17
20120409,2.03,2.04,2.02,2.04
20120410,2.05,2.05,1.97,1.99
20120411,2.03,2.05,2.02,2.03
20120412,2.04,2.06,2.01,2.05
20120413,2.01,2.03,1.98,2.00
20120416,1.97,2.00,1.95,1.97
20120417,2.00,2.01,1.99,2.01
20120418,1.99,1.99,1.97,1.98
20120419,1.98,1.98,1.95,1.95
20120420,2.00,2.00,1.96,1.97
20120423,1.92,1.94,1.91,1.93
20120424,1.95,1.96,1.94,1.95
20120425,1.99,2.04,1.97,1.98
20120426,1.95,1.97,1.93,1.96
20120427,1.95,1.96,1.93,1.93
20120430,1.92,1.92,1.91,1.92
20120501,1.92,1.96,1.90,1.96
20120502,1.91,1.94,1.90,1.92
20120503,1.92,1.96,1.92,1.92
20120504,1.94,1.95,1.87,1.88
20120507,1.87,1.88,1.86,1.88
20120508,1.85,1.86,1.82,1.84
20120509,1.80,1.84,1.79,1.83
20120510,1.90,1.92,1.88,1.88
20120511,1.85,1.86,1.84,1.84
20120514,1.78,1.80,1.77,1.79
20120515,1.79,1.81,1.77,1.78
20120516,1.81,1.82,1.75,1.76
20120517,1.77,1.78,1.70,1.70
20120518,1.72,1.74,1.70,1.70
20120521,1.74,1.75,1.72,1.74
20120522,1.79,1.80,1.78,1.79
20120523,1.74,1.75,1.71,1.72
20120524,1.75,1.78,1.75,1.76
20120525,1.76,1.76,1.74,1.75
20120529,1.73,1.74,1.71,1.73
20120530,1.69,1.69,1.62,1.63
20120531,1.62,1.62,1.53,1.58
20120601,1.52,1.53,1.44,1.47
20120604,1.50,1.53,1.49,1.53
20120605,1.55,1.57,1.53,1.56
20120606,1.59,1.67,1.55,1.65
20120607,1.68,1.69,1.63,1.65
20120608,1.57,1.64,1.56,1.64
20120611,1.63,1.66,1.58,1.60
20120612,1.61,1.67,1.61,1.66
20120613,1.68,1.69,1.60,1.60
20120614,1.61,1.65,1.59,1.61
20120615,1.60,1.61,1.56,1.59
20120618,1.57,1.60,1.56,1.58
20120619,1.58,1.64,1.58,1.62
20120620,1.65,1.68,1.60,1.64
20120621,1.64,1.65,1.60,1.62
20120622,1.64,1.68,1.64,1.67
20120625,1.63,1.63,1.60,1.61
20120626,1.62,1.65,1.61,1.63
20120627,1.63,1.65,1.61,1.62
20120628,1.59,1.60,1.57,1.58
20120629,1.64,1.68,1.64,1.66
20120702,1.64,1.64,1.56,1.58
20120703,1.61,1.64,1.59,1.63
20120705,1.62,1.62,1.58,1.60
20120706,1.59,1.59,1.54,1.54
20120709,1.52,1.54,1.51,1.51
20120710,1.52,1.53,1.50,1.50
20120711,1.51,1.51,1.45,1.50
20120712,1.49,1.50,1.48,1.48
20120713,1.48,1.52,1.48,1.50
20120716,1.48,1.48,1.44,1.46
20120717,1.49,1.51,1.47,1.50
20120718,1.48,1.49,1.47,1.48
20120719,1.51,1.52,1.49,1.51
20120720,1.47,1.48,1.45,1.46
20120723,1.40,1.44,1.40,1.44
20120724,1.44,1.47,1.39,1.40
20120725,1.43,1.43,1.40,1.41
20120726,1.43,1.45,1.42,1.43
20120727,1.47,1.59,1.47,1.55
20120730,1.54,1.54,1.50,1.50
20120731,1.48,1.52,1.47,1.49
20120801,1.49,1.54,1.48,1.54
20120802,1.55,1.57,1.45,1.48
20120803,1.51,1.59,1.51,1.58
20120806,1.56,1.56,1.53,1.56
20120807,1.60,1.64,1.60,1.63
20120808,1.62,1.66,1.61,1.64
20120809,1.69,1.73,1.68,1.69
20120810,1.65,1.66,1.63,1.65
20120813,1.66,1.67,1.63,1.65
20120814,1.69,1.73,1.68,1.73
20120815,1.78,1.81,1.75,1.80
20120816,1.81,1.86,1.79,1.84
20120817,1.82,1.83,1.80,1.82
20120820,1.83,1.84,1.79,1.81
20120821,1.84,1.86,1.80,1.80
20120822,1.77,1.77,1.71,1.72
20120823,1.70,1.71,1.66,1.67
20120824,1.65,1.68,1.63,1.68
20120827,1.68,1.68,1.64,1.65
20120828,1.64,1.64,1.61,1.63
20120829,1.64,1.68,1.64,1.65
20120830,1.64,1.64,1.61,1.62
20120831,1.64,1.65,1.56,1.56
20120904,1.56,1.59,1.55,1.58
20120905,1.57,1.60,1.57,1.59
20120906,1.64,1.68,1.63,1.67
20120907,1.73,1.73,1.59,1.66
20120910,1.68,1.69,1.66,1.68
20120911,1.68,1.70,1.67,1.70
20120912,1.73,1.77,1.73,1.76
20120913,1.74,1.83,1.71,1.76
20120914,1.83,1.89,1.80,1.87
20120917,1.85,1.86,1.82,1.84
20120918,1.80,1.81,1.78,1.81
20120919,1.79,1.80,1.76,1.78
20120920,1.74,1.79,1.72,1.78
20120921,1.78,1.79,1.75,1.76
20120924,1.73,1.73,1.71,1.72
20120925,1.70,1.73,1.68,1.68
20120926,1.64,1.65,1.61,1.62
20120927,1.64,1.66,1.62,1.64
20120928,1.62,1.65,1.60,1.64
20121001,1.62,1.65,1.61,1.63
20121002,1.65,1.65,1.61,1.61
20121003,1.62,1.64,1.61,1.62
20121004,1.64,1.67,1.63,1.67
20121005,1.68,1.74,1.68,1.73
20121009,1.72,1.73,1.69,1.72
20121010,1.74,1.75,1.68,1.69
20121011,1.70,1.73,1.67,1.68
20121012,1.68,1.68,1.63,1.66
20121015,1.68,1.69,1.65,1.66
20121016,1.70,1.73,1.70,1.72
20121017,1.75,1.81,1.75,1.81
20121018,1.81,1.83,1.78,1.83
20121019,1.80,1.82,1.76,1.77
20121022,1.80,1.81,1.78,1.80
20121023,1.77,1.77,1.75,1.76
20121024,1.78,1.79,1.76,1.77
20121025,1.84,1.85,1.80,1.83
20121026,1.78,1.80,1.75,1.75
20121031,1.73,1.74,1.69,1.69
20121101,1.72,1.74,1.71,1.72
20121102,1.72,1.78,1.72,1.73
20121105,1.69,1.70,1.67,1.68
20121106,1.70,1.75,1.69,1.74
20121107,1.64,1.65,1.62,1.63
20121108,1.68,1.70,1.62,1.63
20121109,1.59,1.64,1.59,1.61
20121113,1.60,1.61,1.58,1.59
20121114,1.61,1.63,1.59,1.59
20121115,1.61,1.61,1.57,1.59
20121116,1.59,1.60,1.56,1.57
20121119,1.61,1.63,1.61,1.61
20121120,1.62,1.66,1.62,1.66
20121121,1.68,1.69,1.67,1.69
20121123,1.68,1.70,1.68,1.69
20121126,1.66,1.67,1.64,1.66
20121127,1.66,1.68,1.64,1.65
20121128,1.61,1.63,1.60,1.62
20121129,1.64,1.64,1.61,1.62
20121130,1.60,1.62,1.60,1.61
20121203,1.64,1.66,1.63,1.63
20121204,1.63,1.63,1.60,1.61
20121205,1.60,1.60,1.57,1.59
20121206,1.58,1.58,1.56,1.58
20121207,1.58,1.63,1.57,1.63
20121210,1.61,1.63,1.60,1.62
20121211,1.64,1.66,1.64,1.65
20121212,1.66,1.70,1.64,1.70
20121213,1.70,1.74,1.70,1.73
20121214,1.73,1.73,1.70,1.71
20121217,1.71,1.76,1.71,1.76
20121218,1.78,1.85,1.77,1.83
20121219,1.82,1.82,1.77,1.80
20121220,1.79,1.81,1.77,1.80
20121221,1.76,1.76,1.74,1.75
20121224,1.77,1.78,1.77,1.77
20121227,1.76,1.77,1.70,1.72
20121228,1.71,1.72,1.70,1.71
20121231,1.70,1.76,1.69,1.76
20130102,1.84,1.86,1.82,1.84
20130103,1.84,1.91,1.83,1.90
20130104,1.95,1.97,1.91,1.92
20130107,1.90,1.92,1.89,1.90
20130108,1.89,1.89,1.86,1.87
20130109,1.87,1.88,1.85,1.85
20130110,1.89,1.91,1.88,1.89
20130111,1.89,1.93,1.87,1.88
20130114,1.84,1.86,1.83,1.86
20130115,1.82,1.83,1.81,1.83
20130116,1.81,1.83,1.80,1.82
20130117,1.84,1.89,1.84,1.88
20130118,1.87,1.87,1.83,1.84
20130122,1.86,1.87,1.83,1.83
20130123,1.84,1.84,1.81,1.83
20130124,1.81,1.87,1.81,1.84
20130125,1.92,1.95,1.90,1.95
20130128,1.96,2.00,1.96,1.97
20130129,1.96,2.00,1.95,1.99
20130130,2.01,2.04,1.98,2.01
20130131,1.97,2.00,1.97,1.99
20130201,2.01,2.04,1.93,2.01
20130204,2.00,2.00,1.95,1.97
20130205,2.01,2.02,2.00,2.02
20130206,1.98,1.99,1.96,1.97
20130207,1.98,1.98,1.94,1.95
20130208,1.94,1.99,1.94,1.95
20130211,1.97,1.97,1.95,1.95
20130212,1.97,1.99,1.96,1.98
20130213,2.02,2.03,2.00,2.02
20130214,2.04,2.05,2.00,2.00
20130215,2.01,2.04,2.00,2.01
20130219,2.01,2.03,1.99,2.03
20130220,2.04,2.05,2.01,2.02
20130221,1.99,1.99,1.96,1.98
20130222,1.98,1.99,1.96,1.97
20130225,1.98,2.00,1.87,1.90
20130226,1.86,1.90,1.84,1.88
20130227,1.86,1.90,1.84,1.90
20130228,1.88,1.91,1.87,1.89
20130301,1.85,1.87,1.84,1.85
20130304,1.84,1.88,1.84,1.88
20130305,1.90,1.91,1.89,1.89
20130306,1.94,1.94,1.92,1.94
20130307,1.94,2.00,1.94,1.99
20130308,2.01,2.09,2.00,2.06
20130311,2.04,2.06,2.04,2.06
20130312,2.04,2.04,2.01,2.02
20130313,2.01,2.05,2.00,2.02
20130314,2.05,2.07,2.02,2.03
20130315,2.04,2.04,1.99,2.00
20130318,1.95,1.97,1.94,1.96
20130319,1.94,1.95,1.89,1.91
20130320,1.94,1.95,1.93,1.94
20130321,1.95,1.96,1.92,1.93
20130322,1.91,1.94,1.91,1.92
20130325,1.97,1.97,1.90,1.92
20130326,1.93,1.94,1.90,1.91
20130327,1.86,1.87,1.83,1.85
20130328,1.86,1.87,1.84,1.85
20130401,1.88,1.88,1.83,1.84
20130402,1.83,1.87,1.83,1.86
20130403,1.85,1.85,1.80,1.81
20130404,1.79,1.79,1.76,1.76
20130405,1.69,1.70,1.68,1.69
20130408,1.72,1.73,1.71,1.73
20130409,1.75,1.75,1.73,1.75
20130410,1.77,1.80,1.77,1.80
20130411,1.80,1.80,1.78,1.79
20130412,1.75,1.76,1.72,1.72
20130415,1.71,1.73,1.70,1.70
20130416,1.73,1.73,1.71,1.72
20130417,1.71,1.72,1.67,1.70
20130418,1.70,1.70,1.68,1.69
20130419,1.70,1.71,1.69,1.70
20130422,1.72,1.72,1.68,1.70
20130423,1.67,1.71,1.65,1.70
20130424,1.71,1.71,1.69,1.70
20130425,1.71,1.73,1.71,1.71
20130426,1.69,1.69,1.66,1.66
20130429,1.66,1.67,1.65,1.67
20130430,1.65,1.68,1.64,1.68
20130501,1.66,1.66,1.61,1.64
20130502,1.64,1.66,1.62,1.63
20130503,1.63,1.75,1.63,1.75
20130506,1.75,1.78,1.74,1.77
20130507,1.78,1.79,1.77,1.78
20130508,1.79,1.79,1.75,1.76
20130509,1.78,1.82,1.78,1.81
20130510,1.85,1.93,1.84,1.90
20130513,1.92,1.94,1.92,1.92
20130514,1.91,1.96,1.90,1.95
20130515,1.96,1.98,1.92,1.94
20130516,1.95,1.96,1.86,1.86
20130517,1.88,1.96,1.88,1.95
20130520,1.94,1.98,1.92,1.97
20130521,1.96,1.99,1.93,1.94
20130522,1.93,2.04,1.89,2.03
20130523,2.01,2.05,1.98,2.02
20130524,2.01,2.03,1.98,2.01
20130528,2.04,2.14,2.04,2.13
20130529,2.15,2.17,2.12,2.12
20130530,2.15,2.16,2.09,2.12
20130531,2.09,2.21,2.08,2.16
20130603,2.17,2.17,2.09,2.13
20130604,2.13,2.16,2.12,2.14
20130605,2.11,2.13,2.08,2.10
20130606,2.08,2.13,2.02,2.08
20130607,2.09,2.17,2.05,2.16
20130610,2.19,2.23,2.17,2.21
20130611,2.27,2.27,2.17,2.19
20130612,2.19,2.23,2.17,2.23
20130613,2.20,2.22,2.17,2.17
20130614,2.12,2.15,2.10,2.13
20130617,2.12,2.17,2.12,2.17
20130618,2.20,2.22,2.17,2.18
20130619,2.17,2.33,2.17,2.31
20130620,2.42,2.44,2.36,2.42
20130621,2.39,2.51,2.38,2.51
20130624,2.65,2.65,2.52,2.55
20130625,2.50,2.61,2.50,2.59
20130626,2.57,2.58,2.51,2.54
20130627,2.50,2.52,2.47,2.48
20130628,2.50,2.55,2.48,2.48
20130701,2.52,2.53,2.47,2.49
20130702,2.48,2.50,2.46,2.47
20130703,2.48,2.50,2.45,2.50
20130705,2.57,2.73,2.55,2.71
20130708,2.72,2.72,2.64,2.65
20130709,2.64,2.65,2.62,2.63
20130710,2.63,2.69,2.62,2.68
20130711,2.59,2.61,2.57,2.57
20130712,2.54,2.60,2.52,2.60
20130715,2.63,2.64,2.54,2.56
20130716,2.52,2.55,2.52,2.53
20130717,2.54,2.55,2.46,2.49
20130718,2.48,2.54,2.48,2.53
20130719,2.54,2.54,2.49,2.49
20130722,2.48,2.49,2.47,2.49
20130723,2.52,2.53,2.50,2.52
20130724,2.56,2.62,2.56,2.59
20130725,2.60,2.63,2.59,2.61
20130726,2.58,2.58,2.54,2.56
20130729,2.56,2.60,2.56,2.58
20130730,2.59,2.61,2.57,2.60
20130731,2.66,2.69,2.59,2.59
20130801,2.60,2.72,2.60,2.72
20130802,2.74,2.74,2.60,2.60
20130805,2.62,2.66,2.62,2.64
20130806,2.63,2.67,2.63,2.64
20130807,2.63,2.63,2.59,2.60
20130808,2.60,2.61,2.58,2.59
20130809,2.58,2.61,2.58,2.58
20130812,2.59,2.60,2.55,2.60
20130813,2.67,2.73,2.67,2.71
20130814,2.72,2.72,2.70,2.71
20130815,2.76,2.82,2.73,2.75
20130816,2.80,2.86,2.77,2.83
20130819,2.85,2.90,2.84,2.88
20130820,2.81,2.84,2.81,2.81
20130821,2.82,2.88,2.81,2.85
20130822,2.92,2.92,2.87,2.90
20130823,2.91,2.92,2.80,2.82
20130826,2.82,2.83,2.78,2.81
20130827,2.76,2.77,2.71,2.72
20130828,2.75,2.79,2.75,2.78
20130829,2.80,2.83,2.74,2.75
20130830,2.77,2.78,2.74,2.75
20130903,2.84,2.91,2.83,2.85
20130904,2.87,2.91,2.85,2.90
20130905,2.90,2.98,2.90,2.98
20130906,2.96,2.96,2.87,2.94
20130909,2.90,2.91,2.88,2.90
20130910,2.95,2.97,2.92,2.96
20130911,2.94,2.97,2.91,2.92
20130912,2.89,2.91,2.86,2.91
20130913,2.92,2.92,2.88,2.90
20130916,2.81,2.88,2.78,2.87
20130917,2.85,2.87,2.83,2.85
20130918,2.85,2.90,2.70,2.71
20130919,2.70,2.75,2.69,2.75
20130920,2.77,2.77,2.72,2.73
20130923,2.74,2.74,2.70,2.71
20130924,2.69,2.69,2.64,2.65
20130925,2.65,2.67,2.61,2.61
20130926,2.64,2.66,2.63,2.64
20130927,2.63,2.64,2.60,2.62
20130930,2.60,2.64,2.60,2.62
20131001,2.65,2.65,2.62,2.65
20131002,2.61,2.63,2.59,2.63
20131003,2.63,2.64,2.58,2.61
20131004,2.62,2.66,2.62,2.65
20131007,2.62,2.63,2.61,2.63
20131008,2.65,2.66,2.62,2.64
20131009,2.64,2.67,2.64,2.65
20131010,2.70,2.72,2.69,2.69
20131011,2.68,2.68,2.65,2.68
20131015,2.72,2.73,2.69,2.72
20131016,2.73,2.75,2.67,2.67
20131017,2.63,2.63,2.58,2.58
20131018,2.58,2.60,2.56,2.59
20131021,2.59,2.62,2.59,2.61
20131022,2.58,2.58,2.51,2.51
20131023,2.49,2.51,2.47,2.48
20131024,2.49,2.52,2.48,2.52
20131025,2.52,2.52,2.50,2.50
20131028,2.52,2.52,2.50,2.51
20131029,2.52,2.53,2.51,2.51
20131030,2.49,2.54,2.47,2.53
20131031,2.52,2.57,2.50,2.54
20131101,2.58,2.63,2.57,2.62
20131104,2.61,2.61,2.59,2.60
20131105,2.62,2.68,2.62,2.66
20131106,2.66,2.66,2.63,2.64
20131107,2.62,2.64,2.60,2.61
20131108,2.62,2.76,2.62,2.74
20131112,2.76,2.78,2.75,2.77
20131113,2.74,2.74,2.72,2.73
20131114,2.72,2.74,2.69,2.70
20131115,2.73,2.73,2.69,2.71
20131118,2.70,2.71,2.67,2.68
20131119,2.69,2.72,2.68,2.71
20131120,2.72,2.79,2.69,2.79
20131121,2.80,2.84,2.78,2.78
20131122,2.77,2.78,2.75,2.75
20131125,2.76,2.77,2.73,2.74
20131126,2.72,2.73,2.69,2.70
20131127,2.72,2.77,2.72,2.74
20131129,2.75,2.77,2.74,2.74
20131202,2.78,2.81,2.77,2.80
20131203,2.78,2.78,2.76,2.77
20131204,2.83,2.85,2.82,2.84
20131205,2.84,2.87,2.84,2.86
20131206,2.87,2.93,2.84,2.88
20131209,2.85,2.86,2.83,2.86
20131210,2.82,2.82,2.79,2.80
20131211,2.82,2.85,2.81,2.84
20131212,2.86,2.89,2.86,2.88
20131213,2.87,2.88,2.86,2.87
20131216,2.85,2.89,2.84,2.88
20131217,2.88,2.89,2.84,2.84
20131218,2.86,2.91,2.82,2.88
20131219,2.92,2.95,2.91,2.92
20131220,2.95,2.97,2.88,2.89
20131223,2.92,2.93,2.90,2.93
20131224,2.94,2.98,2.94,2.98
20131226,2.98,3.00,2.98,2.99
20131227,3.02,3.02,2.98,3.01
20131230,2.99,2.99,2.97,2.98
20131231,2.98,3.04,2.98,3.03
20140102,3.03,3.03,2.98,2.98
20140103,3.00,3.01,2.97,3.00
20140106,2.98,2.98,2.95,2.96
20140107,2.96,2.96,2.94,2.94
20140108,2.98,3.01,2.98,2.99
20140109,2.99,3.00,2.96,2.96
20140110,2.96,2.97,2.86,2.87
20140113,2.86,2.87,2.82,2.83
20140114,2.85,2.88,2.84,2.87
20140115,2.86,2.91,2.86,2.88
20140116,2.88,2.88,2.84,2.85
20140117,2.83,2.86,2.83,2.83
20140121,2.84,2.84,2.82,2.83
20140122,2.85,2.86,2.84,2.86
20140123,2.84,2.84,2.76,2.77
20140124,2.76,2.76,2.72,2.73
20140127,2.75,2.77,2.72,2.77
20140128,2.78,2.78,2.75,2.75
20140129,2.76,2.76,2.67,2.67
20140130,2.70,2.73,2.69,2.69
20140131,2.65,2.67,2.65,2.67
20140203,2.67,2.68,2.58,2.59
20140204,2.61,2.63,2.61,2.63
20140205,2.61,2.67,2.60,2.67
20140206,2.68,2.71,2.67,2.70
20140207,2.72,2.73,2.63,2.68
20140210,2.67,2.69,2.67,2.68
20140211,2.69,2.73,2.68,2.72
20140212,2.74,2.78,2.74,2.76
20140213,2.76,2.76,2.73,2.73
20140214,2.73,2.75,2.73,2.75
20140218,2.73,2.74,2.70,2.71
20140219,2.68,2.74,2.68,2.73
20140220,2.74,2.77,2.73,2.75
20140221,2.76,2.78,2.73,2.73
20140224,2.74,2.76,2.73,2.75
20140225,2.73,2.73,2.70,2.70
20140226,2.72,2.72,2.66,2.67
20140227,2.65,2.66,2.64,2.64
20140228,2.66,2.70,2.65,2.65
20140303,2.61,2.63,2.60,2.61
20140304,2.65,2.69,2.64,2.69
20140305,2.70,2.72,2.68,2.70
20140306,2.72,2.75,2.72,2.74
20140307,2.72,2.82,2.72,2.79
20140310,2.80,2.80,2.77,2.78
20140311,2.79,2.80,2.76,2.77
20140312,2.75,2.75,2.71,2.73
20140313,2.73,2.75,2.65,2.65
20140314,2.63,2.67,2.61,2.65
20140317,2.67,2.70,2.66,2.70
20140318,2.69,2.70,2.67,2.68
20140319,2.68,2.77,2.68,2.77
20140320,2.78,2.79,2.76,2.77
20140321,2.76,2.78,2.74,2.75
20140324,2.77,2.78,2.72,2.73
20140325,2.75,2.76,2.73,2.73
20140326,2.75,2.76,2.70,2.70
20140327,2.70,2.71,2.66,2.67
20140328,2.69,2.73,2.68,2.71
20140331,2.74,2.76,2.72,2.72
20140401,2.74,2.77,2.74,2.76
20140402,2.78,2.81,2.77,2.80
20140403,2.80,2.80,2.78,2.79
20140404,2.80,2.80,2.72,2.73
20140407,2.73,2.73,2.68,2.69
20140408,2.72,2.72,2.68,2.68
20140409,2.70,2.72,2.67,2.69
20140410,2.67,2.68,2.61,2.63
20140411,2.61,2.63,2.61,2.62
20140414,2.64,2.65,2.63,2.64
20140415,2.65,2.66,2.60,2.63
20140416,2.65,2.66,2.63,2.64
20140417,2.65,2.73,2.64,2.72
20140421,2.72,2.72,2.69,2.72
20140422,2.72,2.75,2.72,2.73
20140423,2.70,2.71,2.68,2.68
20140424,2.71,2.73,2.69,2.69
20140425,2.67,2.67,2.64,2.67
20140428,2.68,2.71,2.67,2.68
20140429,2.71,2.73,2.69,2.69
20140430,2.71,2.71,2.65,2.65
20140501,2.66,2.66,2.59,2.60
20140502,2.62,2.69,2.57,2.59
20140505,2.58,2.61,2.58,2.61
20140506,2.61,2.61,2.59,2.60
20140507,2.61,2.62,2.58,2.59
20140508,2.62,2.63,2.58,2.60
20140509,2.60,2.63,2.60,2.62
20140512,2.65,2.66,2.64,2.65
20140513,2.66,2.66,2.61,2.62
20140514,2.57,2.59,2.53,2.54
20140515,2.54,2.56,2.47,2.50
20140516,2.50,2.52,2.49,2.52
20140519,2.52,2.54,2.50,2.54
20140520,2.55,2.55,2.50,2.50
20140521,2.53,2.56,2.53,2.54
20140522,2.55,2.56,2.54,2.56
20140523,2.54,2.54,2.52,2.53
20140527,2.54,2.55,2.51,2.52
20140528,2.50,2.50,2.44,2.44
20140529,2.44,2.45,2.40,2.44
20140530,2.47,2.49,2.45,2.46
20140602,2.50,2.54,2.49,2.53
20140603,2.55,2.60,2.55,2.59
20140604,2.58,2.62,2.57,2.60
20140605,2.61,2.64,2.57,2.58
20140606,2.58,2.60,2.54,2.60
20140609,2.62,2.63,2.60,2.61
20140610,2.63,2.65,2.63,2.63
20140611,2.64,2.65,2.62,2.64
20140612,2.65,2.65,2.58,2.59
20140613,2.61,2.64,2.59,2.60
20140616,2.58,2.61,2.58,2.60
20140617,2.59,2.65,2.59,2.65
20140618,2.65,2.65,2.60,2.61
20140619,2.58,2.65,2.57,2.62
20140620,2.65,2.66,2.62,2.62
20140623,2.60,2.62,2.59,2.62
20140624,2.61,2.62,2.58,2.59
20140625,2.57,2.57,2.53,2.56
20140626,2.56,2.56,2.52,2.52
20140627,2.52,2.54,2.51,2.53
20140630,2.52,2.55,2.52,2.52
20140701,2.55,2.57,2.54,2.56
20140702,2.59,2.63,2.59,2.63
20140703,2.63,2.69,2.63,2.64
20140707,2.63,2.64,2.61,2.62
20140708,2.60,2.60,2.55,2.56
20140709,2.58,2.60,2.54,2.55
20140710,2.50,2.54,2.49,2.53
20140711,2.52,2.53,2.50,2.52
20140714,2.53,2.55,2.53,2.55
20140715,2.54,2.57,2.52,2.55
20140716,2.55,2.57,2.53,2.54
20140717,2.52,2.52,2.47,2.48
20140718,2.47,2.50,2.46,2.48
20140721,2.48,2.48,2.45,2.47
20140722,2.50,2.50,2.46,2.47
20140723,2.46,2.46,2.45,2.46
20140724,2.49,2.52,2.49,2.51
20140725,2.51,2.51,2.47,2.47
20140728,2.48,2.50,2.47,2.49
20140729,2.48,2.48,2.45,2.46
20140730,2.47,2.57,2.47,2.55
20140731,2.57,2.61,2.54,2.57
20140801,2.58,2.59,2.48,2.50
20140804,2.50,2.50,2.47,2.49
20140805,2.49,2.52,2.47,2.48
20140806,2.44,2.47,2.44,2.47
20140807,2.46,2.48,2.43,2.43
20140808,2.40,2.42,2.37,2.42
20140811,2.44,2.44,2.41,2.42
20140812,2.43,2.45,2.42,2.44
20140813,2.46,2.46,2.41,2.41
20140814,2.42,2.42,2.39,2.40
20140815,2.39,2.40,2.30,2.35
20140818,2.37,2.39,2.37,2.39
20140819,2.36,2.40,2.36,2.40
20140820,2.41,2.44,2.40,2.43
20140821,2.44,2.44,2.40,2.40
20140822,2.39,2.44,2.39,2.40
20140825,2.39,2.41,2.39,2.39
20140826,2.38,2.40,2.37,2.39
20140827,2.37,2.39,2.36,2.36
20140828,2.34,2.35,2.32,2.33
20140829,2.35,2.35,2.33,2.34
20140902,2.39,2.42,2.39,2.42
20140903,2.46,2.46,2.41,2.41
20140904,2.40,2.46,2.38,2.45
20140905,2.47,2.47,2.39,2.46
20140908,2.44,2.48,2.42,2.47
20140909,2.50,2.51,2.48,2.50
20140910,2.53,2.54,2.52,2.53
20140911,2.52,2.54,2.51,2.53
20140912,2.58,2.62,2.58,2.61
20140915,2.60,2.61,2.58,2.59
20140916,2.55,2.59,2.55,2.59
20140917,2.58,2.62,2.55,2.60
20140918,2.63,2.64,2.62,2.63
20140919,2.61,2.63,2.58,2.59
20140922,2.56,2.58,2.55,2.57
20140923,2.55,2.56,2.53,2.54
20140924,2.54,2.57,2.53,2.57
20140925,2.54,2.54,2.51,2.51
20140926,2.50,2.55,2.50,2.53
20140929,2.50,2.50,2.48,2.49
20140930,2.50,2.51,2.48,2.51
20141001,2.48,2.48,2.40,2.40
20141002,2.42,2.44,2.39,2.44
20141003,2.44,2.48,2.44,2.45
20141006,2.43,2.45,2.41,2.43
20141007,2.42,2.42,2.34,2.35
20141008,2.36,2.38,2.33,2.33
20141009,2.29,2.35,2.29,2.33
20141010,2.30,2.32,2.30,2.31
20141014,2.19,2.24,2.19,2.21
20141015,2.16,2.17,1.86,2.10
20141016,2.06,2.18,2.02,2.15
20141017,2.17,2.23,2.17,2.19
20141020,2.19,2.20,2.16,2.18
20141021,2.21,2.23,2.20,2.21
20141022,2.21,2.25,2.20,2.23
20141023,2.26,2.30,2.25,2.27
20141024,2.24,2.28,2.23,2.28
20141027,2.26,2.27,2.24,2.26
20141028,2.28,2.30,2.26,2.28
20141029,2.29,2.36,2.29,2.32
20141030,2.31,2.32,2.28,2.31
20141031,2.33,2.35,2.32,2.33
20141103,2.33,2.38,2.32,2.35
20141104,2.32,2.35,2.30,2.34
20141105,2.37,2.37,2.34,2.35
20141106,2.33,2.38,2.33,2.37
20141107,2.39,2.40,2.31,2.31
20141110,2.29,2.36,2.29,2.36
20141112,2.33,2.37,2.32,2.36
20141113,2.35,2.37,2.34,2.35
20141114,2.36,2.38,2.31,2.32
20141117,2.31,2.35,2.31,2.34
20141118,2.33,2.34,2.31,2.32
20141119,2.34,2.36,2.32,2.35
20141120,2.33,2.35,2.30,2.34
20141121,2.34,2.35,2.31,2.31
20141124,2.33,2.34,2.30,2.31
20141125,2.30,2.32,2.26,2.26
20141126,2.25,2.25,2.23,2.23
20141128,2.21,2.22,2.19,2.19
20141201,2.16,2.22,2.16,2.22
20141202,2.25,2.29,2.25,2.29
20141203,2.29,2.30,2.28,2.29
20141204,2.28,2.30,2.25,2.26
20141205,2.25,2.33,2.25,2.31
20141208,2.31,2.31,2.24,2.26
20141209,2.24,2.24,2.19,2.22
20141210,2.21,2.22,2.17,2.17
20141211,2.16,2.21,2.15,2.18
20141212,2.12,2.14,2.08,2.10
20141215,2.13,2.13,2.08,2.12
20141216,2.05,2.10,2.04,2.07
20141217,2.10,2.15,2.07,2.13
20141218,2.18,2.22,2.17,2.20
20141219,2.21,2.21,2.17,2.18
20141222,2.19,2.19,2.16,2.16
20141223,2.17,2.26,2.17,2.26
20141224,2.28,2.30,2.26,2.26
20141226,2.24,2.26,2.24,2.25
20141229,2.22,2.23,2.19,2.21
20141230,2.19,2.19,2.17,2.19
20141231,2.18,2.19,2.17,2.17
20150102,2.20,2.21,2.10,2.12
20150105,2.10,2.11,2.04,2.04
20150106,1.97,2.00,1.89,1.96
20150107,1.98,2.01,1.94,1.95
20150108,2.00,2.03,1.99,2.02
20150109,1.99,2.02,1.94,1.97
20150112,1.96,1.97,1.90,1.91
20150113,1.88,1.94,1.88,1.89
20150114,1.87,1.87,1.80,1.84
20150115,1.81,1.85,1.76,1.77
20150116,1.71,1.83,1.70,1.81
20150120,1.83,1.83,1.76,1.81
20150121,1.80,1.86,1.78,1.85
20150122,1.94,1.94,1.82,1.89
20150123,1.82,1.85,1.80,1.82
20150126,1.81,1.84,1.80,1.83
20150127,1.79,1.83,1.75,1.82
20150128,1.82,1.83,1.73,1.73
20150129,1.75,1.78,1.74,1.75
20150130,1.70,1.71,1.65,1.67
20150202,1.67,1.71,1.66,1.67
20150203,1.72,1.78,1.72,1.78
20150204,1.82,1.85,1.78,1.79
20150205,1.81,1.83,1.79,1.81
20150206,1.82,1.96,1.80,1.94
20150209,1.92,1.99,1.89,1.98
20150210,1.97,2.02,1.97,2.00
20150211,1.98,2.03,1.97,2.02
20150212,1.99,2.04,1.96,1.99
20150213,2.00,2.05,1.99,2.05
20150217,2.01,2.15,2.00,2.14
20150218,2.12,2.16,2.04,2.08
20150219,2.07,2.12,2.04,2.12
20150220,2.11,2.14,2.04,2.11
20150223,2.10,2.14,2.05,2.06
20150224,2.07,2.09,1.97,1.98
20150225,1.98,2.00,1.96,1.97
20150226,1.96,2.04,1.93,2.03
20150227,2.02,2.05,1.99,1.99
20150302,2.02,2.10,1.99,2.09
20150303,2.09,2.13,2.08,2.12
20150304,2.14,2.14,2.09,2.12
20150305,2.12,2.15,2.10,2.12
20150306,2.11,2.26,2.10,2.24
20150309,2.23,2.23,2.19,2.19
20150310,2.19,2.20,2.12,2.12
20150311,2.11,2.16,2.10,2.11
20150312,2.12,2.12,2.04,2.11
20150313,2.12,2.15,2.08,2.12
20150316,2.09,2.11,2.06,2.07
20150317,2.07,2.08,2.04,2.05
20150318,2.04,2.06,1.91,1.92
20150319,1.92,1.99,1.92,1.97
20150320,1.96,1.98,1.92,1.93
20150323,1.92,1.94,1.91,1.91
20150324,1.92,1.92,1.87,1.87
20150325,1.87,1.93,1.85,1.93
20150326,1.91,2.01,1.89,2.00
20150327,1.98,2.00,1.94,1.96
20150330,1.95,1.98,1.94,1.95
20150331,1.95,1.97,1.92,1.93
20150401,1.93,1.95,1.85,1.86
20150402,1.86,1.92,1.83,1.91
20150406,1.83,1.91,1.83,1.90
20150407,1.90,1.93,1.88,1.89
20150408,1.88,1.92,1.87,1.91
20150409,1.90,1.97,1.88,1.96
20150410,1.95,1.97,1.92,1.95
20150413,1.94,1.98,1.93,1.93
20150414,1.92,1.93,1.85,1.90
20150415,1.89,1.92,1.87,1.89
20150416,1.90,1.93,1.87,1.89
20150417,1.88,1.91,1.84,1.87
20150420,1.86,1.90,1.85,1.89
20150421,1.89,1.92,1.87,1.91
20150422,1.90,1.99,1.89,1.98
20150423,1.97,1.99,1.93,1.96
20150424,1.95,1.97,1.91,1.91
20150427,1.90,1.95,1.90,1.92
20150428,1.92,2.01,1.92,2.01
20150429,1.99,2.08,1.98,2.04
20150430,2.03,2.11,2.03,2.03
20150501,2.05,2.12,2.05,2.11
20150504,2.12,2.15,2.09,2.15
20150505,2.15,2.20,2.12,2.19
20150506,2.18,2.25,2.18,2.25
20150507,2.24,2.30,2.17,2.18
20150508,2.15,2.20,2.10,2.15
20150511,2.15,2.29,2.14,2.28
20150512,2.30,2.37,2.23,2.25
20150513,2.24,2.30,2.19,2.30
20150514,2.27,2.28,2.22,2.23
20150515,2.21,2.22,2.13,2.14
20150518,2.15,2.24,2.14,2.24
20150519,2.22,2.30,2.18,2.29
20150520,2.27,2.29,2.23,2.25
20150521,2.25,2.25,2.18,2.19
20150522,2.19,2.24,2.16,2.21
20150526,2.20,2.21,2.13,2.14
20150527,2.14,2.17,2.13,2.13
20150528,2.13,2.15,2.12,2.14
20150529,2.13,2.13,2.09,2.12
20150601,2.12,2.20,2.11,2.18
20150602,2.19,2.28,2.18,2.26
20150603,2.27,2.39,2.26,2.37
20150604,2.37,2.43,2.30,2.31
20150605,2.33,2.43,2.32,2.41
20150608,2.40,2.41,2.37,2.38
20150609,2.36,2.45,2.36,2.44
20150610,2.44,2.49,2.43,2.48
20150611,2.48,2.50,2.38,2.38
20150612,2.37,2.40,2.34,2.40
20150615,2.33,2.38,2.31,2.36
20150616,2.34,2.36,2.31,2.31
20150617,2.32,2.40,2.30,2.32
20150618,2.28,2.38,2.26,2.34
20150619,2.31,2.32,2.26,2.26
20150622,2.31,2.38,2.28,2.38
20150623,2.39,2.43,2.36,2.41
20150624,2.39,2.42,2.37,2.37
20150625,2.38,2.42,2.37,2.41
20150626,2.41,2.49,2.39,2.48
20150629,2.33,2.41,2.31,2.33
20150630,2.31,2.38,2.31,2.36
20150701,2.36,2.44,2.35,2.42
20150702,2.43,2.47,2.36,2.38
20150706,2.30,2.34,2.28,2.29
20150707,2.30,2.32,2.19,2.26
20150708,2.19,2.25,2.18,2.20
20150709,2.22,2.32,2.22,2.32
20150710,2.34,2.42,2.33,2.40
20150713,2.38,2.47,2.38,2.45
20150714,2.42,2.45,2.39,2.40
20150715,2.40,2.43,2.34,2.35
20150716,2.37,2.40,2.34,2.35
20150717,2.33,2.37,2.33,2.35
20150720,2.36,2.40,2.34,2.37
20150721,2.36,2.40,2.33,2.33
20150722,2.33,2.34,2.30,2.32
20150723,2.32,2.34,2.27,2.27
20150724,2.27,2.29,2.26,2.26
20150727,2.26,2.26,2.21,2.22
20150728,2.24,2.27,2.24,2.25
20150729,2.25,2.30,2.25,2.29
20150730,2.31,2.32,2.26,2.26
20150731,2.26,2.29,2.18,2.18
20150803,2.20,2.21,2.14,2.15
20150804,2.16,2.23,2.15,2.22
20150805,2.24,2.29,2.21,2.27
20150806,2.26,2.28,2.22,2.23
20150807,2.24,2.25,2.16,2.17
20150810,2.19,2.24,2.18,2.23
20150811,2.18,2.20,2.11,2.14
20150812,2.07,2.15,2.04,2.15
20150813,2.16,2.20,2.15,2.19
20150814,2.17,2.22,2.16,2.20
20150817,2.19,2.19,2.14,2.17
20150818,2.16,2.20,2.14,2.19
20150819,2.19,2.23,2.11,2.13
20150820,2.12,2.12,2.07,2.07
20150821,2.06,2.09,2.03,2.04
20150824,2.00,2.05,1.90,2.01
20150825,2.03,2.14,2.01,2.07
20150826,2.10,2.19,2.07,2.18
20150827,2.15,2.21,2.13,2.18
20150828,2.17,2.19,2.13,2.18
20150831,2.17,2.22,2.14,2.22
20150901,2.18,2.20,2.15,2.15
20150902,2.16,2.20,2.14,2.19
20150903,2.18,2.20,2.15,2.16
20150904,2.13,2.17,2.11,2.13
20150908,2.15,2.20,2.15,2.19
20150909,2.21,2.25,2.17,2.20
20150910,2.20,2.24,2.19,2.22
20150911,2.21,2.22,2.17,2.19
20150914,2.18,2.20,2.16,2.18
20150915,2.17,2.29,2.17,2.29
20150916,2.26,2.30,2.26,2.30
20150917,2.28,2.29,2.19,2.19
20150918,2.18,2.19,2.13,2.13
20150921,2.15,2.22,2.15,2.20
20150922,2.20,2.20,2.11,2.14
20150923,2.12,2.17,2.12,2.15
20150924,2.14,2.16,2.08,2.13
20150925,2.14,2.19,2.14,2.17
20150928,2.16,2.17,2.09,2.10
20150929,2.07,2.12,2.04,2.05
20150930,2.08,2.10,2.04,2.04
20151001,2.07,2.07,2.01,2.04
20151002,2.05,2.06,1.90,2.00
20151005,1.99,2.06,1.98,2.06
20151006,2.03,2.08,2.03,2.03
20151007,2.06,2.09,2.05,2.07
20151008,2.05,2.12,2.03,2.11
20151009,2.11,2.14,2.09,2.09
20151013,2.06,2.08,2.04,2.04
20151014,2.04,2.04,1.97,1.98
20151015,2.00,2.03,1.99,2.02
20151016,2.01,2.04,2.00,2.04
20151019,2.03,2.06,2.02,2.02
20151020,2.02,2.08,2.02,2.07
20151021,2.07,2.07,2.02,2.03
20151022,2.03,2.05,2.00,2.03
20151023,2.03,2.10,2.02,2.09
20151026,2.07,2.08,2.05,2.06
20151027,2.05,2.06,2.01,2.04
20151028,2.04,2.11,2.03,2.10
20151029,2.09,2.18,2.08,2.17
20151030,2.16,2.18,2.14,2.15
20151102,2.14,2.19,2.14,2.17
20151103,2.17,2.23,2.17,2.21
20151104,2.21,2.24,2.20,2.23
20151105,2.23,2.26,2.22,2.23
20151106,2.23,2.35,2.22,2.33
20151109,2.33,2.38,2.33,2.34
20151110,2.34,2.35,2.31,2.34
20151112,2.34,2.34,2.30,2.31
20151113,2.31,2.31,2.27,2.27
20151116,2.25,2.28,2.24,2.27
20151117,2.27,2.31,2.25,2.27
20151118,2.27,2.30,2.26,2.27
20151119,2.26,2.27,2.23,2.25
20151120,2.26,2.27,2.23,2.26
20151123,2.27,2.30,2.24,2.24
20151124,2.25,2.25,2.21,2.24
20151125,2.23,2.25,2.22,2.23
20151127,2.21,2.23,2.20,2.22
20151130,2.23,2.24,2.21,2.21
20151201,2.23,2.24,2.14,2.14
20151202,2.17,2.20,2.15,2.18
20151203,2.19,2.35,2.19,2.32
20151204,2.29,2.36,2.26,2.27
20151207,2.28,2.29,2.20,2.23
20151208,2.21,2.24,2.20,2.22
20151209,2.23,2.27,2.20,2.22
20151210,2.22,2.24,2.21,2.23
20151211,2.23,2.23,2.12,2.13
20151214,2.18,2.23,2.14,2.22
20151215,2.20,2.29,2.20,2.27
20151216,2.26,2.33,2.26,2.30
20151217,2.26,2.28,2.22,2.22
20151218,2.22,2.22,2.18,2.21
20151221,2.21,2.22,2.17,2.19
20151222,2.20,2.24,2.18,2.24
20151223,2.24,2.28,2.23,2.26
20151224,2.26,2.27,2.24,2.24
20151228,2.25,2.25,2.21,2.23
20151229,2.23,2.32,2.22,2.31
20151230,2.29,2.32,2.29,2.29
20151231,2.30,2.31,2.27,2.27
20160104,2.24,2.25,2.20,2.25
20160105,2.25,2.26,2.22,2.24
20160106,2.22,2.23,2.17,2.17
20160107,2.15,2.20,2.12,2.15
20160108,2.18,2.23,2.11,2.12
20160111,2.13,2.18,2.13,2.18
20160112,2.16,2.20,2.08,2.10
20160113,2.13,2.15,2.04,2.10
20160114,2.09,2.12,2.05,2.09
20160115,2.08,2.09,1.99,2.04
20160119,2.08,2.09,2.02,2.06
20160120,1.99,2.00,1.94,1.98
20160121,1.98,2.03,1.96,2.03
20160122,2.05,2.09,2.04,2.05
20160125,2.05,2.05,2.00,2.00
20160126,1.99,2.03,1.96,2.00
20160127,2.00,2.05,1.99,2.00
20160128,2.00,2.04,1.97,1.98
20160129,1.95,1.96,1.91,1.92
20160201,1.91,1.97,1.91,1.95
20160202,1.94,1.94,1.84,1.84
20160203,1.85,1.90,1.79,1.89
20160204,1.89,1.91,1.84,1.84
20160205,1.84,1.90,1.83,1.84
20160208,1.86,1.86,1.73,1.75
20160209,1.70,1.77,1.70,1.73
20160210,1.73,1.77,1.67,1.67
20160211,1.68,1.68,1.53,1.66
20160212,1.69,1.76,1.67,1.75
20160216,1.78,1.80,1.74,1.78
20160217,1.75,1.85,1.74,1.82
20160218,1.80,1.83,1.74,1.74
20160219,1.73,1.78,1.72,1.74
20160222,1.76,1.78,1.75,1.75
20160223,1.75,1.81,1.71,1.72
20160224,1.73,1.76,1.65,1.75
20160225,1.72,1.75,1.68,1.72
20160226,1.72,1.78,1.71,1.77
20160229,1.75,1.77,1.73,1.74
20160301,1.73,1.84,1.73,1.83
20160302,1.84,1.87,1.83,1.84
20160303,1.85,1.86,1.81,1.84
20160304,1.83,1.90,1.82,1.88
20160307,1.88,1.92,1.88,1.91
20160308,1.87,1.87,1.80,1.83
20160309,1.85,1.90,1.84,1.88
20160310,1.86,1.95,1.85,1.94
20160311,1.95,1.99,1.92,1.99
20160314,1.97,1.98,1.94,1.96
20160315,1.94,1.98,1.92,1.97
20160316,1.96,2.00,1.91,1.91
20160317,1.89,1.91,1.85,1.90
20160318,1.88,1.90,1.86,1.88
20160321,1.88,1.92,1.87,1.92
20160322,1.91,1.95,1.88,1.94
20160323,1.93,1.95,1.87,1.88
20160324,1.87,1.90,1.85,1.90
20160328,1.91,1.92,1.86,1.89
20160329,1.89,1.89,1.80,1.80
20160330,1.81,1.86,1.81,1.82
20160331,1.81,1.83,1.77,1.78
20160401,1.79,1.81,1.76,1.78
20160404,1.75,1.79,1.75,1.77
20160405,1.75,1.75,1.72,1.72
20160406,1.73,1.77,1.73,1.75
20160407,1.75,1.76,1.69,1.69
20160408,1.72,1.74,1.71,1.72
20160411,1.72,1.76,1.70,1.72
20160412,1.74,1.78,1.74,1.77
20160413,1.79,1.80,1.76,1.76
20160414,1.77,1.80,1.76,1.79
20160415,1.79,1.79,1.74,1.75
20160418,1.73,1.79,1.73,1.77
20160419,1.78,1.81,1.77,1.79
20160420,1.76,1.86,1.75,1.85
20160421,1.84,1.89,1.84,1.87
20160422,1.86,1.90,1.85,1.89
20160425,1.88,1.91,1.86,1.91
20160426,1.90,1.94,1.89,1.94
20160427,1.91,1.92,1.85,1.86
20160428,1.84,1.87,1.82,1.83
20160429,1.84,1.88,1.82,1.83
20160502,1.82,1.87,1.81,1.87
20160503,1.86,1.86,1.78,1.80
20160504,1.81,1.82,1.77,1.77
20160505,1.79,1.81,1.74,1.74
20160506,1.75,1.79,1.71,1.78
20160509,1.78,1.79,1.75,1.75
20160510,1.76,1.78,1.75,1.75
20160511,1.75,1.76,1.72,1.74
20160512,1.73,1.77,1.72,1.75
20160513,1.73,1.75,1.70,1.70
20160516,1.71,1.76,1.71,1.75
20160517,1.75,1.77,1.74,1.76
20160518,1.78,1.89,1.77,1.86
20160519,1.88,1.88,1.83,1.85
20160520,1.84,1.87,1.84,1.85
20160523,1.84,1.86,1.82,1.83
20160524,1.83,1.88,1.82,1.86
20160525,1.87,1.88,1.85,1.87
20160526,1.85,1.87,1.82,1.83
20160527,1.83,1.86,1.82,1.85
20160531,1.87,1.89,1.83,1.84
20160601,1.84,1.85,1.80,1.84
20160602,1.83,1.84,1.80,1.81
20160603,1.81,1.81,1.70,1.70
20160606,1.71,1.74,1.70,1.73
20160607,1.74,1.74,1.70,1.71
20160608,1.71,1.72,1.70,1.70
20160609,1.68,1.69,1.66,1.68
20160610,1.68,1.68,1.63,1.64
20160613,1.62,1.64,1.61,1.61
20160614,1.62,1.62,1.57,1.62
20160615,1.62,1.64,1.58,1.58
20160616,1.55,1.58,1.52,1.57
20160617,1.60,1.62,1.58,1.61
20160620,1.65,1.68,1.64,1.67
20160621,1.67,1.71,1.66,1.70
20160622,1.69,1.71,1.68,1.69
20160623,1.70,1.75,1.69,1.74
20160624,1.45,1.59,1.41,1.57
20160627,1.51,1.53,1.45,1.46
20160628,1.46,1.48,1.45,1.46
20160629,1.46,1.51,1.45,1.51
20160630,1.51,1.55,1.45,1.48
20160701,1.45,1.47,1.38,1.46
20160705,1.42,1.42,1.36,1.38
20160706,1.36,1.40,1.32,1.37
20160707,1.37,1.42,1.36,1.39
20160708,1.36,1.44,1.36,1.36
20160711,1.38,1.44,1.37,1.43
20160712,1.45,1.53,1.44,1.52
20160713,1.49,1.50,1.46,1.47
20160714,1.49,1.55,1.48,1.53
20160715,1.54,1.60,1.53,1.59
20160718,1.57,1.60,1.56,1.59
20160719,1.56,1.57,1.54,1.55
20160720,1.55,1.60,1.55,1.58
20160721,1.58,1.63,1.56,1.56
20160722,1.54,1.60,1.54,1.57
20160725,1.57,1.59,1.55,1.58
20160726,1.55,1.59,1.54,1.56
20160727,1.57,1.58,1.51,1.51
20160728,1.51,1.54,1.49,1.51
20160729,1.56,1.56,1.45,1.45
20160801,1.48,1.51,1.47,1.51
20160802,1.51,1.57,1.51,1.55
20160803,1.56,1.57,1.53,1.54
20160804,1.55,1.55,1.48,1.51
20160805,1.50,1.59,1.49,1.59
20160808,1.59,1.62,1.57,1.59
20160809,1.58,1.59,1.53,1.54
20160810,1.53,1.54,1.50,1.51
20160811,1.51,1.58,1.50,1.57
20160812,1.54,1.55,1.48,1.51
20160815,1.51,1.56,1.50,1.56
20160816,1.54,1.59,1.52,1.58
20160817,1.57,1.59,1.54,1.56
20160818,1.54,1.57,1.53,1.54
20160819,1.55,1.59,1.54,1.58
20160822,1.60,1.60,1.54,1.54
20160823,1.55,1.57,1.53,1.55
20160824,1.55,1.57,1.54,1.56
20160825,1.56,1.58,1.55,1.58
20160826,1.56,1.63,1.53,1.62
20160829,1.62,1.62,1.56,1.56
20160830,1.58,1.59,1.56,1.57
20160831,1.58,1.59,1.55,1.58
20160901,1.58,1.62,1.56,1.57
20160902,1.59,1.62,1.54,1.60
20160906,1.61,1.62,1.53,1.54
20160907,1.54,1.55,1.52,1.54
20160908,1.53,1.62,1.53,1.60
20160909,1.60,1.68,1.60,1.67
20160912,1.66,1.70,1.66,1.67
20160913,1.65,1.75,1.65,1.72
20160914,1.73,1.73,1.68,1.70
20160915,1.71,1.74,1.66,1.70
20160916,1.69,1.70,1.66,1.69
20160919,1.69,1.70,1.68,1.70
20160920,1.70,1.70,1.67,1.69
20160921,1.70,1.72,1.66,1.66
20160922,1.65,1.66,1.61,1.63
20160923,1.62,1.63,1.61,1.62
20160926,1.62,1.62,1.57,1.58
20160927,1.60,1.61,1.55,1.56
20160928,1.56,1.58,1.54,1.57
20160929,1.59,1.60,1.54,1.56
20160930,1.54,1.62,1.54,1.60
20161003,1.61,1.63,1.59,1.62
20161004,1.63,1.69,1.61,1.69
20161005,1.68,1.73,1.67,1.71
20161006,1.71,1.75,1.69,1.74
20161007,1.73,1.77,1.72,1.73
20161011,1.76,1.78,1.74,1.77
20161012,1.78,1.80,1.77,1.77
20161013,1.74,1.76,1.73,1.75
20161014,1.77,1.80,1.75,1.80
20161017,1.79,1.81,1.76,1.77
20161018,1.77,1.79,1.74,1.75
20161019,1.75,1.77,1.73,1.74
20161020,1.75,1.77,1.72,1.75
20161021,1.74,1.76,1.73,1.74
20161024,1.73,1.78,1.72,1.76
20161025,1.76,1.79,1.74,1.76
20161026,1.75,1.80,1.74,1.79
20161027,1.81,1.87,1.79,1.84
20161028,1.86,1.88,1.83,1.85
20161031,1.85,1.85,1.82,1.82
20161101,1.85,1.88,1.81,1.83
20161102,1.81,1.82,1.77,1.80
20161103,1.79,1.83,1.79,1.81
20161104,1.80,1.83,1.77,1.78
20161107,1.82,1.83,1.81,1.83
20161108,1.82,1.88,1.81,1.86
20161109,1.81,2.09,1.80,2.06
20161110,2.02,2.15,2.01,2.15
20161114,2.24,2.30,2.19,2.27
20161115,2.19,2.24,2.18,2.22
20161116,2.26,2.30,2.20,2.23
20161117,2.20,2.31,2.19,2.31
20161118,2.33,2.36,2.27,2.35
20161121,2.32,2.34,2.30,2.32
20161122,2.33,2.33,2.29,2.31
20161123,2.31,2.42,2.29,2.35
20161125,2.38,2.39,2.35,2.36
20161128,2.33,2.34,2.31,2.32
20161129,2.31,2.35,2.29,2.29
20161130,2.31,2.41,2.30,2.38
20161201,2.39,2.49,2.38,2.45
20161202,2.44,2.44,2.37,2.38
20161205,2.38,2.45,2.36,2.40
20161206,2.39,2.40,2.37,2.39
20161207,2.39,2.39,2.34,2.34
20161208,2.35,2.43,2.34,2.41
20161209,2.43,2.48,2.40,2.47
20161212,2.51,2.53,2.47,2.47
20161213,2.47,2.50,2.44,2.48
20161214,2.45,2.59,2.42,2.57
20161215,2.59,2.64,2.57,2.60
20161216,2.57,2.62,2.55,2.59
20161219,2.58,2.59,2.53,2.54
20161220,2.57,2.59,2.56,2.56
20161221,2.55,2.57,2.54,2.54
20161222,2.54,2.58,2.54,2.56
20161223,2.56,2.56,2.53,2.54
20161227,2.56,2.58,2.55,2.56
20161228,2.56,2.57,2.50,2.51
20161229,2.49,2.50,2.46,2.48
20161230,2.48,2.49,2.43,2.45
20170103,2.48,2.52,2.44,2.45
20170104,2.46,2.47,2.43,2.44
20170105,2.41,2.45,2.34,2.35
20170106,2.37,2.42,2.33,2.42
20170109,2.43,2.43,2.36,2.36
20170110,2.38,2.39,2.36,2.38
20170111,2.39,2.40,2.33,2.37
20170112,2.32,2.37,2.31,2.37
20170113,2.37,2.43,2.33,2.40
20170117,2.35,2.36,2.31,2.33
20170118,2.35,2.43,2.34,2.43
20170119,2.44,2.50,2.42,2.47
20170120,2.45,2.51,2.45,2.47
20170123,2.43,2.48,2.38,2.40
20170124,2.40,2.47,2.40,2.47
20170125,2.47,2.54,2.46,2.51
20170126,2.52,2.55,2.50,2.50
20170127,2.52,2.53,2.48,2.49
20170130,2.48,2.50,2.47,2.49
20170131,2.47,2.50,2.43,2.46
20170201,2.48,2.52,2.46,2.47
20170202,2.47,2.48,2.43,2.47
20170203,2.49,2.51,2.43,2.47
20170206,2.46,2.46,2.41,2.41
20170207,2.40,2.44,2.37,2.40
20170208,2.40,2.40,2.33,2.34
20170209,2.35,2.40,2.35,2.40
20170210,2.41,2.43,2.40,2.41
20170213,2.42,2.45,2.42,2.44
20170214,2.43,2.50,2.43,2.47
20170215,2.47,2.52,2.47,2.49
20170216,2.48,2.49,2.44,2.45
20170217,2.46,2.46,2.40,2.42
20170221,2.44,2.46,2.41,2.43
20170222,2.45,2.45,2.39,2.41
20170223,2.41,2.42,2.37,2.37
20170224,2.38,2.38,2.31,2.32
20170227,2.34,2.37,2.33,2.37
20170228,2.36,2.40,2.34,2.39
20170301,2.41,2.47,2.40,2.45
20170302,2.46,2.50,2.45,2.48
20170303,2.47,2.52,2.47,2.48
20170306,2.48,2.51,2.46,2.50
20170307,2.50,2.52,2.49,2.52
20170308,2.52,2.58,2.52,2.56
20170309,2.58,2.61,2.56,2.61
20170310,2.61,2.62,2.57,2.58
20170313,2.58,2.63,2.56,2.63
20170314,2.63,2.63,2.59,2.60
20170315,2.60,2.60,2.49,2.50
20170316,2.49,2.54,2.49,2.54
20170317,2.54,2.54,2.49,2.50
20170320,2.50,2.51,2.46,2.46
20170321,2.48,2.50,2.42,2.42
20170322,2.42,2.42,2.37,2.40
20170323,2.40,2.44,2.39,2.42
20170324,2.43,2.44,2.39,2.42
20170327,2.37,2.38,2.35,2.38
20170328,2.38,2.42,2.36,2.42
20170329,2.42,2.42,2.38,2.38
20170330,2.39,2.42,2.37,2.42
20170331,2.41,2.43,2.39,2.40
20170403,2.40,2.41,2.33,2.34
20170404,2.33,2.36,2.31,2.36
20170405,2.35,2.38,2.32,2.33
20170406,2.33,2.37,2.33,2.34
20170407,2.32,2.38,2.27,2.38
20170410,2.38,2.39,2.35,2.36
20170411,2.34,2.35,2.29,2.30
20170412,2.29,2.31,2.26,2.27
20170413,2.23,2.27,2.22,2.23
20170417,2.20,2.26,2.20,2.25
20170418,2.25,2.25,2.16,2.17
20170419,2.18,2.22,2.18,2.21
20170420,2.20,2.26,2.20,2.24
20170421,2.24,2.25,2.21,2.24
20170424,2.31,2.33,2.27,2.27
20170425,2.28,2.34,2.28,2.34
20170426,2.34,2.35,2.30,2.30
20170427,2.32,2.32,2.28,2.30
20170428,2.29,2.34,2.28,2.28
20170501,2.29,2.34,2.28,2.32
20170502,2.32,2.34,2.28,2.28
20170503,2.29,2.33,2.28,2.32
20170504,2.33,2.37,2.33,2.35
20170505,2.34,2.38,2.34,2.35
20170508,2.35,2.39,2.33,2.39
20170509,2.39,2.42,2.38,2.40
20170510,2.39,2.42,2.37,2.41
20170511,2.40,2.42,2.39,2.39
20170512,2.38,2.39,2.32,2.33
20170515,2.33,2.35,2.32,2.35
20170516,2.34,2.36,2.31,2.33
20170517,2.30,2.30,2.21,2.22
20170518,2.25,2.25,2.18,2.23
20170519,2.24,2.26,2.23,2.24
20170522,2.25,2.26,2.24,2.25
20170523,2.23,2.29,2.23,2.28
20170524,2.28,2.30,2.25,2.25
20170525,2.26,2.27,2.24,2.26
20170526,2.25,2.26,2.23,2.25
20170530,2.24,2.25,2.21,2.21
20170531,2.23,2.23,2.20,2.20
20170601,2.21,2.24,2.21,2.21
20170602,2.22,2.22,2.14,2.16
20170605,2.17,2.19,2.17,2.18
20170606,2.16,2.16,2.13,2.15
20170607,2.15,2.18,2.15,2.18
20170608,2.18,2.21,2.18,2.19
20170609,2.20,2.23,2.19,2.20
20170612,2.22,2.22,2.19,2.21
20170613,2.21,2.23,2.20,2.21
20170614,2.21,2.21,2.10,2.13
20170615,2.14,2.17,2.13,2.17
20170616,2.18,2.18,2.14,2.15
20170619,2.16,2.19,2.14,2.19
20170620,2.18,2.19,2.15,2.16
20170621,2.16,2.18,2.14,2.16
20170622,2.15,2.17,2.14,2.15
20170623,2.16,2.17,2.14,2.15
20170626,2.15,2.16,2.12,2.14
20170627,2.13,2.22,2.13,2.21
20170628,2.23,2.26,2.21,2.23
20170629,2.24,2.30,2.23,2.27
20170630,2.29,2.31,2.26,2.31
20170703,2.32,2.35,2.29,2.35
20170705,2.33,2.36,2.32,2.32
20170706,2.33,2.39,2.33,2.37
20170707,2.38,2.40,2.36,2.39
20170710,2.39,2.39,2.36,2.38
20170711,2.39,2.39,2.36,2.36
20170712,2.35,2.36,2.30,2.32
20170713,2.31,2.37,2.31,2.34
20170714,2.34,2.34,2.28,2.34
20170717,2.33,2.33,2.30,2.31
20170718,2.30,2.32,2.26,2.26
20170719,2.27,2.28,2.26,2.27
20170720,2.26,2.27,2.24,2.26
20170721,2.26,2.26,2.23,2.24
20170724,2.24,2.26,2.23,2.26
20170725,2.25,2.34,2.25,2.34
20170726,2.33,2.34,2.28,2.29
20170727,2.28,2.33,2.28,2.31
20170728,2.30,2.34,2.29,2.29
20170731,2.28,2.31,2.28,2.30
20170801,2.30,2.32,2.25,2.25
20170802,2.26,2.28,2.24,2.27
20170803,2.26,2.27,2.22,2.22
20170804,2.23,2.29,2.22,2.27
20170807,2.27,2.28,2.25,2.26
20170808,2.26,2.29,2.25,2.26
20170809,2.25,2.26,2.21,2.25
20170810,2.25,2.25,2.20,2.20
20170811,2.20,2.22,2.18,2.19
20170814,2.22,2.23,2.20,2.22
20170815,2.24,2.28,2.24,2.27
20170816,2.27,2.29,2.22,2.22
20170817,2.23,2.25,2.18,2.19
20170818,2.20,2.21,2.16,2.20
20170821,2.20,2.20,2.18,2.18
20170822,2.20,2.22,2.20,2.21
20170823,2.21,2.22,2.17,2.17
20170824,2.18,2.20,2.17,2.20
20170825,2.19,2.20,2.16,2.17
20170828,2.17,2.18,2.16,2.16
20170829,2.14,2.14,2.09,2.13
20170830,2.15,2.16,2.13,2.13
20170831,2.15,2.15,2.12,2.12
20170901,2.13,2.17,2.10,2.17
20170905,2.14,2.15,2.06,2.06
20170906,2.07,2.11,2.06,2.11
20170907,2.09,2.10,2.03,2.04
20170908,2.03,2.07,2.02,2.05
20170911,2.09,2.14,2.08,2.13
20170912,2.14,2.18,2.14,2.17
20170913,2.16,2.20,2.15,2.19
20170914,2.19,2.23,2.18,2.18
20170915,2.19,2.21,2.18,2.20
20170918,2.21,2.24,2.21,2.23
20170919,2.22,2.25,2.21,2.25
20170920,2.24,2.29,2.22,2.27
20170921,2.27,2.28,2.24,2.28
20170922,2.26,2.27,2.24,2.25
20170925,2.25,2.26,2.21,2.22
20170926,2.22,2.25,2.21,2.24
20170927,2.26,2.32,2.25,2.31
20170928,2.35,2.36,2.31,2.31
20170929,2.32,2.34,2.30,2.33
20171002,2.36,2.37,2.32,2.34
20171003,2.34,2.36,2.32,2.33
20171004,2.32,2.35,2.30,2.33
20171005,2.33,2.36,2.32,2.35
20171006,2.36,2.40,2.35,2.36
20171010,2.36,2.37,2.32,2.36
20171011,2.36,2.36,2.33,2.35
20171012,2.33,2.35,2.32,2.32
20171013,2.32,2.33,2.27,2.28
20171016,2.29,2.31,2.28,2.30
20171017,2.31,2.33,2.30,2.30
20171018,2.31,2.35,2.30,2.35
20171019,2.34,2.34,2.30,2.32
20171020,2.36,2.39,2.35,2.38
20171023,2.38,2.40,2.36,2.37
20171024,2.38,2.43,2.38,2.42
20171025,2.42,2.48,2.42,2.43
20171026,2.43,2.46,2.41,2.46
20171027,2.46,2.48,2.41,2.41
20171030,2.41,2.41,2.37,2.37
20171031,2.37,2.38,2.36,2.38
20171101,2.39,2.40,2.35,2.37
20171102,2.37,2.38,2.34,2.35
20171103,2.35,2.36,2.32,2.33
20171106,2.33,2.33,2.31,2.32
20171107,2.33,2.34,2.30,2.32
20171108,2.31,2.34,2.31,2.34
20171109,2.32,2.35,2.32,2.34
20171110,2.37,2.41,2.37,2.40
20171113,2.39,2.41,2.37,2.41
20171114,2.41,2.41,2.37,2.37
20171115,2.35,2.36,2.32,2.32
20171116,2.35,2.38,2.34,2.38
20171117,2.35,2.37,2.34,2.34
20171120,2.34,2.37,2.33,2.37
20171121,2.36,2.37,2.33,2.36
20171122,2.35,2.38,2.32,2.32
20171124,2.34,2.35,2.33,2.34
20171127,2.35,2.35,2.32,2.33
20171128,2.33,2.34,2.31,2.33
20171129,2.33,2.40,2.33,2.39
20171130,2.38,2.44,2.38,2.41
20171201,2.41,2.42,2.32,2.36
20171204,2.41,2.41,2.37,2.37
20171205,2.39,2.40,2.35,2.35
20171206,2.34,2.34,2.31,2.34
20171207,2.35,2.38,2.32,2.37
20171208,2.37,2.39,2.36,2.38
20171211,2.38,2.39,2.35,2.39
20171212,2.38,2.42,2.38,2.40
20171213,2.40,2.43,2.34,2.34
20171214,2.37,2.39,2.34,2.35
20171215,2.36,2.38,2.35,2.36
20171218,2.37,2.40,2.37,2.40
20171219,2.39,2.47,2.39,2.46
20171220,2.46,2.50,2.45,2.50
20171221,2.49,2.50,2.48,2.49
20171222,2.48,2.49,2.48,2.48
20171226,2.49,2.49,2.46,2.48
20171227,2.48,2.48,2.41,2.41
20171228,2.43,2.44,2.42,2.43
20171229,2.43,2.44,2.40,2.40
20180102,2.42,2.48,2.42,2.46
20180103,2.47,2.47,2.44,2.45
20180104,2.46,2.49,2.45,2.46
20180105,2.46,2.48,2.43,2.48
20180108,2.48,2.49,2.46,2.48
20180109,2.49,2.56,2.49,2.55
20180110,2.56,2.60,2.54,2.56
20180111,2.55,2.57,2.53,2.54
20180112,2.56,2.59,2.54,2.55
20180116,2.54,2.56,2.52,2.54
20180117,2.56,2.59,2.54,2.59
20180118,2.60,2.63,2.59,2.63
20180119,2.64,2.66,2.61,2.66
20180122,2.65,2.67,2.63,2.65
20180123,2.63,2.64,2.61,2.62
20180124,2.63,2.67,2.62,2.65
20180125,2.64,2.68,2.62,2.62
20180126,2.63,2.67,2.62,2.66
20180129,2.70,2.73,2.69,2.70
20180130,2.72,2.73,2.68,2.72
20180131,2.71,2.75,2.70,2.71
20180201,2.74,2.79,2.72,2.79
20180202,2.78,2.85,2.78,2.84
20180205,2.86,2.87,2.70,2.71
20180206,2.75,2.81,2.69,2.81
20180207,2.77,2.86,2.76,2.84
20180208,2.82,2.88,2.81,2.82
20180209,2.85,2.86,2.79,2.85
20180212,2.89,2.90,2.83,2.86
20180213,2.84,2.85,2.82,2.83
20180214,2.83,2.92,2.82,2.91
20180215,2.93,2.94,2.88,2.91
20180216,2.90,2.91,2.85,2.88
20180220,2.91,2.93,2.88,2.89
20180221,2.89,2.96,2.88,2.95
20180222,2.94,2.94,2.90,2.92
20180223,2.92,2.92,2.86,2.87
20180226,2.86,2.87,2.83,2.87
20180227,2.86,2.92,2.85,2.90
20180228,2.90,2.91,2.86,2.86
20180301,2.87,2.87,2.79,2.81
20180302,2.81,2.87,2.79,2.86
20180305,2.83,2.90,2.82,2.88
20180306,2.88,2.91,2.86,2.89
20180307,2.86,2.89,2.84,2.89
20180308,2.88,2.89,2.85,2.86
20180309,2.87,2.91,2.87,2.89
20180312,2.91,2.91,2.86,2.87
20180313,2.88,2.88,2.83,2.84
20180314,2.83,2.86,2.80,2.82
20180315,2.81,2.83,2.80,2.83
20180316,2.82,2.86,2.81,2.85
20180319,2.87,2.88,2.83,2.85
20180320,2.87,2.90,2.85,2.90
20180321,2.89,2.94,2.87,2.88
20180322,2.86,2.87,2.80,2.82
20180323,2.81,2.85,2.81,2.81
20180326,2.84,2.86,2.82,2.86
20180327,2.85,2.85,2.77,2.77
20180328,2.79,2.79,2.74,2.78
20180329,2.78,2.78,2.74,2.74
20180402,2.76,2.77,2.72,2.73
20180403,2.74,2.79,2.73,2.78
20180404,2.78,2.81,2.75,2.80
20180405,2.81,2.84,2.81,2.83
20180406,2.82,2.83,2.77,2.78
20180409,2.80,2.81,2.77,2.78
20180410,2.81,2.81,2.78,2.80
20180411,2.79,2.80,2.75,2.78
20180412,2.77,2.84,2.77,2.84
20180413,2.83,2.85,2.82,2.83
20180416,2.85,2.87,2.83,2.83
20180417,2.84,2.85,2.81,2.83
20180418,2.84,2.88,2.82,2.88
20180419,2.87,2.93,2.87,2.91
20180420,2.91,2.96,2.90,2.96
20180423,2.97,3.00,2.96,2.98
20180424,2.96,3.00,2.96,3.00
20180425,3.00,3.04,3.00,3.03
20180426,3.02,3.02,2.98,2.98
20180427,2.97,2.98,2.96,2.96
20180430,2.96,2.97,2.93,2.95
20180501,2.96,2.98,2.95,2.97
20180502,2.98,3.00,2.96,2.97
20180503,2.97,2.98,2.93,2.95
20180504,2.95,2.96,2.91,2.95
20180507,2.96,2.96,2.94,2.95
20180508,2.96,2.99,2.94,2.98
20180509,3.00,3.01,2.99,3.01
20180510,2.98,2.99,2.95,2.96
20180511,2.96,2.98,2.95,2.97
20180514,2.96,3.01,2.96,3.01
20180515,3.02,3.10,3.01,3.07
20180516,3.06,3.10,3.06,3.10
20180517,3.12,3.12,3.09,3.12
20180518,3.10,3.11,3.06,3.06
20180521,3.08,3.08,3.05,3.06
20180522,3.06,3.08,3.06,3.06
20180523,3.05,3.05,2.99,2.99
20180524,3.00,3.01,2.96,2.98
20180525,2.99,2.99,2.92,2.93
20180529,2.89,2.89,2.76,2.78
20180530,2.83,2.89,2.82,2.86
20180531,2.86,2.89,2.82,2.86
20180601,2.88,2.93,2.87,2.90
20180604,2.92,2.95,2.90,2.94
20180605,2.93,2.94,2.90,2.93
20180606,2.94,2.98,2.93,2.98
20180607,2.98,2.99,2.88,2.92
20180608,2.93,2.95,2.89,2.95
20180611,2.97,2.97,2.95,2.96
20180612,2.96,2.98,2.96,2.96
20180613,2.97,3.01,2.95,2.97
20180614,2.96,2.96,2.93,2.94
20180615,2.93,2.93,2.89,2.92
20180618,2.92,2.93,2.90,2.92
20180619,2.88,2.90,2.85,2.90
20180620,2.90,2.94,2.88,2.94
20180621,2.94,2.94,2.89,2.90
20180622,2.91,2.93,2.89,2.90
20180625,2.88,2.90,2.87,2.88
20180626,2.89,2.90,2.87,2.88
20180627,2.87,2.87,2.83,2.83
20180628,2.84,2.85,2.82,2.84
20180629,2.86,2.87,2.83,2.86
20180702,2.84,2.87,2.82,2.87
20180703,2.87,2.88,2.83,2.83
20180705,2.85,2.87,2.82,2.83
20180706,2.85,2.85,2.81,2.82
20180709,2.84,2.86,2.84,2.86
20180710,2.86,2.88,2.85,2.85
20180711,2.84,2.87,2.83,2.85
20180712,2.87,2.87,2.85,2.85
20180713,2.85,2.85,2.83,2.83
20180716,2.84,2.88,2.83,2.86
20180717,2.87,2.87,2.85,2.86
20180718,2.87,2.88,2.85,2.87
20180719,2.89,2.90,2.83,2.84
20180720,2.85,2.90,2.84,2.90
20180723,2.90,2.97,2.88,2.96
20180724,2.95,2.97,2.94,2.95
20180725,2.94,2.98,2.93,2.98
20180726,2.96,2.98,2.95,2.98
20180727,2.98,2.99,2.95,2.96
20180730,2.96,2.99,2.96,2.98
20180731,2.95,2.97,2.94,2.96
20180801,2.98,3.02,2.97,3.01
20180802,2.99,3.01,2.98,2.99
20180803,2.98,2.99,2.95,2.95
20180806,2.95,2.96,2.92,2.94
20180807,2.94,2.98,2.94,2.98
20180808,2.97,2.99,2.96,2.96
20180809,2.95,2.96,2.92,2.93
20180810,2.90,2.91,2.85,2.88
20180813,2.87,2.89,2.85,2.88
20180814,2.90,2.90,2.88,2.90
20180815,2.89,2.90,2.84,2.86
20180816,2.88,2.89,2.86,2.87
20180817,2.87,2.88,2.84,2.86
20180820,2.86,2.87,2.81,2.82
20180821,2.83,2.85,2.82,2.83
20180822,2.83,2.84,2.81,2.82
20180823,2.82,2.83,2.81,2.83
20180824,2.83,2.85,2.81,2.81
20180827,2.82,2.85,2.82,2.85
20180828,2.85,2.89,2.84,2.88
20180829,2.87,2.90,2.87,2.89
20180830,2.88,2.89,2.85,2.86
20180831,2.86,2.87,2.83,2.86
20180904,2.87,2.91,2.86,2.90
20180905,2.90,2.92,2.88,2.90
20180906,2.90,2.91,2.87,2.87
20180907,2.88,2.95,2.88,2.94
20180910,2.94,2.95,2.93,2.93
20180911,2.95,2.98,2.94,2.98
20180912,2.97,2.97,2.96,2.96
20180913,2.97,2.98,2.94,2.97
20180914,2.97,3.00,2.97,3.00
20180917,2.99,3.02,2.96,2.99
20180918,3.00,3.06,2.99,3.06
20180919,3.05,3.09,3.04,3.06
20180920,3.06,3.10,3.06,3.07
20180921,3.08,3.08,3.06,3.06
20180924,3.07,3.09,3.06,3.09
20180925,3.10,3.11,3.09,3.10
20180926,3.09,3.09,3.05,3.05
20180927,3.04,3.07,3.03,3.05
20180928,3.05,3.06,3.03,3.06
20181001,3.07,3.10,3.06,3.08
20181002,3.07,3.07,3.05,3.07
20181003,3.08,3.19,3.07,3.19
20181004,3.20,3.23,3.18,3.19
20181005,3.19,3.25,3.19,3.23
20181009,3.25,3.26,3.20,3.21
20181010,3.21,3.24,3.17,3.17
20181011,3.16,3.19,3.12,3.15
20181012,3.18,3.18,3.13,3.16
20181015,3.15,3.17,3.14,3.16
20181016,3.17,3.18,3.15,3.17
20181017,3.16,3.21,3.15,3.21
20181018,3.21,3.21,3.16,3.18
20181019,3.18,3.21,3.17,3.20
20181022,3.20,3.21,3.18,3.20
20181023,3.16,3.17,3.12,3.17
20181024,3.15,3.15,3.10,3.11
20181025,3.11,3.15,3.11,3.12
20181026,3.11,3.11,3.06,3.08
20181029,3.07,3.12,3.06,3.09
20181030,3.11,3.13,3.10,3.12
20181031,3.14,3.16,3.14,3.15
20181101,3.16,3.17,3.13,3.13
20181102,3.17,3.22,3.15,3.22
20181105,3.20,3.21,3.19,3.20
20181106,3.20,3.23,3.19,3.23
20181107,3.18,3.24,3.18,3.24
20181108,3.23,3.24,3.21,3.24
20181109,3.21,3.23,3.18,3.19
20181113,3.16,3.19,3.14,3.14
20181114,3.15,3.16,3.09,3.13
20181115,3.13,3.13,3.08,3.11
20181116,3.11,3.12,3.06,3.06
20181119,3.08,3.10,3.05,3.06
20181120,3.06,3.06,3.04,3.06
20181121,3.08,3.09,3.06,3.06
20181123,3.07,3.07,3.03,3.05
20181126,3.06,3.08,3.06,3.06
20181127,3.06,3.07,3.05,3.06
20181128,3.06,3.07,3.04,3.06
20181129,3.02,3.04,3.00,3.03
20181130,3.02,3.03,2.99,2.99
20181203,3.05,3.05,2.97,2.97
20181204,2.96,2.97,2.89,2.92
20181206,2.91,2.91,2.83,2.90
20181207,2.88,2.91,2.85,2.85
20181210,2.85,2.87,2.83,2.86
20181211,2.87,2.89,2.85,2.88
20181212,2.88,2.91,2.88,2.91
20181213,2.91,2.92,2.89,2.92
20181214,2.88,2.90,2.87,2.90
20181217,2.89,2.89,2.85,2.86
20181218,2.84,2.85,2.82,2.82
20181219,2.82,2.85,2.76,2.76
20181220,2.77,2.81,2.75,2.81
20181221,2.80,2.80,2.78,2.79
20181224,2.80,2.80,2.74,2.74
20181226,2.74,2.81,2.74,2.81
20181227,2.78,2.79,2.73,2.77
20181228,2.77,2.78,2.71,2.72
20181231,2.73,2.75,2.68,2.69
20190102,2.69,2.69,2.62,2.63
20190103,2.62,2.66,2.55,2.56
20190104,2.57,2.67,2.57,2.67
20190107,2.66,2.70,2.63,2.70
20190108,2.70,2.73,2.69,2.73
20190109,2.73,2.75,2.71,2.71
20190110,2.69,2.75,2.68,2.75
20190111,2.73,2.73,2.68,2.70
20190114,2.68,2.71,2.66,2.71
20190115,2.71,2.72,2.68,2.71
20190116,2.72,2.74,2.72,2.72
20190117,2.71,2.76,2.70,2.75
20190118,2.75,2.79,2.75,2.79
20190122,2.75,2.76,2.73,2.74
20190123,2.74,2.77,2.74,2.74
20190124,2.74,2.74,2.70,2.72
20190125,2.73,2.76,2.72,2.76
20190128,2.75,2.77,2.73,2.75
20190129,2.73,2.75,2.71,2.71
20190130,2.71,2.73,2.68,2.68
20190131,2.67,2.67,2.62,2.63
20190201,2.63,2.70,2.62,2.69
20190204,2.70,2.73,2.69,2.73
20190205,2.73,2.74,2.69,2.70
20190206,2.68,2.70,2.67,2.70
20190207,2.68,2.69,2.65,2.66
20190208,2.65,2.65,2.63,2.63
20190211,2.64,2.67,2.64,2.65
20190212,2.68,2.69,2.67,2.68
20190213,2.69,2.71,2.68,2.70
20190214,2.70,2.70,2.65,2.66
20190215,2.65,2.68,2.65,2.66
20190219,2.67,2.67,2.64,2.64
20190220,2.65,2.66,2.63,2.65
20190221,2.66,2.70,2.66,2.69
20190222,2.68,2.69,2.64,2.65
20190225,2.67,2.68,2.66,2.67
20190226,2.65,2.66,2.63,2.64
20190227,2.63,2.70,2.63,2.69
20190228,2.66,2.73,2.66,2.71
20190301,2.72,2.77,2.72,2.76
20190304,2.76,2.76,2.72,2.73
20190305,2.73,2.75,2.72,2.72
20190306,2.71,2.72,2.68,2.69
20190307,2.69,2.69,2.64,2.64
20190308,2.63,2.65,2.62,2.63
20190311,2.65,2.66,2.63,2.64
20190312,2.66,2.67,2.60,2.60
20190313,2.61,2.63,2.61,2.63
20190314,2.63,2.64,2.61,2.63
20190315,2.62,2.63,2.58,2.59
20190318,2.60,2.61,2.58,2.60
20190319,2.59,2.63,2.59,2.62
20190320,2.61,2.61,2.52,2.52
20190321,2.53,2.54,2.50,2.54
20190322,2.53,2.53,2.42,2.44
20190325,2.44,2.47,2.38,2.40
20190326,2.44,2.45,2.40,2.42
20190327,2.40,2.40,2.36,2.38
20190328,2.36,2.40,2.35,2.39
20190329,2.39,2.43,2.39,2.41
20190401,2.45,2.51,2.44,2.50
20190402,2.48,2.49,2.47,2.47
20190403,2.52,2.53,2.51,2.53
20190404,2.50,2.52,2.50,2.51
20190405,2.53,2.54,2.49,2.50
20190408,2.49,2.52,2.49,2.52
20190409,2.52,2.52,2.48,2.50
20190410,2.49,2.50,2.46,2.47
20190411,2.48,2.51,2.47,2.50
20190412,2.50,2.57,2.49,2.56
20190415,2.56,2.57,2.55,2.56
20190416,2.55,2.59,2.55,2.59
20190417,2.60,2.61,2.58,2.59
20190418,2.57,2.58,2.55,2.56
20190422,2.57,2.59,2.56,2.59
20190423,2.58,2.59,2.56,2.57
20190424,2.55,2.55,2.52,2.52
20190425,2.53,2.54,2.52,2.53
20190426,2.53,2.53,2.50,2.50
20190429,2.51,2.54,2.50,2.53
20190430,2.51,2.55,2.50,2.50
20190501,2.50,2.51,2.46,2.50
20190502,2.52,2.55,2.51,2.54
20190503,2.55,2.56,2.52,2.53
20190506,2.48,2.50,2.47,2.50
20190507,2.50,2.50,2.45,2.46
20190508,2.46,2.49,2.43,2.48
20190509,2.47,2.47,2.43,2.45
20190510,2.45,2.47,2.43,2.47
20190513,2.44,2.44,2.39,2.40
20190514,2.41,2.43,2.40,2.41
20190515,2.42,2.42,2.36,2.37
20190516,2.36,2.41,2.36,2.39
20190517,2.39,2.40,2.37,2.39
20190520,2.40,2.42,2.38,2.42
20190521,2.42,2.44,2.41,2.43
20190522,2.42,2.43,2.38,2.38
20190523,2.38,2.38,2.30,2.32
20190524,2.32,2.33,2.31,2.32
20190528,2.30,2.30,2.26,2.26
20190529,2.23,2.27,2.21,2.26
20190530,2.26,2.28,2.21,2.21
20190531,2.18,2.18,2.13,2.13
20190603,2.13,2.13,2.06,2.08
20190604,2.09,2.15,2.08,2.13
20190605,2.09,2.14,2.08,2.13
20190606,2.11,2.13,2.09,2.12
20190607,2.13,2.13,2.06,2.08
20190610,2.13,2.15,2.12,2.15
20190611,2.15,2.18,2.14,2.14
20190612,2.12,2.14,2.12,2.12
20190613,2.12,2.12,2.08,2.10
20190614,2.08,2.11,2.06,2.08
20190617,2.10,2.12,2.08,2.09
20190618,2.08,2.08,2.02,2.06
20190619,2.06,2.10,2.02,2.03
20190620,1.99,2.04,1.98,2.03
20190621,2.02,2.07,2.01,2.06
20190624,2.04,2.06,2.02,2.02
20190625,2.00,2.02,1.98,1.99
20190626,2.00,2.05,2.00,2.05
20190627,2.06,2.07,2.00,2.02
20190628,2.02,2.03,2.00,2.01
20190701,2.05,2.05,2.01,2.03
20190702,2.02,2.02,1.98,1.98
20190703,1.95,1.97,1.94,1.95
20190705,1.95,2.07,1.95,2.04
20190708,2.02,2.05,2.01,2.05
20190709,2.04,2.07,2.04,2.07
20190710,2.09,2.11,2.04,2.06
20190711,2.04,2.14,2.04,2.14
20190712,2.13,2.15,2.11,2.12
20190715,2.14,2.14,2.09,2.09
20190716,2.10,2.14,2.09,2.10
20190717,2.10,2.11,2.04,2.05
20190718,2.05,2.08,2.02,2.03
20190719,2.05,2.06,2.04,2.06
20190722,2.06,2.06,2.03,2.05
20190723,2.06,2.08,2.04,2.08
20190724,2.08,2.08,2.04,2.05
20190725,2.04,2.10,2.02,2.08
20190726,2.07,2.09,2.06,2.07
20190729,2.07,2.07,2.05,2.07
20190730,2.06,2.07,2.05,2.06
20190731,2.05,2.06,2.01,2.02
20190801,2.05,2.06,1.88,1.90
20190802,1.88,1.89,1.83,1.85
20190805,1.76,1.78,1.71,1.72
20190806,1.74,1.77,1.70,1.70
20190807,1.69,1.73,1.61,1.72
20190808,1.73,1.79,1.71,1.72
20190809,1.70,1.75,1.69,1.75
20190812,1.72,1.73,1.63,1.65
20190813,1.62,1.71,1.62,1.71
20190814,1.67,1.67,1.58,1.58
20190815,1.58,1.59,1.50,1.51
20190816,1.55,1.59,1.53,1.57
20190819,1.57,1.63,1.57,1.61
20190820,1.59,1.60,1.54,1.55
20190821,1.58,1.60,1.55,1.59
20190822,1.56,1.62,1.56,1.61
20190823,1.64,1.66,1.51,1.53
20190826,1.52,1.55,1.51,1.54
20190827,1.52,1.52,1.47,1.47
20190828,1.48,1.48,1.45,1.47
20190829,1.46,1.53,1.46,1.50
20190830,1.51,1.54,1.49,1.50
20190903,1.51,1.51,1.43,1.46
20190904,1.49,1.50,1.45,1.47
20190905,1.50,1.59,1.50,1.56
20190906,1.58,1.60,1.54,1.56
20190909,1.57,1.65,1.57,1.65
20190910,1.63,1.74,1.62,1.74
20190911,1.72,1.75,1.71,1.75
20190912,1.74,1.80,1.67,1.78
20190913,1.78,1.91,1.78,1.90
20190916,1.86,1.87,1.82,1.85
20190917,1.84,1.84,1.80,1.81
20190918,1.79,1.80,1.75,1.80
20190919,1.78,1.80,1.75,1.79
20190920,1.76,1.79,1.72,1.72
20190923,1.76,1.76,1.67,1.73
20190924,1.71,1.72,1.63,1.65
20190925,1.65,1.74,1.64,1.74
20190926,1.70,1.72,1.68,1.70
20190927,1.70,1.73,1.68,1.69
20190930,1.70,1.71,1.67,1.67
20191001,1.70,1.75,1.62,1.64
20191002,1.65,1.66,1.58,1.60
20191003,1.57,1.59,1.52,1.54
20191004,1.54,1.55,1.51,1.53
20191007,1.52,1.56,1.51,1.56
20191008,1.58,1.58,1.51,1.53
20191009,1.53,1.59,1.53,1.59
20191010,1.58,1.67,1.57,1.67
20191011,1.66,1.77,1.64,1.73
20191015,1.70,1.78,1.68,1.77
20191016,1.75,1.77,1.72,1.75
20191017,1.73,1.79,1.72,1.75
20191018,1.75,1.78,1.73,1.75
20191021,1.77,1.80,1.77,1.80
20191022,1.80,1.80,1.76,1.77
20191023,1.75,1.77,1.73,1.77
20191024,1.75,1.78,1.74,1.77
20191025,1.76,1.81,1.75,1.80
20191028,1.81,1.86,1.81,1.84
20191029,1.84,1.85,1.82,1.84
20191030,1.83,1.84,1.77,1.77
20191031,1.77,1.77,1.68,1.69
20191101,1.69,1.74,1.67,1.71
20191104,1.75,1.79,1.75,1.78
20191105,1.81,1.87,1.81,1.86
20191106,1.85,1.86,1.81,1.83
20191107,1.86,1.97,1.84,1.93
20191108,1.90,1.95,1.90,1.94
20191112,1.95,1.95,1.91,1.93
20191113,1.92,1.92,1.87,1.89
20191114,1.86,1.86,1.81,1.82
20191115,1.85,1.85,1.82,1.83
20191118,1.84,1.85,1.80,1.82
20191119,1.82,1.83,1.78,1.79
20191120,1.75,1.76,1.73,1.75
20191121,1.74,1.78,1.73,1.78
20191122,1.77,1.78,1.75,1.77
20191125,1.78,1.79,1.75,1.75
20191126,1.76,1.76,1.73,1.74
20191127,1.74,1.78,1.74,1.77
20191129,1.76,1.79,1.76,1.77
20191202,1.82,1.85,1.82,1.82
20191203,1.84,1.84,1.70,1.72
20191204,1.70,1.79,1.70,1.78
20191205,1.77,1.82,1.77,1.81
20191206,1.81,1.86,1.79,1.84
20191209,1.83,1.83,1.81,1.82
20191210,1.82,1.85,1.80,1.84
20191211,1.82,1.84,1.78,1.79
20191212,1.81,1.91,1.79,1.90
20191213,1.91,1.91,1.82,1.82
20191216,1.84,1.89,1.83,1.87
20191217,1.86,1.89,1.85,1.88
20191218,1.88,1.93,1.86,1.92
20191219,1.92,1.95,1.90,1.92
20191220,1.93,1.95,1.92,1.92
20191223,1.90,1.94,1.90,1.93
20191224,1.92,1.95,1.90,1.90
20191226,1.91,1.92,1.89,1.90
20191227,1.90,1.90,1.87,1.88
20191230,1.88,1.94,1.88,1.88
20191231,1.89,1.93,1.89,1.92
20200102,1.92,1.94,1.85,1.88
20200103,1.83,1.84,1.79,1.79
20200106,1.79,1.81,1.76,1.81
20200107,1.80,1.83,1.79,1.82
20200108,1.79,1.88,1.78,1.88
20200109,1.88,1.90,1.85,1.85
20200110,1.85,1.86,1.82,1.82
20200113,1.83,1.85,1.83,1.85
20200114,1.85,1.85,1.81,1.81
20200115,1.81,1.81,1.78,1.79
20200116,1.80,1.82,1.78,1.81
20200117,1.82,1.85,1.81,1.82
20200121,1.80,1.81,1.77,1.77
20200122,1.78,1.79,1.76,1.77
20200123,1.75,1.75,1.72,1.73
20200124,1.75,1.76,1.67,1.69
20200127,1.65,1.65,1.60,1.61
20200128,1.62,1.66,1.57,1.66
20200129,1.64,1.64,1.58,1.58
20200130,1.55,1.59,1.54,1.59
20200131,1.58,1.58,1.50,1.51
20200203,1.55,1.57,1.52,1.53
20200204,1.55,1.61,1.55,1.60
20200205,1.58,1.66,1.58,1.65
20200206,1.66,1.67,1.63,1.64
20200207,1.61,1.63,1.58,1.58
20200210,1.59,1.60,1.55,1.57
20200211,1.58,1.60,1.57,1.60
20200212,1.63,1.64,1.61,1.64
20200213,1.59,1.62,1.57,1.62
20200214,1.61,1.61,1.58,1.59
20200218,1.54,1.57,1.54,1.56
20200219,1.57,1.58,1.55,1.57
20200220,1.56,1.56,1.51,1.52
20200221,1.49,1.49,1.45,1.47
20200224,1.42,1.42,1.35,1.37
20200225,1.39,1.40,1.31,1.35
20200226,1.34,1.38,1.31,1.34
20200227,1.32,1.32,1.25,1.26
20200228,1.22,1.22,1.13,1.15
20200302,1.12,1.17,1.04,1.17
20200303,1.12,1.17,0.94,1.00
20200304,0.97,1.06,0.93,1.06
20200305,1.01,1.02,0.91,0.92
20200306,0.81,0.82,0.67,0.77
20200309,0.40,0.60,0.40,0.56
20200310,0.66,0.81,0.58,0.80
20200311,0.66,0.88,0.66,0.88
20200312,0.78,0.89,0.66,0.81
20200313,0.89,1.01,0.84,0.98
20200316,0.75,0.85,0.71,0.74
20200317,0.82,1.10,0.76,1.07
20200318,1.07,1.26,1.00,1.18
20200319,1.21,1.21,1.01,1.16
20200320,1.05,1.06,0.85,0.89
20200323,0.81,0.88,0.71,0.76
20200324,0.82,0.90,0.79,0.86
20200325,0.85,0.88,0.78,0.87
20200326,0.81,0.85,0.78,0.85
20200327,0.79,0.79,0.68,0.68
20200330,0.66,0.73,0.60,0.73
20200331,0.70,0.72,0.65,0.67
20200401,0.62,0.64,0.58,0.59
20200402,0.61,0.63,0.58,0.60
20200403,0.60,0.61,0.57,0.60
20200406,0.62,0.68,0.62,0.68
20200407,0.72,0.78,0.71,0.71
20200408,0.70,0.78,0.70,0.77
20200409,0.74,0.77,0.71,0.73
20200413,0.73,0.78,0.72,0.77
20200414,0.77,0.77,0.73,0.76
20200415,0.73,0.73,0.63,0.64
20200416,0.64,0.66,0.59,0.63
20200417,0.65,0.66,0.59,0.64
20200420,0.63,0.65,0.61,0.61
20200421,0.61,0.61,0.54,0.57
20200422,0.57,0.63,0.57,0.62
20200423,0.63,0.64,0.59,0.60
20200424,0.59,0.62,0.58,0.60
20200427,0.62,0.66,0.61,0.66
20200428,0.65,0.67,0.60,0.62
20200429,0.60,0.64,0.58,0.63
20200430,0.61,0.65,0.58,0.64
20200501,0.61,0.65,0.60,0.62
20200504,0.62,0.65,0.60,0.63
20200505,0.66,0.68,0.65,0.66
20200506,0.68,0.74,0.67,0.70
20200507,0.70,0.72,0.63,0.64
20200508,0.64,0.69,0.61,0.69
20200511,0.69,0.73,0.67,0.71
20200512,0.71,0.72,0.66,0.67
20200513,0.67,0.67,0.64,0.65
20200514,0.63,0.63,0.60,0.62
20200515,0.61,0.65,0.60,0.65
20200518,0.65,0.74,0.64,0.73
20200519,0.72,0.74,0.69,0.69
20200520,0.70,0.72,0.67,0.68
20200521,0.66,0.68,0.65,0.67
20200522,0.64,0.67,0.63,0.66
20200526,0.70,0.71,0.69,0.70
20200527,0.68,0.73,0.66,0.69
20200528,0.69,0.71,0.67,0.69
20200529,0.67,0.68,0.65,0.65
20200601,0.66,0.69,0.65,0.66
20200602,0.66,0.69,0.65,0.69
20200603,0.71,0.77,0.69,0.75
20200604,0.76,0.83,0.74,0.83
20200605,0.85,0.94,0.84,0.90
20200608,0.90,0.93,0.87,0.88
20200609,0.85,0.85,0.80,0.82
20200610,0.81,0.81,0.73,0.73
20200611,0.71,0.72,0.65,0.67
20200612,0.69,0.72,0.68,0.71
20200615,0.66,0.72,0.66,0.72
20200616,0.73,0.78,0.73,0.74
20200617,0.74,0.76,0.72,0.74
20200618,0.72,0.73,0.69,0.71
20200619,0.72,0.74,0.69,0.70
20200622,0.69,0.71,0.68,0.71
20200623,0.71,0.73,0.71,0.71
20200624,0.72,0.73,0.68,0.68
20200625,0.67,0.69,0.66,0.68
20200626,0.67,0.68,0.63,0.64
20200629,0.65,0.65,0.63,0.63
20200630,0.63,0.66,0.62,0.66
20200701,0.67,0.70,0.67,0.68
20200702,0.68,0.72,0.67,0.67
20200706,0.69,0.70,0.68,0.68
20200707,0.67,0.68,0.64,0.64
20200708,0.65,0.67,0.65,0.67
20200709,0.65,0.66,0.60,0.61
20200710,0.59,0.65,0.57,0.65
20200713,0.64,0.66,0.62,0.62
20200714,0.63,0.63,0.60,0.62
20200715,0.63,0.66,0.62,0.63
20200716,0.62,0.63,0.60,0.62
20200717,0.61,0.63,0.60,0.63
20200720,0.63,0.63,0.60,0.61
20200721,0.61,0.63,0.59,0.60
20200722,0.60,0.60,0.58,0.60
20200723,0.59,0.60,0.58,0.58
20200724,0.57,0.59,0.57,0.59
20200727,0.58,0.62,0.57,0.62
20200728,0.62,0.62,0.58,0.58
20200729,0.58,0.59,0.56,0.58
20200730,0.57,0.57,0.54,0.55
20200731,0.53,0.56,0.53,0.53
20200803,0.55,0.57,0.54,0.55
20200804,0.56,0.56,0.51,0.51
20200805,0.52,0.55,0.52,0.55
20200806,0.55,0.55,0.51,0.54
20200807,0.53,0.57,0.52,0.57
20200810,0.57,0.58,0.55,0.58
20200811,0.58,0.66,0.58,0.64
20200812,0.67,0.69,0.66,0.68
20200813,0.66,0.72,0.65,0.72
20200814,0.70,0.71,0.69,0.71
20200817,0.69,0.70,0.67,0.69
20200818,0.67,0.68,0.66,0.67
20200819,0.65,0.69,0.65,0.68
20200820,0.66,0.67,0.64,0.65
20200821,0.65,0.66,0.63,0.64
20200824,0.63,0.66,0.62,0.65
20200825,0.66,0.71,0.66,0.69
20200826,0.71,0.72,0.69,0.69
20200827,0.69,0.76,0.65,0.76
20200828,0.76,0.77,0.71,0.72
20200831,0.75,0.75,0.69,0.71
20200901,0.71,0.73,0.67,0.67
20200902,0.68,0.69,0.64,0.65
20200903,0.66,0.66,0.61,0.64
20200904,0.64,0.72,0.64,0.72
20200908,0.71,0.71,0.67,0.68
20200909,0.66,0.71,0.66,0.70
20200910,0.70,0.72,0.68,0.68
20200911,0.69,0.69,0.67,0.67
20200914,0.66,0.68,0.66,0.68
20200915,0.67,0.69,0.67,0.68
20200916,0.68,0.70,0.66,0.70
20200917,0.67,0.69,0.65,0.69
20200918,0.69,0.70,0.67,0.70
20200921,0.68,0.69,0.65,0.67
20200922,0.66,0.68,0.66,0.67
20200923,0.67,0.69,0.66,0.68
20200924,0.67,0.67,0.66,0.67
20200925,0.67,0.67,0.65,0.66
20200928,0.66,0.67,0.65,0.65
20200929,0.66,0.66,0.64,0.65
20200930,0.64,0.70,0.64,0.69
20201001,0.70,0.71,0.67,0.68
20201002,0.66,0.70,0.66,0.70
20201005,0.70,0.78,0.70,0.78
20201006,0.77,0.79,0.73,0.73
20201007,0.76,0.80,0.75,0.79
20201008,0.78,0.79,0.77,0.79
20201009,0.77,0.79,0.76,0.78
20201013,0.76,0.76,0.73,0.73
20201014,0.73,0.73,0.71,0.73
20201015,0.71,0.74,0.69,0.73
20201016,0.73,0.75,0.72,0.75
20201019,0.76,0.78,0.76,0.77
20201020,0.77,0.80,0.77,0.79
20201021,0.82,0.82,0.80,0.82
20201022,0.81,0.87,0.81,0.86
20201023,0.85,0.87,0.83,0.84
20201026,0.81,0.82,0.79,0.80
20201027,0.80,0.81,0.77,0.77
20201028,0.76,0.78,0.75,0.77
20201029,0.78,0.84,0.77,0.83
20201030,0.82,0.88,0.82,0.87
20201102,0.86,0.87,0.83,0.85
20201103,0.87,0.90,0.86,0.90
20201104,0.77,0.82,0.76,0.77
20201105,0.73,0.79,0.72,0.77
20201106,0.78,0.83,0.76,0.82
20201109,0.82,0.96,0.80,0.93
20201110,0.94,0.97,0.92,0.96
20201112,0.94,0.95,0.88,0.88
20201113,0.86,0.90,0.86,0.90
20201116,0.89,0.93,0.88,0.91
20201117,0.88,0.88,0.86,0.86
20201118,0.84,0.89,0.84,0.87
20201119,0.86,0.86,0.84,0.84
20201120,0.84,0.85,0.82,0.82
20201123,0.83,0.86,0.83,0.85
20201124,0.87,0.89,0.85,0.89
20201125,0.87,0.88,0.86,0.88
20201127,0.86,0.87,0.84,0.84
20201130,0.84,0.85,0.83,0.84
20201201,0.84,0.93,0.84,0.93
20201202,0.92,0.96,0.91,0.94
20201203,0.94,0.94,0.91,0.91
20201204,0.91,0.98,0.91,0.97
20201207,0.95,0.95,0.92,0.92
20201208,0.92,0.94,0.90,0.92
20201209,0.94,0.95,0.94,0.94
20201210,0.92,0.94,0.91,0.91
20201211,0.91,0.91,0.88,0.90
20201214,0.91,0.93,0.89,0.90
20201215,0.89,0.92,0.89,0.91
20201216,0.91,0.95,0.91,0.92
20201217,0.93,0.94,0.90,0.94
20201218,0.92,0.95,0.92,0.95
20201221,0.91,0.95,0.89,0.94
20201222,0.92,0.94,0.92,0.92
20201223,0.92,0.97,0.92,0.95
20201224,0.95,0.95,0.93,0.93
20201228,0.95,0.96,0.92,0.93
20201229,0.94,0.95,0.93,0.94
20201230,0.95,0.95,0.93,0.93
20201231,0.92,0.94,0.91,0.92
20210104,0.94,0.95,0.91,0.91
20210105,0.92,0.96,0.92,0.96
20210106,1.02,1.05,1.00,1.04
20210107,1.06,1.08,1.04,1.08
20210108,1.09,1.12,1.08,1.12
20210111,1.10,1.15,1.10,1.15
20210112,1.15,1.19,1.13,1.13
20210113,1.12,1.13,1.08,1.09
20210114,1.11,1.14,1.09,1.13
20210115,1.11,1.12,1.08,1.08
20210119,1.11,1.12,1.09,1.09
20210120,1.09,1.11,1.08,1.08
20210121,1.08,1.12,1.08,1.11
20210122,1.10,1.11,1.08,1.09
20210125,1.10,1.10,1.03,1.03
20210126,1.03,1.05,1.03,1.04
20210127,1.04,1.05,1.00,1.02
20210128,1.00,1.07,1.00,1.05
20210129,1.05,1.10,1.04,1.07
20210201,1.08,1.09,1.06,1.08
20210202,1.09,1.12,1.09,1.10
20210203,1.11,1.14,1.11,1.14
20210204,1.14,1.16,1.13,1.14
20210205,1.13,1.18,1.13,1.17
20210208,1.18,1.20,1.15,1.17
20210209,1.17,1.17,1.14,1.16
20210210,1.16,1.17,1.12,1.12
20210211,1.15,1.17,1.13,1.17
20210212,1.16,1.21,1.15,1.21
20210216,1.23,1.32,1.22,1.31
20210217,1.31,1.32,1.27,1.27
20210218,1.28,1.31,1.27,1.30
20210219,1.31,1.36,1.29,1.34
20210222,1.37,1.39,1.33,1.37
20210223,1.37,1.38,1.34,1.34
20210224,1.34,1.43,1.34,1.37
20210225,1.42,1.56,1.42,1.54
20210226,1.49,1.51,1.39,1.41
20210301,1.41,1.46,1.41,1.42
20210302,1.42,1.45,1.40,1.40
20210303,1.41,1.49,1.41,1.48
20210304,1.46,1.57,1.45,1.57
20210305,1.56,1.61,1.54,1.57
20210308,1.60,1.61,1.58,1.59
20210309,1.55,1.56,1.53,1.53
20210310,1.55,1.57,1.51,1.52
20210311,1.51,1.55,1.48,1.54
20210312,1.59,1.64,1.58,1.63
20210315,1.62,1.63,1.60,1.61
20210316,1.61,1.63,1.59,1.62
20210317,1.64,1.69,1.63,1.65
20210318,1.72,1.75,1.71,1.71
20210319,1.68,1.75,1.67,1.73
20210322,1.68,1.70,1.67,1.70
20210323,1.66,1.67,1.62,1.62
20210324,1.61,1.65,1.60,1.61
20210325,1.62,1.64,1.59,1.63
20210326,1.65,1.68,1.64,1.67
20210329,1.64,1.72,1.64,1.71
20210330,1.76,1.77,1.71,1.71
20210331,1.73,1.75,1.71,1.74
20210401,1.73,1.73,1.67,1.67
20210405,1.72,1.74,1.70,1.70
20210406,1.69,1.72,1.65,1.66
20210407,1.65,1.68,1.63,1.68
20210408,1.66,1.67,1.62,1.62
20210409,1.66,1.69,1.64,1.66
20210412,1.66,1.68,1.65,1.67
20210413,1.70,1.70,1.62,1.62
20210414,1.63,1.65,1.63,1.63
20210415,1.63,1.63,1.53,1.58
20210416,1.58,1.60,1.55,1.58
20210419,1.56,1.62,1.56,1.61
20210420,1.63,1.63,1.56,1.56
20210421,1.57,1.58,1.55,1.56
20210422,1.54,1.59,1.54,1.54
20210423,1.57,1.58,1.53,1.56
20210426,1.58,1.59,1.56,1.57
20210427,1.58,1.63,1.57,1.63
20210428,1.64,1.65,1.61,1.61
20210429,1.64,1.68,1.63,1.64
20210430,1.64,1.65,1.62,1.62
20210503,1.63,1.65,1.58,1.60
20210504,1.61,1.62,1.56,1.58
20210505,1.60,1.62,1.57,1.57
20210506,1.57,1.59,1.56,1.57
20210507,1.57,1.58,1.52,1.58
20210510,1.60,1.61,1.56,1.60
20210511,1.60,1.63,1.60,1.62
20210512,1.62,1.70,1.61,1.69
20210513,1.68,1.71,1.65,1.66
20210514,1.66,1.66,1.63,1.63
20210517,1.61,1.65,1.61,1.65
20210518,1.65,1.65,1.63,1.64
20210519,1.65,1.69,1.62,1.67
20210520,1.67,1.67,1.63,1.63
20210521,1.63,1.64,1.61,1.62
20210524,1.62,1.63,1.60,1.60
20210525,1.60,1.60,1.55,1.56
20210526,1.58,1.58,1.55,1.58
20210527,1.57,1.62,1.57,1.61
20210528,1.62,1.62,1.58,1.58
20210601,1.62,1.64,1.61,1.61
20210602,1.61,1.61,1.59,1.59
20210603,1.60,1.63,1.59,1.63
20210604,1.63,1.63,1.56,1.56
20210607,1.58,1.58,1.56,1.57
20210608,1.55,1.56,1.52,1.54
20210609,1.52,1.53,1.47,1.49
20210610,1.48,1.52,1.44,1.44
20210611,1.44,1.47,1.43,1.45
20210614,1.46,1.50,1.46,1.50
20210615,1.49,1.51,1.48,1.49
20210616,1.50,1.58,1.48,1.58
20210617,1.57,1.57,1.48,1.51
20210618,1.51,1.52,1.44,1.44
20210621,1.40,1.50,1.40,1.49
20210622,1.49,1.51,1.46,1.47
20210623,1.49,1.49,1.47,1.49
20210624,1.50,1.50,1.48,1.50
20210625,1.49,1.54,1.48,1.53
20210628,1.53,1.53,1.47,1.48
20210629,1.49,1.50,1.47,1.47
20210630,1.48,1.48,1.44,1.47
20210701,1.47,1.49,1.45,1.46
20210702,1.47,1.47,1.43,1.43
20210706,1.44,1.45,1.35,1.35
20210707,1.36,1.37,1.30,1.32
20210708,1.29,1.30,1.25,1.29
20210709,1.34,1.36,1.33,1.36
20210712,1.35,1.38,1.33,1.37
20210713,1.36,1.42,1.35,1.42
20210714,1.39,1.41,1.35,1.35
20210715,1.32,1.35,1.30,1.30
20210716,1.32,1.33,1.29,1.30
20210719,1.29,1.29,1.18,1.20
20210720,1.20,1.23,1.14,1.23
20210721,1.20,1.30,1.20,1.29
20210722,1.27,1.31,1.24,1.28
20210723,1.28,1.31,1.27,1.28
20210726,1.25,1.29,1.22,1.29
20210727,1.28,1.28,1.23,1.24
20210728,1.24,1.27,1.23,1.23
20210729,1.25,1.28,1.24,1.27
20210730,1.24,1.25,1.22,1.23
20210802,1.23,1.24,1.16,1.18
20210803,1.18,1.20,1.16,1.17
20210804,1.13,1.21,1.13,1.18
20210805,1.19,1.23,1.17,1.23
20210806,1.25,1.30,1.24,1.30
20210809,1.30,1.33,1.27,1.32
20210810,1.31,1.36,1.31,1.35
20210811,1.37,1.38,1.31,1.33
20210812,1.34,1.38,1.34,1.36
20210813,1.34,1.36,1.28,1.28
20210816,1.26,1.28,1.23,1.27
20210817,1.24,1.27,1.22,1.27
20210818,1.27,1.30,1.26,1.26
20210819,1.24,1.25,1.22,1.24
20210820,1.23,1.26,1.23,1.25
20210823,1.26,1.28,1.25,1.25
20210824,1.27,1.30,1.26,1.30
20210825,1.29,1.35,1.28,1.35
20210826,1.34,1.37,1.34,1.35
20210827,1.34,1.36,1.30,1.31
20210830,1.30,1.31,1.28,1.28
20210831,1.28,1.31,1.27,1.31
20210901,1.33,1.33,1.28,1.30
20210902,1.30,1.30,1.28,1.29
20210903,1.29,1.33,1.29,1.33
20210907,1.35,1.38,1.35,1.38
20210908,1.36,1.36,1.33,1.34
20210909,1.33,1.34,1.29,1.30
20210910,1.31,1.35,1.31,1.34
20210913,1.34,1.34,1.32,1.33
20210914,1.33,1.35,1.27,1.28
20210915,1.29,1.32,1.26,1.30
20210916,1.30,1.35,1.30,1.34
20210917,1.33,1.38,1.33,1.36
20210920,1.35,1.35,1.30,1.31
20210921,1.33,1.34,1.31,1.33
20210922,1.33,1.34,1.30,1.30
20210923,1.33,1.44,1.33,1.43
20210924,1.44,1.47,1.41,1.45
20210927,1.45,1.51,1.44,1.49
20210928,1.54,1.56,1.51,1.55
20210929,1.51,1.55,1.50,1.52
20210930,1.53,1.56,1.49,1.49
20211001,1.48,1.51,1.46,1.46
20211004,1.47,1.51,1.47,1.48
20211005,1.49,1.54,1.48,1.53
20211006,1.56,1.57,1.51,1.52
20211007,1.53,1.58,1.51,1.57
20211008,1.59,1.61,1.56,1.61
20211012,1.61,1.62,1.57,1.57
20211013,1.58,1.59,1.53,1.54
20211014,1.56,1.56,1.51,1.51
20211015,1.53,1.58,1.53,1.57
20211018,1.59,1.63,1.58,1.60
20211019,1.58,1.65,1.57,1.64
20211020,1.65,1.66,1.62,1.66
20211021,1.64,1.71,1.64,1.71
20211022,1.68,1.69,1.64,1.64
20211025,1.65,1.67,1.62,1.63
20211026,1.63,1.65,1.61,1.61
20211027,1.62,1.62,1.52,1.55
20211028,1.54,1.58,1.54,1.58
20211029,1.59,1.61,1.54,1.56
20211101,1.56,1.60,1.56,1.56
20211102,1.55,1.56,1.53,1.55
20211103,1.54,1.61,1.52,1.60
20211104,1.60,1.60,1.52,1.53
20211105,1.53,1.53,1.44,1.45
20211108,1.47,1.50,1.46,1.49
20211109,1.49,1.49,1.42,1.44
20211110,1.48,1.58,1.47,1.55
20211112,1.57,1.58,1.54,1.56
20211115,1.55,1.63,1.54,1.62
20211116,1.61,1.64,1.60,1.64
20211117,1.64,1.65,1.59,1.59
20211118,1.59,1.61,1.58,1.59
20211119,1.60,1.61,1.52,1.55
20211122,1.57,1.63,1.55,1.63
20211123,1.62,1.68,1.62,1.67
20211124,1.64,1.69,1.64,1.64
20211126,1.54,1.55,1.48,1.48
20211129,1.52,1.56,1.50,1.50
20211130,1.45,1.48,1.42,1.45
20211201,1.46,1.50,1.40,1.41
20211202,1.44,1.46,1.41,1.45
20211203,1.44,1.47,1.34,1.35
20211206,1.38,1.44,1.37,1.44
20211207,1.45,1.49,1.43,1.48
20211208,1.46,1.53,1.43,1.52
20211209,1.51,1.51,1.48,1.50
20211210,1.51,1.52,1.46,1.49
20211213,1.49,1.50,1.41,1.42
20211214,1.43,1.47,1.42,1.44
20211215,1.43,1.48,1.43,1.46
20211216,1.45,1.47,1.41,1.42
20211217,1.41,1.43,1.37,1.41
20211220,1.37,1.43,1.36,1.43
20211221,1.43,1.50,1.42,1.46
20211222,1.46,1.48,1.45,1.46
20211223,1.47,1.50,1.46,1.49
20211227,1.48,1.50,1.48,1.48
20211228,1.48,1.49,1.46,1.48
20211229,1.48,1.56,1.47,1.55
20211230,1.54,1.54,1.50,1.51
20211231,1.52,1.52,1.50,1.51
20220103,1.54,1.64,1.53,1.63
20220104,1.63,1.68,1.62,1.65
20220105,1.65,1.71,1.64,1.71
20220106,1.73,1.75,1.72,1.72
20220107,1.73,1.79,1.72,1.76
20220110,1.80,1.81,1.75,1.76
20220111,1.76,1.78,1.74,1.74
20220112,1.75,1.75,1.71,1.75
20220113,1.74,1.75,1.70,1.71
20220114,1.71,1.79,1.71,1.79
20220118,1.84,1.88,1.81,1.88
20220119,1.88,1.90,1.82,1.87
20220120,1.85,1.85,1.81,1.81
20220121,1.78,1.80,1.74,1.77
20220124,1.76,1.78,1.71,1.77
20220125,1.75,1.79,1.74,1.78
20220126,1.77,1.88,1.77,1.87
20220127,1.84,1.85,1.78,1.80
20220128,1.83,1.85,1.77,1.78
20220131,1.79,1.82,1.77,1.78
20220201,1.77,1.82,1.74,1.79
20220202,1.80,1.81,1.75,1.77
20220203,1.77,1.84,1.77,1.83
20220204,1.84,1.93,1.81,1.91
20220207,1.90,1.94,1.90,1.92
20220208,1.96,1.97,1.93,1.97
20220209,1.93,1.95,1.91,1.94
20220210,1.93,2.05,1.92,2.03
20220211,2.02,2.06,1.91,1.94
20220214,1.96,2.02,1.91,1.99
20220215,1.99,2.06,1.99,2.04
20220216,2.05,2.06,2.01,2.04
20220217,2.01,2.03,1.95,1.97
20220218,1.98,1.98,1.92,1.93
20220222,1.85,1.96,1.85,1.94
20220223,1.97,2.00,1.96,1.99
20220224,1.89,1.98,1.85,1.97
20220225,1.95,2.01,1.93,1.96
20220228,1.92,1.92,1.82,1.82
20220301,1.86,1.86,1.69,1.73
20220302,1.72,1.91,1.72,1.89
20220303,1.86,1.89,1.83,1.84
20220304,1.81,1.82,1.70,1.73
20220307,1.71,1.80,1.71,1.77
20220308,1.80,1.88,1.79,1.85
20220309,1.86,1.96,1.86,1.95
20220310,1.94,2.02,1.91,1.99
20220311,1.98,2.02,1.97,2.00
20220314,2.03,2.15,2.03,2.14
20220315,2.11,2.16,2.08,2.15
20220316,2.20,2.24,2.15,2.19
20220317,2.16,2.21,2.11,2.17
20220318,2.18,2.18,2.13,2.15
20220321,2.18,2.32,2.18,2.30
20220322,2.32,2.39,2.32,2.38
20220323,2.39,2.39,2.29,2.29
20220324,2.35,2.39,2.33,2.37
20220325,2.37,2.50,2.34,2.49
20220328,2.50,2.52,2.42,2.46
20220329,2.46,2.54,2.39,2.40
20220330,2.37,2.43,2.34,2.35
20220331,2.33,2.35,2.31,2.34
20220401,2.38,2.45,2.36,2.39
20220404,2.42,2.43,2.38,2.40
20220405,2.43,2.56,2.42,2.55
20220406,2.60,2.66,2.58,2.60
20220407,2.57,2.67,2.56,2.66
20220408,2.65,2.73,2.65,2.71
20220411,2.76,2.79,2.74,2.78
20220412,2.83,2.83,2.68,2.73
20220413,2.77,2.79,2.65,2.70
20220414,2.68,2.83,2.66,2.83
20220418,2.85,2.87,2.82,2.86
20220419,2.85,2.94,2.85,2.94
20220420,2.94,2.94,2.83,2.83
20220421,2.87,2.95,2.85,2.91
20220422,2.92,2.96,2.87,2.90
20220425,2.83,2.84,2.76,2.82
20220426,2.84,2.84,2.72,2.72
20220427,2.77,2.84,2.74,2.83
20220428,2.83,2.88,2.80,2.83
20220429,2.84,2.94,2.83,2.94
20220502,2.92,3.00,2.91,2.99
20220503,3.00,3.00,2.92,2.98
20220504,2.99,3.01,2.91,2.94
20220505,2.95,3.10,2.93,3.04
20220506,3.05,3.14,3.05,3.14
20220509,3.15,3.20,3.03,3.03
20220510,3.06,3.07,2.95,2.99
20220511,2.97,3.08,2.92,2.93
20220512,2.85,2.88,2.82,2.85
20220513,2.90,2.94,2.88,2.92
20220516,2.92,2.93,2.86,2.89
20220517,2.91,3.00,2.91,2.99
20220518,2.98,3.00,2.88,2.89
20220519,2.89,2.89,2.78,2.84
20220520,2.85,2.87,2.78,2.79
20220523,2.83,2.87,2.81,2.85
20220524,2.83,2.83,2.72,2.75
20220525,2.75,2.77,2.72,2.75
20220526,2.73,2.79,2.71,2.75
20220527,2.74,2.76,2.71,2.74
20220531,2.84,2.87,2.80,2.85
20220601,2.86,2.95,2.84,2.91
20220602,2.92,2.94,2.89,2.91
20220603,2.92,2.98,2.92,2.94
20220606,2.95,3.05,2.94,3.05
20220607,3.05,3.05,2.96,2.98
20220608,3.00,3.04,2.99,3.02
20220609,3.04,3.07,3.01,3.05
20220610,3.05,3.17,3.02,3.16
20220613,3.18,3.43,3.18,3.37
20220614,3.29,3.50,3.28,3.47
20220615,3.40,3.44,3.29,3.29
20220616,3.31,3.50,3.18,3.20
20220617,3.26,3.30,3.20,3.23
20220621,3.28,3.31,3.26,3.28
20220622,3.23,3.24,3.14,3.16
20220623,3.16,3.17,3.01,3.09
20220624,3.09,3.14,3.04,3.14
20220627,3.16,3.21,3.15,3.20
20220628,3.19,3.26,3.17,3.18
20220629,3.14,3.18,3.09,3.09
20220630,3.08,3.08,2.97,3.02
20220701,2.97,3.00,2.79,2.89
20220705,2.94,2.95,2.78,2.81
20220706,2.83,2.93,2.76,2.93
20220707,2.94,3.02,2.92,3.00
20220708,2.99,3.10,2.97,3.08
20220711,3.08,3.08,2.97,3.00
20220712,2.97,2.98,2.90,2.97
20220713,2.97,3.06,2.90,2.94
20220714,2.94,3.02,2.92,2.96
20220715,2.94,2.97,2.90,2.93
20220718,2.94,3.01,2.93,2.99
20220719,2.97,3.03,2.96,3.03
20220720,3.02,3.04,2.95,3.02
20220721,3.05,3.07,2.88,2.88
20220722,2.90,2.90,2.73,2.75
20220725,2.79,2.84,2.78,2.81
20220726,2.80,2.81,2.71,2.81
20220727,2.80,2.81,2.73,2.78
20220728,2.80,2.82,2.65,2.67
20220729,2.67,2.72,2.62,2.66
20220801,2.67,2.69,2.58,2.58
20220802,2.55,2.77,2.53,2.74
20220803,2.73,2.83,2.71,2.71
20220804,2.73,2.75,2.66,2.69
20220805,2.68,2.87,2.68,2.83
20220808,2.83,2.83,2.75,2.75
20220809,2.77,2.81,2.75,2.78
20220810,2.80,2.81,2.69,2.78
20220811,2.77,2.90,2.74,2.89
20220812,2.87,2.90,2.84,2.84
20220815,2.85,2.86,2.76,2.79
20220816,2.78,2.87,2.78,2.81
20220817,2.84,2.92,2.83,2.90
20220818,2.89,2.91,2.84,2.89
20220819,2.93,3.00,2.92,2.98
20220822,2.96,3.04,2.95,3.03
20220823,3.00,3.08,2.99,3.05
20220824,3.05,3.12,3.03,3.11
20220825,3.10,3.12,3.02,3.03
20220826,3.06,3.08,3.02,3.02
20220829,3.12,3.12,3.09,3.11
20220830,3.09,3.14,3.05,3.11
20220831,3.10,3.20,3.09,3.20
20220901,3.20,3.29,3.19,3.26
20220902,3.24,3.29,3.19,3.19
20220906,3.25,3.35,3.23,3.34
20220907,3.34,3.35,3.25,3.27
20220908,3.23,3.33,3.22,3.32
20220909,3.30,3.33,3.25,3.32
20220912,3.34,3.38,3.27,3.36
20220913,3.33,3.45,3.30,3.41
20220914,3.41,3.47,3.39,3.41
20220915,3.44,3.46,3.42,3.45
20220916,3.48,3.48,3.42,3.45
20220919,3.45,3.51,3.45,3.49
20220920,3.49,3.60,3.47,3.57
20220921,3.56,3.61,3.51,3.53
20220922,3.55,3.72,3.52,3.71
20220923,3.71,3.81,3.67,3.69
20220926,3.72,3.93,3.72,3.93
20220927,3.91,3.99,3.81,3.95
20220928,3.95,4.01,3.71,3.74
20220929,3.76,3.86,3.72,3.78
20220930,3.79,3.83,3.69,3.83
20221003,3.81,3.82,3.59,3.64
20221004,3.63,3.65,3.57,3.63
20221005,3.63,3.79,3.62,3.75
20221006,3.75,3.84,3.73,3.83
20221007,3.82,3.91,3.82,3.89
20221011,3.95,4.01,3.88,3.94
20221012,3.95,3.97,3.89,3.90
20221013,3.90,4.06,3.86,3.95
20221014,3.96,4.03,3.86,4.02
20221017,4.00,4.02,3.92,4.01
20221018,4.00,4.06,3.96,4.01
20221019,4.01,4.14,4.01,4.14
20221020,4.14,4.24,4.11,4.23
20221021,4.23,4.33,4.20,4.22
20221024,4.20,4.28,4.14,4.25
20221025,4.23,4.23,4.05,4.10
20221026,4.08,4.11,4.00,4.01
20221027,4.01,4.08,3.90,3.93
20221028,3.92,4.04,3.92,4.01
20221031,4.03,4.10,4.02,4.05
20221101,4.06,4.07,3.93,4.05
20221102,4.04,4.11,4.00,4.10
20221103,4.12,4.22,4.12,4.15
20221104,4.16,4.21,4.12,4.16
20221107,4.15,4.22,4.13,4.22
20221108,4.23,4.24,4.12,4.13
20221109,4.13,4.17,4.08,4.10
20221110,4.10,4.12,3.81,3.81
20221114,3.90,3.90,3.86,3.86
20221115,3.87,3.88,3.77,3.78
20221116,3.77,3.84,3.68,3.69
20221117,3.70,3.80,3.69,3.77
20221118,3.77,3.83,3.75,3.83
20221121,3.82,3.84,3.77,3.84
20221122,3.83,3.83,3.75,3.76
20221123,3.76,3.79,3.69,3.69
20221125,3.66,3.75,3.65,3.69
20221128,3.70,3.72,3.62,3.68
20221129,3.69,3.76,3.65,3.75
20221130,3.75,3.79,3.60,3.61
20221201,3.62,3.64,3.50,3.51
20221202,3.52,3.61,3.48,3.49
20221205,3.52,3.61,3.50,3.58
20221206,3.58,3.60,3.51,3.53
20221207,3.54,3.56,3.41,3.42
20221208,3.44,3.51,3.43,3.49
20221209,3.49,3.59,3.45,3.59
20221212,3.58,3.62,3.52,3.62
20221213,3.61,3.61,3.45,3.50
20221214,3.50,3.56,3.46,3.48
20221215,3.49,3.51,3.43,3.45
20221216,3.46,3.55,3.46,3.49
20221219,3.50,3.60,3.50,3.59
20221220,3.59,3.71,3.58,3.69
20221221,3.70,3.72,3.63,3.67
20221222,3.66,3.69,3.63,3.69
20221223,3.68,3.75,3.68,3.75
20221227,3.75,3.86,3.73,3.85
20221228,3.85,3.89,3.81,3.89
20221229,3.88,3.88,3.82,3.82
20221230,3.83,3.90,3.82,3.88
20230103,3.88,3.88,3.73,3.75
20230104,3.76,3.76,3.67,3.69
20230105,3.69,3.77,3.69,3.72
20230106,3.73,3.75,3.55,3.56
20230109,3.56,3.61,3.51,3.53
20230110,3.53,3.63,3.52,3.62
20230111,3.62,3.62,3.53,3.54
20230112,3.54,3.56,3.44,3.44
20230113,3.45,3.51,3.43,3.50
20230117,3.52,3.58,3.50,3.55
20230118,3.55,3.56,3.37,3.37
20230119,3.38,3.42,3.32,3.40
20230120,3.40,3.50,3.39,3.48
20230123,3.48,3.54,3.46,3.52
20230124,3.52,3.54,3.46,3.46
20230125,3.45,3.48,3.42,3.45
20230126,3.44,3.51,3.44,3.51
20230127,3.50,3.56,3.50,3.51
20230130,3.51,3.57,3.50,3.54
20230131,3.55,3.55,3.49,3.51
20230201,3.51,3.52,3.39,3.42
20230202,3.42,3.42,3.34,3.40
20230203,3.39,3.55,3.37,3.52
20230206,3.56,3.65,3.54,3.64
20230207,3.64,3.69,3.60,3.68
20230208,3.67,3.69,3.62,3.62
20230209,3.60,3.68,3.58,3.66
20230210,3.67,3.75,3.66,3.74
20230213,3.74,3.75,3.70,3.70
20230214,3.71,3.79,3.67,3.75
20230215,3.74,3.82,3.73,3.80
20230216,3.81,3.87,3.77,3.86
20230217,3.87,3.92,3.81,3.82
20230221,3.85,3.96,3.85,3.95
20230222,3.96,3.97,3.89,3.93
20230223,3.92,3.96,3.87,3.89
20230224,3.88,3.97,3.86,3.95
20230227,3.94,3.97,3.90,3.92
20230228,3.92,3.98,3.90,3.93
20230301,3.94,4.01,3.92,3.99
20230302,3.99,4.09,3.99,4.06
20230303,4.07,4.07,3.96,3.96
20230306,3.96,3.98,3.90,3.96
20230307,3.97,4.00,3.93,3.97
20230308,3.98,4.01,3.91,3.99
20230309,3.98,4.01,3.90,3.91
20230310,3.90,3.90,3.68,3.70
20230313,3.72,3.75,3.42,3.54
20230314,3.57,3.69,3.50,3.69
20230315,3.69,3.71,3.40,3.46
20230316,3.46,3.59,3.38,3.58
20230317,3.57,3.59,3.39,3.44
20230320,3.47,3.52,3.30,3.48
20230321,3.50,3.61,3.45,3.61
20230322,3.60,3.64,3.43,3.45
20230323,3.44,3.51,3.38,3.41
20230324,3.42,3.42,3.29,3.37
20230327,3.40,3.54,3.37,3.54
20230328,3.53,3.57,3.50,3.57
20230329,3.57,3.61,3.54,3.57
20230330,3.57,3.59,3.54,3.55
20230331,3.55,3.58,3.47,3.47
20230403,3.52,3.54,3.41,3.42
20230404,3.41,3.48,3.33,3.34
20230405,3.35,3.37,3.27,3.31
20230406,3.31,3.31,3.27,3.30
20230410,3.38,3.43,3.36,3.42
20230411,3.42,3.46,3.38,3.43
20230412,3.43,3.46,3.36,3.40
20230413,3.39,3.46,3.37,3.45
20230414,3.45,3.53,3.42,3.52
20230417,3.53,3.61,3.51,3.61
20230418,3.60,3.61,3.56,3.58
20230419,3.58,3.64,3.58,3.59
20230420,3.59,3.60,3.53,3.54
20230421,3.54,3.58,3.50,3.57
20230424,3.57,3.57,3.49,3.50
20230425,3.48,3.49,3.38,3.40
20230426,3.42,3.45,3.38,3.44
20230427,3.44,3.53,3.44,3.53
20230428,3.52,3.54,3.43,3.43
20230501,3.45,3.61,3.45,3.57
20230502,3.57,3.57,3.43,3.43
20230503,3.43,3.44,3.34,3.36
20230504,3.33,3.40,3.31,3.38
20230505,3.38,3.46,3.38,3.44
20230508,3.46,3.52,3.42,3.51
20230509,3.51,3.53,3.48,3.52
20230510,3.52,3.53,3.43,3.44
20230511,3.44,3.44,3.35,3.39
20230512,3.38,3.47,3.37,3.46
20230515,3.47,3.51,3.46,3.51
20230516,3.51,3.57,3.46,3.54
20230517,3.54,3.59,3.52,3.57
20230518,3.57,3.66,3.55,3.66
20230519,3.65,3.73,3.63,3.69
20230522,3.69,3.73,3.66,3.72
20230523,3.72,3.76,3.69,3.70
20230524,3.69,3.75,3.66,3.75
20230525,3.74,3.83,3.72,3.82
20230526,3.82,3.86,3.78,3.79
20230529,3.83,3.85,3.76,3.77
20230530,3.77,3.77,3.68,3.69
20230531,3.70,3.70,3.61,3.64
20230601,3.63,3.69,3.57,3.60
20230602,3.60,3.71,3.60,3.70
20230605,3.71,3.76,3.66,3.69
20230606,3.69,3.73,3.66,3.68
20230607,3.67,3.80,3.65,3.79
20230608,3.80,3.82,3.71,3.72
20230609,3.72,3.78,3.72,3.74
20230612,3.76,3.79,3.71,3.74
20230613,3.74,3.85,3.67,3.83
20230614,3.82,3.85,3.77,3.79
20230615,3.80,3.85,3.70,3.72
20230616,3.72,3.81,3.72,3.77
20230619,3.77,3.83,3.75,3.82
20230620,3.82,3.83,3.70,3.72
20230621,3.72,3.79,3.71,3.73
20230622,3.73,3.81,3.72,3.80
20230623,3.79,3.80,3.69,3.74
20230626,3.73,3.74,3.68,3.72
20230627,3.72,3.78,3.69,3.77
20230628,3.77,3.78,3.71,3.71
20230629,3.71,3.87,3.71,3.84
20230630,3.84,3.90,3.80,3.84
20230703,3.85,3.87,3.78,3.86
20230705,3.86,3.95,3.83,3.93
20230706,3.93,4.09,3.93,4.03
20230707,4.03,4.10,4.00,4.07
20230710,4.07,4.09,3.98,4.00
20230711,4.00,4.01,3.95,3.98
20230712,3.97,3.97,3.84,3.86
20230713,3.86,3.87,3.75,3.77
20230714,3.77,3.84,3.76,3.83
20230717,3.83,3.84,3.77,3.81
20230718,3.81,3.81,3.73,3.79
20230719,3.79,3.80,3.73,3.75
20230720,3.75,3.88,3.75,3.86
20230721,3.85,3.86,3.81,3.84
20230724,3.84,3.88,3.79,3.88
20230725,3.88,3.93,3.86,3.89
20230726,3.89,3.91,3.85,3.87
20230727,3.87,4.02,3.84,4.00
20230728,4.00,4.04,3.94,3.96
20230731,3.96,4.01,3.93,3.97
20230801,3.96,4.06,3.95,4.04
20230802,4.02,4.13,4.01,4.09
20230803,4.08,4.20,4.08,4.18
20230804,4.18,4.22,4.04,4.04
20230807,4.05,4.12,4.05,4.10
20230808,4.09,4.10,3.98,4.03
20230809,4.03,4.04,3.98,4.02
20230810,4.01,4.12,3.95,4.11
20230811,4.12,4.18,4.08,4.16
20230814,4.18,4.22,4.15,4.20
20230815,4.19,4.28,4.17,4.22
20230816,4.22,4.28,4.17,4.26
20230817,4.26,4.33,4.24,4.28
20230818,4.28,4.28,4.22,4.25
20230821,4.25,4.36,4.25,4.34
20230822,4.34,4.37,4.31,4.33
20230823,4.32,4.33,4.18,4.20
20230824,4.20,4.25,4.17,4.24
20230825,4.24,4.29,4.20,4.23
20230828,4.24,4.26,4.19,4.21
20230829,4.21,4.24,4.11,4.12
20230830,4.12,4.16,4.09,4.11
20230831,4.11,4.12,4.08,4.11
20230901,4.12,4.21,4.07,4.18
20230905,4.21,4.28,4.20,4.27
20230906,4.26,4.31,4.24,4.30
20230907,4.29,4.31,4.25,4.25
20230908,4.25,4.27,4.21,4.26
20230911,4.27,4.31,4.26,4.29
20230912,4.29,4.30,4.26,4.28
20230913,4.28,4.36,4.23,4.25
20230914,4.25,4.30,4.22,4.29
20230915,4.29,4.34,4.27,4.34
20230918,4.34,4.41,4.30,4.30
20230919,4.31,4.37,4.30,4.37
20230920,4.36,4.41,4.31,4.40
20230921,4.41,4.50,4.41,4.49
20230922,4.50,4.51,4.42,4.44
20230925,4.43,4.55,4.43,4.53
20230926,4.54,4.57,4.49,4.55
20230927,4.54,4.65,4.49,4.61
20230928,4.61,4.70,4.57,4.58
20230929,4.58,4.61,4.51,4.58
20231002,4.61,4.71,4.60,4.69
20231003,4.68,4.82,4.67,4.79
20231004,4.80,4.89,4.72,4.74
20231005,4.73,4.78,4.70,4.72
20231006,4.72,4.89,4.71,4.79
20231009,4.75,4.76,4.62,4.64
20231010,4.64,4.72,4.61,4.66
20231011,4.66,4.66,4.54,4.56
20231012,4.56,4.73,4.53,4.70
20231013,4.70,4.70,4.58,4.61
20231016,4.65,4.73,4.63,4.71
20231017,4.72,4.86,4.71,4.84
20231018,4.84,4.93,4.81,4.92
20231019,4.92,5.00,4.89,4.99
20231020,5.00,5.00,4.89,4.92
20231023,4.96,5.02,4.83,4.85
20231024,4.85,4.89,4.80,4.83
20231025,4.82,4.97,4.81,4.96
20231026,4.96,4.99,4.84,4.85
20231027,4.85,4.89,4.83,4.84
20231030,4.88,4.92,4.83,4.89
20231031,4.89,4.94,4.80,4.93
20231101,4.93,4.94,4.73,4.73
20231102,4.73,4.75,4.62,4.66
20231103,4.67,4.68,4.48,4.58
20231106,4.58,4.67,4.58,4.65
20231107,4.65,4.67,4.54,4.57
20231108,4.57,4.61,4.49,4.50
20231109,4.50,4.65,4.47,4.63
20231110,4.64,4.66,4.57,4.66
20231113,4.64,4.70,4.62,4.64
20231114,4.65,4.66,4.43,4.45
20231115,4.45,4.56,4.43,4.53
20231116,4.53,4.53,4.43,4.44
20231117,4.44,4.47,4.38,4.44
20231120,4.45,4.49,4.41,4.42
20231121,4.42,4.44,4.38,4.39
20231122,4.39,4.45,4.36,4.41
20231124,4.45,4.49,4.44,4.47
20231127,4.49,4.51,4.38,4.39
20231128,4.40,4.42,4.32,4.32
20231129,4.32,4.33,4.25,4.26
20231130,4.27,4.37,4.25,4.33
20231201,4.32,4.35,4.20,4.20
20231204,4.22,4.30,4.22,4.25
20231205,4.25,4.26,4.16,4.16
20231206,4.17,4.20,4.10,4.11
20231207,4.11,4.19,4.10,4.15
20231208,4.15,4.28,4.15,4.23
20231211,4.24,4.29,4.23,4.24
20231212,4.24,4.25,4.15,4.20
20231213,4.21,4.21,4.01,4.02
20231214,4.02,4.02,3.89,3.92
20231215,3.93,3.97,3.89,3.91
20231218,3.94,3.97,3.89,3.93
20231219,3.93,3.95,3.89,3.93
20231220,3.92,3.92,3.85,3.85
20231221,3.86,3.90,3.83,3.89
20231222,3.89,3.92,3.85,3.90
20231226,3.90,3.91,3.88,3.90
20231227,3.90,3.90,3.78,3.80
20231228,3.80,3.86,3.80,3.85
20231229,3.84,3.90,3.83,3.87
20240102,3.88,3.97,3.88,3.93
20240103,3.94,4.01,3.89,3.92
20240104,3.92,4.01,3.90,4.00
20240105,4.00,4.10,3.95,4.05
20240108,4.06,4.07,3.97,4.03
20240109,4.02,4.05,4.00,4.02
20240110,4.02,4.04,3.98,4.03
20240111,4.02,4.07,3.97,3.97
20240112,3.96,4.01,3.92,3.94
20240116,4.00,4.08,3.98,4.06
20240117,4.05,4.13,4.04,4.10
20240118,4.09,4.15,4.07,4.14
20240119,4.15,4.20,4.12,4.13
20240122,4.11,4.14,4.07,4.11
20240123,4.10,4.16,4.09,4.14
20240124,4.13,4.19,4.09,4.18
20240125,4.17,4.19,4.12,4.12
20240126,4.10,4.17,4.09,4.14
20240129,4.13,4.13,4.06,4.08
20240130,4.06,4.10,4.03,4.03
20240131,4.02,4.04,3.91,3.91
20240201,3.95,3.96,3.82,3.88
20240202,3.89,4.05,3.87,4.03
20240205,4.07,4.18,4.06,4.16
20240206,4.13,4.17,4.08,4.10
20240207,4.09,4.13,4.07,4.12
20240208,4.09,4.17,4.09,4.16
20240209,4.14,4.19,4.13,4.18
20240212,4.18,4.20,4.15,4.18
20240213,4.18,4.33,4.15,4.32
20240214,4.31,4.32,4.25,4.26
20240215,4.23,4.26,4.19,4.23
20240216,4.26,4.33,4.25,4.28
20240220,4.30,4.30,4.24,4.28
20240221,4.28,4.33,4.26,4.32
20240222,4.32,4.35,4.29,4.33
20240223,4.34,4.35,4.25,4.25
20240226,4.23,4.31,4.21,4.28
20240227,4.27,4.32,4.26,4.30
20240228,4.30,4.31,4.26,4.27
20240229,4.28,4.32,4.23,4.25
20240301,4.25,4.30,4.17,4.18
20240304,4.19,4.24,4.19,4.21
20240305,4.22,4.22,4.11,4.15
20240306,4.15,4.17,4.08,4.11
20240307,4.12,4.13,4.05,4.09
20240308,4.09,4.14,4.04,4.08
20240311,4.07,4.12,4.05,4.10
20240312,4.10,4.17,4.08,4.16
20240313,4.15,4.20,4.13,4.19
20240314,4.19,4.30,4.19,4.29
20240315,4.28,4.32,4.27,4.31
20240318,4.30,4.35,4.29,4.33
20240319,4.33,4.34,4.28,4.30
20240320,4.29,4.32,4.23,4.28
20240321,4.27,4.29,4.22,4.28
20240322,4.26,4.27,4.20,4.21
20240325,4.21,4.26,4.21,4.25
20240326,4.24,4.28,4.23,4.23
20240327,4.24,4.24,4.18,4.19
20240328,4.21,4.24,4.18,4.21
20240401,4.21,4.34,4.19,4.32
20240402,4.30,4.41,4.30,4.36
20240403,4.36,4.43,4.34,4.35
20240404,4.36,4.38,4.30,4.31
20240405,4.31,4.41,4.30,4.41
20240408,4.43,4.47,4.41,4.42
20240409,4.42,4.42,4.35,4.36
20240410,4.36,4.57,4.34,4.55
20240411,4.54,4.59,4.51,4.59
20240412,4.56,4.58,4.48,4.52
20240415,4.54,4.67,4.53,4.61
20240416,4.61,4.70,4.61,4.67
20240417,4.66,4.68,4.58,4.59
20240418,4.58,4.66,4.56,4.63
20240419,4.54,4.63,4.49,4.62
20240422,4.65,4.67,4.61,4.61
20240423,4.62,4.66,4.57,4.60
20240424,4.62,4.67,4.61,4.64
20240425,4.64,4.75,4.62,4.71
20240426,4.71,4.71,4.63,4.67
20240429,4.66,4.66,4.61,4.62
20240430,4.61,4.70,4.60,4.68
20240501,4.67,4.70,4.58,4.63
20240502,4.62,4.65,4.57,4.58
20240503,4.58,4.60,4.45,4.51
20240506,4.51,4.51,4.47,4.49
20240507,4.49,4.49,4.42,4.46
20240508,4.46,4.50,4.46,4.50
20240509,4.51,4.52,4.45,4.46
20240510,4.46,4.51,4.44,4.50
20240513,4.50,4.50,4.46,4.49
20240514,4.49,4.53,4.44,4.44
20240515,4.44,4.45,4.34,4.34
20240516,4.32,4.38,4.31,4.38
20240517,4.37,4.43,4.36,4.42
20240520,4.41,4.46,4.41,4.45
20240521,4.44,4.45,4.40,4.41
20240522,4.41,4.46,4.41,4.43
20240523,4.42,4.50,4.41,4.48
20240524,4.47,4.51,4.46,4.46
20240528,4.46,4.55,4.45,4.55
20240529,4.56,4.64,4.55,4.62
20240530,4.63,4.63,4.54,4.55
20240531,4.54,4.57,4.48,4.50
20240603,4.49,4.50,4.39,4.39
20240604,4.41,4.41,4.31,4.33
20240605,4.34,4.36,4.27,4.28
20240606,4.29,4.32,4.27,4.29
20240607,4.29,4.44,4.25,4.44
20240610,4.45,4.48,4.45,4.47
20240611,4.45,4.46,4.39,4.41
20240612,4.40,4.43,4.25,4.32
20240613,4.32,4.33,4.22,4.25
20240614,4.26,4.27,4.18,4.22
20240617,4.24,4.30,4.23,4.28
20240618,4.27,4.30,4.21,4.22
20240620,4.25,4.30,4.23,4.26
20240621,4.27,4.28,4.22,4.26
20240624,4.25,4.28,4.23,4.23
20240625,4.24,4.26,4.21,4.25
20240626,4.27,4.33,4.26,4.33
20240627,4.35,4.35,4.27,4.29
20240628,4.32,4.41,4.26,4.40
20240701,4.40,4.50,4.39,4.47
20240702,4.46,4.46,4.41,4.43
20240703,4.43,4.44,4.33,4.36
20240705,4.37,4.40,4.27,4.28
20240708,4.30,4.32,4.26,4.28
20240709,4.28,4.33,4.27,4.30
20240710,4.31,4.31,4.26,4.29
20240711,4.29,4.30,4.16,4.21
20240712,4.22,4.25,4.17,4.18
20240715,4.24,4.25,4.20,4.23
20240716,4.21,4.23,4.15,4.16
20240717,4.17,4.19,4.14,4.16
20240718,4.17,4.20,4.15,4.20
20240719,4.20,4.25,4.18,4.24
20240722,4.23,4.28,4.21,4.25
20240723,4.25,4.26,4.22,4.25
20240724,4.25,4.29,4.21,4.29
20240725,4.26,4.27,4.19,4.24
20240726,4.25,4.27,4.17,4.18
20240729,4.18,4.19,4.15,4.18
20240730,4.18,4.19,4.13,4.14
20240731,4.14,4.15,4.03,4.03
20240801,4.04,4.07,3.96,3.98
20240802,3.96,3.97,3.73,3.77
20240805,3.76,3.83,3.66,3.79
20240806,3.83,3.91,3.80,3.89
20240807,3.91,3.98,3.89,3.94
20240808,3.93,4.02,3.89,3.99
20240809,3.97,3.98,3.92,3.94
20240812,3.95,3.97,3.90,3.90
20240813,3.91,3.93,3.85,3.85
20240814,3.86,3.88,3.80,3.84
20240815,3.85,3.96,3.83,3.92
20240816,3.92,3.94,3.86,3.88
20240819,3.91,3.91,3.85,3.87
20240820,3.87,3.89,3.81,3.81
20240821,3.81,3.84,3.76,3.81
20240822,3.81,3.88,3.79,3.85
20240823,3.84,3.86,3.79,3.80
20240826,3.79,3.82,3.77,3.82
20240827,3.81,3.87,3.81,3.82
20240828,3.83,3.85,3.81,3.84
20240829,3.84,3.89,3.82,3.86
20240830,3.87,3.93,3.85,3.90
20240903,3.92,3.92,3.81,3.83
20240904,3.83,3.84,3.75,3.76
20240905,3.77,3.77,3.72,3.73
20240906,3.73,3.78,3.64,3.71
20240909,3.74,3.76,3.69,3.70
20240910,3.71,3.73,3.63,3.65
20240911,3.63,3.69,3.60,3.65
20240912,3.66,3.70,3.63,3.68
20240913,3.65,3.68,3.62,3.65
20240916,3.64,3.66,3.62,3.62
20240917,3.63,3.66,3.60,3.65
20240918,3.64,3.73,3.64,3.71
20240919,3.74,3.78,3.69,3.72
20240920,3.71,3.77,3.70,3.74
20240923,3.76,3.80,3.73,3.75
20240924,3.75,3.81,3.73,3.73
20240925,3.74,3.80,3.73,3.79
20240926,3.79,3.83,3.76,3.80
20240927,3.80,3.81,3.74,3.75
20240930,3.76,3.81,3.75,3.79
20241001,3.78,3.80,3.70,3.73
20241002,3.74,3.82,3.73,3.79
20241003,3.80,3.86,3.79,3.85
20241004,3.84,3.99,3.83,3.97
20241007,3.98,4.04,3.97,4.03
20241008,4.01,4.06,4.00,4.01
20241009,4.01,4.08,4.01,4.07
20241010,4.07,4.13,4.05,4.07
20241011,4.07,4.12,4.06,4.10
20241014,4.10,4.15,4.09,4.11
20241015,4.09,4.10,4.03,4.04
20241016,4.03,4.04,3.99,4.02
20241017,4.03,4.10,4.03,4.09
20241018,4.09,4.12,4.07,4.08
20241021,4.08,4.20,4.08,4.20
20241022,4.19,4.22,4.17,4.21
20241023,4.22,4.26,4.22,4.25
20241024,4.23,4.24,4.18,4.21
20241025,4.20,4.25,4.17,4.23
20241028,4.28,4.30,4.23,4.28
20241029,4.27,4.34,4.25,4.25
20241030,4.25,4.31,4.19,4.30
20241031,4.29,4.34,4.26,4.29
20241101,4.28,4.39,4.22,4.39
20241104,4.31,4.34,4.26,4.29
20241105,4.30,4.37,4.27,4.27
20241106,4.45,4.49,4.38,4.43
20241107,4.43,4.46,4.31,4.33
20241108,4.33,4.34,4.26,4.31
20241112,4.32,4.45,4.32,4.43
20241113,4.44,4.47,4.36,4.46
20241114,4.48,4.49,4.39,4.44
20241115,4.46,4.51,4.40,4.44
20241118,4.44,4.49,4.41,4.42
20241119,4.41,4.41,4.34,4.40
20241120,4.40,4.44,4.39,4.41
20241121,4.40,4.44,4.38,4.42
20241122,4.42,4.43,4.38,4.41
20241125,4.35,4.37,4.26,4.28
20241126,4.29,4.33,4.27,4.31
20241127,4.30,4.31,4.23,4.26
20241129,4.25,4.25,4.17,4.18
20241202,4.21,4.25,4.17,4.19
20241203,4.19,4.24,4.16,4.23
20241204,4.23,4.29,4.18,4.18
20241205,4.20,4.23,4.17,4.18
20241206,4.18,4.22,4.12,4.16
20241209,4.14,4.20,4.13,4.20
20241210,4.19,4.25,4.18,4.23
20241211,4.24,4.28,4.20,4.27
20241212,4.29,4.34,4.27,4.33
20241213,4.33,4.41,4.32,4.40
20241216,4.39,4.41,4.36,4.40
20241217,4.39,4.44,4.37,4.40
20241218,4.39,4.53,4.38,4.52
20241219,4.51,4.60,4.51,4.57
20241220,4.56,4.57,4.48,4.52
20241223,4.53,4.60,4.52,4.59
20241224,4.58,4.63,4.58,4.59
20241226,4.60,4.64,4.57,4.58
20241227,4.58,4.63,4.57,4.63
20241230,4.63,4.63,4.53,4.54
20241231,4.52,4.59,4.51,4.58
20250102,4.57,4.60,4.52,4.56
20250103,4.56,4.60,4.53,4.60
20250106,4.62,4.64,4.58,4.63
20250107,4.62,4.70,4.60,4.69
20250108,4.68,4.73,4.66,4.69
20250109,4.67,4.69,4.64,4.69
20250110,4.68,4.80,4.68,4.76
20250113,4.76,4.81,4.76,4.78
20250114,4.77,4.82,4.75,4.79
20250115,4.78,4.79,4.63,4.65
20250116,4.66,4.69,4.58,4.61
20250117,4.61,4.63,4.56,4.62
20250121,4.54,4.59,4.53,4.58
20250122,4.59,4.62,4.55,4.62
20250123,4.60,4.67,4.59,4.65
20250124,4.62,4.66,4.60,4.62
20250127,4.58,4.59,4.49,4.54
20250128,4.55,4.58,4.53,4.53
20250129,4.52,4.59,4.51,4.53
20250130,4.53,4.54,4.48,4.52
20250131,4.53,4.58,4.50,4.54
20250203,4.50,4.57,4.46,4.56
20250204,4.57,4.60,4.50,4.51
20250205,4.52,4.52,4.40,4.42
20250206,4.42,4.46,4.41,4.44
20250207,4.44,4.51,4.37,4.50
20250210,4.49,4.51,4.46,4.50
20250211,4.49,4.55,4.49,4.54
20250212,4.54,4.66,4.50,4.63
20250213,4.61,4.62,4.51,4.53
20250214,4.53,4.55,4.45,4.48
20250218,4.51,4.56,4.50,4.55
20250219,4.55,4.58,4.53,4.54
20250220,4.52,4.54,4.49,4.51
20250221,4.49,4.50,4.40,4.43
20250224,4.44,4.46,4.39,4.40
20250225,4.37,4.38,4.28,4.30
20250226,4.33,4.34,4.25,4.26
20250227,4.28,4.32,4.26,4.26
20250228,4.23,4.28,4.19,4.20
20250303,4.24,4.27,4.14,4.15
20250304,4.14,4.26,4.10,4.25
20250305,4.25,4.29,4.18,4.28
20250306,4.32,4.35,4.27,4.28
20250307,4.25,4.33,4.21,4.30
20250310,4.28,4.30,4.20,4.21
20250311,4.17,4.30,4.17,4.28
20250312,4.28,4.34,4.25,4.31
20250313,4.30,4.36,4.25,4.27
20250314,4.28,4.33,4.28,4.32
20250317,4.31,4.33,4.26,4.30
20250318,4.29,4.34,4.27,4.29
20250319,4.29,4.32,4.24,4.25
20250320,4.23,4.25,4.17,4.24
20250321,4.24,4.26,4.20,4.25
20250324,4.27,4.34,4.27,4.34
20250325,4.33,4.37,4.30,4.31
20250326,4.33,4.36,4.31,4.35
20250327,4.35,4.40,4.35,4.36
20250328,4.34,4.35,4.24,4.25
20250331,4.21,4.26,4.18,4.21
20250401,4.21,4.21,4.13,4.17
20250402,4.19,4.24,4.11,4.13
20250403,4.07,4.10,4.00,4.03
20250404,4.01,4.02,3.86,4.00
20250407,3.95,4.25,3.88,4.19
20250408,4.17,4.30,4.13,4.30
20250409,4.34,4.51,4.29,4.33
20250410,4.29,4.43,4.27,4.43
20250411,4.46,4.59,4.38,4.50
20250414,4.48,4.49,4.36,4.38
20250415,4.36,4.41,4.30,4.33
20250416,4.33,4.35,4.26,4.27
20250417,4.30,4.34,4.27,4.33
20250421,4.34,4.42,4.33,4.41
20250422,4.41,4.44,4.37,4.40
20250423,4.34,4.40,4.25,4.39
20250424,4.36,4.37,4.30,4.32
20250425,4.32,4.32,4.24,4.25
20250428,4.23,4.29,4.20,4.21
20250429,4.22,4.25,4.16,4.17
20250430,4.16,4.23,4.13,4.16
20250501,4.19,4.24,4.12,4.22
20250502,4.24,4.33,4.20,4.31
20250505,4.32,4.37,4.29,4.35
20250506,4.37,4.38,4.30,4.30
20250507,4.30,4.33,4.26,4.27
20250508,4.28,4.40,4.28,4.38
20250509,4.37,4.40,4.34,4.38
20250512,4.41,4.48,4.40,4.47
20250513,4.45,4.51,4.42,4.47
20250514,4.48,4.55,4.45,4.54
20250515,4.54,4.54,4.43,4.43
20250516,4.42,4.50,4.39,4.45
20250519,4.48,4.57,4.45,4.45
20250520,4.45,4.52,4.43,4.49
20250521,4.50,4.61,4.50,4.60
20250522,4.59,4.63,4.53,4.53
20250523,4.52,4.54,4.45,4.52
20250527,4.50,4.50,4.43,4.45
20250528,4.47,4.50,4.44,4.48
20250529,4.50,4.54,4.41,4.42
20250530,4.42,4.44,4.38,4.40
20250602,4.42,4.47,4.41,4.44
20250603,4.45,4.47,4.40,4.46
20250604,4.45,4.47,4.34,4.36
20250605,4.37,4.40,4.31,4.39
20250606,4.38,4.52,4.37,4.51
20250609,4.50,4.52,4.47,4.48
20250610,4.49,4.49,4.44,4.47
20250611,4.46,4.51,4.41,4.42
20250612,4.40,4.42,4.34,4.36
20250613,4.33,4.45,4.31,4.40
20250616,4.42,4.46,4.40,4.45
20250617,4.42,4.45,4.38,4.39
20250618,4.40,4.41,4.33,4.39
20250620,4.40,4.44,4.36,4.38
20250623,4.40,4.41,4.29,4.35
20250624,4.35,4.37,4.28,4.30
20250625,4.30,4.34,4.27,4.29
20250626,4.27,4.29,4.24,4.24
20250627,4.25,4.29,4.24,4.28
20250630,4.28,4.29,4.22,4.23
20250701,4.22,4.28,4.18,4.25
20250702,4.25,4.31,4.25,4.28
20250703,4.26,4.38,4.25,4.34
20250707,4.33,4.40,4.32,4.38
20250708,4.38,4.44,4.38,4.40
20250709,4.41,4.42,4.33,4.33
20250710,4.33,4.38,4.33,4.36
20250711,4.36,4.43,4.36,4.41
20250714,4.41,4.45,4.40,4.44
20250715,4.44,4.50,4.40,4.49
20250716,4.48,4.50,4.44,4.46
20250717,4.47,4.50,4.43,4.45
20250718,4.44,4.45,4.41,4.42
20250721,4.42,4.43,4.35,4.38
20250722,4.37,4.40,4.33,4.34
20250723,4.36,4.40,4.35,4.38
20250724,4.38,4.44,4.38,4.40
20250725,4.39,4.43,4.34,4.39
20250728,4.39,4.43,4.37,4.41
20250729,4.40,4.42,4.32,4.32
20250730,4.32,4.39,4.31,4.37
20250731,4.36,4.38,4.33,4.38
20250801,4.38,4.41,4.20,4.22
20250804,4.25,4.26,4.19,4.20
20250805,4.20,4.23,4.19,4.21
20250806,4.22,4.30,4.21,4.23
20250807,4.23,4.26,4.21,4.25
20250808,4.25,4.29,4.24,4.28
20250811,4.27,4.29,4.25,4.29
20250812,4.28,4.33,4.24,4.29
20250813,4.29,4.30,4.22,4.24
20250814,4.23,4.30,4.20,4.29
20250815,4.28,4.33,4.27,4.32
20250818,4.31,4.35,4.29,4.33
20250819,4.33,4.35,4.30,4.31
20250820,4.32,4.33,4.28,4.29
20250821,4.30,4.35,4.29,4.33
20250822,4.32,4.34,4.24,4.26
20250825,4.27,4.30,4.26,4.28
20250826,4.29,4.31,4.25,4.26
20250827,4.26,4.29,4.23,4.23
20250828,4.23,4.25,4.20,4.20
20250829,4.21,4.24,4.21,4.23
20250902,4.25,4.31,4.24,4.26
20250903,4.28,4.30,4.20,4.22
20250904,4.22,4.22,4.16,4.16
20250905,4.15,4.17,4.06,4.07
20250908,4.09,4.10,4.04,4.04
20250909,4.05,4.09,4.04,4.09
20250910,4.09,4.10,4.02,4.04
20250911,4.05,4.06,3.99,4.02
20250912,4.03,4.08,4.03,4.07
20250915,4.08,4.09,4.03,4.04
20250916,4.04,4.06,4.02,4.03
20250917,4.03,4.09,3.99,4.09
20250918,4.07,4.14,4.04,4.11
20250919,4.11,4.15,4.11,4.13
20250922,4.14,4.16,4.12,4.15
20250923,4.14,4.15,4.11,4.11
20250924,4.11,4.16,4.10,4.15
20250925,4.14,4.20,4.13,4.17
20250926,4.18,4.20,4.15,4.18
20250929,4.16,4.17,4.13,4.14
20250930,4.14,4.16,4.11,4.15
20251001,4.15,4.17,4.09,4.10
20251002,4.09,4.13,4.08,4.08
20251003,4.09,4.13,4.08,4.12
20251006,4.14,4.17,4.13,4.16
20251007,4.16,4.18,4.12,4.13
20251008,4.13,4.14,4.10,4.12
20251009,4.11,4.16,4.11,4.14
20251010,4.14,4.14,4.03,4.03
20251013,4.08,4.08,4.05,4.05
20251014,4.07,4.07,4.00,4.04
20251015,4.02,4.05,4.00,4.03
20251016,4.03,4.05,3.97,3.98
20251017,3.96,4.02,3.93,4.01
20251020,4.02,4.03,3.98,3.98
20251021,3.99,3.99,3.94,3.96
20251022,3.96,3.98,3.94,3.95
20251023,3.95,4.01,3.94,4.00
20251024,4.00,4.02,3.96,4.00
20251027,4.03,4.04,3.98,3.99
20251028,3.98,4.01,3.97,3.98
20251029,3.98,4.08,3.98,4.08
20251030,4.07,4.12,4.06,4.10
20251031,4.10,4.12,4.08,4.08
20251103,4.10,4.12,4.08,4.11
20251104,4.11,4.11,4.08,4.09
20251105,4.06,4.16,4.06,4.16
20251106,4.15,4.15,4.08,4.09
20251107,4.09,4.11,4.07,4.10
20251110,4.13,4.15,4.10,4.12
20251111,4.12,4.12,4.07,4.07
20251112,4.08,4.09,4.05,4.07
20251113,4.07,4.11,4.06,4.11
20251114,4.10,4.15,4.05,4.15
20251117,4.15,4.15,4.12,4.14
20251118,4.12,4.14,4.08,4.11
20251119,4.12,4.14,4.10,4.14
20251120,4.14,4.17,4.08,4.08
20251121,4.10,4.10,4.03,4.06
20251124,4.06,4.07,4.02,4.02
20251125,4.04,4.04,3.98,4.00
20251126,4.00,4.04,3.99,4.00
20251127,4.00,4.01,4.00,4.00
20251128,4.00,4.03,3.99,4.02
20251201,4.04,4.10,4.03,4.09
20251202,4.09,4.12,4.08,4.09
20251203,4.08,4.09,4.05,4.07
20251204,4.08,4.11,4.08,4.10
20251205,4.09,4.15,4.09,4.14
20251208,4.13,4.20,4.13,4.17
20251209,4.17,4.19,4.14,4.19
20251210,4.18,4.21,4.14,4.16
20251211,4.14,4.16,4.10,4.16
20251212,4.15,4.20,4.15,4.19
20251215,4.18,4.19,4.15,4.17
20251216,4.17,4.20,4.13,4.14
20251217,4.16,4.18,4.14,4.15
20251218,4.14,4.14,4.10,4.12
20251219,4.13,4.15,4.13,4.14
20251222,4.17,4.18,4.15,4.17
20251223,4.16,4.20,4.14,4.17
20251224,4.15,4.17,4.13,4.13
20251226,4.14,4.15,4.11,4.13
20251229,4.13,4.14,4.10,4.11
20251230,4.11,4.14,4.11,4.13
20251231,4.13,4.18,4.10,4.18
20260102,4.17,4.20,4.15,4.20
20260105,4.19,4.20,4.15,4.16
20260106,4.17,4.20,4.16,4.18
20260107,4.17,4.17,4.13,4.15
20260108,4.14,4.19,4.13,4.17
20260109,4.18,4.21,4.16,4.17
20260112,4.18,4.21,4.17,4.18
20260113,4.18,4.20,4.15,4.18
20260114,4.17,4.18,4.13,4.13
20260115,4.14,4.18,4.13,4.17
20260116,4.17,4.24,4.16,4.23
20260119,4.24,4.27,4.23,4.27
20260120,4.26,4.32,4.26,4.30
20260121,4.28,4.30,4.24,4.25
20260122,4.26,4.28,4.23,4.25
20260123,4.24,4.26,4.23,4.23
20260126,4.22,4.23,4.20,4.21
20260127,4.22,4.25,4.21,4.25
20260128,4.24,4.27,4.23,4.24
20260129,4.25,4.27,4.22,4.24
20260130,4.27,4.28,4.23,4.24
20260202,4.25,4.29,4.21,4.28
20260203,4.28,4.30,4.26,4.27
20260204,4.27,4.29,4.26,4.28
20260205,4.27,4.28,4.18,4.18
20260206,4.18,4.22,4.18,4.21
20260209,4.22,4.25,4.19,4.20
20260210,4.19,4.19,4.13,4.14
20260211,4.13,4.21,4.12,4.17
20260212,4.17,4.18,4.10,4.10
20260213,4.11,4.12,4.04,4.05
20260216,4.04,4.06,4.02,4.04
20260217,4.03,4.06,4.01,4.06
20260218,4.06,4.09,4.06,4.09
20260219,4.09,4.11,4.07,4.07
20260220,4.07,4.11,4.06,4.09
20260223,4.07,4.09,4.01,4.03
20260224,4.04,4.05,4.02,4.03
20260225,4.04,4.06,4.03,4.05
20260226,4.04,4.05,4.00,4.00
20260227,4.00,4.00,3.94,3.94
20260302,3.97,4.07,3.95,4.04
20260303,4.04,4.12,4.04,4.06
20260304,4.06,4.10,4.06,4.10
20260305,4.11,4.15,4.11,4.14
20260306,4.14,4.19,4.10,4.14
20260309,4.17,4.18,4.12,4.14
20260310,4.13,4.15,4.10,4.14
20260311,4.18,4.23,4.16,4.21
20260312,4.23,4.27,4.22,4.27
20260313,4.26,4.29,4.24,4.28
20260316,4.24,4.24,4.22,4.22
20260317,4.22,4.22,4.19,4.20
20260318,4.20,4.26,4.20,4.26
20260319,4.31,4.33,4.26,4.28
20260320,4.30,4.39,4.30,4.39
20260323,4.38,4.40,4.31,4.33
20260324,4.38,4.43,4.36,4.39
20260325,4.33,4.35,4.31,4.33
20260326,4.38,4.42,4.35,4.42
20260327,4.46,4.48,4.41,4.44
20260330,4.37,4.38,4.32,4.34
20260331,4.31,4.33,4.29,4.31
20260401,4.29,4.33,4.29,4.32
20260402,4.35,4.36,4.29,4.31
20260406,4.36,4.37,4.32,4.34
20260407,4.34,4.38,4.32,4.34
20260408,4.25,4.30,4.23,4.29
20260409,4.30,4.32,4.26,4.29
20260410,4.28,4.32,4.28,4.32
20260413,4.35,4.35,4.30,4.30
20260414,4.30,4.30,4.25,4.26
20260415,4.27,4.29,4.26,4.28
20260416,4.28,4.32,4.27,4.31
20260417,4.30,4.30,4.23,4.25
20260420,4.26,4.27,4.24,4.25
20260421,4.27,4.31,4.26,4.29
20260422,4.27,4.30,4.26,4.29
20260423,4.31,4.35,4.29,4.32
20260424,4.31,4.35,4.30,4.31
20260427,4.31,4.35,4.31,4.34
20260428,4.37,4.38,4.35,4.35
20260429,4.36,4.43,4.36,4.42
20260430,4.39,4.41,4.38,4.39
20260501,4.37,4.40,4.34,4.38
20260504,4.40,4.46,4.39,4.45
20260505,4.43,4.43,4.41,4.42
20260506,4.37,4.37,4.35,4.36
20260507,4.33,4.40,4.31,4.39
20260508,4.37,4.39,4.35,4.36
20260511,4.39,4.41,4.38,4.41
20260512,4.44,4.47,4.42,4.46
20260513,4.47,4.50,4.46,4.48
20260514,4.44,4.46,4.44,4.46
20260515,4.55,4.60,4.55,4.59
20260518,4.60,4.63,4.56,4.62
20260519,4.62,4.69,4.61,4.67
20260520,4.64,4.66,4.57,4.57
20260521,4.61,4.64,4.55,4.59
20260522,4.54,4.59,4.53,4.56
20260526,4.49,4.51,4.48,4.49
20260527,4.47,4.49,4.45,4.48
20260528,4.51,4.51,4.44,4.45
20260529,4.44,4.46,4.43,4.45
20260601,4.46,4.52,4.45,4.47
20260602,4.43,4.46,4.43,4.45
20260603,4.49,4.50,4.47,4.49
20260604,4.46,4.48,4.45,4.48
20260605,4.47,4.55,4.47,4.54
20260608,4.54,4.56,4.52,4.55
20260609,4.55,4.56,4.52,4.53
20260610,4.53,4.56,4.51,4.54
20260611,4.52,4.55,4.46,4.46
20260612,4.47,4.51,4.47,4.49
20260615,4.45,4.47,4.44,4.47
20260616,4.44,4.46,4.42,4.43
20260617,4.44,4.48,4.43,4.46
20260618,4.45,4.45,4.42,4.45
20260622,4.49,4.51,4.48,4.51
20260623,4.49,4.50,4.48,4.49
20260624,4.45,4.45,4.40,4.40
20260625,4.41,4.41,4.36,4.39
20260626,4.39,4.41,4.37,4.37
20260629,4.38,4.39,4.37,4.37
20260630,4.39,4.42,4.39,4.42
20260701,4.48,4.50,4.46,4.47
20260702,4.50,4.51,4.45,4.49
20260706,4.46,4.49,4.46,4.48
20260707,4.50,4.53,4.49,4.53
20260708,4.56,4.60,4.56,4.57
20260709,4.58,4.58,4.53,4.54
20260710,4.54,4.57,4.54,4.57
20260713,4.59,4.62,4.57,4.61
20260714,4.61,4.61,4.53,4.59
20260715,4.61,4.61,4.54,4.55
20260716,4.58,4.60,4.56,4.57
20260717,4.52,4.55,4.51,4.54
20260720,4.57,4.61,4.56,4.60
20260721,4.60,4.64,4.60,4.63
20260722,4.64,4.66,4.63,4.66
20260723,4.70,4.71,4.69,4.70
20260724,4.68,4.69,4.65,4.68
20260727,4.65,4.66,4.63,4.64
20260728,4.63,4.64,4.59,4.60
20260729,4.64,4.66,4.61,4.62
20260730,4.67,4.69,4.65,4.66
20260731,4.68,4.75,4.68,4.74
20260803,4.67,4.70,4.67,4.69
20260804,4.66,4.67,4.62,4.63
20260805,4.61,4.64,4.61,4.62
20260806,4.64,4.68,4.64,4.67
20260807,4.66,4.67,4.60,4.66
20260810,4.66,4.70,4.66,4.70
20260811,4.69,4.70,4.67,4.68
20260812,4.66,4.69,4.65,4.68
20260813,4.67,4.68,4.61,4.64
20260814,4.64,4.70,4.63,4.70
20260817,4.69,4.73,4.69,4.72
20260818,4.73,4.75,4.70,4.71
20260819,4.68,4.68,4.64,4.65
20260820,4.71,4.71,4.67,4.70
20260821,4.69,4.74,4.69,4.74
20260824,4.71,4.72,4.68,4.70
20260825,4.66,4.67,4.64,4.64
20260826,4.63,4.67,4.62,4.66
20260827,4.66,4.68,4.65,4.67
20260828,4.69,4.73,4.65,4.72
20260831,4.73,4.77,4.73,4.76
20260901,4.79,4.80,4.75,4.80
20260902,4.78,4.81,4.77,4.80
20260903,4.77,4.77,4.73,4.76
20260904,4.75,4.81,4.75,4.78
20260908,4.79,4.81,4.76,4.81
20260909,4.81,4.86,4.79,4.84
20260910,4.88,4.95,4.88,4.94
20260911,4.95,4.99,4.90,4.97
20260914,4.98,5.01,4.93,4.96
20260915,5.01,5.02,4.99,5.00
20260916,4.98,5.01,4.94,5.01
20260917,4.95,4.96,4.94,4.95
20260918,4.98,5.01,4.97,5.00
20260921,4.95,4.98,4.95,4.96
20260922,4.93,4.98,4.93,4.97
20260923,4.99,5.14,4.98,5.11
20260924,5.12,5.18,5.09,5.16
20260925,5.19,5.23,5.16,5.18
20260928,5.21,5.27,5.20,5.24
20260929,5.21,5.29,5.21,5.26
20260930,5.24,5.31,5.20,5.29
20261001,5.28,5.34,5.21,5.24
20261002,5.22,5.30,5.16,5.28
20261005,5.27,5.35,5.26,5.31
20261006,5.27,5.30,5.26,5.27
20261007,5.34,5.36,5.27,5.28
20261008,5.32,5.33,5.22,5.23
20261009,5.24,5.27,5.23,5.27
