Date,Open,High,Low,Close
17920304,1.29,1.29,1.29,1.29
17920603,1.29,1.29,1.29,1.29
17920831,1.29,1.29,1.29,1.29
17921130,1.29,1.29,1.29,1.29
17930303,1.29,1.29,1.29,1.29
17930531,1.29,1.29,1.29,1.29
17930901,1.29,1.29,1.29,1.29
17931201,1.29,1.29,1.29,1.29
17940228,1.29,1.29,1.29,1.29
17940601,1.29,1.29,1.29,1.29
17940907,1.29,1.29,1.29,1.29
17941207,1.29,1.29,1.29,1.29
17950301,1.29,1.29,1.29,1.29
17950607,1.29,1.29,1.29,1.29
17950906,1.29,1.29,1.29,1.29
17951206,1.29,1.29,1.29,1.29
17960306,1.29,1.29,1.29,1.29
17960605,1.29,1.29,1.29,1.29
17960904,1.29,1.29,1.29,1.29
17961204,1.29,1.29,1.29,1.29
17970305,1.29,1.29,1.29,1.29
17970604,1.29,1.29,1.29,1.29
17970903,1.29,1.29,1.29,1.29
17971203,1.29,1.29,1.29,1.29
17980304,1.29,1.29,1.29,1.29
17980603,1.29,1.29,1.29,1.29
17980831,1.29,1.29,1.29,1.29
17981130,1.29,1.29,1.29,1.29
17990303,1.29,1.29,1.29,1.29
17990531,1.29,1.29,1.29,1.29
17990901,1.29,1.29,1.29,1.29
17991201,1.29,1.29,1.29,1.29
18000228,1.29,1.29,1.29,1.29
18000601,1.29,1.29,1.29,1.29
18000907,1.29,1.29,1.29,1.29
18001207,1.29,1.29,1.29,1.29
18010301,1.29,1.29,1.29,1.29
18010607,1.29,1.29,1.29,1.29
18010906,1.29,1.29,1.29,1.29
18011206,1.29,1.29,1.29,1.29
18020307,1.29,1.29,1.29,1.29
18020606,1.29,1.29,1.29,1.29
18020905,1.29,1.29,1.29,1.29
18021205,1.29,1.29,1.29,1.29
18030306,1.29,1.29,1.29,1.29
18030605,1.29,1.29,1.29,1.29
18030904,1.29,1.29,1.29,1.29
18031204,1.29,1.29,1.29,1.29
18040304,1.29,1.29,1.29,1.29
18040603,1.29,1.29,1.29,1.29
18040831,1.29,1.29,1.29,1.29
18041130,1.29,1.29,1.29,1.29
18050303,1.29,1.29,1.29,1.29
18050531,1.29,1.29,1.29,1.29
18050901,1.29,1.29,1.29,1.29
18051201,1.29,1.29,1.29,1.29
18060228,1.29,1.29,1.29,1.29
18060601,1.29,1.29,1.29,1.29
18060907,1.29,1.29,1.29,1.29
18061207,1.29,1.29,1.29,1.29
18070301,1.29,1.29,1.29,1.29
18070607,1.29,1.29,1.29,1.29
18070906,1.29,1.29,1.29,1.29
18071206,1.29,1.29,1.29,1.29
18080306,1.29,1.29,1.29,1.29
18080605,1.29,1.29,1.29,1.29
18080904,1.29,1.29,1.29,1.29
18081204,1.29,1.29,1.29,1.29
18090305,1.29,1.29,1.29,1.29
18090604,1.29,1.29,1.29,1.29
18090903,1.29,1.29,1.29,1.29
18091203,1.29,1.29,1.29,1.29
18100304,1.29,1.29,1.29,1.29
18100603,1.29,1.29,1.29,1.29
18100831,1.29,1.29,1.29,1.29
18101130,1.29,1.29,1.29,1.29
18110303,1.29,1.29,1.29,1.29
18110531,1.29,1.29,1.29,1.29
18110901,1.29,1.29,1.29,1.29
18111201,1.29,1.29,1.29,1.29
18120301,1.29,1.29,1.29,1.29
18120607,1.29,1.29,1.29,1.29
18120906,1.29,1.29,1.29,1.29
18121206,1.29,1.29,1.29,1.29
18130307,1.29,1.29,1.29,1.29
18130606,1.29,1.29,1.29,1.29
18130905,1.29,1.29,1.29,1.29
18131205,1.29,1.29,1.29,1.29
18140306,1.29,1.45,1.29,1.45
18140605,1.45,1.45,1.45,1.45
18140904,1.45,1.45,1.45,1.45
18141204,1.45,1.45,1.45,1.45
18150305,1.45,1.48,1.45,1.48
18150604,1.48,1.48,1.48,1.48
18150903,1.48,1.48,1.48,1.48
18151203,1.48,1.48,1.48,1.48
18160303,1.48,1.48,1.32,1.32
18160531,1.32,1.32,1.32,1.32
18160901,1.32,1.32,1.32,1.32
18161201,1.32,1.32,1.32,1.32
18170228,1.32,1.32,1.29,1.29
18170601,1.29,1.29,1.29,1.29
18170907,1.29,1.29,1.29,1.29
18171207,1.29,1.29,1.29,1.29
18180301,1.29,1.29,1.29,1.29
18180607,1.29,1.29,1.29,1.29
18180906,1.29,1.29,1.29,1.29
18181206,1.29,1.29,1.29,1.29
18190307,1.29,1.29,1.29,1.29
18190606,1.29,1.29,1.29,1.29
18190905,1.29,1.29,1.29,1.29
18191205,1.29,1.29,1.29,1.29
18200305,1.29,1.29,1.29,1.29
18200604,1.29,1.29,1.29,1.29
18200903,1.29,1.29,1.29,1.29
18201203,1.29,1.29,1.29,1.29
18210304,1.29,1.29,1.29,1.29
18210603,1.29,1.29,1.29,1.29
18210831,1.29,1.29,1.29,1.29
18211130,1.29,1.29,1.29,1.29
18220303,1.29,1.29,1.29,1.29
18220531,1.29,1.29,1.29,1.29
18220901,1.29,1.29,1.29,1.29
18221201,1.29,1.29,1.29,1.29
18230228,1.29,1.29,1.29,1.29
18230601,1.29,1.29,1.29,1.29
18230907,1.29,1.29,1.29,1.29
18231207,1.29,1.29,1.29,1.29
18240307,1.29,1.29,1.29,1.29
18240606,1.29,1.29,1.29,1.29
18240905,1.29,1.29,1.29,1.29
18241205,1.29,1.29,1.29,1.29
18250306,1.29,1.29,1.29,1.29
18250605,1.29,1.29,1.29,1.29
18250904,1.29,1.29,1.29,1.29
18251204,1.29,1.29,1.29,1.29
18260305,1.29,1.29,1.29,1.29
18260604,1.29,1.29,1.29,1.29
18260903,1.29,1.29,1.29,1.29
18261203,1.29,1.29,1.29,1.29
18270304,1.29,1.29,1.29,1.29
18270603,1.29,1.29,1.29,1.29
18270831,1.29,1.29,1.29,1.29
18271130,1.29,1.29,1.29,1.29
18280229,1.29,1.29,1.29,1.29
18280601,1.29,1.29,1.29,1.29
18280907,1.29,1.29,1.29,1.29
18281207,1.29,1.29,1.29,1.29
18290301,1.29,1.29,1.29,1.29
18290607,1.29,1.29,1.29,1.29
18290906,1.29,1.29,1.29,1.29
18291206,1.29,1.29,1.29,1.29
18300307,1.29,1.29,1.29,1.29
18300606,1.29,1.29,1.29,1.29
18300905,1.29,1.29,1.29,1.29
18301205,1.29,1.29,1.29,1.29
18310306,1.29,1.29,1.29,1.29
18310605,1.29,1.29,1.29,1.29
18310904,1.29,1.29,1.29,1.29
18311204,1.29,1.29,1.29,1.29
18320304,1.29,1.29,1.29,1.29
18320603,1.29,1.29,1.29,1.29
18320831,1.29,1.29,1.29,1.29
18321130,1.29,1.29,1.29,1.29
18330303,1.29,1.29,1.29,1.29
18330531,1.29,1.29,1.29,1.29
18330901,1.29,1.29,1.29,1.29
18331201,1.29,1.29,1.29,1.29
18340228,1.29,1.29,1.29,1.29
18340601,1.29,1.29,1.29,1.29
18340907,1.29,1.29,1.29,1.29
18341207,1.29,1.29,1.29,1.29
18350301,1.29,1.29,1.29,1.29
18350607,1.29,1.29,1.29,1.29
18350906,1.29,1.29,1.29,1.29
18351206,1.29,1.29,1.29,1.29
18360306,1.29,1.29,1.29,1.29
18360605,1.29,1.29,1.29,1.29
18360904,1.29,1.29,1.29,1.29
18361204,1.29,1.29,1.29,1.29
18370305,1.29,1.35,1.29,1.35
18370604,1.35,1.35,1.35,1.35
18370903,1.35,1.35,1.35,1.35
18371203,1.35,1.35,1.35,1.35
18380304,1.35,1.35,1.3,1.3
18380603,1.3,1.3,1.3,1.3
18380831,1.3,1.3,1.3,1.3
18381130,1.3,1.3,1.3,1.3
18390303,1.3,1.3,1.3,1.3
18390531,1.3,1.3,1.3,1.3
18390901,1.3,1.3,1.3,1.3
18391201,1.3,1.3,1.3,1.3
18400301,1.3,1.3,1.3,1.3
18400607,1.3,1.3,1.3,1.3
18400906,1.3,1.3,1.3,1.3
18401206,1.3,1.3,1.3,1.3
18410307,1.3,1.3,1.29,1.29
18410606,1.29,1.29,1.29,1.29
18410905,1.29,1.29,1.29,1.29
18411205,1.29,1.29,1.29,1.29
18420306,1.29,1.29,1.29,1.29
18420605,1.29,1.29,1.29,1.29
18420904,1.29,1.29,1.29,1.29
18421204,1.29,1.29,1.29,1.29
18430305,1.29,1.29,1.29,1.29
18430604,1.29,1.29,1.29,1.29
18430903,1.29,1.29,1.29,1.29
18431203,1.29,1.29,1.29,1.29
18440303,1.29,1.29,1.29,1.29
18440531,1.29,1.29,1.29,1.29
18440901,1.29,1.29,1.29,1.29
18441201,1.29,1.29,1.29,1.29
18450228,1.29,1.29,1.29,1.29
18450601,1.29,1.29,1.29,1.29
18450907,1.29,1.29,1.29,1.29
18451207,1.29,1.29,1.29,1.29
18460301,1.29,1.29,1.29,1.29
18460607,1.29,1.29,1.29,1.29
18460906,1.29,1.29,1.29,1.29
18461206,1.29,1.29,1.29,1.29
18470307,1.29,1.29,1.29,1.29
18470606,1.29,1.29,1.29,1.29
18470905,1.29,1.29,1.29,1.29
18471205,1.29,1.29,1.29,1.29
18480305,1.29,1.29,1.29,1.29
18480604,1.29,1.29,1.29,1.29
18480903,1.29,1.29,1.29,1.29
18481203,1.29,1.29,1.29,1.29
18490304,1.29,1.29,1.29,1.29
18490603,1.29,1.29,1.29,1.29
18490831,1.29,1.29,1.29,1.29
18491130,1.29,1.29,1.29,1.29
18500303,1.29,1.29,1.29,1.29
18500531,1.29,1.29,1.29,1.29
18500901,1.29,1.29,1.29,1.29
18501201,1.29,1.29,1.29,1.29
18510228,1.29,1.29,1.29,1.29
18510601,1.29,1.29,1.29,1.29
18510907,1.29,1.29,1.29,1.29
18511207,1.29,1.29,1.29,1.29
18520307,1.29,1.29,1.29,1.29
18520606,1.29,1.29,1.29,1.29
18520905,1.29,1.29,1.29,1.29
18521205,1.29,1.29,1.29,1.29
18530306,1.29,1.29,1.29,1.29
18530605,1.29,1.29,1.29,1.29
18530904,1.29,1.29,1.29,1.29
18531204,1.29,1.29,1.29,1.29
18540305,1.29,1.29,1.29,1.29
18540604,1.29,1.29,1.29,1.29
18540903,1.29,1.29,1.29,1.29
18541203,1.29,1.29,1.29,1.29
18550304,1.29,1.29,1.29,1.29
18550603,1.29,1.29,1.29,1.29
18550831,1.29,1.29,1.29,1.29
18551130,1.29,1.29,1.29,1.29
18560229,1.29,1.29,1.29,1.29
18560601,1.29,1.29,1.29,1.29
18560907,1.29,1.29,1.29,1.29
18561207,1.29,1.29,1.29,1.29
18570301,1.29,1.29,1.29,1.29
18570607,1.29,1.29,1.29,1.29
18570906,1.29,1.29,1.29,1.29
18571206,1.29,1.29,1.29,1.29
18580307,1.29,1.29,1.29,1.29
18580606,1.29,1.29,1.29,1.29
18580905,1.29,1.29,1.29,1.29
18581205,1.29,1.29,1.29,1.29
18590306,1.29,1.29,1.29,1.29
18590605,1.29,1.29,1.29,1.29
18590904,1.29,1.29,1.29,1.29
18591204,1.29,1.29,1.29,1.29
18600304,1.29,1.29,1.29,1.29
18600603,1.29,1.29,1.29,1.29
18600831,1.29,1.29,1.29,1.29
18601130,1.29,1.29,1.29,1.29
18610303,1.29,1.29,1.29,1.29
18610531,1.29,1.29,1.29,1.29
18610901,1.29,1.29,1.29,1.29
18611201,1.29,1.29,1.29,1.29
18620228,1.29,1.71,1.29,1.71
18620601,1.71,1.71,1.71,1.71
18620907,1.71,1.71,1.71,1.71
18621207,1.71,1.71,1.71,1.71
18630301,1.71,1.95,1.71,1.95
18630607,1.95,1.95,1.95,1.95
18630906,1.95,1.95,1.95,1.95
18631206,1.95,1.95,1.95,1.95
18640306,1.95,2.94,1.95,2.94
18640605,2.94,2.94,2.94,2.94
18640904,2.94,2.94,2.94,2.94
18641204,2.94,2.94,2.94,2.94
18650305,2.94,2.94,1.89,1.89
18650604,1.89,1.89,1.89,1.89
18650903,1.89,1.89,1.89,1.89
18651203,1.89,1.89,1.89,1.89
18660304,1.89,1.89,1.77,1.77
18660603,1.77,1.77,1.77,1.77
18660831,1.77,1.77,1.77,1.77
18661130,1.77,1.77,1.77,1.77
18670303,1.77,1.77,1.74,1.74
18670531,1.74,1.74,1.74,1.74
18670901,1.74,1.74,1.74,1.74
18671201,1.74,1.74,1.74,1.74
18680301,1.74,1.75,1.74,1.75
18680607,1.75,1.75,1.75,1.75
18680906,1.75,1.75,1.75,1.75
18681206,1.75,1.75,1.75,1.75
18690307,1.75,1.75,1.57,1.57
18690606,1.57,1.57,1.57,1.57
18690905,1.57,1.57,1.57,1.57
18691205,1.57,1.57,1.57,1.57
18700306,1.57,1.57,1.43,1.43
18700605,1.43,1.43,1.43,1.43
18700904,1.43,1.43,1.43,1.43
18701204,1.43,1.43,1.43,1.43
18710305,1.43,1.43,1.41,1.41
18710604,1.41,1.41,1.41,1.41
18710903,1.41,1.41,1.41,1.41
18711203,1.41,1.41,1.41,1.41
18720303,1.41,1.45,1.41,1.45
18720531,1.45,1.45,1.45,1.45
18720901,1.45,1.45,1.45,1.45
18721201,1.45,1.45,1.45,1.45
18730228,1.45,1.45,1.42,1.42
18730601,1.42,1.42,1.42,1.42
18730907,1.42,1.42,1.42,1.42
18731207,1.42,1.42,1.42,1.42
18740301,1.42,1.42,1.41,1.41
18740607,1.41,1.41,1.41,1.41
18740906,1.41,1.41,1.41,1.41
18741206,1.41,1.41,1.41,1.41
18750307,1.41,1.41,1.39,1.39
18750606,1.39,1.39,1.39,1.39
18750905,1.39,1.39,1.39,1.39
18751205,1.39,1.39,1.39,1.39
18760305,1.39,1.39,1.31,1.31
18760604,1.31,1.31,1.31,1.31
18760903,1.31,1.31,1.31,1.31
18761203,1.31,1.31,1.31,1.31
18770304,1.31,1.31,1.21,1.21
18770603,1.21,1.21,1.21,1.21
18770831,1.21,1.21,1.21,1.21
18771130,1.21,1.21,1.21,1.21
18780303,1.21,1.21,1.1,1.1
18780531,1.1,1.1,1.1,1.1
18780901,1.1,1.1,1.1,1.1
18781201,1.1,1.1,1.1,1.1
18790228,1.1,1.14,1.1,1.14
18790601,1.14,1.14,1.14,1.14
18790907,1.14,1.14,1.14,1.14
18791207,1.14,1.14,1.14,1.14
18800307,1.14,1.14,1.12,1.12
18800606,1.12,1.12,1.12,1.12
18800905,1.12,1.12,1.12,1.12
18801205,1.12,1.12,1.12,1.12
18810306,1.12,1.13,1.12,1.13
18810605,1.13,1.13,1.13,1.13
18810904,1.13,1.13,1.13,1.13
18811204,1.13,1.13,1.13,1.13
18820305,1.13,1.13,1.1,1.1
18820604,1.1,1.1,1.1,1.1
18820903,1.1,1.1,1.1,1.1
18821203,1.1,1.1,1.1,1.1
18830304,1.1,1.11,1.1,1.11
18830603,1.11,1.11,1.11,1.11
18830831,1.11,1.11,1.11,1.11
18831130,1.11,1.11,1.11,1.11
18840229,1.11,1.11,1.08,1.08
18840601,1.08,1.08,1.08,1.08
18840907,1.08,1.08,1.08,1.08
18841207,1.08,1.08,1.08,1.08
18850301,1.08,1.08,1.03,1.03
18850607,1.03,1.03,1.03,1.03
18850906,1.03,1.03,1.03,1.03
18851206,1.03,1.03,1.03,1.03
18860307,1.03,1.03,1.01,1.01
18860606,1.01,1.01,1.01,1.01
18860905,1.01,1.01,1.01,1.01
18861205,1.01,1.01,1.01,1.01
18870306,1.01,1.01,0.97,0.97
18870605,0.97,0.97,0.97,0.97
18870904,0.97,0.97,0.97,0.97
18871204,0.97,0.97,0.97,0.97
18880304,0.97,0.97,0.94,0.94
18880603,0.94,0.94,0.94,0.94
18880831,0.94,0.94,0.94,0.94
18881130,0.94,0.94,0.94,0.94
18890303,0.94,0.96,0.94,0.96
18890531,0.96,0.96,0.96,0.96
18890901,0.96,0.96,0.96,0.96
18891201,0.96,0.96,0.96,0.96
18900228,0.96,1.06,0.96,1.06
18900601,1.06,1.06,1.06,1.06
18900907,1.06,1.06,1.06,1.06
18901207,1.06,1.06,1.06,1.06
18910301,1.06,1.06,0.96,0.96
18910607,0.96,0.96,0.96,0.96
18910906,0.96,0.96,0.96,0.96
18911206,0.96,0.96,0.96,0.96
18920306,0.96,0.96,0.84,0.84
18920605,0.84,0.84,0.84,0.84
18920904,0.84,0.84,0.84,0.84
18921204,0.84,0.84,0.84,0.84
18930305,0.84,0.84,0.7,0.7
18930604,0.7,0.7,0.7,0.7
18930903,0.7,0.7,0.7,0.7
18931203,0.7,0.7,0.7,0.7
18940304,0.7,0.7,0.61,0.61
18940603,0.61,0.61,0.61,0.61
18940831,0.61,0.61,0.61,0.61
18941130,0.61,0.61,0.61,0.61
18950303,0.61,0.68,0.61,0.68
18950531,0.68,0.68,0.68,0.68
18950901,0.68,0.68,0.68,0.68
18951201,0.68,0.68,0.68,0.68
18960301,0.68,0.68,0.66,0.66
18960607,0.66,0.66,0.66,0.66
18960906,0.66,0.66,0.66,0.66
18961206,0.66,0.66,0.66,0.66
18970307,0.66,0.66,0.59,0.59
18970606,0.59,0.59,0.59,0.59
18970905,0.59,0.59,0.59,0.59
18971205,0.59,0.59,0.59,0.59
18980306,0.59,0.6,0.59,0.6
18980605,0.6,0.6,0.6,0.6
18980904,0.6,0.6,0.6,0.6
18981204,0.6,0.6,0.6,0.6
18990305,0.6,0.6,0.6,0.6
18990604,0.6,0.6,0.6,0.6
18990903,0.6,0.6,0.6,0.6
18991203,0.6,0.6,0.6,0.6
19000304,0.6,0.65,0.6,0.65
19000603,0.65,0.65,0.65,0.65
19000831,0.65,0.65,0.62,0.62
19001130,0.62,0.62,0.62,0.62
19010303,0.62,0.62,0.6,0.6
19010531,0.6,0.6,0.6,0.6
19010901,0.6,0.6,0.56,0.56
19011201,0.56,0.56,0.56,0.56
19020228,0.56,0.56,0.53,0.53
19020601,0.53,0.53,0.53,0.53
19020907,0.53,0.53,0.49,0.49
19021207,0.49,0.49,0.49,0.49
19030301,0.49,0.54,0.49,0.54
19030607,0.54,0.54,0.54,0.54
19030906,0.54,0.56,0.54,0.56
19031206,0.56,0.56,0.56,0.56
19040306,0.56,0.58,0.56,0.58
19040605,0.58,0.58,0.58,0.58
19040904,0.58,0.61,0.58,0.61
19041204,0.61,0.61,0.61,0.61
19050305,0.61,0.61,0.61,0.61
19050604,0.61,0.61,0.61,0.61
19050903,0.61,0.66,0.61,0.66
19051203,0.66,0.66,0.66,0.66
19060304,0.66,0.7,0.66,0.7
19060603,0.7,0.7,0.7,0.7
19060831,0.7,0.7,0.67,0.67
19061130,0.67,0.67,0.67,0.67
19070303,0.67,0.67,0.66,0.66
19070531,0.66,0.66,0.66,0.66
19070901,0.66,0.66,0.55,0.55
19071201,0.55,0.55,0.55,0.55
19080301,0.55,0.55,0.53,0.53
19080607,0.53,0.53,0.53,0.53
19080906,0.53,0.53,0.49,0.49
19081206,0.49,0.49,0.49,0.49
19090307,0.49,0.52,0.49,0.52
19090606,0.52,0.52,0.52,0.52
19090905,0.52,0.53,0.52,0.53
19091205,0.53,0.53,0.53,0.53
19100306,0.53,0.54,0.53,0.54
19100605,0.54,0.54,0.54,0.54
19100904,0.54,0.55,0.54,0.55
19101204,0.55,0.55,0.55,0.55
19110305,0.55,0.55,0.54,0.54
19110604,0.54,0.54,0.54,0.54
19110903,0.54,0.56,0.54,0.56
19111203,0.56,0.56,0.56,0.56
19120303,0.56,0.62,0.56,0.62
19120531,0.62,0.62,0.62,0.62
19120901,0.62,0.64,0.62,0.64
19121201,0.64,0.64,0.64,0.64
19130228,0.64,0.64,0.61,0.61
19130601,0.61,0.61,0.61,0.61
19130907,0.61,0.61,0.58,0.58
19131207,0.58,0.58,0.58,0.58
19140301,0.58,0.58,0.56,0.56
19140607,0.56,0.56,0.56,0.56
19140906,0.56,0.56,0.5,0.5
19141206,0.5,0.5,0.5,0.5
19150307,0.5,0.51,0.5,0.51
19150606,0.51,0.51,0.51,0.51
19150905,0.51,0.56,0.51,0.56
19151205,0.56,0.56,0.56,0.56
19160305,0.56,0.67,0.56,0.67
19160604,0.67,0.67,0.67,0.67
19160903,0.67,0.76,0.67,0.76
19161203,0.76,0.76,0.76,0.76
19170304,0.76,0.84,0.76,0.84
19170603,0.84,0.84,0.84,0.84
19170831,0.84,0.9,0.84,0.9
19171130,0.9,0.9,0.9,0.9
19180303,0.9,0.98,0.9,0.98
19180531,0.98,0.98,0.98,0.98
19180901,0.98,1.02,0.98,1.02
19181201,1.02,1.02,1.02,1.02
19190228,1.02,1.34,1.02,1.34
19190601,1.34,1.34,1.34,1.34
19190907,1.34,1.34,1.12,1.12
19191207,1.12,1.12,1.12,1.12
19200307,1.12,1.12,1.02,1.02
19200606,1.02,1.02,1.02,1.02
19200905,1.02,1.02,0.66,0.66
19201205,0.66,0.66,0.66,0.66
19210306,0.66,0.66,0.66,0.66
19210605,0.66,0.66,0.66,0.66
19210904,0.66,0.66,0.63,0.63
19211204,0.63,0.63,0.63,0.63
19220305,0.63,0.64,0.63,0.64
19220604,0.64,0.64,0.64,0.64
19220903,0.64,0.68,0.64,0.68
19221203,0.68,0.68,0.68,0.68
19230304,0.68,0.68,0.65,0.65
19230603,0.65,0.65,0.65,0.65
19230831,0.65,0.65,0.65,0.65
19231130,0.65,0.65,0.65,0.65
19240229,0.65,0.67,0.65,0.67
19240601,0.67,0.67,0.67,0.67
19240907,0.67,0.69,0.67,0.69
19241207,0.69,0.69,0.69,0.69
19250301,0.69,0.69,0.69,0.69
19250607,0.69,0.69,0.69,0.69
19250906,0.69,0.69,0.69,0.69
19251206,0.69,0.69,0.69,0.69
19260307,0.69,0.69,0.62,0.62
19260606,0.62,0.62,0.62,0.62
19260905,0.62,0.62,0.54,0.54
19261205,0.54,0.54,0.54,0.54
19270306,0.54,0.57,0.54,0.57
19270605,0.57,0.57,0.57,0.57
19270904,0.57,0.58,0.57,0.58
19271204,0.58,0.58,0.58,0.58
19280304,0.58,0.58,0.58,0.58
19280603,0.58,0.58,0.58,0.58
19280831,0.58,0.58,0.58,0.58
19281130,0.58,0.58,0.58,0.58
19290303,0.58,0.58,0.53,0.53
19290531,0.53,0.53,0.53,0.53
19290901,0.53,0.53,0.49,0.49
19291201,0.49,0.49,0.49,0.49
19300228,0.49,0.49,0.38,0.38
19300601,0.38,0.38,0.38,0.38
19300907,0.38,0.38,0.33,0.33
19301207,0.33,0.33,0.33,0.33
19310301,0.33,0.33,0.3,0.3
19310607,0.3,0.3,0.3,0.3
19310906,0.3,0.3,0.29,0.29
19311206,0.29,0.29,0.29,0.29
19320306,0.29,0.29,0.25,0.25
19320605,0.25,0.25,0.25,0.25
19320904,0.25,0.28,0.25,0.28
19321204,0.28,0.28,0.28,0.28
19330305,0.28,0.35,0.28,0.35
19330604,0.35,0.35,0.35,0.35
19330903,0.35,0.44,0.35,0.44
19331203,0.44,0.44,0.44,0.44
19340304,0.44,0.48,0.44,0.48
19340603,0.48,0.48,0.48,0.48
19340831,0.48,0.54,0.48,0.54
19341130,0.54,0.54,0.54,0.54
19350303,0.54,0.64,0.54,0.64
19350531,0.64,0.64,0.64,0.64
19350901,0.64,0.64,0.58,0.58
19351201,0.58,0.58,0.58,0.58
19360301,0.58,0.58,0.45,0.45
19360607,0.45,0.45,0.45,0.45
19360906,0.45,0.45,0.45,0.45
19361206,0.45,0.45,0.45,0.45
19370307,0.45,0.45,0.45,0.45
19370606,0.45,0.45,0.45,0.45
19370905,0.45,0.45,0.44,0.44
19371205,0.44,0.44,0.44,0.44
19380306,0.44,0.44,0.43,0.43
19380605,0.43,0.43,0.43,0.43
19380904,0.43,0.43,0.43,0.43
19381204,0.43,0.43,0.43,0.43
19390305,0.43,0.43,0.39,0.39
19390604,0.39,0.39,0.39,0.39
19390903,0.39,0.39,0.35,0.35
19391203,0.35,0.35,0.35,0.35
19400303,0.35,0.35,0.35,0.35
19400531,0.35,0.35,0.35,0.35
19400901,0.35,0.35,0.35,0.35
19401201,0.35,0.35,0.35,0.35
19410228,0.35,0.35,0.35,0.35
19410601,0.35,0.35,0.35,0.35
19410907,0.35,0.35,0.35,0.35
19411207,0.35,0.35,0.35,0.35
19420301,0.35,0.38,0.35,0.38
19420607,0.38,0.38,0.38,0.38
19420906,0.38,0.45,0.38,0.45
19421206,0.45,0.45,0.45,0.45
19430307,0.45,0.45,0.45,0.45
19430606,0.45,0.45,0.45,0.45
19430905,0.45,0.45,0.45,0.45
19431205,0.45,0.45,0.45,0.45
19440305,0.45,0.45,0.45,0.45
19440604,0.45,0.45,0.45,0.45
19440903,0.45,0.45,0.45,0.45
19441203,0.45,0.45,0.45,0.45
19450304,0.45,0.52,0.45,0.52
19450603,0.52,0.52,0.52,0.52
19450831,0.52,0.71,0.52,0.71
19451130,0.71,0.71,0.71,0.71
19460303,0.71,0.8,0.71,0.8
19460531,0.8,0.8,0.8,0.8
19460901,0.8,0.87,0.8,0.87
19461201,0.87,0.87,0.87,0.87
19470228,0.87,0.87,0.75,0.75
19470601,0.75,0.75,0.75,0.75
19470907,0.75,0.75,0.72,0.72
19471207,0.72,0.72,0.72,0.72
19480307,0.72,0.72,0.7,0.7
19480606,0.7,0.7,0.7,0.7
19480905,0.7,0.74,0.7,0.74
19481205,0.74,0.74,0.74,0.74
19490306,0.74,0.74,0.72,0.72
19490605,0.72,0.72,0.72,0.72
19490904,0.72,0.73,0.72,0.73
19491204,0.73,0.73,0.73,0.73
19500305,0.73,0.74,0.73,0.74
19500604,0.74,0.74,0.74,0.74
19500903,0.74,0.8,0.74,0.8
19501203,0.8,0.8,0.8,0.8
19510304,0.8,0.88,0.8,0.88
19510603,0.88,0.88,0.88,0.88
19510831,0.88,0.89,0.88,0.89
19511130,0.89,0.89,0.89,0.89
19520229,0.89,0.89,0.85,0.85
19520601,0.85,0.85,0.85,0.85
19520907,0.85,0.85,0.83,0.83
19521207,0.83,0.83,0.83,0.83
19530301,0.83,0.85,0.83,0.85
19530607,0.85,0.85,0.85,0.85
19530906,0.85,0.85,0.85,0.85
19531206,0.85,0.85,0.85,0.85
19540307,0.85,0.85,0.85,0.85
19540606,0.85,0.85,0.85,0.85
19540905,0.85,0.85,0.85,0.85
19541205,0.85,0.85,0.85,0.85
19550306,0.85,0.89,0.85,0.89
19550605,0.89,0.89,0.89,0.89
19550904,0.89,0.91,0.89,0.91
19551204,0.91,0.91,0.91,0.91
19560304,0.91,0.91,0.91,0.91
19560603,0.91,0.91,0.91,0.91
19560831,0.91,0.91,0.91,0.91
19561130,0.91,0.91,0.91,0.91
19570303,0.91,0.91,0.91,0.91
19570531,0.91,0.91,0.91,0.91
19570901,0.91,0.91,0.9,0.9
19571201,0.9,0.9,0.9,0.9
19580228,0.9,0.9,0.89,0.89
19580601,0.89,0.89,0.89,0.89
19580907,0.89,0.9,0.89,0.9
19581207,0.9,0.9,0.9,0.9
19590301,0.9,0.91,0.9,0.91
19590607,0.91,0.91,0.91,0.91
19590906,0.91,0.91,0.91,0.91
19591206,0.91,0.91,0.91,0.91
19600306,0.91,0.91,0.91,0.91
19600605,0.91,0.91,0.91,0.91
19600904,0.91,0.91,0.91,0.91
19601204,0.91,0.91,0.91,0.91
19610305,0.91,0.92,0.91,0.92
19610604,0.92,0.92,0.92,0.92
19610903,0.92,1.03,0.92,1.03
19611203,1.03,1.03,1.03,1.03
19620304,1.03,1.09,1.03,1.09
19620603,1.09,1.09,1.09,1.09
19620831,1.09,1.2,1.09,1.2
19621130,1.2,1.2,1.2,1.2
19630303,1.2,1.28,1.2,1.28
19630531,1.28,1.28,1.28,1.28
19630616,1.29,1.29,1.29,1.29
19630623,1.29,1.29,1.29,1.29
19630630,1.29,1.3,1.29,1.3
19630707,1.3,1.31,1.3,1.31
19630714,1.31,1.31,1.31,1.31
19630721,1.31,1.31,1.3,1.3
19630728,1.3,1.3,1.3,1.3
19630804,1.3,1.3,1.3,1.3
19630811,1.3,1.3,1.29,1.29
19630818,1.29,1.3,1.29,1.3
19630825,1.3,1.3,1.29,1.3
19630901,1.3,1.3,1.3,1.3
19630908,1.3,1.3,1.29,1.3
19630915,1.3,1.3,1.29,1.29
19630922,1.29,1.29,1.29,1.29
19630929,1.29,1.29,1.29,1.29
19631006,1.29,1.29,1.29,1.29
19631013,1.29,1.29,1.29,1.29
19631020,1.29,1.29,1.29,1.29
19631027,1.29,1.29,1.29,1.29
19631103,1.29,1.29,1.29,1.29
19631110,1.29,1.29,1.29,1.29
19631117,1.29,1.29,1.29,1.29
19631124,1.29,1.29,1.29,1.29
19631201,1.29,1.29,1.29,1.29
19631208,1.29,1.29,1.29,1.29
19631215,1.29,1.29,1.29,1.29
19631222,1.29,1.29,1.29,1.29
19631229,1.29,1.29,1.29,1.29
19640105,1.29,1.29,1.29,1.29
19640112,1.29,1.29,1.29,1.29
19640119,1.29,1.29,1.29,1.29
19640126,1.29,1.29,1.29,1.29
19640202,1.29,1.29,1.29,1.29
19640209,1.29,1.3,1.29,1.29
19640216,1.29,1.3,1.29,1.3
19640223,1.3,1.3,1.3,1.3
19640301,1.3,1.3,1.3,1.3
19640308,1.3,1.3,1.3,1.3
19640315,1.3,1.3,1.3,1.3
19640322,1.3,1.3,1.3,1.3
19640329,1.3,1.32,1.3,1.31
19640405,1.31,1.33,1.31,1.31
19640412,1.31,1.31,1.31,1.31
19640419,1.31,1.31,1.3,1.3
19640426,1.3,1.3,1.3,1.3
19640503,1.3,1.3,1.3,1.3
19640510,1.3,1.3,1.3,1.3
19640517,1.3,1.3,1.3,1.3
19640524,1.3,1.3,1.3,1.3
19640531,1.3,1.3,1.3,1.3
19640607,1.3,1.3,1.3,1.3
19640614,1.3,1.3,1.3,1.3
19640621,1.3,1.3,1.3,1.3
19640628,1.3,1.3,1.3,1.3
19640705,1.3,1.3,1.3,1.3
19640712,1.3,1.31,1.3,1.31
19640719,1.31,1.31,1.3,1.3
19640726,1.3,1.31,1.3,1.3
19640802,1.3,1.31,1.3,1.3
19640809,1.3,1.3,1.3,1.3
19640816,1.3,1.31,1.3,1.31
19640823,1.31,1.31,1.3,1.3
19640830,1.3,1.3,1.3,1.3
19640906,1.3,1.3,1.3,1.3
19640913,1.3,1.35,1.3,1.35
19640920,1.35,1.37,1.35,1.37
19640927,1.37,1.38,1.36,1.36
19641004,1.36,1.37,1.35,1.36
19641011,1.36,1.36,1.35,1.35
19641018,1.35,1.36,1.35,1.35
19641025,1.35,1.36,1.35,1.35
19641101,1.35,1.35,1.34,1.34
19641108,1.34,1.34,1.34,1.34
19641115,1.34,1.37,1.34,1.37
19641122,1.37,1.37,1.36,1.36
19641129,1.36,1.36,1.35,1.35
19641206,1.35,1.35,1.35,1.35
19641213,1.35,1.35,1.35,1.35
19641220,1.35,1.35,1.35,1.35
19641227,1.35,1.35,1.35,1.35
19650103,1.35,1.37,1.35,1.36
19650110,1.36,1.37,1.35,1.36
19650117,1.36,1.36,1.35,1.35
19650124,1.35,1.36,1.35,1.35
19650131,1.35,1.35,1.33,1.34
19650207,1.34,1.34,1.33,1.33
19650214,1.33,1.33,1.33,1.33
19650221,1.33,1.33,1.33,1.33
19650228,1.33,1.33,1.32,1.32
19650307,1.32,1.32,1.32,1.32
19650314,1.32,1.33,1.32,1.32
19650321,1.32,1.32,1.32,1.32
19650328,1.32,1.32,1.32,1.32
19650404,1.32,1.32,1.31,1.31
19650411,1.31,1.33,1.31,1.33
19650418,1.33,1.35,1.32,1.35
19650425,1.35,1.35,1.35,1.35
19650502,1.35,1.35,1.32,1.32
19650509,1.32,1.34,1.32,1.33
19650516,1.33,1.34,1.32,1.33
19650523,1.33,1.33,1.33,1.33
19650530,1.33,1.34,1.33,1.34
19650606,1.34,1.34,1.29,1.29
19650613,1.29,1.31,1.28,1.31
19650620,1.31,1.32,1.31,1.31
19650627,1.31,1.31,1.29,1.3
19650704,1.3,1.3,1.29,1.29
19650711,1.29,1.3,1.29,1.29
19650718,1.29,1.3,1.29,1.3
19650725,1.3,1.3,1.29,1.3
19650801,1.3,1.31,1.3,1.3
19650808,1.3,1.3,1.3,1.3
19650815,1.3,1.3,1.3,1.3
19650822,1.3,1.3,1.29,1.29
19650829,1.29,1.3,1.29,1.3
19650905,1.3,1.3,1.3,1.3
19650912,1.3,1.3,1.3,1.3
19650919,1.3,1.3,1.3,1.3
19650926,1.3,1.3,1.29,1.29
19651003,1.29,1.29,1.29,1.29
19651010,1.29,1.29,1.29,1.29
19651017,1.29,1.29,1.29,1.29
19651024,1.29,1.29,1.29,1.29
19651031,1.29,1.29,1.29,1.29
19651107,1.29,1.29,1.29,1.29
19651114,1.29,1.3,1.29,1.3
19651121,1.3,1.3,1.3,1.3
19651128,1.3,1.3,1.29,1.3
19651205,1.3,1.3,1.29,1.29
19651212,1.29,1.29,1.29,1.29
19651219,1.29,1.29,1.29,1.29
19651226,1.29,1.29,1.29,1.29
19660102,1.29,1.3,1.29,1.29
19660109,1.29,1.29,1.29,1.29
19660116,1.29,1.3,1.29,1.3
19660123,1.3,1.3,1.3,1.3
19660130,1.3,1.3,1.3,1.3
19660206,1.3,1.3,1.3,1.3
19660213,1.3,1.3,1.29,1.3
19660220,1.3,1.3,1.29,1.29
19660227,1.29,1.29,1.29,1.29
19660306,1.29,1.29,1.29,1.29
19660313,1.29,1.29,1.29,1.29
19660320,1.29,1.29,1.29,1.29
19660327,1.29,1.29,1.29,1.29
19660403,1.29,1.29,1.29,1.29
19660410,1.29,1.29,1.29,1.29
19660417,1.29,1.34,1.29,1.34
19660424,1.34,1.34,1.33,1.33
19660501,1.33,1.34,1.33,1.34
19660508,1.34,1.35,1.34,1.34
19660515,1.34,1.34,1.34,1.34
19660522,1.34,1.34,1.34,1.34
19660529,1.34,1.35,1.34,1.35
19660605,1.35,1.35,1.33,1.34
19660612,1.34,1.34,1.34,1.34
19660619,1.34,1.35,1.34,1.35
19660626,1.35,1.35,1.35,1.35
19660703,1.35,1.35,1.34,1.34
19660710,1.34,1.34,1.33,1.33
19660717,1.33,1.34,1.33,1.34
19660724,1.34,1.34,1.34,1.34
19660731,1.34,1.35,1.34,1.34
19660807,1.34,1.34,1.33,1.34
19660814,1.34,1.34,1.33,1.33
19660821,1.33,1.34,1.33,1.33
19660828,1.33,1.33,1.33,1.33
19660904,1.33,1.33,1.33,1.33
19660911,1.33,1.33,1.33,1.33
19660918,1.33,1.33,1.33,1.33
19660925,1.33,1.33,1.33,1.33
19661002,1.33,1.33,1.32,1.32
19661009,1.32,1.32,1.32,1.32
19661016,1.32,1.32,1.31,1.31
19661023,1.31,1.32,1.31,1.32
19661030,1.32,1.32,1.31,1.31
19661106,1.31,1.31,1.3,1.3
19661113,1.3,1.31,1.3,1.31
19661120,1.31,1.31,1.31,1.31
19661127,1.31,1.31,1.31,1.31
19661204,1.31,1.31,1.31,1.31
19661211,1.31,1.31,1.31,1.31
19661218,1.31,1.31,1.31,1.31
19661225,1.31,1.31,1.31,1.31
19670101,1.31,1.32,1.31,1.32
19670108,1.32,1.33,1.32,1.32
19670115,1.32,1.32,1.31,1.31
19670122,1.31,1.36,1.31,1.36
19670129,1.36,1.36,1.35,1.35
19670205,1.35,1.35,1.34,1.35
19670212,1.35,1.35,1.35,1.35
19670219,1.35,1.36,1.35,1.36
19670226,1.36,1.36,1.36,1.36
19670305,1.36,1.36,1.35,1.36
19670312,1.36,1.36,1.35,1.36
19670319,1.36,1.36,1.36,1.36
19670326,1.36,1.36,1.35,1.35
19670402,1.35,1.35,1.34,1.34
19670409,1.34,1.35,1.34,1.35
19670416,1.35,1.35,1.34,1.34
19670423,1.34,1.34,1.34,1.34
19670430,1.34,1.35,1.34,1.35
19670507,1.35,1.36,1.34,1.35
19670514,1.35,1.36,1.35,1.36
19670521,1.36,1.47,1.35,1.47
19670528,1.47,1.6,1.47,1.56
19670604,1.56,1.76,1.56,1.76
19670611,1.76,1.83,1.71,1.8
19670618,1.81,1.84,1.72,1.83
19670625,1.83,1.85,1.78,1.82
19670702,1.82,1.82,1.76,1.77
19670709,1.77,1.78,1.74,1.75
19670716,1.75,1.8,1.7,1.79
19670723,1.79,1.94,1.79,1.92
19670730,1.92,1.92,1.82,1.88
19670806,1.89,1.93,1.85,1.89
19670813,1.89,1.9,1.82,1.82
19670820,1.83,1.83,1.75,1.76
19670827,1.76,1.78,1.71,1.76
19670903,1.76,1.76,1.71,1.72
19670910,1.72,1.73,1.69,1.72
19670917,1.73,1.78,1.71,1.77
19670924,1.77,1.8,1.75,1.76
19671001,1.76,1.78,1.75,1.76
19671008,1.77,1.82,1.76,1.81
19671015,1.82,1.86,1.8,1.86
19671022,1.86,1.94,1.85,1.93
19671029,1.94,1.98,1.84,1.89
19671105,1.9,1.96,1.89,1.95
19671112,1.95,2.02,1.94,1.99
19671119,1.99,2,1.94,1.96
19671126,1.97,2.13,1.97,2.13
19671203,2.14,2.21,2.08,2.12
19671210,2.13,2.16,2.1,2.14
19671217,2.14,2.3,2.14,2.29
19671224,2.3,2.3,2.21,2.27
19671231,2.28,2.37,2.25,2.33
19680107,2.33,2.37,2.24,2.26
19680114,2.27,2.27,2.12,2.19
19680121,2.19,2.21,2.12,2.18
19680128,2.19,2.2,2.09,2.1
19680204,2.11,2.11,1.98,2.03
19680211,2.04,2.04,1.95,2
19680218,2,2.07,1.97,2.05
19680225,2.05,2.13,2.03,2.12
19680303,2.13,2.28,2.13,2.23
19680310,2.24,2.37,2.19,2.33
19680317,2.33,2.55,2.25,2.55
19680324,2.56,2.56,2.29,2.31
19680331,2.31,2.35,2.25,2.26
19680407,2.27,2.27,2.08,2.15
19680414,2.16,2.39,2.16,2.38
19680421,2.39,2.48,2.33,2.35
19680428,2.35,2.58,2.35,2.56
19680505,2.56,2.62,2.46,2.53
19680512,2.54,2.62,2.46,2.6
19680519,2.6,2.72,2.58,2.71
19680526,2.71,2.75,2.61,2.7
19680602,2.7,2.7,2.56,2.57
19680609,2.58,2.69,2.48,2.61
19680616,2.62,2.7,2.52,2.57
19680623,2.57,2.62,2.51,2.58
19680630,2.59,2.65,2.55,2.63
19680707,2.63,2.63,2.58,2.61
19680714,2.62,2.62,2.42,2.49
19680721,2.49,2.49,2.29,2.42
19680728,2.43,2.48,2.38,2.41
19680804,2.42,2.42,2.3,2.34
19680811,2.35,2.35,2.22,2.24
19680818,2.25,2.38,2.19,2.33
19680825,2.33,2.43,2.31,2.38
19680901,2.38,2.38,2.28,2.35
19680908,2.35,2.4,2.33,2.36
19680915,2.36,2.36,2.28,2.32
19680922,2.32,2.39,2.32,2.34
19680929,2.34,2.34,2.26,2.26
19681006,2.27,2.27,2.11,2.16
19681013,2.17,2.19,2.03,2.09
19681020,2.09,2.09,1.91,2
19681027,2.01,2.12,1.91,2.07
19681103,2.08,2.18,2.07,2.13
19681110,2.13,2.17,2.12,2.15
19681117,2.15,2.31,2.15,2.27
19681124,2.28,2.31,2.17,2.23
19681201,2.23,2.23,2.06,2.09
19681208,2.09,2.2,2.05,2.18
19681215,2.18,2.18,2.09,2.09
19681222,2.09,2.17,2.08,2.13
19681229,2.13,2.13,2.08,2.09
19690105,2.09,2.13,2.05,2.11
19690112,2.12,2.19,2.1,2.15
19690119,2.16,2.17,2.1,2.11
19690126,2.11,2.14,2.09,2.12
19690202,2.13,2.13,2.1,2.11
19690209,2.12,2.12,1.91,1.94
19690216,1.95,1.95,1.81,1.89
19690223,1.9,1.94,1.83,1.93
19690302,1.93,1.94,1.86,1.9
19690309,1.9,2,1.88,1.96
19690316,1.96,1.97,1.86,1.91
19690323,1.91,1.92,1.88,1.91
19690330,1.91,1.92,1.83,1.89
19690406,1.9,1.9,1.85,1.88
19690413,1.88,1.89,1.83,1.87
19690420,1.87,1.88,1.85,1.85
19690427,1.85,1.85,1.76,1.82
19690504,1.83,1.86,1.79,1.8
19690511,1.81,1.88,1.77,1.83
19690518,1.84,1.84,1.75,1.8
19690525,1.81,1.81,1.78,1.79
19690601,1.8,1.84,1.79,1.81
19690608,1.82,1.82,1.76,1.76
19690615,1.76,1.82,1.71,1.77
19690622,1.78,1.78,1.56,1.6
19690629,1.6,1.72,1.6,1.66
19690706,1.67,1.7,1.67,1.68
19690713,1.69,1.78,1.69,1.75
19690720,1.76,1.79,1.73,1.77
19690727,1.78,1.78,1.71,1.75
19690803,1.75,1.75,1.68,1.71
19690810,1.72,1.77,1.69,1.76
19690817,1.76,1.85,1.76,1.8
19690824,1.8,1.8,1.73,1.75
19690831,1.76,1.76,1.73,1.76
19690907,1.76,1.8,1.76,1.79
19690914,1.8,1.85,1.79,1.85
19690921,1.85,1.93,1.82,1.92
19690928,1.92,2.06,1.92,1.96
19691005,1.96,2.03,1.96,1.97
19691012,1.97,1.97,1.92,1.96
19691019,1.96,2,1.91,1.99
19691026,1.99,2.09,1.98,1.99
19691102,1.99,2.18,1.99,2.18
19691109,2.18,2.2,2.14,2.14
19691116,2.15,2.15,2.1,2.11
19691123,2.12,2.12,2.03,2.09
19691130,2.09,2.1,2.04,2.1
19691207,2.1,2.13,2,2.03
19691214,2.04,2.04,1.9,1.93
19691221,1.93,1.95,1.86,1.91
19691228,1.91,1.99,1.91,1.98
19700104,1.99,2,1.95,1.97
19700111,1.97,2.02,1.97,1.97
19700118,1.97,2.04,1.94,2.03
19700125,2.04,2.07,2.02,2.05
19700201,2.06,2.08,2.02,2.04
19700208,2.04,2.06,2.02,2.06
19700215,2.06,2.07,2,2.03
19700222,2.04,2.04,1.98,2.01
19700301,2.02,2.03,1.99,2.01
19700308,2.01,2.04,1.99,2.01
19700315,2.02,2.02,1.96,1.97
19700322,1.98,1.98,1.95,1.97
19700329,1.98,2,1.95,1.98
19700405,1.99,1.99,1.97,1.98
19700412,1.98,1.98,1.92,1.93
19700419,1.93,1.95,1.92,1.94
19700426,1.94,1.95,1.92,1.92
19700503,1.92,1.92,1.7,1.77
19700510,1.78,1.78,1.67,1.77
19700517,1.77,1.81,1.71,1.74
19700524,1.74,1.75,1.64,1.65
19700531,1.66,1.66,1.55,1.64
19700607,1.65,1.72,1.62,1.68
19700614,1.68,1.71,1.65,1.66
19700621,1.66,1.71,1.65,1.7
19700628,1.7,1.7,1.63,1.64
19700705,1.65,1.66,1.63,1.65
19700712,1.66,1.66,1.6,1.64
19700719,1.64,1.75,1.64,1.75
19700726,1.75,1.81,1.75,1.78
19700802,1.79,1.85,1.79,1.83
19700809,1.84,1.84,1.77,1.83
19700816,1.83,1.88,1.77,1.87
19700823,1.87,1.92,1.86,1.88
19700830,1.89,1.93,1.87,1.89
19700906,1.9,1.9,1.85,1.89
19700913,1.9,1.92,1.87,1.87
19700920,1.88,1.88,1.79,1.8
19700927,1.81,1.82,1.76,1.77
19701004,1.78,1.79,1.69,1.78
19701011,1.79,1.79,1.71,1.77
19701018,1.77,1.81,1.74,1.8
19701025,1.8,1.84,1.76,1.84
19701101,1.84,1.88,1.83,1.86
19701108,1.86,1.88,1.83,1.83
19701115,1.84,1.88,1.8,1.82
19701122,1.83,1.84,1.77,1.79
19701129,1.8,1.8,1.67,1.68
19701206,1.68,1.7,1.6,1.68
19701213,1.69,1.69,1.58,1.65
19701220,1.66,1.69,1.62,1.67
19701227,1.67,1.7,1.65,1.66
19710103,1.67,1.68,1.63,1.66
19710110,1.66,1.73,1.66,1.73
19710117,1.73,1.74,1.68,1.68
19710124,1.69,1.69,1.54,1.58
19710131,1.59,1.63,1.56,1.6
19710207,1.6,1.68,1.59,1.68
19710214,1.68,1.68,1.63,1.66
19710221,1.66,1.66,1.64,1.65
19710228,1.66,1.66,1.62,1.65
19710307,1.65,1.7,1.65,1.69
19710314,1.69,1.74,1.68,1.69
19710321,1.69,1.73,1.69,1.7
19710328,1.7,1.74,1.69,1.73
19710404,1.74,1.79,1.72,1.79
19710411,1.79,1.81,1.75,1.8
19710418,1.8,1.8,1.74,1.74
19710425,1.74,1.8,1.74,1.76
19710502,1.76,1.76,1.71,1.73
19710509,1.73,1.79,1.69,1.73
19710516,1.74,1.75,1.7,1.73
19710523,1.73,1.74,1.65,1.66
19710530,1.66,1.68,1.63,1.66
19710606,1.66,1.66,1.6,1.63
19710613,1.63,1.66,1.61,1.66
19710620,1.67,1.68,1.64,1.65
19710627,1.66,1.66,1.6,1.63
19710704,1.64,1.64,1.57,1.61
19710711,1.62,1.63,1.6,1.62
19710718,1.63,1.63,1.56,1.59
19710725,1.59,1.59,1.55,1.58
19710801,1.59,1.65,1.57,1.63
19710808,1.63,1.7,1.62,1.64
19710815,1.64,1.67,1.62,1.67
19710822,1.67,1.68,1.62,1.68
19710829,1.68,1.68,1.56,1.56
19710905,1.57,1.59,1.5,1.55
19710912,1.55,1.55,1.43,1.44
19710919,1.45,1.48,1.42,1.47
19710926,1.47,1.49,1.45,1.46
19711003,1.47,1.47,1.43,1.44
19711010,1.45,1.45,1.35,1.36
19711017,1.36,1.38,1.34,1.38
19711024,1.38,1.4,1.33,1.35
19711031,1.35,1.37,1.31,1.33
19711107,1.33,1.34,1.3,1.34
19711114,1.34,1.36,1.33,1.35
19711121,1.36,1.37,1.34,1.35
19711128,1.35,1.36,1.32,1.36
19711205,1.36,1.41,1.36,1.41
19711212,1.41,1.44,1.4,1.43
19711219,1.44,1.46,1.41,1.44
19711226,1.45,1.46,1.41,1.42
19720102,1.43,1.43,1.36,1.38
19720109,1.39,1.48,1.39,1.47
19720116,1.47,1.51,1.46,1.5
19720123,1.51,1.56,1.48,1.49
19720130,1.49,1.58,1.49,1.57
19720206,1.57,1.59,1.54,1.56
19720213,1.57,1.58,1.52,1.53
19720220,1.53,1.54,1.5,1.53
19720227,1.53,1.53,1.47,1.49
19720305,1.49,1.55,1.48,1.55
19720312,1.56,1.59,1.54,1.57
19720319,1.57,1.58,1.53,1.55
19720326,1.56,1.59,1.54,1.56
19720402,1.56,1.61,1.55,1.61
19720409,1.62,1.63,1.6,1.61
19720416,1.62,1.62,1.54,1.56
19720423,1.56,1.6,1.56,1.6
19720430,1.6,1.62,1.56,1.62
19720507,1.63,1.64,1.61,1.61
19720514,1.62,1.63,1.6,1.61
19720521,1.61,1.63,1.6,1.61
19720528,1.62,1.62,1.56,1.58
19720604,1.59,1.59,1.55,1.57
19720611,1.58,1.61,1.56,1.59
19720618,1.6,1.62,1.58,1.6
19720625,1.6,1.62,1.56,1.58
19720702,1.59,1.6,1.56,1.58
19720709,1.59,1.72,1.58,1.71
19720716,1.72,1.83,1.71,1.79
19720723,1.8,1.85,1.77,1.79
19720730,1.79,1.89,1.78,1.86
19720806,1.86,1.9,1.83,1.86
19720813,1.86,1.88,1.82,1.84
19720820,1.84,1.89,1.82,1.88
19720827,1.88,1.98,1.87,1.91
19720903,1.91,1.95,1.91,1.93
19720910,1.93,1.98,1.88,1.88
19720917,1.89,1.89,1.79,1.8
19720924,1.8,1.8,1.69,1.75
19721001,1.76,1.81,1.7,1.79
19721008,1.79,1.86,1.79,1.84
19721015,1.85,1.86,1.8,1.84
19721022,1.85,1.9,1.83,1.89
19721029,1.9,1.91,1.84,1.87
19721105,1.88,1.91,1.84,1.91
19721112,1.91,1.92,1.83,1.86
19721119,1.86,1.87,1.82,1.82
19721126,1.82,1.86,1.81,1.84
19721203,1.85,1.94,1.83,1.93
19721210,1.94,1.98,1.91,1.98
19721217,1.98,2.03,1.97,2.02
19721224,2.02,2.06,1.95,2.04
19721231,2.05,2.07,2.02,2.05
19730107,2.05,2.08,2,2.02
19730114,2.03,2.05,2,2.05
19730121,2.05,2.08,2.01,2.05
19730128,2.05,2.05,1.99,2.01
19730204,2.02,2.1,2.02,2.08
19730211,2.08,2.23,2.07,2.18
19730218,2.18,2.33,2.18,2.27
19730225,2.28,2.5,2.28,2.45
19730304,2.45,2.74,2.4,2.64
19730311,2.64,2.64,2.38,2.4
19730318,2.4,2.4,2.2,2.27
19730325,2.28,2.35,2.2,2.3
19730401,2.31,2.38,2.21,2.24
19730408,2.24,2.3,2.21,2.25
19730415,2.26,2.32,2.23,2.27
19730422,2.27,2.27,2.09,2.18
19730429,2.19,2.2,2.11,2.2
19730506,2.2,2.26,2.11,2.24
19730513,2.25,2.46,2.24,2.39
19730520,2.4,2.65,2.37,2.48
19730527,2.49,2.64,2.41,2.54
19730603,2.55,2.8,2.55,2.78
19730610,2.78,2.88,2.61,2.65
19730617,2.65,2.73,2.56,2.73
19730624,2.74,2.8,2.67,2.77
19730701,2.77,2.85,2.74,2.81
19730708,2.81,2.99,2.79,2.94
19730715,2.95,2.96,2.77,2.92
19730722,2.93,3.08,2.93,3.04
19730729,3.04,3.18,2.98,2.98
19730805,2.99,3.13,2.88,3.04
19730812,3.04,3.04,2.78,2.82
19730819,2.83,2.85,2.65,2.77
19730826,2.78,2.86,2.67,2.75
19730902,2.76,2.83,2.65,2.75
19730909,2.76,2.79,2.67,2.7
19730916,2.71,2.73,2.6,2.67
19730923,2.67,2.9,2.67,2.87
19730930,2.88,2.95,2.82,2.87
19731007,2.88,2.89,2.79,2.85
19731014,2.85,3.03,2.85,3.03
19731021,3.04,3.12,2.97,2.97
19731028,2.98,3.04,2.93,2.96
19731104,2.96,2.98,2.87,2.97
19731111,2.98,2.99,2.89,2.92
19731118,2.93,2.93,2.79,2.86
19731125,2.87,2.92,2.85,2.88
19731202,2.88,3.04,2.79,3.02
19731209,3.03,3.18,3,3.13
19731216,3.13,3.17,3.02,3.09
19731223,3.1,3.26,3.1,3.23
19731230,3.23,3.31,3.23,3.27
19740106,3.27,3.4,3.26,3.29
19740113,3.29,3.47,3.29,3.46
19740120,3.46,3.81,3.46,3.81
19740127,3.81,4.09,3.73,4.09
19740203,4.1,4.25,4.02,4.25
19740210,4.25,4.9,4.25,4.9
19740217,4.9,5.5,4.9,5.5
19740224,5.5,5.99,5.35,5.99
19740303,6,6.49,5.76,5.76
19740310,5.77,5.78,5.17,5.29
19740317,5.29,5.75,5.21,5.47
19740324,5.48,6,5.48,5.8
19740331,5.8,5.8,5.2,5.56
19740407,5.57,5.57,5.16,5.19
19740414,5.2,5.2,4.39,4.44
19740421,4.45,5.11,4.4,5.11
19740428,5.11,5.85,5.11,5.62
19740505,5.62,5.93,5.53,5.72
19740512,5.73,5.88,5.21,5.83
19740519,5.83,6.22,5.71,5.87
19740526,5.87,5.87,5,5
19740602,5.01,5.21,4.61,4.93
19740609,4.94,5.29,4.64,5.24
19740616,5.25,5.39,4.91,5.07
19740623,5.08,5.14,4.79,4.89
19740630,4.9,4.93,4.61,4.8
19740707,4.81,4.82,4.17,4.22
19740714,4.23,4.53,3.94,3.96
19740721,3.96,4.67,3.96,4.61
19740728,4.62,5.25,4.5,5.1
19740804,5.1,5.42,4.87,4.87
19740811,4.87,5.03,4.47,4.51
19740818,4.51,4.75,4.44,4.62
19740825,4.63,4.89,4.42,4.65
19740901,4.66,4.66,4.16,4.29
19740908,4.3,4.3,3.9,4.21
19740915,4.22,4.27,3.95,4.12
19740922,4.13,4.13,3.77,3.99
19740929,3.99,4.39,3.99,4.22
19741006,4.23,5.24,4.23,5.24
19741013,5.25,5.25,4.64,4.69
19741020,4.69,4.87,4.58,4.87
19741027,4.87,5.33,4.87,5.3
19741103,5.3,5.59,5,5.02
19741110,5.03,5.47,4.94,5.38
19741117,5.39,5.39,4.79,4.79
19741124,4.79,4.93,4.3,4.54
19741201,4.54,4.76,4.46,4.74
19741208,4.75,4.78,4.41,4.52
19741215,4.53,4.6,4.36,4.58
19741222,4.59,4.91,4.59,4.76
19741229,4.76,5.17,4.76,5.1
19750105,5.11,5.11,4.51,4.51
19750112,4.52,4.6,4.31,4.6
19750119,4.61,4.71,4.23,4.23
19750126,4.23,4.58,4.15,4.58
19750202,4.58,4.62,4.29,4.32
19750209,4.33,4.54,4.3,4.54
19750216,4.54,4.73,4.39,4.67
19750223,4.68,4.88,4.68,4.78
19750302,4.79,4.87,4.55,4.65
19750309,4.65,4.68,4.39,4.46
19750316,4.46,4.72,4.42,4.62
19750323,4.62,4.72,4.33,4.4
19750330,4.4,4.42,4.23,4.3
19750406,4.31,4.41,4.11,4.14
19750413,4.14,4.25,4.09,4.2
19750420,4.21,4.48,4.08,4.41
19750427,4.41,4.44,4.28,4.39
19750504,4.4,4.5,4.33,4.35
19750511,4.36,4.64,4.31,4.63
19750518,4.64,4.74,4.46,4.66
19750525,4.66,4.87,4.62,4.75
19750601,4.75,4.75,4.5,4.52
19750608,4.52,4.52,4.36,4.42
19750615,4.42,4.68,4.42,4.54
19750622,4.54,4.61,4.49,4.56
19750629,4.56,4.72,4.53,4.64
19750706,4.64,4.7,4.55,4.62
19750713,4.63,4.76,4.53,4.72
19750720,4.73,4.8,4.66,4.79
19750727,4.8,5.08,4.71,5.07
19750803,5.07,5.58,5.07,5.25
19750810,5.26,5.46,5.21,5.22
19750817,5.23,5.57,5.23,5.36
19750824,5.36,5.41,5.22,5.3
19750831,5.31,5.34,4.94,4.96
19750907,4.96,4.96,4.76,4.9
19750914,4.9,5.04,4.73,5.02
19750921,5.02,5.02,4.83,4.83
19750928,4.84,4.9,4.75,4.87
19751005,4.88,4.92,4.7,4.75
19751012,4.76,4.82,4.54,4.58
19751019,4.58,4.78,4.58,4.74
19751026,4.74,4.76,4.55,4.58
19751102,4.59,4.59,4.46,4.5
19751109,4.51,4.83,4.51,4.81
19751116,4.82,4.84,4.7,4.73
19751123,4.73,4.73,4.5,4.55
19751130,4.55,4.61,4.39,4.39
19751207,4.4,4.42,4.22,4.28
19751214,4.28,4.32,4.12,4.2
19751221,4.21,4.51,4.15,4.51
19751228,4.52,4.62,4.46,4.51
19760104,4.52,4.54,4.39,4.46
19760111,4.47,4.57,4.42,4.44
19760118,4.45,4.51,4.11,4.2
19760125,4.21,4.21,3.96,4.09
19760201,4.11,4.21,3.96,4.12
19760208,4.13,4.22,4.07,4.14
19760215,4.14,4.33,4.09,4.27
19760222,4.28,4.38,4.22,4.35
19760229,4.35,4.41,4.3,4.36
19760307,4.36,4.45,4.26,4.4
19760314,4.41,4.46,4.35,4.36
19760321,4.37,4.41,4.26,4.34
19760328,4.35,4.35,4.18,4.19
19760404,4.2,4.26,4.11,4.21
19760411,4.21,4.53,4.16,4.5
19760418,4.51,4.69,4.49,4.65
19760425,4.65,4.83,4.61,4.62
19760502,4.62,4.78,4.52,4.66
19760509,4.66,4.72,4.4,4.72
19760516,4.73,4.73,4.53,4.58
19760523,4.58,4.66,4.46,4.62
19760530,4.63,4.9,4.58,4.88
19760606,4.89,4.94,4.83,4.83
19760613,4.84,5.11,4.82,5.1
19760620,5.1,5.12,4.92,5
19760627,5,5.09,4.75,4.78
19760704,4.78,5.14,4.73,5.06
19760711,5.06,5.3,5.05,5.2
19760718,5.2,5.2,4.76,4.8
19760725,4.81,4.88,4.52,4.73
19760801,4.73,4.79,4.62,4.64
19760808,4.66,4.66,4.35,4.37
19760815,4.37,4.56,4.28,4.51
19760822,4.52,4.54,4.31,4.41
19760829,4.41,4.46,4.15,4.25
19760905,4.25,4.44,4.17,4.39
19760912,4.4,4.55,4.25,4.26
19760919,4.26,4.47,4.21,4.43
19760926,4.44,4.61,4.37,4.6
19761003,4.61,4.62,4.49,4.52
19761010,4.52,4.54,4.34,4.36
19761017,4.37,4.4,4.26,4.37
19761024,4.37,4.42,4.32,4.32
19761031,4.33,4.47,4.26,4.45
19761107,4.46,4.61,4.42,4.52
19761114,4.52,4.81,4.51,4.8
19761121,4.8,4.8,4.47,4.56
19761128,4.57,4.62,4.49,4.49
19761205,4.49,4.63,4.49,4.62
19761212,4.62,4.66,4.54,4.62
19761219,4.62,4.68,4.54,4.56
19761226,4.57,4.63,4.57,4.61
19770102,4.62,4.64,4.57,4.59
19770109,4.59,4.67,4.55,4.56
19770116,4.57,4.62,4.52,4.55
19770123,4.56,4.66,4.56,4.65
19770130,4.66,4.79,4.66,4.69
19770206,4.69,4.74,4.66,4.74
19770213,4.75,4.8,4.69,4.7
19770220,4.7,4.76,4.69,4.75
19770227,4.76,4.9,4.76,4.89
19770306,4.89,5.08,4.89,5.08
19770313,5.08,5.14,4.95,5.01
19770320,5.02,5.13,4.96,5.12
19770327,5.13,5.21,5.05,5.07
19770403,5.07,5.09,4.93,5.09
19770410,5.1,5.1,4.84,4.94
19770417,4.95,5.05,4.91,5.04
19770424,5.04,5.08,4.97,5.01
19770501,5.02,5.02,4.86,4.93
19770508,4.94,4.98,4.85,4.89
19770515,4.89,4.99,4.85,4.93
19770522,4.94,4.96,4.78,4.79
19770529,4.79,4.88,4.68,4.71
19770605,4.71,4.75,4.67,4.74
19770612,4.74,4.77,4.51,4.52
19770619,4.52,4.63,4.5,4.63
19770626,4.64,4.69,4.54,4.6
19770703,4.61,4.73,4.58,4.59
19770710,4.59,4.63,4.55,4.6
19770717,4.61,4.74,4.58,4.72
19770724,4.72,4.79,4.67,4.76
19770731,4.77,4.88,4.64,4.67
19770807,4.68,4.81,4.62,4.78
19770814,4.79,4.79,4.5,4.51
19770821,4.51,4.51,4.4,4.49
19770828,4.5,4.5,4.38,4.48
19770904,4.48,4.59,4.46,4.58
19770911,4.58,4.58,4.51,4.54
19770918,4.55,4.62,4.47,4.62
19770925,4.62,4.82,4.61,4.76
19771002,4.76,4.86,4.76,4.83
19771009,4.83,4.87,4.8,4.84
19771016,4.84,5.01,4.84,5.01
19771023,5.02,5.05,4.94,5.01
19771030,5.02,5.08,4.91,5
19771106,5,5.3,4.98,5.05
19771113,5.06,5.22,5.03,5.04
19771120,5.05,5.05,4.85,4.95
19771127,4.95,5.26,4.8,4.84
19771204,4.85,4.88,4.75,4.77
19771211,4.77,4.88,4.77,4.81
19771218,4.81,4.83,4.67,4.74
19771225,4.74,4.81,4.68,4.8
19780101,4.81,4.88,4.8,4.85
19780108,4.85,5.02,4.85,4.92
19780115,4.92,5.49,4.92,5.04
19780122,5.04,5.47,5.04,5.38
19780129,5.38,5.61,5.38,5.5
19780205,5.5,5.5,5.33,5.34
19780212,5.35,5.49,5.25,5.49
19780219,5.5,5.65,5.49,5.62
19780226,5.62,5.67,5.54,5.54
19780305,5.55,5.62,5.53,5.59
19780312,5.6,6.06,5.13,5.97
19780319,5.97,6.17,5.92,5.96
19780326,5.96,5.96,5.76,5.91
19780402,5.91,6.08,5.87,6.08
19780409,6.08,6.08,5.75,5.81
19780416,5.82,5.94,5.75,5.79
19780423,5.79,5.79,5.46,5.54
19780430,5.54,5.54,5.39,5.5
19780507,5.51,5.63,5.47,5.6
19780514,5.61,5.62,5.54,5.55
19780521,5.55,5.71,5.55,5.67
19780528,5.68,5.76,5.65,5.76
19780604,5.76,6,5.76,5.84
19780611,5.85,5.85,5.65,5.67
19780618,5.67,5.84,5.6,5.83
19780625,5.84,5.91,5.73,5.81
19780702,5.81,5.86,5.61,5.61
19780709,5.62,5.66,5.56,5.63
19780716,5.63,5.67,5.62,5.63
19780723,5.64,6.08,5.53,5.94
19780730,5.95,6.33,5.95,6.26
19780806,6.27,6.39,5.99,6.21
19780813,6.22,6.22,6,6.13
19780820,6.14,6.32,5.88,5.88
19780827,5.88,5.94,5.84,5.91
19780903,5.91,6.05,5.87,6.05
19780910,6.06,6.09,5.95,6.06
19780917,6.06,6.23,5.96,6.18
19780924,6.18,6.31,6.16,6.3
19781001,6.3,6.33,6.2,6.24
19781008,6.24,6.46,6.24,6.37
19781015,6.38,6.57,6.37,6.46
19781022,6.46,6.55,6.4,6.4
19781029,6.41,6.76,6.35,6.74
19781105,6.75,6.83,6.22,6.25
19781112,6.26,6.49,6.21,6.25
19781119,6.25,6.66,6.09,6.66
19781126,6.67,6.68,6.35,6.68
19781203,6.68,6.68,6.42,6.44
19781210,6.44,6.61,6.3,6.5
19781217,6.5,6.54,6.21,6.21
19781224,6.21,6.64,6.21,6.27
19781231,6.28,6.67,6.28,6.38
19790107,6.38,6.62,6.06,6.6
19790114,6.61,6.66,6.5,6.56
19790121,6.57,6.86,6.14,6.84
19790128,6.84,7.16,6.83,7.14
19790204,7.15,7.29,6.67,6.92
19790211,6.92,8.09,6.92,7.9
19790218,7.9,8.14,7.64,8.14
19790225,8.14,8.53,8.14,8.42
19790304,8.43,8.43,7.82,8.1
19790311,8.11,8.11,7.22,7.78
19790318,7.79,8.02,7.15,7.93
19790325,7.94,8.3,7.89,8.16
19790401,8.17,8.37,7.95,7.98
19790408,7.98,8.09,7.77,8.06
19790415,8.06,8.18,7.93,7.95
19790422,7.95,7.95,7.37,7.5
19790429,7.5,7.9,7.46,7.89
19790506,7.9,8.36,7.82,8.36
19790513,8.36,8.66,8.26,8.35
19790520,8.35,8.66,8.26,8.39
19790527,8.4,8.93,8.4,8.93
19790603,8.93,9,8.56,8.57
19790610,8.57,8.73,8.37,8.61
19790617,8.61,8.68,8.31,8.52
19790624,8.52,9.04,8.52,8.88
19790701,8.89,8.97,8.52,8.78
19790708,8.79,9.14,8.66,9
19790715,9.01,9.36,8.88,9.09
19790722,9.09,10.06,9.09,10.06
19790729,10.06,10.17,9.85,9.89
19790805,9.9,9.9,9.37,9.47
19790812,9.47,9.64,9.19,9.54
19790819,9.55,9.55,9.06,9.47
19790826,9.47,10.18,9.42,10.16
19790902,10.17,10.94,10.11,10.86
19790909,10.86,12.26,10.86,12.19
19790916,12.19,13.46,12.14,13.46
19790923,13.47,16.46,13.47,16.29
19790930,16.29,17.27,15.72,17.19
19791007,17.2,17.99,16.91,16.91
19791014,16.91,18.5,16.31,18.23
19791021,18.23,18.55,17.45,18.33
19791028,18.34,18.54,17.66,17.66
19791104,17.66,17.66,16.56,16.84
19791111,16.84,17.68,16.84,17.02
19791118,17.03,17.23,16.35,16.93
19791125,16.93,17.23,16.56,17
19791202,17,19.27,16.95,19.27
19791209,19.28,20.6,19.28,19.37
19791216,19.38,22.45,19.38,22.38
19791223,22.39,25.05,22.39,25.05
19791230,25.05,28.05,25.05,28.05
19800106,28.05,32.05,28.05,32.05
19800113,32.05,35.5,32.05,35.5
19800120,35.51,40.5,35.51,40.5
19800127,40.5,42.29,37.5,37.5
19800203,37.5,37.5,34.75,34.75
19800210,34.75,39.1,33.75,39.1
19800217,39.11,41.15,37.83,38.25
19800224,38.25,38.25,34.5,34.5
19800302,34.51,36.46,34,36.34
19800309,36.34,37.6,35.05,35.05
19800316,35.06,35.06,30.05,30.05
19800323,30.05,30.05,25.05,25.05
19800330,25.06,25.06,21.05,21.47
19800406,21.48,21.48,17.05,17.47
19800413,17.47,17.47,15.05,15.96
19800420,15.97,16,13.85,14.57
19800427,14.58,15.03,13.72,15.03
19800504,15.04,15.04,12,13.38
19800511,13.38,13.9,12.6,13.1
19800518,13.11,13.34,12.55,12.62
19800525,12.63,12.63,10.9,12.05
19800601,12.05,13.95,12.05,13.95
19800608,13.95,17,13.95,16.9
19800615,16.91,17.65,15.15,16.3
19800622,16.31,16.31,15.2,15.93
19800629,15.93,16.79,15.51,16.79
19800706,16.8,17.38,16.8,17.28
19800713,17.28,17.8,15.9,16.55
19800720,16.56,16.56,15.3,15.7
19800727,15.71,16.85,15.61,16.84
19800803,16.84,16.84,15.42,15.84
19800810,15.84,16.49,15.81,16.02
19800817,16.02,16.55,15.5,16.29
19800824,16.3,17.14,16,16.86
19800831,16.87,16.87,16.42,16.84
19800907,16.85,17.77,16.67,17.77
19800914,17.78,22.16,17.78,21.4
19800921,21.41,22.35,20.4,22.18
19800928,22.19,24.18,22.19,22.6
19801005,22.6,22.6,20.35,20.65
19801012,20.66,22.28,20.66,22
19801019,22.01,22.01,20.5,20.5
19801026,20.51,20.51,18.65,19
19801102,19.01,19.7,18.54,19.1
19801109,19.11,20.32,18.18,18.18
19801116,18.18,18.86,17.58,18.52
19801123,18.52,20.5,18.52,20.33
19801130,20.34,20.34,18.9,19.45
19801207,19.45,19.95,18.45,18.73
19801214,18.73,18.73,14.98,15.85
19801221,15.86,16.75,15.07,16.75
19801228,16.76,17.2,16.2,17.12
19810104,17.13,17.13,15.52,16.05
19810111,16.06,16.97,15.4,15.54
19810118,15.54,15.8,15,15.43
19810125,15.43,15.93,14.41,14.57
19810201,14.57,14.57,12.88,13.45
19810208,13.45,13.73,12.73,13.68
19810215,13.68,14.19,12.5,12.75
19810222,12.75,13.29,12.68,13.15
19810301,13.15,13.34,12.45,12.5
19810308,12.51,12.51,11.63,12
19810315,12.01,12.64,11.81,12.38
19810322,12.38,13.67,12.38,13.67
19810329,13.67,13.67,12.9,12.92
19810405,12.93,12.93,11.7,12.3
19810412,12.3,12.48,11.16,11.21
19810419,11.22,11.53,10.8,11.45
19810426,11.46,11.85,11.05,11.55
19810503,11.56,11.59,11.23,11.41
19810510,11.41,11.79,11.13,11.78
19810517,11.78,11.83,10.98,11.2
19810524,11.21,11.27,10.71,10.73
19810531,10.74,10.99,10.4,10.88
19810607,10.89,11.08,9.92,10
19810614,10,10.85,10,10.57
19810621,10.57,10.64,9.95,10.02
19810628,10.02,10.35,9.4,9.55
19810705,9.55,9.55,8.49,8.62
19810712,8.63,9.4,8.41,9.33
19810719,9.34,9.34,8.64,9.18
19810726,9.19,9.19,8.62,8.67
19810802,8.68,8.8,8.4,8.64
19810809,8.64,8.91,8.34,8.63
19810816,8.63,9.82,8.5,9.52
19810823,9.53,10.26,9.52,10.08
19810830,10.09,10.09,9.11,9.67
19810906,9.67,10.59,9.45,10.42
19810913,10.43,11.68,10.38,11.54
19810920,11.55,11.8,10.34,10.34
19810927,10.35,11.05,9.24,9.24
19811004,9.24,9.77,8.49,9.71
19811011,9.72,9.93,9.22,9.66
19811018,9.67,10.05,9.38,9.57
19811025,9.57,9.57,9.06,9.28
19811101,9.28,9.46,9,9.25
19811108,9.25,9.41,9.11,9.21
19811115,9.21,9.29,8.52,8.67
19811122,8.68,8.68,8.07,8.41
19811129,8.42,8.58,8.22,8.57
19811206,8.58,9.28,8.23,9.12
19811213,9.12,9.25,8.57,8.73
19811220,8.74,9.25,8.74,8.9
19811227,8.91,8.91,8.27,8.41
19820103,8.41,8.46,8.05,8.29
19820110,8.3,8.64,8.11,8.33
19820117,8.33,8.33,7.85,7.87
19820124,7.88,8.08,7.88,7.93
19820131,7.94,8.41,7.83,8.28
19820207,8.29,8.69,8.12,8.67
19820214,8.68,8.82,8.42,8.64
19820221,8.65,8.68,8.19,8.21
19820228,8.22,8.4,7.93,7.94
19820307,7.94,8.12,7.45,7.46
19820314,7.47,7.47,7,7.1
19820321,7.11,7.43,7,7.15
19820328,7.16,7.46,7.11,7.13
19820404,7.14,7.28,7.05,7.25
19820411,7.25,7.72,7.25,7.6
19820418,7.6,7.7,7.4,7.62
19820425,7.63,7.63,7.14,7.43
19820502,7.44,7.52,6.68,7.02
19820509,7.03,7.09,6.8,6.92
19820516,6.92,6.92,6.73,6.89
19820523,6.9,6.9,6.72,6.8
19820530,6.81,6.81,6.28,6.29
19820606,6.3,6.3,5.85,5.92
19820613,5.92,6.3,5.84,6.01
19820620,6.01,6.01,5.06,5.11
19820627,5.11,5.38,4.78,5.32
19820704,5.32,6.3,5.21,6.02
19820711,6.03,6.62,5.58,6.51
19820718,6.51,6.73,6.28,6.61
19820725,6.62,7.4,6.53,7.33
19820801,7.33,7.48,6.39,6.74
19820808,6.75,7.18,6.75,6.83
19820815,6.84,6.84,6.14,6.44
19820822,6.45,7.97,6.45,7.97
19820829,7.97,8.66,7.85,8.15
19820905,8.16,8.84,7.7,8.84
19820912,8.85,9.97,8.75,8.98
19820919,8.99,9.47,8.89,9.09
19820926,9.1,9.43,8.7,8.8
19821003,8.8,8.8,8.13,8.52
19821010,8.52,9.3,8.02,9.12
19821017,9.13,10.63,9.13,9.77
19821024,9.77,10.7,9.72,10.63
19821031,10.64,10.64,9.63,10.09
19821107,10.1,11.01,10.1,10.64
19821114,10.65,10.65,9.3,9.6
19821121,9.6,9.98,9.32,9.79
19821128,9.79,9.8,8.95,9.72
19821205,9.72,10.74,9.72,10.6
19821212,10.61,11.43,10.43,10.52
19821219,10.53,11.19,10.22,10.59
19821226,10.6,11.1,10.57,10.9
19830102,10.91,11.5,10.91,11.1
19830109,11.1,11.82,11,11.74
19830116,11.74,13.04,11.74,12.93
19830123,12.94,13.35,12.63,12.77
19830130,12.77,13.8,12.27,13.71
19830206,13.72,14.68,13.72,14.03
19830213,14.03,14.53,13.7,14.46
19830220,14.46,14.93,14.28,14.56
19830227,14.56,14.56,12.87,12.87
19830306,12.88,12.88,10.2,10.31
19830313,10.31,11.41,10.16,11.04
19830320,11.04,11.55,10.34,10.45
19830327,10.46,10.77,10.21,10.6
19830403,10.6,10.83,10.3,10.75
19830410,10.75,11.42,10.75,11.04
19830417,11.05,12.25,11.05,12.22
19830424,12.23,12.67,11.75,12.35
19830501,12.36,12.65,11.98,12.24
19830508,12.24,12.95,12.14,12.87
19830515,12.88,13.55,12.73,13.31
19830522,13.31,13.88,13.02,13.23
19830529,13.23,13.68,12.78,13.6
19830605,13.61,13.76,11.92,12.02
19830612,12.03,12.03,11.02,11.52
19830619,11.52,11.95,11.45,11.72
19830626,11.73,12.37,11.66,12.27
19830703,12.28,12.28,11.55,11.95
19830710,11.96,12.37,11.45,12.23
19830717,12.23,12.73,11.91,12.01
19830724,12.02,12.79,12.02,12.44
19830731,12.45,12.71,11.84,11.91
19830807,11.91,12.18,11.56,11.8
19830814,11.8,11.99,11.45,11.93
19830821,11.94,12.67,11.94,12.22
19830828,12.22,13.25,12.22,12.58
19830904,12.59,12.66,12.25,12.53
19830911,12.53,12.74,12.34,12.45
19830918,12.46,12.63,11.8,12.15
19830925,12.15,12.38,11.87,12.32
19831002,12.32,12.32,11.01,11.07
19831009,11.08,11.08,9.92,10.58
19831016,10.59,10.78,10.25,10.51
19831023,10.52,10.52,9.31,9.6
19831030,9.6,9.82,8.68,9.13
19831106,9.14,9.18,8.42,9
19831113,9.01,9.2,8.81,9.02
19831120,9.03,9.15,8.32,8.55
19831127,8.56,8.72,8.37,8.6
19831204,8.61,10.08,8.61,9.75
19831211,9.76,10.28,9.42,9.58
19831218,9.58,9.72,8.6,8.77
19831225,8.78,9.18,8.74,8.92
19840101,8.92,9.2,8.85,9.15
19840108,9.16,9.16,8.16,8.16
19840115,8.17,8.38,7.83,8.31
19840122,8.31,8.47,7.97,8.33
19840129,8.33,8.48,7.88,8.38
19840205,8.38,9.04,8.29,9
19840212,9.01,9.25,8.58,8.79
19840219,8.79,9.33,8.64,9.18
19840226,9.19,9.82,9.11,9.62
19840304,9.62,10.1,9.62,10.05
19840311,10.06,10.32,9.72,10.03
19840318,10.03,10.03,9.5,9.6
19840325,9.61,9.78,9.33,9.45
19840401,9.46,9.95,9.43,9.9
19840408,9.91,9.91,9.06,9.23
19840415,9.23,9.45,9.06,9.29
19840422,9.3,9.7,9.1,9.34
19840429,9.35,9.53,9.18,9.23
19840506,9.23,9.34,8.95,9
19840513,9.01,9.01,8.68,8.86
19840520,8.87,9.28,8.85,9.23
19840527,9.23,9.46,8.96,9.43
19840603,9.43,9.62,9.2,9.36
19840610,9.37,9.51,9.05,9.08
19840617,9.08,9.08,8.46,8.55
19840624,8.56,8.72,8.46,8.63
19840701,8.64,8.64,8.29,8.55
19840708,8.56,8.56,7.52,7.64
19840715,7.65,7.79,7.29,7.56
19840722,7.57,7.76,7.34,7.42
19840729,7.43,7.43,6.85,7.13
19840805,7.13,7.8,6.99,7.76
19840812,7.77,7.98,7.4,7.68
19840819,7.68,8.16,7.61,7.86
19840826,7.86,7.86,7.38,7.72
19840902,7.72,7.95,7.53,7.66
19840909,7.66,7.66,7.23,7.28
19840916,7.29,7.51,7.2,7.36
19840923,7.37,7.82,7.12,7.8
19840930,7.8,7.9,7.54,7.62
19841007,7.63,7.87,7.39,7.4
19841014,7.4,7.46,7.18,7.43
19841021,7.44,7.49,7.12,7.3
19841028,7.31,7.65,7.26,7.37
19841104,7.37,7.62,7.18,7.57
19841111,7.58,7.86,7.56,7.69
19841118,7.69,7.9,7.58,7.62
19841125,7.62,7.63,7.46,7.55
19841202,7.56,7.56,7.07,7.17
19841209,7.18,7.33,7.01,7.03
19841216,7.04,7.05,6.8,6.83
19841223,6.84,6.84,6.34,6.55
19841230,6.57,6.67,6.4,6.47
19850106,6.47,6.47,5.92,5.93
19850113,5.94,6.24,5.86,6.03
19850120,6.03,6.39,5.94,6.33
19850127,6.33,6.36,5.96,6.04
19850203,6.04,6.52,5.97,6.26
19850210,6.27,6.27,6.08,6.16
19850217,6.16,6.38,6.09,6.3
19850224,6.31,6.31,5.88,5.92
19850303,5.92,5.92,5.49,5.79
19850310,5.8,5.88,5.63,5.66
19850317,5.66,5.88,5.53,5.75
19850324,5.75,6.9,5.75,6.38
19850331,6.38,6.79,6.3,6.72
19850407,6.73,6.73,6.39,6.59
19850414,6.59,6.83,6.47,6.66
19850421,6.66,6.79,6.38,6.46
19850428,6.47,6.49,6.16,6.39
19850505,6.4,6.46,6.16,6.24
19850512,6.24,6.48,6.15,6.42
19850519,6.42,6.78,6.4,6.55
19850526,6.55,6.65,6.13,6.2
19850602,6.21,6.3,5.99,6.19
19850609,6.2,6.29,5.96,6.16
19850616,6.17,6.32,6.09,6.27
19850623,6.27,6.54,6.08,6.13
19850630,6.14,6.29,6.08,6.19
19850707,6.2,6.2,5.88,6
19850714,6,6.18,5.93,6.16
19850721,6.16,6.38,6.08,6.17
19850728,6.18,6.34,6.09,6.32
19850804,6.32,6.48,6.19,6.24
19850811,6.24,6.33,6.11,6.32
19850818,6.33,6.5,6.28,6.42
19850825,6.43,6.47,6.18,6.37
19850901,6.38,6.54,6.33,6.37
19850908,6.37,6.37,6.09,6.24
19850915,6.25,6.25,6.07,6.12
19850922,6.12,6.16,5.96,6.09
19850929,6.09,6.32,6.09,6.17
19851006,6.17,6.53,6.07,6.4
19851013,6.4,6.42,6.26,6.33
19851020,6.33,6.34,6.15,6.23
19851027,6.23,6.29,6.16,6.24
19851103,6.25,6.27,6.09,6.17
19851110,6.17,6.17,6.04,6.13
19851117,6.14,6.24,6.09,6.1
19851124,6.1,6.26,6.09,6.22
19851201,6.23,6.45,6.21,6.21
19851208,6.22,6.26,6.14,6.15
19851215,6.15,6.15,5.78,5.98
19851222,5.99,6.04,5.79,5.95
19851229,5.96,6.03,5.83,5.95
19860105,5.95,6.26,5.89,6.25
19860112,6.25,6.74,6.22,6.53
19860119,6.54,6.83,6.45,6.59
19860126,6.6,6.73,6.5,6.72
19860202,6.72,6.72,6.44,6.44
19860209,6.45,6.45,6.17,6.31
19860216,6.32,6.36,6.19,6.29
19860223,6.29,6.38,6.02,6.27
19860302,6.28,6.28,5.74,5.78
19860309,5.79,5.81,5.62,5.74
19860316,5.74,5.97,5.68,5.8
19860323,5.81,5.94,5.77,5.87
19860330,5.88,5.88,5.62,5.63
19860406,5.64,5.64,5.06,5.29
19860413,5.29,5.64,5.27,5.62
19860420,5.63,5.63,5.17,5.19
19860427,5.2,5.25,5.1,5.15
19860504,5.16,5.3,5.06,5.28
19860511,5.28,5.34,5.17,5.26
19860518,5.27,5.3,5.07,5.11
19860525,5.11,5.25,4.87,5.18
19860601,5.19,5.32,5.11,5.27
19860608,5.27,5.27,5.11,5.19
19860615,5.19,5.49,5.16,5.28
19860622,5.28,5.28,5.04,5.11
19860629,5.12,5.15,5.02,5.03
19860706,5.03,5.23,5.03,5.12
19860713,5.13,5.21,5.09,5.11
19860720,5.11,5.17,5.05,5.11
19860727,5.11,5.11,4.98,5.03
19860803,5.04,5.25,5,5.24
19860810,5.25,5.36,5.16,5.33
19860817,5.34,5.68,5.28,5.37
19860824,5.38,5.38,5.1,5.17
19860831,5.17,5.29,5.15,5.23
19860907,5.24,5.69,5.24,5.67
19860914,5.68,5.96,5.53,5.89
19860921,5.9,6.12,5.72,6.07
19860928,6.07,6.1,5.62,5.64
19861005,5.64,5.89,5.51,5.7
19861012,5.71,5.84,5.62,5.7
19861019,5.7,5.74,5.47,5.62
19861026,5.63,5.9,5.59,5.66
19861102,5.67,5.75,5.56,5.68
19861109,5.69,5.83,5.63,5.79
19861116,5.8,5.87,5.7,5.71
19861123,5.71,5.71,5.2,5.21
19861130,5.22,5.49,5.22,5.47
19861207,5.48,5.58,5.39,5.46
19861214,5.46,5.51,5.39,5.47
19861221,5.48,5.58,5.38,5.45
19861228,5.45,5.5,5.33,5.37
19870104,5.37,5.57,5.32,5.49
19870111,5.5,5.55,5.4,5.54
19870118,5.55,5.71,5.55,5.65
19870125,5.65,5.74,5.49,5.59
19870201,5.59,5.76,5.46,5.53
19870208,5.53,5.62,5.48,5.56
19870215,5.56,5.61,5.42,5.46
19870222,5.47,5.54,5.37,5.54
19870301,5.54,5.6,5.47,5.49
19870308,5.5,5.66,5.48,5.63
19870315,5.63,5.71,5.58,5.63
19870322,5.63,5.67,5.54,5.58
19870329,5.59,6.43,5.59,6.24
19870405,6.25,6.53,6.2,6.45
19870412,6.46,6.97,6.46,6.8
19870419,6.81,7.32,6.8,7.3
19870426,7.3,9.14,7.23,9.14
19870503,9.15,9.89,7.39,8.26
19870510,8.27,9.07,8,8.38
19870517,8.38,9.52,8.34,9.5
19870524,9.5,9.62,8.2,8.28
19870531,8.28,8.28,7.28,7.67
19870607,7.68,8,7.28,7.83
19870614,7.83,8.11,7.6,7.74
19870621,7.74,7.74,7.16,7.17
19870628,7.17,7.17,6.6,6.96
19870705,6.96,7.58,6.96,7.5
19870712,7.5,7.85,7.27,7.67
19870719,7.67,7.95,7.48,7.51
19870726,7.51,7.93,7.51,7.78
19870802,7.78,8.42,7.67,8.35
19870809,8.35,8.95,7.6,7.62
19870816,7.63,7.98,7.36,7.42
19870823,7.42,7.95,7.42,7.82
19870830,7.82,8.06,7.37,7.5
19870906,7.5,7.95,7.37,7.77
19870913,7.78,8.24,7.55,7.83
19870920,7.83,7.85,7.46,7.49
19870927,7.49,7.89,7.44,7.7
19871004,7.7,7.81,7.55,7.65
19871011,7.65,8.04,7.65,7.91
19871018,7.92,8.07,7.76,7.96
19871025,7.97,8.62,6.7,7.6
19871101,7.61,7.63,6.84,6.99
19871108,6.99,7.04,6.24,6.5
19871115,6.51,6.77,6.33,6.74
19871122,6.75,6.78,6.49,6.67
19871129,6.68,7.36,6.63,7.29
19871206,7.3,7.47,6.64,6.87
19871213,6.88,7.16,6.75,7.04
19871220,7.04,7.24,6.65,6.88
19871227,6.89,6.96,6.83,6.91
19880103,6.91,6.99,6.68,6.77
19880110,6.78,7.19,6.5,7.06
19880117,7.07,7.07,6.65,6.66
19880124,6.66,6.89,6.66,6.83
19880131,6.84,6.84,6.46,6.54
19880207,6.55,6.68,6.28,6.33
19880214,6.33,6.41,6.19,6.39
19880221,6.39,6.51,6.34,6.4
19880228,6.41,6.43,6.17,6.24
19880306,6.24,6.58,6.17,6.5
19880313,6.5,6.5,6.22,6.24
19880320,6.25,6.46,6.25,6.42
19880327,6.42,6.81,6.42,6.71
19880403,6.72,6.85,6.62,6.79
19880410,6.79,6.9,6.37,6.44
19880417,6.44,6.54,6.33,6.47
19880424,6.48,6.56,6.38,6.42
19880501,6.42,6.62,6.36,6.58
19880508,6.59,6.59,6.37,6.46
19880515,6.46,6.71,6.45,6.7
19880522,6.71,6.82,6.55,6.75
19880529,6.76,6.85,6.55,6.58
19880605,6.58,7.47,6.58,7.27
19880612,7.27,7.45,6.92,7.01
19880619,7.02,7.3,6.86,7.25
19880626,7.26,7.34,6.79,6.81
19880703,6.81,7.12,6.65,6.79
19880710,6.8,7.17,6.79,7.08
19880717,7.09,7.5,6.94,7.39
19880724,7.4,8.16,7.16,7.67
19880731,7.68,7.75,6.69,6.86
19880807,6.86,6.99,6.77,6.89
19880814,6.9,6.9,6.56,6.74
19880821,6.75,6.85,6.59,6.67
19880828,6.68,7,6.61,6.82
19880904,6.83,6.84,6.55,6.66
19880911,6.66,6.78,6.56,6.57
19880918,6.57,6.67,6.43,6.44
19880925,6.44,6.49,6.23,6.26
19881002,6.27,6.32,6.16,6.22
19881009,6.23,6.46,6.2,6.41
19881016,6.41,6.48,6.27,6.43
19881023,6.44,6.54,6.28,6.29
19881030,6.29,6.41,6.22,6.33
19881106,6.34,6.58,6.27,6.46
19881113,6.47,6.59,6.35,6.42
19881120,6.42,6.5,6.06,6.08
19881127,6.09,6.15,5.98,6.09
19881204,6.1,6.39,6.1,6.33
19881211,6.34,6.41,6.21,6.3
19881218,6.31,6.34,6.14,6.21
19881225,6.21,6.28,6.17,6.28
19890101,6.28,6.29,6.08,6.13
19890108,6.13,6.17,5.99,6.08
19890115,6.08,6.08,5.93,5.96
19890122,5.96,6.26,5.93,6.25
19890129,6.25,6.31,5.83,5.93
19890205,5.94,5.94,5.79,5.88
19890212,5.88,5.98,5.76,5.83
19890219,5.84,6.05,5.78,5.94
19890226,5.95,6.06,5.91,6.04
19890305,6.04,6.08,5.83,5.89
19890312,5.89,6.19,5.87,6.15
19890319,6.16,6.27,6.08,6.2
19890326,6.2,6.28,6.03,6.06
19890402,6.06,6.06,5.76,5.82
19890409,5.83,5.89,5.77,5.8
19890416,5.8,5.96,5.76,5.83
19890423,5.83,5.84,5.74,5.76
19890430,5.77,5.9,5.67,5.71
19890507,5.71,5.79,5.66,5.69
19890514,5.69,5.78,5.61,5.61
19890521,5.61,5.61,5.28,5.29
19890528,5.3,5.39,5.12,5.3
19890604,5.31,5.35,5.17,5.34
19890611,5.34,5.55,5.17,5.19
19890618,5.2,5.39,5.17,5.3
19890625,5.31,5.41,5.23,5.34
19890702,5.34,5.45,5.19,5.24
19890709,5.25,5.5,5.25,5.29
19890716,5.29,5.37,5.19,5.27
19890723,5.27,5.38,5.21,5.24
19890730,5.25,5.31,5.13,5.18
19890806,5.19,5.38,5.12,5.2
19890813,5.21,5.26,5.1,5.22
19890820,5.23,5.29,5.17,5.25
19890827,5.26,5.28,5.14,5.24
19890903,5.24,5.28,5.16,5.2
19890910,5.2,5.24,5.14,5.17
19890917,5.17,5.22,5.11,5.18
19890924,5.19,5.38,5.15,5.38
19891001,5.38,5.43,5.28,5.31
19891008,5.32,5.38,5.18,5.19
19891015,5.2,5.21,5.08,5.14
19891022,5.14,5.24,5.11,5.14
19891029,5.15,5.35,5.12,5.32
19891105,5.33,5.33,5.17,5.26
19891112,5.27,5.37,5.24,5.26
19891119,5.26,5.71,5.26,5.68
19891126,5.69,6.03,5.66,6.01
19891203,6.02,6.02,5.69,5.79
19891210,5.79,5.79,5.62,5.76
19891217,5.76,5.86,5.61,5.71
19891224,5.71,5.71,5.59,5.65
19891231,5.66,5.66,5.2,5.27
19900107,5.28,5.4,5.18,5.38
19900114,5.39,5.45,5.26,5.39
19900121,5.39,5.39,5.22,5.25
19900128,5.26,5.41,5.2,5.26
19900204,5.26,5.36,5.2,5.34
19900211,5.35,5.44,5.26,5.27
19900218,5.28,5.39,5.28,5.34
19900225,5.34,5.37,5.24,5.24
19900304,5.25,5.32,5.15,5.2
19900311,5.2,5.22,5.14,5.16
19900318,5.16,5.19,5.08,5.14
19900325,5.15,5.18,5.06,5.09
19900401,5.09,5.09,4.9,4.98
19900408,4.99,5.25,4.96,5.19
19900415,5.2,5.2,5.08,5.11
19900422,5.11,5.13,5.03,5.11
19900429,5.12,5.2,4.97,5
19900506,5,5.13,4.97,5.07
19900513,5.08,5.18,5.01,5.11
19900520,5.11,5.18,5.05,5.17
19900527,5.18,5.34,5.15,5.26
19900603,5.26,5.28,5.01,5.08
19900610,5.08,5.12,5,5.03
19900617,5.04,5.08,4.76,4.83
19900624,4.83,4.87,4.76,4.82
19900701,4.83,5,4.81,4.96
19900708,4.97,5.07,4.92,4.93
19900715,4.94,5.01,4.83,4.96
19900722,4.97,4.97,4.81,4.89
19900729,4.9,4.99,4.83,4.87
19900805,4.88,4.97,4.82,4.87
19900812,4.87,5,4.85,4.99
19900819,5,5.35,5,5.2
19900826,5.2,5.34,5.18,5.32
19900902,5.32,5.32,4.86,4.87
19900909,4.87,4.92,4.79,4.89
19900916,4.9,4.92,4.81,4.84
19900923,4.84,4.91,4.81,4.87
19900930,4.88,5.01,4.82,4.83
19901007,4.84,4.84,4.68,4.73
19901014,4.73,4.75,4.2,4.36
19901021,4.36,4.36,4.15,4.3
19901028,4.3,4.3,4.06,4.08
19901104,4.08,4.34,4.05,4.18
19901111,4.2,4.32,4.17,4.24
19901118,4.24,4.24,4.07,4.15
19901125,4.15,4.18,4.09,4.13
19901202,4.14,4.23,4.08,4.22
19901209,4.22,4.26,4.11,4.13
19901216,4.13,4.17,3.98,4
19901223,4.01,4.4,3.99,4.09
19901230,4.1,4.25,4.07,4.25
19910106,4.25,4.29,4.12,4.21
19910113,4.21,4.35,4.08,4.17
19910120,4.18,4.29,4,4.01
19910127,4.02,4.07,3.76,3.82
19910203,3.82,3.9,3.81,3.87
19910210,3.88,3.88,3.73,3.83
19910217,3.84,3.92,3.63,3.79
19910224,3.79,3.79,3.5,3.51
19910303,3.52,3.83,3.52,3.82
19910310,3.83,4.24,3.78,4.21
19910317,4.21,4.23,4.01,4.12
19910324,4.13,4.13,3.92,3.99
19910331,4,4,3.81,3.87
19910407,3.87,4.15,3.87,3.95
19910414,3.95,4.05,3.95,3.99
19910421,3.99,4.14,3.87,3.91
19910428,3.92,4,3.88,3.96
19910505,3.97,4.07,3.9,3.98
19910512,3.99,4.14,3.96,4.06
19910519,4.07,4.18,4,4.03
19910526,4.04,4.11,4,4.05
19910602,4.05,4.21,4.04,4.12
19910609,4.12,4.64,4.12,4.47
19910616,4.48,4.63,4.36,4.43
19910623,4.43,4.54,4.38,4.38
19910630,4.38,4.54,4.25,4.47
19910707,4.48,4.55,4.4,4.53
19910714,4.53,4.55,4.35,4.4
19910721,4.4,4.5,4.37,4.42
19910728,4.43,4.43,4,4.1
19910804,4.11,4.11,3.91,3.94
19910811,3.94,3.98,3.89,3.98
19910818,3.98,4.03,3.87,4
19910825,4,4.19,3.91,4.01
19910901,4.01,4.03,3.85,3.87
19910908,3.88,4.04,3.88,4.03
19910915,4.03,4.14,3.95,4.04
19910922,4.04,4.16,4.04,4.14
19910929,4.14,4.33,4.08,4.12
19911006,4.13,4.26,4.13,4.17
19911013,4.18,4.18,4.04,4.15
19911020,4.15,4.17,4.07,4.16
19911027,4.17,4.22,4.08,4.11
19911103,4.11,4.14,4.03,4.06
19911110,4.07,4.12,3.98,4
19911117,4.01,4.09,3.96,4.03
19911124,4.03,4.17,4.01,4.13
19911201,4.14,4.24,4.08,4.11
19911208,4.12,4.14,4.04,4.07
19911215,4.08,4.11,3.83,3.88
19911222,3.88,3.92,3.81,3.88
19911229,3.88,3.95,3.85,3.89
19920105,3.89,4.04,3.84,3.97
19920112,3.98,4.18,3.91,4.11
19920119,4.11,4.41,4.04,4.29
19920126,4.3,4.34,4.11,4.16
19920202,4.17,4.28,4.11,4.18
19920209,4.18,4.29,4.14,4.19
19920216,4.19,4.26,4.13,4.16
19920223,4.17,4.17,4.04,4.1
19920301,4.1,4.17,4.06,4.13
19920308,4.14,4.22,4.11,4.18
19920315,4.19,4.21,4.08,4.12
19920322,4.13,4.16,4.01,4.13
19920329,4.14,4.17,4.09,4.16
19920405,4.16,4.17,4.07,4.09
19920412,4.09,4.16,4.07,4.11
19920419,4.12,4.12,3.96,3.97
19920426,3.97,4.07,3.92,4
19920503,4,4.04,3.94,4.03
19920510,4.03,4.14,4,4.1
19920517,4.1,4.17,4.08,4.1
19920524,4.11,4.14,4.08,4.1
19920531,4.1,4.12,4.01,4.02
19920607,4.02,4.12,3.99,4.06
19920614,4.06,4.13,4.03,4.13
19920621,4.13,4.14,4.02,4.02
19920628,4.03,4.05,4,4
19920705,4.01,4.11,3.98,4.06
19920712,4.07,4.08,3.83,3.94
19920719,3.94,4.02,3.92,3.99
19920726,4,4.04,3.94,3.98
19920802,3.98,3.98,3.9,3.94
19920809,3.95,3.98,3.86,3.97
19920816,3.98,3.98,3.76,3.83
19920823,3.84,3.85,3.74,3.76
19920830,3.77,3.78,3.66,3.71
19920906,3.72,3.79,3.71,3.73
19920913,3.74,3.78,3.69,3.71
19920920,3.71,3.92,3.71,3.87
19920927,3.88,3.9,3.8,3.82
19921004,3.83,3.83,3.73,3.76
19921011,3.77,3.81,3.73,3.78
19921018,3.78,3.78,3.69,3.72
19921025,3.72,3.83,3.72,3.78
19921101,3.79,3.79,3.73,3.76
19921108,3.76,3.98,3.76,3.88
19921115,3.89,3.89,3.63,3.75
19921122,3.76,3.79,3.73,3.76
19921129,3.77,3.81,3.73,3.76
19921206,3.76,3.8,3.75,3.78
19921213,3.79,3.8,3.71,3.74
19921220,3.75,3.83,3.72,3.79
19921227,3.8,3.8,3.69,3.69
19930103,3.7,3.73,3.65,3.69
19930110,3.69,3.74,3.63,3.69
19930117,3.69,3.73,3.65,3.67
19930124,3.67,3.76,3.66,3.71
19930131,3.71,3.73,3.65,3.66
19930207,3.67,3.69,3.65,3.66
19930214,3.66,3.79,3.65,3.69
19930221,3.69,3.72,3.56,3.56
19930228,3.57,3.62,3.51,3.6
19930307,3.61,3.62,3.56,3.59
19930314,3.59,3.66,3.55,3.64
19930321,3.64,3.7,3.62,3.69
19930328,3.7,3.75,3.65,3.73
19930404,3.74,4.01,3.7,3.97
19930411,3.98,3.98,3.79,3.84
19930418,3.84,3.98,3.79,3.95
19930425,3.95,4.03,3.88,3.98
19930502,3.98,4.42,3.98,4.42
19930509,4.42,4.48,4.23,4.29
19930516,4.29,4.59,4.25,4.46
19930523,4.46,4.75,4.39,4.68
19930530,4.69,4.75,4.52,4.62
19930606,4.63,4.66,4.31,4.45
19930613,4.45,4.45,4.16,4.19
19930620,4.19,4.39,4.16,4.29
19930627,4.3,4.5,4.25,4.49
19930704,4.5,4.98,4.42,4.89
19930711,4.9,5.19,4.9,5.03
19930718,5.03,5.11,4.92,5.07
19930725,5.08,5.16,4.85,4.98
19930801,4.99,5.42,4.97,5.41
19930808,5.42,5.47,4.57,4.58
19930815,4.58,4.82,4.48,4.67
19930822,4.67,4.87,4.67,4.84
19930829,4.84,4.89,4.66,4.79
19930905,4.8,4.92,4.4,4.56
19930912,4.57,4.57,4.08,4.1
19930919,4.1,4.15,3.92,4.07
19930926,4.08,4.24,4.02,4.14
19931003,4.15,4.15,3.98,4.06
19931010,4.07,4.4,4.02,4.36
19931017,4.36,4.52,4.27,4.36
19931024,4.36,4.6,4.33,4.46
19931031,4.46,4.49,4.34,4.37
19931107,4.37,4.65,4.17,4.5
19931114,4.51,4.62,4.47,4.51
19931121,4.51,4.74,4.5,4.71
19931128,4.71,4.74,4.66,4.69
19931205,4.7,4.89,4.4,4.85
19931212,4.85,5.1,4.82,5.06
19931219,5.06,5.19,4.94,5.03
19931226,5.03,5.14,4.95,5.02
19940102,5.01,5.17,5.01,5.1
19940109,5.1,5.32,4.9,5
19940116,5,5.26,4.85,5.22
19940123,5.22,5.38,5.1,5.1
19940130,5.06,5.18,4.8,5.01
19940206,5.01,5.49,4.92,5.4
19940213,5.42,5.42,5.12,5.25
19940220,5.23,5.38,5.13,5.17
19940227,5.17,5.34,5.14,5.22
19940306,5.22,5.38,5.17,5.24
19940313,5.24,5.45,5.15,5.37
19940320,5.37,5.49,5.33,5.4
19940327,5.41,5.82,5.36,5.78
19940403,5.8,5.85,5.51,5.76
19940410,5.76,5.8,5.41,5.48
19940417,5.48,5.49,5.22,5.24
19940424,5.23,5.38,5.04,5.09
19940501,5.11,5.35,5.07,5.34
19940508,5.34,5.49,5.04,5.45
19940515,5.43,5.47,5.26,5.4
19940522,5.4,5.68,5.33,5.63
19940529,5.63,5.77,5.4,5.45
19940605,5.44,5.61,5.24,5.29
19940612,5.27,5.42,5.19,5.35
19940619,5.35,5.68,5.29,5.59
19940626,5.58,5.69,5.33,5.39
19940703,5.37,5.43,5.22,5.41
19940710,5.4,5.41,5.17,5.26
19940717,5.26,5.4,5.11,5.25
19940724,5.24,5.37,5.17,5.26
19940731,5.26,5.41,5.24,5.31
19940807,5.32,5.35,5.08,5.14
19940814,5.15,5.29,5.03,5.07
19940821,5.06,5.31,5.03,5.21
19940828,5.21,5.3,5.17,5.21
19940904,5.2,5.46,5.18,5.42
19940911,5.43,5.6,5.4,5.51
19940918,5.51,5.53,5.34,5.42
19940925,5.42,5.74,5.39,5.69
19941002,5.69,5.75,5.56,5.61
19941009,5.61,5.73,5.52,5.6
19941016,5.61,5.62,5.31,5.35
19941023,5.37,5.48,5.29,5.3
19941030,5.29,5.45,5.27,5.34
19941106,5.34,5.39,5.21,5.25
19941113,5.25,5.33,5.05,5.16
19941120,5.16,5.26,5.12,5.14
19941127,5.14,5.2,5.11,5.17
19941204,5.17,5.26,4.69,4.71
19941211,4.72,4.75,4.52,4.7
19941218,4.71,4.84,4.69,4.79
19941225,4.77,4.86,4.75,4.76
19950101,4.76,4.94,4.76,4.88
19950108,4.88,4.9,4.55,4.63
19950115,4.62,4.88,4.6,4.81
19950122,4.81,4.95,4.75,4.91
19950129,4.92,4.92,4.64,4.67
19950205,4.67,4.79,4.58,4.66
19950212,4.67,4.79,4.6,4.76
19950219,4.75,4.81,4.68,4.77
19950226,4.78,4.86,4.61,4.63
19950305,4.64,4.66,4.3,4.4
19950312,4.4,4.75,4.38,4.59
19950319,4.6,4.79,4.59,4.73
19950326,4.72,4.77,4.56,4.62
19950402,4.62,5.41,4.56,5.29
19950409,5.3,5.47,5.2,5.37
19950416,5.36,5.45,5.19,5.45
19950423,5.52,6.05,5.5,5.68
19950430,5.7,5.9,5.54,5.72
19950507,5.71,6.14,5.67,6.04
19950514,6.03,6.04,5.09,5.32
19950521,5.32,5.45,5.3,5.38
19950528,5.35,5.61,5.25,5.44
19950604,5.45,5.47,5.19,5.23
19950611,5.22,5.48,5.17,5.45
19950618,5.42,5.55,5.25,5.42
19950625,5.42,5.57,5.3,5.36
19950702,5.36,5.36,4.99,5.04
19950709,5.05,5.2,5,5.16
19950716,5.17,5.36,5.07,5.24
19950723,5.23,5.45,5.08,5.2
19950730,5.19,5.3,5.04,5.07
19950806,5.08,5.23,5.01,5.17
19950813,5.16,5.35,5.15,5.26
19950820,5.24,5.8,5.08,5.7
19950827,5.7,5.83,5.54,5.6
19950903,5.59,5.66,5.21,5.31
19950910,5.3,5.5,5.15,5.38
19950917,5.39,5.58,5.33,5.48
19950924,5.49,5.66,5.32,5.43
19951001,5.42,5.55,5.36,5.48
19951008,5.46,5.52,5.26,5.37
19951015,5.36,5.51,5.36,5.38
19951022,5.38,5.42,5.26,5.36
19951029,5.35,5.47,5.25,5.31
19951105,5.32,5.37,5.25,5.29
19951112,5.29,5.48,5.25,5.44
19951119,5.43,5.45,5.28,5.36
19951126,5.35,5.38,5.14,5.24
19951203,5.23,5.33,5.11,5.2
19951210,5.21,5.28,5.16,5.22
19951217,5.23,5.27,5.07,5.13
19951224,5.13,5.27,5.1,5.16
19951231,5.17,5.2,5.11,5.18
19960107,5.18,5.58,5.16,5.52
19960114,5.5,5.69,5.41,5.51
19960121,5.45,5.51,5.3,5.45
19960128,5.51,5.68,5.47,5.54
19960204,5.56,5.87,5.5,5.83
19960211,5.79,5.86,5.62,5.66
19960218,5.7,5.8,5.61,5.67
19960225,5.72,5.73,5.45,5.48
19960303,5.47,5.56,5.44,5.5
19960310,5.51,5.53,5.34,5.5
19960317,5.43,5.69,5.43,5.58
19960324,5.6,5.66,5.51,5.62
19960331,5.58,5.79,5.5,5.54
19960407,5.53,5.59,5.41,5.45
19960414,5.46,5.58,5.45,5.52
19960421,5.48,5.51,5.25,5.28
19960428,5.27,5.42,5.27,5.35
19960505,5.38,5.47,5.24,5.45
19960512,5.36,5.53,5.35,5.36
19960519,5.42,5.43,5.31,5.34
19960526,5.34,5.36,5.26,5.33
19960602,5.33,5.42,5.32,5.33
19960609,5.33,5.42,5.15,5.19
19960616,5.19,5.21,4.98,5.07
19960623,5.07,5.25,5.07,5.14
19960630,5.14,5.22,5,5.04
19960707,5.03,5.17,5.03,5.08
19960714,5.13,5.17,5.04,5.12
19960721,5.12,5.17,4.93,5.03
19960728,5.03,5.16,4.96,5.1
19960804,5.1,5.17,5.03,5.1
19960811,5.1,5.16,4.99,5.07
19960818,5.07,5.15,5.02,5.08
19960825,5.09,5.36,5.09,5.23
19960901,5.23,5.38,5.14,5.16
19960908,5.16,5.3,5.11,5.11
19960915,5.11,5.17,5,5.06
19960922,5.06,5.1,4.85,4.87
19960929,4.87,4.99,4.79,4.92
19961006,4.92,4.97,4.84,4.9
19961013,4.9,5.09,4.86,5.01
19961020,5.01,5.07,4.88,4.89
19961027,4.93,5.01,4.9,4.91
19961103,4.91,4.94,4.77,4.81
19961110,4.81,4.87,4.73,4.82
19961117,4.82,4.95,4.82,4.85
19961124,4.93,4.98,4.85,4.89
19961201,4.89,4.89,4.71,4.74
19961208,4.74,4.92,4.68,4.8
19961215,4.75,4.89,4.75,4.85
19961222,4.85,4.92,4.79,4.83
19961229,4.83,4.92,4.82,4.9
19970105,4.9,4.9,4.68,4.68
19970112,4.67,4.77,4.64,4.76
19970119,4.74,4.79,4.65,4.77
19970126,4.77,4.97,4.65,4.92
19970202,4.97,5.06,4.82,4.92
19970209,4.91,4.96,4.8,4.93
19970216,4.96,5.28,4.81,5.26
19970223,5.26,5.27,5.15,5.25
19970302,5.25,5.34,5.16,5.33
19970309,5.32,5.33,5.14,5.21
19970316,5.16,5.3,5.09,5.29
19970323,5.29,5.29,5.11,5.15
19970330,5.15,5.19,5.1,5.14
19970406,5.14,5.15,4.69,4.74
19970413,4.74,4.84,4.72,4.74
19970420,4.73,4.85,4.68,4.74
19970427,4.74,4.79,4.71,4.74
19970504,4.74,4.76,4.62,4.71
19970511,4.71,4.89,4.71,4.88
19970518,4.89,4.91,4.68,4.69
19970525,4.68,4.78,4.65,4.74
19970601,4.74,4.78,4.67,4.77
19970608,4.71,4.95,4.69,4.83
19970615,4.83,4.88,4.71,4.71
19970622,4.71,4.84,4.69,4.73
19970629,4.73,4.84,4.72,4.73
19970706,4.73,4.76,4.54,4.56
19970713,4.56,4.56,4.24,4.38
19970720,4.38,4.38,4.18,4.27
19970727,4.32,4.39,4.27,4.36
19970803,4.35,4.51,4.32,4.48
19970810,4.48,4.53,4.33,4.45
19970817,4.41,4.53,4.38,4.42
19970824,4.53,4.7,4.46,4.65
19970831,4.66,4.81,4.62,4.73
19970907,4.73,4.79,4.61,4.73
19970914,4.73,4.8,4.68,4.77
19970921,4.77,4.77,4.58,4.72
19970928,4.72,4.84,4.67,4.83
19971005,4.83,5.31,4.83,5.3
19971012,5.3,5.3,5.1,5.21
19971019,5.21,5.21,4.9,4.97
19971026,4.96,5.1,4.87,4.87
19971102,4.87,4.92,4.66,4.76
19971109,4.76,4.97,4.75,4.86
19971116,4.86,5.21,4.85,5.11
19971123,5.11,5.53,5.03,5.44
19971130,5.42,5.51,5.13,5.31
19971207,5.3,5.48,5.19,5.41
19971214,5.43,6.16,5.27,5.89
19971221,5.91,6.15,5.82,6.07
19971228,6.04,6.39,6.02,6.36
19980104,6.34,6.34,5.88,5.97
19980111,5.99,6.21,5.65,5.67
19980118,5.66,5.96,5.44,5.84
19980125,5.85,5.99,5.7,5.94
19980201,5.95,6.3,5.84,6.19
19980208,6.25,7.83,6.23,7.25
19980215,7.2,7.28,6.95,7.17
19980222,7.13,7.28,6.53,6.57
19980301,6.54,6.6,6.02,6.5
19980308,6.51,6.66,6.07,6.09
19980315,6.08,6.35,6.03,6.17
19980322,6.17,6.25,5.65,6.23
19980329,6.24,6.58,6.2,6.4
19980405,6.39,6.77,6.28,6.61
19980412,6.6,6.69,6.28,6.3
19980419,6.44,6.45,6.08,6.28
19980426,6.27,6.41,6.2,6.27
19980503,6.26,6.34,6.08,6.23
19980510,6.19,6.33,5.87,5.97
19980517,5.97,6,5.45,5.6
19980524,5.52,5.64,5.11,5.3
19980531,5.29,5.34,4.94,5.12
19980607,5.12,5.31,5.01,5.3
19980614,5.29,5.5,5.11,5.15
19980621,5.12,5.49,5.08,5.39
19980628,5.41,5.42,5.25,5.33
19980705,5.31,5.58,5.28,5.36
19980712,5.35,5.47,5.26,5.31
19980719,5.28,5.43,5.25,5.37
19980726,5.38,5.9,5.34,5.82
19980802,5.65,5.75,5.44,5.46
19980809,5.45,5.5,5.28,5.29
19980816,5.39,5.43,5.07,5.18
19980823,5.14,5.21,5.03,5.16
19980830,5.18,5.18,4.64,4.67
19980906,4.7,5.06,4.66,5.03
19980913,5.02,5.15,4.85,5.03
19980920,5.01,5.03,4.9,4.98
19980927,4.98,5.26,4.85,5.17
19981004,5.18,5.48,5.14,5.25
19981011,5.17,5.24,4.8,4.8
19981018,4.84,5.03,4.78,4.95
19981025,4.96,4.97,4.85,4.88
19981101,4.89,5.15,4.85,5.05
19981108,5.04,5.1,4.89,5.03
19981115,5.01,5.17,4.98,5.05
19981122,4.95,5.03,4.88,4.92
19981129,4.93,4.98,4.88,4.94
19981206,4.94,4.96,4.61,4.78
19981213,4.78,4.87,4.72,4.81
19981220,4.82,5.09,4.78,4.98
19981227,4.95,4.98,4.84,4.94
19990103,4.95,5.11,4.92,5.05
19990110,5.03,5.37,4.86,5.3
19990117,5.27,5.41,5.05,5.14
19990124,5.13,5.22,5.08,5.12
19990131,5.1,5.3,5.02,5.25
19990207,5.27,5.81,5.25,5.67
19990214,5.64,5.74,5.46,5.67
19990221,5.68,5.81,5.35,5.64
19990228,5.63,5.69,5.4,5.65
19990307,5.67,5.7,5.16,5.22
19990314,5.21,5.37,5.21,5.33
19990321,5.28,5.3,4.97,5.07
19990328,5.05,5.17,5.05,5.1
19990404,5.1,5.19,4.97,5.04
19990411,5.02,5.03,4.88,4.96
19990418,4.96,5.09,4.85,5.07
19990425,5.06,5.22,5.06,5.17
19990502,5.15,5.47,5.09,5.42
19990509,5.42,5.46,5.2,5.45
19990516,5.45,5.54,5.35,5.39
19990523,5.39,5.42,5.2,5.21
19990530,5.16,5.17,4.89,4.9
19990606,4.93,5.17,4.87,4.9
19990613,4.96,5.15,4.91,5.13
19990620,5.1,5.17,4.94,4.97
19990627,4.98,5.16,4.97,5.08
19990704,5.07,5.36,4.96,5.26
19990711,5.32,5.32,5.15,5.24
19990718,5.22,5.26,5.04,5.09
19990725,5.07,5.19,5.01,5.16
19990801,5.14,5.47,5.1,5.45
19990808,5.45,5.58,5.33,5.41
19990815,5.38,5.44,5.26,5.33
19990822,5.26,5.36,5.13,5.24
19990829,5.22,5.27,5.06,5.14
19990905,5.14,5.22,5.12,5.17
19990912,5.14,5.36,5.11,5.21
19990919,5.21,5.21,5.08,5.11
19990926,5.1,5.32,5.1,5.25
19991003,5.3,5.95,5.29,5.6
19991010,5.59,5.73,5.47,5.55
19991017,5.53,5.71,5.32,5.33
19991024,5.35,5.53,5.14,5.25
19991031,5.23,5.36,5.17,5.23
19991107,5.39,5.39,5.09,5.09
19991114,5.04,5.24,5.03,5.07
19991121,5.06,5.22,5.06,5.17
19991128,5.14,5.36,5.13,5.2
19991205,5.2,5.29,5.06,5.12
19991212,5.1,5.19,5.02,5.14
19991219,5.12,5.35,5.11,5.24
19991226,5.22,5.31,5.15,5.2
20000102,5.22,5.45,5.19,5.42
20000109,5.42,5.42,5.12,5.17
20000116,5.15,5.2,5.09,5.13
20000123,5.14,5.33,5.1,5.21
20000130,5.2,5.41,5.19,5.27
20000206,5.25,5.55,5.18,5.53
20000213,5.48,5.56,5.23,5.29
20000220,5.3,5.38,5.2,5.24
20000227,5.24,5.35,5.03,5.06
20000305,5.06,5.26,5.01,5.04
20000312,5.11,5.13,5,5.08
20000319,5.1,5.17,5.05,5.1
20000326,5.09,5.19,5.02,5.11
20000402,5.11,5.12,4.9,5.01
20000409,5.03,5.19,4.97,5.09
20000416,5.07,5.21,5.07,5.14
20000423,5.14,5.15,4.96,4.98
20000430,4.98,5.02,4.92,4.96
20000507,4.96,5.13,4.95,4.99
20000514,5.02,5.09,4.97,5
20000521,5.01,5.13,4.96,4.97
20000528,4.97,5.02,4.88,4.92
20000604,4.91,5.05,4.87,4.99
20000611,4.99,5.12,4.94,5.03
20000618,5.03,5.15,4.99,5.06
20000625,5.06,5.06,4.92,4.95
20000702,4.95,5.05,4.92,5.03
20000709,5.02,5.02,4.95,4.97
20000716,4.97,5.02,4.92,4.99
20000723,5,5.03,4.89,4.93
20000730,4.93,5.02,4.91,4.96
20000806,4.96,5,4.89,4.91
20000813,4.92,5.03,4.85,4.91
20000820,4.89,4.93,4.83,4.84
20000827,4.83,4.91,4.76,4.88
20000903,4.88,5,4.87,4.97
20000910,4.96,4.97,4.85,4.9
20000917,4.9,4.92,4.83,4.86
20000924,4.85,4.94,4.81,4.9
20001001,4.89,4.97,4.84,4.88
20001008,4.88,4.91,4.84,4.87
20001015,4.87,4.97,4.84,4.87
20001022,4.87,4.98,4.8,4.82
20001029,4.84,4.85,4.72,4.73
20001105,4.75,4.84,4.69,4.74
20001112,4.74,4.94,4.69,4.69
20001119,4.69,4.77,4.64,4.65
20001126,4.65,4.76,4.61,4.62
20001203,4.62,4.73,4.61,4.7
20001210,4.68,4.78,4.64,4.66
20001217,4.67,4.72,4.57,4.58
20001224,4.58,4.71,4.56,4.62
20001231,4.62,4.67,4.57,4.6
20010107,4.59,4.61,4.49,4.56
20010114,4.57,4.65,4.51,4.63
20010121,4.63,4.93,4.6,4.78
20010128,4.75,4.84,4.72,4.81
20010204,4.8,4.85,4.74,4.77
20010211,4.77,4.78,4.48,4.56
20010218,4.56,4.59,4.48,4.49
20010225,4.51,4.58,4.38,4.44
20010304,4.44,4.57,4.38,4.42
20010311,4.43,4.55,4.38,4.51
20010318,4.51,4.55,4.29,4.31
20010325,4.31,4.58,4.27,4.36
20010401,4.36,4.46,4.29,4.3
20010408,4.3,4.42,4.27,4.31
20010415,4.31,4.43,4.3,4.38
20010422,4.38,4.54,4.33,4.45
20010429,4.45,4.54,4.35,4.37
20010506,4.37,4.43,4.31,4.34
20010513,4.35,4.42,4.18,4.34
20010520,4.34,4.62,4.31,4.58
20010527,4.58,4.7,4.45,4.56
20010603,4.56,4.58,4.38,4.42
20010610,4.42,4.49,4.32,4.38
20010617,4.38,4.54,4.33,4.41
20010624,4.41,4.49,4.29,4.31
20010701,4.34,4.38,4.28,4.32
20010708,4.31,4.36,4.17,4.26
20010715,4.25,4.32,4.22,4.32
20010722,4.31,4.33,4.19,4.2
20010729,4.2,4.3,4.2,4.23
20010805,4.23,4.29,4.21,4.24
20010812,4.24,4.26,4.12,4.16
20010819,4.15,4.31,4.13,4.28
20010826,4.28,4.29,4.15,4.19
20010902,4.2,4.26,4.17,4.19
20010909,4.2,4.23,4.15,4.18
20010916,4.18,4.36,4.13,4.33
20010923,4.34,4.75,4.27,4.6
20010930,4.6,4.67,4.48,4.64
20011007,4.64,4.69,4.58,4.66
20011014,4.66,4.7,4.38,4.45
20011021,4.45,4.45,4.23,4.26
20011028,4.26,4.28,4.18,4.21
20011104,4.23,4.3,4.11,4.14
20011111,4.14,4.23,4.07,4.1
20011118,4.1,4.23,4.08,4.12
20011125,4.12,4.14,4.04,4.1
20011202,4.1,4.2,4.05,4.17
20011209,4.16,4.31,4.13,4.29
20011216,4.29,4.45,4.23,4.42
20011223,4.42,4.58,4.31,4.52
20011230,4.52,4.64,4.45,4.54
20020106,4.54,4.73,4.49,4.7
20020113,4.68,4.88,4.65,4.76
20020120,4.76,4.76,4.36,4.37
20020127,4.39,4.42,4.25,4.32
20020203,4.3,4.34,4.22,4.32
20020210,4.31,4.51,4.27,4.46
20020217,4.46,4.63,4.37,4.56
20020224,4.56,4.6,4.38,4.41
20020303,4.41,4.61,4.27,4.57
20020310,4.57,4.65,4.45,4.51
20020317,4.51,4.56,4.45,4.49
20020324,4.49,4.58,4.44,4.54
20020331,4.54,4.7,4.51,4.64
20020407,4.64,4.75,4.5,4.58
20020414,4.58,4.65,4.52,4.59
20020421,4.59,4.63,4.4,4.5
20020428,4.5,4.68,4.5,4.65
20020505,4.66,4.67,4.51,4.61
20020512,4.61,4.69,4.55,4.67
20020519,4.67,4.72,4.59,4.67
20020526,4.67,4.91,4.64,4.87
20020602,4.87,5.07,4.77,5.01
20020609,5.01,5.14,4.91,4.96
20020616,4.97,4.99,4.79,4.89
20020623,4.89,4.96,4.83,4.88
20020630,4.88,4.95,4.74,4.87
20020707,4.88,4.93,4.73,4.91
20020714,4.92,5.11,4.89,5.06
20020721,5.06,5.19,4.96,5
20020728,5,5.12,4.76,4.83
20020804,4.83,4.83,4.51,4.63
20020811,4.63,4.74,4.59,4.68
20020818,4.69,4.86,4.47,4.51
20020825,4.52,4.62,4.36,4.44
20020901,4.45,4.67,4.45,4.57
20020908,4.58,4.58,4.43,4.53
20020915,4.54,4.58,4.48,4.55
20020922,4.56,4.68,4.5,4.62
20020929,4.63,4.7,4.5,4.51
20021006,4.52,4.58,4.44,4.48
20021013,4.48,4.53,4.27,4.3
20021020,4.31,4.39,4.27,4.34
20021027,4.34,4.44,4.33,4.38
20021103,4.38,4.64,4.35,4.55
20021110,4.56,4.66,4.42,4.59
20021117,4.6,4.64,4.51,4.55
20021124,4.56,4.62,4.38,4.46
20021201,4.46,4.53,4.43,4.43
20021208,4.43,4.69,4.35,4.65
20021215,4.66,4.8,4.53,4.74
20021222,4.75,4.85,4.57,4.67
20021229,4.67,4.68,4.59,4.67
20030105,4.68,4.81,4.51,4.79
20030112,4.8,4.95,4.68,4.84
20030119,4.84,4.87,4.67,4.81
20030126,4.81,4.97,4.69,4.78
20030202,4.78,4.97,4.72,4.87
20030209,4.87,5.11,4.69,4.71
20030216,4.71,4.74,4.48,4.53
20030223,4.54,4.66,4.46,4.64
20030302,4.65,4.78,4.55,4.6
20030309,4.61,4.72,4.59,4.67
20030316,4.68,4.71,4.52,4.54
20030323,4.55,4.69,4.39,4.4
20030330,4.4,4.45,4.32,4.39
20030406,4.4,4.47,4.33,4.39
20030413,4.4,4.5,4.35,4.47
20030420,4.47,4.54,4.42,4.48
20030427,4.48,4.64,4.48,4.62
20030504,4.63,4.78,4.55,4.75
20030511,4.75,4.84,4.7,4.78
20030518,4.78,4.97,4.71,4.79
20030525,4.79,4.93,4.66,4.68
20030601,4.68,4.76,4.53,4.61
20030608,4.62,4.62,4.46,4.53
20030615,4.53,4.55,4.41,4.51
20030622,4.51,4.65,4.48,4.56
20030629,4.56,4.57,4.45,4.53
20030706,4.54,4.67,4.45,4.66
20030713,4.67,4.91,4.66,4.76
20030720,4.76,4.92,4.65,4.67
20030727,4.67,5.12,4.62,5.02
20030803,5.02,5.19,4.93,5.12
20030810,5.13,5.13,4.81,5.05
20030817,5.05,5.08,4.71,5.04
20030824,5.05,5.06,4.85,4.93
20030831,4.93,5.17,4.88,5.11
20030907,5.12,5.25,4.9,5
20030914,5,5.49,5,5.32
20030921,5.33,5.41,5.1,5.3
20030928,5.3,5.5,5.16,5.32
20031005,5.33,5.4,5.06,5.08
20031012,5.09,5.09,4.75,4.86
20031019,4.87,4.98,4.78,4.92
20031026,4.92,5.2,4.86,5.15
20031102,5.16,5.28,5.02,5.14
20031109,5.14,5.21,4.85,4.97
20031116,4.97,5.4,4.84,5.3
20031123,5.31,5.6,5.09,5.24
20031130,5.25,5.38,5.1,5.35
20031207,5.36,5.48,5.28,5.42
20031214,5.43,5.72,5.41,5.62
20031221,5.62,5.73,5.46,5.67
20031228,5.68,5.76,5.65,5.72
20040104,5.72,6.05,5.72,5.99
20040111,5.99,6.38,5.81,6.25
20040118,6.26,6.74,6.08,6.21
20040125,6.22,6.46,6.08,6.35
20040201,6.36,6.85,5.96,6.23
20040208,6.24,6.44,5.86,6.1
20040215,6.1,6.72,6.06,6.56
20040222,6.57,6.97,6.43,6.61
20040229,6.61,6.98,5.96,6.36
20040307,6.36,7.06,6.36,6.8
20040314,6.8,7.37,6.8,7.21
20040321,7.22,7.58,7.03,7.43
20040328,7.43,7.79,7.41,7.49
20040404,7.5,8.45,7.49,8.29
20040411,8.29,8.29,8.03,8.08
20040418,8.09,8.49,6.64,7.12
20040425,7.13,7.37,6.08,6.19
20040502,6.2,6.68,5.31,5.95
20040509,5.95,6.23,5.79,5.8
20040516,5.81,5.88,5.27,5.56
20040523,5.57,6.04,5.52,5.86
20040530,5.86,6.25,5.62,6.17
20040606,6.17,6.33,5.6,5.76
20040613,5.77,6.08,5.54,5.69
20040620,5.69,6.01,5.56,5.95
20040627,5.96,6.13,5.72,5.75
20040704,5.75,6.47,5.71,5.89
20040711,5.89,6.56,5.86,6.5
20040718,6.5,6.57,6.27,6.54
20040725,6.54,6.89,6.21,6.31
20040801,6.32,6.51,5.93,6.42
20040808,6.43,6.8,6.3,6.68
20040815,6.68,6.78,6.36,6.48
20040822,6.48,6.95,6.48,6.81
20040829,6.82,6.85,6.49,6.68
20040905,6.69,6.92,6.62,6.71
20040912,6.72,6.87,6.06,6.19
20040919,6.19,6.3,6.02,6.26
20040926,6.27,6.41,6.15,6.39
20041003,6.39,6.88,6.39,6.84
20041010,6.84,7.19,6.44,7.15
20041017,7.16,7.3,6.7,7.06
20041024,7.06,7.44,7.02,7.29
20041031,7.38,7.46,7.02,7.26
20041107,7.27,7.47,6.88,7.46
20041114,7.46,7.63,7.32,7.58
20041121,7.58,7.71,7.44,7.57
20041128,7.56,7.77,7.48,7.68
20041205,7.68,8.15,7.59,7.96
20041212,7.96,7.99,6.56,6.68
20041219,6.71,6.9,6.61,6.75
20041226,6.75,6.92,6.71,6.87
20050102,6.88,7.03,6.75,6.8
20050109,6.8,6.8,6.31,6.41
20050116,6.41,6.73,6.38,6.58
20050123,6.56,6.8,6.45,6.78
20050130,6.77,6.86,6.64,6.76
20050206,6.77,6.78,6.57,6.61
20050213,6.61,7.21,6.46,7.18
20050220,7.17,7.43,7.09,7.39
20050227,7.39,7.54,7.12,7.27
20050306,7.29,7.48,7.06,7.32
20050313,7.33,7.62,7.28,7.51
20050320,7.52,7.52,7.25,7.35
20050327,7.36,7.44,6.86,6.9
20050403,6.9,7.19,6.8,7.15
20050410,6.99,7.15,6.89,7.13
20050417,7.12,7.28,6.95,7
20050424,7,7.33,6.92,7.25
20050501,7.25,7.29,6.85,6.89
20050508,6.89,7.07,6.76,6.94
20050515,6.91,7.12,6.85,6.9
20050522,6.9,7.2,6.85,6.92
20050529,6.92,7.27,6.9,7.27
20050605,7.23,7.59,7.11,7.47
20050612,7.44,7.58,7.11,7.25
20050619,7.25,7.41,7.15,7.3
20050626,7.31,7.44,7.14,7.25
20050703,7.26,7.27,6.8,6.85
20050710,6.84,7.04,6.81,6.98
20050717,6.98,7.12,6.92,6.95
20050724,6.95,7.17,6.91,7.07
20050731,7.07,7.23,6.92,7.23
20050807,7.19,7.29,7.1,7.12
20050814,7.12,7.22,6.93,7.06
20050821,7.06,7.1,6.91,6.99
20050828,6.99,7.09,6.7,6.73
20050904,6.72,7.04,6.63,7
20050911,7,7.1,6.94,7
20050918,7.02,7.25,6.85,7.22
20050925,7.22,7.46,7.2,7.27
20051002,7.27,7.58,7.18,7.44
20051009,7.44,7.72,7.29,7.71
20051016,7.71,7.89,7.58,7.79
20051023,7.78,7.87,7.47,7.64
20051030,7.64,7.89,7.58,7.77
20051106,7.77,7.79,7.37,7.53
20051113,7.54,7.75,7.41,7.72
20051120,7.72,8.14,7.67,8.04
20051127,8.03,8.22,8.01,8.2
20051204,8.2,8.61,8.14,8.54
20051211,8.54,9.04,8.49,8.99
20051218,8.99,9.22,8.28,8.52
20051225,8.5,8.65,8.21,8.56
20060101,8.56,8.92,8.56,8.82
20060108,8.82,9.21,8.69,9.11
20060115,9.09,9.24,8.81,9.09
20060122,9.09,9.27,8.73,8.86
20060129,8.86,9.77,8.82,9.58
20060205,9.56,9.92,9.53,9.72
20060212,9.72,9.85,9.25,9.35
20060219,9.36,9.51,9.03,9.4
20060226,9.41,9.77,9.4,9.73
20060305,9.76,10.31,9.56,10.21
20060312,10.19,10.27,9.65,9.92
20060319,9.94,10.43,9.91,10.34
20060326,10.36,10.75,10.14,10.72
20060402,10.71,11.92,10.71,11.45
20060409,11.49,12.19,11.47,12.06
20060416,12.18,13.01,12.13,12.87
20060423,13.12,14.69,11.61,12.94
20060430,13.05,13.92,11.67,13.56
20060507,13.71,14.51,13.42,13.95
20060514,13.94,15.22,13.44,14.27
20060521,14.34,14.49,12.07,12.44
20060528,12.55,13.22,11.9,12.69
20060604,12.78,13.34,11.59,12.12
20060611,12.14,12.39,11.01,11.25
20060618,11.17,11.29,9.42,10.28
20060625,10.16,10.69,9.78,10.3
20060702,10.33,11.13,10.06,11
20060709,11.13,11.62,11.05,11.4
20060716,11.34,11.78,10.86,11.48
20060723,11.61,11.75,10.39,10.78
20060730,10.77,11.46,10.63,11.29
20060806,11.43,12.55,11.19,12.42
20060813,12.32,12.64,11.73,11.92
20060820,11.72,12.4,11.7,12.02
20060827,12.06,12.63,12,12.37
20060903,12.4,12.93,11.83,12.9
20060910,12.9,13.24,11.96,12.14
20060917,11.96,12.04,10.42,10.77
20060924,10.9,11.37,10.69,11.15
20061001,11.17,11.77,10.99,11.42
20061008,11.45,11.71,10.55,11.08
20061015,11.16,11.62,11.04,11.62
20061022,11.64,12.08,11.54,11.89
20061029,11.83,12.19,11.28,11.99
20061105,12.05,12.65,11.92,12.57
20061112,12.54,13.15,12.4,13
20061119,12.99,13.12,12.48,12.76
20061126,12.79,13.46,12.7,13.43
20061203,13.47,14.03,13.39,13.98
20061210,13.97,14.17,13.42,13.75
20061217,13.68,13.89,12.77,12.81
20061224,12.84,12.98,12.27,12.55
20061231,12.61,12.88,12.6,12.87
20070107,12.91,13.17,12.04,12.16
20070114,12.18,12.84,12.02,12.77
20070121,12.8,12.94,12.33,12.83
20070128,12.85,13.52,12.73,13.29
20070204,13.39,13.75,13.05,13.33
20070211,13.39,13.89,13.25,13.86
20070218,13.85,14.09,13.47,13.95
20070225,13.94,14.61,13.65,14.54
20070304,14.56,14.69,12.7,12.89
20070311,12.84,13.11,12.4,12.84
20070318,12.89,13.16,12.56,13.08
20070325,13.14,13.48,13.02,13.16
20070401,13.14,13.45,13.11,13.36
20070408,13.35,13.7,12.96,13.66
20070415,13.64,14.09,13.58,14.03
20070422,14.08,14.09,13.49,13.92
20070429,13.95,14.07,13.2,13.47
20070506,13.52,13.56,13.02,13.42
20070513,13.44,13.55,12.92,13.2
20070520,13.15,13.23,12.67,12.93
20070527,12.96,13.1,12.72,12.92
20070603,12.93,13.69,12.87,13.65
20070610,13.64,13.79,12.95,13.02
20070617,13.07,13.23,12.81,13.21
20070624,13.26,13.36,12.94,13.02
20070701,13.02,13.04,12.1,12.39
20070708,12.45,12.74,12.33,12.69
20070715,12.72,13.13,12.64,13.01
20070722,13.03,13.38,12.84,13.28
20070729,13.3,13.47,12.58,12.66
20070805,12.7,13.13,12.64,13.09
20070812,13.07,13.17,12.56,12.81
20070819,12.85,12.87,11.05,11.75
20070826,11.74,11.98,11.44,11.92
20070902,11.95,12.09,11.65,12.04
20070909,12.09,12.61,11.99,12.51
20070916,12.47,12.76,12.37,12.56
20070923,12.51,13.65,12.51,13.49
20070930,13.46,13.83,13.22,13.81
20071007,13.76,13.84,13.06,13.36
20071014,13.37,13.89,13.12,13.76
20071021,13.78,13.99,13.28,13.54
20071028,13.52,14.21,13.25,14.2
20071104,14.27,14.66,13.92,14.57
20071111,14.67,16.18,14.38,15.46
20071118,15.37,15.39,14.31,14.44
20071125,14.54,14.85,14.08,14.7
20071202,14.85,14.99,13.78,13.98
20071209,14.01,14.53,13.77,14.33
20071216,14.34,14.79,13.73,13.81
20071223,13.87,14.43,13.58,14.34
20071230,14.33,14.84,14.3,14.77
20080106,14.78,15.43,14.67,15.29
20080113,15.3,16.29,15.08,16.23
20080120,16.24,16.57,15.62,16.13
20080127,16.14,16.59,15.19,16.41
20080203,16.54,17.28,16.32,16.76
20080210,16.78,17.15,16.18,17.08
20080217,17.18,17.61,16.9,17.08
20080224,17.05,18.09,16.92,17.96
20080302,18.03,19.93,17.85,19.69
20080309,19.77,21.2,19.36,20.12
20080316,20.21,20.88,19.19,20.64
20080323,20.7,21.35,16.71,16.74
20080330,16.98,18.62,16.77,17.89
20080406,17.66,18.16,16.32,17.71
20080413,17.8,18.41,17.37,17.72
20080420,17.67,18.74,17.24,17.88
20080427,17.86,17.95,16.39,16.89
20080504,16.84,17.13,15.97,16.38
20080511,16.45,17.07,16.43,16.79
20080518,16.83,17.3,16.48,16.95
20080525,17.02,18.29,16.81,18.2
20080601,18.16,18.32,16.41,16.85
20080608,16.84,17.5,16.42,17.38
20080615,17.53,17.62,16.23,16.53
20080622,16.55,17.71,16.39,17.36
20080629,17.38,17.64,16.49,17.59
20080706,17.5,18.45,17.19,18.04
20080713,18.05,18.87,17.45,18.74
20080720,18.77,19.45,18.03,18.09
20080727,18.19,18.66,17.05,17.37
20080803,17.38,17.91,16.84,17.49
20080810,17.51,17.61,15.25,15.33
20080817,15.36,15.41,12.28,12.78
20080824,13.09,13.94,12.48,13.47
20080831,13.36,14.02,12.97,13.57
20080907,13.72,13.77,12.08,12.21
20080914,12.43,12.71,10.25,10.75
20080921,11.07,12.98,10.4,12.31
20080928,12.68,13.74,12.47,13.4
20081005,13.11,13.29,10.81,11.29
20081012,11.22,12.29,9.43,9.6
20081019,10.22,11.15,9.07,9.39
20081026,9.45,10.17,8.64,9.25
20081102,9.45,10.59,8.42,9.83
20081109,9.79,10.76,9.66,9.93
20081116,10.2,10.54,8.79,9.55
20081123,9.48,9.82,8.8,9.55
20081130,9.64,10.67,9.47,10.32
20081207,10.26,10.26,9.15,9.45
20081214,9.49,10.52,9.48,10.22
20081221,10.36,11.53,10.26,10.84
20081228,10.87,11.05,10.12,10.52
20090104,10.67,11.52,10.67,11.49
20090111,11.67,11.69,10.54,11.31
20090118,11.2,11.29,10.34,11.23
20090125,11.26,12.06,10.91,11.88
20090201,11.92,12.66,11.66,12.6
20090208,12.61,13.17,12.15,13.12
20090215,13.06,13.74,12.75,13.65
20090222,13.61,14.6,13.5,14.44
20090301,14.46,14.61,12.85,13.04
20090308,13.16,13.52,12.42,13.36
20090315,13.27,13.41,12.48,13.19
20090322,12.96,13.82,11.94,13.76
20090329,13.72,13.89,12.99,13.31
20090405,13.32,13.34,12.57,12.77
20090412,12.73,12.73,12.04,12.37
20090419,12.38,12.93,11.81,11.85
20090426,11.87,12.93,11.82,12.89
20090503,13.13,13.2,12.04,12.46
20090510,12.49,14.13,12.45,13.95
20090517,13.96,14.37,13.67,13.93
20090524,13.94,14.83,13.66,14.66
20090531,14.65,15.64,14.29,15.59
20090607,15.76,16.23,15.06,15.35
20090614,15.3,15.51,14.73,14.89
20090621,14.62,14.72,13.95,14.18
20090628,14.15,14.31,13.62,14.07
20090705,13.93,14.14,13.29,13.41
20090712,13.38,13.42,12.52,12.65
20090719,12.67,13.46,12.44,13.4
20090726,13.42,13.89,13.37,13.86
20090802,13.86,14.09,13.18,13.92
20090809,13.95,15.02,13.94,14.66
20090816,14.52,15.18,14.11,14.66
20090823,14.65,14.67,13.49,14.16
20090830,14.25,14.85,14.05,14.78
20090906,14.76,16.29,14.52,16.15
20090913,16.25,16.98,16.04,16.69
20090920,16.73,17.64,16.3,17.05
20090927,16.8,17.28,15.91,16.07
20091004,16.12,16.74,15.73,16.14
20091011,16.08,17.91,16.08,17.64
20091018,17.9,18.09,17.2,17.46
20091025,17.48,17.94,17.24,17.69
20091101,17.58,17.75,16.13,16.27
20091108,16.33,17.6,16.23,17.32
20091115,17.45,17.76,17.02,17.35
20091122,17.62,18.83,17.58,18.47
20091129,18.63,18.92,17.67,18.27
20091206,18.26,19.45,18.09,18.42
20091213,18.46,18.49,16.9,17.13
20091220,17.08,17.77,17.07,17.25
20091227,17.27,17.49,16.73,17.38
20100103,17.49,17.64,16.73,16.84
20100110,16.88,18.49,16.82,18.48
20100117,18.48,18.88,18.15,18.39
20100124,18.31,18.84,16.88,17.04
20100131,17.04,17.25,16.01,16.2
20100207,16.17,16.93,14.65,15.15
20100214,15.14,15.73,14.94,15.52
20100221,15.53,16.5,15.45,16.31
20100228,16.33,16.55,15.62,16.46
20100307,16.47,17.48,16.32,17.34
20100314,17.36,17.63,16.82,17.05
20100321,17.14,17.58,16.95,16.98
20100328,16.9,17.12,16.55,16.91
20100404,16.93,17.98,16.93,17.82
20100411,17.82,18.42,17.8,18.4
20100418,18.49,18.6,17.61,17.73
20100425,17.65,18.33,17.48,18.32
20100502,18.33,18.76,17.82,18.65
20100509,18.68,18.87,17.08,18.36
20100516,18.52,19.8,18.18,19.32
20100523,19.34,19.38,17.43,17.66
20100530,17.64,18.62,17.54,18.41
20100606,18.41,18.67,17.3,17.46
20100613,17.43,18.5,17.23,18.23
20100620,18.25,19.25,18.21,19.16
20100627,19.19,19.47,18.2,19.06
20100704,19.07,19.23,17.62,17.91
20100711,17.83,18.21,17.56,18.11
20100718,18.13,18.52,17.75,17.88
20100725,17.85,18.26,17.43,18.11
20100801,18.11,18.25,17.35,17.98
20100808,18,18.68,17.96,18.47
20100815,18.48,18.57,17.83,18.16
20100822,18.1,18.6,17.87,18.02
20100829,18,19.3,17.77,19.08
20100905,19.05,19.93,18.84,19.81
20100912,19.9,20.13,19.57,19.89
20100919,19.86,20.96,19.79,20.73
20100926,20.73,21.43,20.51,21.43
20101003,21.41,22.12,20.98,22.08
20101010,22.07,23.5,21.75,23.2
20101017,23.37,24.91,22.92,24.3
20101024,24.27,24.48,22.82,23.26
20101031,23.3,24.73,23.14,24.73
20101107,24.89,26.9,23.92,26.7
20101114,26.8,29.33,25.8,26.05
20101121,26.03,27.39,24.97,27.29
20101128,27.61,27.91,26.41,26.66
20101205,26.77,29.38,26.47,29.38
20101212,29.46,30.66,27.98,28.64
20101219,28.59,29.94,28.3,29.11
20101226,29.15,29.55,28.75,29.22
20110102,29.11,30.93,28.75,30.86
20110109,30.88,31.21,28.33,28.49
20110116,28.86,29.8,28.11,28.42
20110123,28.51,29.48,27.11,27.49
20110130,27.52,28.02,26.4,27.96
20110206,28.06,29.3,27.54,29.12
20110213,29.2,30.51,29.02,29.91
20110220,29.91,32.88,29.82,32.65
20110227,32.67,34.34,31.76,33.37
20110306,33.37,35.62,33.28,35.62
20110313,35.63,36.73,34.05,35.91
20110320,36.38,36.45,33.59,35.27
20110327,35.67,38.16,35.59,37.33
20110403,37.3,37.93,36.43,37.8
20110410,37.82,40.94,37.79,40.93
20110417,41,42.98,39.75,42.97
20110424,43,46.68,42.2,46.59
20110501,47.27,49.8,44.63,47.91
20110508,47.9,48.17,33.09,35.62
20110515,35.7,39.49,32.33,35.35
20110522,35.29,35.77,33.02,35.07
20110529,35.04,38.86,34.4,38.01
20110605,38.02,38.78,35.13,36.24
20110612,36.3,37.87,36.08,36.19
20110619,35.83,36.31,34.42,35.87
20110626,36,36.77,34.17,34.32
20110703,34.29,35.14,33.37,33.89
20110710,33.89,36.87,33.8,36.71
20110717,36.7,39.37,34.81,39.29
20110724,39.33,40.86,38.21,40.09
20110731,40.36,41.46,39.33,39.89
20110807,39.62,42.26,37.55,38.35
20110814,39.12,40.38,36.99,39.09
20110821,39.1,42.92,38.71,42.91
20110828,43.49,44.24,38.74,41.35
20110904,41.67,43.38,40.3,43.27
20110911,42.95,43.4,40.4,41.79
20110918,41.44,41.48,39.33,40.67
20110925,40.72,40.85,29.8,30.85
20111002,30.72,33.51,26.07,29.93
20111009,29.67,32.83,28.44,31.16
20111016,31.32,33.03,31.24,32.19
20111023,32.28,32.68,29.95,31.37
20111030,31.41,35.67,31.22,35.3
20111106,35.31,35.45,32.13,34.12
20111113,34.08,35.33,33.14,34.68
20111120,34.65,34.92,30.92,32.37
20111127,32.35,33.03,30.68,31
20111204,31.3,33.69,31.14,32.59
20111211,32.63,33.23,31.42,32.19
20111218,32.2,32.26,28.11,29.75
20111225,29.78,30.2,28.68,29.12
20120101,29.12,29.17,26.17,27.835
20120108,28.01,29.75,27.93,28.75
20120115,28.83,30.68,28.58,29.75
20120122,29.7,32.19,29.49,32.16
20120129,32.13,33.94,31.55,33.91
20120205,33.86,34.42,32.95,33.65
20120212,33.66,34.51,33.01,33.57
20120219,33.66,34.03,32.65,33.28
20120226,33.33,35.73,33.33,35.39
20120304,35.42,37.495,34.04,34.78
20120311,34.67,34.9,32.47,34.29
20120318,34.28,34.3,31.65,32.54
20120325,32.53,33.09,31.11,32.22
20120401,32.22,33.19,31.66,32.255
20120408,32.43,33.29,31.01,31.73
20120415,32.03,32.58,31.19,31.52
20120422,31.48,32.02,31.21,31.69
20120429,31.66,31.71,29.99,31.23
20120506,31.27,31.38,29.78,30.34
20120513,30.06,30.36,28.435,28.879
20120520,28.85,28.99,26.74,28.696
20120527,28.71,28.84,27.105,28.493
20120603,28.605,28.765,27.205,28.49
20120610,28.455,29.88,27.935,28.485
20120617,28.825,29.105,28.176,28.649
20120624,28.54,28.935,26.579,26.89
20120701,26.678,27.9,26.125,27.47
20120708,27.483,28.425,26.92,27.081
20120715,26.959,27.565,26.459,27.3
20120722,27.398,27.605,26.792,27.28
20120729,27.23,27.85,26.616,27.72
20120805,27.725,28.355,26.985,27.76
20120812,27.735,28.31,27.599,28.082
20120819,28.165,28.325,27.5,28.06
20120826,28.119,30.795,27.925,30.773
20120902,30.885,31.74,30.205,31.71
20120909,31.565,33.7,31.505,33.63
20120916,33.604,34.92,32.455,34.62
20120923,34.7,35.155,33.795,34.5
20120930,34.43,34.85,33.32,34.46
20121007,34.27,35.36,34.15,34.47
20121014,34.42,34.51,33.385,33.42
20121021,33.12,33.335,31.91,32.03
20121028,31.78,32.42,31.51,32.06
20121104,32.08,32.645,30.79,30.902
20121111,31.07,32.76,30.64,32.58
20121118,32.64,32.915,32.03,32.3
20121125,32.37,34.135,32.3,34.04
20121202,33.975,34.38,32.9,33.39
20121209,33.54,33.81,32.51,33.04
20121216,33.09,33.77,32.165,32.25
20121223,32.3,32.51,29.58,29.96
20121230,30.031,30.46,29.67,29.995
20130106,30.075,31.465,29.2,30.32
20130113,30.18,30.915,29.835,30.44
20130120,30.402,32.1,30.36,31.825
20130127,31.97,32.445,31.095,31.17
20130203,31.2,32.24,30.715,31.8
20130210,31.765,32.08,31.265,31.39
20130217,31.425,31.515,29.67,29.77
20130224,29.975,30.145,28.265,28.71
20130303,28.65,29.44,27.93,28.57
20130310,28.653,29.24,28.33,28.951
20130317,28.895,29.335,28.54,28.753
20130324,28.925,29.315,28.52,28.708
20130331,28.635,28.89,28.11,28.314
20130407,28.225,28.34,26.62,27.3
20130414,27.334,28.055,25.92,25.98
20130421,25.9,26.08,22.03,23.21
20130428,23.261,24.81,22.595,23.96
20130505,23.94,24.633,23.235,24.08
20130512,24.065,24.42,23.189,23.797
20130519,23.75,23.824,22.115,22.185
20130526,21.5,23.286,21.181,22.363
20130602,22.409,23.1,22.168,22.193
20130609,22.33,22.959,21.58,21.63
20130616,21.72,22.539,21.401,22.063
20130623,22.033,22.058,19.389,20.065
20130630,20.202,20.21,18.18,19.628
20130707,20.053,20.065,18.706,18.89
20130714,18.919,20.269,18.714,19.905
20130721,20.074,20.183,19.246,19.528
20130728,19.795,20.599,19.664,20.035
20130804,19.998,20.284,19.211,19.811
20130811,19.868,20.558,19.152,20.46
20130818,20.866,23.404,20.655,23.167
20130825,23.266,24.099,22.293,23.95
20130901,24.147,25.106,23.385,23.442
20130908,23.257,24.475,23.014,23.821
20130915,23.895,23.933,21.389,22.205
20130922,22.199,23.395,21.208,21.77
20130929,21.889,22.101,21.275,21.73
20131006,21.867,22.037,20.619,21.708
20131013,21.8,22.476,20.965,21.299
20131020,21.319,22.168,20.505,21.895
20131027,21.973,22.864,21.863,22.533
20131103,22.551,23.07,21.701,21.87
20131110,21.845,22.057,21.264,21.475
20131117,21.386,21.455,20.435,20.76
20131124,20.767,20.78,19.72,19.862
20131201,19.71,20.308,19.582,19.97
20131208,19.878,19.889,18.887,19.483
20131215,19.5,20.475,19.293,19.68
20131222,19.621,20.292,19.119,19.355
20131229,19.436,20.109,19.279,20.026
20140105,20.102,20.432,18.641,20.176
20140112,20.1,20.345,19.313,20.135
20140119,20.192,20.571,19.931,20.282
20140126,20.348,20.393,19.644,19.903
20140202,20.001,20.006,18.998,19.167
20140209,19.08,20.231,19.076,20.023
20140216,20.027,21.444,19.923,21.44
20140223,21.666,21.971,21.309,21.795
20140302,21.83,22.169,20.99,21.137
20140309,21.471,21.713,20.757,20.873
20140316,20.831,21.768,20.597,21.415
20140323,21.535,21.545,20.134,20.292
20140330,20.226,20.283,19.568,19.8
20140406,19.816,20.223,19.633,19.915
20140413,19.875,20.382,19.607,19.949
20140420,20.112,20.116,19.228,19.631
20140427,19.569,19.907,18.94,19.709
20140504,19.705,19.748,18.775,19.448
20140511,19.505,19.749,19.042,19.149
20140518,19.084,19.987,19.06,19.36
20140525,19.317,19.807,19.236,19.429
20140601,19.423,19.489,18.63,18.801
20140608,18.77,19.193,18.66,19.019
20140615,19.026,19.724,18.979,19.695
20140622,19.753,20.973,19.458,20.844
20140629,20.798,21.196,20.698,20.993
20140706,20.942,21.28,20.757,21.141
20140713,21.09,21.567,20.814,21.419
20140720,21.435,21.443,20.574,20.848
20140727,20.883,21.102,20.3,20.707
20140803,20.711,20.798,20.25,20.325
20140810,20.316,20.448,19.738,19.97
20140817,19.899,20.133,19.51,19.616
20140824,19.547,19.707,19.308,19.47
20140831,19.405,19.89,19.315,19.47
20140907,19.451,19.528,19.019,19.191
20140914,19.184,19.316,18.455,18.644
20140921,18.572,18.876,17.789,17.895
20140928,17.811,17.99,17.339,17.624
20141005,17.574,17.636,16.722,16.808
20141012,16.842,17.71,16.668,17.347
20141019,17.503,17.805,17.022,17.275
20141026,17.272,17.653,17.036,17.188
20141102,17.147,17.402,15.781,16.154
20141109,15.956,16.23,15.055,15.732
20141116,15.67,16.39,15.269,16.296
20141123,16.259,16.602,15.896,16.45
20141130,16.42,16.7,15.42,15.53
20141207,14.69,16.76,14.68,16.27
20141214,16.2,17.29,16.16,16.99
20141221,17.01,17.023,15.51,16.02
20141228,16.06,16.301,15.526,16.026
20150104,16.052,16.462,15.526,15.778
20150111,15.811,16.695,15.811,16.453
20150118,16.555,17.81,16.425,17.68
20150125,17.76,18.45,17.565,18.29
20150201,18.33,18.45,16.72,17.23
20150208,17.17,17.72,16.54,16.725
20150215,16.71,17.42,16.605,17.26
20150222,17.335,17.39,16.17,16.21
20150301,16.213,16.87,16.08,16.55
20150308,16.63,16.76,15.75,15.85
20150315,15.87,15.96,15.27,15.61
20150322,15.57,16.906,15.36,16.74
20150329,16.77,17.4,16.63,16.95
20150405,16.91,17.09,16.45,16.78
20150412,17.096,17.32,16.15,16.5
20150419,16.465,16.54,16.01,16.27
20150426,16.34,16.38,15.61,15.74
20150503,15.77,16.74,15.74,16.16
20150510,16.19,16.76,16.15,16.486
20150517,16.48,17.58,16.15,17.54
20150524,17.63,17.78,16.89,17.09
20150531,17.07,17.19,16.56,16.73
20150607,16.74,17.18,15.99,16.1
20150614,16.06,16.25,15.83,15.97
20150621,16.04,16.47,15.87,16.13
20150628,16.11,16.28,15.57,15.81
20150705,15.96,15.997,15.4965,15.706
20150712,15.74,15.85,14.71,15.58
20150719,15.65,15.68,14.86,14.9
20150726,14.88,15.02,14.39,14.68
20150802,14.68,15.01,14.55,14.74
20150809,14.778,15.03,14.4,14.78
20150816,14.787,15.62,14.75,15.24
20150823,15.27,15.665,14.74,15.29
20150830,15.35,15.39,13.99,14.591
20150906,14.555,14.97,14.42,14.59
20150913,14.667,14.95,14.31,14.63
20150920,14.581,15.43,14.295,15.17
20150927,15.17,15.265,14.715,15.09
20151004,15.13,15.32,14.4,15.25
20151011,15.278,16.12,15.12,15.83
20151018,15.815,16.21,15.64,16.03
20151025,16.01,16.09,15.64,15.86
20151101,15.832,16.36,15.5,15.56
20151108,15.57,15.57,14.729,14.76
20151115,14.74,14.803,14.19,14.236
20151122,14.4,14.46,14.04,14.16
20151129,14.15,14.39,13.92,14.1
20151206,14.06,14.62,13.84,14.55
20151213,14.51,14.645,13.79,13.9495
20151220,13.969,14.32,13.648,14.1
20151227,14.061,14.406,14.06,14.3805
20160103,14.394,14.421,13.79,13.8425
20160110,13.93,14.3835,13.845,13.96
20160117,14.02,14.2,13.75,13.89
20160124,13.88,14.3475,13.85,14.04
20160131,14.05,14.5725,14.05,14.27
20160207,14.25,15.05,14.21,15.01
20160214,14.94,15.96,14.89,15.73
20160221,15.6975,15.6975,15.14,15.37
20160228,15.31,15.58,14.6755,14.73
20160306,14.72,15.79,14.62,15.49
20160313,15.63,15.8,15.1555,15.48
20160320,15.498,16.141,15.2,15.81
20160327,15.85,16.01,15.16,15.21
20160403,15.19,15.53,14.8,15.07
20160410,15.03,15.39,14.8985,15.365
20160417,15.38,16.37,15.37,16.24
20160424,16.28,17.69,16.12,16.96
20160501,16.94,17.96,16.82,17.82
20160508,17.83,18.02,17.1815,17.47
20160515,17.46,17.58,16.86,17.1
20160522,17.07,17.39,16.34,16.52
20160529,16.49,16.57,16.13,16.19
20160605,16.22,16.45,15.83,16.41
20160612,16.39,17.3755,16.2485,17.3325
20160619,17.33,17.8635,17.11,17.46
20160626,17.39,18.32,16.5,17.7575
20160703,17.83,19.89,17.53,19.72
20160710,19.75,21.12,19.2255,20.2085
20160717,20.34,20.67,19.9,20.09
20160724,20.16,20.23,19.22,19.65
20160731,19.6325,20.52,19.3105,20.37
20160807,20.36,20.79,19.7,19.71
20160814,19.51,20.49,19.51,19.71
20160821,19.78,20.11,19.24,19.32
20160828,19.26,19.26,18.4855,18.65
20160904,18.64,19.41,18.4,19.4
20160911,19.41,20.13,19.07,19.09
20160918,19.08,19.29,18.6685,18.8025
20160925,18.8,20.07,18.78,19.68
20161002,19.68,19.75,18.92,19.1805
20161009,19.2,19.32,17.1,17.49
20161016,17.56,17.83,17.32,17.45
20161023,17.44,17.78,17.16,17.54
20161030,17.53,17.91,17.47,17.77
20161106,17.812,18.74,17.76,18.41
20161113,18.19,19,17.2,17.37
20161120,17.41,17.51,16.45,16.57
20161127,16.63,16.89,16.17,16.52
20161204,16.58,16.86,16.27,16.69
20161211,16.88,17.23,16.51,16.86
20161218,16.87,17.22,15.89,16.1
20161225,16.08,16.21,15.64,15.73
20170101,15.78,16.27,15.72,15.95
20170108,15.94,16.72,15.91,16.48
20170115,16.48,16.99,16.42,16.81
20170122,16.83,17.33,16.74,17.08
20170129,17.11,17.29,16.64,17.14
20170205,17.16,17.74,17.065,17.48
20170212,17.53,18.01,17.468,17.94
20170219,17.94,18.14,17.75,18.01
20170226,18.01,18.41,17.84,18.35
20170305,18.39,18.49,17.64,17.9365
20170312,17.965,17.965,16.8495,17.03
20170319,16.99,17.56,16.84,17.4
20170326,17.4,17.78,17.325,17.77
20170402,17.79,18.3,17.79,18.21
20170409,18.262,18.47,17.89,18
20170416,17.94,18.6,17.76,18.54
20170423,18.59,18.65,17.8195,17.9615
20170430,17.81,18.01,17.17,17.23
20170507,17.241,17.275,16.22,16.36
20170514,16.27,16.49,16.07,16.451
20170521,16.46,17.12,16.43,16.85
20170528,16.89,17.39,16.85,17.34
20170604,17.34,17.58,17.02,17.53
20170611,17.57,17.751,17.19,17.23
20170618,17.215,17.34,16.66,16.7
20170625,16.7,16.79,16.37,16.7
20170702,16.72,16.9,16.3,16.62
20170709,16.64,16.665,14.37,15.57
20170716,15.63,16.09,15.21,15.96
20170723,16,16.53,15.9745,16.49
20170730,16.53,16.82,16.25,16.73
20170806,16.77,16.93,16.2,16.28
20170813,16.285,17.25,16.13,17.12
20170820,17.13,17.32,16.5845,17.04
20170827,16.95,17.18,16.74,17.04
20170903,17.08,17.75,17.03,17.71
20170910,17.764,18.22,17.764,18.01
20170917,17.79,17.989,17.6,17.61
20170924,17.6,17.63,16.84,16.99
20171001,16.989,17.25,16.64,16.66
20171008,16.666,16.89,16.3355,16.79
20171015,16.804,17.4,16.79,17.4
20171022,17.397,17.47,16.91,17.04
20171029,17.0265,17.15,16.61,16.85
20171105,16.82,17.24,16.65,16.8495
20171112,16.863,17.26,16.8,16.9
20171119,16.873,17.3785,16.83,17.2885
20171126,17.3085,17.3085,16.8475,17.0445
20171203,17.0635,17.1985,16.2465,16.4565
20171210,16.33,16.4335,15.6465,15.8515
20171217,15.8495,16.1545,15.6245,16.0525
20171224,16.0435,16.4265,16.0155,16.3335
20171231,16.3605,17.1135,16.298,16.9545
20180107,16.9815,17.2875,16.9405,17.2125
20180114,17.2365,17.2855,16.8745,17.2555
20180121,17.2295,17.4275,16.8035,17.0285
20180128,17.0665,17.7025,16.7515,17.4105
20180204,17.4145,17.4845,16.5685,16.5915
20180211,16.6365,16.9935,16.1905,16.3215
20180218,16.3525,16.9815,16.3315,16.6925
20180225,16.6455,16.7745,16.3925,16.53
20180304,16.5,16.77,16.1755,16.5185
20180311,16.5255,16.864,16.36,16.59
20180318,16.59,16.66,16.22,16.33
20180325,16.31,16.67,16.13,16.56
20180401,16.57,16.81,16.23,16.36
20180408,16.37,16.68,16.19,16.37
20180415,16.43,16.87,16.33,16.64
20180422,16.62,17.36,16.56,17.1345
20180429,17.123,17.13,16.43,16.53
20180506,16.51,16.59,16.06,16.52
20180513,16.52,16.833,16.32,16.68
20180520,16.67,16.74,16.19,16.43
20180527,16.42,16.72,16.275,16.49
20180603,16.511,16.6,16.32,16.4
20180610,16.42,16.9,16.37,16.771
20180617,16.788,17.32,16.46,16.56
20180624,16.54,16.63,16.2,16.46
20180701,16.459,16.496,15.92,16.0925
20180708,16.09,16.15,15.78,16.03
20180715,16.0455,16.22,15.69,15.81
20180722,15.81,15.88,15.1805,15.52
20180729,15.53,15.67,15.33,15.5
20180805,15.477,15.61,15.248,15.42
20180812,15.41,15.511,15.27,15.33
20180819,15.3065,15.3445,14.34,14.8155
20180826,14.78,14.88,14.49,14.8155
20180902,14.86,15,14.49,14.51
20180909,14.525,14.553,14.01,14.16
20180916,14.15,14.35,13.95,14.0675
20180923,14.07,14.43,14.04,14.2995
20180930,14.3,14.72,14.1845,14.63
20181007,14.675,14.913,14.38,14.64
20181014,14.649,14.71,14.25,14.62
20181021,14.6,14.85,14.458,14.63
20181028,14.64,14.81,14.52,14.7
20181104,14.71,14.91,14.2445,14.74
20181111,14.75,14.77,14.1095,14.1735
20181118,14.162,14.4215,13.9,14.4205
20181125,14.43,14.56,14.19,14.2805
20181202,14.31,14.44,14.06,14.18
20181209,14.26,14.67,14.21,14.631
20181216,14.64,14.81,14.48,14.59
20181223,14.59,14.84,14.54,14.63
20181230,14.67,15.39,14.65,15.37
20190106,15.4,15.87,15.33,15.69
20190113,15.74,15.82,15.509,15.6
20190120,15.61,15.7,15.329,15.34
20190127,15.32,15.73,15.18,15.73
20190203,15.76,16.1875,15.61,15.9205
20190210,15.92,15.93,15.64,15.8265
20190217,15.8275,15.8425,15.49,15.7915
20190224,15.785,16.22,15.747,15.9245
20190303,15.9,16.174,15.1378,15.16
20190310,15.1495,15.37,14.98,15.35
20190317,15.31,15.54,15.1365,15.2935
20190324,15.301,15.64,15.23,15.44
20190331,15.42,15.59,14.98,15.1395
20190407,15.13,15.2165,14.91,15.1085
20190414,15.12,15.34,14.9,14.9925
20190421,14.99,15.101,14.86,15.02
20190428,15.007,15.0855,14.75,15.0535
20190505,15.07,15.08,14.57,14.92
20190512,14.925,14.975,14.7,14.777
20190519,14.79,14.86,14.3957,14.43
20190526,14.41,14.65,14.38,14.57
20190602,14.58,14.69,14.3,14.58
20190609,14.6,15.152,14.58,15.02
20190616,14.99,15.12,14.65,14.86
20190623,14.88,15.55,14.78,15.3335
20190630,15.36,15.51,15.17,15.31
20190707,15.18,15.47,14.9,15.02
20190714,15,15.32,14.95,15.23
20190721,15.22,16.58,15.17,16.2
20190728,16.25,16.6525,16.17,16.35
20190804,16.41,16.61,15.93,16.22
20190811,16.23,17.25,16.12,16.98
20190818,16.96,17.51,16.54,17.12
20190825,17.13,17.48,16.8557,17.47
20190901,17.56,18.65,17.53,18.34
20190908,18.43,19.65,17.99,18.05
20190915,18.15,18.47,17.4,17.44
20190922,17.71,18.09,17.53,17.95
20190929,17.96,18.7425,17.3,17.49
20191006,17.54,17.8,16.9,17.55
20191013,17.65,17.96,17.2725,17.53
20191020,17.553,17.74,17.17,17.5585
20191027,17.57,18.33,17.44,18.07
20191103,18.02,18.17,17.59,18.117
20191110,18.13,18.22,16.7,16.81
20191117,16.8,17.11,16.65,16.96
20191124,16.97,17.24,16.75,17
20191201,16.99,17.12,16.82,17.019
20191208,17,17.3,16.53,16.57
20191215,16.57,17.12,16.53,16.9475
20191222,16.96,17.26,16.89,17.18
20191229,17.19,18.05,17.1777,17.75
20200105,17.79,18.27,17.78,18.02
20200112,18.16,18.8555,17.8,18.0795
20200119,18.1,18.17,17.68,18.02
20200126,18.04,18.1565,17.61,18.12
20200202,18.26,18.34,17.39,18.0315
20200209,18.13,18.13,17.49,17.71
20200216,17.72,17.84,17.465,17.7295
20200223,17.73,18.63,17.7,18.5
20200301,18.67,18.95,16.4,16.62
20200308,16.54,17.58,16.45,17.33
20200315,17.57,17.57,14.4445,14.7
20200322,14.8,14.91,11.5895,12.6
20200329,12.39,14.72,12.33,14.5025
20200405,14.5025,14.557,13.82,14.4
20200412,14.46,15.55,14.25,15.44
20200419,15.47,15.84,15.03,15.17
20200426,15.15,15.45,14.54,15.24
20200503,15.22,15.5,14.711,14.95
20200510,14.98,15.64,14.71,15.51
20200517,15.5,16.73,15.28,16.62
20200524,16.84,17.64,16.68,17.18
20200531,17.2,17.91,16.85,17.86
20200607,18.03,18.38,17.22,17.4
20200614,17.38,18.19,17.32,17.5
20200621,17.47,17.81,16.96,17.66
20200628,17.69,18.07,17.41,17.83
20200705,17.84,18.45,17.69,18.0485
20200712,18.0395,19.04,17.95,18.72
20200719,18.73,19.48,18.71,19.33
20200726,19.35,23.26,19.2497,22.7525
20200802,22.74,26.19,22.31,24.32
20200809,24.61,29.86,24.03,28.09
20200816,28.48,29.4,23.46,26.4
20200823,26.55,28.46,25.84,26.72
20200830,26.85,27.91,26.07,27.51
20200906,27.52,28.9,26.31,26.91
20200913,26.89,27.49,25.86,26.7755
20200920,26.69,27.63,26.31,26.81
20200927,26.74,26.9645,21.67,22.9
20201004,22.91,24.4065,22.52,23.7635
20201011,23.83,25.16,22.88,25.15
20201018,25.1,25.56,23.5785,24.14
20201025,24.17,25.2885,24.12,24.62
20201101,24.26,24.62,22.59,23.65
20201108,23.58,25.84,23.24,25.58
20201115,25.7,26,23.58,24.63
20201122,24.71,25.07,23.6405,24.2
20201129,24.13,24.4,22.34,22.6915
20201206,22.72,24.41,21.9,24.17
20201213,24.23,24.87,23.54,23.96
20201220,24.03,26.13,23.68,25.7725
20201227,25.98,27.4,24.98,25.7945
20210103,26,26.77,25.93,26.389
20210110,26.64,27.92,24.49,25.31
20210117,25.37,25.89,24.34,24.71
20210124,24.75,26.05,24.14,25.45
20210131,25.46,27.65,24.7,26.91
20210207,28.3,30.03,25.91,26.86
20210214,27.08,27.81,26.7085,27.26
20210221,27.41,27.95,26.25,27.19
20210228,27.37,28.33,26.1415,26.55
20210307,26.65,27.08,24.83,25.18
20210314,25.36,26.46,24.96,25.9
20210321,26.05,26.64,25.77,26.24
20210328,25.84,25.96,24.42,25.07
20210404,25.069,25.107,23.78,24.959
20210411,24.976,25.62,24.61,25.25
20210418,25.246,26.3,24.68,25.96
20210425,25.964,26.64,25.64,26
20210502,25.991,26.475,25.72,25.87
20210509,25.93,27.68,25.81,27.45
20210516,27.54,27.87,26.74,27.41
20210523,27.4,28.75,27.21,27.53
20210530,27.58,28.23,27.4,27.93
20210606,27.95,28.55,27.0385,27.78
20210613,27.8,28.29,27.47,27.9125
20210620,27.95,28.02,25.74,25.7625
20210627,25.81,26.3,25.56,26.07
20210704,26.13,26.57,25.54,26.48
20210711,26.49,26.82,25.77,26.12
20210718,26.1,26.4655,25.6,25.66
20210725,25.68,25.765,24.76,25.1865
20210801,25.21,25.8,24.5,25.48
20210808,25.52,26.01,24.1975,24.3095
20210815,24.33,24.37,22.25,23.72
20210822,23.74,23.96,22.88,23.04
20210829,23.02,24.12,22.98,24.07
20210905,24.0255,24.8725,23.74,24.7095
20210912,24.7975,24.8295,23.74,23.7555
20210919,23.7605,23.97,22.33,22.3935
20210926,22.3665,23.1455,22.0385,22.3725
20211003,22.4065,22.8495,21.4225,22.5015
20211010,22.5025,23.1865,22.2175,22.6465
20211017,22.6725,23.5915,22.3485,23.3225
20211024,23.3275,24.8285,23.0205,24.3335
20211031,24.37,24.6175,23.6625,23.8785
20211107,23.8015,24.1685,23.0275,24.1635
20211114,24.186,25.3845,24.0325,25.3045
20211121,25.3195,25.4055,24.5605,24.5865
20211128,24.6415,24.8865,22.9235,23.1435
20211205,23.1345,23.4435,22.0395,22.5455
20211212,22.6105,22.6135,21.8295,22.1765
20211219,22.1855,22.6795,21.4285,22.3635
20211226,22.3985,22.9345,22.1835,22.8815
20220102,22.8735,23.4345,22.5942,23.2665
20220109,23.342,23.4025,21.9545,22.3065
20220116,22.342,23.3115,22.1985,22.9445
20220123,22.981,24.6995,22.8074,24.2285
20220130,24.268,24.3135,22.1515,22.4075
20220206,22.462,23.0455,22.0115,22.5035
20220213,22.525,23.7145,22.514,23.6125
20220220,23.624,24.0855,23.0885,23.9265
20220227,24.033,25.6175,23.7005,24.2475
20220306,24.664,25.7375,24.0945,25.5905
20220313,25.879,26.9295,25.2985,25.8215
20220320,25.6555,25.7635,24.4725,24.9715
20220327,24.9935,25.8505,24.5805,25.5245
20220403,25.52,25.5955,23.9785,24.6035
20220410,24.628,24.9415,24.1285,24.7265
20220417,24.789,25.8725,24.6775,25.65
20220424,25.674,26.2185,24.0535,24.1715
20220501,24.15,24.1785,22.7365,22.7695
20220508,22.761,23.2785,22.1065,22.3735
20220515,22.34,22.3725,20.4595,21.0455
20220522,21.09,22.0785,20.8475,21.7625
20220529,21.794,22.4455,21.6715,22.0795
20220605,22.117,22.4835,21.4405,21.9255
20220612,21.923,22.5155,21.2905,21.8765
20220619,21.939,22.0125,20.9005,21.6585
20220626,21.69,21.9385,20.6155,21.1455
20220703,21.228,21.5395,19.3895,19.8725
20220710,19.894,20.2055,18.9235,19.3005
20220717,19.297,19.4115,18.1465,18.6645
20220724,18.698,19.0975,18.2465,18.5805
20220731,18.604,20.3115,18.3195,20.2695
20220807,20.34,20.5095,19.5655,19.8815
20220814,19.904,20.8405,19.8015,20.8045
20220821,20.789,20.8735,19.0305,19.0525
20220828,19.057,19.4225,18.7245,18.8555
20220904,18.8785,18.9085,17.5665,17.9855
20220911,18.046,18.9485,17.8495,18.7985
20220918,18.874,20.0145,18.7845,19.5365
20220925,19.554,19.9145,18.7765,18.8635
20221002,18.869,19.2915,17.9735,19.0195
20221009,19.016,21.2385,19.011,20.0945
20221016,20.168,20.1925,18.0915,18.2545
20221023,18.258,19.3055,18.228,19.2815
20221030,19.416,19.7785,18.7905,19.2695
20221106,19.2195,20.9065,18.8355,20.8615
20221113,20.468,22.0515,20.3875,21.6565
20221120,21.676,22.2475,20.7635,20.9035
20221127,20.949,21.6775,20.5885,21.4605
20221204,21.386,23.236,20.8715,23.137
20221211,23.096,23.686,22.045,23.421
20221218,23.455,24.123,22.559,23.205
20221225,23.185,24.302,22.84,23.734
20230101,23.725,24.282,23.467,23.935
20230108,23.969,24.547,23.12,23.846
20230115,23.887,24.294,23.219,24.275
20230122,24.276,24.512,23.174,23.938
20230129,23.936,24.29,22.766,23.565
20230205,23.574,24.624,22.291,22.349
20230212,22.324,22.617,21.837,22.021
20230219,22.014,22.083,21.18,21.767
20230226,21.681,21.982,20.739,20.766
20230305,20.81,21.27,20.426,21.256
20230312,21.258,21.307,19.905,20.527
20230319,20.741,22.606,20.595,22.604
20230326,22.415,23.525,22.158,23.225
20230402,23.284,24.163,22.832,24.081
20230409,24.099,25.138,23.574,24.9815
20230416,24.782,26.086,24.654,25.379
20230423,25.33,25.604,24.647,25.036
20230430,25.088,25.36,24.499,25.035
20230507,25.057,26.137,24.583,25.66
20230514,25.666,25.916,23.741,23.984
20230521,23.9405,24.211,23.331,23.818
20230528,23.852,23.92,22.686,23.295
20230604,23.298,24.022,22.93,23.62
20230611,23.604,24.525,23.254,24.273
20230618,24.288,24.393,23.224,24.15
20230625,24.166,24.2,22.113,22.413
20230702,22.428,23.095,22.284,22.775
20230709,22.788,23.301,22.5275,23.094
20230716,23.115,25.024,22.7515,24.901
20230723,24.924,25.268,24.5925,24.602
20230730,24.607,25.1447,24.046,24.322
20230806,24.348,24.838,23.3345,23.604
20230813,23.629,23.683,22.575,22.6805
20230820,22.678,23.009,22.2285,22.757
20230827,22.733,24.3795,22.6695,24.2355
20230903,24.234,25.013,24.054,24.174
20230910,24.199,24.294,22.8385,22.92
20230917,22.9165,23.29,22.302,23.018
20230924,23.0485,23.7755,22.8125,23.5475
20231001,23.545,23.6495,22.115,22.181
20231008,22.181,22.189,20.6895,21.5315
20231015,21.8135,22.8145,21.5745,22.6845
20231022,22.7175,23.6995,22.374,23.3495
20231029,23.331,23.3345,22.449,23.105
20231105,23.0585,23.6055,22.545,23.216
20231112,23.2215,23.2575,22.196,22.21
20231119,22.2575,24.1465,21.883,23.7345
20231126,23.716,24.3385,23.2465,24.3325
20231203,24.333,25.523,24.271,25.467
20231210,25.5375,25.9055,22.9425,23.0285
20231217,22.9975,24.288,22.511,23.83
20231224,23.857,24.604,23.6635,24.156
20231231,24.175,24.492,23.5395,23.7955
20240107,23.831,24.0945,22.696,23.181
20240114,23.1465,23.532,22.477,23.158
20240121,23.1835,23.3367,22.429,22.582
20240128,22.6035,23.025,21.929,22.807
20240204,22.8125,23.3225,22.4075,22.6625
20240211,22.729,22.7355,22.145,22.612
20240218,22.568,23.502,21.938,23.39
20240225,23.4145,23.4555,22.563,22.959
20240303,22.951,23.269,22.277,23.16
20240310,23.1605,24.63,23.0215,24.295
20240317,24.327,25.445,24.012,25.182
20240324,25.118,25.7795,24.407,24.674
20240331,24.662,25.025,24.331,24.9735
20240407,25.0265,27.49,24.746,27.384
20240414,27.444,29.7945,26.869,28.0305
20240421,28.2135,29.02,27.5905,28.6715
20240428,28.65,28.6715,26.668,27.226
20240505,27.1975,27.433,26.02,26.504
20240512,26.5915,28.7665,26.436,28.2085
20240519,28.209,31.558,27.9715,31.516
20240526,31.5785,32.511,30.0505,30.3525
20240602,30.372,32.2975,30.195,30.382
20240609,30.4545,31.55,29.1315,29.1725
20240616,29.2035,30.2585,28.67,29.5795
20240623,29.563,30.8515,28.9285,29.5405
20240630,29.52,29.728,28.5745,29.1125
20240707,29.175,31.487,28.9615,31.218
20240714,31.1775,31.7515,30.3895,30.7875
20240721,30.802,31.4255,28.877,29.22
20240728,29.2045,29.4525,27.4275,27.903
20240804,27.9115,29.2225,27.319,28.5335
20240811,28.5735,28.6745,26.4665,27.4019
20240818,27.4685,28.976,27.19,28.969
20240825,29.007,29.9715,28.7325,29.8325
20240901,29.8645,30.188,28.6925,28.8625
20240908,28.8585,29.173,27.6885,27.9205
20240915,27.936,30.919,27.708,30.73
20240922,30.7315,31.4315,29.7075,31.1455
20240929,31.23,32.713,30.3595,31.634
20241006,31.658,32.956,30.894,32.196
20241013,32.212,32.337,30.127,31.5665
20241020,30.8875,33.681,30.7665,33.619
20241027,33.7605,34.866,33.089,33.587
20241103,33.506,34.545,32.3345,32.4475
20241110,32.41,32.9245,30.8355,31.253
20241117,31.3,31.5615,29.679,30.251
20241124,30.305,31.5355,30.276,31.2285
20241201,31.327,31.4775,29.646,30.631
20241208,30.6525,31.4755,30.0585,30.9925
20241215,31.0315,32.329,30.2945,30.4755
20241222,30.5635,30.752,28.7495,29.5405
20241229,29.488,29.895,29.328,29.381
20250105,29.365,29.897,28.7835,29.612
20250112,29.646,30.658,29.412,30.328
20250119,30.418,30.9745,29.506,30.3135
20250126,30.3675,31.022,30.009,30.646
20250202,30.542,31.7335,29.7085,31.336
20250209,31.4795,32.649,30.683,31.856
20250216,31.727,33.391,31.257,32.18
20250223,32.204,33.2085,31.931,32.5395
20250302,32.5215,32.7525,30.8195,31.1075
20250309,31.151,32.7635,31.1225,32.4915
20250316,32.552,34.081,31.819,33.806
20250323,33.815,34.229,32.665,33.038
20250330,33.0505,34.576,32.8915,34.129
20250406,34.139,34.47,29.198,29.741
20250413,29.132,32.2785,28.39,32.1005
20250420,32.3445,33.101,31.752,32.5465
20250427,32.558,33.688,32.0985,33.037
20250504,33.1225,33.5335,31.6725,32.024
20250511,31.999,33.2555,31.989,32.758
20250518,32.398,33.2315,31.655,32.2445
20250525,32.2855,33.7035,32.126,33.4845
20250601,33.3995,33.775,32.6995,32.9935
20250608,33.0395,36.331,32.9565,35.953
20250615,36.015,36.888,35.46,36.264
20250622,36.307,37.3155,35.516,36.017
20250629,36.042,36.831,35.286,35.9215
20250706,36.0175,37.0735,35.421,36.9265
20250713,36.965,38.5385,36.1575,38.5075
20250720,38.4135,39.1295,37.505,38.117
20250727,38.1255,39.5305,37.9555,38.1695
20250803,38.105,38.342,36.2145,36.9795
20250810,37.0045,38.507,36.683,38.394
20250817,38.398,38.735,37.513,37.992
20250824,38.017,39.063,36.969,38.921
20250831,38.9575,39.969,38.099,39.829
20250907,39.7455,41.468,39.5415,40.989
20250914,40.937,42.464,40.5425,42.212
20250921,42.219,43.082,41.146,42.989
20250928,43.0975,46.631,43.028,46.106
20251005,46.128,48.371,45.813,47.979
20251012,48.081,51.225,47.345,49.998
20251019,50.259,54.481,49.867,51.771
20251026,51.5765,52.785,47.533,48.5095
20251102,48.442,49.368,45.5595,48.68
20251109,48.567,49.1075,46.882,48.405
20251116,48.382,54.393,48.382,50.674
20251123,50.437,52.47,48.647,49.961
20251130,50.2865,56.5255,49.727,56.4205
20251207,56.749,59.332,56.228,58.386
20251214,58.395,64.659,57.619,61.863
20251221,61.74,67.4545,61.6455,67.201
20251228,67.4,78.542,67.201,78.425
20260104,81.573,83.959,70.086,72.56
20260111,73.425,82.74,72.9395,79.83
20260118,80.8065,93.685,79.83,89.334
20260125,91.3645,102.5675,90.3565,102.5025
20260201,104.984,121.643,73.784,83.136
20260208,80.654,92.19,64.137,77.478
20260215,79.11,86.298,74.004,77.012
20260222,77.823,84.615,72.079,84.542
20260301,85.0925,94.159,84.542,93.82
20260308,95.229,96.416,78.007,83.898
