Date,Open,High,Low,Close
17920301,1.29,1.29,1.29,1.29
17920601,1.29,1.29,1.29,1.29
17920901,1.29,1.29,1.29,1.29
17921201,1.29,1.29,1.29,1.29
17930301,1.29,1.29,1.29,1.29
17930601,1.29,1.29,1.29,1.29
17930901,1.29,1.29,1.29,1.29
17931201,1.29,1.29,1.29,1.29
17940301,1.29,1.29,1.29,1.29
17940601,1.29,1.29,1.29,1.29
17940901,1.29,1.29,1.29,1.29
17941201,1.29,1.29,1.29,1.29
17950301,1.29,1.29,1.29,1.29
17950601,1.29,1.29,1.29,1.29
17950901,1.29,1.29,1.29,1.29
17951201,1.29,1.29,1.29,1.29
17960301,1.29,1.29,1.29,1.29
17960601,1.29,1.29,1.29,1.29
17960901,1.29,1.29,1.29,1.29
17961201,1.29,1.29,1.29,1.29
17970301,1.29,1.29,1.29,1.29
17970601,1.29,1.29,1.29,1.29
17970901,1.29,1.29,1.29,1.29
17971201,1.29,1.29,1.29,1.29
17980301,1.29,1.29,1.29,1.29
17980601,1.29,1.29,1.29,1.29
17980901,1.29,1.29,1.29,1.29
17981201,1.29,1.29,1.29,1.29
17990301,1.29,1.29,1.29,1.29
17990601,1.29,1.29,1.29,1.29
17990901,1.29,1.29,1.29,1.29
17991201,1.29,1.29,1.29,1.29
18000301,1.29,1.29,1.29,1.29
18000601,1.29,1.29,1.29,1.29
18000901,1.29,1.29,1.29,1.29
18001201,1.29,1.29,1.29,1.29
18010301,1.29,1.29,1.29,1.29
18010601,1.29,1.29,1.29,1.29
18010901,1.29,1.29,1.29,1.29
18011201,1.29,1.29,1.29,1.29
18020301,1.29,1.29,1.29,1.29
18020601,1.29,1.29,1.29,1.29
18020901,1.29,1.29,1.29,1.29
18021201,1.29,1.29,1.29,1.29
18030301,1.29,1.29,1.29,1.29
18030601,1.29,1.29,1.29,1.29
18030901,1.29,1.29,1.29,1.29
18031201,1.29,1.29,1.29,1.29
18040301,1.29,1.29,1.29,1.29
18040601,1.29,1.29,1.29,1.29
18040901,1.29,1.29,1.29,1.29
18041201,1.29,1.29,1.29,1.29
18050301,1.29,1.29,1.29,1.29
18050601,1.29,1.29,1.29,1.29
18050901,1.29,1.29,1.29,1.29
18051201,1.29,1.29,1.29,1.29
18060301,1.29,1.29,1.29,1.29
18060601,1.29,1.29,1.29,1.29
18060901,1.29,1.29,1.29,1.29
18061201,1.29,1.29,1.29,1.29
18070301,1.29,1.29,1.29,1.29
18070601,1.29,1.29,1.29,1.29
18070901,1.29,1.29,1.29,1.29
18071201,1.29,1.29,1.29,1.29
18080301,1.29,1.29,1.29,1.29
18080601,1.29,1.29,1.29,1.29
18080901,1.29,1.29,1.29,1.29
18081201,1.29,1.29,1.29,1.29
18090301,1.29,1.29,1.29,1.29
18090601,1.29,1.29,1.29,1.29
18090901,1.29,1.29,1.29,1.29
18091201,1.29,1.29,1.29,1.29
18100301,1.29,1.29,1.29,1.29
18100601,1.29,1.29,1.29,1.29
18100901,1.29,1.29,1.29,1.29
18101201,1.29,1.29,1.29,1.29
18110301,1.29,1.29,1.29,1.29
18110601,1.29,1.29,1.29,1.29
18110901,1.29,1.29,1.29,1.29
18111201,1.29,1.29,1.29,1.29
18120301,1.29,1.29,1.29,1.29
18120601,1.29,1.29,1.29,1.29
18120901,1.29,1.29,1.29,1.29
18121201,1.29,1.29,1.29,1.29
18130301,1.29,1.29,1.29,1.29
18130601,1.29,1.29,1.29,1.29
18130901,1.29,1.29,1.29,1.29
18131201,1.29,1.29,1.29,1.29
18140301,1.29,1.45,1.29,1.45
18140601,1.45,1.45,1.45,1.45
18140901,1.45,1.45,1.45,1.45
18141201,1.45,1.45,1.45,1.45
18150301,1.45,1.48,1.45,1.48
18150601,1.48,1.48,1.48,1.48
18150901,1.48,1.48,1.48,1.48
18151201,1.48,1.48,1.48,1.48
18160301,1.48,1.48,1.32,1.32
18160601,1.32,1.32,1.32,1.32
18160901,1.32,1.32,1.32,1.32
18161201,1.32,1.32,1.32,1.32
18170301,1.32,1.32,1.29,1.29
18170601,1.29,1.29,1.29,1.29
18170901,1.29,1.29,1.29,1.29
18171201,1.29,1.29,1.29,1.29
18180301,1.29,1.29,1.29,1.29
18180601,1.29,1.29,1.29,1.29
18180901,1.29,1.29,1.29,1.29
18181201,1.29,1.29,1.29,1.29
18190301,1.29,1.29,1.29,1.29
18190601,1.29,1.29,1.29,1.29
18190901,1.29,1.29,1.29,1.29
18191201,1.29,1.29,1.29,1.29
18200301,1.29,1.29,1.29,1.29
18200601,1.29,1.29,1.29,1.29
18200901,1.29,1.29,1.29,1.29
18201201,1.29,1.29,1.29,1.29
18210301,1.29,1.29,1.29,1.29
18210601,1.29,1.29,1.29,1.29
18210901,1.29,1.29,1.29,1.29
18211201,1.29,1.29,1.29,1.29
18220301,1.29,1.29,1.29,1.29
18220601,1.29,1.29,1.29,1.29
18220901,1.29,1.29,1.29,1.29
18221201,1.29,1.29,1.29,1.29
18230301,1.29,1.29,1.29,1.29
18230601,1.29,1.29,1.29,1.29
18230901,1.29,1.29,1.29,1.29
18231201,1.29,1.29,1.29,1.29
18240301,1.29,1.29,1.29,1.29
18240601,1.29,1.29,1.29,1.29
18240901,1.29,1.29,1.29,1.29
18241201,1.29,1.29,1.29,1.29
18250301,1.29,1.29,1.29,1.29
18250601,1.29,1.29,1.29,1.29
18250901,1.29,1.29,1.29,1.29
18251201,1.29,1.29,1.29,1.29
18260301,1.29,1.29,1.29,1.29
18260601,1.29,1.29,1.29,1.29
18260901,1.29,1.29,1.29,1.29
18261201,1.29,1.29,1.29,1.29
18270301,1.29,1.29,1.29,1.29
18270601,1.29,1.29,1.29,1.29
18270901,1.29,1.29,1.29,1.29
18271201,1.29,1.29,1.29,1.29
18280301,1.29,1.29,1.29,1.29
18280601,1.29,1.29,1.29,1.29
18280901,1.29,1.29,1.29,1.29
18281201,1.29,1.29,1.29,1.29
18290301,1.29,1.29,1.29,1.29
18290601,1.29,1.29,1.29,1.29
18290901,1.29,1.29,1.29,1.29
18291201,1.29,1.29,1.29,1.29
18300301,1.29,1.29,1.29,1.29
18300601,1.29,1.29,1.29,1.29
18300901,1.29,1.29,1.29,1.29
18301201,1.29,1.29,1.29,1.29
18310301,1.29,1.29,1.29,1.29
18310601,1.29,1.29,1.29,1.29
18310901,1.29,1.29,1.29,1.29
18311201,1.29,1.29,1.29,1.29
18320301,1.29,1.29,1.29,1.29
18320601,1.29,1.29,1.29,1.29
18320901,1.29,1.29,1.29,1.29
18321201,1.29,1.29,1.29,1.29
18330301,1.29,1.29,1.29,1.29
18330601,1.29,1.29,1.29,1.29
18330901,1.29,1.29,1.29,1.29
18331201,1.29,1.29,1.29,1.29
18340301,1.29,1.29,1.29,1.29
18340601,1.29,1.29,1.29,1.29
18340901,1.29,1.29,1.29,1.29
18341201,1.29,1.29,1.29,1.29
18350301,1.29,1.29,1.29,1.29
18350601,1.29,1.29,1.29,1.29
18350901,1.29,1.29,1.29,1.29
18351201,1.29,1.29,1.29,1.29
18360301,1.29,1.29,1.29,1.29
18360601,1.29,1.29,1.29,1.29
18360901,1.29,1.29,1.29,1.29
18361201,1.29,1.29,1.29,1.29
18370301,1.29,1.35,1.29,1.35
18370601,1.35,1.35,1.35,1.35
18370901,1.35,1.35,1.35,1.35
18371201,1.35,1.35,1.35,1.35
18380301,1.35,1.35,1.30,1.30
18380601,1.30,1.30,1.30,1.30
18380901,1.30,1.30,1.30,1.30
18381201,1.30,1.30,1.30,1.30
18390301,1.30,1.30,1.30,1.30
18390601,1.30,1.30,1.30,1.30
18390901,1.30,1.30,1.30,1.30
18391201,1.30,1.30,1.30,1.30
18400301,1.30,1.30,1.30,1.30
18400601,1.30,1.30,1.30,1.30
18400901,1.30,1.30,1.30,1.30
18401201,1.30,1.30,1.30,1.30
18410301,1.30,1.30,1.29,1.29
18410601,1.29,1.29,1.29,1.29
18410901,1.29,1.29,1.29,1.29
18411201,1.29,1.29,1.29,1.29
18420301,1.29,1.29,1.29,1.29
18420601,1.29,1.29,1.29,1.29
18420901,1.29,1.29,1.29,1.29
18421201,1.29,1.29,1.29,1.29
18430301,1.29,1.29,1.29,1.29
18430601,1.29,1.29,1.29,1.29
18430901,1.29,1.29,1.29,1.29
18431201,1.29,1.29,1.29,1.29
18440301,1.29,1.29,1.29,1.29
18440601,1.29,1.29,1.29,1.29
18440901,1.29,1.29,1.29,1.29
18441201,1.29,1.29,1.29,1.29
18450301,1.29,1.29,1.29,1.29
18450601,1.29,1.29,1.29,1.29
18450901,1.29,1.29,1.29,1.29
18451201,1.29,1.29,1.29,1.29
18460301,1.29,1.29,1.29,1.29
18460601,1.29,1.29,1.29,1.29
18460901,1.29,1.29,1.29,1.29
18461201,1.29,1.29,1.29,1.29
18470301,1.29,1.29,1.29,1.29
18470601,1.29,1.29,1.29,1.29
18470901,1.29,1.29,1.29,1.29
18471201,1.29,1.29,1.29,1.29
18480301,1.29,1.29,1.29,1.29
18480601,1.29,1.29,1.29,1.29
18480901,1.29,1.29,1.29,1.29
18481201,1.29,1.29,1.29,1.29
18490301,1.29,1.29,1.29,1.29
18490601,1.29,1.29,1.29,1.29
18490901,1.29,1.29,1.29,1.29
18491201,1.29,1.29,1.29,1.29
18500301,1.29,1.29,1.29,1.29
18500601,1.29,1.29,1.29,1.29
18500901,1.29,1.29,1.29,1.29
18501201,1.29,1.29,1.29,1.29
18510301,1.29,1.29,1.29,1.29
18510601,1.29,1.29,1.29,1.29
18510901,1.29,1.29,1.29,1.29
18511201,1.29,1.29,1.29,1.29
18520301,1.29,1.29,1.29,1.29
18520601,1.29,1.29,1.29,1.29
18520901,1.29,1.29,1.29,1.29
18521201,1.29,1.29,1.29,1.29
18530301,1.29,1.29,1.29,1.29
18530601,1.29,1.29,1.29,1.29
18530901,1.29,1.29,1.29,1.29
18531201,1.29,1.29,1.29,1.29
18540301,1.29,1.29,1.29,1.29
18540601,1.29,1.29,1.29,1.29
18540901,1.29,1.29,1.29,1.29
18541201,1.29,1.29,1.29,1.29
18550301,1.29,1.29,1.29,1.29
18550601,1.29,1.29,1.29,1.29
18550901,1.29,1.29,1.29,1.29
18551201,1.29,1.29,1.29,1.29
18560301,1.29,1.29,1.29,1.29
18560601,1.29,1.29,1.29,1.29
18560901,1.29,1.29,1.29,1.29
18561201,1.29,1.29,1.29,1.29
18570301,1.29,1.29,1.29,1.29
18570601,1.29,1.29,1.29,1.29
18570901,1.29,1.29,1.29,1.29
18571201,1.29,1.29,1.29,1.29
18580301,1.29,1.29,1.29,1.29
18580601,1.29,1.29,1.29,1.29
18580901,1.29,1.29,1.29,1.29
18581201,1.29,1.29,1.29,1.29
18590301,1.29,1.29,1.29,1.29
18590601,1.29,1.29,1.29,1.29
18590901,1.29,1.29,1.29,1.29
18591201,1.29,1.29,1.29,1.29
18600301,1.29,1.29,1.29,1.29
18600601,1.29,1.29,1.29,1.29
18600901,1.29,1.29,1.29,1.29
18601201,1.29,1.29,1.29,1.29
18610301,1.29,1.29,1.29,1.29
18610601,1.29,1.29,1.29,1.29
18610901,1.29,1.29,1.29,1.29
18611201,1.29,1.29,1.29,1.29
18620301,1.29,1.71,1.29,1.71
18620601,1.71,1.71,1.71,1.71
18620901,1.71,1.71,1.71,1.71
18621201,1.71,1.71,1.71,1.71
18630301,1.71,1.95,1.71,1.95
18630601,1.95,1.95,1.95,1.95
18630901,1.95,1.95,1.95,1.95
18631201,1.95,1.95,1.95,1.95
18640301,1.95,2.94,1.95,2.94
18640601,2.94,2.94,2.94,2.94
18640901,2.94,2.94,2.94,2.94
18641201,2.94,2.94,2.94,2.94
18650301,2.94,2.94,1.89,1.89
18650601,1.89,1.89,1.89,1.89
18650901,1.89,1.89,1.89,1.89
18651201,1.89,1.89,1.89,1.89
18660301,1.89,1.89,1.77,1.77
18660601,1.77,1.77,1.77,1.77
18660901,1.77,1.77,1.77,1.77
18661201,1.77,1.77,1.77,1.77
18670301,1.77,1.77,1.74,1.74
18670601,1.74,1.74,1.74,1.74
18670901,1.74,1.74,1.74,1.74
18671201,1.74,1.74,1.74,1.74
18680301,1.74,1.75,1.74,1.75
18680601,1.75,1.75,1.75,1.75
18680901,1.75,1.75,1.75,1.75
18681201,1.75,1.75,1.75,1.75
18690301,1.75,1.75,1.57,1.57
18690601,1.57,1.57,1.57,1.57
18690901,1.57,1.57,1.57,1.57
18691201,1.57,1.57,1.57,1.57
18700301,1.57,1.57,1.43,1.43
18700601,1.43,1.43,1.43,1.43
18700901,1.43,1.43,1.43,1.43
18701201,1.43,1.43,1.43,1.43
18710301,1.43,1.43,1.41,1.41
18710601,1.41,1.41,1.41,1.41
18710901,1.41,1.41,1.41,1.41
18711201,1.41,1.41,1.41,1.41
18720301,1.41,1.45,1.41,1.45
18720601,1.45,1.45,1.45,1.45
18720901,1.45,1.45,1.45,1.45
18721201,1.45,1.45,1.45,1.45
18730301,1.45,1.45,1.42,1.42
18730601,1.42,1.42,1.42,1.42
18730901,1.42,1.42,1.42,1.42
18731201,1.42,1.42,1.42,1.42
18740301,1.42,1.42,1.41,1.41
18740601,1.41,1.41,1.41,1.41
18740901,1.41,1.41,1.41,1.41
18741201,1.41,1.41,1.41,1.41
18750301,1.41,1.41,1.39,1.39
18750601,1.39,1.39,1.39,1.39
18750901,1.39,1.39,1.39,1.39
18751201,1.39,1.39,1.39,1.39
18760301,1.39,1.39,1.31,1.31
18760601,1.31,1.31,1.31,1.31
18760901,1.31,1.31,1.31,1.31
18761201,1.31,1.31,1.31,1.31
18770301,1.31,1.31,1.21,1.21
18770601,1.21,1.21,1.21,1.21
18770901,1.21,1.21,1.21,1.21
18771201,1.21,1.21,1.21,1.21
18780301,1.21,1.21,1.10,1.10
18780601,1.10,1.10,1.10,1.10
18780901,1.10,1.10,1.10,1.10
18781201,1.10,1.10,1.10,1.10
18790301,1.10,1.14,1.10,1.14
18790601,1.14,1.14,1.14,1.14
18790901,1.14,1.14,1.14,1.14
18791201,1.14,1.14,1.14,1.14
18800301,1.14,1.14,1.12,1.12
18800601,1.12,1.12,1.12,1.12
18800901,1.12,1.12,1.12,1.12
18801201,1.12,1.12,1.12,1.12
18810301,1.12,1.13,1.12,1.13
18810601,1.13,1.13,1.13,1.13
18810901,1.13,1.13,1.13,1.13
18811201,1.13,1.13,1.13,1.13
18820301,1.13,1.13,1.10,1.10
18820601,1.10,1.10,1.10,1.10
18820901,1.10,1.10,1.10,1.10
18821201,1.10,1.10,1.10,1.10
18830301,1.10,1.11,1.10,1.11
18830601,1.11,1.11,1.11,1.11
18830901,1.11,1.11,1.11,1.11
18831201,1.11,1.11,1.11,1.11
18840301,1.11,1.11,1.08,1.08
18840601,1.08,1.08,1.08,1.08
18840901,1.08,1.08,1.08,1.08
18841201,1.08,1.08,1.08,1.08
18850301,1.08,1.08,1.03,1.03
18850601,1.03,1.03,1.03,1.03
18850901,1.03,1.03,1.03,1.03
18851201,1.03,1.03,1.03,1.03
18860301,1.03,1.03,1.01,1.01
18860601,1.01,1.01,1.01,1.01
18860901,1.01,1.01,1.01,1.01
18861201,1.01,1.01,1.01,1.01
18870301,1.01,1.01,0.97,0.97
18870601,0.97,0.97,0.97,0.97
18870901,0.97,0.97,0.97,0.97
18871201,0.97,0.97,0.97,0.97
18880301,0.97,0.97,0.94,0.94
18880601,0.94,0.94,0.94,0.94
18880901,0.94,0.94,0.94,0.94
18881201,0.94,0.94,0.94,0.94
18890301,0.94,0.96,0.94,0.96
18890601,0.96,0.96,0.96,0.96
18890901,0.96,0.96,0.96,0.96
18891201,0.96,0.96,0.96,0.96
18900301,0.96,1.06,0.96,1.06
18900601,1.06,1.06,1.06,1.06
18900901,1.06,1.06,1.06,1.06
18901201,1.06,1.06,1.06,1.06
18910301,1.06,1.06,0.96,0.96
18910601,0.96,0.96,0.96,0.96
18910901,0.96,0.96,0.96,0.96
18911201,0.96,0.96,0.96,0.96
18920301,0.96,0.96,0.84,0.84
18920601,0.84,0.84,0.84,0.84
18920901,0.84,0.84,0.84,0.84
18921201,0.84,0.84,0.84,0.84
18930301,0.84,0.84,0.70,0.70
18930601,0.70,0.70,0.70,0.70
18930901,0.70,0.70,0.70,0.70
18931201,0.70,0.70,0.70,0.70
18940301,0.70,0.70,0.61,0.61
18940601,0.61,0.61,0.61,0.61
18940901,0.61,0.61,0.61,0.61
18941201,0.61,0.61,0.61,0.61
18950301,0.61,0.68,0.61,0.68
18950601,0.68,0.68,0.68,0.68
18950901,0.68,0.68,0.68,0.68
18951201,0.68,0.68,0.68,0.68
18960301,0.68,0.68,0.66,0.66
18960601,0.66,0.66,0.66,0.66
18960901,0.66,0.66,0.66,0.66
18961201,0.66,0.66,0.66,0.66
18970301,0.66,0.66,0.59,0.59
18970601,0.59,0.59,0.59,0.59
18970901,0.59,0.59,0.59,0.59
18971201,0.59,0.59,0.59,0.59
18980301,0.59,0.60,0.59,0.60
18980601,0.60,0.60,0.60,0.60
18980901,0.60,0.60,0.60,0.60
18981201,0.60,0.60,0.60,0.60
18990301,0.60,0.60,0.60,0.60
18990601,0.60,0.60,0.60,0.60
18990901,0.60,0.60,0.60,0.60
18991201,0.60,0.60,0.60,0.60
19000301,0.60,0.65,0.60,0.65
19000601,0.65,0.65,0.65,0.65
19000901,0.65,0.65,0.62,0.62
19001201,0.62,0.62,0.62,0.62
19010301,0.62,0.62,0.60,0.60
19010601,0.60,0.60,0.60,0.60
19010901,0.60,0.60,0.56,0.56
19011201,0.56,0.56,0.56,0.56
19020301,0.56,0.56,0.53,0.53
19020601,0.53,0.53,0.53,0.53
19020901,0.53,0.53,0.49,0.49
19021201,0.49,0.49,0.49,0.49
19030301,0.49,0.54,0.49,0.54
19030601,0.54,0.54,0.54,0.54
19030901,0.54,0.56,0.54,0.56
19031201,0.56,0.56,0.56,0.56
19040301,0.56,0.58,0.56,0.58
19040601,0.58,0.58,0.58,0.58
19040901,0.58,0.61,0.58,0.61
19041201,0.61,0.61,0.61,0.61
19050301,0.61,0.61,0.61,0.61
19050601,0.61,0.61,0.61,0.61
19050901,0.61,0.66,0.61,0.66
19051201,0.66,0.66,0.66,0.66
19060301,0.66,0.70,0.66,0.70
19060601,0.70,0.70,0.70,0.70
19060901,0.70,0.70,0.67,0.67
19061201,0.67,0.67,0.67,0.67
19070301,0.67,0.67,0.66,0.66
19070601,0.66,0.66,0.66,0.66
19070901,0.66,0.66,0.55,0.55
19071201,0.55,0.55,0.55,0.55
19080301,0.55,0.55,0.53,0.53
19080601,0.53,0.53,0.53,0.53
19080901,0.53,0.53,0.49,0.49
19081201,0.49,0.49,0.49,0.49
19090301,0.49,0.52,0.49,0.52
19090601,0.52,0.52,0.52,0.52
19090901,0.52,0.53,0.52,0.53
19091201,0.53,0.53,0.53,0.53
19100301,0.53,0.54,0.53,0.54
19100601,0.54,0.54,0.54,0.54
19100901,0.54,0.55,0.54,0.55
19101201,0.55,0.55,0.55,0.55
19110301,0.55,0.55,0.54,0.54
19110601,0.54,0.54,0.54,0.54
19110901,0.54,0.56,0.54,0.56
19111201,0.56,0.56,0.56,0.56
19120301,0.56,0.62,0.56,0.62
19120601,0.62,0.62,0.62,0.62
19120901,0.62,0.64,0.62,0.64
19121201,0.64,0.64,0.64,0.64
19130301,0.64,0.64,0.61,0.61
19130601,0.61,0.61,0.61,0.61
19130901,0.61,0.61,0.58,0.58
19131201,0.58,0.58,0.58,0.58
19140301,0.58,0.58,0.56,0.56
19140601,0.56,0.56,0.56,0.56
19140901,0.56,0.56,0.50,0.50
19141201,0.50,0.50,0.50,0.50
19150301,0.50,0.51,0.50,0.51
19150601,0.51,0.51,0.51,0.51
19150901,0.51,0.56,0.51,0.56
19151201,0.56,0.56,0.56,0.56
19160301,0.56,0.67,0.56,0.67
19160601,0.67,0.67,0.67,0.67
19160901,0.67,0.76,0.67,0.76
19161201,0.76,0.76,0.76,0.76
19170301,0.76,0.84,0.76,0.84
19170601,0.84,0.84,0.84,0.84
19170901,0.84,0.90,0.84,0.90
19171201,0.90,0.90,0.90,0.90
19180301,0.90,0.98,0.90,0.98
19180601,0.98,0.98,0.98,0.98
19180901,0.98,1.02,0.98,1.02
19181201,1.02,1.02,1.02,1.02
19190301,1.02,1.34,1.02,1.34
19190601,1.34,1.34,1.34,1.34
19190901,1.34,1.34,1.12,1.12
19191201,1.12,1.12,1.12,1.12
19200301,1.12,1.12,1.02,1.02
19200601,1.02,1.02,1.02,1.02
19200901,1.02,1.02,0.66,0.66
19201201,0.66,0.66,0.66,0.66
19210301,0.66,0.66,0.66,0.66
19210601,0.66,0.66,0.66,0.66
19210901,0.66,0.66,0.63,0.63
19211201,0.63,0.63,0.63,0.63
19220301,0.63,0.64,0.63,0.64
19220601,0.64,0.64,0.64,0.64
19220901,0.64,0.68,0.64,0.68
19221201,0.68,0.68,0.68,0.68
19230301,0.68,0.68,0.65,0.65
19230601,0.65,0.65,0.65,0.65
19230901,0.65,0.65,0.65,0.65
19231201,0.65,0.65,0.65,0.65
19240301,0.65,0.67,0.65,0.67
19240601,0.67,0.67,0.67,0.67
19240901,0.67,0.69,0.67,0.69
19241201,0.69,0.69,0.69,0.69
19250301,0.69,0.69,0.69,0.69
19250601,0.69,0.69,0.69,0.69
19250901,0.69,0.69,0.69,0.69
19251201,0.69,0.69,0.69,0.69
19260301,0.69,0.69,0.62,0.62
19260601,0.62,0.62,0.62,0.62
19260901,0.62,0.62,0.54,0.54
19261201,0.54,0.54,0.54,0.54
19270301,0.54,0.57,0.54,0.57
19270601,0.57,0.57,0.57,0.57
19270901,0.57,0.58,0.57,0.58
19271201,0.58,0.58,0.58,0.58
19280301,0.58,0.58,0.58,0.58
19280601,0.58,0.58,0.58,0.58
19280901,0.58,0.58,0.58,0.58
19281201,0.58,0.58,0.58,0.58
19290301,0.58,0.58,0.53,0.53
19290601,0.53,0.53,0.53,0.53
19290901,0.53,0.53,0.49,0.49
19291201,0.49,0.49,0.49,0.49
19300301,0.49,0.49,0.38,0.38
19300601,0.38,0.38,0.38,0.38
19300901,0.38,0.38,0.33,0.33
19301201,0.33,0.33,0.33,0.33
19310301,0.33,0.33,0.30,0.30
19310601,0.30,0.30,0.30,0.30
19310901,0.30,0.30,0.29,0.29
19311201,0.29,0.29,0.29,0.29
19320301,0.29,0.29,0.25,0.25
19320601,0.25,0.25,0.25,0.25
19320901,0.25,0.28,0.25,0.28
19321201,0.28,0.28,0.28,0.28
19330301,0.28,0.35,0.28,0.35
19330601,0.35,0.35,0.35,0.35
19330901,0.35,0.44,0.35,0.44
19331201,0.44,0.44,0.44,0.44
19340301,0.44,0.48,0.44,0.48
19340601,0.48,0.48,0.48,0.48
19340901,0.48,0.54,0.48,0.54
19341201,0.54,0.54,0.54,0.54
19350301,0.54,0.64,0.54,0.64
19350601,0.64,0.64,0.64,0.64
19350901,0.64,0.64,0.58,0.58
19351201,0.58,0.58,0.58,0.58
19360301,0.58,0.58,0.45,0.45
19360601,0.45,0.45,0.45,0.45
19360901,0.45,0.45,0.45,0.45
19361201,0.45,0.45,0.45,0.45
19370301,0.45,0.45,0.45,0.45
19370601,0.45,0.45,0.45,0.45
19370901,0.45,0.45,0.44,0.44
19371201,0.44,0.44,0.44,0.44
19380301,0.44,0.44,0.43,0.43
19380601,0.43,0.43,0.43,0.43
19380901,0.43,0.43,0.43,0.43
19381201,0.43,0.43,0.43,0.43
19390301,0.43,0.43,0.39,0.39
19390601,0.39,0.39,0.39,0.39
19390901,0.39,0.39,0.35,0.35
19391201,0.35,0.35,0.35,0.35
19400301,0.35,0.35,0.35,0.35
19400601,0.35,0.35,0.35,0.35
19400901,0.35,0.35,0.35,0.35
19401201,0.35,0.35,0.35,0.35
19410301,0.35,0.35,0.35,0.35
19410601,0.35,0.35,0.35,0.35
19410901,0.35,0.35,0.35,0.35
19411201,0.35,0.35,0.35,0.35
19420301,0.35,0.38,0.35,0.38
19420601,0.38,0.38,0.38,0.38
19420901,0.38,0.45,0.38,0.45
19421201,0.45,0.45,0.45,0.45
19430301,0.45,0.45,0.45,0.45
19430601,0.45,0.45,0.45,0.45
19430901,0.45,0.45,0.45,0.45
19431201,0.45,0.45,0.45,0.45
19440301,0.45,0.45,0.45,0.45
19440601,0.45,0.45,0.45,0.45
19440901,0.45,0.45,0.45,0.45
19441201,0.45,0.45,0.45,0.45
19450301,0.45,0.52,0.45,0.52
19450601,0.52,0.52,0.52,0.52
19450901,0.52,0.71,0.52,0.71
19451201,0.71,0.71,0.71,0.71
19460301,0.71,0.80,0.71,0.80
19460601,0.80,0.80,0.80,0.80
19460901,0.80,0.87,0.80,0.87
19461201,0.87,0.87,0.87,0.87
19470301,0.87,0.87,0.75,0.75
19470601,0.75,0.75,0.75,0.75
19470901,0.75,0.75,0.72,0.72
19471201,0.72,0.72,0.72,0.72
19480301,0.72,0.72,0.70,0.70
19480601,0.70,0.70,0.70,0.70
19480901,0.70,0.74,0.70,0.74
19481201,0.74,0.74,0.74,0.74
19490301,0.74,0.74,0.72,0.72
19490601,0.72,0.72,0.72,0.72
19490901,0.72,0.73,0.72,0.73
19491201,0.73,0.73,0.73,0.73
19500301,0.73,0.74,0.73,0.74
19500601,0.74,0.74,0.74,0.74
19500901,0.74,0.80,0.74,0.80
19501201,0.80,0.80,0.80,0.80
19510301,0.80,0.88,0.80,0.88
19510601,0.88,0.88,0.88,0.88
19510901,0.88,0.89,0.88,0.89
19511201,0.89,0.89,0.89,0.89
19520301,0.89,0.89,0.85,0.85
19520601,0.85,0.85,0.85,0.85
19520901,0.85,0.85,0.83,0.83
19521201,0.83,0.83,0.83,0.83
19530301,0.83,0.85,0.83,0.85
19530601,0.85,0.85,0.85,0.85
19530901,0.85,0.85,0.85,0.85
19531201,0.85,0.85,0.85,0.85
19540301,0.85,0.85,0.85,0.85
19540601,0.85,0.85,0.85,0.85
19540901,0.85,0.85,0.85,0.85
19541201,0.85,0.85,0.85,0.85
19550301,0.85,0.89,0.85,0.89
19550601,0.89,0.89,0.89,0.89
19550901,0.89,0.91,0.89,0.91
19551201,0.91,0.91,0.91,0.91
19560301,0.91,0.91,0.91,0.91
19560601,0.91,0.91,0.91,0.91
19560901,0.91,0.91,0.91,0.91
19561201,0.91,0.91,0.91,0.91
19570301,0.91,0.91,0.91,0.91
19570601,0.91,0.91,0.91,0.91
19570901,0.91,0.91,0.90,0.90
19571201,0.90,0.90,0.90,0.90
19580301,0.90,0.90,0.89,0.89
19580601,0.89,0.89,0.89,0.89
19580901,0.89,0.90,0.89,0.90
19581201,0.90,0.90,0.90,0.90
19590301,0.90,0.91,0.90,0.91
19590601,0.91,0.91,0.91,0.91
19590901,0.91,0.91,0.91,0.91
19591201,0.91,0.91,0.91,0.91
19600301,0.91,0.91,0.91,0.91
19600601,0.91,0.91,0.91,0.91
19600901,0.91,0.91,0.91,0.91
19601201,0.91,0.91,0.91,0.91
19610301,0.91,0.92,0.91,0.92
19610601,0.92,0.92,0.92,0.92
19610901,0.92,1.03,0.92,1.03
19611201,1.03,1.03,1.03,1.03
19620301,1.03,1.09,1.03,1.09
19620601,1.09,1.09,1.09,1.09
19620901,1.09,1.20,1.09,1.20
19621201,1.20,1.20,1.20,1.20
19630301,1.20,1.28,1.20,1.28
19630601,1.28,1.28,1.28,1.28
19630613,1.29,1.29,1.29,1.29
19630614,1.29,1.29,1.29,1.29
19630617,1.29,1.29,1.29,1.29
19630618,1.29,1.29,1.29,1.29
19630619,1.29,1.29,1.29,1.29
19630620,1.29,1.29,1.29,1.29
19630621,1.29,1.29,1.29,1.29
19630624,1.29,1.29,1.29,1.29
19630625,1.29,1.29,1.29,1.29
19630626,1.29,1.29,1.29,1.29
19630627,1.29,1.29,1.29,1.29
19630628,1.29,1.30,1.29,1.30
19630701,1.30,1.31,1.30,1.31
19630702,1.31,1.31,1.30,1.30
19630703,1.30,1.31,1.30,1.31
19630705,1.31,1.31,1.31,1.31
19630708,1.31,1.31,1.31,1.31
19630709,1.31,1.31,1.31,1.31
19630710,1.31,1.31,1.31,1.31
19630711,1.31,1.31,1.31,1.31
19630712,1.31,1.31,1.31,1.31
19630715,1.31,1.31,1.31,1.31
19630716,1.31,1.31,1.31,1.31
19630717,1.31,1.31,1.31,1.31
19630718,1.31,1.31,1.31,1.31
19630719,1.31,1.31,1.30,1.30
19630722,1.30,1.30,1.30,1.30
19630723,1.30,1.30,1.30,1.30
19630724,1.30,1.30,1.30,1.30
19630725,1.30,1.30,1.30,1.30
19630726,1.30,1.30,1.30,1.30
19630729,1.30,1.30,1.30,1.30
19630730,1.30,1.30,1.30,1.30
19630731,1.30,1.30,1.30,1.30
19630801,1.30,1.30,1.30,1.30
19630802,1.30,1.30,1.30,1.30
19630805,1.30,1.30,1.30,1.30
19630806,1.30,1.30,1.29,1.29
19630807,1.29,1.29,1.29,1.29
19630808,1.29,1.29,1.29,1.29
19630809,1.29,1.29,1.29,1.29
19630812,1.29,1.29,1.29,1.29
19630813,1.29,1.29,1.29,1.29
19630814,1.29,1.30,1.29,1.29
19630815,1.29,1.30,1.29,1.30
19630816,1.30,1.30,1.30,1.30
19630819,1.30,1.30,1.29,1.29
19630820,1.29,1.29,1.29,1.29
19630821,1.29,1.29,1.29,1.29
19630822,1.29,1.30,1.29,1.30
19630823,1.30,1.30,1.30,1.30
19630826,1.30,1.30,1.30,1.30
19630827,1.30,1.30,1.30,1.30
19630828,1.30,1.30,1.30,1.30
19630829,1.30,1.30,1.30,1.30
19630830,1.30,1.30,1.30,1.30
19630903,1.30,1.30,1.29,1.29
19630904,1.29,1.30,1.29,1.30
19630905,1.30,1.30,1.30,1.30
19630906,1.30,1.30,1.30,1.30
19630909,1.30,1.30,1.30,1.30
19630910,1.30,1.30,1.30,1.30
19630911,1.30,1.30,1.30,1.30
19630912,1.30,1.30,1.29,1.29
19630913,1.29,1.29,1.29,1.29
19630916,1.29,1.29,1.29,1.29
19630917,1.29,1.29,1.29,1.29
19630918,1.29,1.29,1.29,1.29
19630919,1.29,1.29,1.29,1.29
19630920,1.29,1.29,1.29,1.29
19630923,1.29,1.29,1.29,1.29
19630924,1.29,1.29,1.29,1.29
19630925,1.29,1.29,1.29,1.29
19630926,1.29,1.29,1.29,1.29
19630927,1.29,1.29,1.29,1.29
19630930,1.29,1.29,1.29,1.29
19631001,1.29,1.29,1.29,1.29
19631002,1.29,1.29,1.29,1.29
19631003,1.29,1.29,1.29,1.29
19631004,1.29,1.29,1.29,1.29
19631007,1.29,1.29,1.29,1.29
19631008,1.29,1.29,1.29,1.29
19631009,1.29,1.29,1.29,1.29
19631010,1.29,1.29,1.29,1.29
19631011,1.29,1.29,1.29,1.29
19631014,1.29,1.29,1.29,1.29
19631015,1.29,1.29,1.29,1.29
19631016,1.29,1.29,1.29,1.29
19631017,1.29,1.29,1.29,1.29
19631018,1.29,1.29,1.29,1.29
19631021,1.29,1.29,1.29,1.29
19631022,1.29,1.29,1.29,1.29
19631023,1.29,1.29,1.29,1.29
19631024,1.29,1.29,1.29,1.29
19631025,1.29,1.29,1.29,1.29
19631028,1.29,1.29,1.29,1.29
19631029,1.29,1.29,1.29,1.29
19631030,1.29,1.29,1.29,1.29
19631031,1.29,1.29,1.29,1.29
19631101,1.29,1.29,1.29,1.29
19631104,1.29,1.29,1.29,1.29
19631106,1.29,1.29,1.29,1.29
19631107,1.29,1.29,1.29,1.29
19631108,1.29,1.29,1.29,1.29
19631111,1.29,1.29,1.29,1.29
19631112,1.29,1.29,1.29,1.29
19631113,1.29,1.29,1.29,1.29
19631114,1.29,1.29,1.29,1.29
19631115,1.29,1.29,1.29,1.29
19631118,1.29,1.29,1.29,1.29
19631119,1.29,1.29,1.29,1.29
19631120,1.29,1.29,1.29,1.29
19631121,1.29,1.29,1.29,1.29
19631122,1.29,1.29,1.29,1.29
19631126,1.29,1.29,1.29,1.29
19631127,1.29,1.29,1.29,1.29
19631129,1.29,1.29,1.29,1.29
19631202,1.29,1.29,1.29,1.29
19631203,1.29,1.29,1.29,1.29
19631204,1.29,1.29,1.29,1.29
19631205,1.29,1.29,1.29,1.29
19631206,1.29,1.29,1.29,1.29
19631209,1.29,1.29,1.29,1.29
19631210,1.29,1.29,1.29,1.29
19631211,1.29,1.29,1.29,1.29
19631212,1.29,1.29,1.29,1.29
19631213,1.29,1.29,1.29,1.29
19631216,1.29,1.29,1.29,1.29
19631217,1.29,1.29,1.29,1.29
19631218,1.29,1.29,1.29,1.29
19631219,1.29,1.29,1.29,1.29
19631220,1.29,1.29,1.29,1.29
19631223,1.29,1.29,1.29,1.29
19631224,1.29,1.29,1.29,1.29
19631226,1.29,1.29,1.29,1.29
19631227,1.29,1.29,1.29,1.29
19631230,1.29,1.29,1.29,1.29
19631231,1.29,1.29,1.29,1.29
19640102,1.29,1.29,1.29,1.29
19640103,1.29,1.29,1.29,1.29
19640106,1.29,1.29,1.29,1.29
19640107,1.29,1.29,1.29,1.29
19640108,1.29,1.29,1.29,1.29
19640109,1.29,1.29,1.29,1.29
19640110,1.29,1.29,1.29,1.29
19640113,1.29,1.29,1.29,1.29
19640114,1.29,1.29,1.29,1.29
19640115,1.29,1.29,1.29,1.29
19640116,1.29,1.29,1.29,1.29
19640117,1.29,1.29,1.29,1.29
19640120,1.29,1.29,1.29,1.29
19640121,1.29,1.29,1.29,1.29
19640122,1.29,1.29,1.29,1.29
19640123,1.29,1.29,1.29,1.29
19640124,1.29,1.29,1.29,1.29
19640127,1.29,1.29,1.29,1.29
19640128,1.29,1.29,1.29,1.29
19640129,1.29,1.29,1.29,1.29
19640130,1.29,1.29,1.29,1.29
19640131,1.29,1.29,1.29,1.29
19640203,1.29,1.29,1.29,1.29
19640204,1.29,1.29,1.29,1.29
19640205,1.29,1.30,1.29,1.30
19640206,1.30,1.30,1.30,1.30
19640207,1.30,1.30,1.29,1.29
19640210,1.29,1.30,1.29,1.30
19640211,1.30,1.30,1.30,1.30
19640212,1.30,1.30,1.30,1.30
19640213,1.30,1.30,1.30,1.30
19640214,1.30,1.30,1.30,1.30
19640217,1.30,1.30,1.30,1.30
19640218,1.30,1.30,1.30,1.30
19640219,1.30,1.30,1.30,1.30
19640220,1.30,1.30,1.30,1.30
19640224,1.30,1.30,1.30,1.30
19640225,1.30,1.30,1.30,1.30
19640226,1.30,1.30,1.30,1.30
19640227,1.30,1.30,1.30,1.30
19640228,1.30,1.30,1.30,1.30
19640302,1.30,1.30,1.30,1.30
19640303,1.30,1.30,1.30,1.30
19640304,1.30,1.30,1.30,1.30
19640305,1.30,1.30,1.30,1.30
19640306,1.30,1.30,1.30,1.30
19640309,1.30,1.30,1.30,1.30
19640310,1.30,1.30,1.30,1.30
19640311,1.30,1.30,1.30,1.30
19640312,1.30,1.30,1.30,1.30
19640313,1.30,1.30,1.30,1.30
19640316,1.30,1.30,1.30,1.30
19640317,1.30,1.30,1.30,1.30
19640318,1.30,1.30,1.30,1.30
19640319,1.30,1.30,1.30,1.30
19640320,1.30,1.30,1.30,1.30
19640323,1.30,1.31,1.30,1.31
19640324,1.31,1.32,1.31,1.31
19640325,1.31,1.32,1.31,1.31
19640326,1.31,1.32,1.31,1.31
19640330,1.31,1.32,1.31,1.32
19640331,1.32,1.33,1.32,1.33
19640401,1.33,1.33,1.33,1.33
19640402,1.33,1.33,1.31,1.32
19640403,1.32,1.32,1.31,1.31
19640406,1.31,1.31,1.31,1.31
19640407,1.31,1.31,1.31,1.31
19640408,1.31,1.31,1.31,1.31
19640409,1.31,1.31,1.31,1.31
19640410,1.31,1.31,1.31,1.31
19640413,1.31,1.31,1.31,1.31
19640414,1.31,1.31,1.31,1.31
19640415,1.31,1.31,1.30,1.30
19640416,1.30,1.30,1.30,1.30
19640417,1.30,1.30,1.30,1.30
19640420,1.30,1.30,1.30,1.30
19640421,1.30,1.30,1.30,1.30
19640422,1.30,1.30,1.30,1.30
19640423,1.30,1.30,1.30,1.30
19640424,1.30,1.30,1.30,1.30
19640427,1.30,1.30,1.30,1.30
19640428,1.30,1.30,1.30,1.30
19640429,1.30,1.30,1.30,1.30
19640430,1.30,1.30,1.30,1.30
19640501,1.30,1.30,1.30,1.30
19640504,1.30,1.30,1.30,1.30
19640505,1.30,1.30,1.30,1.30
19640506,1.30,1.30,1.30,1.30
19640507,1.30,1.30,1.30,1.30
19640508,1.30,1.30,1.30,1.30
19640511,1.30,1.30,1.30,1.30
19640512,1.30,1.30,1.30,1.30
19640513,1.30,1.30,1.30,1.30
19640514,1.30,1.30,1.30,1.30
19640515,1.30,1.30,1.30,1.30
19640518,1.30,1.30,1.30,1.30
19640519,1.30,1.30,1.30,1.30
19640520,1.30,1.30,1.30,1.30
19640521,1.30,1.30,1.30,1.30
19640522,1.30,1.30,1.30,1.30
19640525,1.30,1.30,1.30,1.30
19640526,1.30,1.30,1.30,1.30
19640527,1.30,1.30,1.30,1.30
19640528,1.30,1.30,1.30,1.30
19640601,1.30,1.30,1.30,1.30
19640602,1.30,1.30,1.30,1.30
19640603,1.30,1.30,1.30,1.30
19640604,1.30,1.30,1.30,1.30
19640605,1.30,1.30,1.30,1.30
19640608,1.30,1.30,1.30,1.30
19640609,1.30,1.30,1.30,1.30
19640610,1.30,1.30,1.30,1.30
19640611,1.30,1.30,1.30,1.30
19640612,1.30,1.30,1.30,1.30
19640615,1.30,1.30,1.30,1.30
19640616,1.30,1.30,1.30,1.30
19640617,1.30,1.30,1.30,1.30
19640618,1.30,1.30,1.30,1.30
19640619,1.30,1.30,1.30,1.30
19640622,1.30,1.30,1.30,1.30
19640623,1.30,1.30,1.30,1.30
19640624,1.30,1.30,1.30,1.30
19640625,1.30,1.30,1.30,1.30
19640626,1.30,1.30,1.30,1.30
19640629,1.30,1.30,1.30,1.30
19640630,1.30,1.30,1.30,1.30
19640701,1.30,1.30,1.30,1.30
19640702,1.30,1.30,1.30,1.30
19640706,1.30,1.30,1.30,1.30
19640707,1.30,1.30,1.30,1.30
19640708,1.30,1.30,1.30,1.30
19640709,1.30,1.30,1.30,1.30
19640710,1.30,1.31,1.30,1.31
19640713,1.31,1.31,1.31,1.31
19640714,1.31,1.31,1.31,1.31
19640715,1.31,1.31,1.30,1.30
19640716,1.30,1.30,1.30,1.30
19640717,1.30,1.30,1.30,1.30
19640720,1.30,1.30,1.30,1.30
19640721,1.30,1.30,1.30,1.30
19640722,1.30,1.30,1.30,1.30
19640723,1.30,1.31,1.30,1.30
19640724,1.30,1.30,1.30,1.30
19640727,1.30,1.30,1.30,1.30
19640728,1.30,1.30,1.30,1.30
19640729,1.30,1.30,1.30,1.30
19640730,1.30,1.31,1.30,1.31
19640731,1.31,1.31,1.30,1.30
19640803,1.30,1.30,1.30,1.30
19640804,1.30,1.30,1.30,1.30
19640805,1.30,1.30,1.30,1.30
19640806,1.30,1.30,1.30,1.30
19640807,1.30,1.30,1.30,1.30
19640810,1.30,1.30,1.30,1.30
19640811,1.30,1.30,1.30,1.30
19640812,1.30,1.30,1.30,1.30
19640813,1.30,1.30,1.30,1.30
19640814,1.30,1.31,1.30,1.31
19640817,1.31,1.31,1.31,1.31
19640818,1.31,1.31,1.30,1.30
19640819,1.30,1.30,1.30,1.30
19640820,1.30,1.30,1.30,1.30
19640821,1.30,1.30,1.30,1.30
19640824,1.30,1.30,1.30,1.30
19640825,1.30,1.30,1.30,1.30
19640826,1.30,1.30,1.30,1.30
19640827,1.30,1.30,1.30,1.30
19640828,1.30,1.30,1.30,1.30
19640831,1.30,1.30,1.30,1.30
19640901,1.30,1.30,1.30,1.30
19640902,1.30,1.30,1.30,1.30
19640903,1.30,1.30,1.30,1.30
19640904,1.30,1.30,1.30,1.30
19640908,1.30,1.30,1.30,1.30
19640909,1.30,1.31,1.30,1.31
19640910,1.31,1.31,1.31,1.31
19640911,1.31,1.35,1.31,1.35
19640914,1.35,1.36,1.35,1.36
19640915,1.36,1.36,1.35,1.35
19640916,1.35,1.36,1.35,1.35
19640917,1.35,1.36,1.35,1.36
19640918,1.36,1.37,1.36,1.37
19640921,1.37,1.38,1.37,1.38
19640922,1.38,1.38,1.37,1.38
19640923,1.38,1.38,1.37,1.37
19640924,1.37,1.37,1.36,1.36
19640925,1.36,1.37,1.36,1.36
19640928,1.36,1.37,1.36,1.37
19640929,1.37,1.37,1.37,1.37
19640930,1.37,1.37,1.36,1.36
19641001,1.36,1.36,1.35,1.36
19641002,1.36,1.36,1.36,1.36
19641005,1.36,1.36,1.36,1.36
19641006,1.36,1.36,1.36,1.36
19641007,1.36,1.36,1.36,1.36
19641008,1.36,1.36,1.35,1.36
19641009,1.36,1.36,1.35,1.35
19641012,1.35,1.36,1.35,1.36
19641013,1.36,1.36,1.35,1.35
19641014,1.35,1.35,1.35,1.35
19641015,1.35,1.35,1.35,1.35
19641016,1.35,1.35,1.35,1.35
19641019,1.35,1.36,1.35,1.36
19641020,1.36,1.36,1.36,1.36
19641021,1.36,1.36,1.35,1.35
19641022,1.35,1.35,1.35,1.35
19641023,1.35,1.35,1.35,1.35
19641026,1.35,1.35,1.35,1.35
19641027,1.35,1.35,1.35,1.35
19641028,1.35,1.35,1.34,1.34
19641029,1.34,1.34,1.34,1.34
19641030,1.34,1.34,1.34,1.34
19641102,1.34,1.34,1.34,1.34
19641104,1.34,1.34,1.34,1.34
19641105,1.34,1.34,1.34,1.34
19641106,1.34,1.34,1.34,1.34
19641109,1.34,1.35,1.34,1.35
19641110,1.35,1.36,1.35,1.36
19641112,1.36,1.36,1.36,1.36
19641113,1.36,1.37,1.36,1.37
19641116,1.37,1.37,1.36,1.36
19641117,1.36,1.36,1.36,1.36
19641118,1.36,1.36,1.36,1.36
19641119,1.36,1.36,1.36,1.36
19641120,1.36,1.36,1.36,1.36
19641123,1.36,1.36,1.35,1.35
19641124,1.35,1.35,1.35,1.35
19641125,1.35,1.35,1.35,1.35
19641127,1.35,1.35,1.35,1.35
19641130,1.35,1.35,1.35,1.35
19641201,1.35,1.35,1.35,1.35
19641202,1.35,1.35,1.35,1.35
19641203,1.35,1.35,1.35,1.35
19641204,1.35,1.35,1.35,1.35
19641207,1.35,1.35,1.35,1.35
19641208,1.35,1.35,1.35,1.35
19641209,1.35,1.35,1.35,1.35
19641210,1.35,1.35,1.35,1.35
19641211,1.35,1.35,1.35,1.35
19641214,1.35,1.35,1.35,1.35
19641215,1.35,1.35,1.35,1.35
19641216,1.35,1.35,1.35,1.35
19641217,1.35,1.35,1.35,1.35
19641218,1.35,1.35,1.35,1.35
19641221,1.35,1.35,1.35,1.35
19641222,1.35,1.35,1.35,1.35
19641223,1.35,1.35,1.35,1.35
19641228,1.35,1.36,1.35,1.36
19641229,1.36,1.36,1.36,1.36
19641230,1.36,1.37,1.36,1.37
19641231,1.37,1.37,1.36,1.36
19650104,1.36,1.37,1.36,1.36
19650105,1.36,1.36,1.36,1.36
19650106,1.36,1.36,1.36,1.36
19650107,1.36,1.36,1.36,1.36
19650108,1.36,1.36,1.35,1.36
19650111,1.36,1.36,1.36,1.36
19650112,1.36,1.36,1.35,1.36
19650113,1.36,1.36,1.36,1.36
19650114,1.36,1.36,1.36,1.36
19650115,1.36,1.36,1.35,1.35
19650118,1.35,1.36,1.35,1.35
19650119,1.35,1.35,1.35,1.35
19650120,1.35,1.35,1.35,1.35
19650121,1.35,1.35,1.35,1.35
19650122,1.35,1.35,1.35,1.35
19650125,1.35,1.35,1.35,1.35
19650126,1.35,1.35,1.33,1.34
19650127,1.34,1.34,1.34,1.34
19650128,1.34,1.34,1.34,1.34
19650129,1.34,1.34,1.34,1.34
19650201,1.34,1.34,1.34,1.34
19650202,1.34,1.34,1.33,1.33
19650203,1.33,1.33,1.33,1.33
19650204,1.33,1.33,1.33,1.33
19650205,1.33,1.33,1.33,1.33
19650208,1.33,1.33,1.33,1.33
19650209,1.33,1.33,1.33,1.33
19650210,1.33,1.33,1.33,1.33
19650211,1.33,1.33,1.33,1.33
19650215,1.33,1.33,1.33,1.33
19650216,1.33,1.33,1.33,1.33
19650217,1.33,1.33,1.33,1.33
19650218,1.33,1.33,1.33,1.33
19650219,1.33,1.33,1.33,1.33
19650223,1.33,1.33,1.33,1.33
19650224,1.33,1.33,1.33,1.33
19650225,1.33,1.33,1.32,1.32
19650226,1.32,1.32,1.32,1.32
19650301,1.32,1.32,1.32,1.32
19650302,1.32,1.32,1.32,1.32
19650303,1.32,1.32,1.32,1.32
19650304,1.32,1.32,1.32,1.32
19650305,1.32,1.32,1.32,1.32
19650308,1.32,1.33,1.32,1.33
19650309,1.33,1.33,1.33,1.33
19650310,1.33,1.33,1.33,1.33
19650311,1.33,1.33,1.32,1.32
19650312,1.32,1.32,1.32,1.32
19650315,1.32,1.32,1.32,1.32
19650316,1.32,1.32,1.32,1.32
19650317,1.32,1.32,1.32,1.32
19650318,1.32,1.32,1.32,1.32
19650319,1.32,1.32,1.32,1.32
19650322,1.32,1.32,1.32,1.32
19650323,1.32,1.32,1.32,1.32
19650324,1.32,1.32,1.32,1.32
19650325,1.32,1.32,1.32,1.32
19650326,1.32,1.32,1.32,1.32
19650329,1.32,1.32,1.32,1.32
19650330,1.32,1.32,1.32,1.32
19650331,1.32,1.32,1.32,1.32
19650401,1.32,1.32,1.32,1.32
19650402,1.32,1.32,1.31,1.31
19650405,1.31,1.32,1.31,1.32
19650406,1.32,1.32,1.31,1.31
19650407,1.31,1.31,1.31,1.31
19650408,1.31,1.32,1.31,1.32
19650409,1.32,1.33,1.32,1.33
19650412,1.33,1.33,1.32,1.32
19650413,1.32,1.32,1.32,1.32
19650414,1.32,1.32,1.32,1.32
19650415,1.32,1.35,1.32,1.35
19650419,1.35,1.35,1.35,1.35
19650420,1.35,1.35,1.35,1.35
19650421,1.35,1.35,1.35,1.35
19650422,1.35,1.35,1.35,1.35
19650423,1.35,1.35,1.35,1.35
19650426,1.35,1.35,1.35,1.35
19650427,1.35,1.35,1.35,1.35
19650428,1.35,1.35,1.35,1.35
19650429,1.35,1.35,1.35,1.35
19650430,1.35,1.35,1.32,1.32
19650503,1.32,1.34,1.32,1.34
19650504,1.34,1.34,1.34,1.34
19650505,1.34,1.34,1.34,1.34
19650506,1.34,1.34,1.33,1.33
19650507,1.33,1.33,1.33,1.33
19650510,1.33,1.33,1.32,1.33
19650511,1.33,1.33,1.33,1.33
19650512,1.33,1.33,1.33,1.33
19650513,1.33,1.34,1.33,1.34
19650514,1.34,1.34,1.33,1.33
19650517,1.33,1.33,1.33,1.33
19650518,1.33,1.33,1.33,1.33
19650519,1.33,1.33,1.33,1.33
19650520,1.33,1.33,1.33,1.33
19650521,1.33,1.33,1.33,1.33
19650524,1.33,1.33,1.33,1.33
19650525,1.33,1.33,1.33,1.33
19650526,1.33,1.33,1.33,1.33
19650527,1.33,1.33,1.33,1.33
19650528,1.33,1.34,1.33,1.34
19650601,1.34,1.34,1.31,1.31
19650602,1.31,1.31,1.30,1.30
19650603,1.30,1.33,1.30,1.32
19650604,1.32,1.32,1.29,1.29
19650607,1.29,1.29,1.28,1.28
19650608,1.28,1.29,1.28,1.28
19650609,1.28,1.30,1.28,1.29
19650610,1.29,1.31,1.29,1.31
19650611,1.31,1.31,1.31,1.31
19650614,1.31,1.32,1.31,1.32
19650615,1.32,1.32,1.32,1.32
19650616,1.32,1.32,1.31,1.31
19650617,1.31,1.31,1.31,1.31
19650618,1.31,1.31,1.31,1.31
19650621,1.31,1.31,1.30,1.31
19650622,1.31,1.31,1.30,1.30
19650623,1.30,1.30,1.30,1.30
19650624,1.30,1.30,1.29,1.29
19650625,1.29,1.30,1.29,1.30
19650628,1.30,1.30,1.29,1.30
19650629,1.30,1.30,1.29,1.30
19650630,1.30,1.30,1.30,1.30
19650701,1.30,1.30,1.30,1.30
19650702,1.30,1.30,1.29,1.29
19650706,1.29,1.30,1.29,1.30
19650707,1.30,1.30,1.29,1.29
19650708,1.29,1.29,1.29,1.29
19650709,1.29,1.29,1.29,1.29
19650712,1.29,1.29,1.29,1.29
19650713,1.29,1.29,1.29,1.29
19650714,1.29,1.29,1.29,1.29
19650715,1.29,1.30,1.29,1.30
19650716,1.30,1.30,1.30,1.30
19650719,1.30,1.30,1.30,1.30
19650720,1.30,1.30,1.30,1.30
19650721,1.30,1.30,1.29,1.29
19650722,1.29,1.30,1.29,1.30
19650723,1.30,1.30,1.30,1.30
19650726,1.30,1.31,1.30,1.31
19650727,1.31,1.31,1.31,1.31
19650728,1.31,1.31,1.31,1.31
19650729,1.31,1.31,1.30,1.30
19650730,1.30,1.30,1.30,1.30
19650802,1.30,1.30,1.30,1.30
19650803,1.30,1.30,1.30,1.30
19650804,1.30,1.30,1.30,1.30
19650805,1.30,1.30,1.30,1.30
19650806,1.30,1.30,1.30,1.30
19650809,1.30,1.30,1.30,1.30
19650810,1.30,1.30,1.30,1.30
19650811,1.30,1.30,1.30,1.30
19650812,1.30,1.30,1.30,1.30
19650813,1.30,1.30,1.30,1.30
19650816,1.30,1.30,1.30,1.30
19650817,1.30,1.30,1.30,1.30
19650818,1.30,1.30,1.29,1.29
19650819,1.29,1.30,1.29,1.30
19650820,1.30,1.30,1.29,1.29
19650823,1.29,1.29,1.29,1.29
19650824,1.29,1.30,1.29,1.30
19650825,1.30,1.30,1.29,1.29
19650826,1.29,1.29,1.29,1.29
19650827,1.29,1.30,1.29,1.30
19650830,1.30,1.30,1.30,1.30
19650831,1.30,1.30,1.30,1.30
19650901,1.30,1.30,1.30,1.30
19650902,1.30,1.30,1.30,1.30
19650903,1.30,1.30,1.30,1.30
19650907,1.30,1.30,1.30,1.30
19650908,1.30,1.30,1.30,1.30
19650909,1.30,1.30,1.30,1.30
19650910,1.30,1.30,1.30,1.30
19650913,1.30,1.30,1.30,1.30
19650914,1.30,1.30,1.30,1.30
19650915,1.30,1.30,1.30,1.30
19650916,1.30,1.30,1.30,1.30
19650917,1.30,1.30,1.30,1.30
19650920,1.30,1.30,1.30,1.30
19650921,1.30,1.30,1.30,1.30
19650922,1.30,1.30,1.30,1.30
19650923,1.30,1.30,1.30,1.30
19650924,1.30,1.30,1.29,1.29
19650927,1.29,1.29,1.29,1.29
19650928,1.29,1.29,1.29,1.29
19650929,1.29,1.29,1.29,1.29
19650930,1.29,1.29,1.29,1.29
19651001,1.29,1.29,1.29,1.29
19651004,1.29,1.29,1.29,1.29
19651005,1.29,1.29,1.29,1.29
19651006,1.29,1.29,1.29,1.29
19651007,1.29,1.29,1.29,1.29
19651008,1.29,1.29,1.29,1.29
19651011,1.29,1.29,1.29,1.29
19651013,1.29,1.29,1.29,1.29
19651014,1.29,1.29,1.29,1.29
19651015,1.29,1.29,1.29,1.29
19651018,1.29,1.29,1.29,1.29
19651019,1.29,1.29,1.29,1.29
19651020,1.29,1.29,1.29,1.29
19651021,1.29,1.29,1.29,1.29
19651022,1.29,1.29,1.29,1.29
19651025,1.29,1.29,1.29,1.29
19651026,1.29,1.29,1.29,1.29
19651027,1.29,1.29,1.29,1.29
19651028,1.29,1.29,1.29,1.29
19651029,1.29,1.29,1.29,1.29
19651101,1.29,1.29,1.29,1.29
19651103,1.29,1.29,1.29,1.29
19651104,1.29,1.29,1.29,1.29
19651105,1.29,1.29,1.29,1.29
19651108,1.29,1.29,1.29,1.29
19651109,1.29,1.29,1.29,1.29
19651112,1.29,1.30,1.29,1.30
19651115,1.30,1.30,1.30,1.30
19651116,1.30,1.30,1.30,1.30
19651117,1.30,1.30,1.30,1.30
19651118,1.30,1.30,1.30,1.30
19651119,1.30,1.30,1.30,1.30
19651122,1.30,1.30,1.29,1.29
19651123,1.29,1.30,1.29,1.30
19651124,1.30,1.30,1.29,1.29
19651126,1.29,1.30,1.29,1.30
19651129,1.30,1.30,1.29,1.29
19651130,1.29,1.29,1.29,1.29
19651201,1.29,1.29,1.29,1.29
19651202,1.29,1.29,1.29,1.29
19651203,1.29,1.29,1.29,1.29
19651206,1.29,1.29,1.29,1.29
19651207,1.29,1.29,1.29,1.29
19651208,1.29,1.29,1.29,1.29
19651209,1.29,1.29,1.29,1.29
19651210,1.29,1.29,1.29,1.29
19651213,1.29,1.29,1.29,1.29
19651214,1.29,1.29,1.29,1.29
19651215,1.29,1.29,1.29,1.29
19651216,1.29,1.29,1.29,1.29
19651217,1.29,1.29,1.29,1.29
19651220,1.29,1.29,1.29,1.29
19651221,1.29,1.29,1.29,1.29
19651222,1.29,1.29,1.29,1.29
19651223,1.29,1.29,1.29,1.29
19651227,1.29,1.29,1.29,1.29
19651228,1.29,1.30,1.29,1.30
19651229,1.30,1.30,1.29,1.30
19651230,1.30,1.30,1.29,1.29
19660103,1.29,1.29,1.29,1.29
19660104,1.29,1.29,1.29,1.29
19660105,1.29,1.29,1.29,1.29
19660106,1.29,1.29,1.29,1.29
19660107,1.29,1.29,1.29,1.29
19660110,1.29,1.29,1.29,1.29
19660111,1.29,1.30,1.29,1.30
19660112,1.30,1.30,1.30,1.30
19660113,1.30,1.30,1.29,1.29
19660114,1.29,1.30,1.29,1.30
19660117,1.30,1.30,1.30,1.30
19660118,1.30,1.30,1.30,1.30
19660119,1.30,1.30,1.30,1.30
19660120,1.30,1.30,1.30,1.30
19660121,1.30,1.30,1.30,1.30
19660124,1.30,1.30,1.30,1.30
19660125,1.30,1.30,1.30,1.30
19660126,1.30,1.30,1.30,1.30
19660127,1.30,1.30,1.30,1.30
19660128,1.30,1.30,1.30,1.30
19660131,1.30,1.30,1.30,1.30
19660201,1.30,1.30,1.30,1.30
19660202,1.30,1.30,1.30,1.30
19660203,1.30,1.30,1.30,1.30
19660204,1.30,1.30,1.30,1.30
19660207,1.30,1.30,1.30,1.30
19660208,1.30,1.30,1.30,1.30
19660209,1.30,1.30,1.29,1.29
19660210,1.29,1.30,1.29,1.30
19660211,1.30,1.30,1.30,1.30
19660214,1.30,1.30,1.30,1.30
19660215,1.30,1.30,1.30,1.30
19660216,1.30,1.30,1.30,1.30
19660217,1.30,1.30,1.29,1.29
19660218,1.29,1.29,1.29,1.29
19660221,1.29,1.29,1.29,1.29
19660223,1.29,1.29,1.29,1.29
19660224,1.29,1.29,1.29,1.29
19660225,1.29,1.29,1.29,1.29
19660228,1.29,1.29,1.29,1.29
19660301,1.29,1.29,1.29,1.29
19660302,1.29,1.29,1.29,1.29
19660303,1.29,1.29,1.29,1.29
19660304,1.29,1.29,1.29,1.29
19660307,1.29,1.29,1.29,1.29
19660308,1.29,1.29,1.29,1.29
19660309,1.29,1.29,1.29,1.29
19660310,1.29,1.29,1.29,1.29
19660311,1.29,1.29,1.29,1.29
19660314,1.29,1.29,1.29,1.29
19660315,1.29,1.29,1.29,1.29
19660316,1.29,1.29,1.29,1.29
19660317,1.29,1.29,1.29,1.29
19660318,1.29,1.29,1.29,1.29
19660321,1.29,1.29,1.29,1.29
19660322,1.29,1.29,1.29,1.29
19660323,1.29,1.29,1.29,1.29
19660324,1.29,1.29,1.29,1.29
19660325,1.29,1.29,1.29,1.29
19660328,1.29,1.29,1.29,1.29
19660329,1.29,1.29,1.29,1.29
19660330,1.29,1.29,1.29,1.29
19660331,1.29,1.29,1.29,1.29
19660401,1.29,1.29,1.29,1.29
19660404,1.29,1.29,1.29,1.29
19660405,1.29,1.29,1.29,1.29
19660406,1.29,1.29,1.29,1.29
19660407,1.29,1.29,1.29,1.29
19660411,1.29,1.29,1.29,1.29
19660412,1.29,1.29,1.29,1.29
19660413,1.29,1.34,1.29,1.34
19660414,1.34,1.34,1.33,1.34
19660415,1.34,1.34,1.33,1.34
19660418,1.34,1.34,1.33,1.33
19660419,1.33,1.33,1.33,1.33
19660420,1.33,1.33,1.33,1.33
19660421,1.33,1.33,1.33,1.33
19660422,1.33,1.33,1.33,1.33
19660425,1.33,1.33,1.33,1.33
19660426,1.33,1.33,1.33,1.33
19660427,1.33,1.33,1.33,1.33
19660428,1.33,1.33,1.33,1.33
19660429,1.33,1.34,1.33,1.34
19660502,1.34,1.35,1.34,1.35
19660503,1.35,1.35,1.34,1.34
19660504,1.34,1.34,1.34,1.34
19660505,1.34,1.35,1.34,1.34
19660506,1.34,1.34,1.34,1.34
19660509,1.34,1.34,1.34,1.34
19660510,1.34,1.34,1.34,1.34
19660511,1.34,1.34,1.34,1.34
19660512,1.34,1.34,1.34,1.34
19660513,1.34,1.34,1.34,1.34
19660516,1.34,1.34,1.34,1.34
19660517,1.34,1.34,1.34,1.34
19660518,1.34,1.34,1.34,1.34
19660519,1.34,1.34,1.34,1.34
19660520,1.34,1.34,1.34,1.34
19660523,1.34,1.34,1.34,1.34
19660524,1.34,1.34,1.34,1.34
19660525,1.34,1.34,1.34,1.34
19660526,1.34,1.35,1.34,1.35
19660527,1.35,1.35,1.35,1.35
19660531,1.35,1.35,1.34,1.34
19660601,1.34,1.34,1.34,1.34
19660602,1.34,1.34,1.33,1.34
19660603,1.34,1.34,1.34,1.34
19660606,1.34,1.34,1.34,1.34
19660607,1.34,1.34,1.34,1.34
19660608,1.34,1.34,1.34,1.34
19660609,1.34,1.34,1.34,1.34
19660610,1.34,1.34,1.34,1.34
19660613,1.34,1.34,1.34,1.34
19660614,1.34,1.35,1.34,1.35
19660615,1.35,1.35,1.35,1.35
19660616,1.35,1.35,1.35,1.35
19660617,1.35,1.35,1.35,1.35
19660620,1.35,1.35,1.35,1.35
19660621,1.35,1.35,1.35,1.35
19660622,1.35,1.35,1.35,1.35
19660623,1.35,1.35,1.35,1.35
19660624,1.35,1.35,1.35,1.35
19660627,1.35,1.35,1.34,1.34
19660628,1.34,1.34,1.34,1.34
19660629,1.34,1.34,1.34,1.34
19660630,1.34,1.34,1.34,1.34
19660701,1.34,1.34,1.34,1.34
19660705,1.34,1.34,1.33,1.33
19660706,1.33,1.33,1.33,1.33
19660707,1.33,1.34,1.33,1.33
19660708,1.33,1.33,1.33,1.33
19660711,1.33,1.33,1.33,1.33
19660712,1.33,1.33,1.33,1.33
19660713,1.33,1.33,1.33,1.33
19660714,1.33,1.34,1.33,1.34
19660715,1.34,1.34,1.34,1.34
19660718,1.34,1.34,1.34,1.34
19660719,1.34,1.34,1.34,1.34
19660720,1.34,1.34,1.34,1.34
19660721,1.34,1.34,1.34,1.34
19660722,1.34,1.34,1.34,1.34
19660725,1.34,1.35,1.34,1.34
19660726,1.34,1.34,1.34,1.34
19660727,1.34,1.34,1.34,1.34
19660728,1.34,1.34,1.34,1.34
19660729,1.34,1.34,1.34,1.34
19660801,1.34,1.34,1.34,1.34
19660802,1.34,1.34,1.33,1.34
19660803,1.34,1.34,1.33,1.34
19660804,1.34,1.34,1.34,1.34
19660805,1.34,1.34,1.34,1.34
19660808,1.34,1.34,1.33,1.33
19660809,1.33,1.33,1.33,1.33
19660810,1.33,1.33,1.33,1.33
19660811,1.33,1.33,1.33,1.33
19660812,1.33,1.33,1.33,1.33
19660815,1.33,1.33,1.33,1.33
19660816,1.33,1.33,1.33,1.33
19660817,1.33,1.34,1.33,1.33
19660818,1.33,1.34,1.33,1.34
19660819,1.34,1.34,1.33,1.33
19660822,1.33,1.33,1.33,1.33
19660823,1.33,1.33,1.33,1.33
19660824,1.33,1.33,1.33,1.33
19660825,1.33,1.33,1.33,1.33
19660826,1.33,1.33,1.33,1.33
19660829,1.33,1.33,1.33,1.33
19660830,1.33,1.33,1.33,1.33
19660831,1.33,1.33,1.33,1.33
19660901,1.33,1.33,1.33,1.33
19660902,1.33,1.33,1.33,1.33
19660906,1.33,1.33,1.33,1.33
19660907,1.33,1.33,1.33,1.33
19660908,1.33,1.33,1.33,1.33
19660909,1.33,1.33,1.33,1.33
19660912,1.33,1.33,1.33,1.33
19660913,1.33,1.33,1.33,1.33
19660914,1.33,1.33,1.33,1.33
19660915,1.33,1.33,1.33,1.33
19660916,1.33,1.33,1.33,1.33
19660919,1.33,1.33,1.33,1.33
19660920,1.33,1.33,1.33,1.33
19660921,1.33,1.33,1.33,1.33
19660922,1.33,1.33,1.33,1.33
19660923,1.33,1.33,1.33,1.33
19660926,1.33,1.33,1.33,1.33
19660927,1.33,1.33,1.33,1.33
19660928,1.33,1.33,1.32,1.32
19660929,1.32,1.33,1.32,1.32
19660930,1.32,1.32,1.32,1.32
19661003,1.32,1.32,1.32,1.32
19661004,1.32,1.32,1.32,1.32
19661005,1.32,1.32,1.32,1.32
19661006,1.32,1.32,1.32,1.32
19661007,1.32,1.32,1.32,1.32
19661010,1.32,1.32,1.32,1.32
19661011,1.32,1.32,1.32,1.32
19661013,1.32,1.32,1.32,1.32
19661014,1.32,1.32,1.31,1.31
19661017,1.31,1.31,1.31,1.31
19661018,1.31,1.31,1.31,1.31
19661019,1.31,1.32,1.31,1.32
19661020,1.32,1.32,1.31,1.31
19661021,1.31,1.32,1.31,1.32
19661024,1.32,1.32,1.32,1.32
19661025,1.32,1.32,1.31,1.31
19661026,1.31,1.31,1.31,1.31
19661027,1.31,1.31,1.31,1.31
19661028,1.31,1.31,1.31,1.31
19661031,1.31,1.31,1.31,1.31
19661101,1.31,1.31,1.31,1.31
19661102,1.31,1.31,1.30,1.30
19661103,1.30,1.30,1.30,1.30
19661104,1.30,1.30,1.30,1.30
19661107,1.30,1.30,1.30,1.30
19661109,1.30,1.30,1.30,1.30
19661110,1.30,1.31,1.30,1.31
19661114,1.31,1.31,1.31,1.31
19661115,1.31,1.31,1.31,1.31
19661116,1.31,1.31,1.31,1.31
19661117,1.31,1.31,1.31,1.31
19661118,1.31,1.31,1.31,1.31
19661121,1.31,1.31,1.31,1.31
19661122,1.31,1.31,1.31,1.31
19661123,1.31,1.31,1.31,1.31
19661125,1.31,1.31,1.31,1.31
19661128,1.31,1.31,1.31,1.31
19661129,1.31,1.31,1.31,1.31
19661130,1.31,1.31,1.31,1.31
19661201,1.31,1.31,1.31,1.31
19661202,1.31,1.31,1.31,1.31
19661205,1.31,1.31,1.31,1.31
19661206,1.31,1.31,1.31,1.31
19661207,1.31,1.31,1.31,1.31
19661208,1.31,1.31,1.31,1.31
19661209,1.31,1.31,1.31,1.31
19661212,1.31,1.31,1.31,1.31
19661213,1.31,1.31,1.31,1.31
19661214,1.31,1.31,1.31,1.31
19661215,1.31,1.31,1.31,1.31
19661216,1.31,1.31,1.31,1.31
19661219,1.31,1.31,1.31,1.31
19661220,1.31,1.31,1.31,1.31
19661221,1.31,1.31,1.31,1.31
19661222,1.31,1.31,1.31,1.31
19661223,1.31,1.31,1.31,1.31
19661227,1.31,1.32,1.31,1.32
19661228,1.32,1.32,1.32,1.32
19661229,1.32,1.32,1.32,1.32
19661230,1.32,1.32,1.32,1.32
19670103,1.32,1.33,1.32,1.33
19670104,1.33,1.33,1.32,1.32
19670105,1.32,1.32,1.32,1.32
19670106,1.32,1.32,1.32,1.32
19670109,1.32,1.32,1.32,1.32
19670110,1.32,1.32,1.32,1.32
19670111,1.32,1.32,1.32,1.32
19670112,1.32,1.32,1.32,1.32
19670113,1.32,1.32,1.31,1.31
19670116,1.31,1.36,1.31,1.36
19670117,1.36,1.36,1.36,1.36
19670118,1.36,1.36,1.36,1.36
19670119,1.36,1.36,1.36,1.36
19670120,1.36,1.36,1.36,1.36
19670123,1.36,1.36,1.36,1.36
19670124,1.36,1.36,1.36,1.36
19670125,1.36,1.36,1.35,1.35
19670126,1.35,1.35,1.35,1.35
19670127,1.35,1.35,1.35,1.35
19670130,1.35,1.35,1.35,1.35
19670131,1.35,1.35,1.34,1.34
19670201,1.34,1.34,1.34,1.34
19670202,1.34,1.35,1.34,1.35
19670203,1.35,1.35,1.35,1.35
19670206,1.35,1.35,1.35,1.35
19670207,1.35,1.35,1.35,1.35
19670208,1.35,1.35,1.35,1.35
19670209,1.35,1.35,1.35,1.35
19670210,1.35,1.35,1.35,1.35
19670214,1.35,1.36,1.35,1.36
19670215,1.36,1.36,1.36,1.36
19670216,1.36,1.36,1.36,1.36
19670217,1.36,1.36,1.36,1.36
19670220,1.36,1.36,1.36,1.36
19670221,1.36,1.36,1.36,1.36
19670223,1.36,1.36,1.36,1.36
19670224,1.36,1.36,1.36,1.36
19670227,1.36,1.36,1.36,1.36
19670228,1.36,1.36,1.36,1.36
19670301,1.36,1.36,1.36,1.36
19670302,1.36,1.36,1.35,1.35
19670303,1.35,1.36,1.35,1.36
19670306,1.36,1.36,1.36,1.36
19670307,1.36,1.36,1.36,1.36
19670308,1.36,1.36,1.35,1.36
19670309,1.36,1.36,1.35,1.36
19670310,1.36,1.36,1.36,1.36
19670313,1.36,1.36,1.36,1.36
19670314,1.36,1.36,1.36,1.36
19670315,1.36,1.36,1.36,1.36
19670316,1.36,1.36,1.36,1.36
19670317,1.36,1.36,1.36,1.36
19670320,1.36,1.36,1.35,1.36
19670321,1.36,1.36,1.35,1.35
19670322,1.35,1.36,1.35,1.36
19670323,1.36,1.36,1.35,1.35
19670327,1.35,1.35,1.35,1.35
19670328,1.35,1.35,1.35,1.35
19670329,1.35,1.35,1.35,1.35
19670330,1.35,1.35,1.35,1.35
19670331,1.35,1.35,1.34,1.34
19670403,1.34,1.34,1.34,1.34
19670404,1.34,1.34,1.34,1.34
19670405,1.34,1.34,1.34,1.34
19670406,1.34,1.34,1.34,1.34
19670407,1.34,1.35,1.34,1.35
19670410,1.35,1.35,1.34,1.34
19670411,1.34,1.34,1.34,1.34
19670412,1.34,1.34,1.34,1.34
19670413,1.34,1.34,1.34,1.34
19670414,1.34,1.34,1.34,1.34
19670417,1.34,1.34,1.34,1.34
19670418,1.34,1.34,1.34,1.34
19670419,1.34,1.34,1.34,1.34
19670420,1.34,1.34,1.34,1.34
19670421,1.34,1.34,1.34,1.34
19670424,1.34,1.35,1.34,1.35
19670425,1.35,1.35,1.34,1.34
19670426,1.34,1.34,1.34,1.34
19670427,1.34,1.35,1.34,1.34
19670428,1.34,1.35,1.34,1.35
19670501,1.35,1.35,1.34,1.35
19670502,1.35,1.35,1.35,1.35
19670503,1.35,1.35,1.35,1.35
19670504,1.35,1.35,1.35,1.35
19670505,1.35,1.36,1.35,1.35
19670508,1.35,1.36,1.35,1.36
19670509,1.36,1.36,1.36,1.36
19670510,1.36,1.36,1.35,1.36
19670511,1.36,1.36,1.35,1.35
19670512,1.35,1.36,1.35,1.36
19670515,1.36,1.36,1.35,1.35
19670516,1.36,1.36,1.36,1.36
19670517,1.36,1.37,1.36,1.37
19670518,1.38,1.42,1.37,1.42
19670519,1.42,1.47,1.42,1.47
19670522,1.47,1.55,1.47,1.55
19670523,1.55,1.60,1.55,1.60
19670524,1.60,1.60,1.57,1.59
19670525,1.60,1.60,1.55,1.55
19670526,1.55,1.56,1.53,1.56
19670529,1.56,1.61,1.56,1.61
19670531,1.62,1.66,1.62,1.66
19670601,1.66,1.71,1.66,1.71
19670602,1.72,1.76,1.72,1.76
19670605,1.76,1.81,1.76,1.81
19670606,1.81,1.83,1.76,1.76
19670607,1.76,1.76,1.71,1.74
19670608,1.75,1.79,1.75,1.79
19670609,1.79,1.83,1.79,1.80
19670612,1.81,1.82,1.75,1.76
19670613,1.76,1.76,1.72,1.73
19670614,1.73,1.74,1.73,1.74
19670615,1.74,1.79,1.73,1.79
19670616,1.79,1.84,1.79,1.83
19670619,1.83,1.83,1.78,1.82
19670620,1.83,1.85,1.80,1.82
19670621,1.82,1.84,1.81,1.81
19670622,1.82,1.82,1.78,1.80
19670623,1.81,1.82,1.79,1.82
19670626,1.82,1.82,1.78,1.78
19670627,1.79,1.79,1.78,1.78
19670628,1.79,1.79,1.76,1.76
19670629,1.77,1.78,1.76,1.78
19670630,1.78,1.78,1.77,1.77
19670705,1.77,1.78,1.77,1.77
19670706,1.77,1.77,1.74,1.74
19670707,1.75,1.75,1.74,1.75
19670710,1.75,1.75,1.72,1.73
19670711,1.73,1.73,1.70,1.71
19670712,1.71,1.74,1.71,1.74
19670713,1.74,1.79,1.74,1.78
19670714,1.78,1.80,1.78,1.79
19670717,1.79,1.84,1.79,1.84
19670718,1.84,1.89,1.84,1.89
19670719,1.90,1.94,1.90,1.92
19670720,1.93,1.94,1.91,1.92
19670721,1.92,1.93,1.90,1.92
19670724,1.92,1.92,1.87,1.88
19670725,1.88,1.88,1.84,1.84
19670726,1.85,1.87,1.82,1.87
19670727,1.87,1.90,1.86,1.87
19670728,1.87,1.89,1.87,1.88
19670731,1.89,1.92,1.89,1.91
19670801,1.92,1.93,1.87,1.87
19670802,1.87,1.90,1.85,1.89
19670803,1.89,1.89,1.86,1.87
19670804,1.88,1.92,1.87,1.89
19670807,1.89,1.90,1.87,1.88
19670808,1.88,1.88,1.86,1.87
19670809,1.87,1.87,1.85,1.86
19670810,1.86,1.86,1.84,1.84
19670811,1.85,1.85,1.82,1.82
19670814,1.83,1.83,1.81,1.81
19670815,1.82,1.82,1.80,1.80
19670816,1.81,1.81,1.77,1.78
19670817,1.78,1.79,1.77,1.77
19670818,1.78,1.78,1.75,1.76
19670821,1.76,1.76,1.72,1.72
19670822,1.73,1.77,1.71,1.77
19670823,1.78,1.78,1.77,1.78
19670824,1.78,1.78,1.74,1.75
19670825,1.75,1.76,1.72,1.76
19670828,1.76,1.76,1.73,1.74
19670829,1.75,1.75,1.73,1.75
19670830,1.76,1.76,1.75,1.75
19670831,1.76,1.76,1.71,1.72
19670901,1.72,1.74,1.72,1.72
19670905,1.72,1.72,1.71,1.71
19670906,1.71,1.71,1.69,1.70
19670907,1.70,1.72,1.70,1.71
19670908,1.72,1.73,1.71,1.72
19670911,1.73,1.73,1.71,1.71
19670912,1.71,1.72,1.71,1.72
19670913,1.72,1.74,1.72,1.73
19670914,1.74,1.76,1.74,1.76
19670915,1.76,1.78,1.76,1.77
19670918,1.77,1.80,1.77,1.80
19670919,1.80,1.80,1.76,1.77
19670920,1.77,1.77,1.76,1.76
19670921,1.77,1.77,1.75,1.76
19670922,1.76,1.77,1.75,1.76
19670925,1.76,1.77,1.75,1.77
19670926,1.77,1.78,1.77,1.77
19670927,1.78,1.78,1.76,1.76
19670928,1.77,1.77,1.75,1.76
19670929,1.76,1.76,1.75,1.76
19671002,1.77,1.79,1.76,1.78
19671003,1.79,1.80,1.78,1.79
19671004,1.80,1.80,1.78,1.79
19671005,1.79,1.79,1.79,1.79
19671006,1.80,1.82,1.79,1.81
19671009,1.82,1.84,1.82,1.84
19671010,1.84,1.84,1.82,1.82
19671011,1.83,1.83,1.80,1.81
19671013,1.81,1.86,1.81,1.86
19671016,1.86,1.89,1.86,1.87
19671017,1.87,1.87,1.85,1.85
19671018,1.86,1.88,1.85,1.88
19671019,1.88,1.91,1.88,1.90
19671020,1.91,1.94,1.90,1.93
19671023,1.94,1.98,1.94,1.95
19671024,1.96,1.96,1.90,1.91
19671025,1.91,1.91,1.86,1.86
19671026,1.86,1.91,1.84,1.91
19671027,1.91,1.93,1.89,1.89
19671030,1.90,1.91,1.89,1.91
19671031,1.92,1.93,1.91,1.91
19671101,1.92,1.92,1.92,1.92
19671102,1.92,1.95,1.92,1.94
19671103,1.94,1.96,1.93,1.95
19671106,1.95,1.97,1.94,1.97
19671108,1.97,2.02,1.97,2.02
19671109,2.02,2.02,1.99,2.02
19671110,2.02,2.02,1.97,1.99
19671113,1.99,1.99,1.94,1.96
19671114,1.96,2.00,1.95,1.95
19671115,1.96,1.97,1.96,1.97
19671116,1.97,2.00,1.95,1.96
19671117,1.96,1.99,1.95,1.96
19671120,1.97,2.01,1.97,2.01
19671121,2.01,2.06,2.01,2.06
19671122,2.07,2.09,2.04,2.09
19671124,2.10,2.13,2.10,2.13
19671127,2.14,2.20,2.14,2.20
19671128,2.21,2.21,2.15,2.15
19671129,2.16,2.16,2.10,2.14
19671130,2.14,2.14,2.09,2.11
19671201,2.11,2.13,2.08,2.12
19671204,2.13,2.16,2.12,2.14
19671205,2.14,2.16,2.12,2.13
19671206,2.14,2.14,2.11,2.12
19671207,2.13,2.13,2.10,2.11
19671208,2.11,2.14,2.11,2.14
19671211,2.14,2.19,2.14,2.19
19671212,2.19,2.24,2.19,2.24
19671213,2.24,2.29,2.19,2.20
19671214,2.20,2.25,2.20,2.25
19671215,2.25,2.30,2.22,2.29
19671218,2.30,2.30,2.27,2.29
19671219,2.29,2.29,2.23,2.25
19671220,2.25,2.25,2.21,2.23
19671221,2.23,2.25,2.22,2.25
19671222,2.26,2.28,2.26,2.27
19671226,2.28,2.28,2.25,2.26
19671227,2.27,2.27,2.25,2.26
19671228,2.27,2.31,2.25,2.31
19671229,2.31,2.37,2.30,2.33
19680102,2.33,2.35,2.31,2.34
19680103,2.34,2.37,2.31,2.31
19680104,2.32,2.32,2.24,2.24
19680105,2.25,2.28,2.24,2.26
19680108,2.27,2.27,2.17,2.17
19680109,2.18,2.21,2.12,2.15
19680110,2.15,2.16,2.12,2.15
19680111,2.15,2.22,2.15,2.21
19680112,2.21,2.22,2.18,2.19
19680115,2.19,2.19,2.15,2.17
19680116,2.17,2.17,2.12,2.15
19680117,2.15,2.21,2.15,2.18
19680118,2.19,2.19,2.16,2.18
19680119,2.19,2.20,2.16,2.18
19680122,2.19,2.20,2.15,2.16
19680123,2.17,2.17,2.13,2.14
19680124,2.15,2.15,2.09,2.10
19680125,2.11,2.17,2.10,2.14
19680126,2.14,2.14,2.10,2.10
19680129,2.11,2.11,2.06,2.06
19680130,2.06,2.06,1.98,1.99
19680131,2.00,2.08,2.00,2.07
19680201,2.08,2.08,2.04,2.05
19680202,2.05,2.06,2.03,2.03
19680205,2.04,2.04,1.96,1.96
19680206,1.96,1.99,1.95,1.99
19680207,2.00,2.01,1.99,2.01
19680208,2.02,2.02,1.99,2.00
19680209,2.00,2.00,1.97,2.00
19680213,2.00,2.00,1.97,1.97
19680214,1.98,2.02,1.97,2.02
19680215,2.02,2.06,2.01,2.05
19680216,2.05,2.07,2.04,2.05
19680219,2.05,2.06,2.03,2.06
19680220,2.06,2.09,2.06,2.09
19680221,2.10,2.11,2.10,2.10
19680223,2.11,2.13,2.10,2.12
19680226,2.13,2.15,2.13,2.15
19680227,2.15,2.18,2.15,2.18
19680228,2.18,2.18,2.13,2.14
19680229,2.15,2.21,2.15,2.21
19680301,2.21,2.28,2.21,2.23
19680304,2.24,2.28,2.24,2.27
19680305,2.27,2.37,2.27,2.34
19680306,2.34,2.34,2.19,2.21
19680307,2.21,2.31,2.21,2.30
19680308,2.30,2.37,2.30,2.33
19680311,2.33,2.33,2.25,2.27
19680312,2.28,2.36,2.28,2.35
19680313,2.36,2.45,2.36,2.45
19680314,2.46,2.55,2.46,2.55
19680318,2.56,2.56,2.45,2.45
19680319,2.46,2.46,2.37,2.37
19680320,2.38,2.38,2.29,2.34
19680321,2.34,2.38,2.32,2.32
19680322,2.33,2.38,2.29,2.31
19680325,2.31,2.32,2.25,2.26
19680326,2.26,2.33,2.26,2.33
19680327,2.33,2.35,2.29,2.33
19680328,2.34,2.34,2.29,2.31
19680329,2.31,2.31,2.26,2.26
19680401,2.27,2.27,2.19,2.21
19680402,2.21,2.25,2.19,2.19
19680403,2.20,2.20,2.09,2.09
19680404,2.09,2.13,2.08,2.08
19680405,2.08,2.15,2.08,2.15
19680408,2.16,2.19,2.16,2.17
19680410,2.18,2.24,2.18,2.21
19680411,2.22,2.39,2.22,2.38
19680415,2.39,2.45,2.38,2.45
19680416,2.45,2.48,2.43,2.44
19680417,2.45,2.45,2.40,2.40
19680418,2.41,2.41,2.37,2.40
19680419,2.40,2.40,2.33,2.35
19680422,2.35,2.58,2.35,2.58
19680423,2.58,2.58,2.48,2.50
19680424,2.50,2.55,2.50,2.52
19680425,2.53,2.54,2.50,2.51
19680426,2.51,2.58,2.51,2.56
19680429,2.56,2.62,2.56,2.56
19680430,2.57,2.57,2.50,2.50
19680501,2.51,2.57,2.47,2.47
19680502,2.47,2.51,2.46,2.51
19680503,2.51,2.54,2.46,2.53
19680506,2.54,2.56,2.46,2.47
19680507,2.48,2.54,2.48,2.54
19680508,2.54,2.58,2.50,2.55
19680509,2.56,2.60,2.56,2.59
19680510,2.59,2.62,2.59,2.60
19680513,2.60,2.63,2.58,2.60
19680514,2.60,2.60,2.58,2.60
19680515,2.60,2.65,2.60,2.65
19680516,2.65,2.72,2.65,2.69
19680517,2.70,2.71,2.63,2.71
19680520,2.71,2.75,2.71,2.75
19680521,2.75,2.75,2.65,2.65
19680522,2.65,2.67,2.61,2.67
19680523,2.67,2.67,2.62,2.65
19680524,2.65,2.70,2.65,2.70
19680527,2.70,2.70,2.64,2.64
19680528,2.65,2.65,2.58,2.59
19680529,2.60,2.60,2.56,2.57
19680603,2.58,2.61,2.56,2.56
19680604,2.56,2.56,2.48,2.48
19680605,2.48,2.58,2.48,2.56
19680606,2.57,2.65,2.56,2.64
19680607,2.65,2.69,2.60,2.61
19680610,2.62,2.64,2.58,2.62
19680611,2.63,2.67,2.63,2.67
19680612,2.67,2.70,2.63,2.67
19680613,2.67,2.67,2.59,2.59
19680614,2.59,2.59,2.52,2.57
19680617,2.57,2.57,2.51,2.52
19680618,2.52,2.60,2.52,2.58
19680619,2.58,2.62,2.53,2.54
19680620,2.54,2.56,2.52,2.54
19680621,2.54,2.60,2.54,2.58
19680624,2.59,2.62,2.59,2.61
19680625,2.61,2.61,2.55,2.56
19680626,2.56,2.62,2.55,2.60
19680627,2.61,2.63,2.60,2.62
19680628,2.62,2.65,2.62,2.63
19680701,2.63,2.63,2.59,2.60
19680702,2.61,2.61,2.58,2.60
19680703,2.60,2.62,2.60,2.61
19680708,2.62,2.62,2.48,2.48
19680709,2.49,2.49,2.42,2.46
19680710,2.46,2.49,2.46,2.48
19680711,2.49,2.49,2.44,2.46
19680712,2.46,2.50,2.46,2.49
19680715,2.49,2.49,2.46,2.46
19680716,2.47,2.47,2.38,2.39
19680717,2.39,2.39,2.29,2.31
19680718,2.31,2.41,2.31,2.41
19680719,2.41,2.45,2.41,2.42
19680722,2.43,2.43,2.38,2.40
19680723,2.40,2.48,2.40,2.48
19680724,2.48,2.48,2.44,2.44
19680725,2.44,2.44,2.40,2.42
19680726,2.43,2.44,2.40,2.41
19680729,2.42,2.42,2.33,2.33
19680730,2.34,2.36,2.33,2.35
19680731,2.36,2.37,2.30,2.32
19680801,2.33,2.34,2.30,2.33
19680802,2.34,2.35,2.33,2.34
19680805,2.35,2.35,2.25,2.25
19680806,2.25,2.30,2.23,2.28
19680807,2.29,2.29,2.25,2.26
19680808,2.27,2.27,2.22,2.26
19680809,2.27,2.28,2.23,2.24
19680812,2.25,2.25,2.19,2.20
19680813,2.21,2.27,2.21,2.27
19680814,2.27,2.35,2.27,2.35
19680815,2.35,2.38,2.32,2.33
19680816,2.33,2.35,2.31,2.33
19680819,2.33,2.36,2.31,2.35
19680820,2.36,2.41,2.36,2.39
19680821,2.40,2.43,2.40,2.40
19680822,2.40,2.40,2.37,2.40
19680823,2.40,2.41,2.37,2.38
19680826,2.38,2.38,2.33,2.33
19680827,2.33,2.35,2.30,2.31
19680828,2.31,2.35,2.28,2.35
19680829,2.35,2.38,2.35,2.35
19680830,2.36,2.36,2.34,2.35
19680903,2.35,2.37,2.33,2.37
19680904,2.37,2.40,2.37,2.40
19680905,2.40,2.40,2.38,2.38
19680906,2.39,2.39,2.35,2.36
19680909,2.36,2.36,2.29,2.31
19680910,2.31,2.32,2.28,2.31
19680911,2.32,2.34,2.30,2.30
19680912,2.31,2.33,2.30,2.32
19680913,2.32,2.32,2.29,2.32
19680916,2.32,2.35,2.32,2.35
19680917,2.36,2.38,2.34,2.38
19680918,2.38,2.38,2.35,2.36
19680919,2.37,2.37,2.34,2.37
19680920,2.38,2.39,2.34,2.34
19680923,2.34,2.34,2.33,2.33
19680924,2.33,2.34,2.31,2.33
19680925,2.33,2.33,2.30,2.30
19680926,2.31,2.33,2.28,2.32
19680927,2.33,2.33,2.26,2.26
19680930,2.27,2.27,2.20,2.20
19681001,2.21,2.22,2.12,2.12
19681002,2.13,2.16,2.11,2.15
19681003,2.16,2.18,2.16,2.17
19681004,2.17,2.17,2.15,2.16
19681007,2.17,2.19,2.16,2.17
19681008,2.17,2.17,2.12,2.14
19681009,2.14,2.14,2.04,2.06
19681010,2.06,2.09,2.03,2.08
19681011,2.09,2.11,2.08,2.09
19681014,2.09,2.09,2.03,2.04
19681015,2.04,2.04,1.99,2.00
19681016,2.00,2.00,1.96,1.96
19681017,1.96,1.96,1.91,1.92
19681018,1.93,2.01,1.93,2.00
19681021,2.01,2.01,1.91,1.91
19681022,1.92,2.08,1.92,2.08
19681023,2.09,2.12,2.04,2.10
19681024,2.10,2.10,2.05,2.05
19681025,2.06,2.09,2.06,2.07
19681028,2.08,2.17,2.08,2.17
19681029,2.18,2.18,2.14,2.15
19681030,2.16,2.17,2.12,2.13
19681031,2.13,2.13,2.07,2.08
19681101,2.08,2.15,2.08,2.13
19681104,2.13,2.17,2.13,2.15
19681106,2.15,2.16,2.12,2.15
19681107,2.15,2.15,2.12,2.13
19681108,2.13,2.17,2.13,2.15
19681112,2.15,2.23,2.15,2.23
19681113,2.23,2.24,2.22,2.22
19681114,2.23,2.27,2.21,2.27
19681115,2.27,2.31,2.27,2.27
19681118,2.28,2.31,2.25,2.25
19681119,2.26,2.27,2.22,2.23
19681120,2.23,2.27,2.23,2.23
19681121,2.24,2.24,2.17,2.19
19681122,2.19,2.25,2.19,2.23
19681125,2.23,2.23,2.15,2.15
19681126,2.16,2.16,2.06,2.08
19681127,2.09,2.13,2.09,2.13
19681129,2.13,2.13,2.09,2.09
19681202,2.09,2.10,2.05,2.08
19681203,2.08,2.13,2.08,2.13
19681204,2.14,2.17,2.14,2.15
19681205,2.15,2.17,2.12,2.17
19681206,2.18,2.20,2.17,2.18
19681209,2.18,2.18,2.12,2.12
19681210,2.13,2.15,2.09,2.15
19681211,2.15,2.17,2.11,2.12
19681212,2.12,2.14,2.12,2.12
19681213,2.13,2.13,2.09,2.09
19681216,2.09,2.10,2.08,2.09
19681217,2.10,2.13,2.10,2.12
19681218,2.13,2.17,2.13,2.15
19681219,2.15,2.15,2.10,2.11
19681220,2.11,2.13,2.10,2.13
19681223,2.13,2.13,2.09,2.10
19681226,2.10,2.10,2.08,2.09
19681227,2.09,2.10,2.08,2.09
19681230,2.09,2.11,2.07,2.07
19681231,2.08,2.10,2.05,2.10
19690102,2.11,2.12,2.08,2.12
19690103,2.13,2.13,2.10,2.11
19690106,2.12,2.12,2.10,2.10
19690107,2.10,2.11,2.10,2.11
19690108,2.11,2.14,2.11,2.14
19690109,2.15,2.18,2.13,2.17
19690110,2.18,2.19,2.15,2.15
19690113,2.16,2.17,2.14,2.15
19690114,2.15,2.17,2.15,2.16
19690115,2.16,2.17,2.15,2.15
19690116,2.15,2.15,2.10,2.11
19690117,2.12,2.12,2.10,2.11
19690120,2.11,2.14,2.11,2.14
19690121,2.14,2.14,2.12,2.12
19690122,2.12,2.12,2.12,2.12
19690123,2.12,2.12,2.09,2.09
19690124,2.10,2.12,2.10,2.12
19690127,2.13,2.13,2.10,2.11
19690128,2.12,2.12,2.10,2.10
19690129,2.10,2.11,2.10,2.10
19690130,2.11,2.12,2.11,2.12
19690131,2.12,2.12,2.11,2.11
19690203,2.12,2.12,2.10,2.10
19690204,2.11,2.11,2.09,2.09
19690205,2.09,2.09,1.99,1.99
19690206,2.00,2.01,1.94,1.95
19690207,1.95,1.97,1.91,1.94
19690211,1.95,1.95,1.94,1.94
19690213,1.95,1.95,1.84,1.84
19690214,1.85,1.90,1.81,1.89
19690217,1.90,1.91,1.85,1.88
19690218,1.88,1.93,1.83,1.92
19690219,1.92,1.93,1.89,1.93
19690220,1.94,1.94,1.92,1.93
19690224,1.93,1.93,1.88,1.88
19690225,1.89,1.89,1.86,1.87
19690226,1.88,1.92,1.87,1.91
19690227,1.92,1.94,1.89,1.91
19690228,1.91,1.92,1.90,1.90
19690303,1.90,1.90,1.88,1.89
19690304,1.89,1.96,1.88,1.94
19690305,1.94,1.97,1.94,1.95
19690306,1.96,2.00,1.96,2.00
19690307,2.00,2.00,1.95,1.96
19690310,1.96,1.97,1.94,1.95
19690311,1.96,1.96,1.90,1.90
19690312,1.91,1.93,1.89,1.92
19690313,1.92,1.93,1.87,1.88
19690314,1.89,1.91,1.86,1.91
19690317,1.91,1.91,1.88,1.89
19690318,1.89,1.92,1.88,1.91
19690319,1.92,1.92,1.89,1.89
19690320,1.90,1.90,1.89,1.90
19690321,1.91,1.92,1.91,1.91
19690324,1.91,1.92,1.90,1.91
19690325,1.91,1.91,1.87,1.87
19690326,1.88,1.88,1.83,1.86
19690327,1.86,1.90,1.85,1.89
19690328,1.89,1.90,1.88,1.89
19690401,1.90,1.90,1.85,1.85
19690402,1.85,1.86,1.85,1.86
19690403,1.87,1.89,1.87,1.88
19690407,1.88,1.88,1.86,1.87
19690408,1.87,1.88,1.85,1.86
19690409,1.86,1.89,1.83,1.88
19690410,1.89,1.89,1.87,1.87
19690411,1.88,1.88,1.86,1.87
19690414,1.87,1.87,1.85,1.86
19690415,1.86,1.86,1.85,1.85
19690416,1.86,1.88,1.85,1.86
19690417,1.87,1.87,1.85,1.85
19690418,1.86,1.86,1.85,1.85
19690421,1.85,1.85,1.76,1.79
19690422,1.80,1.81,1.79,1.81
19690423,1.81,1.84,1.81,1.84
19690424,1.84,1.84,1.82,1.83
19690425,1.83,1.83,1.81,1.82
19690428,1.83,1.86,1.83,1.83
19690429,1.84,1.84,1.80,1.81
19690430,1.81,1.82,1.80,1.81
19690501,1.81,1.81,1.81,1.81
19690502,1.81,1.81,1.79,1.80
19690505,1.81,1.81,1.77,1.78
19690506,1.78,1.85,1.78,1.84
19690507,1.85,1.88,1.82,1.87
19690508,1.87,1.88,1.85,1.86
19690509,1.86,1.86,1.83,1.83
19690512,1.84,1.84,1.79,1.79
19690513,1.80,1.82,1.75,1.82
19690514,1.82,1.82,1.79,1.79
19690515,1.80,1.81,1.80,1.80
19690516,1.80,1.82,1.80,1.80
19690519,1.81,1.81,1.79,1.79
19690520,1.79,1.80,1.78,1.80
19690521,1.81,1.81,1.79,1.79
19690522,1.79,1.80,1.78,1.79
19690523,1.80,1.80,1.79,1.79
19690526,1.80,1.82,1.79,1.82
19690527,1.83,1.84,1.80,1.80
19690528,1.81,1.81,1.80,1.80
19690529,1.81,1.81,1.80,1.81
19690603,1.82,1.82,1.77,1.78
19690605,1.78,1.79,1.77,1.77
19690606,1.78,1.78,1.76,1.76
19690609,1.76,1.76,1.71,1.71
19690610,1.71,1.82,1.71,1.79
19690611,1.79,1.81,1.77,1.78
19690612,1.79,1.80,1.78,1.78
19690613,1.79,1.79,1.77,1.77
19690616,1.78,1.78,1.74,1.75
19690617,1.75,1.75,1.56,1.58
19690618,1.59,1.70,1.59,1.69
19690619,1.69,1.72,1.69,1.72
19690620,1.73,1.73,1.60,1.60
19690623,1.60,1.72,1.60,1.69
19690624,1.70,1.71,1.68,1.70
19690625,1.71,1.71,1.69,1.69
19690626,1.70,1.70,1.67,1.67
19690627,1.68,1.68,1.65,1.66
19690630,1.67,1.70,1.67,1.70
19690702,1.70,1.70,1.67,1.68
19690703,1.68,1.68,1.68,1.68
19690707,1.69,1.73,1.69,1.72
19690708,1.72,1.73,1.71,1.72
19690709,1.72,1.75,1.72,1.75
19690710,1.75,1.78,1.73,1.74
19690711,1.74,1.75,1.73,1.75
19690714,1.76,1.78,1.75,1.78
19690715,1.79,1.79,1.77,1.78
19690716,1.78,1.78,1.74,1.74
19690717,1.75,1.76,1.73,1.76
19690718,1.76,1.77,1.76,1.77
19690722,1.78,1.78,1.75,1.75
19690723,1.76,1.76,1.71,1.73
19690724,1.73,1.74,1.72,1.73
19690725,1.74,1.75,1.73,1.75
19690728,1.75,1.75,1.71,1.71
19690729,1.72,1.72,1.68,1.69
19690730,1.70,1.72,1.70,1.72
19690731,1.72,1.72,1.70,1.70
19690801,1.70,1.71,1.70,1.71
19690804,1.72,1.72,1.69,1.70
19690805,1.70,1.77,1.70,1.76
19690806,1.76,1.76,1.71,1.72
19690807,1.73,1.76,1.73,1.75
19690808,1.76,1.76,1.75,1.76
19690811,1.76,1.80,1.76,1.80
19690812,1.81,1.81,1.78,1.81
19690813,1.81,1.85,1.81,1.85
19690814,1.85,1.85,1.79,1.79
19690815,1.80,1.81,1.79,1.80
19690818,1.80,1.80,1.75,1.75
19690819,1.75,1.77,1.75,1.75
19690820,1.76,1.77,1.73,1.74
19690821,1.75,1.76,1.74,1.75
19690822,1.76,1.76,1.75,1.75
19690825,1.76,1.76,1.73,1.75
19690826,1.75,1.76,1.74,1.75
19690827,1.76,1.76,1.74,1.74
19690828,1.75,1.75,1.73,1.75
19690829,1.75,1.76,1.75,1.76
19690902,1.76,1.78,1.76,1.78
19690903,1.78,1.78,1.77,1.78
19690904,1.78,1.78,1.76,1.76
19690905,1.77,1.80,1.77,1.79
19690908,1.80,1.81,1.79,1.81
19690909,1.81,1.84,1.81,1.83
19690910,1.84,1.84,1.82,1.82
19690911,1.83,1.84,1.83,1.84
19690912,1.84,1.85,1.84,1.85
19690915,1.85,1.85,1.82,1.83
19690916,1.83,1.87,1.83,1.87
19690917,1.88,1.88,1.85,1.85
19690918,1.86,1.91,1.86,1.91
19690919,1.92,1.93,1.92,1.92
19690922,1.92,1.96,1.92,1.96
19690923,1.96,2.00,1.96,2.00
19690924,2.01,2.06,1.97,2.03
19690925,2.03,2.03,1.98,1.98
19690926,1.99,1.99,1.94,1.96
19690929,1.96,2.01,1.96,2.01
19690930,2.01,2.03,1.99,1.99
19691001,2.00,2.00,1.97,2.00
19691002,2.00,2.02,2.00,2.00
19691003,2.00,2.00,1.97,1.97
19691006,1.97,1.97,1.92,1.93
19691007,1.93,1.97,1.93,1.94
19691008,1.94,1.95,1.93,1.95
19691009,1.96,1.97,1.94,1.96
19691010,1.97,1.97,1.95,1.96
19691014,1.96,1.96,1.91,1.92
19691015,1.92,1.95,1.91,1.92
19691016,1.92,2.00,1.92,1.99
19691017,2.00,2.00,1.97,1.99
19691020,1.99,2.09,1.99,2.08
19691021,2.09,2.09,1.99,1.99
19691022,2.00,2.01,1.99,2.01
19691023,2.02,2.02,1.99,1.99
19691024,2.00,2.00,1.98,1.99
19691027,1.99,2.11,1.99,2.11
19691028,2.11,2.11,2.09,2.10
19691029,2.11,2.17,2.11,2.16
19691030,2.17,2.17,2.14,2.14
19691031,2.14,2.18,2.14,2.18
19691103,2.18,2.20,2.15,2.16
19691105,2.17,2.19,2.17,2.19
19691106,2.20,2.20,2.17,2.18
19691107,2.18,2.18,2.14,2.14
19691110,2.15,2.15,2.12,2.15
19691112,2.15,2.15,2.13,2.14
19691113,2.14,2.14,2.10,2.10
19691114,2.11,2.12,2.10,2.11
19691117,2.12,2.12,2.05,2.06
19691118,2.06,2.09,2.04,2.05
19691119,2.05,2.07,2.03,2.06
19691120,2.07,2.09,2.06,2.09
19691121,2.10,2.10,2.08,2.09
19691124,2.09,2.09,2.06,2.07
19691125,2.07,2.08,2.04,2.06
19691126,2.06,2.07,2.06,2.06
19691128,2.07,2.10,2.07,2.10
19691201,2.10,2.13,2.10,2.13
19691202,2.13,2.13,2.11,2.11
19691203,2.12,2.12,2.08,2.08
19691204,2.09,2.09,2.00,2.03
19691205,2.04,2.04,2.02,2.03
19691208,2.04,2.04,1.94,1.96
19691209,1.96,1.97,1.90,1.91
19691210,1.91,1.94,1.90,1.91
19691211,1.92,1.95,1.92,1.94
19691212,1.95,1.95,1.91,1.93
19691215,1.93,1.95,1.92,1.93
19691216,1.93,1.93,1.88,1.89
19691217,1.89,1.92,1.86,1.91
19691218,1.91,1.93,1.89,1.91
19691219,1.92,1.92,1.90,1.91
19691222,1.91,1.93,1.91,1.93
19691223,1.94,1.96,1.94,1.95
19691224,1.96,1.99,1.96,1.98
19691229,1.99,2.00,1.95,1.96
19691230,1.97,1.97,1.95,1.95
19691231,1.96,1.97,1.95,1.97
19700105,1.97,2.02,1.97,2.01
19700106,2.02,2.02,1.99,1.99
19700107,2.00,2.01,1.98,2.00
19700108,2.00,2.01,1.99,2.00
19700109,2.00,2.00,1.97,1.97
19700112,1.97,2.00,1.94,2.00
19700113,2.00,2.02,1.98,2.00
19700114,2.01,2.03,2.00,2.03
19700115,2.04,2.04,2.01,2.01
19700116,2.02,2.04,2.01,2.03
19700119,2.04,2.07,2.04,2.06
19700120,2.06,2.06,2.03,2.04
19700121,2.04,2.04,2.02,2.03
19700122,2.03,2.04,2.03,2.04
19700123,2.04,2.06,2.04,2.05
19700126,2.06,2.07,2.04,2.04
19700127,2.05,2.05,2.02,2.02
19700128,2.02,2.04,2.02,2.04
19700129,2.05,2.08,2.03,2.03
19700130,2.04,2.05,2.02,2.04
19700202,2.04,2.04,2.02,2.03
19700203,2.03,2.05,2.02,2.05
19700204,2.06,2.06,2.03,2.04
19700205,2.05,2.05,2.03,2.05
19700206,2.06,2.06,2.04,2.06
19700209,2.06,2.07,2.06,2.06
19700210,2.06,2.06,2.04,2.04
19700211,2.04,2.04,2.00,2.01
19700213,2.02,2.04,2.01,2.03
19700216,2.04,2.04,2.00,2.00
19700217,2.00,2.01,1.98,1.99
19700218,2.00,2.02,1.98,2.01
19700219,2.02,2.02,2.00,2.00
19700220,2.01,2.02,2.00,2.01
19700224,2.02,2.02,1.99,2.00
19700225,2.00,2.00,1.99,1.99
19700226,1.99,2.02,1.99,2.02
19700227,2.02,2.03,2.01,2.01
19700302,2.01,2.03,2.01,2.02
19700303,2.03,2.04,2.02,2.03
19700304,2.04,2.04,1.99,2.00
19700305,2.01,2.03,2.01,2.02
19700306,2.03,2.03,2.00,2.01
19700309,2.02,2.02,2.00,2.00
19700310,2.00,2.00,1.98,1.99
19700311,1.99,1.99,1.98,1.98
19700312,1.98,1.98,1.96,1.96
19700313,1.97,1.98,1.96,1.97
19700316,1.98,1.98,1.96,1.96
19700317,1.96,1.96,1.95,1.95
19700318,1.96,1.97,1.96,1.97
19700319,1.97,1.98,1.96,1.97
19700320,1.97,1.97,1.96,1.97
19700323,1.98,1.98,1.96,1.96
19700324,1.97,1.97,1.95,1.97
19700325,1.97,2.00,1.96,1.98
19700326,1.99,1.99,1.98,1.98
19700330,1.99,1.99,1.98,1.98
19700331,1.98,1.98,1.97,1.98
19700401,1.98,1.99,1.98,1.99
19700402,1.99,1.99,1.98,1.98
19700403,1.99,1.99,1.98,1.98
19700406,1.98,1.98,1.97,1.97
19700407,1.97,1.97,1.96,1.96
19700408,1.97,1.97,1.94,1.94
19700409,1.94,1.95,1.93,1.93
19700410,1.93,1.93,1.92,1.93
19700413,1.93,1.94,1.93,1.94
19700414,1.95,1.95,1.93,1.93
19700415,1.94,1.94,1.92,1.93
19700416,1.93,1.95,1.93,1.94
19700417,1.95,1.95,1.94,1.94
19700420,1.94,1.95,1.94,1.94
19700421,1.95,1.95,1.93,1.93
19700422,1.93,1.94,1.93,1.94
19700423,1.94,1.94,1.92,1.93
19700424,1.94,1.94,1.92,1.92
19700427,1.92,1.92,1.88,1.89
19700428,1.89,1.89,1.79,1.79
19700429,1.80,1.80,1.70,1.73
19700430,1.73,1.78,1.73,1.76
19700501,1.77,1.78,1.76,1.77
19700504,1.78,1.78,1.71,1.72
19700505,1.72,1.76,1.67,1.75
19700506,1.75,1.77,1.71,1.73
19700507,1.74,1.74,1.73,1.74
19700508,1.75,1.77,1.74,1.77
19700511,1.77,1.80,1.77,1.80
19700512,1.81,1.81,1.76,1.77
19700513,1.78,1.78,1.74,1.75
19700514,1.76,1.76,1.71,1.71
19700515,1.72,1.75,1.72,1.74
19700518,1.74,1.75,1.73,1.75
19700519,1.75,1.75,1.73,1.74
19700520,1.74,1.74,1.68,1.68
19700521,1.68,1.68,1.64,1.64
19700522,1.65,1.67,1.64,1.65
19700525,1.66,1.66,1.58,1.60
19700526,1.60,1.64,1.55,1.59
19700527,1.60,1.64,1.60,1.63
19700528,1.64,1.66,1.62,1.64
19700601,1.65,1.66,1.64,1.64
19700602,1.65,1.65,1.62,1.65
19700603,1.66,1.70,1.66,1.70
19700604,1.70,1.72,1.68,1.70
19700605,1.70,1.70,1.66,1.68
19700608,1.68,1.70,1.67,1.69
19700609,1.70,1.71,1.69,1.70
19700610,1.71,1.71,1.67,1.67
19700611,1.68,1.68,1.65,1.66
19700612,1.67,1.67,1.65,1.66
19700615,1.66,1.67,1.65,1.67
19700616,1.68,1.69,1.67,1.68
19700617,1.69,1.69,1.67,1.68
19700618,1.68,1.68,1.66,1.68
19700619,1.69,1.71,1.69,1.70
19700622,1.70,1.70,1.68,1.69
19700623,1.69,1.69,1.65,1.65
19700624,1.66,1.67,1.63,1.66
19700625,1.66,1.67,1.65,1.66
19700626,1.66,1.66,1.64,1.64
19700629,1.65,1.65,1.63,1.63
19700630,1.64,1.65,1.63,1.64
19700701,1.64,1.65,1.64,1.65
19700702,1.66,1.66,1.64,1.65
19700706,1.66,1.66,1.61,1.61
19700707,1.61,1.62,1.60,1.61
19700708,1.62,1.64,1.62,1.64
19700709,1.64,1.64,1.64,1.64
19700710,1.65,1.65,1.63,1.64
19700713,1.64,1.66,1.64,1.66
19700714,1.66,1.69,1.65,1.68
19700715,1.69,1.70,1.67,1.69
19700716,1.69,1.75,1.69,1.73
19700717,1.74,1.75,1.73,1.75
19700720,1.75,1.79,1.75,1.79
19700721,1.80,1.80,1.78,1.78
19700722,1.79,1.81,1.79,1.80
19700723,1.80,1.80,1.78,1.78
19700724,1.78,1.79,1.77,1.78
19700727,1.79,1.81,1.79,1.81
19700728,1.81,1.85,1.81,1.85
19700729,1.85,1.85,1.82,1.83
19700730,1.83,1.85,1.82,1.82
19700731,1.83,1.84,1.82,1.83
19700803,1.84,1.84,1.80,1.80
19700804,1.80,1.82,1.78,1.82
19700805,1.82,1.83,1.79,1.79
19700806,1.79,1.80,1.78,1.78
19700807,1.79,1.83,1.77,1.83
19700810,1.83,1.83,1.79,1.79
19700811,1.80,1.80,1.77,1.80
19700812,1.80,1.82,1.79,1.82
19700813,1.83,1.83,1.80,1.81
19700814,1.82,1.88,1.81,1.87
19700817,1.87,1.90,1.87,1.89
19700818,1.89,1.90,1.88,1.90
19700819,1.91,1.92,1.89,1.89
19700820,1.89,1.89,1.86,1.87
19700821,1.87,1.89,1.87,1.88
19700824,1.89,1.92,1.89,1.91
19700825,1.91,1.93,1.87,1.92
19700826,1.93,1.93,1.89,1.90
19700827,1.90,1.91,1.87,1.88
19700828,1.88,1.90,1.88,1.89
19700831,1.90,1.90,1.88,1.89
19700901,1.89,1.89,1.86,1.87
19700902,1.88,1.88,1.85,1.88
19700903,1.89,1.90,1.88,1.89
19700904,1.90,1.90,1.89,1.89
19700908,1.90,1.91,1.88,1.91
19700909,1.92,1.92,1.89,1.90
19700910,1.90,1.90,1.88,1.88
19700911,1.88,1.89,1.87,1.87
19700914,1.88,1.88,1.85,1.85
19700915,1.85,1.85,1.80,1.80
19700916,1.81,1.83,1.80,1.82
19700917,1.82,1.84,1.81,1.82
19700918,1.83,1.83,1.79,1.80
19700921,1.81,1.81,1.78,1.80
19700922,1.81,1.82,1.80,1.81
19700923,1.82,1.82,1.80,1.80
19700924,1.80,1.80,1.77,1.77
19700925,1.78,1.78,1.76,1.77
19700928,1.78,1.78,1.78,1.78
19700929,1.78,1.78,1.73,1.73
19700930,1.74,1.74,1.69,1.69
19701001,1.69,1.73,1.69,1.73
19701002,1.74,1.79,1.74,1.78
19701005,1.79,1.79,1.71,1.72
19701006,1.72,1.76,1.71,1.76
19701007,1.76,1.78,1.75,1.77
19701008,1.78,1.78,1.76,1.77
19701009,1.77,1.77,1.75,1.77
19701012,1.77,1.77,1.74,1.74
19701013,1.75,1.80,1.75,1.78
19701014,1.78,1.80,1.77,1.80
19701015,1.80,1.81,1.80,1.81
19701016,1.81,1.81,1.79,1.80
19701019,1.80,1.80,1.76,1.77
19701020,1.77,1.79,1.77,1.78
19701021,1.78,1.80,1.77,1.77
19701022,1.77,1.78,1.76,1.78
19701023,1.79,1.84,1.78,1.84
19701026,1.84,1.88,1.84,1.87
19701027,1.87,1.87,1.84,1.86
19701028,1.87,1.87,1.84,1.85
19701029,1.85,1.85,1.83,1.84
19701030,1.84,1.87,1.84,1.86
19701102,1.86,1.87,1.85,1.85
19701104,1.85,1.88,1.85,1.87
19701105,1.88,1.88,1.85,1.85
19701106,1.86,1.86,1.83,1.83
19701109,1.84,1.86,1.83,1.86
19701110,1.87,1.88,1.83,1.84
19701111,1.84,1.84,1.80,1.80
19701112,1.80,1.85,1.80,1.84
19701113,1.84,1.84,1.81,1.82
19701116,1.83,1.84,1.80,1.84
19701117,1.84,1.84,1.82,1.82
19701118,1.82,1.82,1.79,1.79
19701119,1.79,1.80,1.77,1.78
19701120,1.79,1.79,1.77,1.79
19701123,1.80,1.80,1.77,1.77
19701124,1.77,1.77,1.68,1.68
19701125,1.69,1.70,1.67,1.70
19701127,1.70,1.70,1.68,1.68
19701130,1.68,1.68,1.60,1.63
19701201,1.64,1.67,1.64,1.67
19701202,1.67,1.68,1.66,1.66
19701203,1.66,1.68,1.66,1.68
19701204,1.68,1.70,1.67,1.68
19701207,1.69,1.69,1.65,1.67
19701208,1.67,1.67,1.65,1.65
19701209,1.66,1.66,1.60,1.61
19701210,1.61,1.64,1.58,1.64
19701211,1.64,1.67,1.64,1.65
19701214,1.66,1.67,1.65,1.67
19701215,1.67,1.67,1.65,1.66
19701216,1.66,1.66,1.63,1.63
19701217,1.64,1.69,1.62,1.68
19701218,1.68,1.69,1.67,1.67
19701221,1.67,1.70,1.67,1.69
19701222,1.69,1.69,1.66,1.66
19701223,1.67,1.68,1.65,1.66
19701224,1.66,1.67,1.66,1.66
19701228,1.67,1.68,1.66,1.66
19701229,1.67,1.68,1.64,1.65
19701230,1.65,1.65,1.63,1.65
19701231,1.66,1.67,1.65,1.66
19710104,1.66,1.68,1.66,1.68
19710105,1.69,1.69,1.66,1.67
19710106,1.68,1.73,1.67,1.72
19710107,1.72,1.73,1.71,1.71
19710108,1.72,1.73,1.71,1.73
19710111,1.73,1.74,1.71,1.72
19710112,1.72,1.73,1.71,1.72
19710113,1.73,1.73,1.72,1.72
19710114,1.72,1.72,1.70,1.71
19710115,1.72,1.72,1.68,1.68
19710118,1.69,1.69,1.58,1.59
19710119,1.59,1.59,1.54,1.58
19710120,1.59,1.60,1.57,1.58
19710121,1.58,1.59,1.55,1.56
19710122,1.57,1.59,1.55,1.58
19710125,1.59,1.62,1.59,1.62
19710126,1.63,1.63,1.58,1.59
19710127,1.60,1.61,1.56,1.61
19710128,1.62,1.62,1.59,1.61
19710129,1.61,1.62,1.59,1.60
19710201,1.60,1.62,1.59,1.61
19710202,1.61,1.62,1.61,1.62
19710203,1.63,1.63,1.62,1.63
19710204,1.64,1.68,1.64,1.67
19710205,1.67,1.68,1.66,1.68
19710208,1.68,1.68,1.65,1.66
19710209,1.67,1.67,1.63,1.64
19710210,1.65,1.66,1.64,1.66
19710211,1.66,1.67,1.65,1.66
19710216,1.66,1.66,1.65,1.65
19710217,1.65,1.65,1.64,1.64
19710218,1.64,1.65,1.64,1.64
19710219,1.64,1.65,1.64,1.65
19710222,1.66,1.66,1.64,1.64
19710223,1.64,1.64,1.62,1.62
19710224,1.63,1.66,1.63,1.64
19710225,1.64,1.65,1.64,1.65
19710226,1.66,1.66,1.63,1.65
19710301,1.65,1.69,1.65,1.68
19710302,1.69,1.70,1.68,1.68
19710303,1.69,1.69,1.65,1.66
19710304,1.67,1.70,1.65,1.69
19710305,1.70,1.70,1.68,1.69
19710308,1.69,1.73,1.69,1.73
19710309,1.74,1.74,1.72,1.72
19710310,1.73,1.73,1.70,1.70
19710311,1.71,1.71,1.68,1.69
19710312,1.69,1.70,1.68,1.69
19710315,1.69,1.72,1.69,1.72
19710316,1.72,1.73,1.71,1.72
19710317,1.73,1.73,1.70,1.72
19710318,1.73,1.73,1.71,1.71
19710319,1.71,1.71,1.70,1.70
19710322,1.70,1.72,1.70,1.71
19710323,1.71,1.71,1.70,1.70
19710324,1.70,1.70,1.69,1.69
19710325,1.70,1.72,1.69,1.72
19710326,1.73,1.74,1.73,1.73
19710329,1.74,1.74,1.73,1.73
19710330,1.74,1.74,1.72,1.72
19710331,1.72,1.75,1.72,1.75
19710401,1.75,1.76,1.74,1.74
19710402,1.75,1.79,1.75,1.79
19710405,1.79,1.79,1.75,1.75
19710406,1.76,1.77,1.76,1.76
19710407,1.77,1.81,1.77,1.80
19710408,1.81,1.81,1.80,1.80
19710412,1.80,1.80,1.77,1.78
19710413,1.78,1.78,1.75,1.75
19710414,1.76,1.77,1.75,1.76
19710415,1.77,1.79,1.77,1.78
19710416,1.78,1.78,1.74,1.74
19710419,1.74,1.78,1.74,1.78
19710420,1.78,1.80,1.78,1.79
19710421,1.80,1.80,1.78,1.79
19710422,1.80,1.80,1.78,1.78
19710423,1.79,1.79,1.76,1.76
19710426,1.76,1.76,1.72,1.72
19710427,1.73,1.73,1.71,1.72
19710428,1.73,1.75,1.73,1.74
19710429,1.74,1.75,1.73,1.74
19710430,1.75,1.75,1.72,1.73
19710503,1.73,1.73,1.69,1.69
19710504,1.69,1.72,1.69,1.72
19710505,1.73,1.79,1.73,1.75
19710506,1.75,1.75,1.74,1.74
19710507,1.74,1.74,1.73,1.73
19710510,1.74,1.74,1.70,1.72
19710511,1.72,1.73,1.72,1.72
19710512,1.72,1.73,1.71,1.72
19710513,1.72,1.75,1.72,1.75
19710514,1.75,1.75,1.73,1.73
19710517,1.73,1.73,1.71,1.73
19710518,1.74,1.74,1.72,1.72
19710519,1.73,1.73,1.71,1.72
19710520,1.72,1.72,1.70,1.70
19710521,1.71,1.71,1.65,1.66
19710524,1.66,1.68,1.64,1.67
19710525,1.68,1.68,1.65,1.66
19710526,1.66,1.66,1.64,1.64
19710527,1.64,1.65,1.63,1.64
19710528,1.65,1.66,1.64,1.66
19710601,1.66,1.66,1.64,1.65
19710602,1.65,1.65,1.60,1.62
19710603,1.63,1.64,1.62,1.63
19710604,1.63,1.63,1.62,1.63
19710607,1.63,1.63,1.61,1.61
19710608,1.62,1.65,1.62,1.65
19710609,1.65,1.66,1.64,1.65
19710610,1.66,1.66,1.64,1.64
19710611,1.65,1.66,1.65,1.66
19710614,1.67,1.67,1.64,1.64
19710615,1.65,1.65,1.64,1.65
19710616,1.65,1.67,1.65,1.67
19710617,1.68,1.68,1.66,1.66
19710618,1.66,1.66,1.65,1.65
19710621,1.66,1.66,1.61,1.61
19710622,1.62,1.63,1.60,1.63
19710623,1.64,1.64,1.62,1.62
19710624,1.62,1.64,1.61,1.64
19710625,1.64,1.64,1.62,1.63
19710628,1.64,1.64,1.61,1.61
19710629,1.61,1.61,1.57,1.59
19710630,1.60,1.60,1.58,1.59
19710701,1.59,1.62,1.59,1.62
19710702,1.63,1.63,1.60,1.61
19710706,1.62,1.62,1.61,1.61
19710707,1.61,1.61,1.60,1.61
19710708,1.61,1.63,1.61,1.62
19710709,1.63,1.63,1.62,1.62
19710712,1.63,1.63,1.58,1.58
19710713,1.59,1.60,1.58,1.59
19710714,1.60,1.60,1.56,1.57
19710715,1.57,1.58,1.56,1.57
19710716,1.58,1.59,1.57,1.59
19710719,1.59,1.59,1.56,1.57
19710720,1.57,1.57,1.55,1.55
19710721,1.56,1.57,1.56,1.57
19710722,1.57,1.59,1.57,1.58
19710723,1.59,1.59,1.58,1.58
19710726,1.59,1.59,1.57,1.57
19710727,1.57,1.59,1.57,1.58
19710728,1.58,1.60,1.58,1.59
19710729,1.60,1.65,1.60,1.63
19710730,1.64,1.64,1.62,1.63
19710802,1.63,1.65,1.62,1.65
19710803,1.66,1.66,1.64,1.64
19710804,1.65,1.66,1.65,1.66
19710805,1.67,1.70,1.67,1.69
19710806,1.70,1.70,1.64,1.64
19710809,1.64,1.66,1.64,1.66
19710810,1.66,1.66,1.64,1.64
19710811,1.65,1.65,1.62,1.63
19710812,1.63,1.67,1.63,1.67
19710813,1.67,1.67,1.66,1.67
19710819,1.67,1.67,1.62,1.64
19710820,1.65,1.68,1.65,1.68
19710823,1.68,1.68,1.63,1.64
19710824,1.64,1.64,1.62,1.64
19710825,1.65,1.65,1.64,1.64
19710826,1.65,1.65,1.59,1.59
19710827,1.60,1.60,1.56,1.56
19710830,1.57,1.59,1.54,1.54
19710831,1.55,1.55,1.50,1.51
19710901,1.51,1.53,1.50,1.53
19710902,1.53,1.54,1.52,1.53
19710903,1.53,1.55,1.53,1.55
19710907,1.55,1.55,1.46,1.47
19710908,1.47,1.47,1.44,1.46
19710909,1.46,1.48,1.46,1.46
19710910,1.46,1.46,1.43,1.44
19710913,1.45,1.45,1.42,1.43
19710914,1.44,1.46,1.44,1.45
19710915,1.46,1.47,1.45,1.45
19710916,1.46,1.47,1.45,1.47
19710917,1.47,1.48,1.47,1.47
19710920,1.47,1.48,1.47,1.48
19710921,1.49,1.49,1.46,1.46
19710922,1.46,1.46,1.45,1.46
19710923,1.47,1.47,1.45,1.46
19710924,1.47,1.47,1.46,1.46
19710927,1.47,1.47,1.44,1.45
19710928,1.45,1.45,1.44,1.45
19710929,1.46,1.46,1.44,1.44
19710930,1.45,1.45,1.43,1.44
19711001,1.45,1.45,1.44,1.44
19711004,1.45,1.45,1.39,1.39
19711005,1.40,1.40,1.37,1.37
19711006,1.38,1.39,1.38,1.39
19711007,1.39,1.40,1.39,1.40
19711008,1.40,1.40,1.35,1.36
19711012,1.36,1.37,1.34,1.34
19711013,1.34,1.36,1.34,1.36
19711014,1.36,1.37,1.36,1.36
19711015,1.37,1.38,1.36,1.38
19711018,1.38,1.39,1.38,1.39
19711019,1.40,1.40,1.36,1.36
19711020,1.37,1.37,1.34,1.34
19711021,1.34,1.35,1.33,1.35
19711022,1.35,1.36,1.35,1.35
19711026,1.35,1.37,1.35,1.36
19711027,1.37,1.37,1.31,1.33
19711028,1.33,1.34,1.32,1.34
19711029,1.34,1.34,1.32,1.33
19711101,1.33,1.33,1.31,1.31
19711103,1.32,1.33,1.30,1.33
19711104,1.33,1.33,1.32,1.32
19711105,1.32,1.34,1.31,1.34
19711108,1.34,1.35,1.33,1.35
19711109,1.35,1.36,1.35,1.35
19711110,1.36,1.36,1.33,1.34
19711111,1.34,1.36,1.34,1.36
19711112,1.36,1.36,1.35,1.35
19711115,1.36,1.37,1.34,1.36
19711116,1.36,1.37,1.35,1.36
19711117,1.36,1.36,1.34,1.35
19711118,1.36,1.36,1.34,1.34
19711119,1.35,1.35,1.34,1.35
19711122,1.35,1.36,1.32,1.35
19711123,1.35,1.35,1.34,1.34
19711124,1.34,1.35,1.34,1.34
19711126,1.35,1.36,1.34,1.36
19711129,1.36,1.38,1.36,1.36
19711130,1.37,1.37,1.36,1.36
19711201,1.36,1.39,1.36,1.39
19711202,1.40,1.40,1.38,1.39
19711203,1.39,1.41,1.38,1.41
19711206,1.41,1.43,1.41,1.41
19711207,1.41,1.42,1.40,1.41
19711208,1.42,1.42,1.41,1.42
19711209,1.42,1.44,1.42,1.44
19711210,1.44,1.44,1.43,1.43
19711213,1.44,1.44,1.42,1.42
19711214,1.43,1.45,1.41,1.43
19711215,1.43,1.43,1.41,1.43
19711216,1.44,1.45,1.44,1.45
19711217,1.46,1.46,1.44,1.44
19711220,1.45,1.46,1.42,1.42
19711221,1.42,1.43,1.41,1.42
19711222,1.42,1.42,1.41,1.42
19711223,1.42,1.42,1.42,1.42
19711227,1.43,1.43,1.39,1.39
19711228,1.40,1.40,1.36,1.37
19711229,1.37,1.39,1.37,1.39
19711230,1.39,1.40,1.38,1.38
19720103,1.39,1.41,1.39,1.41
19720104,1.41,1.43,1.41,1.43
19720105,1.44,1.44,1.43,1.43
19720106,1.43,1.46,1.43,1.46
19720107,1.47,1.48,1.45,1.47
19720110,1.47,1.49,1.46,1.49
19720111,1.50,1.50,1.46,1.47
19720112,1.47,1.49,1.46,1.48
19720113,1.49,1.49,1.46,1.47
19720114,1.47,1.51,1.47,1.50
19720117,1.51,1.53,1.51,1.53
19720118,1.54,1.56,1.54,1.56
19720119,1.56,1.56,1.50,1.50
19720120,1.51,1.55,1.51,1.55
19720121,1.55,1.55,1.48,1.49
19720124,1.49,1.54,1.49,1.50
19720125,1.51,1.52,1.49,1.51
19720126,1.52,1.52,1.50,1.51
19720127,1.51,1.55,1.51,1.54
19720128,1.54,1.58,1.54,1.57
19720131,1.57,1.57,1.55,1.56
19720201,1.57,1.59,1.57,1.57
19720202,1.57,1.59,1.57,1.58
19720203,1.58,1.58,1.55,1.57
19720204,1.57,1.57,1.54,1.56
19720207,1.57,1.58,1.56,1.56
19720208,1.57,1.57,1.55,1.55
19720209,1.56,1.56,1.55,1.56
19720210,1.57,1.58,1.56,1.57
19720211,1.58,1.58,1.52,1.53
19720214,1.53,1.53,1.51,1.52
19720215,1.53,1.54,1.51,1.52
19720216,1.52,1.53,1.50,1.52
19720217,1.52,1.53,1.52,1.53
19720218,1.53,1.53,1.52,1.53
19720222,1.53,1.53,1.52,1.52
19720223,1.52,1.52,1.50,1.51
19720224,1.52,1.52,1.51,1.52
19720225,1.53,1.53,1.47,1.49
19720228,1.49,1.49,1.48,1.49
19720229,1.49,1.50,1.48,1.50
19720301,1.51,1.52,1.50,1.52
19720302,1.53,1.53,1.52,1.53
19720303,1.53,1.55,1.51,1.55
19720306,1.56,1.56,1.55,1.56
19720307,1.57,1.58,1.56,1.56
19720308,1.56,1.56,1.54,1.55
19720309,1.56,1.59,1.56,1.58
19720310,1.59,1.59,1.55,1.57
19720313,1.57,1.58,1.56,1.57
19720314,1.57,1.57,1.54,1.55
19720315,1.55,1.56,1.54,1.56
19720316,1.56,1.56,1.53,1.54
19720317,1.55,1.55,1.53,1.55
19720320,1.56,1.57,1.54,1.57
19720321,1.57,1.59,1.57,1.57
19720322,1.58,1.58,1.56,1.56
19720323,1.57,1.57,1.55,1.56
19720324,1.57,1.57,1.55,1.56
19720327,1.56,1.57,1.55,1.57
19720328,1.58,1.59,1.58,1.59
19720329,1.59,1.60,1.59,1.59
19720330,1.60,1.61,1.59,1.61
19720403,1.62,1.63,1.62,1.62
19720404,1.62,1.62,1.61,1.61
19720405,1.61,1.62,1.60,1.60
19720406,1.60,1.60,1.60,1.60
19720407,1.60,1.61,1.60,1.61
19720410,1.62,1.62,1.60,1.60
19720411,1.61,1.61,1.58,1.60
19720412,1.60,1.61,1.60,1.61
19720413,1.62,1.62,1.56,1.56
19720414,1.56,1.57,1.54,1.56
19720417,1.56,1.59,1.56,1.59
19720418,1.59,1.60,1.58,1.59
19720419,1.60,1.60,1.57,1.57
19720420,1.58,1.59,1.56,1.59
19720421,1.60,1.60,1.59,1.60
19720424,1.60,1.60,1.58,1.58
19720425,1.59,1.59,1.57,1.58
19720426,1.58,1.58,1.56,1.58
19720427,1.58,1.61,1.58,1.60
19720428,1.61,1.62,1.61,1.62
19720501,1.63,1.64,1.62,1.62
19720502,1.63,1.63,1.61,1.62
19720503,1.62,1.62,1.61,1.61
19720504,1.61,1.62,1.61,1.62
19720505,1.62,1.63,1.61,1.61
19720508,1.62,1.62,1.60,1.62
19720509,1.63,1.63,1.62,1.62
19720510,1.63,1.63,1.60,1.61
19720511,1.62,1.62,1.60,1.60
19720512,1.61,1.61,1.60,1.61
19720515,1.61,1.61,1.60,1.61
19720516,1.61,1.62,1.61,1.62
19720517,1.62,1.63,1.62,1.63
19720518,1.63,1.63,1.60,1.60
19720519,1.60,1.61,1.60,1.61
19720522,1.62,1.62,1.60,1.61
19720523,1.62,1.62,1.58,1.58
19720524,1.59,1.59,1.56,1.57
19720525,1.58,1.59,1.58,1.59
19720526,1.59,1.59,1.58,1.58
19720530,1.59,1.59,1.56,1.57
19720531,1.57,1.57,1.55,1.55
19720601,1.55,1.57,1.55,1.57
19720602,1.57,1.58,1.57,1.57
19720605,1.58,1.58,1.56,1.57
19720606,1.58,1.60,1.58,1.60
19720607,1.61,1.61,1.59,1.59
19720608,1.60,1.60,1.58,1.59
19720609,1.60,1.60,1.58,1.59
19720612,1.60,1.60,1.58,1.60
19720613,1.60,1.61,1.59,1.60
19720614,1.61,1.61,1.59,1.61
19720615,1.61,1.62,1.59,1.60
19720616,1.60,1.60,1.60,1.60
19720619,1.60,1.62,1.60,1.61
19720620,1.61,1.61,1.58,1.59
19720621,1.59,1.59,1.56,1.57
19720622,1.57,1.58,1.57,1.58
19720623,1.59,1.59,1.58,1.58
19720626,1.59,1.59,1.57,1.58
19720627,1.59,1.59,1.57,1.58
19720628,1.58,1.58,1.57,1.57
19720629,1.57,1.59,1.56,1.59
19720630,1.60,1.60,1.58,1.58
19720705,1.59,1.62,1.58,1.62
19720706,1.62,1.70,1.62,1.70
19720707,1.70,1.72,1.68,1.71
19720710,1.72,1.75,1.72,1.73
19720711,1.74,1.74,1.71,1.73
19720712,1.74,1.83,1.74,1.82
19720713,1.82,1.82,1.76,1.77
19720714,1.78,1.80,1.77,1.79
19720717,1.80,1.85,1.80,1.82
19720718,1.83,1.83,1.79,1.81
19720719,1.81,1.82,1.78,1.81
19720720,1.81,1.84,1.78,1.80
19720721,1.80,1.80,1.77,1.79
19720724,1.79,1.81,1.79,1.80
19720725,1.81,1.82,1.80,1.81
19720726,1.81,1.81,1.79,1.79
19720727,1.80,1.87,1.78,1.87
19720728,1.88,1.89,1.85,1.86
19720731,1.86,1.87,1.83,1.84
19720801,1.84,1.90,1.84,1.89
19720802,1.89,1.89,1.86,1.87
19720803,1.87,1.88,1.85,1.85
19720804,1.86,1.87,1.84,1.86
19720807,1.86,1.87,1.85,1.86
19720808,1.87,1.87,1.83,1.84
19720809,1.84,1.86,1.82,1.86
19720810,1.86,1.88,1.85,1.85
19720811,1.85,1.86,1.83,1.84
19720814,1.84,1.85,1.82,1.84
19720815,1.85,1.85,1.84,1.85
19720816,1.86,1.87,1.84,1.85
19720817,1.85,1.87,1.84,1.87
19720818,1.87,1.89,1.87,1.88
19720821,1.88,1.89,1.87,1.88
19720822,1.88,1.98,1.88,1.95
19720823,1.95,1.95,1.91,1.93
19720824,1.93,1.94,1.92,1.92
19720825,1.93,1.93,1.90,1.91
19720828,1.91,1.93,1.91,1.93
19720829,1.94,1.94,1.91,1.92
19720830,1.93,1.95,1.93,1.95
19720831,1.95,1.95,1.93,1.93
19720901,1.93,1.94,1.92,1.93
19720905,1.93,1.97,1.93,1.97
19720906,1.98,1.98,1.90,1.91
19720907,1.91,1.91,1.88,1.89
19720908,1.89,1.92,1.88,1.88
19720911,1.89,1.89,1.80,1.81
19720912,1.81,1.83,1.80,1.80
19720913,1.81,1.85,1.81,1.85
19720914,1.86,1.87,1.84,1.85
19720915,1.85,1.85,1.79,1.80
19720918,1.80,1.80,1.69,1.70
19720919,1.70,1.74,1.70,1.73
19720920,1.74,1.76,1.74,1.76
19720921,1.76,1.77,1.74,1.77
19720922,1.78,1.78,1.75,1.75
19720925,1.76,1.76,1.70,1.72
19720926,1.73,1.75,1.73,1.75
19720927,1.75,1.79,1.75,1.79
19720928,1.79,1.81,1.77,1.79
19720929,1.80,1.80,1.78,1.79
19721002,1.79,1.81,1.79,1.81
19721003,1.82,1.83,1.81,1.82
19721004,1.83,1.84,1.82,1.83
19721005,1.83,1.83,1.81,1.81
19721006,1.81,1.86,1.80,1.84
19721010,1.85,1.86,1.85,1.86
19721011,1.86,1.86,1.82,1.82
19721012,1.83,1.84,1.80,1.81
19721013,1.82,1.84,1.82,1.84
19721016,1.85,1.85,1.83,1.85
19721017,1.85,1.85,1.83,1.85
19721018,1.85,1.90,1.85,1.90
19721019,1.90,1.90,1.87,1.87
19721020,1.88,1.90,1.88,1.89
19721024,1.90,1.91,1.89,1.89
19721025,1.89,1.89,1.86,1.86
19721026,1.87,1.88,1.86,1.86
19721027,1.87,1.88,1.84,1.87
19721030,1.88,1.88,1.84,1.85
19721031,1.85,1.88,1.84,1.88
19721101,1.88,1.90,1.88,1.89
19721102,1.89,1.89,1.87,1.88
19721103,1.89,1.91,1.88,1.91
19721106,1.91,1.92,1.88,1.88
19721108,1.89,1.90,1.85,1.85
19721109,1.86,1.86,1.83,1.83
19721110,1.84,1.87,1.84,1.86
19721113,1.86,1.86,1.84,1.85
19721114,1.85,1.86,1.83,1.84
19721115,1.84,1.86,1.84,1.86
19721116,1.87,1.87,1.83,1.85
19721117,1.85,1.85,1.82,1.82
19721120,1.82,1.82,1.81,1.82
19721121,1.83,1.85,1.83,1.85
19721122,1.86,1.86,1.85,1.86
19721124,1.86,1.86,1.84,1.84
19721127,1.85,1.85,1.83,1.83
19721128,1.84,1.89,1.84,1.88
19721129,1.89,1.90,1.89,1.89
19721130,1.89,1.93,1.89,1.91
19721201,1.91,1.94,1.90,1.93
19721204,1.94,1.94,1.91,1.92
19721205,1.92,1.97,1.91,1.96
19721206,1.97,1.98,1.94,1.94
19721207,1.95,1.96,1.93,1.95
19721208,1.96,1.98,1.94,1.98
19721211,1.98,2.02,1.98,2.02
19721212,2.02,2.02,1.99,2.00
19721213,2.00,2.02,1.97,1.97
19721214,1.97,2.00,1.97,1.99
19721215,2.00,2.03,2.00,2.02
19721218,2.02,2.02,1.95,1.96
19721219,1.96,1.99,1.96,1.97
19721220,1.98,2.01,1.95,2.00
19721221,2.01,2.06,2.01,2.04
19721222,2.05,2.05,2.02,2.04
19721226,2.05,2.07,2.04,2.05
19721227,2.05,2.05,2.02,2.04
19721229,2.04,2.06,2.04,2.05
19730102,2.05,2.06,2.03,2.03
19730103,2.03,2.08,2.02,2.05
19730104,2.06,2.07,2.05,2.05
19730105,2.05,2.06,2.00,2.02
19730108,2.03,2.04,2.00,2.03
19730109,2.04,2.04,2.01,2.02
19730110,2.02,2.04,2.01,2.03
19730111,2.04,2.05,2.04,2.04
19730112,2.04,2.05,2.04,2.05
19730115,2.05,2.06,2.03,2.03
19730116,2.03,2.05,2.01,2.05
19730117,2.06,2.06,2.01,2.01
19730118,2.01,2.06,2.01,2.05
19730119,2.05,2.08,2.05,2.05
19730122,2.05,2.05,2.00,2.00
19730123,2.01,2.02,1.99,2.00
19730124,2.01,2.03,2.00,2.02
19730126,2.03,2.03,2.01,2.01
19730129,2.02,2.06,2.02,2.06
19730130,2.06,2.07,2.04,2.07
19730131,2.07,2.07,2.04,2.07
19730201,2.08,2.10,2.07,2.09
19730202,2.09,2.09,2.06,2.08
19730205,2.08,2.14,2.07,2.14
19730206,2.15,2.18,2.13,2.13
19730207,2.13,2.17,2.13,2.16
19730208,2.17,2.23,2.17,2.21
19730209,2.21,2.21,2.17,2.18
19730213,2.18,2.28,2.18,2.28
19730214,2.28,2.32,2.25,2.30
19730215,2.31,2.33,2.28,2.29
19730216,2.29,2.29,2.25,2.27
19730220,2.28,2.32,2.28,2.31
19730221,2.31,2.36,2.31,2.33
19730222,2.33,2.43,2.33,2.43
19730223,2.44,2.50,2.41,2.45
19730226,2.45,2.45,2.40,2.44
19730227,2.44,2.52,2.44,2.52
19730228,2.53,2.59,2.50,2.58
19730301,2.59,2.68,2.59,2.68
19730302,2.69,2.74,2.64,2.64
19730305,2.64,2.64,2.54,2.54
19730306,2.55,2.55,2.44,2.44
19730307,2.44,2.47,2.38,2.40
19730308,2.40,2.49,2.40,2.46
19730309,2.46,2.46,2.40,2.40
19730312,2.40,2.40,2.30,2.30
19730313,2.31,2.31,2.20,2.26
19730314,2.27,2.29,2.24,2.27
19730315,2.27,2.28,2.22,2.23
19730316,2.23,2.27,2.23,2.27
19730319,2.28,2.28,2.20,2.22
19730320,2.22,2.35,2.22,2.34
19730321,2.34,2.34,2.29,2.30
19730322,2.31,2.31,2.23,2.24
19730323,2.24,2.31,2.24,2.30
19730326,2.31,2.38,2.31,2.35
19730327,2.35,2.35,2.27,2.27
19730328,2.27,2.27,2.21,2.22
19730329,2.23,2.26,2.21,2.21
19730330,2.22,2.27,2.21,2.24
19730402,2.24,2.30,2.21,2.29
19730403,2.30,2.30,2.25,2.26
19730404,2.26,2.29,2.25,2.26
19730405,2.27,2.30,2.24,2.25
19730406,2.26,2.27,2.24,2.25
19730409,2.26,2.29,2.23,2.29
19730410,2.29,2.32,2.27,2.29
19730411,2.30,2.30,2.27,2.29
19730412,2.30,2.30,2.26,2.26
19730413,2.26,2.27,2.25,2.27
19730416,2.27,2.27,2.21,2.21
19730417,2.21,2.23,2.11,2.12
19730418,2.12,2.15,2.09,2.13
19730419,2.13,2.18,2.13,2.18
19730423,2.19,2.19,2.13,2.16
19730424,2.17,2.17,2.11,2.16
19730425,2.17,2.18,2.14,2.15
19730426,2.15,2.20,2.15,2.18
19730427,2.19,2.20,2.19,2.20
19730430,2.20,2.22,2.20,2.21
19730501,2.21,2.21,2.17,2.19
19730502,2.19,2.19,2.11,2.12
19730503,2.12,2.24,2.12,2.24
19730504,2.25,2.26,2.19,2.24
19730507,2.25,2.27,2.24,2.26
19730508,2.26,2.36,2.26,2.31
19730509,2.32,2.41,2.32,2.38
19730510,2.38,2.46,2.38,2.43
19730511,2.44,2.44,2.37,2.39
19730514,2.40,2.49,2.40,2.49
19730515,2.49,2.65,2.46,2.47
19730516,2.48,2.48,2.37,2.41
19730517,2.41,2.43,2.39,2.42
19730518,2.42,2.49,2.42,2.48
19730521,2.49,2.63,2.49,2.63
19730522,2.64,2.64,2.57,2.58
19730523,2.58,2.58,2.45,2.45
19730524,2.45,2.47,2.41,2.46
19730525,2.47,2.54,2.44,2.54
19730529,2.55,2.71,2.55,2.71
19730530,2.72,2.74,2.68,2.74
19730531,2.75,2.75,2.70,2.71
19730601,2.71,2.80,2.71,2.78
19730604,2.78,2.88,2.78,2.88
19730605,2.88,2.88,2.69,2.69
19730606,2.69,2.74,2.68,2.68
19730607,2.69,2.69,2.61,2.61
19730608,2.62,2.67,2.62,2.65
19730611,2.65,2.65,2.56,2.59
19730612,2.60,2.68,2.60,2.68
19730613,2.68,2.68,2.60,2.63
19730614,2.63,2.72,2.63,2.65
19730615,2.65,2.73,2.65,2.73
19730618,2.74,2.80,2.74,2.79
19730619,2.79,2.79,2.71,2.72
19730620,2.72,2.75,2.67,2.73
19730621,2.73,2.78,2.67,2.77
19730622,2.77,2.77,2.74,2.77
19730625,2.77,2.81,2.74,2.80
19730626,2.81,2.85,2.81,2.82
19730627,2.83,2.83,2.78,2.82
19730628,2.82,2.82,2.74,2.76
19730629,2.76,2.81,2.76,2.81
19730702,2.81,2.82,2.79,2.82
19730703,2.83,2.87,2.81,2.85
19730705,2.86,2.91,2.83,2.90
19730706,2.91,2.99,2.91,2.94
19730709,2.95,2.95,2.90,2.90
19730710,2.90,2.90,2.83,2.83
19730711,2.84,2.91,2.77,2.91
19730712,2.91,2.96,2.88,2.90
19730713,2.91,2.94,2.88,2.92
19730716,2.93,3.02,2.93,3.02
19730717,3.03,3.08,3.01,3.02
19730718,3.03,3.06,2.98,3.06
19730719,3.07,3.07,2.96,2.96
19730720,2.96,3.06,2.96,3.04
19730723,3.04,3.14,3.04,3.14
19730724,3.15,3.18,3.09,3.12
19730725,3.12,3.15,3.05,3.11
19730726,3.12,3.13,3.04,3.08
19730727,3.08,3.08,2.98,2.98
19730730,2.99,2.99,2.88,2.89
19730731,2.90,3.03,2.90,3.03
19730801,3.03,3.13,3.03,3.12
19730802,3.13,3.13,3.02,3.03
19730803,3.04,3.06,3.00,3.04
19730806,3.04,3.04,2.96,2.96
19730807,2.96,3.02,2.90,2.91
19730808,2.91,2.94,2.83,2.85
19730809,2.86,2.90,2.78,2.90
19730810,2.91,2.91,2.82,2.82
19730813,2.83,2.85,2.72,2.72
19730814,2.73,2.78,2.65,2.71
19730815,2.71,2.77,2.68,2.76
19730816,2.76,2.82,2.75,2.78
19730817,2.79,2.82,2.77,2.77
19730820,2.78,2.86,2.78,2.86
19730821,2.86,2.86,2.76,2.76
19730822,2.76,2.76,2.67,2.71
19730823,2.72,2.76,2.67,2.71
19730824,2.71,2.75,2.71,2.75
19730827,2.76,2.76,2.69,2.70
19730828,2.70,2.74,2.65,2.69
19730829,2.69,2.79,2.69,2.79
19730830,2.80,2.83,2.76,2.77
19730831,2.78,2.78,2.73,2.75
19730904,2.76,2.79,2.69,2.71
19730905,2.72,2.77,2.70,2.75
19730906,2.76,2.77,2.67,2.67
19730907,2.68,2.73,2.68,2.70
19730910,2.71,2.73,2.60,2.63
19730911,2.63,2.66,2.60,2.66
19730912,2.67,2.67,2.62,2.64
19730913,2.64,2.67,2.60,2.64
19730914,2.65,2.68,2.63,2.67
19730917,2.67,2.77,2.67,2.77
19730918,2.77,2.77,2.72,2.73
19730919,2.73,2.83,2.70,2.82
19730920,2.82,2.90,2.82,2.90
19730921,2.90,2.90,2.84,2.87
19730924,2.88,2.92,2.84,2.89
19730925,2.89,2.90,2.84,2.88
19730926,2.88,2.95,2.88,2.92
19730927,2.92,2.92,2.87,2.87
19730928,2.88,2.88,2.82,2.87
19731001,2.88,2.88,2.81,2.81
19731002,2.82,2.86,2.82,2.85
19731003,2.85,2.89,2.82,2.84
19731004,2.85,2.85,2.79,2.80
19731005,2.80,2.85,2.80,2.85
19731009,2.85,2.95,2.85,2.95
19731010,2.95,3.03,2.95,2.99
19731011,2.99,2.99,2.95,2.98
19731012,2.99,3.03,2.99,3.03
19731015,3.04,3.06,3.01,3.02
19731016,3.03,3.09,2.99,3.09
19731017,3.09,3.12,2.99,3.00
19731018,3.00,3.04,2.98,3.04
19731019,3.04,3.04,2.97,2.97
19731023,2.98,3.04,2.98,3.03
19731024,3.03,3.03,2.97,2.98
19731025,2.99,3.01,2.93,2.97
19731026,2.98,2.98,2.93,2.96
19731029,2.96,2.96,2.88,2.88
19731030,2.89,2.92,2.87,2.92
19731031,2.93,2.94,2.90,2.93
19731101,2.94,2.97,2.92,2.96
19731102,2.97,2.98,2.94,2.97
19731105,2.98,2.99,2.94,2.98
19731107,2.99,2.99,2.90,2.90
19731108,2.90,2.93,2.89,2.90
19731109,2.90,2.93,2.90,2.92
19731112,2.93,2.93,2.83,2.83
19731113,2.84,2.85,2.80,2.85
19731114,2.85,2.87,2.79,2.86
19731115,2.86,2.88,2.83,2.83
19731116,2.84,2.87,2.81,2.86
19731119,2.87,2.90,2.85,2.90
19731120,2.91,2.92,2.87,2.91
19731121,2.92,2.92,2.86,2.89
19731123,2.89,2.89,2.86,2.88
19731126,2.88,2.88,2.79,2.81
19731127,2.81,2.88,2.80,2.88
19731128,2.89,2.98,2.89,2.98
19731129,2.98,3.04,2.98,3.02
19731130,3.03,3.03,2.99,3.02
19731203,3.03,3.09,3.01,3.09
19731204,3.10,3.18,3.07,3.08
19731205,3.08,3.12,3.00,3.02
19731206,3.02,3.11,3.02,3.11
19731207,3.11,3.16,3.09,3.13
19731210,3.13,3.17,3.10,3.17
19731211,3.17,3.17,3.12,3.16
19731212,3.16,3.16,3.11,3.12
19731213,3.13,3.13,3.02,3.05
19731214,3.06,3.10,3.04,3.09
19731217,3.10,3.19,3.10,3.19
19731218,3.19,3.25,3.19,3.21
19731219,3.21,3.25,3.17,3.23
19731220,3.23,3.26,3.20,3.21
19731221,3.21,3.23,3.18,3.23
19731226,3.23,3.29,3.23,3.28
19731227,3.29,3.31,3.26,3.27
19731228,3.28,3.29,3.24,3.27
19731231,3.27,3.30,3.27,3.30
19740102,3.30,3.39,3.30,3.38
19740103,3.39,3.40,3.33,3.33
19740104,3.34,3.34,3.26,3.29
19740107,3.29,3.39,3.29,3.39
19740108,3.40,3.44,3.35,3.44
19740109,3.45,3.45,3.34,3.35
19740110,3.35,3.44,3.32,3.43
19740111,3.44,3.47,3.41,3.46
19740114,3.46,3.55,3.46,3.54
19740115,3.54,3.56,3.50,3.53
19740116,3.54,3.63,3.46,3.63
19740117,3.64,3.73,3.64,3.71
19740118,3.71,3.81,3.65,3.81
19740121,3.81,4.02,3.81,4.02
19740122,4.02,4.02,3.81,3.81
19740123,3.81,3.82,3.73,3.77
19740124,3.77,4.00,3.77,4.00
19740125,4.00,4.09,4.00,4.09
19740128,4.10,4.20,4.07,4.20
19740129,4.20,4.20,4.06,4.06
19740130,4.06,4.08,4.02,4.06
19740131,4.06,4.16,4.03,4.15
19740201,4.16,4.25,4.16,4.25
19740204,4.25,4.35,4.25,4.35
19740205,4.35,4.50,4.35,4.50
19740206,4.50,4.65,4.38,4.65
19740207,4.65,4.80,4.63,4.75
19740208,4.76,4.90,4.76,4.90
19740211,4.90,5.05,4.90,5.05
19740213,5.06,5.20,5.06,5.20
19740214,5.21,5.35,5.19,5.35
19740215,5.36,5.50,5.36,5.50
19740219,5.50,5.65,5.35,5.54
19740220,5.54,5.69,5.54,5.69
19740221,5.70,5.84,5.70,5.84
19740222,5.84,5.99,5.84,5.99
19740225,6.00,6.14,6.00,6.14
19740226,6.15,6.29,6.15,6.29
19740227,6.30,6.49,6.10,6.16
19740228,6.16,6.16,5.96,5.96
19740301,5.96,5.96,5.76,5.76
19740304,5.77,5.78,5.56,5.57
19740305,5.58,5.58,5.37,5.37
19740306,5.38,5.40,5.17,5.18
19740307,5.19,5.38,5.19,5.38
19740308,5.39,5.58,5.18,5.29
19740311,5.29,5.43,5.21,5.43
19740312,5.44,5.63,5.39,5.63
19740313,5.64,5.75,5.56,5.68
19740314,5.68,5.68,5.50,5.51
19740315,5.52,5.52,5.31,5.47
19740318,5.48,5.67,5.48,5.59
19740319,5.60,5.79,5.60,5.79
19740320,5.80,6.00,5.80,5.85
19740321,5.86,5.86,5.65,5.65
19740322,5.66,5.85,5.66,5.80
19740325,5.80,5.80,5.60,5.60
19740326,5.61,5.61,5.40,5.40
19740327,5.40,5.49,5.20,5.38
19740328,5.38,5.57,5.38,5.55
19740329,5.56,5.64,5.50,5.56
19740401,5.57,5.57,5.36,5.36
19740402,5.37,5.44,5.16,5.24
19740403,5.25,5.44,5.25,5.43
19740404,5.44,5.47,5.29,5.39
19740405,5.39,5.39,5.19,5.19
19740408,5.20,5.20,4.99,4.99
19740409,5.00,5.00,4.79,4.79
19740410,4.79,4.82,4.59,4.59
19740411,4.60,4.60,4.39,4.44
19740415,4.45,4.64,4.43,4.64
19740416,4.64,4.66,4.40,4.58
19740417,4.58,4.73,4.48,4.71
19740418,4.71,4.91,4.71,4.91
19740419,4.91,5.11,4.89,5.11
19740422,5.11,5.30,5.11,5.30
19740423,5.30,5.50,5.30,5.50
19740424,5.51,5.71,5.40,5.71
19740425,5.71,5.85,5.61,5.69
19740426,5.69,5.75,5.50,5.62
19740429,5.62,5.82,5.57,5.80
19740430,5.81,5.93,5.73,5.74
19740501,5.75,5.75,5.54,5.54
19740502,5.55,5.74,5.53,5.72
19740503,5.73,5.78,5.61,5.72
19740506,5.73,5.73,5.52,5.52
19740507,5.53,5.53,5.32,5.38
19740508,5.38,5.58,5.21,5.58
19740509,5.58,5.76,5.58,5.71
19740510,5.72,5.88,5.64,5.83
19740513,5.83,6.03,5.83,6.03
19740514,6.03,6.22,5.83,5.84
19740515,5.84,6.04,5.71,6.03
19740516,6.03,6.14,5.88,5.92
19740517,5.93,6.00,5.81,5.87
19740520,5.87,5.87,5.67,5.67
19740521,5.67,5.68,5.47,5.61
19740522,5.61,5.67,5.41,5.41
19740523,5.41,5.41,5.21,5.21
19740524,5.21,5.27,5.00,5.00
19740528,5.01,5.01,4.80,4.80
19740529,4.82,5.00,4.61,5.00
19740530,5.01,5.21,5.00,5.13
19740531,5.14,5.14,4.93,4.93
19740603,4.94,4.94,4.74,4.74
19740604,4.74,4.93,4.64,4.93
19740605,4.94,5.13,4.94,5.13
19740606,5.14,5.17,4.96,5.17
19740607,5.17,5.29,5.11,5.24
19740610,5.25,5.39,5.25,5.26
19740611,5.27,5.27,5.07,5.07
19740612,5.07,5.26,4.91,5.24
19740613,5.24,5.24,5.04,5.04
19740614,5.04,5.18,4.92,5.07
19740617,5.08,5.14,4.92,5.09
19740618,5.09,5.12,4.98,4.98
19740619,4.98,4.98,4.81,4.82
19740620,4.82,4.92,4.79,4.86
19740621,4.87,4.94,4.86,4.89
19740624,4.90,4.90,4.70,4.70
19740625,4.71,4.89,4.67,4.73
19740626,4.74,4.93,4.61,4.77
19740627,4.77,4.77,4.67,4.75
19740628,4.75,4.82,4.74,4.80
19740701,4.81,4.82,4.60,4.60
19740702,4.60,4.60,4.41,4.49
19740703,4.49,4.49,4.29,4.29
19740705,4.29,4.38,4.17,4.22
19740708,4.23,4.42,4.23,4.42
19740709,4.43,4.53,4.43,4.52
19740710,4.53,4.53,4.32,4.32
19740711,4.33,4.33,4.12,4.12
19740712,4.12,4.12,3.94,3.96
19740715,3.96,4.16,3.96,4.16
19740716,4.16,4.22,3.96,3.96
19740717,3.97,4.07,3.97,4.04
19740718,4.04,4.47,4.04,4.47
19740719,4.48,4.67,4.48,4.61
19740722,4.62,4.81,4.50,4.81
19740723,4.81,4.81,4.53,4.61
19740724,4.62,4.80,4.57,4.79
19740725,4.80,5.24,4.80,5.24
19740726,5.25,5.25,5.00,5.10
19740729,5.10,5.42,5.10,5.42
19740730,5.42,5.42,5.21,5.21
19740731,5.21,5.32,5.16,5.26
19740801,5.27,5.31,5.07,5.07
19740802,5.07,5.07,4.87,4.87
19740805,4.87,4.94,4.72,4.83
19740806,4.83,5.01,4.81,5.00
19740807,5.01,5.03,4.92,4.93
19740808,4.94,4.94,4.73,4.73
19740809,4.73,4.73,4.47,4.51
19740812,4.51,4.57,4.44,4.47
19740813,4.48,4.67,4.48,4.67
19740814,4.68,4.75,4.54,4.66
19740815,4.67,4.67,4.47,4.50
19740816,4.51,4.63,4.51,4.62
19740819,4.63,4.79,4.63,4.75
19740820,4.76,4.76,4.62,4.62
19740821,4.62,4.66,4.42,4.66
19740822,4.67,4.89,4.67,4.84
19740823,4.84,4.84,4.62,4.65
19740826,4.66,4.66,4.47,4.50
19740827,4.50,4.50,4.30,4.30
19740828,4.31,4.43,4.18,4.42
19740829,4.42,4.45,4.24,4.28
19740830,4.28,4.34,4.16,4.29
19740903,4.30,4.30,4.09,4.09
19740904,4.10,4.15,3.90,4.14
19740905,4.14,4.29,4.07,4.27
19740906,4.27,4.28,4.17,4.21
19740909,4.22,4.22,4.01,4.12
19740910,4.13,4.17,4.04,4.05
19740911,4.05,4.10,3.95,4.09
19740912,4.10,4.27,4.05,4.06
19740913,4.07,4.13,3.96,4.12
19740916,4.13,4.13,3.93,3.94
19740917,3.94,3.94,3.77,3.81
19740918,3.81,3.94,3.81,3.88
19740919,3.88,3.98,3.88,3.96
19740920,3.98,4.01,3.89,3.99
19740923,3.99,4.16,3.99,4.15
19740924,4.16,4.30,4.08,4.26
19740925,4.26,4.32,4.13,4.14
19740926,4.15,4.39,4.15,4.36
19740927,4.37,4.39,4.21,4.22
19740930,4.23,4.53,4.23,4.53
19741001,4.53,4.83,4.53,4.81
19741002,4.81,4.81,4.48,4.73
19741003,4.73,4.93,4.73,4.93
19741004,4.93,5.24,4.93,5.24
19741007,5.25,5.25,5.04,5.04
19741008,5.05,5.05,4.84,4.84
19741009,4.85,5.04,4.85,5.04
19741010,5.05,5.17,4.84,4.84
19741011,4.85,4.91,4.64,4.69
19741015,4.69,4.86,4.69,4.82
19741016,4.83,4.83,4.67,4.69
19741017,4.70,4.70,4.58,4.67
19741018,4.67,4.87,4.67,4.87
19741021,4.87,5.14,4.87,5.14
19741022,5.14,5.28,5.00,5.03
19741023,5.04,5.09,4.96,5.09
19741024,5.09,5.29,5.09,5.29
19741025,5.29,5.33,5.23,5.30
19741028,5.30,5.59,5.30,5.58
19741029,5.58,5.58,5.25,5.25
19741030,5.25,5.28,5.05,5.06
19741031,5.07,5.28,5.07,5.15
19741101,5.16,5.21,5.00,5.02
19741104,5.03,5.05,4.94,5.03
19741106,5.04,5.23,5.04,5.23
19741107,5.24,5.44,5.24,5.42
19741108,5.43,5.47,5.27,5.38
19741112,5.39,5.39,5.03,5.03
19741113,5.04,5.13,4.87,4.94
19741114,4.95,5.08,4.90,4.99
19741115,4.99,4.99,4.79,4.79
19741118,4.79,4.93,4.79,4.81
19741119,4.82,4.82,4.54,4.59
19741120,4.60,4.89,4.58,4.86
19741121,4.87,4.87,4.50,4.54
19741122,4.54,4.57,4.30,4.54
19741125,4.54,4.62,4.48,4.54
19741126,4.54,4.68,4.46,4.68
19741127,4.68,4.72,4.55,4.63
19741129,4.64,4.76,4.57,4.74
19741202,4.75,4.78,4.54,4.54
19741203,4.55,4.63,4.55,4.57
19741204,4.57,4.60,4.41,4.56
19741205,4.56,4.65,4.56,4.58
19741206,4.58,4.62,4.47,4.52
19741209,4.53,4.53,4.40,4.45
19741210,4.45,4.49,4.38,4.48
19741211,4.48,4.49,4.40,4.44
19741212,4.45,4.48,4.36,4.48
19741213,4.48,4.60,4.48,4.58
19741216,4.59,4.78,4.59,4.78
19741217,4.79,4.85,4.70,4.70
19741218,4.71,4.85,4.68,4.83
19741219,4.84,4.91,4.84,4.90
19741220,4.90,4.90,4.74,4.76
19741223,4.76,4.96,4.76,4.96
19741224,4.96,5.05,4.92,5.03
19741226,5.03,5.17,5.03,5.13
19741227,5.13,5.17,5.09,5.10
19741230,5.11,5.11,4.90,4.90
19741231,4.91,4.91,4.70,4.70
19750102,4.71,4.71,4.51,4.60
19750103,4.60,4.66,4.51,4.51
19750106,4.52,4.52,4.31,4.50
19750107,4.51,4.54,4.40,4.41
19750108,4.42,4.50,4.37,4.40
19750109,4.41,4.47,4.41,4.41
19750110,4.41,4.60,4.37,4.60
19750113,4.61,4.66,4.54,4.55
19750114,4.56,4.70,4.51,4.70
19750115,4.70,4.71,4.54,4.54
19750116,4.54,4.54,4.43,4.43
19750117,4.43,4.43,4.23,4.23
19750120,4.23,4.33,4.15,4.32
19750121,4.33,4.34,4.18,4.20
19750122,4.21,4.28,4.17,4.25
19750123,4.26,4.45,4.19,4.45
19750124,4.45,4.58,4.45,4.58
19750127,4.58,4.59,4.43,4.45
19750128,4.46,4.53,4.42,4.51
19750129,4.52,4.62,4.48,4.56
19750130,4.56,4.56,4.41,4.44
19750131,4.44,4.44,4.29,4.32
19750203,4.33,4.42,4.33,4.36
19750204,4.36,4.37,4.30,4.33
19750205,4.34,4.38,4.34,4.37
19750206,4.37,4.43,4.32,4.43
19750207,4.43,4.54,4.43,4.54
19750210,4.54,4.54,4.39,4.39
19750211,4.40,4.54,4.40,4.53
19750213,4.54,4.73,4.54,4.73
19750214,4.73,4.73,4.58,4.67
19750218,4.68,4.86,4.68,4.86
19750219,4.86,4.86,4.72,4.74
19750220,4.74,4.88,4.74,4.87
19750221,4.87,4.87,4.77,4.78
19750224,4.79,4.87,4.79,4.79
19750225,4.80,4.83,4.59,4.61
19750226,4.61,4.71,4.58,4.68
19750227,4.68,4.68,4.55,4.60
19750228,4.60,4.65,4.56,4.65
19750303,4.65,4.68,4.58,4.68
19750304,4.68,4.68,4.48,4.48
19750305,4.48,4.50,4.42,4.45
19750306,4.46,4.52,4.45,4.49
19750307,4.49,4.49,4.39,4.46
19750310,4.46,4.56,4.42,4.56
19750311,4.56,4.67,4.56,4.67
19750312,4.67,4.72,4.67,4.70
19750313,4.71,4.72,4.64,4.65
19750314,4.65,4.65,4.58,4.62
19750317,4.62,4.72,4.62,4.71
19750318,4.71,4.71,4.44,4.46
19750319,4.46,4.62,4.46,4.61
19750320,4.62,4.62,4.33,4.38
19750321,4.38,4.43,4.34,4.40
19750324,4.40,4.40,4.23,4.27
19750325,4.27,4.33,4.24,4.31
19750326,4.32,4.42,4.32,4.42
19750327,4.42,4.42,4.29,4.30
19750331,4.31,4.41,4.29,4.39
19750401,4.39,4.39,4.31,4.35
19750402,4.36,4.39,4.26,4.27
19750403,4.28,4.28,4.17,4.21
19750404,4.21,4.21,4.11,4.14
19750407,4.14,4.18,4.09,4.18
19750408,4.18,4.24,4.15,4.16
19750409,4.16,4.18,4.11,4.18
19750410,4.19,4.25,4.13,4.22
19750411,4.23,4.23,4.17,4.20
19750414,4.21,4.21,4.08,4.12
19750415,4.12,4.16,4.08,4.15
19750416,4.15,4.29,4.15,4.28
19750417,4.28,4.48,4.27,4.46
19750418,4.46,4.47,4.39,4.41
19750421,4.41,4.41,4.30,4.36
19750422,4.36,4.44,4.28,4.29
19750423,4.30,4.39,4.30,4.38
19750424,4.38,4.39,4.32,4.36
19750425,4.36,4.42,4.35,4.39
19750428,4.40,4.46,4.37,4.41
19750429,4.42,4.50,4.42,4.46
19750430,4.47,4.47,4.34,4.37
19750501,4.37,4.39,4.33,4.39
19750502,4.40,4.41,4.35,4.35
19750505,4.36,4.41,4.31,4.40
19750506,4.41,4.49,4.41,4.49
19750507,4.49,4.62,4.49,4.58
19750508,4.59,4.59,4.54,4.56
19750509,4.57,4.64,4.54,4.63
19750512,4.64,4.64,4.58,4.62
19750513,4.62,4.69,4.61,4.67
19750514,4.68,4.74,4.62,4.63
19750515,4.63,4.63,4.46,4.46
19750516,4.47,4.67,4.47,4.66
19750519,4.66,4.73,4.65,4.71
19750520,4.71,4.71,4.62,4.63
19750521,4.64,4.80,4.64,4.73
19750522,4.74,4.87,4.67,4.72
19750523,4.73,4.76,4.68,4.75
19750527,4.75,4.75,4.57,4.58
19750528,4.59,4.64,4.52,4.63
19750529,4.63,4.63,4.50,4.54
19750530,4.54,4.58,4.51,4.52
19750602,4.52,4.52,4.36,4.41
19750603,4.42,4.49,4.42,4.47
19750604,4.48,4.48,4.39,4.42
19750605,4.42,4.48,4.39,4.41
19750606,4.41,4.45,4.41,4.42
19750609,4.42,4.61,4.42,4.60
19750610,4.60,4.60,4.53,4.54
19750611,4.54,4.62,4.53,4.58
19750612,4.58,4.68,4.55,4.56
19750613,4.56,4.58,4.52,4.54
19750616,4.54,4.59,4.50,4.51
19750617,4.52,4.61,4.52,4.56
19750618,4.57,4.58,4.53,4.54
19750619,4.54,4.54,4.49,4.53
19750620,4.53,4.56,4.53,4.56
19750623,4.56,4.57,4.53,4.53
19750624,4.53,4.64,4.53,4.64
19750625,4.64,4.68,4.62,4.62
19750626,4.62,4.72,4.60,4.61
19750627,4.61,4.67,4.61,4.64
19750630,4.64,4.70,4.64,4.67
19750701,4.68,4.69,4.58,4.62
19750702,4.63,4.63,4.58,4.58
19750703,4.59,4.63,4.55,4.62
19750707,4.63,4.63,4.53,4.55
19750708,4.56,4.74,4.55,4.68
19750709,4.68,4.75,4.67,4.70
19750710,4.70,4.76,4.66,4.68
19750711,4.69,4.75,4.69,4.72
19750714,4.73,4.79,4.70,4.71
19750715,4.71,4.74,4.67,4.73
19750716,4.73,4.73,4.68,4.71
19750717,4.71,4.74,4.66,4.67
19750718,4.67,4.80,4.67,4.79
19750721,4.80,4.88,4.71,4.86
19750722,4.87,4.94,4.87,4.88
19750723,4.88,4.88,4.84,4.87
19750724,4.87,4.96,4.87,4.93
19750725,4.94,5.08,4.94,5.07
19750728,5.07,5.26,5.07,5.26
19750729,5.27,5.58,5.27,5.43
19750730,5.44,5.44,5.09,5.16
19750731,5.16,5.23,5.12,5.19
19750801,5.19,5.27,5.19,5.25
19750804,5.26,5.38,5.26,5.34
19750805,5.35,5.35,5.25,5.25
19750806,5.26,5.34,5.21,5.33
19750807,5.33,5.46,5.33,5.42
19750808,5.43,5.43,5.22,5.22
19750811,5.23,5.49,5.23,5.43
19750812,5.43,5.57,5.43,5.53
19750813,5.54,5.54,5.33,5.35
19750814,5.36,5.41,5.25,5.34
19750815,5.35,5.39,5.32,5.36
19750818,5.36,5.36,5.22,5.28
19750819,5.28,5.35,5.23,5.35
19750820,5.36,5.41,5.31,5.31
19750821,5.32,5.34,5.22,5.24
19750822,5.25,5.34,5.25,5.30
19750825,5.31,5.34,5.29,5.33
19750826,5.33,5.34,5.13,5.14
19750827,5.14,5.17,5.08,5.16
19750828,5.17,5.18,5.04,5.06
19750829,5.06,5.06,4.94,4.96
19750902,4.96,4.96,4.76,4.76
19750903,4.77,4.89,4.77,4.87
19750904,4.88,4.95,4.88,4.89
19750905,4.90,4.90,4.86,4.90
19750908,4.90,4.90,4.83,4.83
19750909,4.83,4.91,4.73,4.91
19750910,4.91,5.00,4.91,4.96
19750911,4.97,4.97,4.87,4.88
19750912,4.88,5.04,4.88,5.02
19750915,5.02,5.02,4.99,4.99
19750916,5.00,5.01,4.96,4.96
19750917,4.96,4.99,4.83,4.99
19750918,4.99,4.99,4.85,4.86
19750919,4.87,4.95,4.83,4.83
19750922,4.84,4.87,4.76,4.78
19750923,4.78,4.83,4.75,4.77
19750924,4.78,4.89,4.78,4.85
19750925,4.85,4.90,4.84,4.84
19750926,4.84,4.90,4.84,4.87
19750929,4.88,4.88,4.79,4.79
19750930,4.79,4.86,4.79,4.81
19751001,4.82,4.90,4.82,4.89
19751002,4.90,4.92,4.80,4.81
19751003,4.81,4.81,4.70,4.75
19751006,4.76,4.79,4.74,4.75
19751007,4.75,4.82,4.75,4.76
19751008,4.76,4.76,4.56,4.59
19751009,4.60,4.63,4.55,4.63
19751010,4.64,4.64,4.54,4.58
19751014,4.58,4.74,4.58,4.73
19751015,4.74,4.75,4.60,4.62
19751016,4.62,4.70,4.62,4.70
19751017,4.70,4.78,4.70,4.74
19751020,4.74,4.74,4.71,4.74
19751021,4.75,4.76,4.63,4.66
19751022,4.67,4.68,4.63,4.68
19751023,4.68,4.68,4.55,4.62
19751024,4.62,4.64,4.58,4.58
19751027,4.59,4.59,4.46,4.47
19751028,4.48,4.56,4.48,4.56
19751029,4.56,4.59,4.54,4.57
19751030,4.58,4.58,4.54,4.54
19751031,4.55,4.55,4.48,4.50
19751103,4.51,4.56,4.51,4.53
19751105,4.53,4.73,4.53,4.73
19751106,4.73,4.77,4.71,4.76
19751107,4.77,4.83,4.74,4.81
19751110,4.82,4.84,4.75,4.83
19751112,4.84,4.84,4.74,4.77
19751113,4.78,4.78,4.70,4.72
19751114,4.72,4.74,4.70,4.73
19751117,4.73,4.73,4.62,4.63
19751118,4.63,4.64,4.60,4.63
19751119,4.64,4.68,4.64,4.64
19751120,4.65,4.65,4.55,4.56
19751121,4.57,4.57,4.50,4.55
19751124,4.55,4.60,4.52,4.60
19751125,4.61,4.61,4.52,4.53
19751126,4.54,4.54,4.48,4.54
19751128,4.54,4.54,4.39,4.39
19751201,4.40,4.40,4.33,4.34
19751202,4.34,4.42,4.34,4.39
19751203,4.39,4.40,4.29,4.29
19751204,4.30,4.35,4.28,4.28
19751205,4.28,4.28,4.22,4.28
19751208,4.28,4.28,4.18,4.18
19751209,4.19,4.23,4.12,4.22
19751210,4.23,4.29,4.23,4.25
19751211,4.26,4.32,4.26,4.30
19751212,4.30,4.30,4.20,4.20
19751215,4.21,4.21,4.15,4.20
19751216,4.21,4.30,4.21,4.30
19751217,4.30,4.36,4.29,4.32
19751218,4.32,4.35,4.29,4.31
19751219,4.31,4.51,4.30,4.51
19751222,4.52,4.62,4.46,4.57
19751223,4.57,4.57,4.50,4.50
19751224,4.50,4.53,4.50,4.51
19751229,4.52,4.54,4.42,4.43
19751230,4.43,4.45,4.39,4.42
19751231,4.42,4.43,4.39,4.43
19760102,4.43,4.46,4.40,4.46
19760105,4.47,4.52,4.42,4.49
19760106,4.49,4.57,4.49,4.52
19760107,4.53,4.56,4.51,4.55
19760108,4.56,4.56,4.44,4.44
19760109,4.44,4.46,4.42,4.44
19760112,4.45,4.51,4.42,4.50
19760113,4.51,4.51,4.30,4.31
19760114,4.32,4.33,4.29,4.31
19760115,4.32,4.33,4.18,4.18
19760116,4.19,4.21,4.11,4.20
19760119,4.21,4.21,4.08,4.09
19760120,4.10,4.10,3.96,4.02
19760121,4.02,4.09,4.02,4.06
19760122,4.06,4.12,4.06,4.08
19760123,4.08,4.15,4.08,4.09
19760126,4.11,4.11,3.96,4.01
19760127,4.01,4.08,4.01,4.07
19760128,4.08,4.12,4.06,4.12
19760129,4.12,4.21,4.12,4.20
19760130,4.20,4.20,4.08,4.12
19760202,4.13,4.22,4.13,4.16
19760203,4.17,4.18,4.08,4.12
19760204,4.13,4.13,4.07,4.08
19760205,4.09,4.11,4.07,4.11
19760206,4.12,4.17,4.12,4.14
19760209,4.14,4.14,4.11,4.11
19760210,4.12,4.30,4.09,4.29
19760211,4.29,4.33,4.25,4.25
19760212,4.25,4.33,4.25,4.27
19760213,4.28,4.32,4.24,4.27
19760217,4.28,4.28,4.22,4.26
19760218,4.26,4.33,4.26,4.28
19760219,4.28,4.37,4.28,4.36
19760220,4.36,4.38,4.34,4.35
19760223,4.35,4.38,4.35,4.38
19760224,4.38,4.41,4.37,4.40
19760225,4.40,4.41,4.34,4.36
19760226,4.37,4.37,4.30,4.31
19760227,4.31,4.38,4.31,4.36
19760301,4.36,4.36,4.29,4.31
19760302,4.31,4.31,4.26,4.26
19760303,4.27,4.30,4.27,4.30
19760304,4.30,4.36,4.29,4.36
19760305,4.37,4.45,4.37,4.40
19760308,4.41,4.41,4.37,4.39
19760309,4.39,4.44,4.38,4.41
19760310,4.42,4.46,4.42,4.44
19760311,4.44,4.44,4.35,4.36
19760312,4.37,4.39,4.36,4.36
19760315,4.37,4.41,4.30,4.30
19760316,4.31,4.31,4.26,4.27
19760317,4.28,4.33,4.28,4.33
19760318,4.33,4.36,4.30,4.30
19760319,4.30,4.34,4.28,4.34
19760322,4.35,4.35,4.28,4.28
19760323,4.29,4.33,4.25,4.30
19760324,4.31,4.33,4.25,4.26
19760325,4.26,4.26,4.22,4.22
19760326,4.23,4.23,4.18,4.19
19760329,4.20,4.20,4.11,4.11
19760330,4.12,4.18,4.12,4.17
19760331,4.18,4.19,4.12,4.14
19760401,4.15,4.26,4.15,4.25
19760402,4.26,4.26,4.20,4.21
19760405,4.21,4.25,4.16,4.24
19760406,4.25,4.41,4.25,4.41
19760407,4.41,4.41,4.27,4.30
19760408,4.30,4.53,4.30,4.52
19760409,4.52,4.52,4.47,4.50
19760412,4.51,4.68,4.49,4.66
19760413,4.67,4.67,4.62,4.64
19760414,4.65,4.69,4.58,4.60
19760415,4.61,4.65,4.61,4.65
19760419,4.65,4.74,4.62,4.73
19760420,4.74,4.83,4.74,4.75
19760421,4.75,4.75,4.64,4.65
19760422,4.66,4.67,4.63,4.63
19760423,4.64,4.67,4.61,4.62
19760426,4.62,4.62,4.52,4.58
19760427,4.59,4.78,4.59,4.73
19760428,4.74,4.74,4.64,4.64
19760429,4.65,4.68,4.62,4.64
19760430,4.64,4.68,4.63,4.66
19760503,4.66,4.66,4.47,4.49
19760504,4.50,4.50,4.40,4.41
19760505,4.41,4.56,4.41,4.56
19760506,4.57,4.66,4.56,4.65
19760507,4.66,4.72,4.64,4.72
19760510,4.73,4.73,4.57,4.58
19760511,4.59,4.59,4.53,4.57
19760512,4.57,4.67,4.57,4.62
19760513,4.62,4.62,4.56,4.57
19760514,4.58,4.59,4.54,4.58
19760517,4.58,4.61,4.50,4.50
19760518,4.51,4.51,4.46,4.47
19760519,4.47,4.58,4.47,4.56
19760520,4.57,4.65,4.57,4.65
19760521,4.66,4.66,4.61,4.62
19760524,4.63,4.75,4.58,4.74
19760525,4.74,4.78,4.70,4.71
19760526,4.72,4.88,4.72,4.85
19760527,4.85,4.90,4.84,4.87
19760528,4.88,4.89,4.83,4.88
19760601,4.89,4.94,4.87,4.89
19760602,4.89,4.89,4.83,4.87
19760603,4.88,4.92,4.86,4.88
19760604,4.89,4.91,4.83,4.83
19760607,4.84,5.00,4.82,4.97
19760608,4.98,5.03,4.92,4.93
19760609,4.93,5.00,4.93,4.98
19760610,4.99,5.11,4.99,5.06
19760611,5.07,5.10,5.03,5.10
19760614,5.10,5.12,5.07,5.08
19760615,5.08,5.08,4.96,4.98
19760616,4.98,4.99,4.92,4.97
19760617,4.98,5.05,4.98,5.00
19760618,5.01,5.01,4.98,5.00
19760621,5.00,5.00,4.96,5.00
19760622,5.01,5.09,5.01,5.05
19760623,5.05,5.05,4.75,4.81
19760624,4.82,4.95,4.82,4.95
19760625,4.95,4.95,4.76,4.78
19760628,4.78,4.78,4.75,4.76
19760629,4.76,4.87,4.73,4.86
19760630,4.87,4.92,4.85,4.89
19760701,4.89,5.08,4.84,5.05
19760702,5.06,5.14,5.01,5.06
19760706,5.06,5.21,5.06,5.19
19760707,5.19,5.30,5.17,5.20
19760708,5.20,5.20,5.05,5.14
19760709,5.15,5.27,5.15,5.20
19760712,5.20,5.20,5.01,5.02
19760713,5.03,5.08,5.01,5.05
19760714,5.05,5.18,5.05,5.16
19760715,5.16,5.17,4.99,4.99
19760716,5.00,5.00,4.76,4.80
19760719,4.81,4.88,4.73,4.73
19760720,4.74,4.74,4.55,4.62
19760721,4.62,4.72,4.62,4.68
19760722,4.69,4.69,4.52,4.60
19760723,4.61,4.73,4.61,4.73
19760726,4.73,4.75,4.62,4.67
19760727,4.68,4.79,4.68,4.74
19760728,4.74,4.79,4.72,4.72
19760729,4.72,4.72,4.67,4.68
19760730,4.68,4.72,4.64,4.64
19760802,4.66,4.66,4.45,4.46
19760803,4.47,4.50,4.39,4.41
19760804,4.42,4.53,4.42,4.51
19760805,4.52,4.52,4.35,4.36
19760806,4.36,4.42,4.35,4.37
19760809,4.37,4.37,4.28,4.28
19760810,4.28,4.41,4.28,4.41
19760811,4.42,4.49,4.37,4.47
19760812,4.48,4.51,4.43,4.50
19760813,4.51,4.56,4.48,4.51
19760816,4.52,4.53,4.47,4.48
19760817,4.49,4.49,4.36,4.39
19760818,4.39,4.39,4.31,4.38
19760819,4.39,4.52,4.39,4.50
19760820,4.50,4.54,4.41,4.41
19760823,4.41,4.46,4.33,4.33
19760824,4.34,4.36,4.20,4.21
19760825,4.22,4.28,4.15,4.25
19760826,4.26,4.26,4.17,4.25
19760827,4.26,4.32,4.18,4.25
19760830,4.25,4.25,4.17,4.24
19760831,4.25,4.30,4.21,4.21
19760901,4.21,4.41,4.21,4.39
19760902,4.40,4.44,4.36,4.42
19760903,4.43,4.43,4.37,4.39
19760907,4.40,4.55,4.40,4.53
19760908,4.54,4.54,4.38,4.40
19760909,4.41,4.41,4.34,4.38
19760910,4.39,4.42,4.25,4.26
19760913,4.26,4.30,4.21,4.28
19760914,4.28,4.40,4.28,4.34
19760915,4.35,4.35,4.28,4.32
19760916,4.32,4.46,4.32,4.40
19760917,4.41,4.47,4.41,4.43
19760920,4.44,4.44,4.37,4.38
19760921,4.39,4.58,4.39,4.52
19760922,4.52,4.57,4.48,4.57
19760923,4.58,4.58,4.51,4.54
19760924,4.55,4.61,4.54,4.60
19760927,4.61,4.62,4.58,4.58
19760928,4.59,4.59,4.50,4.51
19760929,4.51,4.56,4.51,4.55
19760930,4.56,4.56,4.49,4.52
19761001,4.53,4.54,4.52,4.52
19761004,4.52,4.53,4.46,4.52
19761005,4.53,4.54,4.47,4.47
19761006,4.47,4.47,4.44,4.46
19761007,4.47,4.47,4.42,4.43
19761008,4.43,4.43,4.34,4.36
19761011,4.37,4.37,4.26,4.28
19761012,4.28,4.33,4.28,4.32
19761013,4.33,4.40,4.33,4.38
19761014,4.38,4.38,4.31,4.31
19761015,4.31,4.37,4.31,4.37
19761018,4.37,4.42,4.37,4.38
19761019,4.39,4.39,4.36,4.37
19761020,4.38,4.39,4.36,4.38
19761021,4.38,4.40,4.36,4.37
19761022,4.37,4.37,4.32,4.32
19761025,4.33,4.33,4.26,4.29
19761026,4.29,4.31,4.29,4.29
19761027,4.30,4.46,4.30,4.46
19761028,4.46,4.46,4.39,4.41
19761029,4.41,4.47,4.41,4.45
19761101,4.46,4.46,4.44,4.45
19761103,4.46,4.61,4.46,4.55
19761104,4.55,4.55,4.42,4.49
19761105,4.49,4.54,4.49,4.52
19761108,4.52,4.56,4.51,4.51
19761109,4.52,4.72,4.52,4.71
19761110,4.72,4.81,4.72,4.81
19761111,4.81,4.81,4.74,4.78
19761112,4.79,4.80,4.74,4.80
19761115,4.80,4.80,4.57,4.57
19761116,4.58,4.59,4.55,4.58
19761117,4.59,4.59,4.51,4.52
19761118,4.52,4.52,4.47,4.51
19761119,4.51,4.56,4.51,4.56
19761122,4.57,4.62,4.57,4.61
19761123,4.61,4.61,4.55,4.56
19761124,4.57,4.57,4.51,4.52
19761126,4.53,4.60,4.49,4.49
19761129,4.49,4.55,4.49,4.55
19761130,4.55,4.55,4.53,4.54
19761201,4.54,4.60,4.51,4.60
19761202,4.60,4.61,4.57,4.58
19761203,4.59,4.63,4.59,4.62
19761206,4.62,4.65,4.62,4.62
19761207,4.62,4.63,4.54,4.54
19761208,4.55,4.66,4.55,4.63
19761209,4.64,4.66,4.62,4.64
19761210,4.65,4.65,4.60,4.62
19761213,4.62,4.62,4.56,4.60
19761214,4.61,4.65,4.59,4.64
19761215,4.65,4.68,4.58,4.59
19761216,4.60,4.64,4.59,4.63
19761217,4.64,4.64,4.54,4.56
19761220,4.57,4.58,4.57,4.57
19761221,4.58,4.62,4.57,4.62
19761222,4.63,4.63,4.59,4.59
19761223,4.59,4.62,4.57,4.61
19761227,4.62,4.64,4.60,4.60
19761228,4.61,4.63,4.57,4.61
19761229,4.61,4.64,4.61,4.61
19761230,4.61,4.62,4.58,4.59
19770103,4.59,4.66,4.59,4.64
19770104,4.65,4.67,4.64,4.65
19770105,4.65,4.65,4.62,4.62
19770106,4.62,4.64,4.62,4.64
19770107,4.65,4.65,4.55,4.56
19770110,4.57,4.62,4.53,4.53
19770111,4.53,4.55,4.52,4.54
19770112,4.55,4.57,4.53,4.57
19770113,4.57,4.58,4.53,4.57
19770114,4.57,4.57,4.55,4.55
19770117,4.56,4.62,4.56,4.62
19770118,4.63,4.63,4.61,4.61
19770119,4.62,4.65,4.62,4.62
19770120,4.62,4.66,4.62,4.64
19770121,4.64,4.65,4.62,4.65
19770124,4.66,4.75,4.66,4.74
19770125,4.75,4.77,4.74,4.74
19770126,4.75,4.79,4.72,4.78
19770127,4.78,4.79,4.70,4.70
19770128,4.70,4.72,4.67,4.69
19770131,4.69,4.71,4.68,4.70
19770201,4.71,4.71,4.66,4.68
19770202,4.68,4.71,4.68,4.71
19770203,4.72,4.74,4.71,4.71
19770204,4.72,4.74,4.71,4.74
19770207,4.75,4.80,4.75,4.75
19770208,4.75,4.76,4.74,4.75
19770209,4.75,4.79,4.71,4.74
19770210,4.74,4.74,4.70,4.71
19770211,4.72,4.72,4.69,4.70
19770214,4.70,4.73,4.70,4.71
19770215,4.71,4.71,4.69,4.69
19770216,4.70,4.74,4.70,4.74
19770217,4.74,4.76,4.74,4.75
19770218,4.75,4.76,4.75,4.75
19770222,4.76,4.79,4.76,4.77
19770223,4.78,4.85,4.78,4.84
19770224,4.85,4.87,4.82,4.83
19770225,4.84,4.90,4.81,4.89
19770228,4.89,4.96,4.89,4.95
19770301,4.95,4.97,4.90,4.97
19770302,4.98,5.03,4.98,5.02
19770303,5.02,5.03,4.93,4.96
19770304,4.96,5.08,4.96,5.08
19770307,5.08,5.14,5.08,5.08
19770308,5.09,5.13,5.00,5.05
19770309,5.05,5.09,5.01,5.08
19770310,5.08,5.08,4.95,4.99
19770311,5.00,5.03,4.99,5.01
19770314,5.02,5.02,4.96,4.99
19770315,4.99,5.08,4.99,5.07
19770316,5.07,5.09,5.04,5.08
19770317,5.08,5.13,5.08,5.10
19770318,5.11,5.13,5.10,5.12
19770321,5.13,5.19,5.13,5.18
19770322,5.19,5.19,5.11,5.11
19770323,5.12,5.21,5.12,5.18
19770324,5.18,5.18,5.12,5.12
19770325,5.13,5.16,5.05,5.07
19770328,5.07,5.07,4.96,4.98
19770329,4.98,5.00,4.93,5.00
19770330,5.00,5.03,5.00,5.01
19770331,5.01,5.03,4.97,5.01
19770401,5.01,5.09,5.01,5.09
19770404,5.10,5.10,5.00,5.04
19770405,5.04,5.04,4.84,4.89
19770406,4.90,4.92,4.85,4.89
19770407,4.89,4.96,4.84,4.94
19770411,4.95,4.97,4.92,4.95
19770412,4.95,4.97,4.92,4.92
19770413,4.92,5.00,4.92,4.95
19770414,4.96,4.98,4.91,4.97
19770415,4.98,5.05,4.92,5.04
19770418,5.04,5.08,5.01,5.05
19770419,5.06,5.07,5.01,5.01
19770420,5.01,5.02,4.97,4.99
19770421,4.99,5.03,4.98,5.01
19770422,5.02,5.07,5.01,5.01
19770425,5.02,5.02,4.93,4.94
19770426,4.94,4.96,4.89,4.94
19770427,4.95,4.98,4.86,4.89
19770428,4.89,4.91,4.86,4.87
19770429,4.88,4.93,4.88,4.93
19770502,4.94,4.97,4.93,4.96
19770503,4.96,4.98,4.91,4.92
19770504,4.93,4.95,4.88,4.90
19770505,4.91,4.91,4.85,4.88
19770506,4.89,4.92,4.89,4.89
19770509,4.89,4.90,4.85,4.90
19770510,4.90,4.96,4.88,4.94
19770511,4.95,4.96,4.90,4.91
19770512,4.91,4.94,4.89,4.94
19770513,4.94,4.99,4.93,4.93
19770516,4.94,4.96,4.93,4.94
19770517,4.95,4.96,4.89,4.90
19770518,4.90,4.90,4.87,4.89
19770519,4.90,4.90,4.83,4.87
19770520,4.88,4.89,4.78,4.79
19770523,4.79,4.88,4.79,4.80
19770524,4.81,4.83,4.79,4.83
19770525,4.84,4.84,4.68,4.71
19770526,4.71,4.81,4.71,4.80
19770527,4.80,4.80,4.71,4.71
19770531,4.71,4.71,4.67,4.70
19770601,4.70,4.75,4.70,4.74
19770602,4.75,4.75,4.68,4.69
19770603,4.70,4.75,4.70,4.74
19770606,4.74,4.77,4.74,4.77
19770607,4.77,4.77,4.68,4.68
19770608,4.69,4.69,4.57,4.58
19770609,4.58,4.64,4.57,4.58
19770610,4.58,4.58,4.51,4.52
19770613,4.52,4.58,4.51,4.54
19770614,4.55,4.57,4.52,4.55
19770615,4.55,4.55,4.50,4.51
19770616,4.52,4.63,4.52,4.59
19770617,4.59,4.63,4.57,4.63
19770620,4.64,4.64,4.55,4.59
19770621,4.59,4.69,4.59,4.63
19770622,4.64,4.64,4.58,4.62
19770623,4.63,4.63,4.55,4.57
19770624,4.57,4.61,4.54,4.60
19770627,4.61,4.66,4.60,4.62
19770628,4.62,4.70,4.62,4.68
19770629,4.68,4.72,4.68,4.72
19770630,4.73,4.73,4.59,4.60
19770701,4.60,4.68,4.58,4.59
19770705,4.59,4.61,4.55,4.59
19770706,4.59,4.63,4.57,4.62
19770707,4.62,4.62,4.57,4.59
19770708,4.59,4.62,4.59,4.60
19770711,4.61,4.65,4.58,4.64
19770712,4.65,4.66,4.62,4.66
19770713,4.66,4.70,4.66,4.70
19770715,4.71,4.74,4.69,4.72
19770718,4.72,4.72,4.67,4.71
19770719,4.72,4.79,4.72,4.78
19770720,4.78,4.78,4.74,4.75
19770721,4.75,4.75,4.72,4.73
19770722,4.74,4.76,4.74,4.76
19770725,4.77,4.88,4.77,4.86
19770726,4.87,4.87,4.77,4.78
19770727,4.78,4.79,4.71,4.72
19770728,4.72,4.72,4.64,4.67
19770729,4.68,4.69,4.67,4.67
19770801,4.68,4.68,4.62,4.67
19770802,4.67,4.76,4.67,4.75
19770803,4.76,4.79,4.76,4.78
19770804,4.78,4.81,4.75,4.76
19770805,4.77,4.78,4.73,4.78
19770808,4.79,4.79,4.60,4.66
19770809,4.66,4.68,4.64,4.64
19770810,4.65,4.66,4.63,4.64
19770811,4.64,4.64,4.58,4.61
19770812,4.62,4.62,4.50,4.51
19770815,4.51,4.51,4.40,4.40
19770816,4.41,4.45,4.41,4.45
19770817,4.45,4.46,4.42,4.45
19770818,4.45,4.50,4.40,4.49
19770819,4.50,4.51,4.46,4.49
19770822,4.50,4.50,4.43,4.44
19770823,4.44,4.47,4.38,4.47
19770824,4.47,4.49,4.44,4.47
19770825,4.47,4.47,4.43,4.44
19770826,4.44,4.49,4.44,4.48
19770829,4.48,4.48,4.46,4.46
19770830,4.46,4.54,4.46,4.54
19770831,4.54,4.57,4.52,4.54
19770901,4.54,4.55,4.52,4.53
19770902,4.53,4.59,4.53,4.58
19770906,4.58,4.58,4.53,4.54
19770907,4.54,4.58,4.54,4.58
19770908,4.58,4.58,4.51,4.52
19770909,4.53,4.55,4.52,4.54
19770912,4.55,4.56,4.50,4.51
19770913,4.52,4.52,4.47,4.50
19770914,4.51,4.53,4.50,4.51
19770915,4.52,4.54,4.50,4.54
19770916,4.54,4.62,4.54,4.62
19770919,4.62,4.77,4.62,4.74
19770920,4.75,4.75,4.61,4.67
19770921,4.67,4.81,4.67,4.80
19770922,4.80,4.82,4.78,4.78
19770923,4.79,4.79,4.72,4.76
19770926,4.76,4.83,4.76,4.83
19770927,4.84,4.84,4.79,4.80
19770928,4.80,4.85,4.80,4.80
19770929,4.80,4.83,4.79,4.83
19770930,4.84,4.86,4.82,4.83
19771003,4.83,4.87,4.83,4.85
19771004,4.85,4.87,4.80,4.87
19771005,4.87,4.87,4.83,4.83
19771006,4.84,4.86,4.82,4.83
19771007,4.84,4.86,4.83,4.84
19771010,4.84,4.94,4.84,4.94
19771011,4.95,4.98,4.91,4.98
19771012,4.99,4.99,4.96,4.97
19771013,4.97,4.98,4.92,4.93
19771014,4.94,5.01,4.94,5.01
19771017,5.02,5.04,5.00,5.04
19771018,5.04,5.04,5.00,5.01
19771019,5.01,5.05,4.94,4.96
19771020,4.96,4.98,4.95,4.97
19771021,4.98,5.02,4.96,5.01
19771024,5.02,5.08,5.02,5.08
19771025,5.08,5.08,5.03,5.07
19771026,5.07,5.07,5.01,5.02
19771027,5.03,5.03,4.91,4.92
19771028,4.93,5.01,4.93,5.00
19771031,5.00,5.17,5.00,5.16
19771101,5.17,5.17,5.01,5.04
19771102,5.04,5.04,4.98,5.01
19771103,5.02,5.29,5.02,5.29
19771104,5.30,5.30,5.01,5.05
19771107,5.06,5.22,5.06,5.19
19771108,5.20,5.20,5.04,5.10
19771109,5.11,5.16,5.11,5.12
19771110,5.12,5.14,5.11,5.12
19771111,5.13,5.13,5.03,5.04
19771114,5.05,5.05,4.90,4.91
19771115,4.91,4.93,4.87,4.92
19771116,4.93,4.93,4.85,4.90
19771117,4.90,4.94,4.89,4.93
19771118,4.94,4.96,4.93,4.95
19771121,4.95,5.26,4.95,5.13
19771122,5.14,5.15,5.10,5.14
19771123,5.15,5.15,4.80,4.80
19771125,4.81,4.85,4.80,4.84
19771128,4.85,4.88,4.81,4.82
19771129,4.82,4.84,4.77,4.84
19771130,4.84,4.87,4.82,4.85
19771201,4.86,4.86,4.75,4.75
19771202,4.76,4.79,4.76,4.77
19771205,4.77,4.83,4.77,4.83
19771206,4.84,4.84,4.79,4.82
19771207,4.82,4.88,4.81,4.88
19771208,4.88,4.88,4.83,4.85
19771209,4.85,4.85,4.79,4.81
19771212,4.81,4.83,4.69,4.70
19771213,4.70,4.74,4.70,4.74
19771214,4.74,4.77,4.70,4.72
19771215,4.72,4.73,4.67,4.73
19771216,4.73,4.75,4.72,4.74
19771219,4.74,4.75,4.69,4.70
19771220,4.71,4.78,4.69,4.77
19771221,4.77,4.77,4.70,4.71
19771222,4.72,4.80,4.68,4.78
19771223,4.78,4.81,4.77,4.80
19771227,4.81,4.84,4.81,4.82
19771228,4.83,4.86,4.80,4.84
19771229,4.84,4.88,4.84,4.87
19771230,4.88,4.88,4.82,4.85
19780103,4.85,5.02,4.85,4.99
19780104,4.99,5.00,4.86,4.87
19780105,4.87,4.95,4.87,4.94
19780106,4.95,4.96,4.86,4.92
19780109,4.92,4.99,4.92,4.97
19780110,4.98,5.03,4.95,4.96
19780111,4.97,5.48,4.97,5.48
19780112,5.49,5.49,4.93,4.93
19780113,4.94,5.05,4.94,5.04
19780116,5.04,5.46,5.04,5.45
19780117,5.46,5.47,5.46,5.47
19780118,5.47,5.47,5.35,5.35
19780119,5.36,5.39,5.36,5.38
19780123,5.38,5.58,5.38,5.57
19780124,5.58,5.58,5.55,5.57
19780125,5.57,5.61,5.57,5.59
19780126,5.60,5.60,5.51,5.52
19780127,5.53,5.53,5.50,5.50
19780130,5.50,5.50,5.39,5.40
19780131,5.41,5.44,5.41,5.44
19780201,5.45,5.45,5.41,5.41
19780202,5.41,5.41,5.33,5.34
19780203,5.34,5.36,5.33,5.34
19780206,5.35,5.36,5.35,5.35
19780208,5.35,5.35,5.27,5.27
19780209,5.28,5.30,5.25,5.30
19780210,5.31,5.49,5.31,5.49
19780213,5.50,5.54,5.50,5.54
19780214,5.54,5.54,5.49,5.49
19780215,5.50,5.59,5.50,5.59
19780216,5.59,5.64,5.59,5.64
19780217,5.65,5.65,5.62,5.62
19780221,5.62,5.67,5.62,5.65
19780222,5.66,5.66,5.58,5.58
19780223,5.59,5.65,5.59,5.62
19780224,5.62,5.62,5.54,5.54
19780227,5.55,5.55,5.53,5.55
19780228,5.56,5.58,5.55,5.56
19780301,5.57,5.57,5.54,5.54
19780302,5.54,5.62,5.54,5.60
19780303,5.60,5.60,5.59,5.59
19780306,5.60,5.67,5.60,5.66
19780307,5.66,5.66,5.13,5.32
19780308,5.32,6.06,5.32,5.98
19780309,5.99,6.01,5.93,5.93
19780310,5.93,5.97,5.88,5.97
19780313,5.97,6.10,5.92,6.10
19780314,6.10,6.17,6.02,6.02
19780315,6.02,6.08,6.00,6.04
19780316,6.04,6.11,6.04,6.11
19780317,6.11,6.11,5.96,5.96
19780320,5.96,5.96,5.76,5.78
19780321,5.79,5.83,5.79,5.79
19780322,5.80,5.88,5.80,5.87
19780323,5.87,5.91,5.85,5.91
19780327,5.91,6.02,5.91,6.02
19780328,6.03,6.04,5.98,5.98
19780329,5.98,5.98,5.87,5.93
19780330,5.94,5.94,5.91,5.92
19780331,5.92,6.08,5.92,6.08
19780403,6.08,6.08,5.91,5.91
19780404,5.91,5.94,5.75,5.82
19780405,5.82,5.85,5.81,5.84
19780406,5.84,5.88,5.84,5.87
19780407,5.88,5.88,5.81,5.81
19780410,5.82,5.85,5.82,5.85
19780411,5.85,5.94,5.85,5.93
19780412,5.93,5.93,5.88,5.88
19780413,5.89,5.89,5.80,5.81
19780414,5.81,5.82,5.75,5.79
19780417,5.79,5.79,5.59,5.59
19780418,5.60,5.63,5.59,5.63
19780419,5.64,5.64,5.60,5.61
19780420,5.61,5.61,5.46,5.52
19780421,5.53,5.58,5.53,5.54
19780424,5.54,5.54,5.42,5.42
19780425,5.43,5.45,5.39,5.45
19780426,5.45,5.51,5.45,5.48
19780427,5.48,5.54,5.48,5.52
19780428,5.53,5.53,5.50,5.50
19780501,5.51,5.51,5.47,5.47
19780502,5.47,5.52,5.47,5.52
19780503,5.53,5.58,5.53,5.56
19780504,5.57,5.63,5.57,5.61
19780505,5.61,5.61,5.60,5.60
19780508,5.61,5.61,5.55,5.56
19780509,5.57,5.58,5.54,5.54
19780510,5.54,5.59,5.54,5.59
19780511,5.59,5.62,5.55,5.55
19780512,5.55,5.57,5.54,5.55
19780515,5.55,5.59,5.55,5.59
19780516,5.60,5.64,5.58,5.64
19780517,5.65,5.67,5.64,5.64
19780518,5.65,5.70,5.65,5.70
19780519,5.71,5.71,5.67,5.67
19780522,5.68,5.70,5.68,5.68
19780523,5.69,5.71,5.68,5.71
19780524,5.72,5.72,5.67,5.67
19780525,5.67,5.74,5.65,5.74
19780526,5.74,5.76,5.73,5.76
19780530,5.76,5.87,5.76,5.84
19780531,5.84,5.97,5.84,5.92
19780601,5.92,5.92,5.83,5.86
19780602,5.87,6.00,5.84,5.84
19780605,5.85,5.85,5.72,5.74
19780606,5.75,5.78,5.71,5.77
19780607,5.78,5.78,5.66,5.66
19780608,5.67,5.71,5.67,5.70
19780609,5.71,5.71,5.65,5.67
19780612,5.67,5.67,5.60,5.63
19780613,5.64,5.81,5.64,5.81
19780614,5.82,5.82,5.74,5.75
19780615,5.76,5.80,5.74,5.80
19780616,5.81,5.84,5.80,5.83
19780619,5.84,5.84,5.73,5.80
19780620,5.80,5.91,5.80,5.87
19780621,5.88,5.88,5.82,5.83
19780622,5.83,5.83,5.77,5.81
19780623,5.82,5.83,5.81,5.81
19780626,5.81,5.81,5.72,5.73
19780627,5.73,5.86,5.73,5.84
19780628,5.85,5.86,5.84,5.84
19780629,5.84,5.84,5.64,5.64
19780630,5.64,5.69,5.61,5.61
19780703,5.62,5.65,5.62,5.65
19780705,5.66,5.66,5.61,5.64
19780706,5.64,5.64,5.56,5.58
19780707,5.58,5.63,5.58,5.63
19780710,5.63,5.67,5.63,5.67
19780711,5.67,5.67,5.64,5.66
19780712,5.66,5.67,5.66,5.67
19780713,5.67,5.67,5.64,5.64
19780714,5.65,5.65,5.62,5.63
19780717,5.64,5.64,5.53,5.58
19780718,5.58,5.69,5.58,5.68
19780719,5.69,5.72,5.68,5.72
19780720,5.72,6.07,5.72,6.07
19780721,6.08,6.08,5.85,5.94
19780724,5.95,6.21,5.95,6.18
19780725,6.18,6.18,6.02,6.07
19780726,6.08,6.08,6.01,6.02
19780727,6.02,6.09,5.99,6.09
19780728,6.09,6.33,6.09,6.26
19780731,6.27,6.35,6.27,6.35
19780801,6.36,6.39,6.24,6.24
19780802,6.24,6.24,5.99,5.99
19780803,5.99,6.22,5.99,6.16
19780804,6.16,6.21,6.16,6.21
19780807,6.22,6.22,6.07,6.08
19780808,6.08,6.11,6.03,6.07
19780809,6.07,6.07,6.01,6.01
19780810,6.02,6.05,6.00,6.05
19780811,6.06,6.16,6.06,6.13
19780814,6.14,6.22,6.14,6.22
19780815,6.22,6.32,6.22,6.27
19780816,6.27,6.27,6.04,6.07
19780817,6.07,6.07,5.92,5.92
19780818,5.93,5.98,5.88,5.88
19780821,5.88,5.91,5.85,5.91
19780822,5.92,5.92,5.87,5.89
19780823,5.90,5.91,5.84,5.91
19780824,5.92,5.94,5.90,5.92
19780825,5.92,5.92,5.89,5.91
19780828,5.91,5.94,5.87,5.87
19780829,5.88,5.99,5.88,5.98
19780830,5.99,6.00,5.96,5.99
19780831,6.00,6.03,5.99,5.99
19780901,6.00,6.05,6.00,6.05
19780905,6.06,6.08,6.03,6.08
19780906,6.09,6.09,6.02,6.02
19780907,6.03,6.03,5.95,5.95
19780908,5.96,6.07,5.96,6.06
19780911,6.06,6.08,6.03,6.07
19780912,6.08,6.08,5.96,5.96
19780913,5.97,6.20,5.97,6.20
19780914,6.20,6.20,6.16,6.16
19780915,6.16,6.23,6.16,6.18
19780918,6.18,6.20,6.16,6.19
19780919,6.20,6.24,6.16,6.17
19780920,6.17,6.29,6.17,6.29
19780921,6.30,6.30,6.26,6.28
19780922,6.28,6.31,6.24,6.30
19780925,6.30,6.33,6.27,6.28
19780926,6.29,6.32,6.21,6.24
19780927,6.24,6.29,6.20,6.28
19780928,6.29,6.29,6.26,6.28
19780929,6.29,6.29,6.24,6.24
19781002,6.24,6.34,6.24,6.34
19781003,6.35,6.41,6.34,6.41
19781004,6.42,6.46,6.39,6.41
19781005,6.42,6.44,6.39,6.43
19781006,6.44,6.44,6.37,6.37
19781009,6.38,6.47,6.37,6.47
19781010,6.48,6.56,6.48,6.50
19781011,6.51,6.57,6.51,6.55
19781012,6.56,6.56,6.46,6.46
19781013,6.46,6.48,6.44,6.46
19781016,6.46,6.51,6.41,6.49
19781017,6.49,6.55,6.47,6.50
19781018,6.51,6.53,6.46,6.48
19781019,6.49,6.49,6.40,6.41
19781020,6.41,6.48,6.40,6.40
19781023,6.41,6.43,6.37,6.37
19781024,6.38,6.42,6.35,6.42
19781025,6.43,6.62,6.43,6.62
19781026,6.63,6.71,6.61,6.65
19781027,6.66,6.76,6.62,6.74
19781030,6.75,6.80,6.69,6.77
19781031,6.77,6.83,6.72,6.76
19781101,6.77,6.77,6.56,6.56
19781102,6.56,6.56,6.36,6.42
19781103,6.43,6.43,6.22,6.25
19781106,6.26,6.43,6.26,6.40
19781108,6.40,6.49,6.40,6.44
19781109,6.44,6.44,6.24,6.24
19781110,6.24,6.25,6.21,6.25
19781113,6.25,6.25,6.09,6.20
19781114,6.20,6.47,6.20,6.47
19781115,6.48,6.50,6.42,6.42
19781116,6.43,6.52,6.41,6.52
19781117,6.52,6.66,6.48,6.66
19781120,6.67,6.67,6.35,6.40
19781121,6.41,6.59,6.41,6.50
19781122,6.51,6.58,6.51,6.57
19781124,6.57,6.68,6.57,6.68
19781127,6.68,6.68,6.46,6.49
19781128,6.49,6.62,6.49,6.53
19781129,6.54,6.60,6.53,6.53
19781130,6.53,6.62,6.53,6.61
19781201,6.61,6.61,6.42,6.44
19781204,6.44,6.61,6.44,6.50
19781205,6.51,6.53,6.47,6.49
19781206,6.49,6.49,6.30,6.31
19781207,6.32,6.47,6.32,6.45
19781208,6.45,6.51,6.45,6.50
19781211,6.50,6.54,6.49,6.51
19781212,6.51,6.51,6.46,6.50
19781213,6.50,6.52,6.48,6.50
19781214,6.50,6.50,6.44,6.49
19781215,6.50,6.50,6.21,6.21
19781218,6.21,6.61,6.21,6.57
19781219,6.58,6.64,6.57,6.63
19781220,6.63,6.63,6.32,6.32
19781221,6.32,6.32,6.29,6.30
19781222,6.30,6.30,6.26,6.27
19781226,6.28,6.59,6.28,6.59
19781227,6.59,6.67,6.59,6.65
19781228,6.65,6.65,6.62,6.63
19781229,6.63,6.63,6.38,6.38
19790102,6.38,6.38,6.06,6.07
19790103,6.07,6.32,6.07,6.31
19790104,6.31,6.61,6.31,6.59
19790105,6.59,6.62,6.59,6.60
19790108,6.61,6.66,6.61,6.64
19790109,6.65,6.65,6.61,6.61
19790110,6.62,6.62,6.60,6.60
19790111,6.61,6.61,6.50,6.50
19790112,6.51,6.56,6.50,6.56
19790115,6.57,6.64,6.52,6.64
19790116,6.64,6.64,6.14,6.28
19790117,6.29,6.35,6.27,6.32
19790118,6.32,6.38,6.32,6.34
19790119,6.34,6.86,6.34,6.84
19790122,6.84,6.93,6.84,6.86
19790123,6.87,6.92,6.83,6.91
19790124,6.91,7.10,6.91,7.09
19790125,7.10,7.16,7.00,7.12
19790126,7.12,7.16,7.09,7.14
19790129,7.15,7.26,7.12,7.14
19790130,7.15,7.21,7.08,7.21
19790131,7.21,7.29,7.21,7.21
19790201,7.22,7.22,7.12,7.18
19790202,7.18,7.18,6.67,6.92
19790205,6.92,7.58,6.92,7.58
19790206,7.59,7.78,7.57,7.70
19790207,7.70,7.90,7.70,7.90
19790208,7.90,8.09,7.70,7.72
19790209,7.72,7.90,7.64,7.90
19790212,7.90,7.93,7.82,7.87
19790213,7.88,7.88,7.67,7.67
19790214,7.67,7.87,7.64,7.87
19790215,7.87,8.04,7.87,7.94
19790216,7.94,8.14,7.94,8.14
19790220,8.14,8.34,8.14,8.34
19790221,8.35,8.53,8.30,8.38
19790222,8.38,8.50,8.35,8.35
19790223,8.35,8.44,8.25,8.42
19790226,8.43,8.43,8.22,8.22
19790227,8.22,8.33,8.13,8.33
19790228,8.33,8.33,7.82,7.83
19790301,7.83,8.37,7.83,8.30
19790302,8.31,8.31,8.10,8.10
19790305,8.11,8.11,7.90,7.90
19790306,7.91,7.96,7.89,7.93
19790307,7.93,7.93,7.29,7.30
19790308,7.31,7.38,7.22,7.30
19790309,7.31,7.81,7.31,7.78
19790312,7.79,7.79,7.15,7.18
19790313,7.19,7.77,7.19,7.70
19790314,7.70,7.80,7.68,7.79
19790315,7.79,7.99,7.76,7.97
19790316,7.98,8.02,7.93,7.93
19790319,7.94,7.96,7.91,7.91
19790320,7.92,8.00,7.89,7.92
19790321,7.92,8.12,7.92,8.12
19790322,8.12,8.24,8.12,8.18
19790323,8.19,8.30,8.16,8.16
19790326,8.17,8.37,8.17,8.30
19790327,8.31,8.31,8.13,8.15
19790328,8.15,8.21,8.15,8.19
19790329,8.19,8.19,8.03,8.03
19790330,8.04,8.04,7.95,7.98
19790402,7.98,8.06,7.98,7.99
19790403,8.00,8.04,7.83,7.86
19790404,7.86,7.98,7.77,7.95
19790405,7.95,8.00,7.90,7.95
19790406,7.96,8.09,7.88,8.06
19790409,8.06,8.18,8.05,8.13
19790410,8.14,8.14,8.06,8.10
19790411,8.11,8.11,7.93,7.94
19790412,7.95,7.98,7.93,7.95
19790416,7.95,7.95,7.63,7.66
19790417,7.67,7.67,7.37,7.53
19790418,7.54,7.73,7.53,7.65
19790419,7.65,7.72,7.50,7.52
19790420,7.52,7.54,7.44,7.50
19790423,7.50,7.58,7.46,7.57
19790424,7.57,7.67,7.50,7.58
19790425,7.58,7.72,7.58,7.69
19790426,7.70,7.75,7.64,7.71
19790427,7.72,7.90,7.72,7.89
19790430,7.90,8.09,7.82,8.09
19790501,8.10,8.26,8.03,8.04
19790502,8.04,8.17,8.04,8.06
19790503,8.07,8.18,8.05,8.15
19790504,8.16,8.36,8.16,8.36
19790507,8.36,8.55,8.36,8.52
19790508,8.52,8.52,8.31,8.31
19790509,8.32,8.47,8.26,8.46
19790510,8.47,8.66,8.47,8.52
19790511,8.52,8.58,8.34,8.35
19790514,8.35,8.52,8.35,8.48
19790515,8.49,8.66,8.41,8.45
19790516,8.45,8.54,8.26,8.46
19790517,8.46,8.50,8.30,8.45
19790518,8.45,8.45,8.34,8.39
19790521,8.40,8.59,8.40,8.59
19790522,8.59,8.79,8.53,8.79
19790523,8.79,8.79,8.65,8.69
19790524,8.69,8.78,8.66,8.73
19790525,8.74,8.93,8.74,8.93
19790529,8.93,9.00,8.72,8.72
19790530,8.73,8.74,8.56,8.67
19790531,8.68,8.79,8.60,8.77
19790601,8.78,8.78,8.57,8.57
19790604,8.57,8.62,8.46,8.62
19790605,8.62,8.73,8.53,8.63
19790606,8.64,8.69,8.53,8.54
19790607,8.55,8.55,8.37,8.46
19790608,8.47,8.62,8.47,8.61
19790611,8.61,8.68,8.55,8.60
19790612,8.61,8.61,8.40,8.40
19790613,8.40,8.45,8.31,8.44
19790614,8.44,8.51,8.39,8.48
19790615,8.49,8.55,8.46,8.52
19790618,8.52,8.80,8.52,8.76
19790619,8.77,8.77,8.61,8.77
19790620,8.78,8.93,8.78,8.86
19790621,8.86,8.99,8.86,8.90
19790622,8.90,9.04,8.84,8.88
19790625,8.89,8.97,8.83,8.86
19790626,8.87,8.87,8.68,8.69
19790627,8.70,8.78,8.65,8.67
19790628,8.68,8.68,8.52,8.58
19790629,8.59,8.78,8.59,8.78
19790702,8.79,8.85,8.66,8.69
19790703,8.69,8.86,8.66,8.84
19790705,8.84,9.04,8.84,9.04
19790706,9.05,9.14,8.94,9.00
19790709,9.01,9.20,8.88,9.20
19790710,9.20,9.32,9.15,9.25
19790711,9.26,9.34,9.18,9.29
19790712,9.30,9.36,9.16,9.18
19790713,9.18,9.18,9.01,9.09
19790716,9.09,9.29,9.09,9.29
19790717,9.29,9.88,9.29,9.88
19790718,9.88,9.88,9.41,9.49
19790719,9.50,9.90,9.50,9.90
19790720,9.90,10.06,9.80,10.06
19790723,10.06,10.17,10.02,10.04
19790724,10.05,10.06,9.91,9.97
19790725,9.98,9.98,9.85,9.96
19790726,9.97,10.10,9.86,10.04
19790727,10.05,10.05,9.89,9.89
19790730,9.90,9.90,9.69,9.69
19790731,9.70,9.70,9.49,9.49
19790801,9.50,9.58,9.40,9.57
19790802,9.58,9.58,9.37,9.42
19790803,9.42,9.50,9.40,9.47
19790806,9.47,9.47,9.27,9.27
19790807,9.27,9.29,9.19,9.19
19790808,9.19,9.39,9.19,9.39
19790809,9.39,9.58,9.39,9.54
19790810,9.54,9.64,9.47,9.54
19790813,9.55,9.55,9.35,9.38
19790814,9.39,9.39,9.06,9.38
19790815,9.39,9.52,9.32,9.40
19790816,9.40,9.49,9.31,9.46
19790817,9.46,9.55,9.35,9.47
19790820,9.47,9.66,9.47,9.60
19790821,9.61,9.61,9.42,9.59
19790822,9.60,9.79,9.60,9.78
19790823,9.79,9.98,9.70,9.98
19790824,9.98,10.18,9.93,10.16
19790827,10.17,10.22,10.11,10.19
19790828,10.20,10.39,10.12,10.39
19790829,10.39,10.57,10.35,10.54
19790830,10.54,10.73,10.54,10.73
19790831,10.74,10.94,10.54,10.86
19790904,10.86,11.26,10.86,11.26
19790905,11.26,11.66,11.26,11.66
19790906,11.67,12.06,11.45,12.06
19790907,12.07,12.26,11.67,12.19
19790910,12.19,12.59,12.14,12.59
19790911,12.59,12.99,12.51,12.89
19790912,12.89,12.95,12.49,12.50
19790913,12.50,12.90,12.35,12.90
19790914,12.90,13.46,12.90,13.46
19790917,13.47,14.06,13.47,14.06
19790918,14.07,14.87,14.07,14.87
19790919,14.87,15.66,14.87,15.66
19790920,15.67,16.46,15.67,15.89
19790921,15.89,16.29,15.49,16.29
19790924,16.29,16.69,16.00,16.68
19790925,16.69,16.75,16.08,16.08
19790926,16.08,16.48,15.72,16.47
19790927,16.47,16.87,16.47,16.87
19790928,16.87,17.27,16.87,17.19
19791001,17.20,17.59,17.20,17.59
19791002,17.60,17.99,17.19,17.70
19791003,17.70,17.87,17.30,17.71
19791004,17.71,17.71,17.31,17.31
19791005,17.31,17.31,16.91,16.91
19791008,16.91,16.91,16.31,16.31
19791009,16.32,17.11,16.32,17.11
19791010,17.11,17.91,17.11,17.91
19791011,17.91,18.30,17.26,18.21
19791012,18.22,18.50,18.01,18.23
19791015,18.23,18.55,18.08,18.30
19791016,18.31,18.31,17.90,17.90
19791017,17.91,17.91,17.50,17.85
19791018,17.86,18.22,17.45,18.05
19791019,18.06,18.45,17.80,18.33
19791022,18.34,18.38,17.91,18.21
19791023,18.22,18.22,17.81,18.15
19791024,18.16,18.54,18.16,18.33
19791025,18.34,18.34,18.00,18.06
19791026,18.07,18.07,17.66,17.66
19791029,17.66,17.66,17.26,17.26
19791030,17.27,17.30,16.70,17.17
19791031,17.18,17.46,17.18,17.36
19791101,17.37,17.37,16.96,16.96
19791102,16.96,17.02,16.56,16.84
19791105,16.84,17.16,16.84,17.05
19791106,17.06,17.45,17.06,17.45
19791107,17.46,17.68,17.25,17.34
19791108,17.35,17.35,16.96,17.26
19791109,17.27,17.27,16.99,17.02
19791112,17.03,17.23,16.95,17.02
19791113,17.02,17.02,16.61,16.61
19791114,16.62,16.89,16.35,16.89
19791115,16.89,16.89,16.62,16.77
19791116,16.78,17.08,16.78,16.93
19791119,16.93,17.08,16.88,16.95
19791120,16.96,17.14,16.79,16.95
19791121,16.95,17.23,16.60,16.68
19791123,16.68,17.00,16.56,17.00
19791126,17.00,17.12,16.95,17.07
19791127,17.07,17.47,17.07,17.47
19791128,17.47,17.87,17.47,17.87
19791129,17.87,18.47,17.87,18.47
19791130,18.47,19.27,18.47,19.27
19791203,19.28,20.08,19.28,20.07
19791204,20.07,20.60,19.90,20.40
19791205,20.40,20.40,19.92,20.17
19791206,20.18,20.49,19.80,19.81
19791207,19.81,19.95,19.37,19.37
19791210,19.38,19.82,19.38,19.80
19791211,19.80,20.30,19.80,20.30
19791212,20.30,20.80,20.30,20.75
19791213,20.75,21.50,20.75,21.50
19791214,21.51,22.45,21.05,22.38
19791217,22.39,23.25,22.39,23.15
19791218,23.15,24.15,23.15,24.15
19791219,24.15,25.03,23.30,24.50
19791220,24.51,24.51,23.70,24.30
19791221,24.30,25.05,24.10,25.05
19791226,25.05,26.05,25.05,26.05
19791227,26.05,27.05,26.05,27.05
19791228,27.06,28.05,27.06,28.05
19791231,28.05,29.05,28.05,29.05
19800102,29.05,30.05,29.05,30.05
19800103,30.06,31.05,30.06,31.05
19800104,31.06,32.05,31.06,32.05
19800107,32.05,33.05,32.05,33.05
19800108,33.05,34.05,32.50,32.75
19800109,32.76,33.50,32.76,33.50
19800110,33.50,34.50,33.50,34.50
19800111,34.50,35.50,34.50,35.50
19800114,35.51,36.50,35.51,36.50
19800115,36.50,37.50,36.50,37.50
19800116,37.50,38.50,37.50,38.50
19800117,38.51,39.50,38.51,39.50
19800118,39.50,40.50,39.50,40.50
19800121,40.50,41.50,40.50,41.50
19800122,41.51,41.51,40.50,40.50
19800123,40.51,40.51,39.50,39.50
19800124,39.51,42.29,39.51,40.37
19800125,40.38,40.38,37.50,37.50
19800128,37.50,37.50,36.50,36.50
19800129,36.50,37.50,35.50,37.00
19800130,37.01,37.01,36.00,36.50
19800131,36.51,36.51,35.75,35.75
19800201,35.76,35.76,34.75,34.75
19800204,34.75,34.75,33.75,33.75
19800205,33.76,35.25,33.76,35.25
19800206,35.25,36.25,35.25,36.25
19800207,36.26,38.10,36.26,38.10
19800208,38.10,39.10,38.10,39.10
19800211,39.11,40.10,39.11,40.10
19800212,40.10,41.10,40.10,40.45
19800213,40.46,41.15,39.45,39.60
19800214,39.61,40.15,38.60,38.83
19800215,38.84,38.84,37.83,38.25
19800219,38.25,38.25,37.25,37.25
19800220,37.25,37.25,36.25,36.25
19800221,36.26,37.25,35.25,36.81
19800222,36.81,36.81,34.50,34.50
19800225,34.51,36.45,34.51,36.45
19800226,36.46,36.46,34.00,34.49
19800227,34.50,35.15,34.00,34.59
19800228,34.59,35.34,34.59,35.34
19800229,35.34,36.34,35.00,36.34
19800303,36.34,36.34,35.34,35.98
19800304,35.99,36.98,35.30,36.85
19800305,36.85,37.60,36.00,36.80
19800306,36.80,36.80,36.05,36.05
19800307,36.06,36.06,35.05,35.05
19800310,35.06,35.06,34.05,34.05
19800311,34.05,34.05,33.05,33.05
19800312,33.06,33.06,32.05,32.05
19800313,32.05,32.05,31.05,31.05
19800314,31.05,31.05,30.05,30.05
19800317,30.05,30.05,29.05,29.05
19800318,29.05,29.05,28.05,28.05
19800319,28.06,28.06,27.05,27.05
19800320,27.05,27.05,26.05,26.05
19800321,26.06,26.06,25.05,25.05
19800324,25.06,25.06,24.05,24.05
19800325,24.06,24.06,23.05,23.05
19800326,23.05,23.05,22.05,22.05
19800327,22.05,22.05,21.05,21.05
19800328,21.05,21.47,21.05,21.47
19800331,21.48,21.48,19.05,19.05
19800401,19.06,19.06,18.05,18.05
19800402,18.06,18.06,17.05,17.05
19800403,17.05,17.47,17.05,17.47
19800407,17.47,17.47,15.05,15.35
19800408,15.36,16.82,15.36,16.82
19800409,16.83,17.35,15.80,16.01
19800410,16.01,16.50,15.85,16.11
19800411,16.12,16.34,15.90,15.96
19800414,15.97,16.00,15.21,15.21
19800415,15.22,15.22,13.85,14.45
19800416,14.46,15.75,14.46,14.68
19800417,14.69,14.69,14.00,14.30
19800418,14.31,14.90,14.31,14.57
19800421,14.58,14.58,14.07,14.07
19800422,14.07,14.25,13.72,14.03
19800423,14.04,14.25,13.85,14.03
19800424,14.03,14.53,14.03,14.53
19800425,14.54,15.03,14.54,15.03
19800428,15.04,15.04,14.28,14.28
19800429,14.28,14.28,13.60,14.00
19800430,14.00,14.00,13.00,13.00
19800501,13.00,13.00,12.00,12.38
19800502,12.39,13.38,12.39,13.38
19800505,13.38,13.90,13.20,13.40
19800506,13.41,13.41,13.00,13.05
19800507,13.06,13.50,12.90,13.31
19800508,13.32,13.45,12.60,13.10
19800509,13.11,13.22,12.70,13.10
19800512,13.11,13.11,12.62,12.65
19800513,12.65,13.15,12.65,13.08
19800514,13.09,13.34,13.00,13.15
19800515,13.15,13.15,12.65,12.65
19800516,12.66,12.86,12.55,12.62
19800519,12.63,12.63,12.12,12.12
19800520,12.13,12.13,11.62,11.80
19800521,11.81,12.01,11.30,11.40
19800522,11.41,11.90,10.90,11.67
19800523,11.68,12.06,11.35,12.05
19800527,12.05,12.55,12.05,12.55
19800528,12.56,13.05,12.56,12.95
19800529,12.96,13.30,12.55,13.20
19800530,13.20,13.95,13.20,13.95
19800602,13.95,14.95,13.95,14.75
19800603,14.75,15.50,14.32,14.75
19800604,14.75,15.50,14.75,15.50
19800605,15.50,16.50,15.50,16.05
19800606,16.05,17.00,16.05,16.90
19800609,16.91,17.65,16.91,17.65
19800610,17.65,17.65,16.65,16.65
19800611,16.65,16.65,15.65,15.65
19800612,15.65,15.90,15.15,15.85
19800613,15.86,16.36,15.86,16.30
19800616,16.31,16.31,15.55,15.55
19800617,15.55,15.85,15.22,15.80
19800618,15.81,16.17,15.30,15.35
19800619,15.36,15.75,15.20,15.70
19800620,15.71,15.98,15.71,15.93
19800623,15.93,15.93,15.51,15.59
19800624,15.60,16.09,15.60,16.05
19800625,16.06,16.50,16.03,16.03
19800626,16.03,16.38,16.00,16.29
19800627,16.30,16.79,16.30,16.79
19800630,16.80,17.14,16.80,16.90
19800701,16.91,17.32,16.85,17.10
19800702,17.11,17.25,16.90,17.08
19800703,17.09,17.38,16.85,17.28
19800707,17.28,17.65,17.11,17.60
19800708,17.60,17.80,17.10,17.10
19800709,17.11,17.23,16.60,16.63
19800710,16.63,16.73,15.90,16.10
19800711,16.11,16.64,16.11,16.55
19800714,16.56,16.56,16.05,16.05
19800715,16.06,16.06,15.55,15.55
19800716,15.55,16.10,15.55,15.76
19800717,15.76,16.02,15.71,15.80
19800718,15.81,15.81,15.30,15.70
19800721,15.71,15.95,15.61,15.75
19800722,15.76,16.25,15.73,16.25
19800723,16.25,16.60,16.05,16.20
19800724,16.21,16.70,16.21,16.53
19800725,16.54,16.85,16.48,16.84
19800728,16.84,16.84,16.50,16.60
19800729,16.60,16.71,16.20,16.42
19800730,16.42,16.42,15.92,15.92
19800731,15.92,15.99,15.42,15.55
19800801,15.55,15.94,15.55,15.84
19800804,15.84,16.18,15.84,15.95
19800805,15.96,16.15,15.81,16.07
19800806,16.08,16.49,15.95,16.43
19800807,16.43,16.43,16.25,16.38
19800808,16.39,16.39,16.00,16.02
19800811,16.02,16.02,15.57,15.60
19800812,15.61,15.87,15.50,15.85
19800813,15.86,15.97,15.67,15.82
19800814,15.82,16.55,15.82,16.48
19800815,16.48,16.48,16.20,16.29
19800818,16.30,16.45,16.00,16.32
19800819,16.32,16.54,16.32,16.41
19800820,16.42,16.91,16.42,16.91
19800821,16.92,17.14,16.78,16.81
19800822,16.82,17.00,16.72,16.86
19800825,16.87,16.87,16.42,16.50
19800826,16.51,16.70,16.51,16.61
19800827,16.62,16.70,16.62,16.66
19800828,16.66,16.75,16.57,16.64
19800829,16.64,16.85,16.60,16.84
19800902,16.85,16.94,16.80,16.87
19800903,16.88,16.89,16.67,16.77
19800904,16.78,17.27,16.78,17.27
19800905,17.28,17.77,17.28,17.77
19800908,17.78,18.52,17.78,18.52
19800909,18.53,19.52,18.53,19.52
19800910,19.52,20.52,19.52,20.18
19800911,20.18,21.18,19.80,21.18
19800912,21.19,22.16,20.80,21.40
19800915,21.41,21.41,20.40,20.40
19800916,20.40,21.40,20.40,21.40
19800917,21.40,22.35,21.20,21.40
19800918,21.40,21.75,21.03,21.43
19800919,21.44,22.18,21.30,22.18
19800922,22.19,23.18,22.19,23.18
19800923,23.18,24.18,23.18,23.93
19800924,23.94,24.05,23.00,23.30
19800925,23.30,23.60,22.30,23.35
19800926,23.35,23.35,22.60,22.60
19800929,22.60,22.60,21.60,21.60
19800930,21.60,21.70,20.60,21.25
19801001,21.26,22.25,21.26,22.10
19801002,22.10,22.10,21.35,21.35
19801003,21.35,21.35,20.35,20.65
19801006,20.66,21.65,20.66,21.65
19801007,21.65,21.88,21.05,21.13
19801008,21.14,21.58,21.14,21.44
19801009,21.45,22.19,21.45,22.14
19801010,22.15,22.28,21.88,22.00
19801013,22.01,22.01,21.50,21.50
19801014,21.50,21.70,21.00,21.65
19801015,21.65,21.85,21.25,21.35
19801016,21.35,21.55,20.95,21.00
19801017,21.01,21.24,20.50,20.50
19801020,20.51,20.51,19.75,19.95
19801021,19.96,20.15,19.52,20.09
19801022,20.10,20.47,19.75,19.80
19801023,19.80,19.80,19.05,19.05
19801024,19.06,19.39,18.65,19.00
19801027,19.01,19.33,18.72,18.88
19801028,18.89,19.08,18.54,18.95
19801029,18.96,19.65,18.96,19.43
19801030,19.44,19.70,19.44,19.50
19801031,19.50,19.50,19.00,19.10
19801103,19.11,19.60,19.11,19.60
19801105,19.61,20.32,18.90,19.15
19801106,19.15,19.15,18.62,18.68
19801107,18.68,18.68,18.18,18.18
19801110,18.18,18.48,18.00,18.08
19801111,18.08,18.08,17.58,17.90
19801112,17.90,18.40,17.90,18.40
19801113,18.40,18.86,18.40,18.75
19801114,18.75,18.85,18.25,18.52
19801117,18.52,19.32,18.52,19.26
19801118,19.27,19.60,19.27,19.48
19801119,19.48,19.98,19.48,19.98
19801120,19.98,20.40,19.93,20.36
19801121,20.36,20.50,20.05,20.33
19801124,20.34,20.34,19.58,19.58
19801125,19.59,19.65,18.90,19.47
19801126,19.47,19.80,19.05,19.44
19801128,19.45,19.50,19.20,19.45
19801201,19.45,19.95,19.36,19.45
19801202,19.45,19.55,19.05,19.15
19801203,19.16,19.44,19.16,19.40
19801204,19.41,19.60,18.95,18.95
19801205,18.95,18.95,18.45,18.73
19801208,18.73,18.73,18.23,18.23
19801209,18.24,18.24,17.73,17.73
19801210,17.73,17.73,16.98,16.98
19801211,16.98,16.98,15.98,15.98
19801212,15.98,15.98,14.98,15.85
19801215,15.86,16.35,15.50,15.82
19801216,15.82,15.82,15.07,15.40
19801217,15.40,16.15,15.40,16.15
19801218,16.15,16.16,15.75,15.90
19801219,15.91,16.75,15.75,16.75
19801222,16.76,16.89,16.20,16.45
19801223,16.46,17.20,16.46,17.18
19801224,17.19,17.19,16.87,17.12
19801229,17.13,17.13,16.12,16.12
19801230,16.12,16.20,15.55,15.70
19801231,15.70,16.17,15.70,16.12
19810102,16.13,16.13,15.52,16.05
19810105,16.06,16.80,16.06,16.70
19810106,16.71,16.97,16.52,16.70
19810107,16.71,16.71,16.20,16.20
19810108,16.21,16.21,15.70,15.70
19810109,15.71,16.05,15.40,15.54
19810112,15.54,15.54,15.00,15.28
19810113,15.29,15.48,15.05,15.33
19810114,15.33,15.65,15.00,15.60
19810115,15.61,15.80,15.10,15.15
19810116,15.16,15.49,15.05,15.43
19810119,15.43,15.93,15.30,15.42
19810120,15.43,15.69,15.25,15.65
19810121,15.65,15.90,15.15,15.20
19810122,15.20,15.20,14.70,14.80
19810123,14.81,14.81,14.41,14.57
19810126,14.57,14.57,14.07,14.07
19810127,14.07,14.07,13.57,13.65
19810128,13.65,13.92,13.50,13.55
19810129,13.55,14.00,12.88,13.95
19810130,13.96,13.96,13.45,13.45
19810202,13.45,13.45,12.95,12.97
19810203,12.98,13.29,12.73,13.12
19810204,13.12,13.60,12.95,13.00
19810205,13.00,13.30,13.00,13.23
19810206,13.24,13.73,13.16,13.68
19810209,13.68,14.18,13.68,14.18
19810210,14.19,14.19,13.50,13.60
19810211,13.60,13.60,13.10,13.13
19810212,13.13,13.13,12.63,12.64
19810213,12.65,12.90,12.50,12.75
19810217,12.75,13.24,12.75,13.15
19810218,13.16,13.24,12.68,12.77
19810219,12.78,13.26,12.78,13.23
19810220,13.24,13.29,13.05,13.15
19810223,13.15,13.15,12.76,12.88
19810224,12.88,13.14,12.88,12.96
19810225,12.97,13.34,12.97,13.19
19810226,13.19,13.19,12.69,12.69
19810227,12.70,12.77,12.45,12.50
19810302,12.51,12.51,12.00,12.00
19810303,12.00,12.40,11.85,12.38
19810304,12.39,12.39,11.88,11.88
19810305,11.88,12.04,11.63,11.97
19810306,11.97,12.25,11.85,12.00
19810309,12.01,12.29,12.01,12.08
19810310,12.09,12.58,12.09,12.26
19810311,12.27,12.27,11.81,11.93
19810312,11.94,12.19,11.90,12.16
19810313,12.16,12.64,12.16,12.38
19810316,12.38,12.70,12.38,12.58
19810317,12.59,12.98,12.43,12.98
19810318,12.99,13.40,12.88,13.30
19810319,13.30,13.30,13.12,13.17
19810320,13.17,13.67,13.17,13.67
19810323,13.67,13.67,13.17,13.17
19810324,13.17,13.55,13.10,13.35
19810325,13.35,13.35,12.90,13.00
19810326,13.01,13.47,13.01,13.42
19810327,13.42,13.42,12.92,12.92
19810330,12.93,12.93,12.42,12.42
19810331,12.43,12.43,11.70,12.03
19810401,12.03,12.29,11.80,12.20
19810402,12.21,12.37,12.08,12.24
19810403,12.24,12.39,12.23,12.30
19810406,12.30,12.48,12.30,12.35
19810407,12.36,12.36,11.85,11.92
19810408,11.93,11.93,11.65,11.70
19810409,11.70,11.70,11.30,11.34
19810410,11.35,11.43,11.16,11.21
19810413,11.22,11.28,10.80,11.25
19810414,11.26,11.50,11.26,11.38
19810415,11.38,11.38,11.07,11.17
19810416,11.17,11.53,11.17,11.45
19810420,11.46,11.68,11.05,11.57
19810421,11.57,11.64,11.27,11.54
19810422,11.54,11.78,11.33,11.36
19810423,11.36,11.55,11.25,11.40
19810424,11.40,11.85,11.40,11.55
19810427,11.56,11.59,11.40,11.56
19810428,11.57,11.57,11.42,11.46
19810429,11.47,11.47,11.23,11.30
19810430,11.31,11.43,11.26,11.38
19810501,11.39,11.56,11.35,11.41
19810504,11.41,11.41,11.21,11.26
19810505,11.27,11.27,11.13,11.26
19810506,11.27,11.35,11.23,11.24
19810507,11.24,11.40,11.18,11.29
19810508,11.29,11.79,11.29,11.78
19810511,11.78,11.83,11.45,11.47
19810512,11.48,11.48,11.00,11.28
19810513,11.29,11.29,11.15,11.23
19810514,11.24,11.24,10.98,11.14
19810515,11.15,11.27,11.15,11.20
19810518,11.21,11.27,11.07,11.26
19810519,11.27,11.27,11.14,11.18
19810520,11.19,11.19,11.12,11.16
19810521,11.16,11.16,10.85,10.88
19810522,10.88,10.95,10.71,10.73
19810526,10.74,10.74,10.40,10.44
19810527,10.45,10.66,10.42,10.62
19810528,10.62,10.99,10.62,10.90
19810529,10.90,10.94,10.75,10.88
19810601,10.89,11.08,10.60,10.67
19810602,10.67,10.69,10.53,10.67
19810603,10.67,10.73,10.35,10.39
19810604,10.40,10.40,10.02,10.22
19810605,10.23,10.23,9.92,10.00
19810608,10.00,10.50,10.00,10.25
19810609,10.25,10.28,10.01,10.08
19810610,10.09,10.33,10.09,10.28
19810611,10.29,10.45,10.22,10.43
19810612,10.43,10.85,10.43,10.57
19810615,10.57,10.64,10.20,10.28
19810616,10.28,10.28,10.05,10.18
19810617,10.19,10.20,10.05,10.18
19810618,10.18,10.18,10.01,10.04
19810619,10.04,10.06,9.95,10.02
19810622,10.02,10.25,10.02,10.18
19810623,10.19,10.35,10.18,10.19
19810624,10.20,10.20,9.96,9.98
19810625,9.98,10.20,9.78,9.78
19810626,9.79,9.79,9.40,9.55
19810629,9.55,9.55,9.05,9.05
19810630,9.05,9.05,8.70,8.80
19810701,8.81,8.99,8.53,8.56
19810702,8.56,8.75,8.49,8.62
19810706,8.63,8.63,8.41,8.48
19810707,8.49,8.75,8.49,8.70
19810708,8.71,8.90,8.51,8.87
19810709,8.87,9.29,8.82,9.10
19810710,9.11,9.40,9.11,9.33
19810713,9.34,9.34,8.93,8.95
19810714,8.95,9.00,8.64,8.91
19810715,8.91,9.18,8.85,8.92
19810716,8.93,9.18,8.93,9.05
19810717,9.05,9.23,9.02,9.18
19810720,9.19,9.19,8.81,8.84
19810721,8.84,8.87,8.66,8.85
19810722,8.85,8.97,8.75,8.77
19810723,8.77,8.85,8.69,8.71
19810724,8.71,8.77,8.62,8.67
19810727,8.68,8.73,8.52,8.53
19810728,8.54,8.80,8.40,8.78
19810729,8.78,8.79,8.63,8.71
19810730,8.71,8.71,8.53,8.60
19810731,8.61,8.71,8.61,8.64
19810803,8.64,8.64,8.34,8.37
19810804,8.37,8.42,8.35,8.38
19810805,8.39,8.46,8.39,8.41
19810806,8.42,8.91,8.42,8.78
19810807,8.78,8.78,8.61,8.63
19810810,8.63,8.76,8.50,8.74
19810811,8.75,9.15,8.75,9.12
19810812,9.13,9.42,9.01,9.02
19810813,9.03,9.62,9.03,9.60
19810814,9.61,9.82,9.45,9.52
19810817,9.53,9.67,9.52,9.64
19810818,9.65,9.95,9.65,9.94
19810819,9.95,10.26,9.94,10.22
19810820,10.23,10.23,9.94,10.04
19810821,10.05,10.18,10.00,10.08
19810824,10.09,10.09,9.58,9.58
19810825,9.59,9.59,9.15,9.20
19810826,9.20,9.36,9.20,9.29
19810827,9.30,9.62,9.11,9.60
19810828,9.61,9.90,9.61,9.67
19810831,9.67,9.78,9.52,9.72
19810901,9.72,9.78,9.45,9.76
19810902,9.76,10.15,9.72,10.09
19810903,10.10,10.59,10.02,10.58
19810904,10.59,10.59,10.26,10.42
19810908,10.43,10.73,10.38,10.49
19810909,10.50,10.99,10.50,10.99
19810910,10.99,11.49,10.99,11.47
19810911,11.47,11.68,11.27,11.54
19810914,11.55,11.80,11.34,11.74
19810915,11.74,11.77,11.46,11.55
19810916,11.56,11.56,11.21,11.34
19810917,11.35,11.48,10.84,10.84
19810918,10.84,10.84,10.34,10.34
19810921,10.35,11.05,10.35,10.83
19810922,10.83,10.83,10.35,10.53
19810923,10.54,10.54,10.15,10.24
19810924,10.24,10.24,9.74,9.74
19810925,9.74,9.88,9.24,9.24
19810928,9.24,9.45,8.49,9.08
19810929,9.09,9.37,9.09,9.28
19810930,9.29,9.46,9.16,9.38
19811001,9.38,9.65,9.38,9.58
19811002,9.59,9.77,9.53,9.71
19811005,9.72,9.84,9.22,9.25
19811006,9.26,9.75,9.25,9.68
19811007,9.68,9.68,9.36,9.40
19811008,9.40,9.69,9.32,9.65
19811009,9.66,9.93,9.60,9.66
19811012,9.67,9.76,9.45,9.46
19811013,9.46,9.83,9.38,9.78
19811014,9.79,10.05,9.48,9.79
19811015,9.79,9.92,9.56,9.59
19811016,9.60,9.74,9.50,9.57
19811019,9.57,9.57,9.27,9.30
19811020,9.31,9.40,9.15,9.18
19811021,9.18,9.29,9.06,9.20
19811022,9.20,9.30,9.15,9.27
19811023,9.27,9.29,9.16,9.28
19811026,9.28,9.28,9.00,9.01
19811027,9.02,9.23,9.02,9.22
19811028,9.22,9.28,9.09,9.11
19811029,9.12,9.42,9.06,9.38
19811030,9.38,9.46,9.24,9.25
19811102,9.25,9.41,9.16,9.18
19811103,9.18,9.25,9.11,9.24
19811104,9.25,9.33,9.18,9.24
19811105,9.25,9.26,9.16,9.23
19811106,9.23,9.26,9.17,9.21
19811109,9.21,9.29,8.80,8.88
19811110,8.89,8.95,8.70,8.75
19811111,8.76,8.76,8.52,8.59
19811112,8.60,8.72,8.55,8.70
19811113,8.71,8.75,8.65,8.67
19811116,8.68,8.68,8.22,8.24
19811117,8.24,8.34,8.10,8.29
19811118,8.29,8.38,8.18,8.26
19811119,8.27,8.27,8.07,8.16
19811120,8.16,8.54,8.16,8.41
19811123,8.42,8.42,8.22,8.25
19811124,8.25,8.40,8.25,8.31
19811125,8.32,8.57,8.32,8.54
19811127,8.55,8.58,8.47,8.57
19811130,8.58,8.60,8.34,8.44
19811201,8.44,8.44,8.23,8.34
19811202,8.35,8.80,8.31,8.78
19811203,8.79,8.90,8.52,8.87
19811204,8.88,9.28,8.88,9.12
19811207,9.12,9.20,8.90,9.09
19811208,9.09,9.25,8.96,9.00
19811209,9.01,9.04,8.65,8.80
19811210,8.80,8.80,8.57,8.62
19811211,8.62,8.82,8.62,8.73
19811214,8.74,9.03,8.74,8.94
19811215,8.95,8.95,8.81,8.90
19811216,8.90,9.10,8.85,9.08
19811217,9.08,9.25,8.96,9.08
19811218,9.09,9.16,8.88,8.90
19811221,8.91,8.91,8.43,8.45
19811222,8.46,8.57,8.27,8.47
19811223,8.47,8.47,8.32,8.43
19811224,8.43,8.54,8.39,8.41
19811228,8.41,8.41,8.05,8.16
19811229,8.17,8.21,8.13,8.19
19811230,8.19,8.39,8.19,8.38
19811231,8.38,8.46,8.27,8.29
19820104,8.30,8.40,8.11,8.38
19820105,8.38,8.64,8.38,8.48
19820106,8.48,8.54,8.40,8.44
19820107,8.45,8.45,8.29,8.43
19820108,8.43,8.55,8.30,8.33
19820111,8.33,8.33,8.12,8.21
19820112,8.21,8.27,8.16,8.23
19820113,8.23,8.23,7.95,8.02
19820114,8.03,8.05,7.93,7.99
19820115,8.00,8.10,7.85,7.87
19820118,7.88,8.08,7.88,8.02
19820119,8.03,8.03,7.92,7.93
19820120,7.94,8.02,7.93,7.97
19820121,7.97,8.07,7.92,7.94
19820122,7.95,8.05,7.89,7.93
19820125,7.94,7.96,7.83,7.95
19820126,7.95,8.06,7.95,8.03
19820127,8.03,8.25,8.03,8.24
19820128,8.25,8.31,8.21,8.29
19820129,8.29,8.41,8.25,8.28
19820201,8.29,8.29,8.12,8.25
19820202,8.26,8.37,8.19,8.22
19820203,8.23,8.35,8.22,8.34
19820204,8.34,8.63,8.34,8.61
19820205,8.61,8.69,8.53,8.67
19820208,8.68,8.68,8.42,8.48
19820209,8.49,8.59,8.45,8.55
19820210,8.55,8.82,8.55,8.80
19820211,8.80,8.80,8.64,8.66
19820212,8.66,8.70,8.61,8.64
19820216,8.65,8.68,8.46,8.51
19820217,8.52,8.52,8.40,8.44
19820218,8.45,8.45,8.30,8.34
19820219,8.35,8.38,8.19,8.21
19820222,8.22,8.40,8.20,8.21
19820223,8.21,8.21,7.99,8.04
19820224,8.04,8.22,8.04,8.19
19820225,8.19,8.22,8.06,8.09
19820226,8.09,8.09,7.93,7.94
19820301,7.94,8.09,7.94,8.08
19820302,8.09,8.12,7.94,8.00
19820303,8.01,8.01,7.83,7.84
19820304,7.84,7.84,7.63,7.67
19820305,7.68,7.74,7.45,7.46
19820308,7.47,7.47,7.00,7.17
19820309,7.17,7.37,7.07,7.30
19820310,7.31,7.41,7.21,7.39
19820311,7.39,7.39,7.22,7.29
19820312,7.30,7.30,7.06,7.10
19820315,7.11,7.34,7.00,7.33
19820316,7.34,7.43,7.11,7.17
19820317,7.17,7.30,7.17,7.22
19820318,7.23,7.34,7.23,7.29
19820319,7.29,7.29,7.09,7.15
19820322,7.16,7.34,7.16,7.33
19820323,7.33,7.44,7.26,7.29
19820324,7.29,7.46,7.29,7.39
19820325,7.40,7.40,7.13,7.18
19820326,7.18,7.21,7.11,7.13
19820329,7.14,7.19,7.05,7.18
19820330,7.19,7.22,7.12,7.12
19820331,7.13,7.28,7.09,7.23
19820401,7.24,7.26,7.15,7.16
19820402,7.17,7.26,7.17,7.25
19820405,7.25,7.54,7.25,7.53
19820406,7.54,7.72,7.47,7.67
19820407,7.67,7.67,7.49,7.51
19820408,7.51,7.68,7.51,7.60
19820412,7.60,7.60,7.40,7.43
19820413,7.44,7.62,7.44,7.48
19820414,7.49,7.70,7.49,7.64
19820415,7.64,7.64,7.55,7.59
19820416,7.59,7.66,7.54,7.62
19820419,7.63,7.63,7.14,7.18
19820420,7.18,7.28,7.16,7.20
19820421,7.21,7.27,7.18,7.21
19820422,7.22,7.40,7.22,7.36
19820423,7.37,7.49,7.37,7.43
19820426,7.44,7.52,7.20,7.26
19820427,7.26,7.37,7.26,7.32
19820428,7.33,7.39,7.25,7.26
19820429,7.27,7.27,7.05,7.18
19820430,7.18,7.35,6.68,7.02
19820503,7.03,7.09,7.00,7.04
19820504,7.05,7.07,6.96,7.03
19820505,7.04,7.04,6.97,7.00
19820506,7.01,7.02,6.93,6.97
19820507,6.98,7.01,6.80,6.92
19820510,6.92,6.92,6.75,6.77
19820511,6.77,6.83,6.77,6.81
19820512,6.82,6.82,6.78,6.79
19820513,6.80,6.80,6.73,6.75
19820514,6.75,6.92,6.75,6.89
19820517,6.90,6.90,6.75,6.76
19820518,6.76,6.83,6.72,6.82
19820519,6.82,6.87,6.79,6.80
19820520,6.81,6.86,6.79,6.84
19820521,6.85,6.85,6.77,6.80
19820524,6.81,6.81,6.61,6.62
19820525,6.63,6.65,6.58,6.61
19820526,6.62,6.66,6.40,6.49
19820527,6.49,6.49,6.38,6.44
19820528,6.44,6.44,6.28,6.29
19820601,6.30,6.30,6.04,6.08
19820602,6.09,6.16,6.06,6.12
19820603,6.12,6.12,5.85,5.95
19820604,5.96,6.01,5.86,5.92
19820607,5.92,6.30,5.92,6.22
19820608,6.23,6.23,6.04,6.09
19820609,6.10,6.10,5.87,5.92
19820610,5.92,6.06,5.84,6.05
19820611,6.05,6.05,5.96,6.01
19820614,6.01,6.01,5.54,5.55
19820615,5.55,5.63,5.40,5.45
19820616,5.46,5.54,5.42,5.50
19820617,5.51,5.51,5.06,5.15
19820618,5.16,5.22,5.08,5.11
19820621,5.11,5.11,4.78,4.99
19820622,5.00,5.20,5.00,5.05
19820623,5.05,5.25,5.05,5.24
19820624,5.24,5.31,5.12,5.17
19820625,5.18,5.38,5.18,5.32
19820628,5.32,5.54,5.21,5.50
19820629,5.51,6.00,5.46,5.97
19820630,5.97,6.30,5.95,6.16
19820701,6.16,6.16,5.85,6.04
19820702,6.04,6.20,6.00,6.02
19820706,6.03,6.06,5.72,5.75
19820707,5.75,5.85,5.58,5.83
19820708,5.83,6.23,5.83,6.22
19820709,6.22,6.62,6.22,6.51
19820712,6.51,6.55,6.28,6.34
19820713,6.34,6.69,6.34,6.66
19820714,6.67,6.73,6.50,6.57
19820715,6.57,6.68,6.40,6.44
19820716,6.45,6.67,6.40,6.61
19820719,6.62,6.66,6.53,6.59
19820720,6.60,7.04,6.55,7.03
19820721,7.04,7.35,6.80,6.95
19820722,6.96,7.11,6.87,7.06
19820723,7.06,7.40,7.06,7.33
19820726,7.33,7.48,7.10,7.45
19820727,7.45,7.45,7.25,7.31
19820728,7.32,7.32,6.81,6.81
19820729,6.82,6.90,6.39,6.60
19820730,6.60,6.86,6.60,6.74
19820802,6.75,7.16,6.75,7.15
19820803,7.15,7.18,6.90,6.95
19820804,6.95,7.08,6.85,7.06
19820805,7.07,7.07,6.78,6.90
19820806,6.90,6.96,6.81,6.83
19820809,6.84,6.84,6.34,6.38
19820810,6.38,6.54,6.22,6.26
19820811,6.26,6.29,6.14,6.24
19820812,6.24,6.68,6.24,6.61
19820813,6.61,6.64,6.39,6.44
19820816,6.45,6.90,6.45,6.62
19820817,6.63,6.78,6.51,6.76
19820818,6.77,7.26,6.77,7.26
19820819,7.27,7.58,7.07,7.47
19820820,7.48,7.97,7.48,7.97
19820823,7.97,8.33,7.86,8.22
19820824,8.23,8.52,7.85,7.95
19820825,7.96,8.27,7.88,8.17
19820826,8.17,8.66,8.17,8.65
19820827,8.65,8.65,8.15,8.15
19820830,8.16,8.16,7.75,7.99
19820831,7.99,8.15,7.91,8.04
19820901,8.05,8.05,7.70,7.84
19820902,7.85,8.34,7.85,8.34
19820903,8.34,8.84,8.34,8.84
19820907,8.85,9.59,8.85,9.22
19820908,9.23,9.97,8.88,9.72
19820909,9.72,9.72,9.22,9.22
19820910,9.23,9.38,8.75,8.98
19820913,8.99,9.24,8.91,9.12
19820914,9.13,9.46,8.89,8.95
19820915,8.96,9.29,8.93,9.23
19820916,9.24,9.47,9.19,9.27
19820917,9.27,9.27,9.03,9.09
19820920,9.10,9.10,8.70,8.85
19820921,8.86,9.20,8.82,9.18
19820922,9.19,9.43,9.13,9.19
19820923,9.19,9.33,9.07,9.19
19820924,9.19,9.19,8.78,8.80
19820927,8.80,8.80,8.32,8.37
19820928,8.37,8.68,8.37,8.65
19820929,8.65,8.65,8.21,8.24
19820930,8.24,8.40,8.13,8.24
19821001,8.24,8.57,8.24,8.52
19821004,8.52,8.52,8.02,8.09
19821005,8.09,8.27,8.08,8.16
19821006,8.16,8.45,8.16,8.33
19821007,8.33,8.83,8.33,8.83
19821008,8.83,9.30,8.75,9.12
19821011,9.13,9.62,9.13,9.62
19821012,9.63,9.85,9.52,9.73
19821013,9.74,10.23,9.51,10.15
19821014,10.16,10.63,9.90,9.98
19821015,9.99,10.06,9.70,9.77
19821018,9.77,10.15,9.72,10.07
19821019,10.07,10.50,9.96,10.02
19821020,10.03,10.30,9.79,10.27
19821021,10.28,10.70,10.17,10.20
19821022,10.21,10.65,10.21,10.63
19821025,10.64,10.64,10.13,10.13
19821026,10.14,10.24,9.63,9.80
19821027,9.80,10.03,9.77,10.00
19821028,10.00,10.02,9.84,9.96
19821029,9.97,10.19,9.97,10.09
19821101,10.10,10.59,10.10,10.59
19821103,10.59,11.01,10.42,10.53
19821104,10.53,10.82,10.51,10.77
19821105,10.77,10.78,10.56,10.64
19821108,10.65,10.65,10.14,10.15
19821109,10.16,10.33,10.16,10.28
19821110,10.28,10.35,9.78,9.78
19821111,9.79,9.79,9.48,9.52
19821112,9.53,9.67,9.30,9.60
19821115,9.60,9.65,9.32,9.57
19821116,9.57,9.85,9.56,9.81
19821117,9.82,9.93,9.54,9.60
19821118,9.61,9.80,9.50,9.77
19821119,9.78,9.98,9.75,9.79
19821122,9.79,9.79,9.29,9.29
19821123,9.29,9.39,8.95,8.98
19821124,8.98,9.43,8.98,9.39
19821126,9.40,9.80,9.40,9.72
19821129,9.72,10.05,9.72,9.90
19821130,9.90,10.38,9.86,10.33
19821201,10.33,10.54,10.23,10.40
19821202,10.41,10.74,10.41,10.66
19821203,10.66,10.67,10.45,10.60
19821206,10.61,10.95,10.61,10.93
19821207,10.94,11.43,10.94,11.29
19821208,11.30,11.30,10.79,10.79
19821209,10.80,10.84,10.43,10.75
19821210,10.76,10.76,10.45,10.52
19821213,10.53,10.88,10.48,10.85
19821214,10.86,11.19,10.35,10.35
19821215,10.36,10.62,10.22,10.59
19821216,10.60,10.74,10.41,10.65
19821217,10.66,10.71,10.45,10.59
19821220,10.60,10.73,10.57,10.69
19821221,10.70,11.02,10.68,10.99
19821222,10.99,11.10,10.81,10.83
19821223,10.83,11.03,10.80,10.90
19821227,10.91,11.34,10.91,11.32
19821228,11.33,11.33,11.16,11.22
19821229,11.23,11.50,11.23,11.38
19821230,11.38,11.38,11.02,11.10
19830103,11.10,11.29,11.10,11.14
19830104,11.14,11.25,11.00,11.20
19830105,11.21,11.64,11.21,11.54
19830106,11.54,11.60,11.36,11.44
19830107,11.44,11.82,11.44,11.74
19830110,11.74,12.24,11.74,12.16
19830111,12.17,12.42,12.07,12.16
19830112,12.17,12.64,12.17,12.64
19830113,12.64,12.78,12.45,12.67
19830114,12.68,13.04,12.38,12.93
19830117,12.94,13.35,12.91,12.94
19830118,12.95,13.25,12.63,13.24
19830119,13.24,13.32,12.74,12.83
19830120,12.84,13.10,12.78,12.99
19830121,13.00,13.00,12.65,12.77
19830124,12.77,13.05,12.27,12.84
19830125,12.84,13.22,12.84,13.18
19830126,13.19,13.33,12.99,13.22
19830127,13.23,13.63,13.23,13.60
19830128,13.61,13.80,13.47,13.71
19830131,13.72,14.21,13.72,14.21
19830201,14.22,14.50,14.05,14.08
19830202,14.09,14.58,13.85,14.55
19830203,14.56,14.68,14.10,14.13
19830204,14.13,14.38,13.90,14.03
19830207,14.03,14.17,13.78,14.00
19830208,14.01,14.23,13.85,13.88
19830209,13.89,14.04,13.70,13.89
19830210,13.89,14.21,13.89,14.18
19830211,14.18,14.53,14.18,14.46
19830214,14.46,14.73,14.28,14.70
19830215,14.70,14.93,14.64,14.70
19830216,14.71,14.89,14.67,14.75
19830217,14.75,14.81,14.50,14.53
19830218,14.54,14.63,14.45,14.56
19830222,14.56,14.56,14.06,14.06
19830223,14.06,14.06,13.80,13.80
19830224,13.80,14.07,13.57,13.62
19830225,13.62,13.69,12.87,12.87
19830228,12.88,12.88,10.20,10.30
19830301,10.31,11.12,10.31,10.87
19830302,10.87,11.30,10.55,10.87
19830303,10.88,11.12,10.87,11.02
19830304,11.03,11.03,10.27,10.31
19830307,10.31,11.05,10.16,10.95
19830308,10.95,10.95,10.46,10.73
19830309,10.73,10.90,10.67,10.81
19830310,10.82,11.41,10.82,11.26
19830311,11.26,11.26,10.78,11.04
19830314,11.04,11.54,11.02,11.54
19830315,11.55,11.55,11.12,11.18
19830316,11.18,11.18,10.70,10.73
19830317,10.73,10.82,10.56,10.66
19830318,10.66,10.85,10.34,10.45
19830321,10.46,10.64,10.25,10.60
19830322,10.61,10.77,10.56,10.60
19830323,10.61,10.74,10.21,10.70
19830324,10.70,10.75,10.42,10.45
19830325,10.45,10.65,10.32,10.60
19830328,10.60,10.64,10.30,10.50
19830329,10.51,10.77,10.50,10.74
19830330,10.74,10.83,10.65,10.68
19830331,10.69,10.78,10.62,10.75
19830404,10.75,11.08,10.75,11.04
19830405,11.04,11.42,11.04,11.28
19830406,11.28,11.38,11.13,11.30
19830407,11.31,11.31,11.17,11.27
19830408,11.28,11.28,11.00,11.04
19830411,11.05,11.38,11.05,11.36
19830412,11.36,11.52,11.24,11.32
19830413,11.33,11.47,11.29,11.46
19830414,11.46,11.94,11.46,11.91
19830415,11.91,12.25,11.81,12.22
19830418,12.23,12.67,12.23,12.65
19830419,12.66,12.66,12.15,12.15
19830420,12.16,12.38,11.75,12.30
19830421,12.31,12.45,11.90,12.00
19830422,12.01,12.43,12.01,12.35
19830425,12.36,12.65,12.36,12.50
19830426,12.51,12.55,12.34,12.53
19830427,12.53,12.57,12.03,12.13
19830428,12.13,12.25,11.98,12.17
19830429,12.18,12.31,11.98,12.24
19830502,12.24,12.34,12.14,12.24
19830503,12.24,12.58,12.24,12.55
19830504,12.56,12.77,12.47,12.75
19830505,12.76,12.82,12.61,12.63
19830506,12.63,12.95,12.56,12.87
19830509,12.88,13.08,12.73,13.05
19830510,13.05,13.55,13.04,13.30
19830511,13.30,13.45,13.18,13.31
19830512,13.31,13.31,12.96,13.12
19830513,13.12,13.33,13.10,13.31
19830516,13.31,13.31,13.02,13.19
19830517,13.19,13.68,13.14,13.64
19830518,13.65,13.88,13.54,13.57
19830519,13.57,13.78,13.24,13.35
19830520,13.35,13.49,13.15,13.23
19830523,13.23,13.45,12.78,13.37
19830524,13.37,13.50,13.23,13.31
19830525,13.31,13.64,13.31,13.53
19830526,13.53,13.68,13.47,13.52
19830527,13.53,13.63,13.38,13.60
19830531,13.61,13.76,13.10,13.10
19830601,13.11,13.11,12.60,12.60
19830602,12.60,12.60,11.92,12.05
19830603,12.05,12.24,11.96,12.02
19830606,12.03,12.03,11.52,11.52
19830607,11.52,11.52,11.02,11.18
19830608,11.19,11.28,11.08,11.18
19830609,11.19,11.68,11.19,11.68
19830610,11.68,11.80,11.34,11.52
19830613,11.52,11.95,11.52,11.92
19830614,11.93,11.95,11.60,11.69
19830615,11.69,11.69,11.45,11.49
19830616,11.50,11.88,11.50,11.82
19830617,11.83,11.88,11.60,11.72
19830620,11.73,12.05,11.66,11.88
19830621,11.88,12.04,11.72,12.02
19830622,12.02,12.36,12.02,12.21
19830623,12.21,12.29,12.12,12.27
19830624,12.28,12.37,12.20,12.27
19830627,12.28,12.28,11.77,11.77
19830628,11.78,12.04,11.55,11.58
19830629,11.58,11.83,11.58,11.80
19830630,11.81,11.86,11.60,11.76
19830701,11.77,11.95,11.76,11.95
19830705,11.96,11.96,11.45,11.63
19830706,11.63,11.79,11.54,11.77
19830707,11.78,12.27,11.50,12.27
19830708,12.27,12.37,12.12,12.23
19830711,12.23,12.73,12.23,12.50
19830712,12.51,12.59,12.38,12.47
19830713,12.47,12.57,12.35,12.38
19830714,12.39,12.55,11.95,12.05
19830715,12.06,12.55,11.91,12.01
19830718,12.02,12.35,12.02,12.33
19830719,12.34,12.40,12.22,12.30
19830720,12.31,12.69,12.31,12.62
19830721,12.63,12.79,12.31,12.42
19830722,12.43,12.57,12.37,12.44
19830725,12.45,12.66,12.20,12.58
19830726,12.59,12.65,12.45,12.58
19830727,12.59,12.71,12.37,12.40
19830728,12.40,12.48,12.26,12.34
19830729,12.35,12.35,11.84,11.91
19830801,11.91,11.99,11.56,11.89
19830802,11.89,12.06,11.87,12.03
19830803,12.04,12.18,11.82,12.12
19830804,12.12,12.12,11.75,11.77
19830805,11.77,11.85,11.57,11.80
19830808,11.80,11.80,11.47,11.69
19830809,11.70,11.85,11.58,11.61
19830810,11.62,11.92,11.45,11.78
19830811,11.79,11.88,11.68,11.77
19830812,11.77,11.99,11.77,11.93
19830815,11.94,12.43,11.94,12.43
19830816,12.44,12.66,12.25,12.37
19830817,12.37,12.67,12.37,12.57
19830818,12.58,12.58,12.34,12.39
19830819,12.39,12.39,12.10,12.22
19830822,12.22,13.05,12.22,13.05
19830823,13.05,13.25,12.97,13.04
19830824,13.04,13.09,12.85,12.90
19830825,12.91,13.05,12.40,12.45
19830826,12.46,12.59,12.33,12.58
19830829,12.59,12.63,12.41,12.54
19830830,12.54,12.66,12.46,12.48
19830831,12.48,12.54,12.25,12.41
19830901,12.41,12.59,12.39,12.42
19830902,12.43,12.56,12.43,12.53
19830906,12.53,12.74,12.43,12.46
19830907,12.46,12.53,12.34,12.46
19830908,12.46,12.51,12.43,12.49
19830909,12.50,12.55,12.44,12.45
19830912,12.46,12.63,12.02,12.09
19830913,12.09,12.14,11.92,12.02
19830914,12.03,12.07,11.80,12.01
19830915,12.02,12.02,11.86,11.91
19830916,11.91,12.16,11.91,12.15
19830919,12.15,12.30,12.09,12.22
19830920,12.22,12.22,12.07,12.10
19830921,12.11,12.18,11.97,12.07
19830922,12.07,12.16,11.87,12.07
19830923,12.08,12.38,12.08,12.32
19830926,12.32,12.32,12.16,12.21
19830927,12.22,12.22,12.05,12.11
19830928,12.12,12.15,11.98,12.01
19830929,12.02,12.02,11.51,11.51
19830930,11.51,11.56,11.01,11.07
19831003,11.08,11.08,10.35,10.39
19831004,10.39,10.60,10.15,10.26
19831005,10.27,10.53,9.92,10.50
19831006,10.50,10.60,10.26,10.42
19831007,10.43,10.68,10.43,10.58
19831010,10.59,10.78,10.48,10.77
19831011,10.78,10.78,10.45,10.53
19831012,10.53,10.53,10.25,10.34
19831013,10.34,10.50,10.32,10.49
19831014,10.50,10.60,10.42,10.51
19831017,10.52,10.52,10.03,10.30
19831018,10.31,10.38,10.15,10.18
19831019,10.18,10.18,9.68,9.68
19831020,9.68,9.75,9.31,9.62
19831021,9.62,9.70,9.54,9.60
19831024,9.60,9.77,9.52,9.73
19831025,9.73,9.82,9.64,9.68
19831026,9.68,9.68,9.18,9.18
19831027,9.18,9.18,8.68,8.87
19831028,8.87,9.16,8.87,9.13
19831031,9.14,9.14,8.63,8.63
19831101,8.64,8.78,8.48,8.73
19831102,8.74,8.93,8.74,8.88
19831103,8.88,8.98,8.42,8.93
19831104,8.93,9.18,8.79,9.00
19831107,9.01,9.12,8.81,9.07
19831108,9.07,9.16,9.03,9.05
19831109,9.05,9.20,8.95,8.97
19831110,8.98,9.06,8.88,8.93
19831111,8.94,9.04,8.88,9.02
19831114,9.03,9.12,8.91,9.09
19831115,9.09,9.15,9.04,9.10
19831116,9.10,9.15,8.60,8.60
19831117,8.61,8.75,8.32,8.69
19831118,8.70,8.70,8.46,8.55
19831121,8.56,8.68,8.37,8.66
19831122,8.67,8.72,8.55,8.57
19831123,8.57,8.61,8.51,8.53
19831125,8.53,8.60,8.53,8.60
19831128,8.61,9.32,8.61,9.32
19831129,9.32,9.67,9.23,9.66
19831130,9.66,10.08,9.66,9.85
19831201,9.86,9.92,9.63,9.90
19831202,9.91,9.94,9.66,9.75
19831205,9.76,9.85,9.60,9.79
19831206,9.80,9.87,9.69,9.81
19831207,9.81,10.20,9.71,10.16
19831208,10.16,10.28,9.66,9.66
19831209,9.67,9.69,9.42,9.58
19831212,9.58,9.72,9.49,9.54
19831213,9.54,9.60,9.45,9.59
19831214,9.59,9.60,9.46,9.50
19831215,9.51,9.57,9.00,9.00
19831216,9.01,9.05,8.60,8.77
19831219,8.78,8.96,8.74,8.77
19831220,8.78,8.99,8.76,8.89
19831221,8.89,8.96,8.84,8.87
19831222,8.88,9.18,8.80,9.15
19831223,9.15,9.15,8.83,8.92
19831227,8.92,9.09,8.85,8.95
19831228,8.96,9.03,8.88,8.97
19831229,8.97,9.18,8.97,9.07
19831230,9.08,9.20,9.04,9.15
19840103,9.16,9.16,8.67,8.73
19840104,8.74,8.74,8.45,8.64
19840105,8.65,8.73,8.57,8.66
19840106,8.66,8.66,8.16,8.16
19840109,8.17,8.17,7.83,7.94
19840110,7.95,8.23,7.95,8.10
19840111,8.11,8.17,7.95,8.15
19840112,8.16,8.33,8.05,8.19
19840113,8.19,8.38,8.19,8.31
19840116,8.31,8.31,8.00,8.16
19840117,8.16,8.18,7.97,8.14
19840118,8.15,8.20,8.05,8.12
19840119,8.13,8.47,8.13,8.42
19840120,8.43,8.43,8.21,8.33
19840123,8.33,8.41,8.08,8.12
19840124,8.12,8.16,7.95,8.15
19840125,8.16,8.20,8.12,8.16
19840126,8.16,8.22,7.88,8.15
19840127,8.16,8.48,8.12,8.38
19840130,8.38,8.43,8.29,8.42
19840131,8.42,8.69,8.42,8.66
19840201,8.66,8.88,8.66,8.86
19840202,8.86,9.04,8.81,9.02
19840203,9.03,9.03,8.84,9.00
19840206,9.01,9.01,8.75,8.81
19840207,8.82,8.88,8.71,8.84
19840208,8.84,9.25,8.84,9.02
19840209,9.02,9.08,8.58,8.79
19840210,8.79,8.85,8.69,8.79
19840213,8.79,8.79,8.69,8.74
19840214,8.74,9.24,8.64,9.13
19840215,9.14,9.33,9.08,9.12
19840216,9.13,9.23,9.07,9.10
19840217,9.10,9.20,9.06,9.18
19840221,9.19,9.35,9.11,9.27
19840222,9.27,9.74,9.27,9.73
19840223,9.74,9.82,9.57,9.78
19840224,9.78,9.78,9.58,9.62
19840227,9.62,10.10,9.62,10.06
19840228,10.06,10.06,9.76,9.80
19840229,9.80,9.88,9.69,9.81
19840301,9.82,9.86,9.63,9.81
19840302,9.81,10.08,9.81,10.05
19840305,10.06,10.32,10.06,10.21
19840306,10.22,10.22,10.11,10.14
19840307,10.14,10.14,9.87,9.90
19840308,9.90,10.14,9.72,10.12
19840309,10.13,10.18,9.95,10.03
19840312,10.03,10.03,9.65,9.82
19840313,9.83,9.99,9.78,9.88
19840314,9.88,10.00,9.55,9.61
19840315,9.62,9.69,9.50,9.62
19840316,9.62,9.66,9.52,9.60
19840319,9.61,9.74,9.53,9.70
19840320,9.70,9.75,9.62,9.74
19840321,9.75,9.78,9.63,9.72
19840322,9.73,9.73,9.38,9.42
19840323,9.42,9.50,9.33,9.45
19840326,9.46,9.62,9.43,9.61
19840327,9.62,9.69,9.55,9.61
19840328,9.61,9.91,9.52,9.89
19840329,9.89,9.95,9.83,9.84
19840330,9.84,9.92,9.76,9.90
19840402,9.91,9.91,9.40,9.40
19840403,9.41,9.47,9.28,9.43
19840404,9.43,9.49,9.38,9.44
19840405,9.44,9.44,9.06,9.16
19840406,9.17,9.26,9.14,9.23
19840409,9.23,9.35,9.23,9.31
19840410,9.32,9.41,9.22,9.33
19840411,9.34,9.45,9.28,9.31
19840412,9.31,9.31,9.06,9.18
19840413,9.19,9.31,9.12,9.29
19840416,9.30,9.30,9.11,9.21
19840417,9.21,9.28,9.19,9.27
19840418,9.27,9.70,9.10,9.44
19840419,9.45,9.45,9.28,9.34
19840423,9.35,9.53,9.35,9.46
19840424,9.46,9.46,9.25,9.27
19840425,9.27,9.34,9.18,9.29
19840426,9.30,9.38,9.19,9.24
19840427,9.24,9.31,9.21,9.23
19840430,9.23,9.23,9.02,9.11
19840501,9.11,9.22,9.10,9.16
19840502,9.17,9.27,9.12,9.22
19840503,9.22,9.34,9.18,9.19
19840504,9.20,9.22,8.95,9.00
19840507,9.01,9.01,8.68,8.75
19840508,8.76,8.86,8.69,8.82
19840509,8.83,8.88,8.68,8.75
19840510,8.75,8.94,8.75,8.91
19840511,8.91,8.94,8.68,8.86
19840514,8.87,8.98,8.87,8.96
19840515,8.96,9.05,8.85,9.01
19840516,9.02,9.21,9.02,9.19
19840517,9.19,9.28,8.97,9.03
19840518,9.03,9.25,9.03,9.23
19840521,9.23,9.37,9.18,9.20
19840522,9.20,9.27,9.16,9.21
19840523,9.21,9.24,9.05,9.07
19840524,9.07,9.31,8.96,9.16
19840525,9.16,9.46,9.16,9.43
19840529,9.43,9.43,9.21,9.23
19840530,9.24,9.34,9.20,9.25
19840531,9.26,9.42,9.20,9.34
19840601,9.35,9.62,9.34,9.36
19840604,9.37,9.49,9.32,9.47
19840605,9.48,9.51,9.39,9.46
19840606,9.46,9.46,9.30,9.34
19840607,9.34,9.35,9.21,9.25
19840608,9.25,9.25,9.05,9.08
19840611,9.08,9.08,8.65,8.68
19840612,8.68,8.78,8.55,8.73
19840613,8.74,8.78,8.59,8.66
19840614,8.67,8.75,8.61,8.62
19840615,8.63,8.63,8.46,8.55
19840618,8.56,8.65,8.47,8.63
19840619,8.64,8.70,8.58,8.60
19840620,8.61,8.61,8.46,8.53
19840621,8.53,8.68,8.48,8.63
19840622,8.64,8.72,8.61,8.63
19840625,8.64,8.64,8.29,8.35
19840626,8.35,8.40,8.34,8.39
19840627,8.40,8.63,8.40,8.46
19840628,8.47,8.60,8.47,8.58
19840629,8.58,8.61,8.54,8.55
19840702,8.56,8.56,8.43,8.45
19840703,8.46,8.46,8.22,8.30
19840705,8.31,8.31,7.82,7.83
19840706,7.84,7.87,7.52,7.64
19840709,7.65,7.79,7.37,7.78
19840710,7.78,7.79,7.54,7.58
19840711,7.59,7.59,7.29,7.46
19840712,7.47,7.53,7.38,7.41
19840713,7.42,7.72,7.42,7.56
19840716,7.57,7.70,7.57,7.60
19840717,7.61,7.61,7.48,7.49
19840718,7.50,7.72,7.45,7.70
19840719,7.71,7.76,7.53,7.55
19840720,7.55,7.55,7.34,7.42
19840723,7.43,7.43,7.17,7.25
19840724,7.26,7.33,7.20,7.21
19840725,7.22,7.38,7.22,7.32
19840726,7.33,7.34,7.01,7.01
19840727,7.02,7.15,6.85,7.13
19840730,7.13,7.21,6.99,7.17
19840731,7.17,7.25,7.02,7.08
19840801,7.09,7.56,6.99,7.50
19840802,7.51,7.75,7.43,7.52
19840803,7.53,7.80,7.53,7.76
19840806,7.77,7.78,7.58,7.63
19840807,7.64,7.64,7.40,7.55
19840808,7.56,7.67,7.53,7.58
19840809,7.58,7.92,7.55,7.89
19840810,7.89,7.98,7.66,7.68
19840813,7.68,7.96,7.61,7.91
19840814,7.92,8.16,7.91,8.06
19840815,8.06,8.12,7.89,8.03
19840816,8.04,8.04,7.88,7.90
19840817,7.90,7.99,7.84,7.86
19840820,7.86,7.86,7.47,7.49
19840821,7.49,7.56,7.38,7.46
19840822,7.46,7.78,7.46,7.71
19840823,7.72,7.84,7.55,7.62
19840824,7.63,7.75,7.57,7.72
19840827,7.72,7.72,7.53,7.63
19840828,7.63,7.95,7.63,7.83
19840829,7.84,7.91,7.82,7.83
19840830,7.83,7.83,7.63,7.69
19840831,7.69,7.69,7.65,7.66
19840904,7.66,7.66,7.29,7.32
19840905,7.33,7.42,7.30,7.38
19840906,7.38,7.54,7.37,7.49
19840907,7.49,7.49,7.23,7.28
19840910,7.29,7.44,7.28,7.40
19840911,7.40,7.49,7.32,7.37
19840912,7.37,7.42,7.33,7.36
19840913,7.37,7.37,7.20,7.28
19840914,7.29,7.51,7.29,7.36
19840917,7.37,7.37,7.12,7.18
19840918,7.19,7.32,7.13,7.26
19840919,7.27,7.32,7.23,7.28
19840920,7.29,7.50,7.21,7.41
19840921,7.42,7.82,7.38,7.80
19840924,7.80,7.90,7.72,7.77
19840925,7.77,7.82,7.68,7.77
19840926,7.77,7.87,7.55,7.59
19840927,7.59,7.71,7.56,7.64
19840928,7.65,7.67,7.54,7.62
19841001,7.63,7.73,7.62,7.67
19841002,7.67,7.78,7.66,7.75
19841003,7.75,7.87,7.66,7.71
19841004,7.72,7.76,7.70,7.74
19841005,7.74,7.74,7.39,7.40
19841008,7.40,7.44,7.37,7.42
19841009,7.42,7.42,7.18,7.24
19841010,7.24,7.30,7.19,7.27
19841011,7.28,7.31,7.18,7.20
19841012,7.20,7.46,7.20,7.43
19841015,7.44,7.49,7.26,7.41
19841016,7.42,7.42,7.30,7.34
19841017,7.34,7.43,7.22,7.23
19841018,7.24,7.40,7.12,7.39
19841019,7.40,7.46,7.28,7.30
19841022,7.31,7.36,7.26,7.30
19841023,7.31,7.45,7.31,7.42
19841024,7.43,7.46,7.36,7.38
19841025,7.39,7.65,7.30,7.35
19841026,7.36,7.39,7.32,7.37
19841029,7.37,7.37,7.22,7.23
19841030,7.23,7.31,7.22,7.23
19841031,7.23,7.29,7.18,7.28
19841101,7.28,7.45,7.25,7.42
19841102,7.43,7.62,7.43,7.57
19841105,7.58,7.74,7.56,7.73
19841106,7.74,7.74,7.60,7.62
19841107,7.63,7.86,7.61,7.85
19841108,7.85,7.85,7.70,7.78
19841109,7.78,7.81,7.66,7.69
19841112,7.69,7.78,7.69,7.76
19841113,7.77,7.90,7.64,7.66
19841114,7.67,7.72,7.62,7.70
19841115,7.70,7.70,7.58,7.62
19841116,7.63,7.68,7.61,7.62
19841119,7.62,7.62,7.51,7.54
19841120,7.55,7.57,7.48,7.55
19841121,7.56,7.63,7.46,7.59
19841123,7.60,7.60,7.53,7.55
19841126,7.56,7.56,7.35,7.36
19841127,7.36,7.39,7.07,7.12
19841128,7.12,7.35,7.12,7.24
19841129,7.25,7.32,7.25,7.28
19841130,7.28,7.28,7.13,7.17
19841203,7.18,7.27,7.15,7.25
19841204,7.26,7.33,7.20,7.22
19841205,7.22,7.25,7.18,7.22
19841206,7.23,7.26,7.12,7.19
19841207,7.19,7.19,7.01,7.03
19841210,7.04,7.05,6.91,6.92
19841211,6.92,6.99,6.87,6.88
19841212,6.88,7.01,6.87,6.96
19841213,6.96,6.96,6.86,6.87
19841214,6.88,6.93,6.80,6.83
19841217,6.84,6.84,6.51,6.53
19841218,6.53,6.55,6.39,6.40
19841219,6.41,6.50,6.37,6.39
19841220,6.40,6.48,6.34,6.42
19841221,6.42,6.60,6.42,6.55
19841226,6.57,6.67,6.57,6.67
19841227,6.67,6.67,6.40,6.44
19841228,6.45,6.49,6.45,6.47
19841231,6.47,6.47,6.37,6.38
19850102,6.39,6.39,6.18,6.18
19850103,6.19,6.20,6.12,6.14
19850104,6.15,6.20,5.92,5.93
19850107,5.94,6.14,5.86,6.12
19850108,6.12,6.15,5.92,5.93
19850109,5.94,6.24,5.92,6.22
19850110,6.23,6.24,6.12,6.15
19850111,6.15,6.24,6.02,6.03
19850114,6.03,6.14,5.94,6.08
19850115,6.08,6.12,6.02,6.08
19850116,6.08,6.18,6.08,6.17
19850117,6.17,6.37,6.17,6.34
19850118,6.35,6.39,6.27,6.33
19850121,6.33,6.36,6.28,6.33
19850122,6.34,6.34,6.13,6.16
19850123,6.16,6.16,5.96,6.04
19850124,6.04,6.12,6.02,6.04
19850125,6.05,6.05,5.98,6.04
19850128,6.04,6.36,5.97,6.34
19850129,6.35,6.38,6.13,6.20
19850130,6.20,6.37,6.20,6.33
19850131,6.33,6.52,6.33,6.39
19850201,6.39,6.39,6.24,6.26
19850204,6.27,6.27,6.14,6.20
19850205,6.20,6.24,6.17,6.21
19850206,6.22,6.27,6.19,6.24
19850207,6.24,6.24,6.09,6.16
19850208,6.17,6.18,6.08,6.16
19850211,6.16,6.34,6.09,6.31
19850212,6.32,6.32,6.21,6.23
19850213,6.24,6.37,6.24,6.29
19850214,6.30,6.38,6.22,6.25
19850215,6.26,6.36,6.26,6.30
19850219,6.31,6.31,6.16,6.29
19850220,6.30,6.30,6.22,6.26
19850221,6.26,6.26,6.05,6.07
19850222,6.08,6.09,5.88,5.92
19850225,5.92,5.92,5.49,5.54
19850226,5.55,5.71,5.55,5.68
19850227,5.68,5.88,5.68,5.73
19850228,5.73,5.80,5.68,5.70
19850301,5.70,5.82,5.67,5.79
19850304,5.80,5.85,5.71,5.84
19850305,5.85,5.85,5.68,5.74
19850306,5.75,5.88,5.68,5.80
19850307,5.80,5.80,5.71,5.78
19850308,5.78,5.83,5.63,5.66
19850311,5.66,5.75,5.53,5.58
19850312,5.59,5.68,5.54,5.67
19850313,5.67,5.88,5.59,5.75
19850314,5.75,5.79,5.70,5.74
19850315,5.74,5.80,5.71,5.75
19850318,5.75,6.04,5.75,6.03
19850319,6.03,6.53,6.03,6.53
19850320,6.53,6.90,6.27,6.32
19850321,6.32,6.51,6.22,6.37
19850322,6.37,6.44,6.30,6.38
19850325,6.38,6.38,6.30,6.34
19850326,6.35,6.54,6.35,6.51
19850327,6.52,6.79,6.52,6.65
19850328,6.66,6.70,6.55,6.62
19850329,6.62,6.78,6.62,6.72
19850401,6.73,6.73,6.45,6.47
19850402,6.48,6.61,6.43,6.60
19850403,6.61,6.61,6.42,6.47
19850404,6.48,6.63,6.39,6.59
19850408,6.59,6.75,6.47,6.74
19850409,6.74,6.79,6.60,6.65
19850410,6.65,6.78,6.61,6.63
19850411,6.63,6.83,6.63,6.71
19850412,6.71,6.74,6.65,6.66
19850415,6.66,6.79,6.57,6.59
19850416,6.60,6.64,6.44,6.51
19850417,6.52,6.57,6.46,6.47
19850418,6.49,6.60,6.38,6.44
19850419,6.45,6.48,6.42,6.46
19850422,6.47,6.49,6.36,6.38
19850423,6.39,6.39,6.16,6.20
19850424,6.20,6.32,6.20,6.28
19850425,6.29,6.38,6.27,6.37
19850426,6.37,6.41,6.30,6.39
19850429,6.40,6.46,6.33,6.44
19850430,6.45,6.45,6.22,6.24
19850501,6.25,6.30,6.16,6.25
19850502,6.25,6.35,6.19,6.32
19850503,6.33,6.34,6.21,6.24
19850506,6.24,6.28,6.15,6.19
19850507,6.19,6.41,6.19,6.39
19850508,6.39,6.40,6.32,6.36
19850509,6.36,6.48,6.36,6.39
19850510,6.40,6.44,6.36,6.42
19850513,6.42,6.68,6.40,6.67
19850514,6.68,6.78,6.59,6.64
19850515,6.64,6.67,6.57,6.61
19850516,6.61,6.61,6.51,6.54
19850517,6.54,6.60,6.51,6.55
19850520,6.55,6.65,6.13,6.14
19850521,6.15,6.29,6.15,6.26
19850522,6.27,6.29,6.19,6.20
19850523,6.21,6.23,6.14,6.18
19850524,6.19,6.21,6.13,6.20
19850528,6.21,6.21,5.99,6.03
19850529,6.03,6.27,6.03,6.22
19850530,6.22,6.22,6.12,6.17
19850531,6.17,6.30,6.16,6.19
19850603,6.20,6.29,5.96,6.19
19850604,6.20,6.20,6.11,6.13
19850605,6.14,6.18,6.10,6.14
19850606,6.15,6.22,6.12,6.21
19850607,6.21,6.25,6.12,6.16
19850610,6.17,6.19,6.09,6.17
19850611,6.18,6.24,6.17,6.18
19850612,6.18,6.28,6.18,6.21
19850613,6.21,6.21,6.15,6.19
19850614,6.20,6.32,6.20,6.27
19850617,6.27,6.34,6.25,6.25
19850618,6.26,6.54,6.26,6.50
19850619,6.50,6.50,6.31,6.33
19850620,6.33,6.33,6.10,6.12
19850621,6.12,6.17,6.08,6.13
19850624,6.14,6.18,6.12,6.14
19850625,6.14,6.19,6.08,6.16
19850626,6.16,6.28,6.16,6.22
19850627,6.23,6.29,6.18,6.22
19850628,6.22,6.26,6.18,6.19
19850701,6.20,6.20,6.00,6.00
19850702,6.01,6.03,5.88,5.97
19850703,5.98,6.01,5.96,6.00
19850708,6.00,6.14,5.93,6.09
19850709,6.10,6.18,6.03,6.10
19850710,6.11,6.16,6.11,6.14
19850711,6.14,6.17,6.03,6.07
19850712,6.07,6.17,6.07,6.16
19850715,6.16,6.24,6.08,6.18
19850716,6.19,6.31,6.16,6.25
19850717,6.26,6.38,6.25,6.29
19850718,6.29,6.31,6.16,6.17
19850719,6.18,6.23,6.14,6.17
19850722,6.18,6.21,6.12,6.20
19850723,6.21,6.26,6.14,6.15
19850724,6.15,6.15,6.09,6.12
19850725,6.13,6.17,6.10,6.14
19850726,6.15,6.34,6.10,6.32
19850729,6.32,6.48,6.24,6.31
19850730,6.32,6.37,6.27,6.32
19850731,6.32,6.42,6.28,6.33
19850801,6.34,6.34,6.19,6.22
19850802,6.23,6.27,6.19,6.24
19850805,6.24,6.28,6.16,6.20
19850806,6.21,6.21,6.11,6.17
19850807,6.17,6.20,6.16,6.18
19850808,6.18,6.20,6.15,6.17
19850809,6.18,6.33,6.16,6.32
19850812,6.33,6.38,6.29,6.33
19850813,6.34,6.39,6.28,6.33
19850814,6.34,6.37,6.28,6.32
19850815,6.33,6.42,6.29,6.33
19850816,6.34,6.50,6.34,6.42
19850819,6.43,6.47,6.29,6.33
19850820,6.33,6.33,6.22,6.28
19850821,6.28,6.37,6.25,6.33
19850822,6.33,6.34,6.18,6.24
19850823,6.24,6.39,6.24,6.37
19850826,6.38,6.50,6.33,6.45
19850827,6.46,6.50,6.42,6.47
19850828,6.48,6.54,6.45,6.46
19850829,6.46,6.46,6.33,6.35
19850830,6.35,6.41,6.33,6.37
19850903,6.37,6.37,6.12,6.13
19850904,6.13,6.21,6.13,6.17
19850905,6.18,6.19,6.10,6.17
19850906,6.18,6.25,6.09,6.24
19850909,6.25,6.25,6.10,6.12
19850910,6.12,6.19,6.12,6.16
19850911,6.16,6.18,6.13,6.16
19850912,6.17,6.19,6.07,6.13
19850913,6.14,6.19,6.11,6.12
19850916,6.12,6.16,6.10,6.12
19850917,6.13,6.13,6.02,6.03
19850918,6.03,6.04,5.96,6.01
19850919,6.02,6.14,6.02,6.11
19850920,6.11,6.13,6.06,6.09
19850923,6.09,6.32,6.09,6.26
19850924,6.27,6.27,6.23,6.26
19850925,6.27,6.28,6.24,6.25
19850926,6.25,6.25,6.14,6.15
19850927,6.15,6.18,6.14,6.17
19850930,6.17,6.17,6.07,6.09
19851001,6.10,6.14,6.08,6.12
19851002,6.12,6.17,6.10,6.13
19851003,6.14,6.50,6.14,6.46
19851004,6.47,6.53,6.36,6.40
19851007,6.40,6.42,6.36,6.41
19851008,6.41,6.41,6.35,6.36
19851009,6.36,6.39,6.29,6.29
19851010,6.30,6.33,6.26,6.28
19851011,6.28,6.34,6.28,6.33
19851014,6.33,6.34,6.30,6.33
19851015,6.34,6.34,6.30,6.30
19851016,6.31,6.31,6.15,6.16
19851017,6.16,6.24,6.16,6.20
19851018,6.20,6.24,6.18,6.23
19851021,6.23,6.24,6.17,6.21
19851022,6.21,6.29,6.19,6.26
19851023,6.27,6.27,6.21,6.22
19851024,6.23,6.28,6.20,6.24
19851025,6.25,6.25,6.16,6.24
19851028,6.25,6.25,6.21,6.22
19851029,6.23,6.27,6.21,6.25
19851030,6.25,6.25,6.17,6.17
19851031,6.17,6.20,6.12,6.12
19851101,6.13,6.21,6.09,6.17
19851104,6.17,6.17,6.12,6.12
19851105,6.13,6.14,6.11,6.12
19851106,6.13,6.14,6.11,6.12
19851107,6.13,6.13,6.04,6.05
19851108,6.06,6.14,6.04,6.13
19851111,6.14,6.14,6.09,6.11
19851112,6.11,6.18,6.09,6.17
19851113,6.18,6.24,6.16,6.20
19851114,6.20,6.21,6.13,6.14
19851115,6.15,6.18,6.09,6.10
19851118,6.10,6.13,6.09,6.11
19851119,6.11,6.15,6.09,6.11
19851120,6.12,6.21,6.12,6.18
19851121,6.19,6.20,6.16,6.19
19851122,6.20,6.26,6.17,6.22
19851125,6.23,6.45,6.23,6.42
19851126,6.42,6.42,6.35,6.38
19851127,6.38,6.38,6.21,6.22
19851129,6.22,6.27,6.21,6.21
19851202,6.22,6.26,6.14,6.23
19851203,6.23,6.23,6.18,6.18
19851204,6.19,6.24,6.17,6.17
19851205,6.18,6.21,6.16,6.18
19851206,6.19,6.19,6.14,6.15
19851209,6.15,6.15,5.92,5.93
19851210,5.94,5.96,5.86,5.91
19851211,5.92,5.92,5.78,5.87
19851212,5.88,5.96,5.88,5.95
19851213,5.96,6.00,5.95,5.98
19851216,5.99,6.04,5.93,6.01
19851217,6.02,6.02,5.87,5.88
19851218,5.88,5.96,5.79,5.95
19851219,5.95,6.04,5.92,5.94
19851220,5.95,6.00,5.92,5.95
19851223,5.96,6.03,5.83,5.85
19851224,5.85,5.89,5.84,5.88
19851226,5.89,5.89,5.84,5.86
19851227,5.86,6.01,5.86,5.95
19851230,5.95,5.97,5.90,5.93
19851231,5.93,5.93,5.89,5.91
19860102,5.91,6.23,5.91,6.18
19860103,6.19,6.26,6.17,6.25
19860106,6.25,6.27,6.22,6.27
19860107,6.27,6.33,6.27,6.33
19860108,6.34,6.36,6.25,6.34
19860109,6.34,6.74,6.33,6.58
19860110,6.59,6.62,6.48,6.53
19860113,6.54,6.54,6.46,6.46
19860114,6.46,6.49,6.45,6.46
19860115,6.46,6.61,6.46,6.60
19860116,6.60,6.83,6.58,6.60
19860117,6.61,6.62,6.54,6.59
19860120,6.60,6.64,6.50,6.61
19860121,6.62,6.67,6.58,6.62
19860122,6.62,6.65,6.57,6.57
19860123,6.58,6.61,6.56,6.59
19860124,6.60,6.73,6.60,6.72
19860127,6.72,6.72,6.60,6.60
19860128,6.60,6.64,6.57,6.58
19860129,6.58,6.61,6.58,6.61
19860130,6.61,6.66,6.51,6.51
19860131,6.52,6.52,6.44,6.44
19860203,6.45,6.45,6.29,6.31
19860204,6.32,6.32,6.17,6.23
19860205,6.24,6.30,6.24,6.29
19860206,6.29,6.30,6.20,6.24
19860207,6.25,6.32,6.25,6.31
19860210,6.32,6.36,6.29,6.29
19860211,6.30,6.33,6.23,6.33
19860212,6.33,6.33,6.28,6.30
19860213,6.30,6.30,6.24,6.25
19860214,6.25,6.30,6.19,6.29
19860218,6.29,6.31,6.21,6.25
19860219,6.26,6.38,6.24,6.27
19860220,6.28,6.28,6.02,6.05
19860221,6.06,6.28,6.06,6.27
19860224,6.28,6.28,6.04,6.14
19860225,6.15,6.25,6.03,6.05
19860226,6.06,6.07,5.74,5.78
19860227,5.78,5.86,5.75,5.77
19860228,5.78,5.82,5.74,5.78
19860303,5.79,5.79,5.62,5.74
19860304,5.75,5.79,5.67,5.78
19860305,5.78,5.81,5.69,5.73
19860306,5.74,5.76,5.71,5.74
19860307,5.74,5.78,5.71,5.74
19860310,5.74,5.75,5.68,5.73
19860311,5.74,5.81,5.74,5.80
19860312,5.81,5.97,5.79,5.95
19860313,5.95,5.95,5.80,5.82
19860314,5.83,5.85,5.78,5.80
19860317,5.81,5.94,5.81,5.90
19860318,5.90,5.92,5.82,5.83
19860319,5.84,5.86,5.77,5.84
19860320,5.85,5.91,5.83,5.89
19860321,5.89,5.93,5.84,5.87
19860324,5.88,5.88,5.76,5.80
19860325,5.80,5.85,5.65,5.67
19860326,5.68,5.72,5.67,5.71
19860327,5.71,5.72,5.62,5.63
19860331,5.64,5.64,5.21,5.23
19860401,5.24,5.31,5.06,5.13
19860402,5.14,5.28,5.14,5.24
19860403,5.24,5.24,5.19,5.22
19860404,5.22,5.29,5.19,5.29
19860407,5.29,5.43,5.29,5.43
19860408,5.43,5.50,5.27,5.46
19860409,5.47,5.48,5.37,5.45
19860410,5.46,5.50,5.39,5.47
19860411,5.48,5.64,5.48,5.62
19860414,5.63,5.63,5.38,5.48
19860415,5.49,5.52,5.43,5.48
19860416,5.49,5.52,5.38,5.51
19860417,5.51,5.51,5.25,5.35
19860418,5.36,5.36,5.17,5.19
19860421,5.20,5.23,5.10,5.10
19860422,5.11,5.25,5.11,5.22
19860423,5.22,5.25,5.18,5.23
19860424,5.24,5.24,5.14,5.17
19860425,5.17,5.23,5.14,5.15
19860428,5.16,5.17,5.06,5.09
19860429,5.09,5.24,5.07,5.12
19860430,5.13,5.21,5.13,5.19
19860501,5.20,5.24,5.12,5.16
19860502,5.17,5.30,5.17,5.28
19860505,5.28,5.28,5.20,5.22
19860506,5.23,5.25,5.17,5.25
19860507,5.25,5.34,5.22,5.24
19860508,5.25,5.33,5.24,5.27
19860509,5.28,5.33,5.25,5.26
19860512,5.27,5.30,5.18,5.21
19860513,5.21,5.21,5.09,5.13
19860514,5.14,5.17,5.07,5.08
19860515,5.08,5.12,5.07,5.11
19860516,5.12,5.14,5.09,5.11
19860519,5.11,5.11,4.88,4.89
19860520,4.90,5.00,4.87,4.99
19860521,4.99,5.00,4.95,4.97
19860522,4.98,5.10,4.97,5.08
19860523,5.08,5.25,5.04,5.18
19860527,5.19,5.22,5.11,5.17
19860528,5.17,5.19,5.12,5.12
19860529,5.13,5.25,5.12,5.24
19860530,5.24,5.32,5.22,5.27
19860602,5.27,5.27,5.15,5.17
19860603,5.17,5.20,5.12,5.17
19860604,5.18,5.24,5.11,5.18
19860605,5.19,5.21,5.15,5.18
19860606,5.19,5.21,5.17,5.19
19860609,5.19,5.42,5.16,5.40
19860610,5.41,5.44,5.34,5.37
19860611,5.38,5.49,5.33,5.39
19860612,5.39,5.46,5.26,5.32
19860613,5.32,5.33,5.26,5.28
19860616,5.28,5.28,5.05,5.07
19860617,5.07,5.09,5.04,5.08
19860618,5.08,5.13,5.08,5.08
19860619,5.08,5.12,5.04,5.08
19860620,5.08,5.16,5.08,5.11
19860623,5.12,5.13,5.04,5.07
19860624,5.07,5.12,5.03,5.09
19860625,5.10,5.14,5.09,5.11
19860626,5.11,5.15,5.10,5.11
19860627,5.12,5.12,5.02,5.03
19860630,5.03,5.23,5.03,5.17
19860701,5.17,5.17,5.12,5.16
19860702,5.16,5.18,5.08,5.12
19860707,5.13,5.14,5.10,5.12
19860708,5.12,5.21,5.12,5.18
19860709,5.18,5.19,5.09,5.14
19860710,5.15,5.15,5.10,5.12
19860711,5.12,5.12,5.10,5.11
19860714,5.11,5.11,5.05,5.07
19860715,5.07,5.17,5.07,5.11
19860716,5.12,5.15,5.06,5.08
19860717,5.08,5.11,5.05,5.09
19860718,5.10,5.14,5.07,5.11
19860721,5.11,5.11,5.00,5.08
19860722,5.08,5.08,5.02,5.04
19860723,5.04,5.09,4.98,5.08
19860724,5.08,5.11,5.04,5.04
19860725,5.05,5.08,5.01,5.03
19860728,5.04,5.08,5.03,5.07
19860729,5.08,5.08,5.03,5.04
19860730,5.05,5.05,5.00,5.02
19860731,5.02,5.16,5.02,5.13
19860801,5.13,5.25,5.10,5.24
19860804,5.25,5.25,5.17,5.21
19860805,5.22,5.27,5.16,5.22
19860806,5.22,5.27,5.19,5.20
19860807,5.20,5.25,5.20,5.22
19860808,5.23,5.36,5.23,5.33
19860811,5.34,5.68,5.34,5.59
19860812,5.59,5.59,5.37,5.42
19860813,5.42,5.49,5.28,5.30
19860814,5.32,5.47,5.32,5.43
19860815,5.44,5.45,5.36,5.37
19860818,5.38,5.38,5.10,5.12
19860819,5.12,5.25,5.12,5.21
19860820,5.21,5.28,5.21,5.26
19860821,5.26,5.32,5.22,5.29
19860822,5.29,5.33,5.15,5.17
19860825,5.17,5.22,5.15,5.21
19860826,5.21,5.25,5.17,5.20
19860827,5.21,5.24,5.15,5.22
19860828,5.23,5.29,5.20,5.22
19860829,5.23,5.27,5.19,5.23
19860902,5.24,5.52,5.24,5.50
19860903,5.51,5.53,5.39,5.41
19860904,5.41,5.57,5.34,5.43
19860905,5.44,5.69,5.44,5.67
19860908,5.68,5.94,5.54,5.75
19860909,5.75,5.84,5.69,5.77
19860910,5.78,5.96,5.53,5.67
19860911,5.67,5.80,5.57,5.78
19860912,5.78,5.96,5.78,5.89
19860915,5.90,5.98,5.82,5.95
19860916,5.95,5.98,5.82,5.86
19860917,5.86,5.88,5.72,5.83
19860918,5.83,5.92,5.77,5.82
19860919,5.83,6.12,5.83,6.07
19860922,6.07,6.10,5.98,6.05
19860923,6.07,6.08,5.96,6.00
19860924,6.00,6.03,5.96,5.98
19860925,5.98,5.98,5.82,5.83
19860926,5.83,5.83,5.62,5.64
19860929,5.64,5.71,5.51,5.55
19860930,5.56,5.66,5.54,5.62
19861001,5.63,5.63,5.58,5.63
19861002,5.64,5.88,5.64,5.85
19861003,5.86,5.89,5.69,5.70
19861006,5.71,5.83,5.71,5.82
19861007,5.82,5.82,5.70,5.75
19861008,5.76,5.84,5.76,5.79
19861009,5.80,5.80,5.62,5.70
19861010,5.70,5.74,5.67,5.70
19861013,5.70,5.74,5.67,5.72
19861014,5.73,5.73,5.62,5.64
19861015,5.64,5.64,5.54,5.62
19861016,5.62,5.66,5.56,5.58
19861017,5.59,5.64,5.47,5.62
19861020,5.63,5.90,5.59,5.84
19861021,5.85,5.87,5.77,5.81
19861022,5.81,5.88,5.79,5.87
19861023,5.88,5.89,5.67,5.68
19861024,5.69,5.72,5.62,5.66
19861027,5.67,5.74,5.65,5.67
19861028,5.68,5.73,5.67,5.67
19861029,5.68,5.68,5.56,5.63
19861030,5.63,5.75,5.62,5.72
19861031,5.73,5.73,5.62,5.68
19861103,5.69,5.79,5.69,5.74
19861104,5.74,5.80,5.74,5.75
19861105,5.76,5.76,5.63,5.66
19861106,5.66,5.78,5.65,5.77
19861107,5.77,5.83,5.75,5.79
19861110,5.80,5.85,5.72,5.76
19861111,5.76,5.79,5.71,5.78
19861112,5.78,5.83,5.74,5.82
19861113,5.82,5.84,5.79,5.83
19861114,5.84,5.87,5.70,5.71
19861117,5.71,5.71,5.51,5.51
19861118,5.52,5.58,5.52,5.57
19861119,5.57,5.59,5.44,5.47
19861120,5.48,5.48,5.40,5.43
19861121,5.44,5.47,5.20,5.21
19861124,5.22,5.39,5.22,5.35
19861125,5.35,5.40,5.32,5.39
19861126,5.39,5.42,5.33,5.36
19861128,5.36,5.49,5.36,5.47
19861201,5.48,5.58,5.47,5.54
19861202,5.54,5.54,5.41,5.43
19861203,5.43,5.51,5.39,5.47
19861204,5.48,5.48,5.40,5.44
19861205,5.45,5.50,5.43,5.46
19861208,5.46,5.47,5.39,5.46
19861209,5.46,5.46,5.39,5.40
19861210,5.41,5.51,5.40,5.45
19861211,5.46,5.47,5.40,5.46
19861212,5.46,5.49,5.45,5.47
19861215,5.48,5.58,5.48,5.56
19861216,5.56,5.56,5.38,5.43
19861217,5.43,5.46,5.41,5.43
19861218,5.44,5.48,5.41,5.46
19861219,5.47,5.49,5.42,5.45
19861222,5.45,5.50,5.42,5.44
19861223,5.45,5.45,5.33,5.36
19861224,5.36,5.40,5.36,5.37
19861229,5.37,5.38,5.33,5.36
19861230,5.36,5.36,5.32,5.34
19861231,5.35,5.46,5.32,5.46
19870102,5.46,5.57,5.45,5.49
19870105,5.50,5.50,5.41,5.49
19870106,5.49,5.50,5.43,5.43
19870107,5.44,5.47,5.40,5.46
19870108,5.46,5.49,5.45,5.46
19870109,5.46,5.55,5.40,5.54
19870112,5.55,5.67,5.55,5.60
19870113,5.61,5.64,5.58,5.58
19870114,5.59,5.71,5.59,5.64
19870115,5.65,5.65,5.59,5.65
19870116,5.65,5.67,5.60,5.65
19870119,5.65,5.74,5.65,5.71
19870120,5.71,5.71,5.49,5.51
19870121,5.51,5.57,5.50,5.56
19870122,5.57,5.61,5.57,5.61
19870123,5.61,5.61,5.50,5.59
19870126,5.59,5.74,5.59,5.69
19870127,5.69,5.76,5.64,5.71
19870128,5.72,5.75,5.61,5.63
19870129,5.64,5.67,5.61,5.66
19870130,5.66,5.66,5.46,5.53
19870202,5.53,5.59,5.50,5.51
19870203,5.52,5.55,5.50,5.54
19870204,5.55,5.56,5.52,5.53
19870205,5.53,5.62,5.48,5.58
19870206,5.59,5.59,5.54,5.56
19870209,5.56,5.61,5.55,5.58
19870210,5.59,5.59,5.54,5.58
19870211,5.58,5.58,5.54,5.54
19870212,5.55,5.55,5.45,5.46
19870213,5.47,5.48,5.42,5.46
19870217,5.47,5.50,5.38,5.41
19870218,5.41,5.42,5.37,5.41
19870219,5.42,5.48,5.39,5.47
19870220,5.48,5.54,5.44,5.54
19870223,5.54,5.58,5.51,5.54
19870224,5.54,5.54,5.50,5.53
19870225,5.53,5.60,5.53,5.53
19870226,5.54,5.55,5.47,5.52
19870227,5.52,5.55,5.49,5.49
19870302,5.50,5.54,5.48,5.54
19870303,5.54,5.54,5.49,5.53
19870304,5.53,5.56,5.51,5.55
19870305,5.55,5.66,5.55,5.63
19870306,5.63,5.66,5.58,5.63
19870309,5.63,5.64,5.58,5.61
19870310,5.62,5.62,5.58,5.61
19870311,5.61,5.63,5.59,5.60
19870312,5.61,5.70,5.61,5.69
19870313,5.70,5.71,5.58,5.63
19870316,5.63,5.64,5.60,5.62
19870317,5.63,5.67,5.60,5.61
19870318,5.62,5.64,5.60,5.62
19870319,5.63,5.63,5.58,5.62
19870320,5.62,5.62,5.54,5.58
19870323,5.59,5.79,5.59,5.78
19870324,5.78,5.95,5.72,5.95
19870325,5.95,6.01,5.88,5.93
19870326,5.94,5.97,5.87,5.96
19870327,5.96,6.43,5.96,6.24
19870330,6.25,6.41,6.25,6.33
19870331,6.33,6.39,6.20,6.22
19870401,6.23,6.34,6.23,6.30
19870402,6.31,6.53,6.31,6.36
19870403,6.36,6.47,6.28,6.45
19870406,6.46,6.70,6.46,6.58
19870407,6.59,6.78,6.59,6.76
19870408,6.76,6.76,6.59,6.63
19870409,6.64,6.88,6.64,6.86
19870410,6.86,6.97,6.76,6.80
19870413,6.81,6.91,6.80,6.87
19870414,6.87,7.31,6.87,7.28
19870415,7.29,7.29,7.12,7.25
19870416,7.25,7.32,7.08,7.30
19870420,7.30,7.80,7.23,7.78
19870421,7.79,7.94,7.65,7.87
19870422,7.87,8.07,7.77,8.04
19870423,8.04,8.64,8.04,8.64
19870424,8.64,9.14,8.64,9.14
19870427,9.15,9.89,8.39,8.39
19870428,8.39,8.39,7.39,7.75
19870429,7.76,8.12,7.65,8.01
19870430,8.02,8.17,7.79,8.08
19870501,8.08,8.30,8.00,8.26
19870504,8.27,8.76,8.27,8.76
19870505,8.76,9.07,8.00,8.40
19870506,8.41,8.52,8.16,8.39
19870507,8.39,8.55,8.16,8.36
19870508,8.36,8.51,8.22,8.38
19870511,8.38,8.68,8.34,8.64
19870512,8.65,8.96,8.65,8.81
19870513,8.82,8.94,8.71,8.73
19870514,8.73,8.90,8.73,8.87
19870515,8.88,9.52,8.88,9.50
19870518,9.50,9.62,9.01,9.13
19870519,9.13,9.45,8.93,9.42
19870520,9.43,9.49,9.08,9.21
19870521,9.21,9.21,8.82,8.86
19870522,8.86,8.97,8.20,8.28
19870526,8.28,8.28,7.28,7.58
19870527,7.58,7.64,7.36,7.38
19870528,7.39,7.82,7.39,7.67
19870529,7.67,7.78,7.60,7.67
19870601,7.68,7.68,7.28,7.46
19870602,7.46,8.00,7.46,7.84
19870603,7.85,7.85,7.61,7.62
19870604,7.62,7.91,7.62,7.85
19870605,7.85,7.95,7.82,7.83
19870608,7.83,8.11,7.60,7.63
19870609,7.63,7.94,7.63,7.91
19870610,7.91,8.05,7.71,7.88
19870611,7.88,8.07,7.78,8.00
19870612,8.01,8.01,7.66,7.74
19870615,7.74,7.74,7.43,7.68
19870616,7.69,7.71,7.48,7.52
19870617,7.52,7.60,7.41,7.45
19870618,7.46,7.63,7.46,7.48
19870619,7.48,7.50,7.16,7.17
19870622,7.17,7.17,6.60,6.72
19870623,6.72,7.00,6.64,6.89
19870624,6.90,7.02,6.87,6.94
19870625,6.95,6.95,6.79,6.86
19870626,6.86,7.07,6.84,6.96
19870629,6.96,7.27,6.96,7.20
19870630,7.21,7.42,7.07,7.41
19870701,7.41,7.58,7.26,7.53
19870702,7.53,7.55,7.43,7.50
19870706,7.50,7.69,7.27,7.66
19870707,7.66,7.66,7.37,7.56
19870708,7.57,7.80,7.42,7.72
19870709,7.73,7.80,7.63,7.76
19870710,7.77,7.85,7.64,7.67
19870713,7.67,7.82,7.60,7.69
19870714,7.69,7.80,7.66,7.68
19870715,7.69,7.95,7.66,7.87
19870716,7.87,7.88,7.79,7.82
19870717,7.82,7.82,7.48,7.51
19870720,7.51,7.72,7.51,7.71
19870721,7.71,7.77,7.65,7.76
19870722,7.77,7.93,7.74,7.83
19870723,7.83,7.85,7.67,7.76
19870724,7.77,7.83,7.71,7.78
19870727,7.78,7.82,7.67,7.78
19870728,7.78,8.06,7.78,8.01
19870729,8.01,8.21,8.01,8.06
19870730,8.07,8.38,8.02,8.37
19870731,8.37,8.42,8.26,8.35
19870803,8.35,8.84,8.35,8.82
19870804,8.83,8.95,8.64,8.88
19870805,8.88,8.88,8.34,8.38
19870806,8.38,8.43,8.23,8.30
19870807,8.31,8.31,7.60,7.62
19870810,7.63,7.84,7.63,7.76
19870811,7.76,7.94,7.76,7.86
19870812,7.86,7.98,7.78,7.89
19870813,7.89,7.89,7.59,7.67
19870814,7.68,7.85,7.36,7.42
19870817,7.42,7.62,7.42,7.58
19870818,7.58,7.95,7.58,7.72
19870819,7.73,7.84,7.63,7.83
19870820,7.83,7.83,7.47,7.50
19870821,7.50,7.85,7.50,7.82
19870824,7.82,8.06,7.76,7.95
19870825,7.95,7.95,7.80,7.84
19870826,7.84,7.92,7.81,7.87
19870827,7.87,7.91,7.64,7.69
19870828,7.69,7.69,7.37,7.50
19870831,7.50,7.65,7.49,7.53
19870901,7.54,7.66,7.37,7.47
19870902,7.47,7.95,7.47,7.93
19870903,7.93,7.93,7.75,7.84
19870904,7.85,7.92,7.76,7.77
19870908,7.78,7.78,7.55,7.62
19870909,7.62,7.68,7.57,7.66
19870910,7.66,8.24,7.66,8.17
19870911,8.17,8.17,7.75,7.83
19870914,7.83,7.85,7.65,7.77
19870915,7.77,7.83,7.71,7.75
19870916,7.76,7.85,7.50,7.58
19870917,7.59,7.76,7.59,7.70
19870918,7.71,7.78,7.46,7.49
19870921,7.49,7.89,7.44,7.79
19870922,7.80,7.83,7.67,7.71
19870923,7.72,7.80,7.64,7.77
19870924,7.78,7.88,7.72,7.74
19870925,7.74,7.75,7.65,7.70
19870928,7.70,7.76,7.69,7.71
19870929,7.72,7.81,7.60,7.75
19870930,7.76,7.78,7.57,7.61
19871001,7.61,7.68,7.58,7.64
19871002,7.65,7.69,7.55,7.65
19871005,7.65,7.76,7.65,7.72
19871006,7.72,7.81,7.70,7.74
19871007,7.74,7.80,7.72,7.75
19871008,7.76,8.04,7.72,7.94
19871009,7.95,7.96,7.84,7.91
19871012,7.92,7.92,7.86,7.88
19871013,7.89,7.89,7.76,7.79
19871014,7.80,7.98,7.79,7.89
19871015,7.90,8.07,7.80,7.84
19871016,7.84,8.03,7.84,7.96
19871019,7.97,8.62,7.97,8.28
19871020,8.28,8.28,6.70,7.29
19871021,7.29,7.55,7.29,7.46
19871022,7.47,7.70,7.44,7.49
19871023,7.49,7.60,7.43,7.60
19871026,7.61,7.63,7.37,7.48
19871027,7.49,7.49,7.34,7.41
19871028,7.41,7.53,7.38,7.39
19871029,7.40,7.40,6.84,6.92
19871030,6.93,7.08,6.88,6.99
19871102,6.99,7.04,6.87,6.96
19871103,6.97,6.97,6.67,6.84
19871104,6.85,6.85,6.60,6.70
19871105,6.70,6.70,6.24,6.30
19871106,6.31,6.55,6.31,6.50
19871109,6.51,6.71,6.51,6.54
19871110,6.54,6.58,6.33,6.53
19871111,6.53,6.66,6.49,6.57
19871112,6.58,6.73,6.58,6.64
19871113,6.65,6.77,6.65,6.74
19871116,6.75,6.75,6.57,6.63
19871117,6.64,6.78,6.64,6.73
19871118,6.74,6.74,6.55,6.63
19871119,6.64,6.67,6.55,6.58
19871120,6.58,6.73,6.49,6.67
19871123,6.68,6.98,6.63,6.95
19871124,6.96,7.01,6.81,6.92
19871125,6.93,7.17,6.93,7.07
19871127,7.08,7.36,7.08,7.29
19871130,7.30,7.47,7.18,7.19
19871201,7.19,7.20,7.06,7.08
19871202,7.08,7.17,7.07,7.11
19871203,7.12,7.19,6.99,7.03
19871204,7.03,7.04,6.64,6.87
19871207,6.88,6.88,6.75,6.80
19871208,6.81,6.90,6.81,6.84
19871209,6.85,6.89,6.79,6.86
19871210,6.86,7.08,6.84,7.06
19871211,7.06,7.16,6.96,7.04
19871214,7.04,7.24,7.04,7.11
19871215,7.12,7.12,6.75,6.77
19871216,6.78,6.94,6.78,6.88
19871217,6.88,6.95,6.65,6.92
19871218,6.92,6.98,6.82,6.88
19871221,6.89,6.92,6.86,6.91
19871222,6.91,6.96,6.91,6.92
19871223,6.92,6.92,6.83,6.83
19871224,6.83,6.91,6.83,6.91
19871228,6.91,6.99,6.88,6.95
19871229,6.95,6.96,6.77,6.81
19871230,6.82,6.82,6.70,6.71
19871231,6.71,6.83,6.68,6.77
19880104,6.78,6.78,6.50,6.55
19880105,6.56,7.00,6.53,6.92
19880106,6.93,7.19,6.72,7.14
19880107,7.14,7.14,6.96,7.01
19880108,7.02,7.08,6.88,7.06
19880111,7.07,7.07,6.91,6.94
19880112,6.94,6.94,6.80,6.81
19880113,6.82,6.93,6.79,6.84
19880114,6.84,6.96,6.83,6.93
19880115,6.94,6.94,6.65,6.66
19880118,6.66,6.78,6.66,6.72
19880119,6.73,6.81,6.69,6.75
19880120,6.75,6.82,6.67,6.68
19880121,6.69,6.77,6.67,6.75
19880122,6.76,6.89,6.71,6.83
19880125,6.84,6.84,6.57,6.63
19880126,6.64,6.70,6.61,6.66
19880127,6.66,6.71,6.58,6.69
19880128,6.70,6.71,6.65,6.67
19880129,6.67,6.67,6.46,6.54
19880201,6.55,6.66,6.55,6.61
19880202,6.62,6.68,6.53,6.55
19880203,6.56,6.56,6.28,6.36
19880204,6.36,6.45,6.33,6.43
19880205,6.43,6.43,6.28,6.33
19880208,6.33,6.39,6.31,6.33
19880209,6.33,6.33,6.22,6.29
19880210,6.30,6.37,6.29,6.30
19880211,6.31,6.34,6.27,6.32
19880212,6.32,6.41,6.19,6.39
19880216,6.39,6.43,6.36,6.38
19880217,6.38,6.46,6.38,6.45
19880218,6.46,6.51,6.34,6.35
19880219,6.36,6.43,6.34,6.40
19880222,6.41,6.43,6.38,6.41
19880223,6.42,6.42,6.25,6.30
19880224,6.31,6.31,6.17,6.20
19880225,6.20,6.34,6.20,6.33
19880226,6.33,6.33,6.23,6.24
19880229,6.24,6.33,6.17,6.32
19880301,6.32,6.42,6.24,6.30
19880302,6.31,6.34,6.22,6.29
19880303,6.29,6.38,6.24,6.33
19880304,6.34,6.58,6.34,6.50
19880307,6.50,6.50,6.43,6.46
19880308,6.47,6.47,6.37,6.38
19880309,6.39,6.39,6.33,6.37
19880310,6.37,6.45,6.26,6.33
19880311,6.33,6.37,6.22,6.24
19880314,6.25,6.32,6.25,6.30
19880315,6.31,6.43,6.28,6.42
19880316,6.43,6.45,6.37,6.38
19880317,6.39,6.41,6.30,6.36
19880318,6.36,6.46,6.34,6.42
19880321,6.42,6.58,6.42,6.50
19880322,6.50,6.56,6.43,6.51
19880323,6.52,6.70,6.48,6.66
19880324,6.66,6.81,6.63,6.79
19880325,6.79,6.79,6.65,6.71
19880328,6.72,6.74,6.62,6.71
19880329,6.72,6.83,6.70,6.75
19880330,6.75,6.81,6.67,6.79
19880331,6.80,6.85,6.73,6.79
19880404,6.79,6.90,6.79,6.83
19880405,6.83,6.83,6.65,6.68
19880406,6.68,6.68,6.45,6.46
19880407,6.47,6.48,6.37,6.43
19880408,6.44,6.51,6.43,6.44
19880411,6.44,6.48,6.39,6.47
19880412,6.47,6.49,6.40,6.42
19880413,6.43,6.47,6.33,6.34
19880414,6.35,6.51,6.35,6.47
19880415,6.47,6.54,6.45,6.47
19880418,6.48,6.56,6.43,6.44
19880419,6.44,6.49,6.41,6.46
19880420,6.47,6.54,6.45,6.45
19880421,6.46,6.49,6.43,6.46
19880422,6.47,6.47,6.38,6.42
19880425,6.42,6.44,6.36,6.37
19880426,6.37,6.50,6.37,6.47
19880427,6.48,6.62,6.46,6.59
19880428,6.59,6.61,6.54,6.55
19880429,6.56,6.59,6.53,6.58
19880502,6.59,6.59,6.43,6.43
19880503,6.44,6.46,6.37,6.38
19880504,6.38,6.42,6.37,6.41
19880505,6.41,6.46,6.41,6.44
19880506,6.44,6.46,6.38,6.46
19880509,6.46,6.55,6.45,6.54
19880510,6.55,6.66,6.50,6.64
19880511,6.65,6.65,6.55,6.62
19880512,6.63,6.68,6.58,6.64
19880513,6.65,6.71,6.56,6.70
19880516,6.71,6.78,6.64,6.65
19880517,6.65,6.69,6.55,6.61
19880518,6.61,6.76,6.61,6.75
19880519,6.76,6.82,6.66,6.67
19880520,6.68,6.76,6.64,6.75
19880523,6.76,6.85,6.71,6.79
19880524,6.80,6.84,6.73,6.81
19880525,6.82,6.82,6.64,6.64
19880526,6.65,6.69,6.58,6.66
19880527,6.66,6.66,6.55,6.58
19880531,6.58,6.71,6.58,6.65
19880601,6.66,6.88,6.66,6.87
19880602,6.87,7.32,6.76,7.30
19880603,7.31,7.47,7.23,7.27
19880606,7.27,7.42,7.25,7.32
19880607,7.33,7.45,7.18,7.28
19880608,7.29,7.29,7.11,7.13
19880609,7.14,7.23,7.03,7.18
19880610,7.19,7.25,6.92,7.01
19880613,7.02,7.09,6.99,7.05
19880614,7.06,7.10,6.86,7.07
19880615,7.08,7.22,7.05,7.16
19880616,7.16,7.30,7.09,7.14
19880617,7.15,7.27,7.08,7.25
19880620,7.26,7.33,7.13,7.20
19880621,7.20,7.34,7.19,7.20
19880622,7.20,7.20,6.95,7.02
19880623,7.03,7.08,6.93,6.99
19880624,6.99,6.99,6.79,6.81
19880627,6.81,6.95,6.81,6.94
19880628,6.95,7.12,6.83,6.86
19880629,6.87,6.87,6.65,6.72
19880630,6.72,6.79,6.71,6.78
19880701,6.78,6.86,6.73,6.79
19880705,6.80,6.88,6.79,6.86
19880706,6.86,6.91,6.83,6.91
19880707,6.91,7.11,6.91,7.02
19880708,7.03,7.17,7.01,7.08
19880711,7.09,7.18,6.98,7.02
19880712,7.03,7.09,6.94,7.06
19880713,7.06,7.25,7.00,7.25
19880714,7.25,7.46,7.25,7.36
19880715,7.37,7.50,7.33,7.39
19880718,7.40,7.40,7.17,7.22
19880719,7.23,7.89,7.16,7.80
19880720,7.81,7.94,7.73,7.90
19880721,7.91,8.16,7.70,7.81
19880722,7.81,7.87,7.62,7.67
19880725,7.68,7.75,7.05,7.10
19880726,7.11,7.15,6.92,6.94
19880727,6.95,7.09,6.95,7.02
19880728,7.02,7.02,6.69,6.76
19880729,6.76,6.92,6.76,6.86
19880801,6.86,6.95,6.83,6.92
19880802,6.92,6.93,6.83,6.84
19880803,6.84,6.99,6.77,6.88
19880804,6.89,6.95,6.86,6.90
19880805,6.90,6.96,6.87,6.89
19880808,6.90,6.90,6.70,6.71
19880809,6.72,6.76,6.56,6.63
19880810,6.63,6.74,6.62,6.71
19880811,6.71,6.82,6.68,6.71
19880812,6.72,6.88,6.72,6.74
19880815,6.75,6.79,6.70,6.79
19880816,6.79,6.85,6.61,6.63
19880817,6.64,6.68,6.59,6.67
19880818,6.67,6.72,6.64,6.69
19880819,6.70,6.72,6.65,6.67
19880822,6.68,6.79,6.61,6.74
19880823,6.74,6.78,6.69,6.74
19880824,6.75,6.85,6.75,6.79
19880825,6.80,7.00,6.80,6.88
19880826,6.88,6.89,6.78,6.82
19880829,6.83,6.84,6.65,6.68
19880830,6.69,6.74,6.64,6.65
19880831,6.66,6.72,6.60,6.71
19880901,6.71,6.76,6.68,6.72
19880902,6.72,6.74,6.55,6.66
19880906,6.66,6.74,6.61,6.62
19880907,6.63,6.71,6.62,6.68
19880908,6.69,6.77,6.67,6.75
19880909,6.75,6.78,6.56,6.57
19880912,6.57,6.57,6.48,6.57
19880913,6.57,6.66,6.55,6.60
19880914,6.61,6.67,6.59,6.61
19880915,6.61,6.62,6.49,6.58
19880916,6.59,6.59,6.43,6.44
19880919,6.44,6.49,6.34,6.47
19880920,6.48,6.48,6.31,6.36
19880921,6.36,6.36,6.24,6.28
19880922,6.29,6.36,6.23,6.35
19880923,6.36,6.39,6.26,6.26
19880926,6.27,6.30,6.20,6.21
19880927,6.21,6.28,6.19,6.26
19880928,6.27,6.30,6.22,6.26
19880929,6.26,6.32,6.25,6.26
19880930,6.27,6.28,6.16,6.22
19881003,6.23,6.37,6.20,6.33
19881004,6.34,6.37,6.29,6.33
19881005,6.34,6.42,6.24,6.38
19881006,6.39,6.43,6.34,6.37
19881007,6.38,6.46,6.37,6.41
19881010,6.41,6.48,6.41,6.42
19881011,6.42,6.43,6.27,6.28
19881012,6.28,6.47,6.28,6.39
19881013,6.40,6.43,6.30,6.38
19881014,6.38,6.48,6.36,6.43
19881017,6.44,6.54,6.42,6.47
19881018,6.48,6.49,6.41,6.42
19881019,6.43,6.46,6.38,6.41
19881020,6.41,6.43,6.38,6.41
19881021,6.41,6.42,6.28,6.29
19881024,6.29,6.33,6.25,6.25
19881025,6.26,6.32,6.26,6.28
19881026,6.29,6.33,6.26,6.28
19881027,6.28,6.29,6.22,6.25
19881028,6.25,6.41,6.24,6.33
19881031,6.34,6.37,6.33,6.35
19881101,6.35,6.35,6.27,6.33
19881102,6.34,6.54,6.34,6.53
19881103,6.54,6.58,6.43,6.45
19881104,6.46,6.48,6.38,6.46
19881107,6.47,6.54,6.45,6.53
19881108,6.54,6.54,6.41,6.42
19881109,6.43,6.59,6.43,6.58
19881110,6.58,6.58,6.43,6.44
19881111,6.45,6.50,6.35,6.42
19881114,6.42,6.47,6.38,6.45
19881115,6.45,6.50,6.39,6.39
19881116,6.40,6.44,6.28,6.30
19881117,6.31,6.34,6.18,6.19
19881118,6.19,6.22,6.06,6.08
19881121,6.09,6.12,5.98,6.03
19881122,6.03,6.15,6.03,6.08
19881123,6.08,6.13,6.08,6.09
19881128,6.10,6.37,6.10,6.27
19881129,6.28,6.29,6.17,6.19
19881130,6.20,6.32,6.18,6.29
19881201,6.29,6.34,6.22,6.25
19881202,6.25,6.39,6.19,6.33
19881205,6.34,6.36,6.29,6.31
19881206,6.32,6.32,6.23,6.30
19881207,6.31,6.41,6.21,6.28
19881208,6.29,6.33,6.26,6.26
19881209,6.27,6.32,6.23,6.30
19881212,6.31,6.34,6.25,6.30
19881213,6.30,6.32,6.26,6.29
19881214,6.30,6.33,6.26,6.30
19881215,6.31,6.33,6.14,6.18
19881216,6.19,6.23,6.17,6.21
19881219,6.21,6.26,6.17,6.23
19881220,6.24,6.25,6.20,6.21
19881221,6.22,6.25,6.22,6.23
19881222,6.24,6.28,6.24,6.27
19881223,6.28,6.28,6.23,6.28
19881227,6.28,6.29,6.25,6.25
19881228,6.26,6.26,6.13,6.19
19881229,6.19,6.19,6.08,6.09
19881230,6.09,6.16,6.09,6.13
19890103,6.13,6.17,6.11,6.12
19890104,6.12,6.13,5.99,6.03
19890105,6.03,6.07,6.03,6.05
19890106,6.05,6.08,6.00,6.08
19890109,6.08,6.08,5.97,6.04
19890110,6.04,6.06,5.96,6.00
19890111,6.00,6.04,5.97,6.00
19890112,6.00,6.04,5.93,5.99
19890113,6.00,6.04,5.94,5.96
19890116,5.96,5.96,5.93,5.96
19890117,5.96,6.03,5.96,6.01
19890118,6.01,6.04,5.95,5.97
19890119,5.97,6.05,5.97,6.04
19890120,6.04,6.26,6.04,6.25
19890123,6.25,6.29,6.21,6.25
19890124,6.26,6.31,6.17,6.19
19890125,6.20,6.24,6.16,6.22
19890126,6.23,6.28,6.13,6.16
19890127,6.16,6.16,5.83,5.93
19890130,5.94,5.94,5.86,5.88
19890131,5.88,5.92,5.79,5.83
19890201,5.84,5.92,5.84,5.88
19890202,5.88,5.91,5.84,5.86
19890203,5.86,5.90,5.80,5.88
19890206,5.88,5.95,5.81,5.93
19890207,5.94,5.97,5.88,5.89
19890208,5.90,5.96,5.89,5.95
19890209,5.95,5.98,5.91,5.92
19890210,5.92,5.96,5.76,5.83
19890213,5.84,5.85,5.78,5.84
19890214,5.85,5.88,5.83,5.85
19890215,5.86,5.92,5.79,5.91
19890216,5.91,5.92,5.86,5.89
19890217,5.90,6.05,5.80,5.94
19890221,5.95,6.03,5.91,5.93
19890222,5.94,6.00,5.93,5.94
19890223,5.95,6.05,5.92,5.93
19890224,5.94,6.06,5.94,6.04
19890227,6.04,6.08,5.95,5.96
19890228,5.96,5.99,5.93,5.93
19890301,5.94,5.94,5.84,5.84
19890302,5.85,5.88,5.83,5.85
19890303,5.86,5.92,5.86,5.89
19890306,5.89,5.92,5.87,5.90
19890307,5.90,5.99,5.88,5.96
19890308,5.97,6.01,5.93,5.95
19890309,5.95,6.10,5.93,6.09
19890310,6.10,6.19,6.05,6.15
19890313,6.16,6.17,6.09,6.16
19890314,6.17,6.27,6.14,6.25
19890315,6.25,6.25,6.14,6.17
19890316,6.18,6.18,6.08,6.13
19890317,6.13,6.26,6.13,6.20
19890320,6.20,6.28,6.17,6.18
19890321,6.20,6.20,6.08,6.13
19890322,6.13,6.15,6.09,6.12
19890323,6.12,6.17,6.03,6.06
19890327,6.06,6.06,5.96,6.00
19890328,6.01,6.02,5.84,5.85
19890329,5.86,5.88,5.79,5.81
19890330,5.81,5.85,5.76,5.78
19890331,5.78,5.84,5.78,5.82
19890403,5.83,5.85,5.80,5.83
19890404,5.83,5.89,5.83,5.86
19890405,5.86,5.88,5.82,5.84
19890406,5.84,5.87,5.83,5.83
19890407,5.84,5.86,5.77,5.80
19890410,5.80,5.88,5.76,5.85
19890411,5.86,5.88,5.85,5.86
19890412,5.87,5.94,5.84,5.89
19890413,5.90,5.96,5.88,5.89
19890414,5.89,5.96,5.78,5.83
19890417,5.83,5.84,5.80,5.83
19890418,5.84,5.84,5.76,5.78
19890419,5.78,5.82,5.74,5.76
19890420,5.77,5.80,5.74,5.79
19890421,5.79,5.79,5.75,5.76
19890424,5.77,5.86,5.75,5.83
19890425,5.84,5.84,5.79,5.79
19890426,5.80,5.90,5.80,5.87
19890427,5.88,5.88,5.75,5.75
19890428,5.75,5.75,5.67,5.71
19890501,5.71,5.79,5.69,5.75
19890502,5.76,5.77,5.71,5.72
19890503,5.73,5.76,5.72,5.73
19890504,5.73,5.75,5.70,5.71
19890505,5.71,5.71,5.66,5.69
19890508,5.69,5.72,5.63,5.68
19890509,5.68,5.76,5.67,5.75
19890510,5.76,5.78,5.69,5.70
19890511,5.70,5.75,5.70,5.74
19890512,5.74,5.74,5.61,5.61
19890515,5.61,5.61,5.56,5.57
19890516,5.57,5.59,5.56,5.57
19890517,5.58,5.58,5.48,5.50
19890518,5.50,5.51,5.46,5.47
19890519,5.48,5.48,5.28,5.29
19890522,5.30,5.30,5.12,5.17
19890523,5.17,5.35,5.17,5.23
19890524,5.24,5.25,5.18,5.23
19890525,5.23,5.35,5.23,5.32
19890526,5.32,5.39,5.28,5.30
19890530,5.31,5.31,5.23,5.28
19890531,5.29,5.29,5.20,5.21
19890601,5.21,5.26,5.17,5.24
19890602,5.24,5.35,5.21,5.34
19890605,5.34,5.36,5.29,5.30
19890606,5.31,5.47,5.26,5.47
19890607,5.47,5.55,5.39,5.50
19890608,5.50,5.54,5.45,5.48
19890609,5.49,5.50,5.17,5.19
19890612,5.20,5.27,5.20,5.23
19890613,5.24,5.28,5.20,5.25
19890614,5.26,5.31,5.23,5.28
19890615,5.29,5.36,5.17,5.33
19890616,5.34,5.39,5.27,5.30
19890619,5.31,5.39,5.31,5.34
19890620,5.34,5.38,5.24,5.25
19890621,5.26,5.33,5.24,5.30
19890622,5.30,5.38,5.26,5.30
19890623,5.31,5.41,5.23,5.34
19890626,5.34,5.37,5.25,5.31
19890627,5.32,5.45,5.32,5.40
19890628,5.41,5.42,5.36,5.38
19890629,5.39,5.40,5.20,5.21
19890630,5.21,5.27,5.19,5.24
19890703,5.25,5.32,5.25,5.32
19890705,5.32,5.50,5.31,5.47
19890706,5.48,5.48,5.41,5.46
19890707,5.46,5.47,5.26,5.29
19890710,5.29,5.34,5.29,5.30
19890711,5.31,5.37,5.25,5.33
19890712,5.33,5.37,5.20,5.25
19890713,5.26,5.27,5.21,5.26
19890714,5.26,5.31,5.19,5.27
19890717,5.27,5.38,5.27,5.33
19890718,5.33,5.36,5.28,5.30
19890719,5.31,5.31,5.21,5.21
19890720,5.22,5.29,5.21,5.24
19890721,5.25,5.31,5.21,5.24
19890724,5.25,5.28,5.24,5.25
19890725,5.26,5.27,5.22,5.26
19890726,5.27,5.31,5.24,5.28
19890727,5.28,5.29,5.25,5.26
19890728,5.27,5.27,5.13,5.18
19890731,5.19,5.32,5.12,5.31
19890801,5.31,5.33,5.22,5.29
19890802,5.29,5.30,5.24,5.26
19890803,5.27,5.38,5.24,5.33
19890804,5.34,5.34,5.17,5.20
19890807,5.21,5.22,5.15,5.16
19890808,5.16,5.21,5.14,5.19
19890809,5.20,5.21,5.16,5.18
19890810,5.19,5.21,5.17,5.19
19890811,5.20,5.26,5.10,5.22
19890814,5.23,5.25,5.18,5.22
19890815,5.22,5.28,5.21,5.26
19890816,5.27,5.28,5.17,5.21
19890817,5.21,5.29,5.17,5.26
19890818,5.27,5.27,5.20,5.25
19890821,5.26,5.26,5.22,5.24
19890822,5.25,5.26,5.22,5.24
19890823,5.24,5.25,5.17,5.17
19890824,5.18,5.20,5.14,5.17
19890825,5.17,5.28,5.17,5.24
19890828,5.24,5.27,5.21,5.22
19890829,5.22,5.28,5.21,5.22
19890830,5.22,5.25,5.21,5.21
19890831,5.21,5.21,5.16,5.17
19890901,5.17,5.20,5.16,5.20
19890905,5.20,5.20,5.17,5.18
19890906,5.18,5.24,5.18,5.22
19890907,5.23,5.24,5.19,5.23
19890908,5.24,5.24,5.14,5.17
19890911,5.17,5.18,5.16,5.16
19890912,5.17,5.20,5.17,5.18
19890913,5.18,5.18,5.13,5.17
19890914,5.17,5.22,5.14,5.16
19890915,5.16,5.19,5.11,5.18
19890918,5.19,5.19,5.15,5.16
19890919,5.17,5.18,5.15,5.16
19890920,5.17,5.25,5.17,5.21
19890921,5.22,5.28,5.19,5.28
19890922,5.28,5.38,5.28,5.38
19890925,5.38,5.43,5.34,5.38
19890926,5.38,5.42,5.34,5.36
19890927,5.36,5.41,5.31,5.33
19890928,5.34,5.37,5.32,5.35
19890929,5.36,5.38,5.28,5.31
19891002,5.32,5.32,5.28,5.30
19891003,5.31,5.31,5.29,5.30
19891004,5.31,5.35,5.30,5.33
19891005,5.34,5.38,5.22,5.24
19891006,5.25,5.25,5.18,5.19
19891009,5.20,5.21,5.12,5.12
19891010,5.12,5.15,5.08,5.10
19891011,5.11,5.15,5.09,5.14
19891012,5.14,5.17,5.13,5.15
19891013,5.16,5.18,5.13,5.14
19891016,5.14,5.24,5.12,5.16
19891017,5.17,5.20,5.14,5.16
19891018,5.16,5.19,5.16,5.16
19891019,5.16,5.18,5.11,5.13
19891020,5.14,5.14,5.11,5.14
19891023,5.15,5.15,5.12,5.14
19891024,5.14,5.20,5.13,5.20
19891025,5.20,5.20,5.14,5.16
19891026,5.17,5.24,5.15,5.24
19891027,5.24,5.35,5.21,5.32
19891030,5.33,5.33,5.26,5.28
19891031,5.29,5.29,5.20,5.22
19891101,5.23,5.23,5.17,5.19
19891102,5.19,5.30,5.18,5.29
19891103,5.29,5.33,5.21,5.26
19891106,5.27,5.29,5.24,5.27
19891107,5.27,5.34,5.27,5.29
19891108,5.30,5.30,5.26,5.29
19891109,5.30,5.37,5.29,5.31
19891110,5.32,5.32,5.24,5.26
19891113,5.26,5.35,5.26,5.32
19891114,5.32,5.41,5.30,5.41
19891115,5.41,5.56,5.36,5.54
19891116,5.54,5.68,5.48,5.59
19891117,5.60,5.71,5.59,5.68
19891120,5.69,5.76,5.66,5.70
19891121,5.70,5.85,5.69,5.84
19891122,5.85,5.88,5.75,5.81
19891124,5.82,6.03,5.82,6.01
19891127,6.02,6.02,5.81,5.83
19891128,5.83,5.87,5.71,5.83
19891129,5.83,5.83,5.71,5.73
19891130,5.74,5.87,5.69,5.79
19891201,5.80,5.87,5.78,5.79
19891204,5.79,5.79,5.62,5.63
19891205,5.63,5.72,5.63,5.66
19891206,5.66,5.69,5.62,5.67
19891207,5.68,5.75,5.67,5.74
19891208,5.74,5.79,5.70,5.76
19891211,5.76,5.86,5.76,5.80
19891212,5.81,5.83,5.74,5.79
19891213,5.79,5.79,5.64,5.66
19891214,5.66,5.69,5.61,5.66
19891215,5.67,5.73,5.67,5.71
19891218,5.71,5.71,5.59,5.67
19891219,5.67,5.68,5.61,5.63
19891220,5.63,5.68,5.63,5.65
19891221,5.65,5.71,5.63,5.64
19891222,5.64,5.67,5.64,5.65
19891226,5.66,5.66,5.59,5.60
19891227,5.61,5.62,5.30,5.32
19891228,5.32,5.37,5.20,5.22
19891229,5.23,5.34,5.23,5.27
19900102,5.28,5.35,5.22,5.25
19900103,5.26,5.26,5.18,5.22
19900104,5.22,5.35,5.22,5.33
19900105,5.34,5.40,5.28,5.38
19900108,5.39,5.39,5.31,5.31
19900109,5.32,5.33,5.26,5.30
19900110,5.30,5.39,5.30,5.37
19900111,5.37,5.41,5.34,5.37
19900112,5.37,5.45,5.37,5.39
19900115,5.39,5.39,5.28,5.30
19900116,5.30,5.34,5.25,5.29
19900117,5.29,5.31,5.25,5.31
19900118,5.31,5.33,5.24,5.24
19900119,5.25,5.28,5.22,5.25
19900122,5.26,5.33,5.20,5.32
19900123,5.32,5.36,5.29,5.34
19900124,5.34,5.41,5.25,5.26
19900125,5.26,5.29,5.25,5.25
19900126,5.26,5.34,5.23,5.26
19900129,5.26,5.28,5.22,5.25
19900130,5.26,5.28,5.23,5.25
19900131,5.25,5.25,5.20,5.23
19900201,5.23,5.33,5.23,5.33
19900202,5.33,5.36,5.30,5.34
19900205,5.35,5.41,5.34,5.36
19900206,5.36,5.36,5.31,5.33
19900207,5.34,5.44,5.32,5.34
19900208,5.34,5.37,5.32,5.34
19900209,5.35,5.35,5.26,5.27
19900212,5.28,5.34,5.28,5.30
19900213,5.31,5.39,5.31,5.33
19900214,5.33,5.35,5.29,5.33
19900215,5.34,5.38,5.32,5.33
19900216,5.34,5.38,5.32,5.34
19900220,5.34,5.37,5.32,5.34
19900221,5.34,5.37,5.28,5.28
19900222,5.29,5.30,5.26,5.27
19900223,5.28,5.28,5.24,5.24
19900226,5.25,5.32,5.22,5.23
19900227,5.23,5.25,5.15,5.16
19900228,5.16,5.21,5.15,5.21
19900301,5.21,5.24,5.19,5.23
19900302,5.24,5.24,5.18,5.20
19900305,5.20,5.21,5.17,5.19
19900306,5.20,5.22,5.18,5.19
19900307,5.19,5.21,5.17,5.19
19900308,5.20,5.22,5.17,5.18
19900309,5.18,5.18,5.14,5.16
19900312,5.16,5.19,5.08,5.10
19900313,5.11,5.13,5.08,5.12
19900314,5.12,5.15,5.12,5.14
19900315,5.14,5.17,5.13,5.13
19900316,5.14,5.18,5.14,5.14
19900319,5.15,5.18,5.14,5.15
19900320,5.16,5.17,5.08,5.09
19900321,5.10,5.12,5.07,5.10
19900322,5.11,5.13,5.09,5.13
19900323,5.13,5.15,5.06,5.09
19900326,5.09,5.09,4.90,5.00
19900327,5.00,5.00,4.96,4.99
19900328,5.00,5.03,4.94,4.96
19900329,4.96,5.01,4.96,4.98
19900330,4.99,5.00,4.95,4.98
19900402,4.99,4.99,4.96,4.98
19900403,4.98,5.04,4.98,5.04
19900404,5.04,5.21,5.03,5.19
19900405,5.20,5.25,5.14,5.17
19900406,5.17,5.21,5.12,5.19
19900409,5.20,5.20,5.11,5.13
19900410,5.14,5.15,5.08,5.11
19900411,5.12,5.16,5.09,5.15
19900412,5.16,5.16,5.10,5.11
19900416,5.11,5.11,5.03,5.08
19900417,5.08,5.13,5.04,5.11
19900418,5.11,5.12,5.06,5.08
19900419,5.08,5.11,5.07,5.08
19900420,5.08,5.11,5.05,5.11
19900423,5.12,5.12,5.06,5.10
19900424,5.11,5.20,5.07,5.08
19900425,5.09,5.09,4.97,5.00
19900426,5.01,5.04,4.99,5.00
19900427,5.00,5.02,4.98,5.00
19900430,5.00,5.02,4.97,5.01
19900501,5.02,5.13,5.02,5.09
19900502,5.10,5.10,5.05,5.07
19900503,5.08,5.11,5.07,5.07
19900504,5.08,5.13,5.07,5.07
19900507,5.08,5.11,5.08,5.09
19900508,5.09,5.10,5.04,5.06
19900509,5.07,5.10,5.01,5.09
19900510,5.10,5.18,5.08,5.15
19900511,5.16,5.16,5.08,5.11
19900514,5.11,5.16,5.09,5.12
19900515,5.13,5.13,5.05,5.07
19900516,5.07,5.08,5.05,5.07
19900517,5.07,5.10,5.07,5.08
19900518,5.08,5.18,5.08,5.17
19900521,5.18,5.21,5.15,5.18
19900522,5.19,5.34,5.17,5.33
19900523,5.34,5.34,5.15,5.28
19900524,5.28,5.31,5.25,5.28
19900525,5.28,5.29,5.25,5.26
19900529,5.26,5.28,5.16,5.18
19900530,5.18,5.21,5.08,5.08
19900531,5.09,5.12,5.08,5.11
19900601,5.11,5.14,5.01,5.08
19900604,5.08,5.08,5.04,5.08
19900605,5.09,5.12,5.07,5.10
19900606,5.10,5.12,5.05,5.06
19900607,5.06,5.06,5.00,5.04
19900608,5.04,5.05,5.01,5.03
19900611,5.04,5.05,5.00,5.04
19900612,5.04,5.08,5.03,5.04
19900613,5.04,5.04,4.93,4.93
19900614,4.93,4.93,4.78,4.79
19900615,4.79,4.84,4.76,4.83
19900618,4.83,4.86,4.82,4.84
19900619,4.84,4.86,4.82,4.83
19900620,4.83,4.86,4.76,4.84
19900621,4.85,4.87,4.82,4.83
19900622,4.83,4.84,4.79,4.82
19900625,4.83,4.94,4.83,4.90
19900626,4.91,4.92,4.81,4.91
19900627,4.91,4.93,4.87,4.88
19900628,4.88,4.93,4.88,4.89
19900629,4.90,5.00,4.87,4.96
19900702,4.97,5.07,4.96,5.01
19900703,5.01,5.05,4.98,4.99
19900705,4.99,4.99,4.93,4.94
19900706,4.94,4.96,4.92,4.93
19900709,4.94,4.97,4.86,4.87
19900710,4.87,4.89,4.83,4.88
19900711,4.88,4.90,4.86,4.90
19900712,4.91,4.96,4.87,4.95
19900713,4.95,5.01,4.93,4.96
19900716,4.97,4.97,4.90,4.90
19900717,4.91,4.92,4.81,4.87
19900718,4.88,4.96,4.85,4.93
19900719,4.94,4.95,4.89,4.90
19900720,4.90,4.93,4.88,4.89
19900723,4.90,4.99,4.90,4.93
19900724,4.93,4.95,4.84,4.86
19900725,4.86,4.94,4.86,4.87
19900726,4.87,4.90,4.85,4.89
19900727,4.90,4.90,4.83,4.87
19900730,4.88,4.89,4.83,4.84
19900731,4.84,4.90,4.82,4.82
19900801,4.83,4.89,4.82,4.86
19900802,4.86,4.97,4.86,4.87
19900803,4.87,4.94,4.83,4.87
19900806,4.87,4.93,4.87,4.92
19900807,4.92,4.92,4.85,4.89
19900808,4.90,4.91,4.87,4.87
19900809,4.88,4.89,4.86,4.88
19900810,4.89,5.00,4.89,4.99
19900814,5.00,5.35,5.00,5.21
19900815,5.22,5.22,5.08,5.09
19900816,5.09,5.21,5.08,5.18
19900817,5.19,5.24,5.17,5.20
19900820,5.20,5.31,5.20,5.26
19900821,5.26,5.34,5.18,5.22
19900822,5.22,5.29,5.22,5.26
19900823,5.26,5.34,5.21,5.25
19900824,5.25,5.33,5.23,5.32
19900827,5.32,5.32,4.93,4.96
19900828,4.97,5.01,4.88,4.96
19900829,4.96,4.97,4.90,4.94
19900830,4.95,4.96,4.90,4.92
19900831,4.92,4.93,4.86,4.87
19900904,4.87,4.91,4.79,4.83
19900905,4.83,4.88,4.82,4.84
19900906,4.84,4.89,4.84,4.87
19900907,4.87,4.92,4.82,4.89
19900910,4.90,4.90,4.81,4.85
19900911,4.86,4.90,4.82,4.87
19900912,4.87,4.92,4.87,4.89
19900913,4.90,4.90,4.86,4.86
19900914,4.87,4.89,4.83,4.84
19900917,4.84,4.87,4.83,4.85
19900918,4.86,4.89,4.81,4.88
19900919,4.88,4.91,4.84,4.85
19900920,4.86,4.87,4.84,4.86
19900921,4.86,4.91,4.86,4.87
19900924,4.88,5.01,4.88,5.00
19900925,5.00,5.00,4.91,4.92
19900926,4.92,4.92,4.82,4.87
19900927,4.88,4.88,4.83,4.84
19900928,4.85,4.87,4.83,4.83
19901001,4.84,4.84,4.68,4.71
19901002,4.71,4.76,4.71,4.75
19901003,4.75,4.76,4.72,4.75
19901004,4.76,4.79,4.71,4.73
19901005,4.74,4.76,4.71,4.73
19901008,4.73,4.74,4.68,4.73
19901009,4.73,4.75,4.63,4.65
19901010,4.65,4.67,4.45,4.46
19901011,4.46,4.46,4.26,4.29
19901012,4.29,4.45,4.20,4.36
19901015,4.36,4.36,4.15,4.18
19901016,4.18,4.29,4.17,4.19
19901017,4.19,4.28,4.19,4.24
19901018,4.24,4.26,4.20,4.24
19901019,4.24,4.33,4.24,4.30
19901022,4.30,4.30,4.22,4.23
19901023,4.24,4.29,4.24,4.26
19901024,4.26,4.27,4.22,4.26
19901025,4.26,4.28,4.22,4.24
19901026,4.25,4.25,4.06,4.08
19901029,4.08,4.16,4.05,4.16
19901030,4.16,4.25,4.14,4.25
19901031,4.25,4.28,4.17,4.18
19901101,4.18,4.34,4.17,4.26
19901102,4.26,4.26,4.16,4.18
19901105,4.20,4.24,4.17,4.23
19901106,4.23,4.27,4.19,4.26
19901107,4.26,4.32,4.22,4.29
19901108,4.29,4.32,4.23,4.28
19901109,4.28,4.28,4.22,4.24
19901112,4.24,4.24,4.17,4.21
19901113,4.21,4.23,4.20,4.21
19901114,4.22,4.22,4.16,4.17
19901115,4.18,4.18,4.09,4.12
19901116,4.12,4.16,4.07,4.15
19901119,4.15,4.17,4.12,4.14
19901120,4.14,4.14,4.09,4.11
19901121,4.12,4.15,4.09,4.12
19901123,4.13,4.18,4.11,4.13
19901126,4.14,4.22,4.14,4.15
19901127,4.16,4.16,4.08,4.10
19901128,4.11,4.22,4.11,4.21
19901129,4.21,4.23,4.17,4.18
19901130,4.18,4.22,4.16,4.22
19901203,4.22,4.25,4.20,4.23
19901204,4.23,4.26,4.21,4.24
19901205,4.25,4.26,4.21,4.24
19901206,4.24,4.24,4.18,4.21
19901207,4.21,4.22,4.11,4.13
19901210,4.13,4.17,4.12,4.13
19901211,4.13,4.16,4.11,4.14
19901212,4.15,4.15,4.07,4.10
19901213,4.10,4.10,4.04,4.08
19901214,4.08,4.08,3.98,4.00
19901217,4.01,4.03,3.99,4.02
19901218,4.03,4.03,4.00,4.03
19901219,4.04,4.17,4.03,4.16
19901220,4.17,4.40,4.16,4.26
19901221,4.26,4.26,4.03,4.09
19901226,4.10,4.17,4.07,4.16
19901227,4.17,4.17,4.11,4.16
19901228,4.16,4.25,4.16,4.25
19901231,4.25,4.25,4.20,4.25
19910102,4.25,4.25,4.14,4.17
19910103,4.17,4.29,4.12,4.27
19910104,4.27,4.28,4.19,4.21
19910107,4.21,4.34,4.21,4.34
19910108,4.35,4.35,4.09,4.18
19910109,4.18,4.18,4.08,4.17
19910110,4.18,4.22,4.13,4.14
19910111,4.15,4.20,4.15,4.17
19910114,4.18,4.28,4.18,4.26
19910115,4.26,4.27,4.21,4.22
19910116,4.23,4.29,4.17,4.24
19910117,4.24,4.24,4.04,4.04
19910118,4.05,4.07,4.00,4.01
19910121,4.02,4.05,4.01,4.02
19910122,4.03,4.07,4.01,4.03
19910123,4.04,4.04,3.92,3.94
19910124,3.94,3.94,3.76,3.79
19910125,3.79,3.85,3.79,3.82
19910128,3.82,3.85,3.81,3.84
19910129,3.85,3.87,3.83,3.87
19910130,3.88,3.88,3.82,3.83
19910131,3.83,3.85,3.83,3.85
19910201,3.86,3.90,3.83,3.87
19910204,3.88,3.88,3.85,3.86
19910205,3.86,3.87,3.83,3.86
19910206,3.87,3.87,3.77,3.79
19910207,3.79,3.85,3.73,3.81
19910208,3.82,3.86,3.81,3.83
19910211,3.84,3.84,3.63,3.70
19910212,3.70,3.72,3.65,3.71
19910213,3.72,3.76,3.71,3.75
19910214,3.75,3.92,3.75,3.83
19910215,3.84,3.85,3.77,3.79
19910219,3.79,3.79,3.62,3.69
19910220,3.70,3.71,3.63,3.68
19910221,3.68,3.68,3.60,3.64
19910222,3.64,3.64,3.50,3.51
19910225,3.52,3.60,3.52,3.58
19910226,3.58,3.68,3.58,3.61
19910227,3.62,3.67,3.61,3.62
19910228,3.62,3.79,3.62,3.77
19910301,3.77,3.83,3.73,3.82
19910304,3.83,3.92,3.78,3.90
19910305,3.91,3.92,3.83,3.88
19910306,3.89,4.00,3.85,3.91
19910307,3.91,4.04,3.90,4.01
19910308,4.02,4.24,4.02,4.21
19910311,4.21,4.23,4.08,4.11
19910312,4.11,4.11,4.01,4.04
19910313,4.05,4.20,4.05,4.14
19910314,4.15,4.15,4.02,4.07
19910315,4.07,4.17,4.03,4.12
19910318,4.13,4.13,3.95,3.98
19910319,3.98,4.10,3.96,4.05
19910320,4.06,4.10,3.92,3.96
19910321,3.97,4.04,3.96,4.02
19910322,4.03,4.05,3.98,3.99
19910325,4.00,4.00,3.91,3.95
19910326,3.96,3.96,3.90,3.91
19910327,3.91,3.91,3.81,3.83
19910328,3.84,3.89,3.84,3.87
19910401,3.87,3.97,3.87,3.96
19910402,3.97,4.05,3.94,4.01
19910403,4.01,4.15,4.01,4.08
19910404,4.08,4.12,4.05,4.06
19910405,4.06,4.06,3.92,3.95
19910408,3.95,4.00,3.95,3.98
19910409,3.98,4.05,3.98,4.03
19910410,4.04,4.04,3.96,3.98
19910411,3.99,4.00,3.97,3.98
19910412,3.98,4.04,3.96,3.99
19910415,3.99,4.00,3.95,3.99
19910416,3.99,4.07,3.99,4.02
19910417,4.03,4.10,4.03,4.09
19910418,4.10,4.14,3.93,3.94
19910419,3.95,3.96,3.87,3.91
19910422,3.92,3.96,3.88,3.94
19910423,3.94,3.99,3.93,3.99
19910424,4.00,4.00,3.92,3.97
19910425,3.98,3.98,3.91,3.94
19910426,3.95,3.98,3.92,3.96
19910429,3.97,3.97,3.90,3.96
19910430,3.97,4.06,3.97,4.01
19910501,4.02,4.04,3.98,3.99
19910502,4.00,4.06,3.96,4.04
19910503,4.04,4.07,3.96,3.98
19910506,3.99,4.05,3.96,4.04
19910507,4.04,4.11,4.04,4.07
19910508,4.08,4.09,4.04,4.08
19910509,4.09,4.14,4.05,4.08
19910510,4.09,4.09,4.04,4.06
19910513,4.07,4.07,4.00,4.02
19910514,4.03,4.08,4.00,4.08
19910515,4.08,4.18,4.08,4.13
19910516,4.13,4.13,4.00,4.04
19910517,4.04,4.07,4.01,4.03
19910520,4.04,4.07,4.00,4.05
19910521,4.06,4.08,4.04,4.06
19910522,4.07,4.11,4.04,4.06
19910523,4.07,4.08,4.04,4.06
19910524,4.07,4.08,4.04,4.05
19910528,4.05,4.21,4.04,4.17
19910529,4.18,4.19,4.13,4.17
19910530,4.17,4.18,4.09,4.17
19910531,4.17,4.17,4.11,4.12
19910603,4.12,4.20,4.12,4.17
19910604,4.18,4.21,4.13,4.16
19910605,4.16,4.19,4.14,4.18
19910606,4.19,4.44,4.19,4.43
19910607,4.43,4.64,4.43,4.47
19910610,4.48,4.62,4.48,4.56
19910611,4.57,4.57,4.47,4.51
19910612,4.52,4.63,4.48,4.50
19910613,4.50,4.57,4.46,4.52
19910614,4.53,4.53,4.36,4.43
19910617,4.43,4.45,4.39,4.45
19910618,4.45,4.54,4.40,4.46
19910619,4.46,4.46,4.38,4.44
19910620,4.44,4.46,4.39,4.45
19910621,4.45,4.46,4.38,4.38
19910624,4.38,4.38,4.25,4.35
19910625,4.36,4.40,4.33,4.38
19910626,4.38,4.49,4.38,4.41
19910627,4.42,4.44,4.37,4.44
19910628,4.45,4.54,4.42,4.47
19910701,4.48,4.53,4.45,4.49
19910702,4.49,4.49,4.40,4.46
19910703,4.46,4.55,4.46,4.53
19910708,4.53,4.55,4.48,4.51
19910709,4.52,4.52,4.47,4.47
19910710,4.48,4.54,4.46,4.46
19910711,4.47,4.47,4.37,4.38
19910712,4.38,4.42,4.35,4.40
19910715,4.40,4.41,4.37,4.39
19910716,4.39,4.42,4.37,4.40
19910717,4.41,4.45,4.41,4.45
19910718,4.45,4.50,4.37,4.41
19910719,4.42,4.42,4.41,4.42
19910722,4.43,4.43,4.35,4.36
19910723,4.36,4.36,4.29,4.29
19910724,4.29,4.29,4.00,4.01
19910725,4.02,4.12,4.02,4.08
19910726,4.08,4.11,4.04,4.10
19910729,4.11,4.11,4.08,4.08
19910730,4.09,4.09,4.01,4.07
19910731,4.07,4.09,4.05,4.08
19910801,4.08,4.08,4.04,4.05
19910802,4.06,4.06,3.91,3.94
19910805,3.94,3.95,3.89,3.94
19910806,3.95,3.98,3.94,3.96
19910807,3.97,3.98,3.94,3.97
19910808,3.98,3.98,3.92,3.93
19910809,3.93,3.98,3.93,3.98
19910812,3.98,3.98,3.96,3.96
19910813,3.98,3.98,3.93,3.94
19910814,3.94,3.98,3.87,3.96
19910815,3.97,3.98,3.92,3.93
19910816,3.94,4.03,3.94,4.00
19910819,4.00,4.19,4.00,4.07
19910820,4.08,4.08,3.94,4.01
19910821,4.02,4.04,3.98,4.00
19910822,4.01,4.02,3.97,3.98
19910823,3.98,4.01,3.91,4.01
19910826,4.01,4.03,3.98,4.00
19910827,4.01,4.02,3.96,3.98
19910828,3.98,4.01,3.98,3.99
19910829,3.99,3.99,3.87,3.88
19910830,3.89,3.90,3.85,3.87
19910903,3.88,3.98,3.88,3.97
19910904,3.97,3.98,3.95,3.96
19910905,3.97,3.97,3.90,3.92
19910906,3.93,4.04,3.90,4.03
19910909,4.03,4.12,4.03,4.10
19910910,4.10,4.14,4.03,4.04
19910911,4.04,4.04,3.95,4.00
19910912,4.00,4.05,4.00,4.01
19910913,4.01,4.04,3.98,4.04
19910916,4.04,4.12,4.04,4.05
19910917,4.06,4.14,4.06,4.11
19910918,4.12,4.16,4.10,4.13
19910919,4.14,4.16,4.08,4.12
19910920,4.12,4.14,4.09,4.14
19910923,4.14,4.22,4.14,4.22
19910924,4.22,4.33,4.22,4.30
19910925,4.31,4.31,4.22,4.26
19910926,4.27,4.27,4.14,4.16
19910927,4.16,4.16,4.08,4.12
19910930,4.13,4.22,4.13,4.17
19911001,4.18,4.21,4.17,4.20
19911002,4.20,4.26,4.18,4.18
19911003,4.19,4.24,4.17,4.22
19911004,4.22,4.22,4.13,4.17
19911007,4.18,4.18,4.12,4.15
19911008,4.15,4.15,4.06,4.08
19911009,4.09,4.12,4.06,4.11
19911010,4.12,4.14,4.06,4.08
19911011,4.09,4.16,4.04,4.15
19911014,4.15,4.15,4.07,4.10
19911015,4.10,4.11,4.08,4.08
19911016,4.09,4.13,4.07,4.13
19911017,4.13,4.16,4.08,4.12
19911018,4.13,4.17,4.09,4.16
19911021,4.17,4.22,4.17,4.17
19911022,4.17,4.17,4.14,4.16
19911023,4.17,4.17,4.10,4.12
19911024,4.12,4.14,4.08,4.13
19911025,4.14,4.15,4.10,4.11
19911028,4.11,4.11,4.03,4.08
19911029,4.08,4.14,4.04,4.12
19911030,4.12,4.13,4.10,4.11
19911031,4.12,4.14,4.08,4.11
19911101,4.11,4.14,4.05,4.06
19911104,4.07,4.10,4.04,4.08
19911105,4.09,4.12,4.06,4.06
19911106,4.07,4.09,4.05,4.07
19911107,4.08,4.08,3.98,4.00
19911108,4.00,4.03,3.98,4.00
19911111,4.01,4.04,4.00,4.01
19911112,4.02,4.07,4.01,4.04
19911113,4.05,4.07,4.01,4.05
19911114,4.05,4.05,3.96,3.98
19911115,3.98,4.09,3.98,4.03
19911118,4.03,4.05,4.01,4.03
19911119,4.03,4.12,4.03,4.07
19911120,4.08,4.09,4.05,4.08
19911121,4.09,4.13,4.06,4.12
19911122,4.13,4.17,4.11,4.13
19911125,4.14,4.24,4.12,4.14
19911126,4.14,4.16,4.08,4.14
19911127,4.14,4.15,4.11,4.12
19911129,4.12,4.12,4.08,4.11
19911202,4.12,4.14,4.10,4.11
19911203,4.11,4.11,4.05,4.06
19911204,4.07,4.08,4.04,4.06
19911205,4.06,4.09,4.06,4.08
19911206,4.08,4.12,4.06,4.07
19911209,4.08,4.11,4.05,4.06
19911210,4.07,4.07,4.00,4.02
19911211,4.03,4.03,3.92,3.95
19911212,3.95,3.96,3.83,3.86
19911213,3.86,3.90,3.83,3.88
19911216,3.88,3.89,3.85,3.86
19911217,3.87,3.89,3.85,3.87
19911218,3.88,3.88,3.84,3.87
19911219,3.87,3.90,3.85,3.86
19911220,3.87,3.92,3.81,3.88
19911223,3.88,3.94,3.88,3.94
19911224,3.94,3.95,3.92,3.94
19911226,3.94,3.94,3.90,3.93
19911227,3.94,3.94,3.85,3.89
19911230,3.89,3.90,3.84,3.88
19911231,3.88,3.92,3.86,3.91
19920102,3.92,4.00,3.85,3.98
19920103,3.98,4.04,3.96,3.97
19920106,3.98,3.98,3.91,3.97
19920107,3.97,3.98,3.94,3.94
19920108,3.95,3.98,3.93,3.97
19920109,3.97,4.18,3.97,4.15
19920110,4.16,4.17,4.09,4.11
19920113,4.11,4.11,4.06,4.09
19920114,4.09,4.12,4.04,4.10
19920115,4.11,4.21,4.11,4.16
19920116,4.17,4.41,4.14,4.34
19920117,4.34,4.38,4.28,4.29
19920120,4.30,4.33,4.24,4.28
19920121,4.28,4.34,4.26,4.29
19920122,4.29,4.30,4.25,4.29
19920123,4.29,4.32,4.21,4.22
19920124,4.22,4.22,4.11,4.16
19920127,4.17,4.21,4.13,4.17
19920128,4.17,4.22,4.17,4.19
19920129,4.20,4.28,4.15,4.25
19920130,4.26,4.26,4.12,4.14
19920131,4.15,4.21,4.11,4.18
19920203,4.18,4.20,4.15,4.17
19920204,4.18,4.21,4.16,4.17
19920205,4.18,4.20,4.14,4.20
19920206,4.21,4.25,4.21,4.22
19920207,4.22,4.29,4.15,4.19
19920210,4.19,4.21,4.17,4.20
19920211,4.21,4.21,4.17,4.18
19920212,4.19,4.23,4.19,4.21
19920213,4.21,4.26,4.18,4.20
19920214,4.21,4.21,4.13,4.16
19920218,4.17,4.17,4.04,4.06
19920219,4.07,4.08,4.04,4.05
19920220,4.06,4.13,4.06,4.12
19920221,4.12,4.12,4.08,4.10
19920224,4.10,4.14,4.06,4.09
19920225,4.10,4.16,4.10,4.10
19920226,4.11,4.13,4.08,4.09
19920227,4.10,4.17,4.10,4.14
19920228,4.14,4.14,4.12,4.13
19920302,4.14,4.16,4.11,4.15
19920303,4.15,4.20,4.13,4.13
19920304,4.14,4.14,4.12,4.14
19920305,4.14,4.18,4.12,4.17
19920306,4.17,4.22,4.17,4.18
19920309,4.19,4.19,4.16,4.19
19920310,4.20,4.21,4.17,4.17
19920311,4.18,4.18,4.16,4.17
19920312,4.18,4.18,4.08,4.11
19920313,4.11,4.13,4.09,4.12
19920316,4.13,4.13,4.08,4.09
19920317,4.09,4.09,4.03,4.07
19920318,4.08,4.09,4.05,4.05
19920319,4.05,4.16,4.01,4.14
19920320,4.15,4.16,4.09,4.13
19920323,4.14,4.14,4.11,4.11
19920324,4.11,4.12,4.11,4.11
19920325,4.11,4.13,4.09,4.10
19920326,4.10,4.12,4.09,4.11
19920327,4.11,4.17,4.09,4.16
19920330,4.16,4.16,4.13,4.14
19920331,4.14,4.16,4.13,4.14
19920401,4.15,4.17,4.10,4.10
19920402,4.11,4.11,4.07,4.09
19920403,4.09,4.10,4.08,4.09
19920406,4.09,4.14,4.08,4.11
19920407,4.11,4.11,4.07,4.08
19920408,4.09,4.11,4.08,4.09
19920409,4.09,4.13,4.09,4.11
19920410,4.12,4.16,4.10,4.11
19920413,4.12,4.12,4.07,4.09
19920414,4.10,4.12,4.09,4.11
19920415,4.12,4.12,3.98,4.01
19920416,4.02,4.03,3.96,3.97
19920420,3.97,3.99,3.92,3.97
19920421,3.98,4.01,3.96,4.00
19920422,4.00,4.06,4.00,4.05
19920423,4.05,4.07,4.03,4.05
19920424,4.05,4.05,3.98,4.00
19920427,4.00,4.01,3.96,3.97
19920428,3.98,3.99,3.96,3.97
19920429,3.97,4.00,3.94,3.98
19920430,3.99,4.02,3.98,4.01
19920501,4.03,4.04,4.01,4.03
19920504,4.03,4.04,4.00,4.03
19920505,4.03,4.11,4.03,4.08
19920506,4.08,4.11,4.07,4.09
19920507,4.09,4.09,4.04,4.06
19920508,4.06,4.14,4.04,4.10
19920511,4.10,4.13,4.10,4.11
19920512,4.12,4.12,4.09,4.11
19920513,4.11,4.12,4.08,4.10
19920514,4.11,4.13,4.11,4.12
19920515,4.13,4.17,4.09,4.10
19920518,4.11,4.13,4.09,4.10
19920519,4.11,4.14,4.08,4.09
19920520,4.09,4.10,4.08,4.09
19920521,4.10,4.10,4.08,4.08
19920522,4.09,4.12,4.08,4.10
19920526,4.10,4.12,4.09,4.10
19920527,4.11,4.12,4.09,4.09
19920528,4.10,4.10,4.06,4.07
19920529,4.07,4.08,4.01,4.02
19920601,4.02,4.07,3.99,4.05
19920602,4.05,4.10,4.05,4.08
19920603,4.09,4.12,4.07,4.07
19920604,4.08,4.08,4.05,4.08
19920605,4.09,4.09,4.05,4.06
19920608,4.06,4.07,4.03,4.05
19920609,4.05,4.06,4.04,4.05
19920610,4.05,4.07,4.05,4.06
19920611,4.06,4.11,4.04,4.11
19920612,4.11,4.13,4.07,4.13
19920615,4.13,4.14,4.09,4.14
19920616,4.14,4.14,4.09,4.10
19920617,4.11,4.12,4.08,4.09
19920618,4.09,4.11,4.08,4.09
19920619,4.09,4.14,4.02,4.02
19920622,4.03,4.05,4.02,4.04
19920623,4.04,4.05,4.03,4.03
19920624,4.04,4.04,4.01,4.02
19920625,4.03,4.04,4.00,4.00
19920626,4.01,4.04,4.00,4.00
19920629,4.01,4.04,3.98,4.04
19920630,4.04,4.06,4.04,4.06
19920701,4.06,4.07,4.04,4.06
19920702,4.06,4.11,4.04,4.06
19920706,4.07,4.08,4.05,4.05
19920707,4.06,4.06,3.83,3.90
19920708,3.90,3.94,3.90,3.90
19920709,3.91,3.95,3.90,3.95
19920710,3.95,3.97,3.93,3.94
19920713,3.94,3.94,3.92,3.94
19920714,3.95,3.96,3.92,3.96
19920715,3.96,3.96,3.94,3.96
19920716,3.96,3.96,3.92,3.93
19920717,3.93,4.02,3.92,3.99
19920720,4.00,4.04,3.98,3.98
19920721,3.99,3.99,3.94,3.96
19920722,3.96,4.00,3.96,3.99
19920723,3.99,4.01,3.97,3.98
19920724,3.98,3.98,3.95,3.98
19920727,3.98,3.98,3.96,3.96
19920728,3.97,3.98,3.95,3.96
19920729,3.97,3.97,3.90,3.90
19920730,3.91,3.94,3.90,3.93
19920731,3.93,3.96,3.92,3.94
19920803,3.95,3.95,3.88,3.89
19920804,3.90,3.90,3.86,3.88
19920805,3.89,3.90,3.86,3.89
19920806,3.90,3.92,3.90,3.92
19920807,3.92,3.98,3.92,3.97
19920810,3.98,3.98,3.96,3.96
19920811,3.97,3.97,3.88,3.90
19920812,3.90,3.90,3.76,3.77
19920813,3.78,3.85,3.78,3.81
19920814,3.81,3.86,3.81,3.83
19920817,3.84,3.85,3.81,3.82
19920818,3.83,3.83,3.79,3.81
19920819,3.82,3.83,3.80,3.81
19920820,3.82,3.82,3.74,3.77
19920821,3.77,3.79,3.75,3.76
19920824,3.77,3.78,3.73,3.75
19920825,3.77,3.77,3.73,3.74
19920826,3.74,3.74,3.66,3.71
19920827,3.71,3.75,3.70,3.74
19920828,3.75,3.76,3.71,3.71
19920831,3.72,3.79,3.72,3.77
19920901,3.77,3.78,3.73,3.75
19920902,3.75,3.75,3.72,3.73
19920903,3.73,3.77,3.71,3.76
19920904,3.77,3.79,3.73,3.73
19920908,3.74,3.75,3.73,3.74
19920909,3.75,3.78,3.73,3.74
19920910,3.74,3.75,3.73,3.73
19920911,3.74,3.74,3.69,3.71
19920914,3.71,3.84,3.71,3.80
19920915,3.80,3.85,3.79,3.83
19920916,3.84,3.87,3.84,3.85
19920917,3.85,3.85,3.78,3.79
19920918,3.80,3.92,3.79,3.87
19920921,3.88,3.88,3.81,3.83
19920922,3.83,3.90,3.80,3.85
19920923,3.86,3.87,3.82,3.83
19920924,3.83,3.85,3.81,3.84
19920925,3.85,3.86,3.81,3.82
19920928,3.83,3.83,3.73,3.75
19920929,3.75,3.77,3.73,3.75
19920930,3.75,3.79,3.75,3.76
19921001,3.76,3.77,3.73,3.74
19921002,3.74,3.76,3.73,3.76
19921005,3.77,3.81,3.75,3.77
19921006,3.78,3.78,3.75,3.75
19921007,3.76,3.76,3.73,3.75
19921008,3.75,3.79,3.73,3.75
19921009,3.76,3.80,3.73,3.78
19921012,3.78,3.78,3.74,3.75
19921013,3.76,3.76,3.70,3.71
19921014,3.72,3.73,3.69,3.71
19921015,3.72,3.73,3.70,3.70
19921016,3.70,3.74,3.70,3.72
19921019,3.72,3.73,3.72,3.73
19921020,3.74,3.83,3.74,3.79
19921021,3.80,3.83,3.79,3.81
19921022,3.81,3.81,3.77,3.79
19921023,3.80,3.81,3.77,3.78
19921026,3.79,3.79,3.75,3.76
19921027,3.76,3.76,3.73,3.75
19921028,3.76,3.77,3.75,3.77
19921029,3.77,3.77,3.75,3.77
19921030,3.77,3.77,3.75,3.76
19921102,3.76,3.80,3.76,3.79
19921103,3.80,3.81,3.77,3.78
19921104,3.79,3.86,3.79,3.85
19921105,3.85,3.97,3.85,3.94
19921106,3.94,3.98,3.87,3.88
19921109,3.89,3.89,3.68,3.70
19921110,3.71,3.71,3.63,3.65
19921111,3.65,3.69,3.65,3.67
19921112,3.68,3.80,3.65,3.78
19921113,3.78,3.83,3.75,3.75
19921116,3.76,3.77,3.73,3.75
19921117,3.76,3.77,3.74,3.76
19921118,3.76,3.79,3.75,3.76
19921119,3.77,3.77,3.75,3.76
19921120,3.77,3.78,3.75,3.76
19921123,3.77,3.77,3.73,3.75
19921124,3.75,3.81,3.75,3.79
19921125,3.79,3.79,3.77,3.79
19921127,3.79,3.79,3.75,3.76
19921130,3.76,3.79,3.75,3.77
19921201,3.77,3.79,3.77,3.77
19921202,3.77,3.79,3.77,3.77
19921203,3.78,3.80,3.77,3.78
19921204,3.79,3.79,3.77,3.78
19921207,3.79,3.79,3.76,3.79
19921208,3.79,3.80,3.77,3.77
19921209,3.78,3.78,3.71,3.72
19921210,3.73,3.75,3.71,3.74
19921211,3.75,3.75,3.73,3.74
19921214,3.75,3.75,3.73,3.74
19921215,3.74,3.74,3.72,3.72
19921216,3.73,3.77,3.73,3.76
19921217,3.76,3.83,3.76,3.80
19921218,3.81,3.81,3.78,3.79
19921221,3.80,3.80,3.75,3.76
19921222,3.77,3.77,3.69,3.71
19921223,3.71,3.72,3.69,3.71
19921224,3.72,3.72,3.69,3.69
19921228,3.70,3.73,3.69,3.69
19921229,3.69,3.69,3.65,3.67
19921230,3.67,3.70,3.65,3.69
19921231,3.69,3.70,3.68,3.69
19930104,3.69,3.69,3.63,3.65
19930105,3.65,3.71,3.65,3.69
19930106,3.70,3.74,3.69,3.71
19930107,3.71,3.71,3.67,3.67
19930108,3.68,3.69,3.66,3.69
19930111,3.69,3.69,3.67,3.67
19930112,3.67,3.73,3.67,3.70
19930113,3.70,3.72,3.67,3.70
19930114,3.71,3.72,3.67,3.67
19930115,3.69,3.69,3.65,3.67
19930118,3.67,3.69,3.66,3.68
19930119,3.69,3.73,3.68,3.69
19930120,3.70,3.76,3.67,3.74
19930121,3.74,3.75,3.72,3.72
19930122,3.73,3.75,3.70,3.71
19930125,3.71,3.71,3.68,3.69
19930126,3.70,3.71,3.69,3.70
19930127,3.71,3.71,3.67,3.68
19930128,3.69,3.72,3.68,3.71
19930129,3.72,3.73,3.65,3.66
19930201,3.67,3.69,3.65,3.67
19930202,3.68,3.69,3.67,3.67
19930203,3.68,3.69,3.66,3.66
19930204,3.66,3.68,3.65,3.67
19930205,3.68,3.68,3.65,3.66
19930208,3.66,3.67,3.65,3.67
19930209,3.67,3.71,3.67,3.70
19930210,3.70,3.77,3.70,3.76
19930211,3.77,3.79,3.75,3.76
19930212,3.76,3.76,3.68,3.69
19930216,3.69,3.72,3.67,3.71
19930217,3.72,3.72,3.63,3.65
19930218,3.65,3.66,3.63,3.63
19930219,3.63,3.63,3.56,3.56
19930222,3.57,3.57,3.51,3.52
19930223,3.53,3.61,3.53,3.61
19930224,3.61,3.62,3.58,3.58
19930225,3.59,3.60,3.56,3.56
19930226,3.57,3.60,3.56,3.60
19930301,3.61,3.61,3.58,3.58
19930302,3.59,3.61,3.58,3.59
19930303,3.59,3.60,3.58,3.58
19930304,3.58,3.58,3.56,3.58
19930305,3.58,3.62,3.58,3.59
19930308,3.59,3.59,3.55,3.56
19930309,3.56,3.58,3.56,3.58
19930310,3.58,3.61,3.56,3.58
19930311,3.59,3.65,3.59,3.64
19930312,3.65,3.66,3.63,3.64
19930315,3.64,3.68,3.62,3.67
19930316,3.68,3.70,3.65,3.67
19930317,3.67,3.67,3.63,3.64
19930318,3.64,3.70,3.64,3.69
19930319,3.70,3.70,3.67,3.69
19930322,3.70,3.71,3.67,3.69
19930323,3.70,3.70,3.65,3.66
19930324,3.67,3.69,3.65,3.69
19930325,3.70,3.73,3.69,3.72
19930326,3.73,3.75,3.71,3.73
19930329,3.74,3.75,3.70,3.75
19930330,3.75,3.94,3.75,3.90
19930331,3.91,3.92,3.86,3.89
19930401,3.90,3.92,3.83,3.91
19930402,3.91,4.01,3.91,3.97
19930405,3.98,3.98,3.87,3.92
19930406,3.92,3.94,3.83,3.85
19930407,3.86,3.87,3.79,3.87
19930408,3.87,3.94,3.83,3.84
19930412,3.84,3.88,3.79,3.88
19930413,3.89,3.90,3.85,3.88
19930414,3.88,3.98,3.88,3.94
19930415,3.95,3.95,3.84,3.88
19930416,3.88,3.98,3.88,3.95
19930419,3.95,4.01,3.90,3.94
19930420,3.94,3.99,3.91,3.95
19930421,3.96,3.96,3.89,3.93
19930422,3.94,3.98,3.88,3.94
19930423,3.95,4.03,3.95,3.98
19930426,3.98,4.12,3.98,4.09
19930427,4.10,4.15,4.08,4.12
19930428,4.12,4.22,4.08,4.21
19930429,4.21,4.41,4.21,4.38
19930430,4.38,4.42,4.30,4.42
19930503,4.42,4.48,4.32,4.32
19930504,4.32,4.36,4.23,4.29
19930505,4.30,4.33,4.26,4.32
19930506,4.32,4.38,4.29,4.38
19930507,4.38,4.41,4.26,4.29
19930510,4.29,4.32,4.25,4.28
19930511,4.28,4.30,4.25,4.27
19930512,4.28,4.39,4.25,4.39
19930513,4.40,4.59,4.40,4.48
19930514,4.49,4.50,4.42,4.46
19930517,4.46,4.50,4.41,4.42
19930518,4.42,4.63,4.39,4.62
19930519,4.63,4.75,4.51,4.54
19930520,4.54,4.58,4.52,4.53
19930521,4.53,4.69,4.51,4.68
19930524,4.69,4.75,4.52,4.55
19930525,4.56,4.65,4.54,4.64
19930526,4.64,4.64,4.54,4.56
19930527,4.57,4.71,4.52,4.70
19930528,4.70,4.72,4.60,4.62
19930601,4.63,4.66,4.31,4.41
19930602,4.41,4.43,4.33,4.37
19930603,4.38,4.49,4.38,4.46
19930604,4.46,4.50,4.43,4.45
19930607,4.45,4.45,4.37,4.42
19930608,4.42,4.45,4.39,4.40
19930609,4.40,4.40,4.33,4.34
19930610,4.35,4.35,4.26,4.31
19930611,4.31,4.37,4.16,4.19
19930614,4.19,4.22,4.16,4.22
19930615,4.23,4.30,4.18,4.29
19930616,4.29,4.35,4.27,4.33
19930617,4.34,4.38,4.31,4.34
19930618,4.35,4.39,4.28,4.29
19930621,4.30,4.33,4.27,4.29
19930622,4.29,4.29,4.25,4.26
19930623,4.27,4.42,4.25,4.39
19930624,4.41,4.42,4.36,4.39
19930625,4.39,4.50,4.39,4.49
19930628,4.50,4.54,4.46,4.48
19930629,4.49,4.64,4.42,4.59
19930630,4.60,4.64,4.57,4.59
19930701,4.59,4.83,4.55,4.80
19930702,4.80,4.98,4.80,4.89
19930706,4.90,5.13,4.90,5.12
19930707,5.13,5.19,5.04,5.13
19930708,5.14,5.14,5.05,5.08
19930709,5.08,5.08,4.99,5.03
19930712,5.03,5.11,5.03,5.08
19930713,5.09,5.09,4.92,5.07
19930714,5.07,5.09,4.94,4.96
19930715,4.96,5.11,4.95,5.07
19930716,5.07,5.10,5.00,5.07
19930719,5.08,5.16,5.06,5.07
19930720,5.07,5.10,5.02,5.06
19930721,5.07,5.08,4.96,4.96
19930722,4.97,5.04,4.85,5.01
19930723,5.02,5.05,4.96,4.98
19930726,4.99,5.12,4.97,5.10
19930727,5.11,5.13,5.07,5.08
19930728,5.09,5.20,5.08,5.17
19930729,5.17,5.23,5.09,5.22
19930730,5.22,5.42,5.22,5.41
19930802,5.42,5.47,5.32,5.46
19930803,5.46,5.46,5.36,5.38
19930804,5.39,5.39,5.26,5.26
19930805,5.27,5.27,4.74,4.78
19930806,4.79,4.79,4.57,4.58
19930809,4.58,4.82,4.58,4.77
19930810,4.78,4.79,4.63,4.76
19930811,4.76,4.79,4.65,4.68
19930812,4.69,4.71,4.48,4.56
19930813,4.57,4.68,4.57,4.67
19930816,4.67,4.83,4.67,4.79
19930817,4.80,4.80,4.73,4.75
19930818,4.76,4.79,4.71,4.75
19930819,4.76,4.78,4.70,4.70
19930820,4.71,4.87,4.71,4.84
19930823,4.84,4.89,4.79,4.81
19930824,4.82,4.84,4.77,4.78
19930825,4.78,4.79,4.73,4.78
19930826,4.78,4.78,4.66,4.72
19930827,4.72,4.80,4.70,4.79
19930830,4.80,4.92,4.80,4.88
19930831,4.88,4.89,4.84,4.88
19930901,4.89,4.89,4.76,4.79
19930902,4.79,4.79,4.40,4.61
19930903,4.62,4.64,4.51,4.56
19930907,4.57,4.57,4.27,4.30
19930908,4.30,4.33,4.21,4.26
19930909,4.26,4.33,4.26,4.28
19930910,4.28,4.31,4.08,4.10
19930913,4.10,4.10,3.93,3.94
19930914,3.95,4.07,3.92,4.00
19930915,4.01,4.08,3.97,4.01
19930916,4.01,4.15,4.01,4.10
19930917,4.10,4.15,4.03,4.07
19930920,4.08,4.17,4.08,4.12
19930921,4.12,4.24,4.07,4.21
19930922,4.22,4.22,4.02,4.07
19930923,4.07,4.19,4.07,4.18
19930924,4.19,4.19,4.10,4.14
19930927,4.15,4.15,4.04,4.07
19930928,4.08,4.14,4.04,4.10
19930929,4.11,4.11,3.98,4.04
19930930,4.04,4.11,4.04,4.08
19931001,4.08,4.11,4.03,4.06
19931004,4.07,4.09,4.02,4.08
19931005,4.08,4.10,4.04,4.08
19931006,4.09,4.29,4.09,4.29
19931007,4.29,4.40,4.29,4.38
19931008,4.39,4.40,4.30,4.36
19931011,4.36,4.44,4.30,4.33
19931012,4.34,4.49,4.27,4.44
19931013,4.45,4.45,4.39,4.43
19931014,4.43,4.52,4.33,4.35
19931015,4.35,4.38,4.32,4.36
19931018,4.36,4.46,4.33,4.42
19931019,4.43,4.45,4.34,4.43
19931020,4.43,4.56,4.43,4.54
19931021,4.55,4.60,4.50,4.53
19931022,4.54,4.54,4.37,4.46
19931025,4.46,4.49,4.35,4.42
19931026,4.42,4.42,4.36,4.39
19931027,4.40,4.49,4.38,4.46
19931028,4.46,4.48,4.34,4.39
19931029,4.39,4.43,4.36,4.37
19931101,4.37,4.37,4.20,4.22
19931102,4.23,4.26,4.17,4.19
19931103,4.20,4.32,4.19,4.31
19931104,4.31,4.47,4.31,4.38
19931105,4.39,4.65,4.39,4.50
19931108,4.51,4.53,4.47,4.50
19931109,4.50,4.58,4.50,4.53
19931110,4.53,4.60,4.50,4.58
19931111,4.58,4.62,4.50,4.55
19931112,4.56,4.61,4.50,4.51
19931115,4.51,4.56,4.50,4.55
19931116,4.56,4.61,4.55,4.56
19931117,4.57,4.61,4.50,4.60
19931118,4.61,4.71,4.61,4.67
19931119,4.68,4.74,4.67,4.71
19931122,4.71,4.73,4.66,4.70
19931123,4.70,4.74,4.67,4.71
19931124,4.72,4.72,4.67,4.69
19931129,4.70,4.70,4.40,4.49
19931130,4.49,4.52,4.45,4.46
19931201,4.47,4.71,4.43,4.69
19931202,4.69,4.70,4.62,4.65
19931203,4.66,4.89,4.63,4.85
19931206,4.85,4.88,4.82,4.86
19931207,4.86,4.95,4.86,4.95
19931208,4.95,5.10,4.95,5.01
19931209,5.02,5.08,4.97,5.00
19931210,5.00,5.07,4.97,5.06
19931213,5.06,5.19,5.06,5.17
19931214,5.14,5.17,5.00,5.10
19931215,5.12,5.16,5.01,5.10
19931216,5.09,5.12,4.98,5.01
19931217,5.00,5.11,4.94,5.03
19931220,5.03,5.14,5.03,5.11
19931221,5.11,5.12,5.06,5.06
19931222,5.05,5.07,4.95,5.05
19931223,5.04,5.05,4.99,5.05
19931224,5.04,5.04,5.02,5.02
19931227,5.01,5.11,5.01,5.10
19931228,5.10,5.12,5.03,5.08
19931229,5.08,5.13,5.01,5.11
19931230,5.12,5.17,5.08,5.09
19931231,5.09,5.11,5.08,5.10
19940103,5.10,5.24,5.08,5.22
19940104,5.22,5.32,5.18,5.19
19940105,5.20,5.26,4.96,5.04
19940106,5.05,5.20,4.90,5.10
19940107,5.10,5.13,4.97,5.00
19940110,5.00,5.05,4.85,5.02
19940111,5.01,5.13,4.93,5.11
19940112,5.12,5.14,5.06,5.07
19940113,5.07,5.26,5.00,5.19
19940114,5.20,5.23,5.17,5.22
19940117,5.22,5.36,5.22,5.31
19940118,5.31,5.35,5.20,5.31
19940119,5.32,5.38,5.17,5.33
19940120,5.34,5.37,5.18,5.26
19940121,5.23,5.24,5.10,5.10
19940124,5.06,5.13,4.93,5.12
19940125,5.13,5.16,5.07,5.09
19940126,5.09,5.18,5.00,5.13
19940127,5.13,5.14,4.95,4.96
19940128,4.96,5.07,4.80,5.01
19940131,5.01,5.21,4.92,5.13
19940201,5.13,5.30,5.02,5.28
19940202,5.30,5.38,5.27,5.32
19940203,5.29,5.47,5.27,5.43
19940204,5.43,5.49,5.35,5.40
19940207,5.42,5.42,5.18,5.19
19940208,5.20,5.34,5.20,5.26
19940209,5.26,5.34,5.12,5.31
19940210,5.32,5.41,5.25,5.30
19940211,5.28,5.30,5.19,5.25
19940214,5.23,5.38,5.22,5.34
19940215,5.32,5.36,5.20,5.23
19940216,5.23,5.37,5.21,5.26
19940217,5.27,5.37,5.21,5.23
19940218,5.23,5.25,5.13,5.17
19940221,5.17,5.23,5.16,5.18
19940222,5.18,5.29,5.14,5.21
19940223,5.20,5.34,5.16,5.23
19940224,5.24,5.32,5.16,5.17
19940225,5.16,5.31,5.14,5.22
19940228,5.22,5.36,5.21,5.36
19940301,5.35,5.38,5.26,5.29
19940302,5.30,5.37,5.17,5.28
19940303,5.27,5.29,5.22,5.24
19940304,5.24,5.28,5.17,5.24
19940307,5.24,5.25,5.17,5.18
19940308,5.18,5.31,5.15,5.20
19940309,5.21,5.31,5.18,5.30
19940310,5.30,5.40,5.17,5.37
19940311,5.38,5.45,5.22,5.37
19940314,5.37,5.49,5.36,5.44
19940315,5.45,5.48,5.40,5.46
19940316,5.46,5.46,5.36,5.39
19940317,5.39,5.39,5.33,5.35
19940318,5.35,5.45,5.35,5.40
19940321,5.41,5.44,5.36,5.40
19940322,5.42,5.65,5.41,5.63
19940323,5.62,5.75,5.56,5.58
19940324,5.59,5.77,5.56,5.72
19940325,5.72,5.82,5.62,5.78
19940328,5.80,5.85,5.62,5.69
19940329,5.69,5.72,5.58,5.64
19940330,5.64,5.74,5.51,5.62
19940331,5.62,5.78,5.61,5.76
19940401,5.70,5.76,5.70,5.76
19940404,5.76,5.80,5.54,5.60
19940405,5.61,5.71,5.50,5.55
19940406,5.55,5.65,5.41,5.49
19940407,5.50,5.52,5.42,5.45
19940408,5.44,5.54,5.42,5.48
19940411,5.48,5.49,5.25,5.26
19940412,5.25,5.31,5.23,5.30
19940413,5.31,5.35,5.28,5.30
19940414,5.31,5.36,5.22,5.30
19940415,5.30,5.31,5.22,5.24
19940418,5.23,5.38,5.23,5.27
19940419,5.26,5.26,5.16,5.20
19940420,5.19,5.33,5.17,5.24
19940421,5.24,5.36,5.20,5.22
19940422,5.22,5.32,5.04,5.09
19940425,5.11,5.16,5.07,5.13
19940426,5.13,5.21,5.08,5.18
19940427,5.18,5.18,5.14,5.16
19940428,5.17,5.34,5.12,5.26
19940429,5.25,5.35,5.24,5.34
19940502,5.34,5.36,5.29,5.30
19940503,5.28,5.39,5.23,5.25
19940504,5.24,5.26,5.09,5.18
19940505,5.18,5.18,5.08,5.10
19940506,5.10,5.49,5.04,5.45
19940509,5.43,5.44,5.37,5.40
19940510,5.40,5.43,5.27,5.28
19940511,5.28,5.47,5.26,5.43
19940512,5.44,5.44,5.30,5.36
19940513,5.36,5.44,5.35,5.40
19940516,5.40,5.67,5.33,5.55
19940517,5.56,5.57,5.49,5.50
19940518,5.49,5.60,5.41,5.53
19940519,5.53,5.65,5.50,5.52
19940520,5.52,5.68,5.51,5.63
19940523,5.63,5.76,5.60,5.74
19940524,5.77,5.77,5.53,5.61
19940525,5.61,5.65,5.50,5.54
19940526,5.53,5.58,5.40,5.46
19940527,5.46,5.55,5.44,5.45
19940530,5.44,5.47,5.44,5.46
19940531,5.46,5.61,5.46,5.53
19940601,5.53,5.57,5.28,5.34
19940602,5.35,5.37,5.24,5.37
19940603,5.36,5.40,5.27,5.29
19940606,5.27,5.36,5.19,5.25
19940607,5.26,5.35,5.24,5.29
19940608,5.29,5.37,5.28,5.36
19940609,5.38,5.42,5.30,5.36
19940610,5.36,5.38,5.31,5.35
19940613,5.35,5.41,5.29,5.38
19940614,5.38,5.43,5.38,5.39
19940615,5.39,5.54,5.35,5.49
19940616,5.50,5.57,5.44,5.46
19940617,5.45,5.68,5.43,5.59
19940620,5.58,5.61,5.44,5.48
19940621,5.49,5.69,5.45,5.57
19940622,5.57,5.58,5.34,5.37
19940623,5.38,5.45,5.35,5.38
19940624,5.39,5.48,5.33,5.39
19940627,5.37,5.39,5.22,5.26
19940628,5.27,5.34,5.23,5.29
19940629,5.30,5.33,5.22,5.27
19940630,5.26,5.42,5.23,5.36
19940701,5.37,5.43,5.31,5.41
19940704,5.40,5.41,5.38,5.39
19940705,5.39,5.39,5.29,5.32
19940706,5.32,5.37,5.20,5.25
19940707,5.26,5.32,5.17,5.23
19940708,5.24,5.35,5.19,5.26
19940711,5.26,5.36,5.23,5.31
19940712,5.31,5.40,5.22,5.25
19940713,5.25,5.27,5.11,5.14
19940714,5.14,5.32,5.12,5.19
19940715,5.19,5.26,5.18,5.25
19940718,5.24,5.29,5.23,5.25
19940719,5.24,5.33,5.17,5.31
19940720,5.31,5.33,5.28,5.28
19940721,5.28,5.35,5.22,5.24
19940722,5.24,5.37,5.21,5.26
19940725,5.26,5.31,5.25,5.29
19940726,5.29,5.34,5.25,5.31
19940727,5.31,5.41,5.31,5.35
19940728,5.35,5.39,5.31,5.34
19940729,5.32,5.39,5.24,5.31
19940801,5.32,5.34,5.28,5.31
19940802,5.31,5.35,5.17,5.20
19940803,5.20,5.33,5.15,5.19
19940804,5.19,5.20,5.08,5.16
19940805,5.16,5.19,5.14,5.14
19940808,5.15,5.16,5.03,5.11
19940809,5.10,5.17,5.10,5.14
19940810,5.13,5.17,5.09,5.14
19940811,5.13,5.21,5.10,5.19
19940812,5.19,5.29,5.05,5.07
19940815,5.06,5.09,5.04,5.07
19940816,5.07,5.16,5.03,5.10
19940817,5.10,5.14,5.09,5.11
19940818,5.11,5.20,5.09,5.17
19940819,5.18,5.31,5.16,5.21
19940822,5.21,5.30,5.19,5.21
19940823,5.21,5.30,5.17,5.21
19940824,5.21,5.29,5.19,5.25
19940825,5.25,5.27,5.22,5.25
19940826,5.25,5.30,5.18,5.21
19940829,5.20,5.46,5.18,5.40
19940830,5.39,5.43,5.35,5.36
19940831,5.37,5.45,5.35,5.43
19940901,5.43,5.45,5.38,5.42
19940902,5.42,5.43,5.38,5.42
19940905,5.43,5.43,5.40,5.41
19940906,5.41,5.50,5.40,5.47
19940907,5.47,5.53,5.44,5.49
19940908,5.48,5.60,5.42,5.44
19940909,5.44,5.59,5.40,5.51
19940912,5.51,5.53,5.43,5.47
19940913,5.47,5.49,5.41,5.47
19940914,5.47,5.49,5.42,5.42
19940915,5.42,5.42,5.34,5.37
19940916,5.38,5.51,5.37,5.42
19940919,5.42,5.45,5.39,5.43
19940920,5.44,5.64,5.43,5.61
19940921,5.61,5.67,5.59,5.60
19940922,5.59,5.71,5.57,5.71
19940923,5.71,5.74,5.66,5.69
19940926,5.69,5.69,5.61,5.62
19940927,5.61,5.75,5.57,5.70
19940928,5.70,5.72,5.57,5.59
19940929,5.60,5.72,5.56,5.63
19940930,5.64,5.64,5.57,5.61
19941003,5.61,5.67,5.52,5.63
19941004,5.63,5.70,5.56,5.60
19941005,5.61,5.69,5.58,5.60
19941006,5.59,5.73,5.57,5.62
19941007,5.62,5.73,5.52,5.60
19941010,5.61,5.62,5.56,5.56
19941011,5.57,5.57,5.45,5.49
19941012,5.50,5.52,5.40,5.47
19941013,5.48,5.52,5.31,5.37
19941014,5.38,5.40,5.34,5.35
19941017,5.37,5.41,5.35,5.41
19941018,5.41,5.43,5.33,5.34
19941019,5.33,5.42,5.32,5.38
19941020,5.38,5.48,5.37,5.40
19941021,5.41,5.42,5.29,5.30
19941024,5.29,5.40,5.27,5.32
19941025,5.32,5.39,5.29,5.30
19941026,5.30,5.40,5.28,5.37
19941027,5.38,5.45,5.36,5.39
19941028,5.40,5.42,5.34,5.34
19941031,5.34,5.37,5.24,5.25
19941101,5.26,5.35,5.21,5.27
19941102,5.28,5.39,5.25,5.32
19941103,5.32,5.33,5.26,5.27
19941104,5.27,5.31,5.23,5.25
19941107,5.25,5.32,5.18,5.19
19941108,5.20,5.33,5.19,5.22
19941109,5.23,5.25,5.09,5.12
19941110,5.11,5.17,5.05,5.17
19941111,5.17,5.20,5.15,5.16
19941114,5.16,5.19,5.14,5.17
19941115,5.17,5.23,5.17,5.20
19941116,5.19,5.26,5.14,5.22
19941117,5.23,5.25,5.12,5.23
19941118,5.23,5.25,5.13,5.14
19941121,5.14,5.17,5.11,5.16
19941122,5.16,5.17,5.12,5.14
19941123,5.15,5.20,5.12,5.15
19941124,5.15,5.16,5.14,5.15
19941125,5.14,5.17,5.14,5.17
19941128,5.17,5.26,5.09,5.12
19941129,5.13,5.26,5.03,5.06
19941130,5.06,5.09,4.86,4.92
19941201,4.91,4.93,4.86,4.92
19941202,4.91,4.96,4.69,4.71
19941205,4.72,4.75,4.52,4.60
19941206,4.60,4.71,4.58,4.66
19941207,4.67,4.71,4.59,4.64
19941208,4.64,4.71,4.60,4.71
19941209,4.70,4.72,4.64,4.70
19941212,4.71,4.80,4.69,4.79
19941213,4.78,4.83,4.74,4.75
19941214,4.76,4.81,4.75,4.77
19941215,4.77,4.84,4.75,4.80
19941216,4.80,4.83,4.78,4.79
19941219,4.77,4.81,4.75,4.79
19941220,4.79,4.86,4.77,4.82
19941221,4.83,4.85,4.75,4.80
19941222,4.80,4.81,4.77,4.77
19941223,4.76,4.84,4.75,4.76
19941226,4.76,4.76,4.76,4.76
19941227,4.76,4.81,4.76,4.79
19941228,4.79,4.92,4.79,4.90
19941229,4.90,4.94,4.84,4.87
19941230,4.87,4.90,4.83,4.88
19950102,4.88,4.88,4.88,4.88
19950103,4.89,4.90,4.70,4.74
19950104,4.74,4.84,4.59,4.61
19950105,4.61,4.72,4.55,4.70
19950106,4.70,4.72,4.60,4.63
19950109,4.62,4.70,4.61,4.67
19950110,4.68,4.71,4.62,4.68
19950111,4.68,4.73,4.60,4.73
19950112,4.73,4.88,4.72,4.84
19950113,4.84,4.86,4.78,4.81
19950116,4.81,4.84,4.75,4.82
19950117,4.82,4.90,4.77,4.87
19950118,4.87,4.95,4.85,4.88
19950119,4.89,4.94,4.81,4.88
19950120,4.89,4.92,4.79,4.91
19950123,4.92,4.92,4.78,4.81
19950124,4.82,4.84,4.80,4.83
19950125,4.83,4.86,4.75,4.77
19950126,4.78,4.81,4.76,4.79
19950127,4.79,4.79,4.64,4.67
19950130,4.67,4.73,4.66,4.72
19950131,4.72,4.73,4.58,4.66
19950201,4.65,4.79,4.59,4.68
19950202,4.68,4.73,4.66,4.71
19950203,4.71,4.77,4.65,4.66
19950206,4.67,4.77,4.64,4.71
19950207,4.71,4.71,4.60,4.67
19950208,4.67,4.73,4.65,4.72
19950209,4.71,4.79,4.71,4.75
19950210,4.76,4.78,4.74,4.76
19950213,4.75,4.75,4.68,4.73
19950214,4.73,4.77,4.72,4.76
19950215,4.76,4.81,4.72,4.74
19950216,4.73,4.76,4.71,4.73
19950217,4.73,4.80,4.71,4.77
19950220,4.78,4.79,4.77,4.78
19950221,4.77,4.78,4.72,4.74
19950222,4.73,4.86,4.73,4.83
19950223,4.84,4.84,4.73,4.81
19950224,4.81,4.84,4.61,4.63
19950227,4.64,4.66,4.43,4.49
19950228,4.50,4.56,4.46,4.52
19950301,4.53,4.53,4.34,4.38
19950302,4.37,4.47,4.34,4.43
19950303,4.43,4.47,4.30,4.40
19950306,4.40,4.53,4.38,4.48
19950307,4.50,4.75,4.40,4.69
19950308,4.69,4.72,4.51,4.55
19950309,4.55,4.65,4.55,4.61
19950310,4.60,4.65,4.52,4.59
19950313,4.60,4.79,4.59,4.71
19950314,4.71,4.74,4.64,4.70
19950315,4.71,4.79,4.70,4.75
19950316,4.75,4.76,4.65,4.73
19950317,4.74,4.75,4.62,4.73
19950320,4.72,4.77,4.64,4.69
19950321,4.69,4.73,4.59,4.60
19950322,4.61,4.72,4.56,4.65
19950323,4.65,4.71,4.64,4.69
19950324,4.69,4.73,4.56,4.62
19950327,4.62,4.80,4.56,4.62
19950328,4.59,4.78,4.59,4.74
19950329,4.74,4.85,4.70,4.76
19950330,4.75,5.34,4.74,5.18
19950331,5.19,5.41,5.13,5.29
19950403,5.30,5.36,5.26,5.29
19950404,5.28,5.37,5.20,5.29
19950405,5.30,5.44,5.23,5.44
19950406,5.44,5.47,5.31,5.42
19950407,5.42,5.45,5.34,5.37
19950410,5.36,5.36,5.19,5.24
19950411,5.25,5.38,5.20,5.34
19950412,5.35,5.36,5.30,5.32
19950413,5.32,5.38,5.23,5.36
19950414,5.36,5.45,5.36,5.45
19950417,5.52,5.76,5.50,5.69
19950418,5.69,6.03,5.61,6.03
19950419,5.96,6.05,5.76,5.76
19950420,5.73,5.87,5.64,5.69
19950421,5.70,5.73,5.56,5.68
19950424,5.70,5.76,5.63,5.66
19950425,5.67,5.75,5.58,5.71
19950426,5.71,5.79,5.55,5.59
19950427,5.59,5.86,5.54,5.84
19950428,5.87,5.90,5.65,5.72
19950501,5.71,5.88,5.67,5.84
19950502,5.85,5.94,5.80,5.91
19950503,5.92,6.00,5.83,5.99
19950504,6.00,6.14,5.92,6.08
19950505,6.09,6.12,5.93,6.04
19950508,6.03,6.04,5.96,5.97
19950509,5.95,5.96,5.40,5.50
19950510,5.50,5.62,5.28,5.42
19950511,5.43,5.50,5.30,5.33
19950512,5.33,5.45,5.09,5.32
19950515,5.32,5.43,5.30,5.43
19950516,5.43,5.45,5.32,5.41
19950517,5.41,5.42,5.34,5.37
19950518,5.36,5.44,5.34,5.41
19950519,5.40,5.44,5.34,5.38
19950522,5.35,5.37,5.26,5.29
19950523,5.28,5.41,5.25,5.41
19950524,5.40,5.56,5.37,5.51
19950525,5.50,5.61,5.41,5.47
19950526,5.46,5.59,5.38,5.44
19950529,5.45,5.47,5.44,5.47
19950530,5.47,5.47,5.27,5.29
19950531,5.27,5.38,5.19,5.30
19950601,5.29,5.40,5.22,5.35
19950602,5.35,5.38,5.21,5.23
19950605,5.22,5.38,5.17,5.32
19950606,5.32,5.34,5.26,5.29
19950607,5.29,5.39,5.29,5.36
19950608,5.36,5.38,5.28,5.31
19950609,5.32,5.48,5.29,5.45
19950612,5.42,5.44,5.37,5.37
19950613,5.38,5.42,5.31,5.35
19950614,5.35,5.43,5.29,5.31
19950615,5.32,5.47,5.25,5.44
19950616,5.44,5.55,5.38,5.42
19950619,5.42,5.57,5.42,5.49
19950620,5.49,5.53,5.45,5.47
19950621,5.47,5.49,5.43,5.46
19950622,5.44,5.46,5.30,5.37
19950623,5.36,5.38,5.31,5.36
19950626,5.36,5.36,5.30,5.30
19950627,5.30,5.36,5.30,5.33
19950628,5.33,5.33,5.22,5.24
19950629,5.23,5.34,5.22,5.31
19950630,5.31,5.32,4.99,5.04
19950703,5.05,5.08,5.05,5.08
19950704,5.08,5.08,5.06,5.07
19950705,5.06,5.08,5.00,5.06
19950706,5.07,5.12,5.06,5.11
19950707,5.12,5.20,5.10,5.16
19950710,5.17,5.18,5.14,5.15
19950711,5.15,5.17,5.07,5.16
19950712,5.16,5.31,5.15,5.24
19950713,5.25,5.34,5.19,5.20
19950714,5.20,5.36,5.18,5.24
19950717,5.23,5.42,5.18,5.35
19950718,5.35,5.37,5.25,5.32
19950719,5.31,5.45,5.08,5.20
19950720,5.19,5.20,5.12,5.13
19950721,5.14,5.22,5.11,5.20
19950724,5.19,5.22,5.14,5.18
19950725,5.18,5.20,5.15,5.16
19950726,5.16,5.21,5.14,5.20
19950727,5.21,5.30,5.10,5.10
19950728,5.11,5.11,5.04,5.07
19950731,5.08,5.15,5.04,5.04
19950801,5.04,5.19,5.01,5.16
19950802,5.15,5.16,5.10,5.11
19950803,5.11,5.18,5.11,5.16
19950804,5.17,5.23,5.15,5.17
19950807,5.16,5.26,5.15,5.20
19950808,5.20,5.29,5.17,5.28
19950809,5.28,5.34,5.26,5.27
19950810,5.27,5.35,5.22,5.31
19950811,5.30,5.35,5.17,5.26
19950814,5.24,5.44,5.08,5.38
19950815,5.39,5.52,5.32,5.35
19950816,5.34,5.44,5.26,5.38
19950817,5.38,5.64,5.38,5.63
19950818,5.72,5.80,5.61,5.70
19950821,5.70,5.83,5.70,5.80
19950822,5.80,5.81,5.62,5.66
19950823,5.66,5.68,5.54,5.64
19950824,5.63,5.74,5.57,5.60
19950825,5.59,5.63,5.56,5.60
19950828,5.59,5.66,5.56,5.62
19950829,5.61,5.66,5.47,5.47
19950830,5.45,5.53,5.21,5.27
19950831,5.29,5.53,5.25,5.34
19950901,5.34,5.36,5.23,5.31
19950904,5.30,5.30,5.29,5.30
19950905,5.30,5.35,5.15,5.24
19950906,5.23,5.38,5.20,5.33
19950907,5.33,5.45,5.33,5.44
19950908,5.45,5.50,5.27,5.38
19950911,5.39,5.52,5.38,5.51
19950912,5.52,5.56,5.40,5.52
19950913,5.53,5.55,5.33,5.43
19950914,5.42,5.53,5.40,5.52
19950915,5.52,5.58,5.43,5.48
19950918,5.49,5.58,5.45,5.55
19950919,5.56,5.66,5.40,5.50
19950920,5.50,5.50,5.40,5.43
19950921,5.41,5.61,5.32,5.50
19950922,5.50,5.52,5.37,5.43
19950925,5.42,5.50,5.36,5.44
19950926,5.43,5.52,5.43,5.49
19950927,5.50,5.51,5.38,5.46
19950928,5.45,5.52,5.45,5.50
19950929,5.50,5.55,5.46,5.48
19951002,5.46,5.52,5.28,5.31
19951003,5.31,5.42,5.28,5.29
19951004,5.27,5.35,5.26,5.34
19951005,5.34,5.37,5.29,5.30
19951006,5.30,5.38,5.30,5.37
19951009,5.36,5.45,5.36,5.45
19951010,5.45,5.51,5.38,5.43
19951011,5.43,5.45,5.40,5.43
19951012,5.43,5.45,5.37,5.39
19951013,5.37,5.43,5.36,5.38
19951016,5.38,5.42,5.34,5.34
19951017,5.35,5.36,5.28,5.34
19951018,5.34,5.39,5.32,5.35
19951019,5.35,5.36,5.26,5.33
19951020,5.33,5.37,5.30,5.36
19951023,5.35,5.39,5.35,5.35
19951024,5.35,5.37,5.32,5.35
19951025,5.36,5.45,5.34,5.43
19951026,5.44,5.47,5.41,5.42
19951027,5.41,5.43,5.25,5.31
19951030,5.32,5.34,5.31,5.33
19951031,5.33,5.37,5.33,5.34
19951101,5.34,5.37,5.30,5.31
19951102,5.31,5.37,5.25,5.33
19951103,5.33,5.36,5.28,5.29
19951106,5.29,5.31,5.25,5.28
19951107,5.28,5.39,5.25,5.36
19951108,5.36,5.40,5.33,5.36
19951109,5.37,5.41,5.34,5.38
19951110,5.38,5.48,5.38,5.44
19951113,5.43,5.45,5.28,5.32
19951114,5.32,5.35,5.29,5.32
19951115,5.33,5.37,5.31,5.34
19951116,5.34,5.34,5.29,5.32
19951117,5.32,5.37,5.32,5.36
19951120,5.35,5.36,5.33,5.35
19951121,5.35,5.38,5.28,5.29
19951122,5.30,5.31,5.14,5.19
19951123,5.19,5.23,5.17,5.21
19951124,5.21,5.33,5.21,5.24
19951127,5.23,5.28,5.21,5.22
19951128,5.23,5.33,5.21,5.23
19951129,5.24,5.31,5.11,5.18
19951130,5.18,5.26,5.12,5.23
19951201,5.23,5.31,5.20,5.20
19951204,5.21,5.23,5.18,5.20
19951205,5.20,5.25,5.19,5.24
19951206,5.24,5.28,5.24,5.25
19951207,5.25,5.28,5.16,5.24
19951208,5.23,5.26,5.21,5.22
19951211,5.23,5.27,5.21,5.21
19951212,5.22,5.25,5.14,5.17
19951213,5.18,5.18,5.07,5.12
19951214,5.12,5.15,5.09,5.14
19951215,5.15,5.15,5.11,5.13
19951218,5.13,5.20,5.12,5.17
19951219,5.18,5.27,5.13,5.14
19951220,5.14,5.18,5.12,5.17
19951221,5.17,5.18,5.10,5.15
19951222,5.15,5.23,5.12,5.16
19951226,5.17,5.19,5.16,5.17
19951227,5.17,5.18,5.14,5.15
19951228,5.15,5.17,5.13,5.15
19951229,5.15,5.20,5.11,5.18
19960102,5.18,5.38,5.16,5.34
19960103,5.35,5.44,5.32,5.35
19960104,5.35,5.38,5.33,5.38
19960105,5.39,5.58,5.29,5.52
19960108,5.50,5.56,5.48,5.53
19960109,5.50,5.57,5.47,5.53
19960110,5.54,5.69,5.50,5.60
19960111,5.60,5.60,5.48,5.50
19960112,5.50,5.57,5.41,5.51
19960115,5.45,5.51,5.30,5.44
19960116,5.44,5.50,5.43,5.47
19960117,5.47,5.51,5.43,5.50
19960118,5.45,5.51,5.44,5.44
19960119,5.44,5.50,5.31,5.45
19960122,5.51,5.59,5.50,5.59
19960123,5.59,5.60,5.51,5.56
19960124,5.56,5.58,5.47,5.50
19960125,5.51,5.68,5.48,5.57
19960126,5.57,5.65,5.53,5.54
19960129,5.56,5.56,5.50,5.54
19960130,5.54,5.60,5.52,5.56
19960131,5.52,5.59,5.52,5.58
19960201,5.60,5.79,5.59,5.78
19960202,5.79,5.87,5.69,5.83
19960205,5.79,5.86,5.79,5.81
19960206,5.78,5.78,5.71,5.77
19960207,5.81,5.83,5.66,5.70
19960208,5.78,5.82,5.66,5.72
19960209,5.71,5.74,5.62,5.66
19960212,5.70,5.75,5.63,5.67
19960213,5.71,5.80,5.61,5.69
19960214,5.74,5.74,5.68,5.73
19960215,5.71,5.76,5.61,5.65
19960216,5.65,5.77,5.64,5.67
19960219,5.72,5.73,5.71,5.71
19960220,5.71,5.73,5.63,5.66
19960221,5.57,5.60,5.49,5.53
19960222,5.55,5.61,5.50,5.54
19960223,5.60,5.60,5.45,5.48
19960226,5.47,5.51,5.47,5.50
19960227,5.48,5.55,5.47,5.52
19960228,5.46,5.53,5.44,5.45
19960229,5.54,5.56,5.51,5.52
19960301,5.51,5.54,5.48,5.50
19960304,5.51,5.53,5.36,5.41
19960305,5.40,5.41,5.34,5.38
19960306,5.40,5.40,5.35,5.39
19960307,5.39,5.44,5.38,5.39
19960308,5.44,5.51,5.43,5.50
19960311,5.43,5.51,5.43,5.51
19960312,5.48,5.59,5.48,5.57
19960313,5.50,5.63,5.50,5.56
19960314,5.58,5.69,5.55,5.58
19960315,5.59,5.63,5.55,5.58
19960318,5.60,5.60,5.52,5.55
19960319,5.54,5.57,5.53,5.55
19960320,5.53,5.59,5.51,5.58
19960321,5.52,5.64,5.52,5.60
19960322,5.61,5.66,5.57,5.62
19960325,5.58,5.73,5.58,5.62
19960326,5.66,5.73,5.64,5.71
19960327,5.71,5.79,5.65,5.68
19960328,5.70,5.70,5.50,5.53
19960329,5.59,5.65,5.50,5.54
19960401,5.53,5.55,5.51,5.55
19960402,5.55,5.55,5.49,5.51
19960403,5.51,5.59,5.50,5.52
19960404,5.52,5.54,5.41,5.43
19960405,5.43,5.46,5.43,5.45
19960408,5.46,5.57,5.45,5.45
19960409,5.56,5.56,5.46,5.46
19960410,5.46,5.53,5.46,5.49
19960411,5.49,5.58,5.47,5.57
19960412,5.57,5.57,5.49,5.52
19960415,5.48,5.50,5.46,5.49
19960416,5.48,5.51,5.26,5.30
19960417,5.30,5.49,5.28,5.31
19960418,5.33,5.34,5.27,5.29
19960419,5.28,5.40,5.25,5.28
19960422,5.27,5.36,5.27,5.35
19960423,5.31,5.37,5.27,5.36
19960424,5.34,5.36,5.31,5.31
19960425,5.31,5.42,5.30,5.40
19960426,5.39,5.40,5.35,5.35
19960429,5.38,5.38,5.29,5.30
19960430,5.31,5.35,5.24,5.34
19960501,5.33,5.37,5.33,5.37
19960502,5.29,5.40,5.29,5.37
19960503,5.40,5.47,5.36,5.45
19960506,5.36,5.49,5.36,5.47
19960507,5.45,5.53,5.44,5.49
19960508,5.49,5.53,5.44,5.45
19960509,5.49,5.51,5.42,5.43
19960510,5.44,5.45,5.35,5.36
19960513,5.42,5.43,5.35,5.38
19960514,5.39,5.42,5.34,5.39
19960515,5.40,5.43,5.37,5.40
19960516,5.41,5.41,5.35,5.41
19960517,5.40,5.41,5.31,5.34
19960520,5.34,5.34,5.27,5.29
19960521,5.29,5.31,5.26,5.29
19960522,5.29,5.34,5.28,5.32
19960523,5.33,5.36,5.33,5.35
19960524,5.35,5.35,5.31,5.33
19960527,5.33,5.34,5.32,5.33
19960528,5.33,5.39,5.32,5.37
19960529,5.37,5.39,5.33,5.34
19960530,5.34,5.38,5.33,5.35
19960531,5.35,5.42,5.32,5.33
19960603,5.33,5.42,5.33,5.39
19960604,5.39,5.39,5.20,5.22
19960605,5.22,5.37,5.16,5.21
19960606,5.21,5.23,5.15,5.20
19960607,5.20,5.33,5.18,5.19
19960610,5.19,5.21,5.19,5.20
19960611,5.20,5.20,5.06,5.11
19960612,5.11,5.15,5.09,5.11
19960613,5.10,5.13,5.07,5.07
19960614,5.07,5.20,4.98,5.07
19960617,5.07,5.23,5.07,5.21
19960618,5.21,5.22,5.17,5.21
19960619,5.21,5.25,5.13,5.14
19960620,5.14,5.22,5.12,5.15
19960621,5.15,5.15,5.09,5.14
19960624,5.14,5.19,5.11,5.17
19960625,5.13,5.22,5.13,5.18
19960626,5.18,5.20,5.09,5.09
19960627,5.09,5.17,5.02,5.03
19960628,5.04,5.07,5.00,5.04
19960701,5.03,5.14,5.03,5.07
19960702,5.07,5.12,5.03,5.10
19960703,5.10,5.17,5.09,5.13
19960704,5.13,5.13,5.07,5.09
19960705,5.09,5.09,5.03,5.08
19960708,5.13,5.15,5.04,5.08
19960709,5.08,5.15,5.05,5.11
19960710,5.13,5.17,5.09,5.10
19960711,5.11,5.16,5.09,5.14
19960712,5.14,5.15,5.10,5.12
19960715,5.12,5.17,5.07,5.08
19960716,5.16,5.17,4.93,5.12
19960717,5.12,5.12,4.95,5.00
19960718,4.98,5.03,4.98,5.01
19960719,5.02,5.06,4.97,5.03
19960722,5.03,5.05,4.97,5.02
19960723,5.02,5.05,4.96,4.99
19960724,4.97,5.04,4.97,4.99
19960725,4.99,5.03,4.99,5.00
19960726,5.00,5.16,4.99,5.10
19960729,5.10,5.11,5.03,5.08
19960730,5.07,5.11,5.03,5.07
19960731,5.07,5.17,5.03,5.12
19960801,5.12,5.17,5.11,5.12
19960802,5.12,5.15,5.03,5.10
19960805,5.10,5.15,4.99,5.09
19960806,5.09,5.14,5.03,5.05
19960807,5.05,5.07,5.04,5.06
19960808,5.06,5.13,5.04,5.04
19960809,5.04,5.16,5.04,5.07
19960812,5.07,5.13,5.05,5.08
19960813,5.08,5.11,5.08,5.09
19960814,5.09,5.10,5.02,5.06
19960815,5.06,5.15,5.05,5.07
19960816,5.07,5.11,5.06,5.08
19960819,5.09,5.26,5.09,5.22
19960820,5.22,5.26,5.12,5.21
19960821,5.21,5.23,5.18,5.18
19960822,5.20,5.36,5.17,5.22
19960823,5.22,5.26,5.20,5.23
19960826,5.23,5.38,5.20,5.27
19960827,5.27,5.36,5.23,5.26
19960828,5.26,5.33,5.17,5.20
19960829,5.20,5.32,5.18,5.20
19960830,5.20,5.26,5.14,5.16
19960902,5.16,5.21,5.16,5.18
19960903,5.18,5.27,5.16,5.17
19960904,5.17,5.29,5.15,5.19
19960905,5.19,5.30,5.12,5.15
19960906,5.15,5.19,5.11,5.11
19960909,5.11,5.17,5.06,5.08
19960910,5.07,5.12,5.07,5.09
19960911,5.09,5.14,5.06,5.11
19960912,5.11,5.11,5.00,5.03
19960913,5.03,5.09,5.02,5.06
19960916,5.06,5.07,5.03,5.05
19960917,5.05,5.10,5.04,5.07
19960918,5.07,5.09,5.05,5.08
19960919,5.08,5.09,4.91,4.92
19960920,4.92,5.04,4.85,4.87
19960923,4.87,4.99,4.79,4.89
19960924,4.89,4.93,4.88,4.89
19960925,4.89,4.95,4.89,4.91
19960926,4.91,4.93,4.87,4.88
19960927,4.88,4.95,4.86,4.92
19960930,4.92,4.92,4.86,4.87
19961001,4.87,4.94,4.84,4.91
19961002,4.91,4.97,4.85,4.94
19961003,4.94,4.94,4.85,4.91
19961004,4.91,4.93,4.85,4.90
19961007,4.90,4.91,4.86,4.88
19961008,4.88,4.92,4.88,4.89
19961009,4.90,4.99,4.88,4.96
19961010,4.96,5.09,4.90,5.05
19961011,5.06,5.06,5.00,5.01
19961014,5.01,5.05,5.01,5.03
19961015,5.03,5.06,5.00,5.02
19961016,5.02,5.07,5.01,5.06
19961017,5.02,5.02,4.88,4.93
19961018,4.93,4.99,4.89,4.89
19961021,4.93,4.95,4.93,4.93
19961022,4.93,4.99,4.90,4.97
19961023,4.98,5.01,4.96,4.97
19961024,5.00,5.00,4.90,4.92
19961025,4.92,4.96,4.90,4.91
19961028,4.91,4.94,4.91,4.93
19961029,4.93,4.93,4.82,4.82
19961030,4.82,4.85,4.80,4.83
19961031,4.83,4.89,4.78,4.81
19961101,4.81,4.87,4.77,4.81
19961104,4.81,4.83,4.80,4.81
19961105,4.81,4.84,4.80,4.80
19961106,4.81,4.84,4.79,4.80
19961107,4.80,4.87,4.73,4.77
19961108,4.74,4.87,4.74,4.82
19961111,4.82,4.91,4.82,4.91
19961112,4.91,4.92,4.86,4.89
19961113,4.89,4.95,4.88,4.91
19961114,4.91,4.94,4.85,4.89
19961115,4.89,4.95,4.83,4.85
19961118,4.93,4.93,4.89,4.91
19961119,4.89,4.91,4.87,4.89
19961120,4.88,4.98,4.88,4.95
19961121,4.95,4.95,4.85,4.92
19961122,4.92,4.92,4.86,4.89
19961125,4.89,4.89,4.75,4.75
19961126,4.75,4.84,4.73,4.73
19961127,4.76,4.80,4.71,4.74
19961128,4.74,4.75,4.73,4.74
19961129,4.73,4.75,4.72,4.74
19961202,4.74,4.75,4.70,4.71
19961203,4.69,4.82,4.68,4.82
19961204,4.81,4.85,4.71,4.83
19961205,4.82,4.87,4.75,4.86
19961206,4.87,4.92,4.78,4.80
19961209,4.75,4.81,4.75,4.79
19961210,4.79,4.85,4.77,4.82
19961211,4.82,4.89,4.78,4.81
19961212,4.81,4.86,4.80,4.86
19961213,4.86,4.86,4.81,4.85
19961216,4.85,4.85,4.80,4.81
19961217,4.81,4.92,4.79,4.86
19961218,4.86,4.89,4.83,4.86
19961219,4.86,4.88,4.84,4.87
19961220,4.86,4.90,4.82,4.83
19961223,4.83,4.88,4.82,4.84
19961224,4.84,4.85,4.83,4.84
19961225,4.84,4.85,4.84,4.85
19961226,4.84,4.84,4.84,4.84
19961227,4.84,4.92,4.84,4.90
19961230,4.90,4.90,4.80,4.80
19961231,4.80,4.82,4.78,4.82
19970101,4.78,4.78,4.78,4.78
19970102,4.77,4.79,4.72,4.72
19970103,4.71,4.82,4.68,4.68
19970106,4.67,4.69,4.64,4.64
19970107,4.64,4.74,4.64,4.70
19970108,4.70,4.72,4.64,4.65
19970109,4.66,4.73,4.65,4.71
19970110,4.73,4.77,4.71,4.76
19970113,4.74,4.78,4.70,4.70
19970114,4.70,4.73,4.68,4.70
19970115,4.70,4.72,4.65,4.68
19970116,4.67,4.76,4.67,4.76
19970117,4.76,4.79,4.72,4.77
19970120,4.77,4.77,4.72,4.75
19970121,4.75,4.78,4.71,4.73
19970122,4.72,4.76,4.65,4.70
19970123,4.71,4.88,4.71,4.83
19970124,4.83,4.97,4.83,4.92
19970127,4.97,5.03,4.92,5.03
19970128,5.03,5.06,4.96,4.96
19970129,4.96,4.98,4.90,4.94
19970130,4.94,4.96,4.87,4.96
19970131,4.94,4.97,4.82,4.92
19970203,4.91,4.92,4.85,4.91
19970204,4.91,4.92,4.86,4.86
19970205,4.86,4.89,4.85,4.88
19970206,4.88,4.89,4.83,4.84
19970207,4.84,4.96,4.80,4.93
19970210,4.96,4.96,4.92,4.94
19970211,4.96,4.96,4.84,4.84
19970212,4.84,5.18,4.81,5.14
19970213,5.14,5.19,4.96,5.15
19970214,5.15,5.28,5.13,5.26
19970217,5.26,5.26,5.15,5.21
19970218,5.21,5.26,5.20,5.24
19970219,5.21,5.24,5.18,5.19
19970220,5.19,5.23,5.16,5.23
19970221,5.24,5.27,5.17,5.25
19970224,5.25,5.27,5.20,5.20
19970225,5.20,5.24,5.17,5.24
19970226,5.24,5.32,5.16,5.19
19970227,5.19,5.34,5.19,5.26
19970228,5.28,5.33,5.23,5.33
19970303,5.32,5.33,5.23,5.32
19970304,5.28,5.32,5.22,5.24
19970305,5.24,5.24,5.16,5.18
19970306,5.23,5.28,5.17,5.21
19970307,5.21,5.21,5.14,5.21
19970310,5.16,5.26,5.09,5.25
19970311,5.25,5.27,5.15,5.26
19970312,5.25,5.26,5.21,5.21
19970313,5.21,5.28,5.19,5.28
19970314,5.29,5.30,5.23,5.29
19970317,5.29,5.29,5.21,5.23
19970318,5.23,5.24,5.11,5.18
19970319,5.18,5.24,5.16,5.24
19970320,5.23,5.25,5.16,5.19
19970321,5.21,5.24,5.15,5.15
19970324,5.15,5.19,5.11,5.18
19970325,5.18,5.18,5.10,5.13
19970326,5.13,5.17,5.11,5.15
19970327,5.13,5.15,5.12,5.12
19970328,5.12,5.14,5.12,5.14
19970331,5.14,5.15,5.03,5.08
19970401,5.08,5.14,4.98,4.99
19970402,4.99,5.04,4.87,4.88
19970403,4.88,4.89,4.69,4.74
19970404,4.74,4.83,4.73,4.74
19970407,4.74,4.80,4.72,4.79
19970408,4.79,4.84,4.77,4.79
19970409,4.79,4.81,4.78,4.79
19970410,4.79,4.81,4.77,4.80
19970411,4.80,4.81,4.72,4.74
19970414,4.73,4.79,4.72,4.73
19970415,4.73,4.73,4.68,4.72
19970416,4.72,4.80,4.71,4.80
19970417,4.80,4.85,4.71,4.73
19970418,4.72,4.76,4.72,4.74
19970421,4.74,4.76,4.73,4.76
19970422,4.76,4.79,4.73,4.75
19970423,4.75,4.75,4.71,4.73
19970424,4.73,4.75,4.71,4.72
19970425,4.74,4.75,4.73,4.74
19970428,4.74,4.74,4.62,4.64
19970429,4.64,4.66,4.62,4.66
19970430,4.66,4.74,4.66,4.72
19970501,4.72,4.76,4.68,4.76
19970502,4.76,4.76,4.68,4.71
19970505,4.71,4.76,4.71,4.76
19970506,4.76,4.77,4.72,4.72
19970507,4.72,4.76,4.71,4.74
19970508,4.74,4.86,4.73,4.85
19970509,4.85,4.89,4.81,4.88
19970512,4.89,4.91,4.83,4.84
19970513,4.87,4.87,4.87,4.87
19970514,4.87,4.88,4.85,4.87
19970515,4.87,4.87,4.83,4.84
19970516,4.84,4.86,4.68,4.69
19970519,4.68,4.68,4.68,4.68
19970520,4.68,4.73,4.68,4.70
19970521,4.70,4.73,4.67,4.70
19970522,4.70,4.70,4.68,4.69
19970523,4.69,4.78,4.65,4.74
19970526,4.74,4.75,4.74,4.74
19970527,4.74,4.76,4.72,4.75
19970528,4.75,4.78,4.67,4.72
19970529,4.72,4.77,4.70,4.77
19970602,4.71,4.77,4.69,4.74
19970603,4.76,4.77,4.73,4.73
19970604,4.73,4.78,4.73,4.75
19970605,4.76,4.83,4.73,4.81
19970606,4.81,4.95,4.73,4.83
19970609,4.83,4.88,4.81,4.81
19970610,4.77,4.81,4.76,4.79
19970611,4.79,4.79,4.76,4.78
19970612,4.75,4.78,4.73,4.73
19970613,4.73,4.76,4.71,4.71
19970616,4.71,4.72,4.70,4.72
19970617,4.72,4.82,4.71,4.79
19970618,4.79,4.84,4.71,4.73
19970619,4.73,4.79,4.69,4.75
19970620,4.75,4.77,4.73,4.73
19970623,4.73,4.79,4.73,4.78
19970624,4.78,4.84,4.77,4.78
19970625,4.78,4.80,4.77,4.79
19970626,4.79,4.79,4.72,4.78
19970627,4.78,4.78,4.73,4.73
19970630,4.73,4.76,4.63,4.64
19970701,4.64,4.69,4.64,4.68
19970702,4.68,4.69,4.63,4.64
19970703,4.64,4.67,4.58,4.58
19970704,4.58,4.66,4.54,4.56
19970707,4.56,4.56,4.29,4.29
19970708,4.29,4.41,4.24,4.35
19970709,4.35,4.35,4.26,4.31
19970710,4.31,4.37,4.31,4.33
19970711,4.38,4.39,4.34,4.38
19970714,4.38,4.38,4.29,4.29
19970715,4.28,4.34,4.27,4.31
19970716,4.31,4.34,4.29,4.32
19970717,4.32,4.33,4.18,4.27
19970718,4.27,4.29,4.21,4.27
19970721,4.32,4.33,4.28,4.31
19970722,4.27,4.38,4.27,4.32
19970723,4.27,4.33,4.27,4.30
19970724,4.30,4.39,4.27,4.30
19970725,4.30,4.36,4.27,4.36
19970728,4.35,4.38,4.34,4.38
19970729,4.37,4.38,4.32,4.35
19970730,4.41,4.41,4.39,4.39
19970731,4.39,4.49,4.32,4.46
19970801,4.47,4.51,4.45,4.48
19970804,4.48,4.53,4.47,4.52
19970805,4.52,4.52,4.34,4.34
19970806,4.34,4.41,4.33,4.35
19970807,4.35,4.40,4.33,4.39
19970808,4.39,4.45,4.37,4.45
19970811,4.41,4.46,4.38,4.46
19970812,4.45,4.46,4.40,4.43
19970813,4.44,4.52,4.43,4.52
19970814,4.51,4.53,4.42,4.43
19970815,4.42,4.51,4.41,4.42
19970818,4.53,4.56,4.50,4.52
19970819,4.51,4.54,4.50,4.54
19970820,4.52,4.53,4.46,4.53
19970821,4.51,4.57,4.51,4.54
19970822,4.54,4.70,4.49,4.65
19970825,4.66,4.68,4.64,4.64
19970826,4.64,4.68,4.62,4.65
19970827,4.65,4.69,4.65,4.67
19970828,4.67,4.81,4.65,4.69
19970829,4.69,4.79,4.63,4.73
19970901,4.73,4.73,4.65,4.66
19970902,4.66,4.71,4.62,4.63
19970903,4.63,4.71,4.61,4.68
19970904,4.68,4.72,4.64,4.69
19970905,4.69,4.79,4.66,4.73
19970908,4.73,4.73,4.68,4.69
19970909,4.69,4.77,4.68,4.76
19970910,4.76,4.77,4.72,4.74
19970911,4.74,4.79,4.73,4.76
19970912,4.77,4.80,4.72,4.77
19970915,4.77,4.77,4.73,4.76
19970916,4.76,4.76,4.59,4.63
19970917,4.60,4.65,4.58,4.60
19970918,4.60,4.73,4.60,4.70
19970919,4.70,4.75,4.70,4.72
19970922,4.72,4.73,4.67,4.70
19970923,4.68,4.71,4.67,4.71
19970924,4.71,4.77,4.69,4.76
19970925,4.76,4.82,4.73,4.79
19970926,4.78,4.84,4.76,4.83
19970929,4.83,5.12,4.83,5.10
19970930,5.10,5.31,5.00,5.23
19971001,5.23,5.24,5.15,5.18
19971002,5.18,5.22,5.14,5.16
19971003,5.16,5.31,5.09,5.30
19971006,5.30,5.30,5.17,5.21
19971007,5.21,5.23,5.17,5.20
19971008,5.23,5.29,5.21,5.24
19971009,5.24,5.27,5.10,5.14
19971010,5.14,5.21,5.12,5.21
19971013,5.21,5.21,5.15,5.16
19971014,5.16,5.19,5.07,5.09
19971015,5.09,5.13,5.00,5.08
19971016,5.08,5.12,4.91,4.94
19971017,4.94,5.06,4.90,4.97
19971020,4.96,4.97,4.90,4.95
19971021,4.96,5.00,4.92,4.99
19971022,4.99,5.10,4.97,5.04
19971023,5.04,5.08,4.94,4.96
19971024,4.96,4.97,4.87,4.87
19971027,4.87,4.92,4.76,4.81
19971028,4.81,4.85,4.66,4.84
19971029,4.81,4.84,4.75,4.82
19971030,4.80,4.90,4.74,4.88
19971031,4.83,4.85,4.75,4.76
19971103,4.76,4.88,4.75,4.85
19971104,4.84,4.90,4.83,4.85
19971105,4.84,4.90,4.84,4.88
19971106,4.87,4.96,4.85,4.90
19971107,4.91,4.97,4.84,4.86
19971110,4.86,4.90,4.85,4.88
19971111,4.92,5.03,4.90,4.99
19971112,4.93,5.00,4.91,4.91
19971113,4.92,5.18,4.92,5.16
19971114,5.18,5.21,5.02,5.11
19971117,5.11,5.18,5.03,5.14
19971118,5.15,5.17,5.09,5.12
19971119,5.13,5.29,5.09,5.25
19971120,5.26,5.35,5.21,5.26
19971121,5.25,5.53,5.24,5.44
19971124,5.42,5.51,5.38,5.41
19971125,5.40,5.42,5.19,5.26
19971126,5.23,5.37,5.13,5.24
19971127,5.27,5.27,5.27,5.27
19971128,5.26,5.31,5.25,5.31
19971201,5.30,5.41,5.19,5.31
19971202,5.32,5.35,5.23,5.32
19971203,5.33,5.36,5.22,5.31
19971204,5.30,5.33,5.27,5.29
19971205,5.31,5.48,5.29,5.41
19971208,5.43,5.46,5.37,5.40
19971209,5.39,5.48,5.27,5.47
19971210,5.48,5.90,5.42,5.90
19971211,6.01,6.16,5.81,5.81
19971212,5.79,5.94,5.77,5.89
19971215,5.91,6.04,5.89,5.92
19971216,5.93,6.00,5.82,5.98
19971217,6.02,6.15,5.91,5.98
19971218,6.00,6.09,5.95,6.08
19971219,6.07,6.15,6.00,6.07
19971222,6.04,6.08,6.02,6.08
19971223,6.06,6.27,6.02,6.27
19971224,6.26,6.39,6.20,6.38
19971226,6.35,6.36,6.32,6.36
19971229,6.34,6.34,6.22,6.31
19971230,6.27,6.29,6.14,6.15
19971231,6.14,6.16,5.88,5.99
19980101,5.95,5.95,5.95,5.95
19980102,5.94,6.00,5.92,5.97
19980105,5.99,5.99,5.88,5.93
19980106,5.89,6.21,5.89,6.09
19980107,6.03,6.15,6.00,6.04
19980108,6.06,6.10,5.69,5.75
19980109,5.79,5.85,5.65,5.67
19980112,5.66,5.67,5.44,5.51
19980113,5.49,5.72,5.44,5.72
19980114,5.77,5.86,5.60,5.73
19980115,5.75,5.90,5.67,5.89
19980116,5.93,5.96,5.81,5.84
19980119,5.85,5.86,5.74,5.78
19980120,5.75,5.92,5.73,5.73
19980121,5.77,5.88,5.70,5.86
19980122,5.89,5.93,5.78,5.78
19980123,5.80,5.99,5.79,5.94
19980126,5.95,6.01,5.84,5.99
19980127,6.04,6.20,5.96,6.20
19980128,6.11,6.16,5.88,6.11
19980129,6.12,6.17,6.07,6.09
19980130,6.09,6.30,6.05,6.19
19980202,6.25,6.36,6.23,6.35
19980203,6.38,6.66,6.27,6.66
19980204,7.04,7.31,6.66,7.31
19980205,7.24,7.83,7.22,7.64
19980206,7.70,7.79,7.25,7.25
19980209,7.20,7.25,7.00,7.15
19980210,7.07,7.28,7.05,7.20
19980211,7.21,7.23,6.97,7.08
19980212,7.14,7.17,6.95,7.08
19980213,7.05,7.21,7.04,7.17
19980216,7.13,7.18,7.04,7.06
19980217,7.07,7.28,6.78,6.83
19980218,6.84,6.86,6.58,6.62
19980219,6.68,6.87,6.66,6.85
19980220,6.80,6.83,6.53,6.57
19980223,6.54,6.60,6.41,6.49
19980224,6.50,6.53,6.33,6.40
19980225,6.36,6.42,6.04,6.07
19980226,6.06,6.24,6.02,6.20
19980227,6.28,6.54,6.24,6.50
19980302,6.51,6.66,6.34,6.61
19980303,6.61,6.61,6.34,6.41
19980304,6.40,6.46,6.33,6.38
19980305,6.37,6.44,6.29,6.38
19980306,6.35,6.43,6.07,6.09
19980309,6.08,6.15,6.03,6.09
19980310,6.08,6.35,6.04,6.32
19980311,6.32,6.33,6.14,6.17
19980312,6.15,6.24,6.06,6.22
19980313,6.22,6.24,6.07,6.17
19980316,6.17,6.17,6.09,6.12
19980317,6.13,6.16,5.85,5.90
19980318,5.89,6.02,5.76,6.00
19980319,5.98,6.04,5.65,5.97
19980320,5.95,6.25,5.85,6.23
19980323,6.24,6.49,6.20,6.47
19980324,6.44,6.58,6.27,6.43
19980325,6.36,6.56,6.34,6.36
19980326,6.23,6.46,6.21,6.35
19980327,6.41,6.48,6.35,6.40
19980330,6.39,6.44,6.34,6.38
19980331,6.35,6.53,6.28,6.52
19980401,6.49,6.51,6.34,6.38
19980402,6.36,6.61,6.32,6.56
19980403,6.58,6.77,6.43,6.61
19980406,6.60,6.69,6.32,6.42
19980407,6.41,6.52,6.37,6.43
19980408,6.44,6.56,6.38,6.47
19980409,6.45,6.48,6.28,6.46
19980410,6.30,6.43,6.30,6.30
19980413,6.44,6.45,6.31,6.45
19980415,6.28,6.35,6.28,6.35
19980416,6.32,6.34,6.08,6.33
19980417,6.31,6.32,6.18,6.28
19980420,6.27,6.41,6.23,6.26
19980421,6.25,6.32,6.20,6.26
19980422,6.33,6.38,6.28,6.31
19980423,6.30,6.35,6.29,6.31
19980424,6.34,6.34,6.23,6.27
19980427,6.26,6.29,6.17,6.23
19980428,6.19,6.23,6.12,6.19
19980429,6.14,6.27,6.08,6.24
19980430,6.23,6.34,6.14,6.27
19980501,6.23,6.25,6.16,6.23
19980504,6.19,6.27,6.14,6.27
19980505,6.25,6.33,6.10,6.13
19980506,6.14,6.21,5.93,5.93
19980507,5.95,6.00,5.87,5.98
19980508,5.98,6.04,5.90,5.97
19980511,5.97,6.00,5.75,5.75
19980512,5.78,5.82,5.54,5.60
19980513,5.60,5.67,5.45,5.55
19980514,5.56,5.66,5.55,5.61
19980515,5.59,5.71,5.57,5.60
19980518,5.52,5.64,5.31,5.31
19980519,5.29,5.37,5.18,5.20
19980520,5.18,5.35,5.11,5.34
19980522,5.33,5.36,5.28,5.30
19980525,5.29,5.34,5.27,5.28
19980526,5.28,5.32,5.10,5.14
19980527,5.10,5.22,5.03,5.14
19980528,5.18,5.25,5.05,5.05
19980529,5.06,5.16,4.94,5.12
19980601,5.12,5.18,5.02,5.09
19980602,5.07,5.23,5.01,5.21
19980604,5.19,5.29,5.15,5.25
19980605,5.24,5.31,5.08,5.30
19980608,5.29,5.44,5.22,5.44
19980609,5.41,5.50,5.32,5.36
19980610,5.34,5.42,5.31,5.36
19980611,5.34,5.39,5.17,5.19
19980612,5.18,5.23,5.11,5.15
19980615,5.12,5.16,5.09,5.11
19980616,5.10,5.34,5.08,5.20
19980617,5.22,5.41,5.19,5.38
19980618,5.31,5.41,5.24,5.29
19980619,5.30,5.49,5.29,5.39
19980622,5.41,5.42,5.28,5.36
19980623,5.34,5.39,5.34,5.37
19980624,5.29,5.40,5.26,5.28
19980625,5.28,5.38,5.28,5.37
19980626,5.35,5.41,5.25,5.33
19980629,5.31,5.36,5.30,5.34
19980630,5.34,5.58,5.34,5.54
19980701,5.57,5.58,5.38,5.48
19980702,5.47,5.49,5.28,5.34
19980703,5.33,5.37,5.33,5.36
19980706,5.35,5.39,5.32,5.34
19980707,5.35,5.45,5.34,5.41
19980708,5.41,5.47,5.27,5.36
19980709,5.36,5.39,5.29,5.34
19980710,5.34,5.37,5.26,5.31
19980713,5.28,5.42,5.25,5.34
19980714,5.38,5.38,5.31,5.33
19980715,5.31,5.36,5.29,5.36
19980716,5.31,5.43,5.31,5.35
19980717,5.35,5.41,5.27,5.37
19980720,5.38,5.49,5.34,5.48
19980721,5.46,5.58,5.42,5.53
19980722,5.55,5.70,5.47,5.68
19980723,5.68,5.86,5.64,5.81
19980724,5.85,5.90,5.65,5.82
19980727,5.65,5.71,5.62,5.66
19980728,5.65,5.72,5.62,5.68
19980729,5.70,5.75,5.59,5.60
19980730,5.59,5.64,5.49,5.53
19980731,5.52,5.55,5.44,5.46
19980803,5.45,5.50,5.37,5.37
19980804,5.38,5.49,5.37,5.48
19980805,5.47,5.49,5.40,5.42
19980806,5.40,5.50,5.40,5.44
19980807,5.44,5.46,5.28,5.29
19980810,5.39,5.43,5.27,5.34
19980811,5.35,5.40,5.15,5.19
19980812,5.19,5.28,5.14,5.18
19980813,5.18,5.22,5.07,5.20
19980814,5.21,5.22,5.12,5.18
19980817,5.14,5.18,5.10,5.13
19980818,5.13,5.15,5.06,5.10
19980819,5.12,5.15,5.03,5.10
19980820,5.08,5.21,5.08,5.18
19980821,5.16,5.19,5.14,5.16
19980824,5.18,5.18,5.15,5.15
19980825,5.12,5.15,5.01,5.05
19980826,5.04,5.12,4.96,4.97
19980827,4.97,5.10,4.88,4.88
19980828,4.90,4.95,4.64,4.67
19980831,4.70,4.81,4.66,4.69
19980901,4.72,4.89,4.72,4.81
19980903,4.79,5.01,4.75,4.96
19980904,4.96,5.06,4.87,5.03
19980907,5.02,5.07,5.00,5.05
19980908,5.04,5.06,4.86,4.92
19980909,4.91,5.07,4.85,4.96
19980910,4.95,5.10,4.95,5.05
19980911,5.07,5.15,4.95,5.03
19980914,5.01,5.02,4.94,4.97
19980915,4.92,5.03,4.90,4.97
19980916,4.93,5.02,4.92,4.94
19980917,4.94,5.03,4.90,5.02
19980918,5.00,5.03,4.94,4.98
19980921,4.98,5.07,4.85,4.87
19980922,4.87,4.94,4.87,4.91
19980923,4.90,5.08,4.88,5.06
19980924,5.03,5.19,5.03,5.17
19980925,5.17,5.26,5.13,5.17
19980928,5.18,5.31,5.14,5.29
19980929,5.30,5.41,5.30,5.38
19980930,5.35,5.40,5.26,5.40
19981001,5.37,5.48,5.29,5.31
19981002,5.32,5.38,5.21,5.25
19981005,5.17,5.23,5.10,5.12
19981006,5.10,5.14,5.07,5.10
19981007,5.13,5.19,5.05,5.15
19981008,5.16,5.24,4.97,5.02
19981009,5.01,5.10,4.80,4.80
19981012,4.84,5.03,4.81,4.84
19981013,4.84,4.97,4.79,4.85
19981014,4.85,4.87,4.80,4.82
19981015,4.82,4.95,4.78,4.91
19981016,4.96,4.99,4.84,4.95
19981019,4.96,4.97,4.89,4.90
19981020,4.87,4.94,4.86,4.90
19981021,4.89,4.95,4.86,4.90
19981022,4.90,4.91,4.85,4.90
19981023,4.88,4.92,4.85,4.88
19981026,4.89,5.01,4.85,5.00
19981027,4.97,5.02,4.88,4.97
19981028,5.00,5.13,4.97,5.06
19981029,5.07,5.15,5.04,5.09
19981030,5.09,5.10,5.02,5.05
19981102,5.04,5.08,5.01,5.05
19981103,5.01,5.01,4.89,4.94
19981104,4.92,4.99,4.90,4.96
19981105,4.98,5.07,4.94,5.06
19981106,5.05,5.10,4.98,5.03
19981109,5.01,5.07,4.98,5.06
19981110,5.05,5.05,5.00,5.01
19981111,5.00,5.03,4.98,5.02
19981112,5.01,5.17,4.98,5.15
19981113,5.16,5.17,5.02,5.05
19981117,4.95,4.98,4.92,4.94
19981118,4.95,5.02,4.92,4.99
19981119,4.96,5.02,4.96,4.97
19981120,4.99,5.03,4.88,4.92
19981123,4.93,4.95,4.89,4.93
19981124,4.93,4.94,4.90,4.92
19981125,4.90,4.98,4.88,4.95
19981126,4.93,4.94,4.93,4.94
19981127,4.94,4.97,4.93,4.94
19981130,4.94,4.96,4.87,4.87
19981201,4.88,4.93,4.87,4.89
19981202,4.92,4.92,4.71,4.72
19981203,4.73,4.81,4.61,4.79
19981204,4.78,4.88,4.76,4.78
19981207,4.78,4.86,4.75,4.82
19981208,4.82,4.87,4.78,4.79
19981209,4.79,4.86,4.79,4.83
19981210,4.82,4.87,4.80,4.84
19981211,4.82,4.85,4.72,4.81
19981214,4.82,4.93,4.78,4.90
19981215,4.89,4.93,4.87,4.91
19981216,4.90,5.09,4.90,5.01
19981217,5.09,5.09,4.93,4.98
19981221,4.95,4.98,4.91,4.92
19981222,4.90,4.97,4.89,4.93
19981223,4.93,4.94,4.84,4.92
19981224,4.94,4.95,4.90,4.94
19981228,4.95,4.96,4.92,4.94
19981229,4.94,5.02,4.93,5.01
19981230,5.04,5.11,5.00,5.06
19981231,5.04,5.08,5.02,5.04
19990101,5.05,5.05,5.05,5.05
19990104,5.03,5.04,4.86,4.96
19990105,4.94,5.08,4.90,5.07
19990106,5.05,5.24,5.03,5.19
19990107,5.16,5.37,5.14,5.25
19990108,5.23,5.33,5.18,5.30
19990111,5.27,5.40,5.23,5.37
19990112,5.39,5.41,5.24,5.27
19990113,5.25,5.26,5.08,5.21
19990114,5.18,5.20,5.10,5.20
19990115,5.16,5.16,5.05,5.14
19990118,5.13,5.14,5.12,5.13
19990119,5.15,5.19,5.08,5.14
19990120,5.14,5.20,5.12,5.17
19990121,5.17,5.22,5.11,5.13
19990122,5.12,5.19,5.10,5.12
19990125,5.10,5.21,5.09,5.19
19990126,5.18,5.19,5.10,5.14
19990127,5.12,5.16,5.02,5.13
19990128,5.11,5.27,5.10,5.26
19990129,5.24,5.30,5.22,5.25
19990201,5.27,5.35,5.25,5.35
19990202,5.32,5.51,5.27,5.48
19990203,5.45,5.62,5.43,5.55
19990204,5.53,5.81,5.51,5.80
19990205,5.81,5.81,5.62,5.67
19990208,5.64,5.65,5.56,5.64
19990209,5.58,5.60,5.51,5.53
19990210,5.53,5.57,5.46,5.52
19990211,5.49,5.59,5.46,5.55
19990212,5.58,5.74,5.56,5.67
19990215,5.68,5.81,5.68,5.75
19990216,5.72,5.76,5.35,5.43
19990217,5.45,5.50,5.37,5.45
19990218,5.43,5.56,5.43,5.56
19990219,5.56,5.67,5.55,5.64
19990222,5.63,5.63,5.47,5.51
19990223,5.48,5.60,5.45,5.51
19990224,5.50,5.52,5.44,5.50
19990225,5.53,5.64,5.40,5.59
19990226,5.56,5.69,5.49,5.65
19990301,5.67,5.70,5.54,5.56
19990302,5.55,5.60,5.32,5.34
19990303,5.34,5.39,5.19,5.27
19990304,5.27,5.32,5.20,5.31
19990305,5.31,5.34,5.16,5.22
19990308,5.21,5.32,5.21,5.30
19990309,5.31,5.36,5.23,5.26
19990310,5.24,5.31,5.22,5.30
19990311,5.29,5.36,5.28,5.36
19990312,5.32,5.37,5.26,5.33
19990315,5.28,5.30,5.09,5.11
19990316,5.13,5.14,4.97,5.09
19990317,5.05,5.10,5.00,5.05
19990318,5.05,5.08,5.00,5.03
19990319,5.02,5.12,5.01,5.07
19990322,5.05,5.17,5.05,5.11
19990323,5.11,5.16,5.06,5.13
19990324,5.11,5.12,5.07,5.10
19990325,5.09,5.14,5.05,5.14
19990326,5.11,5.14,5.05,5.10
19990329,5.10,5.19,5.06,5.12
19990330,5.12,5.13,5.01,5.03
19990331,5.04,5.09,4.97,4.98
19990401,4.99,5.06,4.98,5.04
19990405,5.02,5.03,4.92,4.92
19990406,4.99,4.99,4.91,4.98
19990407,4.96,5.02,4.96,4.98
19990408,4.97,5.01,4.91,4.91
19990409,4.91,4.96,4.88,4.96
19990412,4.96,5.03,4.92,4.92
19990413,4.91,4.97,4.85,4.95
19990414,4.94,4.97,4.85,4.89
19990415,4.88,5.06,4.87,5.03
19990416,5.03,5.09,5.02,5.07
19990419,5.06,5.19,5.06,5.17
19990420,5.17,5.21,5.12,5.15
19990421,5.16,5.20,5.11,5.19
19990422,5.15,5.21,5.12,5.19
19990423,5.20,5.22,5.15,5.17
19990426,5.15,5.16,5.09,5.13
19990427,5.10,5.22,5.09,5.20
19990428,5.18,5.30,5.17,5.28
19990429,5.28,5.38,5.25,5.37
19990430,5.37,5.47,5.36,5.42
19990503,5.42,5.44,5.25,5.26
19990504,5.35,5.35,5.27,5.32
19990505,5.33,5.42,5.30,5.40
19990506,5.40,5.45,5.38,5.40
19990507,5.37,5.46,5.20,5.45
19990510,5.45,5.46,5.36,5.44
19990511,5.41,5.43,5.37,5.42
19990512,5.40,5.42,5.36,5.39
19990513,5.37,5.53,5.35,5.53
19990514,5.54,5.54,5.36,5.39
19990517,5.39,5.42,5.36,5.38
19990518,5.36,5.40,5.28,5.34
19990519,5.31,5.34,5.27,5.29
19990520,5.30,5.35,5.29,5.31
19990521,5.30,5.31,5.20,5.21
19990524,5.16,5.17,5.06,5.08
19990525,5.09,5.10,5.06,5.07
19990526,5.08,5.12,5.05,5.06
19990527,5.05,5.05,4.95,4.96
19990528,4.96,4.98,4.89,4.90
19990531,4.93,4.94,4.93,4.94
19990601,4.93,5.03,4.87,5.00
19990602,4.99,5.17,4.89,5.00
19990604,4.95,4.96,4.88,4.90
19990607,4.96,5.01,4.95,5.00
19990608,4.98,4.99,4.94,4.96
19990609,4.94,5.05,4.91,5.05
19990610,5.04,5.15,5.02,5.11
19990611,5.11,5.15,5.05,5.13
19990614,5.10,5.17,5.09,5.12
19990615,5.10,5.12,5.04,5.07
19990616,5.03,5.06,5.00,5.05
19990617,5.03,5.10,5.03,5.10
19990618,5.09,5.11,4.94,4.97
19990621,4.98,5.00,4.97,5.00
19990622,5.01,5.08,5.01,5.06
19990623,5.04,5.13,5.03,5.12
19990624,5.11,5.16,5.10,5.14
19990625,5.13,5.16,5.07,5.08
19990628,5.07,5.17,5.05,5.16
19990629,5.16,5.23,4.96,5.19
19990630,5.19,5.26,5.19,5.24
19990701,5.27,5.36,5.23,5.27
19990702,5.25,5.32,5.23,5.26
19990705,5.32,5.32,5.27,5.27
19990706,5.27,5.30,5.17,5.22
19990707,5.18,5.32,5.15,5.23
19990708,5.26,5.31,5.21,5.25
19990709,5.22,5.27,5.20,5.24
19990712,5.22,5.26,5.21,5.24
19990713,5.19,5.21,5.10,5.14
19990714,5.12,5.14,5.05,5.09
19990715,5.12,5.13,5.04,5.11
19990716,5.10,5.14,5.06,5.09
19990719,5.07,5.10,5.05,5.06
19990720,5.04,5.10,5.01,5.07
19990721,5.07,5.15,5.02,5.12
19990722,5.02,5.18,5.02,5.15
19990723,5.13,5.19,5.12,5.16
19990726,5.14,5.18,5.10,5.15
19990727,5.16,5.20,5.13,5.16
19990728,5.15,5.27,5.14,5.26
19990729,5.24,5.45,5.22,5.40
19990730,5.40,5.47,5.38,5.45
19990802,5.45,5.45,5.35,5.42
19990803,5.38,5.48,5.36,5.45
19990804,5.52,5.56,5.43,5.50
19990805,5.50,5.58,5.39,5.43
19990806,5.39,5.44,5.33,5.41
19990809,5.38,5.39,5.29,5.32
19990810,5.30,5.34,5.26,5.34
19990811,5.30,5.42,5.28,5.41
19990812,5.39,5.44,5.35,5.36
19990813,5.36,5.40,5.29,5.33
19990816,5.26,5.34,5.21,5.24
19990817,5.24,5.36,5.20,5.26
19990818,5.26,5.28,5.21,5.23
19990819,5.22,5.24,5.13,5.20
19990820,5.20,5.32,5.18,5.24
19990823,5.22,5.27,5.13,5.14
19990824,5.14,5.18,5.11,5.14
19990825,5.12,5.15,5.06,5.10
19990826,5.08,5.16,5.06,5.14
19990831,5.14,5.22,5.12,5.17
19990901,5.19,5.22,5.16,5.16
19990903,5.13,5.18,5.12,5.17
19990906,5.14,5.14,5.14,5.14
19990907,5.18,5.32,5.16,5.21
19990908,5.19,5.22,5.11,5.21
19990909,5.19,5.36,5.19,5.23
19990910,5.23,5.30,5.17,5.21
19990913,5.21,5.21,5.11,5.17
19990914,5.15,5.19,5.13,5.13
19990915,5.14,5.17,5.08,5.10
19990916,5.10,5.15,5.09,5.11
19990917,5.11,5.13,5.09,5.11
19990920,5.10,5.14,5.10,5.10
19990921,5.11,5.27,5.10,5.26
19990922,5.25,5.32,5.24,5.28
19990923,5.27,5.31,5.23,5.27
19990924,5.27,5.31,5.23,5.25
19990927,5.30,5.38,5.29,5.35
19990928,5.38,5.95,5.37,5.76
19990929,5.73,5.83,5.62,5.62
19990930,5.57,5.66,5.55,5.64
19991001,5.60,5.75,5.55,5.60
19991004,5.59,5.68,5.56,5.64
19991005,5.66,5.73,5.55,5.57
19991006,5.54,5.62,5.47,5.53
19991007,5.56,5.67,5.53,5.60
19991008,5.58,5.66,5.48,5.55
19991011,5.53,5.61,5.50,5.53
19991012,5.52,5.65,5.52,5.59
19991013,5.56,5.66,5.53,5.60
19991014,5.60,5.71,5.33,5.40
19991015,5.35,5.43,5.32,5.33
19991018,5.35,5.53,5.19,5.24
19991019,5.25,5.35,5.17,5.27
19991020,5.23,5.35,5.20,5.20
19991021,5.20,5.33,5.14,5.23
19991022,5.23,5.35,5.19,5.25
19991025,5.23,5.35,5.23,5.27
19991026,5.25,5.31,5.19,5.21
19991027,5.19,5.24,5.17,5.20
19991028,5.23,5.35,5.21,5.30
19991029,5.29,5.36,5.20,5.23
19991101,5.39,5.39,5.16,5.23
19991102,5.21,5.34,5.19,5.23
19991103,5.22,5.35,5.21,5.27
19991104,5.22,5.26,5.21,5.23
19991105,5.21,5.24,5.09,5.09
19991108,5.04,5.11,5.03,5.09
19991109,5.06,5.16,5.06,5.10
19991110,5.10,5.24,5.10,5.17
19991111,5.14,5.16,5.10,5.12
19991112,5.08,5.15,5.06,5.07
19991115,5.06,5.15,5.06,5.14
19991116,5.10,5.22,5.07,5.21
19991117,5.16,5.19,5.09,5.14
19991118,5.12,5.18,5.11,5.14
19991119,5.14,5.21,5.13,5.17
19991122,5.14,5.26,5.13,5.24
19991123,5.20,5.33,5.14,5.33
19991124,5.27,5.36,5.22,5.22
19991125,5.21,5.23,5.19,5.21
19991126,5.21,5.22,5.20,5.20
19991129,5.20,5.23,5.17,5.19
19991130,5.18,5.29,5.18,5.22
19991201,5.20,5.22,5.15,5.19
19991202,5.18,5.28,5.08,5.10
19991203,5.09,5.13,5.06,5.12
19991206,5.10,5.13,5.02,5.13
19991207,5.12,5.17,5.10,5.16
19991208,5.15,5.19,5.10,5.14
19991209,5.12,5.14,5.08,5.13
19991210,5.11,5.16,5.11,5.14
19991213,5.12,5.15,5.11,5.14
19991214,5.14,5.23,5.11,5.21
19991215,5.19,5.30,5.18,5.20
19991216,5.19,5.23,5.15,5.22
19991217,5.21,5.35,5.21,5.24
19991220,5.22,5.31,5.20,5.21
19991221,5.20,5.28,5.15,5.18
19991222,5.17,5.25,5.15,5.24
19991223,5.23,5.25,5.21,5.22
19991224,5.21,5.21,5.20,5.20
19991227,5.22,5.26,5.19,5.22
19991228,5.21,5.32,5.20,5.22
19991229,5.21,5.41,5.20,5.39
19991230,5.39,5.45,5.32,5.43
19991231,5.34,5.42,5.34,5.42
20000103,5.42,5.42,5.36,5.36
20000104,5.35,5.37,5.28,5.33
20000105,5.32,5.32,5.14,5.19
20000106,5.17,5.30,5.12,5.14
20000107,5.14,5.19,5.13,5.17
20000110,5.15,5.20,5.12,5.17
20000111,5.16,5.20,5.15,5.17
20000112,5.16,5.20,5.10,5.11
20000113,5.11,5.15,5.09,5.13
20000114,5.12,5.16,5.10,5.13
20000117,5.14,5.16,5.12,5.12
20000118,5.14,5.15,5.10,5.14
20000119,5.12,5.17,5.10,5.16
20000120,5.13,5.33,5.13,5.22
20000121,5.21,5.26,5.18,5.21
20000124,5.20,5.28,5.20,5.25
20000125,5.24,5.32,5.23,5.26
20000126,5.27,5.33,5.19,5.22
20000127,5.22,5.38,5.20,5.37
20000128,5.38,5.41,5.24,5.27
20000131,5.25,5.36,5.20,5.24
20000201,5.25,5.36,5.18,5.21
20000202,5.20,5.27,5.18,5.18
20000203,5.21,5.24,5.18,5.23
20000204,5.25,5.55,5.24,5.53
20000207,5.48,5.56,5.30,5.31
20000208,5.27,5.31,5.23,5.29
20000209,5.31,5.41,5.29,5.36
20000210,5.36,5.41,5.30,5.36
20000211,5.39,5.39,5.27,5.29
20000214,5.30,5.38,5.20,5.23
20000215,5.23,5.32,5.20,5.22
20000216,5.22,5.36,5.20,5.26
20000217,5.25,5.34,5.21,5.25
20000218,5.30,5.30,5.21,5.24
20000221,5.24,5.26,5.21,5.23
20000222,5.24,5.27,5.21,5.26
20000223,5.25,5.35,5.22,5.23
20000224,5.22,5.25,5.14,5.16
20000225,5.15,5.22,5.03,5.06
20000228,5.06,5.13,5.05,5.06
20000229,5.06,5.11,5.05,5.07
20000301,5.07,5.18,5.07,5.08
20000302,5.12,5.13,5.02,5.04
20000303,5.06,5.26,5.01,5.04
20000306,5.11,5.11,5.05,5.06
20000307,5.06,5.13,5.05,5.08
20000308,5.09,5.11,5.05,5.09
20000309,5.09,5.12,5.00,5.10
20000310,5.10,5.12,5.06,5.08
20000313,5.10,5.14,5.06,5.07
20000314,5.08,5.12,5.08,5.09
20000315,5.10,5.17,5.06,5.12
20000316,5.12,5.14,5.05,5.09
20000317,5.09,5.11,5.06,5.10
20000320,5.09,5.11,5.02,5.04
20000321,5.04,5.15,5.03,5.11
20000322,5.11,5.18,5.09,5.12
20000323,5.12,5.13,5.06,5.09
20000324,5.09,5.19,5.07,5.11
20000327,5.11,5.12,5.07,5.09
20000328,5.09,5.11,5.03,5.06
20000329,5.07,5.09,4.93,4.96
20000330,4.94,5.07,4.90,4.96
20000331,4.95,5.02,4.91,5.01
20000403,5.03,5.06,4.97,5.03
20000404,5.03,5.19,4.98,5.14
20000405,5.14,5.16,4.99,5.10
20000406,5.11,5.14,5.06,5.11
20000407,5.10,5.12,5.05,5.09
20000410,5.07,5.15,5.07,5.13
20000411,5.12,5.15,5.10,5.11
20000412,5.11,5.16,5.08,5.11
20000413,5.11,5.16,5.10,5.16
20000414,5.14,5.21,5.10,5.14
20000417,5.14,5.15,5.10,5.10
20000418,5.10,5.15,5.07,5.11
20000419,5.11,5.12,5.09,5.10
20000420,5.10,5.11,4.96,4.97
20000421,4.97,5.02,4.97,4.98
20000424,4.98,5.02,4.93,4.94
20000425,4.95,5.02,4.95,5.00
20000426,5.00,5.00,4.92,4.94
20000427,4.94,4.99,4.92,4.96
20000428,4.96,4.99,4.93,4.96
20000501,4.96,5.05,4.95,5.02
20000502,5.03,5.04,4.97,5.02
20000503,5.03,5.05,4.99,5.01
20000504,5.02,5.13,5.00,5.10
20000505,5.10,5.12,4.99,4.99
20000508,5.02,5.07,4.98,5.01
20000509,5.01,5.09,4.98,5.03
20000510,5.03,5.06,5.00,5.02
20000511,5.02,5.04,4.97,5.00
20000512,5.00,5.04,4.97,5.00
20000515,5.01,5.03,4.96,5.00
20000516,5.00,5.13,4.99,5.08
20000517,5.08,5.10,4.99,5.01
20000518,5.03,5.04,4.96,5.00
20000519,5.00,5.02,4.96,4.97
20000522,4.97,5.02,4.97,4.99
20000523,4.99,5.02,4.98,5.00
20000524,5.00,5.01,4.95,4.97
20000525,4.97,5.00,4.88,4.91
20000526,4.91,4.97,4.90,4.92
20000529,4.91,4.95,4.91,4.93
20000530,4.93,4.95,4.87,4.91
20000531,4.91,4.95,4.90,4.92
20000601,4.92,4.95,4.88,4.92
20000602,4.92,5.05,4.90,4.99
20000605,4.99,5.05,4.94,5.02
20000606,5.02,5.12,5.01,5.06
20000607,5.06,5.10,5.03,5.07
20000608,5.07,5.09,5.04,5.06
20000609,5.06,5.08,5.00,5.03
20000612,5.03,5.15,4.99,5.01
20000613,5.02,5.10,4.99,5.00
20000614,5.01,5.08,4.99,5.06
20000615,5.07,5.08,5.02,5.05
20000616,5.06,5.10,5.03,5.06
20000619,5.06,5.06,4.99,5.02
20000620,5.02,5.04,4.99,5.02
20000621,5.01,5.03,4.93,4.96
20000622,4.95,4.99,4.92,4.96
20000623,4.97,4.98,4.94,4.95
20000626,4.95,4.98,4.92,4.98
20000627,4.97,4.99,4.92,4.94
20000628,4.94,5.00,4.93,4.97
20000629,4.98,5.05,4.97,5.00
20000630,5.00,5.04,4.99,5.03
20000703,5.02,5.02,5.00,5.00
20000704,5.00,5.01,4.99,4.99
20000705,4.99,5.02,4.95,4.98
20000706,4.98,5.02,4.96,5.00
20000707,4.99,5.01,4.95,4.97
20000710,4.97,5.01,4.97,4.99
20000711,4.99,5.00,4.94,4.96
20000712,4.95,4.99,4.92,4.97
20000713,4.97,4.99,4.94,4.98
20000714,4.97,5.02,4.96,4.99
20000717,5.00,5.03,4.99,5.01
20000718,5.01,5.03,4.99,5.02
20000719,5.01,5.02,4.95,4.97
20000720,4.97,5.02,4.95,4.98
20000721,4.98,5.00,4.89,4.93
20000724,4.93,4.98,4.91,4.94
20000725,4.94,5.00,4.92,4.98
20000726,4.98,4.99,4.92,4.95
20000727,4.95,5.02,4.93,4.97
20000728,4.96,4.98,4.94,4.96
20000731,4.96,5.00,4.94,4.99
20000801,4.99,5.00,4.96,4.98
20000802,4.97,4.99,4.97,4.98
20000803,4.97,5.00,4.94,4.96
20000804,4.97,4.97,4.89,4.91
20000807,4.92,5.03,4.90,4.93
20000808,4.94,4.97,4.88,4.90
20000809,4.90,4.92,4.85,4.89
20000810,4.89,4.91,4.87,4.89
20000811,4.89,4.94,4.89,4.91
20000814,4.89,4.93,4.87,4.87
20000815,4.87,4.91,4.85,4.86
20000816,4.86,4.90,4.84,4.85
20000817,4.85,4.89,4.84,4.86
20000818,4.86,4.87,4.83,4.84
20000821,4.83,4.85,4.83,4.85
20000822,4.85,4.86,4.80,4.83
20000823,4.83,4.84,4.76,4.78
20000824,4.78,4.85,4.76,4.84
20000825,4.84,4.91,4.81,4.88
20000828,4.88,4.93,4.87,4.92
20000829,4.92,4.95,4.89,4.93
20000830,4.93,4.94,4.88,4.91
20000831,4.91,5.00,4.90,4.97
20000901,4.97,4.98,4.92,4.97
20000904,4.96,4.97,4.90,4.96
20000905,4.96,4.97,4.93,4.95
20000906,4.95,4.97,4.93,4.95
20000907,4.95,4.95,4.88,4.91
20000908,4.91,4.92,4.85,4.90
20000911,4.90,4.92,4.84,4.85
20000912,4.87,4.90,4.85,4.87
20000913,4.87,4.90,4.85,4.87
20000914,4.87,4.90,4.86,4.88
20000915,4.87,4.88,4.83,4.86
20000918,4.85,4.89,4.84,4.86
20000919,4.86,4.88,4.85,4.86
20000920,4.87,4.88,4.81,4.83
20000921,4.82,4.87,4.82,4.87
20000922,4.87,4.94,4.84,4.90
20000925,4.89,4.91,4.87,4.91
20000926,4.91,4.93,4.89,4.91
20000927,4.91,4.96,4.90,4.94
20000928,4.93,4.97,4.90,4.94
20000929,4.93,4.93,4.84,4.88
20001002,4.88,4.90,4.87,4.88
20001003,4.88,4.91,4.85,4.89
20001004,4.89,4.89,4.85,4.86
20001005,4.86,4.91,4.85,4.87
20001006,4.88,4.90,4.84,4.87
20001009,4.87,4.97,4.86,4.87
20001010,4.87,4.93,4.86,4.90
20001011,4.88,4.95,4.84,4.86
20001012,4.87,4.92,4.84,4.91
20001013,4.90,4.95,4.86,4.87
20001016,4.87,4.89,4.84,4.88
20001017,4.88,4.98,4.81,4.84
20001018,4.84,4.89,4.82,4.84
20001019,4.84,4.86,4.82,4.83
20001020,4.83,4.85,4.80,4.82
20001023,4.84,4.85,4.77,4.78
20001024,4.78,4.82,4.77,4.79
20001025,4.79,4.81,4.75,4.76
20001026,4.76,4.78,4.72,4.73
20001030,4.75,4.78,4.71,4.73
20001031,4.74,4.76,4.69,4.76
20001101,4.76,4.78,4.72,4.76
20001102,4.76,4.84,4.69,4.71
20001103,4.71,4.79,4.70,4.74
20001106,4.74,4.77,4.72,4.75
20001107,4.75,4.83,4.71,4.72
20001108,4.72,4.94,4.71,4.73
20001109,4.73,4.76,4.70,4.74
20001110,4.74,4.76,4.69,4.69
20001113,4.69,4.77,4.66,4.67
20001114,4.67,4.74,4.65,4.67
20001115,4.67,4.77,4.65,4.68
20001116,4.67,4.76,4.65,4.65
20001117,4.65,4.76,4.64,4.65
20001120,4.65,4.74,4.63,4.64
20001121,4.64,4.76,4.61,4.62
20001122,4.62,4.66,4.62,4.63
20001123,4.63,4.64,4.62,4.62
20001124,4.62,4.63,4.61,4.62
20001127,4.62,4.73,4.61,4.70
20001128,4.70,4.72,4.66,4.70
20001129,4.70,4.71,4.62,4.63
20001130,4.64,4.71,4.61,4.69
20001201,4.69,4.71,4.66,4.70
20001204,4.68,4.76,4.67,4.72
20001205,4.71,4.74,4.68,4.72
20001206,4.72,4.78,4.71,4.76
20001207,4.76,4.77,4.71,4.74
20001208,4.73,4.75,4.64,4.66
20001211,4.67,4.72,4.65,4.67
20001212,4.67,4.72,4.66,4.68
20001213,4.67,4.69,4.62,4.64
20001214,4.64,4.67,4.60,4.61
20001215,4.61,4.65,4.57,4.58
20001218,4.58,4.61,4.56,4.58
20001219,4.58,4.61,4.56,4.60
20001220,4.60,4.67,4.58,4.61
20001221,4.61,4.64,4.58,4.60
20001222,4.60,4.71,4.59,4.62
20001225,4.62,4.62,4.62,4.62
20001226,4.62,4.66,4.61,4.64
20001227,4.64,4.67,4.58,4.60
20001228,4.60,4.63,4.57,4.59
20001229,4.59,4.61,4.57,4.60
20010102,4.59,4.61,4.54,4.59
20010103,4.59,4.59,4.49,4.51
20010104,4.51,4.55,4.49,4.55
20010105,4.55,4.59,4.51,4.56
20010108,4.57,4.59,4.54,4.57
20010109,4.56,4.57,4.54,4.55
20010110,4.56,4.59,4.51,4.55
20010111,4.55,4.59,4.53,4.58
20010112,4.58,4.65,4.55,4.63
20010115,4.63,4.64,4.60,4.61
20010116,4.62,4.70,4.60,4.69
20010117,4.68,4.93,4.65,4.71
20010118,4.71,4.81,4.66,4.79
20010119,4.80,4.89,4.75,4.78
20010122,4.75,4.82,4.72,4.80
20010123,4.80,4.82,4.77,4.79
20010124,4.79,4.82,4.74,4.78
20010125,4.77,4.84,4.74,4.81
20010126,4.81,4.83,4.76,4.81
20010129,4.80,4.82,4.77,4.80
20010130,4.80,4.85,4.77,4.82
20010131,4.81,4.85,4.77,4.79
20010201,4.79,4.83,4.74,4.79
20010202,4.79,4.81,4.75,4.77
20010205,4.77,4.78,4.67,4.68
20010206,4.69,4.72,4.65,4.66
20010207,4.66,4.67,4.60,4.62
20010208,4.62,4.70,4.48,4.57
20010209,4.56,4.62,4.52,4.56
20010212,4.56,4.59,4.51,4.56
20010213,4.56,4.59,4.54,4.56
20010214,4.55,4.58,4.50,4.52
20010215,4.52,4.56,4.49,4.52
20010216,4.52,4.54,4.48,4.49
20010219,4.51,4.58,4.50,4.50
20010220,4.50,4.53,4.41,4.44
20010221,4.43,4.48,4.40,4.41
20010222,4.41,4.45,4.41,4.43
20010223,4.43,4.47,4.38,4.44
20010226,4.44,4.49,4.43,4.46
20010227,4.46,4.57,4.42,4.43
20010228,4.44,4.55,4.41,4.49
20010301,4.49,4.54,4.40,4.41
20010302,4.41,4.47,4.38,4.42
20010305,4.43,4.46,4.39,4.43
20010306,4.43,4.45,4.38,4.43
20010307,4.43,4.47,4.40,4.45
20010308,4.44,4.53,4.43,4.50
20010309,4.50,4.55,4.41,4.51
20010312,4.51,4.55,4.41,4.43
20010313,4.43,4.48,4.39,4.44
20010314,4.44,4.47,4.39,4.46
20010315,4.46,4.46,4.34,4.35
20010316,4.36,4.45,4.29,4.31
20010319,4.31,4.42,4.31,4.33
20010320,4.33,4.58,4.27,4.36
20010321,4.36,4.39,4.32,4.34
20010322,4.34,4.36,4.30,4.36
20010323,4.36,4.39,4.34,4.36
20010326,4.36,4.39,4.34,4.38
20010327,4.38,4.46,4.34,4.44
20010328,4.44,4.46,4.36,4.38
20010329,4.38,4.42,4.32,4.33
20010330,4.33,4.37,4.29,4.30
20010402,4.30,4.34,4.27,4.33
20010403,4.33,4.36,4.29,4.31
20010404,4.31,4.42,4.30,4.32
20010405,4.32,4.38,4.32,4.36
20010406,4.36,4.38,4.31,4.31
20010409,4.31,4.37,4.30,4.34
20010410,4.33,4.35,4.31,4.33
20010411,4.33,4.41,4.30,4.38
20010412,4.38,4.43,4.33,4.38
20010413,4.38,4.38,4.38,4.38
20010416,4.38,4.48,4.36,4.46
20010417,4.46,4.46,4.37,4.38
20010418,4.36,4.40,4.33,4.39
20010419,4.39,4.46,4.33,4.44
20010420,4.45,4.54,4.38,4.45
20010423,4.45,4.47,4.40,4.44
20010424,4.44,4.54,4.43,4.46
20010425,4.46,4.48,4.36,4.38
20010426,4.38,4.46,4.37,4.39
20010427,4.39,4.45,4.35,4.37
20010430,4.37,4.39,4.33,4.34
20010501,4.34,4.38,4.33,4.36
20010502,4.37,4.43,4.34,4.38
20010503,4.38,4.43,4.34,4.34
20010504,4.34,4.37,4.31,4.34
20010507,4.35,4.36,4.30,4.32
20010508,4.32,4.35,4.18,4.33
20010509,4.33,4.42,4.21,4.40
20010510,4.40,4.41,4.33,4.35
20010511,4.35,4.39,4.33,4.34
20010514,4.34,4.37,4.32,4.35
20010515,4.35,4.37,4.31,4.32
20010516,4.32,4.47,4.32,4.44
20010517,4.44,4.51,4.38,4.49
20010518,4.49,4.62,4.43,4.58
20010521,4.58,4.65,4.52,4.55
20010522,4.55,4.60,4.45,4.56
20010523,4.56,4.60,4.50,4.56
20010524,4.56,4.70,4.55,4.61
20010525,4.61,4.62,4.53,4.56
20010528,4.56,4.58,4.54,4.56
20010529,4.56,4.57,4.51,4.53
20010530,4.53,4.54,4.42,4.43
20010531,4.43,4.51,4.39,4.40
20010601,4.40,4.46,4.38,4.42
20010604,4.42,4.49,4.32,4.33
20010605,4.33,4.42,4.32,4.35
20010606,4.35,4.37,4.33,4.35
20010607,4.35,4.36,4.32,4.35
20010608,4.35,4.40,4.32,4.38
20010611,4.38,4.38,4.33,4.35
20010612,4.34,4.47,4.33,4.39
20010613,4.39,4.44,4.36,4.42
20010614,4.42,4.51,4.40,4.49
20010615,4.48,4.54,4.39,4.41
20010618,4.41,4.49,4.37,4.44
20010619,4.44,4.46,4.40,4.42
20010620,4.42,4.44,4.34,4.36
20010621,4.36,4.37,4.29,4.34
20010622,4.34,4.36,4.30,4.31
20010625,4.34,4.36,4.30,4.31
20010626,4.32,4.38,4.29,4.38
20010627,4.37,4.38,4.28,4.32
20010628,4.32,4.35,4.29,4.31
20010629,4.31,4.36,4.30,4.32
20010702,4.31,4.34,4.26,4.29
20010703,4.29,4.36,4.17,4.27
20010704,4.27,4.30,4.25,4.28
20010705,4.28,4.28,4.23,4.24
20010706,4.24,4.34,4.21,4.26
20010709,4.25,4.29,4.22,4.24
20010710,4.24,4.28,4.24,4.26
20010711,4.26,4.29,4.23,4.26
20010712,4.25,4.32,4.24,4.27
20010713,4.27,4.32,4.24,4.32
20010716,4.31,4.33,4.20,4.22
20010717,4.22,4.31,4.21,4.25
20010718,4.25,4.30,4.19,4.28
20010719,4.24,4.26,4.23,4.24
20010720,4.20,4.20,4.20,4.20
20010723,4.20,4.30,4.20,4.20
20010724,4.26,4.28,4.24,4.26
20010725,4.26,4.27,4.23,4.23
20010726,4.25,4.29,4.23,4.26
20010727,4.26,4.27,4.22,4.23
20010730,4.23,4.27,4.21,4.22
20010731,4.22,4.29,4.22,4.24
20010801,4.24,4.26,4.22,4.24
20010802,4.24,4.26,4.23,4.26
20010803,4.26,4.28,4.22,4.24
20010806,4.24,4.26,4.20,4.21
20010807,4.21,4.26,4.12,4.19
20010808,4.19,4.19,4.14,4.17
20010809,4.17,4.26,4.15,4.22
20010810,4.22,4.26,4.12,4.16
20010813,4.15,4.26,4.13,4.17
20010814,4.17,4.25,4.15,4.22
20010815,4.22,4.26,4.14,4.17
20010816,4.17,4.24,4.15,4.22
20010817,4.22,4.31,4.19,4.28
20010820,4.28,4.29,4.16,4.17
20010821,4.17,4.25,4.15,4.20
20010822,4.20,4.24,4.18,4.21
20010823,4.22,4.25,4.19,4.24
20010824,4.24,4.26,4.18,4.19
20010827,4.20,4.22,4.18,4.21
20010828,4.21,4.24,4.19,4.20
20010829,4.21,4.26,4.18,4.20
20010830,4.20,4.22,4.17,4.18
20010831,4.20,4.21,4.17,4.19
20010903,4.20,4.23,4.19,4.20
20010904,4.20,4.23,4.16,4.18
20010905,4.18,4.20,4.17,4.18
20010906,4.18,4.22,4.16,4.18
20010907,4.18,4.21,4.15,4.18
20010910,4.18,4.21,4.13,4.18
20010911,4.18,4.36,4.17,4.26
20010912,4.24,4.24,4.23,4.23
20010913,4.22,4.22,4.21,4.22
20010914,4.22,4.33,4.22,4.33
20010918,4.34,4.48,4.27,4.45
20010919,4.45,4.75,4.42,4.68
20010920,4.68,4.68,4.45,4.51
20010921,4.51,4.63,4.48,4.60
20010924,4.60,4.60,4.48,4.57
20010925,4.57,4.57,4.50,4.52
20010926,4.52,4.62,4.48,4.59
20010927,4.59,4.64,4.52,4.59
20010928,4.59,4.67,4.57,4.64
20011001,4.64,4.67,4.58,4.65
20011002,4.65,4.65,4.60,4.61
20011003,4.61,4.66,4.59,4.60
20011004,4.60,4.69,4.59,4.62
20011005,4.62,4.68,4.60,4.66
20011008,4.66,4.70,4.62,4.64
20011009,4.64,4.67,4.51,4.52
20011010,4.52,4.61,4.39,4.42
20011011,4.42,4.48,4.38,4.41
20011012,4.41,4.47,4.39,4.45
20011015,4.45,4.45,4.35,4.39
20011016,4.39,4.44,4.31,4.35
20011017,4.35,4.39,4.32,4.36
20011018,4.36,4.39,4.23,4.26
20011019,4.26,4.37,4.23,4.26
20011022,4.26,4.28,4.20,4.23
20011023,4.25,4.27,4.22,4.23
20011024,4.23,4.26,4.20,4.22
20011025,4.22,4.24,4.18,4.21
20011026,4.21,4.25,4.20,4.21
20011029,4.23,4.26,4.21,4.24
20011030,4.24,4.30,4.24,4.27
20011031,4.27,4.27,4.19,4.24
20011101,4.24,4.29,4.21,4.23
20011102,4.23,4.23,4.11,4.14
20011105,4.14,4.23,4.10,4.12
20011106,4.13,4.23,4.11,4.15
20011107,4.15,4.17,4.13,4.16
20011108,4.16,4.16,4.09,4.11
20011109,4.11,4.15,4.07,4.10
20011112,4.10,4.23,4.10,4.15
20011113,4.14,4.18,4.09,4.16
20011114,4.16,4.20,4.14,4.17
20011115,4.17,4.17,4.08,4.14
20011116,4.14,4.16,4.11,4.12
20011119,4.12,4.14,4.07,4.08
20011120,4.08,4.11,4.06,4.09
20011121,4.09,4.10,4.04,4.06
20011122,4.06,4.08,4.05,4.06
20011123,4.06,4.11,4.05,4.10
20011126,4.10,4.14,4.05,4.06
20011127,4.06,4.13,4.05,4.07
20011128,4.08,4.17,4.07,4.15
20011129,4.14,4.20,4.09,4.11
20011130,4.11,4.20,4.11,4.17
20011203,4.16,4.27,4.13,4.24
20011204,4.24,4.24,4.16,4.18
20011205,4.18,4.24,4.14,4.22
20011206,4.22,4.30,4.17,4.24
20011207,4.26,4.31,4.25,4.29
20011210,4.29,4.30,4.23,4.26
20011211,4.26,4.32,4.25,4.30
20011212,4.30,4.33,4.27,4.29
20011213,4.29,4.32,4.26,4.32
20011214,4.32,4.45,4.29,4.42
20011217,4.42,4.43,4.31,4.41
20011218,4.41,4.49,4.38,4.46
20011219,4.46,4.51,4.35,4.37
20011220,4.37,4.49,4.33,4.46
20011221,4.46,4.58,4.35,4.52
20011224,4.52,4.57,4.52,4.54
20011225,4.54,4.54,4.52,4.54
20011226,4.54,4.64,4.54,4.56
20011227,4.61,4.63,4.51,4.53
20011228,4.53,4.56,4.45,4.54
20011231,4.54,4.68,4.51,4.62
20020101,4.62,4.62,4.49,4.62
20020102,4.62,4.63,4.57,4.58
20020103,4.58,4.68,4.56,4.65
20020104,4.65,4.73,4.55,4.70
20020107,4.68,4.76,4.65,4.75
20020108,4.74,4.78,4.66,4.73
20020109,4.73,4.84,4.71,4.81
20020110,4.80,4.88,4.75,4.76
20020111,4.76,4.81,4.71,4.76
20020114,4.76,4.76,4.55,4.55
20020115,4.56,4.66,4.50,4.63
20020116,4.63,4.69,4.55,4.63
20020117,4.63,4.65,4.49,4.50
20020118,4.50,4.56,4.36,4.37
20020121,4.39,4.42,4.32,4.34
20020122,4.35,4.40,4.28,4.30
20020123,4.30,4.33,4.27,4.27
20020124,4.27,4.32,4.25,4.28
20020125,4.28,4.36,4.27,4.32
20020128,4.30,4.31,4.25,4.27
20020129,4.27,4.33,4.23,4.31
20020130,4.31,4.32,4.26,4.30
20020131,4.30,4.32,4.22,4.25
20020201,4.25,4.34,4.24,4.32
20020204,4.31,4.33,4.27,4.30
20020205,4.32,4.42,4.30,4.41
20020206,4.41,4.50,4.36,4.37
20020207,4.37,4.42,4.34,4.38
20020208,4.38,4.51,4.35,4.46
20020211,4.46,4.46,4.37,4.43
20020212,4.43,4.52,4.37,4.48
20020213,4.48,4.53,4.42,4.51
20020214,4.51,4.59,4.44,4.56
20020215,4.56,4.63,4.53,4.56
20020218,4.56,4.60,4.53,4.53
20020219,4.53,4.58,4.47,4.49
20020220,4.49,4.52,4.39,4.42
20020221,4.42,4.45,4.38,4.44
20020222,4.43,4.45,4.40,4.41
20020225,4.41,4.43,4.27,4.39
20020226,4.39,4.45,4.38,4.44
20020227,4.44,4.49,4.43,4.46
20020228,4.46,4.52,4.42,4.51
20020301,4.51,4.61,4.47,4.57
20020304,4.57,4.65,4.55,4.61
20020305,4.61,4.64,4.55,4.56
20020306,4.56,4.63,4.49,4.53
20020307,4.53,4.56,4.45,4.47
20020308,4.47,4.58,4.47,4.51
20020311,4.51,4.56,4.47,4.49
20020312,4.49,4.55,4.48,4.50
20020313,4.50,4.54,4.48,4.53
20020314,4.53,4.56,4.48,4.51
20020315,4.51,4.55,4.45,4.49
20020318,4.49,4.53,4.44,4.50
20020319,4.50,4.58,4.49,4.53
20020320,4.53,4.55,4.49,4.53
20020321,4.53,4.55,4.49,4.51
20020322,4.51,4.58,4.49,4.54
20020325,4.54,4.60,4.51,4.58
20020326,4.58,4.64,4.55,4.62
20020327,4.62,4.69,4.58,4.67
20020328,4.67,4.70,4.63,4.64
20020329,4.64,4.64,4.64,4.64
20020401,4.64,4.70,4.64,4.68
20020402,4.68,4.75,4.65,4.74
20020403,4.74,4.75,4.59,4.67
20020404,4.67,4.68,4.59,4.63
20020405,4.63,4.64,4.50,4.58
20020408,4.58,4.61,4.55,4.57
20020409,4.57,4.58,4.53,4.54
20020410,4.54,4.65,4.52,4.63
20020411,4.63,4.63,4.56,4.58
20020412,4.58,4.62,4.56,4.59
20020415,4.59,4.63,4.45,4.47
20020416,4.47,4.54,4.40,4.42
20020417,4.42,4.49,4.42,4.46
20020418,4.46,4.55,4.45,4.51
20020419,4.51,4.53,4.48,4.50
20020422,4.50,4.58,4.50,4.56
20020423,4.56,4.60,4.51,4.58
20020424,4.58,4.61,4.55,4.57
20020425,4.57,4.66,4.54,4.62
20020426,4.62,4.68,4.59,4.65
20020429,4.66,4.67,4.61,4.63
20020430,4.64,4.65,4.52,4.54
20020501,4.54,4.58,4.51,4.54
20020502,4.54,4.57,4.51,4.55
20020503,4.55,4.62,4.54,4.61
20020506,4.61,4.62,4.58,4.62
20020507,4.62,4.65,4.60,4.63
20020508,4.63,4.67,4.56,4.59
20020509,4.59,4.64,4.55,4.63
20020510,4.63,4.69,4.63,4.67
20020513,4.67,4.72,4.59,4.62
20020514,4.62,4.64,4.59,4.61
20020515,4.61,4.65,4.59,4.64
20020516,4.64,4.66,4.62,4.64
20020517,4.64,4.69,4.62,4.67
20020520,4.67,4.68,4.64,4.68
20020521,4.78,4.86,4.76,4.83
20020522,4.83,4.85,4.78,4.83
20020523,4.83,4.91,4.76,4.89
20020524,4.89,4.90,4.78,4.87
20020527,4.87,4.90,4.77,4.80
20020528,4.80,4.90,4.80,4.87
20020529,4.87,4.97,4.84,4.93
20020530,4.93,4.98,4.89,4.96
20020531,4.97,5.07,4.89,5.01
20020603,5.01,5.09,4.99,5.08
20020604,5.08,5.14,5.05,5.08
20020605,5.08,5.14,4.91,4.94
20020606,4.94,5.02,4.91,4.99
20020607,4.99,5.05,4.95,4.96
20020610,4.97,4.99,4.89,4.92
20020611,4.92,4.93,4.79,4.89
20020612,4.89,4.95,4.86,4.90
20020613,4.90,4.92,4.82,4.84
20020614,4.85,4.93,4.85,4.89
20020618,4.89,4.89,4.83,4.85
20020619,4.85,4.96,4.85,4.90
20020620,4.91,4.91,4.84,4.86
20020621,4.86,4.92,4.85,4.88
20020624,4.88,4.95,4.88,4.91
20020625,4.91,4.91,4.80,4.85
20020626,4.85,4.93,4.85,4.88
20020627,4.88,4.88,4.74,4.82
20020628,4.82,4.92,4.82,4.87
20020701,4.88,4.88,4.73,4.80
20020702,4.80,4.92,4.80,4.87
20020703,4.87,4.93,4.87,4.92
20020704,4.92,4.92,4.88,4.91
20020708,4.92,4.95,4.89,4.94
20020709,4.94,4.98,4.91,4.97
20020711,4.97,5.06,4.95,5.02
20020712,5.02,5.11,5.02,5.06
20020715,5.06,5.09,5.02,5.05
20020716,5.06,5.19,5.06,5.10
20020717,5.10,5.10,4.96,5.00
20020718,5.00,5.02,4.98,5.00
20020722,5.00,5.11,5.00,5.05
20020723,5.05,5.12,4.98,4.99
20020724,5.00,5.00,4.81,4.86
20020726,4.87,5.02,4.76,4.83
20020730,4.83,4.83,4.64,4.65
20020731,4.66,4.73,4.63,4.66
20020801,4.67,4.67,4.51,4.54
20020802,4.55,4.66,4.55,4.63
20020805,4.63,4.66,4.59,4.62
20020806,4.63,4.63,4.60,4.61
20020807,4.62,4.67,4.61,4.64
20020808,4.64,4.74,4.64,4.68
20020812,4.69,4.86,4.69,4.71
20020814,4.72,4.82,4.62,4.63
20020815,4.64,4.64,4.47,4.49
20020816,4.49,4.60,4.49,4.51
20020819,4.52,4.62,4.48,4.50
20020820,4.50,4.50,4.41,4.44
20020821,4.44,4.49,4.44,4.44
20020822,4.45,4.46,4.36,4.44
20020823,4.45,4.47,4.40,4.44
20020828,4.45,4.54,4.45,4.50
20020830,4.50,4.67,4.50,4.57
20020902,4.58,4.58,4.46,4.47
20020903,4.48,4.53,4.48,4.49
20020904,4.49,4.49,4.43,4.47
20020905,4.48,4.53,4.48,4.51
20020906,4.51,4.57,4.51,4.53
20020909,4.54,4.56,4.48,4.54
20020910,4.54,4.56,4.49,4.54
20020911,4.55,4.55,4.51,4.53
20020912,4.54,4.58,4.51,4.55
20020916,4.56,4.61,4.55,4.59
20020917,4.59,4.59,4.50,4.55
20020918,4.56,4.60,4.55,4.58
20020919,4.59,4.68,4.59,4.65
20020920,4.65,4.65,4.60,4.62
20020923,4.63,4.67,4.59,4.64
20020924,4.65,4.68,4.62,4.63
20020925,4.64,4.70,4.60,4.62
20020927,4.63,4.63,4.50,4.51
20020930,4.52,4.58,4.52,4.53
20021001,4.54,4.56,4.51,4.52
20021002,4.53,4.53,4.48,4.49
20021003,4.49,4.52,4.48,4.49
20021004,4.50,4.50,4.44,4.48
20021007,4.48,4.53,4.48,4.49
20021008,4.49,4.50,4.43,4.44
20021010,4.44,4.44,4.34,4.35
20021011,4.35,4.35,4.27,4.30
20021014,4.31,4.36,4.31,4.33
20021015,4.33,4.33,4.28,4.31
20021016,4.31,4.34,4.27,4.32
20021017,4.33,4.39,4.33,4.36
20021018,4.36,4.36,4.33,4.34
20021021,4.34,4.40,4.34,4.38
20021022,4.39,4.41,4.33,4.38
20021023,4.38,4.44,4.38,4.41
20021025,4.41,4.41,4.35,4.38
20021028,4.38,4.44,4.38,4.42
20021029,4.42,4.44,4.35,4.43
20021030,4.43,4.53,4.43,4.48
20021101,4.49,4.64,4.49,4.55
20021104,4.56,4.56,4.42,4.45
20021106,4.46,4.48,4.45,4.47
20021107,4.47,4.52,4.46,4.50
20021108,4.50,4.66,4.50,4.59
20021112,4.60,4.60,4.52,4.57
20021113,4.57,4.64,4.53,4.57
20021114,4.58,4.58,4.53,4.56
20021115,4.57,4.57,4.51,4.55
20021118,4.56,4.56,4.53,4.54
20021119,4.55,4.57,4.54,4.55
20021120,4.56,4.57,4.54,4.55
20021121,4.56,4.62,4.50,4.54
20021122,4.54,4.54,4.38,4.46
20021125,4.46,4.53,4.46,4.50
20021126,4.51,4.52,4.46,4.47
20021127,4.47,4.47,4.44,4.44
20021128,4.45,4.46,4.43,4.43
20021203,4.43,4.45,4.35,4.44
20021204,4.44,4.60,4.44,4.57
20021205,4.58,4.65,4.58,4.62
20021206,4.63,4.69,4.60,4.65
20021209,4.66,4.66,4.57,4.63
20021210,4.63,4.63,4.55,4.58
20021211,4.59,4.65,4.59,4.63
20021212,4.64,4.67,4.53,4.65
20021213,4.66,4.80,4.66,4.74
20021216,4.75,4.75,4.65,4.70
20021217,4.71,4.85,4.69,4.73
20021218,4.74,4.74,4.57,4.62
20021219,4.63,4.73,4.63,4.72
20021220,4.72,4.72,4.64,4.67
20021223,4.67,4.67,4.59,4.63
20021224,4.64,4.64,4.59,4.62
20021227,4.63,4.68,4.63,4.67
20021230,4.68,4.80,4.68,4.72
20021231,4.73,4.73,4.51,4.67
20030103,4.67,4.81,4.67,4.79
20030106,4.80,4.95,4.80,4.91
20030107,4.92,4.94,4.81,4.84
20030108,4.85,4.85,4.68,4.78
20030109,4.78,4.86,4.78,4.83
20030110,4.83,4.85,4.79,4.84
20030114,4.84,4.87,4.78,4.81
20030115,4.82,4.82,4.67,4.73
20030116,4.73,4.78,4.70,4.77
20030117,4.78,4.84,4.78,4.81
20030120,4.81,4.82,4.77,4.79
20030121,4.80,4.80,4.70,4.76
20030122,4.77,4.84,4.77,4.83
20030123,4.83,4.97,4.83,4.85
20030124,4.85,4.85,4.69,4.78
20030127,4.78,4.97,4.78,4.91
20030128,4.91,4.91,4.74,4.80
20030129,4.81,4.93,4.81,4.85
20030130,4.85,4.85,4.72,4.79
20030131,4.80,4.90,4.80,4.87
20030203,4.87,4.89,4.82,4.85
20030204,4.85,4.86,4.80,4.85
20030205,4.86,5.11,4.86,4.93
20030206,4.93,4.93,4.76,4.78
20030207,4.79,4.80,4.69,4.71
20030210,4.71,4.74,4.63,4.65
20030211,4.66,4.66,4.54,4.57
20030212,4.57,4.64,4.56,4.57
20030213,4.58,4.58,4.48,4.52
20030214,4.53,4.54,4.50,4.53
20030217,4.54,4.54,4.46,4.49
20030218,4.50,4.55,4.46,4.51
20030219,4.52,4.59,4.51,4.58
20030220,4.59,4.66,4.58,4.64
20030221,4.64,4.65,4.59,4.64
20030224,4.65,4.69,4.62,4.68
20030225,4.68,4.78,4.66,4.70
20030226,4.70,4.70,4.59,4.63
20030227,4.64,4.76,4.64,4.65
20030228,4.65,4.66,4.55,4.60
20030304,4.61,4.72,4.61,4.68
20030305,4.68,4.72,4.63,4.66
20030306,4.66,4.67,4.60,4.63
20030307,4.63,4.68,4.59,4.67
20030310,4.68,4.71,4.68,4.68
20030311,4.69,4.69,4.61,4.66
20030312,4.66,4.71,4.66,4.67
20030313,4.68,4.68,4.55,4.59
20030314,4.60,4.60,4.52,4.54
20030317,4.55,4.69,4.55,4.57
20030318,4.57,4.57,4.46,4.47
20030319,4.48,4.52,4.47,4.48
20030320,4.49,4.49,4.40,4.41
20030321,4.42,4.47,4.39,4.40
20030324,4.40,4.40,4.37,4.38
20030325,4.39,4.44,4.36,4.40
20030326,4.41,4.41,4.37,4.38
20030327,4.38,4.45,4.38,4.41
20030328,4.41,4.42,4.32,4.39
20030331,4.40,4.47,4.40,4.46
20030402,4.47,4.47,4.35,4.40
20030403,4.41,4.41,4.33,4.37
20030404,4.37,4.40,4.37,4.39
20030407,4.40,4.40,4.35,4.39
20030408,4.40,4.47,4.36,4.42
20030409,4.42,4.50,4.42,4.48
20030410,4.48,4.48,4.44,4.47
20030414,4.47,4.49,4.42,4.48
20030415,4.49,4.54,4.49,4.52
20030416,4.52,4.54,4.46,4.49
20030417,4.50,4.51,4.47,4.48
20030422,4.48,4.55,4.48,4.54
20030423,4.55,4.61,4.52,4.57
20030424,4.57,4.62,4.57,4.61
20030425,4.61,4.64,4.61,4.62
20030428,4.63,4.69,4.58,4.63
20030430,4.63,4.63,4.58,4.61
20030501,4.61,4.66,4.55,4.66
20030502,4.66,4.78,4.66,4.75
20030506,4.75,4.84,4.75,4.80
20030507,4.81,4.82,4.73,4.76
20030508,4.76,4.76,4.70,4.73
20030509,4.73,4.79,4.73,4.78
20030512,4.78,4.83,4.71,4.79
20030513,4.80,4.89,4.80,4.84
20030514,4.84,4.84,4.77,4.82
20030515,4.83,4.97,4.83,4.87
20030516,4.88,4.88,4.78,4.79
20030519,4.79,4.87,4.79,4.83
20030520,4.83,4.93,4.82,4.84
20030521,4.84,4.84,4.71,4.74
20030522,4.74,4.82,4.71,4.72
20030523,4.72,4.72,4.66,4.68
20030527,4.68,4.76,4.67,4.68
20030528,4.69,4.69,4.53,4.59
20030529,4.59,4.68,4.57,4.61
20030602,4.62,4.62,4.49,4.50
20030603,4.51,4.54,4.51,4.52
20030604,4.52,4.55,4.50,4.52
20030605,4.52,4.52,4.46,4.48
20030606,4.49,4.57,4.49,4.53
20030609,4.53,4.53,4.49,4.52
20030610,4.53,4.55,4.49,4.51
20030611,4.52,4.52,4.41,4.48
20030612,4.49,4.51,4.47,4.50
20030613,4.50,4.52,4.44,4.51
20030616,4.51,4.60,4.51,4.59
20030617,4.59,4.65,4.59,4.62
20030618,4.62,4.62,4.54,4.57
20030619,4.58,4.58,4.48,4.52
20030620,4.52,4.58,4.52,4.56
20030625,4.56,4.56,4.45,4.51
20030626,4.52,4.54,4.51,4.53
20030627,4.54,4.57,4.52,4.53
20030630,4.54,4.54,4.45,4.51
20030701,4.52,4.58,4.52,4.56
20030702,4.57,4.61,4.52,4.58
20030703,4.58,4.64,4.57,4.63
20030704,4.63,4.67,4.60,4.66
20030708,4.67,4.72,4.66,4.69
20030709,4.70,4.75,4.67,4.74
20030710,4.74,4.91,4.74,4.83
20030711,4.84,4.84,4.74,4.76
20030714,4.76,4.83,4.76,4.80
20030715,4.81,4.92,4.77,4.78
20030716,4.78,4.78,4.65,4.67
20030721,4.67,4.77,4.67,4.73
20030722,4.73,4.76,4.72,4.75
20030723,4.75,4.86,4.62,4.83
20030724,4.84,5.12,4.84,5.06
20030725,5.06,5.06,4.98,5.02
20030728,5.02,5.11,5.02,5.08
20030729,5.09,5.09,4.93,5.02
20030730,5.02,5.19,5.02,5.10
20030731,5.11,5.19,5.06,5.08
20030801,5.08,5.19,5.08,5.12
20030804,5.13,5.13,4.97,5.04
20030805,5.05,5.05,4.95,4.98
20030806,4.98,4.98,4.87,4.93
20030807,4.93,4.99,4.81,4.94
20030808,4.95,5.12,4.95,5.05
20030811,5.05,5.05,4.91,4.98
20030813,4.99,4.99,4.71,4.87
20030814,4.88,5.08,4.88,5.04
20030818,5.05,5.05,4.88,4.92
20030819,4.92,4.95,4.85,4.92
20030820,4.93,5.01,4.93,5.00
20030821,5.01,5.06,4.96,4.99
20030822,4.99,4.99,4.87,4.93
20030826,4.93,4.95,4.89,4.95
20030827,4.95,5.03,4.88,5.00
20030828,5.00,5.10,5.00,5.09
20030829,5.10,5.17,5.10,5.11
20030901,5.12,5.22,5.12,5.16
20030902,5.16,5.25,5.07,5.11
20030903,5.12,5.12,4.90,4.98
20030904,4.99,5.05,4.99,5.02
20030905,5.02,5.03,4.90,5.00
20030908,5.00,5.13,5.00,5.10
20030910,5.10,5.23,5.10,5.21
20030911,5.21,5.25,5.14,5.23
20030912,5.24,5.49,5.24,5.32
20030916,5.33,5.33,5.12,5.17
20030917,5.17,5.17,5.10,5.16
20030918,5.16,5.41,5.16,5.30
20030922,5.30,5.40,5.29,5.32
20030923,5.33,5.33,5.19,5.26
20030924,5.27,5.27,5.16,5.23
20030925,5.23,5.50,5.23,5.32
20030929,5.33,5.33,5.12,5.13
20030930,5.14,5.17,5.07,5.12
20031001,5.13,5.16,5.10,5.13
20031002,5.13,5.13,5.06,5.08
20031003,5.09,5.40,5.06,5.08
20031007,5.09,5.09,4.80,4.84
20031008,4.85,4.92,4.85,4.89
20031009,4.89,4.89,4.75,4.82
20031010,4.82,4.87,4.82,4.86
20031013,4.87,4.89,4.78,4.89
20031014,4.89,4.98,4.89,4.94
20031015,4.94,4.94,4.82,4.91
20031016,4.92,4.96,4.88,4.91
20031017,4.91,4.96,4.87,4.92
20031020,4.92,4.94,4.86,4.92
20031022,4.93,5.10,4.93,5.08
20031024,5.08,5.20,5.08,5.15
20031027,5.16,5.16,5.08,5.13
20031028,5.14,5.22,5.14,5.15
20031029,5.16,5.16,5.02,5.09
20031030,5.09,5.25,5.09,5.19
20031031,5.20,5.28,5.09,5.14
20031103,5.14,5.21,5.05,5.06
20031104,5.07,5.07,4.85,4.93
20031105,4.93,5.05,4.93,5.01
20031106,5.02,5.02,4.95,4.96
20031107,4.96,4.97,4.85,4.97
20031110,4.97,5.04,4.97,5.03
20031111,5.03,5.09,5.03,5.06
20031112,5.07,5.09,4.84,5.08
20031113,5.09,5.40,5.09,5.32
20031114,5.32,5.32,5.19,5.30
20031117,5.31,5.60,5.30,5.39
20031118,5.40,5.40,5.09,5.21
20031119,5.21,5.40,5.21,5.32
20031120,5.33,5.36,5.24,5.27
20031121,5.27,5.27,5.19,5.24
20031124,5.25,5.25,5.19,5.24
20031125,5.25,5.25,5.10,5.21
20031126,5.21,5.33,5.21,5.30
20031127,5.31,5.37,5.28,5.34
20031128,5.34,5.38,5.29,5.35
20031201,5.36,5.46,5.28,5.36
20031202,5.37,5.48,5.37,5.46
20031203,5.47,5.48,5.42,5.47
20031205,5.47,5.47,5.35,5.42
20031208,5.43,5.52,5.41,5.51
20031209,5.52,5.54,5.47,5.54
20031210,5.55,5.72,5.55,5.61
20031212,5.61,5.63,5.56,5.62
20031215,5.62,5.62,5.46,5.56
20031216,5.57,5.73,5.57,5.66
20031217,5.67,5.67,5.56,5.63
20031218,5.64,5.73,5.60,5.70
20031219,5.71,5.71,5.62,5.67
20031222,5.68,5.76,5.68,5.73
20031223,5.74,5.74,5.65,5.69
20031224,5.69,5.73,5.66,5.72
20031229,5.72,5.86,5.72,5.86
20031230,5.86,5.92,5.84,5.91
20040102,5.91,6.05,5.91,5.99
20040105,5.99,6.03,5.81,5.98
20040106,5.99,6.38,5.99,6.28
20040107,6.28,6.28,6.19,6.22
20040108,6.22,6.23,6.09,6.20
20040109,6.20,6.27,6.01,6.25
20040112,6.26,6.74,6.26,6.65
20040113,6.66,6.66,6.55,6.62
20040114,6.63,6.70,6.49,6.55
20040115,6.55,6.55,6.30,6.32
20040116,6.33,6.33,6.08,6.21
20040119,6.22,6.35,6.21,6.34
20040120,6.34,6.46,6.34,6.39
20040121,6.39,6.40,6.19,6.30
20040122,6.30,6.32,6.08,6.26
20040123,6.26,6.38,6.26,6.35
20040126,6.36,6.36,6.22,6.25
20040127,6.25,6.25,5.96,6.24
20040129,6.25,6.85,6.25,6.54
20040130,6.55,6.55,6.20,6.23
20040202,6.24,6.44,6.11,6.21
20040203,6.22,6.24,6.15,6.18
20040204,6.19,6.19,6.00,6.08
20040205,6.09,6.24,6.09,6.14
20040206,6.14,6.31,5.86,6.10
20040209,6.10,6.36,6.10,6.35
20040210,6.36,6.53,6.36,6.44
20040211,6.44,6.44,6.06,6.29
20040212,6.29,6.64,6.29,6.54
20040213,6.54,6.72,6.45,6.56
20040216,6.57,6.70,6.43,6.54
20040217,6.55,6.64,6.48,6.64
20040218,6.64,6.97,6.64,6.82
20040219,6.82,6.82,6.52,6.62
20040220,6.63,6.75,6.54,6.61
20040223,6.61,6.61,6.40,6.49
20040224,6.49,6.55,6.43,6.54
20040225,6.55,6.98,6.55,6.76
20040226,6.77,6.77,5.96,6.36
20040301,6.36,6.81,6.36,6.73
20040302,6.73,7.06,6.73,6.86
20040303,6.87,6.87,6.49,6.60
20040304,6.60,6.90,6.60,6.82
20040305,6.82,6.82,6.60,6.80
20040308,6.80,7.00,6.80,6.92
20040310,6.92,7.26,6.92,7.17
20040311,7.17,7.17,7.02,7.10
20040312,7.11,7.37,7.08,7.21
20040315,7.22,7.22,7.07,7.11
20040316,7.11,7.20,7.11,7.16
20040318,7.16,7.25,7.03,7.24
20040319,7.25,7.58,7.25,7.43
20040322,7.43,7.71,7.43,7.65
20040323,7.65,7.65,7.41,7.54
20040324,7.54,7.79,7.54,7.68
20040325,7.69,7.69,7.42,7.54
20040326,7.55,7.58,7.42,7.49
20040329,7.50,7.75,7.50,7.67
20040330,7.67,7.67,7.49,7.61
20040331,7.62,7.83,7.62,7.83
20040401,7.84,8.00,7.81,7.94
20040402,7.95,8.45,7.95,8.29
20040405,8.29,8.29,8.10,8.20
20040406,8.20,8.20,8.03,8.14
20040407,8.14,8.25,8.04,8.16
20040408,8.17,8.25,8.03,8.08
20040413,8.09,8.49,7.75,7.86
20040414,7.87,7.87,6.98,7.16
20040415,7.17,7.17,6.64,6.86
20040416,6.86,7.21,6.86,7.12
20040419,7.13,7.37,7.13,7.28
20040420,7.28,7.33,6.99,7.04
20040421,7.05,7.23,6.39,6.42
20040422,6.43,6.43,6.11,6.14
20040423,6.14,6.23,6.08,6.19
20040426,6.20,6.30,6.20,6.23
20040427,6.24,6.35,6.22,6.28
20040428,6.29,6.68,6.19,6.23
20040429,6.24,6.24,5.31,5.57
20040430,5.58,6.03,5.58,5.95
20040504,5.95,6.22,5.95,6.10
20040505,6.11,6.12,5.99,6.09
20040506,6.09,6.23,5.97,6.03
20040507,6.03,6.13,5.79,5.80
20040510,5.81,5.81,5.27,5.50
20040511,5.51,5.88,5.51,5.67
20040512,5.67,5.80,5.62,5.64
20040513,5.65,5.65,5.47,5.55
20040514,5.55,5.58,5.40,5.56
20040517,5.57,6.04,5.57,5.81
20040518,5.81,5.83,5.68,5.74
20040519,5.75,5.75,5.52,5.72
20040520,5.73,5.97,5.73,5.84
20040521,5.84,5.95,5.83,5.86
20040524,5.86,5.86,5.62,5.83
20040528,5.84,6.25,5.84,6.17
20040602,6.17,6.33,6.01,6.05
20040604,6.05,6.05,5.60,5.76
20040607,5.77,5.89,5.77,5.87
20040608,5.87,6.08,5.87,5.90
20040609,5.90,5.93,5.72,5.74
20040610,5.75,5.75,5.54,5.65
20040611,5.65,5.70,5.58,5.69
20040614,5.69,5.79,5.63,5.66
20040616,5.66,5.66,5.56,5.65
20040617,5.66,5.75,5.56,5.75
20040618,5.75,6.01,5.75,5.95
20040621,5.96,6.13,5.82,5.94
20040623,5.95,5.95,5.84,5.88
20040625,5.89,5.89,5.72,5.75
20040628,5.75,6.47,5.75,6.18
20040629,6.18,6.18,5.83,5.89
20040630,5.89,6.13,5.84,5.91
20040701,5.91,5.91,5.77,5.87
20040702,5.88,5.95,5.71,5.89
20040705,5.89,6.11,5.86,6.04
20040706,6.04,6.13,5.94,6.03
20040707,6.04,6.07,5.98,6.04
20040708,6.05,6.23,5.94,6.20
20040709,6.21,6.56,6.21,6.50
20040713,6.50,6.50,6.27,6.38
20040714,6.39,6.43,6.27,6.42
20040715,6.43,6.57,6.43,6.54
20040719,6.54,6.89,6.54,6.71
20040720,6.71,6.71,6.41,6.58
20040721,6.58,6.61,6.40,6.47
20040722,6.48,6.48,6.32,6.35
20040723,6.36,6.36,6.21,6.31
20040726,6.32,6.42,6.22,6.30
20040727,6.30,6.30,6.15,6.24
20040728,6.25,6.25,5.93,6.19
20040730,6.20,6.51,6.20,6.42
20040802,6.43,6.66,6.43,6.64
20040803,6.65,6.65,6.30,6.50
20040805,6.50,6.65,6.50,6.64
20040806,6.64,6.80,6.61,6.68
20040809,6.68,6.74,6.54,6.70
20040810,6.71,6.78,6.65,6.68
20040811,6.68,6.75,6.53,6.60
20040812,6.60,6.67,6.51,6.58
20040813,6.59,6.59,6.36,6.48
20040816,6.48,6.72,6.48,6.69
20040817,6.69,6.76,6.64,6.71
20040819,6.71,6.94,6.71,6.82
20040820,6.83,6.95,6.72,6.81
20040823,6.82,6.85,6.69,6.77
20040825,6.77,6.77,6.51,6.57
20040826,6.58,6.63,6.49,6.60
20040827,6.60,6.82,6.60,6.68
20040831,6.69,6.76,6.63,6.74
20040901,6.75,6.75,6.64,6.73
20040902,6.73,6.80,6.70,6.76
20040903,6.76,6.92,6.62,6.71
20040906,6.72,6.74,6.45,6.54
20040907,6.55,6.87,6.49,6.52
20040908,6.52,6.52,6.07,6.18
20040909,6.19,6.19,6.06,6.13
20040910,6.14,6.28,6.14,6.19
20040913,6.19,6.20,6.02,6.16
20040914,6.16,6.21,6.11,6.13
20040915,6.13,6.20,6.05,6.18
20040916,6.18,6.30,6.18,6.26
20040920,6.27,6.27,6.15,6.20
20040921,6.20,6.31,6.20,6.28
20040922,6.28,6.31,6.20,6.30
20040923,6.31,6.41,6.31,6.39
20040928,6.39,6.66,6.39,6.59
20040929,6.60,6.60,6.43,6.53
20040930,6.54,6.71,6.51,6.67
20041001,6.68,6.88,6.68,6.84
20041004,6.84,6.94,6.78,6.83
20041005,6.84,6.84,6.44,6.73
20041008,6.73,7.19,6.73,7.15
20041011,7.16,7.30,7.16,7.23
20041012,7.23,7.23,6.94,7.03
20041013,7.04,7.04,6.70,6.79
20041014,6.80,7.05,6.80,7.00
20041015,7.01,7.12,6.99,7.06
20041018,7.06,7.16,7.02,7.04
20041020,7.04,7.27,7.04,7.24
20041021,7.25,7.44,7.21,7.33
20041022,7.24,7.32,7.16,7.29
20041025,7.38,7.46,7.30,7.33
20041026,7.29,7.33,7.20,7.29
20041027,7.30,7.40,7.13,7.16
20041028,7.13,7.20,7.02,7.15
20041029,7.11,7.29,7.09,7.26
20041101,7.27,7.33,7.19,7.29
20041102,7.24,7.24,6.88,6.98
20041103,6.96,7.14,6.96,7.12
20041104,7.17,7.45,7.14,7.34
20041105,7.29,7.47,7.25,7.46
20041108,7.46,7.54,7.38,7.45
20041109,7.43,7.54,7.39,7.49
20041110,7.50,7.55,7.32,7.38
20041111,7.36,7.45,7.36,7.43
20041112,7.44,7.63,7.40,7.58
20041115,7.58,7.61,7.46,7.53
20041116,7.52,7.59,7.44,7.54
20041117,7.55,7.65,7.53,7.63
20041118,7.63,7.71,7.48,7.51
20041119,7.52,7.61,7.51,7.57
20041122,7.56,7.63,7.53,7.54
20041123,7.55,7.59,7.48,7.52
20041124,7.53,7.60,7.52,7.58
20041125,7.59,7.72,7.57,7.64
20041126,7.68,7.77,7.60,7.68
20041129,7.68,7.78,7.59,7.75
20041130,7.74,7.79,7.64,7.69
20041201,7.71,8.05,7.68,8.00
20041202,7.99,8.15,7.84,7.87
20041203,7.89,8.01,7.77,7.96
20041206,7.96,7.99,7.86,7.88
20041207,7.84,7.90,7.78,7.81
20041208,7.80,7.81,6.99,7.08
20041209,7.12,7.13,6.56,6.73
20041210,6.70,6.81,6.56,6.68
20041213,6.71,6.86,6.68,6.77
20041214,6.80,6.83,6.64,6.69
20041215,6.70,6.90,6.70,6.82
20041216,6.85,6.90,6.64,6.67
20041217,6.68,6.77,6.61,6.75
20041220,6.75,6.91,6.71,6.81
20041221,6.82,6.88,6.77,6.87
20041222,6.85,6.91,6.76,6.78
20041223,6.79,6.92,6.79,6.86
20041224,6.88,6.92,6.86,6.87
20041227,6.88,7.03,6.87,6.95
20041228,6.97,7.02,6.90,7.00
20041229,6.99,7.01,6.75,6.77
20041230,6.79,6.83,6.75,6.79
20041231,6.80,6.82,6.80,6.80
20050103,6.80,6.80,6.44,6.46
20050104,6.47,6.48,6.31,6.41
20050105,6.40,6.55,6.37,6.49
20050106,6.50,6.52,6.37,6.42
20050107,6.41,6.55,6.36,6.41
20050110,6.41,6.58,6.38,6.42
20050111,6.43,6.63,6.43,6.59
20050112,6.61,6.71,6.56,6.70
20050113,6.71,6.73,6.64,6.70
20050114,6.72,6.72,6.55,6.58
20050117,6.56,6.61,6.56,6.60
20050118,6.56,6.64,6.53,6.62
20050119,6.61,6.71,6.57,6.59
20050120,6.58,6.60,6.45,6.54
20050121,6.53,6.80,6.52,6.78
20050124,6.77,6.86,6.76,6.83
20050125,6.81,6.82,6.64,6.68
20050126,6.70,6.81,6.68,6.77
20050127,6.76,6.80,6.69,6.78
20050128,6.78,6.84,6.72,6.76
20050131,6.77,6.77,6.59,6.72
20050201,6.71,6.75,6.65,6.70
20050202,6.71,6.78,6.69,6.72
20050203,6.75,6.75,6.57,6.65
20050204,6.66,6.68,6.58,6.61
20050207,6.61,6.67,6.51,6.52
20050208,6.50,6.57,6.46,6.52
20050209,6.51,6.58,6.46,6.56
20050210,6.58,6.95,6.54,6.93
20050211,6.94,7.21,6.91,7.18
20050214,7.17,7.31,7.17,7.31
20050215,7.25,7.38,7.18,7.30
20050216,7.29,7.29,7.09,7.23
20050217,7.17,7.40,7.15,7.34
20050218,7.35,7.43,7.30,7.39
20050221,7.39,7.39,7.33,7.38
20050222,7.37,7.54,7.35,7.50
20050223,7.51,7.51,7.25,7.42
20050224,7.38,7.47,7.26,7.37
20050225,7.30,7.34,7.12,7.27
20050228,7.29,7.43,7.25,7.33
20050301,7.31,7.32,7.14,7.20
20050302,7.19,7.32,7.06,7.28
20050303,7.29,7.34,7.18,7.20
20050304,7.21,7.48,7.14,7.32
20050307,7.33,7.39,7.28,7.34
20050308,7.38,7.53,7.36,7.48
20050309,7.50,7.62,7.40,7.58
20050310,7.52,7.59,7.44,7.47
20050311,7.48,7.56,7.37,7.51
20050314,7.52,7.52,7.32,7.36
20050315,7.35,7.47,7.27,7.35
20050316,7.37,7.43,7.34,7.40
20050317,7.41,7.44,7.31,7.36
20050318,7.37,7.37,7.25,7.35
20050321,7.36,7.44,7.03,7.08
20050322,7.07,7.13,7.02,7.04
20050323,6.91,6.99,6.86,6.94
20050324,6.95,6.98,6.88,6.90
20050328,6.90,6.93,6.80,6.88
20050329,6.87,6.99,6.87,6.96
20050330,6.97,7.13,6.94,7.12
20050331,7.10,7.19,7.07,7.15
20050401,7.11,7.15,7.00,7.15
20050404,6.99,7.01,6.89,6.99
20050405,7.02,7.06,6.92,7.01
20050406,7.03,7.12,7.00,7.09
20050407,7.08,7.15,7.03,7.05
20050408,7.02,7.14,6.99,7.13
20050411,7.12,7.27,7.10,7.22
20050412,7.23,7.28,7.07,7.12
20050413,7.16,7.23,7.07,7.19
20050414,7.18,7.20,6.98,7.04
20050415,7.01,7.07,6.95,7.00
20050418,7.00,7.07,6.92,7.02
20050419,7.01,7.24,7.00,7.22
20050420,7.24,7.33,7.17,7.31
20050421,7.28,7.31,7.16,7.19
20050422,7.20,7.30,7.18,7.25
20050425,7.25,7.27,7.17,7.23
20050426,7.24,7.29,7.19,7.23
20050427,7.22,7.24,7.06,7.12
20050428,7.10,7.14,6.87,6.91
20050429,6.93,7.01,6.85,6.89
20050502,6.89,6.95,6.76,6.83
20050503,6.82,6.87,6.77,6.84
20050504,6.89,7.00,6.87,6.97
20050505,7.01,7.07,6.96,7.03
20050506,7.04,7.06,6.87,6.94
20050509,6.91,7.09,6.91,7.04
20050510,7.03,7.12,7.01,7.06
20050511,7.07,7.11,6.97,7.05
20050512,7.04,7.05,6.89,6.93
20050513,6.91,6.95,6.85,6.90
20050516,6.90,6.95,6.85,6.92
20050517,6.93,7.05,6.93,7.01
20050518,7.00,7.18,6.99,7.17
20050519,7.18,7.20,7.08,7.10
20050520,7.09,7.13,6.91,6.92
20050523,6.92,7.00,6.90,6.94
20050524,6.95,7.07,6.93,6.97
20050525,6.99,7.12,6.96,7.10
20050526,7.15,7.17,7.01,7.15
20050527,7.10,7.27,7.08,7.27
20050530,7.23,7.26,7.21,7.21
20050531,7.22,7.46,7.11,7.41
20050601,7.37,7.56,7.35,7.49
20050602,7.43,7.59,7.42,7.50
20050603,7.48,7.57,7.44,7.47
20050606,7.44,7.58,7.42,7.50
20050607,7.48,7.53,7.38,7.40
20050608,7.39,7.49,7.37,7.43
20050609,7.39,7.42,7.17,7.23
20050610,7.25,7.27,7.11,7.25
20050613,7.25,7.30,7.15,7.22
20050614,7.23,7.28,7.20,7.24
20050615,7.23,7.34,7.23,7.29
20050616,7.28,7.40,7.28,7.33
20050617,7.34,7.41,7.28,7.30
20050620,7.31,7.44,7.23,7.26
20050621,7.25,7.28,7.14,7.26
20050622,7.27,7.28,7.17,7.22
20050623,7.23,7.29,7.16,7.24
20050624,7.23,7.30,7.20,7.25
20050627,7.26,7.27,7.19,7.22
20050628,7.20,7.22,7.07,7.07
20050629,7.08,7.08,7.00,7.05
20050630,7.08,7.12,6.97,7.02
20050701,6.98,7.03,6.80,6.85
20050704,6.84,6.91,6.81,6.90
20050705,6.91,6.91,6.81,6.83
20050706,6.82,6.95,6.82,6.91
20050707,6.92,7.04,6.91,6.94
20050708,6.96,7.02,6.90,6.98
20050711,6.98,7.08,6.98,7.06
20050712,7.07,7.12,7.00,7.04
20050713,7.05,7.07,7.01,7.02
20050714,7.00,7.07,6.92,6.95
20050715,6.96,7.01,6.92,6.95
20050718,6.95,7.02,6.94,6.96
20050719,6.97,7.01,6.91,6.95
20050720,6.94,7.07,6.94,7.03
20050721,7.06,7.17,7.05,7.09
20050722,7.08,7.14,7.05,7.07
20050725,7.07,7.11,7.06,7.10
20050726,7.08,7.10,6.97,6.98
20050727,6.99,7.04,6.92,7.00
20050728,7.02,7.18,7.02,7.17
20050729,7.16,7.23,7.11,7.23
20050801,7.19,7.29,7.19,7.26
20050802,7.25,7.29,7.20,7.22
20050803,7.21,7.29,7.20,7.27
20050804,7.25,7.27,7.15,7.21
20050805,7.19,7.22,7.10,7.12
20050808,7.12,7.14,6.96,6.98
20050809,6.99,7.02,6.93,7.01
20050810,7.02,7.08,7.02,7.07
20050811,7.08,7.19,7.05,7.16
20050812,7.17,7.22,7.04,7.06
20050815,7.06,7.10,6.91,6.94
20050816,6.95,7.03,6.92,7.02
20050817,7.01,7.03,6.93,6.97
20050818,6.98,7.02,6.94,6.98
20050819,6.97,7.02,6.94,6.99
20050822,6.99,7.09,6.95,7.05
20050823,7.03,7.08,6.93,6.95
20050824,6.96,6.99,6.87,6.91
20050825,6.92,6.96,6.78,6.82
20050826,6.83,6.86,6.70,6.73
20050829,6.72,6.80,6.71,6.72
20050830,6.74,6.75,6.63,6.69
20050831,6.73,6.79,6.69,6.79
20050901,6.82,6.99,6.81,6.96
20050902,6.95,7.04,6.93,7.00
20050905,7.00,7.05,7.00,7.05
20050906,7.04,7.06,6.97,7.02
20050907,7.01,7.08,7.00,7.05
20050908,7.04,7.10,6.94,6.96
20050909,6.95,7.03,6.94,7.00
20050912,7.02,7.06,6.95,6.99
20050913,7.01,7.01,6.85,6.95
20050914,6.94,7.01,6.93,6.98
20050915,7.02,7.08,6.92,7.01
20050916,7.03,7.25,7.03,7.22
20050919,7.22,7.43,7.20,7.32
20050920,7.29,7.40,7.28,7.31
20050921,7.31,7.38,7.26,7.35
20050922,7.42,7.46,7.30,7.36
20050923,7.33,7.36,7.22,7.27
20050926,7.27,7.35,7.18,7.31
20050927,7.32,7.34,7.18,7.26
20050928,7.27,7.37,7.23,7.34
20050929,7.33,7.51,7.33,7.49
20050930,7.47,7.58,7.42,7.44
20051003,7.44,7.45,7.33,7.39
20051004,7.38,7.45,7.33,7.36
20051005,7.35,7.42,7.29,7.41
20051006,7.39,7.57,7.36,7.53
20051007,7.57,7.72,7.53,7.71
20051010,7.71,7.83,7.68,7.78
20051011,7.79,7.89,7.72,7.81
20051012,7.79,7.87,7.74,7.78
20051013,7.74,7.77,7.64,7.68
20051014,7.70,7.82,7.58,7.79
20051017,7.78,7.87,7.77,7.79
20051018,7.77,7.83,7.73,7.77
20051019,7.76,7.76,7.55,7.59
20051020,7.60,7.65,7.47,7.60
20051021,7.60,7.64,7.52,7.64
20051024,7.64,7.70,7.58,7.65
20051025,7.65,7.82,7.63,7.77
20051026,7.78,7.88,7.77,7.80
20051027,7.76,7.89,7.75,7.79
20051028,7.80,7.82,7.67,7.77
20051031,7.77,7.79,7.52,7.54
20051101,7.55,7.57,7.37,7.42
20051102,7.44,7.52,7.38,7.51
20051103,7.52,7.58,7.46,7.57
20051104,7.55,7.65,7.43,7.53
20051107,7.54,7.57,7.41,7.57
20051108,7.56,7.63,7.50,7.58
20051109,7.60,7.69,7.59,7.64
20051110,7.65,7.75,7.64,7.68
20051111,7.67,7.74,7.65,7.72
20051114,7.72,7.82,7.72,7.75
20051115,7.71,7.81,7.67,7.75
20051116,7.78,7.99,7.74,7.98
20051117,8.01,8.11,7.97,8.07
20051118,8.04,8.14,8.00,8.04
20051121,8.03,8.14,8.01,8.10
20051122,8.15,8.20,8.06,8.14
20051123,8.12,8.14,8.02,8.11
20051124,8.10,8.17,8.09,8.14
20051125,8.15,8.22,8.13,8.20
20051128,8.20,8.36,8.14,8.35
20051129,8.33,8.34,8.24,8.29
20051130,8.27,8.29,8.16,8.27
20051201,8.21,8.51,8.18,8.51
20051202,8.52,8.61,8.46,8.54
20051205,8.54,8.64,8.51,8.63
20051206,8.64,8.74,8.49,8.68
20051207,8.70,8.86,8.68,8.78
20051208,8.79,8.89,8.70,8.89
20051209,8.92,9.04,8.90,8.99
20051212,8.99,9.22,8.65,8.78
20051213,8.69,8.85,8.43,8.48
20051214,8.44,8.54,8.33,8.37
20051215,8.38,8.62,8.28,8.54
20051216,8.52,8.63,8.39,8.52
20051219,8.50,8.65,8.44,8.55
20051220,8.53,8.60,8.27,8.31
20051221,8.22,8.35,8.21,8.35
20051222,8.39,8.52,8.33,8.49
20051223,8.48,8.61,8.47,8.56
20051227,8.56,8.73,8.56,8.72
20051228,8.72,8.92,8.70,8.85
20051229,8.89,8.92,8.67,8.80
20051230,8.79,8.89,8.73,8.82
20060103,8.82,9.09,8.82,9.08
20060104,9.17,9.21,8.93,9.09
20060105,9.10,9.12,8.69,8.77
20060106,8.73,9.11,8.70,9.11
20060109,9.09,9.22,8.94,9.21
20060110,9.24,9.24,8.85,8.94
20060111,8.90,9.05,8.81,9.02
20060112,9.01,9.03,8.85,8.99
20060113,8.94,9.18,8.90,9.09
20060116,9.09,9.25,9.09,9.24
20060117,9.22,9.27,8.98,9.00
20060118,9.01,9.06,8.74,8.80
20060119,8.81,9.06,8.73,9.06
20060120,9.07,9.21,8.79,8.86
20060123,8.86,9.01,8.82,9.00
20060124,9.02,9.20,8.88,9.20
20060125,9.19,9.49,9.16,9.47
20060126,9.46,9.62,9.38,9.56
20060127,9.57,9.77,9.50,9.58
20060130,9.56,9.77,9.53,9.76
20060131,9.86,9.92,9.74,9.84
20060201,9.85,9.85,9.64,9.75
20060202,9.72,9.92,9.70,9.84
20060203,9.82,9.88,9.66,9.72
20060206,9.72,9.85,9.67,9.72
20060207,9.69,9.77,9.34,9.38
20060208,9.32,9.47,9.25,9.41
20060209,9.47,9.67,9.46,9.67
20060210,9.65,9.69,9.26,9.35
20060213,9.36,9.45,9.07,9.07
20060214,9.08,9.32,9.03,9.30
20060215,9.32,9.39,9.06,9.20
20060216,9.21,9.37,9.08,9.36
20060217,9.43,9.51,9.31,9.40
20060220,9.41,9.60,9.40,9.49
20060221,9.52,9.59,9.45,9.55
20060222,9.54,9.65,9.43,9.59
20060223,9.58,9.62,9.48,9.51
20060224,9.50,9.77,9.46,9.73
20060227,9.76,9.76,9.56,9.63
20060228,9.59,9.80,9.58,9.73
20060301,9.74,9.85,9.72,9.75
20060302,9.73,10.20,9.71,10.17
20060303,10.23,10.31,10.10,10.21
20060306,10.19,10.27,9.90,10.03
20060307,10.02,10.10,9.95,10.05
20060308,10.06,10.08,9.65,9.82
20060309,9.80,10.07,9.73,9.96
20060310,9.91,9.97,9.72,9.92
20060313,9.94,10.14,9.91,10.12
20060314,10.11,10.24,10.05,10.20
20060315,10.19,10.36,10.19,10.31
20060316,10.28,10.36,10.10,10.32
20060317,10.30,10.43,10.26,10.34
20060320,10.36,10.40,10.24,10.33
20060321,10.29,10.56,10.14,10.52
20060322,10.49,10.59,10.46,10.47
20060323,10.45,10.68,10.39,10.64
20060324,10.66,10.75,10.61,10.72
20060327,10.71,10.93,10.71,10.87
20060328,10.86,10.93,10.78,10.83
20060329,10.82,11.08,10.72,11.06
20060330,11.17,11.56,11.10,11.55
20060331,11.68,11.92,11.37,11.45
20060403,11.49,11.81,11.47,11.76
20060404,11.73,11.81,11.63,11.71
20060405,11.66,11.79,11.55,11.70
20060406,11.69,12.07,11.68,12.07
20060407,12.09,12.19,11.94,12.06
20060410,12.18,12.62,12.13,12.55
20060411,12.82,13.01,12.51,12.61
20060412,12.52,12.82,12.49,12.72
20060413,12.74,12.91,12.52,12.87
20060417,13.12,13.41,13.10,13.41
20060418,13.52,13.89,13.36,13.87
20060419,14.04,14.63,13.85,14.56
20060420,14.69,14.69,12.10,12.54
20060421,11.96,13.06,11.61,12.94
20060424,13.05,13.21,11.67,11.71
20060425,12.11,12.65,11.91,12.58
20060426,12.51,12.91,12.36,12.84
20060427,12.85,13.11,12.21,12.61
20060428,12.68,13.92,12.47,13.56
20060501,13.71,14.06,13.43,13.92
20060502,13.68,14.24,13.66,14.18
20060503,14.38,14.51,13.42,13.80
20060504,13.70,14.21,13.52,13.79
20060505,13.97,14.11,13.70,13.95
20060508,13.94,14.14,13.44,13.80
20060509,13.95,14.53,13.66,14.41
20060510,14.42,14.56,14.02,14.30
20060511,14.46,15.22,14.28,14.92
20060512,14.76,15.02,14.13,14.27
20060515,14.34,14.49,13.10,13.27
20060516,13.07,13.65,12.80,13.65
20060517,13.52,14.06,12.90,13.16
20060518,13.14,13.32,12.53,12.59
20060519,12.70,12.82,12.07,12.44
20060522,12.55,12.55,11.90,12.41
20060523,12.59,13.22,12.23,13.20
20060524,12.99,13.15,12.44,12.45
20060525,12.50,12.77,12.30,12.63
20060526,12.71,12.77,12.43,12.69
20060530,12.78,13.34,12.68,13.04
20060531,12.98,13.12,12.33,12.50
20060601,12.51,12.55,11.59,11.96
20060602,11.94,12.27,11.74,12.12
20060605,12.14,12.39,12.06,12.33
20060606,12.03,12.14,11.61,11.82
20060607,11.92,11.94,11.38,11.88
20060608,11.87,11.90,11.01,11.12
20060609,11.24,11.51,11.04,11.25
20060612,11.17,11.29,10.97,11.08
20060613,10.95,11.01,9.56,9.57
20060614,9.68,10.02,9.42,9.62
20060615,9.67,10.23,9.46,9.97
20060616,10.26,10.36,9.79,10.28
20060619,10.16,10.19,9.85,10.00
20060620,9.88,10.31,9.78,10.24
20060621,10.27,10.51,10.15,10.50
20060622,10.45,10.69,10.17,10.22
20060623,10.19,10.36,9.98,10.30
20060626,10.33,10.41,10.06,10.27
20060627,10.23,10.67,10.19,10.27
20060628,10.19,10.41,10.13,10.19
20060629,10.22,10.57,10.19,10.39
20060630,10.73,11.13,10.63,11.00
20060703,11.13,11.31,11.05,11.30
20060704,11.30,11.31,11.08,11.27
20060705,11.24,11.47,11.20,11.42
20060706,11.40,11.62,11.25,11.58
20060707,11.54,11.61,11.30,11.40
20060710,11.34,11.41,10.86,10.96
20060711,11.04,11.56,10.98,11.50
20060712,11.51,11.78,11.32,11.48
20060713,11.59,11.71,11.33,11.48
20060714,11.66,11.73,11.43,11.48
20060717,11.61,11.75,10.99,11.04
20060718,10.96,11.18,10.39,10.43
20060719,10.53,11.14,10.44,11.07
20060720,11.13,11.24,10.94,11.02
20060721,10.98,11.25,10.69,10.78
20060724,10.77,10.91,10.63,10.82
20060725,10.92,11.04,10.75,10.90
20060726,10.92,11.05,10.80,11.01
20060727,11.11,11.46,11.05,11.31
20060728,11.36,11.40,11.25,11.29
20060731,11.43,11.45,11.19,11.32
20060801,11.41,11.73,11.27,11.65
20060802,11.73,12.20,11.66,12.19
20060803,12.09,12.20,11.97,12.03
20060804,12.08,12.55,12.03,12.42
20060807,12.32,12.48,12.13,12.16
20060808,12.29,12.35,12.05,12.16
20060809,12.14,12.60,11.97,12.51
20060810,12.52,12.64,12.02,12.09
20060811,12.14,12.32,11.73,11.92
20060814,11.72,12.20,11.70,12.09
20060815,12.05,12.12,11.81,12.02
20060816,12.11,12.40,12.05,12.26
20060817,12.35,12.38,11.92,11.95
20060818,11.91,12.11,11.81,12.02
20060821,12.06,12.40,12.02,12.32
20060822,12.35,12.39,12.00,12.25
20060823,12.24,12.63,12.17,12.47
20060824,12.46,12.58,12.26,12.27
20060825,12.23,12.44,12.18,12.37
20060828,12.40,12.44,11.95,11.99
20060829,12.05,12.18,11.83,12.14
20060830,12.25,12.50,12.16,12.48
20060831,12.50,12.88,12.42,12.82
20060901,12.86,12.93,12.65,12.90
20060904,12.90,13.04,12.87,12.92
20060905,12.95,13.24,12.95,12.96
20060906,12.99,13.19,12.91,13.05
20060907,12.99,13.08,12.45,12.57
20060908,12.58,12.65,11.96,12.14
20060911,11.96,12.04,11.06,11.12
20060912,11.18,11.37,10.97,10.99
20060913,11.00,11.26,10.88,11.08
20060914,11.18,11.37,10.72,10.75
20060915,10.69,10.91,10.42,10.77
20060918,10.90,11.20,10.72,11.14
20060919,11.19,11.20,10.77,10.78
20060920,10.77,11.13,10.69,11.04
20060921,10.89,11.17,10.81,11.17
20060922,11.15,11.37,11.07,11.15
20060925,11.17,11.24,10.99,11.22
20060926,11.20,11.46,11.04,11.39
20060927,11.37,11.69,11.30,11.62
20060928,11.61,11.77,11.49,11.61
20060929,11.53,11.60,11.23,11.42
20061002,11.45,11.71,11.41,11.50
20061003,11.46,11.52,10.77,10.81
20061004,10.74,10.94,10.55,10.73
20061005,10.82,11.11,10.70,11.01
20061006,11.08,11.10,10.76,11.08
20061009,11.16,11.44,11.15,11.27
20061010,11.26,11.40,11.05,11.16
20061011,11.17,11.42,11.04,11.22
20061012,11.23,11.36,11.10,11.28
20061013,11.34,11.62,11.26,11.62
20061016,11.64,11.85,11.54,11.78
20061017,11.88,11.89,11.55,11.68
20061018,11.66,11.87,11.65,11.68
20061019,11.74,12.08,11.57,12.04
20061020,12.06,12.07,11.81,11.89
20061023,11.83,11.88,11.57,11.60
20061024,11.67,11.80,11.28,11.75
20061025,11.76,11.90,11.66,11.81
20061026,11.92,12.19,11.87,12.12
20061027,12.16,12.17,11.96,11.99
20061030,12.05,12.22,12.03,12.12
20061031,12.09,12.24,11.92,12.22
20061101,12.26,12.49,12.24,12.48
20061102,12.42,12.60,12.31,12.55
20061103,12.53,12.65,12.29,12.57
20061106,12.54,12.74,12.44,12.65
20061107,12.59,12.71,12.50,12.60
20061108,12.61,12.67,12.42,12.42
20061109,12.43,13.03,12.40,13.02
20061110,13.01,13.15,12.83,13.00
20061113,12.99,13.10,12.67,12.87
20061114,12.86,12.99,12.71,12.82
20061115,12.80,12.92,12.48,12.86
20061116,12.90,13.12,12.81,12.87
20061117,12.75,12.83,12.56,12.76
20061120,12.79,12.97,12.70,12.72
20061121,12.71,13.08,12.71,13.07
20061122,13.02,13.20,12.95,13.03
20061123,13.04,13.11,13.02,13.09
20061124,13.10,13.46,13.08,13.43
20061127,13.47,13.55,13.39,13.49
20061128,13.52,13.62,13.40,13.61
20061129,13.67,13.76,13.50,13.50
20061130,13.53,13.97,13.53,13.89
20061201,13.93,14.03,13.82,13.98
20061204,13.97,14.09,13.93,14.09
20061205,14.08,14.17,13.81,13.88
20061206,13.71,13.80,13.53,13.54
20061207,13.56,13.90,13.42,13.87
20061208,13.86,13.96,13.66,13.75
20061211,13.68,13.87,13.57,13.81
20061212,13.80,13.89,13.76,13.79
20061213,13.81,13.86,13.55,13.74
20061214,13.77,13.86,13.70,13.78
20061215,13.75,13.81,12.77,12.81
20061218,12.84,12.98,12.27,12.43
20061219,12.47,12.69,12.29,12.62
20061220,12.65,12.76,12.39,12.54
20061221,12.49,12.56,12.32,12.36
20061222,12.38,12.57,12.36,12.55
20061226,12.61,12.78,12.60,12.62
20061227,12.66,12.86,12.61,12.77
20061228,12.74,12.87,12.74,12.83
20061229,12.84,12.88,12.76,12.87
20070102,12.91,13.16,12.88,13.14
20070103,13.10,13.17,12.51,12.55
20070104,12.56,12.81,12.37,12.70
20070105,12.55,12.72,12.04,12.16
20070108,12.18,12.32,12.02,12.24
20070109,12.27,12.51,12.15,12.48
20070110,12.46,12.49,12.17,12.37
20070111,12.34,12.52,12.28,12.35
20070112,12.33,12.84,12.27,12.77
20070115,12.80,12.89,12.79,12.89
20070116,12.87,12.88,12.50,12.54
20070117,12.54,12.90,12.33,12.79
20070118,12.81,12.94,12.57,12.58
20070119,12.66,12.84,12.59,12.83
20070122,12.85,13.12,12.73,12.92
20070123,12.91,13.24,12.86,13.19
20070124,13.24,13.26,13.01,13.18
20070125,13.21,13.52,13.16,13.35
20070126,13.28,13.41,13.12,13.29
20070129,13.39,13.41,13.13,13.17
20070130,13.15,13.35,13.05,13.30
20070131,13.34,13.62,13.21,13.47
20070201,13.50,13.75,13.48,13.65
20070202,13.61,13.68,13.20,13.33
20070205,13.39,13.51,13.25,13.49
20070206,13.44,13.79,13.39,13.58
20070207,13.63,13.73,13.56,13.61
20070208,13.62,13.81,13.44,13.73
20070209,13.77,13.89,13.70,13.86
20070212,13.85,13.88,13.47,13.64
20070213,13.67,13.94,13.62,13.85
20070214,13.85,14.09,13.81,13.94
20070215,13.99,14.03,13.80,13.92
20070216,13.97,14.00,13.80,13.95
20070219,13.94,14.03,13.91,14.00
20070220,13.99,14.01,13.65,13.80
20070221,13.82,14.33,13.67,14.22
20070222,14.19,14.30,14.12,14.22
20070223,14.18,14.61,14.14,14.54
20070226,14.56,14.69,14.46,14.66
20070227,14.67,14.68,14.25,14.37
20070228,14.21,14.38,13.95,14.08
20070301,14.24,14.30,13.41,13.60
20070302,13.55,13.72,12.70,12.89
20070305,12.84,12.89,12.40,12.64
20070306,12.59,12.93,12.54,12.90
20070307,12.94,13.01,12.77,12.97
20070308,12.91,13.11,12.89,12.96
20070309,12.95,13.07,12.77,12.84
20070312,12.89,13.05,12.82,12.97
20070313,12.98,13.00,12.76,12.80
20070314,12.75,12.81,12.56,12.78
20070315,12.83,13.08,12.81,12.98
20070316,13.02,13.16,12.94,13.08
20070319,13.14,13.19,13.02,13.13
20070320,13.16,13.38,13.11,13.29
20070321,13.28,13.35,13.11,13.29
20070322,13.31,13.48,13.31,13.41
20070323,13.39,13.40,13.09,13.16
20070326,13.14,13.39,13.13,13.32
20070327,13.33,13.38,13.15,13.22
20070328,13.35,13.45,13.23,13.33
20070329,13.32,13.35,13.11,13.25
20070330,13.29,13.38,13.24,13.36
20070402,13.35,13.41,12.96,13.28
20070403,13.24,13.46,13.19,13.37
20070404,13.38,13.61,13.36,13.54
20070405,13.58,13.70,13.52,13.66
20070409,13.64,13.84,13.58,13.77
20070410,13.73,13.98,13.69,13.86
20070411,13.87,13.99,13.70,13.79
20070412,13.81,13.91,13.64,13.82
20070413,13.84,14.09,13.80,14.03
20070416,14.08,14.09,13.78,14.02
20070417,14.01,14.05,13.85,13.94
20070418,13.95,14.04,13.85,13.92
20070419,13.94,14.00,13.49,13.65
20070420,13.68,13.96,13.66,13.92
20070423,13.95,14.07,13.81,14.00
20070424,13.99,14.05,13.67,13.75
20070425,13.78,13.85,13.69,13.75
20070426,13.77,13.81,13.20,13.29
20070427,13.30,13.48,13.21,13.47
20070430,13.52,13.54,13.40,13.45
20070501,13.39,13.45,13.12,13.23
20070502,13.28,13.33,13.02,13.20
20070503,13.19,13.42,13.16,13.38
20070504,13.37,13.56,13.32,13.42
20070507,13.44,13.55,13.41,13.50
20070508,13.48,13.53,13.27,13.44
20070509,13.48,13.50,13.17,13.36
20070510,13.35,13.36,12.98,13.02
20070511,13.01,13.28,12.92,13.20
20070514,13.15,13.23,13.02,13.11
20070515,13.14,13.23,12.98,13.19
20070516,13.20,13.20,12.82,12.86
20070517,12.90,12.92,12.67,12.80
20070518,12.84,12.98,12.74,12.93
20070521,12.96,13.06,12.80,13.05
20070522,13.03,13.10,12.87,12.90
20070523,12.91,13.10,12.86,13.01
20070524,13.02,13.06,12.72,12.84
20070525,12.82,12.95,12.81,12.92
20070528,12.93,12.94,12.87,12.92
20070529,12.91,13.22,12.87,13.14
20070530,13.15,13.17,13.02,13.13
20070531,13.16,13.49,13.14,13.40
20070601,13.42,13.69,13.41,13.65
20070604,13.64,13.77,13.61,13.65
20070605,13.69,13.79,13.65,13.75
20070606,13.72,13.77,13.59,13.66
20070607,13.67,13.73,13.38,13.41
20070608,13.40,13.48,12.95,13.02
20070611,13.07,13.23,13.06,13.21
20070612,13.19,13.22,12.99,13.07
20070613,12.97,13.15,12.81,13.03
20070614,13.09,13.17,12.93,13.12
20070615,13.14,13.22,13.02,13.21
20070618,13.26,13.35,13.17,13.19
20070619,13.20,13.32,13.06,13.32
20070620,13.31,13.36,13.18,13.19
20070621,13.16,13.23,12.94,13.08
20070622,13.07,13.16,12.97,13.02
20070625,13.02,13.04,12.81,12.87
20070626,12.86,12.88,12.11,12.25
20070627,12.23,12.34,12.10,12.23
20070628,12.29,12.46,12.24,12.44
20070629,12.45,12.53,12.32,12.39
20070702,12.45,12.63,12.39,12.63
20070703,12.61,12.67,12.44,12.55
20070704,12.57,12.65,12.54,12.62
20070705,12.64,12.65,12.37,12.47
20070706,12.48,12.74,12.33,12.69
20070709,12.72,12.85,12.64,12.71
20070710,12.69,12.97,12.68,12.86
20070711,12.91,12.98,12.81,12.86
20070712,12.89,13.09,12.84,13.08
20070713,13.07,13.13,12.96,13.01
20070716,13.03,13.06,12.90,12.94
20070717,12.93,13.03,12.84,12.92
20070718,12.88,13.23,12.88,13.18
20070719,13.16,13.28,13.14,13.24
20070720,13.23,13.38,13.20,13.28
20070723,13.30,13.38,13.21,13.23
20070724,13.20,13.47,13.20,13.30
20070725,13.24,13.26,13.01,13.03
20070726,13.11,13.15,12.67,12.82
20070727,12.83,12.92,12.58,12.66
20070730,12.70,12.88,12.64,12.86
20070731,12.89,13.02,12.82,12.92
20070801,12.85,13.00,12.68,12.88
20070802,12.95,13.02,12.87,12.96
20070803,12.95,13.13,12.92,13.09
20070806,13.07,13.13,12.91,12.95
20070807,12.96,13.09,12.86,13.05
20070808,13.04,13.17,12.98,13.11
20070809,13.10,13.11,12.58,12.62
20070810,12.63,12.98,12.56,12.81
20070813,12.85,12.87,12.70,12.79
20070814,12.78,12.86,12.66,12.68
20070815,12.67,12.71,12.31,12.54
20070816,12.46,12.52,11.05,11.56
20070817,11.81,11.97,11.46,11.75
20070820,11.74,11.95,11.62,11.70
20070821,11.76,11.81,11.44,11.51
20070822,11.55,11.76,11.48,11.58
20070823,11.66,11.87,11.59,11.65
20070824,11.70,11.98,11.55,11.92
20070827,11.95,11.97,11.69,11.76
20070828,11.71,11.88,11.65,11.76
20070829,11.73,11.91,11.67,11.85
20070830,11.87,11.89,11.70,11.79
20070831,11.76,12.09,11.75,12.04
20070903,12.09,12.15,12.03,12.09
20070904,12.10,12.33,11.99,12.26
20070905,12.27,12.28,12.10,12.17
20070906,12.22,12.47,12.18,12.36
20070907,12.37,12.61,12.36,12.51
20070910,12.47,12.65,12.39,12.51
20070911,12.50,12.76,12.46,12.67
20070912,12.66,12.74,12.48,12.61
20070913,12.60,12.62,12.37,12.49
20070914,12.50,12.76,12.43,12.56
20070917,12.51,12.79,12.51,12.74
20070918,12.76,12.98,12.67,12.77
20070919,13.01,13.06,12.86,12.95
20070920,12.91,13.46,12.88,13.35
20070921,13.33,13.65,13.29,13.49
20070924,13.46,13.68,13.38,13.47
20070925,13.43,13.47,13.22,13.44
20070926,13.43,13.58,13.31,13.37
20070927,13.34,13.58,13.32,13.51
20070928,13.50,13.83,13.50,13.81
20071001,13.76,13.84,13.62,13.69
20071002,13.71,13.71,13.06,13.33
20071003,13.32,13.46,13.21,13.33
20071004,13.28,13.39,13.09,13.35
20071005,13.36,13.47,13.17,13.36
20071008,13.37,13.41,13.20,13.23
20071009,13.24,13.55,13.12,13.43
20071010,13.47,13.66,13.46,13.53
20071011,13.54,13.89,13.53,13.85
20071012,13.74,13.87,13.68,13.76
20071015,13.78,13.99,13.72,13.75
20071016,13.78,13.97,13.53,13.56
20071017,13.61,13.80,13.48,13.61
20071018,13.60,13.79,13.58,13.71
20071019,13.76,13.89,13.28,13.54
20071022,13.52,13.57,13.25,13.46
20071023,13.45,13.63,13.41,13.54
20071024,13.56,13.56,13.38,13.48
20071025,13.57,13.97,13.52,13.86
20071026,13.88,14.21,13.87,14.20
20071029,14.27,14.45,14.21,14.40
20071030,14.48,14.49,14.12,14.19
20071031,14.13,14.52,14.10,14.50
20071101,14.49,14.52,13.92,14.20
20071102,14.14,14.66,14.06,14.57
20071105,14.67,14.79,14.38,14.68
20071106,14.65,15.39,14.62,15.28
20071107,15.56,16.18,15.19,15.29
20071108,14.84,15.79,14.84,15.49
20071109,15.42,15.63,15.04,15.46
20071112,15.37,15.39,14.52,14.64
20071113,14.42,14.92,14.36,14.54
20071114,14.65,15.10,14.62,14.97
20071115,14.98,15.11,14.31,14.44
20071116,14.36,14.71,14.34,14.44
20071119,14.54,14.64,14.10,14.16
20071120,14.17,14.81,14.08,14.51
20071121,14.66,14.80,14.30,14.47
20071122,14.43,14.56,14.40,14.54
20071123,14.51,14.85,14.46,14.70
20071126,14.85,14.99,14.60,14.78
20071127,14.67,14.78,14.30,14.44
20071128,14.50,14.52,14.10,14.41
20071129,14.43,14.51,14.15,14.23
20071130,14.15,14.27,13.78,13.98
20071203,14.01,14.22,13.77,14.08
20071204,14.11,14.40,14.00,14.29
20071205,14.38,14.40,14.10,14.30
20071206,14.22,14.51,13.96,14.46
20071207,14.49,14.53,14.22,14.33
20071210,14.34,14.72,14.31,14.64
20071211,14.63,14.77,14.54,14.70
20071212,14.50,14.79,14.44,14.65
20071213,14.63,14.65,13.96,14.08
20071214,14.11,14.21,13.73,13.81
20071217,13.87,13.97,13.58,13.82
20071218,13.85,14.10,13.77,14.00
20071219,13.98,14.14,13.93,14.06
20071220,14.11,14.26,13.93,14.24
20071221,14.16,14.43,14.16,14.34
20071224,14.33,14.56,14.30,14.53
20071226,14.49,14.75,14.43,14.68
20071227,14.66,14.75,14.53,14.68
20071228,14.65,14.84,14.59,14.77
20071231,14.78,14.89,14.67,14.78
20080102,14.77,15.26,14.77,15.16
20080103,15.21,15.40,15.04,15.36
20080104,15.32,15.43,15.12,15.29
20080107,15.30,15.35,15.08,15.17
20080108,15.13,15.72,15.13,15.69
20080109,15.68,16.14,15.54,15.70
20080110,15.75,16.23,15.31,16.14
20080111,16.16,16.29,15.91,16.23
20080114,16.24,16.57,16.12,16.27
20080115,16.36,16.53,15.92,16.19
20080116,15.95,16.13,15.67,15.83
20080117,15.77,16.07,15.75,15.89
20080118,15.85,16.31,15.62,16.13
20080121,16.14,16.16,15.47,15.53
20080122,15.52,16.19,15.19,16.01
20080123,15.98,16.17,15.70,15.83
20080124,16.11,16.43,15.92,16.30
20080125,16.41,16.59,16.28,16.41
20080128,16.54,16.71,16.32,16.67
20080129,16.69,16.80,16.48,16.70
20080130,16.72,16.82,16.56,16.64
20080131,16.72,17.01,16.66,16.89
20080201,16.85,17.28,16.72,16.76
20080204,16.78,16.91,16.41,16.71
20080205,16.74,16.74,16.25,16.31
20080206,16.34,16.64,16.18,16.54
20080207,16.46,16.81,16.45,16.77
20080208,16.75,17.15,16.73,17.08
20080211,17.18,17.54,17.09,17.43
20080212,17.45,17.61,17.12,17.20
20080213,17.18,17.35,16.90,17.31
20080214,17.30,17.49,17.11,17.20
20080215,17.25,17.48,16.94,17.08
20080218,17.05,17.22,16.92,17.08
20080219,17.14,17.57,17.09,17.49
20080220,17.54,17.74,17.19,17.71
20080221,17.85,18.06,17.72,17.88
20080222,17.80,18.09,17.72,17.96
20080225,18.03,18.16,17.85,18.07
20080226,18.09,18.77,17.90,18.74
20080227,18.87,19.46,18.82,19.19
20080228,19.24,19.82,19.03,19.77
20080229,19.75,19.93,19.35,19.69
20080303,19.77,20.59,19.74,20.16
20080304,20.30,20.55,19.53,19.57
20080305,19.76,20.81,19.36,20.50
20080306,20.74,21.20,19.83,20.24
20080307,20.16,20.66,19.83,20.12
20080310,20.21,20.39,19.19,19.68
20080311,19.63,20.27,19.35,19.58
20080312,19.64,20.19,19.37,20.05
20080313,20.14,20.88,20.14,20.40
20080314,20.55,20.87,20.24,20.64
20080317,20.70,21.35,19.84,20.10
20080318,20.11,20.43,19.69,19.69
20080319,19.66,20.09,18.18,18.42
20080320,18.16,18.22,16.71,16.74
20080324,16.98,17.22,16.77,16.87
20080325,17.10,17.85,17.07,17.81
20080326,17.85,18.43,17.64,18.39
20080327,18.41,18.62,17.92,18.48
20080328,18.51,18.52,17.62,17.89
20080331,17.66,18.16,17.02,17.19
20080401,17.17,17.39,16.32,16.88
20080402,16.90,17.24,16.70,17.23
20080403,17.33,17.55,16.92,17.40
20080404,17.38,17.76,17.22,17.71
20080407,17.80,18.25,17.69,18.13
20080408,18.01,18.18,17.41,17.66
20080409,17.74,18.39,17.37,18.20
20080410,18.10,18.41,17.80,17.94
20080411,17.93,18.14,17.46,17.72
20080414,17.67,17.87,17.24,17.74
20080415,17.63,18.05,17.61,17.79
20080416,17.81,18.51,17.72,18.27
20080417,18.29,18.74,18.13,18.25
20080418,18.26,18.46,17.36,17.88
20080421,17.86,17.95,17.28,17.44
20080422,17.41,17.94,17.27,17.70
20080423,17.70,17.85,16.96,17.20
20080424,17.11,17.23,16.63,16.70
20080425,16.73,16.89,16.39,16.89
20080428,16.84,17.13,16.77,17.00
20080429,17.00,17.03,16.42,16.57
20080430,16.57,16.77,16.34,16.57
20080501,16.83,17.00,15.97,16.12
20080502,16.25,16.50,16.05,16.38
20080505,16.45,16.81,16.43,16.73
20080506,16.73,16.98,16.62,16.82
20080507,16.84,16.89,16.46,16.64
20080508,16.62,16.93,16.43,16.81
20080509,16.88,17.07,16.46,16.79
20080512,16.83,17.30,16.64,17.16
20080513,17.14,17.26,16.50,16.73
20080514,16.69,16.88,16.53,16.55
20080515,16.53,16.96,16.48,16.65
20080516,16.72,17.06,16.66,16.95
20080519,17.02,17.24,16.81,16.98
20080520,17.00,17.67,16.90,17.60
20080521,17.68,18.00,17.55,17.98
20080522,17.99,18.20,17.71,17.92
20080523,17.92,18.29,17.82,18.20
20080526,18.16,18.31,18.10,18.28
20080527,18.27,18.32,17.38,17.40
20080528,17.49,17.63,17.02,17.43
20080529,17.38,17.57,16.48,16.63
20080530,16.62,16.92,16.41,16.85
20080602,16.84,17.00,16.57,16.82
20080603,16.80,16.93,16.42,16.79
20080604,16.79,16.91,16.56,16.89
20080605,16.78,17.18,16.48,17.10
20080606,17.11,17.50,17.05,17.38
20080609,17.53,17.62,17.10,17.20
20080610,17.14,17.19,16.50,16.61
20080611,16.63,16.91,16.51,16.87
20080612,16.86,16.91,16.23,16.53
20080613,16.48,16.61,16.25,16.53
20080616,16.55,17.43,16.39,17.14
20080617,17.14,17.39,16.82,17.07
20080618,17.03,17.45,16.95,17.37
20080619,17.35,17.71,17.13,17.46
20080620,17.36,17.62,17.28,17.36
20080623,17.38,17.50,16.53,16.78
20080624,16.78,16.95,16.59,16.65
20080625,16.67,16.81,16.49,16.57
20080626,16.76,17.41,16.68,17.16
20080627,17.15,17.64,17.11,17.59
20080630,17.50,17.84,17.19,17.42
20080701,17.36,18.19,17.34,18.10
20080702,18.09,18.33,17.87,18.26
20080703,18.28,18.45,17.97,18.24
20080704,18.22,18.25,17.95,18.04
20080707,18.05,18.09,17.55,17.85
20080708,17.76,17.95,17.45,17.80
20080709,17.72,18.13,17.67,18.09
20080710,18.07,18.32,18.04,18.21
20080711,18.27,18.87,18.23,18.74
20080714,18.77,19.21,18.50,19.11
20080715,19.07,19.45,18.57,18.92
20080716,18.94,19.09,18.63,18.76
20080717,18.77,19.12,18.59,18.62
20080718,18.55,18.63,18.03,18.09
20080721,18.19,18.45,18.16,18.35
20080722,18.45,18.66,17.85,18.02
20080723,17.95,18.00,17.36,17.43
20080724,17.39,17.59,17.15,17.21
20080725,17.40,17.61,17.05,17.37
20080728,17.38,17.48,17.29,17.45
20080729,17.56,17.62,17.11,17.27
20080730,17.35,17.43,16.84,17.41
20080731,17.52,17.91,17.37,17.73
20080801,17.72,17.75,17.24,17.49
20080804,17.51,17.61,16.92,17.01
20080805,16.96,16.98,16.54,16.60
20080806,16.44,16.73,16.39,16.51
20080807,16.54,16.68,16.05,16.18
20080808,16.16,16.21,15.25,15.33
20080811,15.36,15.41,14.52,14.55
20080812,14.67,14.79,14.00,14.55
20080813,14.58,14.91,14.36,14.85
20080814,14.90,15.11,14.11,14.27
20080815,14.14,14.15,12.28,12.78
20080818,13.09,13.33,12.90,13.14
20080819,13.00,13.34,12.48,13.18
20080820,13.29,13.41,12.80,13.10
20080821,13.25,13.85,13.19,13.80
20080822,13.76,13.94,13.30,13.47
20080825,13.36,13.56,13.10,13.39
20080826,13.46,13.71,12.97,13.59
20080827,13.57,13.86,13.40,13.48
20080828,13.47,14.02,13.43,13.61
20080829,13.68,13.89,13.53,13.57
20080901,13.72,13.77,13.33,13.44
20080902,13.39,13.44,12.47,13.10
20080903,13.11,13.12,12.55,12.95
20080904,12.90,13.19,12.62,12.89
20080905,12.62,13.08,12.08,12.21
20080908,12.43,12.71,11.88,12.00
20080909,12.11,12.16,11.49,11.58
20080910,11.30,11.59,10.77,10.87
20080911,10.68,10.96,10.25,10.54
20080912,10.61,10.93,10.53,10.75
20080915,11.07,11.19,10.40,11.00
20080916,11.05,11.19,10.45,10.59
20080917,10.44,12.04,10.44,12.04
20080918,12.09,12.98,11.74,12.61
20080919,11.84,12.60,11.72,12.31
20080922,12.68,13.52,12.47,13.41
20080923,13.52,13.65,12.95,13.12
20080924,13.20,13.63,13.04,13.36
20080925,13.20,13.74,13.03,13.17
20080926,13.22,13.60,13.01,13.40
20080929,13.11,13.29,12.66,12.97
20080930,13.09,13.16,12.01,12.03
20081001,11.98,12.95,11.94,12.67
20081002,12.52,12.52,11.00,11.11
20081003,10.82,11.67,10.81,11.29
20081006,11.22,11.48,10.86,11.17
20081007,11.06,11.82,11.03,11.38
20081008,11.55,12.04,11.38,11.62
20081009,11.67,11.99,11.48,11.78
20081010,12.19,12.29,9.43,9.60
20081013,10.22,10.85,10.15,10.76
20081014,10.75,11.15,10.66,11.01
20081015,11.00,11.08,10.03,10.17
20081016,10.31,10.32,9.25,9.64
20081017,9.53,9.91,9.07,9.39
20081020,9.45,9.90,9.41,9.82
20081021,9.81,10.17,9.56,10.16
20081022,10.14,10.16,9.40,9.48
20081023,9.56,9.87,9.19,9.46
20081024,9.71,9.74,8.64,9.25
20081027,9.45,9.51,8.71,9.11
20081028,9.12,9.29,8.42,8.94
20081029,9.41,10.14,9.02,9.80
20081030,9.87,10.59,9.59,9.77
20081031,9.78,9.94,9.18,9.83
20081103,9.79,10.25,9.69,9.79
20081104,9.81,10.52,9.66,10.12
20081105,10.23,10.57,10.00,10.46
20081106,10.31,10.76,9.91,10.10
20081107,10.00,10.31,9.89,9.93
20081110,10.20,10.54,10.07,10.30
20081111,10.23,10.23,9.55,9.78
20081112,9.76,9.89,9.32,9.42
20081113,9.33,9.44,8.79,9.08
20081114,9.37,9.70,9.18,9.55
20081117,9.48,9.67,9.22,9.39
20081118,9.33,9.73,9.14,9.58
20081119,9.60,9.82,9.24,9.34
20081120,9.24,9.46,8.80,9.18
20081121,8.98,9.63,8.89,9.55
20081124,9.64,10.67,9.47,10.43
20081125,10.53,10.53,10.04,10.27
20081126,10.27,10.46,10.16,10.23
20081127,10.29,10.37,10.19,10.34
20081128,10.25,10.33,10.10,10.32
20081201,10.26,10.26,9.22,9.29
20081202,9.31,9.73,9.19,9.55
20081203,9.54,9.72,9.28,9.52
20081204,9.69,9.70,9.35,9.58
20081205,9.49,9.56,9.15,9.45
20081208,9.49,10.35,9.48,9.98
20081209,9.97,10.07,9.65,9.82
20081210,9.85,10.26,9.84,10.18
20081211,10.14,10.52,10.12,10.37
20081212,10.38,10.39,10.00,10.22
20081215,10.36,10.71,10.26,10.66
20081216,10.63,10.89,10.45,10.67
20081217,11.32,11.53,10.82,11.42
20081218,11.33,11.45,10.98,11.10
20081219,10.96,11.01,10.54,10.84
20081222,10.87,11.05,10.75,10.82
20081223,10.83,10.87,10.12,10.28
20081224,10.31,10.44,10.21,10.36
20081226,10.28,10.59,10.28,10.52
20081229,10.67,11.25,10.67,10.78
20081230,10.90,11.13,10.67,10.96
20081231,10.98,11.31,10.73,11.28
20090102,11.37,11.52,11.03,11.49
20090105,11.67,11.69,10.54,11.27
20090106,11.18,11.44,10.78,11.43
20090107,11.38,11.59,10.88,11.10
20090108,10.98,11.31,10.79,11.12
20090109,11.11,11.57,10.98,11.31
20090112,11.20,11.23,10.74,10.81
20090113,10.64,10.83,10.42,10.74
20090114,10.72,10.87,10.36,10.51
20090115,10.62,10.65,10.34,10.53
20090116,10.60,11.29,10.57,11.23
20090119,11.26,11.26,11.06,11.17
20090120,11.14,11.38,10.91,11.14
20090121,11.15,11.51,11.05,11.26
20090122,11.29,11.48,11.21,11.38
20090123,11.36,12.06,11.27,11.88
20090126,11.92,12.27,11.81,12.11
20090127,12.04,12.21,11.87,12.10
20090128,12.07,12.16,11.83,12.01
20090129,11.93,12.22,11.66,12.14
20090130,12.31,12.66,12.22,12.60
20090202,12.61,12.61,12.20,12.39
20090203,12.36,12.47,12.15,12.31
20090204,12.42,12.58,12.32,12.45
20090205,12.49,12.89,12.33,12.80
20090206,12.76,13.17,12.75,13.12
20090209,13.06,13.09,12.83,12.87
20090210,12.84,13.21,12.75,13.18
20090211,13.12,13.65,13.09,13.51
20090212,13.51,13.74,13.32,13.55
20090213,13.45,13.69,13.24,13.65
20090216,13.61,13.69,13.50,13.60
20090217,13.56,14.19,13.56,14.03
20090218,14.08,14.33,13.97,14.32
20090219,14.34,14.40,13.89,13.94
20090220,14.08,14.60,14.00,14.44
20090223,14.46,14.61,14.10,14.48
20090224,14.41,14.58,13.70,13.93
20090225,13.74,14.13,13.57,13.82
20090226,13.70,13.75,12.91,13.01
20090227,13.17,13.36,12.85,13.04
20090302,13.16,13.37,12.73,13.02
20090303,12.92,12.95,12.42,12.76
20090304,12.79,13.15,12.68,12.86
20090305,13.01,13.22,12.89,13.21
20090306,13.25,13.52,13.21,13.36
20090309,13.27,13.41,12.79,12.89
20090310,12.98,13.02,12.48,12.61
20090311,12.57,12.87,12.52,12.77
20090312,12.81,13.07,12.65,12.95
20090313,12.93,13.28,12.89,13.19
20090316,12.96,13.18,12.79,12.89
20090317,12.92,12.99,12.66,12.70
20090318,12.71,12.75,11.94,12.66
20090319,12.91,13.67,12.64,13.51
20090320,13.53,13.82,13.42,13.76
20090323,13.72,13.89,13.63,13.83
20090324,13.72,13.75,13.28,13.45
20090325,13.42,13.55,12.99,13.49
20090326,13.48,13.74,13.41,13.58
20090327,13.51,13.59,13.09,13.31
20090330,13.32,13.34,12.92,13.02
20090331,13.03,13.25,12.64,13.01
20090401,12.94,13.17,12.84,12.95
20090402,13.04,13.09,12.57,13.00
20090403,12.99,13.01,12.66,12.77
20090406,12.73,12.73,12.09,12.14
20090407,12.15,12.35,12.04,12.25
20090408,12.31,12.45,12.18,12.29
20090409,12.27,12.40,12.13,12.37
20090413,12.38,12.84,12.38,12.72
20090414,12.76,12.80,12.57,12.79
20090415,12.71,12.93,12.65,12.80
20090416,12.77,12.81,12.19,12.26
20090417,12.23,12.26,11.81,11.85
20090420,11.87,12.17,11.82,12.07
20090421,12.08,12.25,11.97,12.05
20090422,12.01,12.33,11.99,12.32
20090423,12.30,12.84,12.30,12.77
20090424,12.79,12.93,12.68,12.89
20090427,13.13,13.20,12.85,12.90
20090428,12.87,12.94,12.35,12.46
20090429,12.43,12.78,12.39,12.77
20090430,12.71,12.81,12.19,12.41
20090501,12.33,12.62,12.04,12.46
20090504,12.49,13.12,12.45,13.06
20090505,13.08,13.59,12.98,13.34
20090506,13.33,13.81,13.26,13.72
20090507,13.73,14.13,13.65,13.94
20090508,13.79,14.03,13.78,13.95
20090511,13.96,14.03,13.67,13.91
20090512,13.92,14.33,13.84,14.23
20090513,14.22,14.37,13.88,14.00
20090514,13.96,14.05,13.73,14.03
20090515,14.04,14.17,13.84,13.93
20090518,13.94,14.06,13.66,13.78
20090519,13.73,14.17,13.73,14.17
20090520,14.14,14.37,14.07,14.29
20090521,14.19,14.46,14.07,14.42
20090522,14.48,14.83,14.41,14.66
20090525,14.65,14.75,14.56,14.73
20090526,14.68,14.69,14.29,14.60
20090527,14.57,14.98,14.43,14.80
20090528,14.70,15.25,14.64,15.12
20090529,15.18,15.64,15.15,15.59
20090601,15.76,15.95,15.54,15.70
20090602,15.52,15.99,15.44,15.91
20090603,15.96,16.23,15.27,15.27
20090604,15.33,15.89,15.06,15.87
20090605,15.93,15.93,15.16,15.35
20090608,15.30,15.44,14.73,14.94
20090609,14.95,15.32,14.77,15.15
20090610,15.20,15.49,15.03,15.08
20090611,15.22,15.51,14.95,15.41
20090612,15.38,15.43,14.78,14.89
20090615,14.62,14.72,14.03,14.08
20090616,14.08,14.40,14.07,14.16
20090617,14.15,14.34,13.95,14.28
20090618,14.35,14.39,14.14,14.20
20090619,14.22,14.36,14.13,14.18
20090622,14.15,14.15,13.70,13.75
20090623,13.79,13.90,13.62,13.86
20090624,13.92,14.11,13.79,13.91
20090625,13.82,14.05,13.80,14.01
20090626,14.02,14.31,14.02,14.07
20090629,13.93,14.11,13.85,13.92
20090630,13.87,14.14,13.48,13.57
20090701,13.61,13.83,13.57,13.73
20090702,13.76,13.78,13.29,13.39
20090703,13.37,13.47,13.36,13.41
20090706,13.38,13.42,13.00,13.24
20090707,13.28,13.36,13.09,13.17
20090708,13.09,13.14,12.75,12.84
20090709,12.82,12.97,12.76,12.91
20090710,12.86,12.90,12.52,12.65
20090713,12.67,12.83,12.44,12.77
20090714,12.82,12.99,12.79,12.85
20090715,12.94,13.37,12.91,13.24
20090716,13.28,13.32,13.15,13.22
20090717,13.29,13.46,13.07,13.40
20090720,13.42,13.75,13.41,13.61
20090721,13.67,13.70,13.44,13.49
20090722,13.52,13.74,13.37,13.70
20090723,13.69,13.86,13.62,13.75
20090724,13.69,13.89,13.64,13.86
20090727,13.86,14.09,13.77,14.01
20090728,14.02,14.09,13.58,13.70
20090729,13.68,13.74,13.18,13.24
20090730,13.30,13.58,13.26,13.48
20090731,13.49,13.97,13.38,13.92
20090803,13.95,14.46,13.94,14.27
20090804,14.25,14.76,14.03,14.59
20090805,14.61,14.84,14.54,14.72
20090806,14.67,15.02,14.59,14.61
20090807,14.58,14.90,14.49,14.66
20090810,14.52,14.69,14.28,14.36
20090811,14.34,14.49,14.24,14.34
20090812,14.31,14.59,14.11,14.57
20090813,14.53,15.13,14.51,14.97
20090814,15.06,15.18,14.58,14.66
20090817,14.65,14.67,13.81,14.03
20090818,14.05,14.19,13.84,13.92
20090819,14.03,14.13,13.49,13.91
20090820,13.96,14.08,13.78,13.90
20090821,13.90,14.28,13.71,14.16
20090824,14.25,14.48,14.08,14.19
20090825,14.17,14.43,14.05,14.28
20090826,14.27,14.47,14.18,14.28
20090827,14.33,14.35,14.07,14.23
20090828,14.31,14.85,14.28,14.78
20090831,14.76,14.90,14.52,14.90
20090901,14.85,15.04,14.64,15.01
20090902,14.99,15.45,14.83,15.32
20090903,15.37,16.25,15.33,16.17
20090904,16.23,16.29,15.81,16.15
20090907,16.25,16.35,16.12,16.34
20090908,16.33,16.80,16.30,16.47
20090909,16.54,16.70,16.22,16.42
20090910,16.33,16.68,16.04,16.65
20090911,16.66,16.98,16.61,16.69
20090914,16.73,16.81,16.30,16.53
20090915,16.53,17.05,16.41,17.02
20090916,17.02,17.45,17.00,17.37
20090917,17.38,17.64,17.17,17.25
20090918,17.27,17.35,16.98,17.05
20090921,16.80,16.94,16.49,16.84
20090922,16.80,17.28,16.78,17.05
20090923,17.14,17.24,16.68,16.94
20090924,16.76,17.00,16.14,16.23
20090925,16.13,16.35,15.91,16.07
20090928,16.12,16.27,15.73,16.16
20090929,16.17,16.25,15.97,16.17
20090930,16.14,16.64,16.13,16.62
20091001,16.72,16.74,16.36,16.44
20091002,16.36,16.45,15.90,16.14
20091005,16.08,16.60,16.08,16.59
20091006,16.61,17.39,16.58,17.19
20091007,17.33,17.55,17.27,17.43
20091008,17.64,17.91,17.49,17.76
20091009,17.69,17.80,17.51,17.64
20091012,17.90,17.93,17.71,17.80
20091013,17.73,18.02,17.54,17.83
20091014,17.81,18.09,17.70,17.86
20091015,17.91,17.95,17.32,17.39
20091016,17.37,17.55,17.20,17.46
20091019,17.48,17.62,17.24,17.60
20091020,17.80,17.91,17.40,17.54
20091021,17.48,17.79,17.28,17.72
20091022,17.66,17.76,17.35,17.57
20091023,17.70,17.94,17.48,17.69
20091026,17.58,17.75,16.99,17.10
20091027,17.06,17.21,16.47,16.62
20091028,16.73,16.75,16.13,16.16
20091029,16.19,16.68,16.13,16.63
20091030,16.69,16.73,16.13,16.27
20091102,16.33,16.70,16.32,16.34
20091103,16.55,17.22,16.23,17.19
20091104,17.18,17.60,17.07,17.35
20091105,17.43,17.51,17.19,17.34
20091106,17.38,17.59,17.24,17.32
20091109,17.45,17.76,17.41,17.50
20091110,17.58,17.63,17.13,17.25
20091111,17.33,17.70,17.31,17.52
20091112,17.58,17.75,17.17,17.31
20091113,17.26,17.43,17.02,17.35
20091116,17.62,18.40,17.58,18.39
20091117,18.33,18.42,18.07,18.39
20091118,18.43,18.83,18.29,18.46
20091119,18.56,18.58,18.15,18.52
20091120,18.49,18.58,18.02,18.47
20091123,18.63,18.92,18.56,18.56
20091124,18.57,18.66,18.31,18.37
20091125,18.56,18.79,18.50,18.79
20091126,18.85,18.88,18.40,18.64
20091127,18.46,18.52,17.67,18.27
20091130,18.26,18.49,18.09,18.44
20091201,18.51,19.23,18.36,19.08
20091202,19.06,19.42,19.06,19.27
20091203,19.37,19.45,18.80,19.05
20091204,18.70,18.92,18.38,18.42
20091207,18.46,18.49,17.86,18.18
20091208,18.22,18.34,17.60,17.62
20091209,17.60,17.88,17.11,17.21
20091210,17.43,17.53,17.11,17.22
20091211,17.39,17.59,16.90,17.13
20091214,17.08,17.35,17.08,17.35
20091215,17.39,17.45,17.10,17.44
20091216,17.39,17.75,17.30,17.69
20091217,17.75,17.77,17.08,17.20
20091218,17.22,17.35,17.07,17.25
20091221,17.27,17.49,16.94,17.01
20091222,17.04,17.13,16.73,16.98
20091223,16.96,17.21,16.84,17.15
20091224,17.14,17.49,17.13,17.38
20091228,17.49,17.64,17.41,17.50
20091229,17.48,17.50,17.03,17.08
20091230,17.02,17.06,16.73,16.77
20091231,16.78,17.07,16.78,16.84
20100104,16.88,17.55,16.82,17.42
20100105,17.59,17.85,17.47,17.76
20100106,17.75,18.21,17.73,18.20
20100107,18.23,18.34,18.04,18.23
20100108,18.23,18.49,18.02,18.48
20100111,18.48,18.88,18.47,18.55
20100112,18.34,18.79,18.15,18.25
20100113,18.26,18.64,18.19,18.62
20100114,18.62,18.71,18.43,18.66
20100115,18.45,18.66,18.38,18.39
20100118,18.31,18.66,18.31,18.64
20100119,18.63,18.84,18.46,18.76
20100120,18.77,18.84,17.79,17.89
20100121,17.87,18.05,17.33,17.39
20100122,17.41,17.50,16.88,17.04
20100125,17.04,17.25,16.98,17.14
20100126,17.14,17.25,16.34,16.78
20100127,16.79,16.95,16.41,16.60
20100128,16.52,16.75,16.01,16.23
20100129,16.24,16.34,16.02,16.20
20100201,16.17,16.71,16.09,16.68
20100202,16.68,16.79,16.54,16.71
20100203,16.70,16.93,16.27,16.38
20100204,16.38,16.40,15.18,15.27
20100205,15.27,15.37,14.65,15.15
20100208,15.14,15.29,14.94,15.00
20100209,15.00,15.58,15.00,15.46
20100210,15.46,15.63,15.08,15.19
20100211,15.20,15.71,15.18,15.60
20100212,15.64,15.73,15.21,15.52
20100215,15.53,15.63,15.45,15.54
20100216,15.55,16.20,15.48,16.12
20100217,16.13,16.32,15.83,15.91
20100218,15.90,16.24,15.68,15.84
20100219,15.85,16.50,15.76,16.31
20100222,16.33,16.55,16.14,16.22
20100223,16.23,16.42,15.78,15.83
20100224,15.85,15.99,15.63,15.93
20100225,15.89,16.14,15.62,16.13
20100226,16.08,16.51,16.00,16.46
20100301,16.47,16.74,16.41,16.43
20100302,16.46,17.07,16.32,16.91
20100303,16.91,17.34,16.86,17.16
20100304,17.17,17.36,17.04,17.12
20100305,17.12,17.48,17.10,17.34
20100308,17.36,17.51,17.11,17.23
20100309,17.24,17.39,16.89,17.26
20100310,17.27,17.63,16.93,17.02
20100311,17.00,17.16,16.82,17.15
20100312,17.18,17.32,16.95,17.05
20100315,17.14,17.16,16.95,17.13
20100316,17.14,17.46,17.14,17.44
20100317,17.45,17.58,17.35,17.46
20100318,17.49,17.54,17.32,17.41
20100319,17.38,17.39,16.96,16.98
20100322,16.90,16.99,16.61,16.96
20100323,16.97,17.12,16.73,17.02
20100324,16.98,16.99,16.56,16.56
20100325,16.55,16.84,16.55,16.61
20100326,16.56,16.96,16.56,16.91
20100329,16.93,17.43,16.93,17.39
20100330,17.36,17.46,17.21,17.27
20100331,17.28,17.62,17.23,17.50
20100401,17.50,17.98,17.47,17.93
20100402,17.93,17.95,17.81,17.82
20100405,17.82,18.12,17.80,18.07
20100406,18.08,18.09,17.86,17.91
20100407,17.92,18.25,17.91,18.14
20100408,18.17,18.18,17.91,18.07
20100409,18.09,18.42,18.04,18.40
20100412,18.49,18.60,18.15,18.21
20100413,18.20,18.30,17.95,18.21
20100414,18.22,18.48,18.20,18.43
20100415,18.43,18.50,18.21,18.39
20100416,18.39,18.42,17.61,17.73
20100419,17.65,17.76,17.48,17.68
20100420,17.73,18.04,17.71,17.84
20100421,17.84,18.13,17.71,18.05
20100422,18.09,18.15,17.77,17.98
20100423,18.00,18.33,17.84,18.32
20100426,18.33,18.41,18.22,18.29
20100427,18.29,18.39,18.05,18.16
20100428,18.19,18.23,17.82,18.10
20100429,18.04,18.55,18.04,18.45
20100430,18.48,18.76,18.45,18.65
20100503,18.68,18.87,18.51,18.80
20100504,18.81,18.82,17.81,17.87
20100505,17.86,17.88,17.08,17.48
20100506,17.50,17.75,17.27,17.66
20100507,17.58,18.66,17.47,18.36
20100510,18.52,18.62,18.18,18.50
20100511,18.50,19.36,18.38,19.29
20100512,19.32,19.70,19.07,19.50
20100513,19.48,19.80,19.31,19.42
20100514,19.42,19.70,18.95,19.32
20100517,19.34,19.38,18.75,18.91
20100518,18.89,19.10,18.64,18.95
20100519,18.97,18.97,17.95,18.20
20100520,18.20,18.30,17.50,17.66
20100521,17.65,17.87,17.43,17.66
20100524,17.64,18.05,17.64,17.88
20100525,17.90,17.96,17.54,17.95
20100526,17.96,18.40,17.91,18.07
20100527,18.03,18.55,18.02,18.49
20100528,18.50,18.62,18.26,18.41
20100531,18.41,18.61,18.36,18.57
20100601,18.57,18.67,18.28,18.41
20100602,18.41,18.50,18.09,18.34
20100603,18.35,18.43,17.83,17.98
20100604,17.97,18.04,17.30,17.46
20100607,17.43,18.24,17.23,18.11
20100608,18.12,18.46,18.05,18.27
20100609,18.29,18.34,18.09,18.11
20100610,18.11,18.41,17.86,18.23
20100611,18.23,18.50,18.05,18.23
20100614,18.25,18.55,18.21,18.23
20100615,18.23,18.66,18.23,18.55
20100616,18.55,18.64,18.41,18.46
20100617,18.46,18.86,18.34,18.71
20100618,18.73,19.25,18.68,19.16
20100621,19.19,19.47,18.68,18.73
20100622,18.72,18.96,18.61,18.80
20100623,18.81,18.94,18.34,18.52
20100624,18.54,18.80,18.20,18.68
20100625,18.73,19.12,18.61,19.06
20100628,19.07,19.23,18.65,18.73
20100629,18.75,18.80,18.39,18.53
20100630,18.50,18.80,18.48,18.61
20100701,18.62,18.66,17.73,17.96
20100702,17.82,18.11,17.62,17.91
20100705,17.83,17.91,17.75,17.91
20100706,17.81,18.01,17.62,17.91
20100707,17.84,18.05,17.56,18.05
20100708,18.03,18.15,17.73,18.07
20100709,17.95,18.21,17.83,18.11
20100712,18.13,18.13,17.79,17.91
20100713,17.93,18.31,17.86,18.23
20100714,18.24,18.45,18.09,18.27
20100715,18.29,18.52,18.20,18.34
20100716,18.34,18.38,17.75,17.88
20100719,17.85,17.91,17.51,17.61
20100720,17.64,17.74,17.43,17.68
20100721,17.67,17.86,17.56,17.66
20100722,17.64,18.16,17.61,18.08
20100723,18.11,18.26,18.05,18.11
20100726,18.11,18.25,18.00,18.18
20100727,18.17,18.23,17.61,17.67
20100728,17.66,17.73,17.35,17.51
20100729,17.52,17.68,17.47,17.61
20100730,17.62,18.09,17.52,17.98
20100802,18.00,18.52,17.96,18.34
20100803,18.35,18.57,18.30,18.36
20100804,18.38,18.68,18.22,18.29
20100805,18.25,18.46,18.20,18.34
20100806,18.36,18.57,18.29,18.47
20100809,18.48,18.57,18.23,18.34
20100810,18.34,18.45,17.98,18.29
20100811,18.30,18.36,17.83,17.89
20100812,17.89,18.11,17.84,18.06
20100813,18.07,18.19,17.98,18.16
20100816,18.10,18.45,18.10,18.38
20100817,18.38,18.60,18.34,18.50
20100818,18.50,18.56,18.18,18.36
20100819,18.37,18.55,18.24,18.30
20100820,18.30,18.35,17.87,18.02
20100823,18.00,18.09,17.91,18.00
20100824,18.01,18.45,17.77,18.34
20100825,18.34,19.00,18.32,18.91
20100826,18.94,19.15,18.88,18.93
20100827,18.96,19.30,18.90,19.08
20100830,19.05,19.20,18.99,19.03
20100831,19.05,19.39,18.84,19.36
20100901,19.34,19.49,19.27,19.36
20100902,19.36,19.68,19.31,19.63
20100903,19.64,19.93,19.49,19.81
20100906,19.90,19.95,19.75,19.95
20100907,19.95,20.00,19.57,19.79
20100908,19.80,20.13,19.78,19.91
20100909,19.91,20.07,19.69,19.70
20100910,19.71,20.02,19.67,19.89
20100913,19.86,20.22,19.79,20.05
20100914,20.05,20.50,20.02,20.45
20100915,20.45,20.60,20.32,20.56
20100916,20.57,20.79,20.43,20.75
20100917,20.77,20.96,20.61,20.73
20100920,20.73,20.96,20.70,20.73
20100921,20.74,21.02,20.51,20.92
20100922,20.93,21.14,20.88,21.11
20100923,21.11,21.20,20.89,21.11
20100924,21.11,21.43,21.09,21.43
20100927,21.41,21.61,21.36,21.43
20100928,21.43,21.76,20.98,21.73
20100929,21.74,22.00,21.68,21.90
20100930,21.88,22.06,21.55,21.73
20101001,21.73,22.12,21.70,22.08
20101004,22.07,22.20,21.85,21.86
20101005,21.89,22.87,21.75,22.84
20101006,22.82,23.16,22.75,23.16
20101007,23.16,23.50,22.45,22.50
20101008,22.52,23.27,22.31,23.20
20101011,23.37,23.64,23.03,23.27
20101012,23.21,23.45,22.92,23.29
20101013,23.27,24.05,23.25,24.00
20101014,24.00,24.91,23.97,24.62
20101015,24.65,24.82,24.05,24.30
20101018,24.27,24.48,23.68,24.34
20101019,24.34,24.46,23.26,23.34
20101020,23.38,23.94,23.27,23.91
20101021,23.90,24.02,23.01,23.14
20101022,23.16,23.38,22.82,23.26
20101025,23.30,23.82,23.29,23.61
20101026,23.59,23.91,23.14,23.82
20101027,23.82,24.22,23.34,23.54
20101028,23.56,24.00,23.48,24.00
20101029,24.00,24.73,23.73,24.73
20101101,24.89,25.01,24.45,24.61
20101102,24.69,24.92,24.63,24.89
20101103,24.88,25.00,23.92,24.82
20101104,24.75,26.36,24.72,26.30
20101105,26.24,26.90,25.84,26.70
20101108,26.80,27.71,26.52,27.70
20101109,27.70,29.33,26.46,26.91
20101110,26.97,28.18,26.48,27.12
20101111,27.12,27.83,26.93,27.66
20101112,27.69,27.70,25.80,26.05
20101115,26.03,26.48,25.41,25.52
20101116,25.55,25.83,24.97,25.39
20101117,25.50,25.89,25.04,25.64
20101118,25.64,27.04,25.64,26.96
20101119,26.95,27.39,26.38,27.29
20101122,27.61,27.90,27.10,27.86
20101123,27.86,27.91,27.04,27.50
20101124,27.52,27.70,27.13,27.54
20101125,27.53,27.57,27.32,27.52
20101126,27.43,27.50,26.41,26.66
20101129,26.77,27.24,26.47,27.14
20101130,27.12,28.28,26.86,28.07
20101201,28.09,28.82,27.95,28.40
20101202,28.41,29.00,28.27,28.55
20101203,28.57,29.38,28.57,29.38
20101206,29.46,30.24,29.23,30.07
20101207,30.14,30.66,28.47,28.61
20101208,28.72,29.23,27.98,28.34
20101209,28.36,28.96,28.15,28.72
20101210,28.75,28.95,28.04,28.64
20101213,28.59,29.67,28.42,29.50
20101214,29.48,29.94,29.17,29.46
20101215,29.47,29.58,28.68,28.76
20101216,28.73,29.19,28.30,28.85
20101217,28.83,29.30,28.65,29.11
20101220,29.15,29.48,28.75,29.30
20101221,29.30,29.55,29.01,29.32
20101222,29.30,29.48,29.16,29.20
20101223,29.21,29.36,28.93,29.22
20101227,29.11,29.27,28.75,29.21
20101228,29.16,30.32,29.16,30.26
20101229,30.18,30.65,30.09,30.50
20101230,30.55,30.89,30.29,30.39
20101231,30.41,30.93,30.37,30.86
20110103,30.88,31.21,30.46,30.68
20110104,30.67,30.83,29.34,29.75
20110105,29.75,29.75,28.59,29.22
20110106,29.51,29.51,28.81,29.03
20110107,28.96,29.32,28.33,28.49
20110110,28.86,29.07,28.62,29.05
20110111,29.13,29.66,29.04,29.43
20110112,29.63,29.80,29.38,29.62
20110113,29.68,29.74,28.50,28.65
20110114,28.79,28.93,28.11,28.42
20110117,28.51,28.60,28.03,28.27
20110118,28.27,29.03,28.20,28.86
20110119,28.89,29.48,28.64,28.80
20110120,28.73,28.80,27.39,27.47
20110121,27.48,27.65,27.11,27.49
20110124,27.52,27.96,26.84,26.95
20110125,26.95,27.05,26.57,26.86
20110126,26.86,27.65,26.68,27.59
20110127,27.64,27.81,26.78,26.91
20110128,26.91,28.02,26.40,27.96
20110131,28.06,28.43,27.54,28.05
20110201,28.08,28.64,27.88,28.58
20110202,28.59,28.74,28.12,28.32
20110203,28.32,28.99,27.98,28.91
20110204,28.93,29.30,28.74,29.12
20110207,29.20,29.47,29.02,29.41
20110208,29.36,30.36,29.28,30.33
20110209,30.34,30.51,30.07,30.19
20110210,30.19,30.29,29.67,30.18
20110211,30.20,30.28,29.70,29.91
20110214,29.91,30.72,29.82,30.57
20110215,30.57,30.91,30.50,30.75
20110216,30.77,30.95,30.30,30.68
20110217,30.68,31.79,30.57,31.75
20110218,31.77,32.88,31.62,32.65
20110221,32.67,33.99,32.62,33.88
20110222,33.89,34.34,32.41,33.05
20110223,33.15,33.77,32.70,33.52
20110224,33.52,33.77,31.76,32.13
20110225,32.09,33.41,32.08,33.37
20110228,33.37,33.99,33.28,33.95
20110301,33.92,34.72,33.80,34.70
20110302,34.66,34.98,34.24,34.67
20110303,34.67,34.94,34.05,34.19
20110304,34.20,35.62,34.20,35.62
20110307,35.63,36.73,35.62,35.92
20110308,35.92,36.52,35.52,36.00
20110309,36.02,36.44,35.65,36.13
20110310,36.15,36.18,34.67,35.28
20110311,35.30,36.15,34.05,35.91
20110314,36.38,36.45,35.52,35.84
20110315,35.84,35.90,33.59,34.17
20110316,34.17,35.06,33.78,33.90
20110317,33.85,34.65,33.69,34.52
20110318,34.52,35.41,34.38,35.27
20110321,35.67,36.20,35.59,36.08
20110322,36.08,36.45,35.76,36.37
20110323,36.37,37.42,36.14,37.37
20110324,37.37,38.16,36.84,37.42
20110325,37.42,37.77,36.88,37.33
20110328,37.30,37.38,36.43,37.14
20110329,37.14,37.23,36.52,37.12
20110330,37.12,37.75,36.90,37.46
20110331,37.46,37.93,37.34,37.66
20110401,37.67,37.85,37.08,37.80
20110404,37.82,38.61,37.79,38.58
20110405,38.58,39.32,38.08,39.28
20110406,39.29,39.77,39.12,39.49
20110407,39.51,39.68,39.22,39.63
20110408,39.65,40.94,39.50,40.93
20110411,41.00,41.95,39.78,40.22
20110412,40.26,40.89,39.75,40.08
20110413,40.04,40.75,40.01,40.63
20110414,40.62,42.20,40.43,42.14
20110415,42.15,42.98,41.81,42.97
20110418,43.00,43.56,42.20,43.36
20110419,43.41,44.17,42.77,43.93
20110420,43.95,45.39,43.82,45.24
20110421,45.20,46.68,45.02,46.59
20110425,47.27,49.80,45.69,46.95
20110426,46.96,47.16,44.63,45.59
20110427,45.48,48.30,44.89,47.80
20110428,47.81,49.54,47.26,48.46
20110429,48.51,49.20,47.56,47.91
20110502,47.90,48.17,42.20,43.98
20110503,44.03,45.57,40.62,41.65
20110504,41.69,42.32,38.97,39.44
20110505,39.18,39.57,34.27,34.73
20110506,34.82,36.44,33.09,35.62
20110509,35.70,37.98,35.28,37.74
20110510,37.76,38.83,37.32,38.50
20110511,38.53,39.49,35.02,35.12
20110512,35.15,35.93,32.33,34.65
20110513,34.63,36.46,33.95,35.35
20110516,35.29,35.42,33.52,33.62
20110517,33.60,34.41,33.02,33.96
20110518,34.00,35.55,33.89,35.06
20110519,35.10,35.77,34.56,34.99
20110520,34.99,35.59,34.23,35.07
20110523,35.04,35.43,34.40,35.08
20110524,35.07,36.72,34.91,36.68
20110525,36.67,37.98,36.27,37.92
20110526,37.94,38.86,36.29,37.25
20110527,37.24,38.21,37.24,38.01
20110530,38.02,38.41,37.81,38.12
20110531,38.15,38.78,37.97,38.49
20110601,38.48,38.52,36.40,36.83
20110602,36.88,37.44,35.61,36.19
20110603,36.23,36.44,35.13,36.24
20110606,36.30,37.29,36.29,36.78
20110607,36.75,37.51,36.48,37.13
20110608,37.19,37.26,36.08,36.81
20110609,36.85,37.63,36.58,37.56
20110610,37.57,37.87,36.11,36.19
20110613,35.83,36.31,34.57,34.76
20110614,34.78,35.60,34.42,35.38
20110615,35.44,35.98,34.82,35.82
20110616,35.80,35.82,35.18,35.56
20110617,35.55,35.91,34.93,35.87
20110620,36.00,36.16,35.27,36.05
20110621,36.03,36.57,35.69,36.36
20110622,36.44,36.77,35.90,36.29
20110623,36.32,36.35,34.71,35.29
20110624,35.30,35.39,34.17,34.32
20110627,34.29,34.33,33.37,33.59
20110628,33.58,34.13,33.54,33.93
20110629,33.95,34.93,33.86,34.85
20110630,34.88,35.14,34.45,34.71
20110701,34.72,34.82,33.47,33.89
20110704,33.89,34.19,33.80,34.15
20110705,34.08,35.67,33.87,35.47
20110706,35.48,36.27,35.07,35.89
20110707,35.90,36.64,35.71,36.43
20110708,36.43,36.87,36.00,36.71
20110711,36.70,36.93,35.55,35.75
20110712,35.79,36.43,34.81,36.10
20110713,36.15,38.32,36.04,38.21
20110714,38.32,39.37,38.00,38.16
20110715,38.23,39.30,37.88,39.29
20110718,39.33,40.72,39.30,40.56
20110719,40.62,40.86,38.61,39.02
20110720,39.01,40.13,38.21,40.13
20110721,40.10,40.36,38.85,39.34
20110722,39.34,40.28,38.88,40.09
20110725,40.36,41.07,39.86,40.37
20110726,40.37,40.96,40.02,40.89
20110727,40.90,41.46,40.11,40.25
20110728,40.22,40.58,39.33,39.72
20110729,39.73,40.38,39.33,39.89
20110801,39.62,40.03,39.04,39.25
20110802,39.26,40.87,39.20,40.85
20110803,40.85,42.03,40.57,41.73
20110804,41.74,42.26,38.49,38.87
20110805,38.78,39.83,37.55,38.35
20110808,39.12,40.38,38.32,39.02
20110809,39.04,39.56,36.99,37.69
20110810,37.77,39.53,37.64,39.30
20110811,39.27,39.84,37.97,38.64
20110812,38.74,39.20,38.21,39.09
20110815,39.10,39.97,38.71,39.89
20110816,39.90,40.14,39.29,39.92
20110817,39.88,40.59,39.79,40.22
20110818,40.25,40.92,40.05,40.64
20110819,40.65,42.92,40.54,42.91
20110822,43.49,44.04,42.48,43.72
20110823,43.79,44.24,41.51,41.90
20110824,41.92,42.45,39.11,39.70
20110825,39.69,41.18,38.74,41.12
20110826,41.16,41.47,40.11,41.35
20110829,41.67,41.77,40.30,40.89
20110830,40.85,41.64,40.41,41.32
20110831,41.33,42.02,41.08,41.52
20110901,41.51,41.80,41.23,41.49
20110902,41.51,43.38,41.49,43.27
20110905,42.95,43.40,42.33,42.89
20110906,43.01,43.27,41.54,41.96
20110907,41.96,42.19,40.40,41.56
20110908,41.62,42.65,41.33,42.33
20110909,42.32,42.70,41.20,41.79
20110912,41.44,41.48,39.71,40.28
20110913,40.31,41.30,40.01,41.10
20110914,41.06,41.32,40.31,40.74
20110915,40.75,40.77,39.33,39.90
20110916,39.89,40.91,39.38,40.67
20110919,40.72,40.85,38.99,39.64
20110920,39.70,40.28,39.16,39.74
20110921,39.76,40.68,39.37,39.61
20110922,39.60,39.78,35.48,35.83
20110923,35.82,36.62,29.80,30.85
20110926,30.72,30.89,26.07,30.72
20110927,30.61,33.51,30.23,31.90
20110928,31.84,32.82,29.47,29.90
20110929,29.83,31.52,29.10,30.65
20110930,30.59,31.31,29.67,29.93
20111003,29.67,31.41,29.67,30.45
20111004,30.44,31.34,28.67,30.21
20111005,30.23,30.64,28.44,30.48
20111006,30.48,32.21,30.25,31.94
20111007,31.97,32.83,30.73,31.16
20111010,31.32,32.35,31.24,32.07
20111011,32.10,32.57,31.36,32.12
20111012,32.15,33.03,31.87,32.57
20111013,32.51,32.76,31.47,31.83
20111014,31.79,32.53,31.26,32.19
20111017,32.28,32.68,31.49,31.81
20111018,31.84,32.35,30.37,32.04
20111019,32.04,32.14,30.91,31.26
20111020,31.24,31.37,29.95,30.58
20111021,30.58,31.52,30.28,31.37
20111024,31.41,32.05,31.22,31.74
20111025,31.76,33.38,31.37,33.22
20111026,33.20,33.94,32.92,33.39
20111027,33.41,35.37,33.15,35.10
20111028,35.11,35.67,34.72,35.30
20111031,35.31,35.45,34.10,34.14
20111101,34.08,34.70,32.13,33.40
20111102,33.15,34.43,33.10,34.25
20111103,34.29,34.90,33.29,34.43
20111104,34.31,34.71,33.83,34.12
20111107,34.08,35.01,33.86,34.96
20111108,34.98,35.33,34.50,34.92
20111109,34.94,35.24,33.81,34.07
20111110,34.07,34.33,33.14,34.05
20111111,34.04,34.85,33.70,34.68
20111114,34.65,34.92,33.96,34.22
20111115,34.23,34.82,33.76,34.58
20111116,34.57,34.62,33.63,33.71
20111117,33.69,33.98,31.07,31.67
20111118,31.68,32.61,30.92,32.37
20111121,32.35,32.35,30.68,31.62
20111122,31.56,33.03,31.18,32.78
20111123,32.79,32.89,31.25,31.75
20111124,31.76,32.23,31.51,31.84
20111125,31.77,31.86,30.97,31.00
20111128,31.30,32.32,31.25,32.07
20111129,32.04,32.20,31.51,31.92
20111130,31.96,32.95,31.14,32.83
20111201,32.86,33.43,32.49,32.74
20111202,32.80,33.69,32.35,32.59
20111205,32.63,33.04,31.88,32.06
20111206,32.08,32.90,31.62,32.75
20111207,32.70,32.81,32.22,32.53
20111208,32.55,33.23,31.42,31.68
20111209,31.57,32.34,31.48,32.19
20111212,32.20,32.26,30.88,31.31
20111213,31.30,31.99,30.42,30.81
20111214,30.79,31.02,28.52,28.94
20111215,28.98,29.32,28.11,29.28
20111216,29.26,29.93,29.11,29.75
20111219,29.78,29.78,28.68,28.80
20111220,28.78,29.61,28.69,29.53
20111221,29.56,30.20,29.15,29.37
20111222,29.30,29.70,29.02,29.11
20111223,29.12,29.45,29.03,29.12
20111227,29.12,29.17,28.64,28.73
20111228,28.69,28.80,26.86,27.08
20111229,27.07,27.87,26.17,27.77
20111230,27.65,28.48,27.30,27.84
20120103,28.01,29.74,27.93,29.71
20120104,29.74,29.75,28.94,29.16
20120105,29.14,29.65,28.70,29.34
20120106,29.32,29.49,28.59,28.75
20120109,28.83,29.24,28.58,29.02
20120110,29.02,30.34,28.95,29.92
20120111,29.93,30.26,29.57,29.99
20120112,29.94,30.68,29.90,30.24
20120113,30.20,30.27,29.45,29.75
20120116,29.70,30.06,29.49,29.97
20120117,29.89,30.60,29.82,30.06
20120118,30.08,30.61,29.77,30.53
20120119,30.49,30.88,30.36,30.63
20120120,30.63,32.19,30.32,32.16
20120123,32.13,32.78,31.80,32.34
20120124,32.35,32.48,31.88,32.01
20120125,32.04,33.41,31.55,33.26
20120126,33.23,33.81,33.01,33.46
20120127,33.44,33.94,33.28,33.91
20120130,33.86,34.02,33.06,33.50
20120131,33.55,34.12,32.95,33.15
20120201,33.12,34.01,33.09,33.70
20120202,33.78,34.40,33.47,34.33
20120203,34.35,34.42,33.35,33.65
20120206,33.66,33.86,33.01,33.68
20120207,33.65,34.35,33.17,34.15
20120208,34.15,34.51,33.67,33.96
20120209,33.94,34.42,33.69,33.91
20120210,33.91,34.05,33.19,33.57
20120213,33.66,34.03,33.46,33.69
20120214,33.68,33.83,33.27,33.57
20120215,33.60,33.97,33.09,33.45
20120216,33.46,33.56,32.65,33.50
20120217,33.47,33.69,33.09,33.28
20120220,33.33,33.68,33.33,33.59
20120221,33.57,34.46,33.45,34.32
20120222,34.31,34.50,33.91,34.31
20120223,34.25,35.61,34.23,35.38
20120224,35.44,35.73,35.20,35.39
20120227,35.42,35.62,35.07,35.44
20120228,35.45,37.22,35.32,36.90
20120229,36.90,37.49,34.04,34.63
20120301,34.60,35.66,34.43,35.47
20120302,35.48,35.50,34.39,34.78
20120305,34.67,34.90,33.54,33.97
20120306,34.01,34.17,32.47,32.94
20120307,32.93,33.57,32.73,33.46
20120308,33.43,34.16,33.32,33.87
20120309,33.88,34.42,33.12,34.29
20120312,34.28,34.30,33.37,33.70
20120313,33.65,33.82,33.02,33.35
20120314,33.44,33.46,31.65,32.21
20120315,32.22,32.86,31.97,32.53
20120316,32.43,32.75,32.14,32.54
20120319,32.53,33.09,32.34,32.95
20120320,32.87,32.97,31.78,32.13
20120321,32.05,32.39,31.88,32.17
20120322,32.17,32.35,31.11,31.57
20120323,31.59,32.30,31.45,32.22
20120326,32.22,32.93,32.03,32.84
20120327,32.84,33.19,32.49,32.59
20120328,32.57,32.69,31.80,32.06
20120329,32.06,32.32,31.66,32.25
20120330,32.27,32.63,32.16,32.26
20120402,32.43,33.23,32.36,33.00
20120403,33.00,33.29,32.49,32.66
20120404,32.64,32.69,31.01,31.37
20120405,31.33,31.83,31.22,31.73
20120409,32.03,32.11,31.34,31.58
20120410,31.55,31.94,31.19,31.78
20120411,31.81,31.83,31.39,31.60
20120412,31.59,32.58,31.44,32.36
20120413,32.37,32.44,31.33,31.52
20120416,31.48,31.70,31.21,31.50
20120417,31.49,31.91,31.34,31.70
20120418,31.70,31.90,31.35,31.63
20120419,31.63,32.02,31.33,31.79
20120420,31.78,31.92,31.57,31.69
20120423,31.66,31.71,30.48,30.83
20120424,30.84,31.14,30.70,30.89
20120425,30.82,30.99,29.99,30.69
20120426,30.75,31.30,30.64,30.99
20120427,31.04,31.40,30.90,31.23
20120430,31.27,31.38,30.59,30.95
20120501,31.00,31.30,30.76,30.89
20120502,30.98,31.01,30.41,30.58
20120503,30.57,30.64,29.88,30.05
20120504,30.11,30.44,29.78,30.34
20120507,30.06,30.36,29.68,30.02
20120508,30.07,30.12,29.12,29.45
20120509,29.40,29.41,28.61,29.23
20120510,29.19,29.44,28.94,29.03
20120511,29.03,29.09,28.43,28.88
20120514,28.85,28.99,28.09,28.13
20120515,28.22,28.44,27.57,27.70
20120516,27.73,27.96,26.74,27.18
20120517,27.23,28.30,27.23,28.01
20120518,28.05,28.90,27.80,28.70
20120521,28.71,28.84,28.05,28.47
20120522,28.52,28.78,27.94,28.16
20120523,28.14,28.15,27.11,27.74
20120524,27.76,28.54,27.62,28.30
20120525,28.13,28.58,27.91,28.49
20120528,28.61,28.77,28.30,28.37
20120529,28.47,28.67,27.74,27.82
20120530,27.82,28.16,27.38,27.90
20120531,27.87,28.19,27.54,27.65
20120601,27.68,28.69,27.20,28.49
20120604,28.45,28.61,27.97,28.21
20120605,28.28,28.56,28.09,28.47
20120606,28.47,29.88,28.43,29.40
20120607,29.48,29.68,28.39,28.59
20120608,28.61,28.67,27.93,28.48
20120611,28.82,28.97,28.29,28.58
20120612,28.41,29.03,28.36,28.94
20120613,28.92,29.11,28.72,28.87
20120614,28.84,29.09,28.18,28.63
20120615,28.59,28.82,28.54,28.65
20120618,28.54,28.86,28.27,28.76
20120619,28.77,28.93,28.32,28.41
20120620,28.45,28.60,27.70,28.06
20120621,27.94,28.02,26.84,26.88
20120622,26.98,27.04,26.58,26.89
20120625,26.68,27.64,26.63,27.50
20120626,27.46,27.55,26.79,27.07
20120627,27.02,27.32,26.66,26.91
20120628,26.88,27.12,26.13,26.30
20120629,26.31,27.90,26.26,27.47
20120702,27.48,27.61,27.18,27.48
20120703,27.46,28.43,27.40,28.23
20120704,28.19,28.33,28.03,28.13
20120705,28.12,28.37,27.50,27.66
20120706,27.73,27.80,26.92,27.08
20120709,26.96,27.48,26.91,27.35
20120710,27.32,27.57,26.73,26.75
20120711,26.88,27.24,26.83,27.11
20120712,27.12,27.37,26.46,27.18
20120713,27.11,27.56,27.07,27.30
20120716,27.40,27.41,26.88,27.25
20120717,27.28,27.61,26.79,27.29
20120718,27.30,27.36,26.89,27.20
20120719,27.15,27.58,27.11,27.25
20120720,27.26,27.43,26.80,27.28
20120723,27.23,27.25,26.66,27.02
20120724,27.02,27.16,26.62,26.95
20120725,26.93,27.55,26.82,27.32
20120726,27.30,27.81,27.24,27.52
20120727,27.47,27.85,27.36,27.72
20120730,27.73,28.23,27.54,28.18
20120731,28.11,28.36,27.90,27.97
20120801,27.96,28.05,27.11,27.38
20120802,27.44,27.77,26.98,27.11
20120803,27.13,27.88,27.05,27.76
20120806,27.73,27.98,27.60,27.85
20120807,27.85,28.20,27.76,28.07
20120808,28.06,28.24,27.69,28.02
20120809,28.02,28.22,27.87,28.15
20120810,28.10,28.31,27.60,28.08
20120813,28.16,28.18,27.73,27.79
20120814,27.80,28.00,27.62,27.79
20120815,27.81,27.99,27.50,27.81
20120816,27.79,28.28,27.73,28.18
20120817,28.16,28.32,28.00,28.06
20120820,28.12,28.83,27.93,28.78
20120821,28.66,29.49,28.65,29.29
20120822,29.23,29.91,29.20,29.83
20120823,29.81,30.80,29.79,30.49
20120824,30.48,30.77,30.21,30.77
20120827,30.89,31.23,30.61,30.73
20120828,30.80,30.98,30.51,30.84
20120829,30.84,30.95,30.54,30.67
20120830,30.75,30.89,30.20,30.42
20120831,30.41,31.74,30.24,31.71
20120903,31.57,32.28,31.50,32.08
20120904,32.09,32.40,31.91,32.32
20120905,32.27,32.34,31.93,32.23
20120906,32.21,32.98,32.19,32.66
20120907,32.62,33.70,31.95,33.63
20120910,33.60,33.95,33.23,33.34
20120911,33.40,33.80,33.34,33.44
20120912,33.52,34.07,32.45,33.26
20120913,33.23,34.78,32.66,34.65
20120914,34.55,34.92,34.27,34.62
20120917,34.70,34.73,33.80,34.20
20120918,34.24,35.02,33.96,34.77
20120919,34.73,34.94,34.26,34.55
20120920,34.60,34.73,34.07,34.63
20120921,34.57,35.16,34.33,34.50
20120924,34.43,34.45,33.56,33.95
20120925,34.00,34.46,33.65,33.73
20120926,33.75,34.02,33.32,33.94
20120927,33.90,34.72,33.88,34.61
20120928,34.62,34.85,34.26,34.46
20121001,34.27,35.36,34.15,34.63
20121002,34.69,35.03,34.37,34.59
20121003,34.55,34.85,34.45,34.59
20121004,34.66,35.08,34.62,34.97
20121005,34.95,35.09,34.29,34.47
20121008,34.42,34.51,33.70,33.97
20121009,34.01,34.20,33.53,33.87
20121010,33.83,34.12,33.70,33.95
20121011,33.91,34.31,33.77,33.98
20121012,34.03,34.10,33.38,33.42
20121015,33.12,33.34,32.53,32.66
20121016,32.63,33.02,32.62,32.94
20121017,33.08,33.23,32.84,33.20
20121018,33.12,33.27,32.67,32.77
20121019,32.83,32.87,31.91,32.03
20121022,31.78,32.42,31.77,32.41
20121023,32.42,32.42,31.55,31.66
20121024,31.73,32.02,31.51,31.73
20121025,31.84,32.22,31.79,32.09
20121026,32.13,32.32,31.58,32.06
20121029,32.08,32.18,31.65,31.77
20121030,31.82,32.11,31.73,31.79
20121031,31.87,32.40,31.80,32.23
20121101,32.24,32.65,32.16,32.27
20121102,32.30,32.33,30.79,30.90
20121105,31.07,31.22,30.64,31.16
20121106,31.17,32.24,31.05,31.97
20121107,31.83,32.38,31.20,31.79
20121108,31.73,32.41,31.62,32.31
20121109,32.35,32.76,32.05,32.58
20121112,32.64,32.72,32.20,32.37
20121113,32.30,32.80,32.11,32.45
20121114,32.56,32.91,32.36,32.67
20121115,32.56,32.76,32.15,32.57
20121116,32.60,32.63,32.03,32.30
20121119,32.37,33.20,32.30,33.06
20121120,33.10,33.23,32.85,33.13
20121121,33.09,33.38,32.84,33.34
20121122,33.38,33.42,33.26,33.33
20121123,33.33,34.13,33.23,34.04
20121126,33.98,34.20,33.87,34.15
20121127,34.21,34.26,33.90,34.02
20121128,34.01,34.03,32.90,33.71
20121129,33.70,34.38,33.52,34.19
20121130,34.16,34.32,33.13,33.39
20121203,33.54,33.81,33.39,33.61
20121204,33.58,33.58,32.66,32.90
20121205,32.88,33.21,32.51,32.85
20121206,32.86,33.24,32.52,33.00
20121207,32.99,33.24,32.61,33.04
20121210,33.09,33.40,33.06,33.23
20121211,33.19,33.19,32.75,32.96
20121212,32.93,33.77,32.90,33.43
20121213,33.29,33.31,32.20,32.51
20121214,32.47,32.70,32.16,32.25
20121217,32.30,32.38,32.00,32.26
20121218,32.22,32.51,31.33,31.60
20121219,31.74,31.77,30.95,30.95
20121220,31.09,31.20,29.58,29.91
20121221,29.95,30.25,29.61,29.96
20121224,30.03,30.33,29.81,29.88
20121226,29.87,30.18,29.81,30.00
20121227,29.95,30.46,29.67,30.14
20121228,30.16,30.31,29.85,30.00
20121231,30.07,30.41,29.87,30.27
20130102,30.24,31.46,30.24,31.07
20130103,31.16,31.17,29.98,30.14
20130104,29.98,30.32,29.20,30.32
20130107,30.18,30.44,29.84,30.11
20130108,30.20,30.52,30.05,30.38
20130109,30.35,30.55,30.04,30.32
20130110,30.28,30.91,30.23,30.83
20130111,30.79,30.84,30.16,30.44
20130114,30.40,31.14,30.36,31.02
20130115,31.03,31.53,30.94,31.34
20130116,31.42,31.54,31.09,31.47
20130117,31.42,31.89,31.03,31.71
20130118,31.69,32.10,31.64,31.82
20130121,31.97,32.08,31.84,31.98
20130122,31.99,32.33,31.80,32.21
20130123,32.22,32.45,32.08,32.20
20130124,32.11,32.15,31.57,31.63
20130125,31.54,31.75,31.09,31.17
20130128,31.20,31.29,30.71,30.82
20130129,30.90,31.44,30.90,31.37
20130130,31.35,32.24,31.23,31.98
20130131,32.02,32.09,31.09,31.43
20130201,31.42,32.13,31.27,31.80
20130204,31.77,31.89,31.36,31.71
20130205,31.69,32.08,31.59,31.80
20130206,31.84,31.88,31.58,31.82
20130207,31.84,31.89,31.27,31.42
20130208,31.41,31.66,31.30,31.39
20130211,31.43,31.52,30.80,30.92
20130212,30.84,31.11,30.56,31.09
20130213,31.14,31.21,30.72,30.75
20130214,30.79,31.04,30.21,30.37
20130215,30.43,30.45,29.67,29.77
20130218,29.98,30.14,29.85,29.95
20130219,30.02,30.13,29.21,29.45
20130220,29.45,29.63,28.27,28.54
20130221,28.68,28.88,28.30,28.66
20130222,28.71,28.91,28.36,28.71
20130225,28.65,29.23,28.55,28.98
20130226,29.07,29.44,28.57,29.39
20130227,29.33,29.34,28.83,28.95
20130228,28.98,29.16,28.39,28.50
20130301,28.52,28.76,27.93,28.57
20130304,28.65,28.80,28.42,28.55
20130305,28.61,29.07,28.51,28.67
20130306,28.74,29.05,28.54,29.04
20130307,28.93,29.05,28.73,28.88
20130308,28.89,29.24,28.33,28.95
20130311,28.89,29.07,28.70,28.96
20130312,28.96,29.34,28.86,29.13
20130313,29.16,29.27,28.84,28.89
20130314,28.91,28.95,28.54,28.79
20130315,28.79,29.00,28.70,28.75
20130318,28.93,29.04,28.59,28.86
20130319,28.93,29.07,28.64,28.88
20130320,28.90,28.99,28.68,28.80
20130321,28.75,29.32,28.72,29.14
20130322,29.14,29.19,28.52,28.71
20130325,28.64,28.89,28.48,28.82
20130326,28.80,28.84,28.62,28.73
20130327,28.76,28.80,28.11,28.65
20130328,28.66,28.82,28.20,28.31
20130401,28.23,28.34,27.85,28.01
20130402,28.04,28.16,27.18,27.25
20130403,27.24,27.34,26.73,26.94
20130404,27.04,27.05,26.62,26.89
20130405,26.89,27.32,26.77,27.30
20130408,27.33,27.35,27.13,27.27
20130409,27.25,28.05,27.18,27.93
20130410,27.92,28.00,27.50,27.61
20130411,27.60,27.82,27.39,27.61
20130412,27.66,27.68,25.92,25.98
20130415,25.90,26.08,22.53,22.64
20130416,22.73,23.95,22.03,23.32
20130417,23.50,23.71,22.85,23.29
20130418,23.35,23.66,22.47,23.25
20130419,23.30,23.83,22.91,23.21
20130422,23.26,23.67,23.11,23.39
20130423,23.35,23.43,22.59,22.91
20130424,22.90,23.34,22.84,23.14
20130425,23.11,24.39,23.06,24.38
20130426,24.36,24.81,23.64,23.96
20130429,23.94,24.63,23.94,24.63
20130430,24.39,24.52,24.04,24.32
20130501,24.32,24.34,23.23,23.63
20130502,23.63,24.19,23.38,23.80
20130503,23.77,24.38,23.46,24.08
20130506,24.07,24.42,23.82,24.00
20130507,24.03,24.03,23.45,23.95
20130508,23.82,24.11,23.68,23.96
20130509,23.92,24.18,23.55,23.73
20130510,23.66,23.91,23.19,23.80
20130513,23.75,23.82,23.50,23.66
20130514,23.67,23.79,23.13,23.41
20130515,23.45,23.49,22.51,22.59
20130516,22.54,22.81,22.11,22.68
20130517,22.66,22.79,22.16,22.18
20130520,21.50,23.10,21.18,22.90
20130521,22.74,22.92,22.07,22.43
20130522,22.43,23.29,22.20,22.28
20130523,22.26,22.68,21.98,22.59
20130524,22.53,22.65,22.32,22.36
20130527,22.41,22.75,22.32,22.66
20130528,22.61,22.64,22.17,22.34
20130529,22.31,22.52,22.19,22.48
20130530,22.50,23.10,22.37,22.77
20130531,22.83,22.91,22.18,22.19
20130603,22.33,22.96,22.32,22.73
20130604,22.73,22.78,22.30,22.54
20130605,22.55,22.76,22.35,22.55
20130606,22.52,22.90,22.32,22.64
20130607,22.59,22.81,21.58,21.63
20130610,21.72,22.09,21.40,21.91
20130611,21.92,21.94,21.49,21.66
20130612,21.70,22.01,21.64,21.78
20130613,21.75,21.98,21.58,21.83
20130614,21.83,22.54,21.69,22.06
20130617,22.03,22.06,21.68,21.86
20130618,21.89,21.94,21.53,21.67
20130619,21.69,21.82,21.27,21.39
20130620,21.23,21.31,19.61,19.68
20130621,19.77,20.14,19.39,20.07
20130624,20.20,20.21,19.46,19.67
20130625,19.68,19.85,19.46,19.64
20130626,19.59,19.64,18.44,18.52
20130627,18.59,18.98,18.39,18.45
20130628,18.53,19.66,18.18,19.63
20130701,20.05,20.07,19.39,19.62
20130702,19.62,19.82,19.24,19.39
20130703,19.41,19.91,19.34,19.78
20130704,19.80,19.84,19.42,19.57
20130705,19.57,19.62,18.71,18.89
20130708,18.92,19.30,18.71,19.09
20130709,19.06,19.51,19.00,19.30
20130710,19.21,19.43,19.02,19.37
20130711,19.80,20.27,19.65,20.15
20130712,20.11,20.21,19.64,19.91
20130715,20.07,20.14,19.58,19.97
20130716,19.95,20.06,19.71,20.00
20130717,19.95,20.18,19.28,19.34
20130718,19.37,19.58,19.25,19.39
20130719,19.40,19.62,19.32,19.53
20130722,19.80,20.60,19.68,20.54
20130723,20.53,20.56,20.11,20.48
20130724,20.40,20.50,20.00,20.16
20130725,20.12,20.32,19.80,20.23
20130726,20.25,20.34,19.66,20.04
20130729,20.00,20.22,19.70,19.86
20130730,19.83,19.91,19.54,19.73
20130731,19.77,20.12,19.40,19.84
20130801,19.85,19.98,19.56,19.61
20130802,19.59,20.28,19.21,19.81
20130805,19.87,20.02,19.56,19.70
20130806,19.70,19.81,19.49,19.52
20130807,19.53,19.63,19.15,19.58
20130808,19.56,20.33,19.53,20.25
20130809,20.25,20.56,20.09,20.46
20130812,20.87,21.45,20.66,21.39
20130813,21.32,21.77,21.14,21.45
20130814,21.44,21.87,21.28,21.86
20130815,21.91,23.18,21.73,22.98
20130816,22.90,23.40,22.77,23.17
20130819,23.27,23.61,23.00,23.16
20130820,23.13,23.31,22.29,23.00
20130821,22.97,23.35,22.77,22.87
20130822,22.61,23.32,22.46,23.11
20130823,23.13,24.10,22.89,23.95
20130826,24.15,24.40,23.79,24.30
20130827,24.23,24.69,23.98,24.45
20130828,24.52,25.11,24.25,24.34
20130829,24.36,24.41,23.66,23.86
20130830,23.80,24.00,23.39,23.44
20130902,23.26,24.36,23.24,24.18
20130903,24.15,24.48,23.98,24.27
20130904,24.30,24.38,23.35,23.48
20130905,23.48,23.64,23.01,23.17
20130906,23.18,23.92,23.05,23.82
20130909,23.89,23.93,23.41,23.70
20130910,23.69,23.72,22.81,22.98
20130911,23.03,23.20,22.76,23.18
20130912,23.13,23.16,21.77,21.77
20130913,21.92,22.22,21.39,22.20
20130916,22.20,22.27,21.66,21.80
20130917,21.79,22.09,21.63,21.75
20130918,21.70,23.20,21.21,22.94
20130919,22.87,23.39,22.82,23.05
20130920,23.09,23.10,21.73,21.77
20130923,21.89,21.93,21.27,21.65
20130924,21.67,22.00,21.31,21.70
20130925,21.75,21.93,21.47,21.76
20130926,21.78,22.08,21.64,21.73
20130927,21.71,22.10,21.36,21.73
20130930,21.87,22.04,21.42,21.69
20131001,21.70,21.94,20.62,21.17
20131002,21.14,22.00,20.96,21.70
20131003,21.72,21.82,21.43,21.65
20131004,21.68,21.89,21.48,21.71
20131007,21.80,22.44,21.62,22.36
20131008,22.28,22.48,22.13,22.30
20131009,22.36,22.38,21.76,21.84
20131010,21.88,22.20,21.52,21.68
20131011,21.67,21.84,20.96,21.30
20131014,21.32,21.66,21.08,21.24
20131015,21.24,21.51,20.50,21.35
20131016,21.20,21.42,21.12,21.39
20131017,21.35,22.17,21.09,21.86
20131018,21.84,22.01,21.73,21.89
20131021,21.97,22.31,21.86,22.22
20131022,22.18,22.80,21.97,22.68
20131023,22.71,22.80,22.49,22.53
20131024,22.55,22.86,22.55,22.68
20131025,22.71,22.73,22.24,22.53
20131028,22.55,22.69,22.35,22.49
20131029,22.48,22.61,22.29,22.47
20131030,22.47,23.07,22.37,22.65
20131031,22.55,22.56,21.77,21.91
20131101,21.93,21.99,21.70,21.87
20131104,21.84,21.92,21.59,21.64
20131105,21.67,21.78,21.56,21.70
20131106,21.67,22.06,21.61,21.80
20131107,21.82,22.00,21.39,21.65
20131108,21.70,21.89,21.26,21.48
20131111,21.39,21.45,21.24,21.36
20131112,21.32,21.34,20.58,20.73
20131113,20.70,20.86,20.43,20.61
20131114,20.71,20.90,20.64,20.77
20131115,20.74,20.84,20.57,20.76
20131118,20.77,20.78,20.31,20.41
20131119,20.39,20.49,20.21,20.36
20131120,20.37,20.50,19.79,19.86
20131121,19.91,20.05,19.72,19.96
20131122,19.98,20.05,19.83,19.86
20131125,19.71,20.31,19.58,20.23
20131126,20.21,20.25,19.80,19.84
20131127,19.89,20.11,19.63,19.64
20131128,19.68,19.79,19.63,19.71
20131129,19.73,20.08,19.68,19.97
20131202,19.88,19.89,19.11,19.15
20131203,19.24,19.33,18.98,19.11
20131204,19.13,19.88,18.89,19.68
20131205,19.62,19.72,19.24,19.39
20131206,19.39,19.77,19.19,19.48
20131209,19.50,19.99,19.44,19.85
20131210,19.78,20.43,19.75,20.39
20131211,20.36,20.48,20.22,20.28
20131212,20.32,20.35,19.42,19.50
20131213,19.49,19.75,19.29,19.68
20131216,19.62,20.29,19.45,19.98
20131217,20.01,20.23,19.68,19.89
20131218,19.95,20.26,19.61,19.72
20131219,19.85,19.91,19.12,19.20
20131220,19.27,19.53,19.14,19.36
20131223,19.44,19.53,19.28,19.42
20131224,19.43,19.58,19.32,19.50
20131226,19.46,20.04,19.42,19.75
20131227,19.80,20.11,19.76,20.03
20131230,20.10,20.13,19.47,19.54
20131231,19.62,19.82,18.64,19.44
20140102,19.49,20.43,19.44,19.95
20140103,20.02,20.31,19.99,20.18
20140106,20.10,20.34,19.95,20.13
20140107,20.19,20.27,19.63,19.82
20140108,19.81,19.82,19.31,19.52
20140109,19.50,19.71,19.40,19.57
20140110,19.55,20.25,19.55,20.14
20140113,20.19,20.46,19.96,20.39
20140114,20.38,20.57,20.14,20.24
20140115,20.22,20.24,19.93,20.18
20140116,20.16,20.23,19.97,20.10
20140117,20.11,20.42,19.96,20.28
20140120,20.35,20.39,20.27,20.30
20140121,20.26,20.29,19.67,19.89
20140122,19.91,19.94,19.75,19.78
20140123,19.71,20.30,19.64,20.02
20140124,20.02,20.28,19.72,19.90
20140127,20.00,20.01,19.56,19.69
20140128,19.70,19.84,19.46,19.57
20140129,19.55,19.97,19.45,19.75
20140130,19.71,19.71,19.00,19.16
20140131,19.19,19.47,19.08,19.17
20140203,19.08,19.64,19.08,19.32
20140204,19.35,19.52,19.27,19.48
20140205,19.47,20.23,19.47,19.88
20140206,19.92,20.18,19.84,19.95
20140207,19.93,20.09,19.76,20.02
20140210,20.03,20.29,19.97,20.07
20140211,20.08,20.27,19.92,20.22
20140212,20.14,20.40,20.09,20.23
20140213,20.25,20.52,20.13,20.48
20140214,20.48,21.44,20.45,21.44
20140217,21.67,21.97,21.54,21.80
20140218,21.80,21.96,21.31,21.92
20140219,21.84,21.91,21.37,21.52
20140220,21.59,21.89,21.39,21.81
20140221,21.73,21.96,21.57,21.80
20140224,21.83,22.17,21.51,21.97
20140225,21.95,22.01,21.67,21.85
20140226,21.85,22.03,21.09,21.23
20140227,21.29,21.48,20.99,21.26
20140228,21.28,21.40,21.08,21.14
20140303,21.47,21.71,21.32,21.41
20140304,21.40,21.51,21.02,21.16
20140305,21.21,21.31,21.14,21.16
20140306,21.19,21.62,21.08,21.46
20140307,21.45,21.58,20.76,20.87
20140310,20.83,21.03,20.60,20.83
20140311,20.80,21.30,20.66,20.85
20140312,20.87,21.41,20.80,21.30
20140313,21.27,21.45,21.09,21.20
20140314,21.25,21.77,21.12,21.41
20140317,21.54,21.55,21.11,21.18
20140318,21.21,21.23,20.62,20.85
20140319,20.86,20.95,20.49,20.60
20140320,20.61,20.71,20.13,20.31
20140321,20.34,20.57,20.25,20.29
20140324,20.23,20.28,19.89,19.91
20140325,19.95,20.20,19.90,19.97
20140326,19.96,20.13,19.68,19.77
20140327,19.82,19.84,19.57,19.71
20140328,19.76,19.92,19.62,19.80
20140331,19.82,20.00,19.73,19.76
20140401,19.78,19.90,19.63,19.75
20140402,19.77,20.14,19.74,19.97
20140403,20.00,20.07,19.66,19.84
20140404,19.84,20.22,19.79,19.91
20140407,19.88,20.01,19.78,19.86
20140408,19.91,20.17,19.88,20.03
20140409,20.03,20.09,19.61,19.87
20140410,19.87,20.38,19.87,20.04
20140411,20.02,20.12,19.91,19.95
20140414,20.11,20.12,19.72,19.98
20140415,19.98,19.98,19.23,19.61
20140416,19.54,19.81,19.34,19.65
20140417,19.64,19.72,19.50,19.63
20140421,19.57,19.71,19.24,19.44
20140422,19.42,19.53,19.30,19.41
20140423,19.42,19.55,19.41,19.44
20140424,19.43,19.91,18.94,19.65
20140425,19.68,19.80,19.51,19.71
20140428,19.70,19.75,19.48,19.59
20140429,19.58,19.60,19.31,19.45
20140430,19.47,19.48,19.05,19.19
20140501,19.22,19.22,18.77,19.02
20140502,19.05,19.68,18.93,19.45
20140505,19.50,19.72,19.46,19.60
20140506,19.57,19.70,19.49,19.57
20140507,19.59,19.75,19.28,19.31
20140508,19.30,19.37,19.11,19.17
20140509,19.18,19.30,19.04,19.15
20140512,19.08,19.65,19.06,19.53
20140513,19.52,19.60,19.35,19.53
20140514,19.55,19.99,19.50,19.77
20140515,19.77,19.82,19.42,19.49
20140516,19.50,19.52,19.25,19.36
20140519,19.32,19.68,19.30,19.35
20140520,19.36,19.45,19.24,19.40
20140521,19.40,19.49,19.27,19.39
20140522,19.40,19.81,19.35,19.49
20140523,19.49,19.52,19.29,19.43
20140526,19.42,19.49,19.37,19.44
20140527,19.41,19.43,19.02,19.06
20140528,19.08,19.16,18.98,19.01
20140529,19.02,19.09,18.79,19.02
20140530,19.04,19.09,18.63,18.80
20140602,18.77,18.87,18.66,18.75
20140603,18.77,18.93,18.73,18.81
20140604,18.80,18.89,18.74,18.80
20140605,18.80,19.14,18.70,19.03
20140606,19.05,19.19,18.89,19.02
20140609,19.03,19.19,18.99,19.06
20140610,19.05,19.24,18.98,19.19
20140611,19.20,19.34,19.15,19.19
20140612,19.20,19.57,19.16,19.52
20140613,19.52,19.72,19.48,19.70
20140616,19.75,19.88,19.58,19.65
20140617,19.67,19.74,19.46,19.73
20140618,19.73,19.90,19.66,19.88
20140619,19.92,20.92,19.83,20.79
20140620,20.80,20.97,20.57,20.84
20140623,20.80,20.93,20.73,20.87
20140624,20.86,21.15,20.80,20.91
20140625,20.88,21.16,20.70,21.02
20140626,20.99,21.11,20.79,21.09
20140627,21.09,21.20,20.96,20.99
20140630,20.94,21.11,20.76,21.02
20140701,21.01,21.22,21.00,21.02
20140702,21.02,21.28,20.91,21.15
20140703,21.14,21.16,20.79,21.13
20140704,21.14,21.23,21.07,21.14
20140707,21.09,21.10,20.81,21.04
20140708,21.02,21.19,20.90,21.03
20140709,21.02,21.22,20.99,21.11
20140710,21.08,21.57,21.08,21.39
20140711,21.41,21.49,21.35,21.42
20140714,21.43,21.44,20.84,20.91
20140715,20.91,21.06,20.66,20.68
20140716,20.70,20.82,20.57,20.76
20140717,20.73,21.23,20.71,21.14
20140718,21.18,21.20,20.72,20.85
20140721,20.88,21.10,20.80,20.91
20140722,20.89,21.06,20.73,20.93
20140723,20.95,21.04,20.89,20.90
20140724,20.89,20.91,20.30,20.37
20140725,20.31,20.72,20.30,20.71
20140728,20.71,20.72,20.50,20.57
20140729,20.58,20.80,20.46,20.56
20140730,20.56,20.71,20.45,20.60
20140731,20.59,20.73,20.33,20.38
20140801,20.36,20.53,20.25,20.32
20140804,20.32,20.45,20.14,20.15
20140805,20.16,20.26,19.74,19.77
20140806,19.75,20.11,19.75,20.02
20140807,20.03,20.10,19.88,19.95
20140808,19.94,20.16,19.82,19.97
20140811,19.90,20.09,19.83,20.00
20140812,20.01,20.13,19.86,19.91
20140813,19.93,20.07,19.70,19.81
20140814,19.84,19.98,19.79,19.87
20140815,19.88,19.95,19.51,19.62
20140818,19.55,19.69,19.47,19.62
20140819,19.61,19.71,19.38,19.42
20140820,19.45,19.59,19.41,19.46
20140821,19.47,19.48,19.31,19.43
20140822,19.44,19.57,19.31,19.47
20140825,19.41,19.50,19.32,19.35
20140826,19.36,19.68,19.33,19.36
20140827,19.38,19.50,19.32,19.45
20140828,19.48,19.89,19.47,19.49
20140829,19.50,19.63,19.44,19.47
20140901,19.45,19.53,19.40,19.48
20140902,19.45,19.49,19.08,19.16
20140903,19.19,19.25,19.11,19.17
20140904,19.18,19.36,19.02,19.04
20140905,19.03,19.23,19.02,19.19
20140908,19.18,19.32,18.91,19.02
20140909,19.03,19.13,18.87,19.05
20140910,19.03,19.10,18.88,18.96
20140911,18.95,18.96,18.57,18.69
20140912,18.68,18.70,18.45,18.64
20140915,18.57,18.70,18.55,18.67
20140916,18.64,18.88,18.60,18.70
20140917,18.71,18.79,18.48,18.53
20140918,18.51,18.61,18.29,18.52
20140919,18.52,18.59,17.79,17.89
20140922,17.81,17.86,17.34,17.74
20140923,17.72,17.99,17.63,17.79
20140924,17.76,17.87,17.53,17.69
20140925,17.69,17.69,17.34,17.52
20140926,17.52,17.73,17.45,17.62
20140929,17.57,17.64,17.44,17.49
20140930,17.46,17.58,16.86,16.96
20141001,16.93,17.43,16.87,17.16
20141002,17.18,17.34,16.93,17.10
20141003,17.11,17.16,16.72,16.81
20141006,16.84,17.36,16.67,17.32
20141007,17.31,17.62,17.10,17.18
20141008,17.24,17.47,17.05,17.36
20141009,17.41,17.71,17.32,17.36
20141010,17.35,17.39,17.20,17.35
20141013,17.50,17.59,17.28,17.48
20141014,17.49,17.56,17.32,17.38
20141015,17.34,17.80,17.02,17.45
20141016,17.45,17.54,17.20,17.38
20141017,17.38,17.43,17.22,17.27
20141020,17.27,17.52,17.26,17.43
20141021,17.40,17.65,17.36,17.50
20141022,17.51,17.52,17.12,17.15
20141023,17.19,17.25,17.04,17.18
20141024,17.19,17.35,17.13,17.19
20141027,17.15,17.23,17.09,17.12
20141028,17.08,17.40,17.07,17.20
20141029,17.24,17.32,17.03,17.11
20141030,17.11,17.21,16.35,16.51
20141031,16.50,16.53,15.78,16.15
20141103,15.96,16.23,15.76,16.14
20141104,16.10,16.16,15.92,16.02
20141105,16.00,16.01,15.14,15.32
20141106,15.37,15.46,15.22,15.40
20141107,15.36,15.81,15.05,15.73
20141110,15.67,15.88,15.49,15.60
20141111,15.62,15.89,15.46,15.71
20141112,15.74,15.78,15.56,15.68
20141113,15.65,15.78,15.56,15.64
20141114,15.55,16.39,15.27,16.30
20141117,16.26,16.47,16.03,16.14
20141118,16.10,16.41,15.99,16.18
20141119,16.13,16.55,15.90,16.13
20141120,16.10,16.34,15.97,16.26
20141121,16.22,16.60,16.12,16.45
20141124,16.42,16.48,16.25,16.46
20141125,16.48,16.70,16.45,16.66
20141126,16.63,16.66,16.47,16.50
20141127,16.50,16.55,16.14,16.21
20141128,16.18,16.19,15.42,15.53
20141201,14.69,16.76,14.68,16.42
20141202,16.26,16.50,16.05,16.43
20141203,16.41,16.55,16.20,16.39
20141204,16.37,16.63,16.34,16.43
20141205,16.43,16.52,16.19,16.27
20141208,16.20,16.40,16.16,16.34
20141209,16.32,17.18,16.25,17.05
20141210,17.04,17.29,16.90,17.04
20141211,17.05,17.19,16.90,17.05
20141212,17.07,17.18,16.95,16.99
20141215,17.01,17.02,16.10,16.16
20141216,16.18,16.62,15.51,15.74
20141217,15.74,16.02,15.59,15.73
20141218,15.71,16.20,15.71,15.84
20141219,15.83,16.08,15.81,16.02
20141222,16.06,16.16,15.53,15.66
20141223,15.62,15.86,15.55,15.75
20141224,15.76,15.86,15.68,15.75
20141226,15.81,16.30,15.79,16.03
20141229,16.05,16.25,15.72,15.79
20141230,15.79,16.46,15.77,16.29
20141231,16.28,16.30,15.56,15.67
20150102,15.86,16.06,15.53,15.78
20150105,15.81,16.26,15.81,16.18
20150106,16.11,16.70,16.11,16.52
20150107,16.45,16.64,16.29,16.52
20150108,16.55,16.64,16.30,16.36
20150109,16.38,16.61,16.19,16.45
20150112,16.55,16.64,16.43,16.57
20150113,16.56,17.18,16.56,17.04
20150114,17.04,17.07,16.54,16.80
20150115,16.84,17.20,16.67,16.93
20150116,16.95,17.81,16.84,17.68
20150119,17.76,17.78,17.57,17.66
20150120,17.66,18.00,17.59,17.96
20150121,17.88,18.45,17.88,18.09
20150122,18.08,18.45,17.89,18.29
20150123,18.29,18.38,18.08,18.29
20150126,18.33,18.45,17.83,17.89
20150127,17.77,18.18,17.66,18.03
20150128,18.02,18.12,17.89,17.95
20150129,17.95,18.01,16.72,16.91
20150130,16.97,17.29,16.79,17.23
20150202,17.17,17.31,16.96,17.20
20150203,17.20,17.72,17.05,17.28
20150204,17.27,17.63,17.15,17.35
20150205,17.39,17.47,16.90,17.23
20150206,17.21,17.35,16.54,16.73
20150209,16.71,17.14,16.68,16.98
20150210,17.00,17.08,16.71,16.89
20150211,16.90,17.07,16.71,16.79
20150212,16.82,17.04,16.61,16.83
20150213,16.88,17.42,16.82,17.26
20150216,17.34,17.39,17.23,17.27
20150217,17.29,17.32,16.27,16.49
20150218,16.48,16.57,16.26,16.48
20150219,16.52,16.77,16.33,16.36
20150220,16.40,16.56,16.17,16.21
20150223,16.21,16.59,16.08,16.30
20150224,16.35,16.46,16.08,16.27
20150225,16.47,16.71,16.43,16.53
20150226,16.52,16.87,16.49,16.53
20150227,16.63,16.67,16.39,16.55
20150302,16.63,16.76,16.33,16.36
20150303,16.41,16.56,16.16,16.26
20150304,16.28,16.35,16.06,16.22
20150305,16.20,16.35,16.13,16.18
20150306,16.20,16.23,15.75,15.85
20150309,15.87,15.96,15.71,15.73
20150310,15.73,15.82,15.59,15.62
20150311,15.66,15.75,15.27,15.49
20150312,15.48,15.71,15.39,15.57
20150313,15.58,15.66,15.46,15.61
20150316,15.57,15.76,15.49,15.62
20150317,15.61,15.71,15.36,15.55
20150318,15.55,16.09,15.43,15.90
20150319,15.97,16.18,15.82,16.14
20150320,16.13,16.91,16.09,16.74
20150323,16.77,17.11,16.63,17.01
20150324,16.99,17.09,16.83,16.98
20150325,16.95,17.13,16.86,16.98
20150326,16.94,17.40,16.94,17.09
20150327,17.08,17.21,16.87,16.95
20150330,16.91,16.99,16.64,16.70
20150331,16.73,16.85,16.45,16.66
20150401,16.65,17.09,16.53,16.96
20150402,16.96,17.02,16.60,16.78
20150406,17.10,17.32,16.95,17.00
20150407,16.98,16.99,16.75,16.85
20150408,16.86,16.92,16.40,16.55
20150409,16.49,16.51,16.15,16.18
20150410,16.19,16.68,16.18,16.50
20150413,16.46,16.54,16.27,16.28
20150414,16.28,16.38,16.01,16.14
20150415,16.19,16.41,16.09,16.34
20150416,16.36,16.52,16.15,16.31
20150417,16.30,16.53,16.23,16.27
20150420,16.34,16.38,15.88,15.97
20150421,15.97,16.21,15.91,16.02
20150422,16.02,16.12,15.71,15.81
20150423,15.82,15.96,15.76,15.89
20150424,15.88,15.93,15.61,15.74
20150427,15.77,16.49,15.74,16.41
20150428,16.40,16.70,16.32,16.64
20150429,16.61,16.73,16.43,16.57
20150430,16.54,16.74,15.83,16.15
20150501,16.13,16.28,15.91,16.16
20150504,16.19,16.76,16.15,16.42
20150505,16.46,16.72,16.36,16.57
20150506,16.59,16.66,16.40,16.54
20150507,16.55,16.57,16.19,16.34
20150508,16.32,16.55,16.28,16.49
20150511,16.48,16.57,16.22,16.34
20150512,16.28,16.60,16.15,16.55
20150513,16.53,17.23,16.50,17.12
20150514,17.16,17.58,17.07,17.47
20150515,17.50,17.58,17.21,17.54
20150518,17.63,17.78,17.47,17.71
20150519,17.72,17.72,16.89,17.11
20150520,17.13,17.29,16.95,17.13
20150521,17.12,17.26,17.02,17.16
20150522,17.17,17.34,16.95,17.09
20150525,17.07,17.19,17.01,17.15
20150526,17.14,17.14,16.66,16.77
20150527,16.74,16.82,16.61,16.70
20150528,16.69,16.79,16.56,16.70
20150529,16.73,16.82,16.67,16.73
20150601,16.74,17.18,16.61,16.76
20150602,16.76,16.86,16.64,16.78
20150603,16.79,16.83,16.41,16.52
20150604,16.49,16.55,16.12,16.13
20150605,16.18,16.21,15.99,16.10
20150608,16.06,16.16,15.95,15.98
20150609,15.97,16.19,15.96,15.97
20150610,15.99,16.25,15.98,16.05
20150611,16.04,16.08,15.83,16.06
20150612,16.04,16.08,15.85,15.97
20150615,16.04,16.27,15.87,16.09
20150616,16.09,16.16,15.91,16.03
20150617,16.02,16.28,15.94,16.14
20150618,16.10,16.47,16.08,16.17
20150619,16.20,16.24,15.93,16.13
20150622,16.11,16.28,16.04,16.19
20150623,16.16,16.22,15.77,15.86
20150624,15.85,15.94,15.78,15.90
20150625,15.92,15.98,15.79,15.87
20150626,15.89,15.93,15.57,15.81
20150629,15.96,16.00,15.69,15.77
20150630,15.76,15.89,15.50,15.73
20150701,15.75,15.75,15.56,15.59
20150702,15.58,15.81,15.51,15.70
20150703,15.69,15.74,15.62,15.71
20150706,15.74,15.85,15.55,15.76
20150707,15.73,15.74,14.71,15.08
20150708,15.13,15.27,14.78,15.14
20150709,15.13,15.58,15.04,15.42
20150710,15.44,15.67,15.40,15.58
20150713,15.65,15.68,15.34,15.52
20150714,15.48,15.50,15.28,15.38
20150715,15.38,15.40,15.01,15.11
20150716,15.11,15.19,14.90,15.02
20150717,15.03,15.06,14.86,14.90
20150720,14.88,15.02,14.56,14.69
20150721,14.67,14.98,14.66,14.85
20150722,14.86,14.91,14.65,14.82
20150723,14.80,14.99,14.60,14.68
20150724,14.65,14.74,14.39,14.68
20150727,14.68,14.78,14.55,14.56
20150728,14.58,14.73,14.56,14.69
20150729,14.71,14.92,14.63,14.82
20150730,14.84,14.87,14.63,14.76
20150731,14.75,15.01,14.56,14.74
20150803,14.78,14.79,14.44,14.53
20150804,14.50,14.67,14.40,14.60
20150805,14.58,14.72,14.51,14.60
20150806,14.61,14.78,14.54,14.66
20150807,14.67,15.03,14.61,14.78
20150810,14.79,15.40,14.75,15.24
20150811,15.28,15.41,15.12,15.37
20150812,15.32,15.60,15.17,15.54
20150813,15.55,15.59,15.30,15.43
20150814,15.42,15.62,15.19,15.24
20150817,15.27,15.42,15.22,15.33
20150818,15.32,15.37,14.74,14.89
20150819,14.88,15.36,14.85,15.32
20150820,15.30,15.59,15.30,15.57
20150821,15.55,15.66,15.14,15.29
20150824,15.35,15.39,14.61,14.81
20150825,14.80,14.97,14.58,14.71
20150826,14.72,14.76,13.99,14.13
20150827,14.15,14.62,14.13,14.51
20150828,14.55,14.69,14.39,14.59
20150831,14.55,14.70,14.42,14.63
20150901,14.63,14.78,14.53,14.61
20150902,14.61,14.84,14.45,14.68
20150903,14.69,14.97,14.58,14.72
20150904,14.73,14.82,14.51,14.59
20150907,14.67,14.68,14.48,14.49
20150908,14.54,14.91,14.47,14.79
20150909,14.83,14.95,14.59,14.61
20150910,14.62,14.88,14.57,14.71
20150911,14.73,14.77,14.31,14.63
20150914,14.58,14.62,14.36,14.43
20150915,14.44,14.46,14.29,14.42
20150916,14.41,14.95,14.35,14.93
20150917,14.92,15.28,14.80,15.14
20150918,15.15,15.43,15.04,15.17
20150921,15.17,15.27,15.10,15.20
20150922,15.20,15.25,14.72,14.77
20150923,14.78,14.94,14.71,14.79
20150924,14.81,15.21,14.77,15.15
20150925,15.09,15.21,14.97,15.09
20150928,15.13,15.13,14.51,14.60
20150929,14.59,14.73,14.50,14.64
20150930,14.61,14.75,14.48,14.54
20151001,14.54,14.71,14.47,14.49
20151002,14.54,15.32,14.40,15.25
20151005,15.28,15.73,15.12,15.66
20151006,15.63,16.10,15.59,15.90
20151007,15.92,16.12,15.84,16.06
20151008,16.06,16.06,15.40,15.70
20151009,15.71,16.02,15.62,15.83
20151012,15.81,16.08,15.80,15.83
20151013,15.85,16.00,15.64,15.92
20151014,15.91,16.21,15.80,16.15
20151015,16.13,16.20,15.92,16.11
20151016,16.10,16.16,15.95,16.03
20151019,16.01,16.05,15.76,15.85
20151020,15.81,15.98,15.75,15.91
20151021,15.90,15.96,15.64,15.71
20151022,15.70,15.92,15.66,15.85
20151023,15.84,16.09,15.72,15.86
20151026,15.83,15.99,15.78,15.86
20151027,15.87,15.96,15.79,15.87
20151028,15.89,16.36,15.73,15.97
20151029,15.97,16.00,15.56,15.64
20151030,15.63,15.67,15.50,15.56
20151102,15.57,15.57,15.27,15.42
20151103,15.43,15.48,15.23,15.28
20151104,15.30,15.35,15.06,15.11
20151105,15.11,15.12,14.95,14.99
20151106,15.01,15.09,14.73,14.76
20151109,14.74,14.80,14.45,14.56
20151110,14.58,14.59,14.32,14.43
20151111,14.44,14.54,14.27,14.32
20151112,14.35,14.50,14.21,14.31
20151113,14.32,14.39,14.19,14.24
20151116,14.40,14.46,14.22,14.25
20151117,14.26,14.30,14.12,14.22
20151118,14.13,14.26,14.04,14.19
20151119,14.20,14.42,14.13,14.28
20151120,14.28,14.42,14.09,14.16
20151123,14.15,14.20,13.92,14.14
20151124,14.13,14.30,14.07,14.20
20151125,14.25,14.28,14.05,14.20
20151126,14.19,14.39,14.14,14.28
20151127,14.31,14.31,13.96,14.10
20151130,14.06,14.20,14.01,14.08
20151201,14.09,14.26,14.06,14.20
20151202,14.21,14.23,13.93,14.02
20151203,14.01,14.17,13.84,14.11
20151204,14.14,14.62,14.05,14.55
20151207,14.51,14.64,14.23,14.28
20151208,14.26,14.33,14.09,14.18
20151209,14.21,14.36,14.13,14.17
20151210,14.18,14.25,14.11,14.13
20151211,14.11,14.16,13.79,13.95
20151214,13.97,13.97,13.65,13.68
20151215,13.71,13.83,13.68,13.77
20151216,13.80,14.32,13.79,14.17
20151217,14.13,14.15,13.69,13.73
20151218,13.77,14.22,13.72,14.10
20151221,14.06,14.33,14.06,14.25
20151222,14.25,14.40,14.23,14.26
20151223,14.28,14.35,14.22,14.32
20151224,14.33,14.41,14.28,14.38
20151228,14.39,14.42,13.86,13.94
20151229,13.96,14.07,13.93,13.96
20151230,13.96,14.00,13.79,13.89
20151231,13.80,13.98,13.80,13.84
20160104,13.93,14.20,13.85,13.87
20160105,13.90,14.08,13.90,13.99
20160106,13.99,14.15,13.90,14.01
20160107,14.00,14.38,13.93,14.31
20160108,14.30,14.31,13.89,13.96
20160111,14.02,14.08,13.84,13.86
20160112,13.88,13.92,13.75,13.78
20160113,13.81,14.20,13.77,14.16
20160114,14.15,14.18,13.76,13.84
20160115,13.87,14.13,13.78,13.89
20160118,13.88,14.00,13.85,13.95
20160119,13.92,14.19,13.89,14.03
20160120,14.04,14.20,14.00,14.14
20160121,14.12,14.19,13.89,14.10
20160122,14.07,14.35,14.03,14.04
20160125,14.05,14.31,14.05,14.23
20160126,14.23,14.56,14.22,14.50
20160127,14.49,14.57,14.35,14.48
20160128,14.50,14.50,14.18,14.24
20160129,14.25,14.31,14.17,14.27
20160201,14.25,14.42,14.21,14.35
20160202,14.36,14.39,14.23,14.31
20160203,14.30,14.80,14.27,14.68
20160204,14.68,14.91,14.63,14.86
20160205,14.87,15.05,14.65,15.01
20160208,14.94,15.46,14.89,15.32
20160209,15.35,15.45,15.19,15.25
20160210,15.24,15.30,15.09,15.27
20160211,15.35,15.96,15.29,15.75
20160212,15.70,15.80,15.62,15.73
20160215,15.70,15.70,15.21,15.33
20160216,15.32,15.43,15.14,15.22
20160217,15.18,15.39,15.17,15.28
20160218,15.29,15.55,15.21,15.40
20160219,15.43,15.48,15.28,15.37
20160222,15.31,15.34,14.93,15.18
20160223,15.19,15.31,15.17,15.29
20160224,15.32,15.58,15.18,15.23
20160225,15.21,15.32,15.03,15.16
20160226,15.18,15.23,14.68,14.73
20160229,14.72,14.92,14.62,14.90
20160301,14.91,15.07,14.73,14.82
20160302,14.83,15.03,14.76,14.95
20160303,14.94,15.32,14.85,15.22
20160304,15.18,15.79,15.13,15.49
20160307,15.63,15.80,15.46,15.64
20160308,15.67,15.74,15.33,15.35
20160309,15.35,15.44,15.19,15.32
20160310,15.29,15.65,15.16,15.60
20160311,15.59,15.73,15.46,15.48
20160314,15.50,15.82,15.29,15.35
20160315,15.36,15.40,15.20,15.28
20160316,15.28,15.65,15.20,15.60
20160317,15.60,16.04,15.54,15.93
20160318,15.94,16.14,15.73,15.81
20160321,15.85,15.90,15.71,15.84
20160322,15.83,16.01,15.77,15.88
20160323,15.85,15.91,15.23,15.28
20160324,15.29,15.33,15.16,15.21
20160328,15.19,15.36,15.14,15.25
20160329,15.23,15.37,15.06,15.34
20160330,15.36,15.45,15.19,15.22
20160331,15.22,15.53,15.20,15.44
20160401,15.43,15.47,14.80,15.07
20160404,15.03,15.10,14.90,14.93
20160405,14.95,15.21,14.94,15.14
20160406,15.14,15.20,14.93,15.07
20160407,15.08,15.36,15.06,15.23
20160408,15.22,15.39,15.13,15.37
20160411,15.38,15.97,15.37,15.92
20160412,15.93,16.21,15.79,16.19
20160413,16.19,16.32,16.00,16.22
20160414,16.23,16.25,15.91,16.16
20160415,16.17,16.37,16.09,16.24
20160418,16.28,16.33,16.12,16.21
20160419,16.23,17.08,16.16,16.94
20160420,16.94,17.24,16.84,16.96
20160421,16.95,17.69,16.75,17.00
20160422,17.01,17.35,16.84,16.96
20160425,16.94,17.12,16.82,17.00
20160426,16.99,17.17,16.84,17.16
20160427,17.15,17.41,17.07,17.24
20160428,17.25,17.65,17.15,17.56
20160429,17.58,17.96,17.57,17.82
20160502,17.83,18.02,17.49,17.55
20160503,17.54,17.73,17.34,17.42
20160504,17.41,17.48,17.18,17.38
20160505,17.38,17.64,17.25,17.35
20160506,17.34,17.60,17.23,17.47
20160509,17.46,17.47,16.93,17.03
20160510,17.02,17.16,16.91,17.11
20160511,17.13,17.58,17.09,17.42
20160512,17.41,17.46,16.97,16.97
20160513,16.99,17.17,16.86,17.10
20160516,17.07,17.39,17.07,17.14
20160517,17.15,17.34,17.06,17.25
20160518,17.24,17.29,16.77,16.91
20160519,16.85,16.93,16.34,16.50
20160520,16.48,16.65,16.43,16.52
20160523,16.49,16.57,16.31,16.39
20160524,16.40,16.44,16.20,16.23
20160525,16.22,16.36,16.17,16.30
20160526,16.30,16.56,16.23,16.33
20160527,16.32,16.37,16.13,16.19
20160530,16.22,16.22,15.90,15.99
20160531,16.01,16.16,15.96,16.00
20160601,16.01,16.09,15.83,15.96
20160602,15.97,16.05,15.92,16.02
20160603,16.00,16.45,15.96,16.41
20160606,16.39,16.53,16.35,16.47
20160607,16.48,16.48,16.25,16.38
20160608,16.41,17.10,16.39,17.04
20160609,17.03,17.33,16.95,17.30
20160610,17.27,17.38,17.16,17.33
20160613,17.33,17.46,17.11,17.45
20160614,17.44,17.49,17.22,17.39
20160615,17.40,17.61,17.35,17.52
20160616,17.54,17.86,17.11,17.18
20160617,17.16,17.50,17.16,17.46
20160620,17.39,17.64,17.29,17.50
20160621,17.49,17.58,17.19,17.29
20160622,17.30,17.34,17.14,17.27
20160623,17.22,17.48,17.21,17.29
20160624,17.09,18.32,16.50,17.76
20160627,17.83,17.92,17.64,17.74
20160628,17.76,17.85,17.53,17.78
20160629,17.77,18.45,17.77,18.29
20160630,18.28,18.82,18.20,18.71
20160701,18.75,19.89,18.71,19.72
20160704,19.75,21.12,19.68,20.34
20160705,20.32,20.46,19.53,19.89
20160706,20.00,20.51,19.86,19.99
20160707,20.09,20.27,19.47,19.68
20160708,19.69,20.21,19.23,20.21
20160711,20.34,20.67,20.12,20.29
20160712,20.30,20.53,19.97,20.17
20160713,20.18,20.48,19.90,20.35
20160714,20.39,20.55,20.01,20.30
20160715,20.32,20.35,20.01,20.09
20160718,20.16,20.23,19.72,20.06
20160719,20.06,20.07,19.81,19.90
20160720,19.91,19.98,19.33,19.42
20160721,19.40,19.88,19.22,19.75
20160722,19.80,19.95,19.57,19.65
20160725,19.63,19.71,19.31,19.56
20160726,19.58,19.75,19.44,19.64
20160727,19.65,20.41,19.52,20.37
20160728,20.36,20.52,20.11,20.17
20160729,20.18,20.41,19.97,20.37
20160801,20.36,20.65,20.30,20.45
20160802,20.47,20.79,20.34,20.60
20160803,20.63,20.73,20.37,20.39
20160804,20.41,20.49,20.06,20.35
20160805,20.33,20.44,19.70,19.71
20160808,19.51,19.87,19.51,19.74
20160809,19.73,19.88,19.60,19.86
20160810,19.90,20.49,19.89,20.15
20160811,20.09,20.32,19.90,19.97
20160812,20.00,20.22,19.66,19.71
20160815,19.78,20.05,19.71,19.82
20160816,19.83,20.11,19.72,19.80
20160817,19.81,19.89,19.39,19.69
20160818,19.71,19.94,19.63,19.75
20160819,19.79,19.79,19.24,19.32
20160822,19.26,19.26,18.74,18.91
20160823,18.89,19.12,18.82,18.82
20160824,18.84,19.00,18.54,18.55
20160825,18.56,18.67,18.49,18.55
20160826,18.53,19.07,18.52,18.65
20160829,18.64,18.89,18.40,18.87
20160830,18.88,18.96,18.58,18.61
20160831,18.61,18.87,18.55,18.65
20160901,18.66,18.94,18.59,18.89
20160902,18.90,19.41,18.76,19.40
20160905,19.41,19.56,19.30,19.51
20160906,19.52,20.13,19.47,20.05
20160907,20.02,20.13,19.68,19.84
20160908,19.79,19.94,19.56,19.62
20160909,19.61,19.66,19.07,19.09
20160912,19.08,19.18,18.72,19.12
20160913,19.09,19.29,18.79,18.87
20160914,18.88,19.12,18.81,18.97
20160915,18.96,19.22,18.82,19.00
20160916,19.01,19.03,18.67,18.80
20160919,18.80,19.31,18.78,19.15
20160920,19.16,19.30,19.09,19.30
20160921,19.27,19.87,19.04,19.84
20160922,19.83,20.07,19.71,19.88
20160923,19.89,19.94,19.59,19.68
20160926,19.68,19.75,19.36,19.44
20160927,19.43,19.54,18.99,19.15
20160928,19.12,19.21,18.92,19.19
20160929,19.23,19.39,19.00,19.10
20160930,19.10,19.70,19.07,19.18
20161003,19.20,19.32,18.71,18.82
20161004,18.83,18.90,17.73,17.81
20161005,17.79,18.01,17.56,17.74
20161006,17.75,17.84,17.12,17.33
20161007,17.32,17.65,17.10,17.49
20161010,17.56,17.81,17.56,17.64
20161011,17.63,17.83,17.45,17.45
20161012,17.47,17.62,17.37,17.48
20161013,17.50,17.68,17.42,17.50
20161014,17.51,17.58,17.32,17.45
20161017,17.44,17.50,17.35,17.47
20161018,17.46,17.72,17.45,17.63
20161019,17.63,17.78,17.57,17.68
20161020,17.69,17.74,17.16,17.55
20161021,17.54,17.56,17.40,17.54
20161024,17.53,17.88,17.47,17.59
20161025,17.61,17.82,17.52,17.82
20161026,17.77,17.87,17.57,17.63
20161027,17.64,17.73,17.55,17.63
20161028,17.61,17.91,17.56,17.77
20161031,17.81,17.92,17.76,17.89
20161101,17.88,18.49,17.85,18.38
20161102,18.38,18.74,18.36,18.52
20161103,18.53,18.65,18.01,18.36
20161104,18.39,18.48,18.19,18.41
20161107,18.19,18.29,18.02,18.18
20161108,18.21,18.73,18.18,18.37
20161109,18.38,19.00,18.19,18.48
20161110,18.48,18.99,18.40,18.61
20161111,18.61,18.84,17.20,17.37
20161114,17.41,17.51,16.65,16.93
20161115,16.92,17.14,16.83,17.09
20161116,17.07,17.24,16.87,16.98
20161117,16.98,17.09,16.59,16.67
20161118,16.68,16.77,16.45,16.57
20161121,16.63,16.77,16.53,16.59
20161122,16.60,16.89,16.55,16.64
20161123,16.64,16.81,16.18,16.37
20161124,16.39,16.41,16.23,16.33
20161125,16.35,16.59,16.17,16.52
20161128,16.58,16.86,16.47,16.61
20161129,16.63,16.73,16.42,16.61
20161130,16.63,16.77,16.42,16.51
20161201,16.52,16.68,16.27,16.52
20161202,16.54,16.81,16.33,16.69
20161205,16.88,16.99,16.51,16.75
20161206,16.74,16.89,16.69,16.74
20161207,16.73,17.23,16.66,17.12
20161208,17.14,17.22,16.97,17.03
20161209,17.02,17.12,16.79,16.86
20161212,16.87,17.20,16.68,17.08
20161213,17.08,17.16,16.78,16.92
20161214,16.91,17.22,16.75,16.84
20161215,16.80,16.95,15.89,15.97
20161216,15.95,16.27,15.94,16.10
20161219,16.08,16.21,15.91,15.97
20161220,15.95,16.10,15.64,16.10
20161221,16.11,16.18,15.90,15.94
20161222,15.95,16.04,15.77,15.79
20161223,15.79,15.86,15.69,15.73
20161227,15.78,16.06,15.72,15.97
20161228,15.98,16.08,15.82,16.01
20161229,16.03,16.24,15.99,16.17
20161230,16.18,16.27,15.85,15.95
20170103,15.94,16.50,15.91,16.29
20170104,16.31,16.53,16.26,16.42
20170105,16.44,16.72,16.42,16.59
20170106,16.60,16.67,16.30,16.48
20170109,16.48,16.70,16.42,16.56
20170110,16.59,16.91,16.54,16.79
20170111,16.81,16.87,16.54,16.73
20170112,16.74,16.99,16.73,16.78
20170113,16.76,16.84,16.60,16.81
20170116,16.83,16.93,16.79,16.81
20170117,16.81,17.21,16.81,17.20
20170118,17.21,17.33,17.04,17.07
20170119,17.05,17.11,16.74,17.02
20170120,17.01,17.16,16.83,17.08
20170123,17.11,17.26,17.06,17.25
20170124,17.22,17.29,17.03,17.10
20170125,17.11,17.12,16.78,17.00
20170126,17.00,17.04,16.69,16.80
20170127,16.81,17.25,16.64,17.14
20170130,17.16,17.28,17.07,17.12
20170131,17.13,17.62,17.10,17.56
20170201,17.55,17.64,17.37,17.54
20170202,17.56,17.74,17.42,17.47
20170203,17.49,17.54,17.28,17.48
20170206,17.53,17.75,17.47,17.73
20170207,17.74,17.80,17.55,17.71
20170208,17.71,17.87,17.64,17.78
20170209,17.78,17.85,17.62,17.65
20170210,17.65,18.01,17.55,17.94
20170213,17.94,18.01,17.76,17.83
20170214,17.82,18.08,17.75,17.96
20170215,17.97,17.99,17.77,17.98
20170216,17.99,18.14,17.94,18.11
20170217,18.10,18.10,17.98,18.01
20170220,18.01,18.08,17.92,18.07
20170221,18.06,18.09,17.84,17.97
20170222,17.98,18.06,17.93,18.03
20170223,18.03,18.22,17.95,18.19
20170224,18.18,18.41,18.16,18.35
20170227,18.39,18.49,18.23,18.27
20170228,18.27,18.46,18.25,18.31
20170301,18.33,18.46,18.24,18.42
20170302,18.43,18.44,17.69,17.79
20170303,17.78,17.99,17.64,17.94
20170306,17.96,17.96,17.71,17.78
20170307,17.79,17.79,17.48,17.51
20170308,17.49,17.55,17.22,17.23
20170309,17.25,17.29,16.94,16.96
20170310,16.95,17.09,16.85,17.03
20170313,16.99,17.15,16.96,16.98
20170314,16.94,17.06,16.87,16.89
20170315,16.89,17.36,16.84,17.30
20170316,17.32,17.56,17.25,17.34
20170317,17.32,17.42,17.23,17.40
20170320,17.40,17.46,17.36,17.43
20170321,17.44,17.60,17.32,17.56
20170322,17.56,17.59,17.45,17.54
20170323,17.53,17.69,17.52,17.58
20170324,17.58,17.78,17.53,17.77
20170327,17.79,18.13,17.79,18.10
20170328,18.09,18.24,18.00,18.20
20170329,18.19,18.26,18.04,18.24
20170330,18.23,18.30,18.06,18.12
20170331,18.11,18.27,18.05,18.21
20170403,18.26,18.27,18.09,18.26
20170404,18.27,18.42,18.21,18.33
20170405,18.32,18.32,18.15,18.31
20170406,18.30,18.35,18.17,18.26
20170407,18.25,18.47,17.89,18.00
20170410,17.94,18.03,17.76,17.95
20170411,17.96,18.34,17.91,18.33
20170412,18.33,18.53,18.25,18.47
20170413,18.49,18.60,18.42,18.54
20170417,18.59,18.65,18.37,18.43
20170418,18.44,18.44,18.08,18.30
20170419,18.31,18.34,18.11,18.16
20170420,18.17,18.24,17.89,18.03
20170421,18.04,18.05,17.82,17.96
20170424,17.81,17.94,17.66,17.94
20170425,17.95,18.01,17.57,17.60
20170426,17.59,17.66,17.33,17.51
20170427,17.50,17.50,17.24,17.27
20170428,17.26,17.42,17.17,17.23
20170501,17.24,17.27,16.81,16.85
20170502,16.87,17.01,16.79,16.84
20170503,16.84,16.89,16.41,16.48
20170504,16.47,16.64,16.22,16.33
20170505,16.32,16.52,16.23,16.36
20170508,16.27,16.45,16.23,16.23
20170509,16.24,16.32,16.07,16.19
20170510,16.20,16.35,16.14,16.21
20170511,16.20,16.40,16.18,16.34
20170512,16.34,16.49,16.32,16.45
20170515,16.46,16.82,16.43,16.63
20170516,16.64,16.87,16.63,16.85
20170517,16.84,17.04,16.79,16.90
20170518,16.91,17.12,16.46,16.58
20170519,16.59,16.88,16.58,16.85
20170522,16.89,17.21,16.85,17.17
20170523,17.16,17.31,17.04,17.06
20170524,17.06,17.24,16.91,17.23
20170525,17.22,17.27,17.14,17.17
20170526,17.15,17.39,17.11,17.34
20170529,17.34,17.45,17.32,17.42
20170530,17.42,17.48,17.23,17.40
20170531,17.39,17.43,17.24,17.34
20170601,17.33,17.38,17.02,17.30
20170602,17.29,17.58,17.14,17.53
20170605,17.57,17.65,17.50,17.56
20170606,17.55,17.75,17.53,17.71
20170607,17.72,17.73,17.53,17.60
20170608,17.59,17.69,17.33,17.44
20170609,17.49,17.49,17.19,17.23
20170612,17.21,17.24,16.92,16.97
20170613,16.96,16.97,16.73,16.85
20170614,16.84,17.34,16.82,16.92
20170615,16.91,17.09,16.68,16.76
20170616,16.77,16.84,16.66,16.70
20170619,16.70,16.71,16.48,16.51
20170620,16.50,16.65,16.40,16.46
20170621,16.47,16.54,16.37,16.50
20170622,16.45,16.69,16.45,16.55
20170623,16.56,16.79,16.56,16.70
20170626,16.72,16.76,16.30,16.61
20170627,16.60,16.76,16.54,16.67
20170628,16.67,16.87,16.66,16.80
20170629,16.81,16.90,16.61,16.63
20170630,16.64,16.71,16.55,16.62
20170703,16.64,16.66,16.11,16.16
20170704,16.14,16.21,16.04,16.08
20170705,16.08,16.23,15.89,16.09
20170706,16.09,16.11,15.94,16.06
20170707,16.05,16.18,14.37,15.57
20170710,15.63,15.74,15.21,15.67
20170711,15.67,15.86,15.47,15.85
20170712,15.84,16.03,15.76,15.92
20170713,15.91,15.99,15.70,15.71
20170714,15.71,16.09,15.62,15.96
20170717,16.00,16.20,15.97,16.12
20170718,16.12,16.34,16.10,16.29
20170719,16.29,16.37,16.17,16.27
20170720,16.29,16.42,16.15,16.34
20170721,16.33,16.53,16.30,16.49
20170724,16.53,16.60,16.43,16.49
20170725,16.49,16.62,16.25,16.50
20170726,16.49,16.70,16.31,16.64
20170727,16.65,16.82,16.56,16.58
20170728,16.59,16.76,16.52,16.73
20170731,16.77,16.88,16.68,16.83
20170801,16.83,16.86,16.61,16.71
20170802,16.72,16.93,16.48,16.58
20170803,16.59,16.70,16.45,16.66
20170804,16.68,16.75,16.20,16.28
20170807,16.29,16.32,16.13,16.29
20170808,16.27,16.48,16.24,16.45
20170809,16.46,16.96,16.45,16.95
20170810,16.96,17.25,16.87,17.12
20170811,17.13,17.20,16.90,17.12
20170814,17.13,17.22,16.94,17.08
20170815,17.07,17.07,16.58,16.63
20170816,16.66,17.14,16.63,17.13
20170817,17.13,17.18,16.98,17.04
20170818,17.05,17.32,16.94,17.04
20170821,16.95,17.13,16.85,17.02
20170822,17.01,17.12,16.88,16.99
20170823,16.99,17.11,16.92,17.10
20170824,17.08,17.10,16.83,16.98
20170825,16.97,17.18,16.74,17.04
20170828,17.08,17.48,17.03,17.44
20170829,17.54,17.67,17.29,17.40
20170830,17.39,17.48,17.32,17.44
20170831,17.43,17.63,17.29,17.58
20170901,17.60,17.75,17.46,17.71
20170904,17.76,17.95,17.76,17.91
20170905,17.91,18.01,17.79,17.89
20170906,17.91,18.00,17.82,17.87
20170907,17.88,18.15,17.80,18.13
20170908,18.12,18.22,17.90,18.01
20170911,17.79,17.92,17.71,17.80
20170912,17.82,17.93,17.72,17.91
20170913,17.92,17.99,17.67,17.78
20170914,17.77,17.80,17.61,17.79
20170915,17.79,17.85,17.60,17.61
20170918,17.60,17.63,17.07,17.22
20170919,17.20,17.33,17.12,17.32
20170920,17.30,17.40,16.98,17.19
20170921,17.18,17.18,16.84,16.96
20170922,16.99,17.07,16.91,16.99
20170925,16.99,17.19,16.84,17.19
20170926,17.16,17.25,16.77,16.82
20170927,16.83,16.92,16.73,16.77
20170928,16.77,16.90,16.69,16.88
20170929,16.87,16.89,16.64,16.66
20171002,16.67,16.73,16.55,16.59
20171003,16.59,16.67,16.56,16.64
20171004,16.64,16.89,16.56,16.58
20171005,16.59,16.75,16.57,16.60
20171006,16.61,16.87,16.34,16.79
20171009,16.80,16.99,16.79,16.97
20171010,16.96,17.25,16.94,17.12
20171011,17.13,17.24,17.06,17.17
20171012,17.19,17.27,17.12,17.25
20171013,17.25,17.40,17.18,17.40
20171016,17.40,17.47,17.11,17.23
20171017,17.24,17.25,16.97,17.03
20171018,17.04,17.11,16.91,16.99
20171019,17.00,17.29,16.92,17.25
20171020,17.26,17.29,16.94,17.04
20171023,17.03,17.11,16.86,17.07
20171024,17.08,17.15,16.89,16.94
20171025,16.95,17.04,16.82,16.94
20171026,16.95,17.04,16.75,16.81
20171027,16.80,16.87,16.61,16.85
20171030,16.82,16.90,16.69,16.84
20171031,16.84,16.90,16.65,16.71
20171101,16.70,17.20,16.67,17.14
20171102,17.14,17.24,17.05,17.12
20171103,17.14,17.18,16.79,16.85
20171106,16.86,17.26,16.81,17.21
20171107,17.22,17.23,16.92,16.94
20171108,16.96,17.26,16.96,17.04
20171109,17.05,17.15,16.92,17.00
20171110,16.99,17.10,16.80,16.90
20171113,16.87,17.07,16.83,17.05
20171114,17.06,17.10,16.87,17.03
20171115,17.03,17.20,16.95,17.00
20171116,16.99,17.13,16.96,17.07
20171117,17.08,17.38,17.03,17.29
20171120,17.31,17.31,16.85,16.91
20171121,16.93,17.06,16.91,16.97
20171122,16.96,17.17,16.95,17.15
20171123,17.14,17.16,17.07,17.10
20171124,17.10,17.16,16.98,17.04
20171127,17.06,17.20,17.02,17.05
20171128,17.07,17.12,16.78,16.86
20171129,16.88,16.92,16.52,16.54
20171130,16.56,16.60,16.32,16.44
20171201,16.43,16.56,16.25,16.46
20171204,16.33,16.43,16.25,16.33
20171205,16.32,16.36,16.03,16.10
20171206,16.12,16.15,15.92,15.96
20171207,15.95,15.99,15.65,15.72
20171208,15.73,15.90,15.71,15.85
20171211,15.85,15.89,15.70,15.71
20171212,15.73,15.82,15.62,15.74
20171213,15.74,16.15,15.68,16.08
20171214,16.07,16.13,15.84,15.90
20171215,15.90,16.09,15.90,16.05
20171218,16.04,16.17,16.02,16.15
20171219,16.14,16.23,16.06,16.14
20171220,16.14,16.27,16.10,16.18
20171221,16.19,16.25,16.09,16.13
20171222,16.13,16.43,16.12,16.33
20171226,16.36,16.57,16.30,16.55
20171227,16.55,16.73,16.49,16.69
20171228,16.68,16.89,16.66,16.86
20171229,16.85,17.11,16.82,16.95
20180102,16.98,17.21,16.94,17.18
20180103,17.18,17.24,17.03,17.13
20180104,17.13,17.28,16.99,17.22
20180105,17.23,17.29,17.10,17.21
20180108,17.24,17.26,17.04,17.14
20180109,17.13,17.14,16.92,16.97
20180110,16.97,17.19,16.91,16.97
20180111,16.99,17.05,16.87,17.00
20180112,17.00,17.29,16.99,17.26
20180115,17.23,17.43,17.21,17.35
20180116,17.35,17.38,16.80,17.20
20180117,17.19,17.30,17.00,17.00
20180118,17.00,17.13,16.92,16.95
20180119,16.96,17.13,16.96,17.03
20180122,17.07,17.10,16.95,17.02
20180123,17.00,17.10,16.75,17.05
20180124,17.05,17.63,16.99,17.56
20180125,17.55,17.70,17.14,17.31
20180126,17.31,17.54,17.25,17.41
20180129,17.41,17.48,17.11,17.17
20180130,17.17,17.34,17.08,17.13
20180131,17.15,17.39,17.10,17.34
20180201,17.33,17.40,17.11,17.23
20180202,17.23,17.26,16.57,16.59
20180205,16.64,16.91,16.56,16.73
20180206,16.75,16.99,16.59,16.64
20180207,16.64,16.78,16.27,16.38
20180208,16.39,16.47,16.25,16.42
20180209,16.41,16.46,16.19,16.32
20180212,16.35,16.62,16.33,16.55
20180213,16.55,16.69,16.46,16.58
20180214,16.58,16.93,16.39,16.86
20180215,16.86,16.98,16.65,16.86
20180216,16.87,16.95,16.62,16.69
20180219,16.65,16.73,16.62,16.67
20180220,16.66,16.71,16.43,16.45
20180221,16.45,16.77,16.39,16.51
20180222,16.51,16.68,16.41,16.62
20180223,16.62,16.64,16.51,16.53
20180226,16.50,16.77,16.49,16.66
20180227,16.65,16.70,16.34,16.43
20180228,16.43,16.51,16.36,16.41
20180301,16.42,16.55,16.18,16.47
20180302,16.48,16.58,16.39,16.52
20180305,16.53,16.60,16.36,16.44
20180306,16.42,16.86,16.40,16.76
20180307,16.80,16.84,16.44,16.50
20180308,16.50,16.57,16.43,16.50
20180309,16.48,16.69,16.37,16.59
20180312,16.59,16.61,16.44,16.54
20180313,16.54,16.66,16.47,16.60
20180314,16.59,16.66,16.52,16.55
20180315,16.54,16.58,16.38,16.41
20180316,16.40,16.50,16.22,16.33
20180319,16.31,16.36,16.22,16.33
20180320,16.33,16.35,16.13,16.20
20180321,16.20,16.65,16.18,16.57
20180322,16.55,16.61,16.35,16.39
20180323,16.43,16.67,16.42,16.56
20180326,16.57,16.79,16.53,16.70
20180327,16.70,16.81,16.48,16.53
20180328,16.52,16.57,16.25,16.30
20180329,16.30,16.37,16.23,16.36
20180402,16.37,16.68,16.36,16.60
20180403,16.59,16.62,16.36,16.42
20180404,16.42,16.53,16.26,16.32
20180405,16.31,16.42,16.19,16.40
20180406,16.39,16.50,16.27,16.37
20180409,16.43,16.56,16.33,16.50
20180410,16.49,16.65,16.44,16.57
20180411,16.57,16.87,16.53,16.67
20180412,16.68,16.70,16.46,16.47
20180413,16.48,16.69,16.47,16.64
20180416,16.62,16.77,16.56,16.67
20180417,16.67,16.80,16.59,16.78
20180418,16.78,17.26,16.73,17.20
20180419,17.20,17.36,17.11,17.25
20180420,17.24,17.26,17.05,17.13
20180423,17.12,17.13,16.60,16.62
20180424,16.64,16.76,16.57,16.72
20180425,16.72,16.76,16.51,16.56
20180426,16.57,16.62,16.43,16.51
20180427,16.52,16.57,16.45,16.53
20180430,16.51,16.55,16.20,16.33
20180501,16.32,16.34,16.06,16.16
20180502,16.17,16.53,16.16,16.39
20180503,16.38,16.59,16.36,16.44
20180504,16.45,16.52,16.37,16.52
20180507,16.52,16.57,16.41,16.48
20180508,16.49,16.53,16.32,16.47
20180509,16.49,16.62,16.36,16.51
20180510,16.50,16.76,16.48,16.72
20180511,16.75,16.83,16.66,16.68
20180514,16.67,16.74,16.50,16.52
20180515,16.53,16.56,16.21,16.27
20180516,16.26,16.43,16.19,16.37
20180517,16.38,16.49,16.33,16.43
20180518,16.43,16.48,16.37,16.43
20180521,16.42,16.52,16.27,16.52
20180522,16.51,16.67,16.45,16.53
20180523,16.54,16.59,16.33,16.46
20180524,16.47,16.69,16.41,16.65
20180525,16.67,16.72,16.49,16.49
20180528,16.51,16.51,16.43,16.47
20180529,16.42,16.50,16.32,16.36
20180530,16.37,16.56,16.32,16.51
20180531,16.51,16.60,16.41,16.42
20180601,16.43,16.51,16.34,16.40
20180604,16.42,16.55,16.37,16.43
20180605,16.42,16.54,16.37,16.49
20180606,16.50,16.74,16.49,16.66
20180607,16.68,16.90,16.65,16.70
20180608,16.72,16.83,16.63,16.77
20180611,16.79,16.95,16.75,16.93
20180612,16.93,16.95,16.76,16.86
20180613,16.85,17.11,16.80,17.04
20180614,17.04,17.32,16.94,17.14
20180615,17.16,17.25,16.46,16.56
20180618,16.54,16.63,16.42,16.47
20180619,16.48,16.55,16.24,16.29
20180620,16.30,16.37,16.26,16.28
20180621,16.29,16.36,16.20,16.33
20180622,16.32,16.49,16.31,16.46
20180625,16.46,16.50,16.29,16.33
20180626,16.32,16.36,16.15,16.29
20180627,16.30,16.31,15.98,16.05
20180628,16.07,16.14,15.92,16.01
20180629,16.00,16.16,15.97,16.09
20180702,16.09,16.13,15.78,15.85
20180703,15.86,16.04,15.79,16.03
20180704,16.02,16.15,16.00,16.09
20180705,16.09,16.10,15.93,16.06
20180706,16.04,16.08,15.95,16.03
20180709,16.05,16.22,16.04,16.09
20180710,16.12,16.16,15.91,16.06
20180711,16.07,16.08,15.78,15.81
20180712,15.81,16.00,15.76,15.95
20180713,15.94,15.99,15.69,15.81
20180716,15.81,15.88,15.75,15.81
20180717,15.79,15.87,15.55,15.57
20180718,15.58,15.62,15.40,15.56
20180719,15.55,15.57,15.18,15.31
20180720,15.31,15.54,15.25,15.52
20180723,15.53,15.56,15.36,15.40
20180724,15.39,15.60,15.33,15.45
20180725,15.46,15.63,15.45,15.61
20180726,15.60,15.67,15.38,15.38
20180727,15.39,15.54,15.33,15.50
20180730,15.48,15.55,15.40,15.51
20180731,15.49,15.61,15.37,15.51
20180801,15.52,15.54,15.39,15.39
20180802,15.40,15.47,15.29,15.32
20180803,15.31,15.55,15.25,15.42
20180806,15.41,15.49,15.27,15.31
20180807,15.30,15.49,15.30,15.38
20180808,15.37,15.47,15.29,15.41
20180809,15.43,15.51,15.37,15.45
20180810,15.45,15.45,15.29,15.33
20180813,15.31,15.34,14.98,14.99
20180814,15.00,15.11,14.99,15.05
20180815,15.07,15.08,14.37,14.44
20180816,14.47,14.84,14.34,14.66
20180817,14.65,14.82,14.60,14.82
20180820,14.78,14.85,14.65,14.76
20180821,14.75,14.85,14.72,14.79
20180822,14.79,14.88,14.69,14.76
20180823,14.77,14.77,14.49,14.49
20180824,14.50,14.88,14.49,14.82
20180827,14.86,14.92,14.75,14.89
20180828,14.90,15.00,14.68,14.71
20180829,14.71,14.79,14.67,14.76
20180830,14.78,14.80,14.51,14.55
20180831,14.57,14.72,14.49,14.51
20180903,14.53,14.55,14.40,14.50
20180904,14.51,14.52,14.01,14.18
20180905,14.16,14.24,14.09,14.19
20180906,14.19,14.31,14.12,14.16
20180907,14.16,14.26,14.08,14.16
20180910,14.15,14.25,14.08,14.17
20180911,14.16,14.23,13.95,14.14
20180912,14.13,14.28,14.07,14.25
20180913,14.27,14.35,14.15,14.15
20180914,14.18,14.29,14.06,14.07
20180917,14.07,14.25,14.04,14.18
20180918,14.20,14.24,14.08,14.15
20180919,14.16,14.34,14.15,14.24
20180920,14.25,14.35,14.18,14.32
20180921,14.32,14.43,14.16,14.30
20180924,14.30,14.39,14.19,14.27
20180925,14.28,14.56,14.22,14.45
20180926,14.46,14.51,14.32,14.33
20180927,14.35,14.46,14.18,14.25
20180928,14.23,14.72,14.23,14.63
20181001,14.68,14.69,14.38,14.50
20181002,14.50,14.91,14.45,14.69
20181003,14.70,14.83,14.63,14.65
20181004,14.64,14.77,14.54,14.59
20181005,14.60,14.72,14.52,14.64
20181008,14.65,14.66,14.27,14.37
20181009,14.39,14.44,14.27,14.39
20181010,14.39,14.44,14.25,14.29
20181011,14.32,14.62,14.26,14.58
20181012,14.60,14.71,14.52,14.62
20181015,14.60,14.78,14.59,14.70
20181016,14.71,14.85,14.62,14.66
20181017,14.66,14.73,14.60,14.62
20181018,14.61,14.66,14.46,14.57
20181019,14.58,14.72,14.56,14.63
20181022,14.64,14.69,14.52,14.56
20181023,14.56,14.81,14.52,14.74
20181024,14.76,14.81,14.65,14.68
20181025,14.69,14.78,14.60,14.65
20181026,14.64,14.78,14.58,14.70
20181029,14.71,14.76,14.42,14.47
20181030,14.48,14.53,14.38,14.49
20181031,14.47,14.48,14.24,14.27
20181101,14.28,14.82,14.27,14.74
20181102,14.75,14.91,14.65,14.74
20181105,14.75,14.77,14.60,14.65
20181106,14.61,14.72,14.49,14.54
20181107,14.54,14.72,14.49,14.58
20181108,14.57,14.59,14.39,14.43
20181109,14.43,14.44,14.11,14.17
20181112,14.16,14.21,13.99,13.99
20181113,13.99,14.13,13.96,13.99
20181114,14.00,14.20,13.90,14.13
20181115,14.13,14.35,14.10,14.28
20181116,14.29,14.42,14.24,14.42
20181119,14.43,14.44,14.35,14.43
20181120,14.43,14.49,14.24,14.31
20181121,14.33,14.56,14.28,14.51
20181122,14.45,14.54,14.45,14.49
20181123,14.48,14.51,14.19,14.28
20181126,14.31,14.44,14.22,14.22
20181127,14.23,14.31,14.10,14.16
20181128,14.15,14.40,14.12,14.32
20181129,14.33,14.39,14.27,14.32
20181130,14.31,14.34,14.06,14.18
20181203,14.26,14.57,14.21,14.38
20181204,14.41,14.67,14.39,14.54
20181205,14.53,14.55,14.42,14.50
20181206,14.50,14.52,14.35,14.47
20181207,14.48,14.65,14.44,14.63
20181210,14.64,14.66,14.48,14.53
20181211,14.55,14.72,14.51,14.54
20181212,14.56,14.80,14.55,14.74
20181213,14.77,14.81,14.69,14.76
20181214,14.75,14.76,14.50,14.59
20181217,14.59,14.70,14.54,14.66
20181218,14.67,14.72,14.61,14.65
20181219,14.64,14.82,14.55,14.60
20181220,14.61,14.84,14.56,14.77
20181221,14.77,14.80,14.61,14.63
20181224,14.67,14.81,14.65,14.78
20181226,14.79,15.17,14.71,15.04
20181227,15.03,15.27,14.94,15.23
20181228,15.22,15.39,15.22,15.37
20181231,15.40,15.51,15.33,15.49
20190102,15.49,15.61,15.33,15.53
20190103,15.57,15.75,15.49,15.73
20190104,15.74,15.87,15.59,15.69
20190107,15.74,15.82,15.62,15.67
20190108,15.66,15.69,15.51,15.66
20190109,15.65,15.78,15.59,15.75
20190110,15.75,15.79,15.56,15.57
20190111,15.58,15.74,15.56,15.60
20190114,15.61,15.66,15.55,15.65
20190115,15.65,15.70,15.55,15.58
20190116,15.59,15.65,15.50,15.60
20190117,15.59,15.62,15.46,15.53
20190118,15.54,15.58,15.33,15.34
20190121,15.32,15.37,15.19,15.27
20190122,15.27,15.35,15.18,15.34
20190123,15.33,15.44,15.27,15.37
20190124,15.36,15.40,15.25,15.32
20190125,15.32,15.73,15.29,15.73
20190128,15.76,15.82,15.61,15.74
20190129,15.75,15.92,15.72,15.84
20190130,15.85,16.11,15.82,16.06
20190131,16.09,16.19,16.00,16.07
20190201,16.06,16.08,15.90,15.92
20190204,15.92,15.93,15.69,15.86
20190205,15.87,15.93,15.82,15.85
20190206,15.84,15.87,15.65,15.67
20190207,15.65,15.76,15.64,15.73
20190208,15.72,15.87,15.65,15.83
20190211,15.83,15.84,15.67,15.71
20190212,15.70,15.83,15.65,15.70
20190213,15.70,15.82,15.54,15.57
20190214,15.56,15.69,15.49,15.61
20190215,15.62,15.81,15.56,15.79
20190218,15.79,15.86,15.76,15.81
20190219,15.82,16.01,15.75,15.98
20190220,15.99,16.22,15.96,16.05
20190221,16.06,16.11,15.80,15.80
20190222,15.81,15.98,15.81,15.92
20190225,15.90,16.01,15.85,15.88
20190226,15.89,15.94,15.79,15.92
20190227,15.93,16.17,15.70,15.76
20190228,15.74,15.83,15.58,15.63
20190301,15.61,15.64,15.14,15.16
20190304,15.15,15.28,15.06,15.08
20190305,15.08,15.17,15.05,15.13
20190306,15.13,15.16,15.05,15.07
20190307,15.08,15.12,14.98,15.02
20190308,15.03,15.37,15.01,15.35
20190311,15.31,15.36,15.22,15.32
20190312,15.31,15.48,15.30,15.44
20190313,15.44,15.54,15.42,15.45
20190314,15.46,15.46,15.14,15.19
20190315,15.19,15.39,15.17,15.29
20190318,15.30,15.44,15.23,15.35
20190319,15.34,15.45,15.32,15.36
20190320,15.37,15.56,15.27,15.50
20190321,15.49,15.64,15.38,15.47
20190322,15.47,15.55,15.37,15.44
20190325,15.42,15.59,15.39,15.54
20190326,15.54,15.56,15.40,15.43
20190327,15.44,15.48,15.26,15.30
20190328,15.29,15.34,14.98,15.01
20190329,15.04,15.21,14.99,15.14
20190401,15.13,15.22,15.06,15.12
20190402,15.11,15.13,14.94,15.12
20190403,15.12,15.20,15.04,15.13
20190404,15.13,15.18,14.91,15.12
20190405,15.15,15.21,15.07,15.11
20190408,15.12,15.30,15.12,15.24
20190409,15.25,15.34,15.21,15.22
20190410,15.23,15.30,15.15,15.22
20190411,15.24,15.26,14.90,14.98
20190412,14.97,15.12,14.95,14.99
20190415,14.99,15.04,14.86,15.00
20190416,14.99,15.03,14.89,15.01
20190417,15.00,15.10,14.93,15.00
20190418,14.99,15.03,14.94,15.02
20190422,15.01,15.08,14.99,15.01
20190423,15.02,15.04,14.75,14.84
20190424,14.81,14.99,14.79,14.94
20190425,14.95,15.01,14.86,14.95
20190426,14.94,15.09,14.91,15.05
20190429,15.07,15.08,14.88,14.91
20190430,14.92,15.02,14.82,14.94
20190501,14.95,14.96,14.61,14.68
20190502,14.69,14.73,14.57,14.62
20190503,14.63,14.98,14.60,14.92
20190506,14.93,14.97,14.76,14.90
20190507,14.90,14.94,14.80,14.92
20190508,14.91,14.97,14.83,14.85
20190509,14.84,14.86,14.70,14.77
20190510,14.76,14.85,14.74,14.78
20190513,14.79,14.81,14.62,14.76
20190514,14.78,14.86,14.74,14.80
20190515,14.79,14.86,14.76,14.80
20190516,14.79,14.82,14.53,14.56
20190517,14.55,14.57,14.40,14.43
20190520,14.41,14.48,14.39,14.46
20190521,14.44,14.48,14.38,14.46
20190522,14.45,14.50,14.40,14.44
20190523,14.45,14.65,14.42,14.59
20190524,14.60,14.61,14.54,14.57
20190527,14.58,14.64,14.55,14.59
20190528,14.59,14.61,14.30,14.36
20190529,14.35,14.48,14.34,14.41
20190530,14.42,14.58,14.37,14.53
20190531,14.52,14.69,14.48,14.58
20190603,14.60,14.83,14.58,14.79
20190604,14.79,14.86,14.67,14.80
20190605,14.82,15.05,14.77,14.81
20190606,14.82,15.00,14.75,14.89
20190607,14.90,15.15,14.86,15.02
20190610,14.99,15.01,14.65,14.70
20190611,14.71,14.80,14.65,14.75
20190612,14.71,14.88,14.71,14.78
20190613,14.79,14.94,14.74,14.91
20190614,14.88,15.12,14.80,14.86
20190617,14.88,14.91,14.78,14.84
20190618,14.85,15.09,14.82,15.01
20190619,15.02,15.18,14.92,15.16
20190620,15.17,15.52,15.12,15.42
20190621,15.46,15.55,15.17,15.33
20190624,15.36,15.47,15.30,15.44
20190625,15.45,15.51,15.28,15.37
20190626,15.38,15.38,15.18,15.27
20190627,15.29,15.30,15.17,15.26
20190628,15.24,15.34,15.21,15.31
20190701,15.18,15.31,15.12,15.15
20190702,15.14,15.33,15.05,15.32
20190703,15.34,15.47,15.21,15.30
20190704,15.33,15.34,15.22,15.28
20190705,15.24,15.34,14.90,15.02
20190708,15.00,15.13,14.97,15.03
20190709,15.02,15.14,14.95,15.11
20190710,15.12,15.29,15.04,15.24
20190711,15.24,15.32,15.10,15.12
20190712,15.12,15.25,15.06,15.23
20190715,15.22,15.41,15.17,15.39
20190716,15.39,15.70,15.32,15.56
20190717,15.56,15.99,15.52,15.97
20190718,15.98,16.35,15.92,16.35
20190719,16.36,16.58,16.06,16.20
20190722,16.25,16.43,16.17,16.36
20190723,16.37,16.54,16.18,16.41
20190724,16.42,16.65,16.33,16.60
20190725,16.59,16.65,16.33,16.41
20190726,16.44,16.52,16.34,16.35
20190729,16.41,16.48,16.34,16.46
20190730,16.47,16.61,16.40,16.57
20190731,16.56,16.57,16.20,16.27
20190801,16.26,16.39,15.93,16.33
20190802,16.34,16.35,16.05,16.22
20190805,16.23,16.57,16.12,16.40
20190806,16.43,16.52,16.36,16.45
20190807,16.43,17.25,16.43,17.11
20190808,17.08,17.21,16.81,16.93
20190809,16.97,17.14,16.87,16.98
20190812,16.96,17.16,16.81,17.07
20190813,17.08,17.51,16.54,16.97
20190814,16.98,17.33,16.88,17.22
20190815,17.21,17.39,17.11,17.27
20190816,17.26,17.33,17.06,17.12
20190819,17.13,17.15,16.86,16.88
20190820,16.89,17.19,16.86,17.16
20190821,17.15,17.20,17.00,17.12
20190822,17.14,17.15,16.95,17.05
20190823,17.05,17.48,16.98,17.47
20190826,17.56,17.78,17.53,17.67
20190827,17.66,18.21,17.64,18.20
20190828,18.19,18.51,18.07,18.36
20190829,18.35,18.65,18.05,18.27
20190830,18.25,18.48,18.08,18.34
20190902,18.43,18.57,18.27,18.47
20190903,18.50,19.29,18.34,19.26
20190904,19.23,19.65,19.19,19.60
20190905,19.53,19.58,18.49,18.65
20190906,18.66,18.80,17.99,18.05
20190909,18.15,18.31,17.94,18.01
20190910,18.00,18.18,17.78,18.01
20190911,18.02,18.25,17.91,18.12
20190912,18.11,18.47,18.01,18.10
20190913,18.07,18.19,17.40,17.44
20190916,17.71,18.00,17.62,17.84
20190917,17.86,18.09,17.76,18.02
20190918,18.01,18.05,17.53,17.76
20190919,17.75,17.94,17.60,17.79
20190920,17.80,17.98,17.76,17.95
20190923,17.96,18.71,17.95,18.64
20190924,18.61,18.74,18.26,18.61
20190925,18.62,18.69,17.83,17.91
20190926,17.93,18.05,17.74,17.82
20190927,17.83,17.90,17.30,17.49
20190930,17.54,17.60,16.93,16.99
20191001,17.00,17.32,16.90,17.24
20191002,17.25,17.67,17.19,17.56
20191003,17.57,17.80,17.47,17.56
20191004,17.57,17.67,17.30,17.55
20191007,17.65,17.65,17.39,17.43
20191008,17.44,17.81,17.27,17.73
20191009,17.74,17.96,17.67,17.73
20191010,17.76,17.90,17.43,17.52
20191011,17.53,17.75,17.35,17.53
20191014,17.55,17.70,17.43,17.66
20191015,17.65,17.74,17.35,17.41
20191016,17.42,17.47,17.17,17.40
20191017,17.41,17.64,17.31,17.55
20191018,17.55,17.60,17.41,17.56
20191021,17.57,17.87,17.51,17.56
20191022,17.57,17.67,17.44,17.52
20191023,17.55,17.62,17.51,17.55
20191024,17.55,17.85,17.48,17.80
20191025,17.82,18.33,17.78,18.07
20191028,18.02,18.14,17.79,17.85
20191029,17.84,17.90,17.61,17.83
20191030,17.80,17.96,17.59,17.88
20191031,17.86,18.17,17.80,18.12
20191101,18.10,18.15,17.94,18.12
20191104,18.13,18.22,17.97,18.06
20191105,18.07,18.09,17.54,17.58
20191106,17.57,17.65,17.39,17.64
20191107,17.63,17.67,16.97,17.11
20191108,17.12,17.13,16.70,16.81
20191111,16.80,16.94,16.67,16.86
20191112,16.84,16.90,16.65,16.77
20191113,16.76,17.03,16.76,16.97
20191114,16.96,17.11,16.88,17.03
20191115,17.04,17.04,16.82,16.96
20191118,16.97,17.06,16.75,17.04
20191119,17.03,17.19,16.97,17.15
20191120,17.15,17.21,17.03,17.15
20191121,17.18,17.20,17.04,17.10
20191122,17.10,17.24,17.00,17.00
20191125,16.99,17.00,16.86,16.89
20191126,16.86,17.12,16.82,17.08
20191127,17.09,17.09,16.93,16.96
20191128,16.96,17.02,16.87,16.95
20191129,16.94,17.05,16.85,17.02
20191202,17.00,17.02,16.83,16.91
20191203,16.90,17.21,16.87,17.17
20191204,17.16,17.30,16.80,16.86
20191205,16.86,17.02,16.82,16.96
20191206,16.96,17.04,16.53,16.57
20191209,16.57,16.69,16.53,16.61
20191210,16.60,16.72,16.58,16.67
20191211,16.66,16.97,16.60,16.86
20191212,16.87,17.12,16.77,16.93
20191213,16.92,17.01,16.85,16.95
20191216,16.96,17.09,16.90,17.04
20191217,17.03,17.12,16.96,17.01
20191218,17.01,17.07,16.89,17.02
20191219,17.01,17.13,16.90,17.06
20191220,17.07,17.26,17.03,17.18
20191223,17.19,17.46,17.18,17.45
20191224,17.44,17.79,17.38,17.78
20191226,17.76,18.05,17.72,17.90
20191227,17.91,17.97,17.75,17.75
20191230,17.79,17.96,17.78,17.93
20191231,17.92,18.15,17.82,17.85
20200102,17.85,18.10,17.79,18.02
20200103,18.02,18.27,18.00,18.02
20200106,18.16,18.51,18.02,18.15
20200107,18.14,18.44,17.95,18.41
20200108,18.42,18.86,18.06,18.10
20200109,18.11,18.21,17.80,17.90
20200110,17.91,18.15,17.85,18.08
20200113,18.10,18.11,17.92,17.96
20200114,17.97,17.97,17.68,17.80
20200115,17.79,18.04,17.74,18.01
20200116,18.01,18.05,17.87,17.94
20200117,17.95,18.17,17.91,18.02
20200120,18.04,18.13,18.00,18.07
20200121,18.07,18.16,17.64,17.79
20200122,17.80,17.93,17.69,17.84
20200123,17.84,17.92,17.61,17.80
20200124,17.81,18.15,17.75,18.12
20200127,18.26,18.34,18.05,18.10
20200128,18.09,18.12,17.44,17.47
20200129,17.46,17.59,17.39,17.56
20200130,17.57,18.04,17.54,17.84
20200131,17.84,18.10,17.80,18.03
20200203,18.13,18.13,17.60,17.68
20200204,17.69,17.79,17.53,17.59
20200205,17.60,17.73,17.49,17.61
20200206,17.62,17.89,17.60,17.82
20200207,17.82,17.87,17.64,17.71
20200210,17.72,17.84,17.69,17.77
20200211,17.78,17.81,17.58,17.65
20200212,17.63,17.67,17.46,17.49
20200213,17.48,17.74,17.48,17.65
20200214,17.65,17.81,17.62,17.73
20200217,17.73,17.89,17.70,17.79
20200218,17.80,18.23,17.79,18.17
20200219,18.18,18.47,18.16,18.43
20200220,18.45,18.45,18.22,18.37
20200221,18.37,18.63,18.34,18.50
20200224,18.67,18.95,18.54,18.64
20200225,18.65,18.67,17.86,18.00
20200226,17.99,18.21,17.80,17.92
20200227,17.91,18.14,17.61,17.78
20200228,17.75,17.87,16.40,16.62
20200302,16.54,17.06,16.45,16.73
20200303,16.72,17.47,16.72,17.22
20200304,17.20,17.34,17.09,17.22
20200305,17.23,17.46,17.15,17.44
20200306,17.44,17.58,17.06,17.33
20200309,17.57,17.57,16.57,17.02
20200310,16.92,17.20,16.81,16.89
20200311,16.96,17.11,16.68,16.77
20200312,16.77,16.92,15.52,15.85
20200313,15.79,15.87,14.44,14.70
20200316,14.80,14.91,11.59,12.82
20200317,12.94,13.25,12.13,12.65
20200318,12.74,12.89,11.64,11.95
20200319,11.99,12.31,11.80,12.12
20200320,12.13,13.03,12.05,12.60
20200323,12.39,13.29,12.33,13.27
20200324,13.28,14.43,13.17,14.41
20200325,14.47,14.72,14.02,14.51
20200326,14.35,14.68,14.16,14.40
20200327,14.45,14.63,14.18,14.50
20200330,14.50,14.56,13.82,14.05
20200331,14.08,14.25,13.86,13.98
20200401,13.96,14.15,13.82,13.96
20200402,13.95,14.55,13.91,14.49
20200403,14.50,14.55,14.28,14.40
20200406,14.46,15.09,14.25,15.02
20200407,15.01,15.54,14.88,15.02
20200408,14.99,15.14,14.87,14.97
20200409,14.96,15.55,14.93,15.44
20200413,15.47,15.51,15.15,15.42
20200414,15.35,15.84,15.35,15.75
20200415,15.76,15.79,15.28,15.45
20200416,15.49,15.60,15.21,15.49
20200417,15.54,15.55,15.03,15.17
20200420,15.15,15.44,15.06,15.31
20200421,15.33,15.34,14.54,14.89
20200422,14.91,15.16,14.68,15.09
20200423,15.10,15.45,14.97,15.24
20200424,15.26,15.39,15.03,15.24
20200427,15.22,15.33,15.03,15.21
20200428,15.20,15.24,14.91,15.17
20200429,15.18,15.40,15.10,15.29
20200430,15.32,15.50,14.71,14.96
20200501,14.94,15.05,14.75,14.95
20200504,14.98,15.07,14.71,14.79
20200505,14.80,15.05,14.73,14.96
20200506,14.97,15.16,14.82,14.85
20200507,14.84,15.44,14.83,15.34
20200508,15.35,15.64,15.22,15.51
20200511,15.50,15.62,15.28,15.49
20200512,15.50,15.63,15.34,15.45
20200513,15.44,15.66,15.32,15.57
20200514,15.58,15.90,15.45,15.87
20200515,15.88,16.73,15.78,16.62
20200518,16.84,17.57,16.68,16.98
20200519,16.99,17.49,16.98,17.35
20200520,17.36,17.64,17.28,17.55
20200521,17.57,17.57,16.88,17.11
20200522,17.12,17.25,16.73,17.18
20200525,17.20,17.21,16.90,17.18
20200526,17.12,17.46,17.03,17.13
20200527,17.13,17.36,16.85,17.24
20200528,17.28,17.52,17.18,17.37
20200529,17.38,17.91,17.27,17.86
20200601,18.03,18.38,17.95,18.31
20200602,18.32,18.37,17.79,18.07
20200603,18.06,18.09,17.47,17.65
20200604,17.66,17.85,17.47,17.71
20200605,17.72,17.78,17.22,17.40
20200608,17.38,17.80,17.32,17.77
20200609,17.76,17.78,17.47,17.52
20200610,17.53,18.19,17.53,18.11
20200611,18.10,18.16,17.48,17.64
20200612,17.65,17.75,17.39,17.50
20200615,17.47,17.56,16.96,17.38
20200616,17.39,17.57,17.29,17.46
20200617,17.45,17.61,17.34,17.50
20200618,17.49,17.67,17.31,17.39
20200619,17.40,17.81,17.37,17.66
20200622,17.69,18.03,17.66,17.71
20200623,17.69,18.02,17.67,17.95
20200624,17.93,18.07,17.41,17.50
20200625,17.52,17.82,17.45,17.80
20200626,17.83,17.95,17.50,17.83
20200629,17.84,17.96,17.69,17.86
20200630,17.82,18.24,17.77,18.20
20200701,18.24,18.45,17.84,18.01
20200702,18.02,18.13,17.77,17.96
20200703,17.97,18.10,17.93,18.05
20200706,18.04,18.40,17.95,18.27
20200707,18.28,18.37,17.99,18.27
20200708,18.28,18.77,18.25,18.71
20200709,18.73,19.04,18.49,18.64
20200710,18.62,18.81,18.49,18.72
20200713,18.73,19.39,18.71,19.08
20200714,19.07,19.30,18.88,19.21
20200715,19.25,19.48,19.15,19.41
20200716,19.45,19.46,19.10,19.17
20200717,19.15,19.40,18.92,19.33
20200720,19.35,19.92,19.25,19.90
20200721,19.93,21.33,19.86,21.30
20200722,21.31,23.08,21.28,23.00
20200723,23.05,23.26,22.26,22.60
20200724,22.64,22.92,22.41,22.75
20200727,22.74,24.61,22.73,24.60
20200728,24.58,26.19,22.31,24.42
20200729,24.48,24.95,23.42,24.31
20200730,24.34,24.42,22.94,23.50
20200731,23.51,24.38,23.29,24.32
20200803,24.61,24.98,24.03,24.33
20200804,24.36,26.04,24.14,26.01
20200805,26.07,27.14,25.39,26.96
20200806,26.98,29.09,26.80,28.92
20200807,28.94,29.86,27.39,28.09
20200810,28.48,29.40,27.83,29.13
20200811,29.14,29.26,24.39,24.80
20200812,24.83,26.28,23.46,25.51
20200813,25.56,27.71,25.28,27.60
20200814,27.52,27.73,25.75,26.40
20200817,26.55,27.57,25.84,27.39
20200818,27.51,28.46,27.13,27.67
20200819,27.72,28.03,26.50,26.70
20200820,26.69,27.53,26.61,27.24
20200821,27.28,27.54,26.06,26.72
20200824,26.85,27.24,26.27,26.61
20200825,26.61,26.80,26.07,26.54
20200826,26.58,27.51,26.11,27.51
20200827,27.52,27.91,26.52,27.02
20200828,27.03,27.72,26.84,27.51
20200831,27.52,28.36,27.52,28.14
20200901,28.16,28.90,27.68,28.11
20200902,28.13,28.31,27.07,27.45
20200903,27.46,27.71,26.49,26.57
20200904,26.59,27.03,26.31,26.91
20200907,26.89,27.18,26.64,26.86
20200908,26.91,27.10,25.86,26.66
20200909,26.65,27.12,26.41,26.98
20200910,26.99,27.49,26.70,26.88
20200911,26.84,27.03,26.58,26.78
20200914,26.69,27.31,26.68,27.11
20200915,27.15,27.63,27.01,27.14
20200916,27.25,27.44,26.88,27.16
20200917,27.16,27.20,26.31,27.02
20200918,27.03,27.21,26.70,26.81
20200921,26.74,26.96,23.74,24.73
20200922,24.74,25.23,23.84,24.38
20200923,24.39,24.48,22.60,22.77
20200924,22.76,23.35,21.67,23.14
20200925,23.16,23.30,22.44,22.90
20200928,22.91,23.73,22.52,23.69
20200929,23.68,24.41,23.38,24.18
20200930,24.29,24.31,23.13,23.23
20201001,23.27,24.16,23.23,23.79
20201002,23.77,24.20,23.49,23.76
20201005,23.83,24.52,23.69,24.36
20201006,24.37,24.50,22.88,23.07
20201007,23.05,23.98,23.03,23.81
20201008,23.80,24.21,23.66,23.84
20201009,23.85,25.16,23.83,25.15
20201012,25.10,25.56,24.80,25.10
20201013,25.12,25.19,23.94,24.13
20201014,24.15,24.64,23.87,24.26
20201015,24.27,24.31,23.58,24.28
20201016,24.32,24.52,24.12,24.14
20201019,24.17,24.97,24.12,24.39
20201020,24.38,24.92,24.32,24.62
20201021,24.68,25.29,24.66,25.04
20201022,25.05,25.09,24.39,24.71
20201023,24.72,24.86,24.42,24.62
20201026,24.26,24.56,24.10,24.29
20201027,24.30,24.62,24.20,24.37
20201028,24.28,24.57,23.03,23.40
20201029,23.40,23.58,22.59,23.28
20201030,23.26,23.82,23.18,23.65
20201102,23.58,24.16,23.40,24.10
20201103,24.10,24.39,23.92,24.23
20201104,24.21,24.49,23.24,23.90
20201105,23.91,25.47,23.90,25.37
20201106,25.36,25.84,24.90,25.58
20201109,25.70,26.00,23.58,24.10
20201110,24.14,24.50,23.91,24.24
20201111,24.22,24.43,23.78,24.28
20201112,24.29,24.40,24.05,24.29
20201113,24.28,24.82,24.15,24.63
20201116,24.71,25.07,24.23,24.77
20201117,24.78,24.81,24.37,24.49
20201118,24.48,24.70,24.22,24.34
20201119,24.33,24.38,23.64,24.05
20201120,24.06,24.53,23.89,24.20
20201123,24.13,24.40,23.43,23.60
20201124,23.62,23.64,22.94,23.27
20201125,23.26,23.52,23.11,23.34
20201126,23.35,24.14,23.19,23.33
20201127,23.31,23.33,22.34,22.69
20201130,22.72,22.75,21.90,22.63
20201201,22.64,24.05,22.59,24.00
20201202,24.01,24.31,23.55,24.09
20201203,24.10,24.28,23.75,24.06
20201204,24.07,24.41,23.94,24.17
20201207,24.23,24.78,23.54,24.49
20201208,24.48,24.87,24.43,24.55
20201209,24.58,24.59,23.59,23.96
20201210,23.95,24.29,23.72,23.99
20201211,24.01,24.12,23.61,23.96
20201214,24.03,24.23,23.68,23.84
20201215,23.85,24.56,23.82,24.50
20201216,24.51,25.50,24.44,25.35
20201217,25.34,26.10,25.17,26.07
20201218,26.06,26.13,25.66,25.77
20201221,25.98,27.40,24.98,26.17
20201222,26.20,26.58,25.08,25.19
20201223,25.23,25.79,25.07,25.56
20201224,25.57,25.91,25.44,25.79
20201228,26.00,26.77,25.93,26.26
20201229,26.25,26.61,25.96,26.21
20201230,26.22,26.68,26.14,26.68
20201231,26.69,26.71,26.22,26.39
20210104,26.64,27.57,26.63,27.24
20210105,27.21,27.69,27.00,27.58
20210106,27.57,27.92,26.62,27.30
20210107,27.31,27.36,26.92,27.13
20210108,27.16,27.21,24.49,25.31
20210111,25.37,25.51,24.34,24.91
20210112,24.93,25.64,24.93,25.55
20210113,25.58,25.69,25.14,25.21
20210114,25.22,25.89,25.06,25.51
20210115,25.52,25.78,24.59,24.71
20210118,24.75,25.35,24.14,24.97
20210119,24.95,25.41,24.95,25.22
20210120,25.24,25.89,25.05,25.84
20210121,25.83,26.05,25.65,25.94
20210122,25.96,25.97,25.03,25.45
20210125,25.46,25.77,25.16,25.34
20210126,25.35,25.66,25.20,25.48
20210127,25.47,25.49,24.70,25.27
20210128,25.29,26.93,24.87,26.47
20210129,26.58,27.65,26.05,26.91
20210201,28.30,30.03,27.97,29.04
20210202,28.82,28.90,26.29,26.70
20210203,26.65,27.19,26.49,26.89
20210204,26.93,26.93,25.91,26.37
20210205,26.38,27.05,26.20,26.86
20210208,27.08,27.57,26.85,27.27
20210209,27.28,27.81,27.07,27.27
20210210,27.28,27.53,26.82,27.02
20210211,27.04,27.28,26.71,26.98
20210212,26.97,27.43,26.86,27.26
20210215,27.41,27.71,27.37,27.59
20210216,27.62,27.95,26.84,27.24
20210217,27.23,27.42,26.87,27.39
20210218,27.39,27.53,26.88,27.03
20210219,27.06,27.61,26.25,27.19
20210222,27.37,28.28,27.28,28.14
20210223,28.18,28.33,27.25,27.68
20210224,27.67,28.03,27.33,27.99
20210225,27.97,28.21,27.29,27.45
20210226,27.46,27.60,26.14,26.55
20210301,26.65,27.08,26.44,26.58
20210302,26.57,26.90,25.87,26.76
20210303,26.77,26.82,25.85,26.09
20210304,26.10,26.30,25.07,25.36
20210305,25.35,25.46,24.83,25.18
20210308,25.36,25.92,24.96,25.13
20210309,25.12,26.13,25.05,25.93
20210310,25.94,26.22,25.56,26.21
20210311,26.23,26.46,25.85,26.13
20210312,26.14,26.17,25.40,25.90
20210315,26.05,26.41,25.81,26.25
20210316,26.23,26.31,25.84,25.96
20210317,25.94,26.52,25.77,26.38
20210318,26.36,26.64,25.83,26.06
20210319,26.03,26.32,25.89,26.24
20210322,25.84,25.96,25.41,25.79
20210323,25.78,25.83,25.02,25.06
20210324,25.07,25.36,24.98,25.11
20210325,25.05,25.18,24.42,25.09
20210326,25.13,25.25,24.87,25.07
20210329,25.07,25.11,24.45,24.65
20210330,24.67,24.74,23.85,24.02
20210331,24.04,24.53,23.78,24.42
20210401,24.43,24.98,24.25,24.96
20210405,24.98,25.08,24.61,24.88
20210406,24.88,25.29,24.77,25.16
20210407,25.16,25.28,24.86,25.15
20210408,25.16,25.62,24.97,25.45
20210409,25.47,25.50,24.99,25.25
20210412,25.25,25.28,24.71,24.82
20210413,24.81,25.48,24.68,25.34
20210414,25.35,25.53,25.20,25.42
20210415,25.42,25.99,25.33,25.85
20210416,25.86,26.30,25.75,25.96
20210419,25.96,26.23,25.64,25.82
20210420,25.82,26.09,25.70,25.84
20210421,25.81,26.64,25.76,26.55
20210422,26.57,26.59,25.98,26.16
20210423,26.15,26.40,25.85,26.00
20210426,25.99,26.22,25.86,26.22
20210427,26.22,26.46,26.05,26.26
20210428,26.31,26.33,25.83,26.20
20210429,26.23,26.48,25.72,26.10
20210430,26.11,26.19,25.80,25.87
20210503,25.93,27.00,25.81,26.91
20210504,26.91,27.12,26.11,26.52
20210505,26.51,26.63,26.10,26.50
20210506,26.51,27.46,26.18,27.31
20210507,27.32,27.68,27.14,27.45
20210510,27.54,27.87,27.24,27.30
20210511,27.36,27.67,27.10,27.62
20210512,27.65,27.69,26.96,27.02
20210513,27.02,27.24,26.74,27.09
20210514,27.10,27.48,26.83,27.41
20210517,27.40,28.29,27.35,28.18
20210518,28.19,28.75,28.01,28.20
20210519,28.19,28.23,27.37,27.73
20210520,27.75,28.00,27.40,27.77
20210521,27.77,28.07,27.21,27.53
20210524,27.58,27.90,27.47,27.77
20210525,27.78,28.03,27.47,28.00
20210526,28.00,28.23,27.61,27.68
20210527,27.67,27.89,27.50,27.85
20210528,27.88,27.97,27.40,27.93
20210531,27.95,28.14,27.88,28.04
20210601,28.07,28.55,27.83,27.89
20210602,27.88,28.19,27.69,28.17
20210603,28.17,28.24,27.04,27.43
20210604,27.45,27.84,27.23,27.78
20210607,27.80,27.95,27.48,27.89
20210608,27.89,27.98,27.51,27.61
20210609,27.62,28.00,27.52,27.77
20210610,27.79,28.03,27.47,28.00
20210611,28.00,28.29,27.88,27.91
20210614,27.95,28.02,27.48,27.86
20210615,27.87,27.90,27.40,27.66
20210616,27.67,27.83,26.63,26.99
20210617,26.94,27.25,25.78,25.91
20210618,25.90,26.50,25.74,25.76
20210621,25.81,26.08,25.56,25.95
20210622,25.96,26.04,25.70,25.77
20210623,25.78,26.30,25.76,25.88
20210624,25.87,26.17,25.82,25.93
20210625,25.93,26.30,25.90,26.07
20210628,26.13,26.22,25.80,26.10
20210629,26.10,26.12,25.54,25.77
20210630,25.77,26.15,25.71,26.14
20210701,26.13,26.40,25.95,26.03
20210702,26.03,26.57,25.98,26.48
20210705,26.49,26.82,26.37,26.48
20210706,26.46,26.77,26.01,26.15
20210707,26.17,26.44,25.99,26.14
20210708,26.17,26.21,25.82,25.93
20210709,25.95,26.21,25.77,26.12
20210712,26.10,26.29,25.87,26.20
20210713,26.22,26.35,25.94,25.98
20210714,25.99,26.47,25.94,26.25
20210715,26.24,26.39,26.16,26.34
20210716,26.34,26.45,25.60,25.66
20210719,25.68,25.77,25.00,25.18
20210720,25.18,25.28,24.82,24.94
20210721,24.93,25.32,24.76,25.26
20210722,25.28,25.47,25.02,25.43
20210723,25.43,25.48,25.01,25.19
20210726,25.21,25.44,25.12,25.19
20210727,25.21,25.27,24.50,24.69
20210728,24.70,25.01,24.62,24.97
20210729,24.99,25.80,24.97,25.51
20210730,25.53,25.64,25.35,25.48
20210802,25.52,25.64,25.30,25.41
20210803,25.40,25.60,25.25,25.52
20210804,25.53,26.01,25.33,25.39
20210805,25.38,25.52,25.09,25.15
20210806,25.16,25.22,24.20,24.31
20210809,24.33,24.37,22.25,23.45
20210810,23.45,23.68,23.24,23.34
20210811,23.34,23.59,23.21,23.55
20210812,23.54,23.55,23.01,23.18
20210813,23.19,23.84,23.17,23.72
20210816,23.74,23.91,23.43,23.84
20210817,23.85,23.96,23.58,23.66
20210818,23.68,23.83,23.30,23.52
20210819,23.53,23.54,23.10,23.25
20210820,23.24,23.33,22.88,23.04
20210823,23.02,23.70,22.98,23.64
20210824,23.63,23.96,23.54,23.87
20210825,23.85,23.89,23.59,23.84
20210826,23.85,23.88,23.44,23.55
20210827,23.57,24.12,23.35,24.07
20210830,24.03,24.22,23.90,24.04
20210831,24.02,24.21,23.81,23.89
20210901,23.90,24.27,23.74,24.15
20210902,24.14,24.22,23.78,23.90
20210903,23.91,24.87,23.86,24.71
20210906,24.80,24.82,24.63,24.69
20210907,24.70,24.83,24.17,24.32
20210908,24.33,24.41,23.91,23.94
20210909,23.94,24.29,23.84,24.04
20210910,24.06,24.30,23.74,23.76
20210913,23.76,23.86,23.38,23.75
20210914,23.75,23.96,23.46,23.86
20210915,23.86,23.91,23.66,23.85
20210916,23.85,23.97,22.60,22.91
20210917,22.93,23.14,22.33,22.39
20210920,22.37,22.52,22.04,22.27
20210921,22.28,22.72,22.23,22.49
20210922,22.48,23.15,22.46,22.70
20210923,22.71,22.88,22.46,22.51
20210924,22.52,22.80,22.10,22.37
20210927,22.41,22.85,22.38,22.63
20210928,22.61,22.67,22.10,22.46
20210929,22.47,22.55,21.42,21.53
20210930,21.54,22.24,21.47,22.18
20211001,22.19,22.59,21.98,22.50
20211004,22.50,22.77,22.29,22.68
20211005,22.68,22.69,22.38,22.62
20211006,22.62,22.68,22.22,22.62
20211007,22.61,22.81,22.39,22.59
20211008,22.58,23.19,22.44,22.65
20211011,22.67,22.82,22.51,22.58
20211012,22.60,22.76,22.35,22.56
20211013,22.54,23.24,22.47,23.09
20211014,23.10,23.58,22.90,23.52
20211015,23.53,23.59,23.07,23.32
20211018,23.33,23.46,23.02,23.20
20211019,23.19,24.12,23.19,23.67
20211020,23.64,24.42,23.57,24.30
20211021,24.31,24.49,24.00,24.15
20211022,24.13,24.83,24.12,24.33
20211025,24.37,24.62,24.29,24.57
20211026,24.55,24.57,23.88,24.16
20211027,24.16,24.25,23.84,24.07
20211028,24.06,24.24,23.96,24.08
20211029,24.08,24.09,23.66,23.88
20211101,23.80,24.09,23.75,24.01
20211102,24.01,24.07,23.39,23.52
20211103,23.51,23.62,23.03,23.59
20211104,23.59,24.04,23.44,23.77
20211105,23.78,24.17,23.63,24.16
20211108,24.19,24.51,24.05,24.46
20211109,24.46,24.47,24.03,24.31
20211110,24.31,25.13,24.07,24.64
20211111,24.62,25.27,24.59,25.26
20211112,25.25,25.38,24.85,25.30
20211115,25.32,25.38,24.91,25.06
20211116,25.09,25.41,24.76,24.83
20211117,24.83,25.21,24.81,25.08
20211118,25.08,25.16,24.69,24.81
20211119,24.81,24.98,24.56,24.59
20211122,24.64,24.89,24.11,24.18
20211123,24.21,24.32,23.28,23.66
20211124,23.65,23.68,23.40,23.55
20211125,23.55,23.73,23.52,23.60
20211126,23.62,23.73,22.92,23.14
20211129,23.13,23.44,22.76,22.91
20211130,22.91,23.31,22.70,22.84
20211201,22.84,23.03,22.19,22.33
20211202,22.31,22.50,22.22,22.39
20211203,22.40,22.57,22.04,22.55
20211206,22.61,22.61,22.14,22.39
20211207,22.39,22.60,22.24,22.50
20211208,22.49,22.57,22.31,22.43
20211209,22.42,22.48,21.87,21.96
20211210,21.99,22.23,21.83,22.18
20211213,22.19,22.42,22.15,22.33
20211214,22.30,22.34,21.69,21.95
20211215,21.93,22.12,21.43,22.09
20211216,22.07,22.54,21.92,22.48
20211217,22.47,22.68,22.35,22.36
20211220,22.40,22.45,22.20,22.27
20211221,22.28,22.78,22.18,22.52
20211222,22.49,22.83,22.45,22.80
20211223,22.78,22.93,22.66,22.88
20211227,22.87,23.12,22.65,23.06
20211228,23.03,23.43,22.97,23.01
20211229,22.98,23.16,22.59,22.83
20211230,22.83,23.11,22.60,23.04
20211231,23.05,23.34,23.04,23.27
20220103,23.34,23.40,22.68,22.90
20220104,22.90,23.10,22.65,23.05
20220105,23.04,23.26,22.73,22.80
20220106,22.75,22.82,22.01,22.19
20220107,22.17,22.44,21.95,22.31
20220110,22.34,22.52,22.20,22.47
20220111,22.46,22.80,22.45,22.78
20220112,22.75,23.22,22.65,23.14
20220113,23.13,23.27,23.00,23.09
20220114,23.06,23.31,22.83,22.94
20220117,22.98,23.12,22.84,23.02
20220118,23.02,23.64,22.81,23.48
20220119,23.47,24.21,23.38,24.14
20220120,24.14,24.70,24.07,24.48
20220121,24.47,24.58,24.17,24.23
20220124,24.27,24.31,23.57,23.98
20220125,23.97,23.99,23.60,23.81
20220126,23.83,23.97,23.44,23.53
20220127,23.53,23.60,22.58,22.78
20220128,22.80,22.82,22.15,22.41
20220131,22.46,22.65,22.25,22.47
20220201,22.46,23.05,22.40,22.64
20220202,22.63,22.87,22.47,22.65
20220203,22.65,22.66,22.01,22.42
20220204,22.41,22.67,22.12,22.50
20220207,22.52,23.10,22.51,23.01
20220208,23.01,23.26,22.78,23.19
20220209,23.18,23.36,23.10,23.31
20220210,23.28,23.71,23.15,23.20
20220211,23.19,23.69,22.86,23.61
20220214,23.62,23.94,23.53,23.85
20220215,23.87,23.99,23.09,23.37
20220216,23.37,23.67,23.28,23.59
20220217,23.62,23.92,23.42,23.83
20220218,23.83,24.09,23.69,23.93
20220221,24.03,24.06,23.70,23.96
20220222,23.99,24.36,23.91,24.11
20220223,24.11,24.59,24.03,24.55
20220224,24.56,25.62,23.87,24.22
20220225,24.28,24.50,23.88,24.25
20220228,24.66,24.79,24.09,24.45
20220301,24.45,25.54,24.28,25.37
20220302,25.40,25.42,24.86,25.30
20220303,25.31,25.48,24.98,25.18
20220304,25.19,25.74,25.05,25.59
20220307,25.88,26.14,25.30,25.68
20220308,25.66,26.93,25.36,26.41
20220309,26.40,26.78,25.42,25.78
20220310,25.78,26.06,25.32,25.92
20220311,25.92,26.00,25.42,25.82
20220314,25.66,25.76,24.94,25.10
20220315,25.10,25.12,24.54,24.88
20220316,24.88,25.13,24.47,25.06
20220317,25.06,25.54,25.06,25.33
20220318,25.33,25.45,24.84,24.97
20220321,24.99,25.31,24.90,25.23
20220322,25.23,25.38,24.58,24.78
20220323,24.78,25.20,24.68,25.15
20220324,25.15,25.85,24.97,25.55
20220325,25.55,25.73,25.26,25.52
20220328,25.52,25.60,24.80,24.87
20220329,24.89,25.01,23.98,24.78
20220330,24.81,25.06,24.70,24.87
20220331,24.89,25.09,24.58,24.79
20220401,24.80,24.86,24.44,24.60
20220404,24.63,24.85,24.28,24.54
20220405,24.55,24.94,24.23,24.33
20220406,24.37,24.57,24.13,24.46
20220407,24.46,24.66,24.25,24.59
20220408,24.60,24.81,24.38,24.73
20220411,24.79,25.37,24.68,25.09
20220412,25.07,25.61,24.88,25.38
20220413,25.40,25.83,25.35,25.74
20220414,25.73,25.87,25.30,25.65
20220418,25.67,26.22,25.61,25.87
20220419,25.85,26.00,25.06,25.18
20220420,25.19,25.29,24.90,25.20
20220421,25.20,25.20,24.42,24.66
20220422,24.66,24.67,24.05,24.17
20220425,24.15,24.18,23.40,23.63
20220426,23.65,23.93,23.40,23.51
20220427,23.47,23.69,23.25,23.31
20220428,23.32,23.40,22.90,23.16
20220429,23.16,23.56,22.74,22.77
20220502,22.76,22.86,22.13,22.64
20220503,22.65,22.84,22.43,22.57
20220504,22.60,23.09,22.22,22.98
20220505,23.01,23.28,22.32,22.52
20220506,22.51,22.64,22.11,22.37
20220509,22.34,22.37,21.70,21.80
20220510,21.82,22.10,21.20,21.27
20220511,21.25,21.97,21.25,21.58
20220512,21.58,21.66,20.62,20.69
20220513,20.71,21.09,20.46,21.05
20220516,21.09,21.69,20.85,21.62
20220517,21.64,21.92,21.51,21.63
20220518,21.63,21.75,21.38,21.41
20220519,21.43,21.98,21.28,21.93
20220520,21.93,22.08,21.62,21.76
20220523,21.79,22.19,21.68,21.80
20220524,21.80,22.20,21.67,22.11
20220525,22.12,22.15,21.74,21.99
20220526,21.99,22.07,21.73,22.01
20220527,22.02,22.45,21.94,22.08
20220530,22.12,22.28,21.92,21.98
20220531,22.00,22.02,21.48,21.56
20220601,21.55,21.98,21.44,21.84
20220602,21.84,22.34,21.77,22.31
20220603,22.32,22.48,21.85,21.93
20220606,21.92,22.52,21.90,22.08
20220607,22.09,22.28,21.88,22.23
20220608,22.25,22.25,21.82,22.05
20220609,22.05,22.15,21.55,21.69
20220610,21.72,21.99,21.29,21.88
20220613,21.94,22.01,20.97,21.09
20220614,21.14,21.38,20.90,21.04
20220615,21.07,21.84,21.01,21.68
20220616,21.64,21.96,21.35,21.95
20220617,21.93,21.95,21.58,21.66
20220620,21.69,21.76,21.49,21.60
20220621,21.59,21.94,21.50,21.69
20220622,21.69,21.69,21.24,21.42
20220623,21.43,21.50,20.93,20.96
20220624,20.96,21.22,20.62,21.15
20220627,21.23,21.54,21.10,21.15
20220628,21.18,21.36,20.80,20.86
20220629,20.86,21.06,20.63,20.75
20220630,20.75,20.82,20.22,20.28
20220701,20.29,20.30,19.39,19.87
20220704,19.89,20.00,19.77,19.97
20220705,19.98,20.21,19.10,19.23
20220706,19.26,19.40,18.92,19.20
20220707,19.22,19.49,19.11,19.24
20220708,19.24,19.45,19.02,19.30
20220711,19.30,19.37,19.07,19.12
20220712,19.11,19.20,18.75,18.94
20220713,18.91,19.41,18.87,19.21
20220714,19.24,19.24,18.15,18.43
20220715,18.45,18.78,18.19,18.66
20220718,18.70,19.02,18.64,18.70
20220719,18.73,18.91,18.59,18.75
20220720,18.79,19.10,18.65,18.68
20220721,18.70,18.88,18.25,18.86
20220722,18.84,18.95,18.51,18.58
20220725,18.60,18.79,18.32,18.44
20220726,18.43,18.72,18.39,18.63
20220727,18.66,19.13,18.45,19.09
20220728,19.11,20.03,19.06,20.01
20220729,19.98,20.31,19.86,20.27
20220801,20.34,20.51,20.09,20.36
20220802,20.36,20.51,19.95,19.99
20220803,20.00,20.17,19.79,20.06
20220804,20.07,20.38,19.97,20.18
20220805,20.20,20.32,19.57,19.88
20220808,19.90,20.74,19.80,20.67
20220809,20.68,20.74,20.42,20.53
20220810,20.52,20.84,20.35,20.59
20220811,20.62,20.63,20.25,20.31
20220812,20.32,20.83,20.24,20.80
20220815,20.79,20.87,20.09,20.27
20220816,20.31,20.31,19.92,20.14
20220817,20.15,20.28,19.70,19.80
20220818,19.80,19.93,19.49,19.54
20220819,19.57,19.58,19.03,19.05
20220822,19.06,19.16,18.72,18.99
20220823,19.02,19.28,18.80,19.11
20220824,19.14,19.23,18.96,19.12
20220825,19.13,19.40,19.11,19.25
20220826,19.26,19.42,18.83,18.86
20220829,18.88,18.91,18.52,18.79
20220830,18.78,18.84,18.35,18.43
20220831,18.41,18.55,17.94,17.99
20220901,17.99,18.00,17.57,17.81
20220902,17.80,18.29,17.78,17.99
20220905,18.05,18.25,17.95,18.15
20220906,18.16,18.57,17.94,18.01
20220907,18.01,18.48,17.85,18.46
20220908,18.47,18.74,18.33,18.54
20220909,18.53,18.95,18.53,18.80
20220912,18.87,20.01,18.85,19.80
20220913,19.80,19.95,19.33,19.35
20220914,19.32,19.70,19.24,19.64
20220915,19.62,19.67,19.12,19.18
20220916,19.16,19.62,18.78,19.54
20220919,19.55,19.66,19.22,19.56
20220920,19.57,19.58,19.06,19.28
20220921,19.28,19.91,19.24,19.56
20220922,19.57,19.86,19.25,19.64
20220923,19.63,19.71,18.78,18.86
20220926,18.87,19.03,18.33,18.36
20220927,18.38,18.79,18.32,18.39
20220928,18.41,18.98,17.97,18.90
20220929,18.90,18.91,18.50,18.82
20220930,18.82,19.29,18.78,19.02
20221003,19.02,20.72,19.01,20.71
20221004,20.68,21.24,20.61,21.07
20221005,21.04,21.07,19.94,20.65
20221006,20.65,20.87,20.36,20.66
20221007,20.66,20.82,20.00,20.09
20221010,20.17,20.19,19.52,19.61
20221011,19.62,19.72,19.07,19.16
20221012,19.16,19.31,18.87,19.02
20221013,19.05,19.31,18.46,18.89
20221014,18.90,19.07,18.09,18.25
20221017,18.26,18.94,18.23,18.67
20221018,18.67,18.93,18.55,18.74
20221019,18.74,18.81,18.37,18.46
20221020,18.45,19.00,18.23,18.67
20221021,18.66,19.31,18.29,19.28
20221024,19.42,19.68,19.02,19.22
20221025,19.23,19.43,18.79,19.35
20221026,19.33,19.78,19.22,19.59
20221027,19.55,19.67,19.30,19.60
20221028,19.60,19.64,19.00,19.27
20221031,19.22,19.26,18.91,19.15
20221101,19.15,20.02,19.15,19.63
20221102,19.64,20.07,19.21,19.21
20221103,19.21,19.54,18.84,19.46
20221104,19.46,20.91,19.42,20.86
20221107,20.47,21.01,20.39,20.80
20221108,20.79,21.62,20.49,21.36
20221109,21.34,21.60,21.00,21.07
20221110,21.03,21.82,20.96,21.68
20221111,21.66,22.05,21.28,21.66
20221114,21.68,22.09,21.30,21.99
20221115,21.98,22.25,21.39,21.56
20221116,21.55,22.04,21.40,21.47
20221117,21.48,21.49,20.76,20.96
20221118,20.98,21.29,20.84,20.90
20221121,20.95,21.01,20.59,20.85
20221122,20.85,21.34,20.84,21.09
20221123,21.09,21.59,20.91,21.53
20221124,21.54,21.68,21.46,21.51
20221125,21.48,21.55,21.16,21.46
20221128,21.39,21.62,20.87,20.94
20221129,20.94,21.45,20.90,21.26
20221130,21.25,22.20,21.20,22.19
20221201,22.23,22.78,22.05,22.75
20221202,22.73,23.24,22.29,23.14
20221205,23.10,23.52,22.17,22.25
20221206,22.24,22.61,22.05,22.20
20221207,22.18,22.82,22.10,22.73
20221208,22.73,23.22,22.55,23.07
20221209,23.10,23.69,22.96,23.42
20221212,23.45,23.53,23.11,23.32
20221213,23.32,24.12,23.30,23.73
20221214,23.72,24.04,23.40,23.94
20221215,23.93,23.94,22.98,23.09
20221216,23.08,23.25,22.56,23.20
20221219,23.18,23.41,22.84,22.99
20221220,22.98,24.25,22.89,24.15
20221221,24.15,24.30,23.83,23.97
20221222,23.97,24.09,23.38,23.57
20221223,23.58,23.89,23.52,23.73
20221227,23.91,24.28,23.79,24.05
20221228,24.05,24.07,23.47,23.55
20221229,23.56,24.06,23.52,23.91
20221230,23.90,24.14,23.53,23.93
20230103,24.11,24.55,23.89,24.01
20230104,23.99,24.45,23.60,23.76
20230105,23.78,23.91,23.12,23.24
20230106,23.25,23.91,23.20,23.85
20230109,23.89,24.10,23.58,23.66
20230110,23.65,23.77,23.43,23.61
20230111,23.60,24.04,23.22,23.42
20230112,23.40,24.18,23.38,23.77
20230113,23.76,24.29,23.50,24.27
20230116,24.28,24.51,23.94,24.29
20230117,24.29,24.37,23.83,23.93
20230118,23.93,24.34,23.43,23.47
20230119,23.47,23.94,23.17,23.84
20230120,23.85,24.08,23.71,23.94
20230123,23.94,24.16,22.77,23.46
20230124,23.46,23.74,23.21,23.67
20230125,23.67,23.94,23.33,23.91
20230126,23.92,24.29,23.60,23.91
20230127,23.90,24.00,23.30,23.57
20230130,23.57,23.81,23.55,23.61
20230131,23.60,23.77,22.97,23.73
20230201,23.73,24.04,23.37,23.97
20230202,23.98,24.62,23.42,23.46
20230203,23.47,23.61,22.29,22.35
20230206,22.32,22.62,22.15,22.27
20230207,22.27,22.46,22.05,22.18
20230208,22.20,22.54,22.18,22.32
20230209,22.33,22.59,21.91,21.98
20230210,21.98,22.31,21.84,22.02
20230213,22.01,22.08,21.79,21.99
20230214,22.00,22.04,21.61,21.85
20230215,21.88,21.88,21.43,21.62
20230216,21.63,21.82,21.43,21.58
20230217,21.59,21.81,21.18,21.77
20230220,21.68,21.91,21.55,21.82
20230221,21.82,21.97,21.65,21.84
20230222,21.85,21.98,21.45,21.52
20230223,21.52,21.68,21.27,21.32
20230224,21.33,21.40,20.74,20.77
20230227,20.81,20.84,20.56,20.63
20230228,20.65,21.00,20.43,20.90
20230301,20.88,21.18,20.84,20.99
20230302,21.00,21.02,20.68,20.90
20230303,20.90,21.27,20.85,21.26
20230306,21.26,21.31,20.98,21.05
20230307,21.04,21.14,20.03,20.07
20230308,20.10,20.23,19.92,20.03
20230309,20.04,20.29,19.98,20.07
20230310,20.10,20.79,19.91,20.53
20230313,20.74,21.93,20.59,21.78
20230314,21.78,21.97,21.51,21.69
20230315,21.69,22.39,21.55,21.80
20230316,21.80,22.09,21.48,21.72
20230317,21.73,22.61,21.67,22.60
20230320,22.41,22.72,22.23,22.54
20230321,22.54,22.65,22.16,22.38
20230322,22.39,23.07,22.28,22.89
20230323,22.89,23.22,22.76,23.08
20230324,23.08,23.52,22.97,23.23
20230327,23.28,23.28,22.85,23.08
20230328,23.08,23.38,22.83,23.33
20230329,23.34,23.42,23.05,23.34
20230330,23.33,23.93,23.24,23.91
20230331,23.91,24.16,23.70,24.08
20230403,24.10,24.19,23.57,23.99
20230404,23.99,25.02,23.83,25.00
20230405,24.98,25.14,24.65,24.95
20230406,24.95,25.00,24.57,24.98
20230410,24.78,25.08,24.65,24.87
20230411,24.87,25.13,24.84,25.05
20230412,25.04,25.67,25.04,25.50
20230413,25.48,25.96,25.39,25.82
20230414,25.83,26.09,25.16,25.38
20230417,25.33,25.60,24.82,25.04
20230418,25.02,25.32,24.93,25.19
20230419,25.19,25.37,24.65,25.29
20230420,25.27,25.50,25.06,25.29
20230421,25.27,25.38,24.91,25.04
20230424,25.09,25.23,24.79,25.16
20230425,25.16,25.36,24.50,25.01
20230426,25.00,25.23,24.73,24.88
20230427,24.90,25.13,24.52,24.93
20230428,24.92,25.07,24.73,25.04
20230501,25.06,25.91,24.89,25.00
20230502,24.98,25.49,24.58,25.38
20230503,25.37,25.60,25.09,25.57
20230504,25.67,26.06,25.44,26.05
20230505,26.03,26.14,25.17,25.66
20230508,25.67,25.74,25.51,25.56
20230509,25.55,25.67,25.33,25.61
20230510,25.59,25.92,25.23,25.39
20230511,25.41,25.48,24.14,24.19
20230512,24.19,24.20,23.74,23.98
20230515,23.94,24.21,23.88,24.09
20230516,24.09,24.11,23.64,23.75
20230517,23.75,23.88,23.55,23.74
20230518,23.73,23.78,23.33,23.50
20230519,23.52,24.01,23.40,23.82
20230522,23.85,23.92,23.61,23.63
20230523,23.64,23.66,23.11,23.45
20230524,23.43,23.54,23.03,23.07
20230525,23.07,23.15,22.70,22.74
20230526,22.73,23.33,22.69,23.30
20230529,23.30,23.38,23.16,23.17
20230530,23.18,23.34,22.93,23.19
20230531,23.20,23.62,23.10,23.52
20230601,23.51,23.92,23.28,23.88
20230602,23.87,24.02,23.59,23.62
20230605,23.60,23.69,23.25,23.58
20230606,23.58,23.78,23.34,23.59
20230607,23.60,24.05,23.41,23.44
20230608,23.43,24.35,23.43,24.27
20230609,24.28,24.52,24.20,24.27
20230612,24.29,24.30,23.88,24.06
20230613,24.07,24.39,23.60,23.67
20230614,23.66,24.08,23.66,23.92
20230615,23.92,23.93,23.22,23.88
20230616,23.90,24.21,23.84,24.15
20230619,24.17,24.20,23.89,23.96
20230620,23.98,24.03,23.06,23.16
20230621,23.18,23.18,22.50,22.66
20230622,22.68,22.74,22.20,22.25
20230623,22.25,22.68,22.11,22.41
20230626,22.43,22.89,22.42,22.79
20230627,22.80,23.09,22.75,22.86
20230628,22.86,22.96,22.57,22.69
20230629,22.70,22.88,22.28,22.57
20230630,22.58,22.84,22.35,22.77
20230703,22.79,23.07,22.71,22.90
20230704,22.89,23.06,22.88,22.97
20230705,22.96,23.30,22.77,23.13
20230706,23.13,23.25,22.53,22.72
20230707,22.72,23.15,22.62,23.09
20230710,23.11,23.15,22.75,23.14
20230711,23.15,23.39,23.02,23.12
20230712,23.14,24.15,23.12,24.13
20230713,24.10,24.88,24.10,24.88
20230714,24.86,25.02,24.68,24.90
20230717,24.92,24.96,24.60,24.84
20230718,24.84,25.17,24.77,25.06
20230719,25.05,25.23,24.94,25.16
20230720,25.14,25.27,24.71,24.76
20230721,24.78,24.91,24.59,24.60
20230724,24.61,24.73,24.27,24.35
20230725,24.34,24.73,24.30,24.69
20230726,24.70,25.04,24.52,24.93
20230727,24.93,25.14,24.05,24.13
20230728,24.14,24.41,24.12,24.32
20230731,24.35,24.84,24.20,24.76
20230801,24.75,24.76,24.13,24.30
20230802,24.36,24.49,23.66,23.71
20230803,23.72,23.85,23.41,23.58
20230804,23.57,23.79,23.33,23.60
20230807,23.63,23.68,23.07,23.13
20230808,23.14,23.19,22.67,22.78
20230809,22.78,22.94,22.63,22.67
20230810,22.67,23.00,22.63,22.70
20230811,22.72,22.84,22.57,22.68
20230814,22.68,22.76,22.37,22.60
20230815,22.61,22.71,22.23,22.53
20230816,22.52,22.78,22.40,22.41
20230817,22.43,23.01,22.35,22.69
20230818,22.70,22.89,22.64,22.76
20230821,22.73,23.32,22.67,23.31
20230822,23.32,23.45,23.21,23.41
20230823,23.42,24.36,23.41,24.31
20230824,24.32,24.35,24.06,24.13
20230825,24.15,24.38,23.92,24.24
20230828,24.23,24.35,24.05,24.24
20230829,24.23,24.80,24.18,24.72
20230830,24.68,25.01,24.53,24.61
20230831,24.63,24.68,24.37,24.44
20230901,24.43,24.82,24.16,24.17
20230904,24.20,24.29,23.96,23.98
20230905,24.00,24.00,23.48,23.55
20230906,23.52,23.60,23.01,23.17
20230907,23.18,23.19,22.84,22.97
20230908,22.98,23.18,22.86,22.92
20230911,22.92,23.22,22.91,23.08
20230912,23.09,23.19,22.84,23.07
20230913,23.06,23.09,22.75,22.83
20230914,22.84,22.98,22.30,22.65
20230915,22.65,23.29,22.63,23.02
20230918,23.05,23.26,22.96,23.25
20230919,23.26,23.42,23.10,23.20
20230920,23.20,23.60,23.05,23.24
20230921,23.23,23.47,22.81,23.40
20230922,23.40,23.78,23.40,23.55
20230925,23.55,23.65,23.04,23.13
20230926,23.13,23.15,22.85,22.85
20230927,22.84,22.88,22.41,22.55
20230928,22.55,22.74,22.40,22.62
20230929,22.64,23.55,22.11,22.18
20231002,22.18,22.19,21.03,21.04
20231003,21.07,21.40,20.69,21.16
20231004,21.19,21.39,20.70,21.01
20231005,21.01,21.30,20.71,20.97
20231006,20.99,21.62,20.82,21.53
20231009,21.81,22.02,21.57,21.89
20231010,21.89,21.96,21.64,21.84
20231011,21.83,22.12,21.80,22.04
20231012,22.04,22.24,21.76,21.82
20231013,21.83,22.81,21.81,22.68
20231016,22.72,22.73,22.48,22.61
20231017,22.60,23.01,22.37,22.81
20231018,22.81,23.32,22.68,22.85
20231019,22.84,23.09,22.64,23.05
20231020,23.04,23.70,22.88,23.35
20231023,23.33,23.33,22.74,22.98
20231024,22.96,23.21,22.66,22.92
20231025,22.90,23.02,22.56,22.86
20231026,22.85,23.14,22.45,22.79
20231027,22.80,23.12,22.66,23.11
20231030,23.06,23.61,23.04,23.30
20231031,23.30,23.31,22.74,22.85
20231101,22.85,23.01,22.55,22.99
20231102,22.99,23.13,22.66,22.72
20231103,22.72,23.30,22.59,23.22
20231106,23.22,23.26,23.00,23.03
20231107,23.03,23.07,22.43,22.64
20231108,22.64,22.84,22.31,22.55
20231109,22.53,22.99,22.37,22.64
20231110,22.63,22.74,22.20,22.21
20231113,22.26,22.36,21.88,22.31
20231114,22.32,23.18,22.30,23.09
20231115,23.10,23.62,23.03,23.44
20231116,23.45,24.08,23.29,23.75
20231117,23.74,24.15,23.67,23.73
20231120,23.72,23.81,23.25,23.44
20231121,23.43,24.02,23.43,23.75
20231122,23.75,23.95,23.54,23.64
20231123,23.62,23.84,23.60,23.84
20231124,23.71,24.34,23.57,24.33
20231127,24.33,24.88,24.27,24.65
20231128,24.63,25.04,24.55,25.03
20231129,25.02,25.26,24.86,25.02
20231130,25.02,25.29,24.93,25.27
20231201,25.28,25.52,25.09,25.47
20231204,25.54,25.91,24.42,24.50
20231205,24.52,24.64,23.97,24.16
20231206,24.16,24.36,23.88,23.90
20231207,23.88,24.03,23.59,23.80
20231208,23.82,23.89,22.94,23.03
20231211,23.00,23.10,22.72,22.82
20231212,22.82,23.15,22.69,22.77
20231213,22.77,23.81,22.51,23.81
20231214,23.81,24.22,23.76,24.18
20231215,24.18,24.29,23.76,23.83
20231218,23.86,24.06,23.66,23.81
20231219,23.80,24.17,23.77,24.05
20231220,24.05,24.44,23.95,24.15
20231221,24.14,24.49,24.14,24.40
20231222,24.40,24.60,24.09,24.16
20231226,24.19,24.42,24.07,24.23
20231227,24.23,24.45,23.95,24.27
20231228,24.27,24.49,23.95,23.98
20231229,23.98,23.99,23.54,23.80
20240102,23.83,24.09,23.64,23.66
20240103,23.65,23.73,22.84,22.99
20240104,23.00,23.07,22.70,23.01
20240105,23.01,23.52,22.79,23.18
20240108,23.15,23.21,22.84,23.11
20240109,23.11,23.37,22.90,22.98
20240110,22.98,23.11,22.78,22.90
20240111,22.90,23.17,22.48,22.75
20240112,22.77,23.53,22.76,23.16
20240115,23.18,23.34,23.11,23.22
20240116,23.23,23.23,22.86,22.92
20240117,22.92,22.95,22.51,22.56
20240118,22.56,22.76,22.43,22.75
20240119,22.76,22.84,22.47,22.58
20240122,22.60,22.66,21.93,22.10
20240123,22.09,22.46,22.06,22.44
20240124,22.45,22.96,22.34,22.67
20240125,22.68,23.02,22.65,22.91
20240126,22.90,22.98,22.70,22.81
20240129,22.81,23.23,22.77,23.20
20240130,23.21,23.30,22.94,23.16
20240131,23.17,23.32,22.78,22.94
20240201,22.93,23.25,22.52,23.18
20240202,23.18,23.25,22.41,22.66
20240205,22.73,22.74,22.25,22.36
20240206,22.35,22.49,22.26,22.43
20240207,22.43,22.45,22.20,22.22
20240208,22.21,22.64,22.14,22.58
20240209,22.58,22.72,22.36,22.61
20240212,22.57,23.07,22.52,22.69
20240213,22.69,22.94,21.99,22.12
20240214,22.11,22.45,21.94,22.37
20240215,22.38,23.04,22.35,22.93
20240216,22.94,23.50,22.79,23.39
20240219,23.41,23.46,22.94,22.99
20240220,22.99,23.19,22.92,23.01
20240221,23.00,23.18,22.76,22.89
20240222,22.90,23.16,22.74,22.75
20240223,22.75,23.00,22.56,22.96
20240226,22.95,22.95,22.45,22.52
20240227,22.53,22.71,22.45,22.46
20240228,22.46,22.52,22.28,22.46
20240229,22.47,22.79,22.31,22.67
20240301,22.66,23.27,22.51,23.16
20240304,23.16,23.95,23.02,23.89
20240305,23.90,24.23,23.63,23.67
20240306,23.67,24.30,23.57,24.18
20240307,24.17,24.50,24.01,24.30
20240308,24.31,24.63,24.18,24.30
20240311,24.33,24.52,24.24,24.48
20240312,24.48,24.68,24.01,24.14
20240313,24.14,25.05,24.08,25.04
20240314,25.03,25.16,24.74,24.82
20240315,24.81,25.45,24.81,25.18
20240318,25.12,25.33,24.95,25.03
20240319,25.03,25.16,24.74,24.91
20240320,24.92,25.73,24.75,25.64
20240321,25.64,25.78,24.65,24.75
20240322,24.75,24.95,24.41,24.67
20240325,24.66,24.89,24.56,24.66
20240326,24.66,24.89,24.37,24.41
20240327,24.41,24.68,24.33,24.58
20240328,24.58,25.01,24.39,24.97
20240401,25.03,25.39,24.75,25.09
20240402,25.09,26.17,25.08,26.14
20240403,26.14,27.20,26.12,27.18
20240404,27.18,27.33,26.69,26.91
20240405,26.95,27.49,26.29,27.38
20240408,27.44,28.09,26.87,27.85
20240409,27.85,28.32,27.62,28.15
20240410,28.16,28.52,27.54,27.93
20240411,27.92,28.50,27.76,28.45
20240412,28.44,29.79,27.93,28.03
20240415,28.21,28.89,27.59,28.88
20240416,28.88,29.02,27.96,28.10
20240417,28.11,28.81,28.07,28.22
20240418,28.21,28.66,28.14,28.24
20240419,28.23,28.94,28.08,28.67
20240422,28.65,28.67,27.11,27.19
20240423,27.18,27.38,26.67,27.31
20240424,27.30,27.49,27.04,27.17
20240425,27.16,27.57,26.98,27.44
20240426,27.44,27.73,27.09,27.23
20240429,27.20,27.43,26.96,27.14
20240430,27.15,27.15,26.25,26.30
20240501,26.27,26.97,26.27,26.65
20240502,26.65,26.82,26.02,26.68
20240503,26.67,26.86,26.13,26.50
20240506,26.59,27.49,26.44,27.45
20240507,27.45,27.52,27.17,27.24
20240508,27.22,27.48,27.01,27.34
20240509,27.33,28.34,27.29,28.33
20240510,28.33,28.77,28.04,28.21
20240513,28.21,28.39,27.97,28.20
20240514,28.19,28.74,28.13,28.61
20240515,28.61,29.74,28.44,29.67
20240516,29.67,29.85,29.34,29.58
20240517,29.59,31.56,29.46,31.52
20240520,31.58,32.51,30.95,31.83
20240521,31.83,32.50,31.08,31.98
20240522,31.98,32.20,30.76,30.80
20240523,30.78,30.98,30.07,30.13
20240524,30.13,30.62,30.05,30.35
20240527,30.37,31.85,30.37,31.64
20240528,31.64,32.25,31.25,32.10
20240529,32.11,32.30,31.62,31.98
20240530,31.95,32.09,31.01,31.17
20240531,31.16,31.77,30.20,30.38
20240603,30.45,30.81,29.78,30.73
20240604,30.75,30.88,29.38,29.50
20240605,29.50,30.05,29.39,30.01
20240606,30.03,31.35,29.97,31.33
20240607,31.36,31.55,29.13,29.17
20240610,29.20,29.82,29.14,29.75
20240611,29.87,29.87,29.04,29.29
20240612,29.28,30.26,29.19,29.73
20240613,29.73,29.74,28.67,28.96
20240614,28.97,29.58,28.84,29.58
20240617,29.56,29.58,29.03,29.46
20240618,29.47,29.68,28.93,29.54
20240619,29.54,29.79,29.35,29.76
20240620,29.75,30.79,29.75,30.74
20240621,30.74,30.85,29.47,29.54
20240624,29.52,29.73,29.35,29.58
20240625,29.58,29.66,28.84,28.91
20240626,28.91,29.07,28.57,28.77
20240627,28.78,29.25,28.68,28.98
20240628,28.97,29.62,28.78,29.11
20240701,29.18,29.48,28.96,29.45
20240702,29.48,29.82,29.21,29.52
20240703,29.52,30.67,29.48,30.50
20240704,30.49,30.59,30.21,30.41
20240705,30.41,31.49,30.19,31.22
20240708,31.18,31.37,30.44,30.76
20240709,30.75,31.15,30.52,30.80
20240710,30.80,31.16,30.65,30.82
20240711,30.82,31.75,30.82,31.46
20240712,31.45,31.45,30.39,30.79
20240715,30.80,31.10,30.53,30.68
20240716,30.68,31.40,30.50,31.25
20240717,31.24,31.43,30.06,30.31
20240718,30.30,30.60,29.75,29.83
20240719,29.82,29.84,28.88,29.22
20240722,29.20,29.43,28.75,29.13
20240723,29.13,29.30,28.68,29.24
20240724,29.24,29.45,28.90,28.90
20240725,28.89,28.92,27.43,27.86
20240726,27.84,28.07,27.59,27.90
20240729,27.91,28.20,27.32,27.86
20240730,27.87,28.41,27.64,28.39
20240731,28.41,29.04,28.25,29.00
20240801,29.03,29.16,28.22,28.52
20240802,28.53,29.22,27.95,28.53
20240805,28.57,28.67,26.51,27.25
20240806,27.27,27.57,26.60,26.97
20240807,26.98,27.27,26.58,26.61
20240808,26.54,27.60,26.47,27.54
20240809,27.54,27.76,27.27,27.40
20240812,27.47,28.04,27.23,27.96
20240813,27.98,28.05,27.46,27.86
20240814,27.87,28.03,27.19,27.57
20240815,27.55,28.52,27.49,28.36
20240816,28.35,28.98,28.04,28.97
20240819,29.01,29.49,28.73,29.45
20240820,29.44,29.97,29.21,29.44
20240821,29.44,29.74,29.23,29.60
20240822,29.60,29.68,28.79,28.98
20240823,28.98,29.88,28.95,29.83
20240826,29.86,30.19,29.66,29.91
20240827,29.92,30.09,29.72,29.97
20240828,29.98,30.11,29.08,29.14
20240829,29.14,29.69,29.12,29.43
20240830,29.38,29.59,28.69,28.86
20240902,28.86,28.97,28.33,28.55
20240903,28.55,28.57,27.71,28.05
20240904,28.05,28.36,27.78,28.27
20240905,28.26,29.17,28.21,28.82
20240906,28.82,29.12,27.69,27.92
20240909,27.94,28.37,27.71,28.35
20240910,28.35,28.55,28.04,28.40
20240911,28.39,28.87,28.08,28.68
20240912,28.68,29.91,28.54,29.87
20240913,29.88,30.92,29.85,30.73
20240916,30.73,31.09,30.60,30.73
20240917,30.72,30.99,30.52,30.70
20240918,30.70,31.22,29.71,30.08
20240919,30.11,31.30,29.91,30.79
20240920,30.78,31.43,30.74,31.15
20240923,31.23,31.24,30.36,30.69
20240924,30.70,32.26,30.65,32.10
20240925,32.10,32.27,31.57,31.81
20240926,31.81,32.71,31.75,32.02
20240927,32.02,32.29,31.39,31.63
20240930,31.66,31.85,30.89,31.16
20241001,31.16,31.85,31.11,31.44
20241002,31.43,32.30,31.00,31.83
20241003,31.82,32.22,31.41,32.03
20241004,32.02,32.96,31.51,32.20
20241007,32.21,32.34,31.42,31.69
20241008,31.69,31.77,30.13,30.67
20241009,30.67,30.78,30.22,30.50
20241010,30.50,31.19,30.36,31.16
20241011,31.16,31.63,31.06,31.57
20241014,30.89,31.55,30.82,31.19
20241015,31.19,31.69,30.77,31.51
20241016,31.51,32.17,31.42,31.68
20241017,31.69,32.02,31.32,31.70
20241018,31.69,33.68,31.69,33.62
20241021,33.76,34.27,33.47,33.79
20241022,33.79,34.87,33.79,34.85
20241023,34.85,34.85,33.44,33.70
20241024,33.71,34.30,33.24,33.67
20241025,33.67,34.02,33.09,33.59
20241028,33.51,33.99,33.23,33.66
20241029,33.66,34.55,33.63,34.45
20241030,34.45,34.52,33.41,33.77
20241031,33.77,33.90,32.51,32.67
20241101,32.68,33.12,32.33,32.45
20241104,32.41,32.88,32.30,32.46
20241105,32.45,32.92,32.25,32.65
20241106,32.65,32.73,30.84,31.18
20241107,31.16,32.16,30.88,32.04
20241108,32.04,32.06,31.20,31.25
20241111,31.30,31.56,30.43,30.69
20241112,30.69,30.82,30.19,30.72
20241113,30.72,31.14,30.29,30.31
20241114,30.31,30.65,29.68,30.44
20241115,30.45,30.82,30.18,30.25
20241118,30.30,31.27,30.28,31.17
20241119,31.17,31.54,31.05,31.21
20241120,31.15,31.33,30.78,30.86
20241121,30.86,31.31,30.65,30.79
20241122,30.80,31.40,30.74,31.23
20241125,31.33,31.48,30.09,30.31
20241126,30.31,30.69,29.99,30.45
20241127,30.44,30.71,29.99,30.10
20241128,30.09,30.30,29.65,30.22
20241129,30.25,30.89,30.18,30.63
20241202,30.65,30.68,30.06,30.51
20241203,30.51,31.09,30.47,31.03
20241204,31.02,31.48,30.48,31.30
20241205,31.29,31.42,31.02,31.33
20241206,31.33,31.44,30.83,30.99
20241209,31.03,32.28,30.87,31.83
20241210,31.83,32.09,31.71,31.90
20241211,31.91,32.19,31.53,31.91
20241212,31.92,32.33,30.89,30.97
20241213,30.97,31.11,30.29,30.48
20241216,30.56,30.75,30.47,30.53
20241217,30.53,30.61,30.16,30.54
20241218,30.53,30.57,29.31,29.36
20241219,29.37,29.71,28.75,29.05
20241220,29.02,29.70,28.81,29.54
20241223,29.49,29.88,29.43,29.65
20241224,29.67,29.79,29.48,29.62
20241226,29.67,29.87,29.51,29.80
20241227,29.78,29.89,29.33,29.38
20241230,29.36,29.53,28.80,28.96
20241231,28.95,29.03,28.78,28.90
20250102,28.90,29.60,28.89,29.56
20250103,29.57,29.90,29.49,29.61
20250106,29.65,30.35,29.41,29.95
20250107,29.94,30.39,29.88,30.05
20250108,30.04,30.35,29.82,30.11
20250109,30.11,30.48,30.01,30.11
20250110,30.13,30.66,29.96,30.33
20250113,30.42,30.50,29.51,29.62
20250114,29.62,29.98,29.52,29.91
20250115,29.91,30.75,29.74,30.68
20250116,30.68,30.97,30.53,30.82
20250117,30.81,30.84,30.13,30.31
20250120,30.37,30.63,30.01,30.52
20250121,30.50,30.86,30.20,30.84
20250122,30.83,30.94,30.57,30.83
20250123,30.81,30.86,30.10,30.45
20250124,30.44,31.02,30.43,30.65
20250127,30.54,30.62,29.71,30.22
20250128,30.22,30.49,29.88,30.41
20250129,30.42,30.98,30.29,30.84
20250130,30.84,31.73,30.81,31.64
20250131,31.63,31.71,31.13,31.34
20250203,31.48,31.67,30.68,31.59
20250204,31.59,32.38,31.36,32.14
20250205,32.14,32.55,31.97,32.31
20250206,32.31,32.42,31.75,32.22
20250207,32.21,32.65,31.79,31.86
20250210,31.73,32.34,31.68,32.05
20250211,32.04,32.24,31.26,31.83
20250212,31.82,32.36,31.53,32.23
20250213,32.23,32.42,32.01,32.34
20250214,32.32,33.39,32.07,32.18
20250217,32.20,32.75,31.93,32.40
20250218,32.30,32.91,32.08,32.88
20250219,32.91,33.08,32.46,32.70
20250220,32.70,33.21,32.63,32.95
20250221,32.96,33.08,32.51,32.54
20250224,32.52,32.75,32.10,32.36
20250225,32.36,32.49,31.30,31.75
20250226,31.74,31.96,31.50,31.86
20250227,31.89,31.94,31.18,31.27
20250228,31.26,31.40,30.82,31.11
20250303,31.15,31.84,31.12,31.69
20250304,31.67,32.01,31.47,31.98
20250305,32.00,32.71,31.78,32.66
20250306,32.69,32.76,32.26,32.64
20250307,32.67,32.71,32.11,32.49
20250310,32.55,32.67,31.94,32.05
20250311,32.04,32.99,31.82,32.94
20250312,32.94,33.32,32.71,33.26
20250313,33.26,33.95,32.94,33.88
20250314,33.88,34.08,33.53,33.81
20250317,33.81,33.90,33.44,33.83
20250318,33.83,34.23,33.75,34.00
20250319,34.01,34.09,33.47,33.85
20250320,33.85,33.94,33.11,33.54
20250321,33.54,33.55,32.66,33.04
20250324,33.05,33.30,32.89,32.95
20250325,32.95,33.80,32.93,33.73
20250326,33.73,33.93,33.51,33.63
20250327,33.64,34.48,33.61,34.43
20250328,34.43,34.58,33.93,34.13
20250331,34.14,34.47,33.51,34.09
20250401,34.10,34.21,33.48,33.69
20250402,33.70,34.15,33.60,33.89
20250403,33.84,33.95,31.72,31.86
20250404,31.83,31.99,29.20,29.74
20250407,29.13,30.82,28.39,30.09
20250408,30.10,30.53,29.63,29.81
20250409,29.84,31.04,29.34,31.03
20250410,31.07,31.31,30.59,31.22
20250411,31.26,32.28,30.91,32.10
20250414,32.34,32.39,31.75,32.35
20250415,32.35,32.40,32.10,32.32
20250416,32.31,33.10,32.27,32.76
20250417,32.76,32.94,32.09,32.55
20250421,32.56,33.06,32.43,32.69
20250422,32.68,33.15,32.31,32.50
20250423,32.35,33.67,32.10,33.58
20250424,33.56,33.68,33.18,33.58
20250425,33.59,33.69,32.78,33.04
20250428,33.12,33.20,32.66,33.16
20250429,33.16,33.53,32.81,32.93
20250430,32.92,33.11,32.19,32.62
20250501,32.63,32.68,31.67,32.41
20250502,32.41,32.72,31.94,32.02
20250505,32.00,32.66,31.99,32.49
20250506,32.50,33.25,32.44,33.22
20250507,33.22,33.26,32.25,32.46
20250508,32.46,32.95,32.23,32.46
20250509,32.47,32.87,32.23,32.76
20250512,32.40,32.99,31.89,32.60
20250513,32.61,33.23,32.52,32.91
20250514,32.92,32.98,32.09,32.23
20250515,32.23,32.66,31.66,32.64
20250516,32.64,32.70,31.88,32.24
20250519,32.29,32.63,32.24,32.36
20250520,32.36,33.13,32.13,33.09
20250521,33.09,33.57,32.93,33.39
20250522,33.42,33.70,32.62,33.06
20250523,33.07,33.54,32.91,33.48
20250526,33.40,33.77,33.24,33.49
20250527,33.48,33.52,32.77,33.27
20250528,33.27,33.43,32.92,32.98
20250529,32.97,33.50,32.70,33.32
20250530,33.33,33.34,32.78,32.99
20250602,33.04,34.79,32.96,34.75
20250603,34.73,34.77,33.98,34.52
20250604,34.53,34.65,34.19,34.50
20250605,34.52,36.06,34.44,35.65
20250606,35.64,36.33,35.61,35.95
20250609,36.02,36.89,35.92,36.76
20250610,36.76,36.83,36.31,36.53
20250611,36.54,36.64,36.04,36.25
20250612,36.25,36.45,35.46,36.36
20250613,36.35,36.63,35.98,36.26
20250616,36.31,36.54,36.10,36.32
20250617,36.31,37.25,36.15,37.13
20250618,37.14,37.32,36.54,36.74
20250619,36.74,36.78,36.21,36.41
20250620,36.40,36.43,35.52,36.02
20250623,36.04,36.36,35.87,36.11
20250624,36.10,36.20,35.29,35.92
20250625,35.92,36.33,35.68,36.27
20250626,36.27,36.83,36.24,36.65
20250627,36.65,36.72,35.80,35.92
20250630,36.02,36.23,35.42,36.11
20250701,36.11,36.62,35.81,36.03
20250702,36.03,36.58,35.88,36.55
20250703,36.55,37.07,36.34,36.84
20250704,36.85,36.98,36.63,36.93
20250707,36.97,37.22,36.16,36.77
20250708,36.79,36.88,36.29,36.76
20250709,36.76,36.77,36.28,36.38
20250710,36.38,37.12,36.35,37.03
20250711,37.04,38.54,36.92,38.51
20250714,38.41,39.13,38.09,38.14
20250715,38.14,38.38,37.60,37.71
20250716,37.69,38.09,37.51,37.91
20250717,37.93,38.17,37.55,38.14
20250718,38.14,38.44,38.06,38.12
20250721,38.13,39.05,38.07,38.93
20250722,38.93,39.31,38.73,39.29
20250723,39.29,39.53,39.06,39.27
20250724,39.31,39.35,38.70,39.06
20250725,39.07,39.20,37.96,38.17
20250728,38.10,38.34,37.91,38.17
20250729,38.18,38.29,37.91,38.20
20250730,38.21,38.25,36.80,37.13
20250731,37.15,37.27,36.21,36.71
20250801,36.72,37.18,36.36,36.98
20250804,37.00,37.48,36.68,37.41
20250805,37.41,37.88,37.32,37.81
20250806,37.81,37.95,37.63,37.83
20250807,37.84,38.51,37.83,38.27
20250808,38.29,38.48,37.99,38.39
20250811,38.40,38.41,37.55,37.63
20250812,37.60,38.02,37.51,37.91
20250813,37.92,38.64,37.85,38.51
20250814,38.54,38.73,37.85,38.02
20250815,38.03,38.11,37.69,37.99
20250818,38.02,38.27,37.82,38.03
20250819,38.02,38.15,37.28,37.39
20250820,37.39,37.94,36.97,37.91
20250821,37.94,38.21,37.54,38.15
20250822,38.14,39.06,37.70,38.92
20250825,38.96,39.00,38.54,38.56
20250826,38.58,38.86,38.35,38.61
20250827,38.64,38.70,38.10,38.60
20250828,38.61,39.12,38.58,39.05
20250829,39.03,39.97,38.73,39.83
20250901,39.75,40.92,39.54,40.72
20250902,40.76,40.93,40.15,40.89
20250903,40.87,41.47,40.63,41.22
20250904,41.21,41.23,40.41,40.67
20250905,40.68,41.41,40.56,40.99
20250908,40.94,41.67,40.54,41.35
20250909,41.33,41.48,40.79,40.87
20250910,40.84,41.29,40.73,41.17
20250911,41.15,41.76,40.90,41.56
20250912,41.54,42.46,41.40,42.21
20250915,42.22,42.74,42.01,42.68
20250916,42.68,42.97,42.26,42.56
20250917,42.57,42.64,41.15,41.67
20250918,41.65,41.98,41.20,41.82
20250919,41.81,43.08,41.66,42.99
20250922,43.10,44.12,43.03,44.07
20250923,44.03,44.47,43.65,44.04
20250924,44.02,44.32,43.67,43.91
20250925,43.91,45.23,43.78,45.19
20250926,45.19,46.63,44.61,46.11
20250929,46.13,47.18,45.96,46.93
20250930,46.94,47.17,45.81,46.65
20251001,46.67,47.83,46.63,47.32
20251002,47.30,48.05,45.91,46.99
20251003,46.96,48.37,46.66,47.98
20251006,48.08,48.77,47.96,48.52
20251007,48.50,48.66,47.34,47.83
20251008,47.83,49.55,47.75,48.87
20251009,48.90,51.23,48.49,49.17
20251010,49.02,51.13,48.86,50.00
20251013,50.26,52.45,49.87,52.40
20251014,52.49,53.58,50.48,51.50
20251015,51.56,53.18,51.41,52.99
20251016,52.82,54.27,52.45,54.15
20251017,54.31,54.48,50.65,51.77
20251020,51.58,52.78,51.29,52.44
20251021,52.57,52.69,47.91,48.72
20251022,48.61,49.31,47.53,48.50
20251023,48.40,49.45,47.94,48.91
20251024,48.92,49.00,47.85,48.51
20251027,48.44,48.55,46.09,46.90
20251028,46.91,47.26,45.56,46.91
20251029,46.90,48.46,46.90,47.78
20251030,47.78,49.10,47.27,49.02
20251031,49.04,49.37,48.39,48.68
20251103,48.57,49.11,47.98,48.08
20251104,48.03,48.23,46.88,47.16
20251105,47.16,48.27,46.91,48.02
20251106,48.16,48.79,47.66,48.03
20251107,48.05,48.87,47.98,48.41
20251110,48.38,50.61,48.38,50.51
20251111,50.50,51.25,50.29,51.22
20251112,51.25,53.67,50.87,53.27
20251113,53.31,54.39,52.08,52.29
20251114,52.26,53.55,50.07,50.67
20251117,50.44,51.30,49.58,50.21
20251118,50.26,51.18,49.36,50.70
20251119,50.71,52.47,50.39,51.37
20251120,51.41,51.87,50.23,50.66
20251121,50.65,50.85,48.65,49.96
20251124,50.29,51.42,49.73,51.36
20251125,51.41,51.76,50.72,51.48
20251126,51.47,53.39,51.31,53.35
20251127,53.36,53.91,52.70,53.39
20251128,53.43,56.53,53.35,56.42
20251201,56.75,58.85,56.23,58.01
20251202,57.92,58.65,56.70,58.46
20251203,58.20,58.98,57.56,58.51
20251204,58.55,58.76,56.50,57.15
20251205,57.15,59.33,56.88,58.39
20251208,58.40,58.68,57.62,58.16
20251209,58.15,60.83,57.62,60.67
20251210,60.59,61.94,60.11,61.83
20251211,61.83,64.31,61.45,63.57
20251212,63.56,64.66,60.81,61.86
20251215,61.74,64.14,61.65,64.09
20251216,64.13,64.15,62.20,63.75
20251217,63.75,66.89,63.68,66.22
20251218,66.23,66.62,64.67,65.49
20251219,65.50,67.45,64.51,67.20
20251222,67.40,69.45,67.20,69.05
20251223,69.13,71.57,68.84,71.48
20251224,71.47,72.70,70.26,71.83
20251226,73.07,78.54,72.70,78.42
20251229,81.57,83.96,70.54,72.13
20251230,72.25,78.06,71.16,76.24
20251231,76.42,76.44,70.09,71.63
20260102,72.47,74.56,71.10,72.56
20260105,73.42,77.86,72.94,76.61
20260106,76.79,81.42,75.90,81.26
20260107,81.32,82.74,76.40,78.19
20260108,78.31,78.99,73.86,76.98
20260109,76.99,80.51,75.53,79.83
20260112,80.81,86.21,79.83,85.16
20260113,85.42,89.10,83.45,86.95
20260114,87.09,93.48,86.97,93.27
20260115,93.69,93.69,86.26,92.38
20260116,92.47,92.80,86.91,89.33
20260119,91.36,94.67,91.10,94.63
20260120,94.54,95.88,92.60,94.58
20260121,94.74,95.50,90.36,93.10
20260122,93.12,96.59,90.87,96.19
20260123,96.31,102.57,96.25,102.50
20260126,104.98,117.72,102.26,103.71
20260127,104.46,113.42,103.00,112.05
20260128,111.88,117.43,110.55,116.85
20260129,116.79,121.64,106.86,115.52
20260130,115.94,118.47,73.78,83.14
20260202,80.65,87.94,71.48,79.27
20260203,80.20,89.10,80.11,85.32
20260204,85.64,92.19,83.31,88.20
20260205,88.40,90.38,70.74,70.96
20260206,70.39,78.12,64.14,77.48
20260209,79.11,84.03,78.53,83.32
20260210,83.85,84.01,80.01,80.80
20260211,80.86,86.30,80.80,84.31
20260212,84.77,84.95,74.47,75.32
20260213,74.53,79.34,74.00,77.01
20260216,77.82,77.82,74.73,76.63
20260217,76.29,76.91,72.08,73.53
20260218,73.28,78.34,72.34,77.19
20260219,77.36,79.48,76.49,78.53
20260220,78.69,84.61,77.52,84.54
20260223,85.09,89.05,84.54,88.20
20260224,88.12,88.92,85.02,87.17
20260225,87.19,91.28,86.61,89.22
20260226,89.03,90.32,85.28,88.31
20260227,88.61,94.16,87.88,93.82
20260302,95.23,96.42,86.54,89.35
20260303,89.85,91.32,78.01,82.05
20260304,82.14,86.78,81.63,83.54
20260305,83.74,85.54,80.57,82.23
20260306,82.63,84.95,80.13,83.90
20260309,82.50,86.51,79.50,84.03
20260310,87.12,89.59,87.00,89.08
20260311,88.54,88.68,84.53,85.07
20260312,86.57,87.16,84.67,84.67
20260313,82.00,83.82,79.45,80.91
20260316,79.00,80.90,79.00,80.26
20260317,80.43,82.24,78.58,79.53
20260318,76.50,77.74,74.80,77.24
20260319,75.71,76.11,67.00,70.90
20260320,71.92,71.93,69.36,69.36
20260323,64.74,69.51,61.09,69.05
20260324,69.09,71.18,68.55,69.27
20260325,71.39,73.17,71.22,72.36
20260326,70.11,70.11,67.23,67.67
20260327,67.55,69.54,67.54,69.54
20260330,67.90,70.98,67.82,70.32
20260331,72.56,75.17,72.56,74.69
20260401,74.35,75.87,73.90,75.87
20260402,73.71,73.71,69.83,72.74
20260406,71.85,72.66,71.85,72.66
20260407,71.89,71.89,70.00,71.83
20260408,76.17,77.45,75.22,75.22
20260409,73.78,76.28,73.78,76.28
20260410,75.31,76.65,75.31,76.32
20260413,72.80,75.52,72.79,75.52
20260414,76.82,79.59,76.82,79.39
20260415,80.25,80.35,79.30,79.49
20260416,79.18,79.18,78.61,78.61
20260417,82.38,82.83,81.74,81.74
20260420,79.53,79.95,79.50,79.95
20260421,78.95,78.95,76.41,76.41
20260422,76.88,77.89,76.88,77.89
20260423,76.31,76.32,75.46,75.46
20260424,76.38,76.38,76.38,76.38
20260427,75.26,75.33,74.75,75.00
20260428,73.21,73.21,73.21,73.21
20260429,72.99,73.82,70.89,71.57
20260430,71.39,73.85,71.39,73.53
20260501,74.42,76.88,73.11,75.95
20260504,75.40,75.40,72.50,73.07
20260505,72.67,73.94,72.67,73.11
20260506,73.89,77.83,73.78,76.81
20260507,77.87,82.18,77.87,79.70
20260508,80.82,81.60,80.06,80.39
20260511,85.61,86.25,85.00,85.49
20260512,86.50,86.91,83.75,85.13
20260513,86.93,88.89,86.93,88.89
20260514,87.07,87.07,84.90,84.91
20260515,80.61,80.61,76.00,77.16
20260518,75.35,78.06,74.75,77.07
20260519,78.46,78.46,73.79,74.83
20260520,75.59,76.43,75.17,75.85
20260521,74.96,76.87,74.96,76.41
20260522,76.02,76.04,75.89,75.89
20260526,77.50,77.50,76.10,76.31
20260527,74.57,74.75,74.32,74.60
20260528,73.65,76.00,71.97,75.64
20260529,75.52,75.62,75.11,75.62
20260601,74.38,75.64,74.38,75.01
20260602,75.65,76.03,75.31,75.31
20260603,73.48,73.48,73.21,73.48
20260604,73.09,74.20,73.09,73.78
20260605,72.57,72.73,68.65,68.94
20260608,67.45,68.81,66.87,68.43
20260609,68.22,68.82,65.00,65.09
20260610,63.82,64.60,63.74,64.60
20260611,63.96,63.99,63.88,63.88
20260612,67.04,68.08,67.02,67.86
20260615,70.07,70.07,70.07,70.07
20260616,69.90,69.90,69.90,69.90
20260617,70.31,70.95,68.76,70.70
20260618,66.25,66.25,66.25,66.25
20260622,65.53,65.53,65.53,65.53
20260623,61.95,62.02,61.95,62.02
20260624,59.39,59.51,57.25,58.05
20260625,58.38,58.38,58.35,58.35
20260626,59.19,59.22,59.19,59.22
20260629,58.68,59.13,57.54,58.17
20260630,58.34,60.40,57.03,59.48
20260701,58.87,60.42,57.33,60.08
20260702,59.47,61.60,59.47,60.64
20260706,62.62,62.62,61.63,61.92
20260707,61.21,61.37,60.21,60.93
20260708,60.90,60.90,57.76,58.16
20260709,59.22,60.50,58.90,60.38
20260710,59.98,60.35,59.72,59.81
20260713,58.94,59.04,57.51,57.63
20260714,57.65,59.60,57.51,58.77
20260715,58.69,58.69,56.90,57.11
20260716,55.92,56.08,55.90,55.90
20260717,55.55,56.04,55.01,56.04
20260720,55.65,57.10,55.65,56.80
20260721,56.33,59.03,56.33,58.83
20260722,59.38,60.02,59.38,60.02
20260723,58.66,58.66,57.80,57.80
20260724,58.66,58.66,58.66,58.66
20260727,58.47,58.47,58.47,58.47
20260728,57.30,57.30,57.30,57.30
20260729,57.86,57.86,57.86,57.86
20260730,57.28,59.25,57.22,58.81
20260731,59.20,59.20,57.34,57.59
20260803,57.67,57.80,57.67,57.67
20260804,58.10,60.06,58.10,60.06
20260805,62.45,62.45,62.10,62.10
20260806,61.91,61.91,61.44,61.44
20260807,63.62,65.05,63.33,63.33
20260810,63.90,65.11,63.90,65.11
20260811,64.86,64.86,64.77,64.77
20260812,66.63,66.65,65.56,65.56
20260813,64.87,64.87,64.78,64.87
20260814,64.99,64.99,64.99,64.99
20260817,65.25,66.12,65.25,66.12
20260818,65.25,65.25,63.60,63.94
20260819,63.21,66.85,63.12,65.73
20260820,66.85,68.95,66.85,68.03
20260821,68.10,69.85,68.10,69.47
20260824,69.35,69.35,68.54,68.54
20260825,69.50,69.50,68.12,68.64
20260826,69.31,69.31,67.99,67.99
20260827,69.43,69.43,69.43,69.43
20260828,69.35,71.16,66.23,67.00
20260831,66.01,67.18,65.85,66.22
20260901,66.51,66.71,63.87,64.62
20260902,63.36,65.05,63.36,64.72
20260903,65.56,67.30,65.44,66.97
20260904,66.53,66.54,65.46,66.05
20260908,65.97,66.30,65.60,66.30
20260909,66.30,68.11,66.30,67.94
20260910,64.19,64.41,64.14,64.28
20260911,63.29,64.55,63.10,64.55
20260914,63.51,63.70,63.02,63.51
20260915,63.03,63.64,63.03,63.24
20260916,64.42,64.54,63.70,64.29
20260917,65.47,65.47,65.47,65.47
20260918,66.94,66.94,66.56,66.56
20260921,66.44,66.67,65.82,65.82
20260922,65.39,65.93,65.39,65.93
20260923,66.21,66.22,64.38,64.38
20260924,63.40,63.63,63.00,63.46
20260925,63.63,64.25,63.63,64.25
20260928,61.38,61.38,61.22,61.22
20260929,60.66,61.20,60.49,60.67
20260930,60.82,60.82,60.00,60.10
20261001,61.05,61.05,60.72,60.72
20261002,61.56,61.56,59.98,59.98
20261005,61.52,61.62,60.87,60.87
20261006,60.92,61.38,60.92,61.17
20261007,60.88,60.88,59.53,59.90
20261008,59.06,59.06,58.92,59.06
20261009,59.46,61.46,59.45,61.10
