Date,Open,High,Low,Close
17930303,19.39,19.39,19.39,19.39
17930531,19.39,19.39,19.39,19.39
17930901,19.39,19.39,19.39,19.39
17931201,19.39,19.39,19.39,19.39
17940228,19.39,19.39,19.39,19.39
17940601,19.39,19.39,19.39,19.39
17940907,19.39,19.39,19.39,19.39
17941207,19.39,19.39,19.39,19.39
17950301,19.39,19.39,19.39,19.39
17950607,19.39,19.39,19.39,19.39
17950906,19.39,19.39,19.39,19.39
17951206,19.39,19.39,19.39,19.39
17960306,19.39,19.39,19.39,19.39
17960605,19.39,19.39,19.39,19.39
17960904,19.39,19.39,19.39,19.39
17961204,19.39,19.39,19.39,19.39
17970305,19.39,19.39,19.39,19.39
17970604,19.39,19.39,19.39,19.39
17970903,19.39,19.39,19.39,19.39
17971203,19.39,19.39,19.39,19.39
17980304,19.39,19.39,19.39,19.39
17980603,19.39,19.39,19.39,19.39
17980831,19.39,19.39,19.39,19.39
17981130,19.39,19.39,19.39,19.39
17990303,19.39,19.39,19.39,19.39
17990531,19.39,19.39,19.39,19.39
17990901,19.39,19.39,19.39,19.39
17991201,19.39,19.39,19.39,19.39
18000228,19.39,19.39,19.39,19.39
18000601,19.39,19.39,19.39,19.39
18000907,19.39,19.39,19.39,19.39
18001207,19.39,19.39,19.39,19.39
18010301,19.39,19.39,19.39,19.39
18010607,19.39,19.39,19.39,19.39
18010906,19.39,19.39,19.39,19.39
18011206,19.39,19.39,19.39,19.39
18020307,19.39,19.39,19.39,19.39
18020606,19.39,19.39,19.39,19.39
18020905,19.39,19.39,19.39,19.39
18021205,19.39,19.39,19.39,19.39
18030306,19.39,19.39,19.39,19.39
18030605,19.39,19.39,19.39,19.39
18030904,19.39,19.39,19.39,19.39
18031204,19.39,19.39,19.39,19.39
18040304,19.39,19.39,19.39,19.39
18040603,19.39,19.39,19.39,19.39
18040831,19.39,19.39,19.39,19.39
18041130,19.39,19.39,19.39,19.39
18050303,19.39,19.39,19.39,19.39
18050531,19.39,19.39,19.39,19.39
18050901,19.39,19.39,19.39,19.39
18051201,19.39,19.39,19.39,19.39
18060228,19.39,19.39,19.39,19.39
18060601,19.39,19.39,19.39,19.39
18060907,19.39,19.39,19.39,19.39
18061207,19.39,19.39,19.39,19.39
18070301,19.39,19.39,19.39,19.39
18070607,19.39,19.39,19.39,19.39
18070906,19.39,19.39,19.39,19.39
18071206,19.39,19.39,19.39,19.39
18080306,19.39,19.39,19.39,19.39
18080605,19.39,19.39,19.39,19.39
18080904,19.39,19.39,19.39,19.39
18081204,19.39,19.39,19.39,19.39
18090305,19.39,19.39,19.39,19.39
18090604,19.39,19.39,19.39,19.39
18090903,19.39,19.39,19.39,19.39
18091203,19.39,19.39,19.39,19.39
18100304,19.39,19.39,19.39,19.39
18100603,19.39,19.39,19.39,19.39
18100831,19.39,19.39,19.39,19.39
18101130,19.39,19.39,19.39,19.39
18110303,19.39,19.39,19.39,19.39
18110531,19.39,19.39,19.39,19.39
18110901,19.39,19.39,19.39,19.39
18111201,19.39,19.39,19.39,19.39
18120301,19.39,19.39,19.39,19.39
18120607,19.39,19.39,19.39,19.39
18120906,19.39,19.39,19.39,19.39
18121206,19.39,19.39,19.39,19.39
18130307,19.39,19.39,19.39,19.39
18130606,19.39,19.39,19.39,19.39
18130905,19.39,19.39,19.39,19.39
18131205,19.39,19.39,19.39,19.39
18140306,19.39,19.39,19.39,19.39
18140605,19.39,19.39,19.39,19.39
18140904,19.39,21.79,19.39,21.79
18141204,21.79,21.79,21.79,21.79
18150305,21.79,21.79,21.79,21.79
18150604,21.79,21.79,19.78,19.78
18150903,19.78,23.07,19.78,23.07
18151203,23.07,23.07,22.16,22.16
18160303,22.16,22.16,22.16,22.16
18160531,22.16,22.16,22.16,22.16
18160901,22.16,22.16,19.74,19.74
18161201,19.74,19.84,19.74,19.84
18170228,19.84,19.84,19.84,19.84
18170601,19.84,19.89,19.84,19.89
18170907,19.89,19.89,19.39,19.39
18171207,19.39,19.39,19.39,19.39
18180301,19.39,19.39,19.39,19.39
18180607,19.39,19.39,19.39,19.39
18180906,19.39,19.39,19.39,19.39
18181206,19.39,19.39,19.39,19.39
18190307,19.39,19.39,19.39,19.39
18190606,19.39,19.39,19.39,19.39
18190905,19.39,19.39,19.39,19.39
18191205,19.39,19.39,19.39,19.39
18200305,19.39,19.39,19.39,19.39
18200604,19.39,19.39,19.39,19.39
18200903,19.39,19.39,19.39,19.39
18201203,19.39,19.39,19.39,19.39
18210304,19.39,19.39,19.39,19.39
18210603,19.39,19.39,19.39,19.39
18210831,19.39,19.39,19.39,19.39
18211130,19.39,19.39,19.39,19.39
18220303,19.39,19.39,19.39,19.39
18220531,19.39,19.39,19.39,19.39
18220901,19.39,19.39,19.39,19.39
18221201,19.39,19.39,19.39,19.39
18230228,19.39,19.39,19.39,19.39
18230601,19.39,19.39,19.39,19.39
18230907,19.39,19.39,19.39,19.39
18231207,19.39,19.39,19.39,19.39
18240307,19.39,19.39,19.39,19.39
18240606,19.39,19.39,19.39,19.39
18240905,19.39,19.39,19.39,19.39
18241205,19.39,19.39,19.39,19.39
18250306,19.39,19.39,19.39,19.39
18250605,19.39,19.39,19.39,19.39
18250904,19.39,19.39,19.39,19.39
18251204,19.39,19.39,19.39,19.39
18260305,19.39,19.39,19.39,19.39
18260604,19.39,19.39,19.39,19.39
18260903,19.39,19.39,19.39,19.39
18261203,19.39,19.39,19.39,19.39
18270304,19.39,19.39,19.39,19.39
18270603,19.39,19.39,19.39,19.39
18270831,19.39,19.39,19.39,19.39
18271130,19.39,19.39,19.39,19.39
18280229,19.39,19.39,19.39,19.39
18280601,19.39,19.39,19.39,19.39
18280907,19.39,19.39,19.39,19.39
18281207,19.39,19.39,19.39,19.39
18290301,19.39,19.39,19.39,19.39
18290607,19.39,19.39,19.39,19.39
18290906,19.39,19.39,19.39,19.39
18291206,19.39,19.39,19.39,19.39
18300307,19.39,19.39,19.39,19.39
18300606,19.39,19.39,19.39,19.39
18300905,19.39,19.39,19.39,19.39
18301205,19.39,19.39,19.39,19.39
18310306,19.39,19.39,19.39,19.39
18310605,19.39,19.39,19.39,19.39
18310904,19.39,19.39,19.39,19.39
18311204,19.39,19.39,19.39,19.39
18320304,19.39,19.39,19.39,19.39
18320603,19.39,19.39,19.39,19.39
18320831,19.39,19.39,19.39,19.39
18321130,19.39,19.39,19.39,19.39
18330303,19.39,19.39,19.39,19.39
18330531,19.39,19.39,19.39,19.39
18330901,19.39,19.39,19.39,19.39
18331201,19.39,19.39,19.39,19.39
18340228,19.39,19.39,19.39,19.39
18340601,19.39,19.39,19.39,19.39
18340907,19.39,20.69,19.39,20.69
18341207,20.69,20.69,20.69,20.69
18350301,20.69,20.69,20.69,20.69
18350607,20.69,20.69,20.69,20.69
18350906,20.69,20.69,20.69,20.69
18351206,20.69,20.69,20.69,20.69
18360306,20.69,20.69,20.69,20.69
18360605,20.69,20.69,20.69,20.69
18360904,20.69,20.69,20.69,20.69
18361204,20.69,20.69,20.69,20.69
18370305,20.69,20.69,20.69,20.69
18370604,20.69,20.69,20.67,20.67
18370903,20.67,22.7,20.67,22.7
18371203,22.7,22.7,21.6,21.6
18380304,21.6,21.6,21.52,21.52
18380603,21.52,21.52,21.52,21.52
18380831,21.52,21.52,20.69,20.69
18381130,20.69,20.73,20.69,20.73
18390303,20.73,20.73,20.73,20.73
18390531,20.73,20.73,20.73,20.73
18390901,20.73,20.73,20.73,20.73
18391201,20.73,20.73,20.73,20.73
18400301,20.73,20.73,20.73,20.73
18400607,20.73,20.73,20.73,20.73
18400906,20.73,20.73,20.73,20.73
18401206,20.73,20.73,20.73,20.73
18410307,20.73,20.73,20.73,20.73
18410606,20.73,20.73,20.73,20.73
18410905,20.73,20.73,20.67,20.67
18411205,20.67,20.67,20.67,20.67
18420306,20.67,20.67,20.67,20.67
18420605,20.67,20.67,20.67,20.67
18420904,20.67,20.73,20.67,20.73
18421204,20.73,20.73,20.69,20.69
18430305,20.69,20.69,20.69,20.69
18430604,20.69,20.71,20.69,20.71
18430903,20.71,20.71,20.67,20.67
18431203,20.67,20.67,20.67,20.67
18440303,20.67,20.67,20.67,20.67
18440531,20.67,20.67,20.67,20.67
18440901,20.67,20.67,20.67,20.67
18441201,20.67,20.67,20.67,20.67
18450228,20.67,20.67,20.67,20.67
18450601,20.67,20.67,20.67,20.67
18450907,20.67,20.67,20.67,20.67
18451207,20.67,20.67,20.67,20.67
18460301,20.67,20.67,20.67,20.67
18460607,20.67,20.67,20.67,20.67
18460906,20.67,20.67,20.67,20.67
18461206,20.67,20.67,20.67,20.67
18470307,20.67,20.67,20.67,20.67
18470606,20.67,20.67,20.67,20.67
18470905,20.67,20.67,20.67,20.67
18471205,20.67,20.67,20.67,20.67
18480305,20.67,20.67,20.67,20.67
18480604,20.67,20.67,20.67,20.67
18480903,20.67,20.67,20.67,20.67
18481203,20.67,20.67,20.67,20.67
18490304,20.67,20.67,20.67,20.67
18490603,20.67,20.67,20.67,20.67
18490831,20.67,20.67,20.67,20.67
18491130,20.67,20.67,20.67,20.67
18500303,20.67,20.67,20.67,20.67
18500531,20.67,20.67,20.67,20.67
18500901,20.67,20.67,20.67,20.67
18501201,20.67,20.67,20.67,20.67
18510228,20.67,20.67,20.67,20.67
18510601,20.67,20.67,20.67,20.67
18510907,20.67,20.67,20.67,20.67
18511207,20.67,20.67,20.67,20.67
18520307,20.67,20.67,20.67,20.67
18520606,20.67,20.67,20.67,20.67
18520905,20.67,20.67,20.67,20.67
18521205,20.67,20.67,20.67,20.67
18530306,20.67,20.67,20.67,20.67
18530605,20.67,20.67,20.67,20.67
18530904,20.67,20.67,20.67,20.67
18531204,20.67,20.67,20.67,20.67
18540305,20.67,20.67,20.67,20.67
18540604,20.67,20.67,20.67,20.67
18540903,20.67,20.67,20.67,20.67
18541203,20.67,20.67,20.67,20.67
18550304,20.67,20.67,20.67,20.67
18550603,20.67,20.67,20.67,20.67
18550831,20.67,20.67,20.67,20.67
18551130,20.67,20.67,20.67,20.67
18560229,20.67,20.67,20.67,20.67
18560601,20.67,20.67,20.67,20.67
18560907,20.67,20.67,20.67,20.67
18561207,20.67,20.67,20.67,20.67
18570301,20.67,20.67,20.67,20.67
18570607,20.67,20.67,20.67,20.67
18570906,20.67,20.81,20.67,20.81
18571206,20.81,20.81,20.71,20.71
18580307,20.71,20.71,20.67,20.67
18580606,20.67,20.67,20.67,20.67
18580905,20.67,20.67,20.67,20.67
18581205,20.67,20.67,20.67,20.67
18590306,20.67,20.67,20.67,20.67
18590605,20.67,20.67,20.67,20.67
18590904,20.67,20.67,20.67,20.67
18591204,20.67,20.67,20.67,20.67
18600304,20.67,20.67,20.67,20.67
18600603,20.67,20.67,20.67,20.67
18600831,20.67,20.67,20.67,20.67
18601130,20.67,20.67,20.67,20.67
18610303,20.67,20.67,20.67,20.67
18610531,20.67,20.67,20.67,20.67
18610901,20.67,20.67,20.67,20.67
18611201,20.67,20.67,20.67,20.67
18620228,20.67,20.77,20.67,20.77
18620601,20.77,20.77,20.77,20.77
18620907,20.77,27.54,20.77,27.54
18621207,27.54,27.54,27.54,27.54
18630301,27.54,27.54,27.54,27.54
18630607,27.54,27.54,25.24,25.24
18630906,25.24,35.45,25.24,35.45
18631206,35.45,35.45,31.39,31.39
18640306,31.39,31.39,31.39,31.39
18640605,31.39,31.39,31.31,31.31
18640904,31.31,57.05,31.31,57.05
18641204,57.05,57.05,46.36,46.36
18650305,46.36,46.36,46.36,46.36
18650604,46.36,48.01,46.36,48.01
18650903,48.01,48.01,26.59,26.59
18651203,26.59,29.9,26.59,29.9
18660304,29.9,29.9,29.9,29.9
18660603,29.9,32.19,29.9,32.19
18660831,32.19,32.19,25.84,25.84
18661130,25.84,27.49,25.84,27.49
18670303,27.49,27.49,27.49,27.49
18670531,27.49,27.49,27.28,27.28
18670901,27.28,30.1,27.28,30.1
18671201,30.1,30.1,27.59,27.59
18680301,27.59,27.59,27.59,27.59
18680607,27.59,27.59,27.31,27.31
18680906,27.31,30.7,27.31,30.7
18681206,30.7,30.7,27.83,27.83
18690307,27.83,27.83,27.83,27.83
18690606,27.83,29.3,27.83,29.3
18690905,29.3,29.3,24.7,24.7
18691205,24.7,24.73,24.7,24.73
18700306,24.73,24.73,24.73,24.73
18700605,24.73,25.22,24.73,25.22
18700904,25.22,25.22,22.74,22.74
18701204,22.74,22.89,22.74,22.89
18710305,22.89,22.89,22.89,22.89
18710604,22.89,23.72,22.89,23.72
18710903,23.72,23.72,22.4,22.4
18711203,22.4,22.53,22.4,22.53
18720303,22.53,22.53,22.53,22.53
18720531,22.53,22.53,22.43,22.43
18720901,22.43,23.85,22.43,23.85
18721201,23.85,23.85,23.15,23.15
18730228,23.15,23.15,23.15,23.15
18730601,23.15,24.49,23.15,24.49
18730907,24.49,24.49,21.94,21.94
18731207,21.94,22.79,21.94,22.79
18740301,22.79,22.79,22.79,22.79
18740607,22.79,22.79,22.53,22.53
18740906,22.53,23.54,22.53,23.54
18741206,23.54,23.54,23.12,23.12
18750307,23.12,23.12,23.12,23.12
18750606,23.12,23.12,23.1,23.1
18750905,23.1,24.23,23.1,24.23
18751205,24.23,24.23,23.33,23.33
18760305,23.33,23.33,23.33,23.33
18760604,23.33,23.69,23.33,23.69
18760903,23.69,23.69,22.12,22.12
18761203,22.12,22.12,22.12,22.12
18770304,22.12,22.12,22.12,22.12
18770603,22.12,22.14,22.12,22.14
18770831,22.14,22.14,21.19,21.19
18771130,21.19,21.24,21.19,21.24
18780303,21.24,21.24,21.24,21.24
18780531,21.24,21.24,21.24,21.24
18780901,21.24,21.24,20.67,20.67
18781201,20.67,20.67,20.67,20.67
18790228,20.67,20.67,20.67,20.67
18790601,20.67,20.67,20.67,20.67
18790907,20.67,20.67,20.67,20.67
18791207,20.67,20.67,20.67,20.67
18800307,20.67,20.67,20.67,20.67
18800606,20.67,20.67,20.67,20.67
18800905,20.67,20.67,20.67,20.67
18801205,20.67,20.67,20.67,20.67
18810306,20.67,20.67,20.67,20.67
18810605,20.67,20.67,20.67,20.67
18810904,20.67,20.67,20.67,20.67
18811204,20.67,20.67,20.67,20.67
18820305,20.67,20.67,20.67,20.67
18820604,20.67,20.67,20.67,20.67
18820903,20.67,20.67,20.67,20.67
18821203,20.67,20.67,20.67,20.67
18830304,20.67,20.67,20.67,20.67
18830603,20.67,20.67,20.67,20.67
18830831,20.67,20.67,20.67,20.67
18831130,20.67,20.67,20.67,20.67
18840229,20.67,20.67,20.67,20.67
18840601,20.67,20.67,20.67,20.67
18840907,20.67,20.67,20.67,20.67
18841207,20.67,20.67,20.67,20.67
18850301,20.67,20.67,20.67,20.67
18850607,20.67,20.67,20.67,20.67
18850906,20.67,20.67,20.67,20.67
18851206,20.67,20.67,20.67,20.67
18860307,20.67,20.67,20.67,20.67
18860606,20.67,20.67,20.67,20.67
18860905,20.67,20.67,20.67,20.67
18861205,20.67,20.67,20.67,20.67
18870306,20.67,20.67,20.67,20.67
18870605,20.67,20.67,20.67,20.67
18870904,20.67,20.67,20.67,20.67
18871204,20.67,20.67,20.67,20.67
18880304,20.67,20.67,20.67,20.67
18880603,20.67,20.67,20.67,20.67
18880831,20.67,20.67,20.67,20.67
18881130,20.67,20.67,20.67,20.67
18890303,20.67,20.67,20.67,20.67
18890531,20.67,20.67,20.67,20.67
18890901,20.67,20.67,20.67,20.67
18891201,20.67,20.67,20.67,20.67
18900228,20.67,20.67,20.67,20.67
18900601,20.67,20.67,20.67,20.67
18900907,20.67,20.67,20.67,20.67
18901207,20.67,20.67,20.67,20.67
18910301,20.67,20.67,20.67,20.67
18910607,20.67,20.67,20.67,20.67
18910906,20.67,20.67,20.67,20.67
18911206,20.67,20.67,20.67,20.67
18920306,20.67,20.67,20.67,20.67
18920605,20.67,20.67,20.67,20.67
18920904,20.67,20.67,20.67,20.67
18921204,20.67,20.67,20.67,20.67
18930305,20.67,20.67,20.67,20.67
18930604,20.67,20.67,20.67,20.67
18930903,20.67,20.67,20.67,20.67
18931203,20.67,20.67,20.67,20.67
18940304,20.67,20.67,20.67,20.67
18940603,20.67,20.67,20.67,20.67
18940831,20.67,20.67,20.67,20.67
18941130,20.67,20.67,20.67,20.67
18950303,20.67,20.67,20.67,20.67
18950531,20.67,20.67,20.67,20.67
18950901,20.67,20.67,20.67,20.67
18951201,20.67,20.67,20.67,20.67
18960301,20.67,20.67,20.67,20.67
18960607,20.67,20.67,20.67,20.67
18960906,20.67,20.67,20.67,20.67
18961206,20.67,20.67,20.67,20.67
18970307,20.67,20.67,20.67,20.67
18970606,20.67,20.67,20.67,20.67
18970905,20.67,20.67,20.67,20.67
18971205,20.67,20.67,20.67,20.67
18980306,20.67,20.67,20.67,20.67
18980605,20.67,20.67,20.67,20.67
18980904,20.67,20.67,20.67,20.67
18981204,20.67,20.67,20.67,20.67
18990305,20.67,20.67,20.67,20.67
18990604,20.67,20.67,20.67,20.67
18990903,20.67,20.67,20.67,20.67
18991203,20.67,20.67,20.67,20.67
19000304,20.67,20.67,20.67,20.67
19000603,20.67,20.67,20.67,20.67
19000831,20.67,20.67,20.67,20.67
19001130,20.67,20.67,20.67,20.67
19010303,20.67,20.67,20.67,20.67
19010531,20.67,20.67,20.67,20.67
19010901,20.67,20.67,20.67,20.67
19011201,20.67,20.67,20.67,20.67
19020228,20.67,20.67,20.67,20.67
19020601,20.67,20.67,20.67,20.67
19020907,20.67,20.67,20.67,20.67
19021207,20.67,20.67,20.67,20.67
19030301,20.67,20.67,20.67,20.67
19030607,20.67,20.67,20.67,20.67
19030906,20.67,20.67,20.67,20.67
19031206,20.67,20.67,20.67,20.67
19040306,20.67,20.67,20.67,20.67
19040605,20.67,20.67,20.67,20.67
19040904,20.67,20.67,20.67,20.67
19041204,20.67,20.67,20.67,20.67
19050305,20.67,20.67,20.67,20.67
19050604,20.67,20.67,20.67,20.67
19050903,20.67,20.67,20.67,20.67
19051203,20.67,20.67,20.67,20.67
19060304,20.67,20.67,20.67,20.67
19060603,20.67,20.67,20.67,20.67
19060831,20.67,20.67,20.67,20.67
19061130,20.67,20.67,20.67,20.67
19070303,20.67,20.67,20.67,20.67
19070531,20.67,20.67,20.67,20.67
19070901,20.67,20.67,20.67,20.67
19071201,20.67,20.67,20.67,20.67
19080301,20.67,20.67,20.67,20.67
19080607,20.67,20.67,20.67,20.67
19080906,20.67,20.67,20.67,20.67
19081206,20.67,20.67,20.67,20.67
19090307,20.67,20.67,20.67,20.67
19090606,20.67,20.67,20.67,20.67
19090905,20.67,20.67,20.67,20.67
19091205,20.67,20.67,20.67,20.67
19100306,20.67,20.67,20.67,20.67
19100605,20.67,20.67,20.67,20.67
19100904,20.67,20.67,20.67,20.67
19101204,20.67,20.67,20.67,20.67
19110305,20.67,20.67,20.67,20.67
19110604,20.67,20.67,20.67,20.67
19110903,20.67,20.67,20.67,20.67
19111203,20.67,20.67,20.67,20.67
19120303,20.67,20.67,20.67,20.67
19120531,20.67,20.67,20.67,20.67
19120901,20.67,20.67,20.67,20.67
19121201,20.67,20.67,20.67,20.67
19130228,20.67,20.67,20.67,20.67
19130601,20.67,20.67,20.67,20.67
19130907,20.67,20.67,20.67,20.67
19131207,20.67,20.67,20.67,20.67
19140301,20.67,20.67,20.67,20.67
19140607,20.67,20.67,20.67,20.67
19140906,20.67,20.67,20.67,20.67
19141206,20.67,20.67,20.67,20.67
19150307,20.67,20.67,20.67,20.67
19150606,20.67,20.67,20.67,20.67
19150905,20.67,20.67,20.67,20.67
19151205,20.67,20.67,20.67,20.67
19160305,20.67,20.67,20.67,20.67
19160604,20.67,20.67,20.67,20.67
19160903,20.67,20.67,20.67,20.67
19161203,20.67,20.67,20.67,20.67
19170304,20.67,20.67,20.67,20.67
19170603,20.67,20.67,20.67,20.67
19170831,20.67,20.67,20.67,20.67
19171130,20.67,20.67,20.67,20.67
19180303,20.67,20.67,20.67,20.67
19180531,20.67,20.67,20.67,20.67
19180901,20.67,20.67,20.67,20.67
19181201,20.67,20.67,20.67,20.67
19190228,20.67,20.67,20.67,20.67
19190601,20.67,20.67,20.67,20.67
19190907,20.67,20.67,20.67,20.67
19191207,20.67,20.67,20.67,20.67
19200307,20.67,20.67,20.67,20.67
19200606,20.67,20.67,20.67,20.67
19200905,20.67,20.67,20.67,20.67
19201205,20.67,20.67,20.67,20.67
19210306,20.67,20.67,20.67,20.67
19210605,20.67,20.67,20.67,20.67
19210904,20.67,20.67,20.67,20.67
19211204,20.67,20.67,20.67,20.67
19220305,20.67,20.67,20.67,20.67
19220604,20.67,20.67,20.67,20.67
19220903,20.67,20.67,20.67,20.67
19221203,20.67,20.67,20.67,20.67
19230304,20.67,20.67,20.67,20.67
19230603,20.67,20.67,20.67,20.67
19230831,20.67,20.67,20.67,20.67
19231130,20.67,20.67,20.67,20.67
19240229,20.67,20.67,20.67,20.67
19240601,20.67,20.67,20.67,20.67
19240907,20.67,20.67,20.67,20.67
19241207,20.67,20.67,20.67,20.67
19250301,20.67,20.67,20.67,20.67
19250607,20.67,20.67,20.67,20.67
19250906,20.67,20.67,20.67,20.67
19251206,20.67,20.67,20.67,20.67
19260307,20.67,20.67,20.67,20.67
19260606,20.67,20.67,20.67,20.67
19260905,20.67,20.67,20.67,20.67
19261205,20.67,20.67,20.67,20.67
19270306,20.67,20.67,20.67,20.67
19270605,20.67,20.67,20.67,20.67
19270904,20.67,20.67,20.67,20.67
19271204,20.67,20.67,20.67,20.67
19280304,20.67,20.67,20.67,20.67
19280603,20.67,20.67,20.67,20.67
19280831,20.67,20.67,20.67,20.67
19281130,20.67,20.67,20.67,20.67
19290303,20.67,20.67,20.67,20.67
19290531,20.67,20.67,20.67,20.67
19290901,20.67,20.67,20.67,20.67
19291201,20.67,20.67,20.67,20.67
19300228,20.67,20.67,20.67,20.67
19300601,20.67,20.67,20.67,20.67
19300907,20.67,20.67,20.67,20.67
19301207,20.67,20.67,20.67,20.67
19310301,20.67,20.67,20.67,20.67
19310607,20.67,20.67,20.67,20.67
19310906,20.67,20.67,20.67,20.67
19311206,20.67,20.67,20.67,20.67
19320306,20.67,20.67,20.67,20.67
19320605,20.67,20.67,20.67,20.67
19320904,20.67,20.67,20.67,20.67
19321204,20.67,20.67,20.67,20.67
19330305,20.67,20.67,20.67,20.67
19330604,20.67,20.67,20.67,20.67
19330903,20.67,34.06,20.67,34.06
19331203,34.06,34.06,32.32,32.32
19340304,32.32,34.06,32.32,34.06
19340603,34.06,34.06,34.06,34.06
19340831,34.06,35,34.06,35
19341130,35,35,35,35
19350303,35,35,35,35
19350531,35,35,35,35
19350901,35,35,35,35
19351201,35,35,35,35
19360301,35,35,35,35
19360607,35,35,35,35
19360906,35,35,35,35
19361206,35,35,35,35
19370307,35,35,35,35
19370606,35,35,35,35
19370905,35,35,35,35
19371205,35,35,35,35
19380306,35,35,35,35
19380605,35,35,35,35
19380904,35,35,35,35
19381204,35,35,35,35
19390305,35,35,35,35
19390604,35,35,35,35
19390903,35,35,35,35
19391203,35,35,35,35
19400303,35,35,34.75,34.75
19400531,34.75,34.75,34.75,34.75
19400901,34.75,34.75,34.1,34.1
19401201,34.1,34.5,34.1,34.5
19410228,34.5,34.5,34.5,34.5
19410601,34.5,34.5,34.25,34.25
19410907,34.25,35.5,34.25,35.5
19411207,35.5,35.5,35.5,35.5
19420301,35.5,35.5,35.5,35.5
19420607,35.5,35.5,35,35
19420906,35,36.25,35,36.25
19421206,36.25,36.25,35.5,35.5
19430307,35.5,35.5,35.5,35.5
19430606,35.5,35.5,35.5,35.5
19430905,35.5,36.5,35.5,36.5
19431205,36.5,36.5,36.5,36.5
19440305,36.5,36.5,36.5,36.5
19440604,36.5,36.75,36.5,36.75
19440903,36.75,36.75,36,36
19441203,36,36.25,36,36.25
19450304,36.25,36.25,36.25,36.25
19450603,36.25,36.25,36.25,36.25
19450831,36.25,38.25,36.25,38.25
19451130,38.25,38.25,37.25,37.25
19460303,37.25,37.75,37.25,37.75
19460531,37.75,37.75,37.75,37.75
19460901,37.75,39.5,37.75,39.5
19461201,39.5,39.5,38.25,38.25
19470228,38.25,38.25,38.25,38.25
19470601,38.25,38.25,37.5,37.5
19470907,37.5,43.25,37.5,43.25
19471207,43.25,43.25,43,43
19480307,43,43,43,43
19480606,43,43.25,43,43.25
19480905,43.25,43.25,41.5,41.5
19481205,41.5,42,41.5,42
19490306,42,42,42,42
19490605,42,42.5,42,42.5
19490904,42.5,42.5,40.5,40.5
19491204,40.5,40.5,40.5,40.5
19500305,40.5,40.5,40.5,40.5
19500604,40.5,41.5,40.5,41.5
19500903,41.5,41.5,36.5,36.5
19501203,36.5,40.25,36.5,40.25
19510304,40.25,40.25,40.25,40.25
19510603,40.25,44,40.25,44
19510831,44,44,40,40
19511130,40,40,40,40
19520229,40,40,40,40
19520601,40,40.75,40,40.75
19520907,40.75,40.75,38.15,38.15
19521207,38.15,38.7,38.15,38.7
19530301,38.7,38.7,38.7,38.7
19530607,38.7,39.25,38.7,39.25
19530906,39.25,39.25,35.25,35.25
19531206,35.25,35.5,35.25,35.5
19540307,35.5,35.5,35.5,35.5
19540606,35.5,35.5,35.5,35.5
19540905,35.5,35.5,35.25,35.25
19541205,35.25,35.25,35.25,35.25
19550306,35.25,35.25,35.25,35.25
19550605,35.25,35.25,35.25,35.25
19550904,35.25,35.25,35.15,35.15
19551204,35.15,35.15,35.15,35.15
19560304,35.15,35.15,35.15,35.15
19560603,35.15,35.15,35.15,35.15
19560831,35.15,35.2,35.15,35.2
19561130,35.2,35.2,35.2,35.2
19570303,35.2,35.2,35.2,35.2
19570531,35.2,35.2,35.15,35.15
19570901,35.15,35.25,35.15,35.25
19571201,35.25,35.25,35.25,35.25
19580228,35.25,35.25,35.25,35.25
19580601,35.25,35.25,35.25,35.25
19580907,35.25,35.25,35.25,35.25
19581207,35.25,35.25,35.25,35.25
19590301,35.25,35.25,35.25,35.25
19590607,35.25,35.25,35.25,35.25
19590906,35.25,35.25,35.25,35.25
19591206,35.25,35.25,35.25,35.25
19600306,35.25,35.25,35.25,35.25
19600605,35.25,35.25,35.2,35.2
19600904,35.2,36.5,35.2,36.5
19601204,36.5,36.5,36.5,36.5
19610305,36.5,36.5,36.5,36.5
19610604,36.5,36.5,36.5,36.5
19610903,36.5,36.5,35.15,35.15
19611203,35.15,35.5,35.15,35.5
19620304,35.5,35.5,35.5,35.5
19620603,35.5,35.5,35.5,35.5
19620831,35.5,35.5,35.2,35.2
19621130,35.2,35.35,35.2,35.35
19630303,35.35,35.35,35.35,35.35
19630531,35.35,35.42,35.35,35.42
19630901,35.42,35.42,35.25,35.25
19631201,35.25,35.25,35.25,35.25
19640301,35.25,35.25,35.25,35.25
19640607,35.25,35.25,35.25,35.25
19640906,35.25,35.35,35.25,35.35
19641206,35.35,35.35,35.35,35.35
19650307,35.35,35.35,35.35,35.35
19650606,35.35,35.35,35.25,35.25
19650905,35.25,35.5,35.25,35.5
19651205,35.5,35.5,35.5,35.5
19660306,35.5,35.5,35.5,35.5
19660605,35.5,35.5,35.5,35.5
19660904,35.5,35.5,35.3,35.3
19661204,35.3,35.4,35.3,35.4
19670305,35.4,35.4,35.4,35.4
19670604,35.4,35.4,35.27,35.27
19670903,35.27,35.5,35.27,35.5
19671203,35.5,35.5,35.5,35.5
19680204,35.2,35.2,35.2,35.2
19680303,35.2,35.2,35.2,35.2
19680331,39.4,39.4,39.4,39.4
19680505,39.1,39.1,39.1,39.1
19680602,41.3,41.3,41.3,41.3
19680630,41,41,41,41
19680804,38.75,38.75,38.75,38.75
19680901,39.9,39.9,39.9,39.9
19681006,38.55,38.55,38.55,38.55
19681103,39.5,39.5,39.5,39.5
19681201,40.62,40.62,40.62,40.62
19690105,41.72,41.72,41.72,41.72
19690202,42.52,42.52,42.52,42.52
19690302,42.7,42.7,42.7,42.7
19690406,43.4,43.4,43.4,43.4
19690504,43.6,43.6,43.6,43.6
19690601,43.37,43.37,43.37,43.37
19690608,42.9,42.9,40.9,40.9
19690615,40.9,42.5,40.9,41.8
19690622,41.8,41.8,40.8,41.5
19690629,41.5,41.5,41.1,41.3
19690706,41.3,41.8,41.3,41.8
19690713,41.8,42.3,41.8,42.1
19690720,42.1,42.2,42,42.2
19690727,42.2,42.2,42,42.1
19690803,42.1,42.1,41.6,41.6
19690810,41.6,41.6,41.2,41.3
19690817,41.3,41.4,41.1,41.1
19690824,41.1,41.4,41.1,41.3
19690831,41.3,41.3,40.9,41.1
19690907,41.1,41.1,40.9,41.1
19690914,41.1,41.3,41.1,41.3
19690921,41.3,41.3,41.1,41.1
19690928,41.1,41.1,41,41
19691005,41,41.2,40.9,41.2
19691012,41.2,41.2,40.9,40.9
19691019,40.9,40.9,40.8,40.8
19691026,40.8,40.8,40.2,40.3
19691102,40.3,40.4,40,40
19691109,40,40,38.7,38.7
19691116,38.7,38.7,38,38.1
19691123,38.1,38.1,36.3,36.3
19691130,36.3,36.3,35.7,35.9
19691207,35.9,35.9,35.4,35.4
19691214,35.4,35.5,35.2,35.5
19691221,35.5,35.5,35.2,35.2
19691228,35.2,35.4,35.2,35.4
19700104,35.4,35.4,35.4,35.4
19700111,35.4,35.4,35.1,35.1
19700118,35.1,35.1,34.9,34.9
19700125,34.9,35.2,34.9,35.2
19700201,35.2,35.2,35.1,35.2
19700208,35.2,35.2,35.2,35.2
19700215,35.2,35.2,35.2,35.2
19700222,35.2,35.2,35.1,35.2
19700301,35.2,35.2,35.2,35.2
19700308,35.2,35.2,35.1,35.1
19700315,35.1,35.2,35.1,35.2
19700322,35.2,35.4,35.2,35.3
19700329,35.3,35.5,35.3,35.4
19700405,35.4,35.5,35.4,35.5
19700412,35.5,35.6,35.5,35.6
19700419,35.6,36,35.6,36
19700426,36,36.2,36,36
19700503,36,36.1,35.9,36.1
19700510,36.1,36.4,36.1,36.4
19700517,36.4,36.4,36.1,36.2
19700524,36.2,36.2,36.1,36.1
19700531,36.1,36.1,35.8,35.8
19700607,35.8,35.8,35.3,35.4
19700614,35.4,35.9,35.4,35.8
19700621,35.8,35.8,35.6,35.6
19700628,35.6,35.8,35.6,35.6
19700705,35.6,35.7,35.6,35.7
19700712,35.7,35.7,35.5,35.5
19700719,35.5,35.5,35.5,35.5
19700726,35.5,35.5,35.5,35.5
19700802,35.5,35.5,35.5,35.5
19700809,35.5,35.5,35.5,35.5
19700816,35.5,35.5,35.5,35.5
19700823,35.5,35.6,35.5,35.6
19700830,35.6,36,35.6,36
19700906,36,36.5,36,36.5
19700913,36.5,36.6,36.4,36.6
19700920,36.6,36.6,36.3,36.4
19700927,36.4,36.5,36.4,36.4
19701004,36.4,36.6,36.4,36.6
19701011,36.6,37.2,36.6,37.2
19701018,37.2,37.8,37.2,37.7
19701025,37.7,38.7,37.7,38.7
19701101,38.7,39.9,37.5,37.5
19701108,37.5,37.9,37,37.4
19701115,37.4,37.9,37.4,37.9
19701122,37.9,37.9,37.7,37.9
19701129,37.9,37.9,37.7,37.9
19701206,37.9,37.9,37.7,37.8
19701213,37.8,37.8,37.4,37.4
19701220,37.4,37.9,37.4,37.9
19701227,37.9,37.9,37.6,37.6
19710103,37.6,37.7,37.6,37.6
19710110,37.6,37.8,37.6,37.7
19710117,37.7,38.4,37.7,38.4
19710124,38.4,38.4,38.2,38.2
19710131,38.2,38.4,38.2,38.4
19710207,38.4,39.2,38.4,38.7
19710214,38.7,39.2,38.7,39.1
19710221,39.1,39.2,39,39
19710228,39,39.1,39,39.1
19710307,39.1,39.1,39,39
19710314,39,39.3,39,39.3
19710321,39.3,39.3,39.1,39.2
19710328,39.2,39.2,39.2,39.2
19710404,39.2,39.2,39,39.1
19710411,39.1,39.2,39.1,39.2
19710418,39.2,39.2,39.2,39.2
19710425,39.2,39.4,39.2,39.3
19710502,39.3,39.9,39.2,39.9
19710509,39.9,40.6,39.7,40.1
19710516,40.1,41.5,40.1,41.5
19710523,41.5,41.5,40.9,41.2
19710530,41.2,41.3,41.1,41.1
19710606,41.1,41.1,40.9,40.9
19710613,40.9,40.9,39.9,39.9
19710620,39.9,40.3,39.8,40.2
19710627,40.2,40.6,40.2,40.4
19710704,40.4,40.6,40.2,40.6
19710711,40.6,40.6,40.5,40.5
19710718,40.5,41,40.5,41
19710725,41,42,41,42
19710801,42,42.7,42,42.7
19710808,42.7,43.1,42.6,42.9
19710815,42.9,44.2,42.9,43.3
19710822,43.3,43.7,43.3,43.6
19710829,43.6,43.6,41.4,41.4
19710905,41.4,42,41,42
19710912,42,42.1,41.7,42
19710919,42,42.6,41.9,42.4
19710926,42.4,42.8,42.4,42.8
19711003,42.8,43.4,42.7,42.7
19711010,42.7,42.8,42.7,42.7
19711017,42.7,43,42.7,42.8
19711024,42.8,42.8,42.7,42.7
19711031,42.7,42.8,42.6,42.6
19711107,42.6,42.6,42.4,42.6
19711114,42.6,43,42.6,43
19711121,43,43.4,43,43.4
19711128,43.4,43.8,43.4,43.8
19711205,43.8,44.1,43.8,44.1
19711212,44.1,44.2,43.7,44
19711219,44,44,43,43
19711226,43,43.7,43,43.7
19720102,43.7,43.8,43.7,43.8
19720109,43.8,46.1,43.8,46.1
19720116,46.1,46.2,44.5,46.2
19720123,46.2,46.5,46.1,46.2
19720130,46.2,47.6,46.2,47.6
19720206,47.6,49.5,47.3,47.3
19720213,47.3,48.7,47.3,48.5
19720220,48.5,48.7,48.1,48.7
19720227,48.7,49.1,48.7,48.8
19720305,48.8,48.8,48.3,48.3
19720312,48.3,48.7,48.3,48.6
19720319,48.6,48.7,48.6,48.7
19720326,48.7,48.7,48.6,48.6
19720402,48.6,48.7,48.6,48.6
19720409,48.6,48.7,48.6,48.6
19720416,48.6,49.6,48.6,49.6
19720423,49.6,49.7,49.6,49.6
19720430,49.6,49.9,49.5,49.9
19720507,49.9,51.3,49.9,51.3
19720514,51.3,54,51.3,53.2
19720521,53.2,58,53.2,57.3
19720528,57.3,58.2,57.3,58.2
19720604,58.2,59.7,58.2,59.7
19720611,59.7,65.1,59.7,62.8
19720618,62.8,62.8,61.3,61.8
19720625,61.8,63.3,61.4,63.3
19720702,63.3,64.9,63.1,64.9
19720709,64.9,66.2,64.9,65.5
19720716,65.5,65.9,65.1,65.2
19720723,65.2,65.8,65.1,65.3
19720730,65.3,68.4,65.3,68.4
19720806,68.4,70.3,68.4,68.8
19720813,68.8,68.8,65.4,66
19720820,66,66.9,66,66.9
19720827,66.9,67.6,66.9,67.4
19720903,67.4,67.4,66.9,67.1
19720910,67.1,67.4,67.1,67.4
19720917,67.4,67.5,65.7,65.7
19720924,65.7,65.7,61.5,64.2
19721001,64.2,64.7,63.8,64.5
19721008,64.5,65.9,64.4,65.8
19721015,65.8,65.8,64.9,65
19721022,65,65.4,65,65.3
19721029,65.3,65.3,64.8,64.9
19721105,64.9,64.9,64.3,64.4
19721112,64.4,64.4,63.1,63.1
19721119,63.1,63.1,60.6,60.6
19721126,60.6,63.5,60.6,63.5
19721203,63.5,64.5,63.5,64.5
19721210,64.5,64.5,63.4,63.4
19721217,63.4,64.2,63.2,64.2
19721224,64.2,65.7,64.2,64.5
19721231,64.5,65.2,64.5,65.2
19730107,65.2,65.6,65.2,65.5
19730114,65.5,65.5,65.3,65.4
19730121,65.4,65.4,64.2,64.8
19730128,64.8,65.9,64.8,65.8
19730204,65.8,67.2,65.6,67.2
19730211,67.2,69.3,67.2,68.4
19730218,68.4,73.9,68.4,73.6
19730225,73.6,86.8,73.6,85.3
19730304,85.3,86.3,81,86.3
19730311,86.3,86.3,82.8,83.1
19730318,83.1,83.1,80.3,83
19730325,83,84.8,81.9,84.8
19730401,84.8,90.3,84.8,90.3
19730408,90.3,91.2,89.5,91
19730415,91,91.5,90.3,90.3
19730422,90.3,91.3,89.6,91
19730429,91,91.1,90.4,90.9
19730506,90.9,91,90.6,90.6
19730513,90.6,97,90.6,97
19730520,97,110.3,97,105.8
19730527,105.8,112.3,105.8,106.8
19730603,106.8,118,106.8,118
19730610,118,126.3,117.5,117.5
19730617,117.5,120.3,115.8,120.3
19730624,120.3,122.8,120.3,120.3
19730701,120.3,123.5,118.8,123.5
19730708,123.5,124.8,121.3,124.8
19730715,124.8,126.3,119.3,121.3
19730722,121.3,121.3,114.5,118
19730729,118,120.2,117.3,117.3
19730805,117.3,117.8,115.8,116.3
19730812,116.3,116.3,107,107
19730819,107,107,94.3,104.3
19730826,104.3,109.8,100.5,101.3
19730902,101.3,107.6,101.3,103.8
19730909,103.8,106.4,103.8,105.5
19730916,105.5,105.5,100.5,100.6
19730923,100.6,104.3,100.6,103.8
19730930,103.8,103.8,100.3,100.3
19731007,100.3,100.3,97,98.8
19731014,98.8,104,98.8,102.2
19731021,102.2,103.8,101.3,101.3
19731028,101.3,101.3,98.5,98.5
19731104,98.5,98.5,97,98.5
19731111,98,98.5,97.35,98.5
19731118,97.25,97.25,90,90.25
19731125,90.5,90.5,89.75,90
19731202,90,102,90,101.2
19731209,101.2,107.5,100.5,107.5
19731216,107.5,107.5,103.9,105.2
19731223,105.2,109.2,105.2,107
19731230,107,112.3,107,112.3
19740106,112.3,121.5,112.3,118.8
19740113,118.8,126.8,118.8,122.3
19740120,122.3,130.3,122.3,130.3
19740127,130.3,141.3,130.3,141.2
19740203,141.2,141.2,130.8,130.8
19740210,130.8,143.3,130.8,143.3
19740217,143.3,149.1,143.3,149.1
19740224,149.1,163.3,149.1,163.3
19740303,163.3,175.3,162.8,167.8
19740310,167.8,167.8,159.3,165.3
19740317,165.3,165.8,163.3,164.1
19740324,164.1,177.8,164.1,177.8
19740331,177.8,177.8,172.5,173.3
19740407,173.3,179.8,173.3,173.5
19740414,173.5,173.8,167.3,173.8
19740421,173.8,174,170.2,172.3
19740428,172.3,175,169.3,169.3
19740505,169.3,169.9,169.3,169.3
19740512,169.3,169.3,158,168
19740519,168,168,164.3,165.8
19740526,165.8,165.8,159.8,162
19740602,162,162.3,154.3,157
19740609,157,162,154.7,155.8
19740616,155.8,160.8,155.8,160.8
19740623,160.8,160.8,152,154
19740630,154,154,144.5,144.5
19740707,144.5,144.5,134.3,134.3
19740714,134.3,145.7,134.3,137.2
19740721,137.2,145.8,137.2,145.8
19740728,145.8,149.3,143.3,149.3
19740804,149.3,159.6,149.3,156.8
19740811,156.8,156.8,152.3,154.5
19740818,154.5,156.5,151.8,155.8
19740825,155.8,156.3,154.3,154.3
19740901,154.3,156.3,153.8,156.3
19740908,156.3,158,156.3,157.3
19740915,157.3,157.3,153.2,153.2
19740922,153.2,153.2,146.3,146.3
19740929,146.3,148.3,145.7,146
19741006,146,159.3,146,159.3
19741013,159.3,159.3,155.3,157.2
19741020,157.2,157.2,155.2,155.5
19741027,155.5,163.5,155.5,163.5
19741103,163.5,168.5,163.5,168
19741110,168,183.2,168,183.2
19741117,183.2,188.5,180.2,187.7
19741124,187.7,190.8,180.8,182.5
19741201,182.5,186.2,182.5,185.3
19741208,185.3,186,174.5,181.1
19741215,181.1,181.1,175,180
19741222,180,188.7,180,187.7
19741229,187.7,195.2,187.7,195.2
19750105,195.2,195.5,172.5,177.5
19750112,177.5,183.9,169,183.8
19750119,183.8,184.1,174.6,174.7
19750126,174.7,182.9,174.7,182.2
19750202,182.2,183,177,178
19750209,178,179.7,174.5,177.3
19750216,177.3,186.8,175.5,184.9
19750223,184.9,188.5,181.7,186
19750302,186,189,181,183
19750309,183,183.6,176.4,178
19750316,178,180.5,176.1,178.7
19750323,178.7,179.5,175,175.6
19750330,175.6,180.8,175.2,178.5
19750406,178.5,179.9,173.3,173.8
19750413,173.8,175.6,172.1,172.7
19750420,172.7,172.7,162.3,169
19750427,169,169.5,164.9,166.8
19750504,166.8,168.4,165,165
19750511,165,167.5,163.4,166.6
19750518,166.6,171.3,165.6,166.9
19750525,166.9,176.9,166.9,174.7
19750601,174.7,176,168.2,169
19750608,169,169,162.4,167.2
19750615,167.2,168.5,165.7,165.9
19750622,165.9,166.2,163.4,164.3
19750629,164.3,168.5,163.3,167.9
19750706,167.9,169.7,165.3,166.4
19750713,166.4,173.3,163.6,173
19750720,173,174.3,169.6,170.8
19750727,170.8,174.3,169.9,174.3
19750803,174.3,177.6,173,173.4
19750810,173.4,173.9,165.5,166.6
19750817,166.6,169.2,163,166.8
19750824,166.8,167.8,165.3,165.8
19750831,165.8,166.8,162.5,162.8
19750907,162.8,162.8,150.8,156
19750914,156,156,148,149.7
19750921,149.7,150.2,135,138.4
19750928,138.4,139.3,129,139
19751005,139,146.2,138.2,139.9
19751012,139.9,144.7,138.5,143.6
19751019,143.6,147.4,140.7,146.1
19751026,146.1,148,143.5,144.1
19751102,144.1,145,142,142.8
19751109,142.8,149.1,142.8,147.8
19751116,147.8,155.3,141,141.6
19751123,141.6,153.7,139.5,152.3
19751130,152.3,152.8,147.5,147.8
19751207,147.8,149.1,146,146.6
19751214,146.6,148.8,144.4,145.9
19751221,145.9,153.5,145.3,153.5
19751228,153.5,153.5,149.2,149.4
19760104,149.4,151,148.5,148.8
19760111,148.8,148.8,142.7,143.4
19760118,143.4,144,136.1,136.8
19760125,136.8,136.8,129,133.5
19760201,133.5,135.3,130.3,134
19760208,134,138.2,134,136.5
19760215,136.5,136.7,134,136
19760222,136,136.2,133.6,136
19760229,136,138.4,135.8,136.5
19760307,136.5,138.3,134.9,137.8
19760314,137.8,138.4,136.4,136.7
19760321,136.7,138,135.6,137.6
19760328,137.6,137.6,132.6,132.8
19760404,132.8,133.3,130.5,132.6
19760411,132.6,132.8,130.3,130.5
19760418,130.5,132.5,129.9,131.3
19760425,131.3,132.6,130.9,131.1
19760502,131.1,133.5,131.1,132.5
19760509,132.5,133.2,130,132.3
19760516,132.3,133,130.9,131.1
19760523,131.1,131.3,128.3,129.1
19760530,129.1,131.4,127.3,130.1
19760606,130.1,136,130.1,131
19760613,131,132.8,129.5,130
19760620,130,130.5,129.2,130.1
19760627,130.1,130.2,127.8,128.1
19760704,128.1,128.1,125.1,126.3
19760711,126.3,127.1,125.4,125.5
19760718,125.5,126,118.5,120.1
19760725,120.1,120.1,107.7,113.3
19760801,113.3,116.9,113.2,114.2
19760808,114.2,115.2,112.4,113.8
19760815,113.8,115.1,113.3,114.5
19760822,114.5,114.5,107,108.6
19760829,108.6,108.6,100,103.1
19760905,103.1,108.1,101.6,108
19760912,108,118.9,108,118.4
19760919,118.4,121,110,117.5
19760926,117.5,120.5,114.8,118.6
19761003,118.6,119.2,115,116
19761010,116,116.8,112.9,114
19761017,114,117.2,113.4,117
19761024,117,117.3,114.9,115.8
19761031,115.8,126,115.8,123.8
19761107,123.8,128.2,122.8,128
19761114,128,137.7,128,136.9
19761121,136.9,141,128,130.8
19761128,130.8,138.6,130.8,132.6
19761205,132.6,133.9,131.3,133.3
19761212,133.3,144.5,133.3,143.7
19761219,143.7,143.7,133.4,133.9
19761226,133.9,137.3,133.9,135.7
19770102,135.7,138.5,135.7,137.7
19770109,137.7,140.8,137.4,138.8
19770116,138.8,138.8,127.5,136.9
19770123,136.9,139.2,131.6,133.4
19770130,133.4,140.5,132,132.9
19770206,132.9,138.9,132.9,138.7
19770213,138.7,142.1,134.7,141.8
19770220,142.1,143.3,140.9,143.2
19770227,143.55,144.2,140.1,143.6
19770306,144.15,150,143.6,149.7
19770313,149.85,152,147.2,147.7
19770320,148.65,153,146.5,152.6
19770327,153.25,156.35,152.4,154.8
19770403,155,155,148.1,152.2
19770410,152.75,152.75,147.3,149.5
19770417,150.05,154.7,149.6,152.7
19770424,152.95,153.1,148,150.1
19770501,150.45,150.45,144.8,148
19770508,148.3,150.15,146.3,148.5
19770515,148.55,149,146.5,148.3
19770522,149.1,152.1,146.4,151.4
19770529,152.25,152.25,145.5,148.1
19770605,148.25,148.5,144.8,146.4
19770612,146.4,147.8,140.5,142.1
19770619,142.1,144,139.8,143.1
19770626,143.35,145.3,142.3,144.3
19770703,144.7,147.2,144.4,144.4
19770710,144.5,145.3,142.7,144.7
19770717,145.6,148.5,143.6,147.2
19770724,147.35,149.4,146.1,147.7
19770731,147.9,150.15,145.7,147.1
19770807,147.75,150.2,146.5,149.2
19770814,150.05,150.05,145.8,146
19770821,146.5,147.45,144,146.8
19770828,147.15,148.6,145.2,148.6
19770904,149.5,150.9,147.4,150.8
19770911,151.6,151.6,149.1,150.4
19770918,151.2,151.9,149.6,151.5
19770925,151.55,154.65,151.55,154
19771002,154.35,157.1,154.35,156.4
19771009,156.6,158.2,155.4,157.3
19771016,157.85,162.2,157.85,162.1
19771023,163.05,164.7,160.1,164.3
19771030,164.55,167.05,160.5,162
19771106,162.75,168.5,161.7,168.3
19771113,168.55,169.9,164.6,168.9
19771120,169.65,169.65,157.5,161.5
19771127,161.9,162,154.7,161.8
19771204,162.65,164.1,159.5,160.1
19771211,160.45,164.2,159.7,160
19771218,160.55,162.05,157.1,161.6
19771225,161.95,164.7,160,164.7
19780101,164.75,168.2,164.7,167.5
19780108,168.1,174.1,165.5,171.3
19780115,171.5,176.2,170.3,175.5
19780122,175.65,182.05,175.65,178.7
19780129,179,183.7,179,180
19780205,180.05,181.9,177.6,179.1
19780212,179.75,181.1,176,180.5
19780219,180.7,185.7,180.7,183.9
19780226,184.65,188.5,183.5,184.2
19780305,185.1,188.8,183.6,187.3
19780312,187.95,195.7,187.5,191.6
19780319,192.5,192.8,183.8,184.5
19780326,184.95,184.95,178.1,183.4
19780402,183.85,187.2,180.9,186.2
19780409,186.35,186.35,176,179.5
19780416,180.4,183,177.3,178.3
19780423,178.5,178.5,168,171.5
19780430,172.45,172.45,166.8,170.6
19780507,170.95,174.9,169.2,174
19780514,174.1,177,172.3,174.4
19780521,175.2,179.75,175,178.6
19780528,178.6,188.6,178.6,188.2
19780604,188.9,194.5,188.9,190.9
19780611,191.3,191.6,187.6,189
19780618,189.2,193.5,187.2,193.5
19780625,194.3,195.5,192,193.4
19780702,193.5,193.8,188.4,189.2
19780709,190,192.4,188.6,192.2
19780716,193.15,194.05,191.6,192.5
19780723,193.45,203.8,189.5,202.5
19780730,202.95,209,198.5,206.9
19780806,207.15,214.3,205,209.6
19780813,210.05,218,208.5,216
19780820,216.7,221.5,209.5,212.7
19780827,213.55,213.55,201.5,202.6
19780903,203.3,215.7,202.5,215.5
19780910,215.9,218.6,207.6,210.2
19780917,210.9,216.9,208.1,214.5
19780924,214.65,223.3,212.5,222.8
19781001,223.35,224.6,215,220.9
19781008,221.2,228.2,220.2,225.5
19781015,226,231.15,224.5,226.9
19781022,227.05,232.4,225.2,230
19781029,230.55,239.7,226.7,239.4
19781105,239.85,249.4,212.5,215
19781112,215.75,223.2,205.4,210.2
19781119,210.35,212.7,194.2,200
19781126,200.8,207.5,196.7,205.1
19781203,205.4,205.4,194.4,200.1
19781210,200.7,207.8,197.8,207.6
19781217,208.5,211.6,203.5,208.1
19781224,208.7,224.2,208.7,216.7
19781231,217.65,251,216.2,229
19790107,229.35,229.7,219.5,224.8
19790114,225.7,228,217.5,219.4
19790121,220.15,237.5,216.6,237
19790128,237.5,243.2,234,240.2
19790204,240.25,243.5,232,242.5
19790211,242.55,257.55,240,247.3
19790218,248,253.3,240.5,250.6
19790225,251,258.8,248.5,255.7
19790304,255.85,257,242,243.2
19790311,243.65,246.9,235,245.9
19790318,246.8,250.1,242,248
19790325,248.1,249,243.5,246.4
19790401,247.3,252,241,243.8
19790408,244,246,241.3,244.3
19790415,245.25,245.25,234.9,235.6
19790422,236.15,244.3,231.8,239
19790429,239.65,248.8,237.8,248.5
19790506,248.55,251.5,246.2,250.3
19790513,250.65,255.3,246.1,249.8
19790520,250.1,274.9,250.1,274.4
19790527,275.4,281.5,267.5,275.3
19790603,275.85,282,269.5,276.9
19790610,277.8,294.75,275.3,284.6
19790617,285.25,286.7,278.4,283.1
19790624,283.9,287.5,279.5,284.6
19790701,285.35,288.6,275.5,283.8
19790708,284.55,303.5,282.3,301.4
19790715,301.55,304.5,297,301.4
19790722,302.35,315,302.35,313.7
19790729,314.05,319.5,314.05,317.3
19790805,317.5,317.5,293,295.8
19790812,296.4,314.5,288,312.7
19790819,313.2,313.2,298.5,307.3
19790826,307.95,326,305.3,320.7
19790902,320.95,330,320.95,326.7
19790909,327.05,348,327.05,346.3
19790916,347.05,359.2,340,354.4
19790923,355.3,396.8,355.3,384.2
19790930,384.3,409,377.5,404.5
19791007,405.15,444.5,379,393
19791014,393.65,424.5,373,404
19791021,404.15,413,377,400
19791028,400.6,405.5,375,377.7
19791104,377.85,389,365,378.5
19791111,379.5,403.5,379.5,391.2
19791118,391.85,414.4,385,410.9
19791125,411.1,416.5,388.3,415.7
19791202,416.3,432.8,400,430.5
19791209,430.95,447.8,430.95,436
19791216,436.4,478,436.4,474.5
19791223,474.65,500.3,467,495.5
19791230,495.9,530,495.8,525
19800106,525.95,626.5,525.95,611
19800113,611,636,597,628
19800120,628.35,854.8,628.35,845
19800127,845.6,910.6,661,661
19800203,661.9,726,625,704
19800210,704.95,728,673,717.5
19800217,718.35,742.5,673,680.5
19800224,681.4,683,630.5,641.5
19800302,641.6,666.5,617,640
19800309,640.65,660,599,605
19800316,605.7,605.7,516,530
19800323,530.95,569,463,565
19800330,565.8,572,453,525
19800406,525.4,530,483,501.5
19800413,502.35,570,502,544
19800420,544.3,547,501,520
19800427,520.9,563,495,547
19800504,547.8,547.8,482,516
19800511,516.75,524.5,504.5,515.7
19800518,516.05,530,509,514.8
19800525,515.25,517,495,510
19800601,510.8,562.5,510.8,555
19800608,555.2,617.5,555.2,616
19800615,616.4,640,593,613
19800622,613.75,617,597,609.5
19800629,609.8,658,602,657.5
19800706,658.35,680.5,651,676
19800713,676.25,696,653,670.5
19800720,670.85,670.85,604,614
19800727,614.5,680,609,678
19800803,678.6,678.6,625,640
19800810,640.65,657.5,640.65,647
19800817,647.35,648,620,635
19800824,635.9,679.5,622.5,658
19800831,658.3,658.3,641.5,656
19800907,656.35,678,654.8,670
19800914,670.15,720,670.15,704
19800921,704.45,709,680,708
19800928,708.7,748.5,703.5,703.5
19801005,703.55,703.55,669,684.5
19801012,685.15,708.5,685.15,700
19801019,700.45,700.45,661,665
19801026,665.25,673.5,634,639
19801102,639.55,652.5,627,642
19801109,642.85,665,593,607
19801116,607.35,626.5,594,621
19801123,621.75,649.5,610,638.5
19801130,638.95,659.5,628,644.5
19801207,645.05,657,627,638
19801214,638.05,638.05,558,587
19801221,587.05,608,562.5,607.5
19801228,608.35,619,597.5,617
19810104,617.85,617.85,586,594.5
19810111,594.9,612,570,581
19810118,581.6,581.6,555,567.5
19810125,568.2,581,548,552.5
19810201,552.75,552.75,498,512.5
19810208,513.2,521,490,514
19810215,514.4,530.5,490,501
19810222,501.6,522,498,514.5
19810301,514.75,514.75,485,486.5
19810308,487.45,487.45,453,467
19810315,467.7,497.3,467.7,488.5
19810322,489.5,537,489.5,537
19810329,537.8,568,519.5,542.5
19810405,543.45,543.45,515,532.5
19810412,532.65,545.5,494,496
19810419,496.25,498,476,495.5
19810426,495.5,509,479.5,491.3
19810503,492.15,497.5,478,496
19810510,496.45,497.5,478,496.5
19810517,496.95,503,475,479.5
19810524,479.75,486.5,466,471
19810531,471.6,495.2,464.8,492.5
19810607,492.9,499.8,461.5,462.5
19810614,463.15,487.5,463.15,476
19810621,476.8,485.5,464.5,467.5
19810628,467.8,475.5,443,447
19810705,447.7,447.7,412,416.5
19810712,416.5,423.5,397,422
19810719,422.6,426.5,402.2,420
19810726,420.3,420.3,406,408.2
19810802,408.2,426.4,398,423.2
19810809,423.3,423.3,405,414.8
19810816,415,439.3,410,430.5
19810823,431.5,463,428.5,452.5
19810830,453.35,453.35,423,445
19810906,445.95,463.3,437.5,455.5
19810913,456.05,474,447.5,470
19810920,470.45,477.5,453.5,465
19810927,465.9,482.5,437,441.5
19811004,441.6,450,428,447.5
19811011,448.4,469,443,457
19811018,457.35,459.5,447,447.5
19811025,447.9,447.9,433,436
19811101,436.25,437,426.5,431.2
19811108,431.5,436,429.8,430.9
19811115,430.95,433,407,415.2
19811122,415.4,415.4,395.5,398
19811129,398.5,420.5,392.5,419.8
19811206,420.45,437,406,429
19811213,429.4,429.4,408.5,412.5
19811220,413.15,429,413.15,418.2
19811227,419,419,402,406.3
19820103,407.25,407.25,396.5,402.8
19820110,403.2,411,395.5,397.5
19820117,397.55,397.55,371.5,372
19820124,372.95,379.8,369,378.5
19820131,378.7,395.8,370.5,391.8
19820207,392.45,394.4,384.5,392
19820214,392.7,392.7,382.7,384.9
19820221,385.3,385.3,368.5,369.3
19820228,369.4,373.1,362.7,364.5
19820307,365.2,366.5,336,336.3
19820314,336.75,339.8,317.5,319.6
19820321,320,328,312.5,317.7
19820328,318.4,336,318.4,329.2
19820404,330.05,337.2,323.4,336.8
19820411,337.75,368.5,337.75,366
19820418,366.85,377.5,355.8,366
19820425,366.5,366.5,342,356.7
19820502,357,367,335.5,346.5
19820509,346.6,351,331,336.5
19820516,337.05,341.5,329,340
19820523,340.2,345.8,335.6,337.2
19820530,337.55,338.5,327.5,329
19820606,329.3,329.3,321,325.3
19820613,325.45,343.2,325.45,333.2
19820620,333.95,333.95,308,308.5
19820627,309.35,315.5,297.5,310.2
19820704,310.65,322.5,305.5,315
19820711,315.15,349.7,308.3,348
19820718,348.15,362,340.2,351.5
19820725,352,377,344.5,361.2
19820801,362.15,362.15,334.3,355.5
19820808,356.05,366.85,354,355.5
19820815,356.35,356.35,340.2,344.9
19820822,345.7,401,345.7,396
19820829,397,441,397,413
19820905,413.65,465.5,405,465.5
19820912,466.35,509,447,452
19820919,452.75,468,441,443
19820926,443.05,457.8,423,424.3
19821003,424.95,424.95,396,413
19821010,413.45,444,390,424.5
19821017,425.5,465,425.5,433
19821024,433.25,449,422.5,435.5
19821031,435.65,435.65,414,423
19821107,423.7,438.5,416,419
19821114,419.85,419.85,398,410.5
19821121,411.45,421,401,414.8
19821128,415,438.5,405,433.9
19821205,434.85,456.4,433.5,447.8
19821212,448.35,465.5,439.5,441.5
19821219,442.25,457.5,435,444.2
19821226,444.55,456.5,443.4,450.8
19830102,451.05,468.8,449,453
19830109,453.5,471.5,449.5,469.5
19830116,469.85,497,469.85,490
19830123,490.75,505,481.5,485
19830130,485.65,507.5,473,502.8
19830206,503.1,519.05,498,501
19830213,501.4,513.5,495,510
19830220,510.2,520,506.2,510.5
19830227,510.55,510.55,448.7,448.7
19830306,449.25,449.25,408,420
19830313,420.4,439.5,418,429.3
19830320,429.45,442,411,416.5
19830327,416.6,424.3,406.5,414.5
19830403,415.15,425.3,406.5,422
19830410,422.15,439.8,422,427.2
19830417,427.9,443.5,427.9,442.2
19830424,442.75,450.8,436,443.3
19830501,443.75,446.5,428.2,433.5
19830508,433.75,440.8,430.7,439.5
19830515,440.3,452.5,435,442.8
19830522,443.2,446.8,436,438
19830529,438.9,448.5,432.5,442.8
19830605,443.05,446.1,408,418
19830612,418,421,401,412.4
19830619,413.35,423.5,411,417.8
19830626,418.55,428.3,416,426.8
19830703,427.2,427.2,414.5,421.2
19830710,422.05,437,409.5,430.3
19830717,430.85,439,421,421.7
19830724,422.65,432,421,425.7
19830731,425.75,441.6,419.5,427.4
19830807,428.1,430.5,420.5,426.8
19830814,427.4,431,418.5,426.2
19830821,426.45,436.5,426.45,430.3
19830828,431.3,441,427,430.8
19830904,431.65,431.65,423.8,427
19830911,427.1,429,421,422.9
19830918,423.2,426.5,407,418.7
19830925,419,426,414,423.6
19831002,424,424.3,401,407.8
19831009,408.45,408.45,391,405.3
19831016,406.15,408.8,397.7,403.7
19831023,403.9,404.5,391,396.8
19831030,397,403,383.5,389.8
19831106,390.65,390.65,377.2,382.3
19831113,383.1,386,379,385.7
19831120,386.55,386.55,373,376.3
19831127,376.85,378.1,373.8,377.2
19831204,377.9,414,377.9,404.1
19831211,405.1,410,391,393.4
19831218,394.2,397.5,376.5,377
19831225,377.65,386,375.5,383.6
19840101,383.75,388.5,378.5,388
19840108,388.95,388.95,369.1,370
19840115,370.3,376.5,364.5,372.5
19840122,372.8,378,367,372.4
19840129,373.1,379,362.5,375.4
19840205,376.2,393,374.3,391.5
19840212,392.45,395,380,382.5
19840219,382.55,392,379.1,388.7
19840226,389.2,404.5,388,399.5
19840304,399.95,406,394,403.7
19840311,404.15,410.5,398,402.8
19840318,403.25,403.25,393,395.3
19840325,395.8,396.5,385.5,386.8
19840401,387.05,398,387,394.3
19840408,394.65,394.65,382.8,387.1
19840415,387.15,390.7,382.5,387
19840422,387.3,395,381.5,388.8
19840429,388.9,392.8,378.5,381.5
19840506,382.1,383.7,377.5,378.5
19840513,379.3,379.3,370,373.3
19840520,373.4,380,373.4,379.6
19840527,380.2,390.5,375.5,390
19840603,390.05,405.3,390.05,397
19840610,397.1,403.2,389,389.5
19840617,390.35,390.35,371.5,375.3
19840624,376.2,381.4,371.7,376.6
19840701,377.15,378.1,370,376.1
19840708,377.1,377.1,339,347.2
19840715,348,351,336,345.8
19840722,346.35,353.5,338,340
19840729,340.3,345,332,342
19840805,342.25,365.5,342.25,363
19840812,363.45,365.5,353.1,354.8
19840819,355.2,369,353.8,362.3
19840826,362.7,368,353.5,362.3
19840902,362.5,362.5,356.7,358
19840909,358.4,358.4,343.3,344.3
19840916,344.8,350.8,344.2,348.1
19840923,348.9,356.5,341.6,354.3
19840930,355.15,356.1,348.3,351.3
19841007,352.1,355.8,346.3,347
19841014,347,348.4,338,346.3
19841021,346.45,346.45,339,342.4
19841028,343.15,345,339.5,340.3
19841104,340.4,347,333.5,345.4
19841111,346.1,353.5,344.5,347.5
19841118,348.25,353,344,345
19841125,345.8,348,340.8,345.5
19841202,346.15,346.15,325.2,333.5
19841209,333.7,337,328,330.8
19841216,331.55,333.5,324,325.4
19841223,325.5,325.5,306.6,313.2
19841230,313.35,315.6,307.3,310
19850106,310.3,310.3,299.3,299.7
19850113,300.7,307,296.7,300.3
19850120,300.55,309.5,298.3,307.2
19850127,307.85,309.35,297.8,300.4
19850203,300.75,311,300,306.5
19850210,306.9,307,301.3,303.4
19850217,303.4,308.5,301.8,306.9
19850224,307.1,307.1,296,296.5
19850303,296.85,296.85,282.6,291.6
19850310,291.65,295.5,287,288.5
19850317,288.5,297.4,287.5,295.2
19850324,295.55,335,295.55,316.8
19850331,317.55,339,316.5,334.1
19850407,334.85,334.85,319,324
19850414,324.9,337.5,319.7,331.6
19850421,332.25,338.6,327.5,331.3
19850428,331.95,332,323,325.2
19850505,325.5,328.05,312,313.3
19850512,314.2,318.5,309.7,317.5
19850519,318.45,329.8,318,321
19850526,321.25,324.8,312.8,314.8
19850602,315.2,323,308.6,319.5
19850609,319.55,322.4,315.8,317.7
19850616,317.95,324.5,312.5,322
19850623,322.1,331.3,314,316.6
19850630,317.25,320.2,315.3,317.7
19850707,318.55,318.55,308.3,311.4
19850714,311.45,320,310,319.2
19850721,319.75,328,315.2,318.8
19850728,319.65,324.2,316.4,322
19850804,322.9,337.5,322,329.7
19850811,330.5,337,327,336.3
19850818,336.55,348.3,332.8,345.6
19850825,345.8,351,339.8,342.7
19850901,343.5,348.9,338.5,339.8
19850908,339.95,339.95,321,326.6
19850915,326.85,328.5,323,324
19850922,324.25,326.4,318.2,323.8
19850929,324.45,336.5,324.45,332.9
19851006,333.5,335.7,324.9,332.2
19851013,332.35,332.35,327.7,330.7
19851020,331.55,331.55,325.5,329.7
19851027,330.25,331.7,325.5,329.4
19851103,330.1,330.3,324.5,328.1
19851110,328.65,328.65,322.1,325.6
19851117,326.45,328.3,323.8,324.7
19851124,325.45,329.5,324,327.4
19851201,328.1,336.9,326.8,327.3
19851208,327.95,329,322.8,326.2
19851215,326.6,326.6,315.5,322.2
19851222,322.9,330.8,321.2,328.7
19851229,329.25,331.4,326.6,329
19860105,329.75,332.4,328,330
19860112,330.85,344.5,329.3,343.3
19860119,344.2,369.5,340,358
19860126,358.25,359.7,350,358.4
19860202,359.3,364.2,351,352.9
19860209,353.55,353.55,335.5,342.5
19860216,342.7,344.6,331.7,336.2
19860223,336.95,346.7,336.2,343.3
19860302,343.7,357.5,335.1,341
19860309,341.3,347.5,336.2,345.7
19860316,346,353.95,340.8,348.9
19860323,349.25,359.6,347,357.4
19860330,357.7,357.7,342.7,347.2
19860406,348.05,348.05,330.8,338.4
19860413,339.4,348.5,336.5,347.5
19860420,347.85,352.5,338.2,346.7
19860427,347.4,350.9,343.2,346.2
19860504,347,349.5,340.5,344.7
19860511,345.3,348.8,339.5,345.5
19860518,346.3,347.4,342.5,343.8
19860525,343.95,343.95,337.7,342.4
19860601,342.65,347.5,341.3,347.1
19860608,347.5,347.5,343.6,344.8
19860615,344.95,355,344.2,348.8
19860622,349.05,349.05,336.5,342.7
19860629,343.65,347.8,342.5,346.9
19860706,346.95,350,343.3,344.9
19860713,345.85,352,345.1,347.8
19860720,348.15,357,346,356.5
19860727,357,357,344.5,348.2
19860803,348.75,371.3,348.75,367.5
19860810,368.15,383.9,364.3,382.5
19860817,383.35,404.5,383.35,390.2
19860824,390.65,393.8,377.5,379.5
19860831,380.2,395.6,380.2,393.3
19860907,394.2,430,394.2,428.3
19860914,428.65,430,403,421.5
19860921,422.15,441.5,415,441
19860928,441.1,446,429.5,431.5
19861005,431.55,444.5,422,437.5
19861012,438.15,446.5,428.5,434.5
19861019,434.8,438.05,419.5,422.2
19861026,422.65,431.7,409,409.7
19861102,410.25,416,400,405.5
19861109,405.95,413.2,404.8,410.6
19861116,410.65,413.8,398,398.8
19861123,398.95,398.95,376.5,379.3
19861130,379.8,396,379.3,394.8
19861207,395.7,403.5,386.5,392.9
19861214,393.65,396.7,388.3,395.8
19861221,396.55,399.5,393.6,395.8
19861228,396.6,400.8,390.2,393
19870104,393.75,410.4,390.8,404
19870111,404.15,408,399,407.5
19870118,407.65,422,407.65,417.3
19870125,418.15,425,400.4,405.3
19870201,405.55,421,400,408.9
19870208,409.25,413.5,402,407.4
19870215,408.1,410,397,400.7
19870222,401.65,409.7,391.4,408.7
19870301,409.4,410.8,401.2,407.4
19870308,408.25,414.4,404.8,407.8
19870315,408.75,411.8,403,405
19870322,405.35,408,403.2,406.3
19870329,406.6,428.5,406.6,427.5
19870405,428.25,429.9,418.5,423.9
19870412,424.35,440.5,421.4,436.7
19870419,437.5,455.8,437.5,447.3
19870426,447.85,473,445,465.5
19870503,466.45,480.5,440.5,459.5
19870510,460.05,467,454.5,456.7
19870517,456.75,476.6,454,476.2
19870524,476.25,481.5,462,464.6
19870531,465.05,465.05,445.5,456
19870607,456.4,464.3,446.8,458.8
19870614,459.45,469.05,453.8,458.9
19870621,458.95,458.95,448,448.7
19870628,449.2,452,437.6,450.1
19870705,450.55,453.5,447.5,448.8
19870712,449.1,451,442.5,446
19870719,446.2,456.7,445.2,449.3
19870726,449.75,457.2,449.75,454.5
19870802,455,475.7,452.1,475.1
19870809,475.15,490.2,463,464.8
19870816,465.65,475,456.9,461.2
19870823,462.1,469.5,460,465.7
19870830,466.3,471.3,459,461.3
19870906,461.8,474.8,458.7,470.8
19870913,471.5,472,462.7,464.3
19870920,464.9,469.8,460.5,465.3
19870927,465.5,471.5,463.8,466.6
19871004,467,468.7,457.9,460.3
19871011,460.95,468.5,460.95,466.9
19871018,467.7,476.7,463.2,476.3
19871025,476.55,496,459,476.7
19871101,477.1,483.5,464,471.2
19871108,471.7,476,456,462.1
19871115,462.3,467.5,457.8,465.6
19871122,465.7,470.9,461.5,470.3
19871129,470.5,493.5,468.8,492.3
19871206,492.8,503,483.9,487.8
19871213,488.1,503,484.9,502
19871220,502.15,507.4,475,484
19871227,484.7,490.1,483.1,489.6
19880103,489.9,494.7,484.6,488.9
19880110,489.45,489.45,476.6,485.5
19880117,486.45,488.5,474,474.5
19880124,475.05,479.55,475,477.8
19880131,478.5,478.5,454,458.5
19880207,459,461.9,439.8,443.2
19880214,443.5,449.5,435,448.7
19880221,449.45,451.4,445,448
19880228,448.95,449.7,429.3,431.1
19880306,431.2,440.5,425.1,438.8
19880313,439.15,445.5,436.2,442.6
19880320,442.9,449.2,441.7,445.2
19880327,445.65,457.4,445.65,453.3
19880403,453.85,463.2,453.1,457.9
19880410,458.15,462.9,448.8,453.7
19880417,454.1,461,449.4,458.5
19880424,459,464,451,452.4
19880501,453.05,455.2,448.2,452.6
19880508,453.25,453.25,443.6,445.3
19880515,446,454.8,445.5,453.7
19880522,454,462.3,453.6,458.7
19880529,459.55,463.35,453.8,456
19880605,456.45,473.8,456.45,469.3
19880612,470.2,470.3,452.1,453.3
19880619,453.95,459.8,450.3,458.3
19880626,459.15,459.15,443.5,446
19880703,446.4,447.7,432.3,439.6
19880710,440.45,443.7,437.6,441
19880717,441.7,443.7,434.2,441.3
19880724,441.35,449,435.1,442.9
19880731,443.2,449.3,424,447.3
19880807,448.25,448.6,441.2,442.6
19880814,443.25,445,433,441.2
19880821,441.8,445.7,437.1,441.4
19880828,441.9,446.8,439.6,441.4
19880904,442,442.1,432.5,437.4
19880911,437.85,437.9,427.5,428.5
19880918,428.75,430.3,415,418.2
19880925,419,419,398,399.3
19881002,400.2,404.3,395.5,399.2
19881009,399.95,409.4,398.1,407.3
19881016,407.95,416,407.9,412.5
19881023,412.65,418.3,411.1,411.5
19881030,412.35,419,407.1,414.9
19881106,415.4,427.2,412.6,423.5
19881113,423.65,425.5,419.5,423.1
19881120,423.9,428.9,416.8,418.1
19881127,418.6,421.1,416,420.1
19881204,420.6,438,420.6,436.7
19881211,437.55,437.55,423.6,427.6
19881218,428.5,428.5,413,417.6
19881225,418.3,422,415.8,421.6
19890101,422.25,422.5,409.5,412.3
19890108,413.1,416.3,406.4,408.1
19890115,408.55,408.8,402.3,403.5
19890122,404.1,409.5,401.5,409.3
19890129,409.75,411.2,398.5,400.2
19890205,400.75,400.75,392.2,396.3
19890212,396.65,401.2,389.8,391.7
19890219,392.65,392.65,382,384.3
19890226,385.25,396.2,385.25,392.6
19890305,393,395.2,385.8,389.3
19890312,389.65,400.2,388.2,396.5
19890319,396.9,400,389.8,395
19890326,395.2,401.6,391.7,393.4
19890402,393.8,397.1,385.5,390
19890409,390.45,392.7,386,388
19890416,388.7,396.9,385.3,389.8
19890423,390.4,390.85,385.7,388.2
19890430,389.05,391.7,379.6,380.5
19890507,381.2,382.9,377,379.3
19890514,380,383,376.5,378.9
19890521,379.3,379.3,366.3,366.6
19890528,367,369.7,360.6,365.9
19890604,366.6,372,365.5,371.9
19890611,372.15,384.3,360.5,362
19890618,362.15,372.8,362.15,368.8
19890625,368.85,384.8,368.1,381.8
19890702,382.7,383,373.1,377.3
19890709,378.05,390.8,377.2,385.7
19890716,386.45,387.9,370.8,372.2
19890723,372.95,375,369,373
19890730,373.6,384.7,372.1,375.4
19890806,376.05,382.5,374.2,375.4
19890813,375.75,375.75,368.5,371.4
19890820,371.55,379,370.4,373.9
19890827,374.25,375.5,366.5,366.7
19890903,367.35,371.8,364.2,366.1
19890910,366.85,367.55,363.5,365
19890917,365.8,370,360.6,368.9
19890924,369.4,374,365,370.7
19891001,371.3,376.7,370.8,372
19891008,372.3,373,367.2,368.2
19891015,368.45,368.7,364.3,367.3
19891022,368,374,368,370.6
19891029,371.25,381.5,369.5,381.2
19891105,381.55,386,375.7,381
19891112,381.5,391.7,381.2,388.6
19891119,389.45,396,389.3,395.8
19891126,395.95,419.7,395.6,419.3
19891203,419.45,421.7,412,419.3
19891210,419.75,420,406.5,416.8
19891217,417.5,424.2,408.2,418.3
19891224,419.1,419.2,409.5,416.7
19891231,417.5,417.5,400.1,405.2
19900107,406,409.5,394.5,408.5
19900114,409.25,419.8,404.3,414.7
19900121,415.65,418.5,409,410.9
19900128,411.65,425,404.7,420.3
19900204,420.95,427.5,417,423.4
19900211,424,430.3,419.5,420.6
19900218,420.95,425.8,415.5,420.8
19900225,421.65,426.4,417.5,418.2
19900304,418.8,418.8,404,405.6
19900311,406.4,408.3,399,401.6
19900318,402,403.6,396.7,400.9
19900325,401.15,404.2,386.3,389.4
19900401,389.65,389.65,362.5,375
19900408,375.5,385.4,371.8,385.2
19900415,385.55,385.55,376.2,379.7
19900422,380.4,381.4,375.9,379.9
19900429,380.1,383,372,374
19900506,374.9,375,367.7,373.1
19900513,374,375.2,368.5,370.5
19900520,371.05,376.7,366.7,375.6
19900527,376.45,377.6,361,368.4
19900603,369.15,371.8,362.2,363.5
19900610,364.25,365.2,355.7,359.2
19900617,359.3,361.8,348.2,352.3
19900624,353,355,349.5,352.8
19900701,353.6,361,351.7,359.9
19900708,360.05,365.5,359.5,362.9
19900715,363,369,352,365.7
19900722,366.45,366.45,360.5,362
19900729,362.15,375.5,362.15,368
19900805,368.05,394.5,368.05,386.4
19900812,387.3,406,387.3,405.9
19900819,406.2,424.7,406.2,418.3
19900826,418.3,425,410,423.2
19900902,424.2,424.2,386,389.2
19900909,390.15,397.05,386.7,396
19900916,396.15,396.15,381.6,391
19900923,391.4,399,389.7,394.5
19900930,394.95,414.4,394.95,408.1
19901007,408.8,408.8,390,398.1
19901014,398.2,402.2,387.7,391.3
19901021,391.95,391.95,361.5,375.7
19901028,376,380.2,368.7,373.2
19901104,374.15,385.8,372.9,378
19901111,378.15,391.5,377.8,386.3
19901118,386.7,387.5,376,379.8
19901125,380.25,385.2,376.3,384.5
19901202,385.3,393.3,382.8,385.7
19901209,386,386,369.1,372.1
19901216,373,379.5,372.2,378.6
19901223,379.25,391,378.2,384.3
19901230,384.7,396.5,384.5,396.2
19910106,397.1,397.1,385,387.2
19910113,388.15,396.8,379.5,393.3
19910120,393.85,406.9,371,375.1
19910127,375.85,382.2,371.5,376.1
19910203,377.05,378.5,365.7,368.7
19910210,369.5,373.7,363,372.4
19910217,372.55,372.55,365.1,366.1
19910224,366.15,367.6,357,358.3
19910303,358.95,370.3,358.7,368.6
19910310,369.25,372.8,365.2,371.2
19910317,371.9,371.9,364.5,365.8
19910324,365.85,367.7,361.8,363.5
19910331,364.3,364.3,356.6,359.4
19910407,360.1,363.4,359.1,362.1
19910414,362.3,368.2,361.5,362.7
19910421,363.4,364.7,358.1,359
19910428,359.85,360.3,354.6,355.5
19910505,355.5,361.3,352.6,355.5
19910512,356.3,359.95,355,358.3
19910519,358.75,363.2,354.9,356
19910526,356.8,359,354.8,356.8
19910602,356.85,367.7,354.7,364.8
19910609,364.95,371.3,364.5,369.5
19910616,369.7,377.9,368.4,369.8
19910623,370.55,375,367.3,368.1
19910630,368.9,373,361.5,370
19910707,370.75,372.3,367.8,371.6
19910714,371.95,373.2,368,369.6
19910721,370.1,372.8,368.5,371.2
19910728,371.45,371.45,363.6,366.3
19910804,366.3,373.3,360.8,362.3
19910811,362.45,364.9,360.2,364.4
19910818,364.75,366,360.6,363.5
19910825,363.9,368.5,357.1,358.6
19910901,359.15,361.1,350,352.9
19910908,353.75,353.8,350.6,353.4
19910915,353.75,357,346,348.2
19910922,348.95,353.8,348.2,352.1
19910929,352.2,358,350.8,352.4
19911006,352.65,362,352.65,361.7
19911013,362.5,363.5,359.1,362.4
19911020,363.05,365,357.9,364.4
19911027,364.85,367.4,362.4,362.7
19911103,363.25,363.25,356.5,356.9
19911110,357.2,358.95,353.6,355.2
19911117,355.85,361,355.5,360.1
19911124,360.4,370.7,360.1,369.6
19911201,370.1,372,367.9,371.1
19911208,371.25,373,365.4,371.9
19911215,372.7,374.9,358.2,361.3
19911222,362,362.2,356.8,360.3
19911229,360.85,362.7,353.5,355
19920105,355.15,355.7,350.9,351.5
19920112,352.35,360.5,348.5,356.9
19920119,357.1,359,353.3,354.5
19920126,354.55,361.5,352.2,354.7
19920202,355.45,361.3,354.6,358.9
19920209,359.4,359.8,355.3,356.5
19920216,356.8,360.5,354.4,355.1
19920223,355.75,355.75,351.5,352.5
19920301,353.3,356.6,349.4,354.1
19920308,354.3,354.3,349.2,350.3
19920315,350.7,351.8,347,347.3
19920322,348.1,348.1,336.3,338.5
19920329,339.2,344.8,338.2,344.4
19920405,344.65,346.9,341.6,342.7
19920412,342.9,344.2,339,342.5
19920419,342.7,343.2,336.2,338.3
19920426,338.6,343,336.7,337.5
19920503,337.5,339.4,334.9,339.3
19920510,339.65,339.65,335.3,336.3
19920517,336.55,340.8,335.1,339.1
19920524,339.65,341.7,336.8,338.1
19920531,338.75,341.3,337.7,338.4
19920607,338.65,342.9,338.2,340.7
19920614,341.15,345.8,339.5,344.7
19920621,345.25,346.9,341.8,342.4
19920628,342.7,346.6,342.7,343.9
19920705,343.95,349.7,342.7,347.6
19920712,348.05,351.2,345.8,349
19920719,349.15,360.1,349,358
19920726,358.7,361.2,356.8,359.5
19920802,359.95,363.9,357.7,361.4
19920809,361.75,361.75,351.4,353.9
19920816,354.85,354.85,335,337.8
19920823,338.2,341.3,337.6,340
19920830,340.1,345.3,340.1,342.4
19920906,343.25,346.7,340.3,343.8
19920913,343.9,346.1,341.5,342.9
19920920,343.1,354.5,343.1,353
19920927,353.7,353.7,348,351.1
19921004,351.35,351.35,348.3,349.6
19921011,350.05,353.4,350.05,351.4
19921018,351.95,351.95,341.6,343.2
19921025,343.35,345.7,342.8,344.2
19921101,344.65,344.65,336.9,340.1
19921108,340.85,340.85,333.7,336.2
19921115,336.45,337.5,328.9,335.4
19921122,336.2,337,333.5,335.3
19921129,335.55,336,333.8,335.5
19921206,335.6,337.7,334.9,336.6
19921213,337.2,337.2,333.9,336
19921220,336.7,340.1,335.3,337.7
19921227,338.45,338.45,332,333.4
19930103,333.55,334.8,332.3,333.1
19930110,333.5,333.5,326.5,329.5
19930117,330.3,330.7,326.3,327
19930124,327.2,330.4,326.9,328.6
19930131,329,333,328.2,330.7
19930207,330.95,331.65,328.5,328.9
19930214,329.85,334.6,328.3,330
19930221,330.3,334.4,329.8,331
19930228,331.9,332.2,327.8,329.1
19930307,329.45,331.3,328.6,330.4
19930314,330.75,330.75,325.8,328.5
19930321,329.15,332.9,328.5,332.3
19930328,332.55,335.5,331,334.2
19930404,334.35,343.7,332.8,342.3
19930411,342.8,342.8,337.2,338.9
19930418,339.65,342.2,336,340.2
19930425,340.8,348,338.9,347.5
19930502,348.15,358.5,348.15,357.2
19930509,357.5,360.6,354.3,357.4
19930516,357.65,373,356,368.3
19930523,368.9,383.5,367,377.9
19930530,377.95,386.5,372,380.3
19930606,380.75,380.75,367.5,378.5
19930613,379.15,379.15,364.5,367.5
19930620,368.15,374,361.7,372.5
19930627,372.65,379,367.5,378.1
19930704,378.2,393.6,375,386.7
19930711,387.5,398.5,387.5,392.3
19930718,393.2,396.8,388.5,392.9
19930725,393.1,396.5,387.6,390
19930801,390.45,411.7,390.2,411.3
19930808,411.5,414,374.5,379.9
19930815,380.85,387.3,368.5,372.6
19930822,373.2,378.3,373.2,376.4
19930829,376.7,377.3,367,372.1
19930905,372.35,376.7,364,367.1
19930912,367.1,367.1,350,352.4
19930919,353,357.5,343,352.8
19930926,353.65,365.5,353,359.4
19931003,360.15,360.15,352.2,356.9
19931010,357.8,362.2,350,361.5
19931017,361.7,370.5,360.6,366.2
19931024,366.2,376.7,365.4,371.3
19931031,371.5,373.7,367.6,369.6
19931107,369.85,381.2,360.7,377.8
19931114,378.25,379,373,373.6
19931121,373.7,380.4,369.6,378.3
19931128,378.7,379.9,375.5,379.2
19931205,379.85,379.85,370.4,378.6
19931212,379.05,386.7,377.2,384.9
19931219,385.75,390.4,383.5,387
19931226,387.15,390.5,384,386.5
19940102,386.15,393.92,385.5,390.5
19940109,390.55,396.55,384.95,386.3
19940116,385.75,391.75,379.5,389.3
19940123,389.5,394.6,380.9,381.1
19940130,379.75,384.78,375,376.8
19940206,377.75,390,375.8,386.6
19940213,387.2,387.2,378.5,380.1
19940220,379.25,387.1,376,379.75
19940227,380,382.15,373.76,378.3
19940306,378.25,382.15,373.1,376.7
19940313,377,388.2,374.1,384.85
19940320,385.25,387.5,382,386.8
19940327,386.5,392.5,384.75,390.6
19940403,390.9,393.2,384.6,389.15
19940410,390.75,393,383.1,384
19940417,384.25,385.35,375.75,377.75
19940424,377.65,379.1,368.2,370.8
19940501,371,377,369.4,376.7
19940508,376.6,385.3,372,383.3
19940515,382.25,383.5,376.65,380.5
19940522,380.7,385.75,378.7,385.45
19940529,385,389.6,382.45,384.5
19940605,384.45,388.1,380,380.5
19940612,380.5,383.82,378,383.3
19940619,383.4,392.5,381.3,391.5
19940626,391,395.5,387.9,390.7
19940703,391,391,382.4,386.7
19940710,386.8,389,382,384.25
19940717,384.7,388.9,381.5,385.8
19940724,385.85,387.8,383.3,384.8
19940731,384.95,389.3,381.8,383.2
19940807,384.25,384.6,375.1,377.7
19940814,378,379.25,375.3,376.6
19940821,376.75,382.8,375,381.9
19940828,381.5,385.1,380.55,383.3
19940904,383,388.4,381.1,386.9
19940911,387,392.6,386.5,391.75
19940918,391.8,392.2,386.6,389.6
19940925,389.4,397,389,395.7
19941002,396,398.1,392.8,394.6
19941009,394.75,396.2,389.4,391
19941016,391.2,392.3,385.4,387.4
19941023,387.9,392.25,387.35,390.6
19941030,390.5,391.2,386.3,386.9
19941106,386.6,387.35,381.5,383.3
19941113,383.5,386.4,381.6,385
19941120,384.85,387.05,383,384.1
19941127,384,385.7,382,384.8
19941204,385,385.2,375.7,376.55
19941211,376.7,377.6,374.9,377.1
19941218,377.2,381.1,376.1,379
19941225,378.5,382.7,377.5,380.1
19950101,380.5,386.4,380,382.6
19950108,382.9,383.2,370.8,371.7
19950115,371.4,381.6,371,378.4
19950122,378.9,384.8,376.7,384.7
19950129,385.2,385.75,374.5,376.75
19950205,376.7,378.4,373.5,375.7
19950212,375.4,376.9,374,375.75
19950219,376,379.3,373.8,378.2
19950226,378.7,380.1,375,376.4
19950305,376.75,377.9,372.8,376.4
19950312,376.6,384.5,376.3,381.6
19950319,382.35,387.7,380.8,383.15
19950326,383.4,384.1,380.65,381.7
19950402,382.15,391.8,380.75,390.5
19950409,391,395,389.9,392.4
19950416,392,393.15,388.2,391
19950423,390.7,397.8,389,389.8
19950430,390.6,391.6,385.1,386.5
19950507,386.3,392,385.8,390.8
19950514,390,391.25,381.6,383.3
19950521,383.3,384.9,381.5,382
19950528,382.05,387.5,380.4,385.5
19950604,385.5,386.8,382.8,383.3
19950611,383.35,388.6,382.6,387.7
19950618,387.75,391.6,385.9,389.6
19950625,389.85,391.75,388.55,389.65
19950702,389.8,390,383,384.15
19950709,384.4,386.3,382.6,385.45
19950716,385.6,390.6,384.1,388.6
19950723,388.4,391.4,384,386.1
19950730,386.1,387.1,381.5,383
19950806,383,384.5,381.1,383.5
19950813,383.2,385.2,383.2,383.35
19950820,383.4,386.9,380.7,384.65
19950827,384.75,386.25,381.8,382.8
19950903,382.9,383.4,378.9,380.6
19950910,380.45,383.5,378.4,381.4
19950917,381.5,385.9,381.5,384.9
19950924,384.9,386.4,381.7,382.5
19951001,382.6,384.15,382.1,383.35
19951008,383.05,383.65,381.3,383.2
19951015,383.25,385.7,382.5,383.85
19951022,384,385.6,380.4,382.1
19951029,382,383.65,381.2,382.05
19951105,381.95,383,381.6,382.1
19951112,382.4,390.2,381.6,388.99
19951119,388.7,389.7,383.2,386.7
19951126,386.6,387.2,381.1,383.4
19951203,383.2,390.6,382.8,385.95
19951210,386.4,390.3,385.2,389.5
19951217,389.55,390.2,385,386
19951224,386.25,388.8,384.45,387
19951231,387,388,384.35,386.85
19960107,386.9,397.5,386.7,395.3
19960114,395.5,401,393.35,398.8
19960121,396.05,400.85,393.55,399.55
19960128,400.75,409.1,400.75,405.95
19960204,406,418.15,402.55,415.25
19960211,415.6,416.5,404.35,405.55
19960218,406,406.85,400.05,405.25
19960225,406.25,406.25,396.05,399.25
19960303,398.85,401.95,396.95,398.95
19960310,399.25,399.25,392.35,397.25
19960317,396.75,397.7,395.25,395.35
19960324,396.45,399.15,394.15,398.45
19960331,397.6,401.45,394.05,395.35
19960407,395.35,396.75,392.85,393.55
19960414,395.25,398.25,393.65,394.55
19960421,393.85,394.05,389.75,390.75
19960428,390.75,395,389.95,390.6
19960505,390.75,394.75,389.95,392.45
19960512,393.25,395.95,390.35,390.35
19960519,392.25,392.95,390.55,392.25
19960526,392.25,392.25,389.65,391
19960602,391,392.55,390.15,390.75
19960609,390.75,391.4,384.2,385.35
19960616,385.5,386.65,382.85,384.25
19960623,384.25,386.65,382.75,384.95
19960630,384.95,385.65,380.35,380.45
19960707,380.25,382.95,380.25,381.75
19960714,381.75,384.5,380.75,383.75
19960721,383.75,385.85,382.7,384.95
19960728,384.95,386,383.45,385.25
19960804,385.25,387.65,383.75,386.45
19960811,386.45,390.25,386.45,387.75
19960818,387.75,388.45,385.75,386.25
19960825,386.5,388.55,386.25,387.7
19960901,387.7,389.75,385.95,386.5
19960908,386.5,387.65,384.85,385.05
19960915,385.05,385.35,381.35,383.05
19960922,382.75,384.05,380.55,381.85
19960929,381.35,383.42,379.95,381
19961006,379.65,381.25,377.2,380.45
19961013,380,383.05,379.65,381.25
19961020,381.25,382.25,379.7,380.25
19961027,380.25,384.5,379.75,382.6
19961103,382.6,383.45,377.1,377.85
19961110,377.95,380.75,377.65,379.05
19961117,379.05,384.5,379.05,379.75
19961124,380.35,380.45,375.75,377.25
19961201,377.25,377.35,371.55,371.65
19961208,370.8,374.55,367.25,368.26
19961215,368.25,370.25,365.75,368.7
19961222,368.7,369.72,367.5,369.25
19961229,369.25,369.75,368.45,369.6
19970105,369.6,369.75,361,361.8
19970112,361.65,361.65,353.45,359.05
19970119,358.75,360.25,351.75,355.45
19970126,355.05,355.25,347.25,352.55
19970202,352.7,357.65,343.65,344.1
19970209,344.5,347.05,339,340.65
19970216,340.65,345.9,336.4,342.7
19970223,344,354.05,341,352.25
19970302,352.25,363.25,351.94,363.25
19970309,363.15,363.15,348,349
19970316,349.2,354.25,349.15,352.95
19970323,352.95,353.65,346,352.55
19970330,352.55,352.55,346.25,348.85
19970406,348.85,352,347.25,349
19970413,349,349.65,345.65,346.95
19970420,346.95,347.25,337.85,341.35
19970427,341.35,343.04,340.25,342.25
19970504,342.25,342.35,338.95,340.25
19970511,340.25,348,339.65,348
19970518,348,351.05,343.65,344.15
19970525,344.15,344.15,340.25,342.6
19970601,342.6,346.8,342.5,344.75
19970608,344.75,344.95,340.25,342.45
19970615,343.65,344.75,341.2,341.54
19970622,341.54,342.65,337.5,337.55
19970629,337.55,340.5,334.75,334.75
19970706,334.75,335.25,322.75,324.5
19970713,324.5,324.5,314.25,321.55
19970720,321.55,329.75,316.9,326.25
19970727,326.25,328.5,320.75,325.75
19970803,325.45,328.55,323.85,324.75
19970810,324,327,318.45,325.85
19970817,326.5,328.95,323.35,324.5
19970824,326.25,326.25,320.75,323.35
19970831,324.65,327,323.75,324.15
19970907,324.15,325.2,320.85,322.25
19970914,322.25,324.87,320.55,323.75
19970921,323.75,323.95,319.75,320.85
19970928,320.85,327.65,320.35,326.75
19971005,326.75,339.4,326.55,334.85
19971012,334.85,334.85,325.85,329.65
19971019,329.65,330.65,323.75,325.05
19971026,325.14,325.14,309.25,310.35
19971102,309.67,318.15,307.6,311.45
19971109,312.3,316.15,307.25,310.25
19971116,309.6,314.25,299.65,303.35
19971123,303.55,306.95,302.45,304.95
19971130,304.85,306,295.25,297
19971207,297.25,297.25,286.04,288.25
19971214,288.15,289.05,281.75,282.85
19971221,282.95,291.05,282.9,289.05
19971228,289.1,296.6,289.1,295.25
19980104,294.2,294.3,286.7,288.25
19980111,287.85,288.35,278.45,278.5
19980118,278.35,292.75,277.05,290.15
19980125,290.25,299.85,285.35,299.62
19980201,298.88,306.15,296.45,302.75
19980208,301.95,303.25,294.75,298.75
19980215,298.45,301.75,297.95,299.85
19980222,298.95,300.65,296.35,297.25
19980301,296.85,299.85,290.85,299.15
19980308,299.75,300.45,293,294.45
19980315,294.2,296.05,293.55,295.35
19980322,295.4,295.45,286.7,291.95
19980329,292.35,304.35,291.7,302.25
19980405,302.35,307.95,298.95,307.75
19980412,308.25,314.25,306.75,307.75
19980419,310.85,311.05,306,307.75
19980426,307.15,314.95,306.65,312.65
19980503,312.5,312.64,305.45,306.25
19980510,304.77,305.65,297.05,299.85
19980517,299.8,303.65,295.45,301.35
19980524,301.25,301.45,297.5,300.05
19980531,299.6,299.8,291.1,292.95
19980607,293,293.95,287,291.65
19980614,291.7,298.95,284.85,286
19980621,285.5,300.05,284.2,299.25
19980628,295.25,296.35,292.25,293.85
19980705,293,298.15,292.45,294.49
19980712,294.1,295.8,290,290.85
19980719,289.5,295.35,288.7,294.5
19980726,294.25,296.1,290.45,291.15
19980802,291.05,292.15,286.05,286.45
19980809,286.45,289.45,283.45,286.65
19980816,286.85,287.5,282.35,284.05
19980823,284.55,286.95,282.55,283.55
19980830,284.85,285.25,271.12,274.35
19980906,274.15,287.45,274.05,286.85
19980913,287.05,296.75,283.15,293.75
19980920,292.65,292.65,286.7,291.45
19980927,290.6,299.95,287.4,293.95
19981004,294.65,303.55,291.95,300.55
19981011,299.95,304.85,294.15,296.75
19981018,297.15,300.95,294.75,299.95
19981025,300.05,300.05,291.55,292.85
19981101,292.6,294.65,290.95,292.55
19981108,292.6,294.75,287.95,293.2
19981115,292.75,297.65,291.75,295.85
19981122,294.15,298.3,293.85,296.25
19981129,296.05,297.35,295.25,296.2
19981206,296.05,296.45,291.45,292.15
19981213,292.55,297.25,289.75,290.85
19981220,292,296.05,290.25,291.55
19981227,290.05,290.3,285.35,286.25
19990103,286.35,288.65,285.85,287.75
19990110,288.55,292.25,286.25,291.35
19990117,290.8,293.5,284.85,286.95
19990124,286.5,288.55,285.4,286.45
19990131,286.45,288.4,282.25,286.05
19990207,286.65,290.35,286.55,288.55
19990214,289.05,290.45,286.55,289.55
19990221,289.4,290.55,284.65,288.25
19990228,287.85,288.25,285.45,287.05
19990307,286.75,289.25,285.35,288.45
19990314,288.05,294.85,287.95,292.25
19990321,292.15,292.2,281.75,284.25
19990328,284.45,285.45,279.15,279.75
19990404,280.25,281.15,278.45,280.45
19990411,279.65,282.05,277.55,281.55
19990418,281.85,284.8,280.75,284.25
19990425,283.65,285.15,282.75,283.55
19990502,283.2,287.65,280.45,286.05
19990509,286.45,289.95,279.55,282.75
19990516,281.9,282.1,275.45,275.95
19990523,275.7,276.65,272.25,272.85
19990530,272.4,273.4,268,270.25
19990606,270.4,270.55,264.8,264.8
19990613,264.55,267.35,257.35,260.65
19990620,259.3,263.25,258.05,259.55
19990627,259.25,261.5,257.95,259.45
19990704,259.6,263.85,259.2,263.3
19990711,263.05,263.25,255.65,257.15
19990718,256.9,257.05,252.95,253.9
19990725,254,257.15,252.45,254.75
19990801,254.15,257.05,253.05,255.95
19990808,255.9,258.35,253.9,256.05
19990815,255.95,261.35,255.9,260.85
19990822,259.25,262,257.35,257.35
19990829,257.25,257.75,251.95,252.95
19990905,254.75,255.95,253.35,254.25
19990912,255,257.45,254.7,256.55
19990919,256.5,257.45,255.1,255.3
19990926,255,271.25,254.55,268.75
19991003,268.75,326.4,268.75,305.5
19991010,307.75,339.5,307.75,321.2
19991017,319.25,324.45,312.5,315.4
19991024,315.62,318,300.9,302.1
19991031,300.75,302.9,287.25,299.2
19991107,293.75,295.5,287.35,290.55
19991114,288.5,299,287.7,291.3
19991121,291.25,296.75,289.6,295
19991128,293.95,299.9,293.95,297.12
19991205,296.1,296.1,279.38,280.1
19991212,280.05,286,274.5,278.95
19991219,279.15,285.75,278.65,283.65
19991226,283.6,289.98,282.38,287.75
20000102,287.95,291.7,287.5,288.25
20000109,288.12,289.3,279.45,281.75
20000116,281.25,285.18,280.75,284.2
20000123,284.2,290.1,284.2,289.1
20000130,289.12,290.83,282,283.35
20000206,282.75,314.3,282.35,311.3
20000213,314,319.5,296.1,310.65
20000220,310.05,311,298,304.8
20000227,304.8,307,291.6,292.6
20000305,292.7,294.5,287.75,288.5
20000312,288.5,293.8,287.5,289
20000319,289.85,291.8,283.1,284.6
20000326,283.87,291.4,283.7,285
20000402,285,289.2,275,278.9
20000409,278.75,288.1,276.2,280.2
20000416,280.6,286.5,279.3,282.6
20000423,283.9,285,279.25,280
20000430,280,280.9,273.05,273.35
20000507,275.25,282.45,272.35,278.95
20000514,278.95,278.95,275.65,276.15
20000521,276.35,277.2,272.25,274.25
20000528,274.1,276.9,269.45,272.4
20000604,272.7,281.95,271.9,281.15
20000611,281.05,290.85,279.05,283.85
20000618,283.75,294.12,283.25,289.25
20000625,289.15,289.35,282.7,283.15
20000702,283.15,293.1,282.1,290.1
20000709,288.95,289.88,281.95,283.65
20000716,283.75,285.25,279.75,281.4
20000723,280.45,284.15,277.85,280.35
20000730,280.25,281.55,277.85,278.4
20000806,278.4,279.05,272.2,273.25
20000813,272.85,275.45,271.3,275.15
20000820,274.75,278.75,274.05,276.65
20000827,276.7,276.95,270.5,274.25
20000903,274,278.75,272.6,276.75
20000910,276.85,277.85,271.55,273.05
20000917,272.95,275.65,270.95,272.55
20000924,272.55,275.85,268.65,272.15
20001001,272.45,279.55,272.05,274.25
20001008,273.95,274.75,268.85,269.65
20001015,269.95,277.65,268.7,272.65
20001022,272.45,275.45,269.55,271.55
20001029,271.35,272.35,264.4,265.35
20001105,264.85,266.85,263.45,265.2
20001112,265.5,267.05,263.26,264.75
20001119,264.75,268.35,263.95,265.8
20001126,266.25,267.65,265.65,265.95
20001203,265.75,273.25,265.75,269.8
20001210,270.98,275.88,270.05,272.75
20001217,272.75,273.15,268.1,270.95
20001224,270.75,275.08,269.15,273.95
20001231,273.55,276.15,271.2,272.25
20010107,273.15,273.55,266.55,268.15
20010114,268.35,269.95,263.55,264.32
20010121,264.35,266.65,262.6,264.75
20010128,264.75,269.1,262.15,263.05
20010204,263.35,268.95,263.05,267.55
20010211,267.45,267.55,259.25,260.65
20010218,260.65,262.95,253.85,258.95
20010225,258.85,261.55,256.15,261.55
20010304,261.55,269.75,261.55,262.85
20010311,262.8,272.58,259.9,272.38
20010318,272.25,275.35,258.45,258.75
20010325,259.35,264.15,258.75,262.45
20010401,262.35,263.25,257.25,257.95
20010408,258.05,260.85,254.7,260.05
20010415,260.05,261.25,256.45,259.25
20010422,259.25,265.55,258.55,264.65
20010429,264.15,267.15,261.85,263.65
20010506,264.05,267.55,263.15,266.15
20010513,266.1,270.8,264.75,268.05
20010520,268.05,288.05,266.3,287.55
20010527,285.5,297.75,275.35,277.65
20010603,277.65,278.55,264.95,267.05
20010610,266.75,274.75,264.95,273.75
20010617,273.25,277.15,266.75,271.55
20010624,271.25,275.95,271.05,272.65
20010701,272.85,279.25,267.85,270.85
20010708,270.85,270.95,264.55,266.25
20010715,266.45,269.85,265.55,267.35
20010722,267.2,271.85,266.75,270.05
20010729,269.95,270.35,264.85,267.55
20010805,267.85,269.25,264.95,268.55
20010812,268.5,277.05,266.25,274.55
20010819,273.75,281.15,273.75,279.25
20010826,279.25,279.55,271.95,272.85
20010902,273.05,276.15,270.55,274.45
20010909,274.45,274.75,271.25,273.15
20010916,273.25,291,270.95,285.55
20010923,286.8,295,285.85,291.45
20010930,290.75,294.15,287,293.2
20011007,292.25,293.2,288.6,290.95
20011014,291,293.95,280.3,284.45
20011021,284.45,285.85,277.65,279.65
20011028,279.65,279.75,274.45,277.35
20011104,277.35,281.65,277.15,279.95
20011111,279.95,281.35,276.35,277.45
20011118,277.45,282.25,273.85,274.85
20011125,274.85,274.95,272.15,272.9
20011202,273.05,276.15,272.45,274.4
20011209,274.4,278.25,273.65,274.55
20011216,274.55,279.45,271.65,278.45
20011223,277.6,281.25,275.35,278.15
20011230,278.15,280.75,276.05,276.55
20020106,276.15,280.25,276.15,278.95
20020113,278.85,289.55,277.65,287.55
20020120,286.95,289.75,282.95,283.55
20020127,283.55,284.05,277.75,279.45
20020203,279.7,287.45,277.65,286.25
20020210,285.5,307.75,285.35,303.75
20020217,303.75,304.05,295.6,297.85
20020224,298.75,298.75,290,292.75
20020303,293,299.85,290.85,298.15
20020310,297.85,300.05,287.95,289.75
20020317,289.6,294.9,289.25,290.05
20020324,290.05,297.88,290,297.75
20020331,297.65,304.77,295.85,302.5
20020407,302.5,306.85,298.25,300.05
20020414,300.1,303.45,297.15,302.15
20020421,302.15,306.25,297.65,302.35
20020428,302.35,311.95,301.85,311.35
20020505,311,313.45,306.65,311.95
20020512,311.75,313.95,307.95,311.05
20020519,310.85,312.15,306.45,311.05
20020526,310.85,323.35,310.35,320.55
20020602,320.55,329.5,320.05,326.55
20020609,326.55,330.55,320.25,323.95
20020616,324.6,326.35,315.95,322.1
20020623,322.2,324.05,317.4,322.7
20020630,322.9,329.3,315.05,318.5
20020707,318.5,318.5,309.5,311.3
20020714,311.5,321.75,310.2,316.7
20020721,316.9,325,314.15,322.9
20020728,323.3,328,301.75,304.95
20020804,305.75,306.95,296.6,305.55
20020811,305.85,315.05,305.85,312.95
20020818,312.95,320.7,309.6,314.2
20020825,314.5,316.55,303.2,305.95
20020901,306.85,314.5,306.25,312.8
20020908,313.2,320.65,310.35,319.25
20020915,319.65,325.2,313.4,318.85
20020922,319.05,324.4,312.9,322.3
20020929,322.6,328.5,317.7,320.05
20021006,320.35,324.7,317.05,320.3
20021013,321,322.25,316.25,316.85
20021020,317.75,320.05,308.65,312.75
20021027,313.65,315.2,309,311.75
20021103,312.45,322.65,312.45,319.85
20021110,320.75,323.3,316.35,321.7
20021117,321.8,330.6,316.1,318.5
20021124,319.4,321.3,313.35,317.7
20021201,318.4,320.75,316.45,319.05
20021208,319.45,328.65,314.55,325.75
20021215,326.45,334.7,321,332.2
20021222,332.7,347.5,328.45,341.6
20021229,341.8,351.1,340.6,349.3
20030105,349.5,352.25,336.35,344.5
20030112,344.7,354.95,340.9,353
20030119,353.3,358.9,344.9,357
20030126,357.3,367.8,349.75,366
20030202,367,375.75,361.95,367.5
20030209,367.5,389.5,367.5,373.25
20030216,373.25,379.45,347.4,354.25
20030223,354.85,355.5,340.75,352.3
20030302,352.5,364.7,342.7,347.65
20030309,348.35,358.55,341.45,350.75
20030316,351.35,355.9,330.5,335.5
20030323,335.8,347.1,333.2,333.5
20030330,333.6,337.5,328.75,330.75
20030406,330.85,336.05,321.4,323.8
20030413,324,325.4,316.9,324.8
20030420,324.9,328.1,321,327
20030427,327.3,337,327.3,333.25
20030504,333.55,343.2,327.35,340.5
20030511,341.4,348.5,339.25,347.9
20030518,348.5,357.05,348.5,355
20030525,355.3,374,352,370.5
20030601,370.6,377.15,354.6,361.4
20030608,361.5,367.75,355.6,363
20030615,363.9,366.95,347.8,353.05
20030622,353.35,364.65,353,358
20030629,358,360.2,343.15,345.5
20030706,345.5,352.9,344.2,351.3
20030713,351.6,351.6,340.9,343.7
20030720,344,355.45,339,344.35
20030727,344.55,364.7,344.55,363
20030803,363.9,366,351.35,352.35
20030810,353.15,354.85,344.7,353.95
20030817,354.25,369,352.15,364.5
20030824,364.7,367.35,354,358.75
20030831,359.45,377.8,354.5,375.6
20030907,376.1,378.55,367.5,376.35
20030914,377.25,384.4,371.25,378.25
20030921,378.75,381.6,372.5,379.75
20030928,380.25,400.9,380.25,391.85
20031005,392.75,401.6,379.95,383.95
20031012,384.55,384.55,368.3,370.35
20031019,371.15,375.9,364.75,370.5
20031026,371.4,388.35,369.7,384.6
20031102,385.4,397.8,376.1,384.6
20031109,385.2,391.8,374.15,381
20031116,381.4,399.6,379.4,395.35
20031123,395.45,404.5,387.4,393.85
20031130,394.35,402.1,386.9,398.1
20031207,398.7,404,392.85,402
20031214,402.8,413.6,401.9,406.6
20031221,407.4,412.5,399.95,408.75
20031228,409.55,411.8,407.6,409.6
20040104,410.5,419.55,410.5,415.2
20040111,416.1,433.15,411.05,422.8
20040118,422.8,429.3,409,410.3
20040125,411.1,415.25,403.85,411.4
20040201,411.4,421.15,397.8,401.3
20040208,402.1,405.9,388.85,396.4
20040215,397,419.3,397,412.1
20040222,413.1,419.55,404.65,408.25
20040229,409.25,410.85,390.55,395.05
20040307,395.65,403.9,386.05,399.25
20040314,399.25,406.5,397.55,400.75
20040321,401.25,413.85,396.7,412
20040328,412.1,423.3,411.05,421.5
20040404,422.4,434.2,417.7,426.1
20040411,427.1,427.1,413.85,419.5
20040418,420.3,420.3,394,400.85
20040425,401.15,406.7,389.3,394.5
20040502,395.2,402.1,379.9,388.5
20040509,389.1,399.1,385.5,386.85
20040516,387.45,388.8,368.4,376.5
20040523,377.5,387.7,376.4,385.3
20040530,385.9,394,382.5,393.6
20040606,394.2,401.8,382.15,388.3
20040613,388.6,396.25,382.55,384.85
20040620,385.75,396.3,380.85,395.1
20040627,395.3,402.2,391.9,401.5
20040704,401.7,408.6,391.65,397.75
20040711,397.85,407.2,390.5,406.5
20040718,406.8,406.95,399.4,403.15
20040725,403.25,407.75,389.75,392.85
20040801,393.25,395.05,383.05,387.3
20040808,387.8,400.9,385.4,399
20040815,399.8,400.6,391.1,396.75
20040822,397.65,403.7,394.8,402.45
20040829,403.45,410.4,399.5,405.1
20040905,405.2,409.05,399.65,401.15
20040912,401.45,407.7,391.85,401.35
20040919,402.15,407.1,394.3,405.7
20040926,406.5,413.45,402.2,409.45
20041003,410.35,418.2,408.4,418.1
20041010,418.1,423.25,410.3,421.75
20041017,422.75,423.3,410.6,420.4
20041024,420.8,426.1,415.6,424.1
20041031,424.8,430.3,420.3,428.1
20041107,429,433.7,416.9,433.2
20041114,433.1,438.7,430.8,437.4
20041121,437.4,448.2,435.6,446.6
20041128,446,454.9,445.5,451.5
20041205,451.5,456.5,446.7,455.6
20041212,455.6,456,431.4,433.4
20041219,433.8,442.5,433.8,440.5
20041226,441.1,443.9,438.5,442.1
20050102,442.2,445.2,433.3,437.9
20050109,437.9,438,416.5,418.5
20050116,418.6,427.6,418.5,422.5
20050123,422.8,428.1,419.8,426.3
20050130,426.8,427.8,420.8,425.9
20050206,426,426,413.7,414
20050213,414.3,421.8,410.3,420.6
20050220,420.5,428.3,420.3,426.8
20050227,426.8,436.4,425.8,434.5
20050306,434.8,437.6,428.4,433.7
20050313,433.9,447,431.9,445.5
20050320,445.6,445.6,435.2,438.9
20050327,438.9,438.9,424,424.3
20050403,425,428.7,423.1,428
20050410,425.8,428.2,422.3,426.4
20050417,426.6,430.2,421.6,424.4
20050424,424.5,435.4,422.9,433.7
20050501,434.2,437.3,430.4,434.5
20050508,434.5,434.6,423.6,425.8
20050515,425.8,428.3,418.4,419.9
20050522,420,422.9,416.3,417.3
20050529,417.3,420.1,415.9,420
20050605,420.1,424.6,413.5,423.4
20050612,422.1,428,420.9,427
20050619,426.6,439,423.8,437.7
20050626,437.2,443.3,433.6,440
20050703,439.5,440.1,426.5,426.8
20050710,427.2,428.6,421.2,422.6
20050717,422.6,427.2,417.7,420.8
20050724,421.2,426.6,418.6,424.6
20050731,424.6,430.5,421.5,429.7
20050807,429.4,439.1,428.7,437
20050814,436.9,449.49,432.6,446.4
20050821,445.8,446.3,435.6,436.9
20050828,435.8,440.6,435.5,437.1
20050904,437.1,446.87,429,444.1
20050911,444.1,449.7,442.6,448.7
20050918,448.8,460.05,444.4,459.2
20050925,459.2,475.2,458.1,463.4
20051002,463.4,474.4,457.6,468.5
20051009,468.7,475.7,462.9,474.4
20051016,474.3,480.04,465.5,468.8
20051023,469.1,475.3,459.6,466.7
20051030,466.5,475.6,462.8,472.7
20051106,472.7,472.9,454.8,455.85
20051113,456.4,469.7,455.9,468.2
20051120,468.2,488.6,466.2,485.3
20051127,485.3,496.7,484.4,495.5
20051204,495.5,506.3,490.5,502.9
20051211,502.9,530.5,502.9,525.7
20051218,526.4,540.9,492.8,502.6
20051225,502.6,508.94,489.6,502.4
20060101,502.5,517.7,502.4,516.5
20060108,516.4,539.8,516.4,539.45
20060115,539.2,557.5,535,555.5
20060122,555.5,567.8,539,553
20060129,553.2,566.4,550.9,558.75
20060205,558.9,575.03,557.7,566.8
20060212,567,573.6,544.73,549.9
20060219,549.8,554.2,534.4,551.6
20060226,552.3,559.2,546.7,558.4
20060305,558.4,570.2,552.1,565.9
20060312,564.9,568.1,533.7,539.8
20060319,540.3,557.4,540,554
20060326,553.5,560.9,544.2,559.85
20060402,559.9,588.7,558.1,580.9
20060409,582.73,598.04,581.3,587.8
20060416,590.5,603.78,589.73,595.9
20060423,599,645.63,599,635.23
20060430,633.3,655.5,617.45,649.95
20060507,653.55,684.55,651.3,682.1
20060514,681.7,730,671.25,709.9
20060521,713.9,719.85,650.9,658.33
20060528,657,674.1,635.6,651.8
20060604,650.8,664.8,618.55,635.3
20060611,637.5,645.15,603.8,606.95
20060618,605.25,611.2,542.4,581
20060625,579,594.8,560.7,582.8
20060702,583.3,615.5,576.8,614.1
20060709,617.9,636.9,616.3,632.7
20060716,628.9,667.6,620,666.5
20060723,669.8,676,615.5,620
20060730,618.2,641.4,601.9,634.4
20060806,636.6,656.08,628.3,644.5
20060813,644.9,655,625.98,632.61
20060820,627.8,632.8,607,612
20060827,614.4,629.5,613.2,622.75
20060903,622.4,627.45,607.1,624.33
20060910,625.4,640.1,605.8,610.1
20060917,606.75,608,570.75,577.9
20060924,582.7,592.4,572.2,588.5
20061001,587.55,606.7,582,598.6
20061008,598.5,603.65,559.4,572.95
20061015,574.3,590,568.9,589.2
20061022,592.5,602.3,585.9,592.2
20061029,591.9,599.5,573.3,597.6
20061105,598.4,628.98,597.8,627.1
20061112,626.9,636.4,614.2,627.7
20061119,628.15,632.45,614.6,621.3
20061126,621.35,639.8,619.95,637.7
20061203,638.6,649.35,632.85,645.75
20061210,646.95,648.55,624.95,626.1
20061217,624.4,630.83,614.1,615
20061224,614.8,624.23,611.5,620.3
20061231,623.59,636.4,622.5,635.7
20070107,636.2,644.55,601.9,606.3
20070114,607.9,627.25,604.3,625.9
20070121,625.8,636.1,619.9,635
20070128,635.25,654.2,631.7,644.4
20070204,647.3,661,640.5,646.4
20070211,648.2,668.3,645.8,667.3
20070218,666.8,671.8,659.7,667.8
20070225,668.2,687.8,655.6,681.7
20070304,682.8,688.5,640.1,642.63
20070311,642.83,657.55,632.6,647.9
20070318,648.9,655,636.4,652
20070325,653.7,666.48,651.6,657.1
20070401,657.15,668.9,655.4,663.4
20070408,664.35,675.03,656.5,673.83
20070415,673.2,685.1,669.9,684.1
20070422,686.7,693.5,678.7,692.3
20070429,693.23,693.8,670.8,680.1
20070506,680.85,689.9,667.4,686.7
20070513,688.54,690.1,664.2,670.5
20070520,671.3,674.75,654.8,661.1
20070527,663,665.1,651.6,654.7
20070603,655.4,671.4,651.95,670.9
20070610,671,673.75,643.9,647.2
20070617,649.2,655.48,643,655.05
20070624,656,661.7,647.5,653
20070701,653.6,653.7,639.8,649.7
20070708,650.85,658.5,644.9,653.5
20070715,656.2,669,653.7,666.3
20070722,666.85,686.3,662.3,683.5
20070729,683.6,687.05,656.8,660.15
20070805,661.6,673.2,659.1,673.2
20070812,674.8,676.55,658.2,671.5
20070819,671.95,672,642,656.9
20070826,656.45,668.4,653.2,667.7
20070902,668.1,674.3,660.9,672.5
20070909,672.4,706.4,671.3,700.7
20070916,699.7,717,698.9,708.15
20070923,706.6,739.5,706.3,732.1
20070930,730.35,745.5,721.7,744.8
20071007,743.4,747.65,720.8,741.5
20071014,740.8,753.4,726.9,748.3
20071021,748.2,770.9,747.4,765.3
20071028,766.7,785.4,745.4,784.05
20071104,789.3,808,776.6,804.9
20071111,804.35,845.45,800.5,832.6
20071118,828.78,830.55,782.6,786.4
20071125,789.3,825.54,772.74,822.65
20071202,825.33,836.69,779.08,784.46
20071209,785.76,806.6,777,795.4
20071216,795.52,816.85,788,792.72
20071223,794.96,811.96,785.31,811.4
20071230,810.1,839.72,807.9,839.03
20080106,842.3,868.91,830,861.2
20080113,861.9,897.8,855.1,895.82
20080120,897.1,914.12,870.08,882.3
20080127,881.28,923.44,849.1,909.88
20080203,915.3,936.79,904.68,905.98
20080210,908.9,920.12,884.6,918.58
20080217,922.45,927,896.58,904.2
20080224,903.2,953.8,899.8,943.2
20080302,947.15,976,926.48,970.4
20080309,976.3,992.38,958.7,971.54
20080316,974.7,1006.4,960.99,998.9
20080323,1004,1032.3,904.8,914.46
20080330,912.95,954.8,906.1,931.53
20080406,927.92,940.56,872.38,908.36
20080413,914.8,939.52,902.8,924.93
20080420,920.58,952.8,904.4,916.2
20080427,917.9,928.6,877.74,888.9
20080504,887.2,895.48,845.51,856.65
20080511,860.9,889.54,859.95,886.3
20080518,885.15,904.8,859.98,900.6
20080525,904.8,935.15,900.6,925.29
20080601,924.2,930.74,870.7,886.96
20080608,886.85,899.16,864.7,895.7
20080615,903.98,909.12,857.55,870.4
20080622,871.4,907.78,866.45,901.13
20080629,904.56,930.7,873.48,929.69
20080706,927.75,946.41,918.84,932.6
20080713,931.65,967.7,912.6,961.96
20080720,963.85,987.9,950.1,954
20080727,955.4,975.5,917.1,927.97
20080803,928.24,933.1,894.45,909.64
20080810,912.2,915.4,850.5,857.1
20080817,861.5,865.4,772.55,785.28
20080824,793.8,838.3,782.25,827.43
20080831,822.6,843.97,806.65,830.25
20080907,833.7,835.5,789.25,801
20080914,810.55,817.7,735.9,760.22
20080921,778.7,918.3,763.75,858.5
20080928,878.18,910.12,862.48,884.2
20081005,870.55,913.8,817.8,830.55
20081012,830.45,931.6,824.5,840.28
20081019,856.64,872.12,771.3,788.45
20081026,785.9,809.55,681.45,733.42
20081102,739.94,777.1,706.35,724.93
20081109,729.3,765.45,721.6,733.64
20081116,749.62,767,700.4,743.45
20081123,739.86,799.7,730.7,795.3
20081130,802.87,830.05,786.4,817.9
20081207,816.26,816.61,741.8,755.83
20081214,759.02,834.48,759.02,818.84
20081221,827.1,879.2,822.05,839.36
20081228,839.9,872.97,830.2,864.55
20090104,877.1,889.68,856.58,876.34
20090111,881.23,884.24,836.3,856.52
20090118,852.03,853.7,802.84,839.28
20090125,841.73,902.4,823.53,895.88
20090201,897.3,929.34,874,928.08
20090208,926.8,926.8,889.38,913.3
20090215,906.13,951.68,890.55,939.76
20090222,941.18,1006.1,936,997.37
20090301,996.24,998.02,928.2,938.96
20090308,948.99,958.12,905.04,940.1
20090315,938.53,941.94,891.65,928.13
20090322,925.78,966.9,883.74,952.94
20090329,952.15,956.9,916.76,922.8
20090405,923.9,931.84,895.1,895.91
20090412,892.22,893.98,865.15,881.65
20090419,884.34,899.7,865.16,866.59
20090426,868.56,913.68,864.78,911.8
20090503,916.3,918.1,879.9,885.5
20090510,887,924.94,885.62,914.65
20090517,915.68,933.96,908.62,928.3
20090524,930.95,961.46,917.35,957.95
20090531,957.05,980.17,941.21,975.92
20090607,976.29,989.7,954.3,960.82
20090614,953.39,965.17,936.96,939.5
20090621,935.08,941.71,925.9,934.1
20090628,933.65,948.24,913.3,940.05
20090705,936.25,944.83,923.6,932
20090712,929.8,931.78,904.95,913
20090719,914.15,941.61,907.85,938.28
20090726,937.48,957.27,937.48,952.25
20090802,950.1,958.59,925.65,953.9
20090809,952.86,971.4,951.01,954.9
20090816,954.58,960.41,939.95,946.22
20090823,947.28,957.7,930.22,953.08
20090830,953.6,960.1,936.68,956.97
20090906,954.6,997.19,943.68,991.78
20090913,994.42,1011.4,983.02,1003.9
20090920,1006.2,1024,992.26,1009.4
20090927,1003.7,1019.3,985,990.91
20091004,993.35,1009.7,985.07,1002.4
20091011,1001.7,1061.3,1001,1046.8
20091018,1052.9,1070.6,1043.1,1052.35
20091025,1055,1067.8,1047.9,1055.9
20091101,1053.1,1059.3,1027,1041
20091108,1042.4,1100.3,1042.4,1093.8
20091115,1097.4,1122.7,1095.8,1115.5
20091122,1124.6,1152.1,1123,1148.3
20091129,1158.2,1195.1,1137.4,1176.6
20091206,1171.4,1226.2,1157,1159.5
20091213,1157.6,1168.7,1109.4,1116
20091220,1112.8,1141.5,1097,1108.5
20091227,1115.1,1118.1,1074.5,1104.6
20100103,1107.9,1113.6,1086.1,1096.6
20100110,1095.2,1139.88,1094.2,1137
20100117,1138.25,1160.95,1118.03,1130.25
20100124,1130.83,1140.78,1081.43,1092.3
20100131,1092.68,1103.38,1073.28,1080.05
20100207,1080.38,1124.22,1043.72,1065.3
20100214,1065.88,1096.78,1060.9,1092.55
20100221,1092.03,1126.15,1090.83,1118.45
20100228,1121.25,1130.18,1087.43,1116.85
20100307,1118.6,1144.08,1111.22,1133.9
20100314,1135.2,1136.83,1097.93,1100.85
20100321,1102.8,1132.47,1100.45,1105.95
20100328,1103.05,1108.78,1084.28,1106.47
20100404,1110.9,1127.08,1100.83,1119.95
20100411,1123.1,1163.83,1121.8,1160.95
20100418,1162.45,1168.93,1129.13,1136.45
20100425,1133.6,1157,1122.93,1156.8
20100502,1156.25,1180.78,1145.72,1178.05
20100509,1179.15,1212.53,1156.97,1207.1
20100516,1205.35,1248.7,1183.4,1231.15
20100523,1231.1,1241.3,1166.1,1176.13
20100530,1177.35,1217.55,1176.65,1213.38
20100606,1213.75,1227.95,1196,1218.85
20100613,1218.88,1250.9,1209.93,1225.55
20100620,1226.6,1261.43,1215.8,1255.88
20100627,1258.82,1264.2,1224.2,1254.5
20100704,1253.85,1261.53,1195.78,1210.45
20100711,1212.1,1213.5,1184.2,1210.6
20100718,1211.5,1217.05,1185.85,1192.1
20100725,1193.1,1203.2,1174.9,1188.28
20100801,1187.2,1193.53,1156.6,1180.3
20100808,1181.15,1210,1173.55,1204.55
20100815,1204.05,1216.7,1190.1,1214.6
20100822,1213.7,1236.3,1213.45,1227.05
20100829,1226.4,1243.53,1209.65,1237.15
20100905,1236.3,1253.9,1230.7,1245.9
20100912,1247.75,1261.25,1236.1,1245.65
20100919,1245.2,1282.7,1240.45,1273.95
20100926,1276.7,1299.65,1271.3,1296.2
20101003,1297.1,1320,1282.5,1318.7
20101010,1317.7,1364.5,1312.2,1342.8
20101017,1347.9,1386.95,1340.25,1368.35
20101024,1370.35,1374.75,1314.7,1328.25
20101031,1328.75,1359.05,1319.05,1359.05
20101107,1363.6,1397.95,1325.35,1393.3
20101114,1396.7,1424.1,1360.1,1368.25
20101121,1370,1376.45,1329.65,1353.2
20101128,1357.45,1382.2,1348.35,1363.05
20101205,1362.9,1415.55,1352.8,1413.45
20101212,1413.8,1430.6,1370.9,1385.25
20101219,1383.75,1408.05,1361.85,1374.9
20101226,1375.75,1391.8,1372.15,1378.25
20110102,1377.45,1420.95,1372.35,1420.55
20110109,1419,1423.5,1354.3,1364.7
20110116,1371,1392.8,1355.1,1360.9
20110123,1362.3,1378.87,1337.91,1342.1
20110130,1342.93,1353.31,1308.26,1336.7
20110206,1338.4,1358,1323.19,1348.96
20110213,1347.42,1368.25,1343.74,1356.71
20110220,1357.09,1391.84,1353.97,1390.45
20110227,1391.42,1418.2,1390.22,1410.35
20110306,1410.55,1440.42,1405.1,1431.15
20110313,1434.6,1444.86,1403.15,1417.94
20110320,1431.14,1431.37,1381.26,1420.02
20110327,1425.76,1447.86,1419.6,1429.9
20110403,1427.7,1439.46,1410.41,1428.9
20110410,1428.9,1475.27,1428.11,1475.1
20110417,1475.38,1488.4,1444.25,1486.6
20110424,1486.75,1509.22,1477.62,1504.34
20110501,1510.72,1569.41,1493.21,1563.45
20110508,1566.32,1576.9,1462.65,1495.6
20110515,1495.5,1526.67,1478.26,1495.25
20110522,1495.2,1515.89,1472.12,1512.05
20110529,1513.02,1538.47,1504.05,1536.26
20110605,1536.72,1550.47,1519.72,1542.15
20110612,1542.41,1553.69,1526.05,1531.3
20110619,1530.25,1542.13,1511.07,1539.4
20110626,1539.87,1558.23,1498.58,1502.75
20110703,1501.42,1514.33,1478.35,1487.75
20110710,1486.82,1545.52,1486.34,1544.2
20110717,1545.87,1594.25,1540.83,1593.75
20110724,1593.93,1610.2,1581.2,1601.25
20110731,1608.47,1632.65,1603.3,1624.85
20110807,1610.15,1681.9,1609,1661.05
20110814,1689.95,1814.99,1682.55,1746.6
20110821,1745,1877.51,1728.63,1852.05
20110828,1861.15,1912.14,1703.27,1828.2
20110904,1837.95,1884.53,1776.33,1882.85
20110911,1878.05,1921.07,1793.12,1856.5
20110918,1856.85,1862.33,1762.76,1811.41
20110925,1817.96,1827.11,1628.69,1644.1
20111002,1657.07,1677.13,1533.19,1623.83
20111009,1620.28,1678.43,1595.76,1638.16
20111016,1639.51,1691.98,1638.34,1680.83
20111023,1682.96,1695.08,1603.32,1641.67
20111030,1642.16,1752.59,1635.69,1743.3
20111106,1743.17,1768.08,1681.39,1754.84
20111113,1753.86,1803.1,1736.05,1788.36
20111120,1788.76,1796.12,1710.62,1724
20111127,1723.35,1726.53,1666.8,1680.46
20111204,1680.58,1762.55,1680.58,1746.65
20111211,1747.45,1755.98,1702.18,1711.41
20111218,1712.69,1714.93,1560.55,1598.98
20111225,1601.25,1641.89,1583.5,1606.91
20120101,1607.41,1607.41,1522.86,1564.81
20120108,1569.36,1630.84,1567.14,1617.55
20120115,1617.18,1662.09,1605.39,1639.48
20120122,1635.31,1670.2,1631.77,1666.58
20120129,1665.09,1739.65,1649.22,1739.26
20120205,1736.79,1763.3,1716.55,1726.18
20120212,1728.34,1752.24,1704.67,1721.72
20120219,1725.08,1737.36,1705.67,1723.23
20120226,1726.71,1787.46,1726.63,1772.31
20120304,1775.01,1790.71,1688.75,1712.46
20120311,1712.58,1716.79,1663.68,1713.98
20120318,1714.07,1714.35,1634.68,1659.91
20120325,1658.77,1669.86,1628.22,1661.92
20120401,1662.86,1697.1,1645.23,1668.28
20120408,1670.22,1683.7,1612.53,1631.23
20120415,1643.31,1680.23,1632.04,1658.41
20120422,1655.93,1657.84,1631.48,1642.97
20120429,1642.15,1666.6,1623.58,1662.3
20120506,1663.7,1670.8,1626.9,1641.8
20120513,1638.3,1642.1,1573.47,1578.93
20120520,1581.24,1597.02,1526.63,1592.44
20120527,1592.57,1598.77,1533.45,1572.82
20120603,1574.91,1628.58,1533.45,1621.81
20120610,1619.61,1639.2,1556.89,1592.08
20120617,1598.52,1631.79,1580.59,1624.69
20120624,1614.34,1631.53,1556.74,1571.8
20120701,1566.72,1605.41,1546.56,1596.95
20120708,1597.51,1624.07,1576.37,1583.15
20120715,1578.18,1600.38,1554.26,1589.4
20120722,1591.33,1598.33,1567.73,1584.1
20120729,1580.92,1628.82,1563.23,1622.5
20120805,1623.68,1627.26,1584.69,1603.05
20120812,1603.12,1625.8,1602.99,1619.75
20120819,1620.98,1625.16,1590.21,1615.55
20120826,1616.83,1674.5,1609.84,1670.15
20120902,1673.75,1692.58,1646.72,1691.61
20120909,1687.75,1741.09,1685.17,1734.85
20120916,1733.35,1777.45,1719.33,1769.5
20120923,1774.43,1787.2,1752.28,1772.81
20120930,1770.13,1782.83,1736.75,1771.25
20121007,1765.4,1795.54,1763,1779.7
20121014,1776.7,1779.35,1751.82,1753.5
20121021,1743.65,1753.12,1716.17,1720.75
20121028,1715.77,1729.05,1698.26,1710.6
20121104,1714.37,1726.51,1674.27,1677.46
20121111,1682.11,1738.08,1672.29,1730.75
20121118,1733.83,1737.59,1704.68,1713.35
20121125,1716.68,1753.92,1715.75,1750.76
20121202,1749.97,1751.77,1705.55,1714.4
20121209,1716.72,1721.98,1683.49,1703.65
20121216,1704.66,1722.95,1689.27,1695.7
20121223,1694.36,1702.75,1635.29,1656.75
20121230,1656.02,1667.71,1651.65,1655.07
20130106,1657.99,1694.47,1625.44,1655.7
20130113,1657.1,1678.44,1642.52,1662.4
20130120,1661.47,1696.09,1660.74,1683.3
20130127,1687.07,1695.67,1655.58,1658.3
20130203,1658.47,1683.36,1651.57,1667.05
20130210,1665.42,1684.55,1661.46,1666.8
20130217,1667.43,1669.2,1597.71,1609.7
20130224,1615.12,1618.43,1554.73,1581.15
20130303,1576.71,1619.43,1564.48,1575.65
20130310,1580.21,1585.97,1561.14,1578.24
20130317,1576.5,1598.72,1575.67,1591.76
20130324,1600.74,1616.23,1591.2,1608.21
20130331,1605.36,1613.18,1589.61,1596.65
20130407,1595.77,1603.47,1539.78,1580.75
20130414,1580.68,1589.9,1481.22,1482.8
20130421,1484.87,1495.14,1321.42,1403.1
20130428,1406.44,1484.95,1403.45,1461.3
20130505,1462.07,1487.53,1440.2,1470.16
20130512,1469.72,1478.46,1419.57,1443.85
20130519,1440.15,1445.39,1349.53,1355.58
20130526,1347.45,1413.9,1338.06,1383.61
20130602,1386.7,1421.7,1373.62,1385.08
20130609,1392.04,1423.15,1377.88,1382.45
20130616,1385.58,1394.74,1365.97,1390.32
20130623,1389.46,1391.87,1269.38,1294.01
20130630,1300.65,1301.46,1180.16,1232.63
20130707,1243.09,1267.17,1208.27,1222.95
20130714,1222.87,1298.46,1215.66,1284.14
20130721,1291.09,1300.41,1270.33,1294.59
20130728,1311.69,1346.64,1308.92,1332.81
20130804,1332.32,1338.72,1283.31,1307.67
20130811,1312.13,1320.67,1272.95,1312.92
20130818,1329.76,1379.42,1315.9,1372.75
20130825,1377.33,1399.93,1352.33,1396.26
20130901,1401.76,1433.6,1389.31,1393.98
20130908,1381.53,1416.06,1359.21,1389.16
20130915,1388.01,1391.86,1304.75,1323.42
20130922,1326.71,1375.2,1291.83,1326.2
20130929,1329.39,1343.88,1305.65,1336.05
20131006,1342.85,1343.1,1277.26,1310.56
20131013,1314.72,1329.56,1261.7,1270.16
20131020,1273.05,1326.85,1251.81,1314.59
20131027,1318.1,1355.59,1310,1351.47
20131103,1349.02,1361.65,1306,1315.81
20131110,1313.92,1326.25,1281.18,1287.77
20131117,1285.98,1294.07,1261.45,1288.06
20131124,1287.75,1288.25,1236.81,1243.17
20131201,1241.16,1255.03,1226.67,1253.78
20131208,1247.97,1251.29,1211.63,1228.67
20131215,1228.15,1267.64,1220.49,1237.5
20131222,1235.72,1251.91,1187.18,1202.09
20131229,1203.62,1219.1,1192.67,1214.05
20140105,1213.2,1240.18,1182.1,1237.11
20140112,1233.99,1248.67,1213.11,1247
20140119,1248.35,1255.06,1234.33,1253.87
20140126,1257.6,1272.57,1231.38,1268.39
20140202,1274.61,1275,1238.09,1244.75
20140209,1243.9,1274.12,1240.82,1266.94
20140216,1265.72,1321.02,1265.07,1318.57
20140223,1322.41,1329.83,1307.37,1323.58
20140302,1324.6,1345.24,1318.82,1323.58
20140309,1341.9,1354.53,1328.43,1338.98
20140316,1336.41,1387.72,1327.81,1381.2
20140323,1388.08,1388.34,1320.29,1332.92
20140330,1331.76,1334.1,1285.75,1292.76
20140406,1295.05,1306.49,1277.69,1303.18
20140413,1301.95,1324.73,1295.45,1317.7
20140420,1326.97,1331.01,1284.93,1295.11
20140427,1292.04,1304.83,1268.55,1302.15
20140504,1303.83,1306.38,1274.9,1298.24
20140511,1300.27,1315.57,1285.04,1288.59
20140518,1282.94,1308.81,1281.97,1292.97
20140525,1291.11,1305.16,1283.37,1292.62
20140601,1291.58,1294.06,1242.25,1250.55
20140608,1248.06,1257.57,1240.7,1252.61
20140615,1253.06,1277.88,1251.21,1276.62
20140622,1278.19,1321.35,1258.67,1313.97
20140629,1313.21,1325.85,1306.27,1315.78
20140706,1315.45,1333.09,1309.7,1320.16
20140713,1318.18,1344.83,1311.6,1337.48
20140720,1338.57,1339,1292.21,1310.42
20140727,1311.77,1318.28,1287.46,1307.01
20140803,1306.79,1311.98,1280.47,1292.72
20140810,1293.41,1322.44,1282.52,1311.48
20140817,1310.9,1319.22,1292.38,1304.03
20140824,1302.45,1303.47,1272.9,1280.37
20140831,1279.15,1296.3,1274.28,1287.12
20140907,1286.41,1289.9,1257.62,1268.49
20140914,1267.81,1271.8,1227.58,1230.42
20140921,1227.94,1241.77,1213.81,1217.64
20140928,1216.02,1234.92,1206.86,1217.46
20141005,1216.96,1223.2,1190.03,1191.74
20141012,1188.25,1233.33,1182.87,1223.1
20141019,1230.63,1249.7,1221.7,1237.64
20141026,1236.07,1255.02,1226.35,1230.93
20141102,1228.83,1235.45,1161.18,1171.85
20141109,1166.33,1177.05,1131.78,1174.92
20141116,1169.21,1193.31,1146.11,1190.73
20141123,1184.69,1207.71,1175.45,1200.86
20141130,1201.68,1203.41,1165.04,1168.85
20141207,1150.35,1220.62,1146.55,1191.45
20141214,1188.78,1237.98,1188.39,1221.48
20141221,1223.82,1223.89,1183.58,1194.7
20141228,1195.03,1201.47,1170.57,1195.31
20150104,1193.5,1209.25,1167.69,1187.4
20150111,1186.14,1222.12,1186.14,1220.73
20150118,1224.12,1281.76,1218.62,1275.25
20150125,1278.64,1306.43,1272.08,1293.82
20150201,1295.35,1298.89,1251.91,1283.8
20150208,1280.54,1285.06,1228.3,1235.26
20150215,1235.61,1245.63,1216.5,1228.44
20150222,1230.78,1236.1,1197.38,1201.11
20150301,1201.79,1219.67,1190.43,1211.57
20150308,1215.52,1223,1163.52,1165.53
20150315,1170.72,1175.05,1147.33,1157.34
20150322,1155.45,1188.08,1142.73,1182.55
20150329,1185.99,1219.68,1179.61,1198.78
20150405,1197.81,1208.78,1178.75,1202.86
20150412,1218.09,1224.45,1193.1,1208.56
20150419,1207.97,1209.75,1184.31,1204.81
20150426,1205.6,1209.36,1175.51,1178.99
20150503,1179.99,1215.28,1170.18,1177.85
20150510,1178.52,1199.99,1178.18,1188.37
20150517,1189.91,1227.37,1179.21,1225.13
20150524,1224.25,1232.54,1201.91,1205.67
20150531,1204.61,1208.93,1181.13,1190.22
20150607,1192.49,1204.49,1163.05,1171.2
20150614,1170.63,1192.56,1169.95,1181.35
20150621,1184.95,1205.79,1173.07,1201.19
20150628,1198.68,1200.26,1169.27,1174.78
20150705,1184.16,1187.78,1157.43,1168.83
20150712,1173.45,1174.62,1147.5,1162.78
20150719,1163.01,1164.5,1131.43,1134.11
20150726,1132.49,1133.24,1077.64,1098.97
20150802,1096.53,1105.27,1080.28,1095.23
20150809,1095.22,1099.76,1081.32,1092.48
20150816,1092.51,1126.81,1090.03,1115.41
20150823,1114.84,1168.54,1110.02,1159.56
20150830,1162.19,1170.18,1118.03,1134.33
20150906,1132.61,1147.98,1117.57,1122.28
20150913,1123.11,1126.81,1099.05,1107.98
20150920,1106.36,1141.9,1102.81,1139.55
20150927,1137.81,1156.9,1121.64,1146.81
20151004,1147.09,1148.49,1104.97,1137.99
20151011,1138.27,1159.9,1130.42,1157.58
20151018,1156.11,1191.63,1152.16,1176.38
20151025,1176.9,1180.88,1159.26,1165.02
20151101,1163.54,1183.03,1139.59,1142.22
20151108,1140.95,1143.2,1085.78,1088.36
20151115,1089.94,1095.83,1074.51,1082.07
20151122,1090.33,1098.24,1065,1077.73
20151129,1075.84,1081.27,1052.87,1058.63
20151206,1057.57,1089.09,1046.64,1087.07
20151213,1084.64,1086.88,1062.79,1077.26
20151220,1072.81,1078.58,1048.03,1066.65
20151227,1064.42,1081.86,1064.19,1076.88
20160103,1076.6,1076.64,1058.81,1061.46
20160110,1064.65,1110.16,1062.61,1103.96
20160117,1106.95,1108.49,1071.68,1088.11
20160124,1091,1109.22,1083.21,1097.66
20160131,1098.47,1128.11,1098.14,1117.69
20160207,1117.94,1174.79,1117.23,1173.45
20160214,1167.24,1263.13,1164.57,1238.61
20160221,1232.78,1240.02,1191.19,1229.46
20160228,1224.08,1253.41,1202.27,1224.01
20160306,1222.41,1279.97,1220.46,1261.55
20160313,1264.23,1283.04,1237.15,1250.22
20160320,1251.21,1271.2,1226.27,1255.67
20160327,1255.64,1260.18,1212.96,1217.18
20160403,1216.39,1244.24,1208.64,1223.75
20160410,1220.54,1243.49,1214.76,1239.8
20160417,1240.25,1262.74,1223.99,1234.26
20160424,1235.11,1270.35,1227.71,1233.84
20160501,1233.28,1296.74,1230.39,1293.03
20160508,1291.31,1303.89,1269.26,1288.89
20160515,1285.16,1287.83,1257.42,1273.9
20160522,1271.87,1288.87,1244.42,1252.7
20160529,1251.07,1256.24,1207.19,1210.39
20160605,1213.08,1244.62,1200.21,1244.37
20160612,1243.15,1278.2,1234.92,1274.55
20160619,1275.98,1315.67,1272.83,1298.62
20160626,1289.06,1358.61,1245.58,1318.56
20160703,1320.17,1344.81,1305.81,1343.61
20160710,1342.73,1375.42,1335.6,1366.65
20160717,1367.9,1375.26,1320.29,1329.15
20160724,1332,1337.75,1311.12,1323.44
20160731,1322.76,1355.23,1312.58,1352.15
20160807,1348.65,1367.57,1335.09,1336.76
20160814,1335.53,1357.48,1330.18,1335.05
20160821,1338.44,1358.39,1335.81,1340.55
20160828,1340.48,1344.52,1317.95,1320.89
20160904,1320.65,1329.8,1302.46,1325.34
20160911,1324.3,1352.4,1321.74,1329.23
20160918,1327.78,1331.83,1306.39,1311.2
20160925,1309.76,1343.46,1308.05,1337.64
20161002,1336.83,1341.9,1313.38,1317.57
20161009,1318.24,1319.45,1241.28,1254.97
20161016,1256.61,1264.74,1246.54,1251.72
20161023,1251.46,1274.06,1250.18,1266.81
20161030,1265.64,1284.02,1260.27,1274.68
20161106,1277.51,1307.6,1271.15,1304.29
20161113,1292.61,1335.39,1219.1,1227.54
20161120,1227.78,1232.86,1203.01,1207.87
20161127,1207.7,1220.83,1171.3,1184.27
20161204,1185.14,1197.69,1160.92,1175.78
20161211,1180.61,1188.11,1156.55,1158.9
20161218,1159.69,1165.77,1123.04,1133.6
20161225,1134.26,1142.44,1125.92,1131.77
20170101,1133.96,1163.25,1131.82,1150.91
20170108,1150.53,1184.97,1146.18,1172.3
20170115,1172.76,1207.07,1172.1,1198.39
20170122,1197.51,1218.86,1195.95,1207.68
20170129,1209.47,1220.04,1181.15,1190.91
20170205,1192.46,1225.33,1188.36,1219.27
20170212,1219.9,1244.74,1219.4,1233.81
20170219,1232.91,1243.86,1216.82,1236.12
20170226,1235.3,1260.19,1226.21,1256.68
20170305,1258.45,1263.94,1223.23,1234.3
20170312,1234.3,1236.9,1195.26,1204.45
20170319,1206,1233.46,1197.48,1229.42
20170326,1230.59,1253.31,1227,1243.73
20170402,1246.29,1261.1,1240.04,1247.31
20170409,1250.51,1270.87,1243.94,1254.75
20170416,1254.06,1288.62,1247.28,1286.99
20170423,1290.47,1295.54,1274.41,1284.94
20170430,1275.39,1278.24,1260.16,1268.16
20170507,1268.39,1271.2,1225.82,1229.41
20170514,1221.59,1236.61,1214.33,1228.01
20170521,1228.37,1265.06,1227.13,1255.14
20170528,1257.53,1269.55,1248.02,1267.36
20170604,1267.63,1279.15,1259.6,1278.29
20170611,1280.4,1296,1264.74,1267.65
20170618,1267.48,1280.41,1251.52,1254.55
20170625,1254.09,1258.86,1241.43,1255.86
20170702,1257.36,1258.21,1236.7,1241.38
20170709,1241.81,1242.8,1207.42,1211.97
20170716,1213.2,1232.85,1204.97,1228.47
20170723,1229.4,1255.83,1228.41,1254.29
20170730,1255.69,1270.91,1243.9,1269.18
20170806,1270.35,1274,1254.4,1258.82
20170813,1259.1,1291.74,1251.67,1290.96
20170820,1290.26,1300.77,1267.4,1286.6
20170827,1282.96,1294.02,1276.56,1291.08
20170903,1292.29,1328.9,1292,1325.67
20170910,1335.99,1357.56,1326.53,1346.54
20170917,1334.21,1340.15,1316.12,1320.91
20170924,1320.11,1320.11,1288.3,1297.19
20171001,1297.97,1313.64,1277.91,1280.59
20171008,1280.04,1282.17,1260.69,1274.88
20171015,1276.41,1303.88,1275.4,1303.5
20171022,1303.39,1306.09,1276.84,1280.68
20171029,1278.49,1283.73,1263.89,1273.25
20171105,1272.74,1284.2,1265.71,1269.96
20171112,1270.24,1288.33,1266.27,1275.9
20171119,1275.07,1296.95,1270.1,1293.76
20171126,1293.16,1294.89,1274.69,1288.59
20171203,1289.24,1299.25,1270.41,1280.78
20171210,1274.8,1277.21,1244.03,1248.02
20171217,1248.52,1261.9,1236.57,1255.77
20171224,1254.99,1276.18,1252.84,1274.12
20171231,1275.07,1307.63,1273.51,1303.33
20180107,1303.38,1326.03,1302.48,1320.5
20180114,1320.97,1339.4,1308.33,1338.15
20180121,1336.55,1344.7,1324.36,1332.28
20180128,1334.87,1366.12,1328.53,1349.64
20180204,1350.05,1352.47,1327.51,1331.97
20180211,1332.12,1346.14,1307.15,1314.84
20180218,1315.15,1361.8,1314.29,1348.76
20180225,1347.61,1351.32,1321.05,1329.32
20180304,1327.95,1340.96,1302.87,1321.95
20180311,1323.71,1340.55,1313.13,1323.45
20180318,1323.03,1330.1,1309.79,1313.77
20180325,1313.48,1350.24,1307.31,1347.4
20180401,1347.18,1356.86,1321.35,1325.43
20180408,1326.02,1348.08,1319.97,1333.45
20180415,1334.32,1365.12,1326.97,1344.4
20180422,1343.2,1355.7,1335.04,1335.66
20180429,1334.68,1335.52,1315.43,1323.61
20180506,1323.9,1326.45,1301.91,1314.34
20180513,1317.54,1326,1304.52,1319.28
20180520,1318.36,1322.39,1285.69,1291.89
20180527,1290.78,1307.79,1282.19,1300.11
20180603,1300.34,1306.53,1289.51,1293.65
20180610,1292.62,1303.08,1290.16,1298.53
20180617,1300.01,1309.34,1275.6,1279.97
20180624,1277.73,1284.14,1261.49,1270.23
20180701,1270.2,1272.65,1246.02,1252.55
20180708,1251.96,1261.14,1238.03,1254.99
20180715,1255.15,1265.92,1236.82,1241.67
20180722,1240.93,1245.63,1211.72,1230.99
20180729,1231.77,1235.24,1217.65,1223.56
20180805,1222.69,1228.58,1204.74,1213.69
20180812,1213.91,1217.9,1205.84,1211.51
20180819,1211.18,1213.94,1160.31,1184.35
20180826,1183.59,1208.45,1182.87,1205.76
20180902,1207.64,1214.35,1196.51,1199.52
20180909,1201.09,1207.01,1189.7,1196.45
20180916,1195.23,1212.72,1187.9,1194.11
20180923,1194.34,1211.1,1191.96,1199.01
20180930,1199.69,1204.16,1181.01,1191.96
20181007,1192.48,1208.32,1184.68,1202.97
20181014,1203.31,1226.31,1183.41,1218.06
20181021,1217.7,1233.31,1217.02,1226.44
20181028,1227.44,1243.49,1220.19,1233.94
20181104,1233.31,1237.39,1212.07,1233.04
20181111,1233.19,1235.98,1206.79,1209.95
20181118,1208.41,1225.35,1196.4,1222.05
20181125,1222.51,1230.08,1218.06,1223.11
20181202,1223.49,1229.01,1211.29,1222.13
20181209,1222.34,1250.09,1221.38,1248.53
20181216,1249.96,1250.91,1233.01,1238.43
20181223,1239.22,1266.5,1235.9,1255.46
20181230,1257.54,1282.19,1257.54,1280.04
20190106,1280.85,1298.58,1276.8,1285.03
20190113,1286.01,1297.13,1279.46,1288.25
20190120,1287.68,1295.93,1280.73,1280.96
20190127,1280.81,1300.33,1276.79,1300.23
20190203,1302.32,1326.32,1297.8,1317.93
20190210,1318.18,1319.14,1302.9,1314.45
20190217,1314.43,1322.66,1302.61,1321.04
20190224,1321.64,1346.8,1320.45,1328.46
20190303,1329.06,1332.59,1290.25,1291.39
20190310,1290.36,1300.81,1281.02,1300.17
20190317,1296.67,1311.31,1290.58,1302.25
20190324,1302.31,1320.26,1298.3,1313.31
20190331,1312.6,1324.58,1286.91,1292.3
20190407,1292.46,1297.1,1281.05,1291.91
20190414,1291.95,1310.63,1289.74,1290.34
20190421,1291.42,1292.02,1271.33,1275.77
20190428,1275.64,1288.76,1266.55,1285.53
20190505,1287.44,1287.44,1266.48,1278.29
20190512,1278.94,1291.51,1276.88,1286.07
20190519,1287.92,1303.37,1275.12,1278.08
20190526,1277.62,1287.3,1269.61,1284.79
20190602,1284.64,1306.98,1275.11,1305.87
20190609,1307.21,1348.29,1306.16,1341.35
20190616,1336.47,1358.14,1319.96,1341.08
20190623,1342.07,1410.88,1333.11,1399.03
20190630,1400.48,1438.8,1399.03,1411.07
20190707,1398.55,1437.74,1381.89,1400.78
20190714,1398.73,1427.06,1386.31,1414.63
20190721,1415.76,1452.81,1400.31,1425.7
20190728,1427.78,1433.78,1411.2,1416.66
20190804,1419.32,1448.83,1400.6,1440.97
20190811,1440,1510.1,1436.98,1498.48
20190818,1498,1534.95,1480.29,1514.49
20190825,1512.6,1530.11,1492.57,1528.7
20190901,1539.19,1555.16,1517.12,1523.72
20190908,1528.45,1557.1,1502.93,1505.78
20190915,1508.1,1524.27,1484.7,1486.81
20190922,1505.82,1517.1,1484.46,1516.36
20190929,1514.48,1535.7,1487.1,1496.62
20191006,1495.16,1519.44,1459.25,1505.16
20191013,1512.54,1516.98,1474.1,1485.84
20191020,1488.2,1498.28,1477.23,1490.63
20191027,1491.58,1517.99,1481.02,1505.77
20191103,1503.26,1515.88,1481.33,1514.34
20191110,1513.33,1514.8,1456.34,1458.8
20191117,1459.01,1474.65,1445.78,1466.91
20191124,1467.83,1478.87,1456.49,1462.16
20191201,1460.69,1466.61,1450.25,1464.02
20191208,1464.07,1484.07,1454.05,1460.61
20191215,1459.65,1486.78,1458.8,1476.61
20191222,1475.65,1481.73,1470.61,1477.58
20191229,1478.5,1515.35,1477.58,1510.86
20200105,1511.63,1553.4,1510.88,1549.02
20200112,1560.58,1611.45,1540.4,1560.3
20200119,1560.71,1561.3,1536.12,1557.07
20200126,1557.52,1575.86,1546.52,1571.66
20200202,1581.29,1589.4,1563.47,1586.88
20200209,1593.43,1593.57,1547.58,1570.19
20200216,1572.05,1584.44,1562.11,1582.65
20200223,1582.4,1649.16,1578.93,1643.37
20200301,1654.84,1689.04,1563.49,1577.4
20200308,1592.13,1692.07,1575.87,1673.21
20200315,1698.35,1703.16,1505.045,1529.75
20200322,1546.77,1562.85,1451.28,1497.36
20200329,1489.05,1644.18,1485.19,1620.75
20200405,1620.75,1637.3,1569.8,1622.39
20200412,1617.65,1690.44,1609.13,1683.25
20200419,1685.3,1747.4,1675.55,1684.1
20200426,1682.59,1738.74,1660.86,1728.03
20200503,1728.52,1728.52,1670.59,1699.23
20200510,1701.92,1723.33,1683.21,1707.15
20200517,1702.03,1751.16,1692.45,1742.98
20200524,1746.2,1765.12,1717.36,1735.38
20200531,1733.7,1737.59,1693.82,1731.5
20200607,1736.49,1745.09,1671.03,1681.82
20200614,1684.24,1744.81,1677.74,1731.37
20200621,1733.4,1745.2,1704.48,1742.52
20200628,1750.03,1779.38,1743.29,1770.97
20200705,1775.68,1789.24,1757.75,1775.725
20200712,1776.455,1818,1770.35,1799.54
20200719,1798.98,1814.69,1791.74,1810.12
20200726,1809.11,1906.68,1805.93,1902.59
20200802,1901.81,1982.77,1900.18,1974.2
20200809,1979.6,2075.11,1960.77,2031.69
20200816,2033.15,2049.77,1864.19,1943.52
20200823,1947.1,2015.68,1911.92,1938.02
20200830,1941.74,1976.15,1902.87,1963.49
20200906,1965.48,1992.47,1916.51,1934.81
20200913,1931.64,1966.54,1906.76,1942.445
20200920,1940.06,1973.59,1933.21,1950.94
20200927,1949.69,1955.66,1848.81,1862.66
20201004,1859.49,1917.14,1849.67,1901.81
20201011,1902.67,1929.66,1873.14,1928.47
20201018,1928.66,1933.23,1882.56,1899.34
20201025,1899.86,1931.47,1894.58,1903.55
20201101,1893.52,1911.37,1860.1,1878.38
20201108,1877.11,1960.42,1873.61,1951.76
20201115,1954.4,1965.55,1850.69,1887.84
20201122,1889.82,1899.06,1852.65,1873.16
20201129,1870.13,1876.16,1774.5,1787.215
20201206,1789.6,1848.17,1764.72,1836.52
20201213,1838.86,1875.27,1823.39,1839.5
20201220,1841.46,1896.4,1820.17,1881.27
20201227,1884.24,1906.73,1855.42,1879.82
20210103,1883.2,1901.09,1870.31,1898.705
20210110,1903.49,1959.11,1829.04,1848.61
20210117,1849.22,1863.66,1817.6,1825.57
20210124,1828.23,1875.07,1804.01,1853.87
20210131,1855.1,1875.66,1831.58,1842.81
20210207,1862.7,1871.76,1785.15,1810.95
20210214,1815.29,1855.52,1807.94,1821.29
20210221,1825.55,1827.1,1760.74,1781.43
20210228,1782.17,1815.95,1717.15,1727.48
20210307,1733.82,1759.54,1687.56,1698.33
20210314,1703.55,1739.91,1676.95,1724.54
20210321,1727.89,1755.55,1719.31,1745
20210328,1738.18,1745.52,1721.7,1732.57
20210404,1731.7,1733.2,1677.75,1729.7
20210411,1728.6,1758.71,1721.36,1742.98
20210418,1743,1783.79,1723.8,1775.98
20210425,1777.5,1797.87,1763.77,1776.3
20210502,1776.05,1790,1756.29,1767.94
20210509,1770.46,1843.26,1766.21,1832.13
20210516,1832.78,1845.41,1809.02,1842.74
20210523,1842.4,1890.07,1842.24,1879.9
20210530,1881.99,1912.81,1872.85,1904.85
20210606,1903.54,1916.59,1855.96,1891.53
20210613,1891.66,1903.35,1870.56,1876.63
20210620,1877.82,1877.9,1761.31,1762.06
20210627,1764.69,1794.79,1764.69,1779.39
20210704,1781.11,1795.07,1751.16,1787.97
20210711,1787.48,1818.34,1784.55,1808.33
20210718,1808.02,1833.93,1791.78,1811.01
20210725,1811.35,1824.9,1790.8,1801.45
20210801,1802.36,1832.68,1792.91,1813.91
20210808,1814.2,1831.63,1758.3,1760.33
20210815,1763.53,1779.27,1671.9,1778.57
20210822,1789,1795.36,1770.6,1782.18
20210829,1786.95,1819.16,1776.6,1818.45
20210905,1818.41,1834.1,1801.94,1828.65
20210912,1830.355,1830.355,1782.6,1787.9
20210919,1787.9,1808.77,1745.22,1751.65
20210926,1754.5,1787.3,1738.095,1746.72
20211003,1751.735,1764.29,1721.53,1760.07
20211010,1760.08,1781.37,1746.01,1756.88
20211017,1757.565,1800.47,1750.38,1768.33
20211024,1767.875,1813.74,1760.42,1794.13
20211031,1794.33,1810.36,1772.11,1782.82
20211107,1780.88,1818.34,1758.99,1818.215
20211114,1818.165,1868.5,1812.2,1866.08
20211121,1867.85,1877.09,1843.15,1846.97
20211128,1847.07,1849.13,1778.83,1791.875
20211205,1791.875,1808.71,1762.08,1782.96
20211212,1785.3,1793.08,1770.2,1782.9
20211219,1783.395,1814.27,1754.81,1796.14
20211226,1800.04,1810.7,1784.95,1808.57
20220102,1808.005,1830.35,1789.53,1829.5
20220109,1830.05,1831.82,1782.98,1795.81
20220116,1796,1829.17,1790.49,1816.6
20220123,1817.73,1847.81,1805.88,1831.78
20220130,1834.54,1853.88,1780.33,1788.87
20220206,1790.41,1814.93,1785.62,1808.13
20220213,1807.59,1865.44,1807.12,1861.27
20220220,1861.01,1902.49,1844.935,1897.03
20220227,1901.16,1974.04,1881.06,1890.79
20220306,1889.24,1970.25,1889.24,1967.46
20220313,1970.93,2069.94,1959.04,1982.68
20220320,1980.54,1981.04,1895.48,1921.13
20220327,1920.22,1965.74,1911.29,1958.16
20220403,1959.24,1959.75,1890.42,1922.73
20220410,1925.5,1948.115,1916.055,1944.185
20220417,1947.06,1981.555,1940.115,1973.495
20220424,1974.2,1998.325,1926.845,1932.645
20220501,1932.05,1934.425,1872.355,1896.395
20220508,1896.11,1909.845,1850.495,1880.915
20220515,1882.28,1885.765,1799.215,1809.765
20220522,1811.51,1849.445,1787.395,1844.705
20220529,1846,1869.715,1841.785,1853.495
20220605,1853.1,1873.955,1828.635,1850.775
20220612,1850.81,1875.865,1825.615,1871.945
20220619,1871.53,1878.985,1805.185,1837.115
20220626,1838.33,1847.955,1817.015,1823.795
20220703,1838,1840.985,1784.585,1806.055
20220710,1808.81,1814.355,1732.505,1741.515
20220717,1743.08,1745.425,1697.665,1705.795
20220724,1708.1,1739.125,1681.205,1724.155
20220731,1727.39,1768.005,1711.645,1761.035
20220807,1765.7,1794.965,1754.395,1773.485
20220814,1775.24,1807.785,1771.01,1801.435
20220821,1801.9,1802.47,1745.655,1746.665
20220828,1747.15,1765.525,1728.015,1736.895
20220904,1736.35,1745.385,1688.925,1709.765
20220911,1712.11,1729.435,1691.445,1715.935
20220918,1717.49,1735.125,1654.245,1673.185
20220925,1675.6,1687.935,1640.135,1643.155
20221002,1644.55,1675.185,1614.905,1661.815
20221009,1661.67,1729.345,1659.765,1695.525
20221016,1696.6,1699.955,1640.385,1642.845
20221023,1643.85,1668.395,1617.395,1655.175
20221030,1658.68,1674.935,1638.325,1645.245
20221106,1644.275,1681.695,1616.755,1681.4
20221113,1674.93,1768.185,1664.785,1767.865
20221120,1771.43,1786.395,1747.625,1748.775
20221127,1750.5,1761.145,1728.93,1754.625
20221204,1754.08,1804.515,1739.795,1797.56
20221211,1797.73,1810.03,1765.92,1795.12
20221218,1796.8,1824.48,1774.39,1792.2
20221225,1792.75,1823.84,1783.95,1797.69
20230101,1800.9,1833.31,1797.23,1823.48
20230108,1828.86,1869.84,1824.4,1867.01
20230115,1868.22,1921.96,1865.38,1920.74
20230122,1920.2,1937.47,1896.72,1927.27
20230129,1926.11,1949.16,1911.65,1926.56
20230205,1928.24,1959.71,1861.62,1864.85
20230212,1864.87,1890.16,1852.86,1864.2
20230219,1864.7,1869.95,1818.98,1841.93
20230226,1841.01,1847.58,1809,1810.98
20230305,1811.13,1856.33,1805.1,1855.24
20230312,1854.95,1870.01,1809.6,1869.9
20230319,1884.295,1989.33,1871.6,1989.33
20230326,1977.45,2009.6,1934.45,1977.78
20230402,1977.78,1987.06,1944.35,1970.8
20230409,1969.17,2032.02,1949.94,2007.465
20230416,1994.47,2048.19,1981.8,2005.45
20230423,2004.1,2015.04,1969.38,1982.78
20230430,1983.01,2008.93,1974.26,1989.27
20230507,1989.94,2078.925,1977.18,2018
20230514,2016.72,2048.17,2001.2,2011.06
20230521,2008.5,2022.16,1952.04,1976.33
20230528,1977.89,1985.15,1937.12,1947.59
20230604,1942.915,1983.49,1932.25,1948.75
20230611,1947.05,1972.84,1938.22,1960.04
20230618,1961.28,1970.11,1925.35,1955.66
20230625,1957.56,1958.77,1910.3,1919.15
20230702,1920.73,1933.365,1893.075,1920.185
20230709,1919.93,1935.025,1902.835,1924.845
20230716,1924.88,1963.805,1912.905,1954.535
20230723,1955.325,1987.52,1945.855,1962.5
20230730,1962.075,1982.16,1942.72,1959.135
20230806,1959.055,1972.395,1928.105,1941.515
20230813,1942.985,1946.755,1911.025,1913.705
20230820,1912.965,1916.195,1885.18,1889.48
20230827,1889.475,1923.375,1884.89,1914.355
20230903,1915.74,1952.925,1912.965,1940.585
20230910,1939.66,1946.355,1915.355,1919.255
20230917,1918.885,1930.595,1901.115,1922.505
20230924,1924.15,1947.465,1914.005,1925.415
20231001,1925.025,1927.185,1846.39,1848.49
20231008,1848.09,1848.99,1810.565,1829.385
20231015,1846.34,1930.81,1844.255,1928.23
20231022,1929.33,1997.13,1908.395,1979.84
20231029,1973.72,2009.41,1953.72,2007.33
20231105,2001.48,2007.82,1970.05,1992.57
20231112,1992.57,1993.18,1933.365,1936.025
20231119,1938.78,1993.37,1921.12,1980.79
20231126,1978.57,2007.49,1965.61,2002.445
20231203,2002,2075.325,2000.68,2070.895
20231210,2074.01,2144.83,1994.85,2002.82
20231217,2003.76,2047.97,1973.14,2018.145
20231224,2019.95,2070.585,2016.06,2053.335
20231231,2053.855,2088.505,2053.19,2063.235
20240107,2063.76,2078.915,2024.875,2043.805
20240114,2045.37,2062.09,2013.4,2047.59
20240121,2048.62,2058.635,2001.95,2028.52
20240128,2029.99,2037.81,2010.6,2018.66
20240204,2023.9,2065.375,2019.45,2036.135
20240211,2039.8,2044.575,2015.005,2025.175
20240218,2023.51,2032.79,1984.39,2012.03
20240225,2015.2,2041.35,2012.03,2036.63
20240303,2034.5,2088.365,2024.59,2083.595
20240310,2082.21,2195.135,2079.535,2177.405
20240317,2177.355,2188.855,2150.715,2156.065
20240324,2155.06,2221.765,2146.15,2165.225
20240331,2166.405,2234.525,2163.755,2233.99
20240407,2239.27,2330.215,2228.63,2323.585
20240414,2324.4,2431.44,2303.045,2343.14
20240421,2363.95,2417.64,2324.655,2387.69
20240428,2386.75,2388.45,2292.055,2340.085
20240505,2336.49,2346.595,2277.67,2301.52
20240512,2304.565,2378.415,2292.15,2363.435
20240519,2364.4,2419.13,2332.745,2416.5
20240526,2418.63,2450.05,2325.675,2333.825
20240602,2336.24,2364.045,2320.655,2327.825
20240609,2328.15,2387.77,2287.77,2287.92
20240616,2295.27,2341.54,2287.86,2332.64
20240623,2331.53,2368.535,2306.82,2322.415
20240630,2323.485,2339.675,2293.9,2325.185
20240707,2326.39,2392.935,2318.725,2388.865
20240714,2387.285,2424.445,2349.905,2412.76
20240721,2412.66,2483.615,2394.045,2398.595
20240728,2402.11,2432.02,2353.33,2386.385
20240804,2388.1,2477.655,2369.83,2437.455
20240811,2444.65,2458.275,2364.435,2429.08
20240818,2430.17,2508.875,2423.945,2508.135
20240825,2509.14,2531.66,2471.12,2510.94
20240901,2512.18,2528.94,2493.98,2502.54
20240908,2502.97,2529.15,2471.97,2495.95
20240915,2496.73,2586.105,2485.71,2582.845
20240922,2578.7,2625.77,2547.165,2621.17
20240929,2621.09,2685.39,2613.995,2652.05
20241006,2658.825,2672.775,2625.255,2651.64
20241013,2650.61,2661.485,2604.855,2656.195
20241020,2653.36,2721.3,2638.435,2719.83
20241027,2720.52,2758.345,2709.015,2742.535
20241103,2734.665,2790.08,2724.845,2736.515
20241110,2735.4,2749.955,2643.84,2685.17
20241117,2684.775,2686.08,2537.03,2562.33
20241124,2565.915,2711.44,2564.465,2705.95
20241201,2714.3,2721.32,2605.355,2650.455
20241208,2652.75,2657.155,2614.025,2631.985
20241215,2645.48,2726.035,2627.745,2647.72
20241222,2650,2664.415,2583.64,2623.09
20241229,2620.87,2639.145,2608.265,2615.555
20250105,2620.05,2665.35,2596.185,2638.26
20250112,2640.63,2697.89,2615.265,2690.62
20250119,2690.6,2724.74,2656.92,2700.865
20250126,2703.33,2785.745,2689.54,2771.105
20250202,2770.8,2817.17,2730.62,2801.28
20250209,2801.65,2886.825,2772.47,2860.655
20250216,2858.98,2942.66,2855.025,2885.16
20250223,2884.98,2954.88,2878.915,2934.92
20250302,2934.13,2956.18,2832.885,2854.945
20250309,2855.6,2930.25,2855.6,2909.36
20250316,2911.96,3004.945,2880.33,2985.045
20250323,2989.135,3057.34,2982.325,3023.84
20250330,3025.68,3086.81,3002.61,3085.25
20250406,3088.82,3167.59,3015.985,3036.385
20250413,3015.76,3245.45,2956.88,3230.98
20250420,3228.38,3357.635,3193.835,3327.365
20250427,3332.605,3499.955,3261.15,3304.985
20250504,3325.35,3352.995,3202.78,3233.67
20250511,3241.03,3437.935,3237.935,3328.945
20250518,3271.86,3311.24,3121.19,3192.46
20250525,3210.48,3365.91,3204.685,3360.91
20250601,3355.43,3356.62,3245.72,3294.895
20250608,3299.42,3402.79,3299.42,3312.435
20250615,3311.845,3446.72,3293.875,3432.53
20250622,3452.005,3454.04,3340.535,3365.465
20250629,3396.525,3396.525,3256.535,3271.135
20250706,3277.21,3365.825,3248.61,3337.345
20250713,3336.21,3359.905,3282.965,3356.445
20250720,3363.19,3376.785,3310.035,3348.295
20250727,3349.57,3439.025,3325.555,3337.535
20250803,3316.95,3361.275,3268.415,3357.095
20250810,3366.445,3407.33,3345.125,3398.505
20250817,3399.265,3404.625,3330.025,3339.135
20250824,3337.09,3378.665,3311.625,3373.235
20250831,3371.3,3453.725,3351.395,3452.355
20250907,3448.08,3599.985,3437.155,3594.685
20250914,3584.655,3673.825,3580.235,3644.185
20250921,3645.14,3707.235,3626.815,3684.445
20250928,3687.4,3790.985,3683.815,3766.715
20251005,3757.415,3896.575,3757.05,3885.925
20251012,3888.295,4059.075,3884.405,4010.675
20251019,3994.32,4379.535,3994.32,4225.385
20251026,4252.07,4381.205,4004.585,4103.945
20251102,4083.415,4097.425,3886.915,4002.775
20251109,3985.07,4030.165,3928.855,4004.175
20251116,3999.93,4245.025,3999.93,4087.065
20251123,4083.23,4132.725,3998.565,4068.485
20251130,4069.38,4252.05,4040.245,4252.05
20251207,4230.11,4264.41,4164.79,4202.205
20251214,4196.86,4353.04,4170.29,4299.9
20251221,4296.86,4374.65,4272.635,4339.645
20251228,4339.39,4549.815,4338.3,4531.58
20260104,4543.99,4549.305,4274.63,4331.505
20260111,4353.42,4516.745,4346.21,4508.015
20260118,4525.39,4643.075,4508.015,4582.265
20260125,4634.7,4989.89,4582.265,4981.83
20260201,5008.61,5595.435,4689.945,4847.87
20260208,4786.18,5091.82,4404.97,4952.97
20260215,4989.84,5118.05,4878.83,5032.915
20260222,5035.365,5097.795,4847.865,5097.435
20260301,5109.8,5265.135,5095.085,5263.825
20260308,5312.56,5418.765,4997.975,5153.265
